# Blender 5.2.2 LTS
# www.blender.org
o ClickyChick
v -1.380702 3.021369 -0.272378
v -1.402020 3.076113 -0.221955
v -1.431125 3.076113 -0.293697
v -1.402020 5.881532 -0.221955
v -1.380702 5.936276 -0.272378
v -1.431125 5.881532 -0.293697
v -0.288220 3.021369 -2.856340
v -0.338643 3.076113 -2.877659
v -0.266901 3.076113 -2.906764
v -0.288220 5.936276 -2.856340
v -0.266901 5.881532 -2.906764
v -0.338643 5.881532 -2.877659
v 1.203260 3.021369 0.820103
v 1.253683 3.076113 0.841422
v 1.181942 3.076113 0.870526
v 1.203260 5.936276 0.820103
v 1.181942 5.881532 0.870526
v 1.253683 5.881532 0.841422
v 2.295742 3.021369 -1.763859
v 2.317060 3.076113 -1.814282
v 2.346165 3.076113 -1.742540
v 2.295742 5.936276 -1.763859
v 2.346165 5.881532 -1.742540
v 2.317060 5.881532 -1.814282
v 1.324930 3.162297 0.818523
v 1.311216 3.140734 0.795587
v 1.304866 3.162297 0.798163
v 1.324930 3.429960 0.818523
v 1.339474 3.467308 0.784123
v 1.311216 3.451523 0.795587
v 1.315150 3.456368 0.773839
v 1.304866 3.429959 0.798163
v 1.432243 3.140734 0.509332
v 1.453991 3.135888 0.513265
v 1.443707 3.467308 0.537590
v 1.432243 3.451523 0.509332
v 1.429667 3.429959 0.502981
v 1.419382 3.456368 0.527306
v 1.411138 3.140734 0.837833
v 1.389390 3.135888 0.833900
v 1.411138 3.451523 0.837833
v 1.532165 3.140734 0.551578
v 1.528232 3.135888 0.573326
v 1.532165 3.451523 0.551578
v 1.339474 4.307644 0.784123
v 1.324930 4.344992 0.818523
v 1.311216 4.323428 0.795587
v 1.304866 4.344992 0.798163
v 1.315150 4.318583 0.773839
v 1.324930 4.612654 0.818523
v 1.339474 4.650002 0.784123
v 1.311216 4.634217 0.795587
v 1.315150 4.639063 0.773839
v 1.304866 4.612654 0.798163
v 1.443707 4.307644 0.537590
v 1.458251 4.344992 0.503190
v 1.419382 4.318583 0.527306
v 1.432243 4.323428 0.509332
v 1.429667 4.344992 0.502981
v 1.443707 4.650002 0.537590
v 1.458251 4.612654 0.503190
v 1.432243 4.634217 0.509332
v 1.429667 4.612654 0.502981
v 1.419382 4.639063 0.527306
v 1.411138 4.323428 0.837833
v 1.411138 4.634217 0.837833
v 1.532165 4.323428 0.551578
v 1.532165 4.634217 0.551578
v 1.339474 5.490337 0.784123
v 1.324930 5.527685 0.818523
v 1.311216 5.506124 0.795587
v 1.304866 5.527686 0.798163
v 1.315150 5.501277 0.773839
v 1.324930 5.795348 0.818523
v 1.339474 5.832696 0.784123
v 1.311216 5.816911 0.795587
v 1.315150 5.821756 0.773839
v 1.304866 5.795348 0.798163
v 1.443707 5.490337 0.537590
v 1.458251 5.527685 0.503190
v 1.419382 5.501277 0.527306
v 1.432243 5.506124 0.509332
v 1.429667 5.527686 0.502981
v 1.443707 5.832696 0.537590
v 1.458251 5.795348 0.503190
v 1.432243 5.816911 0.509332
v 1.429667 5.795348 0.502981
v 1.419382 5.821756 0.527306
v 1.411138 5.506124 0.837833
v 1.411138 5.816911 0.837833
v 1.532165 5.506124 0.551578
v 1.532165 5.816911 0.551578
v 1.800037 3.124949 -0.305210
v 1.785493 3.162297 -0.270810
v 1.771779 3.140734 -0.293746
v 1.765428 3.162297 -0.291170
v 1.775713 3.135888 -0.315494
v 1.785493 3.429960 -0.270810
v 1.771779 3.451523 -0.293746
v 1.765428 3.429959 -0.291170
v 1.904270 3.124949 -0.551744
v 1.918814 3.162297 -0.586144
v 1.879945 3.135888 -0.562028
v 1.892806 3.140734 -0.580002
v 1.890229 3.162297 -0.586352
v 1.918814 3.429960 -0.586144
v 1.892806 3.451523 -0.580002
v 1.890229 3.429959 -0.586352
v 1.871701 3.140734 -0.251500
v 1.871701 3.451523 -0.251500
v 1.884562 3.456368 -0.269474
v 1.992728 3.140734 -0.537755
v 1.992727 3.451523 -0.537755
v 1.974754 3.456368 -0.550616
v 1.800037 4.307644 -0.305210
v 1.785493 4.344992 -0.270810
v 1.771779 4.323428 -0.293746
v 1.765428 4.344992 -0.291170
v 1.775713 4.318583 -0.315494
v 1.785493 4.612654 -0.270810
v 1.800037 4.650002 -0.305210
v 1.771779 4.634217 -0.293746
v 1.775713 4.639063 -0.315494
v 1.765428 4.612654 -0.291170
v 1.904270 4.307644 -0.551744
v 1.918814 4.344992 -0.586144
v 1.879945 4.318583 -0.562028
v 1.892806 4.323428 -0.580002
v 1.890229 4.344992 -0.586352
v 1.904270 4.650002 -0.551744
v 1.918814 4.612654 -0.586144
v 1.892806 4.634217 -0.580002
v 1.890229 4.612654 -0.586352
v 1.879945 4.639063 -0.562028
v 1.871701 4.323428 -0.251500
v 1.871701 4.634217 -0.251500
v 1.992728 4.323428 -0.537755
v 1.992727 4.634217 -0.537755
v 1.785493 5.527685 -0.270810
v 1.771779 5.506124 -0.293746
v 1.765428 5.527686 -0.291170
v 1.785493 5.795348 -0.270810
v 1.800037 5.832696 -0.305210
v 1.771779 5.816911 -0.293746
v 1.775713 5.821756 -0.315494
v 1.765428 5.795348 -0.291170
v 1.918814 5.527685 -0.586144
v 1.892806 5.506124 -0.580002
v 1.890229 5.527686 -0.586352
v 1.904270 5.832696 -0.551744
v 1.918814 5.795348 -0.586144
v 1.892806 5.816911 -0.580002
v 1.890229 5.795348 -0.586352
v 1.879945 5.821756 -0.562028
v 1.884562 5.501277 -0.269474
v 1.871701 5.506124 -0.251500
v 1.871701 5.816911 -0.251500
v 1.974754 5.501277 -0.550616
v 1.992728 5.506124 -0.537755
v 1.992727 5.816911 -0.537755
v 2.260600 3.124949 -1.394544
v 2.246056 3.162297 -1.360144
v 2.232342 3.140734 -1.383080
v 2.225991 3.162297 -1.380503
v 2.236275 3.135888 -1.404828
v 2.246056 3.429960 -1.360144
v 2.232342 3.451523 -1.383080
v 2.225991 3.429959 -1.380503
v 2.364832 3.124949 -1.641077
v 2.379376 3.162297 -1.675477
v 2.340508 3.135888 -1.651361
v 2.353369 3.140734 -1.669335
v 2.350792 3.162297 -1.675686
v 2.379376 3.429960 -1.675477
v 2.353369 3.451523 -1.669335
v 2.350792 3.429959 -1.675686
v 2.332263 3.140734 -1.340834
v 2.332264 3.451523 -1.340834
v 2.345124 3.456368 -1.358807
v 2.453290 3.140734 -1.627088
v 2.453290 3.451523 -1.627089
v 2.435317 3.456368 -1.639949
v 2.246056 4.344992 -1.360144
v 2.232342 4.323428 -1.383080
v 2.225991 4.344992 -1.380503
v 2.246056 4.612654 -1.360144
v 2.232342 4.634217 -1.383080
v 2.225991 4.612654 -1.380503
v 2.379376 4.344992 -1.675477
v 2.353369 4.323428 -1.669335
v 2.350792 4.344992 -1.675686
v 2.379376 4.612654 -1.675477
v 2.353369 4.634217 -1.669335
v 2.350792 4.612654 -1.675686
v 2.332263 4.323428 -1.340834
v 2.310515 4.318583 -1.344767
v 2.332264 4.634217 -1.340834
v 2.345124 4.639063 -1.358807
v 2.453290 4.323428 -1.627088
v 2.449357 4.318583 -1.605341
v 2.453290 4.634217 -1.627089
v 2.435317 4.639063 -1.639949
v 2.246056 5.527685 -1.360144
v 2.232342 5.506124 -1.383080
v 2.225991 5.527686 -1.380503
v 2.246056 5.795348 -1.360144
v 2.232342 5.816911 -1.383080
v 2.225991 5.795348 -1.380503
v 2.379376 5.527685 -1.675477
v 2.353369 5.506124 -1.669335
v 2.350792 5.527686 -1.675686
v 2.379376 5.795348 -1.675477
v 2.353369 5.816911 -1.669335
v 2.350792 5.795348 -1.675686
v 2.345124 5.501277 -1.358807
v 2.332263 5.506124 -1.340834
v 2.332264 5.816911 -1.340834
v 2.345124 5.821756 -1.358807
v 2.435317 5.501277 -1.639949
v 2.453290 5.506124 -1.627088
v 2.453290 5.816911 -1.627089
v 2.435317 5.821756 -1.639949
v -1.524537 3.162297 -0.386212
v -1.538251 3.140734 -0.409148
v -1.544601 3.162297 -0.406572
v -1.524537 3.429960 -0.386212
v -1.509993 3.467308 -0.420612
v -1.538251 3.451523 -0.409148
v -1.534317 3.456368 -0.430896
v -1.544601 3.429959 -0.406572
v -1.417224 3.140734 -0.695403
v -1.405760 3.467308 -0.667145
v -1.417224 3.451523 -0.695403
v -1.430085 3.456368 -0.677430
v -1.438329 3.140734 -0.366902
v -1.460077 3.135888 -0.370835
v -1.438329 3.451523 -0.366902
v -1.317302 3.140734 -0.653157
v -1.310951 3.162297 -0.655733
v -1.321236 3.135888 -0.631409
v -1.317302 3.451523 -0.653157
v -1.335276 3.456368 -0.666018
v -1.524537 4.344992 -0.386212
v -1.538251 4.323428 -0.409148
v -1.544601 4.344992 -0.406572
v -1.524537 4.612654 -0.386212
v -1.509993 4.650002 -0.420612
v -1.538251 4.634217 -0.409148
v -1.534317 4.639063 -0.430896
v -1.544601 4.612654 -0.406572
v -1.417224 4.323428 -0.695403
v -1.405760 4.650002 -0.667145
v -1.417224 4.634217 -0.695403
v -1.430085 4.639063 -0.677430
v -1.438329 4.323428 -0.366902
v -1.460077 4.318583 -0.370835
v -1.438329 4.634217 -0.366902
v -1.317302 4.323428 -0.653157
v -1.310951 4.344992 -0.655733
v -1.321236 4.318583 -0.631409
v -1.317302 4.634217 -0.653157
v -1.335276 4.639063 -0.666018
v -1.524537 5.527685 -0.386212
v -1.538251 5.506124 -0.409148
v -1.544601 5.527686 -0.406572
v -1.524537 5.795348 -0.386212
v -1.509993 5.832696 -0.420612
v -1.538251 5.816911 -0.409148
v -1.534317 5.821756 -0.430896
v -1.544601 5.795348 -0.406572
v -1.417224 5.506124 -0.695403
v -1.395476 5.501277 -0.691470
v -1.405760 5.832696 -0.667145
v -1.417224 5.816911 -0.695403
v -1.419800 5.795348 -0.701754
v -1.430085 5.821756 -0.677430
v -1.438329 5.506124 -0.366902
v -1.460077 5.501277 -0.370835
v -1.438329 5.816911 -0.366902
v -1.317302 5.506124 -0.653157
v -1.321236 5.501277 -0.631409
v -1.317302 5.816911 -0.653157
v -1.063974 3.162297 -1.475546
v -1.077688 3.140734 -1.498482
v -1.084039 3.162297 -1.495905
v -1.073754 3.135888 -1.520230
v -1.063974 3.429960 -1.475546
v -1.059714 3.456368 -1.485621
v -1.077688 3.451523 -1.498482
v -1.084039 3.429959 -1.495905
v -0.956661 3.140734 -1.784737
v -0.934913 3.135888 -1.780803
v -0.956661 3.451523 -1.784737
v -0.969522 3.456368 -1.766763
v -0.977766 3.140734 -1.456235
v -0.977766 3.451523 -1.456235
v -0.856739 3.140734 -1.742491
v -0.850389 3.162297 -1.745067
v -0.856739 3.451523 -1.742491
v -0.874713 3.456368 -1.755351
v -1.063974 4.344992 -1.475546
v -1.077688 4.323428 -1.498482
v -1.084039 4.344992 -1.495905
v -1.073754 4.318583 -1.520230
v -1.063974 4.612654 -1.475546
v -1.049430 4.650002 -1.509946
v -1.077688 4.634217 -1.498482
v -1.073754 4.639063 -1.520230
v -1.084039 4.612654 -1.495905
v -0.956661 4.323428 -1.784737
v -0.934913 4.318583 -1.780803
v -0.945197 4.650002 -1.756479
v -0.956661 4.634217 -1.784737
v -0.969522 4.639063 -1.766763
v -0.977766 4.323428 -1.456235
v -0.977766 4.634217 -1.456235
v -0.856739 4.323428 -1.742491
v -0.850389 4.344992 -1.745067
v -0.856739 4.634217 -1.742491
v -0.874713 4.639063 -1.755351
v -1.063974 5.527685 -1.475546
v -1.077688 5.506124 -1.498482
v -1.084039 5.527686 -1.495905
v -1.063974 5.795348 -1.475546
v -1.077688 5.816911 -1.498482
v -1.084039 5.795348 -1.495905
v -0.956661 5.506124 -1.784737
v -0.956661 5.816911 -1.784737
v -0.977766 5.506124 -1.456235
v -0.999514 5.501277 -1.460169
v -0.999514 5.821756 -1.460169
v -0.977766 5.816911 -1.456235
v -0.856739 5.506124 -1.742491
v -0.850389 5.527686 -1.745067
v -0.860673 5.501277 -1.720743
v -0.860673 5.821756 -1.720743
v -0.856739 5.816911 -1.742491
v -0.874713 5.821756 -1.755351
v -0.603411 3.162297 -2.564879
v -0.617125 3.140734 -2.587815
v -0.623476 3.162297 -2.585238
v -0.613192 3.135888 -2.609563
v -0.603411 3.429960 -2.564879
v -0.617125 3.451523 -2.587815
v -0.623476 3.429959 -2.585238
v -0.496098 3.140734 -2.874070
v -0.474350 3.135888 -2.870137
v -0.496098 3.451523 -2.874070
v -0.517203 3.140734 -2.545569
v -0.517203 3.451523 -2.545569
v -0.504343 3.456368 -2.563542
v -0.396177 3.140734 -2.831824
v -0.389826 3.162297 -2.834401
v -0.396177 3.451523 -2.831824
v -0.414150 3.456368 -2.844685
v -0.603411 4.344992 -2.564879
v -0.617125 4.323428 -2.587815
v -0.623476 4.344992 -2.585238
v -0.613192 4.318583 -2.609563
v -0.603411 4.612654 -2.564879
v -0.588867 4.650002 -2.599279
v -0.617125 4.634217 -2.587815
v -0.613192 4.639063 -2.609563
v -0.623476 4.612654 -2.585238
v -0.496098 4.323428 -2.874070
v -0.474350 4.318583 -2.870137
v -0.484635 4.650002 -2.845812
v -0.496098 4.634217 -2.874070
v -0.508959 4.639063 -2.856096
v -0.517203 4.323428 -2.545569
v -0.517203 4.634217 -2.545569
v -0.396177 4.323428 -2.831824
v -0.389826 4.344992 -2.834401
v -0.396177 4.634217 -2.831824
v -0.414150 4.639063 -2.844685
v -0.599151 5.501277 -2.574955
v -0.617125 5.506124 -2.587815
v -0.617125 5.816911 -2.587815
v -0.623476 5.795348 -2.585238
v -0.508959 5.501277 -2.856096
v -0.496098 5.506124 -2.874070
v -0.474350 5.501277 -2.870137
v -0.496098 5.816911 -2.874070
v -0.498675 5.795348 -2.880421
v -0.517203 5.506124 -2.545569
v -0.517203 5.816911 -2.545569
v -0.504343 5.821756 -2.563542
v -0.396177 5.506124 -2.831824
v -0.396177 5.816911 -2.831824
v -0.414150 5.821756 -2.844685
v -0.193696 3.140734 -2.913968
v -0.193696 3.451523 -2.913968
v -0.139987 3.124949 -2.985631
v -0.174387 3.162297 -3.000175
v -0.151450 3.140734 -3.013889
v -0.154027 3.162297 -3.020240
v -0.129702 3.135888 -3.009956
v -0.139987 3.467308 -2.985631
v -0.174387 3.429960 -3.000175
v -0.129702 3.456368 -3.009956
v -0.151450 3.451523 -3.013889
v -0.154027 3.429959 -3.020240
v 0.092559 3.140734 -2.792941
v 0.092559 3.451523 -2.792941
v 0.106547 3.124949 -2.881398
v 0.140947 3.162297 -2.866854
v 0.116831 3.135888 -2.905723
v 0.134805 3.140734 -2.892862
v 0.141156 3.162297 -2.895439
v 0.106547 3.467308 -2.881398
v 0.140947 3.429960 -2.866854
v 0.134805 3.451523 -2.892862
v 0.141156 3.429959 -2.895439
v 0.116831 3.456368 -2.905723
v -0.193696 4.323428 -2.913968
v -0.193696 4.634217 -2.913968
v -0.139987 4.307644 -2.985631
v -0.174387 4.344992 -3.000175
v -0.151450 4.323428 -3.013889
v -0.154027 4.344992 -3.020240
v -0.129702 4.318583 -3.009956
v -0.139987 4.650002 -2.985631
v -0.174387 4.612654 -3.000175
v -0.129702 4.639063 -3.009956
v -0.151450 4.634217 -3.013889
v -0.154027 4.612654 -3.020240
v 0.092559 4.323428 -2.792941
v 0.092559 4.634217 -2.792941
v 0.106547 4.307644 -2.881398
v 0.140947 4.344992 -2.866854
v 0.116831 4.318583 -2.905723
v 0.134805 4.323428 -2.892862
v 0.141156 4.344992 -2.895439
v 0.106547 4.650002 -2.881398
v 0.140947 4.612654 -2.866854
v 0.134805 4.634217 -2.892862
v 0.141156 4.612654 -2.895439
v 0.116831 4.639063 -2.905723
v -0.193696 5.506124 -2.913968
v -0.193696 5.816911 -2.913968
v -0.139987 5.490337 -2.985631
v -0.174387 5.527685 -3.000175
v -0.151450 5.506124 -3.013889
v -0.154027 5.527686 -3.020240
v -0.129702 5.501277 -3.009956
v -0.139987 5.832696 -2.985631
v -0.174387 5.795348 -3.000175
v -0.129702 5.821756 -3.009956
v -0.151450 5.816911 -3.013889
v -0.154027 5.795348 -3.020240
v 0.092559 5.506124 -2.792941
v 0.092559 5.816911 -2.792941
v 0.106547 5.490337 -2.881398
v 0.140947 5.527685 -2.866854
v 0.116831 5.501277 -2.905723
v 0.134805 5.506124 -2.892862
v 0.141156 5.527686 -2.895439
v 0.106547 5.832696 -2.881398
v 0.140947 5.795348 -2.866854
v 0.134805 5.816911 -2.892862
v 0.141156 5.795348 -2.895439
v 0.116831 5.821756 -2.905723
v 0.895637 3.140734 -2.453404
v 0.895637 3.451523 -2.453404
v 0.949347 3.124949 -2.525068
v 0.914947 3.162297 -2.539612
v 0.937883 3.140734 -2.553326
v 0.935307 3.162297 -2.559677
v 0.959631 3.135888 -2.549393
v 0.949347 3.467308 -2.525068
v 0.914947 3.429960 -2.539612
v 0.959631 3.456368 -2.549393
v 0.937883 3.451523 -2.553326
v 0.935307 3.429959 -2.559677
v 1.181892 3.140734 -2.332378
v 1.181892 3.451523 -2.332378
v 1.195880 3.124949 -2.420835
v 1.230280 3.162297 -2.406291
v 1.206165 3.135888 -2.445160
v 1.224138 3.140734 -2.432300
v 1.230489 3.162297 -2.434876
v 1.195880 3.467308 -2.420835
v 1.230280 3.429960 -2.406291
v 1.224138 3.451523 -2.432300
v 1.230489 3.429959 -2.434876
v 1.206165 3.456368 -2.445160
v 0.895637 4.323428 -2.453404
v 0.895637 4.634217 -2.453404
v 0.949347 4.307644 -2.525068
v 0.914947 4.344992 -2.539612
v 0.937883 4.323428 -2.553326
v 0.935307 4.344992 -2.559677
v 0.959631 4.318583 -2.549393
v 0.949347 4.650002 -2.525068
v 0.914947 4.612654 -2.539612
v 0.959631 4.639063 -2.549393
v 0.937883 4.634217 -2.553326
v 0.935307 4.612654 -2.559677
v 1.181892 4.323428 -2.332378
v 1.181892 4.634217 -2.332378
v 1.195880 4.307644 -2.420835
v 1.230280 4.344992 -2.406291
v 1.206165 4.318583 -2.445160
v 1.224138 4.323428 -2.432300
v 1.230489 4.344992 -2.434876
v 1.195880 4.650002 -2.420835
v 1.230280 4.612654 -2.406291
v 1.224138 4.634217 -2.432300
v 1.230489 4.612654 -2.434876
v 1.206165 4.639063 -2.445160
v 0.895637 5.506124 -2.453404
v 0.895637 5.816911 -2.453404
v 0.949347 5.490337 -2.525068
v 0.914947 5.527685 -2.539612
v 0.937883 5.506124 -2.553326
v 0.935307 5.527686 -2.559677
v 0.959631 5.501277 -2.549393
v 0.949347 5.832696 -2.525068
v 0.914947 5.795348 -2.539612
v 0.959631 5.821756 -2.549393
v 0.937883 5.816911 -2.553326
v 0.935307 5.795348 -2.559677
v 1.181892 5.506124 -2.332378
v 1.181892 5.816911 -2.332378
v 1.195880 5.490337 -2.420835
v 1.230280 5.527685 -2.406291
v 1.206165 5.501277 -2.445160
v 1.224138 5.506124 -2.432300
v 1.230489 5.527686 -2.434876
v 1.195880 5.832696 -2.420835
v 1.230280 5.795348 -2.406291
v 1.224138 5.816911 -2.432300
v 1.230489 5.795348 -2.434876
v 1.206165 5.821756 -2.445160
v 1.984970 3.140734 -1.992842
v 1.984970 3.451523 -1.992842
v 2.038680 3.124949 -2.064505
v 2.004280 3.162297 -2.079050
v 2.027216 3.140734 -2.092763
v 2.024640 3.162297 -2.099114
v 2.048965 3.135888 -2.088830
v 2.038680 3.467308 -2.064505
v 2.004280 3.429960 -2.079050
v 2.048965 3.456368 -2.088830
v 2.027216 3.451523 -2.092763
v 2.024640 3.429959 -2.099114
v 2.271225 3.140734 -1.871815
v 2.273802 3.162297 -1.865464
v 2.271225 3.451523 -1.871815
v 2.284086 3.456368 -1.889789
v 2.285214 3.124949 -1.960273
v 2.295498 3.135888 -1.984598
v 2.313472 3.140734 -1.971737
v 2.285214 3.467308 -1.960273
v 2.313472 3.451523 -1.971737
v 2.295498 3.456368 -1.984598
v 1.984970 4.323428 -1.992842
v 1.984970 4.634217 -1.992842
v 2.038680 4.307644 -2.064505
v 2.004280 4.344992 -2.079050
v 2.027216 4.323428 -2.092763
v 2.024640 4.344992 -2.099114
v 2.048965 4.318583 -2.088830
v 2.038680 4.650002 -2.064505
v 2.004280 4.612654 -2.079050
v 2.048965 4.639063 -2.088830
v 2.027216 4.634217 -2.092763
v 2.024640 4.612654 -2.099114
v 2.271225 4.323428 -1.871815
v 2.271225 4.634217 -1.871815
v 2.285214 4.307644 -1.960273
v 2.319614 4.344992 -1.945729
v 2.295498 4.318583 -1.984598
v 2.313472 4.323428 -1.971737
v 2.319823 4.344992 -1.974313
v 2.285214 4.650002 -1.960273
v 2.319614 4.612654 -1.945729
v 2.313472 4.634217 -1.971737
v 2.319823 4.612654 -1.974313
v 2.295498 4.639063 -1.984598
v 1.984970 5.506124 -1.992842
v 1.984970 5.816911 -1.992842
v 2.038680 5.490337 -2.064505
v 2.004280 5.527685 -2.079050
v 2.027216 5.506124 -2.092763
v 2.024640 5.527686 -2.099114
v 2.048965 5.501277 -2.088830
v 2.038680 5.832696 -2.064505
v 2.004280 5.795348 -2.079050
v 2.048965 5.821756 -2.088830
v 2.027216 5.816911 -2.092763
v 2.024640 5.795348 -2.099114
v 2.271225 5.506124 -1.871815
v 2.271225 5.816911 -1.871815
v 2.285214 5.490337 -1.960273
v 2.295498 5.501277 -1.984598
v 2.313472 5.506124 -1.971737
v 2.309538 5.501277 -1.949988
v 2.285214 5.832696 -1.960273
v 2.313472 5.816911 -1.971737
v 2.319823 5.795348 -1.974313
v 2.295498 5.821756 -1.984598
v -1.278044 5.949455 -0.293873
v -1.296017 5.954301 -0.306734
v -1.292084 5.949455 -0.328482
v -1.296017 6.062787 -0.306734
v -1.174991 5.954301 -0.592989
v -1.177567 5.975864 -0.599339
v -1.153242 5.949455 -0.589055
v -1.174991 6.062787 -0.592989
v -0.996902 5.949455 -0.203681
v -1.009762 5.954301 -0.185707
v -1.007186 5.975864 -0.179356
v -1.009762 6.062787 -0.185707
v -0.888735 5.954301 -0.471962
v -0.882385 5.975864 -0.474538
v -0.888735 6.062787 -0.471962
v -0.817481 5.949455 -1.383206
v -0.835454 5.954301 -1.396067
v -0.841805 5.975864 -1.393491
v -0.835454 6.062787 -1.396067
v -0.727288 5.949455 -1.664348
v -0.714428 5.954301 -1.682322
v -0.692680 5.949455 -1.678389
v -0.714428 6.062787 -1.682322
v -0.549199 5.954301 -1.275040
v -0.546623 5.975864 -1.268690
v -0.549199 6.062787 -1.275040
v -0.428173 5.954301 -1.561296
v -0.421822 5.975864 -1.563872
v -0.432106 5.949455 -1.539547
v -0.428173 6.062787 -1.561296
v -0.356918 5.949455 -2.472540
v -0.374892 5.954301 -2.485401
v -0.374892 6.062787 -2.485401
v -0.381242 6.041224 -2.482824
v -0.253865 5.954301 -2.771656
v -0.232117 5.949455 -2.767722
v -0.253865 6.062787 -2.771656
v -0.266726 6.067633 -2.753682
v -0.088637 5.954301 -2.364374
v -0.086060 5.975864 -2.358023
v -0.088637 6.062787 -2.364374
v 0.032390 5.954301 -2.650629
v 0.038741 5.975864 -2.653205
v 0.028457 5.949455 -2.628881
v 0.032390 6.062787 -2.650629
v -0.206684 5.954301 0.153829
v -0.213035 5.975864 0.156406
v -0.206684 6.062787 0.153829
v -0.098518 5.949455 -0.114452
v -0.085657 5.954301 -0.132426
v -0.088234 5.975864 -0.138777
v -0.085657 6.062787 -0.132426
v 0.079571 5.954301 0.274856
v 0.057823 5.949455 0.270922
v 0.079571 6.062787 0.274856
v 0.092432 6.067633 0.256882
v 0.182624 5.949455 -0.024260
v 0.200598 5.954301 -0.011399
v 0.200598 6.062787 -0.011399
v 0.206949 6.041224 -0.013976
v 0.253879 5.954301 -0.935504
v 0.247528 5.975864 -0.932928
v 0.253879 6.062787 -0.935504
v 0.362045 5.949455 -1.203786
v 0.374906 5.954301 -1.221759
v 0.372329 5.975864 -1.228110
v 0.374906 6.062787 -1.221759
v 0.540134 5.954301 -0.814478
v 0.542711 5.975864 -0.808127
v 0.518386 5.949455 -0.818411
v 0.540134 6.062787 -0.814478
v 0.643187 5.949455 -1.113593
v 0.661161 5.954301 -1.100733
v 0.657227 5.949455 -1.078985
v 0.661161 6.062787 -1.100733
v 0.714442 5.954301 -2.024838
v 0.708091 5.975864 -2.022261
v 0.714442 6.062787 -2.024838
v 0.822608 5.949455 -2.293119
v 0.835468 5.954301 -2.311092
v 0.832892 5.975864 -2.317444
v 0.835468 6.062787 -2.311092
v 1.000697 5.954301 -1.903811
v 1.003273 5.975864 -1.897460
v 0.978949 5.949455 -1.907744
v 1.000697 6.062787 -1.903811
v 1.103750 5.949455 -2.202927
v 1.121724 5.954301 -2.190066
v 1.117790 5.949455 -2.168318
v 1.121724 6.062787 -2.190066
v 0.882650 5.954301 0.614392
v 0.876299 5.975864 0.616968
v 0.886583 5.949455 0.592644
v 0.882650 6.062787 0.614392
v 1.003676 5.954301 0.328137
v 1.001100 5.975864 0.321786
v 1.003676 6.062787 0.328137
v 1.181765 5.949455 0.717445
v 1.168905 5.954301 0.735419
v 1.147157 5.949455 0.731485
v 1.168905 6.062787 0.735419
v 1.271958 5.949455 0.436303
v 1.289931 5.954301 0.449164
v 1.296282 5.975864 0.446587
v 1.289931 6.062787 0.449164
v 1.343212 5.954301 -0.474941
v 1.336862 5.975864 -0.472365
v 1.343212 6.062787 -0.474941
v 1.451379 5.949455 -0.743223
v 1.464239 5.954301 -0.761197
v 1.461663 5.975864 -0.767547
v 1.464239 6.062787 -0.761197
v 1.629467 5.954301 -0.353915
v 1.632044 5.975864 -0.347564
v 1.607719 5.949455 -0.357848
v 1.629467 6.062787 -0.353915
v 1.732521 5.949455 -0.653031
v 1.750494 5.954301 -0.640170
v 1.746561 5.949455 -0.618422
v 1.750494 6.062787 -0.640170
v 1.803775 5.954301 -1.564275
v 1.797424 5.975864 -1.561698
v 1.803775 6.062787 -1.564275
v 1.911941 5.949455 -1.832556
v 1.924802 5.954301 -1.850530
v 1.922225 5.975864 -1.856881
v 1.924802 6.062787 -1.850530
v 2.090030 5.954301 -1.443248
v 2.092607 5.975864 -1.436897
v 2.068282 5.949455 -1.447182
v 2.090030 6.062787 -1.443248
v 2.193083 5.949455 -1.742364
v 2.211057 5.954301 -1.729503
v 2.207124 5.949455 -1.707755
v 2.211057 6.062787 -1.729503
v 0.028003 4.369890 -2.855472
v -0.023597 4.425913 -2.877288
v -0.014383 4.393568 -2.838276
v -0.008483 4.386299 -2.870898
v 0.028003 5.085732 -2.855472
v -0.023597 5.029709 -2.877288
v -0.014383 5.062054 -2.838276
v -0.008483 5.069323 -2.870898
v 0.028003 4.369890 -2.855472
v -0.023597 4.425913 -2.877288
v -0.008483 4.386299 -2.870898
v 0.010808 4.393568 -2.897859
v 0.028003 5.085732 -2.855472
v -0.023597 5.029709 -2.877288
v 0.010808 5.062054 -2.897859
v -0.008483 5.069323 -2.870898
v 0.584137 4.369890 -2.620342
v 0.635737 4.425913 -2.598526
v 0.620624 4.386299 -2.604916
v 0.601333 4.393568 -2.577956
v 0.584137 5.085732 -2.620342
v 0.635737 5.029709 -2.598526
v 0.601333 5.062054 -2.577956
v 0.620624 5.069323 -2.604916
v 0.584137 4.369890 -2.620342
v 0.635737 4.425913 -2.598526
v 0.626524 4.393568 -2.637538
v 0.620624 4.386299 -2.604916
v 0.584137 5.085732 -2.620342
v 0.635737 5.029709 -2.598526
v 0.620624 5.069323 -2.604916
v 0.626524 5.062054 -2.637538
v 0.021021 4.436307 -2.812264
v 0.025938 4.430249 -2.839450
v 0.021021 5.019314 -2.812264
v 0.013083 4.992360 -2.809044
v 0.062298 4.430249 -2.925449
v 0.078374 4.436307 -2.947917
v 0.078374 5.019314 -2.947917
v 0.062298 5.025373 -2.925449
v 0.574082 4.430249 -2.607698
v 0.558006 4.436307 -2.585231
v 0.558006 5.019314 -2.585231
v 0.561227 4.992360 -2.577292
v 0.592892 4.430249 -2.736959
v 0.615359 4.436307 -2.720883
v 0.615359 5.019314 -2.720883
v 0.592892 5.025373 -2.736959
v 0.072674 4.794357 -2.814220
v 0.072674 4.972501 -2.814220
v 0.149319 4.794357 -2.995501
v 0.149319 4.972501 -2.995501
v 0.236755 4.794357 -2.744848
v 0.236755 4.972501 -2.744848
v 0.313400 4.794357 -2.926129
v 0.313400 4.972501 -2.926129
v 0.391301 4.547294 -2.691735
v 0.385241 4.562856 -2.677402
v 0.376967 4.562856 -2.697795
v 0.385241 4.618878 -2.677402
v 0.391301 4.634440 -2.691735
v 0.376967 4.618878 -2.697795
v 0.466445 4.547294 -2.869468
v 0.452112 4.562856 -2.875528
v 0.472505 4.562856 -2.883801
v 0.466445 4.634440 -2.869468
v 0.472505 4.618878 -2.883801
v 0.452112 4.618878 -2.875528
v 0.442901 4.547294 -2.669919
v 0.457234 4.562856 -2.663859
v 0.436841 4.562856 -2.655585
v 0.442901 4.634440 -2.669919
v 0.436841 4.618878 -2.655585
v 0.457234 4.618878 -2.663859
v 0.518045 4.547294 -2.847652
v 0.524105 4.562856 -2.861985
v 0.532378 4.562856 -2.841592
v 0.518045 4.634440 -2.847652
v 0.532378 4.618878 -2.841592
v 0.524105 4.618878 -2.861985
v 1.518670 4.369890 -2.225228
v 1.467070 4.425913 -2.247044
v 1.476283 4.393568 -2.208033
v 1.482183 4.386299 -2.240654
v 1.518670 5.085732 -2.225228
v 1.467070 5.029709 -2.247044
v 1.476283 5.062054 -2.208033
v 1.482183 5.069323 -2.240654
v 1.518670 4.369890 -2.225228
v 1.467070 4.425913 -2.247044
v 1.482183 4.386299 -2.240654
v 1.501474 4.393568 -2.267615
v 1.518670 5.085732 -2.225228
v 1.467070 5.029709 -2.247044
v 1.501474 5.062054 -2.267615
v 1.482183 5.069323 -2.240654
v 2.074804 4.369890 -1.990099
v 2.126404 4.425913 -1.968282
v 2.111290 4.386299 -1.974672
v 2.092000 4.393568 -1.947712
v 2.074804 5.085732 -1.990099
v 2.126404 5.029709 -1.968282
v 2.092000 5.062054 -1.947712
v 2.111290 5.069323 -1.974672
v 2.074804 4.369890 -1.990099
v 2.126404 4.425913 -1.968282
v 2.117190 4.393568 -2.007294
v 2.111290 4.386299 -1.974672
v 2.074804 5.085732 -1.990099
v 2.126404 5.029709 -1.968282
v 2.111290 5.069323 -1.974672
v 2.117190 5.062054 -2.007294
v 1.511688 4.436307 -2.182021
v 1.516605 4.430249 -2.209206
v 1.511688 5.019314 -2.182021
v 1.516605 5.025373 -2.209206
v 1.503749 4.992360 -2.178801
v 1.569041 4.436307 -2.317673
v 1.569041 5.019314 -2.317673
v 2.064749 4.430249 -1.977454
v 2.048673 4.436307 -1.954987
v 2.021488 4.430249 -1.959904
v 2.021488 5.025373 -1.959904
v 2.048673 5.019314 -1.954987
v 2.051894 4.992360 -1.947049
v 2.106026 4.436307 -2.090639
v 2.106026 5.019314 -2.090639
v 1.563341 4.794357 -2.183976
v 1.563341 4.972501 -2.183976
v 1.639986 4.794357 -2.365257
v 1.639986 4.972501 -2.365257
v 1.727422 4.794357 -2.114604
v 1.727422 4.972501 -2.114604
v 1.804067 4.794357 -2.295885
v 1.804067 4.972501 -2.295885
v 1.881968 4.547294 -2.061491
v 1.875908 4.562856 -2.047158
v 1.867634 4.562856 -2.067551
v 1.875908 4.618878 -2.047158
v 1.881968 4.634440 -2.061491
v 1.867634 4.618878 -2.067551
v 1.957112 4.547294 -2.239224
v 1.942779 4.562856 -2.245285
v 1.963172 4.562856 -2.253558
v 1.957112 4.634440 -2.239224
v 1.963172 4.618878 -2.253558
v 1.942779 4.618878 -2.245285
v 1.933568 4.547294 -2.039675
v 1.947901 4.562856 -2.033615
v 1.927508 4.562856 -2.025342
v 1.933568 4.634440 -2.039675
v 1.927508 4.618878 -2.025342
v 1.947901 4.618878 -2.033615
v 2.008712 4.547294 -2.217408
v 2.014772 4.562856 -2.231741
v 2.023045 4.562856 -2.211348
v 2.008712 4.634440 -2.217408
v 2.023045 4.618878 -2.211348
v 2.014772 4.618878 -2.231741
v 0.565528 3.814598 -2.368171
v 0.557698 3.834705 -2.349651
v 0.547008 3.834705 -2.376001
v 0.557698 4.375977 -2.349651
v 0.565528 4.396084 -2.368171
v 0.547008 4.375977 -2.376001
v 0.970230 3.814598 -3.325382
v 0.951710 3.834705 -3.333212
v 0.978060 3.834705 -3.343902
v 0.970230 4.396084 -3.325382
v 0.978060 4.375977 -3.343902
v 0.951710 4.375977 -3.333212
v 1.350738 3.814598 -2.036190
v 1.369259 3.834705 -2.028359
v 1.342908 3.834705 -2.017669
v 1.350738 4.396084 -2.036190
v 1.342908 4.375977 -2.017669
v 1.369259 4.375977 -2.028359
v 1.755440 3.814598 -2.993400
v 1.763271 3.834705 -3.011920
v 1.773961 3.834705 -2.985570
v 1.755440 4.396084 -2.993400
v 1.773961 4.375977 -2.985570
v 1.763271 4.375977 -3.011920
v 1.082402 3.882661 -3.147853
v 1.082402 4.203526 -3.147853
v 1.255833 3.882661 -3.558055
v 1.255833 4.203526 -3.558055
v 1.549938 3.882661 -2.950182
v 1.549938 4.203526 -2.950182
v 1.723369 3.882661 -3.360384
v 1.723369 4.203526 -3.360384
v -0.289303 6.104301 -1.166388
v -0.295567 6.120388 -1.151572
v -0.304119 6.120388 -1.172652
v -0.295567 6.740146 -1.151572
v -0.289303 6.756232 -1.166388
v -0.304119 6.740146 -1.172652
v -0.169159 6.104301 -1.450556
v -0.183975 6.120388 -1.456820
v -0.162895 6.120388 -1.465372
v -0.169159 6.756232 -1.450556
v -0.162895 6.740146 -1.465372
v -0.183975 6.740146 -1.456820
v -0.062468 6.104301 -1.070484
v -0.047652 6.120388 -1.064220
v -0.068732 6.120388 -1.055668
v -0.062468 6.756232 -1.070484
v -0.068732 6.740146 -1.055668
v -0.047652 6.740146 -1.064219
v 0.057676 6.104301 -1.354652
v 0.063940 6.120388 -1.369468
v 0.072492 6.120388 -1.348388
v 0.057676 6.756232 -1.354652
v 0.072492 6.740146 -1.348388
v 0.063940 6.740146 -1.369468
v 0.054697 6.057617 -1.020947
v 0.048433 6.073703 -1.006131
v 0.039881 6.073703 -1.027211
v 0.048433 7.004697 -1.006131
v 0.054697 7.020782 -1.020947
v 0.039881 7.004697 -1.027211
v 0.174841 6.057617 -1.305115
v 0.160025 6.073703 -1.311379
v 0.181105 6.073703 -1.319932
v 0.174841 7.020782 -1.305115
v 0.181105 7.004697 -1.319931
v 0.160025 7.004697 -1.311379
v 0.281532 6.057617 -0.925043
v 0.296348 6.073703 -0.918779
v 0.275268 6.073703 -0.910227
v 0.281532 7.020782 -0.925043
v 0.275268 7.004697 -0.910227
v 0.296348 7.004697 -0.918779
v 0.401676 6.057617 -1.209211
v 0.407940 6.073703 -1.224027
v 0.416492 6.073703 -1.202947
v 0.401676 7.020782 -1.209211
v 0.416492 7.004697 -1.202947
v 0.407940 7.004697 -1.224027
v 0.513364 6.038942 -0.827026
v 0.507099 6.055028 -0.812210
v 0.498547 6.055028 -0.833290
v 0.507099 7.110518 -0.812210
v 0.513364 7.126604 -0.827026
v 0.498547 7.110518 -0.833290
v 0.633508 6.038942 -1.111194
v 0.618692 6.055028 -1.117458
v 0.639772 6.055028 -1.126010
v 0.633508 7.126604 -1.111194
v 0.639772 7.110518 -1.126010
v 0.618692 7.110518 -1.117458
v 0.740198 6.038942 -0.731122
v 0.755015 6.055028 -0.724858
v 0.733934 6.055028 -0.716305
v 0.740199 7.126604 -0.731122
v 0.733934 7.110518 -0.716305
v 0.755015 7.110518 -0.724857
v 0.860343 6.038942 -1.015290
v 0.866607 6.055028 -1.030106
v 0.875159 6.055028 -1.009026
v 0.860343 7.126604 -1.015290
v 0.875159 7.110518 -1.009026
v 0.866607 7.110518 -1.030106
v 0.857364 6.076292 -0.681585
v 0.851099 6.092377 -0.666769
v 0.842548 6.092377 -0.687849
v 0.851099 6.898878 -0.666769
v 0.857364 6.914964 -0.681585
v 0.842548 6.898878 -0.687849
v 0.977508 6.076292 -0.965753
v 0.962692 6.092377 -0.972017
v 0.983772 6.092377 -0.980569
v 0.977508 6.914964 -0.965753
v 0.983772 6.898878 -0.980569
v 0.962692 6.898878 -0.972017
v 1.084199 6.076292 -0.585681
v 1.099015 6.092377 -0.579417
v 1.077934 6.092377 -0.570865
v 1.084199 6.914964 -0.585681
v 1.077934 6.898878 -0.570865
v 1.099015 6.898878 -0.579417
v 1.204343 6.076292 -0.869849
v 1.210607 6.092377 -0.884665
v 1.219159 6.092377 -0.863585
v 1.204343 6.914964 -0.869849
v 1.219159 6.898878 -0.863585
v 1.210607 6.898878 -0.884665
v 0.942547 2.948955 -2.497373
v 0.942547 3.518807 -2.497373
v 1.067498 2.948955 -2.792909
v 1.067498 3.518807 -2.792909
v 1.180750 2.948955 -2.396662
v 1.180750 3.518807 -2.396662
v 1.305701 2.948955 -2.692198
v 1.305701 3.518807 -2.692198
v -0.495404 2.449260 -0.037788
v -0.504800 2.473389 -0.015564
v -0.517628 2.473389 -0.047184
v -0.504800 3.371902 -0.015564
v -0.495404 3.396031 -0.037788
v -0.517628 3.371902 -0.047184
v -0.109146 2.449260 -0.951374
v -0.131370 2.473389 -0.960770
v -0.099750 2.473389 -0.973598
v -0.109146 3.396031 -0.951374
v -0.099750 3.371902 -0.973598
v -0.131370 3.371902 -0.960770
v 0.418182 2.449260 0.348470
v 0.440406 2.473389 0.357866
v 0.408786 2.473389 0.370694
v 0.418182 3.396031 0.348470
v 0.408786 3.371902 0.370694
v 0.440406 3.371902 0.357866
v 0.804440 2.449260 -0.565116
v 0.813836 2.473389 -0.587340
v 0.826664 2.473389 -0.555719
v 0.804440 3.396031 -0.565116
v 0.826664 3.371902 -0.555719
v 0.813836 3.371902 -0.587340
v -2.135308 1.153957 2.111856
v -2.156626 1.208701 2.162280
v -2.185731 1.208701 2.090538
v -2.156626 3.391650 2.162280
v -2.135308 3.446394 2.111856
v -2.185731 3.391650 2.090538
v -0.921625 1.153957 -0.758773
v -0.972049 1.208701 -0.780091
v -0.900307 1.208701 -0.809196
v -0.921625 3.446394 -0.758773
v -0.900307 3.391650 -0.809196
v -0.972049 3.391650 -0.780091
v 0.018654 1.153957 3.022536
v 0.069077 1.208701 3.043855
v -0.002665 1.208701 3.072960
v 0.018654 3.446394 3.022536
v -0.002665 3.391650 3.072960
v 0.069077 3.391650 3.043855
v 1.232336 1.153957 0.151908
v 1.253655 1.208701 0.101485
v 1.282760 1.208701 0.173226
v 1.232336 3.446394 0.151908
v 1.282760 3.391650 0.173226
v 1.253655 3.391650 0.101485
v 0.284498 1.226637 2.608596
v 0.302472 1.511148 2.621457
v 0.284498 1.506302 2.608596
v 0.393405 1.226637 2.351007
v 0.393405 1.506302 2.351007
v 0.380544 1.511148 2.368981
v 0.384420 1.226637 2.650842
v 0.386996 1.248200 2.657193
v 0.362672 1.221791 2.646909
v 0.362672 1.511148 2.646909
v 0.384420 1.506302 2.650842
v 0.493326 1.226637 2.393254
v 0.499677 1.248200 2.390677
v 0.489393 1.221791 2.415002
v 0.493326 1.506302 2.393254
v 0.475353 1.511148 2.380393
v 0.302472 2.155497 2.621457
v 0.284498 2.160343 2.608596
v 0.302472 2.444854 2.621457
v 0.284498 2.440008 2.608596
v 0.278147 2.418445 2.611173
v 0.393405 2.160343 2.351007
v 0.415153 2.155497 2.354941
v 0.393405 2.440008 2.351007
v 0.390828 2.418445 2.344657
v 0.380544 2.444854 2.368981
v 0.384420 2.160343 2.650842
v 0.362672 2.155497 2.646909
v 0.384420 2.440008 2.650842
v 0.493326 2.160343 2.393254
v 0.489393 2.155497 2.415002
v 0.493326 2.440008 2.393254
v 0.284498 3.094049 2.608596
v 0.288432 3.089202 2.586848
v 0.302472 3.378559 2.621457
v 0.284498 3.373713 2.608596
v 0.393405 3.094049 2.351007
v 0.415153 3.089202 2.354941
v 0.393405 3.373713 2.351007
v 0.380544 3.378559 2.368981
v 0.384420 3.094049 2.650842
v 0.362672 3.089202 2.646909
v 0.384420 3.373713 2.650842
v 0.386996 3.352150 2.657193
v 0.475353 3.089202 2.380393
v 0.493326 3.094049 2.393254
v 0.493326 3.373713 2.393254
v 0.499677 3.352150 2.390677
v 0.648100 1.226637 1.748596
v 0.648100 1.506302 1.748596
v 0.757007 1.226637 1.491008
v 0.757007 1.506302 1.491008
v 0.760883 1.221791 1.772869
v 0.748022 1.226637 1.790842
v 0.750599 1.248200 1.797193
v 0.726274 1.511148 1.786909
v 0.748022 1.506302 1.790842
v 0.760883 1.511148 1.772869
v 0.838955 1.221791 1.520393
v 0.856929 1.226637 1.533254
v 0.863280 1.248200 1.530677
v 0.856929 1.506302 1.533254
v 0.838955 1.511148 1.520393
v 0.666074 2.155497 1.761457
v 0.648100 2.160343 1.748596
v 0.648100 2.440008 1.748596
v 0.641750 2.418445 1.751172
v 0.757007 2.160343 1.491008
v 0.757007 2.440008 1.491008
v 0.760883 2.155497 1.772869
v 0.748022 2.160343 1.790842
v 0.748022 2.440008 1.790842
v 0.760883 2.444854 1.772869
v 0.838955 2.155497 1.520393
v 0.856929 2.160343 1.533254
v 0.856929 2.440008 1.533254
v 0.863280 2.418445 1.530677
v 0.838955 2.444854 1.520393
v 0.648100 3.094049 1.748596
v 0.648100 3.373713 1.748596
v 0.757007 3.094049 1.491008
v 0.757007 3.373713 1.491008
v 0.760883 3.089202 1.772869
v 0.748022 3.094049 1.790842
v 0.726274 3.089202 1.786909
v 0.748022 3.373713 1.790842
v 0.750599 3.352150 1.797193
v 0.760883 3.378559 1.772869
v 0.838955 3.089202 1.520393
v 0.856929 3.094049 1.533254
v 0.856929 3.373713 1.533254
v 0.863280 3.352150 1.530677
v 0.838955 3.378559 1.520393
v 1.011703 1.226637 0.888596
v 1.011703 1.506302 0.888596
v 1.120609 1.226637 0.631007
v 1.120609 1.506302 0.631007
v 1.111624 1.226637 0.930842
v 1.114201 1.248200 0.937193
v 1.089876 1.511148 0.926909
v 1.111624 1.506302 0.930842
v 1.220531 1.226637 0.673254
v 1.226882 1.248200 0.670677
v 1.220531 1.506302 0.673254
v 1.202557 1.511148 0.660393
v 1.011703 2.160343 0.888596
v 1.011703 2.440008 0.888596
v 1.120609 2.160343 0.631007
v 1.142357 2.155497 0.634941
v 1.120609 2.440008 0.631007
v 1.118033 2.418445 0.624657
v 1.111624 2.160343 0.930842
v 1.114201 2.181906 0.937193
v 1.089876 2.444854 0.926909
v 1.111624 2.440008 0.930842
v 1.220531 2.160343 0.673254
v 1.220531 2.440008 0.673254
v 1.011703 3.094049 0.888596
v 1.011703 3.373713 0.888596
v 1.120609 3.094049 0.631007
v 1.120609 3.373713 0.631007
v 1.111624 3.094049 0.930842
v 1.089876 3.089202 0.926909
v 1.111624 3.373713 0.930842
v 1.114201 3.352150 0.937193
v 1.202557 3.089202 0.660393
v 1.220531 3.094049 0.673254
v 1.220531 3.373713 0.673254
v 1.226882 3.352150 0.670677
v -2.123502 1.226637 1.590510
v -2.129853 1.248200 1.593086
v -2.105528 1.511148 1.603371
v -2.123502 1.506302 1.590510
v -2.014596 1.226637 1.332921
v -2.017172 1.248200 1.326571
v -1.992847 1.511148 1.336855
v -2.014595 1.506302 1.332922
v -2.027456 1.511148 1.350895
v -2.023580 1.226637 1.632756
v -2.045328 1.221791 1.628823
v -2.023580 1.506302 1.632756
v -1.914674 1.226637 1.375168
v -1.918607 1.221791 1.396916
v -1.914674 1.506302 1.375168
v -2.105528 2.155497 1.603371
v -2.123502 2.160343 1.590510
v -2.105528 2.444854 1.603371
v -2.123502 2.440008 1.590510
v -2.129853 2.418445 1.593086
v -2.027456 2.155497 1.350895
v -2.014596 2.160343 1.332921
v -2.014595 2.440008 1.332922
v -2.027456 2.444854 1.350895
v -2.023580 2.160343 1.632756
v -2.023580 2.440008 1.632756
v -1.932647 2.155497 1.362307
v -1.914674 2.160343 1.375168
v -1.914674 2.440008 1.375168
v -1.908323 2.418445 1.372591
v -2.105528 3.089202 1.603371
v -2.123502 3.094049 1.590510
v -2.119569 3.089202 1.568762
v -2.123502 3.373713 1.590510
v -2.129853 3.352150 1.593086
v -2.014596 3.094049 1.332921
v -1.992847 3.089202 1.336855
v -2.014595 3.373713 1.332922
v -2.017172 3.352150 1.326571
v -2.023580 3.094049 1.632756
v -2.023580 3.373713 1.632756
v -1.914674 3.094049 1.375168
v -1.914674 3.373713 1.375168
v -1.759900 1.226637 0.730510
v -1.766251 1.248200 0.733086
v -1.755967 1.221791 0.708762
v -1.741926 1.511148 0.743370
v -1.759900 1.506302 0.730510
v -1.650993 1.226637 0.472921
v -1.653570 1.248200 0.466570
v -1.629245 1.221791 0.476855
v -1.629245 1.511148 0.476855
v -1.650993 1.506302 0.472921
v -1.659978 1.226637 0.772756
v -1.659978 1.506302 0.772756
v -1.551072 1.226637 0.515168
v -1.551072 1.506302 0.515168
v -1.759900 2.160343 0.730510
v -1.755967 2.155497 0.708762
v -1.759900 2.440008 0.730510
v -1.755967 2.444854 0.708762
v -1.650993 2.160343 0.472921
v -1.629245 2.155497 0.476855
v -1.629245 2.444854 0.476855
v -1.650993 2.440008 0.472921
v -1.659978 2.160343 0.772756
v -1.657402 2.181906 0.779107
v -1.681726 2.444854 0.768823
v -1.659978 2.440008 0.772756
v -1.569045 2.155497 0.502307
v -1.551072 2.160343 0.515168
v -1.551072 2.440008 0.515168
v -1.544721 2.418445 0.512591
v -1.741926 3.089202 0.743370
v -1.759900 3.094049 0.730510
v -1.755967 3.089202 0.708762
v -1.759900 3.373713 0.730510
v -1.766251 3.352150 0.733086
v -1.650993 3.094049 0.472921
v -1.629245 3.089202 0.476855
v -1.650993 3.373713 0.472921
v -1.653570 3.352150 0.466571
v -1.659978 3.094049 0.772756
v -1.659978 3.373713 0.772756
v -1.551072 3.094049 0.515168
v -1.551072 3.373713 0.515168
v -1.396298 1.226637 -0.129490
v -1.402649 1.248200 -0.126914
v -1.378324 1.511148 -0.116630
v -1.396298 1.506302 -0.129490
v -1.287391 1.226637 -0.387079
v -1.289968 1.248200 -0.393430
v -1.265643 1.511148 -0.383145
v -1.287391 1.506302 -0.387079
v -1.296376 1.226637 -0.087244
v -1.296376 1.506302 -0.087244
v -1.187469 1.226637 -0.344832
v -1.187469 1.506302 -0.344832
v -1.378324 2.155497 -0.116630
v -1.396298 2.160343 -0.129490
v -1.396298 2.440008 -0.129490
v -1.402649 2.418445 -0.126914
v -1.287391 2.160343 -0.387079
v -1.265643 2.155497 -0.383145
v -1.287391 2.440008 -0.387079
v -1.289968 2.418445 -0.393430
v -1.296376 2.160343 -0.087244
v -1.296376 2.440008 -0.087244
v -1.187469 2.160343 -0.344832
v -1.187469 2.440008 -0.344832
v -1.378324 3.089202 -0.116630
v -1.396298 3.094049 -0.129490
v -1.396298 3.373713 -0.129490
v -1.402649 3.352150 -0.126914
v -1.287391 3.094049 -0.387079
v -1.265643 3.089202 -0.383145
v -1.287391 3.373713 -0.387079
v -1.289968 3.352150 -0.393430
v -1.296376 3.094049 -0.087244
v -1.296376 3.373713 -0.087244
v -1.187469 3.094049 -0.344832
v -1.187469 3.373713 -0.344832
v -0.800859 1.226637 -0.798546
v -0.800859 1.506302 -0.798546
v -0.771474 1.221791 -0.880494
v -0.758613 1.226637 -0.898468
v -0.736865 1.511148 -0.894535
v -0.758613 1.506302 -0.898468
v -0.761189 1.484739 -0.904819
v -0.543271 1.226637 -0.689640
v -0.540694 1.248200 -0.683289
v -0.543271 1.506302 -0.689640
v -0.530410 1.511148 -0.707613
v -0.518998 1.221791 -0.802422
v -0.501024 1.226637 -0.789561
v -0.504958 1.511148 -0.767813
v -0.501024 1.506302 -0.789561
v -0.800859 2.160343 -0.798546
v -0.807210 2.181906 -0.795970
v -0.800859 2.440008 -0.798546
v -0.796926 2.444854 -0.820294
v -0.771474 2.155497 -0.880494
v -0.758613 2.160343 -0.898468
v -0.736865 2.444854 -0.894535
v -0.758613 2.440008 -0.898468
v -0.543271 2.160343 -0.689640
v -0.543271 2.440008 -0.689640
v -0.518998 2.155497 -0.802422
v -0.501024 2.160343 -0.789561
v -0.494674 2.181906 -0.792138
v -0.504958 2.444854 -0.767813
v -0.501024 2.440008 -0.789561
v -0.800859 3.094049 -0.798546
v -0.796926 3.089202 -0.820294
v -0.800859 3.373713 -0.798546
v -0.807210 3.352150 -0.795970
v -0.771474 3.089202 -0.880494
v -0.758613 3.094049 -0.898468
v -0.758613 3.373713 -0.898468
v -0.530410 3.089202 -0.707613
v -0.543271 3.094049 -0.689640
v -0.543271 3.373713 -0.689640
v -0.540694 3.352150 -0.683289
v -0.518998 3.089202 -0.802422
v -0.501024 3.094049 -0.789561
v -0.501024 3.373713 -0.789561
v 0.059141 1.226637 -0.434944
v 0.052790 1.248200 -0.432368
v 0.059141 1.506302 -0.434944
v 0.063074 1.511148 -0.456692
v 0.088527 1.221791 -0.516892
v 0.101387 1.226637 -0.534866
v 0.101387 1.506302 -0.534866
v 0.316729 1.226637 -0.326038
v 0.319306 1.248200 -0.319687
v 0.294981 1.511148 -0.329971
v 0.316729 1.506302 -0.326038
v 0.329590 1.511148 -0.344011
v 0.341002 1.221791 -0.438820
v 0.358976 1.226637 -0.425959
v 0.358976 1.506302 -0.425959
v 0.059141 2.160343 -0.434944
v 0.063074 2.155497 -0.456692
v 0.059141 2.440008 -0.434944
v 0.063074 2.444854 -0.456692
v 0.052790 2.418445 -0.432368
v 0.101387 2.160343 -0.534866
v 0.101387 2.440008 -0.534866
v 0.329590 2.155497 -0.344011
v 0.316729 2.160343 -0.326038
v 0.294981 2.155497 -0.329971
v 0.294981 2.444854 -0.329971
v 0.316729 2.440008 -0.326038
v 0.319306 2.418445 -0.319687
v 0.358976 2.160343 -0.425959
v 0.358976 2.440008 -0.425959
v 0.059141 3.094049 -0.434944
v 0.063074 3.089202 -0.456692
v 0.059141 3.373713 -0.434944
v 0.063074 3.378559 -0.456692
v 0.052790 3.352150 -0.432368
v 0.101387 3.094049 -0.534866
v 0.101387 3.373713 -0.534866
v 0.329590 3.089202 -0.344011
v 0.316729 3.094049 -0.326038
v 0.294981 3.089202 -0.329971
v 0.294981 3.378559 -0.329971
v 0.316729 3.373713 -0.326038
v 0.319306 3.352150 -0.319687
v 0.358976 3.094049 -0.425959
v 0.358976 3.373713 -0.425959
v 0.937115 1.221791 -0.058481
v 0.919141 1.226637 -0.071342
v 0.912790 1.248200 -0.068766
v 0.919141 1.506302 -0.071342
v 0.923075 1.511148 -0.093090
v 0.961387 1.226637 -0.171264
v 0.983135 1.511148 -0.167330
v 0.961387 1.506302 -0.171264
v 1.189590 1.221791 0.019591
v 1.176730 1.226637 0.037565
v 1.176730 1.506302 0.037565
v 1.218976 1.226637 -0.062357
v 1.225327 1.248200 -0.064933
v 1.215043 1.511148 -0.040609
v 1.218976 1.506302 -0.062357
v 0.937115 2.155497 -0.058481
v 0.919141 2.160343 -0.071342
v 0.923075 2.155497 -0.093090
v 0.919141 2.440008 -0.071342
v 0.912790 2.418445 -0.068766
v 0.961387 2.160343 -0.171264
v 0.983135 2.444854 -0.167330
v 0.961387 2.440008 -0.171264
v 1.189590 2.155497 0.019591
v 1.176730 2.160343 0.037565
v 1.176730 2.440008 0.037565
v 1.179306 2.418445 0.043915
v 1.218976 2.160343 -0.062357
v 1.215043 2.444854 -0.040609
v 1.218976 2.440008 -0.062357
v 0.919141 3.094049 -0.071342
v 0.923075 3.089202 -0.093090
v 0.919141 3.373713 -0.071342
v 0.912790 3.352150 -0.068766
v 0.948527 3.089202 -0.153290
v 0.961387 3.094049 -0.171264
v 0.961387 3.373713 -0.171264
v 1.189590 3.089202 0.019591
v 1.176730 3.094049 0.037565
v 1.176730 3.373713 0.037565
v 1.179306 3.352150 0.043915
v 1.201002 3.089202 -0.075218
v 1.218976 3.094049 -0.062357
v 1.218976 3.373713 -0.062357
v -1.858335 3.459750 1.702620
v -1.854402 3.454904 1.680872
v -1.858335 3.568236 1.702620
v -1.864686 3.546673 1.705197
v -1.749429 3.459750 1.445032
v -1.752005 3.481313 1.438681
v -1.727681 3.573082 1.448965
v -1.749429 3.568236 1.445032
v -1.600747 3.459750 1.811527
v -1.598171 3.481313 1.817878
v -1.622495 3.573082 1.807594
v -1.600747 3.568236 1.811527
v -1.491840 3.459750 1.553939
v -1.495774 3.454904 1.575687
v -1.491840 3.568236 1.553939
v -1.485489 3.546673 1.551362
v -1.476760 3.454904 0.855481
v -1.494733 3.459750 0.842620
v -1.490800 3.454904 0.820873
v -1.494733 3.568236 0.842620
v -1.385827 3.459750 0.585032
v -1.388403 3.481313 0.578681
v -1.364079 3.573082 0.588965
v -1.385827 3.568236 0.585032
v -1.224284 3.454904 0.933554
v -1.237145 3.459750 0.951527
v -1.234568 3.481313 0.957878
v -1.237145 3.568236 0.951527
v -1.128238 3.459750 0.693939
v -1.121887 3.481313 0.691362
v -1.128238 3.568236 0.693939
v -1.121887 3.546673 0.691362
v -1.113157 3.454904 -0.004519
v -1.131131 3.459750 -0.017380
v -1.127198 3.454904 -0.039128
v -1.131131 3.568236 -0.017380
v -1.022225 3.459750 -0.274968
v -1.024801 3.481313 -0.281319
v -1.000476 3.573082 -0.271035
v -1.022224 3.568236 -0.274968
v -0.873543 3.459750 0.091527
v -0.870966 3.481313 0.097878
v -0.873543 3.568236 0.091527
v -0.764636 3.459750 -0.166061
v -0.768569 3.454904 -0.144313
v -0.764636 3.568236 -0.166061
v -0.758285 3.546673 -0.168638
v -0.998335 3.459750 2.066223
v -1.004686 3.481313 2.068799
v -0.998335 3.568236 2.066223
v -0.902289 3.454904 1.826608
v -0.889429 3.459750 1.808634
v -0.892005 3.481313 1.802284
v -0.889429 3.568236 1.808634
v -0.740747 3.459750 2.175129
v -0.738171 3.481313 2.181480
v -0.762495 3.454904 2.171196
v -0.740747 3.568236 2.175129
v -0.649814 3.454904 1.904680
v -0.631840 3.459750 1.917541
v -0.635774 3.454904 1.939289
v -0.631840 3.568236 1.917541
v -0.634733 3.459750 1.206223
v -0.641084 3.481313 1.208799
v -0.630800 3.454904 1.184475
v -0.634733 3.568236 1.206223
v -0.525827 3.459750 0.948634
v -0.528403 3.481313 0.942284
v -0.525827 3.568236 0.948634
v -0.364284 3.454904 1.297156
v -0.377145 3.459750 1.315129
v -0.398893 3.454904 1.311196
v -0.377145 3.568236 1.315129
v -0.286212 3.454904 1.044680
v -0.268238 3.459750 1.057541
v -0.261887 3.481313 1.054964
v -0.268238 3.568236 1.057541
v -0.271131 3.459750 0.346223
v -0.277482 3.481313 0.348799
v -0.271131 3.568236 0.346223
v -0.175085 3.454904 0.106608
v -0.162224 3.459750 0.088634
v -0.164801 3.481313 0.082283
v -0.162224 3.568236 0.088634
v -0.013543 3.459750 0.455129
v -0.010966 3.481313 0.461480
v -0.035291 3.454904 0.451196
v -0.013543 3.568236 0.455129
v 0.077390 3.454904 0.184680
v 0.095364 3.459750 0.197541
v 0.091431 3.454904 0.219289
v 0.095364 3.568236 0.197541
v -0.138335 3.459750 2.429825
v -0.134402 3.454904 2.408077
v -0.138335 3.568236 2.429825
v -0.144686 3.546673 2.432402
v -0.029429 3.459750 2.172236
v -0.032005 3.481313 2.165885
v -0.029429 3.568236 2.172236
v 0.119253 3.459750 2.538732
v 0.121830 3.481313 2.545083
v 0.097505 3.573082 2.534798
v 0.119253 3.568236 2.538732
v 0.210186 3.454904 2.268282
v 0.228160 3.459750 2.281143
v 0.224226 3.454904 2.302891
v 0.228160 3.568236 2.281143
v 0.225267 3.459750 1.569825
v 0.229200 3.454904 1.548077
v 0.225267 3.568236 1.569825
v 0.218916 3.546673 1.572401
v 0.334174 3.459750 1.312237
v 0.331597 3.481313 1.305886
v 0.355922 3.573082 1.316170
v 0.334174 3.568236 1.312237
v 0.482855 3.459750 1.678732
v 0.461107 3.573082 1.674798
v 0.482855 3.568236 1.678732
v 0.495716 3.573082 1.660758
v 0.591762 3.459750 1.421143
v 0.591762 3.568236 1.421143
v 0.598113 3.546673 1.418567
v 0.588869 3.459750 0.709825
v 0.592803 3.454904 0.688077
v 0.588869 3.568236 0.709825
v 0.582518 3.546673 0.712401
v 0.697776 3.459750 0.452236
v 0.695199 3.481313 0.445886
v 0.719524 3.573082 0.456170
v 0.697776 3.568236 0.452236
v 0.846458 3.459750 0.818731
v 0.849034 3.481313 0.825082
v 0.824710 3.573082 0.814798
v 0.846458 3.568236 0.818731
v 0.955364 3.459750 0.561143
v 0.951431 3.454904 0.582891
v 0.955364 3.568236 0.561143
v 0.961715 3.546673 0.558567
v -2.018834 2.004108 0.618178
v -2.029885 2.021905 0.637407
v -2.040682 2.020885 0.611120
v -2.207144 3.013729 0.671733
v -2.203165 3.035496 0.653873
v -2.217942 3.012709 0.645446
v -1.525748 2.134345 -0.598627
v -1.547596 2.151122 -0.605685
v -1.521769 2.156112 -0.616487
v -1.710078 3.165734 -0.562931
v -1.699028 3.147936 -0.582161
v -1.724855 3.142946 -0.571358
v -1.695958 2.057088 0.754688
v -1.681181 2.079875 0.763115
v -1.707008 2.074885 0.773917
v -1.880288 3.088477 0.790383
v -1.884267 3.066710 0.808243
v -1.858440 3.071699 0.797441
v -1.202871 2.187325 -0.462117
v -1.198892 2.209092 -0.479977
v -1.188095 2.210112 -0.453690
v -1.387202 3.218714 -0.426421
v -1.365354 3.201937 -0.419364
v -1.376151 3.200917 -0.445651
v -2.453290 1.984125 0.898997
v -2.453290 2.616225 0.898997
v -2.134418 1.984125 0.144794
v -2.134418 2.616225 0.144794
v -2.215087 1.984125 0.999708
v -2.215087 2.616225 0.999708
v -1.896215 1.984125 0.245505
v -1.896215 2.616225 0.245505
v 0.686129 2.057088 1.761818
v 0.680033 2.074885 1.783142
v 0.669789 2.079875 1.757089
v 0.778907 3.066710 1.934215
v 0.788947 3.088477 1.918918
v 0.768662 3.071699 1.908162
v 1.215474 2.187325 0.560343
v 1.199134 2.210112 0.555614
v 1.225514 2.209092 0.545046
v 1.318292 3.218714 0.717443
v 1.324387 3.200917 0.696119
v 1.298008 3.201937 0.706687
v 1.009006 2.004108 1.898328
v 1.029290 2.020885 1.909083
v 1.002910 2.021905 1.919652
v 1.111824 3.035496 2.055428
v 1.101784 3.013729 2.070725
v 1.128164 3.012709 2.060157
v 1.538352 2.134345 0.696854
v 1.548391 2.156112 0.681556
v 1.558636 2.151122 0.707609
v 1.641169 3.165734 0.853953
v 1.657509 3.142947 0.858682
v 1.647264 3.147937 0.832629
v 0.872043 1.984125 2.304926
v 0.872043 2.616225 2.304926
v 1.190915 1.984125 1.550723
v 1.190915 2.616225 1.550723
v 1.110246 1.984125 2.405636
v 1.110246 2.616225 2.405636
v 1.429118 1.984125 1.651433
v 1.429118 2.616225 1.651433
v -0.848379 0.645813 -0.179587
v -0.848379 1.464655 -0.179587
v -0.699189 0.645813 -0.532457
v -0.699189 1.464655 -0.532457
v -0.495510 0.645813 -0.030396
v -0.495510 1.464655 -0.030396
v -0.346319 0.645813 -0.383266
v -0.346319 1.464655 -0.383266
v -0.705807 0.114083 -0.403675
v -0.705807 0.938186 -0.403675
v -0.590927 0.114083 -0.675391
v -0.590927 0.938186 -0.675391
v -0.434091 0.114083 -0.288796
v -0.434091 0.938186 -0.288796
v -0.319211 0.114083 -0.560511
v -0.319211 0.938186 -0.560511
v -0.840623 0.000000 -0.473668
v -0.840623 0.243056 -0.473668
v -0.492663 0.000000 -1.296671
v -0.492663 0.243056 -1.296671
v -0.289953 0.000000 -0.240849
v -0.289953 0.243056 -0.240849
v 0.058007 0.000000 -1.063852
v 0.058007 0.243056 -1.063852
v -0.523433 0.032826 -1.211528
v -0.535553 0.063950 -1.182861
v -0.552100 0.063950 -1.223648
v -0.535553 0.179107 -1.182861
v -0.523433 0.210230 -1.211528
v -0.552100 0.179107 -1.223648
v -0.386476 0.032826 -1.535462
v -0.415143 0.063950 -1.547582
v -0.374356 0.063950 -1.564128
v -0.386476 0.210230 -1.535462
v -0.374356 0.179107 -1.564128
v -0.415143 0.179107 -1.547582
v -0.417367 0.032826 -1.166684
v -0.388700 0.063950 -1.154564
v -0.429487 0.063950 -1.138017
v -0.417367 0.210230 -1.166684
v -0.429487 0.179107 -1.138017
v -0.388700 0.179107 -1.154564
v -0.280410 0.032826 -1.490617
v -0.268290 0.063950 -1.519284
v -0.251743 0.063950 -1.478497
v -0.280410 0.210230 -1.490617
v -0.251743 0.179107 -1.478497
v -0.268290 0.179107 -1.519284
v -0.305567 0.032826 -1.119416
v -0.317687 0.063950 -1.090749
v -0.334233 0.063950 -1.131536
v -0.317687 0.179107 -1.090749
v -0.305567 0.210230 -1.119416
v -0.334233 0.179107 -1.131536
v -0.168610 0.032826 -1.443349
v -0.197277 0.063950 -1.455469
v -0.156490 0.063950 -1.472016
v -0.168610 0.210230 -1.443349
v -0.156490 0.179107 -1.472016
v -0.197277 0.179107 -1.455469
v -0.199500 0.032826 -1.074571
v -0.170833 0.063950 -1.062451
v -0.211620 0.063950 -1.045905
v -0.199500 0.210230 -1.074571
v -0.211620 0.179107 -1.045905
v -0.170833 0.179107 -1.062451
v -0.062543 0.032826 -1.398505
v -0.050423 0.063950 -1.427171
v -0.033877 0.063950 -1.386385
v -0.062543 0.210230 -1.398505
v -0.033877 0.179107 -1.386385
v -0.050423 0.179107 -1.427171
v -0.087700 0.032826 -1.027303
v -0.099820 0.063950 -0.998636
v -0.116367 0.063950 -1.039423
v -0.099820 0.179107 -0.998636
v -0.087700 0.210230 -1.027303
v -0.116367 0.179107 -1.039423
v 0.049257 0.032826 -1.351236
v 0.020590 0.063950 -1.363356
v 0.061377 0.063950 -1.379903
v 0.049257 0.210230 -1.351236
v 0.061377 0.179107 -1.379903
v 0.020590 0.179107 -1.363356
v 0.018367 0.032826 -0.982459
v 0.047033 0.063950 -0.970339
v 0.006247 0.063950 -0.953792
v 0.018367 0.210230 -0.982459
v 0.006247 0.179107 -0.953792
v 0.047033 0.179107 -0.970339
v 0.155324 0.032826 -1.306392
v 0.167444 0.063950 -1.335059
v 0.183990 0.063950 -1.294272
v 0.155324 0.210230 -1.306392
v 0.183990 0.179107 -1.294272
v 0.167444 0.179107 -1.335059
v 0.412954 0.645813 0.353696
v 0.412954 1.464655 0.353696
v 0.562145 0.645813 0.000826
v 0.562145 1.464655 0.000826
v 0.765823 0.645813 0.502887
v 0.765823 1.464655 0.502887
v 0.915014 0.645813 0.150017
v 0.915014 1.464655 0.150017
v 0.555527 0.114083 0.129608
v 0.555527 0.938186 0.129608
v 0.670407 0.114083 -0.142108
v 0.670407 0.938186 -0.142108
v 0.827243 0.114083 0.244488
v 0.827243 0.938186 0.244488
v 0.942122 0.114083 -0.027228
v 0.942122 0.938186 -0.027228
v 0.420710 0.000000 0.059615
v 0.420710 0.243056 0.059615
v 0.768671 0.000000 -0.763388
v 0.768671 0.243056 -0.763388
v 0.971380 0.000000 0.292434
v 0.971380 0.243056 0.292434
v 1.319340 0.000000 -0.530569
v 1.319340 0.243056 -0.530569
v 0.737900 0.032826 -0.678245
v 0.725780 0.063950 -0.649578
v 0.709233 0.063950 -0.690365
v 0.725780 0.179107 -0.649578
v 0.737900 0.210230 -0.678245
v 0.709233 0.179107 -0.690365
v 0.874857 0.032826 -1.002178
v 0.846190 0.063950 -1.014298
v 0.886977 0.063950 -1.030845
v 0.874857 0.210230 -1.002178
v 0.886977 0.179107 -1.030845
v 0.846190 0.179107 -1.014298
v 0.843967 0.032826 -0.633401
v 0.872633 0.063950 -0.621280
v 0.831847 0.063950 -0.604734
v 0.843967 0.210230 -0.633401
v 0.831847 0.179107 -0.604734
v 0.872633 0.179107 -0.621280
v 0.980924 0.032826 -0.957334
v 0.993044 0.063950 -0.986001
v 1.009590 0.063950 -0.945214
v 0.980924 0.210230 -0.957334
v 1.009590 0.179107 -0.945214
v 0.993044 0.179107 -0.986001
v 0.955767 0.032826 -0.586132
v 0.943647 0.063950 -0.557466
v 0.927100 0.063950 -0.598252
v 0.943647 0.179107 -0.557466
v 0.955767 0.210230 -0.586132
v 0.927100 0.179107 -0.598252
v 1.092724 0.032826 -0.910066
v 1.064057 0.063950 -0.922186
v 1.104844 0.063950 -0.938732
v 1.092724 0.210230 -0.910066
v 1.104844 0.179107 -0.938732
v 1.064057 0.179107 -0.922186
v 1.061834 0.032826 -0.541288
v 1.090500 0.063950 -0.529168
v 1.049713 0.063950 -0.512621
v 1.061834 0.210230 -0.541288
v 1.049713 0.179107 -0.512621
v 1.090500 0.179107 -0.529168
v 1.198790 0.032826 -0.865221
v 1.210910 0.063950 -0.893888
v 1.227457 0.063950 -0.853101
v 1.198790 0.210230 -0.865221
v 1.227457 0.179107 -0.853101
v 1.210910 0.179107 -0.893888
v 1.173634 0.032826 -0.494020
v 1.161514 0.063950 -0.465353
v 1.144967 0.063950 -0.506140
v 1.161514 0.179107 -0.465353
v 1.173634 0.210230 -0.494020
v 1.144967 0.179107 -0.506140
v 1.310590 0.032826 -0.817953
v 1.281924 0.063950 -0.830073
v 1.322711 0.063950 -0.846620
v 1.310590 0.210230 -0.817953
v 1.322711 0.179107 -0.846620
v 1.281924 0.179107 -0.830073
v 1.279700 0.032826 -0.449175
v 1.308367 0.063950 -0.437055
v 1.267580 0.063950 -0.420509
v 1.279700 0.210230 -0.449175
v 1.267580 0.179107 -0.420509
v 1.308367 0.179107 -0.437055
v 1.416657 0.032826 -0.773109
v 1.428777 0.063950 -0.801775
v 1.445324 0.063950 -0.760989
v 1.416657 0.210230 -0.773109
v 1.445324 0.179107 -0.760989
v 1.428777 0.179107 -0.801775
v -2.053323 1.516040 2.590448
v -2.145567 2.684596 2.808628
v -1.883349 1.604519 2.188422
v -1.975594 2.773075 2.406601
v -1.757786 1.516040 2.715399
v -1.850031 2.684596 2.933578
v -1.587813 1.604519 2.313373
v -1.680057 2.773075 2.531552
v -1.588636 1.439782 2.770132
v -1.692921 2.760854 3.016787
v -1.418662 1.528261 2.368105
v -1.522946 2.849334 2.614760
v -1.293100 1.439782 2.895082
v -1.397384 2.760854 3.141737
v -1.123126 1.528261 2.493056
v -1.227410 2.849334 2.739711
v -1.123950 1.363524 2.949815
v -1.240273 2.837112 3.224946
v -0.953976 1.452003 2.547789
v -1.070299 2.925592 2.822919
v -0.828414 1.363524 3.074766
v -0.944737 2.837112 3.349896
v -0.658440 1.452003 2.672739
v -0.774763 2.925592 2.947870
v -0.659263 1.287266 3.129498
v -0.787627 2.913370 3.433105
v -0.489290 1.375746 2.727472
v -0.617652 3.001849 3.031078
v -0.363727 1.287266 3.254448
v -0.492090 2.913370 3.558055
v -0.193754 1.375746 2.852422
v -0.322116 3.001849 3.156029
vn 0.2754 -0.7071 -0.6513
vn 0.2754 0.7071 -0.6513
vn -0.7566 -0.5774 0.3069
vn -0.2754 0.7071 0.6513
vn -0.2754 -0.7071 0.6513
vn -0.6513 0.7071 -0.2754
vn -0.6513 -0.7071 -0.2754
vn -0.3894 -0.0000 0.9211
vn -0.7566 0.5774 0.3069
vn -0.0000 1.0000 -0.0000
vn -0.9266 -0.0000 0.3759
vn 0.9211 -0.0000 0.3894
vn 0.6513 0.7071 0.2754
vn -0.3069 -0.5773 -0.7566
vn 0.3759 -0.0000 0.9266
vn 0.9266 -0.0000 -0.3759
vn -0.3069 0.5773 -0.7566
vn -0.0000 -1.0000 -0.0000
vn 0.3069 -0.5773 0.7566
vn -0.3759 -0.0000 -0.9266
vn 0.3069 0.5774 0.7566
vn -0.9211 -0.0000 -0.3894
vn 0.7566 -0.5773 -0.3069
vn 0.3894 -0.0000 -0.9211
vn 0.7566 0.5774 -0.3069
vn -0.5858 -0.0225 0.8102
vn -0.0469 -0.9989 -0.0074
vn -0.0467 0.9989 -0.0085
vn 0.0469 0.9989 0.0074
vn -0.3973 -0.0000 0.9177
vn 0.8115 -0.0130 0.5842
vn -0.7123 -0.0000 0.7019
vn -0.3525 0.9239 -0.1490
vn 0.8509 -0.0000 0.5254
vn 0.9180 0.0077 0.3965
vn -0.2443 -0.0000 0.9697
vn 0.3463 -0.0103 -0.9381
vn 0.9210 0.0077 0.3894
vn 0.4314 0.0115 -0.9021
vn -0.3525 -0.9239 -0.1490
vn 0.0073 -0.0000 -1.0000
vn 0.1981 -0.9745 0.1055
vn 0.9210 -0.0077 0.3894
vn 0.3872 0.0459 -0.9209
vn -0.8898 -0.2235 -0.3980
vn -0.3980 -0.2235 0.8897
vn 0.2137 -0.9745 0.0686
vn -0.9697 -0.0000 -0.2443
vn 0.1405 0.9883 0.0594
vn 0.8102 -0.0225 0.5858
vn 0.3465 0.0115 -0.9380
vn 0.9210 0.0456 0.3870
vn -0.4308 -0.0077 0.9024
vn -0.9154 -0.0141 -0.4023
vn 0.2137 0.9745 0.0685
vn -0.7122 -0.0000 0.7019
vn -0.2457 -0.0092 0.9693
vn -0.9697 -0.0000 -0.2444
vn 0.3467 -0.0020 -0.9380
vn 0.4022 -0.0000 -0.9156
vn -0.2470 -0.0000 0.9690
vn 0.3953 -0.0000 -0.9186
vn 0.3980 -0.2235 -0.8898
vn -0.0467 -0.9989 -0.0085
vn 0.1357 0.9885 0.0673
vn 0.0380 -0.9989 0.0285
vn 0.9160 -0.0463 0.3985
vn -0.9210 0.0139 -0.3894
vn -0.9154 -0.0000 -0.4026
vn 0.9181 -0.0000 0.3964
vn 0.3819 -0.0454 -0.9231
vn -0.9210 0.0456 -0.3870
vn -0.5854 -0.0201 0.8105
vn -0.9154 0.0076 -0.4024
vn -0.3465 0.0115 0.9380
vn -0.2151 0.9743 -0.0665
vn 0.3985 0.0463 -0.9160
vn -0.3463 0.0103 0.9381
vn -0.9192 0.0456 -0.3911
vn 0.5854 0.0201 -0.8105
vn 0.8898 -0.2235 0.3980
vn -0.0380 -0.9989 -0.0285
vn 0.9021 -0.0115 0.4314
vn 0.0665 -0.9743 -0.2151
vn -0.2444 -0.0000 0.9697
vn -0.2137 -0.9745 -0.0686
vn -0.9062 -0.2240 -0.3587
vn 0.0429 -0.9990 0.0157
vn 0.3587 -0.2240 -0.9062
vn -0.9021 0.0169 -0.4311
vn 0.1736 -0.0201 -0.9846
vn 0.5230 -0.0000 -0.8523
vn 0.9160 0.0463 0.3985
vn -0.9210 -0.0084 -0.3894
vn -0.9210 -0.0086 -0.3894
vn -0.0673 0.9885 0.1357
vn 0.9240 0.0463 0.3795
vn 0.3470 0.0022 -0.9379
vn 0.5858 -0.0225 -0.8102
vn 0.3795 0.0463 -0.9240
vn 0.0285 0.9989 -0.0380
vn -0.9193 0.0459 -0.3909
vn -0.0070 -1.0000 -0.0030
vn -0.9054 0.2235 -0.3610
vn 0.2151 0.9743 0.0665
vn -0.0594 0.9883 0.1405
vn -0.1731 -0.0225 0.9847
vn 0.1980 0.9745 0.1055
vn -0.5858 0.0225 0.8102
vn 0.9210 0.0086 0.3894
vn -0.0429 0.9990 -0.0157
vn 0.0431 0.9989 0.0160
vn 0.4316 0.0103 -0.9020
vn 0.9180 -0.0077 0.3965
vn -0.0469 0.9989 -0.0074
vn 0.0412 0.9990 0.0198
vn 0.9380 0.0115 0.3465
vn -0.9210 0.0076 -0.3894
vn 0.1980 -0.9745 0.1055
vn 0.9379 0.0022 0.3470
vn 0.1731 0.0225 -0.9847
vn 0.9180 -0.0000 0.3965
vn 0.9369 0.0068 0.3495
vn -0.0386 -0.9989 -0.0275
vn -0.0415 -0.9989 -0.0197
vn -0.9847 -0.0225 -0.1731
vn 0.3972 -0.0000 -0.9177
vn -0.1080 0.9743 0.1976
vn -0.0388 -0.9989 -0.0248
vn -0.0665 -0.9743 0.2151
vn -0.3466 0.0115 0.9380
vn -0.8886 -0.2240 -0.4002
vn 0.1080 0.9743 -0.1976
vn -0.4314 -0.0115 0.9021
vn -0.7019 -0.0000 -0.7123
vn 0.1490 -0.9239 -0.3525
vn 0.1490 0.9239 -0.3525
vn 1.0000 -0.0000 0.0073
vn -0.0285 0.9989 0.0380
vn -0.8886 -0.2240 -0.4001
vn -0.0078 1.0000 -0.0033
vn -0.9160 -0.0463 -0.3985
vn -0.3870 -0.0457 0.9210
vn -0.4001 0.2240 0.8886
vn -0.0594 -0.9883 0.1405
vn 0.9380 -0.0115 0.3465
vn 0.1405 -0.9883 0.0594
vn 0.8886 -0.2240 0.4001
vn -0.7019 -0.0000 -0.7122
vn -0.2137 0.9745 -0.0685
vn -0.0673 -0.9885 0.1357
vn -0.3817 -0.1987 0.9027
vn 0.0071 1.0000 0.0030
vn 0.0774 -0.9801 -0.1830
vn -0.1976 -0.9743 -0.1080
vn 0.0412 -0.9990 0.0198
vn 0.0431 -0.9989 0.0160
vn 0.3909 0.0459 -0.9193
vn -0.9210 -0.0139 -0.3894
vn -0.0198 0.9990 0.0412
vn -0.0415 0.9989 -0.0197
vn 0.0070 -1.0000 0.0030
vn -0.9380 0.0115 -0.3465
vn -0.3610 -0.2235 0.9054
vn -0.3872 0.0459 0.9209
vn -0.0071 1.0000 -0.0030
vn -0.9054 -0.2235 -0.3610
vn 0.3980 -0.2235 -0.8897
vn -0.9209 0.0459 -0.3872
vn 0.1731 -0.0225 -0.9847
vn 0.9054 0.2235 0.3610
vn 0.3610 -0.2235 -0.9054
vn -0.3795 0.0463 0.9240
vn -0.9240 0.0463 -0.3795
vn 0.5242 -0.0092 -0.8516
vn -0.9160 0.0463 -0.3985
vn 0.9193 0.0459 0.3909
vn 0.0074 -0.9989 -0.0469
vn -0.1980 -0.9745 -0.1055
vn -0.1731 0.0225 0.9847
vn -0.3466 -0.0115 0.9380
vn 0.3894 0.0086 -0.9210
vn 0.8102 0.0225 0.5858
vn -0.9847 0.0225 -0.1731
vn -0.8102 -0.0225 -0.5858
vn 0.2250 -0.8162 -0.5321
vn -0.2250 0.8162 0.5321
vn 0.5268 -0.0000 0.8500
vn 0.2250 0.8162 -0.5321
vn 0.9768 -0.0000 -0.2142
vn -0.3815 -0.0000 0.9244
vn -0.9768 -0.0000 0.2142
vn 0.0745 -0.9749 -0.2096
vn -0.0105 0.9991 0.0422
vn 0.0230 0.9991 -0.0370
vn -0.0985 0.9749 0.1995
vn -0.9036 0.0047 -0.4283
vn -0.1080 -0.9743 0.1976
vn 0.3894 -0.0086 -0.9210
vn 0.0157 -0.9990 -0.0429
vn -0.7566 -0.5773 0.3069
vn -0.3070 -0.5773 -0.7566
vn 0.3070 -0.5773 0.7566
vn 0.3070 0.5773 0.7566
vn 0.7566 0.5773 -0.3070
vn -0.3759 -0.0000 -0.9267
vn 0.6513 -0.7071 0.2754
vn -0.3995 0.0461 0.9156
vn -0.5268 -0.0000 -0.8500
vn -0.2250 -0.8162 0.5321
vn 0.0033 -1.0000 -0.0078
vn 0.3995 0.0461 -0.9156
vn 0.0745 0.9749 -0.2096
vn -0.3587 -0.2240 0.9062
vn -0.7566 0.5773 0.3069
vn 0.7566 0.5773 -0.3069
vn -0.9267 -0.0000 0.3759
vn 0.3797 0.0359 0.9244
vn -0.3069 0.5774 -0.7566
vn 0.9277 -0.0359 -0.3717
vn 0.2144 -0.6259 -0.7499
vn 0.7566 -0.5774 -0.3070
vn 0.7566 0.5774 -0.3070
vn 0.9156 0.0461 0.3995
vn -0.0774 0.9801 0.1830
vn 0.3603 -0.1755 0.9162
vn -0.7133 -0.5900 -0.3782
vn 0.7133 0.5900 0.3782
vn -0.3070 0.5773 -0.7566
vn 0.4012 0.0987 -0.9106
vn -0.7683 0.5900 -0.2482
vn -0.3886 0.6259 0.6762
vn -0.9082 -0.1755 0.3799
vn -0.4012 -0.0987 0.9106
vn -0.2143 0.6259 0.7499
vn -0.7566 -0.5774 0.3070
vn 0.1399 0.7655 -0.6281
vn -0.3069 -0.5774 -0.7566
vn 0.3069 -0.5774 0.7566
vn -0.5746 0.8013 -0.1663
vn 0.2753 -0.7071 -0.6513
vn -0.2753 -0.7071 0.6513
vn -0.6513 -0.7071 -0.2753
vn -0.0981 -0.9838 -0.1499
vn 0.9107 0.1494 0.3850
vn 0.3070 -0.5774 0.7566
vn -0.3603 0.1755 -0.9162
vn -0.3070 0.5774 -0.7566
vn 0.3531 0.7655 -0.5380
vn 0.7566 -0.5774 -0.3069
vn -0.3797 -0.0359 -0.9244
vn -0.2457 0.0092 0.9693
vn 0.0388 -0.9989 0.0248
vn -0.9107 -0.1494 -0.3850
vn -0.1758 0.9838 0.0340
vn 0.9107 -0.1494 0.3850
vn -0.9107 0.1494 -0.3850
vn 0.9082 0.1755 -0.3799
vn 0.3069 0.5773 0.7566
vn 0.5746 -0.8013 0.1663
vn 0.1758 -0.9838 -0.0340
vn -0.9155 -0.0065 -0.4023
vn 0.5858 0.0225 -0.8102
vn -0.9184 -0.0140 -0.3953
vn -0.3870 0.0457 0.9210
vn 0.1976 -0.9743 0.1080
vn 0.0198 0.9990 -0.0412
vn 0.3470 -0.0022 -0.9379
vn -0.3470 -0.0022 0.9379
vn 0.2151 -0.9743 0.0665
vn 0.5254 -0.0000 -0.8509
vn 0.0386 -0.9989 0.0275
vn -0.0334 0.9988 0.0356
vn -0.9023 0.0022 -0.4311
vn -0.9021 -0.0115 -0.4314
vn -0.9177 -0.0000 -0.3973
vn 0.9177 -0.0000 0.3972
vn -0.3909 0.0459 0.9193
vn 0.3870 -0.0457 -0.9210
vn 0.4314 -0.0115 -0.9021
vn -0.0074 -0.9989 0.0469
vn -0.9244 -0.0000 -0.3815
vn 0.9244 -0.0000 0.3815
vn -0.3472 0.0077 0.9378
vn 0.9020 0.0103 0.4316
vn 0.3465 -0.0115 -0.9380
vn 0.0033 1.0000 -0.0079
vn -0.0106 -0.9989 0.0448
vn -0.2151 -0.9743 -0.0665
vn -0.1981 -0.9745 -0.1055
vn -0.9210 0.0084 -0.3894
vn 0.3468 0.0169 -0.9378
vn -0.9177 -0.0000 -0.3972
vn 0.9177 -0.0000 0.3973
vn -0.9245 0.0461 -0.3784
vn -0.0429 -0.9990 -0.0157
vn 0.9054 -0.2235 0.3610
vn 0.9209 0.0459 0.3872
vn 0.9381 -0.0103 0.3463
vn -0.0033 -1.0000 0.0079
vn 0.9245 0.0461 0.3784
vn -0.1976 0.9743 -0.1080
vn -0.3465 -0.0115 0.9380
vn 0.9023 -0.0022 0.4311
vn -0.3985 0.0463 0.9160
vn 0.0198 -0.9990 -0.0412
vn -0.4314 0.0115 0.9021
vn 0.9171 0.0454 0.3961
vn 0.3816 -0.0000 -0.9243
vn -0.3894 -0.0084 0.9210
vn -0.9845 -0.0130 -0.1751
vn -0.9036 0.0012 -0.4284
vn 0.9847 0.0225 0.1731
vn 0.0429 0.9990 0.0157
vn -0.9023 -0.0022 -0.4311
vn 0.3472 0.0077 -0.9378
vn -0.3870 0.0456 0.9210
vn 0.9378 -0.0169 0.3468
vn -0.3784 0.0461 0.9245
vn 0.0448 0.9989 0.0106
vn -0.3815 0.0085 0.9243
vn 0.3815 -0.0085 -0.9243
vn -0.9021 0.0115 -0.4314
vn -0.0123 -0.9991 0.0411
vn 0.5242 0.0092 -0.8516
vn -0.3894 0.0084 0.9210
vn -0.0985 -0.9750 0.1994
vn -0.4311 0.0022 0.9023
vn 0.4311 -0.0022 -0.9023
vn 0.4001 0.2240 -0.8886
vn -0.3784 -0.0461 0.9245
vn -0.9210 0.0457 -0.3870
vn -0.0033 1.0000 0.0079
vn 0.9062 -0.2240 0.3587
vn -0.4001 -0.2240 0.8886
vn 0.3870 -0.0456 -0.9210
vn 0.0356 -0.9988 0.0334
vn -0.3470 0.0022 0.9379
vn 0.4313 0.0020 -0.9022
vn 0.3911 0.0456 -0.9192
vn -0.0033 -1.0000 0.0078
vn 0.9062 0.2240 0.3587
vn 0.0079 -1.0000 0.0033
vn -0.3870 -0.0456 0.9210
vn 0.8105 0.0201 0.5854
vn -0.9155 -0.0000 -0.4024
vn -0.1399 -0.7655 0.6281
vn 0.5197 0.8013 0.2963
vn -0.6401 -0.7113 0.2905
vn -0.9277 0.0359 0.3717
vn -0.8431 0.4247 0.3298
vn -0.2085 -0.5973 -0.7744
vn -0.4115 0.5387 -0.7351
vn 0.7683 -0.5900 0.2482
vn 0.0981 0.9838 0.1499
vn 0.4115 -0.5387 0.7351
vn -0.3530 -0.7655 0.5380
vn 0.2085 0.5973 0.7744
vn -0.3737 -0.0987 0.9223
vn 0.3737 0.0987 -0.9223
vn 0.8431 -0.4247 -0.3298
vn 0.6401 0.7113 -0.2905
vn -0.5196 -0.8013 -0.2963
vn -0.8141 -0.5387 0.2169
vn -0.7008 0.5973 0.3900
vn 0.3886 -0.6259 -0.6762
vn -0.3508 -0.4248 -0.8346
vn -0.2375 0.7113 -0.6615
vn 0.2375 -0.7113 0.6616
vn 0.3508 0.4248 0.8346
vn 0.7008 -0.5973 -0.3900
vn 0.8141 0.5387 -0.2169
vn 0.3817 0.1987 -0.9027
vn -0.3965 -0.0000 0.9180
vn 0.9846 -0.0201 0.1736
vn 0.0178 -0.9991 -0.0389
vn 0.9210 0.0084 0.3894
vn 0.9156 -0.0461 0.3995
vt 0.131397 0.506397
vt 0.381397 0.256397
vt 0.381397 0.493603
vt 0.368603 0.506397
vt 0.631397 0.506397
vt 0.618603 0.493603
vt 0.618603 0.256397
vt 0.868603 0.506397
vt 0.381397 0.006397
vt 0.131397 0.743603
vt 0.381397 0.993603
vt 0.632596 0.744212
vt 0.867403 0.744212
vt 0.616897 0.992404
vt 0.616897 0.757596
vt 0.132597 0.744212
vt 0.367403 0.744212
vt 0.383103 0.757596
vt 0.383103 0.992403
vt 0.868603 0.743603
vt 0.618603 0.243603
vt 0.618603 0.006397
vt 0.381397 0.243603
vt 0.381397 0.756397
vt 0.618603 0.756397
vt 0.618603 0.993603
vt 0.631397 0.743603
vt 0.368603 0.743603
vt 0.381397 0.506397
vt 0.618603 0.506397
vt 0.618603 0.743603
vt 0.381397 0.743603
vt 0.375000 0.933333
vt 0.595000 1.000000
vt 0.387680 1.000000
vt 0.153177 0.750000
vt 0.125000 0.512679
vt 0.341667 0.466667
vt 0.375000 0.720000
vt 0.379226 0.755166
vt 0.846823 0.500000
vt 0.875000 0.738473
vt 0.630550 0.746158
vt 0.625000 0.722727
vt 0.658334 0.466666
vt 0.630166 0.745773
vt 0.620773 0.494834
vt 0.875000 0.530000
vt 0.808333 0.750000
vt 0.625000 0.987320
vt 0.387679 1.000000
vt 0.379226 0.744834
vt 0.405000 0.750000
vt 0.625000 0.740608
vt 0.606250 0.750000
vt 0.377642 0.743837
vt 0.375000 0.687500
vt 0.402273 0.933333
vt 0.597727 0.933333
vt 0.597727 1.000000
vt 0.402273 1.000000
vt 0.808333 0.722727
vt 0.808333 0.527273
vt 0.875000 0.527273
vt 0.875000 0.722727
vt 0.625000 0.740608
vt 0.378842 0.744450
vt 0.375000 0.509392
vt 0.402273 0.500000
vt 0.402273 0.566667
vt 0.597727 0.566667
vt 0.597727 0.500000
vt 0.621158 0.505550
vt 0.378842 0.755550
vt 0.375000 0.527273
vt 0.369450 0.503842
vt 0.621158 0.494450
vt 0.630550 0.746158
vt 0.378842 0.755550
vt 0.625000 0.971823
vt 0.597727 1.000000
vt 0.402273 1.000000
vt 0.386527 1.000000
vt 0.380763 0.264089
vt 0.619236 0.244237
vt 0.658333 0.466667
vt 0.630550 0.746158
vt 0.378842 0.755550
vt 0.369450 0.503842
vt 0.369834 0.504227
vt 0.375000 0.316667
vt 0.595000 0.250000
vt 0.618660 0.243660
vt 0.191667 0.527273
vt 0.191667 0.722727
vt 0.125000 0.722727
vt 0.125000 0.527273
vt 0.597727 0.316667
vt 0.402273 0.316667
vt 0.402273 0.250000
vt 0.597727 0.250000
vt 0.341667 0.783333
vt 0.369450 0.503842
vt 0.621158 0.494450
vt 0.378842 0.755550
vt 0.610912 0.244237
vt 0.615608 0.500000
vt 0.441666 0.500000
vt 0.375000 0.277273
vt 0.389088 0.255763
vt 0.441666 0.250000
vt 0.375000 0.027273
vt 0.403176 1.000000
vt 0.361364 0.763636
vt 0.441666 1.000000
vt 0.375000 0.722727
vt 0.341667 0.466667
vt 0.369450 0.503842
vt 0.402273 0.250000
vt 0.375000 0.028177
vt 0.613473 0.000000
vt 0.619237 0.235912
vt 0.597727 0.183333
vt 0.402273 0.183333
vt 0.402273 0.250000
vt 0.380763 0.255763
vt 0.875000 0.738473
vt 0.595000 0.750000
vt 0.379227 0.744834
vt 0.375000 0.683333
vt 0.381340 0.264088
vt 0.620773 0.494834
vt 0.595000 0.500000
vt 0.341667 0.466667
vt 0.619834 0.745773
vt 0.441666 0.750000
vt 0.375000 0.530000
vt 0.380166 0.504227
vt 0.558334 0.500000
vt 0.625000 0.933333
vt 0.341667 0.783333
vt 0.379226 0.755166
vt 0.658333 0.783333
vt 0.853867 0.500000
vt 0.875000 0.732389
vt 0.628522 0.744130
vt 0.621478 0.498826
vt 0.625000 0.027273
vt 0.625000 0.222727
vt 0.375000 0.011527
vt 0.402273 0.000000
vt 0.597727 0.000000
vt 0.613473 0.000000
vt 0.191667 0.527273
vt 0.597727 0.250000
vt 0.630550 0.746158
vt 0.625000 0.933333
vt 0.625000 0.971823
vt 0.597727 0.933333
vt 0.402273 0.933333
vt 0.386527 1.000000
vt 0.380764 0.255763
vt 0.619236 0.235912
vt 0.375000 0.316667
vt 0.619237 0.244237
vt 0.625000 0.277273
vt 0.638636 0.486364
vt 0.621158 0.505550
vt 0.361364 0.486364
vt 0.375000 0.222727
vt 0.597727 0.000000
vt 0.380763 0.264088
vt 0.621158 0.494450
vt 0.369834 0.504227
vt 0.341667 0.783333
vt 0.808333 0.722727
vt 0.808333 0.527273
vt 0.658333 0.783333
vt 0.375000 0.509392
vt 0.380550 0.503842
vt 0.375000 0.722727
vt 0.125000 0.511527
vt 0.846823 0.500000
vt 0.808333 0.527273
vt 0.808333 0.722727
vt 0.369834 0.504227
vt 0.379226 0.755166
vt 0.153177 0.750000
vt 0.125000 0.720000
vt 0.191666 0.500000
vt 0.369834 0.504227
vt 0.405000 0.500000
vt 0.620774 0.494834
vt 0.625000 0.720000
vt 0.630166 0.745773
vt 0.384392 0.750000
vt 0.625000 0.722727
vt 0.619450 0.746158
vt 0.619236 0.244237
vt 0.375000 0.222727
vt 0.375000 0.027273
vt 0.375000 0.011527
vt 0.380764 0.264089
vt 0.402273 0.000000
vt 0.402273 0.500000
vt 0.625000 0.527273
vt 0.380166 0.504227
vt 0.389088 0.256340
vt 0.610912 0.243660
vt 0.625000 0.280000
vt 0.596824 0.000000
vt 0.610912 0.243660
vt 0.375000 0.030000
vt 0.375000 0.012679
vt 0.558334 0.000000
vt 0.375000 0.933333
vt 0.630166 0.745773
vt 0.595000 1.000000
vt 0.808333 0.750000
vt 0.875000 0.737320
vt 0.191667 0.527273
vt 0.191667 0.722727
vt 0.125000 0.527273
vt 0.361364 0.486364
vt 0.610912 0.243660
vt 0.389088 0.256340
vt 0.375000 0.220000
vt 0.441666 0.000000
vt 0.375000 0.527273
vt 0.125000 0.512680
vt 0.625000 0.740608
vt 0.405000 0.500000
vt 0.625000 0.566667
vt 0.360000 0.485000
vt 0.125000 0.566667
vt 0.125000 0.528177
vt 0.377756 0.735146
vt 0.625000 0.732390
vt 0.625000 0.991731
vt 0.383269 1.000000
vt 0.595000 0.750000
vt 0.378842 0.744450
vt 0.625000 0.740608
vt 0.625000 0.988473
vt 0.191667 0.750000
vt 0.379403 0.750377
vt 0.375000 0.504025
vt 0.620597 0.499623
vt 0.625000 0.745975
vt 0.375000 0.220000
vt 0.621158 0.494450
vt 0.369834 0.504227
vt 0.379227 0.755166
vt 0.125000 0.530000
vt 0.360000 0.485000
vt 0.618660 0.235912
vt 0.381340 0.256340
vt 0.375000 0.183333
vt 0.375000 0.066667
vt 0.595000 0.000000
vt 0.612320 0.000000
vt 0.619717 0.000000
vt 0.622358 0.243396
vt 0.377642 0.258805
vt 0.375000 0.013208
vt 0.620773 0.494834
vt 0.369834 0.504227
vt 0.375000 0.316666
vt 0.595000 0.250000
vt 0.618660 0.243660
vt 0.378202 0.754528
vt 0.146133 0.750000
vt 0.125000 0.507547
vt 0.371158 0.502516
vt 0.623719 0.498532
vt 0.629589 0.745597
vt 0.376281 0.751468
vt 0.370411 0.504403
vt 0.613878 0.246524
vt 0.617585 0.498947
vt 0.379045 0.502317
vt 0.386122 0.255056
vt 0.602755 0.000000
vt 0.386122 0.255056
vt 0.375000 0.006951
vt 0.371478 0.505870
vt 0.380283 0.260566
vt 0.619717 0.241195
vt 0.125000 0.512076
vt 0.138208 0.750000
vt 0.620955 0.747683
vt 0.625000 0.989889
vt 0.397245 1.000000
vt 0.382415 0.751053
vt 0.380764 0.264088
vt 0.619237 0.244237
vt 0.619450 0.746158
vt 0.612320 0.000000
vt 0.625000 0.220000
vt 0.381340 0.264088
vt 0.375000 0.012680
vt 0.595000 0.000000
vt 0.618660 0.243660
vt 0.381340 0.264088
vt 0.612321 0.000000
vt 0.875000 0.721823
vt 0.625000 0.740608
vt 0.625000 0.683333
vt 0.652273 0.566667
vt 0.847727 0.566667
vt 0.847727 0.500000
vt 0.863473 0.500000
vt 0.381340 0.264088
vt 0.618660 0.243660
vt 0.658333 0.466667
vt 0.595000 0.500000
vt 0.369834 0.504227
vt 0.610912 0.244237
vt 0.620773 0.505166
vt 0.862320 0.500000
vt 0.875000 0.683333
vt 0.640000 0.765000
vt 0.375000 0.222727
vt 0.152273 0.750000
vt 0.136527 0.750000
vt 0.152273 0.500000
vt 0.625000 0.222727
vt 0.808333 0.722727
vt 0.808333 0.527273
vt 0.652273 0.566667
vt 0.405000 1.000000
vt 0.620773 0.505166
vt 0.625000 0.740608
vt 0.875000 0.737321
vt 0.630166 0.745773
vt 0.620773 0.494834
vt 0.808333 0.500000
vt 0.875000 0.720000
vt 0.341666 0.783334
vt 0.618660 0.243660
vt 0.625000 0.316667
vt 0.405000 0.250000
vt 0.618660 0.243660
vt 0.808333 0.722727
vt 0.808333 0.527273
vt 0.875000 0.527273
vt 0.875000 0.722727
vt 0.375000 0.508805
vt 0.622358 0.506164
vt 0.625000 0.741195
vt 0.191667 0.500000
vt 0.375000 0.028177
vt 0.620774 0.505166
vt 0.381340 0.256340
vt 0.595000 0.250000
vt 0.618660 0.235912
vt 0.875000 0.721823
vt 0.191667 0.750000
vt 0.191667 0.500000
vt 0.360000 0.765000
vt 0.625000 0.987321
vt 0.387679 1.000000
vt 0.155000 0.750000
vt 0.375000 0.030000
vt 0.845000 0.500000
vt 0.379227 0.755166
vt 0.405000 0.750000
vt 0.347727 0.566667
vt 0.152273 0.566667
vt 0.597727 0.500000
vt 0.862321 0.500000
vt 0.640000 0.765000
vt 0.384392 0.750000
vt 0.619834 0.745773
vt 0.558334 1.000000
vt 0.125000 0.528177
vt 0.375000 0.509392
vt 0.625000 0.683333
vt 0.628842 0.747484
vt 0.621798 0.495472
vt 0.875000 0.742453
vt 0.347727 0.566667
vt 0.152273 0.566667
vt 0.152273 0.500000
vt 0.857710 0.500000
vt 0.875000 0.732710
vt 0.628499 0.744237
vt 0.622736 0.500000
vt 0.375000 0.566667
vt 0.864889 0.500000
vt 0.875000 0.743049
vt 0.620956 0.747683
vt 0.135111 0.750000
vt 0.125000 0.506951
vt 0.621226 0.242453
vt 0.378774 0.257547
vt 0.375000 0.015095
vt 0.617453 0.000000
vt 0.380283 1.000000
vt 0.376761 0.751467
vt 0.629109 0.745597
vt 0.625000 0.982390
vt 0.378522 0.751174
vt 0.146132 0.750000
vt 0.125000 0.517610
vt 0.125000 0.513208
vt 0.370891 0.504403
vt 0.142610 0.750000
vt 0.125000 0.720000
vt 0.375000 0.509392
vt 0.625000 0.027273
vt 0.625000 0.222727
vt 0.845000 0.500000
vt 0.375000 0.972727
vt 0.375000 0.012679
vt 0.618660 0.243660
vt 0.615608 0.500000
vt 0.380166 0.504227
vt 0.618660 0.243660
vt 0.341666 0.783334
vt 0.381340 0.264088
vt 0.620773 0.494834
vt 0.618660 0.243660
vt 0.137679 0.750000
vt 0.620774 0.494834
vt 0.618396 0.243962
vt 0.620597 0.499623
vt 0.381604 0.256604
vt 0.405000 0.000000
vt 0.625000 0.066667
vt 0.375000 0.012076
vt 0.611792 0.000000
vt 0.355435 0.625000
vt 0.144565 0.625000
vt 0.125000 0.625000
vt 0.125000 0.552831
vt 0.375000 0.517610
vt 0.375000 0.625000
vt 0.644565 0.625000
vt 0.855435 0.625000
vt 0.875000 0.625000
vt 0.875000 0.697169
vt 0.625000 0.625000
vt 0.394565 0.625000
vt 0.605435 0.625000
vt 0.375000 0.027273
vt 0.622244 0.514854
vt 0.866731 0.500000
vt 0.405000 1.000000
vt 0.375000 0.052831
vt 0.616731 0.000000
vt 0.625000 0.125000
vt 0.605435 0.125000
vt 0.394565 0.125000
vt 0.375000 0.125000
vt 0.365625 0.490625
vt 0.125000 0.562500
vt 0.125000 0.526416
vt 0.875000 0.562500
vt 0.875000 0.723585
vt 0.634375 0.490625
vt 0.867075 0.500000
vt 0.875000 0.687500
vt 0.634375 0.759375
vt 0.360000 0.485000
vt 0.381340 0.256340
vt 0.621037 0.236792
vt 0.378962 0.253962
vt 0.375000 0.187500
vt 0.375000 0.062500
vt 0.606250 0.000000
vt 0.617075 0.000000
vt 0.625000 0.187500
vt 0.138208 0.750000
vt 0.379403 0.750377
vt 0.125000 0.683333
vt 0.137679 0.750000
vt 0.381340 0.256340
vt 0.618660 0.235912
vt 0.381340 0.256340
vt 0.625000 0.280000
vt 0.169643 0.732639
vt 0.169643 0.750000
vt 0.125000 0.732639
vt 0.580357 0.955357
vt 0.625000 0.955357
vt 0.580357 1.000000
vt 0.169643 0.517361
vt 0.125000 0.517361
vt 0.169643 0.500000
vt 0.625000 0.273975
vt 0.580357 0.294643
vt 0.580357 0.236979
vt 0.330357 0.732639
vt 0.408482 0.732639
vt 0.375000 0.772321
vt 0.647321 0.763641
vt 0.580357 0.794643
vt 0.580357 0.736979
vt 0.330357 0.517361
vt 0.375000 0.477679
vt 0.408482 0.517361
vt 0.647321 0.501860
vt 0.580357 0.517361
vt 0.580357 0.466518
vt 0.419643 0.000000
vt 0.580357 0.000000
vt 0.580357 0.017361
vt 0.419643 0.017361
vt 0.625000 0.017361
vt 0.419643 0.294643
vt 0.419643 0.232639
vt 0.419643 0.955357
vt 0.830357 0.517361
vt 0.830357 0.732639
vt 0.375000 0.970000
vt 0.620865 0.223584
vt 0.379135 0.254135
vt 0.133269 0.750000
vt 0.155000 0.750000
vt 0.137680 0.750000
vt 0.380166 0.504227
vt 0.625000 0.986792
vt 0.388208 1.000000
vt 0.375000 0.477679
vt 0.363353 0.761647
vt 0.379049 0.742753
vt 0.615682 0.747504
vt 0.615682 0.773294
vt 0.375000 0.260871
vt 0.375000 0.240941
vt 0.608694 0.240941
vt 0.608694 0.257010
vt 0.385858 0.509059
vt 0.369565 0.494565
vt 0.608694 0.489129
vt 0.608694 0.505422
vt 0.135871 0.740941
vt 0.135871 0.750000
vt 0.125000 0.740941
vt 0.630435 0.494565
vt 0.630435 0.755435
vt 0.608694 0.744578
vt 0.364129 0.509059
vt 0.385858 0.740941
vt 0.364129 0.740941
vt 0.375000 0.000000
vt 0.608694 0.000000
vt 0.608694 0.009059
vt 0.375000 0.009059
vt 0.625000 0.009059
vt 0.875000 0.509059
vt 0.875000 0.740941
vt 0.613141 0.776089
vt 0.638045 0.763045
vt 0.625000 1.000000
vt 0.613141 1.000000
vt 0.135871 0.509059
vt 0.125000 0.509059
vt 0.135871 0.500000
vt 0.625000 0.243961
vt 0.348911 0.728259
vt 0.348911 0.521741
vt 0.378696 0.521741
vt 0.378696 0.728259
vt 0.369565 0.755435
vt 0.375000 0.238819
vt 0.375000 0.011181
vt 0.612771 0.011181
vt 0.612771 0.238819
vt 0.379049 0.507247
vt 0.363353 0.488353
vt 0.615682 0.483444
vt 0.615682 0.507247
vt 0.351706 0.507247
vt 0.148294 0.507247
vt 0.148294 0.500000
vt 0.608694 0.760871
vt 0.630591 0.494409
vt 0.612770 0.488819
vt 0.612770 0.256975
vt 0.625000 0.242546
vt 0.625000 0.235506
vt 0.615683 0.228259
vt 0.615683 0.021741
vt 0.625000 0.021741
vt 0.619130 0.500489
vt 0.863260 0.500000
vt 0.875000 0.736792
vt 0.623043 0.745597
vt 0.376565 0.751468
vt 0.370695 0.504403
vt 0.623435 0.498532
vt 0.629305 0.745597
vt 0.875000 0.736792
vt 0.623239 0.498533
vt 0.857390 0.500000
vt 0.607390 0.000000
vt 0.616195 0.243396
vt 0.383805 0.255870
vt 0.375000 0.013208
vt 0.376957 0.504403
vt 0.348911 0.521741
vt 0.151089 0.521741
vt 0.151089 0.500000
vt 0.361955 0.486955
vt 0.363353 0.761647
vt 0.615682 0.747504
vt 0.615682 0.773294
vt 0.151089 0.521741
vt 0.151089 0.728259
vt 0.125000 0.728259
vt 0.125000 0.521741
vt 0.151089 0.728259
vt 0.151089 0.750000
vt 0.608694 1.000000
vt 0.375000 0.989129
vt 0.638045 0.486955
vt 0.613141 0.473911
vt 0.613141 0.266824
vt 0.617753 0.776089
vt 0.617753 1.000000
vt 0.361955 0.763045
vt 0.380602 0.728259
vt 0.613141 0.736986
vt 0.613141 0.000000
vt 0.613141 0.021741
vt 0.125000 0.507247
vt 0.148294 0.742753
vt 0.125000 0.742753
vt 0.634296 0.499612
vt 0.636647 0.761647
vt 0.616847 0.473911
vt 0.616847 0.266824
vt 0.375000 0.021741
vt 0.375000 0.276089
vt 0.613141 0.228259
vt 0.377823 0.728259
vt 0.348911 0.728259
vt 0.348911 0.521741
vt 0.377822 0.521741
vt 0.375000 0.273294
vt 0.615682 0.266556
vt 0.625000 0.245169
vt 0.615682 0.242753
vt 0.615682 0.000000
vt 0.625000 0.000000
vt 0.348911 0.728259
vt 0.613141 0.513014
vt 0.380602 0.521741
vt 0.617753 0.228259
vt 0.617753 0.021741
vt 0.875000 0.521741
vt 0.875000 0.728259
vt 0.636647 0.761647
vt 0.625000 0.976706
vt 0.615682 0.976706
vt 0.638045 0.486955
vt 0.638045 0.763045
vt 0.375000 1.000000
vt 0.375000 0.976706
vt 0.615682 1.000000
vt 0.615682 0.976706
vt 0.375000 0.976706
vt 0.612771 0.506975
vt 0.382761 0.511181
vt 0.369409 0.494409
vt 0.151089 0.500000
vt 0.361955 0.486955
vt 0.612770 0.000000
vt 0.151089 0.750000
vt 0.375000 0.276089
vt 0.616847 0.736986
vt 0.616847 0.513014
vt 0.617753 0.266824
vt 0.617753 0.473911
vt 0.361955 0.486955
vt 0.375000 0.276089
vt 0.616847 0.776089
vt 0.361955 0.763045
vt 0.616847 0.000000
vt 0.616847 0.021741
vt 0.616847 0.228259
vt 0.634296 0.499612
vt 0.615682 0.483444
vt 0.615682 0.266556
vt 0.375000 0.228259
vt 0.616847 1.000000
vt 0.617753 0.513014
vt 0.377143 0.521741
vt 0.615683 0.000000
vt 0.615683 0.266824
vt 0.615683 0.473911
vt 0.375000 0.973911
vt 0.363819 0.511181
vt 0.136181 0.511181
vt 0.136181 0.500000
vt 0.615682 0.242753
vt 0.625000 0.000000
vt 0.630591 0.755591
vt 0.612771 0.743025
vt 0.151089 0.521741
vt 0.151089 0.500000
vt 0.615682 0.513014
vt 0.151089 0.728259
vt 0.151089 0.750000
vt 0.151089 0.521741
vt 0.617753 0.000000
vt 0.615682 1.000000
vt 0.615683 0.776089
vt 0.151089 0.728259
vt 0.351706 0.742753
vt 0.379049 0.507247
vt 0.377143 0.728259
vt 0.617753 0.736986
vt 0.375000 0.242753
vt 0.615682 0.736986
vt 0.363819 0.738819
vt 0.136181 0.738819
vt 0.612771 1.000000
vt 0.375000 0.988819
vt 0.369409 0.755591
vt 0.612770 0.761181
vt 0.375000 0.273294
vt 0.375000 0.242753
vt 0.623591 0.498532
vt 0.629461 0.745597
vt 0.621604 0.241355
vt 0.378396 0.258645
vt 0.375000 0.017290
vt 0.618207 0.000000
vt 0.382761 0.738819
vt 0.375000 0.007247
vt 0.136181 0.750000
vt 0.125000 0.738819
vt 0.625000 0.011181
vt 0.125000 0.511181
vt 0.375000 0.261181
vt 0.875000 0.507247
vt 0.851706 0.750000
vt 0.375000 0.007247
vt 0.363353 0.488353
vt 0.875000 0.511181
vt 0.875000 0.738819
vt 0.383103 0.005788
vt 0.132597 0.505788
vt 0.383103 0.257597
vt 0.383103 0.492403
vt 0.367403 0.505788
vt 0.616897 0.005788
vt 0.867403 0.505788
vt 0.616897 0.244212
vt 0.383103 0.244212
vt 0.616897 0.257597
vt 0.616897 0.492403
vt 0.383103 0.744212
vt 0.616897 0.744212
vt 0.616897 0.505788
vt 0.383103 0.505788
vt 0.632596 0.505788
vt 0.351706 0.742753
vt 0.148294 0.742753
vt 0.148294 0.507247
vt 0.351706 0.507247
vt 0.658333 0.466667
vt 0.379227 0.755166
vt 0.625000 0.740608
vt 0.381340 0.256340
vt 0.385566 1.000000
vt 0.625000 0.978868
vt 0.381340 0.264088
vt 0.875000 0.737320
vt 0.369834 0.504227
vt 0.377516 0.750000
vt 0.627516 0.744968
vt 0.625000 0.984905
vt 0.382547 1.000000
vt 0.625000 0.027273
vt 0.625000 0.030000
vt 0.402273 0.750000
vt 0.405000 0.000000
vt 0.625000 0.992075
vt 0.606250 1.000000
vt 0.382925 1.000000
vt 0.379227 1.000000
vt 0.376409 0.751467
vt 0.625000 0.986792
vt 0.375000 0.026415
vt 0.625000 0.062500
vt 0.861792 0.500000
vt 0.875000 0.737924
vt 0.379803 0.260566
vt 0.620197 0.246226
vt 0.375000 0.970000
vt 0.625000 0.978867
vt 0.384606 1.000000
vt 0.365625 0.759375
vt 0.377642 0.743836
vt 0.132925 0.750000
vt 0.125000 0.687500
vt 0.381604 0.256604
vt 0.132925 0.750000
vt 0.861792 0.500000
vt 0.125000 0.513208
vt 0.380870 0.749511
vt 0.136740 0.750000
vt 0.375000 0.007547
vt 0.615394 0.000000
vt 0.148294 0.750000
vt 0.125000 0.742753
vt 0.615682 1.000000
vt 0.125000 0.507247
vt 0.148294 0.500000
vt 0.875000 0.507247
vt 0.148294 0.750000
vt 0.375000 0.017611
vt 0.614434 0.000000
vt 0.375000 0.973911
vt 0.375000 0.973911
vt 0.625000 0.988260
vt 0.392610 1.000000
vt 0.864889 0.500000
vt 0.622484 0.500000
vt 0.372484 0.505032
vt 0.125000 0.515095
vt 0.140095 0.750000
vt 0.142290 0.750000
vt 0.125000 0.517290
vt 0.371501 0.505763
vt 0.377264 0.750000
vt 0.859905 0.500000
vt 0.875000 0.734905
vt 0.382415 0.751053
vt 0.625000 0.989889
vt 0.140095 0.750000
vt 0.371501 0.505763
vt 0.622736 0.500000
vt 0.628499 0.744237
vt 0.378396 0.258645
vt 0.135111 0.750000
vt 0.168860 0.731203
vt 0.168860 0.750000
vt 0.125000 0.731203
vt 0.581140 0.956140
vt 0.625000 0.956140
vt 0.581140 1.000000
vt 0.168860 0.518797
vt 0.125000 0.518797
vt 0.168860 0.500000
vt 0.625000 0.272974
vt 0.581140 0.293860
vt 0.581140 0.235902
vt 0.331140 0.731203
vt 0.407895 0.731203
vt 0.375000 0.771930
vt 0.646930 0.762531
vt 0.581140 0.793860
vt 0.581140 0.735902
vt 0.331140 0.518797
vt 0.375000 0.478070
vt 0.407895 0.518797
vt 0.646930 0.503133
vt 0.581140 0.518797
vt 0.581140 0.467105
vt 0.418860 0.000000
vt 0.581140 0.000000
vt 0.581140 0.018797
vt 0.418860 0.018797
vt 0.625000 0.018797
vt 0.418860 0.293860
vt 0.418860 0.231203
vt 0.418860 0.956140
vt 0.831140 0.518797
vt 0.831140 0.731203
vt 0.168860 0.731203
vt 0.168860 0.750000
vt 0.581140 0.956140
vt 0.625000 0.956140
vt 0.168860 0.518797
vt 0.168860 0.500000
vt 0.625000 0.272974
vt 0.331140 0.731203
vt 0.375000 0.771930
vt 0.646930 0.762531
vt 0.581140 0.793860
vt 0.331140 0.518797
vt 0.375000 0.478070
vt 0.646930 0.503133
vt 0.581140 0.467105
vt 0.418860 0.293860
vt 0.418860 0.956140
vt 0.831140 0.518797
vt 0.831140 0.731203
vt 0.168860 0.731203
vt 0.168860 0.750000
vt 0.581140 1.000000
vt 0.581140 0.293860
vt 0.581140 0.235902
vt 0.331140 0.731203
vt 0.331140 0.518797
vt 0.646930 0.503133
vt 0.581140 0.467105
vt 0.875000 0.736792
vt 0.859905 0.500000
vt 0.142290 0.750000
vt 0.625000 0.982710
vt 0.381793 1.000000
vt 0.857710 0.500000
vt 0.625000 0.982710
vt 0.142610 0.750000
vt 0.125000 0.513208
vt 0.370539 0.504403
vt 0.168860 0.731203
vt 0.168860 0.518797
vt 0.581140 0.235902
vt 0.646930 0.762531
vt 0.581140 0.793860
vt 0.581140 0.467105
vt 0.831140 0.731203
vt 0.142610 0.750000
vt 0.625000 0.982390
vt 0.379696 1.000000
vt 0.377113 0.258805
vt 0.620773 0.000000
vt 0.622887 0.243396
vt 0.377348 0.258805
vt 0.620304 0.000000
vt 0.622652 0.243396
vt 0.623079 0.243396
vt 0.376921 0.258805
vt 0.378842 1.000000
vt 0.621158 0.000000
s 0
f 7/1/1 9/2/1 20/3/1 19/4/1
f 22/5/2 24/6/2 11/7/2 10/8/2
f 3/9/3 1/10/3 2/11/3
f 1072/12/4 1061/13/4 1060/14/4 1073/15/4
f 1057/16/5 1069/17/5 1071/18/5 1058/19/5
f 5/20/6 10/8/6 12/21/6 6/22/6
f 1/10/7 3/9/7 8/23/7 7/1/7
f 15/24/8 17/25/8 4/26/8 2/11/8
f 6/22/9 4/26/9 5/20/9
f 16/27/10 22/5/10 10/8/10 5/20/10
f 1/10/5 13/28/5 15/24/5 2/11/5
f 4/26/11 6/22/11 3/9/11 2/11/11
f 21/29/12 23/30/12 18/31/12 14/32/12
f 22/5/13 16/27/13 18/31/13 23/30/13
f 9/2/14 7/1/14 8/23/14
f 14/32/15 18/31/15 17/25/15 15/24/15
f 23/30/16 21/29/16 20/3/16 24/6/16
f 12/21/17 10/8/17 11/7/17
f 1/10/18 7/1/18 19/4/18 13/28/18
f 14/32/19 15/24/19 13/28/19
f 8/23/20 12/21/20 11/7/20 9/2/20
f 18/31/21 16/27/21 17/25/21
f 12/21/22 8/23/22 3/9/22 6/22/22
f 16/27/4 5/20/4 4/26/4 17/25/4
f 20/3/23 21/29/23 19/4/23
f 9/2/24 11/7/24 24/6/24 20/3/24
f 24/6/25 22/5/25 23/30/25
f 1144/33/26 1147/34/26 1145/35/26
f 1129/36/27 1131/37/27 1139/38/27 1133/39/27 1134/40/27
f 175/41/28 167/42/28 178/43/28 179/44/28 182/45/28
f 1109/46/29 1112/47/29 1104/41/29 1106/48/29 1099/49/29
f 1333/50/30 1332/51/30 1339/52/30 1340/53/30 1341/54/30
f 781/55/31 779/56/31 778/57/31
f 25/58/32 28/59/32 32/60/32 27/61/32
f 29/62/33 35/63/33 38/64/33 31/65/33
f 570/66/34 569/67/34 574/68/34 575/69/34 572/70/34 577/71/34 579/72/34 578/73/34
f 255/74/35 260/75/35 258/76/35 259/69/35 261/77/35 257/78/35
f 216/79/36 217/78/36 207/80/36 208/81/36 206/59/36 203/58/36 205/82/36 204/83/36
f 231/84/37 233/85/37 242/86/37 239/69/37 238/76/37
f 279/87/38 277/88/38 281/75/38 280/89/38 282/77/38
f 1112/47/39 1110/90/39 1103/91/39 1105/92/39 1104/93/39
f 55/94/40 45/95/40 49/96/40 57/97/40
f 46/58/32 50/59/32 54/81/32 48/61/32
f 51/62/33 60/63/33 64/64/33 53/65/33
f 61/98/41 56/99/41 59/100/41 63/101/41
f 330/102/42 335/75/42 329/88/42
f 180/103/43 181/104/43 179/44/43 178/43/43 177/105/43
f 610/106/44 617/107/44 616/108/44 609/109/44 607/110/44 608/111/44
f 697/110/45 695/112/45 698/111/45
f 678/113/46 687/114/46 679/115/46
f 693/113/46 702/114/46 694/115/46
f 215/116/47 219/117/47 220/118/47
f 79/94/40 69/95/40 73/96/40 81/97/40
f 70/58/32 74/59/32 78/81/32 72/82/32
f 75/62/33 84/63/33 88/64/33 77/65/33
f 85/98/41 80/99/41 83/119/41 87/101/41
f 487/120/48 488/121/48 497/122/48 498/101/48 495/123/48 490/124/48 492/125/48 491/126/48
f 41/43/49 44/104/49 36/41/49 38/64/49 35/63/49 29/62/49 31/65/49 30/127/49
f 1403/128/50 1399/129/50 1398/130/50
f 1231/131/51 1232/93/51 1238/132/51 1239/133/51 1236/134/51
f 1601/107/52 1598/135/52 1596/136/52 1600/137/52 1599/138/52 1602/139/52
f 1082/140/53 1083/80/53 1081/51/53 1089/141/53 1087/142/53 1088/53/53 1090/143/53
f 1028/144/10 1026/145/10 1030/146/10 1032/147/10
f 229/148/54 234/149/54 233/85/54 231/84/54 224/150/54 225/151/54 230/152/54 228/153/54
f 182/45/55 179/44/55 181/104/55
f 101/154/40 93/95/40 97/96/40 103/97/40
f 94/58/56 98/59/56 100/60/56 96/61/56
f 106/98/41 102/99/41 105/100/41 108/155/41
f 295/74/57 296/156/57 288/157/57 289/158/57 290/60/57 287/159/57 283/160/57 285/61/57 284/161/57
f 581/120/48 582/121/48 591/122/48 592/101/48 589/123/48 584/124/48 586/119/48 585/162/48
f 391/120/58 392/153/58 401/163/58 402/155/58 399/123/58 394/124/58 396/125/58 395/126/58
f 311/164/59 310/84/59 313/165/59 320/86/59 318/69/59 317/76/59
f 544/166/60 556/167/60 555/168/60 553/68/60 552/169/60 541/109/60 539/126/60 540/125/60 546/155/60 545/163/60
f 57/170/22 49/112/22 47/150/22 48/151/22 54/171/22 52/121/22 53/148/22 64/149/22 62/165/22 63/101/22 59/100/22 58/172/22
f 90/78/49 92/173/49 86/41/49 88/64/49 84/63/49 75/62/49 77/65/49 76/127/49
f 1198/36/18 1200/37/18 1206/38/18 1207/174/18 1202/40/18 1203/175/18
f 125/154/40 115/95/40 119/96/40 127/97/40
f 116/58/56 120/59/56 124/81/56 118/61/56
f 121/176/33 130/177/33 134/64/33 123/65/33
f 131/98/41 126/99/41 129/125/41 133/101/41
f 330/102/61 329/88/61 332/78/61 331/178/61 325/158/61 326/81/61 324/159/61 321/160/61 323/82/61 322/83/61
f 601/72/62 597/179/62 596/169/62 587/109/62 585/162/62 586/119/62 592/101/62 591/122/62 590/166/62 602/167/62 600/73/62
f 615/180/63 609/109/63 616/108/63
f 155/181/47 158/38/47 159/118/47
f 140/36/64 148/182/64 158/38/64 155/181/64 156/79/64
f 257/78/65 261/77/65 262/86/65 253/183/65 254/64/65 252/184/65 247/185/65 249/65/65 248/127/65
f 1265/186/66 1263/187/66 1253/188/66 1255/189/66 1260/190/66
f 1133/39/12 1140/191/12 1141/192/12 1142/193/12 1138/194/12 1137/195/12 1135/53/12 1134/40/12
f 655/196/67 660/180/67 662/139/67 658/197/67 657/198/67
f 139/58/56 142/59/56 146/81/56 141/82/56
f 143/176/33 150/177/33 154/64/33 145/65/33
f 151/98/41 147/99/41 149/119/41 153/101/41
f 167/153/68 175/199/68 176/155/68 173/125/68 172/172/68 171/200/68 165/201/68 163/202/68 164/151/68 168/152/68
f 327/203/69 322/150/69 323/204/69 326/171/69 325/121/69 328/165/69
f 348/183/28 344/42/28 350/156/28 351/44/28 355/86/28
f 329/88/70 335/75/70 333/89/70 334/205/70 337/77/70 336/206/70 332/78/70
f 1493/207/71 1485/208/71 1486/111/71 1488/209/71 1487/210/71 1496/139/71 1494/108/71
f 1589/211/72 1594/212/72 1592/111/72 1588/213/72 1587/214/72 1590/215/72
f 376/216/73 379/81/73 377/83/73
f 344/153/74 348/199/74 346/84/74 342/201/74 340/202/74 341/151/74 345/152/74
f 1328/40/75 1329/217/75 1322/158/75 1323/218/75 1320/216/75
f 1227/219/76 1233/48/76 1228/220/76
f 169/221/40 161/222/40 165/96/40 171/223/40
f 162/58/32 166/59/32 168/60/32 164/61/32
f 174/98/41 170/99/41 173/125/41 176/155/41
f 669/106/77 677/107/77 675/180/77 674/224/77 668/111/77
f 385/88/78 386/87/78 378/158/78 379/81/78 376/216/78
f 1514/211/79 1518/225/79 1517/111/79 1516/226/79 1515/227/79 1513/228/79
f 374/77/80 373/69/80 375/86/80
f 730/196/81 736/229/81 731/136/81
f 1210/188/82 1214/230/82 1222/90/82 1223/137/82 1220/102/82
f 1356/231/83 1355/129/83 1358/68/83 1359/232/83 1360/233/83
f 1343/234/84 1334/235/84 1335/236/84
f 757/237/8 760/238/8 744/239/8 740/240/8
f 183/58/32 186/59/32 188/81/32 185/61/32
f 192/98/41 189/99/41 191/100/41 194/101/41
f 251/84/37 253/165/37 262/86/37 259/69/37 258/76/37
f 370/74/85 371/78/85 362/158/85 364/81/85 360/159/85 356/160/85 358/61/85 357/161/85
f 278/102/42 281/75/42 277/88/42
f 1461/241/50 1459/52/50 1458/130/50
f 593/242/8 594/243/8 582/244/8 581/83/8
f 380/223/86 376/245/86 377/188/86
f 431/169/24 421/109/24 419/126/24 420/100/24 426/101/24 425/122/24 424/166/24 438/167/24 436/73/24 437/72/24 433/69/24 432/68/24
f 203/58/32 206/59/32 208/81/32 205/82/32
f 212/98/41 209/99/41 211/119/41 214/101/41
f 869/246/12 871/247/12 872/248/12 870/249/12
f 1545/250/87 1542/214/87 1543/228/87
f 499/67/8 500/243/8 488/244/8 487/161/8
f 241/251/35 237/156/35 235/74/35 240/75/35 238/76/35 239/69/35
f 1236/134/88 1237/252/88 1234/253/88 1225/245/88 1230/254/88 1231/230/88
f 236/102/42 240/75/42 235/74/42
f 1568/255/89 1561/208/89 1562/111/89
f 1368/256/90 1367/257/90 1366/258/90 1363/259/90 1365/260/90 1364/261/90
f 1860/262/22 1862/263/22 1861/264/22 1859/265/22
f 1252/266/39 1251/267/39 1246/268/39 1248/269/39 1247/270/39
f 223/160/32 226/159/32 230/60/32 225/61/32
f 227/185/33 232/184/33 234/64/33 229/65/33
f 1663/271/18 1659/272/18 1661/273/18 1665/274/18
f 1890/275/12 1888/276/12 1887/277/12 1889/278/12
f 354/251/80 353/69/80 355/86/80
f 1686/279/24 1690/280/24 1689/281/24 1685/282/24
f 65/105/85 66/78/85 52/80/85 54/81/85 50/59/85 46/58/85 48/61/85 47/161/85
f 1780/283/22 1782/279/22 1781/284/22 1779/285/22
f 243/160/32 246/159/32 250/81/32 245/61/32
f 247/185/33 252/184/33 254/64/33 249/65/33
f 1032/147/24 1031/286/24 1027/287/24 1028/288/24
f 275/101/91 272/164/91 271/203/91
f 867/289/18 871/247/18 869/246/18 865/290/18
f 199/103/12 201/173/12 198/44/12 197/78/12 195/105/12 200/229/12
f 500/243/34 499/67/34 504/68/34 505/69/34 502/70/34 507/71/34 509/72/34 508/73/34
f 1688/291/8 1684/292/8 1683/293/8 1687/294/8
f 263/160/56 266/159/56 270/81/56 265/82/56
f 267/185/33 273/184/33 276/64/33 269/65/33
f 221/173/92 220/118/92 219/117/92 210/295/92 211/119/92 209/99/92 212/98/92 214/101/92 213/296/92 222/45/92
f 707/107/93 703/297/93 701/196/93 700/181/93 706/108/93
f 1100/298/94 1106/299/94 1104/93/94 1105/92/94 1102/300/94 1098/301/94 1101/302/94
f 1085/303/95 1084/304/95 1081/301/95 1083/305/95 1086/299/95
f 536/306/96 549/307/96 550/308/96 555/168/96 556/167/96 554/309/96 542/310/96 544/311/96 545/312/96
f 722/107/97 718/198/97 716/136/97 721/75/97 720/180/97
f 1161/313/98 1162/314/98 1173/315/98 1171/266/98 1172/316/98 1169/38/98
f 283/160/56 287/159/56 290/60/56 285/61/56
f 1128/316/99 1126/317/99 1125/117/99
f 639/318/100 647/107/100 645/108/100 638/109/100 637/110/100
f 1405/319/101 1397/320/101 1394/321/101 1401/322/101 1402/231/101
f 632/107/10 625/312/10 621/127/10 628/198/10
f 710/211/102 714/106/102 713/111/102 712/110/102 711/323/102 709/228/102
f 633/324/103 634/325/103 637/182/103 638/326/103 644/180/103 646/229/103 641/196/103
f 319/77/80 318/69/80 320/86/80
f 635/211/104 640/327/104 636/215/104
f 1143/315/105 1138/194/105 1142/193/105
f 301/160/56 305/159/56 309/81/56 303/61/56
f 306/328/33 312/329/33 314/64/33 308/65/33
f 488/306/106 500/243/106 508/73/106 510/167/106 506/330/106 494/310/106 496/311/106 497/312/106
f 1167/241/107 1165/175/107 1164/40/107
f 336/206/108 331/178/108 332/78/108
f 1209/316/99 1207/174/99 1206/38/99
f 512/306/106 524/66/106 532/73/106 534/167/106 530/330/106 518/310/106 520/311/106 521/312/106
f 1205/241/107 1203/175/107 1202/40/107
f 1211/331/109 1212/157/109 1213/158/109
f 321/160/56 324/159/56 326/81/56 323/82/56
f 1223/137/110 1222/90/110 1224/193/110 1221/46/110 1219/40/110
f 37/155/91 34/91/91 33/172/91
f 1420/332/101 1412/320/101 1409/321/101 1416/322/101 1417/333/101
f 1132/41/111 1130/334/111 1136/143/111 1137/195/111 1138/194/111 1143/315/111
f 296/156/112 299/251/112 300/86/112 293/183/112 294/64/112 288/219/112
f 44/104/113 42/103/113 34/91/113 37/155/113 36/85/113
f 354/251/114 351/44/114 350/156/114 349/74/114 352/76/114 353/69/114
f 355/86/55 351/44/55 354/251/55
f 1149/41/115 1146/334/115 1152/46/115 1153/194/115 1158/315/115
f 1277/178/116 1278/335/116 1281/336/116 1273/337/116 1270/338/116 1269/334/116
f 1404/68/117 1405/319/117 1402/231/117 1403/128/117 1398/130/117
f 384/101/118 381/203/118 380/200/118 377/202/118 379/171/118 378/121/118 383/296/118
f 339/160/56 343/159/56 345/60/56 341/61/56
f 196/339/119 200/229/119 195/105/119
f 1312/131/22 1309/214/22 1311/302/22 1310/298/22 1314/340/22 1315/92/22
f 677/107/97 673/297/97 671/136/97 676/75/97 675/180/97
f 107/41/28 99/127/28 110/43/28 111/197/28 114/45/28
f 190/172/22 184/202/22 185/151/22 188/171/22 187/121/22 193/296/22 194/101/22 191/100/22
f 1448/68/120 1450/319/120 1449/233/120 1446/231/120 1447/128/120 1444/130/120
f 1302/341/121 1301/342/121 1303/343/121
f 1081/36/82 1084/230/82 1092/267/82 1094/137/82 1089/141/82
f 370/74/122 372/76/122 373/69/122 374/77/122 371/78/122
f 356/160/56 360/159/56 364/81/56 358/61/56
f 361/344/33 367/345/33 369/346/33 363/347/33
f 204/36/64 210/182/64 219/117/64 215/116/64 216/79/64
f 783/348/123 784/349/123 780/350/123 781/55/123 778/57/123
f 224/188/124 231/182/124 238/76/124 240/75/124 236/102/124
f 264/188/125 271/182/125 272/351/125 280/89/125 281/75/125 278/102/125
f 390/86/55 387/44/55 389/77/55
f 1362/352/126 1365/260/126 1363/259/126
f 1346/353/127 1344/68/127 1343/234/127 1335/354/127 1338/355/127 1337/356/127 1336/210/127
f 1357/234/84 1351/235/84 1352/236/84
f 1385/322/128 1379/321/128 1378/357/128
f 213/41/28 207/42/28 217/78/28 218/44/28 222/45/28
f 1097/358/129 1098/36/129 1102/230/129 1103/359/129 1110/90/129 1111/137/129 1108/175/129
f 1415/360/8 1414/52/8 1418/241/8 1417/333/8 1416/322/8 1408/361/8 1410/218/8 1406/362/8
f 1421/363/130 1429/130/130 1430/52/130
f 1292/187/131 1293/217/131 1286/158/131 1287/218/131 1283/216/131
f 1406/352/126 1410/260/126 1407/259/126
f 1485/208/132 1483/364/132 1486/111/132
f 1427/365/133 1434/233/133 1435/353/133
f 1269/158/134 1267/35/134 1275/366/134 1276/367/134 1277/178/134
f 402/155/135 396/125/135 394/124/135 399/123/135
f 405/368/136 393/369/136 397/326/136 407/169/136
f 398/310/137 410/309/137 414/167/137 400/311/137
f 411/71/138 406/70/138 409/69/138 413/370/138
f 1439/357/139 1446/231/139 1449/233/139 1442/365/139 1443/371/139
f 439/83/8 451/242/8 452/243/8 440/244/8
f 1469/208/140 1466/213/140 1470/111/140
f 426/101/135 420/100/135 418/124/135 423/123/135
f 429/368/136 417/369/136 421/326/136 431/169/136
f 422/310/137 434/309/137 438/167/137 424/311/137
f 435/71/138 430/70/138 433/69/138 437/72/138
f 1585/107/141 1578/365/141 1579/371/141 1574/334/141 1581/372/141 1582/135/141 1583/194/141
f 637/110/142 634/202/142 636/215/142 640/327/142 639/318/142
f 1465/113/143 1473/373/143 1474/136/143 1476/374/143 1475/322/143 1468/375/143
f 625/106/100 632/107/100 630/108/100 624/109/100 623/110/100
f 1566/372/144 1559/361/144 1560/375/144
f 177/105/36 178/43/36 167/80/36 168/60/36 166/59/36 162/58/36 164/61/36 163/161/36
f 403/67/145 391/325/145 395/376/145 397/326/145 393/369/145 405/368/145 407/169/145 408/68/145
f 1561/208/140 1558/213/140 1562/111/140
f 450/101/135 444/119/135 442/124/135 447/123/135
f 453/368/136 441/369/136 445/326/136 455/169/136
f 446/310/137 458/309/137 462/167/137 448/311/137
f 459/71/138 454/70/138 457/205/138 461/72/138
f 1389/377/146 1390/353/146 1387/378/146 1384/53/146 1383/52/146
f 137/103/147 135/105/147 117/36/147 119/96/147 115/95/147 125/154/147 127/97/147 128/182/147
f 135/105/85 136/78/85 122/80/85 124/81/85 120/59/85 116/58/85 118/61/85 117/161/85
f 1595/373/148 1600/137/148 1596/136/148
f 863/348/123 864/349/123 861/350/123 862/55/123 857/57/123
f 1664/379/10 1666/380/10 1662/144/10 1660/381/10
f 112/103/147 109/105/147 95/36/147 97/96/147 93/95/147 101/154/147 103/97/147 104/182/147
f 299/251/80 298/69/80 300/86/80
f 474/155/149 468/100/149 466/124/149 471/123/149
f 477/382/136 465/383/136 469/384/136 479/224/136
f 470/310/137 482/330/137 486/167/137 472/311/137
f 483/71/138 478/70/138 481/69/138 485/370/138
f 288/219/150 294/64/150 289/127/150
f 261/77/80 259/69/80 262/86/80
f 498/101/135 492/125/135 490/124/135 495/123/135
f 501/382/136 489/383/136 493/384/136 503/224/136
f 494/310/137 506/330/137 510/167/137 496/311/137
f 507/71/138 502/70/138 505/69/138 509/72/138
f 1678/385/10 1676/386/10 1680/387/10 1682/388/10
f 452/243/34 451/242/34 456/179/34 457/205/34 454/70/34 459/71/34 461/72/34 460/73/34
f 67/103/12 68/173/12 66/78/12 65/105/12
f 499/67/145 487/325/145 491/376/145 493/384/145 489/383/145 501/382/145 503/224/145 504/68/145
f 593/242/151 581/325/151 585/376/151 587/326/151 583/369/151 595/368/151 596/169/151 597/179/151 598/389/151
f 582/306/106 594/243/106 600/73/106 602/167/106 599/309/106 588/310/106 590/311/106 591/312/106
f 1782/390/10 1780/391/10 1784/392/10 1786/280/10
f 522/101/135 516/119/135 514/124/135 519/123/135
f 525/382/136 513/383/136 517/384/136 527/224/136
f 518/310/137 530/330/137 534/167/137 520/311/137
f 531/71/138 526/70/138 529/205/138 533/72/138
f 156/79/36 157/78/36 144/80/36 146/81/36 142/59/36 139/58/36 141/82/36 140/83/36
f 1689/281/18 1687/294/18 1683/393/18 1685/394/18
f 1670/395/22 1669/396/22 1667/397/22 1668/398/22
f 404/307/34 403/67/34 408/68/34 409/69/34 406/70/34 411/71/34 413/370/34 412/168/34
f 1859/399/152 1863/400/152 1864/401/152 1860/402/152
f 1173/315/105 1168/194/105 1171/266/105
f 639/312/153 640/346/153 635/42/153 643/297/153 647/107/153
f 546/155/135 540/125/135 538/124/135 543/123/135
f 551/368/136 537/369/136 541/326/136 552/169/136
f 542/310/137 554/309/137 556/167/137 544/311/137
f 322/188/124 327/182/124 333/89/124 335/75/124 330/102/124
f 157/78/38 156/79/38 155/181/38 159/118/38 160/173/38
f 1031/286/18 1029/403/18 1025/404/18 1027/405/18
f 475/67/145 463/325/145 467/376/145 469/384/145 465/383/145 477/382/145 479/224/145 480/68/145
f 1861/406/154 1865/407/154 1863/400/154 1859/408/154
f 1118/359/155 1114/409/155 1117/230/155
f 1251/267/156 1249/40/156 1240/245/156 1241/188/156 1242/409/156 1246/190/156
f 568/101/135 562/100/135 560/124/135 565/123/135
f 571/368/136 559/369/136 563/326/136 573/169/136
f 564/310/137 576/309/137 580/167/137 566/311/137
f 577/71/138 572/70/138 575/69/138 579/72/138
f 1463/410/117 1464/332/117 1460/333/117 1461/241/117 1458/130/117
f 1115/49/76 1120/48/76 1116/220/76
f 388/89/157 385/88/157 376/245/157 380/223/157 381/182/157 382/351/157
f 299/251/122 296/156/122 295/74/122 297/76/122 298/69/122
f 699/106/158 707/107/158 706/108/158 705/180/158 704/169/158 698/111/158
f 1249/40/75 1250/217/75 1243/158/75 1244/218/75 1240/216/75
f 463/120/48 464/153/48 473/163/48 474/155/48 471/123/48 466/124/48 468/100/48 467/126/48
f 148/295/159 140/150/159 141/204/159 146/171/159 144/121/159 145/411/159 154/412/159 152/165/159 153/101/159 149/119/159
f 592/101/149 586/119/149 584/124/149 589/123/149
f 595/368/136 583/369/136 587/326/136 596/169/136
f 588/310/137 599/309/137 602/167/137 590/311/137
f 1350/321/160 1349/357/160 1356/231/160 1360/233/160 1353/413/160 1354/320/160
f 328/183/161 325/127/161 331/178/161 336/206/161 337/77/161 338/86/161
f 1082/49/76 1086/48/76 1083/220/76
f 703/297/10 707/107/10 699/312/10 696/127/10
f 659/224/162 660/180/162 655/196/162 656/114/162 648/325/162 651/97/162 652/182/162
f 626/196/81 631/75/81 627/136/81
f 1167/241/12 1164/40/12 1163/39/12 1170/174/12 1172/316/12 1171/266/12 1168/194/12 1166/335/12
f 704/169/18 705/180/18 700/181/18 701/196/18 702/114/18 693/325/18 695/96/18 697/182/18
f 680/211/102 684/318/102 683/111/102 682/110/102 681/200/102 679/228/102
f 715/196/81 721/75/81 716/136/81
f 1332/352/163 1333/305/163 1337/356/163 1338/355/163 1334/258/163
f 618/414/164 626/196/164 627/136/164
f 622/97/18 623/182/18 624/326/18 629/180/18 631/75/18 626/196/18 618/324/18 619/325/18
f 714/106/77 722/107/77 720/180/77 719/169/77 713/111/77
f 688/198/10 692/107/10 684/312/10 680/42/10
f 1129/415/22 1130/305/22 1132/416/22 1131/304/22
f 665/211/102 669/106/102 668/111/102 667/110/102 666/323/102 664/228/102
f 688/198/165 680/244/165 679/115/165 687/114/165 685/196/165 686/136/165
f 661/107/166 654/312/166 650/127/166 657/198/166 658/197/166
f 1479/417/52 1476/374/52 1474/136/52 1478/137/52 1477/418/52 1480/139/52
f 651/170/167 648/150/167 649/228/167
f 644/180/168 638/109/168 645/108/168
f 1148/300/98 1149/419/98 1158/315/98 1156/132/98 1157/133/98 1154/117/98
f 1172/316/99 1170/174/99 1169/38/99
f 654/106/158 661/107/158 662/139/158 660/180/158 659/224/158 653/111/158
f 696/211/169 699/106/169 698/111/169 695/112/169 693/150/169 694/228/169
f 1191/92/170 1189/91/170 1188/300/170
f 661/107/171 658/197/171 662/139/171
f 1216/341/121 1215/342/121 1217/303/121
f 237/156/65 241/251/65 242/86/65 233/183/65 234/64/65 232/184/65 227/185/65 229/65/65 228/127/65
f 715/196/18 717/114/18 708/325/18 711/97/18 712/182/18 719/169/18 720/180/18 721/75/18
f 674/224/172 667/110/172 668/111/172
f 670/196/81 676/75/81 671/136/81
f 677/107/10 669/312/10 665/127/10 673/297/10
f 703/297/173 696/244/173 694/115/173 702/114/173 701/196/173
f 733/297/10 737/107/10 729/312/10 725/42/10
f 1272/190/155 1268/189/155 1271/37/155
f 606/211/174 610/106/174 608/111/174 605/112/174 604/150/174
f 681/223/18 682/182/18 689/224/18 690/180/18 691/229/18 685/196/18 687/114/18 678/325/18
f 113/104/175 112/103/175 104/172/175 105/100/175 102/99/175 106/98/175 108/155/175 107/85/175 114/45/175
f 1212/219/76 1218/48/76 1213/220/76
f 689/224/172 682/110/172 683/111/172
f 685/196/81 691/229/81 686/136/81
f 621/211/176 625/106/176 623/110/176 622/323/176 620/228/176
f 617/107/177 614/297/177 613/136/177 612/196/177 611/181/177 616/108/177
f 26/36/125 33/182/125 34/359/125 42/103/125 43/75/125 40/420/125
f 1248/269/170 1246/268/170 1245/421/170
f 327/203/37 328/165/37 338/86/37 334/205/37 333/89/37
f 1293/217/12 1292/187/12 1294/191/12 1295/422/12
f 1200/313/51 1201/423/51 1208/266/51 1209/316/51 1206/38/51
f 557/120/48 558/121/48 567/122/48 568/101/48 565/123/48 560/124/48 562/100/48 561/126/48
f 1426/236/178 1432/377/178 1429/130/178 1421/363/178 1422/424/178
f 711/323/167 708/150/167 709/228/167
f 722/107/10 714/312/10 710/127/10 718/198/10
f 1264/46/12 1263/187/12 1265/186/12 1266/425/12
f 1254/331/109 1256/157/109 1257/158/109
f 366/351/179 359/96/179 365/182/179
f 1277/178/180 1276/367/180 1278/335/180
f 719/169/172 712/110/172 713/111/172
f 708/113/46 717/114/46 709/115/46
f 1263/187/181 1264/46/181 1256/157/181 1254/331/181 1253/51/181
f 1367/257/182 1368/256/182 1375/332/182 1374/410/182 1373/234/182
f 789/426/24 793/427/24 792/247/24 788/428/24
f 1306/186/12 1307/425/12 1305/46/12 1304/40/12
f 1283/216/26 1287/218/26 1284/362/26
f 184/36/124 190/182/124 199/103/124 200/229/124 196/339/124
f 1327/269/22 1324/421/22 1321/214/22 1323/260/22 1322/261/22 1326/423/22
f 1341/54/183 1340/53/183 1342/378/183
f 1377/429/184 1378/305/184 1379/430/184
f 1372/241/50 1370/52/50 1369/130/50
f 788/428/22 786/431/22 787/432/22 789/426/22
f 1338/355/185 1335/354/185 1334/258/185
f 762/433/186 746/434/186 748/435/186 749/436/186 764/437/186 765/438/186
f 1457/256/90 1456/257/90 1455/258/90 1452/259/90 1454/260/90 1453/261/90
f 838/439/187 822/440/187 825/441/187 824/442/187 840/238/187 841/443/187
f 840/238/188 837/237/188 836/438/188 835/444/188 839/445/188 841/443/188
f 99/153/68 107/85/68 108/155/68 105/100/68 104/172/68 103/323/68 97/446/68 95/150/68 96/151/68 100/152/68
f 830/440/189 846/439/189 848/443/189 849/447/189 832/448/189 833/441/189
f 750/440/189 766/439/189 768/443/189 769/447/189 752/448/189 753/441/189
f 847/445/190 843/444/190 845/438/190 844/437/190 849/447/190 848/443/190
f 1356/231/191 1349/50/191 1348/449/191 1347/35/191 1355/129/191
f 740/450/192 744/451/192 745/452/192 743/453/192 739/454/192 741/455/192
f 746/434/10 738/434/10 741/435/10 748/435/10
f 748/455/10 741/455/10 739/454/10 747/454/10
f 742/440/10 750/440/10 753/441/10 745/441/10
f 745/452/10 753/452/10 751/453/10 743/453/10
f 754/433/10 762/433/10 765/438/10 756/438/10
f 756/438/10 765/438/10 763/444/10 755/444/10
f 766/439/10 758/439/10 761/443/10 768/443/10
f 768/443/10 761/443/10 759/445/10 767/445/10
f 746/434/10 762/433/10 754/433/10 738/434/10
f 739/454/10 743/453/10 751/453/10 747/454/10
f 766/439/10 750/440/10 742/440/10 758/439/10
f 763/444/10 767/445/10 759/445/10 755/444/10
f 782/456/193 774/457/193 775/458/193
f 222/45/55 218/44/55 221/173/55
f 777/459/194 772/460/194 780/350/194 784/349/194 785/461/194
f 864/349/195 856/462/195 853/463/195 860/464/195 861/350/195
f 1390/353/182 1389/377/182 1388/465/182 1381/466/182 1382/356/182
f 1391/352/126 1395/302/126 1392/259/126
f 860/464/196 853/463/196 852/460/196
f 776/467/197 775/468/197 774/469/197 771/470/197 773/471/197 772/472/197 777/473/197
f 775/468/24 776/467/24 785/461/24 784/349/24 783/348/24 782/456/24
f 786/474/18 788/289/18 792/247/18 790/475/18
f 792/247/12 793/427/12 791/249/12 790/475/12
f 1392/476/198 1400/360/198 1391/477/198
f 91/118/147 89/79/147 71/36/147 73/96/147 69/95/147 79/94/147 81/97/147 82/182/147
f 210/295/22 204/202/22 205/204/22 208/171/22 207/121/22 213/296/22 214/101/22 211/119/22
f 1574/211/72 1579/209/72 1577/111/72 1573/364/72 1572/415/72 1575/215/72
f 1416/322/128 1409/321/128 1408/357/128
f 1405/319/24 1404/68/24 1396/478/24 1397/479/24
f 1423/429/184 1424/305/184 1425/430/184
f 181/104/175 180/103/175 172/172/175 173/125/175 170/99/175 174/98/175 176/155/175 175/199/175 182/45/175
f 1450/319/199 1448/68/199 1441/480/199 1443/479/199 1442/481/199
f 1441/236/200 1448/68/200 1444/130/200 1436/363/200 1437/424/200 1438/476/200
f 837/237/8 840/238/8 824/239/8 820/240/8
f 794/482/201 795/483/201 796/484/201
f 797/485/9 798/486/9 799/487/9
f 800/488/202 801/489/202 802/490/202
f 803/491/17 804/492/17 805/493/17
f 806/494/203 807/495/203 808/496/203
f 809/497/204 810/498/204 811/499/204
f 812/500/23 813/501/23 814/502/23
f 815/503/205 816/504/205 817/505/205
f 800/488/7 794/482/7 796/484/7 801/489/7
f 795/506/11 797/507/11 799/508/11 796/509/11
f 798/510/6 803/491/6 805/493/6 799/508/6
f 804/492/206 802/511/206 801/512/206 805/493/206
f 812/500/1 800/488/1 802/490/1 813/501/1
f 803/491/2 815/503/2 817/505/2 804/492/2
f 816/504/16 814/502/16 813/501/16 817/505/16
f 806/494/207 812/500/207 814/502/207 807/495/207
f 815/503/13 809/497/13 811/499/13 816/504/13
f 810/498/15 808/496/15 807/495/15 811/499/15
f 794/482/5 806/494/5 808/496/5 795/483/5
f 809/497/4 798/486/4 797/485/4 810/498/4
f 800/488/18 812/500/18 806/494/18 794/482/18
f 796/509/22 799/508/22 805/493/22 801/512/22
f 808/496/8 810/498/8 797/485/8 795/513/8
f 815/503/10 803/514/10 798/515/10 809/497/10
f 802/511/24 804/492/24 817/505/24 813/501/24
f 814/502/12 816/504/12 811/499/12 807/495/12
f 1507/374/208 1500/50/208 1498/113/208 1497/516/208 1506/136/208
f 1436/363/130 1444/130/130 1445/129/130
f 217/78/12 216/79/12 215/116/12 220/118/12 221/173/12 218/44/12
f 760/238/188 757/237/188 756/438/188 755/444/188 759/445/188 761/443/188
f 112/103/43 113/104/43 111/197/43 110/43/43 109/105/43
f 752/517/209 749/518/209 748/455/209 747/454/209 751/453/209 753/452/209
f 842/433/186 826/434/186 828/435/186 829/436/186 844/437/186 845/438/186
f 1476/374/10 1479/417/10 1471/413/10 1472/320/10 1467/220/10 1475/322/10
f 818/434/210 834/433/210 836/438/210 837/237/210 820/519/210 821/435/210
f 820/450/192 824/451/192 825/452/192 823/453/192 819/454/192 821/455/192
f 738/434/210 754/433/210 756/438/210 757/237/210 740/519/210 741/435/210
f 758/439/187 742/440/187 745/441/187 744/442/187 760/238/187 761/443/187
f 767/445/190 763/444/190 765/438/190 764/437/190 769/447/190 768/443/190
f 826/434/10 818/434/10 821/435/10 828/435/10
f 828/455/10 821/455/10 819/454/10 827/454/10
f 822/440/10 830/440/10 833/441/10 825/441/10
f 825/452/10 833/452/10 831/453/10 823/453/10
f 834/433/10 842/433/10 845/438/10 836/438/10
f 836/438/10 845/438/10 843/444/10 835/444/10
f 846/439/10 838/439/10 841/443/10 848/443/10
f 848/443/10 841/443/10 839/445/10 847/445/10
f 826/434/10 842/433/10 834/433/10 818/434/10
f 819/454/10 823/453/10 831/453/10 827/454/10
f 846/439/10 830/440/10 822/440/10 838/439/10
f 843/444/10 847/445/10 839/445/10 835/444/10
f 1451/352/126 1454/260/126 1452/259/126
f 1475/322/144 1467/50/144 1468/375/144
f 1481/520/211 1482/521/211 1483/189/211 1485/37/211 1493/207/211 1489/39/211 1490/196/211
f 256/102/119 260/75/119 255/74/119
f 114/45/55 111/197/55 113/104/55
f 316/87/65 319/77/65 320/86/65 313/183/65 314/64/65 312/329/65 306/328/65 308/65/65 307/127/65
f 832/517/209 829/518/209 828/455/209 827/454/209 831/453/209 833/452/209
f 1518/225/212 1526/107/212 1524/522/212 1523/465/212 1517/111/212
f 777/459/213 785/461/213 776/462/213
f 870/249/8 866/523/8 865/524/8 869/246/8
f 315/74/85 316/87/85 307/158/85 309/81/85 305/159/85 301/160/85 303/61/85 302/161/85
f 523/242/8 524/66/8 512/244/8 511/83/8
f 1497/516/214 1505/373/214 1506/136/214
f 873/482/201 874/483/201 875/484/201
f 876/485/215 877/486/215 878/487/215
f 879/488/202 880/489/202 881/490/202
f 882/491/17 883/492/17 884/493/17
f 885/494/203 886/495/203 887/496/203
f 888/497/21 889/498/21 890/499/21
f 891/500/23 892/525/23 893/502/23
f 894/503/216 895/504/216 896/505/216
f 879/488/7 873/482/7 875/484/7 880/489/7
f 874/506/217 876/507/217 878/508/217 875/509/217
f 877/510/6 882/491/6 884/493/6 878/508/6
f 883/492/206 881/511/206 880/512/206 884/493/206
f 891/500/1 879/488/1 881/490/1 892/525/1
f 882/491/2 894/503/2 896/505/2 883/492/2
f 895/504/16 893/502/16 892/525/16 896/505/16
f 885/494/207 891/500/207 893/502/207 886/495/207
f 894/503/13 888/497/13 890/499/13 895/504/13
f 889/498/15 887/496/15 886/495/15 890/499/15
f 873/482/5 885/494/5 887/496/5 874/483/5
f 888/497/4 877/486/4 876/485/4 889/498/4
f 879/488/18 891/500/18 885/494/18 873/482/18
f 875/509/22 878/508/22 884/493/22 880/512/22
f 887/496/8 889/498/8 876/485/8 874/513/8
f 894/503/10 882/514/10 877/515/10 888/497/10
f 881/511/24 883/492/24 896/505/24 892/525/24
f 893/502/12 895/504/12 890/499/12 886/495/12
f 1617/526/218 1616/527/218 1620/528/218 1619/529/218
f 905/530/206 904/531/206 908/532/206 907/533/206
f 917/534/16 916/535/16 920/536/16 919/537/16
f 897/538/201 898/539/201 899/540/201
f 919/537/13 918/541/13 912/542/13 914/543/13
f 915/544/207 917/534/207 910/545/207 909/546/207
f 898/547/11 900/548/11 902/549/11 899/550/11
f 900/548/9 901/551/9 902/549/9
f 906/552/10 901/553/10 912/542/10 918/541/10
f 945/554/4 944/555/4 933/556/4 932/557/4
f 903/558/14 904/559/14 905/560/14
f 915/544/1 903/558/1 905/560/1 916/535/1
f 904/559/7 903/558/7 897/538/7 899/540/7
f 906/561/219 907/533/219 908/532/219
f 1013/562/207 1019/563/207 1021/564/207 1014/565/207
f 909/546/19 910/545/19 911/566/19
f 906/561/2 918/541/2 920/536/2 907/533/2
f 1040/567/22 1035/568/22 1038/569/22 1044/570/22
f 1655/571/220 1654/572/220 1658/573/220 1657/574/220
f 1653/575/221 1641/576/221 1643/577/221 1654/572/221
f 912/542/21 913/578/21 914/543/21
f 1054/579/2 1056/580/2 1043/581/2 1042/582/2
f 915/544/222 916/535/222 917/534/222
f 905/530/24 907/533/24 920/536/24 916/535/24
f 1010/583/6 1012/584/6 1006/585/6 1005/586/6
f 909/546/5 911/566/5 898/539/5 897/538/5
f 918/541/223 919/537/223 920/536/223
f 1541/107/224 1537/135/224 1535/196/224 1534/39/224 1540/108/224
f 928/587/10 924/588/10 922/589/10 926/590/10
f 249/148/54 254/149/54 253/165/54 251/84/54 244/150/54 245/151/54 250/171/54 248/121/54
f 1871/591/12 1873/592/12 1874/593/12 1872/594/12
f 1860/595/225 1864/401/225 1866/596/225 1862/597/225
f 922/598/22 924/599/22 923/600/22 921/601/22
f 924/599/24 928/587/24 927/602/24 923/600/24
f 947/603/1 935/604/1 937/605/1 948/606/1
f 1649/607/226 1648/527/226 1652/608/226 1651/609/226
f 959/610/7 953/611/7 955/612/7 960/613/7
f 929/614/201 930/615/201 931/612/201
f 913/578/8 900/616/8 898/617/8 911/566/8
f 938/583/2 950/618/2 952/619/2 939/620/2
f 993/621/4 992/555/4 981/556/4 980/622/4
f 945/554/15 943/623/15 942/624/15 946/625/15
f 932/626/215 933/586/215 934/627/215
f 1642/628/227 1641/576/227 1635/629/227 1637/630/227
f 1657/574/228 1656/631/228 1650/632/228 1652/608/228
f 974/618/2 976/633/2 963/634/2 962/583/2
f 935/604/14 936/613/14 937/605/14
f 930/547/11 932/626/11 934/627/11 931/635/11
f 948/606/24 937/636/24 939/620/24 952/619/24
f 938/583/229 939/620/229 940/637/229
f 966/638/207 965/639/207 971/640/207 973/641/207
f 1658/573/230 1654/572/230 1643/642/230 1645/643/230
f 1612/644/231 1614/645/231 1608/646/231 1607/647/231
f 941/648/19 942/624/19 943/623/19
f 951/649/16 949/650/16 948/606/16 952/619/16
f 986/583/6 988/651/6 982/652/6 981/586/6
f 944/555/204 945/554/204 946/625/204
f 992/555/10 998/618/10 986/653/10 981/654/10
f 1618/655/232 1607/656/232 1606/657/232 1619/529/232
f 1022/658/10 1010/653/10 1005/654/10 1016/659/10
f 1605/660/233 1604/661/233 1606/657/233 1608/662/233
f 1649/607/234 1651/609/234 1638/663/234 1636/664/234
f 947/603/23 948/606/23 949/650/23
f 1651/609/235 1650/632/235 1639/656/235 1638/663/235
f 897/538/18 903/558/18 915/544/18 909/546/18
f 1056/580/16 1055/665/16 1053/666/16 1052/667/16
f 950/618/216 951/649/216 952/619/216
f 971/640/1 959/610/1 961/668/1 972/669/1
f 906/561/6 908/532/6 902/549/6 901/551/6
f 1036/670/11 1038/569/11 1035/568/11 1034/547/11
f 953/611/236 954/671/236 955/612/236
f 972/669/24 961/672/24 963/634/24 976/633/24
f 974/618/13 968/555/13 970/673/13 975/674/13
f 987/675/24 1000/676/24 996/677/24 985/678/24
f 969/679/15 967/680/15 966/638/15 970/673/15
f 956/681/215 957/586/215 958/682/215
f 958/682/6 957/586/6 962/583/6 964/683/6
f 1624/684/237 1626/685/237 1613/686/237 1612/644/237
f 938/583/6 940/637/6 934/627/6 933/586/6
f 959/610/238 960/613/238 961/668/238
f 934/627/22 940/637/22 936/687/22 931/635/22
f 954/547/11 956/681/11 958/682/11 955/635/11
f 968/555/4 957/556/4 956/688/4 969/679/4
f 962/583/219 963/634/219 964/683/219
f 999/689/16 997/690/16 996/677/16 1000/676/16
f 979/635/22 982/652/22 988/651/22 984/687/22
f 1004/691/217 1006/585/217 1003/635/217 1002/547/217
f 965/639/239 966/638/239 967/680/239
f 1009/672/24 1011/692/24 1024/693/24 1020/677/24
f 1011/692/2 1010/583/2 1022/658/2 1024/693/2
f 976/633/16 975/674/16 973/641/16 972/669/16
f 969/679/8 956/688/8 954/694/8 967/680/8
f 1052/667/1 1051/695/1 1039/696/1 1041/697/1
f 968/555/21 969/679/21 970/673/21
f 929/614/5 941/648/5 943/623/5 930/615/5
f 1644/644/240 1646/698/240 1640/646/240 1639/699/240
f 1048/700/13 1050/701/13 1055/665/13 1054/579/13
f 971/640/222 972/669/222 973/641/222
f 941/648/207 947/603/207 949/650/207 942/624/207
f 974/618/25 975/674/25 976/633/25
f 995/603/1 983/702/1 985/703/1 996/677/1
f 1023/704/16 1021/564/16 1020/677/16 1024/693/16
f 935/604/7 929/614/7 931/612/7 936/613/7
f 977/705/3 978/706/3 979/612/3
f 1020/677/241 1019/563/241 1007/707/241 1009/668/241
f 950/618/13 944/555/13 946/625/13 951/649/13
f 960/687/22 955/635/22 958/682/22 964/683/22
f 980/708/215 981/586/215 982/652/215
f 983/702/7 977/705/7 979/612/7 984/613/7
f 988/651/20 987/675/20 985/678/20 984/687/20
f 953/611/242 965/639/242 967/680/242 954/671/242
f 983/702/238 984/613/238 985/703/238
f 1016/659/4 1005/556/4 1004/709/4 1017/710/4
f 986/583/229 987/675/229 988/651/229
f 1001/711/243 1003/612/243 1008/613/243 1007/707/243
f 1647/712/244 1635/629/244 1641/576/244 1653/575/244
f 1012/584/20 1011/692/20 1009/672/20 1008/687/20
f 1625/574/245 1620/528/245 1616/527/245 1623/713/245
f 977/705/242 989/648/242 991/623/242 978/706/242
f 989/648/246 990/714/246 991/623/246
f 929/614/18 935/604/18 947/603/18 941/648/18
f 992/555/204 993/621/204 994/715/204
f 1002/671/5 1001/711/5 1013/562/5 1015/623/5
f 1646/698/247 1645/643/247 1643/642/247 1642/716/247
f 995/603/23 996/677/23 997/690/23
f 1023/704/13 1022/658/13 1016/659/13 1018/717/13
f 980/708/11 982/652/11 979/635/11 978/547/11
f 998/618/223 999/689/223 1000/676/223
f 950/618/10 938/653/10 933/654/10 944/555/10
f 1001/711/3 1002/671/3 1003/612/3
f 1008/687/22 1003/635/22 1006/585/22 1012/584/22
f 992/555/13 994/715/13 999/689/13 998/618/13
f 1004/691/9 1005/586/9 1006/585/9
f 963/634/20 961/672/20 960/687/20 964/683/20
f 1007/707/238 1008/613/238 1009/668/238
f 1051/695/18 1045/718/18 1033/719/18 1039/696/18
f 1010/583/248 1011/692/248 1012/584/248
f 989/648/207 995/603/207 997/690/207 990/714/207
f 989/648/18 977/705/18 983/702/18 995/603/18
f 1656/631/249 1658/573/249 1645/643/249 1644/644/249
f 1013/562/239 1014/565/239 1015/623/239
f 998/618/2 1000/676/2 987/675/2 986/583/2
f 1036/720/8 1034/721/8 1047/722/8 1049/723/8
f 1016/659/21 1017/710/21 1018/717/21
f 951/649/12 946/625/12 942/624/12 949/650/12
f 1019/563/250 1020/677/250 1021/564/250
f 1611/724/251 1610/725/251 1614/645/251 1613/686/251
f 1022/658/216 1023/704/216 1024/693/216
f 725/211/102 729/318/102 728/111/102 727/110/102 726/200/102 724/228/102
f 569/67/8 570/66/8 558/244/8 557/161/8
f 278/102/252 277/88/252 279/87/252 268/158/252 270/81/252 266/159/252 263/160/252 265/82/252 264/83/252
f 1882/726/225 1878/597/225 1876/589/225 1880/727/225
f 650/211/102 654/106/102 653/111/102 652/110/102 651/170/102 649/228/102
f 1126/317/253 1121/142/253 1122/141/253 1113/36/253 1114/409/253 1118/359/253 1125/117/253
f 1030/146/12 1029/403/12 1031/286/12 1032/147/12
f 1678/728/22 1677/729/22 1675/730/22 1676/731/22
f 1050/701/15 1049/723/15 1047/722/15 1046/732/15
f 911/566/15 910/545/15 914/543/15 913/578/15
f 1610/725/254 1605/733/254 1608/646/254 1614/645/254
f 1051/695/207 1053/666/207 1046/732/207 1045/718/207
f 1033/719/201 1034/734/201 1035/735/201
f 1042/582/6 1044/570/6 1038/569/6 1037/736/6
f 1040/737/7 1039/696/7 1033/719/7 1035/735/7
f 1046/732/12 1053/666/12 1055/665/12 1050/701/12
f 1036/670/215 1037/736/215 1038/569/215
f 1044/570/20 1043/581/20 1041/738/20 1040/567/20
f 1612/739/255 1607/740/255 1618/655/255 1624/684/255
f 1033/719/5 1045/718/5 1047/722/5 1034/734/5
f 1039/696/14 1040/737/14 1041/697/14
f 1648/527/256 1655/571/256 1657/574/256 1652/608/256
f 1049/723/4 1048/700/4 1037/556/4 1036/720/4
f 1042/582/17 1043/581/17 1044/570/17
f 912/542/4 901/556/4 900/616/4 913/578/4
f 1646/698/257 1642/716/257 1637/741/257 1640/646/257
f 1626/685/258 1625/574/258 1623/713/258 1622/742/258
f 939/620/20 937/636/20 936/687/20 940/637/20
f 1045/718/19 1046/732/19 1047/722/19
f 902/549/22 908/532/22 904/531/22 899/550/22
f 1048/700/259 1049/723/259 1050/701/259
f 1056/580/24 1052/667/24 1041/738/24 1043/581/24
f 1051/695/23 1052/667/23 1053/666/23
f 1042/743/10 1037/744/10 1048/700/10 1054/579/10
f 1054/579/216 1055/665/216 1056/580/216
f 19/4/207 21/29/207 14/32/207 13/28/207
f 1058/19/3 1059/745/3 1057/16/3
f 1653/575/260 1655/571/260 1648/527/260 1647/712/260
f 1060/14/8 1058/19/8 1071/18/8 1073/15/8
f 1063/746/1 1065/747/1 1076/748/1 1075/749/1
f 1061/13/9 1062/750/9 1060/14/9
f 1061/13/6 1066/751/6 1068/752/6 1062/750/6
f 1057/16/18 1063/746/18 1075/749/18 1069/17/18
f 1063/746/7 1057/16/7 1059/745/7 1064/753/7
f 1064/753/238 1065/747/238 1063/746/238
f 1068/752/22 1064/753/22 1059/745/22 1062/750/22
f 1068/752/219 1066/751/219 1067/754/219
f 1080/755/24 1076/748/24 1065/747/24 1067/754/24
f 1070/756/15 1074/757/15 1073/15/15 1071/18/15
f 1076/748/16 1080/755/16 1079/758/16 1077/759/16
f 1071/18/239 1069/17/239 1070/756/239
f 1067/754/20 1065/747/20 1064/753/20 1068/752/20
f 1060/14/11 1062/750/11 1059/745/11 1058/19/11
f 1073/15/21 1074/757/21 1072/12/21
f 1078/760/13 1072/12/13 1074/757/13 1079/758/13
f 1077/759/250 1075/749/250 1076/748/250
f 1289/190/155 1285/189/155 1288/37/155
f 1074/757/12 1070/756/12 1077/759/12 1079/758/12
f 1061/13/10 1072/12/10 1078/760/10 1066/751/10
f 1066/751/2 1078/760/2 1080/755/2 1067/754/2
f 1079/758/25 1080/755/25 1078/760/25
f 1615/761/261 1603/762/261 1609/763/261 1621/764/261
f 1235/335/29 1238/132/29 1232/183/29 1233/48/29 1227/219/29
f 310/84/262 304/446/262 302/150/262 303/151/262 309/171/262 307/121/262 308/411/262 314/412/262 313/165/262
f 1090/143/180 1088/53/180 1091/195/180
f 1095/193/263 1093/192/263 1096/765/263
f 1107/766/110 1111/137/110 1110/90/110 1112/47/110 1109/46/110
f 535/120/48 536/153/48 545/163/48 546/155/48 543/123/48 538/124/48 540/125/48 539/126/48
f 31/148/264 38/149/264 36/85/264 37/155/264 33/172/264 26/150/264 27/151/264 32/152/264 30/153/264
f 657/198/173 650/244/173 649/115/173 656/114/173 655/196/173
f 1097/33/26 1101/34/26 1098/35/26
f 1099/49/76 1106/48/76 1100/220/76
f 1522/135/265 1514/361/265 1513/115/265 1521/360/265 1519/196/265 1520/136/265
f 1105/92/170 1103/91/170 1102/300/170
f 1108/175/266 1111/137/266 1107/766/266
f 1390/353/267 1382/320/267 1379/321/267 1385/322/267 1386/767/267 1387/378/267
f 1131/304/268 1132/416/268 1143/315/268 1141/192/268 1140/191/268 1139/38/268
f 315/74/122 317/76/122 318/69/122 319/77/122 316/87/122
f 136/78/49 138/173/49 132/41/49 134/64/49 130/177/49 121/176/49 123/65/49 122/127/49
f 1220/102/269 1219/40/269 1221/46/269 1212/157/269 1211/331/269 1210/51/269
f 603/324/18 604/325/18 605/96/18 607/182/18 609/326/18 615/180/18 611/181/18 612/196/18
f 629/180/168 624/109/168 630/108/168
f 1124/241/107 1122/141/107 1121/142/107
f 1124/241/12 1121/142/12 1126/317/12 1128/316/12 1127/266/12 1123/335/12
f 1163/39/270 1169/38/270 1170/174/270
f 1136/143/180 1135/53/180 1137/195/180
f 92/173/271 91/118/271 82/295/271 83/119/271 80/99/271 85/98/271 87/101/271 86/165/271
f 1294/191/156 1292/187/156 1283/245/156 1284/188/156 1285/189/156 1289/190/156
f 297/76/272 295/74/272 284/188/272 286/96/272 292/351/272
f 558/306/106 570/66/106 578/73/106 580/167/106 576/309/106 564/310/106 566/311/106 567/312/106
f 1123/335/29 1127/266/29 1119/41/29 1120/48/29 1115/49/29
f 1116/261/22 1120/299/22 1119/270/22 1117/313/22 1114/213/22 1113/301/22
f 1142/193/263 1141/192/263 1143/315/263
f 648/113/46 656/114/46 649/115/46
f 1333/357/273 1341/54/273 1342/378/273 1345/233/273 1336/413/273 1337/320/273
f 633/414/164 641/196/164 642/136/164
f 1412/256/274 1411/768/274 1407/259/274 1410/260/274 1408/261/274 1409/430/274
f 666/323/167 663/150/167 664/228/167
f 1428/356/275 1426/354/275 1422/352/275 1423/429/275 1425/430/275
f 641/196/81 646/229/81 642/136/81
f 659/224/172 652/110/172 653/111/172
f 138/173/271 137/103/271 128/172/271 129/125/271 126/99/271 131/98/271 133/101/271 132/165/271
f 1150/39/270 1154/117/270 1155/186/270
f 1157/133/99 1155/186/99 1154/117/99
f 349/74/36 350/156/36 344/158/36 345/60/36 343/159/36 339/160/36 341/61/36 340/161/36
f 292/164/59 291/84/59 293/85/59 300/86/59 298/69/59 297/76/59
f 1184/193/12 1181/195/12 1179/53/12 1178/40/12 1182/191/12 1183/192/12
f 1158/315/105 1153/194/105 1156/132/105
f 1177/343/22 1176/304/22 1174/214/22 1175/305/22
f 1557/113/143 1564/373/143 1565/136/143 1567/135/143 1566/372/143 1560/375/143
f 201/173/175 199/103/175 190/172/175 191/100/175 189/99/175 192/98/175 194/101/175 193/296/175 202/45/175
f 1145/415/276 1147/302/276 1146/298/276 1149/419/276 1148/300/276
f 1152/46/277 1151/253/277 1150/39/277 1155/186/277 1157/133/277 1156/132/277 1153/194/277
f 1159/415/22 1160/261/22 1162/314/22 1161/313/22
f 366/164/59 365/84/59 368/296/59 375/86/59 373/69/59 372/76/59
f 1373/234/84 1366/235/84 1367/236/84
f 643/297/278 635/244/278 636/375/278 634/113/278 633/414/278 642/136/278
f 1025/769/8 1029/403/8 1030/146/8 1026/770/8
f 663/113/46 672/114/46 664/115/46
f 1477/418/279 1469/208/279 1470/111/279 1472/225/279 1471/210/279 1480/139/279
f 1184/193/263 1183/192/263 1185/315/263
f 1180/143/180 1179/53/180 1181/195/180
f 72/204/22 78/171/22 76/121/22 77/148/22 88/149/22 86/165/22 87/101/22 83/119/22 82/295/22 81/170/22 73/112/22 71/150/22
f 684/318/77 692/107/77 690/180/77 689/224/77 683/111/77
f 1307/425/280 1306/186/280 1300/771/280 1301/342/280 1302/341/280
f 1220/102/266 1223/137/266 1219/40/266
f 1339/52/281 1332/521/281 1334/235/281 1343/234/281 1344/68/281
f 1177/41/10 1175/772/10 1180/143/10 1181/195/10 1184/193/10 1185/315/10
f 1305/46/10 1307/425/10 1302/337/10 1303/183/10 1299/772/10 1298/219/10
f 1194/143/180 1193/367/180 1195/46/180
f 1191/92/282 1188/300/282 1186/214/282 1187/298/282 1190/340/282
f 1192/253/283 1196/186/283 1197/132/283 1195/46/283 1193/367/283
f 1107/766/284 1109/46/284 1099/140/284 1100/80/284 1101/34/284 1097/33/284 1108/175/284
f 1425/321/160 1424/357/160 1431/767/160 1434/233/160 1427/365/160 1428/371/160
f 594/243/285 593/242/285 598/389/285 601/72/285 600/73/285
f 337/77/80 334/205/80 338/86/80
f 1084/304/286 1085/303/286 1096/765/286 1093/192/286 1092/267/286
f 416/306/106 428/66/106 436/73/106 438/167/106 434/309/106 422/310/106 424/311/106 425/312/106
f 1190/41/287 1187/772/287 1194/143/287 1195/46/287 1197/132/287
f 1318/773/18 1316/253/18 1308/245/18 1309/188/18 1312/37/18 1313/190/18
f 1369/130/288 1370/52/288 1362/521/288 1363/476/288 1366/235/288 1373/234/288 1374/410/288
f 282/77/113 280/89/113 272/164/113 275/101/113 274/165/113
f 1671/774/8 1672/775/8 1668/776/8 1667/777/8
f 1260/190/155 1255/189/155 1258/37/155
f 1205/241/12 1202/40/12 1207/174/12 1209/316/12 1208/266/12 1204/335/12
f 1246/190/155 1242/409/155 1245/230/155
f 681/200/167 678/202/167 679/228/167
f 1224/193/280 1222/90/280 1214/771/280 1215/342/280 1216/341/280
f 365/84/262 359/201/262 357/202/262 358/151/262 364/171/262 362/121/262 363/778/262 369/327/262 368/296/262
f 1199/261/22 1201/423/22 1200/313/22 1198/214/22
f 1330/191/18 1328/40/18 1320/245/18 1321/188/18 1324/37/18 1325/190/18
f 1293/217/10 1295/422/10 1290/183/10 1286/334/10
f 733/297/165 725/244/165 724/115/165 732/114/165 730/196/165 731/136/165
f 1214/771/94 1210/301/94 1211/429/94 1213/305/94 1218/299/94 1217/303/94 1215/342/94
f 383/183/28 378/42/28 386/87/28 387/44/28 390/86/28
f 673/297/165 665/244/165 664/115/165 672/114/165 670/196/165 671/136/165
f 1270/779/22 1274/419/22 1271/131/22 1268/364/22 1267/415/22 1269/298/22
f 1230/254/289 1225/245/289 1226/188/289
f 347/351/290 342/96/290 346/182/290
f 1248/269/291 1245/421/291 1242/213/291 1241/301/291 1244/260/291 1243/261/291 1247/270/291
f 372/76/272 370/74/272 357/188/272 359/96/272 366/351/272
f 1225/216/26 1229/34/26 1226/35/26
f 1118/91/292 1117/313/292 1119/270/292 1127/266/292 1128/316/292 1125/117/292
f 1230/227/293 1226/301/293 1229/302/293 1228/298/293 1233/299/293 1232/93/293 1231/131/293
f 1316/253/75 1317/335/75 1310/158/75 1311/34/75 1308/216/75
f 729/318/77 737/107/77 735/180/77 734/169/77 728/111/77
f 90/78/12 89/79/12 91/118/12 92/173/12
f 1258/771/291 1255/364/291 1253/415/291 1254/429/291 1257/305/291 1262/416/291 1259/342/291
f 1239/133/99 1237/252/99 1236/134/99
f 1234/253/294 1237/252/294 1239/133/294 1238/132/294 1235/335/294
f 1458/130/288 1459/52/288 1451/424/288 1452/476/288 1455/235/288 1462/255/288 1463/410/288
f 1240/216/26 1244/218/26 1241/362/26
f 1500/211/295 1504/212/295 1502/111/295 1499/213/295 1498/214/295
f 1159/36/296 1161/37/296 1169/38/296 1163/39/296 1164/40/296 1165/175/296
f 700/181/297 705/180/297 706/108/297
f 464/306/106 476/307/106 484/168/106 486/167/106 482/330/106 470/310/106 472/311/106 473/312/106
f 1484/211/295 1488/209/295 1486/111/295 1483/364/295 1482/415/295
f 704/169/172 697/110/172 698/111/172
f 1201/41/10 1199/772/10 1204/335/10 1208/266/10
f 1252/266/12 1250/217/12 1249/40/12 1251/267/12
f 732/114/18 723/325/18 726/223/18 727/182/18 734/169/18 735/180/18 736/229/18 730/196/18
f 632/107/298 628/198/298 627/136/298 631/75/298 629/180/298 630/108/298
f 1331/422/39 1330/191/39 1325/268/39 1327/269/39 1326/423/39
f 553/68/299 555/168/299 550/308/299 548/780/299 547/67/299
f 1291/269/170 1289/268/170 1288/421/170
f 1261/341/121 1259/342/121 1262/416/121
f 1297/331/109 1298/157/109 1299/158/109
f 40/420/42 43/75/42 39/105/42
f 737/107/97 733/297/97 731/136/97 736/229/97 735/180/97
f 723/113/46 732/114/46 724/115/46
f 1186/36/300 1188/37/300 1189/359/300 1196/186/300 1192/253/300
f 1556/107/301 1552/135/301 1550/136/301 1555/137/301 1554/138/301
f 1270/338/302 1273/337/302 1274/183/302
f 371/78/65 374/77/65 375/86/65 368/183/65 369/346/65 367/345/65 361/344/65 363/347/65 362/42/65
f 749/518/24 752/517/24 769/447/24 764/437/24
f 1282/133/99 1280/773/99 1279/134/99
f 428/66/34 427/67/34 432/68/34 433/69/34 430/70/34 435/71/34 437/72/34 436/73/34
f 1355/129/281 1347/521/281 1351/235/281 1357/234/281 1358/68/281
f 1348/781/184 1349/298/184 1350/430/184
f 1278/335/12 1276/367/12 1275/366/12 1280/773/12 1282/133/12 1281/336/12
f 1284/415/291 1287/260/291 1286/261/291 1290/314/291 1291/269/291 1288/421/291 1285/364/291
f 726/200/167 723/202/167 724/228/167
f 1300/771/22 1296/214/22 1297/429/22 1299/305/22 1303/343/22 1301/342/22
f 1162/41/115 1160/334/115 1166/335/115 1168/194/115 1173/315/115
f 42/103/38 44/104/38 41/43/38 39/105/38 43/75/38
f 1320/216/26 1323/218/26 1321/362/26
f 1295/422/39 1294/191/39 1289/268/39 1291/269/39 1290/314/39
f 1375/332/10 1368/320/10 1364/357/10 1371/333/10
f 109/105/85 110/43/85 99/80/85 100/60/85 98/59/85 94/58/85 96/61/85 95/161/85
f 647/107/298 643/297/298 642/136/298 646/229/298 644/180/298 645/108/298
f 779/56/8 781/55/8 780/350/8 772/782/8 773/783/8 770/784/8
f 317/76/272 315/74/272 302/188/272 304/96/272 311/351/272
f 1308/216/26 1311/34/26 1309/35/26
f 734/169/172 727/110/172 728/111/172
f 347/164/59 346/84/59 348/199/59 355/86/59 353/69/59 352/76/59
f 1174/36/18 1176/37/18 1182/191/18 1178/40/18
f 1264/46/10 1266/425/10 1261/337/10 1262/183/10 1257/334/10 1256/219/10
f 1304/40/303 1305/46/303 1298/157/303 1297/331/303 1296/51/303
f 1431/767/304 1430/52/304 1429/130/304 1432/377/304 1433/192/304 1434/233/304
f 1315/92/170 1313/268/170 1312/131/170
f 1336/413/133 1345/233/133 1346/353/133
f 614/297/305 606/244/305 604/113/305 603/414/305 613/136/305
f 1318/773/12 1319/336/12 1317/335/12 1316/253/12
f 523/242/145 511/325/145 515/376/145 517/384/145 513/383/145 525/382/145 527/224/145 528/179/145
f 202/45/55 198/44/55 201/173/55
f 1317/335/10 1319/336/10 1314/183/10 1310/772/10
f 1250/217/10 1252/266/10 1247/183/10 1243/220/10
f 1880/727/152 1876/402/152 1875/785/152 1879/786/152
f 1327/269/170 1325/268/170 1324/421/170
f 1411/236/306 1419/410/306 1413/130/306 1414/52/306 1415/360/306 1407/476/306
f 547/67/145 535/325/145 539/376/145 541/326/145 537/369/145 551/368/145 552/169/145 553/68/145
f 1199/80/307 1198/362/307 1203/175/307 1205/241/307 1204/335/307
f 791/249/8 787/787/8 786/524/8 790/475/8
f 1548/212/212 1556/107/212 1554/138/212 1553/465/212 1547/111/212
f 1306/186/18 1304/40/18 1296/188/18 1300/37/18
f 1331/422/12 1329/217/12 1328/40/12 1330/191/12
f 1495/107/308 1492/374/308 1491/136/308 1490/196/308 1489/39/308 1494/108/308 1496/139/308
f 415/120/58 416/121/58 425/122/58 426/101/58 423/123/58 418/124/58 420/100/58 419/126/58
f 1361/319/309 1359/232/309 1358/68/309 1357/234/309 1352/480/309 1354/479/309 1353/210/309
f 1383/52/310 1384/53/310 1386/767/310 1385/322/310 1378/361/310 1377/331/310 1376/51/310
f 770/788/311 773/471/311 771/470/311
f 1370/52/8 1372/241/8 1371/333/8 1364/50/8 1365/218/8 1362/362/8
f 1388/465/84 1380/235/84 1381/236/84
f 400/166/24 414/167/24 412/168/24 413/370/24 409/69/24 408/68/24 407/169/24 397/109/24 395/126/24 396/125/24 402/155/24 401/163/24
f 352/76/272 349/74/272 340/188/272 342/96/272 347/351/272
f 856/467/312 855/468/312 851/470/312 854/471/312 852/472/312 853/789/312
f 1360/233/313 1359/232/313 1361/319/313
f 385/88/43 388/89/43 389/77/43 387/44/43 386/87/43
f 1400/360/8 1399/129/8 1403/128/8 1402/231/8 1401/322/8 1393/361/8 1395/34/8 1391/35/8
f 1353/413/133 1360/233/133 1361/319/133
f 1407/476/198 1415/360/198 1406/477/198
f 1420/332/24 1419/410/24 1411/768/24 1412/256/24
f 236/102/252 235/74/252 237/156/252 228/158/252 230/60/252 226/159/252 223/160/252 225/61/252 224/161/252
f 66/78/49 68/173/49 62/41/49 64/64/49 60/63/49 51/62/49 53/65/49 52/127/49
f 791/249/10 793/427/10 789/790/10 787/791/10
f 1633/274/24 1629/792/24 1630/793/24 1634/380/24
f 1526/107/301 1522/135/301 1520/136/301 1525/137/301 1524/522/301
f 1464/332/10 1457/371/10 1453/357/10 1460/333/10
f 1221/46/314 1224/193/314 1216/337/314 1217/183/314 1218/48/314 1212/219/314
f 1397/479/274 1396/478/274 1392/259/274 1395/302/274 1393/298/274 1394/430/274
f 1382/356/315 1381/466/315 1380/258/315 1376/352/315 1377/429/315 1379/430/315
f 1271/131/316 1274/419/316 1273/341/316 1281/336/316 1282/133/316 1279/134/316 1272/268/316
f 1386/767/183 1384/53/183 1387/378/183
f 1552/135/317 1544/361/317 1543/115/317 1551/360/317 1549/196/317 1550/136/317
f 404/307/8 392/244/8 391/161/8 403/67/8
f 1459/52/8 1461/241/8 1460/333/8 1453/361/8 1454/218/8 1451/362/8
f 1401/322/128 1394/321/128 1393/357/128
f 1344/68/318 1346/353/318 1345/233/318 1342/378/318 1340/53/318 1339/52/318
f 849/447/24 844/437/24 829/518/24 832/517/24
f 1537/135/319 1530/361/319 1528/115/319 1536/360/319 1535/196/319
f 1091/195/320 1095/193/320 1096/765/320 1085/41/320 1086/48/320 1082/49/320 1090/143/320
f 1424/361/321 1423/331/321 1422/51/321 1421/794/321 1430/52/321 1431/767/321
f 1435/353/322 1433/192/322 1432/377/322 1426/354/322 1428/356/322 1427/481/322
f 1437/352/126 1440/302/126 1438/259/126
f 1462/255/84 1455/235/84 1456/236/84
f 1418/241/50 1414/52/50 1413/130/50
f 1396/236/306 1404/68/306 1398/130/306 1399/129/306 1400/360/306 1392/476/306
f 1160/80/307 1159/362/307 1165/175/307 1167/241/307 1166/335/307
f 1631/271/8 1632/379/8 1628/795/8 1627/796/8
f 180/103/147 177/105/147 163/36/147 165/96/147 161/222/147 169/221/147 171/223/147 172/182/147
f 1443/479/323 1441/480/323 1438/259/323 1440/302/323 1439/298/323
f 415/161/8 427/67/8 428/66/8 416/244/8
f 157/78/49 160/173/49 152/41/49 154/64/49 150/177/49 143/176/49 145/65/49 144/127/49
f 1383/52/281 1376/477/281 1380/235/281 1388/465/281 1389/377/281
f 859/797/8 858/798/8 862/55/8 861/350/8 860/464/8 852/782/8 854/783/8 850/784/8
f 1473/373/148 1478/137/148 1474/136/148
f 451/242/145 439/325/145 443/376/145 445/326/145 441/369/145 453/368/145 455/169/145 456/179/145
f 770/799/324 771/800/324 774/457/324 782/456/324 783/348/324 778/57/324 779/56/324
f 1447/128/50 1445/129/50 1444/130/50
f 160/173/325 159/118/325 158/38/325 148/295/325 149/119/325 147/99/325 151/98/325 153/101/325 152/165/325
f 1434/233/313 1433/192/313 1435/353/313
f 1559/211/72 1563/225/72 1562/111/72 1558/213/72 1557/301/72 1560/215/72
f 850/788/311 854/471/311 851/470/311
f 1446/231/326 1439/361/326 1440/34/326 1437/35/326 1436/794/326 1445/129/326 1447/128/326
f 862/55/31 858/798/31 857/57/31
f 1151/253/75 1152/46/75 1146/80/75 1147/34/75 1144/33/75
f 867/801/24 868/426/24 872/248/24 871/247/24
f 851/800/327 859/797/327 850/802/327
f 1477/418/18 1478/137/18 1473/373/18 1465/521/18 1466/409/18 1469/230/18
f 1442/365/133 1449/233/133 1450/319/133
f 864/349/24 863/348/24 855/468/24 856/467/24
f 1419/410/117 1420/332/117 1417/333/117 1418/241/117 1413/130/117
f 1115/140/328 1116/80/328 1113/362/328 1122/141/328 1124/241/328 1123/335/328
f 569/67/145 557/325/145 561/376/145 563/326/145 559/369/145 571/368/145 573/169/145 574/68/145
f 476/307/34 475/67/34 480/68/34 481/69/34 478/70/34 483/71/34 485/370/34 484/168/34
f 872/248/10 868/803/10 866/791/10 870/249/10
f 1456/257/182 1457/256/182 1464/332/182 1463/410/182 1462/255/182
f 1510/107/52 1507/374/52 1506/136/52 1509/137/52 1508/207/52 1511/139/52
f 427/67/145 415/325/145 419/376/145 421/326/145 417/369/145 429/368/145 431/169/145 432/68/145
f 196/339/252 195/105/252 197/78/252 187/80/252 188/81/252 186/59/252 183/58/252 185/61/252 184/161/252
f 1266/425/329 1265/186/329 1260/268/329 1258/771/329 1259/342/329 1261/341/329
f 1329/217/10 1331/422/10 1326/183/10 1322/772/10
f 445/109/24 443/162/24 444/119/24 450/101/24 449/122/24 448/166/24 462/167/24 460/73/24 461/72/24 457/205/24 456/179/24 455/169/24
f 867/801/22 865/431/22 866/432/22 868/426/22
f 1175/80/134 1174/51/134 1178/40/134 1179/53/134 1180/143/134
f 1471/210/330 1479/417/330 1480/139/330
f 923/804/18 927/602/18 925/805/18 921/806/18
f 1544/211/79 1548/212/79 1547/111/79 1546/226/79 1545/250/79 1543/228/79
f 1481/516/214 1490/196/214 1491/136/214
f 1572/113/331 1580/196/331 1582/135/331 1581/372/331 1575/375/331
f 1467/211/332 1472/225/332 1470/111/332 1466/213/332 1465/301/332 1468/215/332
f 1507/374/333 1510/107/333 1503/413/333 1504/320/333 1500/772/333
f 1489/39/334 1493/207/334 1494/108/334
f 1508/207/211 1509/137/211 1505/373/211 1497/520/211 1498/521/211 1499/189/211 1501/37/211
f 1487/210/330 1495/107/330 1496/139/330
f 1130/80/134 1129/51/134 1134/40/134 1135/53/134 1136/143/134
f 1515/227/87 1512/301/87 1513/228/87
f 1505/373/148 1509/137/148 1506/136/148
f 1484/334/333 1492/374/333 1495/107/333 1487/413/333 1488/320/333
f 1492/374/208 1484/50/208 1482/113/208 1481/516/208 1491/136/208
f 40/420/252 39/105/252 41/43/252 30/80/252 32/60/252 28/59/252 25/58/252 27/61/252 26/161/252
f 1501/208/140 1499/213/140 1502/111/140
f 1531/226/140 1529/364/140 1532/111/140
f 1527/113/335 1536/360/335 1528/115/335
f 1512/113/335 1521/360/335 1513/115/335
f 1523/465/18 1524/522/18 1525/137/18 1519/196/18 1521/360/18 1512/477/18 1515/254/18 1516/230/18
f 1576/208/140 1573/364/140 1577/111/140
f 1542/113/335 1551/360/335 1543/115/335
f 1187/80/134 1186/35/134 1192/253/134 1193/367/134 1194/143/134
f 1508/207/336 1501/208/336 1502/111/336 1504/212/336 1503/210/336 1511/139/336
f 1563/225/212 1571/417/212 1569/522/212 1568/255/212 1562/111/212
f 1503/210/330 1510/107/330 1511/139/330
f 1564/373/148 1570/137/148 1565/136/148
f 1563/371/287 1559/220/287 1566/372/287 1567/135/287 1571/417/287
f 1522/135/10 1526/107/10 1518/320/10 1514/220/10
f 1319/336/39 1318/773/39 1313/268/39 1315/92/39 1314/340/39
f 1523/465/89 1516/226/89 1517/111/89
f 1538/465/89 1531/226/89 1532/111/89
f 1144/358/296 1145/36/296 1148/37/296 1154/117/296 1150/39/296 1151/253/296
f 1519/196/148 1525/137/148 1520/136/148
f 1354/479/315 1352/480/315 1351/258/315 1347/352/315 1348/781/315 1350/430/315
f 1530/211/72 1533/209/72 1532/111/72 1529/364/72 1527/415/72 1528/228/72
f 1553/465/18 1554/138/18 1555/137/18 1549/196/18 1551/360/18 1542/477/18 1545/254/18 1546/37/18
f 1534/39/334 1539/138/334 1540/108/334
f 463/161/8 475/67/8 476/307/8 464/244/8
f 1197/132/39 1196/186/39 1189/91/39 1191/92/39 1190/340/39
f 244/188/124 251/182/124 258/76/124 260/75/124 256/102/124
f 1581/372/144 1574/361/144 1575/375/144
f 1534/39/18 1535/196/18 1536/360/18 1527/477/18 1529/189/18 1531/37/18 1538/465/18 1539/138/18
f 1530/334/10 1537/135/10 1541/107/10 1533/320/10
f 1552/135/10 1556/107/10 1548/320/10 1544/772/10
f 1553/465/89 1546/226/89 1547/111/89
f 1549/196/148 1555/137/148 1550/136/148
f 1279/134/337 1280/773/337 1275/366/337 1267/188/337 1268/189/337 1272/190/337
f 1234/253/338 1235/335/338 1227/157/338 1228/158/338 1229/34/338 1225/216/338
f 389/77/339 388/89/339 382/164/339 384/101/339 383/296/339 390/86/339
f 1533/209/340 1541/107/340 1540/108/340 1539/138/340 1538/465/340 1532/111/340
f 1593/481/330 1601/107/330 1602/139/330
f 472/166/24 486/167/24 484/168/24 485/370/24 481/69/24 480/68/24 479/224/24 469/109/24 467/126/24 468/100/24 474/155/24 473/163/24
f 1599/138/279 1591/208/279 1592/111/279 1594/212/279 1593/481/279 1602/139/279
f 1557/424/341 1558/409/341 1561/230/341 1568/255/341 1569/522/341 1570/137/341 1564/373/341
f 1584/138/279 1576/208/279 1577/111/279 1579/209/279 1578/481/279 1586/139/279
f 241/251/80 239/69/80 242/86/80
f 89/79/36 90/78/36 76/80/36 78/81/36 74/59/36 70/58/36 72/82/36 71/83/36
f 392/306/106 404/307/106 412/168/106 414/167/106 410/309/106 398/310/106 400/311/106 401/312/106
f 1578/481/330 1585/107/330 1586/139/330
f 1374/410/117 1375/332/117 1371/333/117 1372/241/117 1369/130/117
f 511/120/48 512/121/48 521/122/48 522/101/48 519/123/48 514/124/48 516/119/48 515/162/48
f 1585/107/342 1583/194/342 1586/139/342
f 1659/807/22 1660/808/22 1662/793/22 1661/792/22
f 1597/372/144 1589/361/144 1590/375/144
f 1591/208/140 1588/213/140 1592/111/140
f 1580/196/343 1572/424/343 1573/189/343 1576/37/343 1584/138/343
f 1587/113/344 1595/373/344 1596/136/344 1598/135/344 1597/372/344 1590/375/344
f 1587/424/18 1588/189/18 1591/37/18 1599/138/18 1600/137/18 1595/373/18
f 1593/365/10 1594/371/10 1589/772/10 1597/372/10 1598/135/10 1601/107/10
f 549/307/345 548/780/345 550/308/345
f 524/66/34 523/242/34 528/179/34 529/205/34 526/70/34 531/71/34 533/72/34 532/73/34
f 289/153/346 294/412/346 293/85/346 291/84/346 286/446/346 284/150/346 285/151/346 290/152/346
f 1615/761/347 1617/526/347 1604/809/347 1603/762/347
f 1625/574/348 1624/684/348 1618/655/348 1620/528/348
f 1603/762/349 1604/809/349 1605/810/349
f 994/715/15 993/621/15 991/623/15 990/714/15
f 1638/663/350 1640/811/350 1637/660/350 1636/664/350
f 1606/657/351 1607/656/351 1608/662/351
f 1609/763/352 1610/812/352 1611/813/352
f 1612/644/353 1613/686/353 1614/645/353
f 919/537/12 914/543/12 910/545/12 917/534/12
f 1621/764/354 1623/713/354 1616/527/354 1615/761/354
f 1644/814/355 1639/740/355 1650/632/355 1656/631/355
f 1615/761/356 1616/527/356 1617/526/356
f 1647/712/357 1649/607/357 1636/815/357 1635/629/357
f 1618/655/358 1619/529/358 1620/528/358
f 1619/529/359 1606/657/359 1604/661/359 1617/526/359
f 1622/742/360 1611/724/360 1613/686/360 1626/685/360
f 1018/717/15 1017/710/15 1015/623/15 1014/565/15
f 1621/764/361 1622/742/361 1623/713/361
f 1624/684/362 1625/574/362 1626/685/362
f 1665/274/12 1666/380/12 1664/379/12 1663/271/12
f 439/120/48 440/121/48 449/122/48 450/101/48 447/123/48 442/124/48 444/119/48 443/162/48
f 503/224/24 493/109/24 491/126/24 492/125/24 498/101/24 497/122/24 496/166/24 510/167/24 508/73/24 509/72/24 505/69/24 504/68/24
f 1025/816/22 1026/817/22 1028/288/22 1027/287/22
f 1665/274/24 1661/792/24 1662/793/24 1666/380/24
f 1631/271/18 1627/272/18 1629/273/18 1633/274/18
f 1663/271/8 1664/379/8 1660/795/8 1659/796/8
f 945/554/8 932/557/8 930/818/8 943/623/8
f 993/621/8 980/622/8 978/694/8 991/623/8
f 1610/812/363 1609/763/363 1603/762/363 1605/810/363
f 1635/629/364 1636/815/364 1637/630/364
f 1638/663/365 1639/656/365 1640/811/365
f 975/674/12 970/673/12 966/638/12 973/641/12
f 1622/742/366 1621/764/366 1609/763/366 1611/813/366
f 1641/576/367 1642/628/367 1643/577/367
f 971/640/18 965/639/18 953/611/18 959/610/18
f 1002/819/8 1015/623/8 1017/710/8 1004/709/8
f 1644/644/368 1645/643/368 1646/698/368
f 1647/712/369 1648/527/369 1649/607/369
f 1019/563/18 1013/562/18 1001/711/18 1007/707/18
f 1650/632/370 1651/609/370 1652/608/370
f 1653/575/371 1654/572/371 1655/571/371
f 1023/704/12 1018/717/12 1014/565/12 1021/564/12
f 968/555/10 974/618/10 962/653/10 957/654/10
f 1656/631/372 1657/574/372 1658/573/372
f 1627/807/22 1628/808/22 1630/793/22 1629/792/22
f 127/323/22 119/446/22 117/150/22 118/151/22 124/171/22 122/121/22 123/411/22 134/412/22 132/165/22 133/101/22 129/125/22 128/172/22
f 1766/395/22 1765/396/22 1763/397/22 1764/398/22
f 926/590/8 922/820/8 921/821/8 925/805/8
f 1632/379/10 1634/380/10 1630/144/10 1628/381/10
f 1688/291/10 1690/280/10 1686/822/10 1684/391/10
f 279/87/49 282/77/49 274/183/49 276/64/49 273/184/49 267/185/49 269/65/49 268/127/49
f 1865/407/373 1861/264/373 1862/263/373 1866/596/373
f 1765/396/24 1766/395/24 1770/823/24 1769/824/24
f 1669/825/18 1673/824/18 1671/774/18 1667/826/18
f 1675/827/18 1677/828/18 1681/829/18 1679/830/18
f 1764/776/8 1763/777/8 1767/774/8 1768/775/8
f 1672/775/10 1674/823/10 1670/831/10 1668/832/10
f 1783/833/8 1784/392/8 1780/834/8 1779/293/8
f 1690/280/12 1688/291/12 1687/294/12 1689/281/12
f 1769/824/18 1767/774/18 1763/835/18 1765/825/18
f 1777/836/12 1778/837/12 1776/838/12 1775/830/12
f 1778/837/24 1777/836/24 1773/839/24 1774/728/24
f 1681/829/12 1682/388/12 1680/387/12 1679/830/12
f 1774/728/22 1773/839/22 1771/730/22 1772/731/22
f 67/103/147 65/105/147 47/36/147 49/96/147 45/95/147 55/94/147 57/97/147 58/182/147
f 1782/279/24 1786/280/24 1785/281/24 1781/284/24
f 275/101/264 271/203/264 264/150/264 265/204/264 270/171/264 268/121/264 269/148/264 276/149/264 274/165/264
f 1779/840/18 1781/394/18 1785/281/18 1783/833/18
f 1691/841/3 1692/842/3 1693/843/3
f 1694/844/9 1695/845/9 1696/846/9
f 1697/847/14 1698/848/14 1699/849/14
f 1700/850/17 1701/851/17 1702/852/17
f 1703/853/239 1704/854/239 1705/855/239
f 1706/856/21 1707/857/21 1708/858/21
f 1709/859/250 1710/860/250 1711/861/250
f 1712/862/25 1713/863/25 1714/864/25
f 1697/847/7 1691/841/7 1693/843/7 1698/848/7
f 1692/865/11 1694/866/11 1696/867/11 1693/868/11
f 1695/869/6 1700/850/6 1702/852/6 1696/867/6
f 1701/851/20 1699/870/20 1698/871/20 1702/852/20
f 1709/859/1 1697/847/1 1699/849/1 1710/860/1
f 1700/850/2 1712/862/2 1714/864/2 1701/851/2
f 1713/863/16 1711/861/16 1710/860/16 1714/864/16
f 1703/853/207 1709/859/207 1711/861/207 1704/854/207
f 1712/862/13 1706/856/13 1708/858/13 1713/863/13
f 1707/857/15 1705/855/15 1704/854/15 1708/858/15
f 1691/841/5 1703/853/5 1705/855/5 1692/842/5
f 1706/856/4 1695/845/4 1694/844/4 1707/857/4
f 1697/847/18 1709/859/18 1703/853/18 1691/841/18
f 1693/868/22 1696/867/22 1702/852/22 1698/871/22
f 1705/855/8 1707/857/8 1694/844/8 1692/872/8
f 1712/862/10 1700/873/10 1695/874/10 1706/856/10
f 1699/870/24 1701/851/24 1714/864/24 1710/860/24
f 1711/861/12 1713/863/12 1708/858/12 1704/854/12
f 1715/875/3 1716/876/3 1717/843/3
f 1718/877/9 1719/878/9 1720/846/9
f 1721/879/14 1722/848/14 1723/880/14
f 1724/881/17 1725/851/17 1726/852/17
f 1727/882/19 1728/854/19 1729/883/19
f 1730/884/259 1731/885/259 1732/858/259
f 1733/886/23 1734/887/23 1735/861/23
f 1736/888/216 1737/863/216 1738/889/216
f 1721/879/7 1715/875/7 1717/843/7 1722/848/7
f 1716/865/11 1718/866/11 1720/867/11 1717/868/11
f 1719/869/6 1724/881/6 1726/852/6 1720/867/6
f 1725/851/20 1723/890/20 1722/871/20 1726/852/20
f 1733/886/1 1721/879/1 1723/880/1 1734/887/1
f 1724/881/2 1736/888/2 1738/889/2 1725/851/2
f 1737/863/16 1735/861/16 1734/887/16 1738/889/16
f 1727/882/207 1733/886/207 1735/861/207 1728/854/207
f 1736/888/13 1730/884/13 1732/858/13 1737/863/13
f 1731/885/15 1729/883/15 1728/854/15 1732/858/15
f 1715/875/5 1727/882/5 1729/883/5 1716/876/5
f 1730/884/4 1719/878/4 1718/877/4 1731/885/4
f 1721/879/18 1733/886/18 1727/882/18 1715/875/18
f 1717/868/22 1720/867/22 1726/852/22 1722/871/22
f 1729/883/8 1731/885/8 1718/877/8 1716/891/8
f 1736/888/10 1724/892/10 1719/893/10 1730/884/10
f 1723/890/24 1725/851/24 1738/889/24 1734/887/24
f 1735/861/12 1737/863/12 1732/858/12 1728/854/12
f 1739/894/3 1740/895/3 1741/843/3
f 1742/877/9 1743/878/9 1744/896/9
f 1745/879/238 1746/848/238 1747/880/238
f 1748/881/219 1749/897/219 1750/898/219
f 1751/899/19 1752/854/19 1753/855/19
f 1754/856/259 1755/885/259 1756/858/259
f 1757/900/250 1758/860/250 1759/861/250
f 1760/901/25 1761/863/25 1762/902/25
f 1745/879/7 1739/894/7 1741/843/7 1746/848/7
f 1740/865/11 1742/866/11 1744/867/11 1741/868/11
f 1743/869/6 1748/881/6 1750/898/6 1744/867/6
f 1749/897/20 1747/890/20 1746/871/20 1750/898/20
f 1757/900/1 1745/879/1 1747/880/1 1758/860/1
f 1748/881/2 1760/901/2 1762/902/2 1749/897/2
f 1761/863/16 1759/861/16 1758/860/16 1762/902/16
f 1751/899/207 1757/900/207 1759/861/207 1752/854/207
f 1760/901/13 1754/856/13 1756/858/13 1761/863/13
f 1755/885/15 1753/855/15 1752/854/15 1756/858/15
f 1739/894/5 1751/899/5 1753/855/5 1740/895/5
f 1754/856/4 1743/878/4 1742/877/4 1755/885/4
f 1745/879/18 1757/900/18 1751/899/18 1739/894/18
f 1741/868/22 1744/867/22 1750/898/22 1746/871/22
f 1753/855/8 1755/885/8 1742/877/8 1740/891/8
f 1760/901/10 1748/892/10 1743/893/10 1754/856/10
f 1747/890/24 1749/897/24 1762/902/24 1758/860/24
f 1759/861/12 1761/863/12 1756/858/12 1752/854/12
f 1673/824/12 1674/823/12 1672/775/12 1671/774/12
f 1872/594/225 1874/593/225 1870/597/225 1868/903/225
f 999/689/12 994/715/12 990/714/12 997/690/12
f 1770/823/10 1766/904/10 1764/832/10 1768/775/10
f 1632/379/12 1631/271/12 1633/274/12 1634/380/12
f 549/307/374 536/244/374 535/161/374 547/67/374 548/780/374
f 1769/824/12 1770/823/12 1768/775/12 1767/774/12
f 1674/823/24 1673/824/24 1669/396/24 1670/395/24
f 1777/836/18 1775/830/18 1771/905/18 1773/828/18
f 1776/838/8 1772/906/8 1771/907/8 1775/830/8
f 1776/838/10 1778/837/10 1774/908/10 1772/386/10
f 1676/909/8 1675/907/8 1679/830/8 1680/387/8
f 1682/388/24 1681/829/24 1677/729/24 1678/728/24
f 607/110/45 605/112/45 608/111/45
f 1879/786/154 1875/910/154 1877/911/154 1881/912/154
f 1786/280/12 1784/392/12 1783/833/12 1785/281/12
f 1089/141/266 1094/137/266 1087/142/266
f 1686/279/22 1685/282/22 1683/285/22 1684/283/22
f 1787/913/3 1788/842/3 1789/843/3
f 1790/877/9 1791/845/9 1792/896/9
f 1793/914/14 1794/848/14 1795/849/14
f 1796/850/17 1797/897/17 1798/915/17
f 1799/882/239 1800/854/239 1801/883/239
f 1802/916/21 1803/917/21 1804/858/21
f 1805/886/250 1806/887/250 1807/861/250
f 1808/888/25 1809/863/25 1810/918/25
f 1793/914/7 1787/913/7 1789/843/7 1794/848/7
f 1788/865/11 1790/866/11 1792/867/11 1789/868/11
f 1791/869/6 1796/850/6 1798/915/6 1792/867/6
f 1797/897/20 1795/870/20 1794/871/20 1798/915/20
f 1805/886/1 1793/914/1 1795/849/1 1806/887/1
f 1796/850/2 1808/888/2 1810/918/2 1797/897/2
f 1809/863/16 1807/861/16 1806/887/16 1810/918/16
f 1799/882/207 1805/886/207 1807/861/207 1800/854/207
f 1808/888/13 1802/916/13 1804/858/13 1809/863/13
f 1803/917/15 1801/883/15 1800/854/15 1804/858/15
f 1787/913/5 1799/882/5 1801/883/5 1788/842/5
f 1802/916/4 1791/845/4 1790/877/4 1803/917/4
f 1793/914/18 1805/886/18 1799/882/18 1787/913/18
f 1789/868/22 1792/867/22 1798/915/22 1794/871/22
f 1801/883/8 1803/917/8 1790/877/8 1788/872/8
f 1808/888/10 1796/873/10 1791/919/10 1802/916/10
f 1795/870/24 1797/897/24 1810/918/24 1806/887/24
f 1807/861/12 1809/863/12 1804/858/12 1800/854/12
f 1811/875/3 1812/876/3 1813/843/3
f 1814/877/9 1815/878/9 1816/846/9
f 1817/879/14 1818/848/14 1819/880/14
f 1820/881/17 1821/851/17 1822/852/17
f 1823/882/19 1824/854/19 1825/883/19
f 1826/884/259 1827/885/259 1828/858/259
f 1829/886/250 1830/887/250 1831/861/250
f 1832/888/25 1833/863/25 1834/918/25
f 1817/879/7 1811/875/7 1813/843/7 1818/848/7
f 1812/865/11 1814/866/11 1816/867/11 1813/868/11
f 1815/869/6 1820/881/6 1822/852/6 1816/867/6
f 1821/851/20 1819/890/20 1818/871/20 1822/852/20
f 1829/886/1 1817/879/1 1819/880/1 1830/887/1
f 1820/881/2 1832/888/2 1834/918/2 1821/851/2
f 1833/863/16 1831/861/16 1830/887/16 1834/918/16
f 1823/882/207 1829/886/207 1831/861/207 1824/854/207
f 1832/888/13 1826/884/13 1828/858/13 1833/863/13
f 1827/885/15 1825/883/15 1824/854/15 1828/858/15
f 1811/875/5 1823/882/5 1825/883/5 1812/876/5
f 1826/884/4 1815/878/4 1814/877/4 1827/885/4
f 1817/879/18 1829/886/18 1823/882/18 1811/875/18
f 1813/868/22 1816/867/22 1822/852/22 1818/871/22
f 1825/883/8 1827/885/8 1814/877/8 1812/891/8
f 1832/888/10 1820/892/10 1815/893/10 1826/884/10
f 1819/890/24 1821/851/24 1834/918/24 1830/887/24
f 1831/861/12 1833/863/12 1828/858/12 1824/854/12
f 1835/841/3 1836/842/3 1837/843/3
f 1838/844/9 1839/845/9 1840/846/9
f 1841/847/238 1842/848/238 1843/849/238
f 1844/850/219 1845/851/219 1846/852/219
f 1847/853/239 1848/854/239 1849/855/239
f 1850/856/21 1851/857/21 1852/858/21
f 1853/859/250 1854/860/250 1855/861/250
f 1856/862/25 1857/863/25 1858/864/25
f 1841/847/7 1835/841/7 1837/843/7 1842/848/7
f 1836/865/11 1838/866/11 1840/867/11 1837/868/11
f 1839/869/6 1844/850/6 1846/852/6 1840/867/6
f 1845/851/206 1843/870/206 1842/871/206 1846/852/206
f 1853/859/1 1841/847/1 1843/849/1 1854/860/1
f 1844/850/2 1856/862/2 1858/864/2 1845/851/2
f 1857/863/16 1855/861/16 1854/860/16 1858/864/16
f 1847/853/207 1853/859/207 1855/861/207 1848/854/207
f 1856/862/13 1850/856/13 1852/858/13 1857/863/13
f 1851/857/15 1849/855/15 1848/854/15 1852/858/15
f 1835/841/5 1847/853/5 1849/855/5 1836/842/5
f 1850/856/4 1839/845/4 1838/844/4 1851/857/4
f 1841/847/18 1853/859/18 1847/853/18 1835/841/18
f 1837/868/22 1840/867/22 1846/852/22 1842/871/22
f 1849/855/8 1851/857/8 1838/844/8 1836/872/8
f 1856/862/10 1844/873/10 1839/874/10 1850/856/10
f 1843/870/24 1845/851/24 1858/864/24 1854/860/24
f 1855/861/12 1857/863/12 1852/858/12 1848/854/12
f 1863/400/12 1865/407/12 1866/596/12 1864/401/12
f 292/351/290 286/96/290 291/182/290
f 1871/591/154 1867/920/154 1869/911/154 1873/592/154
f 601/72/375 598/389/375 597/179/375
f 573/169/24 563/109/24 561/126/24 562/100/24 568/101/24 567/122/24 566/166/24 580/167/24 578/73/24 579/72/24 575/69/24 574/68/24
f 606/127/10 614/297/10 617/107/10 610/312/10
f 384/101/91 382/164/91 381/203/91
f 1872/594/152 1868/921/152 1867/922/152 1871/591/152
f 1877/923/22 1875/265/22 1876/924/22 1878/925/22
f 670/196/18 672/114/18 663/325/18 666/97/18 667/182/18 674/224/18 675/180/18 676/75/18
f 1869/926/22 1867/265/22 1868/927/22 1870/928/22
f 1873/592/373 1869/926/373 1870/928/373 1874/593/373
f 603/414/164 612/196/164 613/136/164
f 628/198/278 621/244/278 620/115/278 619/113/278 618/414/278 627/136/278
f 692/107/97 688/198/97 686/136/97 691/229/97 690/180/97
f 1883/920/154 1885/406/154 1889/278/154 1887/277/154
f 193/41/28 187/42/28 197/78/28 198/44/28 202/45/28
f 1571/417/301 1567/135/301 1565/136/301 1570/137/301 1569/522/301
f 1886/929/373 1890/275/373 1889/278/373 1885/930/373
f 533/72/24 529/205/24 528/179/24 527/224/24 517/109/24 515/162/24 516/119/24 522/101/24 521/122/24 520/166/24 534/167/24 532/73/24
f 1133/39/270 1139/38/270 1140/191/270
f 440/306/106 452/243/106 460/73/106 462/167/106 458/309/106 446/310/106 448/311/106 449/312/106
f 1888/276/152 1884/402/152 1883/931/152 1887/277/152
f 851/800/376 855/458/376 863/348/376 857/57/376 858/798/376 859/797/376
f 1879/786/12 1881/912/12 1882/726/12 1880/727/12
f 1885/930/22 1883/265/22 1884/932/22 1886/929/22
f 1087/142/377 1094/137/377 1092/267/377 1093/192/377 1095/193/377 1091/195/377 1088/53/377
f 1176/304/286 1177/343/286 1185/315/286 1183/192/286 1182/191/286
f 137/103/12 138/173/12 136/78/12 135/105/12
f 718/198/165 710/244/165 709/115/165 717/114/165 715/196/165 716/136/165
f 622/323/167 619/150/167 620/228/167
f 1881/912/373 1877/923/373 1878/925/373 1882/726/373
f 256/102/252 255/74/252 257/78/252 248/158/252 250/81/252 246/159/252 243/160/252 245/61/252 244/161/252
f 1580/196/378 1584/138/378 1586/139/378 1583/194/378 1582/135/378
f 68/173/271 67/103/271 58/172/271 59/100/271 56/99/271 61/98/271 63/101/271 62/165/271
f 611/181/297 615/180/297 616/108/297
f 311/351/179 304/96/179 310/182/179
f 1886/597/225 1884/903/225 1888/276/225 1890/275/225
f 928/587/12 926/590/12 925/805/12 927/602/12
f 1075/749/207 1077/759/207 1070/756/207 1069/17/207
