# Blender 5.2.2 LTS
# www.blender.org
o MegaLaserShark
v -0.446006 0.286616 0.163500
v -0.446006 0.326616 0.203500
v -0.486006 0.326616 0.163500
v -0.446006 0.289661 0.178807
v -0.446006 0.298331 0.191784
v -0.461313 0.289661 0.163500
v -0.461697 0.293335 0.179191
v -0.460901 0.300366 0.189750
v -0.469100 0.303522 0.186594
v -0.461313 0.326616 0.200455
v -0.474290 0.326616 0.191784
v -0.446006 0.311308 0.200455
v -0.461697 0.310925 0.196780
v -0.472256 0.311721 0.189750
v -0.482961 0.311308 0.163500
v -0.474290 0.298331 0.163500
v -0.482961 0.326616 0.178807
v -0.479286 0.310925 0.179191
v -0.472256 0.300366 0.178395
v -0.446006 1.038616 0.203500
v -0.446006 1.078616 0.163500
v -0.486006 1.038616 0.163500
v -0.446006 1.053923 0.200455
v -0.446006 1.066900 0.191784
v -0.461313 1.038616 0.200455
v -0.461697 1.054307 0.196780
v -0.460901 1.064866 0.189750
v -0.469100 1.061710 0.186594
v -0.461313 1.075571 0.163500
v -0.474290 1.066900 0.163500
v -0.446006 1.075571 0.178807
v -0.461697 1.071896 0.179191
v -0.472256 1.064866 0.178395
v -0.482961 1.038616 0.178807
v -0.474290 1.038616 0.191784
v -0.482961 1.053923 0.163500
v -0.479286 1.054307 0.179191
v -0.472256 1.053511 0.189750
v -0.446006 0.286616 -0.482500
v -0.486006 0.326616 -0.482500
v -0.446006 0.326616 -0.522500
v -0.461313 0.289661 -0.482500
v -0.474290 0.298331 -0.482500
v -0.446006 0.289661 -0.497807
v -0.461697 0.293335 -0.498191
v -0.472256 0.300366 -0.497395
v -0.469100 0.303522 -0.505594
v -0.482961 0.326616 -0.497807
v -0.474290 0.326616 -0.510784
v -0.482961 0.311308 -0.482500
v -0.479286 0.310925 -0.498191
v -0.472256 0.311721 -0.508750
v -0.446006 0.311308 -0.519455
v -0.446006 0.298331 -0.510784
v -0.461313 0.326616 -0.519455
v -0.461697 0.310925 -0.515780
v -0.460901 0.300366 -0.508750
v -0.446006 1.078616 -0.482500
v -0.446006 1.038616 -0.522500
v -0.486006 1.038616 -0.482500
v -0.446006 1.075571 -0.497807
v -0.446006 1.066900 -0.510784
v -0.461313 1.075571 -0.482500
v -0.461697 1.071896 -0.498191
v -0.460901 1.064866 -0.508750
v -0.469100 1.061710 -0.505594
v -0.461313 1.038616 -0.519455
v -0.474290 1.038616 -0.510784
v -0.446006 1.053923 -0.519455
v -0.461697 1.054307 -0.515781
v -0.472256 1.053511 -0.508750
v -0.482961 1.053923 -0.482500
v -0.474290 1.066900 -0.482500
v -0.482961 1.038616 -0.497807
v -0.479286 1.054307 -0.498191
v -0.472256 1.064866 -0.497395
v 0.397994 0.286616 0.163500
v 0.437994 0.326616 0.163500
v 0.397994 0.326616 0.203500
v 0.413302 0.289661 0.163500
v 0.426278 0.298331 0.163500
v 0.397994 0.289661 0.178807
v 0.413685 0.293335 0.179191
v 0.424244 0.300366 0.178395
v 0.421088 0.303522 0.186594
v 0.434949 0.326616 0.178807
v 0.426278 0.326616 0.191784
v 0.434949 0.311308 0.163500
v 0.431275 0.310925 0.179191
v 0.424244 0.311721 0.189750
v 0.397994 0.311308 0.200455
v 0.397994 0.298331 0.191784
v 0.413302 0.326616 0.200455
v 0.413685 0.310925 0.196780
v 0.412889 0.300366 0.189750
v 0.397994 1.078616 0.163500
v 0.397994 1.038616 0.203500
v 0.437994 1.038616 0.163500
v 0.397994 1.075571 0.178807
v 0.397994 1.066900 0.191784
v 0.413301 1.075571 0.163500
v 0.413685 1.071896 0.179191
v 0.412889 1.064866 0.189750
v 0.421088 1.061710 0.186594
v 0.413301 1.038616 0.200455
v 0.426278 1.038616 0.191784
v 0.397994 1.053923 0.200455
v 0.413685 1.054307 0.196780
v 0.424244 1.053511 0.189750
v 0.434949 1.053923 0.163500
v 0.426278 1.066900 0.163500
v 0.434949 1.038616 0.178807
v 0.431275 1.054307 0.179191
v 0.424244 1.064866 0.178395
v 0.397994 0.286616 -0.482500
v 0.397994 0.326616 -0.522500
v 0.437994 0.326616 -0.482500
v 0.397994 0.289661 -0.497807
v 0.397994 0.298331 -0.510784
v 0.413301 0.289661 -0.482500
v 0.413685 0.293335 -0.498191
v 0.412889 0.300366 -0.508750
v 0.421088 0.303522 -0.505594
v 0.413301 0.326616 -0.519455
v 0.426278 0.326616 -0.510784
v 0.397994 0.311308 -0.519455
v 0.413685 0.310925 -0.515781
v 0.424244 0.311721 -0.508750
v 0.434949 0.311308 -0.482500
v 0.426278 0.298331 -0.482500
v 0.434949 0.326616 -0.497807
v 0.431275 0.310925 -0.498191
v 0.424244 0.300366 -0.497395
v 0.397994 1.078616 -0.482500
v 0.437994 1.038616 -0.482500
v 0.397994 1.038616 -0.522500
v 0.413302 1.075571 -0.482500
v 0.426278 1.066900 -0.482500
v 0.397994 1.075571 -0.497807
v 0.413685 1.071896 -0.498191
v 0.424244 1.064866 -0.497395
v 0.421088 1.061710 -0.505594
v 0.434949 1.038616 -0.497807
v 0.426278 1.038616 -0.510784
v 0.434949 1.053923 -0.482500
v 0.431275 1.054307 -0.498191
v 0.424244 1.053511 -0.508750
v 0.397994 1.053923 -0.519455
v 0.397994 1.066900 -0.510784
v 0.413302 1.038616 -0.519455
v 0.413685 1.054307 -0.515780
v 0.412889 1.064866 -0.508750
v -0.492206 0.247016 0.823500
v -0.492206 0.287016 0.863500
v -0.532206 0.287016 0.823500
v -0.492206 0.250060 0.838807
v -0.492206 0.258731 0.851784
v -0.507513 0.250060 0.823500
v -0.507897 0.253735 0.839191
v -0.507101 0.260765 0.849750
v -0.515300 0.263922 0.846594
v -0.507513 0.287016 0.860455
v -0.520490 0.287016 0.851784
v -0.492206 0.271708 0.860455
v -0.507897 0.271325 0.856780
v -0.518456 0.272121 0.849750
v -0.529161 0.271708 0.823500
v -0.520490 0.258731 0.823500
v -0.529161 0.287016 0.838807
v -0.525486 0.271325 0.839191
v -0.518456 0.260765 0.838395
v -0.492206 1.078216 0.863500
v -0.492206 1.118216 0.823500
v -0.532206 1.078216 0.823500
v -0.492206 1.093523 0.860455
v -0.492206 1.106500 0.851784
v -0.507513 1.078216 0.860455
v -0.507897 1.093907 0.856780
v -0.507101 1.104466 0.849750
v -0.515300 1.101310 0.846594
v -0.507513 1.115171 0.823500
v -0.520490 1.106500 0.823500
v -0.492206 1.115171 0.838807
v -0.507897 1.111496 0.839191
v -0.518456 1.104466 0.838395
v -0.529161 1.078216 0.838807
v -0.520490 1.078216 0.851784
v -0.529161 1.093523 0.823500
v -0.525486 1.093907 0.839191
v -0.518456 1.093110 0.849750
v -0.492206 0.247016 0.177500
v -0.532206 0.287016 0.177500
v -0.492206 0.287016 0.137500
v -0.507513 0.250060 0.177500
v -0.520490 0.258731 0.177500
v -0.492206 0.250060 0.162193
v -0.507897 0.253735 0.161809
v -0.518456 0.260765 0.162605
v -0.515300 0.263922 0.154406
v -0.529161 0.287016 0.162193
v -0.520490 0.287016 0.149216
v -0.529161 0.271708 0.177500
v -0.525486 0.271325 0.161809
v -0.518456 0.272121 0.151250
v -0.492206 0.271708 0.140545
v -0.492206 0.258731 0.149216
v -0.507513 0.287016 0.140545
v -0.507897 0.271325 0.144220
v -0.507101 0.260765 0.151250
v -0.492206 1.118216 0.177500
v -0.492206 1.078216 0.137500
v -0.532206 1.078216 0.177500
v -0.492206 1.115171 0.162193
v -0.492206 1.106500 0.149216
v -0.507513 1.115171 0.177500
v -0.507897 1.111496 0.161809
v -0.507101 1.104466 0.151250
v -0.515300 1.101310 0.154406
v -0.507513 1.078216 0.140545
v -0.520490 1.078216 0.149216
v -0.492206 1.093523 0.140545
v -0.507897 1.093907 0.144220
v -0.518456 1.093110 0.151250
v -0.529161 1.093523 0.177500
v -0.520490 1.106500 0.177500
v -0.529161 1.078216 0.162193
v -0.525486 1.093907 0.161809
v -0.518456 1.104466 0.162605
v 0.444194 0.247016 0.823500
v 0.484194 0.287016 0.823500
v 0.444194 0.287016 0.863500
v 0.459502 0.250060 0.823500
v 0.472478 0.258731 0.823500
v 0.444194 0.250060 0.838807
v 0.459885 0.253735 0.839191
v 0.470444 0.260765 0.838395
v 0.467288 0.263922 0.846594
v 0.481149 0.287016 0.838807
v 0.472478 0.287016 0.851784
v 0.481149 0.271708 0.823500
v 0.477475 0.271325 0.839191
v 0.470444 0.272121 0.849750
v 0.444194 0.271708 0.860455
v 0.444194 0.258731 0.851784
v 0.459502 0.287016 0.860455
v 0.459885 0.271325 0.856780
v 0.459089 0.260765 0.849750
v 0.444194 1.118216 0.823500
v 0.444194 1.078216 0.863500
v 0.484194 1.078216 0.823500
v 0.444194 1.115171 0.838807
v 0.444194 1.106500 0.851784
v 0.459502 1.115171 0.823500
v 0.459885 1.111496 0.839191
v 0.459089 1.104466 0.849750
v 0.467288 1.101310 0.846594
v 0.459502 1.078216 0.860455
v 0.472478 1.078216 0.851784
v 0.444194 1.093523 0.860455
v 0.459885 1.093907 0.856780
v 0.470444 1.093110 0.849750
v 0.481149 1.093523 0.823500
v 0.472478 1.106500 0.823500
v 0.481149 1.078216 0.838807
v 0.477475 1.093907 0.839191
v 0.470444 1.104466 0.838395
v 0.444194 0.247016 0.177500
v 0.444194 0.287016 0.137500
v 0.484194 0.287016 0.177500
v 0.444194 0.250060 0.162193
v 0.444194 0.258731 0.149216
v 0.459502 0.250060 0.177500
v 0.459885 0.253735 0.161809
v 0.459089 0.260765 0.151250
v 0.467288 0.263922 0.154406
v 0.459502 0.287016 0.140545
v 0.472478 0.287016 0.149216
v 0.444194 0.271708 0.140545
v 0.459885 0.271325 0.144220
v 0.470444 0.272121 0.151250
v 0.481149 0.271708 0.177500
v 0.472478 0.258731 0.177500
v 0.481149 0.287016 0.162193
v 0.477475 0.271325 0.161809
v 0.470444 0.260765 0.162605
v 0.444194 1.118216 0.177500
v 0.484194 1.078216 0.177500
v 0.444194 1.078216 0.137500
v 0.459502 1.115171 0.177500
v 0.472478 1.106500 0.177500
v 0.444194 1.115171 0.162193
v 0.459885 1.111496 0.161809
v 0.470444 1.104466 0.162605
v 0.467288 1.101310 0.154406
v 0.481149 1.078216 0.162193
v 0.472478 1.078216 0.149216
v 0.481149 1.093523 0.177500
v 0.477475 1.093907 0.161809
v 0.470444 1.093110 0.151250
v 0.444194 1.093523 0.140545
v 0.444194 1.106500 0.149216
v 0.459502 1.078216 0.140545
v 0.459885 1.093907 0.144220
v 0.459089 1.104466 0.151250
v -0.422906 0.306416 1.483500
v -0.422906 0.346416 1.523500
v -0.462906 0.346416 1.483500
v -0.422906 0.309461 1.498807
v -0.422906 0.318131 1.511784
v -0.438213 0.309461 1.483500
v -0.438597 0.313135 1.499191
v -0.437801 0.320166 1.509750
v -0.446000 0.323322 1.506594
v -0.438213 0.346416 1.520455
v -0.451190 0.346416 1.511784
v -0.422906 0.331108 1.520455
v -0.438597 0.330725 1.516781
v -0.449156 0.331521 1.509750
v -0.459861 0.331108 1.483500
v -0.451190 0.318131 1.483500
v -0.459861 0.346416 1.498807
v -0.456186 0.330725 1.499191
v -0.449156 0.320166 1.498395
v -0.422906 1.018816 1.523500
v -0.422906 1.058816 1.483500
v -0.462906 1.018816 1.483500
v -0.422906 1.034123 1.520455
v -0.422906 1.047100 1.511784
v -0.438213 1.018816 1.520455
v -0.438597 1.034507 1.516781
v -0.437801 1.045066 1.509750
v -0.446000 1.041910 1.506594
v -0.438213 1.055771 1.483500
v -0.451190 1.047100 1.483500
v -0.422906 1.055771 1.498807
v -0.438597 1.052096 1.499191
v -0.449156 1.045066 1.498395
v -0.459861 1.018816 1.498807
v -0.451190 1.018816 1.511784
v -0.459861 1.034123 1.483500
v -0.456186 1.034507 1.499191
v -0.449156 1.033711 1.509750
v -0.422906 0.306416 0.837500
v -0.462906 0.346416 0.837500
v -0.422906 0.346416 0.797500
v -0.438213 0.309461 0.837500
v -0.451190 0.318131 0.837500
v -0.422906 0.309461 0.822193
v -0.438597 0.313135 0.821809
v -0.449156 0.320166 0.822605
v -0.446000 0.323322 0.814406
v -0.459861 0.346416 0.822193
v -0.451190 0.346416 0.809216
v -0.459861 0.331108 0.837500
v -0.456186 0.330725 0.821809
v -0.449156 0.331521 0.811250
v -0.422906 0.331108 0.800545
v -0.422906 0.318131 0.809216
v -0.438213 0.346416 0.800545
v -0.438597 0.330725 0.804220
v -0.437801 0.320166 0.811250
v -0.422906 1.058816 0.837500
v -0.422906 1.018816 0.797500
v -0.462906 1.018816 0.837500
v -0.422906 1.055771 0.822193
v -0.422906 1.047100 0.809216
v -0.438213 1.055771 0.837500
v -0.438597 1.052096 0.821809
v -0.437801 1.045066 0.811250
v -0.446000 1.041910 0.814406
v -0.438213 1.018816 0.800545
v -0.451190 1.018816 0.809216
v -0.422906 1.034123 0.800545
v -0.438597 1.034507 0.804220
v -0.449156 1.033711 0.811250
v -0.459861 1.034123 0.837500
v -0.451190 1.047100 0.837500
v -0.459861 1.018816 0.822193
v -0.456186 1.034507 0.821809
v -0.449156 1.045066 0.822605
v 0.374894 0.306416 1.483500
v 0.414894 0.346416 1.483500
v 0.374894 0.346416 1.523500
v 0.390202 0.309461 1.483500
v 0.403178 0.318131 1.483500
v 0.374894 0.309461 1.498807
v 0.390585 0.313135 1.499191
v 0.401144 0.320166 1.498395
v 0.397988 0.323322 1.506594
v 0.411849 0.346416 1.498807
v 0.403178 0.346416 1.511784
v 0.411849 0.331108 1.483500
v 0.408175 0.330725 1.499191
v 0.401144 0.331521 1.509750
v 0.374894 0.331108 1.520455
v 0.374894 0.318131 1.511784
v 0.390202 0.346416 1.520455
v 0.390585 0.330725 1.516780
v 0.389789 0.320166 1.509750
v 0.374894 1.058816 1.483500
v 0.374894 1.018816 1.523500
v 0.414894 1.018816 1.483500
v 0.374894 1.055771 1.498807
v 0.374894 1.047100 1.511784
v 0.390202 1.055771 1.483500
v 0.390585 1.052096 1.499191
v 0.389789 1.045066 1.509750
v 0.397988 1.041910 1.506594
v 0.390202 1.018816 1.520455
v 0.403178 1.018816 1.511784
v 0.374894 1.034123 1.520455
v 0.390585 1.034507 1.516781
v 0.401144 1.033711 1.509750
v 0.411849 1.034123 1.483500
v 0.403178 1.047100 1.483500
v 0.411849 1.018816 1.498807
v 0.408175 1.034507 1.499191
v 0.401144 1.045066 1.498395
v 0.374894 0.306416 0.837500
v 0.374894 0.346416 0.797500
v 0.414894 0.346416 0.837500
v 0.374894 0.309461 0.822193
v 0.374894 0.318131 0.809216
v 0.390202 0.309461 0.837500
v 0.390585 0.313135 0.821809
v 0.389789 0.320166 0.811250
v 0.397988 0.323322 0.814406
v 0.390202 0.346416 0.800545
v 0.403178 0.346416 0.809216
v 0.374894 0.331108 0.800545
v 0.390585 0.330725 0.804220
v 0.401144 0.331521 0.811250
v 0.411849 0.331108 0.837500
v 0.403178 0.318131 0.837500
v 0.411849 0.346416 0.822193
v 0.408175 0.330725 0.821809
v 0.401144 0.320166 0.822605
v 0.374894 1.058816 0.837500
v 0.414894 1.018816 0.837500
v 0.374894 1.018816 0.797500
v 0.390202 1.055771 0.837500
v 0.403178 1.047100 0.837500
v 0.374894 1.055771 0.822193
v 0.390585 1.052096 0.821809
v 0.401144 1.045066 0.822605
v 0.397988 1.041910 0.814406
v 0.411849 1.018816 0.822193
v 0.403178 1.018816 0.809216
v 0.411849 1.034123 0.837500
v 0.408175 1.034507 0.821809
v 0.401144 1.033711 0.811250
v 0.374894 1.034123 0.800545
v 0.374894 1.047100 0.809216
v 0.390202 1.018816 0.800545
v 0.390585 1.034507 0.804220
v 0.389789 1.045066 0.811250
v -0.330506 0.385616 2.077500
v -0.330506 0.425616 2.117500
v -0.370506 0.425616 2.077500
v -0.330506 0.388660 2.092807
v -0.330506 0.397331 2.105784
v -0.345813 0.388660 2.077500
v -0.346197 0.392335 2.093191
v -0.345401 0.399365 2.103750
v -0.353600 0.402522 2.100594
v -0.345813 0.425616 2.114455
v -0.358790 0.425616 2.105784
v -0.330506 0.410308 2.114455
v -0.346197 0.409925 2.110780
v -0.356756 0.410721 2.103750
v -0.367461 0.410308 2.077500
v -0.358790 0.397331 2.077500
v -0.367461 0.425616 2.092807
v -0.363786 0.409925 2.093191
v -0.356756 0.399365 2.092395
v -0.330506 0.939616 2.117500
v -0.330506 0.979616 2.077500
v -0.370506 0.939616 2.077500
v -0.330506 0.954923 2.114455
v -0.330506 0.967900 2.105784
v -0.345813 0.939616 2.114455
v -0.346197 0.955307 2.110780
v -0.345401 0.965866 2.103750
v -0.353600 0.962710 2.100594
v -0.345813 0.976571 2.077500
v -0.358790 0.967900 2.077500
v -0.330506 0.976571 2.092807
v -0.346197 0.972896 2.093191
v -0.356756 0.965866 2.092395
v -0.367461 0.939616 2.092807
v -0.358790 0.939616 2.105784
v -0.367461 0.954923 2.077500
v -0.363786 0.955307 2.093191
v -0.356756 0.954511 2.103750
v -0.330506 0.385616 1.431500
v -0.370506 0.425616 1.431500
v -0.330506 0.425616 1.391500
v -0.345813 0.388660 1.431500
v -0.358790 0.397331 1.431500
v -0.330506 0.388660 1.416193
v -0.346197 0.392335 1.415809
v -0.356756 0.399365 1.416605
v -0.353600 0.402522 1.408406
v -0.367461 0.425616 1.416193
v -0.358790 0.425616 1.403216
v -0.367461 0.410308 1.431500
v -0.363786 0.409925 1.415809
v -0.356756 0.410721 1.405250
v -0.330506 0.410308 1.394545
v -0.330506 0.397331 1.403216
v -0.345813 0.425616 1.394545
v -0.346197 0.409925 1.398220
v -0.345401 0.399365 1.405250
v -0.330506 0.979616 1.431500
v -0.330506 0.939616 1.391500
v -0.370506 0.939616 1.431500
v -0.330506 0.976571 1.416193
v -0.330506 0.967900 1.403216
v -0.345813 0.976571 1.431500
v -0.346197 0.972896 1.415809
v -0.345401 0.965866 1.405250
v -0.353600 0.962710 1.408406
v -0.345813 0.939616 1.394545
v -0.358790 0.939616 1.403216
v -0.330506 0.954923 1.394545
v -0.346197 0.955307 1.398220
v -0.356756 0.954511 1.405250
v -0.367461 0.954923 1.431500
v -0.358790 0.967900 1.431500
v -0.367461 0.939616 1.416193
v -0.363786 0.955307 1.415809
v -0.356756 0.965866 1.416605
v 0.282494 0.385616 2.077500
v 0.322494 0.425616 2.077500
v 0.282494 0.425616 2.117500
v 0.297802 0.388660 2.077500
v 0.310778 0.397331 2.077500
v 0.282494 0.388660 2.092807
v 0.298185 0.392335 2.093191
v 0.308744 0.399365 2.092395
v 0.305588 0.402522 2.100594
v 0.319449 0.425616 2.092807
v 0.310778 0.425616 2.105784
v 0.319449 0.410308 2.077500
v 0.315775 0.409925 2.093191
v 0.308744 0.410721 2.103750
v 0.282494 0.410308 2.114455
v 0.282494 0.397331 2.105784
v 0.297802 0.425616 2.114455
v 0.298185 0.409925 2.110780
v 0.297389 0.399365 2.103750
v 0.282494 0.979616 2.077500
v 0.282494 0.939616 2.117500
v 0.322494 0.939616 2.077500
v 0.282494 0.976571 2.092807
v 0.282494 0.967900 2.105784
v 0.297802 0.976571 2.077500
v 0.298185 0.972896 2.093191
v 0.297389 0.965866 2.103750
v 0.305588 0.962710 2.100594
v 0.297802 0.939616 2.114455
v 0.310778 0.939616 2.105784
v 0.282494 0.954923 2.114455
v 0.298185 0.955307 2.110780
v 0.308744 0.954511 2.103750
v 0.319449 0.954923 2.077500
v 0.310778 0.967900 2.077500
v 0.319449 0.939616 2.092807
v 0.315775 0.955307 2.093191
v 0.308744 0.965866 2.092395
v 0.282494 0.385616 1.431500
v 0.282494 0.425616 1.391500
v 0.322494 0.425616 1.431500
v 0.282494 0.388660 1.416193
v 0.282494 0.397331 1.403216
v 0.297802 0.388660 1.431500
v 0.298185 0.392335 1.415809
v 0.297389 0.399365 1.405250
v 0.305588 0.402522 1.408406
v 0.297802 0.425616 1.394545
v 0.310778 0.425616 1.403216
v 0.282494 0.410308 1.394545
v 0.298185 0.409925 1.398220
v 0.308744 0.410721 1.405250
v 0.319449 0.410308 1.431500
v 0.310778 0.397331 1.431500
v 0.319449 0.425616 1.416193
v 0.315775 0.409925 1.415809
v 0.308744 0.399365 1.416605
v 0.282494 0.979616 1.431500
v 0.322494 0.939616 1.431500
v 0.282494 0.939616 1.391500
v 0.297802 0.976571 1.431500
v 0.310778 0.967900 1.431500
v 0.282494 0.976571 1.416193
v 0.298185 0.972896 1.415809
v 0.308744 0.965866 1.416605
v 0.305588 0.962710 1.408406
v 0.319449 0.939616 1.416193
v 0.310778 0.939616 1.403216
v 0.319449 0.954923 1.431500
v 0.315775 0.955307 1.415809
v 0.308744 0.954511 1.405250
v 0.282494 0.954923 1.394545
v 0.282494 0.967900 1.403216
v 0.297802 0.939616 1.394545
v 0.298185 0.955307 1.398220
v 0.297389 0.965866 1.405250
v 0.447494 0.315816 0.855300
v 0.447494 0.327816 0.867300
v 0.435494 0.327816 0.855300
v 0.447494 0.319330 0.863785
v 0.440566 0.320887 0.862228
v 0.439009 0.327816 0.863785
v 0.439009 0.319330 0.855300
v 0.447494 0.403816 0.867300
v 0.447494 0.415816 0.855300
v 0.435494 0.403816 0.855300
v 0.447494 0.412301 0.863785
v 0.440566 0.410744 0.862228
v 0.439009 0.412301 0.855300
v 0.439009 0.403816 0.863785
v 0.447494 0.315816 0.779300
v 0.435494 0.327816 0.779300
v 0.447494 0.327816 0.767300
v 0.439009 0.319330 0.779300
v 0.440566 0.320887 0.772372
v 0.439009 0.327816 0.770815
v 0.447494 0.319330 0.770815
v 0.447494 0.415816 0.779300
v 0.447494 0.403816 0.767300
v 0.435494 0.403816 0.779300
v 0.447494 0.412301 0.770815
v 0.440566 0.410744 0.772372
v 0.439009 0.403816 0.770815
v 0.439009 0.412301 0.779300
v 0.468494 0.315816 0.855300
v 0.480494 0.327816 0.855300
v 0.468494 0.327816 0.867300
v 0.476979 0.319330 0.855300
v 0.475422 0.320887 0.862228
v 0.476979 0.327816 0.863785
v 0.468494 0.319330 0.863785
v 0.468494 0.415816 0.855300
v 0.468494 0.403816 0.867300
v 0.480494 0.403816 0.855300
v 0.468494 0.412301 0.863785
v 0.475422 0.410744 0.862228
v 0.476979 0.403816 0.863785
v 0.476979 0.412301 0.855300
v 0.468494 0.315816 0.779300
v 0.468494 0.327816 0.767300
v 0.480494 0.327816 0.779300
v 0.468494 0.319330 0.770815
v 0.475422 0.320887 0.772372
v 0.476979 0.327816 0.770815
v 0.476979 0.319330 0.779300
v 0.468494 0.415816 0.779300
v 0.480494 0.403816 0.779300
v 0.468494 0.403816 0.767300
v 0.476979 0.412301 0.779300
v 0.475422 0.410744 0.772372
v 0.476979 0.403816 0.770815
v 0.468494 0.412301 0.770815
v 0.447494 0.527016 0.855300
v 0.447494 0.539016 0.867300
v 0.435494 0.539016 0.855300
v 0.447494 0.530530 0.863785
v 0.440566 0.532088 0.862228
v 0.439009 0.539016 0.863785
v 0.439009 0.530530 0.855300
v 0.447494 0.615016 0.867300
v 0.447494 0.627016 0.855300
v 0.435494 0.615016 0.855300
v 0.447494 0.623501 0.863785
v 0.440566 0.621944 0.862228
v 0.439009 0.623501 0.855300
v 0.439009 0.615016 0.863785
v 0.447494 0.527016 0.779300
v 0.435494 0.539016 0.779300
v 0.447494 0.539016 0.767300
v 0.439009 0.530530 0.779300
v 0.440566 0.532088 0.772372
v 0.439009 0.539016 0.770815
v 0.447494 0.530530 0.770815
v 0.447494 0.627016 0.779300
v 0.447494 0.615016 0.767300
v 0.435494 0.615016 0.779300
v 0.447494 0.623501 0.770815
v 0.440566 0.621944 0.772372
v 0.439009 0.615016 0.770815
v 0.439009 0.623501 0.779300
v 0.468494 0.527016 0.855300
v 0.480494 0.539016 0.855300
v 0.468494 0.539016 0.867300
v 0.476979 0.530530 0.855300
v 0.475422 0.532088 0.862228
v 0.476979 0.539016 0.863785
v 0.468494 0.530530 0.863785
v 0.468494 0.627016 0.855300
v 0.468494 0.615016 0.867300
v 0.480494 0.615016 0.855300
v 0.468494 0.623501 0.863785
v 0.475422 0.621944 0.862228
v 0.476979 0.615016 0.863785
v 0.476979 0.623501 0.855300
v 0.468494 0.527016 0.779300
v 0.468494 0.539016 0.767300
v 0.480494 0.539016 0.779300
v 0.468494 0.530530 0.770815
v 0.475422 0.532088 0.772372
v 0.476979 0.539016 0.770815
v 0.476979 0.530530 0.779300
v 0.468494 0.627016 0.779300
v 0.480494 0.615016 0.779300
v 0.468494 0.615016 0.767300
v 0.476979 0.623501 0.779300
v 0.475422 0.621944 0.772372
v 0.476979 0.615016 0.770815
v 0.468494 0.623501 0.770815
v 0.447494 0.738216 0.855300
v 0.447494 0.750216 0.867300
v 0.435494 0.750216 0.855300
v 0.447494 0.741730 0.863785
v 0.440566 0.743288 0.862228
v 0.439009 0.750216 0.863785
v 0.439009 0.741730 0.855300
v 0.447494 0.826216 0.867300
v 0.447494 0.838216 0.855300
v 0.435494 0.826216 0.855300
v 0.447494 0.834701 0.863785
v 0.440566 0.833144 0.862228
v 0.439009 0.834701 0.855300
v 0.439009 0.826216 0.863785
v 0.447494 0.738216 0.779300
v 0.435494 0.750216 0.779300
v 0.447494 0.750216 0.767300
v 0.439009 0.741730 0.779300
v 0.440566 0.743288 0.772372
v 0.439009 0.750216 0.770815
v 0.447494 0.741730 0.770815
v 0.447494 0.838216 0.779300
v 0.447494 0.826216 0.767300
v 0.435494 0.826216 0.779300
v 0.447494 0.834701 0.770815
v 0.440566 0.833144 0.772372
v 0.439009 0.826216 0.770815
v 0.439009 0.834701 0.779300
v 0.468494 0.738216 0.855300
v 0.480494 0.750216 0.855300
v 0.468494 0.750216 0.867300
v 0.476979 0.741730 0.855300
v 0.475422 0.743288 0.862228
v 0.476979 0.750216 0.863785
v 0.468494 0.741730 0.863785
v 0.468494 0.838216 0.855300
v 0.468494 0.826216 0.867300
v 0.480494 0.826216 0.855300
v 0.468494 0.834701 0.863785
v 0.475422 0.833144 0.862228
v 0.476979 0.826216 0.863785
v 0.476979 0.834701 0.855300
v 0.468494 0.738216 0.779300
v 0.468494 0.750216 0.767300
v 0.480494 0.750216 0.779300
v 0.468494 0.741730 0.770815
v 0.475422 0.743288 0.772372
v 0.476979 0.750216 0.770815
v 0.476979 0.741730 0.779300
v 0.468494 0.838216 0.779300
v 0.480494 0.826216 0.779300
v 0.468494 0.826216 0.767300
v 0.476979 0.834701 0.779300
v 0.475422 0.833144 0.772372
v 0.476979 0.826216 0.770815
v 0.468494 0.834701 0.770815
v 0.447494 0.949416 0.855300
v 0.447494 0.961416 0.867300
v 0.435494 0.961416 0.855300
v 0.447494 0.952930 0.863785
v 0.440566 0.954487 0.862228
v 0.439009 0.961416 0.863785
v 0.439009 0.952930 0.855300
v 0.447494 1.037416 0.867300
v 0.447494 1.049416 0.855300
v 0.435494 1.037416 0.855300
v 0.447494 1.045901 0.863785
v 0.440566 1.044344 0.862228
v 0.439009 1.045901 0.855300
v 0.439009 1.037416 0.863785
v 0.447494 0.949416 0.779300
v 0.435494 0.961416 0.779300
v 0.447494 0.961416 0.767300
v 0.439009 0.952930 0.779300
v 0.440566 0.954487 0.772372
v 0.439009 0.961416 0.770815
v 0.447494 0.952930 0.770815
v 0.447494 1.049416 0.779300
v 0.447494 1.037416 0.767300
v 0.435494 1.037416 0.779300
v 0.447494 1.045901 0.770815
v 0.440566 1.044344 0.772372
v 0.439009 1.037416 0.770815
v 0.439009 1.045901 0.779300
v 0.468494 0.949416 0.855300
v 0.480494 0.961416 0.855300
v 0.468494 0.961416 0.867300
v 0.476979 0.952930 0.855300
v 0.475422 0.954487 0.862228
v 0.476979 0.961416 0.863785
v 0.468494 0.952930 0.863785
v 0.468494 1.049416 0.855300
v 0.468494 1.037416 0.867300
v 0.480494 1.037416 0.855300
v 0.468494 1.045901 0.863785
v 0.475422 1.044344 0.862228
v 0.476979 1.037416 0.863785
v 0.476979 1.045901 0.855300
v 0.468494 0.949416 0.779300
v 0.468494 0.961416 0.767300
v 0.480494 0.961416 0.779300
v 0.468494 0.952930 0.770815
v 0.475422 0.954487 0.772372
v 0.476979 0.961416 0.770815
v 0.476979 0.952930 0.779300
v 0.468494 1.049416 0.779300
v 0.480494 1.037416 0.779300
v 0.468494 1.037416 0.767300
v 0.476979 1.045901 0.779300
v 0.475422 1.044344 0.772372
v 0.476979 1.037416 0.770815
v 0.468494 1.045901 0.770815
v 0.447494 0.315816 0.644100
v 0.447494 0.327816 0.656100
v 0.435494 0.327816 0.644100
v 0.447494 0.319330 0.652585
v 0.440566 0.320887 0.651028
v 0.439009 0.327816 0.652585
v 0.439009 0.319330 0.644100
v 0.447494 0.403816 0.656100
v 0.447494 0.415816 0.644100
v 0.435494 0.403816 0.644100
v 0.447494 0.412301 0.652585
v 0.440566 0.410744 0.651028
v 0.439009 0.412301 0.644100
v 0.439009 0.403816 0.652585
v 0.447494 0.315816 0.568100
v 0.435494 0.327816 0.568100
v 0.447494 0.327816 0.556100
v 0.439009 0.319330 0.568100
v 0.440566 0.320887 0.561172
v 0.439009 0.327816 0.559615
v 0.447494 0.319330 0.559615
v 0.447494 0.415816 0.568100
v 0.447494 0.403816 0.556100
v 0.435494 0.403816 0.568100
v 0.447494 0.412301 0.559615
v 0.440566 0.410744 0.561172
v 0.439009 0.403816 0.559615
v 0.439009 0.412301 0.568100
v 0.468494 0.315816 0.644100
v 0.480494 0.327816 0.644100
v 0.468494 0.327816 0.656100
v 0.476979 0.319330 0.644100
v 0.475422 0.320887 0.651028
v 0.476979 0.327816 0.652585
v 0.468494 0.319330 0.652585
v 0.468494 0.415816 0.644100
v 0.468494 0.403816 0.656100
v 0.480494 0.403816 0.644100
v 0.468494 0.412301 0.652585
v 0.475422 0.410744 0.651028
v 0.476979 0.403816 0.652585
v 0.476979 0.412301 0.644100
v 0.468494 0.315816 0.568100
v 0.468494 0.327816 0.556100
v 0.480494 0.327816 0.568100
v 0.468494 0.319330 0.559615
v 0.475422 0.320887 0.561172
v 0.476979 0.327816 0.559615
v 0.476979 0.319330 0.568100
v 0.468494 0.415816 0.568100
v 0.480494 0.403816 0.568100
v 0.468494 0.403816 0.556100
v 0.476979 0.412301 0.568100
v 0.475422 0.410744 0.561172
v 0.476979 0.403816 0.559615
v 0.468494 0.412301 0.559615
v 0.447494 0.527016 0.644100
v 0.447494 0.539016 0.656100
v 0.435494 0.539016 0.644100
v 0.447494 0.530530 0.652585
v 0.440566 0.532088 0.651028
v 0.439009 0.539016 0.652585
v 0.439009 0.530530 0.644100
v 0.447494 0.615016 0.656100
v 0.447494 0.627016 0.644100
v 0.435494 0.615016 0.644100
v 0.447494 0.623501 0.652585
v 0.440566 0.621944 0.651028
v 0.439009 0.623501 0.644100
v 0.439009 0.615016 0.652585
v 0.447494 0.527016 0.568100
v 0.435494 0.539016 0.568100
v 0.447494 0.539016 0.556100
v 0.439009 0.530530 0.568100
v 0.440566 0.532088 0.561172
v 0.439009 0.539016 0.559615
v 0.447494 0.530530 0.559615
v 0.447494 0.627016 0.568100
v 0.447494 0.615016 0.556100
v 0.435494 0.615016 0.568100
v 0.447494 0.623501 0.559615
v 0.440566 0.621944 0.561172
v 0.439009 0.615016 0.559615
v 0.439009 0.623501 0.568100
v 0.468494 0.527016 0.644100
v 0.480494 0.539016 0.644100
v 0.468494 0.539016 0.656100
v 0.476979 0.530530 0.644100
v 0.475422 0.532088 0.651028
v 0.476979 0.539016 0.652585
v 0.468494 0.530530 0.652585
v 0.468494 0.627016 0.644100
v 0.468494 0.615016 0.656100
v 0.480494 0.615016 0.644100
v 0.468494 0.623501 0.652585
v 0.475422 0.621944 0.651028
v 0.476979 0.615016 0.652585
v 0.476979 0.623501 0.644100
v 0.468494 0.527016 0.568100
v 0.468494 0.539016 0.556100
v 0.480494 0.539016 0.568100
v 0.468494 0.530530 0.559615
v 0.475422 0.532088 0.561172
v 0.476979 0.539016 0.559615
v 0.476979 0.530530 0.568100
v 0.468494 0.627016 0.568100
v 0.480494 0.615016 0.568100
v 0.468494 0.615016 0.556100
v 0.476979 0.623501 0.568100
v 0.475422 0.621944 0.561172
v 0.476979 0.615016 0.559615
v 0.468494 0.623501 0.559615
v 0.447494 0.738216 0.644100
v 0.447494 0.750216 0.656100
v 0.435494 0.750216 0.644100
v 0.447494 0.741730 0.652585
v 0.440566 0.743288 0.651028
v 0.439009 0.750216 0.652585
v 0.439009 0.741730 0.644100
v 0.447494 0.826216 0.656100
v 0.447494 0.838216 0.644100
v 0.435494 0.826216 0.644100
v 0.447494 0.834701 0.652585
v 0.440566 0.833144 0.651028
v 0.439009 0.834701 0.644100
v 0.439009 0.826216 0.652585
v 0.447494 0.738216 0.568100
v 0.435494 0.750216 0.568100
v 0.447494 0.750216 0.556100
v 0.439009 0.741730 0.568100
v 0.440566 0.743288 0.561172
v 0.439009 0.750216 0.559615
v 0.447494 0.741730 0.559615
v 0.447494 0.838216 0.568100
v 0.447494 0.826216 0.556100
v 0.435494 0.826216 0.568100
v 0.447494 0.834701 0.559615
v 0.440566 0.833144 0.561172
v 0.439009 0.826216 0.559615
v 0.439009 0.834701 0.568100
v 0.468494 0.738216 0.644100
v 0.480494 0.750216 0.644100
v 0.468494 0.750216 0.656100
v 0.476979 0.741730 0.644100
v 0.475422 0.743288 0.651028
v 0.476979 0.750216 0.652585
v 0.468494 0.741730 0.652585
v 0.468494 0.838216 0.644100
v 0.468494 0.826216 0.656100
v 0.480494 0.826216 0.644100
v 0.468494 0.834701 0.652585
v 0.475422 0.833144 0.651028
v 0.476979 0.826216 0.652585
v 0.476979 0.834701 0.644100
v 0.468494 0.738216 0.568100
v 0.468494 0.750216 0.556100
v 0.480494 0.750216 0.568100
v 0.468494 0.741730 0.559615
v 0.475422 0.743288 0.561172
v 0.476979 0.750216 0.559615
v 0.476979 0.741730 0.568100
v 0.468494 0.838216 0.568100
v 0.480494 0.826216 0.568100
v 0.468494 0.826216 0.556100
v 0.476979 0.834701 0.568100
v 0.475422 0.833144 0.561172
v 0.476979 0.826216 0.559615
v 0.468494 0.834701 0.559615
v 0.447494 0.949416 0.644100
v 0.447494 0.961416 0.656100
v 0.435494 0.961416 0.644100
v 0.447494 0.952930 0.652585
v 0.440566 0.954487 0.651028
v 0.439009 0.961416 0.652585
v 0.439009 0.952930 0.644100
v 0.447494 1.037416 0.656100
v 0.447494 1.049416 0.644100
v 0.435494 1.037416 0.644100
v 0.447494 1.045901 0.652585
v 0.440566 1.044344 0.651028
v 0.439009 1.045901 0.644100
v 0.439009 1.037416 0.652585
v 0.447494 0.949416 0.568100
v 0.435494 0.961416 0.568100
v 0.447494 0.961416 0.556100
v 0.439009 0.952930 0.568100
v 0.440566 0.954487 0.561172
v 0.439009 0.961416 0.559615
v 0.447494 0.952930 0.559615
v 0.447494 1.049416 0.568100
v 0.447494 1.037416 0.556100
v 0.435494 1.037416 0.568100
v 0.447494 1.045901 0.559615
v 0.440566 1.044344 0.561172
v 0.439009 1.037416 0.559615
v 0.439009 1.045901 0.568100
v 0.468494 0.949416 0.644100
v 0.480494 0.961416 0.644100
v 0.468494 0.961416 0.656100
v 0.476979 0.952930 0.644100
v 0.475422 0.954487 0.651028
v 0.476979 0.961416 0.652585
v 0.468494 0.952930 0.652585
v 0.468494 1.049416 0.644100
v 0.468494 1.037416 0.656100
v 0.480494 1.037416 0.644100
v 0.468494 1.045901 0.652585
v 0.475422 1.044344 0.651028
v 0.476979 1.037416 0.652585
v 0.476979 1.045901 0.644100
v 0.468494 0.949416 0.568100
v 0.468494 0.961416 0.556100
v 0.480494 0.961416 0.568100
v 0.468494 0.952930 0.559615
v 0.475422 0.954487 0.561172
v 0.476979 0.961416 0.559615
v 0.476979 0.952930 0.568100
v 0.468494 1.049416 0.568100
v 0.480494 1.037416 0.568100
v 0.468494 1.037416 0.556100
v 0.476979 1.045901 0.568100
v 0.475422 1.044344 0.561172
v 0.476979 1.037416 0.559615
v 0.468494 1.045901 0.559615
v 0.447494 0.315816 0.432900
v 0.447494 0.327816 0.444900
v 0.435494 0.327816 0.432900
v 0.447494 0.319330 0.441385
v 0.440566 0.320887 0.439828
v 0.439009 0.327816 0.441385
v 0.439009 0.319330 0.432900
v 0.447494 0.403816 0.444900
v 0.447494 0.415816 0.432900
v 0.435494 0.403816 0.432900
v 0.447494 0.412301 0.441385
v 0.440566 0.410744 0.439828
v 0.439009 0.412301 0.432900
v 0.439009 0.403816 0.441385
v 0.447494 0.315816 0.356900
v 0.435494 0.327816 0.356900
v 0.447494 0.327816 0.344900
v 0.439009 0.319330 0.356900
v 0.440566 0.320887 0.349972
v 0.439009 0.327816 0.348415
v 0.447494 0.319330 0.348415
v 0.447494 0.415816 0.356900
v 0.447494 0.403816 0.344900
v 0.435494 0.403816 0.356900
v 0.447494 0.412301 0.348415
v 0.440566 0.410744 0.349972
v 0.439009 0.403816 0.348415
v 0.439009 0.412301 0.356900
v 0.468494 0.315816 0.432900
v 0.480494 0.327816 0.432900
v 0.468494 0.327816 0.444900
v 0.476979 0.319330 0.432900
v 0.475422 0.320887 0.439828
v 0.476979 0.327816 0.441385
v 0.468494 0.319330 0.441385
v 0.468494 0.415816 0.432900
v 0.468494 0.403816 0.444900
v 0.480494 0.403816 0.432900
v 0.468494 0.412301 0.441385
v 0.475422 0.410744 0.439828
v 0.476979 0.403816 0.441385
v 0.476979 0.412301 0.432900
v 0.468494 0.315816 0.356900
v 0.468494 0.327816 0.344900
v 0.480494 0.327816 0.356900
v 0.468494 0.319330 0.348415
v 0.475422 0.320887 0.349972
v 0.476979 0.327816 0.348415
v 0.476979 0.319330 0.356900
v 0.468494 0.415816 0.356900
v 0.480494 0.403816 0.356900
v 0.468494 0.403816 0.344900
v 0.476979 0.412301 0.356900
v 0.475422 0.410744 0.349972
v 0.476979 0.403816 0.348415
v 0.468494 0.412301 0.348415
v 0.447494 0.527016 0.432900
v 0.447494 0.539016 0.444900
v 0.435494 0.539016 0.432900
v 0.447494 0.530530 0.441385
v 0.440566 0.532088 0.439828
v 0.439009 0.539016 0.441385
v 0.439009 0.530530 0.432900
v 0.447494 0.615016 0.444900
v 0.447494 0.627016 0.432900
v 0.435494 0.615016 0.432900
v 0.447494 0.623501 0.441385
v 0.440566 0.621944 0.439828
v 0.439009 0.623501 0.432900
v 0.439009 0.615016 0.441385
v 0.447494 0.527016 0.356900
v 0.435494 0.539016 0.356900
v 0.447494 0.539016 0.344900
v 0.439009 0.530530 0.356900
v 0.440566 0.532088 0.349972
v 0.439009 0.539016 0.348415
v 0.447494 0.530530 0.348415
v 0.447494 0.627016 0.356900
v 0.447494 0.615016 0.344900
v 0.435494 0.615016 0.356900
v 0.447494 0.623501 0.348415
v 0.440566 0.621944 0.349972
v 0.439009 0.615016 0.348415
v 0.439009 0.623501 0.356900
v 0.468494 0.527016 0.432900
v 0.480494 0.539016 0.432900
v 0.468494 0.539016 0.444900
v 0.476979 0.530530 0.432900
v 0.475422 0.532088 0.439828
v 0.476979 0.539016 0.441385
v 0.468494 0.530530 0.441385
v 0.468494 0.627016 0.432900
v 0.468494 0.615016 0.444900
v 0.480494 0.615016 0.432900
v 0.468494 0.623501 0.441385
v 0.475422 0.621944 0.439828
v 0.476979 0.615016 0.441385
v 0.476979 0.623501 0.432900
v 0.468494 0.527016 0.356900
v 0.468494 0.539016 0.344900
v 0.480494 0.539016 0.356900
v 0.468494 0.530530 0.348415
v 0.475422 0.532088 0.349972
v 0.476979 0.539016 0.348415
v 0.476979 0.530530 0.356900
v 0.468494 0.627016 0.356900
v 0.480494 0.615016 0.356900
v 0.468494 0.615016 0.344900
v 0.476979 0.623501 0.356900
v 0.475422 0.621944 0.349972
v 0.476979 0.615016 0.348415
v 0.468494 0.623501 0.348415
v 0.447494 0.738216 0.432900
v 0.447494 0.750216 0.444900
v 0.435494 0.750216 0.432900
v 0.447494 0.741730 0.441385
v 0.440566 0.743288 0.439828
v 0.439009 0.750216 0.441385
v 0.439009 0.741730 0.432900
v 0.447494 0.826216 0.444900
v 0.447494 0.838216 0.432900
v 0.435494 0.826216 0.432900
v 0.447494 0.834701 0.441385
v 0.440566 0.833144 0.439828
v 0.439009 0.834701 0.432900
v 0.439009 0.826216 0.441385
v 0.447494 0.738216 0.356900
v 0.435494 0.750216 0.356900
v 0.447494 0.750216 0.344900
v 0.439009 0.741730 0.356900
v 0.440566 0.743288 0.349972
v 0.439009 0.750216 0.348415
v 0.447494 0.741730 0.348415
v 0.447494 0.838216 0.356900
v 0.447494 0.826216 0.344900
v 0.435494 0.826216 0.356900
v 0.447494 0.834701 0.348415
v 0.440566 0.833144 0.349972
v 0.439009 0.826216 0.348415
v 0.439009 0.834701 0.356900
v 0.468494 0.738216 0.432900
v 0.480494 0.750216 0.432900
v 0.468494 0.750216 0.444900
v 0.476979 0.741730 0.432900
v 0.475422 0.743288 0.439828
v 0.476979 0.750216 0.441385
v 0.468494 0.741730 0.441385
v 0.468494 0.838216 0.432900
v 0.468494 0.826216 0.444900
v 0.480494 0.826216 0.432900
v 0.468494 0.834701 0.441385
v 0.475422 0.833144 0.439828
v 0.476979 0.826216 0.441385
v 0.476979 0.834701 0.432900
v 0.468494 0.738216 0.356900
v 0.468494 0.750216 0.344900
v 0.480494 0.750216 0.356900
v 0.468494 0.741730 0.348415
v 0.475422 0.743288 0.349972
v 0.476979 0.750216 0.348415
v 0.476979 0.741730 0.356900
v 0.468494 0.838216 0.356900
v 0.480494 0.826216 0.356900
v 0.468494 0.826216 0.344900
v 0.476979 0.834701 0.356900
v 0.475422 0.833144 0.349972
v 0.476979 0.826216 0.348415
v 0.468494 0.834701 0.348415
v 0.447494 0.949416 0.432900
v 0.447494 0.961416 0.444900
v 0.435494 0.961416 0.432900
v 0.447494 0.952930 0.441385
v 0.440566 0.954487 0.439828
v 0.439009 0.961416 0.441385
v 0.439009 0.952930 0.432900
v 0.447494 1.037416 0.444900
v 0.447494 1.049416 0.432900
v 0.435494 1.037416 0.432900
v 0.447494 1.045901 0.441385
v 0.440566 1.044344 0.439828
v 0.439009 1.045901 0.432900
v 0.439009 1.037416 0.441385
v 0.447494 0.949416 0.356900
v 0.435494 0.961416 0.356900
v 0.447494 0.961416 0.344900
v 0.439009 0.952930 0.356900
v 0.440566 0.954487 0.349972
v 0.439009 0.961416 0.348415
v 0.447494 0.952930 0.348415
v 0.447494 1.049416 0.356900
v 0.447494 1.037416 0.344900
v 0.435494 1.037416 0.356900
v 0.447494 1.045901 0.348415
v 0.440566 1.044344 0.349972
v 0.439009 1.037416 0.348415
v 0.439009 1.045901 0.356900
v 0.468494 0.949416 0.432900
v 0.480494 0.961416 0.432900
v 0.468494 0.961416 0.444900
v 0.476979 0.952930 0.432900
v 0.475422 0.954487 0.439828
v 0.476979 0.961416 0.441385
v 0.468494 0.952930 0.441385
v 0.468494 1.049416 0.432900
v 0.468494 1.037416 0.444900
v 0.480494 1.037416 0.432900
v 0.468494 1.045901 0.441385
v 0.475422 1.044344 0.439828
v 0.476979 1.037416 0.441385
v 0.476979 1.045901 0.432900
v 0.468494 0.949416 0.356900
v 0.468494 0.961416 0.344900
v 0.480494 0.961416 0.356900
v 0.468494 0.952930 0.348415
v 0.475422 0.954487 0.349972
v 0.476979 0.961416 0.348415
v 0.476979 0.952930 0.356900
v 0.468494 1.049416 0.356900
v 0.480494 1.037416 0.356900
v 0.468494 1.037416 0.344900
v 0.476979 1.045901 0.356900
v 0.475422 1.044344 0.349972
v 0.476979 1.037416 0.348415
v 0.468494 1.045901 0.348415
v 0.447494 0.315816 0.221700
v 0.447494 0.327816 0.233700
v 0.435494 0.327816 0.221700
v 0.447494 0.319330 0.230185
v 0.440566 0.320887 0.228628
v 0.439009 0.327816 0.230185
v 0.439009 0.319330 0.221700
v 0.447494 0.403816 0.233700
v 0.447494 0.415816 0.221700
v 0.435494 0.403816 0.221700
v 0.447494 0.412301 0.230185
v 0.440566 0.410744 0.228628
v 0.439009 0.412301 0.221700
v 0.439009 0.403816 0.230185
v 0.447494 0.315816 0.145700
v 0.435494 0.327816 0.145700
v 0.447494 0.327816 0.133700
v 0.439009 0.319330 0.145700
v 0.440566 0.320887 0.138772
v 0.439009 0.327816 0.137215
v 0.447494 0.319330 0.137215
v 0.447494 0.415816 0.145700
v 0.447494 0.403816 0.133700
v 0.435494 0.403816 0.145700
v 0.447494 0.412301 0.137215
v 0.440566 0.410744 0.138772
v 0.439009 0.403816 0.137215
v 0.439009 0.412301 0.145700
v 0.468494 0.315816 0.221700
v 0.480494 0.327816 0.221700
v 0.468494 0.327816 0.233700
v 0.476979 0.319330 0.221700
v 0.475422 0.320887 0.228628
v 0.476979 0.327816 0.230185
v 0.468494 0.319330 0.230185
v 0.468494 0.415816 0.221700
v 0.468494 0.403816 0.233700
v 0.480494 0.403816 0.221700
v 0.468494 0.412301 0.230185
v 0.475422 0.410744 0.228628
v 0.476979 0.403816 0.230185
v 0.476979 0.412301 0.221700
v 0.468494 0.315816 0.145700
v 0.468494 0.327816 0.133700
v 0.480494 0.327816 0.145700
v 0.468494 0.319330 0.137215
v 0.475422 0.320887 0.138772
v 0.476979 0.327816 0.137215
v 0.476979 0.319330 0.145700
v 0.468494 0.415816 0.145700
v 0.480494 0.403816 0.145700
v 0.468494 0.403816 0.133700
v 0.476979 0.412301 0.145700
v 0.475422 0.410744 0.138772
v 0.476979 0.403816 0.137215
v 0.468494 0.412301 0.137215
v 0.447494 0.527016 0.221700
v 0.447494 0.539016 0.233700
v 0.435494 0.539016 0.221700
v 0.447494 0.530530 0.230185
v 0.440566 0.532088 0.228628
v 0.439009 0.539016 0.230185
v 0.439009 0.530530 0.221700
v 0.447494 0.615016 0.233700
v 0.447494 0.627016 0.221700
v 0.435494 0.615016 0.221700
v 0.447494 0.623501 0.230185
v 0.440566 0.621944 0.228628
v 0.439009 0.623501 0.221700
v 0.439009 0.615016 0.230185
v 0.447494 0.527016 0.145700
v 0.435494 0.539016 0.145700
v 0.447494 0.539016 0.133700
v 0.439009 0.530530 0.145700
v 0.440566 0.532088 0.138772
v 0.439009 0.539016 0.137215
v 0.447494 0.530530 0.137215
v 0.447494 0.627016 0.145700
v 0.447494 0.615016 0.133700
v 0.435494 0.615016 0.145700
v 0.447494 0.623501 0.137215
v 0.440566 0.621944 0.138772
v 0.439009 0.615016 0.137215
v 0.439009 0.623501 0.145700
v 0.468494 0.527016 0.221700
v 0.480494 0.539016 0.221700
v 0.468494 0.539016 0.233700
v 0.476979 0.530530 0.221700
v 0.475422 0.532088 0.228628
v 0.476979 0.539016 0.230185
v 0.468494 0.530530 0.230185
v 0.468494 0.627016 0.221700
v 0.468494 0.615016 0.233700
v 0.480494 0.615016 0.221700
v 0.468494 0.623501 0.230185
v 0.475422 0.621944 0.228628
v 0.476979 0.615016 0.230185
v 0.476979 0.623501 0.221700
v 0.468494 0.527016 0.145700
v 0.468494 0.539016 0.133700
v 0.480494 0.539016 0.145700
v 0.468494 0.530530 0.137215
v 0.475422 0.532088 0.138772
v 0.476979 0.539016 0.137215
v 0.476979 0.530530 0.145700
v 0.468494 0.627016 0.145700
v 0.480494 0.615016 0.145700
v 0.468494 0.615016 0.133700
v 0.476979 0.623501 0.145700
v 0.475422 0.621944 0.138772
v 0.476979 0.615016 0.137215
v 0.468494 0.623501 0.137215
v 0.447494 0.738216 0.221700
v 0.447494 0.750216 0.233700
v 0.435494 0.750216 0.221700
v 0.447494 0.741730 0.230185
v 0.440566 0.743288 0.228628
v 0.439009 0.750216 0.230185
v 0.439009 0.741730 0.221700
v 0.447494 0.826216 0.233700
v 0.447494 0.838216 0.221700
v 0.435494 0.826216 0.221700
v 0.447494 0.834701 0.230185
v 0.440566 0.833144 0.228628
v 0.439009 0.834701 0.221700
v 0.439009 0.826216 0.230185
v 0.447494 0.738216 0.145700
v 0.435494 0.750216 0.145700
v 0.447494 0.750216 0.133700
v 0.439009 0.741730 0.145700
v 0.440566 0.743288 0.138772
v 0.439009 0.750216 0.137215
v 0.447494 0.741730 0.137215
v 0.447494 0.838216 0.145700
v 0.447494 0.826216 0.133700
v 0.435494 0.826216 0.145700
v 0.447494 0.834701 0.137215
v 0.440566 0.833144 0.138772
v 0.439009 0.826216 0.137215
v 0.439009 0.834701 0.145700
v 0.468494 0.738216 0.221700
v 0.480494 0.750216 0.221700
v 0.468494 0.750216 0.233700
v 0.476979 0.741730 0.221700
v 0.475422 0.743288 0.228628
v 0.476979 0.750216 0.230185
v 0.468494 0.741730 0.230185
v 0.468494 0.838216 0.221700
v 0.468494 0.826216 0.233700
v 0.480494 0.826216 0.221700
v 0.468494 0.834701 0.230185
v 0.475422 0.833144 0.228628
v 0.476979 0.826216 0.230185
v 0.476979 0.834701 0.221700
v 0.468494 0.738216 0.145700
v 0.468494 0.750216 0.133700
v 0.480494 0.750216 0.145700
v 0.468494 0.741730 0.137215
v 0.475422 0.743288 0.138772
v 0.476979 0.750216 0.137215
v 0.476979 0.741730 0.145700
v 0.468494 0.838216 0.145700
v 0.480494 0.826216 0.145700
v 0.468494 0.826216 0.133700
v 0.476979 0.834701 0.145700
v 0.475422 0.833144 0.138772
v 0.476979 0.826216 0.137215
v 0.468494 0.834701 0.137215
v 0.447494 0.949416 0.221700
v 0.447494 0.961416 0.233700
v 0.435494 0.961416 0.221700
v 0.447494 0.952930 0.230185
v 0.440566 0.954487 0.228628
v 0.439009 0.961416 0.230185
v 0.439009 0.952930 0.221700
v 0.447494 1.037416 0.233700
v 0.447494 1.049416 0.221700
v 0.435494 1.037416 0.221700
v 0.447494 1.045901 0.230185
v 0.440566 1.044344 0.228628
v 0.439009 1.045901 0.221700
v 0.439009 1.037416 0.230185
v 0.447494 0.949416 0.145700
v 0.435494 0.961416 0.145700
v 0.447494 0.961416 0.133700
v 0.439009 0.952930 0.145700
v 0.440566 0.954487 0.138772
v 0.439009 0.961416 0.137215
v 0.447494 0.952930 0.137215
v 0.447494 1.049416 0.145700
v 0.447494 1.037416 0.133700
v 0.435494 1.037416 0.145700
v 0.447494 1.045901 0.137215
v 0.440566 1.044344 0.138772
v 0.439009 1.037416 0.137215
v 0.439009 1.045901 0.145700
v 0.468494 0.949416 0.221700
v 0.480494 0.961416 0.221700
v 0.468494 0.961416 0.233700
v 0.476979 0.952930 0.221700
v 0.475422 0.954487 0.228628
v 0.476979 0.961416 0.230185
v 0.468494 0.952930 0.230185
v 0.468494 1.049416 0.221700
v 0.468494 1.037416 0.233700
v 0.480494 1.037416 0.221700
v 0.468494 1.045901 0.230185
v 0.475422 1.044344 0.228628
v 0.476979 1.037416 0.230185
v 0.476979 1.045901 0.221700
v 0.468494 0.949416 0.145700
v 0.468494 0.961416 0.133700
v 0.480494 0.961416 0.145700
v 0.468494 0.952930 0.137215
v 0.475422 0.954487 0.138772
v 0.476979 0.961416 0.137215
v 0.476979 0.952930 0.145700
v 0.468494 1.049416 0.145700
v 0.480494 1.037416 0.145700
v 0.468494 1.037416 0.133700
v 0.476979 1.045901 0.145700
v 0.475422 1.044344 0.138772
v 0.476979 1.037416 0.137215
v 0.468494 1.045901 0.137215
v -0.516506 0.315816 0.855300
v -0.516506 0.327816 0.867300
v -0.528506 0.327816 0.855300
v -0.516506 0.319330 0.863785
v -0.523434 0.320887 0.862228
v -0.524991 0.327816 0.863785
v -0.524991 0.319330 0.855300
v -0.516506 0.403816 0.867300
v -0.516506 0.415816 0.855300
v -0.528506 0.403816 0.855300
v -0.516506 0.412301 0.863785
v -0.523434 0.410744 0.862228
v -0.524991 0.412301 0.855300
v -0.524991 0.403816 0.863785
v -0.516506 0.315816 0.779300
v -0.528506 0.327816 0.779300
v -0.516506 0.327816 0.767300
v -0.524991 0.319330 0.779300
v -0.523434 0.320887 0.772372
v -0.524991 0.327816 0.770815
v -0.516506 0.319330 0.770815
v -0.516506 0.415816 0.779300
v -0.516506 0.403816 0.767300
v -0.528506 0.403816 0.779300
v -0.516506 0.412301 0.770815
v -0.523434 0.410744 0.772372
v -0.524991 0.403816 0.770815
v -0.524991 0.412301 0.779300
v -0.495506 0.315816 0.855300
v -0.483506 0.327816 0.855300
v -0.495506 0.327816 0.867300
v -0.487021 0.319330 0.855300
v -0.488578 0.320887 0.862228
v -0.487021 0.327816 0.863785
v -0.495506 0.319330 0.863785
v -0.495506 0.415816 0.855300
v -0.495506 0.403816 0.867300
v -0.483506 0.403816 0.855300
v -0.495506 0.412301 0.863785
v -0.488578 0.410744 0.862228
v -0.487021 0.403816 0.863785
v -0.487021 0.412301 0.855300
v -0.495506 0.315816 0.779300
v -0.495506 0.327816 0.767300
v -0.483506 0.327816 0.779300
v -0.495506 0.319330 0.770815
v -0.488578 0.320887 0.772372
v -0.487021 0.327816 0.770815
v -0.487021 0.319330 0.779300
v -0.495506 0.415816 0.779300
v -0.483506 0.403816 0.779300
v -0.495506 0.403816 0.767300
v -0.487021 0.412301 0.779300
v -0.488578 0.410744 0.772372
v -0.487021 0.403816 0.770815
v -0.495506 0.412301 0.770815
v -0.516506 0.527016 0.855300
v -0.516506 0.539016 0.867300
v -0.528506 0.539016 0.855300
v -0.516506 0.530530 0.863785
v -0.523434 0.532088 0.862228
v -0.524991 0.539016 0.863785
v -0.524991 0.530530 0.855300
v -0.516506 0.615016 0.867300
v -0.516506 0.627016 0.855300
v -0.528506 0.615016 0.855300
v -0.516506 0.623501 0.863785
v -0.523434 0.621944 0.862228
v -0.524991 0.623501 0.855300
v -0.524991 0.615016 0.863785
v -0.516506 0.527016 0.779300
v -0.528506 0.539016 0.779300
v -0.516506 0.539016 0.767300
v -0.524991 0.530530 0.779300
v -0.523434 0.532088 0.772372
v -0.524991 0.539016 0.770815
v -0.516506 0.530530 0.770815
v -0.516506 0.627016 0.779300
v -0.516506 0.615016 0.767300
v -0.528506 0.615016 0.779300
v -0.516506 0.623501 0.770815
v -0.523434 0.621944 0.772372
v -0.524991 0.615016 0.770815
v -0.524991 0.623501 0.779300
v -0.495506 0.527016 0.855300
v -0.483506 0.539016 0.855300
v -0.495506 0.539016 0.867300
v -0.487021 0.530530 0.855300
v -0.488578 0.532088 0.862228
v -0.487021 0.539016 0.863785
v -0.495506 0.530530 0.863785
v -0.495506 0.627016 0.855300
v -0.495506 0.615016 0.867300
v -0.483506 0.615016 0.855300
v -0.495506 0.623501 0.863785
v -0.488578 0.621944 0.862228
v -0.487021 0.615016 0.863785
v -0.487021 0.623501 0.855300
v -0.495506 0.527016 0.779300
v -0.495506 0.539016 0.767300
v -0.483506 0.539016 0.779300
v -0.495506 0.530530 0.770815
v -0.488578 0.532088 0.772372
v -0.487021 0.539016 0.770815
v -0.487021 0.530530 0.779300
v -0.495506 0.627016 0.779300
v -0.483506 0.615016 0.779300
v -0.495506 0.615016 0.767300
v -0.487021 0.623501 0.779300
v -0.488578 0.621944 0.772372
v -0.487021 0.615016 0.770815
v -0.495506 0.623501 0.770815
v -0.516506 0.738216 0.855300
v -0.516506 0.750216 0.867300
v -0.528506 0.750216 0.855300
v -0.516506 0.741730 0.863785
v -0.523434 0.743288 0.862228
v -0.524991 0.750216 0.863785
v -0.524991 0.741730 0.855300
v -0.516506 0.826216 0.867300
v -0.516506 0.838216 0.855300
v -0.528506 0.826216 0.855300
v -0.516506 0.834701 0.863785
v -0.523434 0.833144 0.862228
v -0.524991 0.834701 0.855300
v -0.524991 0.826216 0.863785
v -0.516506 0.738216 0.779300
v -0.528506 0.750216 0.779300
v -0.516506 0.750216 0.767300
v -0.524991 0.741730 0.779300
v -0.523434 0.743288 0.772372
v -0.524991 0.750216 0.770815
v -0.516506 0.741730 0.770815
v -0.516506 0.838216 0.779300
v -0.516506 0.826216 0.767300
v -0.528506 0.826216 0.779300
v -0.516506 0.834701 0.770815
v -0.523434 0.833144 0.772372
v -0.524991 0.826216 0.770815
v -0.524991 0.834701 0.779300
v -0.495506 0.738216 0.855300
v -0.483506 0.750216 0.855300
v -0.495506 0.750216 0.867300
v -0.487021 0.741730 0.855300
v -0.488578 0.743288 0.862228
v -0.487021 0.750216 0.863785
v -0.495506 0.741730 0.863785
v -0.495506 0.838216 0.855300
v -0.495506 0.826216 0.867300
v -0.483506 0.826216 0.855300
v -0.495506 0.834701 0.863785
v -0.488578 0.833144 0.862228
v -0.487021 0.826216 0.863785
v -0.487021 0.834701 0.855300
v -0.495506 0.738216 0.779300
v -0.495506 0.750216 0.767300
v -0.483506 0.750216 0.779300
v -0.495506 0.741730 0.770815
v -0.488578 0.743288 0.772372
v -0.487021 0.750216 0.770815
v -0.487021 0.741730 0.779300
v -0.495506 0.838216 0.779300
v -0.483506 0.826216 0.779300
v -0.495506 0.826216 0.767300
v -0.487021 0.834701 0.779300
v -0.488578 0.833144 0.772372
v -0.487021 0.826216 0.770815
v -0.495506 0.834701 0.770815
v -0.516506 0.949416 0.855300
v -0.516506 0.961416 0.867300
v -0.528506 0.961416 0.855300
v -0.516506 0.952930 0.863785
v -0.523434 0.954487 0.862228
v -0.524991 0.961416 0.863785
v -0.524991 0.952930 0.855300
v -0.516506 1.037416 0.867300
v -0.516506 1.049416 0.855300
v -0.528506 1.037416 0.855300
v -0.516506 1.045901 0.863785
v -0.523434 1.044344 0.862228
v -0.524991 1.045901 0.855300
v -0.524991 1.037416 0.863785
v -0.516506 0.949416 0.779300
v -0.528506 0.961416 0.779300
v -0.516506 0.961416 0.767300
v -0.524991 0.952930 0.779300
v -0.523434 0.954487 0.772372
v -0.524991 0.961416 0.770815
v -0.516506 0.952930 0.770815
v -0.516506 1.049416 0.779300
v -0.516506 1.037416 0.767300
v -0.528506 1.037416 0.779300
v -0.516506 1.045901 0.770815
v -0.523434 1.044344 0.772372
v -0.524991 1.037416 0.770815
v -0.524991 1.045901 0.779300
v -0.495506 0.949416 0.855300
v -0.483506 0.961416 0.855300
v -0.495506 0.961416 0.867300
v -0.487021 0.952930 0.855300
v -0.488578 0.954487 0.862228
v -0.487021 0.961416 0.863785
v -0.495506 0.952930 0.863785
v -0.495506 1.049416 0.855300
v -0.495506 1.037416 0.867300
v -0.483506 1.037416 0.855300
v -0.495506 1.045901 0.863785
v -0.488578 1.044344 0.862228
v -0.487021 1.037416 0.863785
v -0.487021 1.045901 0.855300
v -0.495506 0.949416 0.779300
v -0.495506 0.961416 0.767300
v -0.483506 0.961416 0.779300
v -0.495506 0.952930 0.770815
v -0.488578 0.954487 0.772372
v -0.487021 0.961416 0.770815
v -0.487021 0.952930 0.779300
v -0.495506 1.049416 0.779300
v -0.483506 1.037416 0.779300
v -0.495506 1.037416 0.767300
v -0.487021 1.045901 0.779300
v -0.488578 1.044344 0.772372
v -0.487021 1.037416 0.770815
v -0.495506 1.045901 0.770815
v -0.516506 0.315816 0.644100
v -0.516506 0.327816 0.656100
v -0.528506 0.327816 0.644100
v -0.516506 0.319330 0.652585
v -0.523434 0.320887 0.651028
v -0.524991 0.327816 0.652585
v -0.524991 0.319330 0.644100
v -0.516506 0.403816 0.656100
v -0.516506 0.415816 0.644100
v -0.528506 0.403816 0.644100
v -0.516506 0.412301 0.652585
v -0.523434 0.410744 0.651028
v -0.524991 0.412301 0.644100
v -0.524991 0.403816 0.652585
v -0.516506 0.315816 0.568100
v -0.528506 0.327816 0.568100
v -0.516506 0.327816 0.556100
v -0.524991 0.319330 0.568100
v -0.523434 0.320887 0.561172
v -0.524991 0.327816 0.559615
v -0.516506 0.319330 0.559615
v -0.516506 0.415816 0.568100
v -0.516506 0.403816 0.556100
v -0.528506 0.403816 0.568100
v -0.516506 0.412301 0.559615
v -0.523434 0.410744 0.561172
v -0.524991 0.403816 0.559615
v -0.524991 0.412301 0.568100
v -0.495506 0.315816 0.644100
v -0.483506 0.327816 0.644100
v -0.495506 0.327816 0.656100
v -0.487021 0.319330 0.644100
v -0.488578 0.320887 0.651028
v -0.487021 0.327816 0.652585
v -0.495506 0.319330 0.652585
v -0.495506 0.415816 0.644100
v -0.495506 0.403816 0.656100
v -0.483506 0.403816 0.644100
v -0.495506 0.412301 0.652585
v -0.488578 0.410744 0.651028
v -0.487021 0.403816 0.652585
v -0.487021 0.412301 0.644100
v -0.495506 0.315816 0.568100
v -0.495506 0.327816 0.556100
v -0.483506 0.327816 0.568100
v -0.495506 0.319330 0.559615
v -0.488578 0.320887 0.561172
v -0.487021 0.327816 0.559615
v -0.487021 0.319330 0.568100
v -0.495506 0.415816 0.568100
v -0.483506 0.403816 0.568100
v -0.495506 0.403816 0.556100
v -0.487021 0.412301 0.568100
v -0.488578 0.410744 0.561172
v -0.487021 0.403816 0.559615
v -0.495506 0.412301 0.559615
v -0.516506 0.527016 0.644100
v -0.516506 0.539016 0.656100
v -0.528506 0.539016 0.644100
v -0.516506 0.530530 0.652585
v -0.523434 0.532088 0.651028
v -0.524991 0.539016 0.652585
v -0.524991 0.530530 0.644100
v -0.516506 0.615016 0.656100
v -0.516506 0.627016 0.644100
v -0.528506 0.615016 0.644100
v -0.516506 0.623501 0.652585
v -0.523434 0.621944 0.651028
v -0.524991 0.623501 0.644100
v -0.524991 0.615016 0.652585
v -0.516506 0.527016 0.568100
v -0.528506 0.539016 0.568100
v -0.516506 0.539016 0.556100
v -0.524991 0.530530 0.568100
v -0.523434 0.532088 0.561172
v -0.524991 0.539016 0.559615
v -0.516506 0.530530 0.559615
v -0.516506 0.627016 0.568100
v -0.516506 0.615016 0.556100
v -0.528506 0.615016 0.568100
v -0.516506 0.623501 0.559615
v -0.523434 0.621944 0.561172
v -0.524991 0.615016 0.559615
v -0.524991 0.623501 0.568100
v -0.495506 0.527016 0.644100
v -0.483506 0.539016 0.644100
v -0.495506 0.539016 0.656100
v -0.487021 0.530530 0.644100
v -0.488578 0.532088 0.651028
v -0.487021 0.539016 0.652585
v -0.495506 0.530530 0.652585
v -0.495506 0.627016 0.644100
v -0.495506 0.615016 0.656100
v -0.483506 0.615016 0.644100
v -0.495506 0.623501 0.652585
v -0.488578 0.621944 0.651028
v -0.487021 0.615016 0.652585
v -0.487021 0.623501 0.644100
v -0.495506 0.527016 0.568100
v -0.495506 0.539016 0.556100
v -0.483506 0.539016 0.568100
v -0.495506 0.530530 0.559615
v -0.488578 0.532088 0.561172
v -0.487021 0.539016 0.559615
v -0.487021 0.530530 0.568100
v -0.495506 0.627016 0.568100
v -0.483506 0.615016 0.568100
v -0.495506 0.615016 0.556100
v -0.487021 0.623501 0.568100
v -0.488578 0.621944 0.561172
v -0.487021 0.615016 0.559615
v -0.495506 0.623501 0.559615
v -0.516506 0.738216 0.644100
v -0.516506 0.750216 0.656100
v -0.528506 0.750216 0.644100
v -0.516506 0.741730 0.652585
v -0.523434 0.743288 0.651028
v -0.524991 0.750216 0.652585
v -0.524991 0.741730 0.644100
v -0.516506 0.826216 0.656100
v -0.516506 0.838216 0.644100
v -0.528506 0.826216 0.644100
v -0.516506 0.834701 0.652585
v -0.523434 0.833144 0.651028
v -0.524991 0.834701 0.644100
v -0.524991 0.826216 0.652585
v -0.516506 0.738216 0.568100
v -0.528506 0.750216 0.568100
v -0.516506 0.750216 0.556100
v -0.524991 0.741730 0.568100
v -0.523434 0.743288 0.561172
v -0.524991 0.750216 0.559615
v -0.516506 0.741730 0.559615
v -0.516506 0.838216 0.568100
v -0.516506 0.826216 0.556100
v -0.528506 0.826216 0.568100
v -0.516506 0.834701 0.559615
v -0.523434 0.833144 0.561172
v -0.524991 0.826216 0.559615
v -0.524991 0.834701 0.568100
v -0.495506 0.738216 0.644100
v -0.483506 0.750216 0.644100
v -0.495506 0.750216 0.656100
v -0.487021 0.741730 0.644100
v -0.488578 0.743288 0.651028
v -0.487021 0.750216 0.652585
v -0.495506 0.741730 0.652585
v -0.495506 0.838216 0.644100
v -0.495506 0.826216 0.656100
v -0.483506 0.826216 0.644100
v -0.495506 0.834701 0.652585
v -0.488578 0.833144 0.651028
v -0.487021 0.826216 0.652585
v -0.487021 0.834701 0.644100
v -0.495506 0.738216 0.568100
v -0.495506 0.750216 0.556100
v -0.483506 0.750216 0.568100
v -0.495506 0.741730 0.559615
v -0.488578 0.743288 0.561172
v -0.487021 0.750216 0.559615
v -0.487021 0.741730 0.568100
v -0.495506 0.838216 0.568100
v -0.483506 0.826216 0.568100
v -0.495506 0.826216 0.556100
v -0.487021 0.834701 0.568100
v -0.488578 0.833144 0.561172
v -0.487021 0.826216 0.559615
v -0.495506 0.834701 0.559615
v -0.516506 0.949416 0.644100
v -0.516506 0.961416 0.656100
v -0.528506 0.961416 0.644100
v -0.516506 0.952930 0.652585
v -0.523434 0.954487 0.651028
v -0.524991 0.961416 0.652585
v -0.524991 0.952930 0.644100
v -0.516506 1.037416 0.656100
v -0.516506 1.049416 0.644100
v -0.528506 1.037416 0.644100
v -0.516506 1.045901 0.652585
v -0.523434 1.044344 0.651028
v -0.524991 1.045901 0.644100
v -0.524991 1.037416 0.652585
v -0.516506 0.949416 0.568100
v -0.528506 0.961416 0.568100
v -0.516506 0.961416 0.556100
v -0.524991 0.952930 0.568100
v -0.523434 0.954487 0.561172
v -0.524991 0.961416 0.559615
v -0.516506 0.952930 0.559615
v -0.516506 1.049416 0.568100
v -0.516506 1.037416 0.556100
v -0.528506 1.037416 0.568100
v -0.516506 1.045901 0.559615
v -0.523434 1.044344 0.561172
v -0.524991 1.037416 0.559615
v -0.524991 1.045901 0.568100
v -0.495506 0.949416 0.644100
v -0.483506 0.961416 0.644100
v -0.495506 0.961416 0.656100
v -0.487021 0.952930 0.644100
v -0.488578 0.954487 0.651028
v -0.487021 0.961416 0.652585
v -0.495506 0.952930 0.652585
v -0.495506 1.049416 0.644100
v -0.495506 1.037416 0.656100
v -0.483506 1.037416 0.644100
v -0.495506 1.045901 0.652585
v -0.488578 1.044344 0.651028
v -0.487021 1.037416 0.652585
v -0.487021 1.045901 0.644100
v -0.495506 0.949416 0.568100
v -0.495506 0.961416 0.556100
v -0.483506 0.961416 0.568100
v -0.495506 0.952930 0.559615
v -0.488578 0.954487 0.561172
v -0.487021 0.961416 0.559615
v -0.487021 0.952930 0.568100
v -0.495506 1.049416 0.568100
v -0.483506 1.037416 0.568100
v -0.495506 1.037416 0.556100
v -0.487021 1.045901 0.568100
v -0.488578 1.044344 0.561172
v -0.487021 1.037416 0.559615
v -0.495506 1.045901 0.559615
v -0.516506 0.315816 0.432900
v -0.516506 0.327816 0.444900
v -0.528506 0.327816 0.432900
v -0.516506 0.319330 0.441385
v -0.523434 0.320887 0.439828
v -0.524991 0.327816 0.441385
v -0.524991 0.319330 0.432900
v -0.516506 0.403816 0.444900
v -0.516506 0.415816 0.432900
v -0.528506 0.403816 0.432900
v -0.516506 0.412301 0.441385
v -0.523434 0.410744 0.439828
v -0.524991 0.412301 0.432900
v -0.524991 0.403816 0.441385
v -0.516506 0.315816 0.356900
v -0.528506 0.327816 0.356900
v -0.516506 0.327816 0.344900
v -0.524991 0.319330 0.356900
v -0.523434 0.320887 0.349972
v -0.524991 0.327816 0.348415
v -0.516506 0.319330 0.348415
v -0.516506 0.415816 0.356900
v -0.516506 0.403816 0.344900
v -0.528506 0.403816 0.356900
v -0.516506 0.412301 0.348415
v -0.523434 0.410744 0.349972
v -0.524991 0.403816 0.348415
v -0.524991 0.412301 0.356900
v -0.495506 0.315816 0.432900
v -0.483506 0.327816 0.432900
v -0.495506 0.327816 0.444900
v -0.487021 0.319330 0.432900
v -0.488578 0.320887 0.439828
v -0.487021 0.327816 0.441385
v -0.495506 0.319330 0.441385
v -0.495506 0.415816 0.432900
v -0.495506 0.403816 0.444900
v -0.483506 0.403816 0.432900
v -0.495506 0.412301 0.441385
v -0.488578 0.410744 0.439828
v -0.487021 0.403816 0.441385
v -0.487021 0.412301 0.432900
v -0.495506 0.315816 0.356900
v -0.495506 0.327816 0.344900
v -0.483506 0.327816 0.356900
v -0.495506 0.319330 0.348415
v -0.488578 0.320887 0.349972
v -0.487021 0.327816 0.348415
v -0.487021 0.319330 0.356900
v -0.495506 0.415816 0.356900
v -0.483506 0.403816 0.356900
v -0.495506 0.403816 0.344900
v -0.487021 0.412301 0.356900
v -0.488578 0.410744 0.349972
v -0.487021 0.403816 0.348415
v -0.495506 0.412301 0.348415
v -0.516506 0.527016 0.432900
v -0.516506 0.539016 0.444900
v -0.528506 0.539016 0.432900
v -0.516506 0.530530 0.441385
v -0.523434 0.532088 0.439828
v -0.524991 0.539016 0.441385
v -0.524991 0.530530 0.432900
v -0.516506 0.615016 0.444900
v -0.516506 0.627016 0.432900
v -0.528506 0.615016 0.432900
v -0.516506 0.623501 0.441385
v -0.523434 0.621944 0.439828
v -0.524991 0.623501 0.432900
v -0.524991 0.615016 0.441385
v -0.516506 0.527016 0.356900
v -0.528506 0.539016 0.356900
v -0.516506 0.539016 0.344900
v -0.524991 0.530530 0.356900
v -0.523434 0.532088 0.349972
v -0.524991 0.539016 0.348415
v -0.516506 0.530530 0.348415
v -0.516506 0.627016 0.356900
v -0.516506 0.615016 0.344900
v -0.528506 0.615016 0.356900
v -0.516506 0.623501 0.348415
v -0.523434 0.621944 0.349972
v -0.524991 0.615016 0.348415
v -0.524991 0.623501 0.356900
v -0.495506 0.527016 0.432900
v -0.483506 0.539016 0.432900
v -0.495506 0.539016 0.444900
v -0.487021 0.530530 0.432900
v -0.488578 0.532088 0.439828
v -0.487021 0.539016 0.441385
v -0.495506 0.530530 0.441385
v -0.495506 0.627016 0.432900
v -0.495506 0.615016 0.444900
v -0.483506 0.615016 0.432900
v -0.495506 0.623501 0.441385
v -0.488578 0.621944 0.439828
v -0.487021 0.615016 0.441385
v -0.487021 0.623501 0.432900
v -0.495506 0.527016 0.356900
v -0.495506 0.539016 0.344900
v -0.483506 0.539016 0.356900
v -0.495506 0.530530 0.348415
v -0.488578 0.532088 0.349972
v -0.487021 0.539016 0.348415
v -0.487021 0.530530 0.356900
v -0.495506 0.627016 0.356900
v -0.483506 0.615016 0.356900
v -0.495506 0.615016 0.344900
v -0.487021 0.623501 0.356900
v -0.488578 0.621944 0.349972
v -0.487021 0.615016 0.348415
v -0.495506 0.623501 0.348415
v -0.516506 0.738216 0.432900
v -0.516506 0.750216 0.444900
v -0.528506 0.750216 0.432900
v -0.516506 0.741730 0.441385
v -0.523434 0.743288 0.439828
v -0.524991 0.750216 0.441385
v -0.524991 0.741730 0.432900
v -0.516506 0.826216 0.444900
v -0.516506 0.838216 0.432900
v -0.528506 0.826216 0.432900
v -0.516506 0.834701 0.441385
v -0.523434 0.833144 0.439828
v -0.524991 0.834701 0.432900
v -0.524991 0.826216 0.441385
v -0.516506 0.738216 0.356900
v -0.528506 0.750216 0.356900
v -0.516506 0.750216 0.344900
v -0.524991 0.741730 0.356900
v -0.523434 0.743288 0.349972
v -0.524991 0.750216 0.348415
v -0.516506 0.741730 0.348415
v -0.516506 0.838216 0.356900
v -0.516506 0.826216 0.344900
v -0.528506 0.826216 0.356900
v -0.516506 0.834701 0.348415
v -0.523434 0.833144 0.349972
v -0.524991 0.826216 0.348415
v -0.524991 0.834701 0.356900
v -0.495506 0.738216 0.432900
v -0.483506 0.750216 0.432900
v -0.495506 0.750216 0.444900
v -0.487021 0.741730 0.432900
v -0.488578 0.743288 0.439828
v -0.487021 0.750216 0.441385
v -0.495506 0.741730 0.441385
v -0.495506 0.838216 0.432900
v -0.495506 0.826216 0.444900
v -0.483506 0.826216 0.432900
v -0.495506 0.834701 0.441385
v -0.488578 0.833144 0.439828
v -0.487021 0.826216 0.441385
v -0.487021 0.834701 0.432900
v -0.495506 0.738216 0.356900
v -0.495506 0.750216 0.344900
v -0.483506 0.750216 0.356900
v -0.495506 0.741730 0.348415
v -0.488578 0.743288 0.349972
v -0.487021 0.750216 0.348415
v -0.487021 0.741730 0.356900
v -0.495506 0.838216 0.356900
v -0.483506 0.826216 0.356900
v -0.495506 0.826216 0.344900
v -0.487021 0.834701 0.356900
v -0.488578 0.833144 0.349972
v -0.487021 0.826216 0.348415
v -0.495506 0.834701 0.348415
v -0.516506 0.949416 0.432900
v -0.516506 0.961416 0.444900
v -0.528506 0.961416 0.432900
v -0.516506 0.952930 0.441385
v -0.523434 0.954487 0.439828
v -0.524991 0.961416 0.441385
v -0.524991 0.952930 0.432900
v -0.516506 1.037416 0.444900
v -0.516506 1.049416 0.432900
v -0.528506 1.037416 0.432900
v -0.516506 1.045901 0.441385
v -0.523434 1.044344 0.439828
v -0.524991 1.045901 0.432900
v -0.524991 1.037416 0.441385
v -0.516506 0.949416 0.356900
v -0.528506 0.961416 0.356900
v -0.516506 0.961416 0.344900
v -0.524991 0.952930 0.356900
v -0.523434 0.954487 0.349972
v -0.524991 0.961416 0.348415
v -0.516506 0.952930 0.348415
v -0.516506 1.049416 0.356900
v -0.516506 1.037416 0.344900
v -0.528506 1.037416 0.356900
v -0.516506 1.045901 0.348415
v -0.523434 1.044344 0.349972
v -0.524991 1.037416 0.348415
v -0.524991 1.045901 0.356900
v -0.495506 0.949416 0.432900
v -0.483506 0.961416 0.432900
v -0.495506 0.961416 0.444900
v -0.487021 0.952930 0.432900
v -0.488578 0.954487 0.439828
v -0.487021 0.961416 0.441385
v -0.495506 0.952930 0.441385
v -0.495506 1.049416 0.432900
v -0.495506 1.037416 0.444900
v -0.483506 1.037416 0.432900
v -0.495506 1.045901 0.441385
v -0.488578 1.044344 0.439828
v -0.487021 1.037416 0.441385
v -0.487021 1.045901 0.432900
v -0.495506 0.949416 0.356900
v -0.495506 0.961416 0.344900
v -0.483506 0.961416 0.356900
v -0.495506 0.952930 0.348415
v -0.488578 0.954487 0.349972
v -0.487021 0.961416 0.348415
v -0.487021 0.952930 0.356900
v -0.495506 1.049416 0.356900
v -0.483506 1.037416 0.356900
v -0.495506 1.037416 0.344900
v -0.487021 1.045901 0.356900
v -0.488578 1.044344 0.349972
v -0.487021 1.037416 0.348415
v -0.495506 1.045901 0.348415
v -0.516506 0.315816 0.221700
v -0.516506 0.327816 0.233700
v -0.528506 0.327816 0.221700
v -0.516506 0.319330 0.230185
v -0.523434 0.320887 0.228628
v -0.524991 0.327816 0.230185
v -0.524991 0.319330 0.221700
v -0.516506 0.403816 0.233700
v -0.516506 0.415816 0.221700
v -0.528506 0.403816 0.221700
v -0.516506 0.412301 0.230185
v -0.523434 0.410744 0.228628
v -0.524991 0.412301 0.221700
v -0.524991 0.403816 0.230185
v -0.516506 0.315816 0.145700
v -0.528506 0.327816 0.145700
v -0.516506 0.327816 0.133700
v -0.524991 0.319330 0.145700
v -0.523434 0.320887 0.138772
v -0.524991 0.327816 0.137215
v -0.516506 0.319330 0.137215
v -0.516506 0.415816 0.145700
v -0.516506 0.403816 0.133700
v -0.528506 0.403816 0.145700
v -0.516506 0.412301 0.137215
v -0.523434 0.410744 0.138772
v -0.524991 0.403816 0.137215
v -0.524991 0.412301 0.145700
v -0.495506 0.315816 0.221700
v -0.483506 0.327816 0.221700
v -0.495506 0.327816 0.233700
v -0.487021 0.319330 0.221700
v -0.488578 0.320887 0.228628
v -0.487021 0.327816 0.230185
v -0.495506 0.319330 0.230185
v -0.495506 0.415816 0.221700
v -0.495506 0.403816 0.233700
v -0.483506 0.403816 0.221700
v -0.495506 0.412301 0.230185
v -0.488578 0.410744 0.228628
v -0.487021 0.403816 0.230185
v -0.487021 0.412301 0.221700
v -0.495506 0.315816 0.145700
v -0.495506 0.327816 0.133700
v -0.483506 0.327816 0.145700
v -0.495506 0.319330 0.137215
v -0.488578 0.320887 0.138772
v -0.487021 0.327816 0.137215
v -0.487021 0.319330 0.145700
v -0.495506 0.415816 0.145700
v -0.483506 0.403816 0.145700
v -0.495506 0.403816 0.133700
v -0.487021 0.412301 0.145700
v -0.488578 0.410744 0.138772
v -0.487021 0.403816 0.137215
v -0.495506 0.412301 0.137215
v -0.516506 0.527016 0.221700
v -0.516506 0.539016 0.233700
v -0.528506 0.539016 0.221700
v -0.516506 0.530530 0.230185
v -0.523434 0.532088 0.228628
v -0.524991 0.539016 0.230185
v -0.524991 0.530530 0.221700
v -0.516506 0.615016 0.233700
v -0.516506 0.627016 0.221700
v -0.528506 0.615016 0.221700
v -0.516506 0.623501 0.230185
v -0.523434 0.621944 0.228628
v -0.524991 0.623501 0.221700
v -0.524991 0.615016 0.230185
v -0.516506 0.527016 0.145700
v -0.528506 0.539016 0.145700
v -0.516506 0.539016 0.133700
v -0.524991 0.530530 0.145700
v -0.523434 0.532088 0.138772
v -0.524991 0.539016 0.137215
v -0.516506 0.530530 0.137215
v -0.516506 0.627016 0.145700
v -0.516506 0.615016 0.133700
v -0.528506 0.615016 0.145700
v -0.516506 0.623501 0.137215
v -0.523434 0.621944 0.138772
v -0.524991 0.615016 0.137215
v -0.524991 0.623501 0.145700
v -0.495506 0.527016 0.221700
v -0.483506 0.539016 0.221700
v -0.495506 0.539016 0.233700
v -0.487021 0.530530 0.221700
v -0.488578 0.532088 0.228628
v -0.487021 0.539016 0.230185
v -0.495506 0.530530 0.230185
v -0.495506 0.627016 0.221700
v -0.495506 0.615016 0.233700
v -0.483506 0.615016 0.221700
v -0.495506 0.623501 0.230185
v -0.488578 0.621944 0.228628
v -0.487021 0.615016 0.230185
v -0.487021 0.623501 0.221700
v -0.495506 0.527016 0.145700
v -0.495506 0.539016 0.133700
v -0.483506 0.539016 0.145700
v -0.495506 0.530530 0.137215
v -0.488578 0.532088 0.138772
v -0.487021 0.539016 0.137215
v -0.487021 0.530530 0.145700
v -0.495506 0.627016 0.145700
v -0.483506 0.615016 0.145700
v -0.495506 0.615016 0.133700
v -0.487021 0.623501 0.145700
v -0.488578 0.621944 0.138772
v -0.487021 0.615016 0.137215
v -0.495506 0.623501 0.137215
v -0.516506 0.738216 0.221700
v -0.516506 0.750216 0.233700
v -0.528506 0.750216 0.221700
v -0.516506 0.741730 0.230185
v -0.523434 0.743288 0.228628
v -0.524991 0.750216 0.230185
v -0.524991 0.741730 0.221700
v -0.516506 0.826216 0.233700
v -0.516506 0.838216 0.221700
v -0.528506 0.826216 0.221700
v -0.516506 0.834701 0.230185
v -0.523434 0.833144 0.228628
v -0.524991 0.834701 0.221700
v -0.524991 0.826216 0.230185
v -0.516506 0.738216 0.145700
v -0.528506 0.750216 0.145700
v -0.516506 0.750216 0.133700
v -0.524991 0.741730 0.145700
v -0.523434 0.743288 0.138772
v -0.524991 0.750216 0.137215
v -0.516506 0.741730 0.137215
v -0.516506 0.838216 0.145700
v -0.516506 0.826216 0.133700
v -0.528506 0.826216 0.145700
v -0.516506 0.834701 0.137215
v -0.523434 0.833144 0.138772
v -0.524991 0.826216 0.137215
v -0.524991 0.834701 0.145700
v -0.495506 0.738216 0.221700
v -0.483506 0.750216 0.221700
v -0.495506 0.750216 0.233700
v -0.487021 0.741730 0.221700
v -0.488578 0.743288 0.228628
v -0.487021 0.750216 0.230185
v -0.495506 0.741730 0.230185
v -0.495506 0.838216 0.221700
v -0.495506 0.826216 0.233700
v -0.483506 0.826216 0.221700
v -0.495506 0.834701 0.230185
v -0.488578 0.833144 0.228628
v -0.487021 0.826216 0.230185
v -0.487021 0.834701 0.221700
v -0.495506 0.738216 0.145700
v -0.495506 0.750216 0.133700
v -0.483506 0.750216 0.145700
v -0.495506 0.741730 0.137215
v -0.488578 0.743288 0.138772
v -0.487021 0.750216 0.137215
v -0.487021 0.741730 0.145700
v -0.495506 0.838216 0.145700
v -0.483506 0.826216 0.145700
v -0.495506 0.826216 0.133700
v -0.487021 0.834701 0.145700
v -0.488578 0.833144 0.138772
v -0.487021 0.826216 0.137215
v -0.495506 0.834701 0.137215
v -0.516506 0.949416 0.221700
v -0.516506 0.961416 0.233700
v -0.528506 0.961416 0.221700
v -0.516506 0.952930 0.230185
v -0.523434 0.954487 0.228628
v -0.524991 0.961416 0.230185
v -0.524991 0.952930 0.221700
v -0.516506 1.037416 0.233700
v -0.516506 1.049416 0.221700
v -0.528506 1.037416 0.221700
v -0.516506 1.045901 0.230185
v -0.523434 1.044344 0.228628
v -0.524991 1.045901 0.221700
v -0.524991 1.037416 0.230185
v -0.516506 0.949416 0.145700
v -0.528506 0.961416 0.145700
v -0.516506 0.961416 0.133700
v -0.524991 0.952930 0.145700
v -0.523434 0.954487 0.138772
v -0.524991 0.961416 0.137215
v -0.516506 0.952930 0.137215
v -0.516506 1.049416 0.145700
v -0.516506 1.037416 0.133700
v -0.528506 1.037416 0.145700
v -0.516506 1.045901 0.137215
v -0.523434 1.044344 0.138772
v -0.524991 1.037416 0.137215
v -0.524991 1.045901 0.145700
v -0.495506 0.949416 0.221700
v -0.483506 0.961416 0.221700
v -0.495506 0.961416 0.233700
v -0.487021 0.952930 0.221700
v -0.488578 0.954487 0.228628
v -0.487021 0.961416 0.230185
v -0.495506 0.952930 0.230185
v -0.495506 1.049416 0.221700
v -0.495506 1.037416 0.233700
v -0.483506 1.037416 0.221700
v -0.495506 1.045901 0.230185
v -0.488578 1.044344 0.228628
v -0.487021 1.037416 0.230185
v -0.487021 1.045901 0.221700
v -0.495506 0.949416 0.145700
v -0.495506 0.961416 0.133700
v -0.483506 0.961416 0.145700
v -0.495506 0.952930 0.137215
v -0.488578 0.954487 0.138772
v -0.487021 0.961416 0.137215
v -0.487021 0.952930 0.145700
v -0.495506 1.049416 0.145700
v -0.483506 1.037416 0.145700
v -0.495506 1.037416 0.133700
v -0.487021 1.045901 0.145700
v -0.488578 1.044344 0.138772
v -0.487021 1.037416 0.137215
v -0.495506 1.045901 0.137215
v -0.378806 0.315816 -0.433000
v -0.378806 0.327816 -0.421000
v -0.390806 0.327816 -0.433000
v -0.378806 0.319330 -0.424515
v -0.385734 0.320887 -0.426072
v -0.387291 0.327816 -0.424515
v -0.387291 0.319330 -0.433000
v -0.378806 0.403816 -0.421000
v -0.378806 0.415816 -0.433000
v -0.390806 0.403816 -0.433000
v -0.378806 0.412301 -0.424515
v -0.385734 0.410744 -0.426072
v -0.387291 0.412301 -0.433000
v -0.387291 0.403816 -0.424515
v -0.378806 0.315816 -0.454000
v -0.390806 0.327816 -0.454000
v -0.378806 0.327816 -0.466000
v -0.387291 0.319330 -0.454000
v -0.385734 0.320887 -0.460928
v -0.387291 0.327816 -0.462485
v -0.378806 0.319330 -0.462485
v -0.378806 0.415816 -0.454000
v -0.378806 0.403816 -0.466000
v -0.390806 0.403816 -0.454000
v -0.378806 0.412301 -0.462485
v -0.385734 0.410744 -0.460928
v -0.387291 0.403816 -0.462485
v -0.387291 0.412301 -0.454000
v -0.302806 0.315816 -0.433000
v -0.290806 0.327816 -0.433000
v -0.302806 0.327816 -0.421000
v -0.294321 0.319330 -0.433000
v -0.295878 0.320887 -0.426072
v -0.294321 0.327816 -0.424515
v -0.302806 0.319330 -0.424515
v -0.302806 0.415816 -0.433000
v -0.302806 0.403816 -0.421000
v -0.290806 0.403816 -0.433000
v -0.302806 0.412301 -0.424515
v -0.295878 0.410744 -0.426072
v -0.294321 0.403816 -0.424515
v -0.294321 0.412301 -0.433000
v -0.302806 0.315816 -0.454000
v -0.302806 0.327816 -0.466000
v -0.290806 0.327816 -0.454000
v -0.302806 0.319330 -0.462485
v -0.295878 0.320887 -0.460928
v -0.294321 0.327816 -0.462485
v -0.294321 0.319330 -0.454000
v -0.302806 0.415816 -0.454000
v -0.290806 0.403816 -0.454000
v -0.302806 0.403816 -0.466000
v -0.294321 0.412301 -0.454000
v -0.295878 0.410744 -0.460928
v -0.294321 0.403816 -0.462485
v -0.302806 0.412301 -0.462485
v -0.378806 0.527016 -0.433000
v -0.378806 0.539016 -0.421000
v -0.390806 0.539016 -0.433000
v -0.378806 0.530530 -0.424515
v -0.385734 0.532088 -0.426072
v -0.387291 0.539016 -0.424515
v -0.387291 0.530530 -0.433000
v -0.378806 0.615016 -0.421000
v -0.378806 0.627016 -0.433000
v -0.390806 0.615016 -0.433000
v -0.378806 0.623501 -0.424515
v -0.385734 0.621944 -0.426072
v -0.387291 0.623501 -0.433000
v -0.387291 0.615016 -0.424515
v -0.378806 0.527016 -0.454000
v -0.390806 0.539016 -0.454000
v -0.378806 0.539016 -0.466000
v -0.387291 0.530530 -0.454000
v -0.385734 0.532088 -0.460928
v -0.387291 0.539016 -0.462485
v -0.378806 0.530530 -0.462485
v -0.378806 0.627016 -0.454000
v -0.378806 0.615016 -0.466000
v -0.390806 0.615016 -0.454000
v -0.378806 0.623501 -0.462485
v -0.385734 0.621944 -0.460928
v -0.387291 0.615016 -0.462485
v -0.387291 0.623501 -0.454000
v -0.302806 0.527016 -0.433000
v -0.290806 0.539016 -0.433000
v -0.302806 0.539016 -0.421000
v -0.294321 0.530530 -0.433000
v -0.295878 0.532088 -0.426072
v -0.294321 0.539016 -0.424515
v -0.302806 0.530530 -0.424515
v -0.302806 0.627016 -0.433000
v -0.302806 0.615016 -0.421000
v -0.290806 0.615016 -0.433000
v -0.302806 0.623501 -0.424515
v -0.295878 0.621944 -0.426072
v -0.294321 0.615016 -0.424515
v -0.294321 0.623501 -0.433000
v -0.302806 0.527016 -0.454000
v -0.302806 0.539016 -0.466000
v -0.290806 0.539016 -0.454000
v -0.302806 0.530530 -0.462485
v -0.295878 0.532088 -0.460928
v -0.294321 0.539016 -0.462485
v -0.294321 0.530530 -0.454000
v -0.302806 0.627016 -0.454000
v -0.290806 0.615016 -0.454000
v -0.302806 0.615016 -0.466000
v -0.294321 0.623501 -0.454000
v -0.295878 0.621944 -0.460928
v -0.294321 0.615016 -0.462485
v -0.302806 0.623501 -0.462485
v -0.378806 0.738216 -0.433000
v -0.378806 0.750216 -0.421000
v -0.390806 0.750216 -0.433000
v -0.378806 0.741730 -0.424515
v -0.385734 0.743288 -0.426072
v -0.387291 0.750216 -0.424515
v -0.387291 0.741730 -0.433000
v -0.378806 0.826216 -0.421000
v -0.378806 0.838216 -0.433000
v -0.390806 0.826216 -0.433000
v -0.378806 0.834701 -0.424515
v -0.385734 0.833144 -0.426072
v -0.387291 0.834701 -0.433000
v -0.387291 0.826216 -0.424515
v -0.378806 0.738216 -0.454000
v -0.390806 0.750216 -0.454000
v -0.378806 0.750216 -0.466000
v -0.387291 0.741730 -0.454000
v -0.385734 0.743288 -0.460928
v -0.387291 0.750216 -0.462485
v -0.378806 0.741730 -0.462485
v -0.378806 0.838216 -0.454000
v -0.378806 0.826216 -0.466000
v -0.390806 0.826216 -0.454000
v -0.378806 0.834701 -0.462485
v -0.385734 0.833144 -0.460928
v -0.387291 0.826216 -0.462485
v -0.387291 0.834701 -0.454000
v -0.302806 0.738216 -0.433000
v -0.290806 0.750216 -0.433000
v -0.302806 0.750216 -0.421000
v -0.294321 0.741730 -0.433000
v -0.295878 0.743288 -0.426072
v -0.294321 0.750216 -0.424515
v -0.302806 0.741730 -0.424515
v -0.302806 0.838216 -0.433000
v -0.302806 0.826216 -0.421000
v -0.290806 0.826216 -0.433000
v -0.302806 0.834701 -0.424515
v -0.295878 0.833144 -0.426072
v -0.294321 0.826216 -0.424515
v -0.294321 0.834701 -0.433000
v -0.302806 0.738216 -0.454000
v -0.302806 0.750216 -0.466000
v -0.290806 0.750216 -0.454000
v -0.302806 0.741730 -0.462485
v -0.295878 0.743288 -0.460928
v -0.294321 0.750216 -0.462485
v -0.294321 0.741730 -0.454000
v -0.302806 0.838216 -0.454000
v -0.290806 0.826216 -0.454000
v -0.302806 0.826216 -0.466000
v -0.294321 0.834701 -0.454000
v -0.295878 0.833144 -0.460928
v -0.294321 0.826216 -0.462485
v -0.302806 0.834701 -0.462485
v -0.378806 0.949416 -0.433000
v -0.378806 0.961416 -0.421000
v -0.390806 0.961416 -0.433000
v -0.378806 0.952930 -0.424515
v -0.385734 0.954487 -0.426072
v -0.387291 0.961416 -0.424515
v -0.387291 0.952930 -0.433000
v -0.378806 1.037416 -0.421000
v -0.378806 1.049416 -0.433000
v -0.390806 1.037416 -0.433000
v -0.378806 1.045901 -0.424515
v -0.385734 1.044344 -0.426072
v -0.387291 1.045901 -0.433000
v -0.387291 1.037416 -0.424515
v -0.378806 0.949416 -0.454000
v -0.390806 0.961416 -0.454000
v -0.378806 0.961416 -0.466000
v -0.387291 0.952930 -0.454000
v -0.385734 0.954487 -0.460928
v -0.387291 0.961416 -0.462485
v -0.378806 0.952930 -0.462485
v -0.378806 1.049416 -0.454000
v -0.378806 1.037416 -0.466000
v -0.390806 1.037416 -0.454000
v -0.378806 1.045901 -0.462485
v -0.385734 1.044344 -0.460928
v -0.387291 1.037416 -0.462485
v -0.387291 1.045901 -0.454000
v -0.302806 0.949416 -0.433000
v -0.290806 0.961416 -0.433000
v -0.302806 0.961416 -0.421000
v -0.294321 0.952930 -0.433000
v -0.295878 0.954487 -0.426072
v -0.294321 0.961416 -0.424515
v -0.302806 0.952930 -0.424515
v -0.302806 1.049416 -0.433000
v -0.302806 1.037416 -0.421000
v -0.290806 1.037416 -0.433000
v -0.302806 1.045901 -0.424515
v -0.295878 1.044344 -0.426072
v -0.294321 1.037416 -0.424515
v -0.294321 1.045901 -0.433000
v -0.302806 0.949416 -0.454000
v -0.302806 0.961416 -0.466000
v -0.290806 0.961416 -0.454000
v -0.302806 0.952930 -0.462485
v -0.295878 0.954487 -0.460928
v -0.294321 0.961416 -0.462485
v -0.294321 0.952930 -0.454000
v -0.302806 1.049416 -0.454000
v -0.290806 1.037416 -0.454000
v -0.302806 1.037416 -0.466000
v -0.294321 1.045901 -0.454000
v -0.295878 1.044344 -0.460928
v -0.294321 1.037416 -0.462485
v -0.302806 1.045901 -0.462485
v -0.167606 0.315816 -0.433000
v -0.167606 0.327816 -0.421000
v -0.179606 0.327816 -0.433000
v -0.167606 0.319330 -0.424515
v -0.174534 0.320887 -0.426072
v -0.176091 0.327816 -0.424515
v -0.176091 0.319330 -0.433000
v -0.167606 0.403816 -0.421000
v -0.167606 0.415816 -0.433000
v -0.179606 0.403816 -0.433000
v -0.167606 0.412301 -0.424515
v -0.174534 0.410744 -0.426072
v -0.176091 0.412301 -0.433000
v -0.176091 0.403816 -0.424515
v -0.167606 0.315816 -0.454000
v -0.179606 0.327816 -0.454000
v -0.167606 0.327816 -0.466000
v -0.176091 0.319330 -0.454000
v -0.174534 0.320887 -0.460928
v -0.176091 0.327816 -0.462485
v -0.167606 0.319330 -0.462485
v -0.167606 0.415816 -0.454000
v -0.167606 0.403816 -0.466000
v -0.179606 0.403816 -0.454000
v -0.167606 0.412301 -0.462485
v -0.174534 0.410744 -0.460928
v -0.176091 0.403816 -0.462485
v -0.176091 0.412301 -0.454000
v -0.091606 0.315816 -0.433000
v -0.079606 0.327816 -0.433000
v -0.091606 0.327816 -0.421000
v -0.083121 0.319330 -0.433000
v -0.084678 0.320887 -0.426072
v -0.083121 0.327816 -0.424515
v -0.091606 0.319330 -0.424515
v -0.091606 0.415816 -0.433000
v -0.091606 0.403816 -0.421000
v -0.079606 0.403816 -0.433000
v -0.091606 0.412301 -0.424515
v -0.084678 0.410744 -0.426072
v -0.083121 0.403816 -0.424515
v -0.083121 0.412301 -0.433000
v -0.091606 0.315816 -0.454000
v -0.091606 0.327816 -0.466000
v -0.079606 0.327816 -0.454000
v -0.091606 0.319330 -0.462485
v -0.084678 0.320887 -0.460928
v -0.083121 0.327816 -0.462485
v -0.083121 0.319330 -0.454000
v -0.091606 0.415816 -0.454000
v -0.079606 0.403816 -0.454000
v -0.091606 0.403816 -0.466000
v -0.083121 0.412301 -0.454000
v -0.084678 0.410744 -0.460928
v -0.083121 0.403816 -0.462485
v -0.091606 0.412301 -0.462485
v -0.167606 0.527016 -0.433000
v -0.167606 0.539016 -0.421000
v -0.179606 0.539016 -0.433000
v -0.167606 0.530530 -0.424515
v -0.174534 0.532088 -0.426072
v -0.176091 0.539016 -0.424515
v -0.176091 0.530530 -0.433000
v -0.167606 0.615016 -0.421000
v -0.167606 0.627016 -0.433000
v -0.179606 0.615016 -0.433000
v -0.167606 0.623501 -0.424515
v -0.174534 0.621944 -0.426072
v -0.176091 0.623501 -0.433000
v -0.176091 0.615016 -0.424515
v -0.167606 0.527016 -0.454000
v -0.179606 0.539016 -0.454000
v -0.167606 0.539016 -0.466000
v -0.176091 0.530530 -0.454000
v -0.174534 0.532088 -0.460928
v -0.176091 0.539016 -0.462485
v -0.167606 0.530530 -0.462485
v -0.167606 0.627016 -0.454000
v -0.167606 0.615016 -0.466000
v -0.179606 0.615016 -0.454000
v -0.167606 0.623501 -0.462485
v -0.174534 0.621944 -0.460928
v -0.176091 0.615016 -0.462485
v -0.176091 0.623501 -0.454000
v -0.091606 0.527016 -0.433000
v -0.079606 0.539016 -0.433000
v -0.091606 0.539016 -0.421000
v -0.083121 0.530530 -0.433000
v -0.084678 0.532088 -0.426072
v -0.083121 0.539016 -0.424515
v -0.091606 0.530530 -0.424515
v -0.091606 0.627016 -0.433000
v -0.091606 0.615016 -0.421000
v -0.079606 0.615016 -0.433000
v -0.091606 0.623501 -0.424515
v -0.084678 0.621944 -0.426072
v -0.083121 0.615016 -0.424515
v -0.083121 0.623501 -0.433000
v -0.091606 0.527016 -0.454000
v -0.091606 0.539016 -0.466000
v -0.079606 0.539016 -0.454000
v -0.091606 0.530530 -0.462485
v -0.084678 0.532088 -0.460928
v -0.083121 0.539016 -0.462485
v -0.083121 0.530530 -0.454000
v -0.091606 0.627016 -0.454000
v -0.079606 0.615016 -0.454000
v -0.091606 0.615016 -0.466000
v -0.083121 0.623501 -0.454000
v -0.084678 0.621944 -0.460928
v -0.083121 0.615016 -0.462485
v -0.091606 0.623501 -0.462485
v -0.167606 0.738216 -0.433000
v -0.167606 0.750216 -0.421000
v -0.179606 0.750216 -0.433000
v -0.167606 0.741730 -0.424515
v -0.174534 0.743288 -0.426072
v -0.176091 0.750216 -0.424515
v -0.176091 0.741730 -0.433000
v -0.167606 0.826216 -0.421000
v -0.167606 0.838216 -0.433000
v -0.179606 0.826216 -0.433000
v -0.167606 0.834701 -0.424515
v -0.174534 0.833144 -0.426072
v -0.176091 0.834701 -0.433000
v -0.176091 0.826216 -0.424515
v -0.167606 0.738216 -0.454000
v -0.179606 0.750216 -0.454000
v -0.167606 0.750216 -0.466000
v -0.176091 0.741730 -0.454000
v -0.174534 0.743288 -0.460928
v -0.176091 0.750216 -0.462485
v -0.167606 0.741730 -0.462485
v -0.167606 0.838216 -0.454000
v -0.167606 0.826216 -0.466000
v -0.179606 0.826216 -0.454000
v -0.167606 0.834701 -0.462485
v -0.174534 0.833144 -0.460928
v -0.176091 0.826216 -0.462485
v -0.176091 0.834701 -0.454000
v -0.091606 0.738216 -0.433000
v -0.079606 0.750216 -0.433000
v -0.091606 0.750216 -0.421000
v -0.083121 0.741730 -0.433000
v -0.084678 0.743288 -0.426072
v -0.083121 0.750216 -0.424515
v -0.091606 0.741730 -0.424515
v -0.091606 0.838216 -0.433000
v -0.091606 0.826216 -0.421000
v -0.079606 0.826216 -0.433000
v -0.091606 0.834701 -0.424515
v -0.084678 0.833144 -0.426072
v -0.083121 0.826216 -0.424515
v -0.083121 0.834701 -0.433000
v -0.091606 0.738216 -0.454000
v -0.091606 0.750216 -0.466000
v -0.079606 0.750216 -0.454000
v -0.091606 0.741730 -0.462485
v -0.084678 0.743288 -0.460928
v -0.083121 0.750216 -0.462485
v -0.083121 0.741730 -0.454000
v -0.091606 0.838216 -0.454000
v -0.079606 0.826216 -0.454000
v -0.091606 0.826216 -0.466000
v -0.083121 0.834701 -0.454000
v -0.084678 0.833144 -0.460928
v -0.083121 0.826216 -0.462485
v -0.091606 0.834701 -0.462485
v -0.167606 0.949416 -0.433000
v -0.167606 0.961416 -0.421000
v -0.179606 0.961416 -0.433000
v -0.167606 0.952930 -0.424515
v -0.174534 0.954487 -0.426072
v -0.176091 0.961416 -0.424515
v -0.176091 0.952930 -0.433000
v -0.167606 1.037416 -0.421000
v -0.167606 1.049416 -0.433000
v -0.179606 1.037416 -0.433000
v -0.167606 1.045901 -0.424515
v -0.174534 1.044344 -0.426072
v -0.176091 1.045901 -0.433000
v -0.176091 1.037416 -0.424515
v -0.167606 0.949416 -0.454000
v -0.179606 0.961416 -0.454000
v -0.167606 0.961416 -0.466000
v -0.176091 0.952930 -0.454000
v -0.174534 0.954487 -0.460928
v -0.176091 0.961416 -0.462485
v -0.167606 0.952930 -0.462485
v -0.167606 1.049416 -0.454000
v -0.167606 1.037416 -0.466000
v -0.179606 1.037416 -0.454000
v -0.167606 1.045901 -0.462485
v -0.174534 1.044344 -0.460928
v -0.176091 1.037416 -0.462485
v -0.176091 1.045901 -0.454000
v -0.091606 0.949416 -0.433000
v -0.079606 0.961416 -0.433000
v -0.091606 0.961416 -0.421000
v -0.083121 0.952930 -0.433000
v -0.084678 0.954487 -0.426072
v -0.083121 0.961416 -0.424515
v -0.091606 0.952930 -0.424515
v -0.091606 1.049416 -0.433000
v -0.091606 1.037416 -0.421000
v -0.079606 1.037416 -0.433000
v -0.091606 1.045901 -0.424515
v -0.084678 1.044344 -0.426072
v -0.083121 1.037416 -0.424515
v -0.083121 1.045901 -0.433000
v -0.091606 0.949416 -0.454000
v -0.091606 0.961416 -0.466000
v -0.079606 0.961416 -0.454000
v -0.091606 0.952930 -0.462485
v -0.084678 0.954487 -0.460928
v -0.083121 0.961416 -0.462485
v -0.083121 0.952930 -0.454000
v -0.091606 1.049416 -0.454000
v -0.079606 1.037416 -0.454000
v -0.091606 1.037416 -0.466000
v -0.083121 1.045901 -0.454000
v -0.084678 1.044344 -0.460928
v -0.083121 1.037416 -0.462485
v -0.091606 1.045901 -0.462485
v 0.043594 0.315816 -0.433000
v 0.043594 0.327816 -0.421000
v 0.031594 0.327816 -0.433000
v 0.043594 0.319330 -0.424515
v 0.036666 0.320887 -0.426072
v 0.035109 0.327816 -0.424515
v 0.035109 0.319330 -0.433000
v 0.043594 0.403816 -0.421000
v 0.043594 0.415816 -0.433000
v 0.031594 0.403816 -0.433000
v 0.043594 0.412301 -0.424515
v 0.036666 0.410744 -0.426072
v 0.035109 0.412301 -0.433000
v 0.035109 0.403816 -0.424515
v 0.043594 0.315816 -0.454000
v 0.031594 0.327816 -0.454000
v 0.043594 0.327816 -0.466000
v 0.035109 0.319330 -0.454000
v 0.036666 0.320887 -0.460928
v 0.035109 0.327816 -0.462485
v 0.043594 0.319330 -0.462485
v 0.043594 0.415816 -0.454000
v 0.043594 0.403816 -0.466000
v 0.031594 0.403816 -0.454000
v 0.043594 0.412301 -0.462485
v 0.036666 0.410744 -0.460928
v 0.035109 0.403816 -0.462485
v 0.035109 0.412301 -0.454000
v 0.119594 0.315816 -0.433000
v 0.131594 0.327816 -0.433000
v 0.119594 0.327816 -0.421000
v 0.128079 0.319330 -0.433000
v 0.126522 0.320887 -0.426072
v 0.128079 0.327816 -0.424515
v 0.119594 0.319330 -0.424515
v 0.119594 0.415816 -0.433000
v 0.119594 0.403816 -0.421000
v 0.131594 0.403816 -0.433000
v 0.119594 0.412301 -0.424515
v 0.126522 0.410744 -0.426072
v 0.128079 0.403816 -0.424515
v 0.128079 0.412301 -0.433000
v 0.119594 0.315816 -0.454000
v 0.119594 0.327816 -0.466000
v 0.131594 0.327816 -0.454000
v 0.119594 0.319330 -0.462485
v 0.126522 0.320887 -0.460928
v 0.128079 0.327816 -0.462485
v 0.128079 0.319330 -0.454000
v 0.119594 0.415816 -0.454000
v 0.131594 0.403816 -0.454000
v 0.119594 0.403816 -0.466000
v 0.128079 0.412301 -0.454000
v 0.126522 0.410744 -0.460928
v 0.128079 0.403816 -0.462485
v 0.119594 0.412301 -0.462485
v 0.043594 0.527016 -0.433000
v 0.043594 0.539016 -0.421000
v 0.031594 0.539016 -0.433000
v 0.043594 0.530530 -0.424515
v 0.036666 0.532088 -0.426072
v 0.035109 0.539016 -0.424515
v 0.035109 0.530530 -0.433000
v 0.043594 0.615016 -0.421000
v 0.043594 0.627016 -0.433000
v 0.031594 0.615016 -0.433000
v 0.043594 0.623501 -0.424515
v 0.036666 0.621944 -0.426072
v 0.035109 0.623501 -0.433000
v 0.035109 0.615016 -0.424515
v 0.043594 0.527016 -0.454000
v 0.031594 0.539016 -0.454000
v 0.043594 0.539016 -0.466000
v 0.035109 0.530530 -0.454000
v 0.036666 0.532088 -0.460928
v 0.035109 0.539016 -0.462485
v 0.043594 0.530530 -0.462485
v 0.043594 0.627016 -0.454000
v 0.043594 0.615016 -0.466000
v 0.031594 0.615016 -0.454000
v 0.043594 0.623501 -0.462485
v 0.036666 0.621944 -0.460928
v 0.035109 0.615016 -0.462485
v 0.035109 0.623501 -0.454000
v 0.119594 0.527016 -0.433000
v 0.131594 0.539016 -0.433000
v 0.119594 0.539016 -0.421000
v 0.128079 0.530530 -0.433000
v 0.126522 0.532088 -0.426072
v 0.128079 0.539016 -0.424515
v 0.119594 0.530530 -0.424515
v 0.119594 0.627016 -0.433000
v 0.119594 0.615016 -0.421000
v 0.131594 0.615016 -0.433000
v 0.119594 0.623501 -0.424515
v 0.126522 0.621944 -0.426072
v 0.128079 0.615016 -0.424515
v 0.128079 0.623501 -0.433000
v 0.119594 0.527016 -0.454000
v 0.119594 0.539016 -0.466000
v 0.131594 0.539016 -0.454000
v 0.119594 0.530530 -0.462485
v 0.126522 0.532088 -0.460928
v 0.128079 0.539016 -0.462485
v 0.128079 0.530530 -0.454000
v 0.119594 0.627016 -0.454000
v 0.131594 0.615016 -0.454000
v 0.119594 0.615016 -0.466000
v 0.128079 0.623501 -0.454000
v 0.126522 0.621944 -0.460928
v 0.128079 0.615016 -0.462485
v 0.119594 0.623501 -0.462485
v 0.043594 0.738216 -0.433000
v 0.043594 0.750216 -0.421000
v 0.031594 0.750216 -0.433000
v 0.043594 0.741730 -0.424515
v 0.036666 0.743288 -0.426072
v 0.035109 0.750216 -0.424515
v 0.035109 0.741730 -0.433000
v 0.043594 0.826216 -0.421000
v 0.043594 0.838216 -0.433000
v 0.031594 0.826216 -0.433000
v 0.043594 0.834701 -0.424515
v 0.036666 0.833144 -0.426072
v 0.035109 0.834701 -0.433000
v 0.035109 0.826216 -0.424515
v 0.043594 0.738216 -0.454000
v 0.031594 0.750216 -0.454000
v 0.043594 0.750216 -0.466000
v 0.035109 0.741730 -0.454000
v 0.036666 0.743288 -0.460928
v 0.035109 0.750216 -0.462485
v 0.043594 0.741730 -0.462485
v 0.043594 0.838216 -0.454000
v 0.043594 0.826216 -0.466000
v 0.031594 0.826216 -0.454000
v 0.043594 0.834701 -0.462485
v 0.036666 0.833144 -0.460928
v 0.035109 0.826216 -0.462485
v 0.035109 0.834701 -0.454000
v 0.119594 0.738216 -0.433000
v 0.131594 0.750216 -0.433000
v 0.119594 0.750216 -0.421000
v 0.128079 0.741730 -0.433000
v 0.126522 0.743288 -0.426072
v 0.128079 0.750216 -0.424515
v 0.119594 0.741730 -0.424515
v 0.119594 0.838216 -0.433000
v 0.119594 0.826216 -0.421000
v 0.131594 0.826216 -0.433000
v 0.119594 0.834701 -0.424515
v 0.126522 0.833144 -0.426072
v 0.128079 0.826216 -0.424515
v 0.128079 0.834701 -0.433000
v 0.119594 0.738216 -0.454000
v 0.119594 0.750216 -0.466000
v 0.131594 0.750216 -0.454000
v 0.119594 0.741730 -0.462485
v 0.126522 0.743288 -0.460928
v 0.128079 0.750216 -0.462485
v 0.128079 0.741730 -0.454000
v 0.119594 0.838216 -0.454000
v 0.131594 0.826216 -0.454000
v 0.119594 0.826216 -0.466000
v 0.128079 0.834701 -0.454000
v 0.126522 0.833144 -0.460928
v 0.128079 0.826216 -0.462485
v 0.119594 0.834701 -0.462485
v 0.043594 0.949416 -0.433000
v 0.043594 0.961416 -0.421000
v 0.031594 0.961416 -0.433000
v 0.043594 0.952930 -0.424515
v 0.036666 0.954487 -0.426072
v 0.035109 0.961416 -0.424515
v 0.035109 0.952930 -0.433000
v 0.043594 1.037416 -0.421000
v 0.043594 1.049416 -0.433000
v 0.031594 1.037416 -0.433000
v 0.043594 1.045901 -0.424515
v 0.036666 1.044344 -0.426072
v 0.035109 1.045901 -0.433000
v 0.035109 1.037416 -0.424515
v 0.043594 0.949416 -0.454000
v 0.031594 0.961416 -0.454000
v 0.043594 0.961416 -0.466000
v 0.035109 0.952930 -0.454000
v 0.036666 0.954487 -0.460928
v 0.035109 0.961416 -0.462485
v 0.043594 0.952930 -0.462485
v 0.043594 1.049416 -0.454000
v 0.043594 1.037416 -0.466000
v 0.031594 1.037416 -0.454000
v 0.043594 1.045901 -0.462485
v 0.036666 1.044344 -0.460928
v 0.035109 1.037416 -0.462485
v 0.035109 1.045901 -0.454000
v 0.119594 0.949416 -0.433000
v 0.131594 0.961416 -0.433000
v 0.119594 0.961416 -0.421000
v 0.128079 0.952930 -0.433000
v 0.126522 0.954487 -0.426072
v 0.128079 0.961416 -0.424515
v 0.119594 0.952930 -0.424515
v 0.119594 1.049416 -0.433000
v 0.119594 1.037416 -0.421000
v 0.131594 1.037416 -0.433000
v 0.119594 1.045901 -0.424515
v 0.126522 1.044344 -0.426072
v 0.128079 1.037416 -0.424515
v 0.128079 1.045901 -0.433000
v 0.119594 0.949416 -0.454000
v 0.119594 0.961416 -0.466000
v 0.131594 0.961416 -0.454000
v 0.119594 0.952930 -0.462485
v 0.126522 0.954487 -0.460928
v 0.128079 0.961416 -0.462485
v 0.128079 0.952930 -0.454000
v 0.119594 1.049416 -0.454000
v 0.131594 1.037416 -0.454000
v 0.119594 1.037416 -0.466000
v 0.128079 1.045901 -0.454000
v 0.126522 1.044344 -0.460928
v 0.128079 1.037416 -0.462485
v 0.119594 1.045901 -0.462485
v 0.254794 0.315816 -0.433000
v 0.254794 0.327816 -0.421000
v 0.242794 0.327816 -0.433000
v 0.254794 0.319330 -0.424515
v 0.247866 0.320887 -0.426072
v 0.246309 0.327816 -0.424515
v 0.246309 0.319330 -0.433000
v 0.254794 0.403816 -0.421000
v 0.254794 0.415816 -0.433000
v 0.242794 0.403816 -0.433000
v 0.254794 0.412301 -0.424515
v 0.247866 0.410744 -0.426072
v 0.246309 0.412301 -0.433000
v 0.246309 0.403816 -0.424515
v 0.254794 0.315816 -0.454000
v 0.242794 0.327816 -0.454000
v 0.254794 0.327816 -0.466000
v 0.246309 0.319330 -0.454000
v 0.247866 0.320887 -0.460928
v 0.246309 0.327816 -0.462485
v 0.254794 0.319330 -0.462485
v 0.254794 0.415816 -0.454000
v 0.254794 0.403816 -0.466000
v 0.242794 0.403816 -0.454000
v 0.254794 0.412301 -0.462485
v 0.247866 0.410744 -0.460928
v 0.246309 0.403816 -0.462485
v 0.246309 0.412301 -0.454000
v 0.330794 0.315816 -0.433000
v 0.342794 0.327816 -0.433000
v 0.330794 0.327816 -0.421000
v 0.339279 0.319330 -0.433000
v 0.337722 0.320887 -0.426072
v 0.339279 0.327816 -0.424515
v 0.330794 0.319330 -0.424515
v 0.330794 0.415816 -0.433000
v 0.330794 0.403816 -0.421000
v 0.342794 0.403816 -0.433000
v 0.330794 0.412301 -0.424515
v 0.337722 0.410744 -0.426072
v 0.339279 0.403816 -0.424515
v 0.339279 0.412301 -0.433000
v 0.330794 0.315816 -0.454000
v 0.330794 0.327816 -0.466000
v 0.342794 0.327816 -0.454000
v 0.330794 0.319330 -0.462485
v 0.337722 0.320887 -0.460928
v 0.339279 0.327816 -0.462485
v 0.339279 0.319330 -0.454000
v 0.330794 0.415816 -0.454000
v 0.342794 0.403816 -0.454000
v 0.330794 0.403816 -0.466000
v 0.339279 0.412301 -0.454000
v 0.337722 0.410744 -0.460928
v 0.339279 0.403816 -0.462485
v 0.330794 0.412301 -0.462485
v 0.254794 0.527016 -0.433000
v 0.254794 0.539016 -0.421000
v 0.242794 0.539016 -0.433000
v 0.254794 0.530530 -0.424515
v 0.247866 0.532088 -0.426072
v 0.246309 0.539016 -0.424515
v 0.246309 0.530530 -0.433000
v 0.254794 0.615016 -0.421000
v 0.254794 0.627016 -0.433000
v 0.242794 0.615016 -0.433000
v 0.254794 0.623501 -0.424515
v 0.247866 0.621944 -0.426072
v 0.246309 0.623501 -0.433000
v 0.246309 0.615016 -0.424515
v 0.254794 0.527016 -0.454000
v 0.242794 0.539016 -0.454000
v 0.254794 0.539016 -0.466000
v 0.246309 0.530530 -0.454000
v 0.247866 0.532088 -0.460928
v 0.246309 0.539016 -0.462485
v 0.254794 0.530530 -0.462485
v 0.254794 0.627016 -0.454000
v 0.254794 0.615016 -0.466000
v 0.242794 0.615016 -0.454000
v 0.254794 0.623501 -0.462485
v 0.247866 0.621944 -0.460928
v 0.246309 0.615016 -0.462485
v 0.246309 0.623501 -0.454000
v 0.330794 0.527016 -0.433000
v 0.342794 0.539016 -0.433000
v 0.330794 0.539016 -0.421000
v 0.339279 0.530530 -0.433000
v 0.337722 0.532088 -0.426072
v 0.339279 0.539016 -0.424515
v 0.330794 0.530530 -0.424515
v 0.330794 0.627016 -0.433000
v 0.330794 0.615016 -0.421000
v 0.342794 0.615016 -0.433000
v 0.330794 0.623501 -0.424515
v 0.337722 0.621944 -0.426072
v 0.339279 0.615016 -0.424515
v 0.339279 0.623501 -0.433000
v 0.330794 0.527016 -0.454000
v 0.330794 0.539016 -0.466000
v 0.342794 0.539016 -0.454000
v 0.330794 0.530530 -0.462485
v 0.337722 0.532088 -0.460928
v 0.339279 0.539016 -0.462485
v 0.339279 0.530530 -0.454000
v 0.330794 0.627016 -0.454000
v 0.342794 0.615016 -0.454000
v 0.330794 0.615016 -0.466000
v 0.339279 0.623501 -0.454000
v 0.337722 0.621944 -0.460928
v 0.339279 0.615016 -0.462485
v 0.330794 0.623501 -0.462485
v 0.254794 0.738216 -0.433000
v 0.254794 0.750216 -0.421000
v 0.242794 0.750216 -0.433000
v 0.254794 0.741730 -0.424515
v 0.247866 0.743288 -0.426072
v 0.246309 0.750216 -0.424515
v 0.246309 0.741730 -0.433000
v 0.254794 0.826216 -0.421000
v 0.254794 0.838216 -0.433000
v 0.242794 0.826216 -0.433000
v 0.254794 0.834701 -0.424515
v 0.247866 0.833144 -0.426072
v 0.246309 0.834701 -0.433000
v 0.246309 0.826216 -0.424515
v 0.254794 0.738216 -0.454000
v 0.242794 0.750216 -0.454000
v 0.254794 0.750216 -0.466000
v 0.246309 0.741730 -0.454000
v 0.247866 0.743288 -0.460928
v 0.246309 0.750216 -0.462485
v 0.254794 0.741730 -0.462485
v 0.254794 0.838216 -0.454000
v 0.254794 0.826216 -0.466000
v 0.242794 0.826216 -0.454000
v 0.254794 0.834701 -0.462485
v 0.247866 0.833144 -0.460928
v 0.246309 0.826216 -0.462485
v 0.246309 0.834701 -0.454000
v 0.330794 0.738216 -0.433000
v 0.342794 0.750216 -0.433000
v 0.330794 0.750216 -0.421000
v 0.339279 0.741730 -0.433000
v 0.337722 0.743288 -0.426072
v 0.339279 0.750216 -0.424515
v 0.330794 0.741730 -0.424515
v 0.330794 0.838216 -0.433000
v 0.330794 0.826216 -0.421000
v 0.342794 0.826216 -0.433000
v 0.330794 0.834701 -0.424515
v 0.337722 0.833144 -0.426072
v 0.339279 0.826216 -0.424515
v 0.339279 0.834701 -0.433000
v 0.330794 0.738216 -0.454000
v 0.330794 0.750216 -0.466000
v 0.342794 0.750216 -0.454000
v 0.330794 0.741730 -0.462485
v 0.337722 0.743288 -0.460928
v 0.339279 0.750216 -0.462485
v 0.339279 0.741730 -0.454000
v 0.330794 0.838216 -0.454000
v 0.342794 0.826216 -0.454000
v 0.330794 0.826216 -0.466000
v 0.339279 0.834701 -0.454000
v 0.337722 0.833144 -0.460928
v 0.339279 0.826216 -0.462485
v 0.330794 0.834701 -0.462485
v 0.254794 0.949416 -0.433000
v 0.254794 0.961416 -0.421000
v 0.242794 0.961416 -0.433000
v 0.254794 0.952930 -0.424515
v 0.247866 0.954487 -0.426072
v 0.246309 0.961416 -0.424515
v 0.246309 0.952930 -0.433000
v 0.254794 1.037416 -0.421000
v 0.254794 1.049416 -0.433000
v 0.242794 1.037416 -0.433000
v 0.254794 1.045901 -0.424515
v 0.247866 1.044344 -0.426072
v 0.246309 1.045901 -0.433000
v 0.246309 1.037416 -0.424515
v 0.254794 0.949416 -0.454000
v 0.242794 0.961416 -0.454000
v 0.254794 0.961416 -0.466000
v 0.246309 0.952930 -0.454000
v 0.247866 0.954487 -0.460928
v 0.246309 0.961416 -0.462485
v 0.254794 0.952930 -0.462485
v 0.254794 1.049416 -0.454000
v 0.254794 1.037416 -0.466000
v 0.242794 1.037416 -0.454000
v 0.254794 1.045901 -0.462485
v 0.247866 1.044344 -0.460928
v 0.246309 1.037416 -0.462485
v 0.246309 1.045901 -0.454000
v 0.330794 0.949416 -0.433000
v 0.342794 0.961416 -0.433000
v 0.330794 0.961416 -0.421000
v 0.339279 0.952930 -0.433000
v 0.337722 0.954487 -0.426072
v 0.339279 0.961416 -0.424515
v 0.330794 0.952930 -0.424515
v 0.330794 1.049416 -0.433000
v 0.330794 1.037416 -0.421000
v 0.342794 1.037416 -0.433000
v 0.330794 1.045901 -0.424515
v 0.337722 1.044344 -0.426072
v 0.339279 1.037416 -0.424515
v 0.339279 1.045901 -0.433000
v 0.330794 0.949416 -0.454000
v 0.330794 0.961416 -0.466000
v 0.342794 0.961416 -0.454000
v 0.330794 0.952930 -0.462485
v 0.337722 0.954487 -0.460928
v 0.339279 0.961416 -0.462485
v 0.339279 0.952930 -0.454000
v 0.330794 1.049416 -0.454000
v 0.342794 1.037416 -0.454000
v 0.330794 1.037416 -0.466000
v 0.339279 1.045901 -0.454000
v 0.337722 1.044344 -0.460928
v 0.339279 1.037416 -0.462485
v 0.330794 1.045901 -0.462485
v -0.378806 1.071116 0.855300
v -0.378806 1.083116 0.867300
v -0.390806 1.083116 0.855300
v -0.378806 1.074630 0.863785
v -0.385734 1.076187 0.862228
v -0.387291 1.083116 0.863785
v -0.387291 1.074630 0.855300
v -0.378806 1.104116 0.867300
v -0.378806 1.116116 0.855300
v -0.390806 1.104116 0.855300
v -0.378806 1.112601 0.863785
v -0.385734 1.111044 0.862228
v -0.387291 1.112601 0.855300
v -0.387291 1.104116 0.863785
v -0.378806 1.071116 0.779300
v -0.390806 1.083116 0.779300
v -0.378806 1.083116 0.767300
v -0.387291 1.074630 0.779300
v -0.385734 1.076187 0.772372
v -0.387291 1.083116 0.770815
v -0.378806 1.074630 0.770815
v -0.378806 1.116116 0.779300
v -0.378806 1.104116 0.767300
v -0.390806 1.104116 0.779300
v -0.378806 1.112601 0.770815
v -0.385734 1.111044 0.772372
v -0.387291 1.104116 0.770815
v -0.387291 1.112601 0.779300
v -0.302806 1.071116 0.855300
v -0.290806 1.083116 0.855300
v -0.302806 1.083116 0.867300
v -0.294321 1.074630 0.855300
v -0.295878 1.076187 0.862228
v -0.294321 1.083116 0.863785
v -0.302806 1.074630 0.863785
v -0.302806 1.116116 0.855300
v -0.302806 1.104116 0.867300
v -0.290806 1.104116 0.855300
v -0.302806 1.112601 0.863785
v -0.295878 1.111044 0.862228
v -0.294321 1.104116 0.863785
v -0.294321 1.112601 0.855300
v -0.302806 1.071116 0.779300
v -0.302806 1.083116 0.767300
v -0.290806 1.083116 0.779300
v -0.302806 1.074630 0.770815
v -0.295878 1.076187 0.772372
v -0.294321 1.083116 0.770815
v -0.294321 1.074630 0.779300
v -0.302806 1.116116 0.779300
v -0.290806 1.104116 0.779300
v -0.302806 1.104116 0.767300
v -0.294321 1.112601 0.779300
v -0.295878 1.111044 0.772372
v -0.294321 1.104116 0.770815
v -0.302806 1.112601 0.770815
v -0.378806 1.071116 0.644100
v -0.378806 1.083116 0.656100
v -0.390806 1.083116 0.644100
v -0.378806 1.074630 0.652585
v -0.385734 1.076187 0.651028
v -0.387291 1.083116 0.652585
v -0.387291 1.074630 0.644100
v -0.378806 1.104116 0.656100
v -0.378806 1.116116 0.644100
v -0.390806 1.104116 0.644100
v -0.378806 1.112601 0.652585
v -0.385734 1.111044 0.651028
v -0.387291 1.112601 0.644100
v -0.387291 1.104116 0.652585
v -0.378806 1.071116 0.568100
v -0.390806 1.083116 0.568100
v -0.378806 1.083116 0.556100
v -0.387291 1.074630 0.568100
v -0.385734 1.076187 0.561172
v -0.387291 1.083116 0.559615
v -0.378806 1.074630 0.559615
v -0.378806 1.116116 0.568100
v -0.378806 1.104116 0.556100
v -0.390806 1.104116 0.568100
v -0.378806 1.112601 0.559615
v -0.385734 1.111044 0.561172
v -0.387291 1.104116 0.559615
v -0.387291 1.112601 0.568100
v -0.302806 1.071116 0.644100
v -0.290806 1.083116 0.644100
v -0.302806 1.083116 0.656100
v -0.294321 1.074630 0.644100
v -0.295878 1.076187 0.651028
v -0.294321 1.083116 0.652585
v -0.302806 1.074630 0.652585
v -0.302806 1.116116 0.644100
v -0.302806 1.104116 0.656100
v -0.290806 1.104116 0.644100
v -0.302806 1.112601 0.652585
v -0.295878 1.111044 0.651028
v -0.294321 1.104116 0.652585
v -0.294321 1.112601 0.644100
v -0.302806 1.071116 0.568100
v -0.302806 1.083116 0.556100
v -0.290806 1.083116 0.568100
v -0.302806 1.074630 0.559615
v -0.295878 1.076187 0.561172
v -0.294321 1.083116 0.559615
v -0.294321 1.074630 0.568100
v -0.302806 1.116116 0.568100
v -0.290806 1.104116 0.568100
v -0.302806 1.104116 0.556100
v -0.294321 1.112601 0.568100
v -0.295878 1.111044 0.561172
v -0.294321 1.104116 0.559615
v -0.302806 1.112601 0.559615
v -0.378806 1.071116 0.432900
v -0.378806 1.083116 0.444900
v -0.390806 1.083116 0.432900
v -0.378806 1.074630 0.441385
v -0.385734 1.076187 0.439828
v -0.387291 1.083116 0.441385
v -0.387291 1.074630 0.432900
v -0.378806 1.104116 0.444900
v -0.378806 1.116116 0.432900
v -0.390806 1.104116 0.432900
v -0.378806 1.112601 0.441385
v -0.385734 1.111044 0.439828
v -0.387291 1.112601 0.432900
v -0.387291 1.104116 0.441385
v -0.378806 1.071116 0.356900
v -0.390806 1.083116 0.356900
v -0.378806 1.083116 0.344900
v -0.387291 1.074630 0.356900
v -0.385734 1.076187 0.349972
v -0.387291 1.083116 0.348415
v -0.378806 1.074630 0.348415
v -0.378806 1.116116 0.356900
v -0.378806 1.104116 0.344900
v -0.390806 1.104116 0.356900
v -0.378806 1.112601 0.348415
v -0.385734 1.111044 0.349972
v -0.387291 1.104116 0.348415
v -0.387291 1.112601 0.356900
v -0.302806 1.071116 0.432900
v -0.290806 1.083116 0.432900
v -0.302806 1.083116 0.444900
v -0.294321 1.074630 0.432900
v -0.295878 1.076187 0.439828
v -0.294321 1.083116 0.441385
v -0.302806 1.074630 0.441385
v -0.302806 1.116116 0.432900
v -0.302806 1.104116 0.444900
v -0.290806 1.104116 0.432900
v -0.302806 1.112601 0.441385
v -0.295878 1.111044 0.439828
v -0.294321 1.104116 0.441385
v -0.294321 1.112601 0.432900
v -0.302806 1.071116 0.356900
v -0.302806 1.083116 0.344900
v -0.290806 1.083116 0.356900
v -0.302806 1.074630 0.348415
v -0.295878 1.076187 0.349972
v -0.294321 1.083116 0.348415
v -0.294321 1.074630 0.356900
v -0.302806 1.116116 0.356900
v -0.290806 1.104116 0.356900
v -0.302806 1.104116 0.344900
v -0.294321 1.112601 0.356900
v -0.295878 1.111044 0.349972
v -0.294321 1.104116 0.348415
v -0.302806 1.112601 0.348415
v -0.378806 1.071116 0.221700
v -0.378806 1.083116 0.233700
v -0.390806 1.083116 0.221700
v -0.378806 1.074630 0.230185
v -0.385734 1.076187 0.228628
v -0.387291 1.083116 0.230185
v -0.387291 1.074630 0.221700
v -0.378806 1.104116 0.233700
v -0.378806 1.116116 0.221700
v -0.390806 1.104116 0.221700
v -0.378806 1.112601 0.230185
v -0.385734 1.111044 0.228628
v -0.387291 1.112601 0.221700
v -0.387291 1.104116 0.230185
v -0.378806 1.071116 0.145700
v -0.390806 1.083116 0.145700
v -0.378806 1.083116 0.133700
v -0.387291 1.074630 0.145700
v -0.385734 1.076187 0.138772
v -0.387291 1.083116 0.137215
v -0.378806 1.074630 0.137215
v -0.378806 1.116116 0.145700
v -0.378806 1.104116 0.133700
v -0.390806 1.104116 0.145700
v -0.378806 1.112601 0.137215
v -0.385734 1.111044 0.138772
v -0.387291 1.104116 0.137215
v -0.387291 1.112601 0.145700
v -0.302806 1.071116 0.221700
v -0.290806 1.083116 0.221700
v -0.302806 1.083116 0.233700
v -0.294321 1.074630 0.221700
v -0.295878 1.076187 0.228628
v -0.294321 1.083116 0.230185
v -0.302806 1.074630 0.230185
v -0.302806 1.116116 0.221700
v -0.302806 1.104116 0.233700
v -0.290806 1.104116 0.221700
v -0.302806 1.112601 0.230185
v -0.295878 1.111044 0.228628
v -0.294321 1.104116 0.230185
v -0.294321 1.112601 0.221700
v -0.302806 1.071116 0.145700
v -0.302806 1.083116 0.133700
v -0.290806 1.083116 0.145700
v -0.302806 1.074630 0.137215
v -0.295878 1.076187 0.138772
v -0.294321 1.083116 0.137215
v -0.294321 1.074630 0.145700
v -0.302806 1.116116 0.145700
v -0.290806 1.104116 0.145700
v -0.302806 1.104116 0.133700
v -0.294321 1.112601 0.145700
v -0.295878 1.111044 0.138772
v -0.294321 1.104116 0.137215
v -0.302806 1.112601 0.137215
v -0.167606 1.071116 0.855300
v -0.167606 1.083116 0.867300
v -0.179606 1.083116 0.855300
v -0.167606 1.074630 0.863785
v -0.174534 1.076187 0.862228
v -0.176091 1.083116 0.863785
v -0.176091 1.074630 0.855300
v -0.167606 1.104116 0.867300
v -0.167606 1.116116 0.855300
v -0.179606 1.104116 0.855300
v -0.167606 1.112601 0.863785
v -0.174534 1.111044 0.862228
v -0.176091 1.112601 0.855300
v -0.176091 1.104116 0.863785
v -0.167606 1.071116 0.779300
v -0.179606 1.083116 0.779300
v -0.167606 1.083116 0.767300
v -0.176091 1.074630 0.779300
v -0.174534 1.076187 0.772372
v -0.176091 1.083116 0.770815
v -0.167606 1.074630 0.770815
v -0.167606 1.116116 0.779300
v -0.167606 1.104116 0.767300
v -0.179606 1.104116 0.779300
v -0.167606 1.112601 0.770815
v -0.174534 1.111044 0.772372
v -0.176091 1.104116 0.770815
v -0.176091 1.112601 0.779300
v -0.091606 1.071116 0.855300
v -0.079606 1.083116 0.855300
v -0.091606 1.083116 0.867300
v -0.083121 1.074630 0.855300
v -0.084678 1.076187 0.862228
v -0.083121 1.083116 0.863785
v -0.091606 1.074630 0.863785
v -0.091606 1.116116 0.855300
v -0.091606 1.104116 0.867300
v -0.079606 1.104116 0.855300
v -0.091606 1.112601 0.863785
v -0.084678 1.111044 0.862228
v -0.083121 1.104116 0.863785
v -0.083121 1.112601 0.855300
v -0.091606 1.071116 0.779300
v -0.091606 1.083116 0.767300
v -0.079606 1.083116 0.779300
v -0.091606 1.074630 0.770815
v -0.084678 1.076187 0.772372
v -0.083121 1.083116 0.770815
v -0.083121 1.074630 0.779300
v -0.091606 1.116116 0.779300
v -0.079606 1.104116 0.779300
v -0.091606 1.104116 0.767300
v -0.083121 1.112601 0.779300
v -0.084678 1.111044 0.772372
v -0.083121 1.104116 0.770815
v -0.091606 1.112601 0.770815
v -0.167606 1.071116 0.644100
v -0.167606 1.083116 0.656100
v -0.179606 1.083116 0.644100
v -0.167606 1.074630 0.652585
v -0.174534 1.076187 0.651028
v -0.176091 1.083116 0.652585
v -0.176091 1.074630 0.644100
v -0.167606 1.104116 0.656100
v -0.167606 1.116116 0.644100
v -0.179606 1.104116 0.644100
v -0.167606 1.112601 0.652585
v -0.174534 1.111044 0.651028
v -0.176091 1.112601 0.644100
v -0.176091 1.104116 0.652585
v -0.167606 1.071116 0.568100
v -0.179606 1.083116 0.568100
v -0.167606 1.083116 0.556100
v -0.176091 1.074630 0.568100
v -0.174534 1.076187 0.561172
v -0.176091 1.083116 0.559615
v -0.167606 1.074630 0.559615
v -0.167606 1.116116 0.568100
v -0.167606 1.104116 0.556100
v -0.179606 1.104116 0.568100
v -0.167606 1.112601 0.559615
v -0.174534 1.111044 0.561172
v -0.176091 1.104116 0.559615
v -0.176091 1.112601 0.568100
v -0.091606 1.071116 0.644100
v -0.079606 1.083116 0.644100
v -0.091606 1.083116 0.656100
v -0.083121 1.074630 0.644100
v -0.084678 1.076187 0.651028
v -0.083121 1.083116 0.652585
v -0.091606 1.074630 0.652585
v -0.091606 1.116116 0.644100
v -0.091606 1.104116 0.656100
v -0.079606 1.104116 0.644100
v -0.091606 1.112601 0.652585
v -0.084678 1.111044 0.651028
v -0.083121 1.104116 0.652585
v -0.083121 1.112601 0.644100
v -0.091606 1.071116 0.568100
v -0.091606 1.083116 0.556100
v -0.079606 1.083116 0.568100
v -0.091606 1.074630 0.559615
v -0.084678 1.076187 0.561172
v -0.083121 1.083116 0.559615
v -0.083121 1.074630 0.568100
v -0.091606 1.116116 0.568100
v -0.079606 1.104116 0.568100
v -0.091606 1.104116 0.556100
v -0.083121 1.112601 0.568100
v -0.084678 1.111044 0.561172
v -0.083121 1.104116 0.559615
v -0.091606 1.112601 0.559615
v -0.167606 1.071116 0.432900
v -0.167606 1.083116 0.444900
v -0.179606 1.083116 0.432900
v -0.167606 1.074630 0.441385
v -0.174534 1.076187 0.439828
v -0.176091 1.083116 0.441385
v -0.176091 1.074630 0.432900
v -0.167606 1.104116 0.444900
v -0.167606 1.116116 0.432900
v -0.179606 1.104116 0.432900
v -0.167606 1.112601 0.441385
v -0.174534 1.111044 0.439828
v -0.176091 1.112601 0.432900
v -0.176091 1.104116 0.441385
v -0.167606 1.071116 0.356900
v -0.179606 1.083116 0.356900
v -0.167606 1.083116 0.344900
v -0.176091 1.074630 0.356900
v -0.174534 1.076187 0.349972
v -0.176091 1.083116 0.348415
v -0.167606 1.074630 0.348415
v -0.167606 1.116116 0.356900
v -0.167606 1.104116 0.344900
v -0.179606 1.104116 0.356900
v -0.167606 1.112601 0.348415
v -0.174534 1.111044 0.349972
v -0.176091 1.104116 0.348415
v -0.176091 1.112601 0.356900
v -0.091606 1.071116 0.432900
v -0.079606 1.083116 0.432900
v -0.091606 1.083116 0.444900
v -0.083121 1.074630 0.432900
v -0.084678 1.076187 0.439828
v -0.083121 1.083116 0.441385
v -0.091606 1.074630 0.441385
v -0.091606 1.116116 0.432900
v -0.091606 1.104116 0.444900
v -0.079606 1.104116 0.432900
v -0.091606 1.112601 0.441385
v -0.084678 1.111044 0.439828
v -0.083121 1.104116 0.441385
v -0.083121 1.112601 0.432900
v -0.091606 1.071116 0.356900
v -0.091606 1.083116 0.344900
v -0.079606 1.083116 0.356900
v -0.091606 1.074630 0.348415
v -0.084678 1.076187 0.349972
v -0.083121 1.083116 0.348415
v -0.083121 1.074630 0.356900
v -0.091606 1.116116 0.356900
v -0.079606 1.104116 0.356900
v -0.091606 1.104116 0.344900
v -0.083121 1.112601 0.356900
v -0.084678 1.111044 0.349972
v -0.083121 1.104116 0.348415
v -0.091606 1.112601 0.348415
v -0.167606 1.071116 0.221700
v -0.167606 1.083116 0.233700
v -0.179606 1.083116 0.221700
v -0.167606 1.074630 0.230185
v -0.174534 1.076187 0.228628
v -0.176091 1.083116 0.230185
v -0.176091 1.074630 0.221700
v -0.167606 1.104116 0.233700
v -0.167606 1.116116 0.221700
v -0.179606 1.104116 0.221700
v -0.167606 1.112601 0.230185
v -0.174534 1.111044 0.228628
v -0.176091 1.112601 0.221700
v -0.176091 1.104116 0.230185
v -0.167606 1.071116 0.145700
v -0.179606 1.083116 0.145700
v -0.167606 1.083116 0.133700
v -0.176091 1.074630 0.145700
v -0.174534 1.076187 0.138772
v -0.176091 1.083116 0.137215
v -0.167606 1.074630 0.137215
v -0.167606 1.116116 0.145700
v -0.167606 1.104116 0.133700
v -0.179606 1.104116 0.145700
v -0.167606 1.112601 0.137215
v -0.174534 1.111044 0.138772
v -0.176091 1.104116 0.137215
v -0.176091 1.112601 0.145700
v -0.091606 1.071116 0.221700
v -0.079606 1.083116 0.221700
v -0.091606 1.083116 0.233700
v -0.083121 1.074630 0.221700
v -0.084678 1.076187 0.228628
v -0.083121 1.083116 0.230185
v -0.091606 1.074630 0.230185
v -0.091606 1.116116 0.221700
v -0.091606 1.104116 0.233700
v -0.079606 1.104116 0.221700
v -0.091606 1.112601 0.230185
v -0.084678 1.111044 0.228628
v -0.083121 1.104116 0.230185
v -0.083121 1.112601 0.221700
v -0.091606 1.071116 0.145700
v -0.091606 1.083116 0.133700
v -0.079606 1.083116 0.145700
v -0.091606 1.074630 0.137215
v -0.084678 1.076187 0.138772
v -0.083121 1.083116 0.137215
v -0.083121 1.074630 0.145700
v -0.091606 1.116116 0.145700
v -0.079606 1.104116 0.145700
v -0.091606 1.104116 0.133700
v -0.083121 1.112601 0.145700
v -0.084678 1.111044 0.138772
v -0.083121 1.104116 0.137215
v -0.091606 1.112601 0.137215
v 0.043594 1.071116 0.855300
v 0.043594 1.083116 0.867300
v 0.031594 1.083116 0.855300
v 0.043594 1.074630 0.863785
v 0.036666 1.076187 0.862228
v 0.035109 1.083116 0.863785
v 0.035109 1.074630 0.855300
v 0.043594 1.104116 0.867300
v 0.043594 1.116116 0.855300
v 0.031594 1.104116 0.855300
v 0.043594 1.112601 0.863785
v 0.036666 1.111044 0.862228
v 0.035109 1.112601 0.855300
v 0.035109 1.104116 0.863785
v 0.043594 1.071116 0.779300
v 0.031594 1.083116 0.779300
v 0.043594 1.083116 0.767300
v 0.035109 1.074630 0.779300
v 0.036666 1.076187 0.772372
v 0.035109 1.083116 0.770815
v 0.043594 1.074630 0.770815
v 0.043594 1.116116 0.779300
v 0.043594 1.104116 0.767300
v 0.031594 1.104116 0.779300
v 0.043594 1.112601 0.770815
v 0.036666 1.111044 0.772372
v 0.035109 1.104116 0.770815
v 0.035109 1.112601 0.779300
v 0.119594 1.071116 0.855300
v 0.131594 1.083116 0.855300
v 0.119594 1.083116 0.867300
v 0.128079 1.074630 0.855300
v 0.126522 1.076187 0.862228
v 0.128079 1.083116 0.863785
v 0.119594 1.074630 0.863785
v 0.119594 1.116116 0.855300
v 0.119594 1.104116 0.867300
v 0.131594 1.104116 0.855300
v 0.119594 1.112601 0.863785
v 0.126522 1.111044 0.862228
v 0.128079 1.104116 0.863785
v 0.128079 1.112601 0.855300
v 0.119594 1.071116 0.779300
v 0.119594 1.083116 0.767300
v 0.131594 1.083116 0.779300
v 0.119594 1.074630 0.770815
v 0.126522 1.076187 0.772372
v 0.128079 1.083116 0.770815
v 0.128079 1.074630 0.779300
v 0.119594 1.116116 0.779300
v 0.131594 1.104116 0.779300
v 0.119594 1.104116 0.767300
v 0.128079 1.112601 0.779300
v 0.126522 1.111044 0.772372
v 0.128079 1.104116 0.770815
v 0.119594 1.112601 0.770815
v 0.043594 1.071116 0.644100
v 0.043594 1.083116 0.656100
v 0.031594 1.083116 0.644100
v 0.043594 1.074630 0.652585
v 0.036666 1.076187 0.651028
v 0.035109 1.083116 0.652585
v 0.035109 1.074630 0.644100
v 0.043594 1.104116 0.656100
v 0.043594 1.116116 0.644100
v 0.031594 1.104116 0.644100
v 0.043594 1.112601 0.652585
v 0.036666 1.111044 0.651028
v 0.035109 1.112601 0.644100
v 0.035109 1.104116 0.652585
v 0.043594 1.071116 0.568100
v 0.031594 1.083116 0.568100
v 0.043594 1.083116 0.556100
v 0.035109 1.074630 0.568100
v 0.036666 1.076187 0.561172
v 0.035109 1.083116 0.559615
v 0.043594 1.074630 0.559615
v 0.043594 1.116116 0.568100
v 0.043594 1.104116 0.556100
v 0.031594 1.104116 0.568100
v 0.043594 1.112601 0.559615
v 0.036666 1.111044 0.561172
v 0.035109 1.104116 0.559615
v 0.035109 1.112601 0.568100
v 0.119594 1.071116 0.644100
v 0.131594 1.083116 0.644100
v 0.119594 1.083116 0.656100
v 0.128079 1.074630 0.644100
v 0.126522 1.076187 0.651028
v 0.128079 1.083116 0.652585
v 0.119594 1.074630 0.652585
v 0.119594 1.116116 0.644100
v 0.119594 1.104116 0.656100
v 0.131594 1.104116 0.644100
v 0.119594 1.112601 0.652585
v 0.126522 1.111044 0.651028
v 0.128079 1.104116 0.652585
v 0.128079 1.112601 0.644100
v 0.119594 1.071116 0.568100
v 0.119594 1.083116 0.556100
v 0.131594 1.083116 0.568100
v 0.119594 1.074630 0.559615
v 0.126522 1.076187 0.561172
v 0.128079 1.083116 0.559615
v 0.128079 1.074630 0.568100
v 0.119594 1.116116 0.568100
v 0.131594 1.104116 0.568100
v 0.119594 1.104116 0.556100
v 0.128079 1.112601 0.568100
v 0.126522 1.111044 0.561172
v 0.128079 1.104116 0.559615
v 0.119594 1.112601 0.559615
v 0.043594 1.071116 0.432900
v 0.043594 1.083116 0.444900
v 0.031594 1.083116 0.432900
v 0.043594 1.074630 0.441385
v 0.036666 1.076187 0.439828
v 0.035109 1.083116 0.441385
v 0.035109 1.074630 0.432900
v 0.043594 1.104116 0.444900
v 0.043594 1.116116 0.432900
v 0.031594 1.104116 0.432900
v 0.043594 1.112601 0.441385
v 0.036666 1.111044 0.439828
v 0.035109 1.112601 0.432900
v 0.035109 1.104116 0.441385
v 0.043594 1.071116 0.356900
v 0.031594 1.083116 0.356900
v 0.043594 1.083116 0.344900
v 0.035109 1.074630 0.356900
v 0.036666 1.076187 0.349972
v 0.035109 1.083116 0.348415
v 0.043594 1.074630 0.348415
v 0.043594 1.116116 0.356900
v 0.043594 1.104116 0.344900
v 0.031594 1.104116 0.356900
v 0.043594 1.112601 0.348415
v 0.036666 1.111044 0.349972
v 0.035109 1.104116 0.348415
v 0.035109 1.112601 0.356900
v 0.119594 1.071116 0.432900
v 0.131594 1.083116 0.432900
v 0.119594 1.083116 0.444900
v 0.128079 1.074630 0.432900
v 0.126522 1.076187 0.439828
v 0.128079 1.083116 0.441385
v 0.119594 1.074630 0.441385
v 0.119594 1.116116 0.432900
v 0.119594 1.104116 0.444900
v 0.131594 1.104116 0.432900
v 0.119594 1.112601 0.441385
v 0.126522 1.111044 0.439828
v 0.128079 1.104116 0.441385
v 0.128079 1.112601 0.432900
v 0.119594 1.071116 0.356900
v 0.119594 1.083116 0.344900
v 0.131594 1.083116 0.356900
v 0.119594 1.074630 0.348415
v 0.126522 1.076187 0.349972
v 0.128079 1.083116 0.348415
v 0.128079 1.074630 0.356900
v 0.119594 1.116116 0.356900
v 0.131594 1.104116 0.356900
v 0.119594 1.104116 0.344900
v 0.128079 1.112601 0.356900
v 0.126522 1.111044 0.349972
v 0.128079 1.104116 0.348415
v 0.119594 1.112601 0.348415
v 0.043594 1.071116 0.221700
v 0.043594 1.083116 0.233700
v 0.031594 1.083116 0.221700
v 0.043594 1.074630 0.230185
v 0.036666 1.076187 0.228628
v 0.035109 1.083116 0.230185
v 0.035109 1.074630 0.221700
v 0.043594 1.104116 0.233700
v 0.043594 1.116116 0.221700
v 0.031594 1.104116 0.221700
v 0.043594 1.112601 0.230185
v 0.036666 1.111044 0.228628
v 0.035109 1.112601 0.221700
v 0.035109 1.104116 0.230185
v 0.043594 1.071116 0.145700
v 0.031594 1.083116 0.145700
v 0.043594 1.083116 0.133700
v 0.035109 1.074630 0.145700
v 0.036666 1.076187 0.138772
v 0.035109 1.083116 0.137215
v 0.043594 1.074630 0.137215
v 0.043594 1.116116 0.145700
v 0.043594 1.104116 0.133700
v 0.031594 1.104116 0.145700
v 0.043594 1.112601 0.137215
v 0.036666 1.111044 0.138772
v 0.035109 1.104116 0.137215
v 0.035109 1.112601 0.145700
v 0.119594 1.071116 0.221700
v 0.131594 1.083116 0.221700
v 0.119594 1.083116 0.233700
v 0.128079 1.074630 0.221700
v 0.126522 1.076187 0.228628
v 0.128079 1.083116 0.230185
v 0.119594 1.074630 0.230185
v 0.119594 1.116116 0.221700
v 0.119594 1.104116 0.233700
v 0.131594 1.104116 0.221700
v 0.119594 1.112601 0.230185
v 0.126522 1.111044 0.228628
v 0.128079 1.104116 0.230185
v 0.128079 1.112601 0.221700
v 0.119594 1.071116 0.145700
v 0.119594 1.083116 0.133700
v 0.131594 1.083116 0.145700
v 0.119594 1.074630 0.137215
v 0.126522 1.076187 0.138772
v 0.128079 1.083116 0.137215
v 0.128079 1.074630 0.145700
v 0.119594 1.116116 0.145700
v 0.131594 1.104116 0.145700
v 0.119594 1.104116 0.133700
v 0.128079 1.112601 0.145700
v 0.126522 1.111044 0.138772
v 0.128079 1.104116 0.137215
v 0.119594 1.112601 0.137215
v 0.254794 1.071116 0.855300
v 0.254794 1.083116 0.867300
v 0.242794 1.083116 0.855300
v 0.254794 1.074630 0.863785
v 0.247866 1.076187 0.862228
v 0.246309 1.083116 0.863785
v 0.246309 1.074630 0.855300
v 0.254794 1.104116 0.867300
v 0.254794 1.116116 0.855300
v 0.242794 1.104116 0.855300
v 0.254794 1.112601 0.863785
v 0.247866 1.111044 0.862228
v 0.246309 1.112601 0.855300
v 0.246309 1.104116 0.863785
v 0.254794 1.071116 0.779300
v 0.242794 1.083116 0.779300
v 0.254794 1.083116 0.767300
v 0.246309 1.074630 0.779300
v 0.247866 1.076187 0.772372
v 0.246309 1.083116 0.770815
v 0.254794 1.074630 0.770815
v 0.254794 1.116116 0.779300
v 0.254794 1.104116 0.767300
v 0.242794 1.104116 0.779300
v 0.254794 1.112601 0.770815
v 0.247866 1.111044 0.772372
v 0.246309 1.104116 0.770815
v 0.246309 1.112601 0.779300
v 0.330794 1.071116 0.855300
v 0.342794 1.083116 0.855300
v 0.330794 1.083116 0.867300
v 0.339279 1.074630 0.855300
v 0.337722 1.076187 0.862228
v 0.339279 1.083116 0.863785
v 0.330794 1.074630 0.863785
v 0.330794 1.116116 0.855300
v 0.330794 1.104116 0.867300
v 0.342794 1.104116 0.855300
v 0.330794 1.112601 0.863785
v 0.337722 1.111044 0.862228
v 0.339279 1.104116 0.863785
v 0.339279 1.112601 0.855300
v 0.330794 1.071116 0.779300
v 0.330794 1.083116 0.767300
v 0.342794 1.083116 0.779300
v 0.330794 1.074630 0.770815
v 0.337722 1.076187 0.772372
v 0.339279 1.083116 0.770815
v 0.339279 1.074630 0.779300
v 0.330794 1.116116 0.779300
v 0.342794 1.104116 0.779300
v 0.330794 1.104116 0.767300
v 0.339279 1.112601 0.779300
v 0.337722 1.111044 0.772372
v 0.339279 1.104116 0.770815
v 0.330794 1.112601 0.770815
v 0.254794 1.071116 0.644100
v 0.254794 1.083116 0.656100
v 0.242794 1.083116 0.644100
v 0.254794 1.074630 0.652585
v 0.247866 1.076187 0.651028
v 0.246309 1.083116 0.652585
v 0.246309 1.074630 0.644100
v 0.254794 1.104116 0.656100
v 0.254794 1.116116 0.644100
v 0.242794 1.104116 0.644100
v 0.254794 1.112601 0.652585
v 0.247866 1.111044 0.651028
v 0.246309 1.112601 0.644100
v 0.246309 1.104116 0.652585
v 0.254794 1.071116 0.568100
v 0.242794 1.083116 0.568100
v 0.254794 1.083116 0.556100
v 0.246309 1.074630 0.568100
v 0.247866 1.076187 0.561172
v 0.246309 1.083116 0.559615
v 0.254794 1.074630 0.559615
v 0.254794 1.116116 0.568100
v 0.254794 1.104116 0.556100
v 0.242794 1.104116 0.568100
v 0.254794 1.112601 0.559615
v 0.247866 1.111044 0.561172
v 0.246309 1.104116 0.559615
v 0.246309 1.112601 0.568100
v 0.330794 1.071116 0.644100
v 0.342794 1.083116 0.644100
v 0.330794 1.083116 0.656100
v 0.339279 1.074630 0.644100
v 0.337722 1.076187 0.651028
v 0.339279 1.083116 0.652585
v 0.330794 1.074630 0.652585
v 0.330794 1.116116 0.644100
v 0.330794 1.104116 0.656100
v 0.342794 1.104116 0.644100
v 0.330794 1.112601 0.652585
v 0.337722 1.111044 0.651028
v 0.339279 1.104116 0.652585
v 0.339279 1.112601 0.644100
v 0.330794 1.071116 0.568100
v 0.330794 1.083116 0.556100
v 0.342794 1.083116 0.568100
v 0.330794 1.074630 0.559615
v 0.337722 1.076187 0.561172
v 0.339279 1.083116 0.559615
v 0.339279 1.074630 0.568100
v 0.330794 1.116116 0.568100
v 0.342794 1.104116 0.568100
v 0.330794 1.104116 0.556100
v 0.339279 1.112601 0.568100
v 0.337722 1.111044 0.561172
v 0.339279 1.104116 0.559615
v 0.330794 1.112601 0.559615
v 0.254794 1.071116 0.432900
v 0.254794 1.083116 0.444900
v 0.242794 1.083116 0.432900
v 0.254794 1.074630 0.441385
v 0.247866 1.076187 0.439828
v 0.246309 1.083116 0.441385
v 0.246309 1.074630 0.432900
v 0.254794 1.104116 0.444900
v 0.254794 1.116116 0.432900
v 0.242794 1.104116 0.432900
v 0.254794 1.112601 0.441385
v 0.247866 1.111044 0.439828
v 0.246309 1.112601 0.432900
v 0.246309 1.104116 0.441385
v 0.254794 1.071116 0.356900
v 0.242794 1.083116 0.356900
v 0.254794 1.083116 0.344900
v 0.246309 1.074630 0.356900
v 0.247866 1.076187 0.349972
v 0.246309 1.083116 0.348415
v 0.254794 1.074630 0.348415
v 0.254794 1.116116 0.356900
v 0.254794 1.104116 0.344900
v 0.242794 1.104116 0.356900
v 0.254794 1.112601 0.348415
v 0.247866 1.111044 0.349972
v 0.246309 1.104116 0.348415
v 0.246309 1.112601 0.356900
v 0.330794 1.071116 0.432900
v 0.342794 1.083116 0.432900
v 0.330794 1.083116 0.444900
v 0.339279 1.074630 0.432900
v 0.337722 1.076187 0.439828
v 0.339279 1.083116 0.441385
v 0.330794 1.074630 0.441385
v 0.330794 1.116116 0.432900
v 0.330794 1.104116 0.444900
v 0.342794 1.104116 0.432900
v 0.330794 1.112601 0.441385
v 0.337722 1.111044 0.439828
v 0.339279 1.104116 0.441385
v 0.339279 1.112601 0.432900
v 0.330794 1.071116 0.356900
v 0.330794 1.083116 0.344900
v 0.342794 1.083116 0.356900
v 0.330794 1.074630 0.348415
v 0.337722 1.076187 0.349972
v 0.339279 1.083116 0.348415
v 0.339279 1.074630 0.356900
v 0.330794 1.116116 0.356900
v 0.342794 1.104116 0.356900
v 0.330794 1.104116 0.344900
v 0.339279 1.112601 0.356900
v 0.337722 1.111044 0.349972
v 0.339279 1.104116 0.348415
v 0.330794 1.112601 0.348415
v 0.254794 1.071116 0.221700
v 0.254794 1.083116 0.233700
v 0.242794 1.083116 0.221700
v 0.254794 1.074630 0.230185
v 0.247866 1.076187 0.228628
v 0.246309 1.083116 0.230185
v 0.246309 1.074630 0.221700
v 0.254794 1.104116 0.233700
v 0.254794 1.116116 0.221700
v 0.242794 1.104116 0.221700
v 0.254794 1.112601 0.230185
v 0.247866 1.111044 0.228628
v 0.246309 1.112601 0.221700
v 0.246309 1.104116 0.230185
v 0.254794 1.071116 0.145700
v 0.242794 1.083116 0.145700
v 0.254794 1.083116 0.133700
v 0.246309 1.074630 0.145700
v 0.247866 1.076187 0.138772
v 0.246309 1.083116 0.137215
v 0.254794 1.074630 0.137215
v 0.254794 1.116116 0.145700
v 0.254794 1.104116 0.133700
v 0.242794 1.104116 0.145700
v 0.254794 1.112601 0.137215
v 0.247866 1.111044 0.138772
v 0.246309 1.104116 0.137215
v 0.246309 1.112601 0.145700
v 0.330794 1.071116 0.221700
v 0.342794 1.083116 0.221700
v 0.330794 1.083116 0.233700
v 0.339279 1.074630 0.221700
v 0.337722 1.076187 0.228628
v 0.339279 1.083116 0.230185
v 0.330794 1.074630 0.230185
v 0.330794 1.116116 0.221700
v 0.330794 1.104116 0.233700
v 0.342794 1.104116 0.221700
v 0.330794 1.112601 0.230185
v 0.337722 1.111044 0.228628
v 0.339279 1.104116 0.230185
v 0.339279 1.112601 0.221700
v 0.330794 1.071116 0.145700
v 0.330794 1.083116 0.133700
v 0.342794 1.083116 0.145700
v 0.330794 1.074630 0.137215
v 0.337722 1.076187 0.138772
v 0.339279 1.083116 0.137215
v 0.339279 1.074630 0.145700
v 0.330794 1.116116 0.145700
v 0.342794 1.104116 0.145700
v 0.330794 1.104116 0.133700
v 0.339279 1.112601 0.145700
v 0.337722 1.111044 0.138772
v 0.339279 1.104116 0.137215
v 0.330794 1.112601 0.137215
v -0.357006 0.066616 1.476500
v -0.357006 0.096616 1.506500
v -0.387006 0.096616 1.476500
v -0.357006 0.070624 1.491480
v -0.371986 0.070624 1.476500
v -0.371352 0.074517 1.490846
v -0.371986 0.096616 1.502492
v -0.357006 0.081635 1.502492
v -0.371352 0.082269 1.498599
v -0.382998 0.081635 1.476500
v -0.382998 0.096616 1.491480
v -0.379105 0.082269 1.490846
v -0.357006 0.256616 1.506500
v -0.357006 0.286616 1.476500
v -0.387006 0.256616 1.476500
v -0.357006 0.271596 1.502492
v -0.371986 0.256616 1.502492
v -0.371352 0.270962 1.498599
v -0.371986 0.282608 1.476500
v -0.357006 0.282608 1.491480
v -0.371352 0.278715 1.490846
v -0.382998 0.256616 1.491480
v -0.382998 0.271596 1.476500
v -0.379105 0.270962 1.490846
v -0.357006 0.066616 -0.575500
v -0.387006 0.096616 -0.575500
v -0.357006 0.096616 -0.605500
v -0.371986 0.070624 -0.575500
v -0.357006 0.070624 -0.590480
v -0.371352 0.074517 -0.589846
v -0.382998 0.096616 -0.590480
v -0.382998 0.081635 -0.575500
v -0.379105 0.082269 -0.589846
v -0.357006 0.081635 -0.601492
v -0.371986 0.096616 -0.601492
v -0.371352 0.082269 -0.597599
v -0.357006 0.286616 -0.575500
v -0.357006 0.256616 -0.605500
v -0.387006 0.256616 -0.575500
v -0.357006 0.282608 -0.590480
v -0.371986 0.282608 -0.575500
v -0.371352 0.278715 -0.589846
v -0.371986 0.256616 -0.601492
v -0.357006 0.271596 -0.601492
v -0.371352 0.270962 -0.597599
v -0.382998 0.271596 -0.575500
v -0.382998 0.256616 -0.590480
v -0.379105 0.270962 -0.589846
v 0.308994 0.066616 1.476500
v 0.338994 0.096616 1.476500
v 0.308994 0.096616 1.506500
v 0.323974 0.070624 1.476500
v 0.308994 0.070624 1.491480
v 0.323341 0.074517 1.490846
v 0.334986 0.096616 1.491480
v 0.334986 0.081635 1.476500
v 0.331093 0.082269 1.490846
v 0.308994 0.081635 1.502492
v 0.323974 0.096616 1.502492
v 0.323341 0.082269 1.498599
v 0.308994 0.286616 1.476500
v 0.308994 0.256616 1.506500
v 0.338994 0.256616 1.476500
v 0.308994 0.282608 1.491480
v 0.323974 0.282608 1.476500
v 0.323341 0.278715 1.490846
v 0.323974 0.256616 1.502492
v 0.308994 0.271596 1.502492
v 0.323341 0.270962 1.498599
v 0.334986 0.271596 1.476500
v 0.334986 0.256616 1.491480
v 0.331093 0.270962 1.490846
v 0.308994 0.066616 -0.575500
v 0.308994 0.096616 -0.605500
v 0.338994 0.096616 -0.575500
v 0.308994 0.070624 -0.590480
v 0.323974 0.070624 -0.575500
v 0.323341 0.074517 -0.589846
v 0.323974 0.096616 -0.601492
v 0.308994 0.081635 -0.601492
v 0.323341 0.082269 -0.597599
v 0.334986 0.081635 -0.575500
v 0.334986 0.096616 -0.590480
v 0.331093 0.082269 -0.589846
v 0.308994 0.286616 -0.575500
v 0.338994 0.256616 -0.575500
v 0.308994 0.256616 -0.605500
v 0.323974 0.282608 -0.575500
v 0.308994 0.282608 -0.590480
v 0.323341 0.278715 -0.589846
v 0.334986 0.256616 -0.590480
v 0.334986 0.271596 -0.575500
v 0.331093 0.270962 -0.589846
v 0.308994 0.271596 -0.601492
v 0.323974 0.256616 -0.601492
v 0.323341 0.270962 -0.597599
v -0.459206 0.299816 -0.496500
v -0.459206 0.339816 -0.456500
v -0.499206 0.339816 -0.496500
v -0.459206 0.302861 -0.481193
v -0.459206 0.311531 -0.468216
v -0.474513 0.302861 -0.496500
v -0.474897 0.306535 -0.480809
v -0.474101 0.313566 -0.470250
v -0.482300 0.316722 -0.473406
v -0.474513 0.339816 -0.459545
v -0.487490 0.339816 -0.468216
v -0.459206 0.324508 -0.459545
v -0.474897 0.324125 -0.463219
v -0.485456 0.324921 -0.470250
v -0.496161 0.324508 -0.496500
v -0.487490 0.311531 -0.496500
v -0.496161 0.339816 -0.481193
v -0.492486 0.324125 -0.480809
v -0.485456 0.313566 -0.481605
v -0.459206 1.025416 -0.456500
v -0.459206 1.065416 -0.496500
v -0.499206 1.025416 -0.496500
v -0.459206 1.040723 -0.459545
v -0.459206 1.053700 -0.468216
v -0.474513 1.025416 -0.459545
v -0.474897 1.041107 -0.463219
v -0.474101 1.051666 -0.470250
v -0.482300 1.048510 -0.473406
v -0.474513 1.062371 -0.496500
v -0.487490 1.053700 -0.496500
v -0.459206 1.062371 -0.481193
v -0.474897 1.058696 -0.480809
v -0.485456 1.051666 -0.481605
v -0.496161 1.025416 -0.481193
v -0.487490 1.025416 -0.468216
v -0.496161 1.040723 -0.496500
v -0.492486 1.041107 -0.480809
v -0.485456 1.040311 -0.470250
v -0.459206 0.299816 -1.274500
v -0.499206 0.339816 -1.274500
v -0.459206 0.339816 -1.314500
v -0.474513 0.302861 -1.274500
v -0.487490 0.311531 -1.274500
v -0.459206 0.302861 -1.289807
v -0.474897 0.306535 -1.290191
v -0.485456 0.313566 -1.289395
v -0.482300 0.316722 -1.297594
v -0.496161 0.339816 -1.289807
v -0.487490 0.339816 -1.302784
v -0.496161 0.324508 -1.274500
v -0.492486 0.324125 -1.290191
v -0.485456 0.324921 -1.300750
v -0.459206 0.324508 -1.311455
v -0.459206 0.311531 -1.302784
v -0.474513 0.339816 -1.311455
v -0.474897 0.324125 -1.307781
v -0.474101 0.313566 -1.300750
v -0.459206 1.065416 -1.274500
v -0.459206 1.025416 -1.314500
v -0.499206 1.025416 -1.274500
v -0.459206 1.062371 -1.289807
v -0.459206 1.053700 -1.302784
v -0.474513 1.062371 -1.274500
v -0.474897 1.058696 -1.290191
v -0.474101 1.051666 -1.300750
v -0.482300 1.048510 -1.297594
v -0.474513 1.025416 -1.311455
v -0.487490 1.025416 -1.302784
v -0.459206 1.040723 -1.311455
v -0.474897 1.041107 -1.307781
v -0.485456 1.040311 -1.300750
v -0.496161 1.040723 -1.274500
v -0.487490 1.053700 -1.274500
v -0.496161 1.025416 -1.289807
v -0.492486 1.041107 -1.290191
v -0.485456 1.051666 -1.289395
v 0.411194 0.299816 -0.496500
v 0.451194 0.339816 -0.496500
v 0.411194 0.339816 -0.456500
v 0.426502 0.302861 -0.496500
v 0.439478 0.311531 -0.496500
v 0.411194 0.302861 -0.481193
v 0.426885 0.306535 -0.480809
v 0.437444 0.313566 -0.481605
v 0.434288 0.316722 -0.473406
v 0.448149 0.339816 -0.481193
v 0.439478 0.339816 -0.468216
v 0.448149 0.324508 -0.496500
v 0.444475 0.324125 -0.480809
v 0.437444 0.324921 -0.470250
v 0.411194 0.324508 -0.459545
v 0.411194 0.311531 -0.468216
v 0.426502 0.339816 -0.459545
v 0.426885 0.324125 -0.463220
v 0.426089 0.313566 -0.470250
v 0.411194 1.065416 -0.496500
v 0.411194 1.025416 -0.456500
v 0.451194 1.025416 -0.496500
v 0.411194 1.062371 -0.481193
v 0.411194 1.053700 -0.468216
v 0.426502 1.062371 -0.496500
v 0.426885 1.058696 -0.480809
v 0.426089 1.051666 -0.470250
v 0.434288 1.048510 -0.473406
v 0.426502 1.025416 -0.459545
v 0.439478 1.025416 -0.468216
v 0.411194 1.040723 -0.459545
v 0.426885 1.041107 -0.463219
v 0.437444 1.040311 -0.470250
v 0.448149 1.040723 -0.496500
v 0.439478 1.053700 -0.496500
v 0.448149 1.025416 -0.481193
v 0.444475 1.041107 -0.480809
v 0.437444 1.051666 -0.481605
v 0.411194 0.299816 -1.274500
v 0.411194 0.339816 -1.314500
v 0.451194 0.339816 -1.274500
v 0.411194 0.302861 -1.289807
v 0.411194 0.311531 -1.302784
v 0.426502 0.302861 -1.274500
v 0.426885 0.306535 -1.290191
v 0.426089 0.313566 -1.300750
v 0.434288 0.316722 -1.297594
v 0.426502 0.339816 -1.311455
v 0.439478 0.339816 -1.302784
v 0.411194 0.324508 -1.311455
v 0.426885 0.324125 -1.307781
v 0.437444 0.324921 -1.300750
v 0.448149 0.324508 -1.274500
v 0.439478 0.311531 -1.274500
v 0.448149 0.339816 -1.289807
v 0.444475 0.324125 -1.290191
v 0.437444 0.313566 -1.289395
v 0.411194 1.065416 -1.274500
v 0.451194 1.025416 -1.274500
v 0.411194 1.025416 -1.314500
v 0.426502 1.062371 -1.274500
v 0.439478 1.053700 -1.274500
v 0.411194 1.062371 -1.289807
v 0.426885 1.058696 -1.290191
v 0.437444 1.051666 -1.289395
v 0.434288 1.048510 -1.297594
v 0.448149 1.025416 -1.289807
v 0.439478 1.025416 -1.302784
v 0.448149 1.040723 -1.274500
v 0.444475 1.041107 -1.290191
v 0.437444 1.040311 -1.300750
v 0.411194 1.040723 -1.311455
v 0.411194 1.053700 -1.302784
v 0.426502 1.025416 -1.311455
v 0.426885 1.041107 -1.307781
v 0.426089 1.051666 -1.300750
v -0.444246 0.759176 -1.337500
v -0.444246 0.777176 -1.319500
v -0.462246 0.777176 -1.337500
v -0.444246 0.764448 -1.324772
v -0.454638 0.766783 -1.327108
v -0.456974 0.777176 -1.324772
v -0.456974 0.764448 -1.337500
v -0.444246 0.984056 -1.319500
v -0.444246 1.002056 -1.337500
v -0.462246 0.984056 -1.337500
v -0.444246 0.996784 -1.324772
v -0.454638 0.994448 -1.327108
v -0.456974 0.996784 -1.337500
v -0.456974 0.984056 -1.324772
v -0.444246 0.759176 -1.337500
v -0.462246 0.777176 -1.337500
v -0.444246 0.777176 -1.355500
v -0.456974 0.764448 -1.337500
v -0.454638 0.766783 -1.347892
v -0.456974 0.777176 -1.350228
v -0.444246 0.764448 -1.350228
v -0.444246 1.002056 -1.337500
v -0.444246 0.984056 -1.355500
v -0.462246 0.984056 -1.337500
v -0.444246 0.996784 -1.350228
v -0.454638 0.994448 -1.347893
v -0.456974 0.984056 -1.350228
v -0.456974 0.996784 -1.337500
v -0.237366 0.759176 -1.337500
v -0.219366 0.777176 -1.337500
v -0.237366 0.777176 -1.319500
v -0.224638 0.764448 -1.337500
v -0.226974 0.766783 -1.327108
v -0.224638 0.777176 -1.324772
v -0.237366 0.764448 -1.324772
v -0.237366 1.002056 -1.337500
v -0.237366 0.984056 -1.319500
v -0.219366 0.984056 -1.337500
v -0.237366 0.996784 -1.324772
v -0.226974 0.994448 -1.327108
v -0.224638 0.984056 -1.324772
v -0.224638 0.996784 -1.337500
v -0.237366 0.759176 -1.337500
v -0.237366 0.777176 -1.355500
v -0.219366 0.777176 -1.337500
v -0.237366 0.764448 -1.350228
v -0.226974 0.766783 -1.347893
v -0.224638 0.777176 -1.350228
v -0.224638 0.764448 -1.337500
v -0.237366 1.002056 -1.337500
v -0.219366 0.984056 -1.337500
v -0.237366 0.984056 -1.355500
v -0.224638 0.996784 -1.337500
v -0.226974 0.994448 -1.347892
v -0.224638 0.984056 -1.350228
v -0.237366 0.996784 -1.350228
v -0.431406 0.775016 -1.332500
v -0.431406 0.790016 -1.317500
v -0.446406 0.790016 -1.332500
v -0.431406 0.779409 -1.321893
v -0.440066 0.781355 -1.323840
v -0.442012 0.790016 -1.321893
v -0.442012 0.779409 -1.332500
v -0.431406 0.971216 -1.317500
v -0.431406 0.986216 -1.332500
v -0.446406 0.971216 -1.332500
v -0.431406 0.981822 -1.321893
v -0.440066 0.979876 -1.323840
v -0.442012 0.981822 -1.332500
v -0.442012 0.971216 -1.321893
v -0.431406 0.775016 -1.362500
v -0.446406 0.790016 -1.362500
v -0.431406 0.790016 -1.377500
v -0.442012 0.779409 -1.362500
v -0.440066 0.781355 -1.371160
v -0.442012 0.790016 -1.373107
v -0.431406 0.779409 -1.373107
v -0.431406 0.986216 -1.362500
v -0.431406 0.971216 -1.377500
v -0.446406 0.971216 -1.362500
v -0.431406 0.981822 -1.373107
v -0.440066 0.979876 -1.371160
v -0.442012 0.971216 -1.373107
v -0.442012 0.981822 -1.362500
v -0.250206 0.775016 -1.332500
v -0.235206 0.790016 -1.332500
v -0.250206 0.790016 -1.317500
v -0.239599 0.779409 -1.332500
v -0.241546 0.781355 -1.323840
v -0.239599 0.790016 -1.321893
v -0.250206 0.779409 -1.321893
v -0.250206 0.986216 -1.332500
v -0.250206 0.971216 -1.317500
v -0.235206 0.971216 -1.332500
v -0.250206 0.981822 -1.321893
v -0.241546 0.979876 -1.323840
v -0.239599 0.971216 -1.321893
v -0.239599 0.981822 -1.332500
v -0.250206 0.775016 -1.362500
v -0.250206 0.790016 -1.377500
v -0.235206 0.790016 -1.362500
v -0.250206 0.779409 -1.373107
v -0.241546 0.781355 -1.371160
v -0.239599 0.790016 -1.373107
v -0.239599 0.779409 -1.362500
v -0.250206 0.986216 -1.362500
v -0.235206 0.971216 -1.362500
v -0.250206 0.971216 -1.377500
v -0.239599 0.981822 -1.362500
v -0.241546 0.979876 -1.371160
v -0.239599 0.971216 -1.373107
v -0.250206 0.981822 -1.373107
v -0.419398 0.899624 -1.335500
v -0.419398 0.907624 -1.327500
v -0.427398 0.907624 -1.335500
v -0.419398 0.901967 -1.329843
v -0.424017 0.903005 -1.330881
v -0.425055 0.907624 -1.329843
v -0.425055 0.901967 -1.335500
v -0.419398 0.959208 -1.327500
v -0.419398 0.967208 -1.335500
v -0.427398 0.959208 -1.335500
v -0.419398 0.964865 -1.329843
v -0.424017 0.963827 -1.330881
v -0.425055 0.964865 -1.335500
v -0.425055 0.959208 -1.329843
v -0.419398 0.899624 -1.389500
v -0.427398 0.907624 -1.389500
v -0.419398 0.907624 -1.397500
v -0.425055 0.901967 -1.389500
v -0.424017 0.903005 -1.394119
v -0.425055 0.907624 -1.395157
v -0.419398 0.901967 -1.395157
v -0.419398 0.967208 -1.389500
v -0.419398 0.959208 -1.397500
v -0.427398 0.959208 -1.389500
v -0.419398 0.964865 -1.395157
v -0.424017 0.963827 -1.394119
v -0.425055 0.959208 -1.395157
v -0.425055 0.964865 -1.389500
v -0.367814 0.899624 -1.335500
v -0.359814 0.907624 -1.335500
v -0.367814 0.907624 -1.327500
v -0.362157 0.901967 -1.335500
v -0.363195 0.903005 -1.330881
v -0.362157 0.907624 -1.329843
v -0.367814 0.901967 -1.329843
v -0.367814 0.967208 -1.335500
v -0.367814 0.959208 -1.327500
v -0.359814 0.959208 -1.335500
v -0.367814 0.964865 -1.329843
v -0.363195 0.963827 -1.330881
v -0.362157 0.959208 -1.329843
v -0.362157 0.964865 -1.335500
v -0.367814 0.899624 -1.389500
v -0.367814 0.907624 -1.397500
v -0.359814 0.907624 -1.389500
v -0.367814 0.901967 -1.395157
v -0.363195 0.903005 -1.394119
v -0.362157 0.907624 -1.395157
v -0.362157 0.901967 -1.389500
v -0.367814 0.967208 -1.389500
v -0.359814 0.959208 -1.389500
v -0.367814 0.959208 -1.397500
v -0.362157 0.964865 -1.389500
v -0.363195 0.963827 -1.394119
v -0.362157 0.959208 -1.395157
v -0.367814 0.964865 -1.395157
v -0.308350 0.819368 -1.334500
v -0.308350 0.824368 -1.329500
v -0.313350 0.824368 -1.334500
v -0.308350 0.843936 -1.329500
v -0.308350 0.848936 -1.334500
v -0.313350 0.843936 -1.334500
v -0.308350 0.819368 -1.396500
v -0.313350 0.824368 -1.396500
v -0.308350 0.824368 -1.401500
v -0.308350 0.848936 -1.396500
v -0.308350 0.843936 -1.401500
v -0.313350 0.843936 -1.396500
v -0.288782 0.819368 -1.334500
v -0.283782 0.824368 -1.334500
v -0.288782 0.824368 -1.329500
v -0.288782 0.848936 -1.334500
v -0.288782 0.843936 -1.329500
v -0.283782 0.843936 -1.334500
v -0.288782 0.819368 -1.396500
v -0.288782 0.824368 -1.401500
v -0.283782 0.824368 -1.396500
v -0.288782 0.848936 -1.396500
v -0.283782 0.843936 -1.396500
v -0.288782 0.843936 -1.401500
v 0.189354 0.759176 -1.337500
v 0.189354 0.777176 -1.319500
v 0.171354 0.777176 -1.337500
v 0.189354 0.764448 -1.324772
v 0.178962 0.766783 -1.327108
v 0.176626 0.777176 -1.324772
v 0.176626 0.764448 -1.337500
v 0.189354 0.984056 -1.319500
v 0.189354 1.002056 -1.337500
v 0.171354 0.984056 -1.337500
v 0.189354 0.996784 -1.324772
v 0.178962 0.994448 -1.327108
v 0.176626 0.996784 -1.337500
v 0.176626 0.984056 -1.324772
v 0.189354 0.759176 -1.337500
v 0.171354 0.777176 -1.337500
v 0.189354 0.777176 -1.355500
v 0.176626 0.764448 -1.337500
v 0.178962 0.766783 -1.347892
v 0.176626 0.777176 -1.350228
v 0.189354 0.764448 -1.350228
v 0.189354 1.002056 -1.337500
v 0.189354 0.984056 -1.355500
v 0.171354 0.984056 -1.337500
v 0.189354 0.996784 -1.350228
v 0.178962 0.994448 -1.347893
v 0.176626 0.984056 -1.350228
v 0.176626 0.996784 -1.337500
v 0.396234 0.759176 -1.337500
v 0.414234 0.777176 -1.337500
v 0.396234 0.777176 -1.319500
v 0.408962 0.764448 -1.337500
v 0.406626 0.766783 -1.327108
v 0.408962 0.777176 -1.324772
v 0.396234 0.764448 -1.324772
v 0.396234 1.002056 -1.337500
v 0.396234 0.984056 -1.319500
v 0.414234 0.984056 -1.337500
v 0.396234 0.996784 -1.324772
v 0.406626 0.994448 -1.327108
v 0.408962 0.984056 -1.324772
v 0.408962 0.996784 -1.337500
v 0.396234 0.759176 -1.337500
v 0.396234 0.777176 -1.355500
v 0.414234 0.777176 -1.337500
v 0.396234 0.764448 -1.350228
v 0.406626 0.766783 -1.347893
v 0.408962 0.777176 -1.350228
v 0.408962 0.764448 -1.337500
v 0.396234 1.002056 -1.337500
v 0.414234 0.984056 -1.337500
v 0.396234 0.984056 -1.355500
v 0.408962 0.996784 -1.337500
v 0.406626 0.994448 -1.347892
v 0.408962 0.984056 -1.350228
v 0.396234 0.996784 -1.350228
v 0.202194 0.775016 -1.332500
v 0.202194 0.790016 -1.317500
v 0.187194 0.790016 -1.332500
v 0.202194 0.779409 -1.321893
v 0.193534 0.781355 -1.323840
v 0.191588 0.790016 -1.321893
v 0.191588 0.779409 -1.332500
v 0.202194 0.971216 -1.317500
v 0.202194 0.986216 -1.332500
v 0.187194 0.971216 -1.332500
v 0.202194 0.981822 -1.321893
v 0.193534 0.979876 -1.323840
v 0.191588 0.981822 -1.332500
v 0.191588 0.971216 -1.321893
v 0.202194 0.775016 -1.362500
v 0.187194 0.790016 -1.362500
v 0.202194 0.790016 -1.377500
v 0.191588 0.779409 -1.362500
v 0.193534 0.781355 -1.371160
v 0.191588 0.790016 -1.373107
v 0.202194 0.779409 -1.373107
v 0.202194 0.986216 -1.362500
v 0.202194 0.971216 -1.377500
v 0.187194 0.971216 -1.362500
v 0.202194 0.981822 -1.373107
v 0.193534 0.979876 -1.371160
v 0.191588 0.971216 -1.373107
v 0.191588 0.981822 -1.362500
v 0.383394 0.775016 -1.332500
v 0.398394 0.790016 -1.332500
v 0.383394 0.790016 -1.317500
v 0.394001 0.779409 -1.332500
v 0.392054 0.781355 -1.323840
v 0.394001 0.790016 -1.321893
v 0.383394 0.779409 -1.321893
v 0.383394 0.986216 -1.332500
v 0.383394 0.971216 -1.317500
v 0.398394 0.971216 -1.332500
v 0.383394 0.981822 -1.321893
v 0.392054 0.979876 -1.323840
v 0.394001 0.971216 -1.321893
v 0.394001 0.981822 -1.332500
v 0.383394 0.775016 -1.362500
v 0.383394 0.790016 -1.377500
v 0.398394 0.790016 -1.362500
v 0.383394 0.779409 -1.373107
v 0.392054 0.781355 -1.371160
v 0.394001 0.790016 -1.373107
v 0.394001 0.779409 -1.362500
v 0.383394 0.986216 -1.362500
v 0.398394 0.971216 -1.362500
v 0.383394 0.971216 -1.377500
v 0.394001 0.981822 -1.362500
v 0.392054 0.979876 -1.371160
v 0.394001 0.971216 -1.373107
v 0.383394 0.981822 -1.373107
v 0.214202 0.899624 -1.335500
v 0.214202 0.907624 -1.327500
v 0.206202 0.907624 -1.335500
v 0.214202 0.901967 -1.329843
v 0.209583 0.903005 -1.330881
v 0.208545 0.907624 -1.329843
v 0.208545 0.901967 -1.335500
v 0.214202 0.959208 -1.327500
v 0.214202 0.967208 -1.335500
v 0.206202 0.959208 -1.335500
v 0.214202 0.964865 -1.329843
v 0.209583 0.963827 -1.330881
v 0.208545 0.964865 -1.335500
v 0.208545 0.959208 -1.329843
v 0.214202 0.899624 -1.389500
v 0.206202 0.907624 -1.389500
v 0.214202 0.907624 -1.397500
v 0.208545 0.901967 -1.389500
v 0.209583 0.903005 -1.394119
v 0.208545 0.907624 -1.395157
v 0.214202 0.901967 -1.395157
v 0.214202 0.967208 -1.389500
v 0.214202 0.959208 -1.397500
v 0.206202 0.959208 -1.389500
v 0.214202 0.964865 -1.395157
v 0.209583 0.963827 -1.394119
v 0.208545 0.959208 -1.395157
v 0.208545 0.964865 -1.389500
v 0.265786 0.899624 -1.335500
v 0.273786 0.907624 -1.335500
v 0.265786 0.907624 -1.327500
v 0.271443 0.901967 -1.335500
v 0.270405 0.903005 -1.330881
v 0.271443 0.907624 -1.329843
v 0.265786 0.901967 -1.329843
v 0.265786 0.967208 -1.335500
v 0.265786 0.959208 -1.327500
v 0.273786 0.959208 -1.335500
v 0.265786 0.964865 -1.329843
v 0.270405 0.963827 -1.330881
v 0.271443 0.959208 -1.329843
v 0.271443 0.964865 -1.335500
v 0.265786 0.899624 -1.389500
v 0.265786 0.907624 -1.397500
v 0.273786 0.907624 -1.389500
v 0.265786 0.901967 -1.395157
v 0.270405 0.903005 -1.394119
v 0.271443 0.907624 -1.395157
v 0.271443 0.901967 -1.389500
v 0.265786 0.967208 -1.389500
v 0.273786 0.959208 -1.389500
v 0.265786 0.959208 -1.397500
v 0.271443 0.964865 -1.389500
v 0.270405 0.963827 -1.394119
v 0.271443 0.959208 -1.395157
v 0.265786 0.964865 -1.395157
v 0.325250 0.819368 -1.334500
v 0.325250 0.824368 -1.329500
v 0.320250 0.824368 -1.334500
v 0.325250 0.843936 -1.329500
v 0.325250 0.848936 -1.334500
v 0.320250 0.843936 -1.334500
v 0.325250 0.819368 -1.396500
v 0.320250 0.824368 -1.396500
v 0.325250 0.824368 -1.401500
v 0.325250 0.848936 -1.396500
v 0.325250 0.843936 -1.401500
v 0.320250 0.843936 -1.396500
v 0.344818 0.819368 -1.334500
v 0.349818 0.824368 -1.334500
v 0.344818 0.824368 -1.329500
v 0.344818 0.848936 -1.334500
v 0.344818 0.843936 -1.329500
v 0.349818 0.843936 -1.334500
v 0.344818 0.819368 -1.396500
v 0.344818 0.824368 -1.401500
v 0.349818 0.824368 -1.396500
v 0.344818 0.848936 -1.396500
v 0.349818 0.843936 -1.396500
v 0.344818 0.843936 -1.401500
v -0.301006 0.338616 -1.297500
v -0.301006 0.358616 -1.277500
v -0.321006 0.358616 -1.297500
v -0.301006 0.344474 -1.283358
v -0.312553 0.347069 -1.285953
v -0.315148 0.358616 -1.283358
v -0.315148 0.344474 -1.297500
v -0.301006 0.478616 -1.277500
v -0.301006 0.498616 -1.297500
v -0.321006 0.478616 -1.297500
v -0.301006 0.492758 -1.283358
v -0.312553 0.490163 -1.285953
v -0.315148 0.492758 -1.297500
v -0.315148 0.478616 -1.283358
v -0.301006 0.338616 -1.397500
v -0.321006 0.358616 -1.397500
v -0.301006 0.358616 -1.417500
v -0.315148 0.344474 -1.397500
v -0.312553 0.347069 -1.409047
v -0.315148 0.358616 -1.411642
v -0.301006 0.344474 -1.411642
v -0.301006 0.498616 -1.397500
v -0.301006 0.478616 -1.417500
v -0.321006 0.478616 -1.397500
v -0.301006 0.492758 -1.411642
v -0.312553 0.490163 -1.409047
v -0.315148 0.478616 -1.411642
v -0.315148 0.492758 -1.397500
v 0.252994 0.338616 -1.297500
v 0.272994 0.358616 -1.297500
v 0.252994 0.358616 -1.277500
v 0.267136 0.344474 -1.297500
v 0.264541 0.347069 -1.285953
v 0.267136 0.358616 -1.283358
v 0.252994 0.344474 -1.283358
v 0.252994 0.498616 -1.297500
v 0.252994 0.478616 -1.277500
v 0.272994 0.478616 -1.297500
v 0.252994 0.492758 -1.283358
v 0.264541 0.490163 -1.285953
v 0.267136 0.478616 -1.283358
v 0.267136 0.492758 -1.297500
v 0.252994 0.338616 -1.397500
v 0.252994 0.358616 -1.417500
v 0.272994 0.358616 -1.397500
v 0.252994 0.344474 -1.411642
v 0.264541 0.347069 -1.409047
v 0.267136 0.358616 -1.411642
v 0.267136 0.344474 -1.397500
v 0.252994 0.498616 -1.397500
v 0.272994 0.478616 -1.397500
v 0.252994 0.478616 -1.417500
v 0.267136 0.492758 -1.397500
v 0.264541 0.490163 -1.409047
v 0.267136 0.478616 -1.411642
v 0.252994 0.492758 -1.411642
v -0.256906 0.428616 -1.372500
v -0.256906 0.438616 -1.362500
v -0.266906 0.438616 -1.372500
v -0.256906 0.431545 -1.365429
v -0.262679 0.432842 -1.366727
v -0.263977 0.438616 -1.365429
v -0.263977 0.431545 -1.372500
v -0.256906 0.518616 -1.362500
v -0.256906 0.528616 -1.372500
v -0.266906 0.518616 -1.372500
v -0.256906 0.525687 -1.365429
v -0.262679 0.524389 -1.366727
v -0.263977 0.525687 -1.372500
v -0.263977 0.518616 -1.365429
v -0.256906 0.428616 -1.402500
v -0.266906 0.438616 -1.402500
v -0.256906 0.438616 -1.412500
v -0.263977 0.431545 -1.402500
v -0.262679 0.432842 -1.408273
v -0.263977 0.438616 -1.409571
v -0.256906 0.431545 -1.409571
v -0.256906 0.528616 -1.402500
v -0.256906 0.518616 -1.412500
v -0.266906 0.518616 -1.402500
v -0.256906 0.525687 -1.409571
v -0.262679 0.524389 -1.408273
v -0.263977 0.518616 -1.409571
v -0.263977 0.525687 -1.402500
v -0.206906 0.428616 -1.372500
v -0.196906 0.438616 -1.372500
v -0.206906 0.438616 -1.362500
v -0.199835 0.431545 -1.372500
v -0.201132 0.432842 -1.366727
v -0.199835 0.438616 -1.365429
v -0.206906 0.431545 -1.365429
v -0.206906 0.528616 -1.372500
v -0.206906 0.518616 -1.362500
v -0.196906 0.518616 -1.372500
v -0.206906 0.525687 -1.365429
v -0.201132 0.524389 -1.366727
v -0.199835 0.518616 -1.365429
v -0.199835 0.525687 -1.372500
v -0.206906 0.428616 -1.402500
v -0.206906 0.438616 -1.412500
v -0.196906 0.438616 -1.402500
v -0.206906 0.431545 -1.409571
v -0.201132 0.432842 -1.408273
v -0.199835 0.438616 -1.409571
v -0.199835 0.431545 -1.402500
v -0.206906 0.528616 -1.402500
v -0.196906 0.518616 -1.402500
v -0.206906 0.518616 -1.412500
v -0.199835 0.525687 -1.402500
v -0.201132 0.524389 -1.408273
v -0.199835 0.518616 -1.409571
v -0.206906 0.525687 -1.409571
v -0.173746 0.428616 -1.372500
v -0.173746 0.438616 -1.362500
v -0.183746 0.438616 -1.372500
v -0.173746 0.431545 -1.365429
v -0.179519 0.432842 -1.366727
v -0.180817 0.438616 -1.365429
v -0.180817 0.431545 -1.372500
v -0.173746 0.518616 -1.362500
v -0.173746 0.528616 -1.372500
v -0.183746 0.518616 -1.372500
v -0.173746 0.525687 -1.365429
v -0.179519 0.524389 -1.366727
v -0.180817 0.525687 -1.372500
v -0.180817 0.518616 -1.365429
v -0.173746 0.428616 -1.402500
v -0.183746 0.438616 -1.402500
v -0.173746 0.438616 -1.412500
v -0.180817 0.431545 -1.402500
v -0.179519 0.432842 -1.408273
v -0.180817 0.438616 -1.409571
v -0.173746 0.431545 -1.409571
v -0.173746 0.528616 -1.402500
v -0.173746 0.518616 -1.412500
v -0.183746 0.518616 -1.402500
v -0.173746 0.525687 -1.409571
v -0.179519 0.524389 -1.408273
v -0.180817 0.518616 -1.409571
v -0.180817 0.525687 -1.402500
v -0.123746 0.428616 -1.372500
v -0.113746 0.438616 -1.372500
v -0.123746 0.438616 -1.362500
v -0.116675 0.431545 -1.372500
v -0.117972 0.432842 -1.366727
v -0.116675 0.438616 -1.365429
v -0.123746 0.431545 -1.365429
v -0.123746 0.528616 -1.372500
v -0.123746 0.518616 -1.362500
v -0.113746 0.518616 -1.372500
v -0.123746 0.525687 -1.365429
v -0.117972 0.524389 -1.366727
v -0.116675 0.518616 -1.365429
v -0.116675 0.525687 -1.372500
v -0.123746 0.428616 -1.402500
v -0.123746 0.438616 -1.412500
v -0.113746 0.438616 -1.402500
v -0.123746 0.431545 -1.409571
v -0.117972 0.432842 -1.408273
v -0.116675 0.438616 -1.409571
v -0.116675 0.431545 -1.402500
v -0.123746 0.528616 -1.402500
v -0.113746 0.518616 -1.402500
v -0.123746 0.518616 -1.412500
v -0.116675 0.525687 -1.402500
v -0.117972 0.524389 -1.408273
v -0.116675 0.518616 -1.409571
v -0.123746 0.525687 -1.409571
v -0.090586 0.428616 -1.372500
v -0.090586 0.438616 -1.362500
v -0.100586 0.438616 -1.372500
v -0.090586 0.431545 -1.365429
v -0.096359 0.432842 -1.366727
v -0.097657 0.438616 -1.365429
v -0.097657 0.431545 -1.372500
v -0.090586 0.518616 -1.362500
v -0.090586 0.528616 -1.372500
v -0.100586 0.518616 -1.372500
v -0.090586 0.525687 -1.365429
v -0.096359 0.524389 -1.366727
v -0.097657 0.525687 -1.372500
v -0.097657 0.518616 -1.365429
v -0.090586 0.428616 -1.402500
v -0.100586 0.438616 -1.402500
v -0.090586 0.438616 -1.412500
v -0.097657 0.431545 -1.402500
v -0.096359 0.432842 -1.408273
v -0.097657 0.438616 -1.409571
v -0.090586 0.431545 -1.409571
v -0.090586 0.528616 -1.402500
v -0.090586 0.518616 -1.412500
v -0.100586 0.518616 -1.402500
v -0.090586 0.525687 -1.409571
v -0.096359 0.524389 -1.408273
v -0.097657 0.518616 -1.409571
v -0.097657 0.525687 -1.402500
v -0.040586 0.428616 -1.372500
v -0.030586 0.438616 -1.372500
v -0.040586 0.438616 -1.362500
v -0.033515 0.431545 -1.372500
v -0.034812 0.432842 -1.366727
v -0.033515 0.438616 -1.365429
v -0.040586 0.431545 -1.365429
v -0.040586 0.528616 -1.372500
v -0.040586 0.518616 -1.362500
v -0.030586 0.518616 -1.372500
v -0.040586 0.525687 -1.365429
v -0.034812 0.524389 -1.366727
v -0.033515 0.518616 -1.365429
v -0.033515 0.525687 -1.372500
v -0.040586 0.428616 -1.402500
v -0.040586 0.438616 -1.412500
v -0.030586 0.438616 -1.402500
v -0.040586 0.431545 -1.409571
v -0.034812 0.432842 -1.408273
v -0.033515 0.438616 -1.409571
v -0.033515 0.431545 -1.402500
v -0.040586 0.528616 -1.402500
v -0.030586 0.518616 -1.402500
v -0.040586 0.518616 -1.412500
v -0.033515 0.525687 -1.402500
v -0.034812 0.524389 -1.408273
v -0.033515 0.518616 -1.409571
v -0.040586 0.525687 -1.409571
v -0.007426 0.428616 -1.372500
v -0.007426 0.438616 -1.362500
v -0.017426 0.438616 -1.372500
v -0.007426 0.431545 -1.365429
v -0.013199 0.432842 -1.366727
v -0.014497 0.438616 -1.365429
v -0.014497 0.431545 -1.372500
v -0.007426 0.518616 -1.362500
v -0.007426 0.528616 -1.372500
v -0.017426 0.518616 -1.372500
v -0.007426 0.525687 -1.365429
v -0.013199 0.524389 -1.366727
v -0.014497 0.525687 -1.372500
v -0.014497 0.518616 -1.365429
v -0.007426 0.428616 -1.402500
v -0.017426 0.438616 -1.402500
v -0.007426 0.438616 -1.412500
v -0.014497 0.431545 -1.402500
v -0.013199 0.432842 -1.408273
v -0.014497 0.438616 -1.409571
v -0.007426 0.431545 -1.409571
v -0.007426 0.528616 -1.402500
v -0.007426 0.518616 -1.412500
v -0.017426 0.518616 -1.402500
v -0.007426 0.525687 -1.409571
v -0.013199 0.524389 -1.408273
v -0.014497 0.518616 -1.409571
v -0.014497 0.525687 -1.402500
v 0.042574 0.428616 -1.372500
v 0.052574 0.438616 -1.372500
v 0.042574 0.438616 -1.362500
v 0.049645 0.431545 -1.372500
v 0.048348 0.432842 -1.366727
v 0.049645 0.438616 -1.365429
v 0.042574 0.431545 -1.365429
v 0.042574 0.528616 -1.372500
v 0.042574 0.518616 -1.362500
v 0.052574 0.518616 -1.372500
v 0.042574 0.525687 -1.365429
v 0.048348 0.524389 -1.366727
v 0.049645 0.518616 -1.365429
v 0.049645 0.525687 -1.372500
v 0.042574 0.428616 -1.402500
v 0.042574 0.438616 -1.412500
v 0.052574 0.438616 -1.402500
v 0.042574 0.431545 -1.409571
v 0.048348 0.432842 -1.408273
v 0.049645 0.438616 -1.409571
v 0.049645 0.431545 -1.402500
v 0.042574 0.528616 -1.402500
v 0.052574 0.518616 -1.402500
v 0.042574 0.518616 -1.412500
v 0.049645 0.525687 -1.402500
v 0.048348 0.524389 -1.408273
v 0.049645 0.518616 -1.409571
v 0.042574 0.525687 -1.409571
v 0.075734 0.428616 -1.372500
v 0.075734 0.438616 -1.362500
v 0.065734 0.438616 -1.372500
v 0.075734 0.431545 -1.365429
v 0.069961 0.432842 -1.366727
v 0.068663 0.438616 -1.365429
v 0.068663 0.431545 -1.372500
v 0.075734 0.518616 -1.362500
v 0.075734 0.528616 -1.372500
v 0.065734 0.518616 -1.372500
v 0.075734 0.525687 -1.365429
v 0.069961 0.524389 -1.366727
v 0.068663 0.525687 -1.372500
v 0.068663 0.518616 -1.365429
v 0.075734 0.428616 -1.402500
v 0.065734 0.438616 -1.402500
v 0.075734 0.438616 -1.412500
v 0.068663 0.431545 -1.402500
v 0.069961 0.432842 -1.408273
v 0.068663 0.438616 -1.409571
v 0.075734 0.431545 -1.409571
v 0.075734 0.528616 -1.402500
v 0.075734 0.518616 -1.412500
v 0.065734 0.518616 -1.402500
v 0.075734 0.525687 -1.409571
v 0.069961 0.524389 -1.408273
v 0.068663 0.518616 -1.409571
v 0.068663 0.525687 -1.402500
v 0.125734 0.428616 -1.372500
v 0.135734 0.438616 -1.372500
v 0.125734 0.438616 -1.362500
v 0.132805 0.431545 -1.372500
v 0.131508 0.432842 -1.366727
v 0.132805 0.438616 -1.365429
v 0.125734 0.431545 -1.365429
v 0.125734 0.528616 -1.372500
v 0.125734 0.518616 -1.362500
v 0.135734 0.518616 -1.372500
v 0.125734 0.525687 -1.365429
v 0.131508 0.524389 -1.366727
v 0.132805 0.518616 -1.365429
v 0.132805 0.525687 -1.372500
v 0.125734 0.428616 -1.402500
v 0.125734 0.438616 -1.412500
v 0.135734 0.438616 -1.402500
v 0.125734 0.431545 -1.409571
v 0.131508 0.432842 -1.408273
v 0.132805 0.438616 -1.409571
v 0.132805 0.431545 -1.402500
v 0.125734 0.528616 -1.402500
v 0.135734 0.518616 -1.402500
v 0.125734 0.518616 -1.412500
v 0.132805 0.525687 -1.402500
v 0.131508 0.524389 -1.408273
v 0.132805 0.518616 -1.409571
v 0.125734 0.525687 -1.409571
v 0.158894 0.428616 -1.372500
v 0.158894 0.438616 -1.362500
v 0.148894 0.438616 -1.372500
v 0.158894 0.431545 -1.365429
v 0.153121 0.432842 -1.366727
v 0.151823 0.438616 -1.365429
v 0.151823 0.431545 -1.372500
v 0.158894 0.518616 -1.362500
v 0.158894 0.528616 -1.372500
v 0.148894 0.518616 -1.372500
v 0.158894 0.525687 -1.365429
v 0.153121 0.524389 -1.366727
v 0.151823 0.525687 -1.372500
v 0.151823 0.518616 -1.365429
v 0.158894 0.428616 -1.402500
v 0.148894 0.438616 -1.402500
v 0.158894 0.438616 -1.412500
v 0.151823 0.431545 -1.402500
v 0.153121 0.432842 -1.408273
v 0.151823 0.438616 -1.409571
v 0.158894 0.431545 -1.409571
v 0.158894 0.528616 -1.402500
v 0.158894 0.518616 -1.412500
v 0.148894 0.518616 -1.402500
v 0.158894 0.525687 -1.409571
v 0.153121 0.524389 -1.408273
v 0.151823 0.518616 -1.409571
v 0.151823 0.525687 -1.402500
v 0.208894 0.428616 -1.372500
v 0.218894 0.438616 -1.372500
v 0.208894 0.438616 -1.362500
v 0.215965 0.431545 -1.372500
v 0.214668 0.432842 -1.366727
v 0.215965 0.438616 -1.365429
v 0.208894 0.431545 -1.365429
v 0.208894 0.528616 -1.372500
v 0.208894 0.518616 -1.362500
v 0.218894 0.518616 -1.372500
v 0.208894 0.525687 -1.365429
v 0.214668 0.524389 -1.366727
v 0.215965 0.518616 -1.365429
v 0.215965 0.525687 -1.372500
v 0.208894 0.428616 -1.402500
v 0.208894 0.438616 -1.412500
v 0.218894 0.438616 -1.402500
v 0.208894 0.431545 -1.409571
v 0.214668 0.432842 -1.408273
v 0.215965 0.438616 -1.409571
v 0.215965 0.431545 -1.402500
v 0.208894 0.528616 -1.402500
v 0.218894 0.518616 -1.402500
v 0.208894 0.518616 -1.412500
v 0.215965 0.525687 -1.402500
v 0.214668 0.524389 -1.408273
v 0.215965 0.518616 -1.409571
v 0.208894 0.525687 -1.409571
v -0.564006 0.592616 -0.421500
v -0.564006 0.600616 -0.413500
v -0.572006 0.600616 -0.421500
v -0.564006 0.764616 -0.413500
v -0.564006 0.772616 -0.421500
v -0.572006 0.764616 -0.421500
v -0.564006 0.592616 -0.425500
v -0.572006 0.600616 -0.425500
v -0.564006 0.600616 -0.433500
v -0.564006 0.772616 -0.425500
v -0.564006 0.764616 -0.433500
v -0.572006 0.764616 -0.425500
v -0.540006 0.592616 -0.421500
v -0.532006 0.600616 -0.421500
v -0.540006 0.600616 -0.413500
v -0.540006 0.772616 -0.421500
v -0.540006 0.764616 -0.413500
v -0.532006 0.764616 -0.421500
v -0.540006 0.592616 -0.425500
v -0.540006 0.600616 -0.433500
v -0.532006 0.600616 -0.425500
v -0.540006 0.772616 -0.425500
v -0.532006 0.764616 -0.425500
v -0.540006 0.764616 -0.433500
v 0.491994 0.592616 -0.421500
v 0.491994 0.600616 -0.413500
v 0.483994 0.600616 -0.421500
v 0.491994 0.764616 -0.413500
v 0.491994 0.772616 -0.421500
v 0.483994 0.764616 -0.421500
v 0.491994 0.592616 -0.425500
v 0.483994 0.600616 -0.425500
v 0.491994 0.600616 -0.433500
v 0.491994 0.772616 -0.425500
v 0.491994 0.764616 -0.433500
v 0.483994 0.764616 -0.425500
v 0.515994 0.592616 -0.421500
v 0.523994 0.600616 -0.421500
v 0.515994 0.600616 -0.413500
v 0.515994 0.772616 -0.421500
v 0.515994 0.764616 -0.413500
v 0.523994 0.764616 -0.421500
v 0.515994 0.592616 -0.425500
v 0.515994 0.600616 -0.433500
v 0.523994 0.600616 -0.425500
v 0.515994 0.772616 -0.425500
v 0.523994 0.764616 -0.425500
v 0.515994 0.764616 -0.433500
v -0.564006 0.592616 -0.341500
v -0.564006 0.600616 -0.333500
v -0.572006 0.600616 -0.341500
v -0.564006 0.764616 -0.333500
v -0.564006 0.772616 -0.341500
v -0.572006 0.764616 -0.341500
v -0.564006 0.592616 -0.345500
v -0.572006 0.600616 -0.345500
v -0.564006 0.600616 -0.353500
v -0.564006 0.772616 -0.345500
v -0.564006 0.764616 -0.353500
v -0.572006 0.764616 -0.345500
v -0.540006 0.592616 -0.341500
v -0.532006 0.600616 -0.341500
v -0.540006 0.600616 -0.333500
v -0.540006 0.772616 -0.341500
v -0.540006 0.764616 -0.333500
v -0.532006 0.764616 -0.341500
v -0.540006 0.592616 -0.345500
v -0.540006 0.600616 -0.353500
v -0.532006 0.600616 -0.345500
v -0.540006 0.772616 -0.345500
v -0.532006 0.764616 -0.345500
v -0.540006 0.764616 -0.353500
v 0.491994 0.592616 -0.341500
v 0.491994 0.600616 -0.333500
v 0.483994 0.600616 -0.341500
v 0.491994 0.764616 -0.333500
v 0.491994 0.772616 -0.341500
v 0.483994 0.764616 -0.341500
v 0.491994 0.592616 -0.345500
v 0.483994 0.600616 -0.345500
v 0.491994 0.600616 -0.353500
v 0.491994 0.772616 -0.345500
v 0.491994 0.764616 -0.353500
v 0.483994 0.764616 -0.345500
v 0.515994 0.592616 -0.341500
v 0.523994 0.600616 -0.341500
v 0.515994 0.600616 -0.333500
v 0.515994 0.772616 -0.341500
v 0.515994 0.764616 -0.333500
v 0.523994 0.764616 -0.341500
v 0.515994 0.592616 -0.345500
v 0.515994 0.600616 -0.353500
v 0.523994 0.600616 -0.345500
v 0.515994 0.772616 -0.345500
v 0.523994 0.764616 -0.345500
v 0.515994 0.764616 -0.353500
v -0.564006 0.592616 -0.261500
v -0.564006 0.600616 -0.253500
v -0.572006 0.600616 -0.261500
v -0.564006 0.764616 -0.253500
v -0.564006 0.772616 -0.261500
v -0.572006 0.764616 -0.261500
v -0.564006 0.592616 -0.265500
v -0.572006 0.600616 -0.265500
v -0.564006 0.600616 -0.273500
v -0.564006 0.772616 -0.265500
v -0.564006 0.764616 -0.273500
v -0.572006 0.764616 -0.265500
v -0.540006 0.592616 -0.261500
v -0.532006 0.600616 -0.261500
v -0.540006 0.600616 -0.253500
v -0.540006 0.772616 -0.261500
v -0.540006 0.764616 -0.253500
v -0.532006 0.764616 -0.261500
v -0.540006 0.592616 -0.265500
v -0.540006 0.600616 -0.273500
v -0.532006 0.600616 -0.265500
v -0.540006 0.772616 -0.265500
v -0.532006 0.764616 -0.265500
v -0.540006 0.764616 -0.273500
v 0.491994 0.592616 -0.261500
v 0.491994 0.600616 -0.253500
v 0.483994 0.600616 -0.261500
v 0.491994 0.764616 -0.253500
v 0.491994 0.772616 -0.261500
v 0.483994 0.764616 -0.261500
v 0.491994 0.592616 -0.265500
v 0.483994 0.600616 -0.265500
v 0.491994 0.600616 -0.273500
v 0.491994 0.772616 -0.265500
v 0.491994 0.764616 -0.273500
v 0.483994 0.764616 -0.265500
v 0.515994 0.592616 -0.261500
v 0.523994 0.600616 -0.261500
v 0.515994 0.600616 -0.253500
v 0.515994 0.772616 -0.261500
v 0.515994 0.764616 -0.253500
v 0.523994 0.764616 -0.261500
v 0.515994 0.592616 -0.265500
v 0.515994 0.600616 -0.273500
v 0.523994 0.600616 -0.265500
v 0.515994 0.772616 -0.265500
v 0.523994 0.764616 -0.265500
v 0.515994 0.764616 -0.273500
v -0.564006 0.592616 -0.181500
v -0.564006 0.600616 -0.173500
v -0.572006 0.600616 -0.181500
v -0.564006 0.764616 -0.173500
v -0.564006 0.772616 -0.181500
v -0.572006 0.764616 -0.181500
v -0.564006 0.592616 -0.185500
v -0.572006 0.600616 -0.185500
v -0.564006 0.600616 -0.193500
v -0.564006 0.772616 -0.185500
v -0.564006 0.764616 -0.193500
v -0.572006 0.764616 -0.185500
v -0.540006 0.592616 -0.181500
v -0.532006 0.600616 -0.181500
v -0.540006 0.600616 -0.173500
v -0.540006 0.772616 -0.181500
v -0.540006 0.764616 -0.173500
v -0.532006 0.764616 -0.181500
v -0.540006 0.592616 -0.185500
v -0.540006 0.600616 -0.193500
v -0.532006 0.600616 -0.185500
v -0.540006 0.772616 -0.185500
v -0.532006 0.764616 -0.185500
v -0.540006 0.764616 -0.193500
v 0.491994 0.592616 -0.181500
v 0.491994 0.600616 -0.173500
v 0.483994 0.600616 -0.181500
v 0.491994 0.764616 -0.173500
v 0.491994 0.772616 -0.181500
v 0.483994 0.764616 -0.181500
v 0.491994 0.592616 -0.185500
v 0.483994 0.600616 -0.185500
v 0.491994 0.600616 -0.193500
v 0.491994 0.772616 -0.185500
v 0.491994 0.764616 -0.193500
v 0.483994 0.764616 -0.185500
v 0.515994 0.592616 -0.181500
v 0.523994 0.600616 -0.181500
v 0.515994 0.600616 -0.173500
v 0.515994 0.772616 -0.181500
v 0.515994 0.764616 -0.173500
v 0.523994 0.764616 -0.181500
v 0.515994 0.592616 -0.185500
v 0.515994 0.600616 -0.193500
v 0.523994 0.600616 -0.185500
v 0.515994 0.772616 -0.185500
v 0.523994 0.764616 -0.185500
v 0.515994 0.764616 -0.193500
v -0.059006 1.156281 0.509426
v -0.059006 1.177264 0.537881
v -0.084006 1.181000 0.513162
v -0.059006 1.157718 0.522269
v -0.071489 1.159584 0.509925
v -0.070961 1.161005 0.522231
v -0.071489 1.177764 0.534579
v -0.059006 1.165420 0.532713
v -0.070961 1.166427 0.529584
v -0.080666 1.168657 0.511296
v -0.080666 1.179135 0.525505
v -0.077422 1.167393 0.523196
v -0.059006 1.976192 0.658627
v -0.059006 2.004647 0.637644
v -0.084006 1.979928 0.633908
v -0.059006 1.989034 0.657190
v -0.071489 1.976690 0.655325
v -0.070961 1.988996 0.653904
v -0.071489 2.001344 0.637145
v -0.059006 1.999479 0.649488
v -0.070961 1.996350 0.648481
v -0.080666 1.978062 0.646251
v -0.080666 1.992271 0.635774
v -0.077422 1.989962 0.647516
v -0.059006 1.208585 0.163356
v -0.084006 1.233304 0.167092
v -0.059006 1.237040 0.142373
v -0.071489 1.211887 0.163855
v -0.059006 1.213753 0.151512
v -0.070961 1.216882 0.152519
v -0.080666 1.235169 0.154749
v -0.080666 1.220960 0.165226
v -0.077422 1.223269 0.153484
v -0.059006 1.224197 0.143810
v -0.071489 1.236541 0.145675
v -0.070961 1.224235 0.147096
v -0.059006 2.056950 0.291574
v -0.059006 2.035967 0.263119
v -0.084006 2.032231 0.287838
v -0.059006 2.055513 0.278731
v -0.071489 2.053648 0.291075
v -0.070961 2.052226 0.278769
v -0.071489 2.035468 0.266421
v -0.059006 2.047811 0.268287
v -0.070961 2.046804 0.271416
v -0.080666 2.044574 0.289704
v -0.080666 2.034096 0.275495
v -0.077422 2.045838 0.277804
v 0.010994 1.156281 0.509426
v 0.035994 1.181000 0.513162
v 0.010994 1.177264 0.537881
v 0.023478 1.159584 0.509925
v 0.010994 1.157718 0.522269
v 0.022949 1.161005 0.522231
v 0.032654 1.179135 0.525505
v 0.032654 1.168657 0.511296
v 0.029410 1.167393 0.523196
v 0.010994 1.165420 0.532713
v 0.023478 1.177764 0.534579
v 0.022949 1.166427 0.529584
v 0.010994 2.004647 0.637644
v 0.010994 1.976192 0.658627
v 0.035994 1.979928 0.633908
v 0.010994 1.999479 0.649488
v 0.023478 2.001344 0.637145
v 0.022949 1.996350 0.648481
v 0.023478 1.976690 0.655325
v 0.010994 1.989034 0.657190
v 0.022949 1.988996 0.653904
v 0.032654 1.992271 0.635773
v 0.032654 1.978062 0.646251
v 0.029410 1.989962 0.647516
v 0.010994 1.208585 0.163356
v 0.010994 1.237040 0.142373
v 0.035994 1.233304 0.167092
v 0.010994 1.213752 0.151512
v 0.023478 1.211887 0.163855
v 0.022949 1.216881 0.152519
v 0.023478 1.236541 0.145675
v 0.010994 1.224197 0.143810
v 0.022949 1.224235 0.147096
v 0.032654 1.220960 0.165226
v 0.032654 1.235169 0.154749
v 0.029410 1.223269 0.153484
v 0.010994 2.056950 0.291574
v 0.035994 2.032231 0.287838
v 0.010994 2.035967 0.263119
v 0.023478 2.053648 0.291075
v 0.010994 2.055513 0.278732
v 0.022949 2.052226 0.278769
v 0.032654 2.034096 0.275495
v 0.032654 2.044574 0.289704
v 0.029410 2.045838 0.277804
v 0.010994 2.047811 0.268287
v 0.023478 2.035468 0.266421
v 0.022949 2.046804 0.271416
v -0.044006 1.045616 1.005500
v -0.044006 1.065616 1.025500
v -0.064006 1.065616 1.005500
v -0.044006 1.051473 1.019642
v -0.055553 1.054069 1.017047
v -0.058148 1.065616 1.019642
v -0.058148 1.051473 1.005500
v -0.044006 1.487616 1.025500
v -0.044006 1.507616 1.005500
v -0.064006 1.487616 1.005500
v -0.044006 1.501758 1.019642
v -0.055553 1.499163 1.017047
v -0.058148 1.501758 1.005500
v -0.058148 1.487616 1.019642
v -0.044006 1.045616 0.795500
v -0.064006 1.065616 0.795500
v -0.044006 1.065616 0.775500
v -0.058148 1.051473 0.795500
v -0.055553 1.054069 0.783953
v -0.058148 1.065616 0.781358
v -0.044006 1.051473 0.781358
v -0.044006 1.507616 0.795500
v -0.044006 1.487616 0.775500
v -0.064006 1.487616 0.795500
v -0.044006 1.501758 0.781358
v -0.055553 1.499163 0.783953
v -0.058148 1.487616 0.781358
v -0.058148 1.501758 0.795500
v -0.004006 1.045616 1.005500
v 0.015994 1.065616 1.005500
v -0.004006 1.065616 1.025500
v 0.010136 1.051473 1.005500
v 0.007541 1.054069 1.017047
v 0.010136 1.065616 1.019642
v -0.004006 1.051473 1.019642
v -0.004006 1.507616 1.005500
v -0.004006 1.487616 1.025500
v 0.015994 1.487616 1.005500
v -0.004006 1.501758 1.019642
v 0.007541 1.499163 1.017047
v 0.010136 1.487616 1.019642
v 0.010136 1.501758 1.005500
v -0.004006 1.045616 0.795500
v -0.004006 1.065616 0.775500
v 0.015994 1.065616 0.795500
v -0.004006 1.051473 0.781358
v 0.007541 1.054069 0.783953
v 0.010136 1.065616 0.781358
v 0.010136 1.051473 0.795500
v -0.004006 1.507616 0.795500
v 0.015994 1.487616 0.795500
v -0.004006 1.487616 0.775500
v 0.010136 1.501758 0.795500
v 0.007541 1.499163 0.783953
v 0.010136 1.487616 0.781358
v -0.004006 1.501758 0.781358
v -0.049006 0.847616 2.300500
v -0.049006 0.872616 2.325500
v -0.074006 0.872616 2.300500
v -0.049006 0.850955 2.312984
v -0.061489 0.850955 2.300500
v -0.060961 0.854200 2.312455
v -0.061489 0.872616 2.322160
v -0.049006 0.860132 2.322160
v -0.060961 0.860660 2.318916
v -0.070666 0.860132 2.300500
v -0.070666 0.872616 2.312984
v -0.067422 0.860660 2.312455
v -0.049006 1.548616 2.325500
v -0.049006 1.573616 2.300500
v -0.074006 1.548616 2.300500
v -0.049006 1.561099 2.322160
v -0.061489 1.548616 2.322160
v -0.060961 1.560571 2.318916
v -0.061489 1.570276 2.300500
v -0.049006 1.570276 2.312984
v -0.060961 1.567032 2.312455
v -0.070666 1.548616 2.312984
v -0.070666 1.561099 2.300500
v -0.067422 1.560571 2.312455
v -0.049006 0.847616 2.000500
v -0.074006 0.872616 2.000500
v -0.049006 0.872616 1.975500
v -0.061489 0.850955 2.000500
v -0.049006 0.850955 1.988016
v -0.060961 0.854200 1.988545
v -0.070666 0.872616 1.988016
v -0.070666 0.860132 2.000500
v -0.067422 0.860660 1.988545
v -0.049006 0.860132 1.978840
v -0.061489 0.872616 1.978840
v -0.060961 0.860660 1.982084
v -0.049006 1.573616 2.000500
v -0.049006 1.548616 1.975500
v -0.074006 1.548616 2.000500
v -0.049006 1.570276 1.988016
v -0.061489 1.570276 2.000500
v -0.060961 1.567032 1.988545
v -0.061489 1.548616 1.978840
v -0.049006 1.561099 1.978840
v -0.060961 1.560571 1.982084
v -0.070666 1.561099 2.000500
v -0.070666 1.548616 1.988016
v -0.067422 1.560571 1.988545
v 0.000994 0.847616 2.300500
v 0.025994 0.872616 2.300500
v 0.000994 0.872616 2.325500
v 0.013478 0.850955 2.300500
v 0.000994 0.850955 2.312984
v 0.012949 0.854200 2.312455
v 0.022654 0.872616 2.312984
v 0.022654 0.860132 2.300500
v 0.019410 0.860660 2.312455
v 0.000994 0.860132 2.322160
v 0.013478 0.872616 2.322160
v 0.012949 0.860660 2.318916
v 0.000994 1.573616 2.300500
v 0.000994 1.548616 2.325500
v 0.025994 1.548616 2.300500
v 0.000994 1.570276 2.312984
v 0.013478 1.570276 2.300500
v 0.012949 1.567032 2.312455
v 0.013478 1.548616 2.322160
v 0.000994 1.561099 2.322160
v 0.012949 1.560571 2.318916
v 0.022654 1.561099 2.300500
v 0.022654 1.548616 2.312984
v 0.019410 1.560571 2.312455
v 0.000994 0.847616 2.000500
v 0.000994 0.872616 1.975500
v 0.025994 0.872616 2.000500
v 0.000994 0.850955 1.988016
v 0.013478 0.850955 2.000500
v 0.012949 0.854200 1.988545
v 0.013478 0.872616 1.978840
v 0.000994 0.860132 1.978840
v 0.012949 0.860660 1.982084
v 0.022654 0.860132 2.000500
v 0.022654 0.872616 1.988016
v 0.019410 0.860660 1.988545
v 0.000994 1.573616 2.000500
v 0.025994 1.548616 2.000500
v 0.000994 1.548616 1.975500
v 0.013478 1.570276 2.000500
v 0.000994 1.570276 1.988016
v 0.012949 1.567032 1.988545
v 0.022654 1.548616 1.988016
v 0.022654 1.561099 2.000500
v 0.019410 1.560571 1.988545
v 0.000994 1.561099 1.978840
v 0.013478 1.548616 1.978840
v 0.012949 1.560571 1.982084
v -0.049006 0.154616 2.209500
v -0.049006 0.179616 2.234500
v -0.074006 0.179616 2.209500
v -0.049006 0.157956 2.221984
v -0.061489 0.157956 2.209500
v -0.060961 0.161200 2.221455
v -0.061489 0.179616 2.231160
v -0.049006 0.167132 2.231160
v -0.060961 0.167660 2.227916
v -0.070666 0.167132 2.209500
v -0.070666 0.179616 2.221984
v -0.067422 0.167660 2.221455
v -0.049006 0.657616 2.234500
v -0.049006 0.682616 2.209500
v -0.074006 0.657616 2.209500
v -0.049006 0.670099 2.231160
v -0.061489 0.657616 2.231160
v -0.060961 0.669571 2.227916
v -0.061489 0.679276 2.209500
v -0.049006 0.679276 2.221984
v -0.060961 0.676031 2.221455
v -0.070666 0.657616 2.221984
v -0.070666 0.670099 2.209500
v -0.067422 0.669571 2.221455
v -0.049006 0.154616 1.959500
v -0.074006 0.179616 1.959500
v -0.049006 0.179616 1.934500
v -0.061489 0.157956 1.959500
v -0.049006 0.157956 1.947016
v -0.060961 0.161200 1.947545
v -0.070666 0.179616 1.947016
v -0.070666 0.167132 1.959500
v -0.067422 0.167660 1.947545
v -0.049006 0.167132 1.937840
v -0.061489 0.179616 1.937840
v -0.060961 0.167660 1.941084
v -0.049006 0.682616 1.959500
v -0.049006 0.657616 1.934500
v -0.074006 0.657616 1.959500
v -0.049006 0.679276 1.947016
v -0.061489 0.679276 1.959500
v -0.060961 0.676031 1.947545
v -0.061489 0.657616 1.937840
v -0.049006 0.670099 1.937840
v -0.060961 0.669571 1.941084
v -0.070666 0.670099 1.959500
v -0.070666 0.657616 1.947016
v -0.067422 0.669571 1.947545
v 0.000994 0.154616 2.209500
v 0.025994 0.179616 2.209500
v 0.000994 0.179616 2.234500
v 0.013478 0.157956 2.209500
v 0.000994 0.157956 2.221984
v 0.012949 0.161200 2.221455
v 0.022654 0.179616 2.221984
v 0.022654 0.167132 2.209500
v 0.019410 0.167660 2.221455
v 0.000994 0.167132 2.231160
v 0.013478 0.179616 2.231160
v 0.012949 0.167660 2.227916
v 0.000994 0.682616 2.209500
v 0.000994 0.657616 2.234500
v 0.025994 0.657616 2.209500
v 0.000994 0.679276 2.221984
v 0.013478 0.679276 2.209500
v 0.012949 0.676031 2.221455
v 0.013478 0.657616 2.231160
v 0.000994 0.670099 2.231160
v 0.012949 0.669571 2.227916
v 0.022654 0.670099 2.209500
v 0.022654 0.657616 2.221984
v 0.019410 0.669571 2.221455
v 0.000994 0.154616 1.959500
v 0.000994 0.179616 1.934500
v 0.025994 0.179616 1.959500
v 0.000994 0.157956 1.947016
v 0.013478 0.157956 1.959500
v 0.012949 0.161200 1.947545
v 0.013478 0.179616 1.937840
v 0.000994 0.167132 1.937840
v 0.012949 0.167660 1.941084
v 0.022654 0.167132 1.959500
v 0.022654 0.179616 1.947016
v 0.019410 0.167660 1.947545
v 0.000994 0.682616 1.959500
v 0.025994 0.657616 1.959500
v 0.000994 0.657616 1.934500
v 0.013478 0.679276 1.959500
v 0.000994 0.679276 1.947016
v 0.012949 0.676031 1.947545
v 0.022654 0.657616 1.947016
v 0.022654 0.670099 1.959500
v 0.019410 0.669571 1.947545
v 0.000994 0.670099 1.937840
v 0.013478 0.657616 1.937840
v 0.012949 0.669571 1.941084
v -1.247305 0.466562 0.217264
v -1.245486 0.485669 0.238039
v -1.260238 0.491579 0.214642
v -1.248418 0.472158 0.231468
v -1.257962 0.478050 0.226885
v -1.257563 0.489848 0.229614
v -1.258849 0.476338 0.214924
v -1.184664 0.686289 0.250369
v -1.174897 0.705396 0.231941
v -1.199416 0.692200 0.226971
v -1.179404 0.699800 0.245458
v -1.190451 0.700733 0.240570
v -1.189835 0.703979 0.228913
v -1.196741 0.690469 0.241943
v -1.231411 0.466562 0.138858
v -1.244344 0.491579 0.136237
v -1.221645 0.485669 0.120431
v -1.242956 0.476338 0.136518
v -1.237480 0.478050 0.125846
v -1.236050 0.489848 0.123488
v -1.226905 0.472158 0.125342
v -1.159004 0.705396 0.153536
v -1.160823 0.686289 0.132761
v -1.183522 0.692200 0.148566
v -1.157891 0.699800 0.139332
v -1.169970 0.700733 0.139531
v -1.175228 0.690469 0.135818
v -1.173942 0.703979 0.150508
v -0.605008 0.263835 0.347464
v -0.580489 0.277032 0.352434
v -0.603188 0.282942 0.368239
v -0.590070 0.265252 0.350492
v -0.594042 0.268498 0.361469
v -0.588784 0.278763 0.365182
v -0.606121 0.269431 0.361668
v -0.532600 0.502669 0.362142
v -0.542366 0.483563 0.380569
v -0.519667 0.477652 0.364763
v -0.537106 0.497073 0.375658
v -0.526531 0.491181 0.375154
v -0.527961 0.479383 0.377512
v -0.521056 0.492894 0.364482
v -0.589114 0.263835 0.269059
v -0.579348 0.282942 0.250631
v -0.564596 0.277032 0.274029
v -0.584608 0.269431 0.255542
v -0.573560 0.268498 0.260430
v -0.567271 0.278763 0.259057
v -0.574176 0.265252 0.272087
v -0.516707 0.502669 0.283736
v -0.503773 0.477652 0.286358
v -0.518526 0.483563 0.262961
v -0.505162 0.492894 0.286076
v -0.506050 0.491181 0.274115
v -0.506449 0.479383 0.271386
v -0.515594 0.497073 0.269532
v 0.556996 0.263835 0.347464
v 0.555177 0.282942 0.368239
v 0.532477 0.277032 0.352434
v 0.558109 0.269431 0.361668
v 0.546030 0.268498 0.361469
v 0.540772 0.278763 0.365182
v 0.542058 0.265252 0.350492
v 0.494355 0.483563 0.380569
v 0.484589 0.502669 0.362142
v 0.471655 0.477652 0.364763
v 0.489095 0.497073 0.375658
v 0.478519 0.491181 0.375154
v 0.473044 0.492894 0.364482
v 0.479950 0.479383 0.377512
v 0.541102 0.263835 0.269059
v 0.516584 0.277032 0.274029
v 0.531336 0.282942 0.250631
v 0.526165 0.265252 0.272087
v 0.525549 0.268498 0.260430
v 0.519259 0.278763 0.259057
v 0.536596 0.269431 0.255542
v 0.468695 0.502669 0.283736
v 0.470514 0.483563 0.262961
v 0.455762 0.477652 0.286358
v 0.467582 0.497073 0.269532
v 0.458038 0.491181 0.274115
v 0.458437 0.479383 0.271386
v 0.457150 0.492894 0.286076
v 1.199293 0.466562 0.217264
v 1.212227 0.491579 0.214642
v 1.197474 0.485669 0.238039
v 1.210838 0.476338 0.214924
v 1.209950 0.478050 0.226885
v 1.209552 0.489848 0.229614
v 1.200406 0.472158 0.231468
v 1.126886 0.705396 0.231941
v 1.136652 0.686289 0.250369
v 1.151404 0.692200 0.226971
v 1.131392 0.699800 0.245458
v 1.142440 0.700733 0.240570
v 1.148729 0.690469 0.241943
v 1.141824 0.703979 0.228913
v 1.183400 0.466562 0.138858
v 1.173634 0.485669 0.120431
v 1.196333 0.491579 0.136237
v 1.178894 0.472158 0.125342
v 1.189469 0.478050 0.125846
v 1.188039 0.489848 0.123488
v 1.194944 0.476338 0.136518
v 1.110992 0.705396 0.153536
v 1.135511 0.692200 0.148566
v 1.112812 0.686289 0.132761
v 1.125930 0.703979 0.150508
v 1.121958 0.700733 0.139531
v 1.127217 0.690469 0.135818
v 1.109879 0.699800 0.139332
v -0.024006 0.742366 -1.995500
v -0.024006 0.762616 -1.975500
v -0.024006 0.756685 -1.989642
v -0.024006 0.742366 -1.095500
v -0.024006 0.762616 -1.115500
v -0.024006 0.756685 -1.101358
v -0.005542 0.739442 -1.995500
v 0.000716 0.758700 -1.975500
v -0.001117 0.753060 -1.989642
v -0.005542 0.739442 -1.095500
v 0.000716 0.758700 -1.115500
v -0.001117 0.753060 -1.101358
v 0.011115 0.730955 -1.995500
v 0.023017 0.747337 -1.975500
v 0.019531 0.742539 -1.989642
v 0.011115 0.730955 -1.095500
v 0.023017 0.747337 -1.115500
v 0.019531 0.742539 -1.101358
v 0.024333 0.717736 -1.995500
v 0.040716 0.729639 -1.975500
v 0.035917 0.726152 -1.989642
v 0.024333 0.717736 -1.095500
v 0.040716 0.729639 -1.115500
v 0.035917 0.726152 -1.101358
v 0.032820 0.701080 -1.995500
v 0.052079 0.707337 -1.975500
v 0.046438 0.705504 -1.989642
v 0.032820 0.701080 -1.095500
v 0.052079 0.707337 -1.115500
v 0.046438 0.705504 -1.101358
v 0.035745 0.682616 -1.995500
v 0.055994 0.682616 -1.975500
v 0.050063 0.682616 -1.989642
v 0.035745 0.682616 -1.095500
v 0.055994 0.682616 -1.115500
v 0.050063 0.682616 -1.101358
v 0.032820 0.664152 -1.995500
v 0.052079 0.657894 -1.975500
v 0.046438 0.659727 -1.989642
v 0.032820 0.664152 -1.095500
v 0.052079 0.657894 -1.115500
v 0.046438 0.659727 -1.101358
v 0.024333 0.647495 -1.995500
v 0.040716 0.635593 -1.975500
v 0.035917 0.639079 -1.989642
v 0.024333 0.647495 -1.095500
v 0.040716 0.635593 -1.115500
v 0.035917 0.639079 -1.101358
v 0.011115 0.634276 -1.995500
v 0.023017 0.617894 -1.975500
v 0.019531 0.622693 -1.989642
v 0.011115 0.634276 -1.095500
v 0.023017 0.617894 -1.115500
v 0.019531 0.622692 -1.101358
v -0.005542 0.625789 -1.995500
v 0.000716 0.606531 -1.975500
v -0.001117 0.612172 -1.989642
v -0.005542 0.625789 -1.095500
v 0.000716 0.606531 -1.115500
v -0.001117 0.612172 -1.101358
v -0.024006 0.622865 -1.995500
v -0.024006 0.602616 -1.975500
v -0.024006 0.608547 -1.989642
v -0.024006 0.622865 -1.095500
v -0.024006 0.602616 -1.115500
v -0.024006 0.608546 -1.101358
v -0.042470 0.625789 -1.995500
v -0.048727 0.606531 -1.975500
v -0.046894 0.612172 -1.989642
v -0.042470 0.625789 -1.095500
v -0.048727 0.606531 -1.115500
v -0.046894 0.612172 -1.101358
v -0.059126 0.634276 -1.995500
v -0.071029 0.617894 -1.975500
v -0.067543 0.622693 -1.989642
v -0.059126 0.634276 -1.095500
v -0.071029 0.617894 -1.115500
v -0.067543 0.622692 -1.101358
v -0.072345 0.647495 -1.995500
v -0.088727 0.635593 -1.975500
v -0.083929 0.639079 -1.989642
v -0.072345 0.647495 -1.095500
v -0.088727 0.635593 -1.115500
v -0.083929 0.639079 -1.101358
v -0.080832 0.664152 -1.995500
v -0.100090 0.657894 -1.975500
v -0.094450 0.659727 -1.989642
v -0.080832 0.664152 -1.095500
v -0.100090 0.657894 -1.115500
v -0.094450 0.659727 -1.101358
v -0.083757 0.682616 -1.995500
v -0.104006 0.682616 -1.975500
v -0.098075 0.682616 -1.989642
v -0.083757 0.682616 -1.095500
v -0.104006 0.682616 -1.115500
v -0.098075 0.682616 -1.101358
v -0.080832 0.701080 -1.995500
v -0.100090 0.707337 -1.975500
v -0.094450 0.705504 -1.989642
v -0.080832 0.701080 -1.095500
v -0.100090 0.707337 -1.115500
v -0.094450 0.705504 -1.101358
v -0.072345 0.717736 -1.995500
v -0.088727 0.729639 -1.975500
v -0.083929 0.726152 -1.989642
v -0.072345 0.717736 -1.095500
v -0.088727 0.729639 -1.115500
v -0.083929 0.726152 -1.101358
v -0.059126 0.730955 -1.995500
v -0.071029 0.747337 -1.975500
v -0.067543 0.742539 -1.989642
v -0.059126 0.730955 -1.095500
v -0.071029 0.747337 -1.115500
v -0.067543 0.742539 -1.101358
v -0.042470 0.739442 -1.995500
v -0.048727 0.758700 -1.975500
v -0.046894 0.753060 -1.989642
v -0.042470 0.739442 -1.095500
v -0.048727 0.758700 -1.115500
v -0.046894 0.753060 -1.101358
v -0.024006 0.802616 -2.205500
v -0.024006 0.753150 -2.302582
v -0.024006 0.682616 -2.325500
v -0.024006 0.645534 -2.319627
v -0.024006 0.612081 -2.302582
v -0.024006 0.568489 -2.242582
v -0.024006 0.562616 -2.205500
v -0.009815 0.796742 -2.239759
v 0.002986 0.779698 -2.270665
v 0.013146 0.753150 -2.295192
v 0.019669 0.719698 -2.310940
v 0.021916 0.682616 -2.316366
v 0.019669 0.645534 -2.310940
v 0.013146 0.612081 -2.295192
v 0.002986 0.585534 -2.270665
v -0.009815 0.568489 -2.239759
v 0.002215 0.796742 -2.231721
v 0.025869 0.779698 -2.255375
v 0.044642 0.753150 -2.274148
v 0.056694 0.719698 -2.286200
v 0.060847 0.682616 -2.290353
v 0.056694 0.645534 -2.286200
v 0.044642 0.612081 -2.274148
v 0.025869 0.585534 -2.255375
v 0.002215 0.568489 -2.231721
v 0.010254 0.796742 -2.219691
v 0.041159 0.779698 -2.232492
v 0.065686 0.753150 -2.242652
v 0.081434 0.719698 -2.249175
v 0.086860 0.682616 -2.251422
v 0.081434 0.645534 -2.249175
v 0.065686 0.612081 -2.242652
v 0.041159 0.585534 -2.232492
v 0.010254 0.568489 -2.219691
v 0.013076 0.796742 -2.205500
v 0.046528 0.779698 -2.205500
v 0.073076 0.753150 -2.205500
v 0.090121 0.719698 -2.205500
v 0.095994 0.682616 -2.205500
v 0.090121 0.645534 -2.205500
v 0.073076 0.612081 -2.205500
v 0.046528 0.585534 -2.205500
v 0.013076 0.568489 -2.205500
v 0.010253 0.796742 -2.191309
v 0.041159 0.779698 -2.178508
v 0.065686 0.753150 -2.168348
v 0.081434 0.719698 -2.161826
v 0.086860 0.682616 -2.159578
v 0.081434 0.645534 -2.161826
v 0.065686 0.612081 -2.168348
v 0.041159 0.585534 -2.178508
v 0.010253 0.568489 -2.191309
v 0.002215 0.796742 -2.179279
v 0.025869 0.779698 -2.155625
v 0.044642 0.753150 -2.136853
v 0.056694 0.719698 -2.124800
v 0.060847 0.682616 -2.120647
v 0.056694 0.645534 -2.124800
v 0.044642 0.612081 -2.136853
v 0.025869 0.585534 -2.155625
v 0.002215 0.568489 -2.179279
v -0.009815 0.796742 -2.171241
v 0.002986 0.779698 -2.140335
v 0.013146 0.753150 -2.115808
v 0.019669 0.719698 -2.100061
v 0.021916 0.682616 -2.094635
v 0.019669 0.645534 -2.100061
v 0.013146 0.612081 -2.115808
v 0.002986 0.585534 -2.140335
v -0.009815 0.568489 -2.171241
v -0.024006 0.796742 -2.168418
v -0.024006 0.779698 -2.134966
v -0.024006 0.753150 -2.108418
v -0.024006 0.719698 -2.091373
v -0.024006 0.682616 -2.085500
v -0.024006 0.645534 -2.091373
v -0.024006 0.612081 -2.108418
v -0.024006 0.585534 -2.134966
v -0.024006 0.568489 -2.168418
v -0.038197 0.796742 -2.171241
v -0.050998 0.779698 -2.140335
v -0.061158 0.753150 -2.115808
v -0.067680 0.719698 -2.100061
v -0.069928 0.682616 -2.094635
v -0.067680 0.645534 -2.100061
v -0.061158 0.612081 -2.115808
v -0.050998 0.585534 -2.140335
v -0.038197 0.568489 -2.171241
v -0.050227 0.796742 -2.179279
v -0.073881 0.779698 -2.155625
v -0.092653 0.753150 -2.136853
v -0.104706 0.719698 -2.124800
v -0.108859 0.682616 -2.120647
v -0.104706 0.645534 -2.124800
v -0.092653 0.612081 -2.136853
v -0.073881 0.585534 -2.155625
v -0.050227 0.568489 -2.179279
v -0.058265 0.796742 -2.191309
v -0.089171 0.779698 -2.178508
v -0.113698 0.753150 -2.168349
v -0.129445 0.719698 -2.161826
v -0.134871 0.682616 -2.159578
v -0.129445 0.645534 -2.161826
v -0.113698 0.612081 -2.168349
v -0.089171 0.585534 -2.178508
v -0.058265 0.568489 -2.191309
v -0.061088 0.796742 -2.205500
v -0.094540 0.779698 -2.205500
v -0.121088 0.753150 -2.205500
v -0.138133 0.719698 -2.205500
v -0.144006 0.682616 -2.205500
v -0.138133 0.645534 -2.205500
v -0.121088 0.612081 -2.205500
v -0.094540 0.585534 -2.205500
v -0.061088 0.568489 -2.205500
v -0.058265 0.796742 -2.219691
v -0.089171 0.779698 -2.232492
v -0.113698 0.753150 -2.242652
v -0.129445 0.719698 -2.249175
v -0.134871 0.682616 -2.251422
v -0.129445 0.645534 -2.249175
v -0.113698 0.612081 -2.242652
v -0.089171 0.585534 -2.232492
v -0.058265 0.568489 -2.219691
v -0.050227 0.796742 -2.231721
v -0.073881 0.779698 -2.255375
v -0.092653 0.753150 -2.274148
v -0.104706 0.719698 -2.286200
v -0.108859 0.682616 -2.290353
v -0.104706 0.645534 -2.286200
v -0.092653 0.612081 -2.274148
v -0.073881 0.585534 -2.255375
v -0.050227 0.568489 -2.231721
v -0.038196 0.796742 -2.239759
v -0.050998 0.779698 -2.270665
v -0.061157 0.753150 -2.295192
v -0.067680 0.719698 -2.310940
v -0.069928 0.682616 -2.316366
v -0.067680 0.645534 -2.310940
v -0.061157 0.612081 -2.295192
v -0.050998 0.585534 -2.270665
v -0.038196 0.568489 -2.239759
v -0.024006 0.796742 -2.242582
v -0.024006 0.779698 -2.276034
v -0.024006 0.719698 -2.319627
v -0.024006 0.585534 -2.276034
v 1.265401 0.046134 0.500500
v 1.265401 0.027097 0.500500
v 1.266682 0.036616 0.500500
v 1.253006 0.065156 0.500500
v 1.264234 0.049727 0.500500
v 1.259664 0.058189 0.500500
v 1.231805 0.073231 0.500500
v 1.250027 0.067320 0.500500
v 1.241320 0.071500 0.500500
v 1.209961 0.067320 0.500500
v 1.228183 0.073231 0.500500
v 1.218668 0.071500 0.500500
v 1.195754 0.049727 0.500500
v 1.206983 0.065156 0.500500
v 1.200324 0.058189 0.500500
v 1.194587 0.027097 0.500500
v 1.194587 0.046134 0.500500
v 1.193306 0.036616 0.500500
v 1.206983 0.008075 0.500500
v 1.195754 0.023504 0.500500
v 1.200324 0.015043 0.500500
v 1.228183 0.000000 0.500500
v 1.209961 0.005911 0.500500
v 1.218668 0.001731 0.500500
v 1.250027 0.005911 0.500500
v 1.231805 0.000000 0.500500
v 1.241320 0.001731 0.500500
v 1.264234 0.023504 0.500500
v 1.253006 0.008075 0.500500
v 1.259664 0.015043 0.500500
v 1.221466 0.027097 0.166777
v 1.221466 0.046134 0.166777
v 1.222703 0.036616 0.166445
v 1.220338 0.049727 0.167079
v 1.209492 0.065156 0.169985
v 1.215924 0.058189 0.168262
v 1.206615 0.067320 0.170756
v 1.189014 0.073231 0.175472
v 1.198205 0.071500 0.173010
v 1.185516 0.073231 0.176410
v 1.167915 0.067320 0.181126
v 1.176325 0.071500 0.178872
v 1.165038 0.065156 0.181897
v 1.154192 0.049727 0.184803
v 1.158606 0.058189 0.183620
v 1.153064 0.046134 0.185105
v 1.153064 0.027097 0.185105
v 1.151827 0.036616 0.185437
v 1.154192 0.023504 0.184803
v 1.165038 0.008075 0.181897
v 1.158606 0.015043 0.183620
v 1.167915 0.005911 0.181126
v 1.185516 0.000000 0.176410
v 1.176325 0.001731 0.178872
v 1.189014 0.000000 0.175472
v 1.206615 0.005911 0.170756
v 1.198205 0.001731 0.173010
v 1.209492 0.008075 0.169985
v 1.220338 0.023504 0.167079
v 1.215924 0.015043 0.168262
v 1.092654 0.027097 -0.144204
v 1.092654 0.046134 -0.144204
v 1.093763 0.036616 -0.144844
v 1.091642 0.049727 -0.143620
v 1.081918 0.065156 -0.138006
v 1.087685 0.058189 -0.141335
v 1.079339 0.067320 -0.136517
v 1.063558 0.073231 -0.127406
v 1.071799 0.071500 -0.132163
v 1.060421 0.073231 -0.125595
v 1.044641 0.067320 -0.116484
v 1.052181 0.071500 -0.120837
v 1.042061 0.065156 -0.114994
v 1.032337 0.049727 -0.109380
v 1.036295 0.058189 -0.111665
v 1.031326 0.046134 -0.108796
v 1.031326 0.027097 -0.108796
v 1.030217 0.036616 -0.108156
v 1.032337 0.023504 -0.109380
v 1.042061 0.008075 -0.114994
v 1.036295 0.015043 -0.111665
v 1.044641 0.005911 -0.116484
v 1.060421 0.000000 -0.125595
v 1.052181 0.001731 -0.120837
v 1.063558 0.000000 -0.127406
v 1.079339 0.005911 -0.136517
v 1.071799 0.001731 -0.132163
v 1.081918 0.008075 -0.138006
v 1.091642 0.023504 -0.143620
v 1.087685 0.015043 -0.141335
v 0.887743 0.027097 -0.411249
v 0.887743 0.046134 -0.411249
v 0.888649 0.036616 -0.412154
v 0.886917 0.049727 -0.410423
v 0.878978 0.065156 -0.402483
v 0.883686 0.058189 -0.407192
v 0.876871 0.067320 -0.400377
v 0.863986 0.073231 -0.387492
v 0.870715 0.071500 -0.394220
v 0.861425 0.073231 -0.384931
v 0.848541 0.067320 -0.372047
v 0.854697 0.071500 -0.378203
v 0.846434 0.065156 -0.369940
v 0.838495 0.049727 -0.362001
v 0.841726 0.058189 -0.365232
v 0.837669 0.046134 -0.361175
v 0.837669 0.027097 -0.361175
v 0.836763 0.036616 -0.360269
v 0.838495 0.023504 -0.362001
v 0.846434 0.008075 -0.369940
v 0.841726 0.015043 -0.365232
v 0.848541 0.005911 -0.372047
v 0.861425 0.000000 -0.384931
v 0.854697 0.001731 -0.378203
v 0.863986 0.000000 -0.387492
v 0.876871 0.005911 -0.400377
v 0.870715 0.001731 -0.394220
v 0.878978 0.008075 -0.402483
v 0.886917 0.023504 -0.410423
v 0.883686 0.015043 -0.407192
v 0.620698 0.027097 -0.616159
v 0.620698 0.046134 -0.616159
v 0.621338 0.036616 -0.617269
v 0.620114 0.049727 -0.615148
v 0.614500 0.065156 -0.605424
v 0.617829 0.058189 -0.611191
v 0.613011 0.067320 -0.602845
v 0.603900 0.073231 -0.587064
v 0.608657 0.071500 -0.595304
v 0.602089 0.073231 -0.583927
v 0.592978 0.067320 -0.568147
v 0.597331 0.071500 -0.575687
v 0.591488 0.065156 -0.565567
v 0.585874 0.049727 -0.555843
v 0.588159 0.058189 -0.559801
v 0.585290 0.046134 -0.554832
v 0.585290 0.027097 -0.554832
v 0.584650 0.036616 -0.553723
v 0.585874 0.023504 -0.555843
v 0.591488 0.008075 -0.565567
v 0.588159 0.015043 -0.559801
v 0.592978 0.005911 -0.568147
v 0.602089 0.000000 -0.583927
v 0.597331 0.001731 -0.575687
v 0.603900 0.000000 -0.587064
v 0.613011 0.005911 -0.602845
v 0.608657 0.001731 -0.595304
v 0.614500 0.008075 -0.605424
v 0.620114 0.023504 -0.615148
v 0.617829 0.015043 -0.611191
v 0.309717 0.027097 -0.744972
v 0.309717 0.046134 -0.744972
v 0.310049 0.036616 -0.746209
v 0.309415 0.049727 -0.743844
v 0.306509 0.065156 -0.732998
v 0.308232 0.058189 -0.739430
v 0.305738 0.067320 -0.730121
v 0.301022 0.073231 -0.712520
v 0.303485 0.071500 -0.721711
v 0.300085 0.073231 -0.709022
v 0.295368 0.067320 -0.691421
v 0.297622 0.071500 -0.699831
v 0.294597 0.065156 -0.688543
v 0.291691 0.049727 -0.677698
v 0.292874 0.058189 -0.682112
v 0.291389 0.046134 -0.676570
v 0.291389 0.027097 -0.676570
v 0.291058 0.036616 -0.675333
v 0.291691 0.023504 -0.677698
v 0.294597 0.008075 -0.688543
v 0.292874 0.015043 -0.682112
v 0.295368 0.005911 -0.691421
v 0.300085 0.000000 -0.709022
v 0.297622 0.001731 -0.699831
v 0.301022 0.000000 -0.712520
v 0.305738 0.005911 -0.730121
v 0.303485 0.001731 -0.721711
v 0.306509 0.008075 -0.732998
v 0.309415 0.023504 -0.743844
v 0.308232 0.015043 -0.739430
v -0.024006 0.027097 -0.788907
v -0.024006 0.046134 -0.788907
v -0.024006 0.036616 -0.790188
v -0.024006 0.049727 -0.787740
v -0.024006 0.065156 -0.776511
v -0.024006 0.058189 -0.783170
v -0.024006 0.067320 -0.773533
v -0.024006 0.073231 -0.755311
v -0.024006 0.071500 -0.764826
v -0.024006 0.073231 -0.751689
v -0.024006 0.067320 -0.733467
v -0.024006 0.071500 -0.742174
v -0.024006 0.065156 -0.730488
v -0.024006 0.049727 -0.719260
v -0.024006 0.058189 -0.723830
v -0.024006 0.046134 -0.718093
v -0.024006 0.027097 -0.718093
v -0.024006 0.036616 -0.716812
v -0.024006 0.023504 -0.719260
v -0.024006 0.008075 -0.730488
v -0.024006 0.015043 -0.723830
v -0.024006 0.005911 -0.733467
v -0.024006 0.000000 -0.751689
v -0.024006 0.001731 -0.742174
v -0.024006 0.000000 -0.755311
v -0.024006 0.005911 -0.773533
v -0.024006 0.001731 -0.764826
v -0.024006 0.008075 -0.776511
v -0.024006 0.023504 -0.787740
v -0.024006 0.015043 -0.783170
v -0.357729 0.027097 -0.744972
v -0.357729 0.046134 -0.744972
v -0.358060 0.036616 -0.746209
v -0.357427 0.049727 -0.743844
v -0.354521 0.065156 -0.732998
v -0.356244 0.058189 -0.739430
v -0.353750 0.067320 -0.730121
v -0.349033 0.073231 -0.712520
v -0.351496 0.071500 -0.721711
v -0.348096 0.073231 -0.709022
v -0.343380 0.067320 -0.691421
v -0.345633 0.071500 -0.699831
v -0.342609 0.065156 -0.688543
v -0.339703 0.049727 -0.677698
v -0.340886 0.058189 -0.682112
v -0.339401 0.046134 -0.676570
v -0.339401 0.027097 -0.676570
v -0.339069 0.036616 -0.675333
v -0.339703 0.023504 -0.677698
v -0.342609 0.008075 -0.688543
v -0.340886 0.015043 -0.682112
v -0.343380 0.005911 -0.691421
v -0.348096 0.000000 -0.709022
v -0.345633 0.001731 -0.699831
v -0.349033 0.000000 -0.712520
v -0.353750 0.005911 -0.730121
v -0.351496 0.001731 -0.721711
v -0.354521 0.008075 -0.732998
v -0.357427 0.023504 -0.743844
v -0.356244 0.015043 -0.739430
v -0.668709 0.027097 -0.616159
v -0.668709 0.046134 -0.616159
v -0.669350 0.036616 -0.617269
v -0.668126 0.049727 -0.615148
v -0.662511 0.065156 -0.605424
v -0.665841 0.058189 -0.611191
v -0.661022 0.067320 -0.602845
v -0.651911 0.073231 -0.587064
v -0.656668 0.071500 -0.595304
v -0.650100 0.073231 -0.583928
v -0.640989 0.067320 -0.568147
v -0.645343 0.071500 -0.575688
v -0.639500 0.065156 -0.565567
v -0.633886 0.049727 -0.555843
v -0.636171 0.058189 -0.559801
v -0.633302 0.046134 -0.554832
v -0.633302 0.027097 -0.554832
v -0.632661 0.036616 -0.553723
v -0.633886 0.023504 -0.555843
v -0.639500 0.008075 -0.565567
v -0.636171 0.015043 -0.559801
v -0.640989 0.005911 -0.568147
v -0.650100 0.000000 -0.583928
v -0.645343 0.001731 -0.575688
v -0.651911 0.000000 -0.587064
v -0.661022 0.005911 -0.602845
v -0.656668 0.001731 -0.595304
v -0.662511 0.008075 -0.605424
v -0.668126 0.023504 -0.615148
v -0.665841 0.015043 -0.611191
v -0.935755 0.027097 -0.411248
v -0.935755 0.046134 -0.411248
v -0.936660 0.036616 -0.412154
v -0.934929 0.049727 -0.410423
v -0.926989 0.065156 -0.402483
v -0.931698 0.058189 -0.407192
v -0.924883 0.067320 -0.400377
v -0.911998 0.073231 -0.387492
v -0.918727 0.071500 -0.394220
v -0.909437 0.073231 -0.384931
v -0.896553 0.067320 -0.372046
v -0.902709 0.071500 -0.378203
v -0.894446 0.065156 -0.369940
v -0.886507 0.049727 -0.362000
v -0.889738 0.058189 -0.365232
v -0.885681 0.046134 -0.361175
v -0.885681 0.027097 -0.361175
v -0.884775 0.036616 -0.360269
v -0.886507 0.023504 -0.362000
v -0.894446 0.008075 -0.369940
v -0.889738 0.015043 -0.365232
v -0.896553 0.005911 -0.372046
v -0.909437 0.000000 -0.384931
v -0.902709 0.001731 -0.378203
v -0.911998 0.000000 -0.387492
v -0.924883 0.005911 -0.400377
v -0.918727 0.001731 -0.394220
v -0.926989 0.008075 -0.402483
v -0.934929 0.023504 -0.410423
v -0.931698 0.015043 -0.407191
v -1.140665 0.027097 -0.144204
v -1.140665 0.046134 -0.144204
v -1.141774 0.036616 -0.144844
v -1.139654 0.049727 -0.143620
v -1.129930 0.065156 -0.138006
v -1.135696 0.058189 -0.141335
v -1.127350 0.067320 -0.136517
v -1.111570 0.073231 -0.127406
v -1.119810 0.071500 -0.132163
v -1.108433 0.073231 -0.125595
v -1.092653 0.067320 -0.116484
v -1.100193 0.071500 -0.120837
v -1.090073 0.065156 -0.114995
v -1.080349 0.049727 -0.109380
v -1.084306 0.058189 -0.111665
v -1.079338 0.046134 -0.108797
v -1.079338 0.027097 -0.108797
v -1.078228 0.036616 -0.108156
v -1.080349 0.023504 -0.109380
v -1.090073 0.008075 -0.114995
v -1.084306 0.015043 -0.111665
v -1.092653 0.005911 -0.116484
v -1.108433 0.000000 -0.125595
v -1.100193 0.001731 -0.120837
v -1.111570 0.000000 -0.127406
v -1.127350 0.005911 -0.136517
v -1.119810 0.001731 -0.132163
v -1.129930 0.008075 -0.138006
v -1.139654 0.023504 -0.143620
v -1.135697 0.015043 -0.141335
v -1.269478 0.027097 0.166777
v -1.269478 0.046134 0.166777
v -1.270715 0.036616 0.166445
v -1.268350 0.049727 0.167079
v -1.257504 0.065156 0.169985
v -1.263936 0.058189 0.168262
v -1.254627 0.067320 0.170756
v -1.237026 0.073231 0.175472
v -1.246217 0.071500 0.173010
v -1.233528 0.073231 0.176410
v -1.215927 0.067320 0.181126
v -1.224337 0.071500 0.178872
v -1.213049 0.065156 0.181897
v -1.202204 0.049727 0.184803
v -1.206618 0.058189 0.183620
v -1.201076 0.046134 0.185105
v -1.201076 0.027097 0.185105
v -1.199839 0.036616 0.185437
v -1.202204 0.023504 0.184803
v -1.213049 0.008075 0.181897
v -1.206618 0.015043 0.183620
v -1.215927 0.005911 0.181126
v -1.233528 0.000000 0.176410
v -1.224337 0.001731 0.178872
v -1.237026 0.000000 0.175472
v -1.254627 0.005911 0.170756
v -1.246217 0.001731 0.173010
v -1.257504 0.008075 0.169985
v -1.268350 0.023504 0.167079
v -1.263936 0.015043 0.168262
v -1.313413 0.027097 0.500500
v -1.313413 0.046134 0.500500
v -1.314694 0.036616 0.500500
v -1.312246 0.049727 0.500500
v -1.301017 0.065156 0.500500
v -1.307676 0.058189 0.500500
v -1.298039 0.067320 0.500500
v -1.279817 0.073231 0.500500
v -1.289332 0.071500 0.500500
v -1.276195 0.073231 0.500500
v -1.257973 0.067320 0.500500
v -1.266680 0.071500 0.500500
v -1.254994 0.065156 0.500500
v -1.243766 0.049727 0.500500
v -1.248336 0.058189 0.500500
v -1.242599 0.046134 0.500500
v -1.242599 0.027097 0.500500
v -1.241318 0.036616 0.500500
v -1.243766 0.023504 0.500500
v -1.254994 0.008075 0.500500
v -1.248336 0.015043 0.500500
v -1.257973 0.005911 0.500500
v -1.276195 0.000000 0.500500
v -1.266680 0.001731 0.500500
v -1.279817 0.000000 0.500500
v -1.298039 0.005911 0.500500
v -1.289332 0.001731 0.500500
v -1.301017 0.008075 0.500500
v -1.312246 0.023504 0.500500
v -1.307676 0.015043 0.500500
v -1.269478 0.027097 0.834223
v -1.269478 0.046134 0.834223
v -1.270715 0.036616 0.834555
v -1.268350 0.049727 0.833921
v -1.257504 0.065156 0.831015
v -1.263936 0.058189 0.832738
v -1.254627 0.067320 0.830244
v -1.237026 0.073231 0.825528
v -1.246217 0.071500 0.827990
v -1.233528 0.073231 0.824590
v -1.215927 0.067320 0.819874
v -1.224337 0.071500 0.822128
v -1.213049 0.065156 0.819103
v -1.202204 0.049727 0.816197
v -1.206618 0.058189 0.817380
v -1.201076 0.046134 0.815895
v -1.201076 0.027097 0.815895
v -1.199839 0.036616 0.815563
v -1.202204 0.023504 0.816197
v -1.213049 0.008075 0.819103
v -1.206618 0.015043 0.817380
v -1.215927 0.005911 0.819874
v -1.233528 0.000000 0.824590
v -1.224337 0.001731 0.822128
v -1.237026 0.000000 0.825528
v -1.254627 0.005911 0.830244
v -1.246217 0.001731 0.827990
v -1.257504 0.008075 0.831015
v -1.268350 0.023504 0.833921
v -1.263936 0.015043 0.832738
v -1.140665 0.027097 1.145203
v -1.140665 0.046134 1.145203
v -1.141775 0.036616 1.145844
v -1.139654 0.049727 1.144620
v -1.129930 0.065156 1.139005
v -1.135697 0.058189 1.142335
v -1.127351 0.067320 1.137516
v -1.111570 0.073231 1.128405
v -1.119810 0.071500 1.133163
v -1.108433 0.073231 1.126594
v -1.092653 0.067320 1.117483
v -1.100193 0.071500 1.121837
v -1.090073 0.065156 1.115994
v -1.080349 0.049727 1.110380
v -1.084307 0.058189 1.112665
v -1.079338 0.046134 1.109796
v -1.079338 0.027097 1.109796
v -1.078229 0.036616 1.109156
v -1.080349 0.023504 1.110380
v -1.090073 0.008075 1.115994
v -1.084307 0.015043 1.112665
v -1.092653 0.005911 1.117483
v -1.108433 0.000000 1.126594
v -1.100193 0.001731 1.121837
v -1.111570 0.000000 1.128405
v -1.127351 0.005911 1.137516
v -1.119810 0.001731 1.133163
v -1.129930 0.008075 1.139005
v -1.139654 0.023504 1.144620
v -1.135697 0.015043 1.142335
v -0.935755 0.027097 1.412248
v -0.935755 0.046134 1.412248
v -0.936660 0.036616 1.413154
v -0.934929 0.049727 1.411423
v -0.926989 0.065156 1.403483
v -0.931698 0.058189 1.408191
v -0.924883 0.067320 1.401377
v -0.911998 0.073231 1.388492
v -0.918727 0.071500 1.395220
v -0.909437 0.073231 1.385931
v -0.896553 0.067320 1.373046
v -0.902709 0.071500 1.379203
v -0.894446 0.065156 1.370940
v -0.886507 0.049727 1.363000
v -0.889738 0.058189 1.366232
v -0.885681 0.046134 1.362175
v -0.885681 0.027097 1.362175
v -0.884775 0.036616 1.361269
v -0.886507 0.023504 1.363000
v -0.894446 0.008075 1.370940
v -0.889738 0.015043 1.366232
v -0.896553 0.005911 1.373046
v -0.909437 0.000000 1.385931
v -0.902709 0.001731 1.379203
v -0.911998 0.000000 1.388492
v -0.924883 0.005911 1.401377
v -0.918727 0.001731 1.395220
v -0.926989 0.008075 1.403483
v -0.934929 0.023504 1.411423
v -0.931698 0.015043 1.408191
v -0.668709 0.027097 1.617160
v -0.668709 0.046134 1.617160
v -0.669350 0.036616 1.618269
v -0.668126 0.049727 1.616148
v -0.662511 0.065156 1.606425
v -0.665841 0.058189 1.612191
v -0.661022 0.067320 1.603845
v -0.651911 0.073231 1.588064
v -0.656668 0.071500 1.596304
v -0.650100 0.073231 1.584928
v -0.640989 0.067320 1.569147
v -0.645343 0.071500 1.576688
v -0.639500 0.065156 1.566567
v -0.633886 0.049727 1.556844
v -0.636171 0.058189 1.560801
v -0.633302 0.046134 1.555832
v -0.633302 0.027097 1.555832
v -0.632661 0.036616 1.554723
v -0.633886 0.023504 1.556844
v -0.639500 0.008075 1.566567
v -0.636171 0.015043 1.560801
v -0.640989 0.005911 1.569147
v -0.650100 0.000000 1.584928
v -0.645343 0.001731 1.576688
v -0.651911 0.000000 1.588064
v -0.661022 0.005911 1.603845
v -0.656668 0.001731 1.596304
v -0.662511 0.008075 1.606425
v -0.668126 0.023504 1.616148
v -0.665841 0.015043 1.612191
v -0.357729 0.027097 1.745972
v -0.357729 0.046134 1.745972
v -0.358061 0.036616 1.747209
v -0.357427 0.049727 1.744844
v -0.354521 0.065156 1.733998
v -0.356245 0.058189 1.740430
v -0.353750 0.067320 1.731121
v -0.349034 0.073231 1.713520
v -0.351497 0.071500 1.722711
v -0.348097 0.073231 1.710022
v -0.343380 0.067320 1.692421
v -0.345634 0.071500 1.700831
v -0.342609 0.065156 1.689543
v -0.339703 0.049727 1.678698
v -0.340886 0.058189 1.683112
v -0.339401 0.046134 1.677570
v -0.339401 0.027097 1.677570
v -0.339070 0.036616 1.676333
v -0.339703 0.023504 1.678698
v -0.342609 0.008075 1.689543
v -0.340886 0.015043 1.683112
v -0.343380 0.005911 1.692421
v -0.348097 0.000000 1.710022
v -0.345634 0.001731 1.700831
v -0.349034 0.000000 1.713520
v -0.353750 0.005911 1.731121
v -0.351497 0.001731 1.722711
v -0.354521 0.008075 1.733998
v -0.357427 0.023504 1.744844
v -0.356245 0.015043 1.740430
v -0.024006 0.027097 1.789907
v -0.024006 0.046134 1.789907
v -0.024006 0.036616 1.791188
v -0.024006 0.049727 1.788740
v -0.024006 0.065156 1.777511
v -0.024006 0.058189 1.784170
v -0.024006 0.067320 1.774533
v -0.024006 0.073231 1.756311
v -0.024006 0.071500 1.765826
v -0.024006 0.073231 1.752689
v -0.024006 0.067320 1.734467
v -0.024006 0.071500 1.743174
v -0.024006 0.065156 1.731488
v -0.024006 0.049727 1.720260
v -0.024006 0.058189 1.724830
v -0.024006 0.046134 1.719093
v -0.024006 0.027097 1.719093
v -0.024006 0.036616 1.717812
v -0.024006 0.023504 1.720260
v -0.024006 0.008075 1.731488
v -0.024006 0.015043 1.724830
v -0.024006 0.005911 1.734467
v -0.024006 0.000000 1.752689
v -0.024006 0.001731 1.743174
v -0.024006 0.000000 1.756311
v -0.024006 0.005911 1.774533
v -0.024006 0.001731 1.765826
v -0.024006 0.008075 1.777511
v -0.024006 0.023504 1.788740
v -0.024006 0.015043 1.784170
v 0.309717 0.027097 1.745972
v 0.309717 0.046134 1.745972
v 0.310048 0.036616 1.747209
v 0.309415 0.049727 1.744844
v 0.306508 0.065156 1.733999
v 0.308232 0.058189 1.740430
v 0.305738 0.067320 1.731121
v 0.301021 0.073231 1.713520
v 0.303484 0.071500 1.722711
v 0.300084 0.073231 1.710022
v 0.295368 0.067320 1.692421
v 0.297621 0.071500 1.700831
v 0.294597 0.065156 1.689544
v 0.291691 0.049727 1.678698
v 0.292874 0.058189 1.683112
v 0.291389 0.046134 1.677570
v 0.291389 0.027097 1.677570
v 0.291057 0.036616 1.676333
v 0.291691 0.023504 1.678698
v 0.294597 0.008075 1.689544
v 0.292874 0.015043 1.683112
v 0.295368 0.005911 1.692421
v 0.300084 0.000000 1.710022
v 0.297621 0.001731 1.700831
v 0.301021 0.000000 1.713520
v 0.305738 0.005911 1.731121
v 0.303484 0.001731 1.722711
v 0.306508 0.008075 1.733999
v 0.309415 0.023504 1.744844
v 0.308232 0.015043 1.740430
v 0.620698 0.027097 1.617160
v 0.620698 0.046134 1.617160
v 0.621338 0.036616 1.618269
v 0.620114 0.049727 1.616148
v 0.614500 0.065156 1.606425
v 0.617829 0.058189 1.612191
v 0.613011 0.067320 1.603845
v 0.603900 0.073231 1.588064
v 0.608657 0.071500 1.596304
v 0.602089 0.073231 1.584928
v 0.592978 0.067320 1.569147
v 0.597331 0.071500 1.576687
v 0.591488 0.065156 1.566567
v 0.585874 0.049727 1.556843
v 0.588159 0.058189 1.560801
v 0.585290 0.046134 1.555832
v 0.585290 0.027097 1.555832
v 0.584650 0.036616 1.554723
v 0.585874 0.023504 1.556843
v 0.591488 0.008075 1.566567
v 0.588159 0.015043 1.560801
v 0.592978 0.005911 1.569147
v 0.602089 0.000000 1.584928
v 0.597331 0.001731 1.576687
v 0.603900 0.000000 1.588064
v 0.613011 0.005911 1.603845
v 0.608657 0.001731 1.596304
v 0.614500 0.008075 1.606425
v 0.620114 0.023504 1.616148
v 0.617829 0.015043 1.612191
v 0.887742 0.027097 1.412249
v 0.887742 0.046134 1.412249
v 0.888648 0.036616 1.413155
v 0.886917 0.049727 1.411424
v 0.878977 0.065156 1.403484
v 0.883686 0.058189 1.408192
v 0.876871 0.067320 1.401378
v 0.863986 0.073231 1.388493
v 0.870714 0.071500 1.395221
v 0.861425 0.073231 1.385932
v 0.848540 0.067320 1.373047
v 0.854697 0.071500 1.379204
v 0.846434 0.065156 1.370941
v 0.838494 0.049727 1.363001
v 0.841726 0.058189 1.366232
v 0.837669 0.046134 1.362176
v 0.837669 0.027097 1.362176
v 0.836763 0.036616 1.361270
v 0.838494 0.023504 1.363001
v 0.846434 0.008075 1.370941
v 0.841726 0.015043 1.366232
v 0.848540 0.005911 1.373047
v 0.861425 0.000000 1.385932
v 0.854697 0.001731 1.379204
v 0.863986 0.000000 1.388493
v 0.876871 0.005911 1.401378
v 0.870714 0.001731 1.395221
v 0.878977 0.008075 1.403484
v 0.886917 0.023504 1.411424
v 0.883686 0.015043 1.408192
v 1.092654 0.027097 1.145204
v 1.092654 0.046134 1.145204
v 1.093763 0.036616 1.145844
v 1.091642 0.049727 1.144620
v 1.081918 0.065156 1.139006
v 1.087685 0.058189 1.142335
v 1.079339 0.067320 1.137517
v 1.063558 0.073231 1.128406
v 1.071799 0.071500 1.133163
v 1.060421 0.073231 1.126595
v 1.044641 0.067320 1.117484
v 1.052181 0.071500 1.121837
v 1.042061 0.065156 1.115994
v 1.032337 0.049727 1.110380
v 1.036295 0.058189 1.112665
v 1.031326 0.046134 1.109797
v 1.031326 0.027097 1.109797
v 1.030217 0.036616 1.109156
v 1.032337 0.023504 1.110380
v 1.042061 0.008075 1.115994
v 1.036295 0.015043 1.112665
v 1.044641 0.005911 1.117484
v 1.060421 0.000000 1.126595
v 1.052181 0.001731 1.121837
v 1.063558 0.000000 1.128406
v 1.079339 0.005911 1.137517
v 1.071799 0.001731 1.133163
v 1.081918 0.008075 1.139006
v 1.091642 0.023504 1.144620
v 1.087685 0.015043 1.142335
v 1.221466 0.027097 0.834223
v 1.221466 0.046134 0.834223
v 1.222703 0.036616 0.834554
v 1.220338 0.049727 0.833921
v 1.209493 0.065156 0.831015
v 1.215924 0.058189 0.832738
v 1.206615 0.067320 0.830244
v 1.189014 0.073231 0.825527
v 1.198205 0.071500 0.827990
v 1.185516 0.073231 0.824590
v 1.167915 0.067320 0.819874
v 1.176325 0.071500 0.822127
v 1.165038 0.065156 0.819103
v 1.154192 0.049727 0.816197
v 1.158606 0.058189 0.817380
v 1.153064 0.046134 0.815895
v 1.153064 0.027097 0.815895
v 1.151827 0.036616 0.815563
v 1.154192 0.023504 0.816197
v 1.165038 0.008075 0.819103
v 1.158606 0.015043 0.817380
v 1.167915 0.005911 0.819874
v 1.185516 0.000000 0.824590
v 1.176325 0.001731 0.822127
v 1.189014 0.000000 0.825527
v 1.206615 0.005911 0.830244
v 1.198205 0.001731 0.827990
v 1.209493 0.008075 0.831015
v 1.220338 0.023504 0.833921
v 1.215924 0.015043 0.832738
v 1.493994 1.883816 0.500500
v 1.493994 1.856085 0.415154
v 1.493994 1.823962 0.383031
v 1.493994 1.738616 0.355300
v 1.493994 1.693746 0.362407
v 1.493994 1.653269 0.383031
v 1.493994 1.621146 0.415154
v 1.493994 1.600522 0.455631
v 1.493994 1.593416 0.500500
v 1.511165 1.876709 0.459046
v 1.526655 1.856085 0.421650
v 1.538948 1.823962 0.391973
v 1.546840 1.783485 0.372918
v 1.549560 1.738616 0.366353
v 1.546840 1.693746 0.372918
v 1.538948 1.653269 0.391973
v 1.526655 1.621146 0.421650
v 1.511165 1.600522 0.459046
v 1.525722 1.876709 0.468773
v 1.554343 1.856085 0.440151
v 1.577058 1.823962 0.417437
v 1.591641 1.783485 0.402853
v 1.596666 1.738616 0.397828
v 1.591641 1.693746 0.402853
v 1.577058 1.653269 0.417437
v 1.554343 1.621146 0.440151
v 1.525722 1.600522 0.468773
v 1.535448 1.876709 0.483329
v 1.572844 1.856085 0.467839
v 1.602522 1.823962 0.455546
v 1.621576 1.783485 0.447654
v 1.628141 1.738616 0.444934
v 1.621576 1.693746 0.447654
v 1.602522 1.653269 0.455546
v 1.572844 1.621146 0.467839
v 1.535448 1.600522 0.483329
v 1.538863 1.876709 0.500500
v 1.579341 1.856085 0.500500
v 1.611463 1.823962 0.500500
v 1.632087 1.783485 0.500500
v 1.639194 1.738616 0.500500
v 1.632087 1.693746 0.500500
v 1.611463 1.653269 0.500500
v 1.579341 1.621146 0.500500
v 1.538863 1.600522 0.500500
v 1.535448 1.876709 0.517671
v 1.572844 1.856085 0.533161
v 1.602522 1.823962 0.545454
v 1.621576 1.783485 0.553346
v 1.628141 1.738616 0.556066
v 1.621576 1.693746 0.553346
v 1.602522 1.653269 0.545454
v 1.572844 1.621146 0.533161
v 1.535448 1.600522 0.517671
v 1.525722 1.876709 0.532227
v 1.554343 1.856085 0.560849
v 1.577057 1.823962 0.583563
v 1.591641 1.783485 0.598147
v 1.596666 1.738616 0.603172
v 1.591641 1.693746 0.598147
v 1.577057 1.653269 0.583563
v 1.554343 1.621146 0.560849
v 1.525722 1.600522 0.532227
v 1.511165 1.876709 0.541954
v 1.526655 1.856085 0.579350
v 1.538948 1.823962 0.609027
v 1.546840 1.783485 0.628082
v 1.549560 1.738616 0.634647
v 1.546840 1.693746 0.628082
v 1.538948 1.653269 0.609027
v 1.526655 1.621146 0.579350
v 1.511165 1.600522 0.541954
v 1.493994 1.876709 0.545369
v 1.493994 1.856085 0.585846
v 1.493994 1.823962 0.617969
v 1.493994 1.783485 0.638593
v 1.493994 1.738616 0.645700
v 1.493994 1.693746 0.638593
v 1.493994 1.653269 0.617969
v 1.493994 1.621146 0.585846
v 1.493994 1.600522 0.545369
v 1.476823 1.876709 0.541954
v 1.461334 1.856085 0.579350
v 1.449041 1.823962 0.609027
v 1.441148 1.783485 0.628082
v 1.438428 1.738616 0.634647
v 1.441148 1.693746 0.628082
v 1.449041 1.653269 0.609027
v 1.461334 1.621146 0.579350
v 1.476823 1.600522 0.541954
v 1.462267 1.876709 0.532227
v 1.433645 1.856085 0.560849
v 1.410931 1.823962 0.583563
v 1.396347 1.783485 0.598147
v 1.391322 1.738616 0.603172
v 1.396347 1.693746 0.598147
v 1.410931 1.653269 0.583563
v 1.433645 1.621146 0.560849
v 1.462267 1.600522 0.532227
v 1.452540 1.876709 0.517671
v 1.415144 1.856085 0.533161
v 1.385467 1.823962 0.545454
v 1.366412 1.783485 0.553346
v 1.359847 1.738616 0.556066
v 1.366412 1.693746 0.553346
v 1.385467 1.653269 0.545454
v 1.415144 1.621146 0.533161
v 1.452540 1.600522 0.517671
v 1.449125 1.876709 0.500500
v 1.408648 1.856085 0.500500
v 1.376525 1.823962 0.500500
v 1.355901 1.783485 0.500500
v 1.348794 1.738616 0.500500
v 1.355901 1.693746 0.500500
v 1.376525 1.653269 0.500500
v 1.408648 1.621146 0.500500
v 1.449125 1.600522 0.500500
v 1.452540 1.876709 0.483329
v 1.415144 1.856085 0.467839
v 1.385467 1.823962 0.455546
v 1.366413 1.783485 0.447654
v 1.359847 1.738616 0.444934
v 1.366413 1.693746 0.447654
v 1.385467 1.653269 0.455546
v 1.415144 1.621146 0.467839
v 1.452540 1.600522 0.483329
v 1.462267 1.876709 0.468773
v 1.433645 1.856085 0.440151
v 1.410931 1.823962 0.417437
v 1.396348 1.783485 0.402853
v 1.391322 1.738616 0.397828
v 1.396348 1.693746 0.402853
v 1.410931 1.653269 0.417437
v 1.433645 1.621146 0.440151
v 1.462267 1.600522 0.468773
v 1.476824 1.876709 0.459046
v 1.461334 1.856085 0.421650
v 1.449041 1.823962 0.391973
v 1.441148 1.783485 0.372918
v 1.438429 1.738616 0.366353
v 1.441148 1.693746 0.372918
v 1.449041 1.653269 0.391973
v 1.461334 1.621146 0.421650
v 1.476824 1.600522 0.459046
v 1.493994 1.876709 0.455631
v 1.493994 1.783485 0.362407
v 0.445082 1.971983 -0.293537
v 0.445082 1.944253 -0.378883
v 0.445082 1.912130 -0.411006
v 0.445082 1.826783 -0.438737
v 0.445082 1.781914 -0.431630
v 0.445082 1.741437 -0.411006
v 0.445082 1.709314 -0.378883
v 0.445082 1.688690 -0.338406
v 0.445082 1.681583 -0.293537
v 0.462253 1.964877 -0.334991
v 0.477743 1.944253 -0.372387
v 0.490036 1.912130 -0.402065
v 0.497928 1.871653 -0.421119
v 0.500648 1.826783 -0.427684
v 0.497928 1.781914 -0.421119
v 0.490036 1.741437 -0.402065
v 0.477743 1.709314 -0.372387
v 0.462253 1.688690 -0.334991
v 0.476809 1.964877 -0.325264
v 0.505431 1.944253 -0.353886
v 0.528145 1.912130 -0.376600
v 0.542729 1.871653 -0.391184
v 0.547754 1.826783 -0.396209
v 0.542729 1.781914 -0.391184
v 0.528145 1.741437 -0.376600
v 0.505431 1.709314 -0.353886
v 0.476809 1.688690 -0.325264
v 0.486536 1.964877 -0.310708
v 0.523932 1.944253 -0.326198
v 0.553609 1.912130 -0.338491
v 0.572664 1.871653 -0.346383
v 0.579229 1.826783 -0.349103
v 0.572664 1.781914 -0.346383
v 0.553609 1.741437 -0.338491
v 0.523932 1.709314 -0.326198
v 0.486536 1.688690 -0.310708
v 0.489951 1.964877 -0.293537
v 0.530428 1.944253 -0.293537
v 0.562551 1.912130 -0.293537
v 0.583175 1.871653 -0.293537
v 0.590282 1.826783 -0.293537
v 0.583175 1.781914 -0.293537
v 0.562551 1.741437 -0.293537
v 0.530428 1.709314 -0.293537
v 0.489951 1.688690 -0.293537
v 0.486536 1.964877 -0.276366
v 0.523932 1.944253 -0.260876
v 0.553609 1.912130 -0.248583
v 0.572664 1.871653 -0.240691
v 0.579229 1.826783 -0.237971
v 0.572664 1.781914 -0.240691
v 0.553609 1.741437 -0.248583
v 0.523932 1.709314 -0.260876
v 0.486536 1.688690 -0.276366
v 0.476809 1.964877 -0.261810
v 0.505431 1.944253 -0.233188
v 0.528145 1.912130 -0.210474
v 0.542729 1.871653 -0.195890
v 0.547754 1.826783 -0.190865
v 0.542729 1.781914 -0.195890
v 0.528145 1.741437 -0.210474
v 0.505431 1.709314 -0.233188
v 0.476809 1.688690 -0.261810
v 0.462253 1.964877 -0.252083
v 0.477743 1.944253 -0.214687
v 0.490035 1.912130 -0.185010
v 0.497928 1.871653 -0.165955
v 0.500648 1.826783 -0.159390
v 0.497928 1.781914 -0.165955
v 0.490035 1.741437 -0.185010
v 0.477743 1.709314 -0.214687
v 0.462253 1.688690 -0.252083
v 0.445082 1.964877 -0.248668
v 0.445082 1.944253 -0.208191
v 0.445082 1.912130 -0.176068
v 0.445082 1.871653 -0.155444
v 0.445082 1.826783 -0.148337
v 0.445082 1.781914 -0.155444
v 0.445082 1.741437 -0.176068
v 0.445082 1.709314 -0.208191
v 0.445082 1.688690 -0.248668
v 0.427911 1.964877 -0.252083
v 0.412421 1.944253 -0.214687
v 0.400128 1.912130 -0.185010
v 0.392236 1.871653 -0.165955
v 0.389516 1.826783 -0.159390
v 0.392236 1.781914 -0.165955
v 0.400128 1.741437 -0.185010
v 0.412421 1.709314 -0.214687
v 0.427911 1.688690 -0.252083
v 0.413355 1.964877 -0.261810
v 0.384733 1.944253 -0.233188
v 0.362019 1.912130 -0.210474
v 0.347435 1.871653 -0.195890
v 0.342410 1.826783 -0.190865
v 0.347435 1.781914 -0.195890
v 0.362019 1.741437 -0.210474
v 0.384733 1.709314 -0.233188
v 0.413355 1.688690 -0.261810
v 0.403628 1.964877 -0.276366
v 0.366232 1.944253 -0.260876
v 0.336555 1.912130 -0.248584
v 0.317500 1.871653 -0.240691
v 0.310935 1.826783 -0.237971
v 0.317500 1.781914 -0.240691
v 0.336555 1.741437 -0.248584
v 0.366232 1.709314 -0.260876
v 0.403628 1.688690 -0.276366
v 0.400213 1.964877 -0.293537
v 0.359736 1.944253 -0.293537
v 0.327613 1.912130 -0.293537
v 0.306989 1.871653 -0.293537
v 0.299882 1.826783 -0.293537
v 0.306989 1.781914 -0.293537
v 0.327613 1.741437 -0.293537
v 0.359736 1.709314 -0.293537
v 0.400213 1.688690 -0.293537
v 0.403628 1.964877 -0.310708
v 0.366232 1.944253 -0.326198
v 0.336555 1.912130 -0.338491
v 0.317500 1.871653 -0.346383
v 0.310935 1.826783 -0.349103
v 0.317500 1.781914 -0.346383
v 0.336555 1.741437 -0.338491
v 0.366232 1.709314 -0.326198
v 0.403628 1.688690 -0.310708
v 0.413355 1.964877 -0.325264
v 0.384733 1.944253 -0.353886
v 0.362019 1.912130 -0.376600
v 0.347435 1.871653 -0.391184
v 0.342410 1.826783 -0.396209
v 0.347435 1.781914 -0.391184
v 0.362019 1.741437 -0.376600
v 0.384733 1.709314 -0.353886
v 0.413355 1.688690 -0.325264
v 0.427911 1.964877 -0.334991
v 0.412421 1.944253 -0.372387
v 0.400128 1.912130 -0.402065
v 0.392236 1.871653 -0.421119
v 0.389516 1.826783 -0.427684
v 0.392236 1.781914 -0.421119
v 0.400128 1.741437 -0.402065
v 0.412421 1.709314 -0.372387
v 0.427911 1.688690 -0.334991
v 0.445082 1.964877 -0.338406
v 0.445082 1.871653 -0.431630
v -1.252094 1.741157 0.009758
v -1.252094 1.713426 -0.075588
v -1.252094 1.681304 -0.107711
v -1.252094 1.595957 -0.135442
v -1.252094 1.551088 -0.128335
v -1.252094 1.510611 -0.107711
v -1.252094 1.478488 -0.075588
v -1.252094 1.457864 -0.035111
v -1.252094 1.450757 0.009758
v -1.234923 1.734051 -0.031696
v -1.219433 1.713426 -0.069092
v -1.207140 1.681304 -0.098769
v -1.199248 1.640826 -0.117824
v -1.196528 1.595957 -0.124389
v -1.199248 1.551088 -0.117824
v -1.207140 1.510611 -0.098769
v -1.219433 1.478488 -0.069092
v -1.234923 1.457864 -0.031696
v -1.220366 1.734051 -0.021969
v -1.191745 1.713426 -0.050591
v -1.169030 1.681304 -0.073305
v -1.154447 1.640826 -0.087889
v -1.149422 1.595957 -0.092914
v -1.154447 1.551088 -0.087889
v -1.169030 1.510611 -0.073305
v -1.191745 1.478488 -0.050591
v -1.220366 1.457864 -0.021969
v -1.210640 1.734051 -0.007413
v -1.173244 1.713426 -0.022903
v -1.143566 1.681304 -0.035195
v -1.124512 1.640826 -0.043088
v -1.117946 1.595957 -0.045807
v -1.124512 1.551088 -0.043088
v -1.143566 1.510611 -0.035195
v -1.173244 1.478488 -0.022903
v -1.210640 1.457864 -0.007413
v -1.207224 1.734051 0.009758
v -1.166747 1.713426 0.009758
v -1.134624 1.681304 0.009758
v -1.114000 1.640826 0.009758
v -1.106894 1.595957 0.009758
v -1.114000 1.551088 0.009758
v -1.134624 1.510611 0.009758
v -1.166747 1.478488 0.009758
v -1.207224 1.457864 0.009758
v -1.210640 1.734051 0.026929
v -1.173244 1.713426 0.042419
v -1.143566 1.681304 0.054712
v -1.124512 1.640826 0.062604
v -1.117946 1.595957 0.065324
v -1.124512 1.551088 0.062604
v -1.143566 1.510611 0.054712
v -1.173244 1.478488 0.042419
v -1.210640 1.457864 0.026929
v -1.220366 1.734051 0.041485
v -1.191745 1.713426 0.070107
v -1.169030 1.681304 0.092821
v -1.154447 1.640826 0.107405
v -1.149422 1.595957 0.112430
v -1.154447 1.551088 0.107405
v -1.169030 1.510611 0.092821
v -1.191745 1.478488 0.070107
v -1.220366 1.457864 0.041485
v -1.234923 1.734051 0.051212
v -1.219433 1.713426 0.088608
v -1.207140 1.681304 0.118286
v -1.199248 1.640826 0.137340
v -1.196528 1.595957 0.143905
v -1.199248 1.551088 0.137340
v -1.207140 1.510611 0.118286
v -1.219433 1.478488 0.088608
v -1.234923 1.457864 0.051212
v -1.252094 1.734051 0.054627
v -1.252094 1.713426 0.095105
v -1.252094 1.681304 0.127227
v -1.252094 1.640826 0.147852
v -1.252094 1.595957 0.154958
v -1.252094 1.551088 0.147852
v -1.252094 1.510611 0.127227
v -1.252094 1.478488 0.095105
v -1.252094 1.457864 0.054627
v -1.269264 1.734051 0.051212
v -1.284754 1.713426 0.088608
v -1.297047 1.681304 0.118286
v -1.304940 1.640826 0.137340
v -1.307659 1.595957 0.143905
v -1.304940 1.551088 0.137340
v -1.297047 1.510611 0.118286
v -1.284754 1.478488 0.088608
v -1.269264 1.457864 0.051212
v -1.283821 1.734051 0.041485
v -1.312443 1.713426 0.070107
v -1.335157 1.681304 0.092821
v -1.349741 1.640826 0.107405
v -1.354766 1.595957 0.112430
v -1.349741 1.551088 0.107405
v -1.335157 1.510611 0.092821
v -1.312443 1.478488 0.070107
v -1.283821 1.457864 0.041485
v -1.293547 1.734051 0.026929
v -1.330943 1.713426 0.042419
v -1.360621 1.681304 0.054712
v -1.379675 1.640826 0.062604
v -1.386241 1.595957 0.065324
v -1.379675 1.551088 0.062604
v -1.360621 1.510611 0.054712
v -1.330943 1.478488 0.042419
v -1.293547 1.457864 0.026929
v -1.296963 1.734051 0.009758
v -1.337440 1.713426 0.009758
v -1.369563 1.681304 0.009758
v -1.390187 1.640826 0.009758
v -1.397294 1.595957 0.009758
v -1.390187 1.551088 0.009758
v -1.369563 1.510611 0.009758
v -1.337440 1.478488 0.009758
v -1.296963 1.457864 0.009758
v -1.293547 1.734051 -0.007413
v -1.330943 1.713426 -0.022903
v -1.360621 1.681304 -0.035195
v -1.379675 1.640826 -0.043088
v -1.386241 1.595957 -0.045808
v -1.379675 1.551088 -0.043088
v -1.360621 1.510611 -0.035195
v -1.330943 1.478488 -0.022903
v -1.293547 1.457864 -0.007413
v -1.283821 1.734051 -0.021969
v -1.312443 1.713426 -0.050591
v -1.335157 1.681304 -0.073305
v -1.349740 1.640826 -0.087889
v -1.354765 1.595957 -0.092914
v -1.349740 1.551088 -0.087889
v -1.335157 1.510611 -0.073305
v -1.312443 1.478488 -0.050591
v -1.283821 1.457864 -0.021969
v -1.269264 1.734051 -0.031696
v -1.284754 1.713426 -0.069092
v -1.297047 1.681304 -0.098769
v -1.304940 1.640826 -0.117824
v -1.307659 1.595957 -0.124389
v -1.304940 1.551088 -0.117824
v -1.297047 1.510611 -0.098769
v -1.284754 1.478488 -0.069092
v -1.269264 1.457864 -0.031696
v -1.252094 1.734051 -0.035111
v -1.252094 1.640826 -0.128335
v -1.252094 2.026474 0.991242
v -1.252094 1.998744 0.905896
v -1.252094 1.966621 0.873773
v -1.252094 1.881274 0.846042
v -1.252094 1.836405 0.853149
v -1.252094 1.795928 0.873773
v -1.252094 1.763805 0.905896
v -1.252094 1.743181 0.946373
v -1.252094 1.736074 0.991242
v -1.234923 2.019368 0.949788
v -1.219433 1.998744 0.912392
v -1.207140 1.966621 0.882715
v -1.199248 1.926144 0.863660
v -1.196528 1.881274 0.857095
v -1.199248 1.836405 0.863660
v -1.207140 1.795928 0.882715
v -1.219433 1.763805 0.912392
v -1.234923 1.743181 0.949788
v -1.220366 2.019368 0.959515
v -1.191745 1.998744 0.930893
v -1.169030 1.966621 0.908179
v -1.154447 1.926144 0.893595
v -1.149422 1.881274 0.888570
v -1.154447 1.836405 0.893595
v -1.169030 1.795928 0.908179
v -1.191745 1.763805 0.930893
v -1.220366 1.743181 0.959515
v -1.210640 2.019368 0.974071
v -1.173244 1.998744 0.958581
v -1.143566 1.966621 0.946288
v -1.124512 1.926144 0.938396
v -1.117946 1.881274 0.935676
v -1.124512 1.836405 0.938396
v -1.143566 1.795928 0.946288
v -1.173244 1.763805 0.958581
v -1.210640 1.743181 0.974071
v -1.207224 2.019368 0.991242
v -1.166747 1.998744 0.991242
v -1.134624 1.966621 0.991242
v -1.114000 1.926144 0.991242
v -1.106894 1.881274 0.991242
v -1.114000 1.836405 0.991242
v -1.134624 1.795928 0.991242
v -1.166747 1.763805 0.991242
v -1.207224 1.743181 0.991242
v -1.210640 2.019368 1.008413
v -1.173244 1.998744 1.023903
v -1.143566 1.966621 1.036196
v -1.124512 1.926144 1.044088
v -1.117946 1.881274 1.046808
v -1.124512 1.836405 1.044088
v -1.143566 1.795928 1.036196
v -1.173244 1.763805 1.023903
v -1.210640 1.743181 1.008413
v -1.220366 2.019368 1.022969
v -1.191745 1.998744 1.051591
v -1.169030 1.966621 1.074305
v -1.154447 1.926144 1.088889
v -1.149422 1.881274 1.093914
v -1.154447 1.836405 1.088889
v -1.169030 1.795928 1.074305
v -1.191745 1.763805 1.051591
v -1.220366 1.743181 1.022969
v -1.234923 2.019368 1.032696
v -1.219433 1.998744 1.070092
v -1.207140 1.966621 1.099769
v -1.199248 1.926144 1.118824
v -1.196528 1.881274 1.125389
v -1.199248 1.836405 1.118824
v -1.207140 1.795928 1.099769
v -1.219433 1.763805 1.070092
v -1.234923 1.743181 1.032696
v -1.252094 2.019368 1.036111
v -1.252094 1.998744 1.076588
v -1.252094 1.966621 1.108711
v -1.252094 1.926144 1.129335
v -1.252094 1.881274 1.136442
v -1.252094 1.836405 1.129335
v -1.252094 1.795928 1.108711
v -1.252094 1.763805 1.076588
v -1.252094 1.743181 1.036111
v -1.269264 2.019368 1.032696
v -1.284754 1.998744 1.070092
v -1.297047 1.966621 1.099769
v -1.304940 1.926144 1.118824
v -1.307659 1.881274 1.125389
v -1.304940 1.836405 1.118824
v -1.297047 1.795928 1.099769
v -1.284754 1.763805 1.070092
v -1.269264 1.743181 1.032696
v -1.283821 2.019368 1.022969
v -1.312443 1.998744 1.051591
v -1.335157 1.966621 1.074305
v -1.349741 1.926144 1.088889
v -1.354766 1.881274 1.093914
v -1.349741 1.836405 1.088889
v -1.335157 1.795928 1.074305
v -1.312443 1.763805 1.051591
v -1.283821 1.743181 1.022969
v -1.293547 2.019368 1.008413
v -1.330943 1.998744 1.023903
v -1.360621 1.966621 1.036196
v -1.379675 1.926144 1.044088
v -1.386241 1.881274 1.046808
v -1.379675 1.836405 1.044088
v -1.360621 1.795928 1.036196
v -1.330943 1.763805 1.023903
v -1.293547 1.743181 1.008413
v -1.296963 2.019368 0.991242
v -1.337440 1.998744 0.991242
v -1.369563 1.966621 0.991242
v -1.390187 1.926144 0.991242
v -1.397294 1.881274 0.991242
v -1.390187 1.836405 0.991242
v -1.369563 1.795928 0.991242
v -1.337440 1.763805 0.991242
v -1.296963 1.743181 0.991242
v -1.293547 2.019368 0.974071
v -1.330943 1.998744 0.958581
v -1.360621 1.966621 0.946288
v -1.379675 1.926144 0.938396
v -1.386241 1.881274 0.935676
v -1.379675 1.836405 0.938396
v -1.360621 1.795928 0.946288
v -1.330943 1.763805 0.958581
v -1.293547 1.743181 0.974071
v -1.283821 2.019368 0.959515
v -1.312443 1.998744 0.930893
v -1.335157 1.966621 0.908179
v -1.349740 1.926144 0.893595
v -1.354765 1.881274 0.888570
v -1.349740 1.836405 0.893595
v -1.335157 1.795928 0.908179
v -1.312443 1.763805 0.930893
v -1.283821 1.743181 0.959515
v -1.269264 2.019368 0.949788
v -1.284754 1.998744 0.912392
v -1.297047 1.966621 0.882715
v -1.304940 1.926144 0.863660
v -1.307659 1.881274 0.857095
v -1.304940 1.836405 0.863660
v -1.297047 1.795928 0.882715
v -1.284754 1.763805 0.912392
v -1.269264 1.743181 0.949788
v -1.252094 2.019368 0.946373
v -1.252094 1.926144 0.853149
v 0.445082 1.795648 1.294537
v 0.445082 1.767917 1.209191
v 0.445082 1.735794 1.177068
v 0.445082 1.650448 1.149337
v 0.445082 1.605579 1.156444
v 0.445082 1.565101 1.177068
v 0.445082 1.532979 1.209191
v 0.445082 1.512354 1.249668
v 0.445082 1.505248 1.294537
v 0.462253 1.788541 1.253083
v 0.477743 1.767917 1.215687
v 0.490036 1.735794 1.186010
v 0.497928 1.695317 1.166955
v 0.500648 1.650448 1.160390
v 0.497928 1.605579 1.166955
v 0.490036 1.565101 1.186010
v 0.477743 1.532979 1.215687
v 0.462253 1.512354 1.253083
v 0.476809 1.788541 1.262810
v 0.505431 1.767917 1.234188
v 0.528145 1.735794 1.211474
v 0.542729 1.695317 1.196890
v 0.547754 1.650448 1.191865
v 0.542729 1.605579 1.196890
v 0.528145 1.565101 1.211474
v 0.505431 1.532979 1.234188
v 0.476809 1.512354 1.262810
v 0.486536 1.788541 1.277366
v 0.523932 1.767917 1.261876
v 0.553609 1.735794 1.249584
v 0.572664 1.695317 1.241691
v 0.579229 1.650448 1.238971
v 0.572664 1.605579 1.241691
v 0.553609 1.565101 1.249584
v 0.523932 1.532979 1.261876
v 0.486536 1.512354 1.277366
v 0.489951 1.788541 1.294537
v 0.530428 1.767917 1.294537
v 0.562551 1.735794 1.294537
v 0.583175 1.695317 1.294537
v 0.590282 1.650448 1.294537
v 0.583175 1.605579 1.294537
v 0.562551 1.565101 1.294537
v 0.530428 1.532979 1.294537
v 0.489951 1.512354 1.294537
v 0.486536 1.788541 1.311708
v 0.523932 1.767917 1.327198
v 0.553609 1.735794 1.339491
v 0.572664 1.695317 1.347383
v 0.579229 1.650448 1.350103
v 0.572664 1.605579 1.347383
v 0.553609 1.565101 1.339491
v 0.523932 1.532979 1.327198
v 0.486536 1.512354 1.311708
v 0.476809 1.788541 1.326265
v 0.505431 1.767917 1.354886
v 0.528145 1.735794 1.377600
v 0.542729 1.695317 1.392184
v 0.547754 1.650448 1.397209
v 0.542729 1.605579 1.392184
v 0.528145 1.565101 1.377600
v 0.505431 1.532979 1.354886
v 0.476809 1.512354 1.326265
v 0.462253 1.788541 1.335991
v 0.477743 1.767917 1.373387
v 0.490035 1.735794 1.403064
v 0.497928 1.695317 1.422119
v 0.500648 1.650448 1.428684
v 0.497928 1.605579 1.422119
v 0.490035 1.565101 1.403064
v 0.477743 1.532979 1.373387
v 0.462253 1.512354 1.335991
v 0.445082 1.788541 1.339406
v 0.445082 1.767917 1.379884
v 0.445082 1.735794 1.412006
v 0.445082 1.695317 1.432631
v 0.445082 1.650448 1.439737
v 0.445082 1.605579 1.432631
v 0.445082 1.565101 1.412006
v 0.445082 1.532979 1.379884
v 0.445082 1.512354 1.339406
v 0.427911 1.788541 1.335991
v 0.412421 1.767917 1.373387
v 0.400128 1.735794 1.403064
v 0.392236 1.695317 1.422119
v 0.389516 1.650448 1.428684
v 0.392236 1.605579 1.422119
v 0.400128 1.565101 1.403064
v 0.412421 1.532979 1.373387
v 0.427911 1.512354 1.335991
v 0.413355 1.788541 1.326265
v 0.384733 1.767917 1.354886
v 0.362019 1.735794 1.377600
v 0.347435 1.695317 1.392184
v 0.342410 1.650448 1.397209
v 0.347435 1.605579 1.392184
v 0.362019 1.565101 1.377600
v 0.384733 1.532979 1.354886
v 0.413355 1.512354 1.326265
v 0.403628 1.788541 1.311708
v 0.366232 1.767917 1.327198
v 0.336555 1.735794 1.339491
v 0.317500 1.695317 1.347383
v 0.310935 1.650448 1.350103
v 0.317500 1.605579 1.347383
v 0.336555 1.565101 1.339491
v 0.366232 1.532979 1.327198
v 0.403628 1.512354 1.311708
v 0.400213 1.788541 1.294537
v 0.359736 1.767917 1.294537
v 0.327613 1.735794 1.294537
v 0.306989 1.695317 1.294537
v 0.299882 1.650448 1.294537
v 0.306989 1.605579 1.294537
v 0.327613 1.565101 1.294537
v 0.359736 1.532979 1.294537
v 0.400213 1.512354 1.294537
v 0.403628 1.788541 1.277366
v 0.366232 1.767917 1.261876
v 0.336555 1.735794 1.249583
v 0.317500 1.695317 1.241691
v 0.310935 1.650448 1.238971
v 0.317500 1.605579 1.241691
v 0.336555 1.565101 1.249583
v 0.366232 1.532979 1.261876
v 0.403628 1.512354 1.277366
v 0.413355 1.788541 1.262810
v 0.384733 1.767917 1.234188
v 0.362019 1.735794 1.211474
v 0.347435 1.695317 1.196890
v 0.342410 1.650448 1.191865
v 0.347435 1.605579 1.196890
v 0.362019 1.565101 1.211474
v 0.384733 1.532979 1.234188
v 0.413355 1.512354 1.262810
v 0.427911 1.788541 1.253083
v 0.412421 1.767917 1.215687
v 0.400128 1.735794 1.186010
v 0.392236 1.695317 1.166955
v 0.389516 1.650448 1.160390
v 0.392236 1.605579 1.166955
v 0.400128 1.565101 1.186010
v 0.412421 1.532979 1.215687
v 0.427911 1.512354 1.253083
v 0.445082 1.788541 1.249668
v 0.445082 1.695317 1.156444
v -0.142839 0.837196 -1.400186
v -0.143702 0.851559 -1.388357
v -0.143424 0.846924 -1.397165
v -0.149548 0.948875 -0.004664
v -0.150287 0.961173 -0.018634
v -0.150096 0.957999 -0.009199
v -0.124278 0.833414 -1.399794
v -0.131024 0.848976 -1.388090
v -0.108666 0.837836 -1.387091
v -0.127101 0.843599 -1.396821
v -0.119987 0.842455 -1.395010
v -0.119224 0.844643 -1.387686
v -0.114680 0.837411 -1.396266
v -0.130987 0.945093 -0.004272
v -0.115250 0.947451 -0.017368
v -0.137609 0.958590 -0.018366
v -0.121353 0.948485 -0.008300
v -0.126644 0.953262 -0.010392
v -0.125809 0.954258 -0.017963
v -0.133773 0.954673 -0.008855
v -0.110104 0.820887 -1.398724
v -0.098984 0.829280 -1.386359
v -0.102215 0.826394 -1.395324
v -0.116812 0.932566 -0.003201
v -0.105569 0.938895 -0.016636
v -0.108888 0.937469 -0.007358
v -0.104115 0.802971 -1.397261
v -0.090803 0.804807 -1.384362
v -0.094677 0.803841 -1.393483
v -0.110824 0.914650 -0.001739
v -0.097388 0.914421 -0.014638
v -0.101349 0.914916 -0.005517
v -0.107916 0.784467 -1.395799
v -0.093400 0.792168 -1.383363
v -0.104583 0.769876 -1.381633
v -0.098019 0.787569 -1.392197
v -0.099312 0.780603 -1.389961
v -0.097751 0.780404 -1.382442
v -0.104232 0.775186 -1.391236
v -0.114625 0.896146 -0.000276
v -0.111168 0.879491 -0.011909
v -0.099984 0.901783 -0.013639
v -0.110904 0.886260 -0.003270
v -0.105968 0.891410 -0.005343
v -0.104335 0.890018 -0.012719
v -0.104692 0.898643 -0.004231
v -0.120488 0.770333 -1.394728
v -0.113170 0.760222 -1.380901
v -0.115288 0.762756 -1.390294
v -0.127197 0.882012 0.000794
v -0.119755 0.869837 -0.011178
v -0.121960 0.873831 -0.002328
v -0.138464 0.764356 -1.394336
v -0.125448 0.756140 -1.380634
v -0.150403 0.754641 -1.380634
v -0.131096 0.757500 -1.389950
v -0.137913 0.755191 -1.388113
v -0.137842 0.754010 -1.380523
v -0.144958 0.756667 -1.389950
v -0.145172 0.876035 0.001186
v -0.156987 0.864256 -0.010910
v -0.132032 0.865755 -0.010910
v -0.151630 0.867742 -0.001984
v -0.144569 0.865997 -0.003495
v -0.144427 0.863625 -0.010799
v -0.137768 0.868575 -0.001984
v -0.157025 0.768138 -1.394728
v -0.163080 0.757224 -1.380901
v -0.161281 0.759993 -1.390294
v -0.163734 0.879817 0.000794
v -0.169665 0.866839 -0.011178
v -0.167953 0.871068 -0.002328
v -0.171199 0.780665 -1.395799
v -0.182442 0.774337 -1.382364
v -0.179124 0.775763 -1.391642
v -0.177908 0.892345 -0.000276
v -0.189027 0.883951 -0.012641
v -0.185796 0.886837 -0.003676
v -0.177188 0.798581 -1.397261
v -0.190623 0.798810 -1.384362
v -0.186663 0.798315 -1.393483
v -0.183897 0.910260 -0.001739
v -0.197208 0.908425 -0.014638
v -0.193335 0.909390 -0.005517
v -0.173387 0.817085 -1.398724
v -0.188027 0.811449 -1.385361
v -0.176844 0.833741 -1.387091
v -0.183320 0.814588 -1.394769
v -0.182044 0.821821 -1.393657
v -0.183676 0.823213 -1.386281
v -0.177108 0.826971 -1.395730
v -0.180096 0.928764 -0.003201
v -0.183429 0.943355 -0.017368
v -0.194612 0.921063 -0.015637
v -0.183780 0.938046 -0.007764
v -0.188700 0.932628 -0.009039
v -0.190261 0.932827 -0.016558
v -0.189992 0.925663 -0.006803
v -0.160814 0.831219 -1.399794
v -0.176844 0.833741 -1.387091
v -0.155979 0.847477 -1.388090
v -0.170821 0.834038 -1.396266
v -0.166156 0.839681 -1.395010
v -0.167176 0.841762 -1.387686
v -0.159231 0.841668 -1.396821
v -0.167523 0.942898 -0.004272
v -0.162564 0.957091 -0.018366
v -0.183429 0.943355 -0.017368
v -0.165904 0.952743 -0.008855
v -0.172813 0.950488 -0.010392
v -0.173761 0.951377 -0.017963
v -0.177494 0.945113 -0.008300
v -0.144006 0.956616 -1.399500
v -0.144006 0.894884 -1.491888
v -0.144006 0.764228 -1.437768
v -0.144006 0.756616 -1.399500
v -0.124872 0.949004 -1.432641
v -0.108650 0.927326 -1.460737
v -0.097812 0.894884 -1.479510
v -0.094006 0.856616 -1.486103
v -0.097812 0.818347 -1.479510
v -0.108650 0.785905 -1.460737
v -0.124872 0.764228 -1.432641
v -0.110864 0.949004 -1.418634
v -0.082769 0.927326 -1.434855
v -0.063996 0.894884 -1.445694
v -0.057403 0.856616 -1.449500
v -0.063996 0.818347 -1.445694
v -0.082769 0.785905 -1.434855
v -0.110864 0.764228 -1.418634
v -0.105737 0.949004 -1.399500
v -0.073295 0.927326 -1.399500
v -0.051618 0.894884 -1.399500
v -0.044006 0.856616 -1.399500
v -0.051618 0.818347 -1.399500
v -0.073295 0.785905 -1.399500
v -0.105737 0.764228 -1.399500
v -0.110864 0.949004 -1.380366
v -0.082769 0.927326 -1.364145
v -0.063996 0.894884 -1.353306
v -0.057403 0.856616 -1.349500
v -0.063996 0.818347 -1.353306
v -0.082769 0.785905 -1.364145
v -0.110864 0.764228 -1.380366
v -0.124872 0.949004 -1.366359
v -0.108650 0.927326 -1.338263
v -0.097812 0.894884 -1.319490
v -0.094006 0.856616 -1.312897
v -0.097812 0.818347 -1.319490
v -0.108650 0.785905 -1.338263
v -0.124872 0.764228 -1.366359
v -0.144006 0.949004 -1.361232
v -0.144006 0.927326 -1.328789
v -0.144006 0.894884 -1.307112
v -0.144006 0.856616 -1.299500
v -0.144006 0.818347 -1.307112
v -0.144006 0.785905 -1.328789
v -0.144006 0.764228 -1.361232
v -0.163140 0.949004 -1.366359
v -0.179361 0.927326 -1.338263
v -0.190200 0.894884 -1.319490
v -0.194006 0.856616 -1.312897
v -0.190200 0.818347 -1.319490
v -0.179361 0.785905 -1.338263
v -0.163140 0.764228 -1.366359
v -0.177147 0.949004 -1.380366
v -0.205243 0.927326 -1.364145
v -0.224016 0.894884 -1.353306
v -0.230608 0.856616 -1.349500
v -0.224016 0.818347 -1.353306
v -0.205243 0.785905 -1.364145
v -0.177147 0.764228 -1.380366
v -0.182274 0.949004 -1.399500
v -0.214716 0.927326 -1.399500
v -0.236394 0.894884 -1.399500
v -0.244006 0.856616 -1.399500
v -0.236394 0.818347 -1.399500
v -0.214716 0.785905 -1.399500
v -0.182274 0.764228 -1.399500
v -0.177147 0.949004 -1.418634
v -0.205243 0.927326 -1.434855
v -0.224016 0.894884 -1.445694
v -0.230608 0.856616 -1.449500
v -0.224016 0.818347 -1.445694
v -0.205243 0.785905 -1.434855
v -0.177147 0.764228 -1.418634
v -0.163140 0.949004 -1.432641
v -0.179361 0.927326 -1.460737
v -0.190200 0.894884 -1.479510
v -0.194006 0.856616 -1.486103
v -0.190200 0.818347 -1.479510
v -0.179361 0.785905 -1.460737
v -0.163140 0.764228 -1.432641
v -0.144006 0.949004 -1.437768
v -0.144006 0.927326 -1.470211
v -0.144006 0.856616 -1.499500
v -0.144006 0.818347 -1.491888
v -0.144006 0.785905 -1.470211
v -0.024006 1.035910 -1.449500
v -0.024006 1.056616 -1.429500
v -0.024006 1.050551 -1.443642
v -0.024006 1.035910 -0.049500
v -0.024006 1.056616 -0.069500
v -0.024006 1.050551 -0.055358
v -0.009359 1.031986 -1.449500
v -0.018324 1.055093 -1.429500
v 0.015136 1.035775 -1.429500
v -0.012770 1.047541 -1.443642
v -0.001902 1.044901 -1.441047
v -0.000522 1.047291 -1.429500
v 0.005818 1.036809 -1.443642
v -0.009359 1.031985 -0.049500
v 0.015136 1.035775 -0.069500
v -0.018324 1.055093 -0.069500
v 0.005818 1.036809 -0.055358
v -0.001902 1.044901 -0.057953
v -0.000522 1.047291 -0.069500
v -0.012769 1.047540 -0.055358
v 0.001364 1.021263 -1.449500
v 0.019295 1.031616 -1.429500
v 0.014043 1.028583 -1.443642
v 0.001364 1.021263 -0.049500
v 0.019295 1.031616 -0.069500
v 0.014043 1.028583 -0.055358
v 0.005289 1.006616 -1.449500
v 0.020818 1.025934 -1.429500
v 0.020818 0.987297 -1.429500
v 0.017054 1.017347 -1.443642
v 0.020202 1.006616 -1.441047
v 0.022962 1.006616 -1.429500
v 0.017054 0.995884 -1.443642
v 0.005289 1.006616 -0.049500
v 0.020818 0.987297 -0.069500
v 0.020818 1.025934 -0.069500
v 0.017054 0.995884 -0.055358
v 0.020202 1.006616 -0.057953
v 0.022962 1.006616 -0.069500
v 0.017054 1.017347 -0.055358
v 0.001364 0.991968 -1.449500
v 0.019295 0.981616 -1.429500
v 0.014043 0.984648 -1.443642
v 0.001364 0.991969 -0.049500
v 0.019295 0.981616 -0.069500
v 0.014043 0.984648 -0.055358
v -0.009359 0.981246 -1.449500
v 0.015136 0.977457 -1.429500
v -0.018324 0.958138 -1.429500
v 0.005818 0.976422 -1.443642
v -0.001902 0.968330 -1.441047
v -0.000522 0.965940 -1.429500
v -0.012769 0.965691 -1.443642
v -0.009359 0.981246 -0.049500
v -0.018324 0.958138 -0.069500
v 0.015136 0.977456 -0.069500
v -0.012769 0.965691 -0.055358
v -0.001902 0.968330 -0.057953
v -0.000522 0.965940 -0.069500
v 0.005818 0.976422 -0.055358
v -0.024006 0.977321 -1.449500
v -0.024006 0.956616 -1.429500
v -0.024006 0.962680 -1.443642
v -0.024006 0.977321 -0.049500
v -0.024006 0.956616 -0.069500
v -0.024006 0.962680 -0.055358
v -0.038653 0.981246 -1.449500
v -0.029687 0.958138 -1.429500
v -0.063148 0.977457 -1.429500
v -0.035242 0.965691 -1.443642
v -0.046110 0.968330 -1.441047
v -0.047490 0.965940 -1.429500
v -0.053829 0.976422 -1.443642
v -0.038653 0.981246 -0.049500
v -0.063148 0.977456 -0.069500
v -0.029687 0.958138 -0.069500
v -0.053829 0.976422 -0.055358
v -0.046110 0.968330 -0.057953
v -0.047490 0.965940 -0.069500
v -0.035242 0.965691 -0.055358
v -0.049376 0.991968 -1.449500
v -0.067307 0.981616 -1.429500
v -0.062055 0.984648 -1.443642
v -0.049376 0.991969 -0.049500
v -0.067307 0.981616 -0.069500
v -0.062055 0.984648 -0.055358
v -0.053300 1.006616 -1.449500
v -0.068829 0.987297 -1.429500
v -0.068829 1.025934 -1.429500
v -0.065066 0.995884 -1.443642
v -0.068214 1.006616 -1.441047
v -0.070974 1.006616 -1.429500
v -0.065066 1.017347 -1.443642
v -0.053300 1.006616 -0.049500
v -0.068829 1.025934 -0.069500
v -0.068829 0.987297 -0.069500
v -0.065066 1.017347 -0.055358
v -0.068214 1.006616 -0.057953
v -0.070974 1.006616 -0.069500
v -0.065066 0.995884 -0.055358
v -0.049376 1.021263 -1.449500
v -0.067307 1.031616 -1.429500
v -0.062055 1.028583 -1.443642
v -0.049376 1.021263 -0.049500
v -0.067307 1.031616 -0.069500
v -0.062055 1.028583 -0.055358
v -0.038653 1.031986 -1.449500
v -0.063148 1.035775 -1.429500
v -0.029687 1.055093 -1.429500
v -0.053829 1.036809 -1.443642
v -0.046110 1.044901 -1.441047
v -0.047490 1.047291 -1.429500
v -0.035242 1.047541 -1.443642
v -0.038653 1.031985 -0.049500
v -0.029687 1.055093 -0.069500
v -0.063148 1.035775 -0.069500
v -0.035242 1.047540 -0.055358
v -0.046110 1.044901 -0.057953
v -0.047490 1.047291 -0.069500
v -0.053829 1.036809 -0.055358
v -0.024006 1.106616 -1.449500
v -0.024006 1.044884 -1.541888
v -0.024006 0.914228 -1.487768
v -0.024006 0.906616 -1.449500
v -0.004872 1.099004 -1.482641
v 0.011350 1.077326 -1.510737
v 0.022188 1.044884 -1.529510
v 0.025994 1.006616 -1.536103
v 0.022188 0.968347 -1.529510
v 0.011350 0.935905 -1.510737
v -0.004872 0.914228 -1.482641
v 0.009136 1.099004 -1.468634
v 0.037231 1.077326 -1.484855
v 0.056004 1.044884 -1.495694
v 0.062597 1.006616 -1.499500
v 0.056004 0.968347 -1.495694
v 0.037231 0.935905 -1.484855
v 0.009136 0.914228 -1.468634
v 0.014263 1.099004 -1.449500
v 0.046705 1.077326 -1.449500
v 0.068382 1.044884 -1.449500
v 0.075994 1.006616 -1.449500
v 0.068382 0.968347 -1.449500
v 0.046705 0.935905 -1.449500
v 0.014263 0.914228 -1.449500
v 0.009136 1.099004 -1.430366
v 0.037231 1.077326 -1.414145
v 0.056004 1.044884 -1.403306
v 0.062597 1.006616 -1.399500
v 0.056004 0.968347 -1.403306
v 0.037231 0.935905 -1.414145
v 0.009136 0.914228 -1.430366
v -0.004872 1.099004 -1.416359
v 0.011349 1.077326 -1.388263
v 0.022188 1.044884 -1.369490
v 0.025994 1.006616 -1.362897
v 0.022188 0.968347 -1.369490
v 0.011349 0.935905 -1.388263
v -0.004872 0.914228 -1.416359
v -0.024006 1.099004 -1.411232
v -0.024006 1.077326 -1.378789
v -0.024006 1.044884 -1.357112
v -0.024006 1.006616 -1.349500
v -0.024006 0.968347 -1.357112
v -0.024006 0.935905 -1.378789
v -0.024006 0.914228 -1.411232
v -0.043140 1.099004 -1.416359
v -0.059361 1.077326 -1.388263
v -0.070200 1.044884 -1.369490
v -0.074006 1.006616 -1.362897
v -0.070200 0.968347 -1.369490
v -0.059361 0.935905 -1.388263
v -0.043140 0.914228 -1.416359
v -0.057147 1.099004 -1.430366
v -0.085243 1.077326 -1.414145
v -0.104016 1.044884 -1.403306
v -0.110608 1.006616 -1.399500
v -0.104016 0.968347 -1.403306
v -0.085243 0.935905 -1.414145
v -0.057147 0.914228 -1.430366
v -0.062274 1.099004 -1.449500
v -0.094717 1.077326 -1.449500
v -0.116394 1.044884 -1.449500
v -0.124006 1.006616 -1.449500
v -0.116394 0.968347 -1.449500
v -0.094717 0.935905 -1.449500
v -0.062274 0.914228 -1.449500
v -0.057147 1.099004 -1.468634
v -0.085243 1.077326 -1.484855
v -0.104016 1.044884 -1.495694
v -0.110608 1.006616 -1.499500
v -0.104016 0.968347 -1.495694
v -0.085243 0.935905 -1.484855
v -0.057147 0.914228 -1.468634
v -0.043140 1.099004 -1.482641
v -0.059361 1.077326 -1.510737
v -0.070200 1.044884 -1.529510
v -0.074006 1.006616 -1.536103
v -0.070200 0.968347 -1.529510
v -0.059361 0.935905 -1.510737
v -0.043140 0.914228 -1.482641
v -0.024006 1.099004 -1.487768
v -0.024006 1.077326 -1.520211
v -0.024006 1.006616 -1.549500
v -0.024006 0.968347 -1.541888
v -0.024006 0.935905 -1.520211
v 0.101099 1.241604 -1.494920
v 0.102241 1.260610 -1.473329
v 0.101947 1.255704 -1.487911
v 0.094391 1.129924 -0.099398
v 0.095724 1.152122 -0.117679
v 0.095294 1.144960 -0.104067
v 0.115486 1.236820 -1.495234
v 0.126796 1.252446 -1.473865
v 0.123523 1.248530 -1.488381
v 0.108777 1.125141 -0.099711
v 0.120279 1.143957 -0.118214
v 0.116870 1.137785 -0.104537
v 0.125548 1.225508 -1.496090
v 0.130699 1.248058 -1.474197
v 0.147983 1.213606 -1.476871
v 0.131242 1.239852 -1.489038
v 0.138846 1.231479 -1.487069
v 0.141258 1.231787 -1.475448
v 0.140843 1.220714 -1.490524
v 0.118839 1.113829 -0.100568
v 0.141466 1.105118 -0.121221
v 0.124182 1.139570 -0.118547
v 0.134191 1.109970 -0.106680
v 0.132218 1.121148 -0.108398
v 0.134741 1.123299 -0.119798
v 0.124590 1.129108 -0.105194
v 0.128590 1.210699 -1.497261
v 0.149163 1.207862 -1.477325
v 0.143177 1.209354 -1.491422
v 0.121882 1.099020 -0.101739
v 0.142646 1.099373 -0.121675
v 0.136524 1.098609 -0.107578
v 0.123797 1.196360 -1.498432
v 0.140982 1.183388 -1.479323
v 0.135988 1.187848 -1.493178
v 0.117088 1.084681 -0.102909
v 0.134465 1.074900 -0.123673
v 0.129336 1.077104 -0.109333
v 0.112453 1.186334 -1.499288
v 0.136582 1.179499 -1.479655
v 0.102026 1.162284 -1.481199
v 0.127286 1.180157 -1.493835
v 0.119084 1.172361 -1.491895
v 0.120263 1.168980 -1.480576
v 0.108091 1.170594 -1.494693
v 0.105744 1.074655 -0.103766
v 0.095509 1.053795 -0.125549
v 0.130064 1.071011 -0.124005
v 0.101438 1.059849 -0.110848
v 0.112456 1.062031 -0.113224
v 0.113746 1.060491 -0.124925
v 0.120633 1.069412 -0.109991
v 0.097598 1.183307 -1.499603
v 0.096264 1.161110 -1.481321
v 0.096694 1.168272 -1.494933
v 0.090889 1.071628 -0.104080
v 0.089747 1.052621 -0.125670
v 0.090042 1.057527 -0.111089
v 0.083211 1.188090 -1.499288
v 0.071710 1.169274 -1.480786
v 0.075118 1.175446 -1.494463
v 0.076502 1.076411 -0.103766
v 0.065192 1.060786 -0.125135
v 0.068465 1.064702 -0.110619
v 0.073149 1.199402 -1.498432
v 0.067806 1.173662 -1.480453
v 0.050523 1.208114 -1.477779
v 0.067399 1.184124 -1.493806
v 0.059770 1.192083 -1.490602
v 0.057247 1.189932 -1.479202
v 0.057798 1.203262 -1.492320
v 0.066440 1.087723 -0.102909
v 0.044006 1.099625 -0.122129
v 0.061289 1.065173 -0.124803
v 0.051145 1.092517 -0.108476
v 0.053143 1.081752 -0.111931
v 0.050730 1.081444 -0.123551
v 0.060746 1.073379 -0.109961
v 0.070107 1.214212 -1.497261
v 0.049343 1.213858 -1.477325
v 0.055464 1.214623 -1.491422
v 0.063398 1.102533 -0.101739
v 0.042826 1.105370 -0.121675
v 0.048811 1.103878 -0.107578
v 0.074900 1.228551 -1.496091
v 0.057524 1.238332 -1.475327
v 0.062653 1.236128 -1.489666
v 0.068191 1.116872 -0.100568
v 0.051007 1.129843 -0.119677
v 0.056000 1.125383 -0.105822
v 0.086244 1.238577 -1.495234
v 0.061924 1.242221 -1.474995
v 0.096479 1.259436 -1.473451
v 0.071355 1.243819 -1.489009
v 0.079532 1.251201 -1.485776
v 0.078242 1.252741 -1.474074
v 0.090550 1.253382 -1.488151
v 0.079535 1.126898 -0.099711
v 0.089962 1.150948 -0.117801
v 0.055407 1.133732 -0.119345
v 0.083898 1.142638 -0.104307
v 0.072904 1.140870 -0.107105
v 0.071725 1.144252 -0.118424
v 0.064703 1.133074 -0.105165
v 0.095994 1.256616 -1.499500
v 0.095994 1.194884 -1.591888
v 0.095994 1.064228 -1.537768
v 0.095994 1.056616 -1.499500
v 0.115128 1.249004 -1.532641
v 0.131350 1.227326 -1.560737
v 0.142188 1.194884 -1.579510
v 0.145994 1.156616 -1.586102
v 0.142188 1.118347 -1.579510
v 0.131350 1.085905 -1.560737
v 0.115128 1.064228 -1.532641
v 0.129136 1.249004 -1.518634
v 0.157231 1.227326 -1.534855
v 0.176004 1.194884 -1.545694
v 0.182597 1.156616 -1.549500
v 0.176004 1.118347 -1.545694
v 0.157231 1.085905 -1.534855
v 0.129136 1.064228 -1.518634
v 0.134263 1.249004 -1.499500
v 0.166705 1.227326 -1.499500
v 0.188382 1.194884 -1.499500
v 0.195994 1.156616 -1.499500
v 0.188382 1.118347 -1.499500
v 0.166705 1.085905 -1.499500
v 0.134263 1.064228 -1.499500
v 0.129136 1.249004 -1.480366
v 0.157231 1.227326 -1.464145
v 0.176004 1.194884 -1.453306
v 0.182597 1.156616 -1.449500
v 0.176004 1.118347 -1.453306
v 0.157231 1.085905 -1.464145
v 0.129136 1.064228 -1.480366
v 0.115128 1.249004 -1.466359
v 0.131350 1.227326 -1.438263
v 0.142188 1.194884 -1.419490
v 0.145994 1.156616 -1.412897
v 0.142188 1.118347 -1.419490
v 0.131350 1.085905 -1.438263
v 0.115128 1.064228 -1.466359
v 0.095994 1.249004 -1.461232
v 0.095994 1.227326 -1.428789
v 0.095994 1.194884 -1.407112
v 0.095994 1.156616 -1.399500
v 0.095994 1.118347 -1.407112
v 0.095994 1.085905 -1.428789
v 0.095994 1.064228 -1.461232
v 0.076860 1.249004 -1.466359
v 0.060639 1.227326 -1.438263
v 0.049800 1.194884 -1.419490
v 0.045994 1.156616 -1.412897
v 0.049800 1.118347 -1.419490
v 0.060639 1.085905 -1.438263
v 0.076860 1.064228 -1.466359
v 0.062853 1.249004 -1.480366
v 0.034757 1.227326 -1.464145
v 0.015984 1.194884 -1.453306
v 0.009392 1.156616 -1.449500
v 0.015984 1.118347 -1.453306
v 0.034757 1.085905 -1.464145
v 0.062853 1.064228 -1.480366
v 0.057726 1.249004 -1.499500
v 0.025283 1.227326 -1.499500
v 0.003606 1.194884 -1.499500
v -0.004006 1.156616 -1.499500
v 0.003606 1.118347 -1.499500
v 0.025283 1.085905 -1.499500
v 0.057726 1.064228 -1.499500
v 0.062853 1.249004 -1.518634
v 0.034757 1.227326 -1.534855
v 0.015984 1.194884 -1.545694
v 0.009392 1.156616 -1.549500
v 0.015984 1.118347 -1.545694
v 0.034757 1.085905 -1.534855
v 0.062853 1.064228 -1.518634
v 0.076860 1.249004 -1.532641
v 0.060639 1.227326 -1.560737
v 0.049800 1.194884 -1.579510
v 0.045994 1.156616 -1.586102
v 0.049800 1.118347 -1.579510
v 0.060639 1.085905 -1.560737
v 0.076860 1.064228 -1.532641
v 0.095994 1.249004 -1.537768
v 0.095994 1.227326 -1.570211
v 0.095994 1.156616 -1.599500
v 0.095994 1.118347 -1.591888
v 0.095994 1.085905 -1.570211
v 1.589901 0.146134 0.500500
v 1.589901 0.127097 0.500500
v 1.591182 0.136616 0.500500
v 1.578556 0.161924 0.500500
v 1.589784 0.146494 0.500500
v 1.585215 0.154956 0.500500
v 1.560105 0.168001 0.500500
v 1.578327 0.162090 0.500500
v 1.569620 0.166269 0.500500
v 1.541661 0.162090 0.500500
v 1.559883 0.168001 0.500500
v 1.550368 0.166269 0.500500
v 1.530204 0.146494 0.500500
v 1.541432 0.161924 0.500500
v 1.534774 0.154956 0.500500
v 1.530087 0.127097 0.500500
v 1.530087 0.146134 0.500500
v 1.528806 0.136616 0.500500
v 1.541432 0.111308 0.500500
v 1.530204 0.126737 0.500500
v 1.534774 0.118275 0.500500
v 1.559883 0.105231 0.500500
v 1.541661 0.111142 0.500500
v 1.550368 0.106962 0.500500
v 1.578327 0.111142 0.500500
v 1.560105 0.105231 0.500500
v 1.569620 0.106962 0.500500
v 1.589784 0.126737 0.500500
v 1.578556 0.111308 0.500500
v 1.585215 0.118275 0.500500
v 1.534909 0.127097 0.082790
v 1.534909 0.146134 0.082790
v 1.536146 0.136616 0.082459
v 1.534796 0.146494 0.082820
v 1.523950 0.161924 0.085727
v 1.530382 0.154956 0.084003
v 1.523729 0.162090 0.085786
v 1.506128 0.168001 0.090502
v 1.515319 0.166269 0.088039
v 1.505913 0.168001 0.090560
v 1.488312 0.162090 0.095276
v 1.496722 0.166269 0.093022
v 1.488091 0.161924 0.095335
v 1.477246 0.146494 0.098241
v 1.481659 0.154956 0.097058
v 1.477132 0.146134 0.098271
v 1.477132 0.127097 0.098271
v 1.475895 0.136616 0.098603
v 1.477246 0.126737 0.098241
v 1.488091 0.111308 0.095335
v 1.481659 0.118275 0.097058
v 1.488312 0.111142 0.095276
v 1.505913 0.105231 0.090560
v 1.496722 0.106962 0.093022
v 1.506128 0.105231 0.090502
v 1.523729 0.111142 0.085786
v 1.515319 0.106962 0.088039
v 1.523950 0.111308 0.085727
v 1.534796 0.126737 0.082820
v 1.530382 0.118275 0.084003
v 1.373679 0.127097 -0.306454
v 1.373679 0.146134 -0.306454
v 1.374788 0.136616 -0.307094
v 1.373577 0.146494 -0.306395
v 1.363853 0.161924 -0.300781
v 1.369620 0.154956 -0.304110
v 1.363655 0.162090 -0.300667
v 1.347875 0.168001 -0.291556
v 1.356115 0.166269 -0.296313
v 1.347682 0.168001 -0.291445
v 1.331901 0.162090 -0.282334
v 1.339442 0.166269 -0.286687
v 1.331703 0.161924 -0.282219
v 1.321979 0.146494 -0.276605
v 1.325937 0.154956 -0.278890
v 1.321878 0.146134 -0.276547
v 1.321878 0.127097 -0.276547
v 1.320768 0.136616 -0.275906
v 1.321979 0.126737 -0.276605
v 1.331703 0.111308 -0.282219
v 1.325937 0.118275 -0.278890
v 1.331901 0.111142 -0.282334
v 1.347682 0.105231 -0.291445
v 1.339442 0.106962 -0.286687
v 1.347875 0.105231 -0.291556
v 1.363655 0.111142 -0.300667
v 1.356115 0.106962 -0.296313
v 1.363853 0.111308 -0.300781
v 1.373577 0.126737 -0.306395
v 1.369620 0.118275 -0.304110
v 1.117199 0.127097 -0.640705
v 1.117199 0.146134 -0.640705
v 1.118104 0.136616 -0.641611
v 1.117116 0.146494 -0.640622
v 1.109176 0.161924 -0.632682
v 1.113885 0.154956 -0.637391
v 1.109015 0.162090 -0.632521
v 1.096130 0.168001 -0.619636
v 1.102858 0.166269 -0.626364
v 1.095973 0.168001 -0.619479
v 1.083088 0.162090 -0.606594
v 1.089244 0.166269 -0.612750
v 1.082926 0.161924 -0.606432
v 1.074986 0.146494 -0.598492
v 1.078218 0.154956 -0.601724
v 1.074903 0.146134 -0.598410
v 1.074903 0.127097 -0.598410
v 1.073998 0.136616 -0.597504
v 1.074986 0.126737 -0.598492
v 1.082926 0.111308 -0.606432
v 1.078218 0.118275 -0.601724
v 1.083088 0.111142 -0.606594
v 1.095973 0.105231 -0.619479
v 1.089244 0.106962 -0.612750
v 1.096130 0.105231 -0.619636
v 1.109015 0.111142 -0.632521
v 1.102858 0.106962 -0.626364
v 1.109176 0.111308 -0.632682
v 1.117116 0.126737 -0.640622
v 1.113885 0.118275 -0.637391
v 0.782948 0.127097 -0.897185
v 0.782948 0.146134 -0.897185
v 0.783588 0.136616 -0.898294
v 0.782889 0.146494 -0.897083
v 0.777275 0.161924 -0.887359
v 0.780604 0.154956 -0.893126
v 0.777161 0.162090 -0.887161
v 0.768050 0.168001 -0.871381
v 0.772807 0.166269 -0.879621
v 0.767938 0.168001 -0.871188
v 0.758828 0.162090 -0.855407
v 0.763181 0.166269 -0.862948
v 0.758713 0.161924 -0.855209
v 0.753099 0.146494 -0.845485
v 0.755384 0.154956 -0.849443
v 0.753040 0.146134 -0.845384
v 0.753040 0.127097 -0.845384
v 0.752400 0.136616 -0.844274
v 0.753099 0.126737 -0.845485
v 0.758713 0.111308 -0.855209
v 0.755384 0.118275 -0.849443
v 0.758828 0.111142 -0.855407
v 0.767938 0.105231 -0.871188
v 0.763181 0.106962 -0.862948
v 0.768050 0.105231 -0.871381
v 0.777161 0.111142 -0.887161
v 0.772807 0.106962 -0.879621
v 0.777275 0.111308 -0.887359
v 0.782889 0.126737 -0.897083
v 0.780604 0.118275 -0.893126
v 0.393704 0.127097 -1.058415
v 0.393704 0.146134 -1.058415
v 0.394036 0.136616 -1.059652
v 0.393674 0.146494 -1.058302
v 0.390768 0.161924 -1.047456
v 0.392491 0.154956 -1.053888
v 0.390709 0.162090 -1.047235
v 0.385992 0.168001 -1.029634
v 0.388455 0.166269 -1.038825
v 0.385935 0.168001 -1.029419
v 0.381219 0.162090 -1.011818
v 0.383472 0.166269 -1.020228
v 0.381159 0.161924 -1.011597
v 0.378253 0.146494 -1.000751
v 0.379436 0.154956 -1.005165
v 0.378223 0.146134 -1.000638
v 0.378223 0.127097 -1.000638
v 0.377891 0.136616 -0.999401
v 0.378253 0.126737 -1.000751
v 0.381159 0.111308 -1.011597
v 0.379436 0.118275 -1.005165
v 0.381219 0.111142 -1.011818
v 0.385935 0.105231 -1.029419
v 0.383472 0.106962 -1.020228
v 0.385992 0.105231 -1.029634
v 0.390709 0.111142 -1.047235
v 0.388455 0.106962 -1.038825
v 0.390768 0.111308 -1.047456
v 0.393674 0.126737 -1.058302
v 0.392491 0.118275 -1.053888
v -0.024006 0.127097 -1.113407
v -0.024006 0.146134 -1.113407
v -0.024006 0.136616 -1.114688
v -0.024006 0.146494 -1.113290
v -0.024006 0.161924 -1.102062
v -0.024006 0.154956 -1.108720
v -0.024006 0.162090 -1.101833
v -0.024006 0.168001 -1.083611
v -0.024006 0.166269 -1.093126
v -0.024006 0.168001 -1.083389
v -0.024006 0.162090 -1.065167
v -0.024006 0.166269 -1.073874
v -0.024006 0.161924 -1.064938
v -0.024006 0.146494 -1.053710
v -0.024006 0.154956 -1.058280
v -0.024006 0.146134 -1.053593
v -0.024006 0.127097 -1.053593
v -0.024006 0.136616 -1.052312
v -0.024006 0.126737 -1.053710
v -0.024006 0.111308 -1.064938
v -0.024006 0.118275 -1.058280
v -0.024006 0.111142 -1.065167
v -0.024006 0.105231 -1.083389
v -0.024006 0.106962 -1.073874
v -0.024006 0.105231 -1.083611
v -0.024006 0.111142 -1.101833
v -0.024006 0.106962 -1.093126
v -0.024006 0.111308 -1.102062
v -0.024006 0.126737 -1.113290
v -0.024006 0.118275 -1.108720
v -0.441716 0.127097 -1.058415
v -0.441716 0.146134 -1.058415
v -0.442047 0.136616 -1.059652
v -0.441685 0.146494 -1.058302
v -0.438779 0.161924 -1.047456
v -0.440502 0.154956 -1.053888
v -0.438720 0.162090 -1.047235
v -0.434004 0.168001 -1.029634
v -0.436466 0.166269 -1.038825
v -0.433946 0.168001 -1.029419
v -0.429230 0.162090 -1.011818
v -0.431484 0.166269 -1.020228
v -0.429171 0.161924 -1.011597
v -0.426265 0.146494 -1.000751
v -0.427447 0.154956 -1.005165
v -0.426234 0.146134 -1.000638
v -0.426234 0.127097 -1.000638
v -0.425903 0.136616 -0.999401
v -0.426265 0.126737 -1.000751
v -0.429171 0.111308 -1.011597
v -0.427447 0.118275 -1.005165
v -0.429230 0.111142 -1.011818
v -0.433946 0.105231 -1.029419
v -0.431484 0.106962 -1.020228
v -0.434004 0.105231 -1.029634
v -0.438720 0.111142 -1.047235
v -0.436466 0.106962 -1.038825
v -0.438779 0.111308 -1.047456
v -0.441685 0.126737 -1.058302
v -0.440502 0.118275 -1.053888
v -0.830959 0.127097 -0.897185
v -0.830959 0.146134 -0.897185
v -0.831600 0.136616 -0.898294
v -0.830901 0.146494 -0.897083
v -0.825287 0.161924 -0.887359
v -0.828616 0.154956 -0.893126
v -0.825172 0.162090 -0.887161
v -0.816061 0.168001 -0.871381
v -0.820819 0.166269 -0.879621
v -0.815950 0.168001 -0.871188
v -0.806839 0.162090 -0.855407
v -0.811192 0.166269 -0.862948
v -0.806725 0.161924 -0.855209
v -0.801111 0.146494 -0.845485
v -0.803395 0.154956 -0.849443
v -0.801052 0.146134 -0.845384
v -0.801052 0.127097 -0.845384
v -0.800411 0.136616 -0.844275
v -0.801111 0.126737 -0.845485
v -0.806725 0.111308 -0.855209
v -0.803395 0.118275 -0.849443
v -0.806839 0.111142 -0.855407
v -0.815950 0.105231 -0.871188
v -0.811192 0.106962 -0.862948
v -0.816061 0.105231 -0.871381
v -0.825172 0.111142 -0.887161
v -0.820819 0.106962 -0.879621
v -0.825287 0.111308 -0.887359
v -0.830901 0.126737 -0.897083
v -0.828616 0.118275 -0.893126
v -1.165211 0.127097 -0.640704
v -1.165211 0.146134 -0.640704
v -1.166117 0.136616 -0.641610
v -1.165128 0.146494 -0.640622
v -1.157188 0.161924 -0.632682
v -1.161897 0.154956 -0.637390
v -1.157027 0.162090 -0.632520
v -1.144142 0.168001 -0.619636
v -1.150870 0.166269 -0.626364
v -1.143985 0.168001 -0.619478
v -1.131100 0.162090 -0.606593
v -1.137256 0.166269 -0.612750
v -1.130938 0.161924 -0.606432
v -1.122998 0.146494 -0.598492
v -1.126230 0.154956 -0.601723
v -1.122916 0.146134 -0.598409
v -1.122916 0.127097 -0.598409
v -1.122010 0.136616 -0.597503
v -1.122998 0.126737 -0.598492
v -1.130938 0.111308 -0.606432
v -1.126230 0.118275 -0.601723
v -1.131100 0.111142 -0.606593
v -1.143985 0.105231 -0.619478
v -1.137256 0.106962 -0.612750
v -1.144142 0.105231 -0.619636
v -1.157027 0.111142 -0.632520
v -1.150870 0.106962 -0.626364
v -1.157188 0.111308 -0.632682
v -1.165128 0.126737 -0.640622
v -1.161897 0.118275 -0.637390
v -1.421690 0.127097 -0.306454
v -1.421690 0.146134 -0.306454
v -1.422800 0.136616 -0.307095
v -1.421589 0.146494 -0.306395
v -1.411865 0.161924 -0.300781
v -1.417632 0.154956 -0.304111
v -1.411667 0.162090 -0.300667
v -1.395886 0.168001 -0.291556
v -1.404126 0.166269 -0.296313
v -1.395694 0.168001 -0.291445
v -1.379913 0.162090 -0.282334
v -1.387454 0.166269 -0.286687
v -1.379715 0.161924 -0.282219
v -1.369991 0.146494 -0.276605
v -1.373948 0.154956 -0.278890
v -1.369889 0.146134 -0.276547
v -1.369889 0.127097 -0.276547
v -1.368780 0.136616 -0.275906
v -1.369991 0.126737 -0.276605
v -1.379715 0.111308 -0.282219
v -1.373948 0.118275 -0.278890
v -1.379913 0.111142 -0.282334
v -1.395694 0.105231 -0.291445
v -1.387454 0.106962 -0.286687
v -1.395886 0.105231 -0.291556
v -1.411667 0.111142 -0.300667
v -1.404126 0.106962 -0.296313
v -1.411865 0.111308 -0.300781
v -1.421589 0.126737 -0.306395
v -1.417632 0.118275 -0.304111
v -1.582921 0.127097 0.082790
v -1.582921 0.146134 0.082790
v -1.584158 0.136616 0.082459
v -1.582808 0.146494 0.082821
v -1.571962 0.161924 0.085727
v -1.578393 0.154956 0.084003
v -1.571741 0.162090 0.085786
v -1.554140 0.168001 0.090502
v -1.563330 0.166269 0.088039
v -1.553925 0.168001 0.090560
v -1.536324 0.162090 0.095276
v -1.544734 0.166269 0.093022
v -1.536103 0.161924 0.095335
v -1.525257 0.146494 0.098241
v -1.529671 0.154956 0.097058
v -1.525144 0.146134 0.098271
v -1.525144 0.127097 0.098271
v -1.523907 0.136616 0.098603
v -1.525257 0.126737 0.098241
v -1.536103 0.111308 0.095335
v -1.529671 0.118275 0.097058
v -1.536324 0.111142 0.095276
v -1.553925 0.105231 0.090560
v -1.544734 0.106962 0.093022
v -1.554140 0.105231 0.090502
v -1.571741 0.111142 0.085786
v -1.563330 0.106962 0.088039
v -1.571962 0.111308 0.085727
v -1.582808 0.126737 0.082821
v -1.578393 0.118275 0.084003
v -1.637913 0.127097 0.500500
v -1.637913 0.146134 0.500500
v -1.639194 0.136616 0.500500
v -1.637796 0.146494 0.500500
v -1.626568 0.161924 0.500500
v -1.633226 0.154956 0.500500
v -1.626339 0.162090 0.500500
v -1.608117 0.168001 0.500500
v -1.617632 0.166269 0.500500
v -1.607895 0.168001 0.500500
v -1.589673 0.162090 0.500500
v -1.598380 0.166269 0.500500
v -1.589444 0.161924 0.500500
v -1.578216 0.146494 0.500500
v -1.582785 0.154956 0.500500
v -1.578099 0.146134 0.500500
v -1.578099 0.127097 0.500500
v -1.576818 0.136616 0.500500
v -1.578216 0.126737 0.500500
v -1.589444 0.111308 0.500500
v -1.582785 0.118275 0.500500
v -1.589673 0.111142 0.500500
v -1.607895 0.105231 0.500500
v -1.598380 0.106962 0.500500
v -1.608117 0.105231 0.500500
v -1.626339 0.111142 0.500500
v -1.617632 0.106962 0.500500
v -1.626568 0.111308 0.500500
v -1.637796 0.126737 0.500500
v -1.633226 0.118275 0.500500
v -1.582921 0.127097 0.918210
v -1.582921 0.146134 0.918210
v -1.584158 0.136616 0.918541
v -1.582808 0.146494 0.918180
v -1.571962 0.161924 0.915273
v -1.578393 0.154956 0.916997
v -1.571741 0.162090 0.915214
v -1.554140 0.168001 0.910498
v -1.563330 0.166269 0.912961
v -1.553925 0.168001 0.910440
v -1.536324 0.162090 0.905724
v -1.544734 0.166269 0.907978
v -1.536103 0.161924 0.905665
v -1.525257 0.146494 0.902759
v -1.529671 0.154956 0.903942
v -1.525144 0.146134 0.902729
v -1.525144 0.127097 0.902729
v -1.523907 0.136616 0.902397
v -1.525257 0.126737 0.902759
v -1.536103 0.111308 0.905665
v -1.529671 0.118275 0.903942
v -1.536324 0.111142 0.905724
v -1.553925 0.105231 0.910440
v -1.544734 0.106962 0.907978
v -1.554140 0.105231 0.910498
v -1.571741 0.111142 0.915214
v -1.563330 0.106962 0.912961
v -1.571962 0.111308 0.915273
v -1.582808 0.126737 0.918180
v -1.578393 0.118275 0.916997
v -1.421691 0.127097 1.307453
v -1.421691 0.146134 1.307453
v -1.422800 0.136616 1.308094
v -1.421589 0.146494 1.307395
v -1.411865 0.161924 1.301781
v -1.417632 0.154956 1.305110
v -1.411667 0.162090 1.301666
v -1.395887 0.168001 1.292555
v -1.404127 0.166269 1.297313
v -1.395694 0.168001 1.292444
v -1.379913 0.162090 1.283333
v -1.387454 0.166269 1.287687
v -1.379715 0.161924 1.283219
v -1.369991 0.146494 1.277605
v -1.373949 0.154956 1.279889
v -1.369890 0.146134 1.277546
v -1.369890 0.127097 1.277546
v -1.368780 0.136616 1.276906
v -1.369991 0.126737 1.277605
v -1.379715 0.111308 1.283219
v -1.373949 0.118275 1.279889
v -1.379913 0.111142 1.283333
v -1.395694 0.105231 1.292444
v -1.387454 0.106962 1.287687
v -1.395887 0.105231 1.292555
v -1.411667 0.111142 1.301666
v -1.404127 0.106962 1.297313
v -1.411865 0.111308 1.301781
v -1.421589 0.126737 1.307395
v -1.417632 0.118275 1.305110
v -1.165211 0.127097 1.641705
v -1.165211 0.146134 1.641705
v -1.166117 0.136616 1.642610
v -1.165128 0.146494 1.641622
v -1.157188 0.161924 1.633682
v -1.161897 0.154956 1.638391
v -1.157027 0.162090 1.633520
v -1.144142 0.168001 1.620636
v -1.150870 0.166269 1.627364
v -1.143985 0.168001 1.620478
v -1.131100 0.162090 1.607593
v -1.137256 0.166269 1.613750
v -1.130938 0.161924 1.607432
v -1.122998 0.146494 1.599492
v -1.126230 0.154956 1.602723
v -1.122916 0.146134 1.599409
v -1.122916 0.127097 1.599409
v -1.122010 0.136616 1.598503
v -1.122998 0.126737 1.599492
v -1.130938 0.111308 1.607432
v -1.126230 0.118275 1.602723
v -1.131100 0.111142 1.607593
v -1.143985 0.105231 1.620478
v -1.137256 0.106962 1.613750
v -1.144142 0.105231 1.620636
v -1.157027 0.111142 1.633520
v -1.150870 0.106962 1.627364
v -1.157188 0.111308 1.633682
v -1.165128 0.126737 1.641622
v -1.161897 0.118275 1.638390
v -0.830959 0.127097 1.898185
v -0.830959 0.146134 1.898185
v -0.831600 0.136616 1.899294
v -0.830901 0.146494 1.898083
v -0.825287 0.161924 1.888360
v -0.828616 0.154956 1.894126
v -0.825172 0.162090 1.888161
v -0.816061 0.168001 1.872381
v -0.820819 0.166269 1.880621
v -0.815950 0.168001 1.872188
v -0.806839 0.162090 1.856407
v -0.811192 0.166269 1.863948
v -0.806725 0.161924 1.856209
v -0.801111 0.146494 1.846485
v -0.803395 0.154956 1.850443
v -0.801052 0.146134 1.846384
v -0.801052 0.127097 1.846384
v -0.800411 0.136616 1.845275
v -0.801111 0.126737 1.846485
v -0.806725 0.111308 1.856209
v -0.803395 0.118275 1.850443
v -0.806839 0.111142 1.856407
v -0.815950 0.105231 1.872188
v -0.811192 0.106962 1.863948
v -0.816061 0.105231 1.872381
v -0.825172 0.111142 1.888161
v -0.820819 0.106962 1.880621
v -0.825287 0.111308 1.888360
v -0.830901 0.126737 1.898083
v -0.828616 0.118275 1.894126
v -0.441716 0.127097 2.059415
v -0.441716 0.146134 2.059415
v -0.442048 0.136616 2.060652
v -0.441686 0.146494 2.059302
v -0.438780 0.161924 2.048456
v -0.440503 0.154956 2.054887
v -0.438721 0.162090 2.048235
v -0.434005 0.168001 2.030634
v -0.436467 0.166269 2.039824
v -0.433947 0.168001 2.030419
v -0.429231 0.162090 2.012818
v -0.431484 0.166269 2.021228
v -0.429172 0.161924 2.012597
v -0.426265 0.146494 2.001751
v -0.427448 0.154956 2.006165
v -0.426235 0.146134 2.001638
v -0.426235 0.127097 2.001638
v -0.425904 0.136616 2.000401
v -0.426265 0.126737 2.001751
v -0.429172 0.111308 2.012597
v -0.427448 0.118275 2.006165
v -0.429231 0.111142 2.012818
v -0.433947 0.105231 2.030419
v -0.431484 0.106962 2.021228
v -0.434005 0.105231 2.030634
v -0.438721 0.111142 2.048235
v -0.436467 0.106962 2.039824
v -0.438780 0.111308 2.048456
v -0.441686 0.126737 2.059302
v -0.440503 0.118275 2.054887
v -0.024006 0.127097 2.114407
v -0.024006 0.146134 2.114407
v -0.024006 0.136616 2.115688
v -0.024006 0.146494 2.114290
v -0.024006 0.161924 2.103062
v -0.024006 0.154956 2.109720
v -0.024006 0.162090 2.102833
v -0.024006 0.168001 2.084611
v -0.024006 0.166269 2.094126
v -0.024006 0.168001 2.084389
v -0.024006 0.162090 2.066167
v -0.024006 0.166269 2.074874
v -0.024006 0.161924 2.065938
v -0.024006 0.146494 2.054710
v -0.024006 0.154956 2.059280
v -0.024006 0.146134 2.054593
v -0.024006 0.127097 2.054593
v -0.024006 0.136616 2.053312
v -0.024006 0.126737 2.054710
v -0.024006 0.111308 2.065938
v -0.024006 0.118275 2.059280
v -0.024006 0.111142 2.066167
v -0.024006 0.105231 2.084389
v -0.024006 0.106962 2.074874
v -0.024006 0.105231 2.084611
v -0.024006 0.111142 2.102833
v -0.024006 0.106962 2.094126
v -0.024006 0.111308 2.103062
v -0.024006 0.126737 2.114290
v -0.024006 0.118275 2.109720
v 0.393703 0.127097 2.059415
v 0.393703 0.146134 2.059415
v 0.394035 0.136616 2.060652
v 0.393673 0.146494 2.059302
v 0.390767 0.161924 2.048456
v 0.392490 0.154956 2.054888
v 0.390708 0.162090 2.048235
v 0.385992 0.168001 2.030634
v 0.388454 0.166269 2.039825
v 0.385934 0.168001 2.030419
v 0.381218 0.162090 2.012818
v 0.383471 0.166269 2.021229
v 0.381159 0.161924 2.012597
v 0.378253 0.146494 2.001751
v 0.379435 0.154956 2.006166
v 0.378222 0.146134 2.001638
v 0.378222 0.127097 2.001638
v 0.377891 0.136616 2.000401
v 0.378253 0.126737 2.001751
v 0.381159 0.111308 2.012597
v 0.379435 0.118275 2.006166
v 0.381218 0.111142 2.012818
v 0.385934 0.105231 2.030419
v 0.383471 0.106962 2.021229
v 0.385992 0.105231 2.030634
v 0.390708 0.111142 2.048235
v 0.388454 0.106962 2.039825
v 0.390767 0.111308 2.048456
v 0.393673 0.126737 2.059302
v 0.392490 0.118275 2.054888
v 0.782948 0.127097 1.898185
v 0.782948 0.146134 1.898185
v 0.783588 0.136616 1.899294
v 0.782889 0.146494 1.898083
v 0.777275 0.161924 1.888359
v 0.780604 0.154956 1.894126
v 0.777161 0.162090 1.888161
v 0.768050 0.168001 1.872381
v 0.772807 0.166269 1.880621
v 0.767938 0.168001 1.872188
v 0.758828 0.162090 1.856407
v 0.763181 0.166269 1.863948
v 0.758713 0.161924 1.856209
v 0.753099 0.146494 1.846485
v 0.755384 0.154956 1.850443
v 0.753040 0.146134 1.846384
v 0.753040 0.127097 1.846384
v 0.752400 0.136616 1.845274
v 0.753099 0.126737 1.846485
v 0.758713 0.111308 1.856209
v 0.755384 0.118275 1.850443
v 0.758828 0.111142 1.856407
v 0.767938 0.105231 1.872188
v 0.763181 0.106962 1.863948
v 0.768050 0.105231 1.872381
v 0.777161 0.111142 1.888161
v 0.772807 0.106962 1.880621
v 0.777275 0.111308 1.888359
v 0.782889 0.126737 1.898083
v 0.780604 0.118275 1.894126
v 1.117198 0.127097 1.641706
v 1.117198 0.146134 1.641706
v 1.118104 0.136616 1.642611
v 1.117115 0.146494 1.641623
v 1.109176 0.161924 1.633683
v 1.113884 0.154956 1.638391
v 1.109014 0.162090 1.633521
v 1.096129 0.168001 1.620636
v 1.102857 0.166269 1.627365
v 1.095972 0.168001 1.620479
v 1.083087 0.162090 1.607594
v 1.089244 0.166269 1.613751
v 1.082926 0.161924 1.607433
v 1.074986 0.146494 1.599493
v 1.078217 0.154956 1.602724
v 1.074903 0.146134 1.599410
v 1.074903 0.127097 1.599410
v 1.073997 0.136616 1.598504
v 1.074986 0.126737 1.599493
v 1.082926 0.111308 1.607433
v 1.078217 0.118275 1.602724
v 1.083087 0.111142 1.607594
v 1.095972 0.105231 1.620479
v 1.089244 0.106962 1.613751
v 1.096129 0.105231 1.620636
v 1.109014 0.111142 1.633521
v 1.102857 0.106962 1.627365
v 1.109176 0.111308 1.633683
v 1.117115 0.126737 1.641623
v 1.113884 0.118275 1.638391
v 1.373679 0.127097 1.307454
v 1.373679 0.146134 1.307454
v 1.374788 0.136616 1.308094
v 1.373577 0.146494 1.307395
v 1.363853 0.161924 1.301781
v 1.369620 0.154956 1.305110
v 1.363655 0.162090 1.301667
v 1.347875 0.168001 1.292556
v 1.356115 0.166269 1.297313
v 1.347682 0.168001 1.292445
v 1.331901 0.162090 1.283334
v 1.339442 0.166269 1.287687
v 1.331703 0.161924 1.283219
v 1.321979 0.146494 1.277605
v 1.325937 0.154956 1.279890
v 1.321878 0.146134 1.277547
v 1.321878 0.127097 1.277547
v 1.320768 0.136616 1.276906
v 1.321979 0.126737 1.277605
v 1.331703 0.111308 1.283219
v 1.325937 0.118275 1.279890
v 1.331901 0.111142 1.283334
v 1.347682 0.105231 1.292445
v 1.339442 0.106962 1.287687
v 1.347875 0.105231 1.292556
v 1.363655 0.111142 1.301667
v 1.356115 0.106962 1.297313
v 1.363853 0.111308 1.301781
v 1.373577 0.126737 1.307395
v 1.369620 0.118275 1.305110
v 1.534909 0.127097 0.918210
v 1.534909 0.146134 0.918210
v 1.536146 0.136616 0.918541
v 1.534796 0.146494 0.918179
v 1.523950 0.161924 0.915273
v 1.530382 0.154956 0.916996
v 1.523729 0.162090 0.915214
v 1.506128 0.168001 0.910498
v 1.515319 0.166269 0.912960
v 1.505913 0.168001 0.910440
v 1.488312 0.162090 0.905724
v 1.496723 0.166269 0.907978
v 1.488091 0.161924 0.905665
v 1.477246 0.146494 0.902759
v 1.481660 0.154956 0.903941
v 1.477133 0.146134 0.902728
v 1.477133 0.127097 0.902728
v 1.475895 0.136616 0.902397
v 1.477246 0.126737 0.902759
v 1.488091 0.111308 0.905665
v 1.481660 0.118275 0.903941
v 1.488312 0.111142 0.905724
v 1.505913 0.105231 0.910440
v 1.496723 0.106962 0.907978
v 1.506128 0.105231 0.910498
v 1.523729 0.111142 0.915214
v 1.515319 0.106962 0.912960
v 1.523950 0.111308 0.915273
v 1.534796 0.126737 0.918179
v 1.530382 0.118275 0.916996
v 0.889911 1.050038 0.508375
v 0.896194 1.055354 0.519875
v 0.883002 1.059248 0.516586
v 0.926066 1.202724 0.574555
v 0.923517 1.215829 0.569889
v 0.912874 1.206618 0.571266
v 0.863417 1.073403 0.459876
v 0.856508 1.082613 0.468088
v 0.860868 1.086507 0.455211
v 0.897022 1.239194 0.521391
v 0.890739 1.233877 0.509890
v 0.886379 1.229983 0.522768
v 0.942566 1.050038 0.479609
v 0.953209 1.059248 0.478232
v 0.948849 1.055354 0.491110
v 0.976172 1.215829 0.541124
v 0.978721 1.202724 0.545789
v 0.983081 1.206618 0.532912
v 0.916071 1.073403 0.431111
v 0.913523 1.086507 0.426445
v 0.926714 1.082613 0.429734
v 0.949677 1.239194 0.492625
v 0.956586 1.229983 0.484414
v 0.943394 1.233877 0.481125
v 0.530610 1.237883 -0.165906
v 0.537820 1.243093 -0.154912
v 0.525482 1.248897 -0.158667
v 0.593385 1.387526 -0.114269
v 0.593121 1.400369 -0.120183
v 0.581047 1.393329 -0.118024
v 0.508189 1.260782 -0.216630
v 0.503061 1.271796 -0.209391
v 0.507925 1.273626 -0.222544
v 0.570700 1.423269 -0.170907
v 0.563490 1.418058 -0.181901
v 0.558626 1.416228 -0.168748
v 0.582215 1.225963 -0.194098
v 0.594289 1.233003 -0.196257
v 0.589425 1.231173 -0.183104
v 0.644726 1.388449 -0.148375
v 0.644990 1.375606 -0.142461
v 0.649854 1.377435 -0.155614
v 0.559794 1.248862 -0.244822
v 0.559530 1.261706 -0.250736
v 0.571868 1.255903 -0.246981
v 0.622305 1.411348 -0.199099
v 0.627433 1.400335 -0.206338
v 0.615095 1.406138 -0.210093
v -1.004612 1.429186 -0.282380
v -0.996513 1.434083 -0.271872
v -1.007681 1.441564 -0.276267
v -0.916278 1.569819 -0.244706
v -0.914348 1.581890 -0.251819
v -0.927446 1.577300 -0.249101
v -1.023122 1.450707 -0.335241
v -1.026191 1.463084 -0.329127
v -1.021192 1.462777 -0.342353
v -0.932858 1.603410 -0.304679
v -0.940958 1.598514 -0.315187
v -0.945956 1.598821 -0.301961
v -0.956114 1.405821 -0.308875
v -0.943016 1.410410 -0.311593
v -0.948014 1.410718 -0.298367
v -0.865850 1.558525 -0.278313
v -0.867780 1.546454 -0.271201
v -0.862781 1.546147 -0.284427
v -0.974624 1.427342 -0.361736
v -0.972694 1.439412 -0.368848
v -0.961526 1.431931 -0.364454
v -0.884360 1.580045 -0.331174
v -0.881291 1.567668 -0.337288
v -0.892459 1.575149 -0.341682
v -1.033764 1.623496 0.596220
v -1.024847 1.627884 0.606281
v -1.034576 1.636745 0.601101
v -0.921951 1.749514 0.621067
v -0.918006 1.760329 0.612854
v -0.931680 1.758374 0.615887
v -1.048681 1.642780 0.541397
v -1.049494 1.656029 0.546278
v -1.044737 1.653596 0.533183
v -0.932923 1.779614 0.558031
v -0.941840 1.775226 0.547969
v -0.946597 1.777658 0.561063
v -0.990306 1.589618 0.572479
v -0.976632 1.591573 0.569446
v -0.981389 1.594006 0.582540
v -0.874548 1.726451 0.589113
v -0.878493 1.715635 0.597326
v -0.873736 1.713203 0.584232
v -1.005223 1.608902 0.517655
v -1.001279 1.619718 0.509442
v -0.991549 1.610857 0.514623
v -0.889465 1.745735 0.534290
v -0.888653 1.732487 0.529409
v -0.898382 1.741347 0.524228
v -0.571799 1.100243 1.256260
v -0.562169 1.103947 1.265932
v -0.570248 1.113834 1.259850
v -0.439523 1.206621 1.269929
v -0.433821 1.215751 1.260756
v -0.447601 1.216507 1.263847
v -0.583584 1.116522 1.199726
v -0.582033 1.130112 1.203316
v -0.577883 1.125652 1.190554
v -0.445607 1.232030 1.204222
v -0.455237 1.228326 1.194550
v -0.459386 1.232786 1.207312
v -0.535114 1.057202 1.236219
v -0.521334 1.056445 1.233129
v -0.525484 1.060906 1.245891
v -0.397136 1.172709 1.240715
v -0.402837 1.163579 1.249888
v -0.398687 1.159119 1.237125
v -0.546899 1.073480 1.179685
v -0.541198 1.082611 1.170512
v -0.533120 1.072724 1.176595
v -0.408922 1.188988 1.184181
v -0.410473 1.175398 1.180591
v -0.418551 1.185284 1.174509
v 0.956669 1.298759 1.278745
v 0.966878 1.301632 1.288101
v 0.960596 1.312150 1.281037
v 1.105576 1.381256 1.283328
v 1.112705 1.388336 1.273376
v 1.099294 1.391775 1.276264
v 0.947429 1.311383 1.220821
v 0.951356 1.324775 1.223113
v 0.954557 1.318464 1.210868
v 1.103464 1.400961 1.215451
v 1.093255 1.398088 1.206095
v 1.090054 1.404399 1.218340
v 0.985119 1.248271 1.263203
v 0.998529 1.244833 1.260314
v 0.995328 1.251143 1.272559
v 1.141154 1.337848 1.257834
v 1.134026 1.330768 1.267786
v 1.137227 1.324457 1.255542
v 0.975878 1.260895 1.205279
v 0.983007 1.267976 1.195326
v 0.989288 1.257457 1.202390
v 1.131914 1.350472 1.199909
v 1.127987 1.337081 1.197617
v 1.121705 1.347600 1.190553
v 0.804657 1.498306 0.412805
v 0.815288 1.500232 0.421930
v 0.810878 1.510964 0.413844
v 0.965700 1.553633 0.410758
v 0.973870 1.558381 0.400237
v 0.961289 1.564364 0.402673
v 0.797273 1.506772 0.353866
v 0.803494 1.519430 0.354905
v 0.805444 1.511521 0.343345
v 0.966486 1.566848 0.341298
v 0.955855 1.564921 0.332173
v 0.953906 1.572831 0.343734
v 0.823737 1.442383 0.402382
v 0.836318 1.436401 0.399946
v 0.834368 1.444310 0.411507
v 0.992950 1.502459 0.389814
v 0.984780 1.497710 0.400335
v 0.986729 1.489801 0.388775
v 0.816353 1.450850 0.343443
v 0.824524 1.455598 0.332922
v 0.828934 1.444867 0.341007
v 0.985566 1.510926 0.330875
v 0.979345 1.498268 0.329836
v 0.974935 1.508999 0.321750
v 0.212299 1.698104 -0.205876
v 0.223179 1.699008 -0.196888
v 0.220640 1.709524 -0.205996
v 0.380498 1.724056 -0.211833
v 0.389283 1.726283 -0.222690
v 0.377959 1.734572 -0.220941
v 0.206011 1.702075 -0.265414
v 0.214351 1.713495 -0.265533
v 0.214795 1.704303 -0.276271
v 0.382994 1.730254 -0.282227
v 0.372114 1.729351 -0.291216
v 0.371670 1.738544 -0.280478
v 0.221248 1.638977 -0.210766
v 0.232573 1.630688 -0.212515
v 0.232129 1.639881 -0.201777
v 0.398232 1.667156 -0.227579
v 0.389448 1.664929 -0.216722
v 0.389891 1.655736 -0.227460
v 0.214960 1.642949 -0.270303
v 0.223744 1.645176 -0.281160
v 0.226284 1.634659 -0.272052
v 0.391944 1.671127 -0.287116
v 0.383603 1.659707 -0.286997
v 0.381063 1.670224 -0.296105
vn -0.1004 -0.9899 0.1004
vn -0.1004 -0.1004 0.9899
vn -0.9899 -0.1004 0.1004
vn -0.0981 -0.9201 0.3792
vn -0.0919 -0.7041 0.7041
vn -0.3792 -0.9201 0.0981
vn -0.3673 -0.8545 0.3673
vn -0.3347 -0.6663 0.6663
vn -0.5773 -0.5774 0.5774
vn -0.3792 -0.0981 0.9201
vn -0.7041 -0.0919 0.7041
vn -0.0981 -0.3792 0.9201
vn -0.3673 -0.3673 0.8545
vn -0.6663 -0.3347 0.6663
vn -0.9201 -0.3792 0.0981
vn -0.7041 -0.7041 0.0919
vn -0.9201 -0.0981 0.3792
vn -0.8545 -0.3673 0.3673
vn -0.6663 -0.6663 0.3347
vn -0.1004 0.1004 0.9899
vn -0.1004 0.9899 0.1004
vn -0.9899 0.1004 0.1004
vn -0.0981 0.3792 0.9201
vn -0.0919 0.7041 0.7041
vn -0.3792 0.0981 0.9201
vn -0.3673 0.3673 0.8545
vn -0.3347 0.6663 0.6663
vn -0.5774 0.5774 0.5773
vn -0.3792 0.9201 0.0981
vn -0.7041 0.7041 0.0919
vn -0.0981 0.9201 0.3792
vn -0.3673 0.8545 0.3673
vn -0.6663 0.6663 0.3347
vn -0.9201 0.0981 0.3792
vn -0.7041 0.0919 0.7041
vn -0.9201 0.3792 0.0981
vn -0.8545 0.3673 0.3673
vn -0.6663 0.3347 0.6663
vn -0.1004 -0.9899 -0.1004
vn -0.9899 -0.1004 -0.1004
vn -0.1004 -0.1004 -0.9899
vn -0.3792 -0.9201 -0.0981
vn -0.7041 -0.7041 -0.0919
vn -0.0981 -0.9201 -0.3792
vn -0.3673 -0.8545 -0.3673
vn -0.6663 -0.6663 -0.3347
vn -0.5774 -0.5774 -0.5773
vn -0.9201 -0.0981 -0.3792
vn -0.7041 -0.0919 -0.7041
vn -0.9201 -0.3792 -0.0981
vn -0.8545 -0.3673 -0.3673
vn -0.6663 -0.3347 -0.6663
vn -0.0981 -0.3792 -0.9201
vn -0.0919 -0.7041 -0.7041
vn -0.3792 -0.0981 -0.9201
vn -0.3673 -0.3673 -0.8545
vn -0.3347 -0.6663 -0.6663
vn -0.1004 0.9899 -0.1004
vn -0.1004 0.1004 -0.9899
vn -0.9899 0.1004 -0.1004
vn -0.0981 0.9201 -0.3792
vn -0.0919 0.7041 -0.7041
vn -0.3792 0.9201 -0.0981
vn -0.3673 0.8545 -0.3673
vn -0.3347 0.6663 -0.6663
vn -0.5774 0.5774 -0.5773
vn -0.3792 0.0981 -0.9201
vn -0.7041 0.0919 -0.7041
vn -0.0981 0.3792 -0.9201
vn -0.3673 0.3673 -0.8545
vn -0.6663 0.3347 -0.6663
vn -0.9201 0.3792 -0.0981
vn -0.7041 0.7041 -0.0919
vn -0.9201 0.0981 -0.3792
vn -0.8545 0.3673 -0.3673
vn -0.6663 0.6663 -0.3347
vn 0.1004 -0.9899 0.1004
vn 0.9899 -0.1004 0.1004
vn 0.1004 -0.1004 0.9899
vn 0.3792 -0.9201 0.0981
vn 0.7041 -0.7041 0.0919
vn 0.0981 -0.9201 0.3792
vn 0.3673 -0.8545 0.3673
vn 0.6663 -0.6663 0.3347
vn 0.5773 -0.5774 0.5774
vn 0.9201 -0.0981 0.3792
vn 0.7041 -0.0919 0.7041
vn 0.9201 -0.3792 0.0981
vn 0.8545 -0.3673 0.3673
vn 0.6663 -0.3347 0.6663
vn 0.0981 -0.3792 0.9201
vn 0.0919 -0.7041 0.7041
vn 0.3792 -0.0981 0.9201
vn 0.3673 -0.3673 0.8545
vn 0.3347 -0.6663 0.6663
vn 0.1004 0.9899 0.1004
vn 0.1004 0.1004 0.9899
vn 0.9899 0.1004 0.1004
vn 0.0981 0.9201 0.3792
vn 0.0919 0.7041 0.7041
vn 0.3792 0.9201 0.0981
vn 0.3673 0.8545 0.3673
vn 0.3347 0.6663 0.6663
vn 0.5774 0.5774 0.5773
vn 0.3792 0.0981 0.9201
vn 0.7041 0.0919 0.7041
vn 0.0981 0.3792 0.9201
vn 0.3673 0.3673 0.8545
vn 0.6663 0.3347 0.6663
vn 0.9201 0.3792 0.0981
vn 0.7041 0.7041 0.0919
vn 0.9201 0.0981 0.3792
vn 0.8545 0.3673 0.3673
vn 0.6663 0.6663 0.3347
vn 0.1004 -0.9899 -0.1004
vn 0.1004 -0.1004 -0.9899
vn 0.9899 -0.1004 -0.1004
vn 0.0981 -0.9201 -0.3792
vn 0.0919 -0.7041 -0.7041
vn 0.3792 -0.9201 -0.0981
vn 0.3673 -0.8545 -0.3673
vn 0.3347 -0.6663 -0.6663
vn 0.5773 -0.5774 -0.5774
vn 0.3792 -0.0981 -0.9201
vn 0.7041 -0.0919 -0.7041
vn 0.0981 -0.3792 -0.9201
vn 0.3673 -0.3673 -0.8545
vn 0.6663 -0.3347 -0.6663
vn 0.9201 -0.3792 -0.0981
vn 0.7041 -0.7041 -0.0919
vn 0.9201 -0.0981 -0.3792
vn 0.8545 -0.3673 -0.3673
vn 0.6663 -0.6663 -0.3347
vn 0.1004 0.9899 -0.1004
vn 0.9899 0.1004 -0.1004
vn 0.1004 0.1004 -0.9899
vn 0.3792 0.9201 -0.0981
vn 0.7041 0.7041 -0.0919
vn 0.0981 0.9201 -0.3792
vn 0.3673 0.8545 -0.3673
vn 0.6663 0.6663 -0.3347
vn 0.5774 0.5774 -0.5773
vn 0.9201 0.0981 -0.3792
vn 0.7041 0.0919 -0.7041
vn 0.9201 0.3792 -0.0981
vn 0.8545 0.3673 -0.3673
vn 0.6663 0.3347 -0.6663
vn 0.0981 0.3792 -0.9201
vn 0.0919 0.7041 -0.7041
vn 0.3792 0.0981 -0.9201
vn 0.3673 0.3673 -0.8545
vn 0.3347 0.6663 -0.6663
vn -0.5774 -0.5774 0.5773
vn -0.5773 0.5774 0.5773
vn 0.5773 0.5774 0.5774
vn -0.5774 -0.5773 0.5774
vn -0.5774 0.5773 0.5773
vn -0.5773 0.5774 -0.5773
vn 0.5774 -0.5773 0.5774
vn 0.5774 0.5773 0.5773
vn 0.5773 -0.5774 -0.5773
vn 0.5773 0.5774 -0.5773
vn -0.5774 0.5773 0.5774
vn -0.5773 -0.5773 -0.5774
vn -0.5773 0.5773 -0.5774
vn 0.5774 0.5773 0.5774
vn 0.5773 -0.5773 -0.5774
vn 0.5773 0.5774 -0.5774
vn -0.1794 -0.9673 0.1794
vn -0.1794 -0.1794 0.9673
vn -0.9673 -0.1794 0.1794
vn -0.1726 -0.6965 0.6965
vn -0.5773 -0.5773 0.5774
vn -0.6965 -0.1726 0.6965
vn -0.6965 -0.6965 0.1726
vn -0.1794 0.1794 0.9673
vn -0.1794 0.9673 0.1794
vn -0.9673 0.1794 0.1794
vn -0.1726 0.6965 0.6965
vn -0.6965 0.6965 0.1726
vn -0.6965 0.1726 0.6965
vn -0.1794 -0.9673 -0.1794
vn -0.9673 -0.1794 -0.1794
vn -0.1794 -0.1794 -0.9673
vn -0.6965 -0.6965 -0.1726
vn -0.6965 -0.1726 -0.6965
vn -0.1726 -0.6965 -0.6965
vn -0.1794 0.9673 -0.1794
vn -0.1794 0.1794 -0.9673
vn -0.9673 0.1794 -0.1794
vn -0.1726 0.6965 -0.6965
vn -0.6965 0.1726 -0.6965
vn -0.6965 0.6965 -0.1726
vn 0.1794 -0.9673 0.1794
vn 0.9673 -0.1794 0.1794
vn 0.1794 -0.1794 0.9673
vn 0.6965 -0.6965 0.1726
vn 0.5773 -0.5773 0.5774
vn 0.6965 -0.1726 0.6965
vn 0.1726 -0.6965 0.6965
vn 0.1794 0.9673 0.1794
vn 0.1794 0.1794 0.9673
vn 0.9673 0.1794 0.1794
vn 0.1726 0.6965 0.6965
vn 0.6965 0.1726 0.6965
vn 0.6965 0.6965 0.1726
vn 0.1794 -0.9673 -0.1794
vn 0.1794 -0.1794 -0.9673
vn 0.9673 -0.1794 -0.1794
vn 0.1726 -0.6965 -0.6965
vn 0.6965 -0.1726 -0.6965
vn 0.6965 -0.6965 -0.1726
vn 0.1794 0.9673 -0.1794
vn 0.9673 0.1794 -0.1794
vn 0.1794 0.1794 -0.9673
vn 0.6965 0.6965 -0.1726
vn 0.5773 0.5773 -0.5774
vn 0.6965 0.1726 -0.6965
vn 0.1726 0.6965 -0.6965
vn -0.5774 -0.5773 -0.5774
vn 0.5773 0.5773 0.5774
vn 0.5774 -0.5773 -0.5774
vn -0.5773 0.5773 0.5774
vn -0.5773 0.5774 0.5774
vn -0.5773 0.5774 -0.5774
vn 0.5774 -0.5774 -0.5773
vn -0.5774 -0.5773 -0.5773
vn 0.5774 -0.5773 -0.5773
vn 0.5773 0.5774 0.5773
vn -0.5774 -0.5774 0.5774
vn -0.5774 -0.5774 -0.5774
vn -0.5774 0.5774 -0.5774
vn 0.5774 -0.5774 0.5773
vn 0.5774 0.5774 -0.5774
vn 0.5773 -0.5774 0.5773
vn 0.5774 -0.5774 -0.5774
vn -0.5774 0.5773 -0.5774
vn 0.5774 0.5773 -0.5774
vn -0.5774 -0.5773 0.5773
vn -0.5774 0.5773 -0.5773
vn 0.5774 -0.5773 0.5773
vn 0.5774 0.5773 -0.5773
vn -0.5773 -0.5774 0.5773
vn -0.5774 0.5774 0.5774
vn -0.1296 -0.9831 0.1296
vn -0.1296 -0.1296 0.9831
vn -0.9831 -0.1296 0.1296
vn -0.1216 -0.8623 0.4915
vn -0.4915 -0.8623 0.1216
vn -0.4473 -0.7744 0.4473
vn -0.4915 -0.1216 0.8623
vn -0.1216 -0.4915 0.8623
vn -0.4473 -0.4474 0.7744
vn -0.8623 -0.4915 0.1216
vn -0.8623 -0.1216 0.4915
vn -0.7744 -0.4474 0.4473
vn -0.1296 0.1296 0.9831
vn -0.1296 0.9831 0.1296
vn -0.9831 0.1296 0.1296
vn -0.1216 0.4915 0.8623
vn -0.4915 0.1216 0.8623
vn -0.4473 0.4473 0.7744
vn -0.4915 0.8623 0.1216
vn -0.1216 0.8623 0.4915
vn -0.4473 0.7744 0.4473
vn -0.8623 0.1216 0.4915
vn -0.8623 0.4915 0.1216
vn -0.7744 0.4473 0.4473
vn -0.1296 -0.9831 -0.1296
vn -0.9831 -0.1296 -0.1296
vn -0.1296 -0.1296 -0.9831
vn -0.4915 -0.8623 -0.1216
vn -0.1216 -0.8623 -0.4915
vn -0.4473 -0.7744 -0.4474
vn -0.8623 -0.1216 -0.4915
vn -0.8623 -0.4915 -0.1216
vn -0.7744 -0.4473 -0.4474
vn -0.1216 -0.4915 -0.8623
vn -0.4915 -0.1216 -0.8623
vn -0.4473 -0.4473 -0.7744
vn -0.1296 0.9831 -0.1296
vn -0.1296 0.1296 -0.9831
vn -0.9831 0.1296 -0.1296
vn -0.1216 0.8623 -0.4915
vn -0.4915 0.8623 -0.1216
vn -0.4473 0.7744 -0.4474
vn -0.4915 0.1216 -0.8623
vn -0.1216 0.4915 -0.8623
vn -0.4473 0.4473 -0.7744
vn -0.8623 0.4915 -0.1216
vn -0.8623 0.1216 -0.4915
vn -0.7744 0.4473 -0.4474
vn 0.1296 -0.9831 0.1296
vn 0.9831 -0.1296 0.1296
vn 0.1296 -0.1296 0.9831
vn 0.4915 -0.8623 0.1216
vn 0.1216 -0.8623 0.4915
vn 0.4473 -0.7744 0.4473
vn 0.8623 -0.1216 0.4915
vn 0.8623 -0.4915 0.1216
vn 0.7744 -0.4473 0.4473
vn 0.1216 -0.4915 0.8623
vn 0.4915 -0.1216 0.8623
vn 0.4473 -0.4473 0.7744
vn 0.1296 0.9831 0.1296
vn 0.1296 0.1296 0.9831
vn 0.9831 0.1296 0.1296
vn 0.1216 0.8623 0.4915
vn 0.4915 0.8623 0.1216
vn 0.4474 0.7744 0.4473
vn 0.4915 0.1216 0.8623
vn 0.1216 0.4915 0.8623
vn 0.4473 0.4473 0.7744
vn 0.8623 0.4915 0.1216
vn 0.8623 0.1216 0.4915
vn 0.7744 0.4473 0.4473
vn 0.1296 -0.9831 -0.1296
vn 0.1296 -0.1296 -0.9831
vn 0.9831 -0.1296 -0.1296
vn 0.1216 -0.8623 -0.4915
vn 0.4915 -0.8623 -0.1216
vn 0.4473 -0.7744 -0.4473
vn 0.4915 -0.1216 -0.8623
vn 0.1216 -0.4915 -0.8623
vn 0.4473 -0.4473 -0.7744
vn 0.8623 -0.4915 -0.1216
vn 0.8623 -0.1216 -0.4915
vn 0.7744 -0.4473 -0.4474
vn 0.1296 0.9831 -0.1296
vn 0.9831 0.1296 -0.1296
vn 0.1296 0.1296 -0.9831
vn 0.4915 0.8623 -0.1216
vn 0.1216 0.8623 -0.4915
vn 0.4473 0.7744 -0.4474
vn 0.8623 0.1216 -0.4915
vn 0.8623 0.4915 -0.1216
vn 0.7744 0.4473 -0.4474
vn 0.1216 0.4915 -0.8623
vn 0.4915 0.1216 -0.8623
vn 0.4473 0.4473 -0.7744
vn -0.3673 0.3674 -0.8545
vn 0.3673 0.3674 -0.8545
vn -0.3745 0.3446 0.8608
vn -0.6858 0.6764 0.2687
vn -0.7262 0.5667 0.3892
vn -0.1622 0.9704 0.1788
vn -0.8411 0.4975 0.2122
vn -0.7011 0.6910 0.1759
vn -0.3745 0.3446 -0.8608
vn -0.6858 0.6764 -0.2687
vn -0.7262 0.5667 -0.3892
vn -0.5773 -0.5774 -0.5773
vn -0.1622 0.9704 -0.1788
vn -0.8411 0.4975 -0.2122
vn -0.7011 0.6910 -0.1759
vn 0.7929 -0.4464 0.4148
vn 0.9650 0.0681 0.2532
vn 0.8616 -0.4767 0.1743
vn 0.0775 0.9809 0.1782
vn 0.5857 0.7774 0.2295
vn 0.5774 0.5774 0.5774
vn 0.3330 0.9259 0.1785
vn 0.7929 -0.4464 -0.4148
vn 0.9650 0.0681 -0.2532
vn 0.8616 -0.4767 -0.1743
vn 0.0775 0.9809 -0.1782
vn 0.5857 0.7774 -0.2295
vn 0.3330 0.9259 -0.1785
vn -0.1794 0.1793 0.9673
vn 0.1794 0.1793 0.9673
vn -0.3416 -0.8756 0.3416
vn -0.3416 -0.3416 0.8756
vn -0.8756 -0.3416 0.3416
vn -0.3416 0.3416 0.8756
vn -0.3416 0.8756 0.3416
vn -0.8756 0.3416 0.3416
vn -0.3416 -0.8756 -0.3416
vn -0.8756 -0.3416 -0.3416
vn -0.3416 -0.3416 -0.8756
vn -0.3416 0.8756 -0.3416
vn -0.3416 0.3416 -0.8756
vn -0.8756 0.3416 -0.3416
vn 0.3416 -0.8756 0.3416
vn 0.8756 -0.3416 0.3416
vn 0.3416 -0.3416 0.8756
vn 0.3416 0.8756 0.3416
vn 0.3416 0.3416 0.8756
vn 0.8756 0.3416 0.3416
vn 0.3416 -0.8756 -0.3416
vn 0.3416 -0.3416 -0.8756
vn 0.8756 -0.3416 -0.3416
vn 0.3416 0.8756 -0.3416
vn 0.8756 0.3416 -0.3416
vn 0.3416 0.3416 -0.8756
vn -0.4182 0.8816 0.2188
vn -0.7994 0.5630 0.2098
vn -0.8616 0.4767 0.1743
vn -0.4182 0.8816 -0.2188
vn -0.7994 0.5630 -0.2098
vn -0.8616 0.4767 -0.1743
vn 0.3217 -0.8779 0.3547
vn 0.9591 0.1472 0.2420
vn 0.7011 -0.6910 0.1759
vn 0.3217 -0.8779 -0.3547
vn 0.9591 0.1472 -0.2419
vn 0.7011 -0.6910 -0.1759
vn -0.1296 -0.9914 -0.0188
vn -0.1296 -0.2750 0.9527
vn -0.9831 -0.1475 0.1088
vn -0.1216 -0.9261 0.3572
vn -0.4916 -0.8708 -0.0087
vn -0.4474 -0.8326 0.3266
vn -0.4915 -0.2491 0.8345
vn -0.1216 -0.6149 0.7792
vn -0.4474 -0.5581 0.6989
vn -0.8623 -0.5042 0.0468
vn -0.8623 -0.1937 0.4679
vn -0.7744 -0.5092 0.3755
vn -0.1296 -0.0188 0.9914
vn -0.1296 0.9527 0.2751
vn -0.9831 0.1088 0.1475
vn -0.1216 0.3572 0.9261
vn -0.4915 -0.0087 0.8708
vn -0.4473 0.3266 0.8326
vn -0.4916 0.8345 0.2491
vn -0.1216 0.7792 0.6149
vn -0.4474 0.6989 0.5581
vn -0.8623 0.0468 0.5042
vn -0.8623 0.4679 0.1937
vn -0.7744 0.3755 0.5092
vn -0.1296 -0.9527 -0.2750
vn -0.9831 -0.1088 -0.1475
vn -0.1296 0.0188 -0.9914
vn -0.4915 -0.8345 -0.2491
vn -0.1216 -0.7792 -0.6149
vn -0.4474 -0.6989 -0.5581
vn -0.8623 -0.0468 -0.5042
vn -0.8623 -0.4679 -0.1937
vn -0.7744 -0.3755 -0.5092
vn -0.1216 -0.3572 -0.9261
vn -0.4915 0.0087 -0.8708
vn -0.4474 -0.3266 -0.8326
vn -0.1296 0.9914 0.0188
vn -0.1296 0.2750 -0.9527
vn -0.9831 0.1475 -0.1088
vn -0.1216 0.9261 -0.3572
vn -0.4915 0.8708 0.0087
vn -0.4474 0.8326 -0.3266
vn -0.4915 0.2491 -0.8345
vn -0.1216 0.6149 -0.7792
vn -0.4474 0.5581 -0.6989
vn -0.8623 0.5042 -0.0468
vn -0.8623 0.1937 -0.4679
vn -0.7744 0.5092 -0.3755
vn 0.1296 -0.9914 -0.0188
vn 0.9831 -0.1475 0.1088
vn 0.1296 -0.2750 0.9527
vn 0.4916 -0.8708 -0.0087
vn 0.1216 -0.9261 0.3572
vn 0.4474 -0.8326 0.3266
vn 0.8623 -0.1937 0.4679
vn 0.8623 -0.5042 0.0468
vn 0.7744 -0.5092 0.3755
vn 0.1216 -0.6149 0.7792
vn 0.4915 -0.2491 0.8345
vn 0.4474 -0.5581 0.6989
vn 0.1296 0.9527 0.2751
vn 0.1296 -0.0188 0.9914
vn 0.9831 0.1088 0.1475
vn 0.1216 0.7792 0.6149
vn 0.4916 0.8345 0.2491
vn 0.4474 0.6989 0.5581
vn 0.4915 -0.0087 0.8708
vn 0.1216 0.3572 0.9261
vn 0.4474 0.3266 0.8326
vn 0.8623 0.4679 0.1937
vn 0.8623 0.0468 0.5042
vn 0.7744 0.3755 0.5092
vn 0.1296 -0.9527 -0.2750
vn 0.1296 0.0188 -0.9914
vn 0.9831 -0.1088 -0.1475
vn 0.1216 -0.7792 -0.6149
vn 0.4915 -0.8345 -0.2491
vn 0.4473 -0.6989 -0.5581
vn 0.4915 0.0087 -0.8708
vn 0.1216 -0.3572 -0.9261
vn 0.4473 -0.3266 -0.8326
vn 0.8623 -0.4679 -0.1937
vn 0.8623 -0.0468 -0.5042
vn 0.7744 -0.3755 -0.5092
vn 0.1296 0.9914 0.0188
vn 0.9831 0.1475 -0.1088
vn 0.1296 0.2750 -0.9527
vn 0.4916 0.8708 0.0087
vn 0.1216 0.9261 -0.3572
vn 0.4474 0.8326 -0.3266
vn 0.8623 0.1937 -0.4679
vn 0.8623 0.5042 -0.0468
vn 0.7744 0.5092 -0.3755
vn 0.1216 0.6149 -0.7792
vn 0.4915 0.2491 -0.8345
vn 0.4474 0.5581 -0.6989
vn -0.5773 -0.5774 -0.5774
vn -0.4474 -0.7744 0.4473
vn -0.7744 -0.4473 0.4473
vn -0.4473 0.4474 0.7744
vn -0.4474 -0.7744 -0.4474
vn -0.4474 0.7744 -0.4474
vn -0.7744 0.4474 -0.4474
vn 0.4474 -0.7744 0.4473
vn 0.1216 -0.4916 0.8623
vn 0.4474 -0.4473 0.7744
vn 0.4474 -0.7744 -0.4474
vn 0.4474 0.7744 -0.4474
vn -0.4473 -0.7744 0.4474
vn -0.4916 0.8623 0.1216
vn -0.4473 0.7744 0.4474
vn -0.7744 0.4474 0.4473
vn -0.4474 -0.7744 -0.4473
vn -0.4473 -0.4474 -0.7744
vn -0.4473 0.7744 -0.4473
vn -0.1216 0.4916 -0.8623
vn -0.4473 0.4474 -0.7744
vn -0.7744 0.4474 -0.4473
vn 0.7744 -0.4474 0.4473
vn 0.4473 -0.4474 0.7744
vn 0.4916 0.8623 0.1216
vn 0.4473 0.7744 0.4473
vn 0.4473 0.4474 0.7744
vn 0.7744 0.4474 0.4473
vn 0.4473 -0.4474 -0.7744
vn 0.7744 -0.4474 -0.4473
vn 0.4916 0.8623 -0.1216
vn 0.4474 0.7744 -0.4473
vn 0.1216 0.4916 -0.8623
vn 0.4473 0.4474 -0.7744
vn -0.4837 -0.8711 0.0850
vn -0.4121 -0.1183 0.9034
vn -0.9933 0.1145 -0.0183
vn -0.5017 -0.6144 0.6090
vn -0.8225 -0.3809 0.4224
vn -0.8405 0.0410 0.5403
vn -0.8881 -0.4596 -0.0040
vn -0.3082 0.2244 0.9245
vn 0.0766 0.9771 0.1985
vn -0.8894 0.4572 0.0027
vn -0.0982 0.7164 0.6908
vn -0.4881 0.7222 0.4902
vn -0.4847 0.8712 0.0778
vn -0.7405 0.3707 0.5606
vn -0.4125 -0.8711 -0.2666
vn -0.9220 0.1145 -0.3699
vn -0.0277 -0.1183 -0.9926
vn -0.8196 -0.4596 -0.3422
vn -0.5931 -0.3809 -0.7093
vn -0.5637 0.0410 -0.8249
vn -0.2249 -0.6144 -0.7563
vn 0.1479 0.9771 -0.1530
vn 0.0762 0.2244 -0.9715
vn -0.8181 0.4572 -0.3488
vn 0.1785 0.7164 -0.6745
vn -0.2587 0.7222 -0.6415
vn -0.4638 0.3707 -0.8047
vn -0.4161 0.8712 -0.2604
vn -0.1479 -0.9771 0.1530
vn 0.8181 -0.4572 0.3488
vn -0.0762 -0.2244 0.9715
vn 0.4161 -0.8712 0.2604
vn 0.2586 -0.7222 0.6415
vn 0.4638 -0.3707 0.8047
vn -0.1785 -0.7164 0.6745
vn 0.4125 0.8711 0.2666
vn 0.0277 0.1183 0.9926
vn 0.9220 -0.1145 0.3699
vn 0.2249 0.6144 0.7563
vn 0.5931 0.3809 0.7093
vn 0.5637 -0.0410 0.8249
vn 0.8196 0.4596 0.3422
vn -0.0766 -0.9771 -0.1985
vn 0.3082 -0.2244 -0.9245
vn 0.8894 -0.4572 -0.0027
vn 0.0982 -0.7164 -0.6908
vn 0.4881 -0.7222 -0.4902
vn 0.7405 -0.3707 -0.5606
vn 0.4847 -0.8712 -0.0778
vn 0.4837 0.8711 -0.0850
vn 0.9933 -0.1145 0.0183
vn 0.4121 0.1183 -0.9034
vn 0.8881 0.4596 0.0040
vn 0.8225 0.3809 -0.4224
vn 0.8405 -0.0410 -0.5403
vn 0.5017 0.6144 -0.6090
vn 0.1479 -0.9771 0.1530
vn 0.0762 -0.2244 0.9715
vn -0.8181 -0.4572 0.3488
vn 0.1785 -0.7164 0.6745
vn -0.2587 -0.7222 0.6415
vn -0.4638 -0.3707 0.8047
vn -0.4161 -0.8712 0.2604
vn -0.0277 0.1183 0.9926
vn -0.4125 0.8711 0.2666
vn -0.9220 -0.1145 0.3699
vn -0.2249 0.6144 0.7563
vn -0.5931 0.3809 0.7093
vn -0.8196 0.4596 0.3422
vn -0.5637 -0.0410 0.8249
vn 0.0766 -0.9771 -0.1985
vn -0.8894 -0.4572 -0.0027
vn -0.3082 -0.2244 -0.9245
vn -0.4847 -0.8712 -0.0778
vn -0.4881 -0.7222 -0.4902
vn -0.7405 -0.3707 -0.5606
vn -0.0982 -0.7164 -0.6908
vn -0.4837 0.8711 -0.0850
vn -0.4121 0.1183 -0.9034
vn -0.9933 -0.1145 0.0183
vn -0.5017 0.6144 -0.6090
vn -0.8225 0.3809 -0.4224
vn -0.8405 -0.0410 -0.5403
vn -0.8881 0.4596 0.0040
vn 0.4837 -0.8711 0.0850
vn 0.9933 0.1145 -0.0183
vn 0.4121 -0.1183 0.9034
vn 0.8881 -0.4596 -0.0040
vn 0.8225 -0.3809 0.4224
vn 0.8405 0.0410 0.5403
vn 0.5017 -0.6144 0.6090
vn -0.0766 0.9771 0.1985
vn 0.3082 0.2244 0.9245
vn 0.8894 0.4572 0.0027
vn 0.0982 0.7164 0.6908
vn 0.4881 0.7222 0.4902
vn 0.7405 0.3707 0.5606
vn 0.4847 0.8712 0.0778
vn 0.4125 -0.8711 -0.2666
vn 0.0277 -0.1183 -0.9926
vn 0.9220 0.1145 -0.3699
vn 0.2249 -0.6144 -0.7563
vn 0.5931 -0.3809 -0.7093
vn 0.5637 0.0410 -0.8249
vn 0.8196 -0.4596 -0.3422
vn -0.1478 0.9771 -0.1530
vn 0.8181 0.4572 -0.3488
vn -0.0762 0.2244 -0.9715
vn 0.4161 0.8712 -0.2604
vn 0.2587 0.7222 -0.6415
vn 0.4638 0.3707 -0.8047
vn -0.1785 0.7164 -0.6745
vn -0.0000 0.2114 -0.9774
vn -0.0000 0.9811 -0.1936
vn -0.0000 0.7223 -0.6916
vn -0.0000 0.2114 0.9774
vn -0.0000 0.9811 0.1936
vn -0.0000 0.7223 0.6916
vn 0.0653 0.2010 -0.9774
vn 0.3032 0.9331 -0.1936
vn 0.2232 0.6869 -0.6916
vn 0.0653 0.2010 0.9774
vn 0.3032 0.9331 0.1936
vn 0.2232 0.6869 0.6916
vn 0.1242 0.1710 -0.9774
vn 0.5767 0.7937 -0.1936
vn 0.4245 0.5843 -0.6916
vn 0.1242 0.1710 0.9774
vn 0.5767 0.7937 0.1936
vn 0.4245 0.5843 0.6916
vn 0.1710 0.1242 -0.9774
vn 0.7937 0.5767 -0.1936
vn 0.5843 0.4245 -0.6916
vn 0.1710 0.1242 0.9774
vn 0.7937 0.5767 0.1936
vn 0.5843 0.4245 0.6916
vn 0.2010 0.0653 -0.9774
vn 0.9331 0.3032 -0.1936
vn 0.6869 0.2232 -0.6916
vn 0.2010 0.0653 0.9774
vn 0.9331 0.3032 0.1936
vn 0.6869 0.2232 0.6916
vn 0.2114 -0.0000 -0.9774
vn 0.9811 -0.0000 -0.1936
vn 0.7223 -0.0000 -0.6916
vn 0.2114 -0.0000 0.9774
vn 0.9811 -0.0000 0.1936
vn 0.7223 -0.0000 0.6916
vn 0.2010 -0.0653 -0.9774
vn 0.9331 -0.3032 -0.1936
vn 0.6869 -0.2232 -0.6916
vn 0.2010 -0.0653 0.9774
vn 0.9331 -0.3032 0.1936
vn 0.6869 -0.2232 0.6916
vn 0.1710 -0.1242 -0.9774
vn 0.7937 -0.5767 -0.1936
vn 0.5843 -0.4245 -0.6916
vn 0.1710 -0.1242 0.9774
vn 0.7937 -0.5767 0.1936
vn 0.5843 -0.4245 0.6916
vn 0.1242 -0.1710 -0.9774
vn 0.5767 -0.7937 -0.1936
vn 0.4245 -0.5843 -0.6916
vn 0.1242 -0.1710 0.9774
vn 0.5767 -0.7937 0.1936
vn 0.4245 -0.5843 0.6916
vn 0.0653 -0.2010 -0.9774
vn 0.3032 -0.9331 -0.1936
vn 0.2232 -0.6869 -0.6916
vn 0.0653 -0.2010 0.9774
vn 0.3032 -0.9331 0.1936
vn 0.2232 -0.6869 0.6916
vn -0.0000 -0.2114 -0.9774
vn -0.0000 -0.9811 -0.1936
vn -0.0000 -0.7223 -0.6916
vn -0.0000 -0.2114 0.9774
vn -0.0000 -0.9811 0.1936
vn -0.0000 -0.7223 0.6916
vn -0.0653 -0.2010 -0.9774
vn -0.3032 -0.9331 -0.1936
vn -0.2232 -0.6869 -0.6916
vn -0.0653 -0.2010 0.9774
vn -0.3032 -0.9331 0.1936
vn -0.2232 -0.6869 0.6916
vn -0.1242 -0.1710 -0.9774
vn -0.5767 -0.7937 -0.1936
vn -0.4245 -0.5843 -0.6916
vn -0.1242 -0.1710 0.9774
vn -0.5767 -0.7937 0.1936
vn -0.4245 -0.5843 0.6916
vn -0.1710 -0.1242 -0.9774
vn -0.7937 -0.5767 -0.1936
vn -0.5843 -0.4245 -0.6916
vn -0.1710 -0.1242 0.9774
vn -0.7937 -0.5767 0.1936
vn -0.5843 -0.4245 0.6916
vn -0.2010 -0.0653 -0.9774
vn -0.9331 -0.3032 -0.1936
vn -0.6869 -0.2232 -0.6916
vn -0.2010 -0.0653 0.9774
vn -0.9331 -0.3032 0.1936
vn -0.6869 -0.2232 0.6916
vn -0.2114 -0.0000 -0.9774
vn -0.9811 -0.0000 -0.1936
vn -0.7223 -0.0000 -0.6916
vn -0.2114 -0.0000 0.9774
vn -0.9811 -0.0000 0.1936
vn -0.7223 -0.0000 0.6916
vn -0.2010 0.0653 -0.9774
vn -0.9331 0.3032 -0.1936
vn -0.6869 0.2232 -0.6916
vn -0.2010 0.0653 0.9774
vn -0.9331 0.3032 0.1936
vn -0.6869 0.2232 0.6916
vn -0.1710 0.1242 -0.9774
vn -0.7937 0.5767 -0.1936
vn -0.5843 0.4245 -0.6916
vn -0.1710 0.1242 0.9774
vn -0.7937 0.5767 0.1936
vn -0.5843 0.4245 0.6916
vn -0.1242 0.1710 -0.9774
vn -0.5767 0.7937 -0.1936
vn -0.4245 0.5843 -0.6916
vn -0.1242 0.1710 0.9774
vn -0.5767 0.7937 0.1936
vn -0.4245 0.5843 0.6916
vn -0.0653 0.2010 -0.9774
vn -0.3032 0.9331 -0.1936
vn -0.2232 0.6869 -0.6916
vn -0.0653 0.2010 0.9774
vn -0.3032 0.9331 0.1936
vn -0.2232 0.6869 0.6916
vn -0.0000 1.0000 -0.0000
vn -0.0000 0.5787 -0.8155
vn -0.0000 -0.0000 -1.0000
vn -0.0000 -0.3035 -0.9528
vn -0.0000 -0.5787 -0.8155
vn -0.0000 -0.9452 -0.3265
vn -0.0000 -1.0000 -0.0000
vn 0.1249 0.9452 -0.3016
vn 0.2297 0.7998 -0.5546
vn 0.3121 0.5787 -0.7535
vn 0.3646 0.3035 -0.8803
vn 0.3827 -0.0000 -0.9239
vn 0.3646 -0.3035 -0.8803
vn 0.3121 -0.5787 -0.7535
vn 0.2297 -0.7998 -0.5546
vn 0.1249 -0.9452 -0.3016
vn 0.2309 0.9452 -0.2309
vn 0.4245 0.7998 -0.4245
vn 0.5767 0.5787 -0.5767
vn 0.6738 0.3035 -0.6738
vn 0.7071 -0.0000 -0.7071
vn 0.6738 -0.3035 -0.6738
vn 0.5767 -0.5787 -0.5767
vn 0.4245 -0.7998 -0.4245
vn 0.2309 -0.9452 -0.2309
vn 0.3016 0.9452 -0.1249
vn 0.5546 0.7998 -0.2297
vn 0.7535 0.5787 -0.3121
vn 0.8803 0.3035 -0.3646
vn 0.9239 -0.0000 -0.3827
vn 0.8803 -0.3035 -0.3646
vn 0.7535 -0.5787 -0.3121
vn 0.5546 -0.7998 -0.2297
vn 0.3016 -0.9452 -0.1249
vn 0.3265 0.9452 -0.0000
vn 0.6003 0.7998 -0.0000
vn 0.8155 0.5787 -0.0000
vn 0.9528 0.3035 -0.0000
vn 1.0000 -0.0000 -0.0000
vn 0.9528 -0.3035 -0.0000
vn 0.8155 -0.5787 -0.0000
vn 0.6003 -0.7998 -0.0000
vn 0.3265 -0.9452 -0.0000
vn 0.3016 0.9452 0.1249
vn 0.5546 0.7998 0.2297
vn 0.7535 0.5787 0.3121
vn 0.8803 0.3035 0.3646
vn 0.9239 -0.0000 0.3827
vn 0.8803 -0.3035 0.3646
vn 0.7535 -0.5787 0.3121
vn 0.5546 -0.7998 0.2297
vn 0.3016 -0.9452 0.1249
vn 0.2309 0.9452 0.2309
vn 0.4245 0.7998 0.4245
vn 0.5767 0.5787 0.5767
vn 0.6738 0.3035 0.6738
vn 0.7071 -0.0000 0.7071
vn 0.6738 -0.3035 0.6738
vn 0.5767 -0.5787 0.5767
vn 0.4245 -0.7998 0.4245
vn 0.2309 -0.9452 0.2309
vn 0.1249 0.9452 0.3016
vn 0.2297 0.7998 0.5546
vn 0.3121 0.5787 0.7535
vn 0.3646 0.3035 0.8803
vn 0.3827 -0.0000 0.9239
vn 0.3646 -0.3035 0.8803
vn 0.3121 -0.5787 0.7535
vn 0.2297 -0.7998 0.5546
vn 0.1249 -0.9452 0.3016
vn -0.0000 0.9452 0.3265
vn -0.0000 0.7998 0.6003
vn -0.0000 0.5787 0.8155
vn -0.0000 0.3035 0.9528
vn -0.0000 -0.0000 1.0000
vn -0.0000 -0.3035 0.9528
vn -0.0000 -0.5787 0.8155
vn -0.0000 -0.7998 0.6003
vn -0.0000 -0.9452 0.3265
vn -0.1249 0.9452 0.3016
vn -0.2297 0.7998 0.5546
vn -0.3121 0.5787 0.7535
vn -0.3646 0.3035 0.8803
vn -0.3827 -0.0000 0.9239
vn -0.3646 -0.3035 0.8803
vn -0.3121 -0.5787 0.7535
vn -0.2297 -0.7998 0.5546
vn -0.1249 -0.9452 0.3016
vn -0.2309 0.9452 0.2309
vn -0.4245 0.7998 0.4245
vn -0.5767 0.5787 0.5767
vn -0.6738 0.3035 0.6738
vn -0.7071 -0.0000 0.7071
vn -0.6738 -0.3035 0.6738
vn -0.5767 -0.5787 0.5767
vn -0.4245 -0.7998 0.4245
vn -0.2309 -0.9452 0.2309
vn -0.3016 0.9452 0.1249
vn -0.5546 0.7998 0.2297
vn -0.7535 0.5787 0.3121
vn -0.8803 0.3035 0.3646
vn -0.9239 -0.0000 0.3827
vn -0.8803 -0.3035 0.3646
vn -0.7535 -0.5787 0.3121
vn -0.5546 -0.7998 0.2297
vn -0.3016 -0.9452 0.1249
vn -0.3265 0.9452 -0.0000
vn -0.6003 0.7998 -0.0000
vn -0.8155 0.5787 -0.0000
vn -0.9528 0.3035 -0.0000
vn -1.0000 -0.0000 -0.0000
vn -0.9528 -0.3035 -0.0000
vn -0.8155 -0.5787 -0.0000
vn -0.6003 -0.7998 -0.0000
vn -0.3265 -0.9452 -0.0000
vn -0.3016 0.9452 -0.1249
vn -0.5546 0.7998 -0.2297
vn -0.7535 0.5787 -0.3121
vn -0.8803 0.3035 -0.3646
vn -0.9239 -0.0000 -0.3827
vn -0.8803 -0.3035 -0.3646
vn -0.7535 -0.5787 -0.3121
vn -0.5546 -0.7998 -0.2297
vn -0.3016 -0.9452 -0.1249
vn -0.2309 0.9452 -0.2309
vn -0.4245 0.7998 -0.4245
vn -0.5767 0.5787 -0.5767
vn -0.6738 0.3035 -0.6738
vn -0.7071 -0.0000 -0.7071
vn -0.6738 -0.3035 -0.6738
vn -0.5767 -0.5787 -0.5767
vn -0.4245 -0.7998 -0.4245
vn -0.2309 -0.9452 -0.2309
vn -0.1249 0.9452 -0.3016
vn -0.2297 0.7998 -0.5546
vn -0.3121 0.5787 -0.7535
vn -0.3646 0.3035 -0.8803
vn -0.3827 -0.0000 -0.9239
vn -0.3646 -0.3035 -0.8803
vn -0.3121 -0.5787 -0.7535
vn -0.2297 -0.7998 -0.5546
vn -0.1249 -0.9452 -0.3016
vn -0.0000 0.9452 -0.3265
vn -0.0000 0.7998 -0.6003
vn -0.0000 0.3035 -0.9528
vn -0.0000 -0.7998 -0.6003
vn 0.9754 0.2205 -0.0000
vn 0.9754 -0.2205 -0.0000
vn 0.6622 0.7493 -0.0000
vn 0.9204 0.3910 -0.0000
vn 0.8124 0.5831 -0.0000
vn 0.0973 0.9953 -0.0000
vn 0.5179 0.8555 -0.0000
vn 0.3186 0.9479 -0.0000
vn -0.5068 0.8621 -0.0000
vn -0.0824 0.9966 -0.0000
vn -0.2985 0.9544 -0.0000
vn -0.9181 0.3965 -0.0000
vn -0.6538 0.7567 -0.0000
vn -0.8047 0.5936 -0.0000
vn -0.9746 -0.2237 -0.0000
vn -0.9746 0.2237 -0.0000
vn -0.6538 -0.7567 -0.0000
vn -0.9181 -0.3965 -0.0000
vn -0.8047 -0.5936 -0.0000
vn -0.0824 -0.9966 -0.0000
vn -0.5068 -0.8621 -0.0000
vn -0.2985 -0.9544 -0.0000
vn 0.5179 -0.8555 -0.0000
vn 0.0973 -0.9953 -0.0000
vn 0.3186 -0.9479 -0.0000
vn 0.9204 -0.3910 -0.0000
vn 0.6622 -0.7493 -0.0000
vn 0.8124 -0.5831 -0.0000
vn 0.9421 -0.2205 -0.2524
vn 0.9422 0.2205 -0.2524
vn 0.9659 -0.0000 -0.2588
vn 0.8890 0.3910 -0.2382
vn 0.6397 0.7493 -0.1714
vn 0.7847 0.5831 -0.2103
vn 0.5002 0.8555 -0.1340
vn 0.0940 0.9953 -0.0252
vn 0.3078 0.9479 -0.0825
vn -0.0796 0.9966 0.0213
vn -0.4895 0.8621 0.1312
vn -0.2884 0.9544 0.0773
vn -0.6315 0.7567 0.1692
vn -0.8868 0.3965 0.2376
vn -0.7773 0.5936 0.2083
vn -0.9414 0.2237 0.2523
vn -0.9414 -0.2237 0.2523
vn -0.9659 -0.0000 0.2588
vn -0.8868 -0.3965 0.2376
vn -0.6315 -0.7567 0.1692
vn -0.7773 -0.5936 0.2083
vn -0.4895 -0.8621 0.1312
vn -0.0796 -0.9966 0.0213
vn -0.2884 -0.9544 0.0773
vn 0.0940 -0.9953 -0.0252
vn 0.5002 -0.8555 -0.1340
vn 0.3078 -0.9479 -0.0825
vn 0.6396 -0.7493 -0.1714
vn 0.8890 -0.3910 -0.2382
vn 0.7847 -0.5831 -0.2103
vn 0.8447 -0.2205 -0.4877
vn 0.8447 0.2205 -0.4877
vn 0.8660 -0.0000 -0.5000
vn 0.7971 0.3910 -0.4602
vn 0.5735 0.7493 -0.3311
vn 0.7036 0.5831 -0.4062
vn 0.4485 0.8555 -0.2589
vn 0.0843 0.9953 -0.0486
vn 0.2759 0.9479 -0.1593
vn -0.0714 0.9966 0.0412
vn -0.4389 0.8621 0.2534
vn -0.2585 0.9544 0.1493
vn -0.5662 0.7567 0.3269
vn -0.7951 0.3965 0.4590
vn -0.6969 0.5936 0.4024
vn -0.8441 0.2237 0.4873
vn -0.8441 -0.2237 0.4873
vn -0.8660 -0.0000 0.5000
vn -0.7951 -0.3965 0.4590
vn -0.5662 -0.7567 0.3269
vn -0.6969 -0.5936 0.4024
vn -0.4389 -0.8621 0.2534
vn -0.0714 -0.9966 0.0412
vn -0.2585 -0.9544 0.1493
vn 0.0843 -0.9953 -0.0486
vn 0.4485 -0.8555 -0.2589
vn 0.2759 -0.9479 -0.1593
vn 0.5735 -0.7493 -0.3311
vn 0.7971 -0.3910 -0.4602
vn 0.7036 -0.5831 -0.4062
vn 0.6897 -0.2205 -0.6897
vn 0.6897 0.2205 -0.6897
vn 0.6508 0.3910 -0.6508
vn 0.4683 0.7493 -0.4683
vn 0.5745 0.5831 -0.5745
vn 0.3662 0.8555 -0.3662
vn 0.0688 0.9953 -0.0688
vn 0.2253 0.9479 -0.2253
vn -0.0583 0.9966 0.0583
vn -0.3583 0.8621 0.3583
vn -0.2111 0.9544 0.2111
vn -0.4623 0.7567 0.4623
vn -0.6492 0.3965 0.6492
vn -0.5690 0.5936 0.5690
vn -0.6892 0.2237 0.6892
vn -0.6892 -0.2237 0.6892
vn -0.6492 -0.3965 0.6492
vn -0.4623 -0.7567 0.4623
vn -0.5690 -0.5936 0.5690
vn -0.3583 -0.8621 0.3583
vn -0.0583 -0.9966 0.0583
vn -0.2111 -0.9544 0.2111
vn 0.0688 -0.9953 -0.0688
vn 0.3662 -0.8555 -0.3662
vn 0.2253 -0.9479 -0.2253
vn 0.4683 -0.7493 -0.4683
vn 0.6508 -0.3910 -0.6508
vn 0.5745 -0.5831 -0.5745
vn 0.4877 -0.2205 -0.8447
vn 0.4877 0.2205 -0.8447
vn 0.5000 -0.0000 -0.8660
vn 0.4602 0.3910 -0.7971
vn 0.3311 0.7493 -0.5735
vn 0.4062 0.5831 -0.7036
vn 0.2589 0.8555 -0.4485
vn 0.0486 0.9953 -0.0843
vn 0.1593 0.9479 -0.2759
vn -0.0412 0.9966 0.0714
vn -0.2534 0.8621 0.4389
vn -0.1493 0.9544 0.2585
vn -0.3269 0.7567 0.5662
vn -0.4590 0.3965 0.7951
vn -0.4024 0.5936 0.6969
vn -0.4873 0.2237 0.8441
vn -0.4873 -0.2237 0.8441
vn -0.5000 -0.0000 0.8660
vn -0.4590 -0.3965 0.7951
vn -0.3269 -0.7567 0.5662
vn -0.4024 -0.5936 0.6969
vn -0.2534 -0.8621 0.4389
vn -0.0412 -0.9966 0.0714
vn -0.1493 -0.9544 0.2585
vn 0.0486 -0.9953 -0.0843
vn 0.2589 -0.8555 -0.4485
vn 0.1593 -0.9479 -0.2759
vn 0.3311 -0.7493 -0.5735
vn 0.4602 -0.3910 -0.7971
vn 0.4062 -0.5831 -0.7036
vn 0.2524 -0.2205 -0.9422
vn 0.2524 0.2205 -0.9422
vn 0.2588 -0.0000 -0.9659
vn 0.2382 0.3910 -0.8890
vn 0.1714 0.7493 -0.6397
vn 0.2103 0.5831 -0.7847
vn 0.1340 0.8555 -0.5002
vn 0.0252 0.9953 -0.0940
vn 0.0825 0.9479 -0.3078
vn -0.0213 0.9966 0.0796
vn -0.1312 0.8621 0.4895
vn -0.0773 0.9544 0.2884
vn -0.1692 0.7567 0.6315
vn -0.2376 0.3965 0.8868
vn -0.2083 0.5936 0.7773
vn -0.2523 0.2237 0.9414
vn -0.2523 -0.2237 0.9414
vn -0.2588 -0.0000 0.9659
vn -0.2376 -0.3965 0.8868
vn -0.1692 -0.7567 0.6315
vn -0.2083 -0.5936 0.7773
vn -0.1312 -0.8621 0.4895
vn -0.0213 -0.9966 0.0796
vn -0.0773 -0.9544 0.2884
vn 0.0252 -0.9953 -0.0940
vn 0.1340 -0.8555 -0.5002
vn 0.0825 -0.9479 -0.3078
vn 0.1714 -0.7493 -0.6397
vn 0.2382 -0.3910 -0.8890
vn 0.2103 -0.5831 -0.7847
vn -0.0000 -0.2205 -0.9754
vn -0.0000 0.2205 -0.9754
vn -0.0000 0.3910 -0.9204
vn -0.0000 0.7493 -0.6622
vn -0.0000 0.5831 -0.8124
vn -0.0000 0.8555 -0.5179
vn -0.0000 0.9953 -0.0973
vn -0.0000 0.9479 -0.3186
vn -0.0000 0.9966 0.0824
vn -0.0000 0.8621 0.5068
vn -0.0000 0.9544 0.2985
vn -0.0000 0.7567 0.6538
vn -0.0000 0.3965 0.9181
vn -0.0000 0.5936 0.8047
vn -0.0000 0.2237 0.9746
vn -0.0000 -0.2237 0.9746
vn -0.0000 -0.3965 0.9181
vn -0.0000 -0.7567 0.6538
vn -0.0000 -0.5936 0.8047
vn -0.0000 -0.8621 0.5068
vn -0.0000 -0.9966 0.0824
vn -0.0000 -0.9544 0.2985
vn -0.0000 -0.9953 -0.0973
vn -0.0000 -0.8555 -0.5179
vn -0.0000 -0.9479 -0.3186
vn -0.0000 -0.7493 -0.6622
vn -0.0000 -0.3910 -0.9204
vn -0.0000 -0.5831 -0.8124
vn -0.2524 -0.2205 -0.9422
vn -0.2524 0.2205 -0.9422
vn -0.2588 -0.0000 -0.9659
vn -0.2382 0.3910 -0.8890
vn -0.1714 0.7493 -0.6397
vn -0.2103 0.5831 -0.7847
vn -0.1340 0.8555 -0.5002
vn -0.0252 0.9953 -0.0940
vn -0.0825 0.9479 -0.3078
vn 0.0213 0.9966 0.0796
vn 0.1312 0.8621 0.4895
vn 0.0773 0.9544 0.2884
vn 0.1692 0.7567 0.6315
vn 0.2376 0.3965 0.8868
vn 0.2083 0.5936 0.7773
vn 0.2523 0.2237 0.9414
vn 0.2523 -0.2237 0.9414
vn 0.2588 -0.0000 0.9659
vn 0.2376 -0.3965 0.8868
vn 0.1692 -0.7567 0.6315
vn 0.2083 -0.5936 0.7773
vn 0.1312 -0.8621 0.4895
vn 0.0213 -0.9966 0.0796
vn 0.0773 -0.9544 0.2884
vn -0.0252 -0.9953 -0.0940
vn -0.1340 -0.8555 -0.5002
vn -0.0825 -0.9479 -0.3078
vn -0.1714 -0.7493 -0.6397
vn -0.2382 -0.3910 -0.8890
vn -0.2103 -0.5831 -0.7847
vn -0.4877 -0.2205 -0.8447
vn -0.4877 0.2205 -0.8447
vn -0.5000 -0.0000 -0.8660
vn -0.4602 0.3910 -0.7971
vn -0.3311 0.7493 -0.5735
vn -0.4062 0.5831 -0.7036
vn -0.2589 0.8555 -0.4485
vn -0.0486 0.9953 -0.0843
vn -0.1593 0.9479 -0.2759
vn 0.0412 0.9966 0.0714
vn 0.2534 0.8621 0.4389
vn 0.1493 0.9544 0.2585
vn 0.3269 0.7567 0.5662
vn 0.4590 0.3965 0.7951
vn 0.4024 0.5936 0.6969
vn 0.4873 0.2237 0.8441
vn 0.4873 -0.2237 0.8441
vn 0.5000 -0.0000 0.8660
vn 0.4590 -0.3965 0.7951
vn 0.3269 -0.7567 0.5662
vn 0.4024 -0.5936 0.6969
vn 0.2534 -0.8621 0.4389
vn 0.0412 -0.9966 0.0714
vn 0.1493 -0.9544 0.2585
vn -0.0486 -0.9953 -0.0843
vn -0.2589 -0.8555 -0.4485
vn -0.1593 -0.9479 -0.2759
vn -0.3311 -0.7493 -0.5735
vn -0.4602 -0.3910 -0.7971
vn -0.4062 -0.5831 -0.7036
vn -0.6897 -0.2205 -0.6897
vn -0.6897 0.2205 -0.6897
vn -0.6508 0.3910 -0.6508
vn -0.4683 0.7493 -0.4683
vn -0.5745 0.5831 -0.5745
vn -0.3662 0.8555 -0.3662
vn -0.0688 0.9953 -0.0688
vn -0.2253 0.9479 -0.2253
vn 0.0583 0.9966 0.0583
vn 0.3583 0.8621 0.3583
vn 0.2111 0.9544 0.2111
vn 0.4623 0.7567 0.4623
vn 0.6492 0.3965 0.6492
vn 0.5690 0.5936 0.5690
vn 0.6892 0.2237 0.6892
vn 0.6892 -0.2237 0.6892
vn 0.6492 -0.3965 0.6492
vn 0.4623 -0.7567 0.4623
vn 0.5690 -0.5936 0.5690
vn 0.3583 -0.8621 0.3583
vn 0.0583 -0.9966 0.0583
vn 0.2111 -0.9544 0.2111
vn -0.0688 -0.9953 -0.0688
vn -0.3662 -0.8555 -0.3662
vn -0.2253 -0.9479 -0.2253
vn -0.4683 -0.7493 -0.4683
vn -0.6508 -0.3910 -0.6508
vn -0.5745 -0.5831 -0.5745
vn -0.8447 -0.2205 -0.4877
vn -0.8447 0.2205 -0.4877
vn -0.8660 -0.0000 -0.5000
vn -0.7971 0.3910 -0.4602
vn -0.5735 0.7493 -0.3311
vn -0.7036 0.5831 -0.4062
vn -0.4485 0.8555 -0.2589
vn -0.0843 0.9953 -0.0486
vn -0.2759 0.9479 -0.1593
vn 0.0714 0.9966 0.0412
vn 0.4389 0.8621 0.2534
vn 0.2585 0.9544 0.1493
vn 0.5662 0.7567 0.3269
vn 0.7951 0.3965 0.4590
vn 0.6969 0.5936 0.4024
vn 0.8441 0.2237 0.4873
vn 0.8441 -0.2237 0.4873
vn 0.8660 -0.0000 0.5000
vn 0.7951 -0.3965 0.4590
vn 0.5662 -0.7567 0.3269
vn 0.6969 -0.5936 0.4024
vn 0.4389 -0.8621 0.2534
vn 0.0714 -0.9966 0.0412
vn 0.2585 -0.9544 0.1493
vn -0.0843 -0.9953 -0.0486
vn -0.4485 -0.8555 -0.2589
vn -0.2759 -0.9479 -0.1593
vn -0.5735 -0.7493 -0.3311
vn -0.7971 -0.3910 -0.4602
vn -0.7036 -0.5831 -0.4062
vn -0.9422 -0.2205 -0.2524
vn -0.9422 0.2205 -0.2524
vn -0.9659 -0.0000 -0.2588
vn -0.8890 0.3910 -0.2382
vn -0.6397 0.7493 -0.1714
vn -0.7847 0.5831 -0.2103
vn -0.5002 0.8555 -0.1340
vn -0.0940 0.9953 -0.0252
vn -0.3078 0.9479 -0.0825
vn 0.0796 0.9966 0.0213
vn 0.4895 0.8621 0.1312
vn 0.2884 0.9544 0.0773
vn 0.6315 0.7567 0.1692
vn 0.8868 0.3965 0.2376
vn 0.7773 0.5936 0.2083
vn 0.9414 0.2237 0.2523
vn 0.9414 -0.2237 0.2523
vn 0.9659 -0.0000 0.2588
vn 0.8868 -0.3965 0.2376
vn 0.6315 -0.7567 0.1692
vn 0.7773 -0.5936 0.2083
vn 0.4895 -0.8621 0.1312
vn 0.0796 -0.9966 0.0213
vn 0.2884 -0.9544 0.0773
vn -0.0940 -0.9953 -0.0252
vn -0.5002 -0.8555 -0.1340
vn -0.3078 -0.9479 -0.0825
vn -0.6397 -0.7493 -0.1714
vn -0.8890 -0.3910 -0.2382
vn -0.7847 -0.5831 -0.2103
vn -0.9754 -0.2205 -0.0000
vn -0.9754 0.2205 -0.0000
vn -0.9204 0.3910 -0.0000
vn -0.6622 0.7493 -0.0000
vn -0.8124 0.5831 -0.0000
vn -0.5179 0.8555 -0.0000
vn -0.0973 0.9953 -0.0000
vn -0.3186 0.9479 -0.0000
vn 0.0824 0.9966 -0.0000
vn 0.5068 0.8621 -0.0000
vn 0.2985 0.9544 -0.0000
vn 0.6537 0.7567 -0.0000
vn 0.9181 0.3965 -0.0000
vn 0.8047 0.5936 -0.0000
vn 0.9746 0.2237 -0.0000
vn 0.9746 -0.2237 -0.0000
vn 0.9181 -0.3965 -0.0000
vn 0.6537 -0.7567 -0.0000
vn 0.8047 -0.5936 -0.0000
vn 0.5068 -0.8621 -0.0000
vn 0.0824 -0.9966 -0.0000
vn 0.2985 -0.9544 -0.0000
vn -0.0973 -0.9953 -0.0000
vn -0.5179 -0.8555 -0.0000
vn -0.3186 -0.9479 -0.0000
vn -0.6622 -0.7493 -0.0000
vn -0.9204 -0.3910 -0.0000
vn -0.8124 -0.5831 -0.0000
vn -0.9422 -0.2205 0.2524
vn -0.9422 0.2205 0.2524
vn -0.8890 0.3910 0.2382
vn -0.6397 0.7493 0.1714
vn -0.7847 0.5831 0.2103
vn -0.5002 0.8555 0.1340
vn -0.0940 0.9953 0.0252
vn -0.3078 0.9479 0.0825
vn 0.0796 0.9966 -0.0213
vn 0.4895 0.8621 -0.1312
vn 0.2884 0.9544 -0.0773
vn 0.6315 0.7567 -0.1692
vn 0.8868 0.3965 -0.2376
vn 0.7773 0.5936 -0.2083
vn 0.9414 0.2237 -0.2523
vn 0.9414 -0.2237 -0.2523
vn 0.8868 -0.3965 -0.2376
vn 0.6315 -0.7567 -0.1692
vn 0.7773 -0.5936 -0.2083
vn 0.4895 -0.8621 -0.1312
vn 0.0796 -0.9966 -0.0213
vn 0.2884 -0.9544 -0.0773
vn -0.0940 -0.9953 0.0252
vn -0.5002 -0.8555 0.1340
vn -0.3078 -0.9479 0.0825
vn -0.6397 -0.7493 0.1714
vn -0.8890 -0.3910 0.2382
vn -0.7847 -0.5831 0.2103
vn -0.8447 -0.2205 0.4877
vn -0.8447 0.2205 0.4877
vn -0.7971 0.3910 0.4602
vn -0.5735 0.7493 0.3311
vn -0.7036 0.5831 0.4062
vn -0.4485 0.8555 0.2589
vn -0.0843 0.9953 0.0486
vn -0.2759 0.9479 0.1593
vn 0.0714 0.9966 -0.0412
vn 0.4389 0.8621 -0.2534
vn 0.2585 0.9544 -0.1493
vn 0.5662 0.7567 -0.3269
vn 0.7951 0.3965 -0.4590
vn 0.6969 0.5936 -0.4024
vn 0.8441 0.2237 -0.4873
vn 0.8441 -0.2237 -0.4873
vn 0.7951 -0.3965 -0.4590
vn 0.5662 -0.7567 -0.3269
vn 0.6969 -0.5936 -0.4024
vn 0.4389 -0.8621 -0.2534
vn 0.0714 -0.9966 -0.0412
vn 0.2585 -0.9544 -0.1493
vn -0.0843 -0.9953 0.0486
vn -0.4485 -0.8555 0.2589
vn -0.2759 -0.9479 0.1593
vn -0.5735 -0.7493 0.3311
vn -0.7971 -0.3910 0.4602
vn -0.7036 -0.5831 0.4062
vn -0.6897 -0.2205 0.6897
vn -0.6897 0.2205 0.6897
vn -0.6508 0.3910 0.6508
vn -0.4683 0.7493 0.4683
vn -0.5745 0.5831 0.5745
vn -0.3662 0.8555 0.3662
vn -0.0688 0.9953 0.0688
vn -0.2253 0.9479 0.2253
vn 0.0583 0.9966 -0.0583
vn 0.3583 0.8621 -0.3583
vn 0.2111 0.9544 -0.2111
vn 0.4623 0.7567 -0.4623
vn 0.6492 0.3965 -0.6492
vn 0.5690 0.5936 -0.5690
vn 0.6892 0.2237 -0.6892
vn 0.6892 -0.2237 -0.6892
vn 0.6492 -0.3965 -0.6492
vn 0.4623 -0.7567 -0.4623
vn 0.5690 -0.5936 -0.5690
vn 0.3583 -0.8621 -0.3583
vn 0.0583 -0.9966 -0.0583
vn 0.2111 -0.9544 -0.2111
vn -0.0688 -0.9953 0.0688
vn -0.3662 -0.8555 0.3662
vn -0.2253 -0.9479 0.2253
vn -0.4683 -0.7493 0.4683
vn -0.6508 -0.3910 0.6508
vn -0.5745 -0.5831 0.5745
vn -0.4877 -0.2205 0.8447
vn -0.4877 0.2205 0.8447
vn -0.4602 0.3910 0.7971
vn -0.3311 0.7493 0.5735
vn -0.4062 0.5831 0.7036
vn -0.2589 0.8555 0.4485
vn -0.0486 0.9953 0.0843
vn -0.1593 0.9479 0.2759
vn 0.0412 0.9966 -0.0714
vn 0.2534 0.8621 -0.4389
vn 0.1493 0.9544 -0.2585
vn 0.3269 0.7567 -0.5662
vn 0.4590 0.3965 -0.7951
vn 0.4024 0.5936 -0.6969
vn 0.4873 0.2237 -0.8441
vn 0.4873 -0.2237 -0.8441
vn 0.4590 -0.3965 -0.7951
vn 0.3269 -0.7567 -0.5662
vn 0.4024 -0.5936 -0.6969
vn 0.2534 -0.8621 -0.4389
vn 0.0412 -0.9966 -0.0714
vn 0.1493 -0.9544 -0.2585
vn -0.0486 -0.9953 0.0843
vn -0.2589 -0.8555 0.4485
vn -0.1593 -0.9479 0.2759
vn -0.3311 -0.7493 0.5735
vn -0.4602 -0.3910 0.7971
vn -0.4062 -0.5831 0.7036
vn -0.2524 -0.2205 0.9422
vn -0.2524 0.2205 0.9422
vn -0.2382 0.3910 0.8890
vn -0.1714 0.7493 0.6396
vn -0.2103 0.5831 0.7847
vn -0.1340 0.8555 0.5002
vn -0.0252 0.9953 0.0940
vn -0.0825 0.9479 0.3078
vn 0.0213 0.9966 -0.0796
vn 0.1312 0.8621 -0.4895
vn 0.0773 0.9544 -0.2884
vn 0.1692 0.7567 -0.6315
vn 0.2376 0.3965 -0.8868
vn 0.2083 0.5936 -0.7773
vn 0.2523 0.2237 -0.9414
vn 0.2523 -0.2237 -0.9414
vn 0.2376 -0.3965 -0.8868
vn 0.1692 -0.7567 -0.6315
vn 0.2083 -0.5936 -0.7773
vn 0.1312 -0.8621 -0.4895
vn 0.0213 -0.9966 -0.0796
vn 0.0773 -0.9544 -0.2884
vn -0.0252 -0.9953 0.0940
vn -0.1340 -0.8555 0.5002
vn -0.0825 -0.9479 0.3078
vn -0.1714 -0.7493 0.6396
vn -0.2382 -0.3910 0.8890
vn -0.2103 -0.5831 0.7847
vn -0.0000 -0.2205 0.9754
vn -0.0000 0.2205 0.9754
vn -0.0000 0.3910 0.9204
vn -0.0000 0.7493 0.6622
vn -0.0000 0.5831 0.8124
vn -0.0000 0.8555 0.5179
vn -0.0000 0.9953 0.0973
vn -0.0000 0.9479 0.3186
vn -0.0000 0.9966 -0.0824
vn -0.0000 0.8621 -0.5068
vn -0.0000 0.9544 -0.2985
vn -0.0000 0.7567 -0.6537
vn -0.0000 0.3965 -0.9180
vn -0.0000 0.5936 -0.8047
vn -0.0000 0.2238 -0.9746
vn -0.0000 -0.2238 -0.9746
vn -0.0000 -0.3965 -0.9180
vn -0.0000 -0.7567 -0.6537
vn -0.0000 -0.5936 -0.8047
vn -0.0000 -0.8621 -0.5068
vn -0.0000 -0.9966 -0.0824
vn -0.0000 -0.9544 -0.2985
vn -0.0000 -0.9953 0.0973
vn -0.0000 -0.8555 0.5179
vn -0.0000 -0.9479 0.3186
vn -0.0000 -0.7493 0.6622
vn -0.0000 -0.3910 0.9204
vn -0.0000 -0.5831 0.8124
vn 0.2524 -0.2205 0.9422
vn 0.2524 0.2205 0.9422
vn 0.2382 0.3910 0.8890
vn 0.1714 0.7493 0.6397
vn 0.2103 0.5831 0.7847
vn 0.1340 0.8555 0.5002
vn 0.0252 0.9953 0.0940
vn 0.0825 0.9479 0.3078
vn -0.0213 0.9966 -0.0796
vn -0.1312 0.8621 -0.4895
vn -0.0773 0.9544 -0.2884
vn -0.1692 0.7567 -0.6315
vn -0.2376 0.3965 -0.8868
vn -0.2083 0.5936 -0.7773
vn -0.2523 0.2238 -0.9414
vn -0.2523 -0.2238 -0.9414
vn -0.2376 -0.3965 -0.8868
vn -0.1692 -0.7567 -0.6315
vn -0.2083 -0.5936 -0.7773
vn -0.1312 -0.8621 -0.4895
vn -0.0213 -0.9966 -0.0796
vn -0.0773 -0.9544 -0.2884
vn 0.0252 -0.9953 0.0940
vn 0.1340 -0.8555 0.5002
vn 0.0825 -0.9479 0.3078
vn 0.1714 -0.7493 0.6396
vn 0.2382 -0.3910 0.8890
vn 0.2103 -0.5831 0.7847
vn 0.4877 -0.2205 0.8447
vn 0.4877 0.2205 0.8447
vn 0.4602 0.3910 0.7971
vn 0.3311 0.7493 0.5735
vn 0.4062 0.5831 0.7036
vn 0.2589 0.8555 0.4485
vn 0.0486 0.9953 0.0843
vn 0.1593 0.9479 0.2759
vn -0.0412 0.9966 -0.0714
vn -0.2534 0.8621 -0.4389
vn -0.1493 0.9544 -0.2585
vn -0.3269 0.7567 -0.5662
vn -0.4590 0.3965 -0.7951
vn -0.4024 0.5936 -0.6969
vn -0.4873 0.2237 -0.8441
vn -0.4873 -0.2237 -0.8441
vn -0.4590 -0.3965 -0.7951
vn -0.3269 -0.7567 -0.5662
vn -0.4024 -0.5936 -0.6969
vn -0.2534 -0.8621 -0.4389
vn -0.0412 -0.9966 -0.0714
vn -0.1493 -0.9544 -0.2585
vn 0.0486 -0.9953 0.0843
vn 0.2589 -0.8555 0.4485
vn 0.1593 -0.9479 0.2759
vn 0.3311 -0.7493 0.5735
vn 0.4602 -0.3910 0.7971
vn 0.4062 -0.5831 0.7036
vn 0.6897 -0.2205 0.6897
vn 0.6897 0.2205 0.6897
vn 0.6508 0.3910 0.6508
vn 0.4683 0.7493 0.4683
vn 0.5745 0.5831 0.5745
vn 0.3662 0.8555 0.3662
vn 0.0688 0.9953 0.0688
vn 0.2253 0.9479 0.2253
vn -0.0583 0.9966 -0.0583
vn -0.3583 0.8621 -0.3583
vn -0.2111 0.9544 -0.2111
vn -0.4623 0.7567 -0.4623
vn -0.6492 0.3965 -0.6492
vn -0.5690 0.5936 -0.5690
vn -0.6892 0.2238 -0.6892
vn -0.6892 -0.2238 -0.6892
vn -0.6492 -0.3965 -0.6492
vn -0.4623 -0.7567 -0.4623
vn -0.5690 -0.5936 -0.5690
vn -0.3583 -0.8621 -0.3583
vn -0.0583 -0.9966 -0.0583
vn -0.2111 -0.9544 -0.2111
vn 0.0688 -0.9953 0.0688
vn 0.3662 -0.8555 0.3662
vn 0.2253 -0.9479 0.2253
vn 0.4683 -0.7493 0.4683
vn 0.6508 -0.3910 0.6508
vn 0.5745 -0.5831 0.5745
vn 0.8447 -0.2205 0.4877
vn 0.8447 0.2205 0.4877
vn 0.7971 0.3910 0.4602
vn 0.5735 0.7493 0.3311
vn 0.7036 0.5831 0.4062
vn 0.4485 0.8555 0.2589
vn 0.0843 0.9953 0.0486
vn 0.2759 0.9479 0.1593
vn -0.0714 0.9966 -0.0412
vn -0.4389 0.8621 -0.2534
vn -0.2585 0.9544 -0.1493
vn -0.5662 0.7567 -0.3269
vn -0.7951 0.3965 -0.4590
vn -0.6969 0.5936 -0.4024
vn -0.8441 0.2237 -0.4873
vn -0.8441 -0.2237 -0.4873
vn -0.7951 -0.3965 -0.4590
vn -0.5662 -0.7567 -0.3269
vn -0.6969 -0.5936 -0.4024
vn -0.4389 -0.8621 -0.2534
vn -0.0714 -0.9966 -0.0412
vn -0.2585 -0.9544 -0.1493
vn 0.0843 -0.9953 0.0486
vn 0.4485 -0.8555 0.2589
vn 0.2759 -0.9479 0.1593
vn 0.5735 -0.7493 0.3311
vn 0.7971 -0.3910 0.4602
vn 0.7036 -0.5831 0.4062
vn 0.9422 -0.2205 0.2524
vn 0.9422 0.2205 0.2524
vn 0.8890 0.3910 0.2382
vn 0.6397 0.7493 0.1714
vn 0.7847 0.5831 0.2103
vn 0.5002 0.8555 0.1340
vn 0.0940 0.9953 0.0252
vn 0.3078 0.9479 0.0825
vn -0.0796 0.9966 -0.0213
vn -0.4895 0.8621 -0.1312
vn -0.2884 0.9544 -0.0773
vn -0.6315 0.7567 -0.1692
vn -0.8868 0.3965 -0.2376
vn -0.7773 0.5936 -0.2083
vn -0.9414 0.2237 -0.2523
vn -0.9414 -0.2237 -0.2523
vn -0.8868 -0.3965 -0.2376
vn -0.6315 -0.7567 -0.1692
vn -0.7773 -0.5936 -0.2083
vn -0.4895 -0.8621 -0.1312
vn -0.0796 -0.9966 -0.0213
vn -0.2884 -0.9544 -0.0773
vn 0.0940 -0.9953 0.0252
vn 0.5002 -0.8555 0.1340
vn 0.3078 -0.9479 0.0825
vn 0.6397 -0.7493 0.1714
vn 0.8890 -0.3910 0.2382
vn 0.7847 -0.5831 0.2103
vn -0.0084 0.1402 -0.9901
vn -0.0577 0.9604 -0.2727
vn -0.0402 0.6699 -0.7414
vn -0.0178 0.2959 0.9551
vn -0.0596 0.9915 0.1159
vn -0.0468 0.7792 0.6250
vn 0.1156 0.1438 -0.9828
vn 0.2544 0.9340 -0.2508
vn 0.6097 0.7570 -0.2349
vn 0.2096 0.6408 -0.7385
vn 0.3738 0.6951 -0.6141
vn 0.4433 0.8706 -0.2135
vn 0.4378 0.5271 -0.7283
vn 0.1063 0.2984 0.9485
vn 0.6080 0.7852 0.1174
vn 0.2528 0.9622 0.1015
vn 0.4312 0.6366 0.6394
vn 0.3684 0.7842 0.4992
vn 0.4419 0.8938 0.0766
vn 0.2030 0.7503 0.6292
vn 0.1876 0.0426 -0.9813
vn 0.8195 0.5233 -0.2335
vn 0.6110 0.3454 -0.7123
vn 0.1782 0.1982 0.9638
vn 0.8176 0.5544 0.1551
vn 0.6045 0.4548 0.6541
vn 0.2234 -0.0647 -0.9726
vn 0.9800 0.0433 -0.1943
vn 0.7302 -0.0110 -0.6832
vn 0.2141 0.0910 0.9726
vn 0.9781 0.0744 0.1943
vn 0.7236 0.0983 0.6832
vn 0.2264 -0.1877 -0.9558
vn 0.9519 -0.2665 -0.1514
vn 0.7742 -0.6207 -0.1239
vn 0.7010 -0.2601 -0.6641
vn 0.7446 -0.4142 -0.5235
vn 0.8855 -0.4524 -0.1055
vn 0.5868 -0.4876 -0.6464
vn 0.2171 -0.0332 0.9756
vn 0.7725 -0.5925 0.2284
vn 0.9502 -0.2383 0.2009
vn 0.5803 -0.3782 0.7213
vn 0.7392 -0.3251 0.5898
vn 0.8841 -0.4292 0.1846
vn 0.6944 -0.1507 0.7036
vn 0.1254 -0.2601 -0.9574
vn 0.5412 -0.8313 -0.1264
vn 0.4044 -0.6603 -0.6328
vn 0.1160 -0.1044 0.9877
vn 0.5394 -0.8002 0.2622
vn 0.3978 -0.5510 0.7336
vn 0.0195 -0.3240 -0.9459
vn 0.2567 -0.9614 -0.0991
vn -0.1398 -0.9852 -0.0991
vn 0.1735 -0.7598 -0.6266
vn 0.0523 -0.8700 -0.4904
vn 0.0598 -0.9960 -0.0660
vn -0.0813 -0.7751 -0.6266
vn 0.0102 -0.1694 0.9855
vn -0.1415 -0.9570 0.2532
vn 0.2550 -0.9332 0.2532
vn -0.0878 -0.6656 0.7411
vn 0.0469 -0.7809 0.6229
vn 0.0584 -0.9728 0.2241
vn 0.1669 -0.6503 0.7411
vn -0.0934 -0.2732 -0.9574
vn -0.4378 -0.8901 -0.1264
vn -0.3225 -0.7040 -0.6328
vn -0.1027 -0.1176 0.9877
vn -0.4397 -0.8590 0.2622
vn -0.3290 -0.5946 0.7336
vn -0.1782 -0.1982 -0.9638
vn -0.8176 -0.5544 -0.1551
vn -0.6044 -0.4548 -0.6541
vn -0.1876 -0.0426 0.9813
vn -0.8195 -0.5233 0.2335
vn -0.6110 -0.3454 0.7123
vn -0.2141 -0.0910 -0.9726
vn -0.9781 -0.0744 -0.1943
vn -0.7236 -0.0983 -0.6832
vn -0.2234 0.0647 0.9726
vn -0.9800 -0.0433 0.1943
vn -0.7302 0.0110 0.6832
vn -0.2171 0.0332 -0.9756
vn -0.9502 0.2383 -0.2009
vn -0.6245 0.7512 -0.2139
vn -0.6944 0.1507 -0.7036
vn -0.7392 0.3251 -0.5898
vn -0.8841 0.4292 -0.1846
vn -0.5803 0.3782 -0.7213
vn -0.2264 0.1878 0.9558
vn -0.6888 0.7012 0.1838
vn -0.9519 0.2665 0.1514
vn -0.5868 0.4876 0.6464
vn -0.7446 0.4142 0.5235
vn -0.8855 0.4524 0.1055
vn -0.7010 0.2601 0.6641
vn -0.1319 0.1289 -0.9828
vn -0.4928 0.8497 -0.1875
vn -0.3644 0.8968 -0.2508
vn -0.4978 0.4709 -0.7283
vn -0.4543 0.6454 -0.6141
vn -0.5443 0.8113 -0.2135
vn -0.2848 0.6111 -0.7385
vn -0.1412 0.2835 0.9485
vn -0.3661 0.9250 0.1015
vn -0.4545 0.8851 0.1001
vn -0.2914 0.7206 0.6292
vn -0.4597 0.7345 0.4992
vn -0.5457 0.8345 0.0766
vn -0.5043 0.5804 0.6394
vn -0.0000 0.3718 -0.9283
vn -0.0000 -0.9122 -0.4097
vn 0.2049 0.9122 -0.3548
vn 0.3613 0.6913 -0.6258
vn 0.4642 0.3718 -0.8040
vn 0.4642 -0.3718 -0.8040
vn 0.3613 -0.6913 -0.6258
vn 0.2048 -0.9122 -0.3548
vn 0.3548 0.9122 -0.2049
vn 0.6258 0.6913 -0.3613
vn 0.8040 0.3718 -0.4642
vn 0.8040 -0.3718 -0.4642
vn 0.6258 -0.6913 -0.3613
vn 0.3548 -0.9122 -0.2049
vn 0.4097 0.9122 -0.0000
vn 0.7226 0.6913 -0.0000
vn 0.9283 0.3718 -0.0000
vn 0.9283 -0.3718 -0.0000
vn 0.7226 -0.6913 -0.0000
vn 0.4097 -0.9122 -0.0000
vn 0.3548 0.9122 0.2049
vn 0.6258 0.6913 0.3613
vn 0.8040 0.3718 0.4642
vn 0.8040 -0.3718 0.4642
vn 0.6258 -0.6913 0.3613
vn 0.3548 -0.9122 0.2049
vn 0.2049 0.9122 0.3548
vn 0.3613 0.6913 0.6258
vn 0.4642 0.3718 0.8040
vn 0.4642 -0.3718 0.8040
vn 0.3613 -0.6913 0.6258
vn 0.2049 -0.9122 0.3548
vn -0.0000 0.9122 0.4097
vn -0.0000 0.6913 0.7226
vn -0.0000 0.3718 0.9283
vn -0.0000 -0.3718 0.9283
vn -0.0000 -0.6913 0.7226
vn -0.0000 -0.9122 0.4097
vn -0.2049 0.9122 0.3548
vn -0.3613 0.6913 0.6258
vn -0.4642 0.3718 0.8040
vn -0.4642 -0.3718 0.8040
vn -0.3613 -0.6913 0.6258
vn -0.2049 -0.9122 0.3548
vn -0.3548 0.9122 0.2049
vn -0.6258 0.6913 0.3613
vn -0.8040 0.3718 0.4642
vn -0.8040 -0.3718 0.4642
vn -0.6258 -0.6913 0.3613
vn -0.3548 -0.9122 0.2049
vn -0.4097 0.9122 -0.0000
vn -0.7226 0.6913 -0.0000
vn -0.9283 0.3718 -0.0000
vn -0.9283 -0.3718 -0.0000
vn -0.7226 -0.6913 -0.0000
vn -0.4097 -0.9122 -0.0000
vn -0.3548 0.9122 -0.2049
vn -0.6258 0.6913 -0.3613
vn -0.8040 0.3718 -0.4642
vn -0.8040 -0.3718 -0.4642
vn -0.6258 -0.6913 -0.3613
vn -0.3548 -0.9122 -0.2049
vn -0.2049 0.9122 -0.3548
vn -0.3613 0.6913 -0.6258
vn -0.4642 0.3718 -0.8040
vn -0.4642 -0.3718 -0.8040
vn -0.3613 -0.6913 -0.6258
vn -0.2049 -0.9122 -0.3548
vn -0.0000 0.9122 -0.4097
vn -0.0000 0.6913 -0.7226
vn -0.0000 -0.3718 -0.9283
vn -0.0000 -0.6913 -0.7226
vn -0.0000 0.2192 -0.9757
vn -0.0000 0.9808 -0.1949
vn -0.0000 0.7282 -0.6854
vn -0.0000 0.2192 0.9757
vn -0.0000 0.9808 0.1949
vn -0.0000 0.7282 0.6854
vn 0.1240 0.2147 -0.9688
vn 0.3100 0.9342 -0.1767
vn 0.6540 0.7355 -0.1767
vn 0.2477 0.6841 -0.6860
vn 0.4148 0.7184 -0.5584
vn 0.4947 0.8568 -0.1455
vn 0.4686 0.5565 -0.6860
vn 0.1240 0.2147 0.9688
vn 0.6540 0.7355 0.1767
vn 0.3100 0.9342 0.1767
vn 0.4686 0.5565 0.6860
vn 0.4148 0.7184 0.5584
vn 0.4947 0.8568 0.1455
vn 0.2477 0.6841 0.6860
vn 0.1898 0.1096 -0.9757
vn 0.8494 0.4904 -0.1949
vn 0.6306 0.3641 -0.6854
vn 0.1898 0.1096 0.9757
vn 0.8494 0.4904 0.1949
vn 0.6306 0.3641 0.6854
vn 0.2479 -0.0000 -0.9688
vn 0.9640 0.1986 -0.1767
vn 0.9640 -0.1986 -0.1767
vn 0.7163 0.1276 -0.6860
vn 0.8296 -0.0000 -0.5584
vn 0.9894 -0.0000 -0.1455
vn 0.7163 -0.1276 -0.6860
vn 0.2479 -0.0000 0.9688
vn 0.9640 -0.1986 0.1767
vn 0.9640 0.1986 0.1767
vn 0.7163 -0.1276 0.6860
vn 0.8296 -0.0000 0.5584
vn 0.9894 -0.0000 0.1455
vn 0.7163 0.1276 0.6860
vn 0.1898 -0.1096 -0.9757
vn 0.8494 -0.4904 -0.1949
vn 0.6306 -0.3641 -0.6854
vn 0.1898 -0.1096 0.9757
vn 0.8494 -0.4904 0.1949
vn 0.6306 -0.3641 0.6854
vn 0.1240 -0.2147 -0.9688
vn 0.6540 -0.7356 -0.1767
vn 0.3100 -0.9342 -0.1767
vn 0.4686 -0.5565 -0.6860
vn 0.4148 -0.7184 -0.5584
vn 0.4947 -0.8568 -0.1455
vn 0.2477 -0.6841 -0.6860
vn 0.1240 -0.2147 0.9688
vn 0.3100 -0.9342 0.1767
vn 0.6540 -0.7356 0.1767
vn 0.2477 -0.6841 0.6860
vn 0.4148 -0.7184 0.5584
vn 0.4947 -0.8568 0.1455
vn 0.4686 -0.5565 0.6860
vn -0.0000 -0.2192 -0.9757
vn -0.0000 -0.9808 -0.1949
vn -0.0000 -0.7282 -0.6854
vn -0.0000 -0.2192 0.9757
vn -0.0000 -0.9808 0.1949
vn -0.0000 -0.7282 0.6854
vn -0.1240 -0.2147 -0.9688
vn -0.3100 -0.9342 -0.1767
vn -0.6540 -0.7355 -0.1767
vn -0.2477 -0.6841 -0.6860
vn -0.4148 -0.7184 -0.5584
vn -0.4947 -0.8568 -0.1455
vn -0.4686 -0.5565 -0.6860
vn -0.1240 -0.2147 0.9688
vn -0.6540 -0.7356 0.1767
vn -0.3100 -0.9342 0.1767
vn -0.4686 -0.5565 0.6860
vn -0.4148 -0.7184 0.5584
vn -0.4947 -0.8568 0.1455
vn -0.2477 -0.6841 0.6860
vn -0.1898 -0.1096 -0.9757
vn -0.8494 -0.4904 -0.1949
vn -0.6306 -0.3641 -0.6854
vn -0.1898 -0.1096 0.9757
vn -0.8494 -0.4904 0.1949
vn -0.6306 -0.3641 0.6854
vn -0.2479 -0.0000 -0.9688
vn -0.9640 -0.1986 -0.1767
vn -0.9640 0.1986 -0.1767
vn -0.7163 -0.1276 -0.6860
vn -0.8296 -0.0000 -0.5584
vn -0.9894 -0.0000 -0.1455
vn -0.7163 0.1276 -0.6860
vn -0.2479 -0.0000 0.9688
vn -0.9640 0.1986 0.1767
vn -0.9640 -0.1986 0.1767
vn -0.7163 0.1276 0.6860
vn -0.8296 -0.0000 0.5584
vn -0.9894 -0.0000 0.1455
vn -0.7163 -0.1276 0.6860
vn -0.1898 0.1096 -0.9757
vn -0.8494 0.4904 -0.1949
vn -0.6306 0.3641 -0.6854
vn -0.1898 0.1096 0.9757
vn -0.8494 0.4904 0.1949
vn -0.6306 0.3641 0.6854
vn -0.1240 0.2147 -0.9688
vn -0.6540 0.7355 -0.1767
vn -0.3100 0.9342 -0.1767
vn -0.4686 0.5565 -0.6860
vn -0.4148 0.7184 -0.5584
vn -0.4947 0.8568 -0.1455
vn -0.2477 0.6841 -0.6860
vn -0.1240 0.2147 0.9688
vn -0.3100 0.9342 0.1767
vn -0.6540 0.7355 0.1767
vn -0.2477 0.6841 0.6860
vn -0.4148 0.7184 0.5584
vn -0.4947 0.8568 0.1455
vn -0.4686 0.5565 0.6860
vn 0.2049 -0.9122 -0.3548
vn 0.0178 0.2959 -0.9551
vn 0.0596 0.9915 -0.1159
vn 0.0468 0.7792 -0.6250
vn 0.0084 0.1402 0.9901
vn 0.0577 0.9604 0.2727
vn 0.0402 0.6699 0.7414
vn 0.1254 0.2601 -0.9574
vn 0.5412 0.8313 -0.1264
vn 0.4044 0.6603 -0.6328
vn 0.1160 0.1044 0.9877
vn 0.5394 0.8002 0.2622
vn 0.3978 0.5510 0.7336
vn 0.2264 0.1878 -0.9558
vn 0.7742 0.6207 -0.1239
vn 0.9519 0.2665 -0.1514
vn 0.5868 0.4876 -0.6464
vn 0.7446 0.4142 -0.5235
vn 0.8855 0.4524 -0.1055
vn 0.7010 0.2601 -0.6641
vn 0.2171 0.0332 0.9756
vn 0.9502 0.2383 0.2009
vn 0.7725 0.5925 0.2284
vn 0.6944 0.1507 0.7036
vn 0.7392 0.3251 0.5898
vn 0.8841 0.4292 0.1846
vn 0.5803 0.3782 0.7213
vn 0.2234 0.0647 -0.9726
vn 0.9800 -0.0433 -0.1943
vn 0.7302 0.0110 -0.6832
vn 0.2141 -0.0910 0.9726
vn 0.9781 -0.0744 0.1943
vn 0.7236 -0.0983 0.6832
vn 0.1876 -0.0426 -0.9813
vn 0.8195 -0.5233 -0.2335
vn 0.6110 -0.3454 -0.7123
vn 0.1782 -0.1982 0.9638
vn 0.8176 -0.5544 0.1551
vn 0.6044 -0.4548 0.6541
vn 0.1156 -0.1438 -0.9828
vn 0.6097 -0.7570 -0.2349
vn 0.2544 -0.9340 -0.2508
vn 0.4378 -0.5271 -0.7283
vn 0.3738 -0.6952 -0.6140
vn 0.4433 -0.8706 -0.2135
vn 0.2096 -0.6408 -0.7385
vn 0.1063 -0.2984 0.9485
vn 0.2528 -0.9622 0.1015
vn 0.6080 -0.7852 0.1174
vn 0.2030 -0.7503 0.6292
vn 0.3684 -0.7842 0.4992
vn 0.4419 -0.8938 0.0766
vn 0.4312 -0.6366 0.6394
vn -0.0084 -0.1402 -0.9901
vn -0.0577 -0.9604 -0.2727
vn -0.0402 -0.6699 -0.7414
vn -0.0178 -0.2959 0.9551
vn -0.0596 -0.9915 0.1159
vn -0.0468 -0.7792 0.6250
vn -0.1160 -0.1044 -0.9877
vn -0.5394 -0.8002 -0.2622
vn -0.3978 -0.5510 -0.7336
vn -0.1254 -0.2601 0.9574
vn -0.5412 -0.8313 0.1264
vn -0.4044 -0.6603 0.6328
vn -0.2171 -0.0332 -0.9756
vn -0.7725 -0.5925 -0.2284
vn -0.9502 -0.2383 -0.2009
vn -0.5802 -0.3782 -0.7213
vn -0.7392 -0.3251 -0.5898
vn -0.8841 -0.4292 -0.1846
vn -0.6944 -0.1507 -0.7036
vn -0.2264 -0.1877 0.9558
vn -0.9519 -0.2665 0.1514
vn -0.7742 -0.6207 0.1239
vn -0.7010 -0.2601 0.6641
vn -0.7446 -0.4142 0.5235
vn -0.8855 -0.4524 0.1055
vn -0.5868 -0.4877 0.6464
vn -0.2141 0.0910 -0.9726
vn -0.9781 0.0744 -0.1943
vn -0.7236 0.0983 -0.6832
vn -0.2234 -0.0647 0.9726
vn -0.9800 0.0433 0.1943
vn -0.7302 -0.0110 0.6832
vn -0.1782 0.1982 -0.9638
vn -0.8176 0.5544 -0.1551
vn -0.6044 0.4548 -0.6541
vn -0.1876 0.0426 0.9813
vn -0.8195 0.5233 0.2335
vn -0.6110 0.3454 0.7123
vn -0.1063 0.2984 -0.9485
vn -0.6080 0.7852 -0.1174
vn -0.2528 0.9622 -0.1015
vn -0.4312 0.6366 -0.6394
vn -0.3684 0.7842 -0.4992
vn -0.4419 0.8938 -0.0766
vn -0.2030 0.7503 -0.6292
vn -0.1155 0.1438 0.9828
vn -0.2544 0.9340 0.2508
vn -0.6097 0.7570 0.2349
vn -0.2096 0.6408 0.7385
vn -0.3738 0.6952 0.6140
vn -0.4433 0.8706 0.2135
vn -0.4378 0.5271 0.7283
vn 0.2048 -0.9122 0.3548
vn -0.2048 -0.9122 0.3548
vn -0.2048 -0.9122 -0.3548
vn 0.6622 0.7494 -0.0000
vn 0.5178 0.8555 -0.0000
vn -0.5067 0.8621 -0.0000
vn -0.9180 0.3966 -0.0000
vn -0.6537 0.7568 -0.0000
vn -0.9746 -0.2239 -0.0000
vn -0.9746 0.2239 -0.0000
vn -0.6537 -0.7568 -0.0000
vn -0.9180 -0.3966 -0.0000
vn -0.5067 -0.8621 -0.0000
vn 0.5178 -0.8555 -0.0000
vn 0.6622 -0.7494 -0.0000
vn 0.9422 -0.2205 -0.2525
vn 0.9422 0.2205 -0.2525
vn 0.6396 0.7494 -0.1714
vn 0.5001 0.8555 -0.1340
vn -0.4894 0.8621 0.1311
vn -0.6314 0.7568 0.1692
vn -0.8867 0.3967 0.2376
vn -0.9414 0.2240 0.2523
vn -0.9414 -0.2240 0.2523
vn -0.8867 -0.3967 0.2376
vn -0.6314 -0.7568 0.1692
vn -0.4894 -0.8621 0.1311
vn 0.5001 -0.8555 -0.1340
vn 0.6396 -0.7494 -0.1714
vn 0.5734 0.7494 -0.3311
vn 0.4484 0.8555 -0.2589
vn -0.5661 0.7567 0.3269
vn -0.7950 0.3966 0.4590
vn -0.8440 0.2239 0.4873
vn -0.8440 -0.2239 0.4873
vn -0.7950 -0.3966 0.4590
vn -0.5661 -0.7567 0.3269
vn 0.0842 -0.9953 -0.0486
vn 0.4484 -0.8555 -0.2589
vn 0.5734 -0.7494 -0.3311
vn 0.4682 0.7493 -0.4682
vn 0.3661 0.8555 -0.3661
vn -0.6492 0.3964 0.6492
vn -0.6492 -0.3964 0.6492
vn 0.3661 -0.8555 -0.3661
vn 0.4682 -0.7493 -0.4682
vn 0.2589 0.8555 -0.4484
vn 0.0487 0.9953 -0.0843
vn -0.2534 0.8621 0.4388
vn -0.3268 0.7568 0.5661
vn -0.4590 0.3964 0.7951
vn -0.4590 -0.3964 0.7951
vn -0.3268 -0.7568 0.5661
vn -0.2533 -0.8621 0.4388
vn 0.2589 -0.8555 -0.4484
vn 0.2525 -0.2206 -0.9421
vn 0.2525 0.2206 -0.9421
vn 0.2382 0.3911 -0.8890
vn 0.1340 0.8554 -0.5002
vn -0.1311 0.8621 0.4895
vn -0.1692 0.7568 0.6314
vn -0.2376 0.3964 0.8868
vn -0.2376 -0.3964 0.8868
vn -0.1692 -0.7568 0.6314
vn -0.1311 -0.8621 0.4894
vn 0.1340 -0.8554 -0.5002
vn 0.2382 -0.3911 -0.8890
vn -0.0000 -0.2207 -0.9753
vn -0.0000 0.2207 -0.9753
vn -0.0000 0.3912 -0.9203
vn -0.0000 0.8621 0.5067
vn -0.0000 0.7568 0.6537
vn -0.0000 0.3965 0.9180
vn -0.0000 0.2238 0.9746
vn -0.0000 -0.2238 0.9746
vn -0.0000 -0.3965 0.9180
vn -0.0000 -0.7568 0.6537
vn -0.0000 -0.8621 0.5067
vn -0.0000 -0.3912 -0.9203
vn -0.2525 -0.2205 -0.9421
vn -0.2525 0.2205 -0.9421
vn -0.1714 0.7494 -0.6396
vn -0.1340 0.8555 -0.5001
vn 0.1311 0.8621 0.4894
vn 0.1692 0.7568 0.6314
vn 0.2376 0.3965 0.8867
vn 0.2523 0.2238 0.9414
vn 0.2523 -0.2238 0.9414
vn 0.2376 -0.3965 0.8867
vn 0.1692 -0.7568 0.6314
vn 0.1311 -0.8621 0.4894
vn -0.1340 -0.8555 -0.5001
vn -0.1714 -0.7494 -0.6396
vn -0.2382 -0.3911 -0.8890
vn -0.4877 -0.2204 -0.8447
vn -0.4877 0.2204 -0.8447
vn -0.3311 0.7494 -0.5735
vn -0.2589 0.8555 -0.4484
vn 0.2534 0.8621 0.4388
vn 0.3269 0.7568 0.5661
vn 0.4590 0.3965 0.7950
vn 0.4873 0.2238 0.8441
vn 0.4873 -0.2238 0.8441
vn 0.4590 -0.3965 0.7950
vn 0.3269 -0.7568 0.5661
vn 0.2534 -0.8621 0.4388
vn -0.2589 -0.8555 -0.4484
vn -0.3311 -0.7494 -0.5734
vn -0.4682 0.7494 -0.4682
vn -0.3661 0.8555 -0.3661
vn 0.4622 0.7567 0.4622
vn 0.6492 0.3964 0.6492
vn 0.6492 -0.3964 0.6492
vn 0.4622 -0.7567 0.4622
vn -0.3662 -0.8555 -0.3661
vn -0.4682 -0.7493 -0.4682
vn -0.5734 0.7494 -0.3311
vn -0.4484 0.8555 -0.2589
vn 0.4388 0.8621 0.2534
vn 0.5661 0.7568 0.3268
vn 0.7950 0.3965 0.4590
vn 0.8441 0.2238 0.4873
vn 0.8441 -0.2238 0.4873
vn 0.7950 -0.3965 0.4590
vn 0.5661 -0.7568 0.3268
vn 0.4388 -0.8621 0.2534
vn -0.4484 -0.8555 -0.2589
vn -0.5734 -0.7494 -0.3311
vn -0.9421 -0.2205 -0.2524
vn -0.9421 0.2205 -0.2525
vn -0.6396 0.7494 -0.1714
vn -0.5001 0.8555 -0.1340
vn 0.4894 0.8621 0.1311
vn 0.6314 0.7568 0.1692
vn 0.8867 0.3966 0.2376
vn 0.9414 0.2238 0.2523
vn 0.9414 -0.2238 0.2523
vn 0.8867 -0.3965 0.2376
vn 0.6314 -0.7568 0.1692
vn 0.4894 -0.8621 0.1311
vn -0.5001 -0.8555 -0.1340
vn -0.6396 -0.7494 -0.1714
vn -0.9754 -0.2206 -0.0000
vn -0.9754 0.2206 -0.0000
vn -0.9203 0.3911 -0.0000
vn -0.6622 0.7494 -0.0000
vn -0.5178 0.8555 -0.0000
vn 0.5067 0.8621 -0.0000
vn 0.6537 0.7568 -0.0000
vn 0.9180 0.3966 -0.0000
vn 0.9746 0.2239 -0.0000
vn 0.9746 -0.2239 -0.0000
vn 0.9180 -0.3966 -0.0000
vn 0.6537 -0.7568 -0.0000
vn 0.5067 -0.8621 -0.0000
vn -0.5178 -0.8555 -0.0000
vn -0.6622 -0.7494 -0.0000
vn -0.9203 -0.3911 -0.0000
vn -0.9422 -0.2205 0.2525
vn -0.9422 0.2205 0.2525
vn -0.6396 0.7494 0.1714
vn -0.5001 0.8556 0.1340
vn 0.4894 0.8621 -0.1311
vn 0.6314 0.7568 -0.1692
vn 0.8867 0.3966 -0.2376
vn 0.9414 0.2239 -0.2523
vn 0.9414 -0.2239 -0.2523
vn 0.8867 -0.3966 -0.2376
vn 0.6314 -0.7568 -0.1692
vn 0.4894 -0.8621 -0.1311
vn -0.5001 -0.8555 0.1340
vn -0.6396 -0.7494 0.1714
vn -0.5734 0.7494 0.3311
vn -0.4484 0.8555 0.2589
vn 0.4388 0.8621 -0.2533
vn 0.5661 0.7568 -0.3269
vn 0.7950 0.3965 -0.4590
vn 0.8441 0.2238 -0.4873
vn 0.8441 -0.2238 -0.4873
vn 0.7950 -0.3965 -0.4590
vn 0.5661 -0.7568 -0.3269
vn 0.4388 -0.8621 -0.2533
vn -0.4484 -0.8555 0.2589
vn -0.5734 -0.7494 0.3311
vn -0.4682 0.7493 0.4682
vn -0.3661 0.8555 0.3662
vn 0.3584 0.8620 -0.3584
vn 0.6492 0.3964 -0.6492
vn 0.6492 -0.3964 -0.6492
vn 0.3584 -0.8620 -0.3584
vn -0.4682 -0.7493 0.4682
vn -0.4877 -0.2204 0.8447
vn -0.4877 0.2204 0.8447
vn -0.4602 0.3909 0.7971
vn -0.0487 0.9953 0.0843
vn 0.4873 0.2238 -0.8441
vn 0.4873 -0.2238 -0.8441
vn -0.4602 -0.3909 0.7971
vn -0.2525 -0.2204 0.9422
vn -0.2525 0.2204 0.9422
vn -0.1714 0.7494 0.6396
vn -0.1340 0.8555 0.5001
vn 0.1311 0.8621 -0.4894
vn 0.1692 0.7568 -0.6314
vn 0.2376 0.3966 -0.8867
vn 0.2523 0.2239 -0.9414
vn 0.2523 -0.2239 -0.9414
vn 0.2376 -0.3966 -0.8867
vn 0.1692 -0.7568 -0.6314
vn 0.1311 -0.8621 -0.4894
vn -0.1340 -0.8555 0.5001
vn -0.1714 -0.7494 0.6396
vn -0.0000 -0.2206 0.9754
vn -0.0000 0.2206 0.9754
vn -0.0000 0.3911 0.9203
vn -0.0000 0.3966 -0.9180
vn -0.0000 0.2239 -0.9746
vn -0.0000 -0.2239 -0.9746
vn -0.0000 -0.3966 -0.9180
vn -0.0000 -0.3911 0.9203
vn 0.2524 -0.2205 0.9421
vn 0.2525 0.2205 0.9421
vn 0.2382 0.3911 0.8890
vn 0.1340 0.8554 0.5003
vn -0.1311 0.8621 -0.4894
vn -0.1692 0.7568 -0.6314
vn -0.1692 -0.7568 -0.6314
vn -0.1311 -0.8621 -0.4894
vn 0.1340 -0.8554 0.5003
vn 0.1714 -0.7493 0.6397
vn 0.2382 -0.3911 0.8890
vn 0.4877 -0.2204 0.8447
vn 0.4877 0.2204 0.8447
vn 0.3311 0.7494 0.5735
vn 0.2589 0.8555 0.4484
vn -0.2534 0.8621 -0.4388
vn -0.3269 0.7568 -0.5661
vn -0.4873 0.2238 -0.8441
vn -0.4873 -0.2238 -0.8441
vn -0.3269 -0.7568 -0.5661
vn -0.2534 -0.8621 -0.4388
vn 0.2589 -0.8555 0.4484
vn 0.3311 -0.7494 0.5735
vn 0.4682 0.7494 0.4682
vn 0.3661 0.8555 0.3661
vn -0.3584 0.8620 -0.3584
vn -0.4623 0.7566 -0.4623
vn -0.6892 0.2237 -0.6892
vn -0.6892 -0.2237 -0.6892
vn -0.4623 -0.7566 -0.4623
vn -0.3584 -0.8620 -0.3584
vn 0.3661 -0.8555 0.3661
vn 0.4682 -0.7494 0.4682
vn 0.8447 -0.2204 0.4877
vn 0.8447 0.2204 0.4877
vn 0.7971 0.3909 0.4602
vn 0.5734 0.7494 0.3311
vn 0.4484 0.8555 0.2589
vn 0.0842 0.9953 0.0486
vn -0.7950 0.3965 -0.4590
vn -0.8440 0.2238 -0.4873
vn -0.8440 -0.2238 -0.4873
vn -0.7950 -0.3965 -0.4590
vn 0.4484 -0.8555 0.2589
vn 0.5734 -0.7494 0.3311
vn 0.7971 -0.3909 0.4602
vn 0.9422 -0.2204 0.2525
vn 0.9422 0.2204 0.2525
vn 0.6396 0.7494 0.1714
vn 0.5001 0.8555 0.1340
vn -0.4895 0.8621 -0.1311
vn -0.6314 0.7567 -0.1692
vn -0.8867 0.3966 -0.2376
vn -0.9414 0.2239 -0.2523
vn -0.9414 -0.2239 -0.2523
vn -0.8867 -0.3966 -0.2376
vn -0.6314 -0.7568 -0.1692
vn -0.4895 -0.8621 -0.1311
vn 0.5001 -0.8555 0.1340
vn 0.6396 -0.7494 0.1714
vn -0.3124 -0.9395 0.1406
vn 0.0231 -0.6556 0.7548
vn -0.6813 -0.4476 0.5791
vn 0.1506 -0.0263 0.9882
vn 0.0145 0.6734 0.7391
vn -0.5538 0.1816 0.8126
vn -0.6141 -0.6734 -0.4116
vn -0.9830 -0.1816 0.0269
vn -0.7502 0.0263 -0.6607
vn -0.2871 0.9395 0.1869
vn -0.6226 0.6556 -0.4272
vn -0.8555 0.4476 0.2604
vn 0.2871 -0.9395 -0.1869
vn 0.8555 -0.4476 -0.2604
vn 0.6226 -0.6556 0.4272
vn 0.6141 0.6734 0.4116
vn 0.7502 -0.0263 0.6607
vn 0.9830 0.1816 -0.0269
vn -0.0145 -0.6734 -0.7391
vn -0.1506 0.0263 -0.9882
vn 0.5538 -0.1816 -0.8126
vn 0.3124 0.9395 -0.1406
vn 0.6813 0.4476 -0.5791
vn -0.0231 0.6556 -0.7548
vn -0.4702 -0.8529 0.2269
vn -0.0852 -0.5747 0.8139
vn -0.7441 -0.2648 0.6134
vn 0.1520 0.0420 0.9875
vn 0.1379 0.7279 0.6717
vn -0.5068 0.3519 0.7870
vn -0.7255 -0.5922 -0.3507
vn -0.9993 -0.0040 0.0359
vn -0.7396 0.0937 -0.6665
vn -0.1174 0.9886 0.0941
vn -0.5024 0.7104 -0.4929
vn -0.7621 0.6127 0.2094
vn 0.1174 -0.9886 -0.0941
vn 0.7621 -0.6127 -0.2094
vn 0.5024 -0.7104 0.4929
vn 0.7255 0.5922 0.3507
vn 0.7396 -0.0937 0.6665
vn 0.9993 0.0040 -0.0359
vn -0.1379 -0.7279 -0.6717
vn -0.1520 -0.0420 -0.9875
vn 0.5068 -0.3519 -0.7870
vn 0.4702 0.8529 -0.2269
vn 0.7441 0.2648 -0.6134
vn 0.0852 0.5747 -0.8139
vn -0.6098 -0.7323 0.3031
vn -0.1773 -0.4708 0.8642
vn -0.7737 -0.0713 0.6296
vn 0.1653 0.1088 0.9802
vn 0.2683 0.7533 0.6004
vn -0.4311 0.5082 0.7456
vn -0.8206 -0.4873 -0.2988
vn -0.9844 0.1737 0.0277
vn -0.7175 0.1573 -0.6786
vn 0.0576 0.9983 -0.0014
vn -0.3749 0.7369 -0.5626
vn -0.6418 0.7533 0.1437
vn -0.0576 -0.9983 0.0014
vn 0.6418 -0.7533 -0.1437
vn 0.3749 -0.7369 0.5626
vn 0.8206 0.4873 0.2988
vn 0.7175 -0.1573 0.6786
vn 0.9844 -0.1737 -0.0277
vn -0.2683 -0.7533 -0.6004
vn -0.1653 -0.1088 -0.9802
vn 0.4311 -0.5082 -0.7456
vn 0.6098 0.7323 -0.3031
vn 0.7737 0.0713 -0.6296
vn 0.1773 0.4708 -0.8642
vn -0.7256 -0.5825 0.3664
vn -0.2494 -0.3482 0.9036
vn -0.7689 0.1249 0.6270
vn 0.1899 0.1711 0.9668
vn 0.4006 0.7487 0.5282
vn -0.3296 0.6443 0.6901
vn -0.8954 -0.3629 -0.2579
vn -0.9388 0.3445 0.0028
vn -0.6848 0.2146 -0.6964
vn 0.2307 0.9683 -0.0960
vn -0.2454 0.7340 -0.6333
vn -0.4994 0.8638 0.0659
vn -0.2308 -0.9683 0.0960
vn 0.4994 -0.8638 -0.0659
vn 0.2454 -0.7340 0.6333
vn 0.8954 0.3629 0.2579
vn 0.6848 -0.2146 0.6964
vn 0.9388 -0.3445 -0.0028
vn -0.4006 -0.7487 -0.5282
vn -0.1899 -0.1711 -0.9668
vn 0.3296 -0.6443 -0.6901
vn 0.7256 0.5825 -0.3664
vn 0.7689 -0.1249 -0.6270
vn 0.2494 0.3482 -0.9036
vn -0.8129 -0.4095 0.4141
vn -0.2987 -0.2117 0.9306
vn -0.7301 0.3162 0.6058
vn 0.2250 0.2267 0.9476
vn 0.5294 0.7142 0.4578
vn -0.2064 0.7546 0.6228
vn -0.9471 -0.2242 -0.2296
vn -0.8643 0.5016 -0.0379
vn -0.6427 0.2634 -0.7194
vn 0.3952 0.8996 -0.1859
vn -0.1190 0.7018 -0.7024
vn -0.3406 0.9400 -0.0209
vn -0.3952 -0.8996 0.1859
vn 0.3406 -0.9400 0.0209
vn 0.1190 -0.7018 0.7024
vn 0.9471 0.2242 0.2296
vn 0.6427 -0.2634 0.7194
vn 0.8643 -0.5016 0.0379
vn -0.5294 -0.7142 -0.4578
vn -0.2250 -0.2267 -0.9476
vn 0.2064 -0.7546 -0.6228
vn 0.8129 0.4095 -0.4141
vn 0.7301 -0.3162 -0.6058
vn 0.2987 0.2117 -0.9306
vn -0.8684 -0.2202 0.4444
vn -0.3232 -0.0668 0.9440
vn -0.6587 0.4949 0.5668
vn 0.2690 0.2732 0.9236
vn 0.6496 0.6513 0.3921
vn -0.0664 0.8349 0.5464
vn -0.9736 -0.0764 -0.2152
vn -0.7639 0.6387 -0.0928
vn -0.5929 0.3017 -0.7466
vn 0.5444 0.7950 -0.2674
vn -0.0007 0.6417 -0.7670
vn -0.1717 0.9786 -0.1132
vn -0.5444 -0.7950 0.2674
vn 0.1717 -0.9786 0.1132
vn 0.0007 -0.6416 0.7670
vn 0.9736 0.0764 0.2152
vn 0.5929 -0.3017 0.7466
vn 0.7639 -0.6387 0.0928
vn -0.6497 -0.6513 -0.3921
vn -0.2690 -0.2732 -0.9236
vn 0.0664 -0.8349 -0.5464
vn 0.8684 0.2202 -0.4444
vn 0.6587 -0.4949 -0.5668
vn 0.3232 0.0668 -0.9440
vn -0.8897 -0.0221 0.4560
vn -0.3220 0.0808 0.9433
vn -0.5575 0.6539 0.5115
vn 0.3202 0.3088 0.8956
vn 0.7565 0.5624 0.3337
vn 0.0847 0.8819 0.4638
vn -0.9738 0.0743 -0.2151
vn -0.6416 0.7503 -0.1596
vn -0.5375 0.3279 -0.7769
vn 0.6724 0.6588 -0.3373
vn 0.1047 0.5559 -0.8246
vn 0.0006 0.9783 -0.2073
vn -0.6724 -0.6588 0.3373
vn -0.0006 -0.9783 0.2073
vn -0.1047 -0.5559 0.8246
vn 0.9738 -0.0743 0.2151
vn 0.5375 -0.3279 0.7769
vn 0.6416 -0.7503 0.1596
vn -0.7565 -0.5624 -0.3337
vn -0.3202 -0.3088 -0.8956
vn -0.0847 -0.8819 -0.4638
vn 0.8897 0.0221 -0.4560
vn 0.5575 -0.6539 -0.5115
vn 0.3220 -0.0808 -0.9433
vn -0.8761 0.1769 0.4486
vn -0.2950 0.2252 0.9286
vn -0.4307 0.7868 0.4422
vn 0.3767 0.3321 0.8648
vn 0.8458 0.4511 0.2850
vn 0.2411 0.8937 0.3784
vn -0.9477 0.2222 -0.2293
vn -0.5023 0.8320 -0.2357
vn -0.4786 0.3411 -0.8091
vn 0.7742 0.4963 -0.3929
vn 0.1931 0.4480 -0.8729
vn 0.1695 0.9389 -0.2995
vn -0.7742 -0.4963 0.3929
vn -0.1695 -0.9389 0.2995
vn -0.1931 -0.4480 0.8729
vn 0.9477 -0.2222 0.2293
vn 0.4786 -0.3411 0.8091
vn 0.5023 -0.8320 0.2357
vn -0.8458 -0.4511 -0.2850
vn -0.3767 -0.3321 -0.8648
vn -0.2411 -0.8937 -0.3784
vn 0.8761 -0.1769 -0.4486
vn 0.4307 -0.7868 -0.4422
vn 0.2950 -0.2252 -0.9286
vt 0.135822 0.736226
vt 0.135823 0.741497
vt 0.131577 0.741629
vt 0.131681 0.736226
vt 0.135823 0.750000
vt 0.131793 0.750000
vt 0.125000 0.741355
vt 0.125000 0.736226
vt 0.129574 0.750000
vt 0.387626 0.989177
vt 0.387626 0.993319
vt 0.382673 0.993423
vt 0.382794 0.989177
vt 0.387626 1.000000
vt 0.382925 1.000000
vt 0.375000 0.993207
vt 0.375000 0.989177
vt 0.380336 1.000000
vt 0.387626 0.013774
vt 0.382794 0.013774
vt 0.382673 0.008371
vt 0.387626 0.008503
vt 0.375000 0.013774
vt 0.375000 0.008645
vt 0.382925 0.000000
vt 0.387626 0.000000
vt 0.375000 0.005822
vt 0.612374 0.989178
vt 0.617206 0.989178
vt 0.617327 0.993423
vt 0.612374 0.993319
vt 0.625000 0.989178
vt 0.625000 0.993207
vt 0.617075 1.000000
vt 0.612374 1.000000
vt 0.625000 0.995426
vt 0.864178 0.736226
vt 0.868319 0.736226
vt 0.868423 0.741629
vt 0.864178 0.741497
vt 0.875000 0.736226
vt 0.875000 0.741355
vt 0.868207 0.750000
vt 0.864178 0.750000
vt 0.875000 0.744178
vt 0.612374 0.013774
vt 0.612374 0.008503
vt 0.617327 0.008371
vt 0.617206 0.013774
vt 0.612374 0.000000
vt 0.617075 0.000000
vt 0.625000 0.008645
vt 0.625000 0.013774
vt 0.619663 0.000000
vt 0.135823 0.513774
vt 0.131681 0.513774
vt 0.131577 0.508371
vt 0.135823 0.508503
vt 0.125000 0.513774
vt 0.125000 0.508645
vt 0.131792 0.500000
vt 0.135822 0.500000
vt 0.125000 0.505822
vt 0.387626 0.236226
vt 0.387626 0.241497
vt 0.382673 0.241629
vt 0.382794 0.236226
vt 0.387626 0.250000
vt 0.382925 0.250000
vt 0.375000 0.241355
vt 0.375000 0.236226
vt 0.377668 0.252287
vt 0.387626 0.260823
vt 0.382794 0.260823
vt 0.382673 0.256577
vt 0.387626 0.256681
vt 0.375000 0.260822
vt 0.375000 0.256792
vt 0.864178 0.513774
vt 0.864178 0.508503
vt 0.868423 0.508371
vt 0.868319 0.513774
vt 0.864178 0.500000
vt 0.868207 0.500000
vt 0.875000 0.508645
vt 0.875000 0.513774
vt 0.870426 0.500000
vt 0.612374 0.260823
vt 0.612374 0.256681
vt 0.617327 0.256577
vt 0.617206 0.260823
vt 0.612374 0.250000
vt 0.617075 0.250000
vt 0.625000 0.256793
vt 0.625000 0.260823
vt 0.622332 0.247089
vt 0.612374 0.236226
vt 0.617206 0.236226
vt 0.617327 0.241629
vt 0.612374 0.241497
vt 0.625000 0.236226
vt 0.625000 0.241355
vt 0.364177 0.736226
vt 0.368319 0.736226
vt 0.368423 0.741629
vt 0.364177 0.741497
vt 0.375000 0.736226
vt 0.375000 0.741355
vt 0.371604 0.753396
vt 0.369589 0.755411
vt 0.376779 0.749584
vt 0.387626 0.736226
vt 0.387626 0.741497
vt 0.382673 0.741629
vt 0.382794 0.736226
vt 0.387626 0.750000
vt 0.382925 0.750000
vt 0.387626 0.760822
vt 0.382794 0.760823
vt 0.382673 0.756577
vt 0.387626 0.756681
vt 0.635822 0.736226
vt 0.635823 0.741497
vt 0.631577 0.741629
vt 0.631681 0.736226
vt 0.630411 0.755411
vt 0.628396 0.753396
vt 0.625000 0.741355
vt 0.625000 0.736226
vt 0.624746 0.748059
vt 0.612374 0.760823
vt 0.612374 0.756681
vt 0.617327 0.756577
vt 0.617206 0.760822
vt 0.612374 0.750000
vt 0.617075 0.750000
vt 0.612374 0.736226
vt 0.617206 0.736226
vt 0.617327 0.741629
vt 0.612374 0.741497
vt 0.364177 0.513774
vt 0.364177 0.508503
vt 0.368423 0.508371
vt 0.368319 0.513774
vt 0.369589 0.494589
vt 0.371604 0.496604
vt 0.375000 0.508645
vt 0.375000 0.513774
vt 0.375254 0.501941
vt 0.387626 0.489177
vt 0.387626 0.493319
vt 0.382673 0.493423
vt 0.382794 0.489177
vt 0.387626 0.500000
vt 0.382925 0.500000
vt 0.387626 0.513774
vt 0.382794 0.513774
vt 0.382673 0.508371
vt 0.387626 0.508503
vt 0.635822 0.513774
vt 0.631681 0.513774
vt 0.631577 0.508371
vt 0.635822 0.508503
vt 0.625000 0.513774
vt 0.625000 0.508645
vt 0.628396 0.496604
vt 0.630411 0.494589
vt 0.623221 0.500416
vt 0.612374 0.513774
vt 0.612374 0.508503
vt 0.617327 0.508371
vt 0.617206 0.513774
vt 0.612374 0.500000
vt 0.617075 0.500000
vt 0.612374 0.489178
vt 0.617206 0.489178
vt 0.617327 0.493423
vt 0.612374 0.493319
vt 0.134839 0.736226
vt 0.134839 0.741497
vt 0.130979 0.741629
vt 0.131074 0.736226
vt 0.134839 0.750000
vt 0.131175 0.750000
vt 0.125000 0.741355
vt 0.125000 0.736226
vt 0.129158 0.750000
vt 0.386478 0.990161
vt 0.386478 0.993926
vt 0.381976 0.994021
vt 0.382086 0.990161
vt 0.386478 1.000000
vt 0.382204 1.000000
vt 0.375000 0.993825
vt 0.375000 0.990161
vt 0.379851 1.000000
vt 0.386478 0.013774
vt 0.382086 0.013774
vt 0.381976 0.008371
vt 0.386478 0.008503
vt 0.375000 0.013774
vt 0.382204 0.000000
vt 0.386478 0.000000
vt 0.613522 0.990161
vt 0.617914 0.990161
vt 0.618024 0.994021
vt 0.613522 0.993926
vt 0.625000 0.990161
vt 0.625000 0.993825
vt 0.617796 1.000000
vt 0.613522 1.000000
vt 0.625000 0.995842
vt 0.865161 0.736226
vt 0.868926 0.736226
vt 0.869021 0.741629
vt 0.865161 0.741497
vt 0.875000 0.736226
vt 0.868825 0.750000
vt 0.865161 0.750000
vt 0.613522 0.013774
vt 0.613522 0.008503
vt 0.618024 0.008371
vt 0.617914 0.013774
vt 0.613522 0.000000
vt 0.617796 0.000000
vt 0.625000 0.008645
vt 0.625000 0.013774
vt 0.620149 0.000000
vt 0.134839 0.513774
vt 0.131074 0.513774
vt 0.130979 0.508371
vt 0.134839 0.508503
vt 0.125000 0.513774
vt 0.125000 0.508645
vt 0.131175 0.500000
vt 0.134839 0.500000
vt 0.125000 0.505822
vt 0.386478 0.236226
vt 0.386478 0.241497
vt 0.381976 0.241629
vt 0.382086 0.236226
vt 0.386478 0.250000
vt 0.382204 0.250000
vt 0.375000 0.241355
vt 0.375000 0.236226
vt 0.377426 0.252079
vt 0.386478 0.259839
vt 0.382086 0.259839
vt 0.381976 0.255979
vt 0.386478 0.256074
vt 0.375000 0.259839
vt 0.375000 0.256175
vt 0.865161 0.513774
vt 0.865161 0.508503
vt 0.869021 0.508371
vt 0.868926 0.513774
vt 0.865161 0.500000
vt 0.868825 0.500000
vt 0.870842 0.500000
vt 0.613522 0.259839
vt 0.613522 0.256074
vt 0.618024 0.255979
vt 0.617914 0.259839
vt 0.613522 0.250000
vt 0.617796 0.250000
vt 0.625000 0.256175
vt 0.625000 0.259839
vt 0.622574 0.247089
vt 0.613522 0.236226
vt 0.617914 0.236226
vt 0.618024 0.241629
vt 0.613522 0.241497
vt 0.625000 0.236226
vt 0.365161 0.736226
vt 0.368926 0.736226
vt 0.369021 0.741629
vt 0.365161 0.741497
vt 0.375000 0.736226
vt 0.371912 0.753088
vt 0.370081 0.754919
vt 0.376617 0.749446
vt 0.386478 0.736226
vt 0.386478 0.741497
vt 0.381976 0.741629
vt 0.382086 0.736226
vt 0.386478 0.750000
vt 0.382204 0.750000
vt 0.386478 0.759839
vt 0.382086 0.759839
vt 0.381976 0.755979
vt 0.386478 0.756074
vt 0.634839 0.736226
vt 0.634839 0.741497
vt 0.630979 0.741629
vt 0.631074 0.736226
vt 0.629919 0.754919
vt 0.628088 0.753088
vt 0.625000 0.736226
vt 0.624769 0.748059
vt 0.613522 0.759839
vt 0.613522 0.756074
vt 0.618024 0.755979
vt 0.617914 0.759839
vt 0.613522 0.750000
vt 0.617796 0.750000
vt 0.613522 0.736226
vt 0.617914 0.736226
vt 0.618024 0.741629
vt 0.613522 0.741497
vt 0.365161 0.513774
vt 0.365161 0.508503
vt 0.369021 0.508371
vt 0.368926 0.513774
vt 0.370081 0.495081
vt 0.371913 0.496912
vt 0.375231 0.501941
vt 0.386478 0.490161
vt 0.386478 0.493926
vt 0.381976 0.494021
vt 0.382086 0.490161
vt 0.386478 0.500000
vt 0.382204 0.500000
vt 0.386478 0.513774
vt 0.382086 0.513774
vt 0.381976 0.508371
vt 0.386478 0.508503
vt 0.634839 0.513774
vt 0.631074 0.513774
vt 0.630979 0.508371
vt 0.634839 0.508503
vt 0.625000 0.513774
vt 0.628088 0.496912
vt 0.629919 0.495081
vt 0.623383 0.500554
vt 0.613522 0.513774
vt 0.613522 0.508503
vt 0.618024 0.508371
vt 0.617914 0.513774
vt 0.613522 0.500000
vt 0.617796 0.500000
vt 0.613522 0.490161
vt 0.617914 0.490161
vt 0.618024 0.494021
vt 0.613522 0.493926
vt 0.136392 0.736226
vt 0.136392 0.741497
vt 0.131923 0.741629
vt 0.132033 0.736226
vt 0.136392 0.750000
vt 0.132150 0.750000
vt 0.129815 0.750000
vt 0.388291 0.988608
vt 0.388291 0.992967
vt 0.383077 0.993077
vt 0.383205 0.988608
vt 0.388291 1.000000
vt 0.383342 1.000000
vt 0.375000 0.992850
vt 0.375000 0.988608
vt 0.380617 1.000000
vt 0.388291 0.013774
vt 0.383205 0.013774
vt 0.383077 0.008371
vt 0.388291 0.008503
vt 0.383342 0.000000
vt 0.388291 0.000000
vt 0.375000 0.005822
vt 0.611709 0.988608
vt 0.616795 0.988608
vt 0.616923 0.993077
vt 0.611709 0.992968
vt 0.625000 0.988608
vt 0.625000 0.992850
vt 0.616658 1.000000
vt 0.611709 1.000000
vt 0.625000 0.995185
vt 0.863608 0.736226
vt 0.867968 0.736226
vt 0.868077 0.741629
vt 0.863608 0.741497
vt 0.867850 0.750000
vt 0.863608 0.750000
vt 0.611709 0.013774
vt 0.611709 0.008503
vt 0.616923 0.008371
vt 0.616795 0.013774
vt 0.611709 0.000000
vt 0.616658 0.000000
vt 0.625000 0.008645
vt 0.625000 0.013774
vt 0.619383 0.000000
vt 0.136392 0.513774
vt 0.132033 0.513774
vt 0.131923 0.508371
vt 0.136392 0.508503
vt 0.132150 0.500000
vt 0.136392 0.500000
vt 0.388291 0.236226
vt 0.388291 0.241497
vt 0.383077 0.241629
vt 0.383205 0.236226
vt 0.388291 0.250000
vt 0.383342 0.250000
vt 0.377809 0.252407
vt 0.388291 0.261392
vt 0.383205 0.261392
vt 0.383077 0.256923
vt 0.388291 0.257033
vt 0.375000 0.261392
vt 0.375000 0.257150
vt 0.863608 0.513774
vt 0.863608 0.508503
vt 0.868077 0.508371
vt 0.867967 0.513774
vt 0.863608 0.500000
vt 0.867850 0.500000
vt 0.875000 0.513774
vt 0.870185 0.500000
vt 0.611709 0.261392
vt 0.611709 0.257033
vt 0.616923 0.256923
vt 0.616795 0.261392
vt 0.611709 0.250000
vt 0.616658 0.250000
vt 0.625000 0.257150
vt 0.625000 0.261392
vt 0.622191 0.247089
vt 0.611709 0.236226
vt 0.616795 0.236226
vt 0.616923 0.241629
vt 0.611709 0.241497
vt 0.363608 0.736226
vt 0.367967 0.736226
vt 0.368077 0.741629
vt 0.363608 0.741497
vt 0.371425 0.753575
vt 0.369304 0.755696
vt 0.376872 0.749664
vt 0.388291 0.736226
vt 0.388291 0.741497
vt 0.383077 0.741629
vt 0.383205 0.736226
vt 0.388291 0.750000
vt 0.383342 0.750000
vt 0.388291 0.761392
vt 0.383205 0.761392
vt 0.383077 0.756923
vt 0.388291 0.757033
vt 0.636392 0.736226
vt 0.636392 0.741497
vt 0.631923 0.741629
vt 0.632033 0.736226
vt 0.630696 0.755696
vt 0.628575 0.753575
vt 0.624732 0.748059
vt 0.611709 0.761392
vt 0.611709 0.757032
vt 0.616923 0.756923
vt 0.616795 0.761392
vt 0.611709 0.750000
vt 0.616658 0.750000
vt 0.611709 0.736226
vt 0.616795 0.736226
vt 0.616923 0.741629
vt 0.611709 0.741497
vt 0.363608 0.513774
vt 0.363608 0.508503
vt 0.368077 0.508371
vt 0.367967 0.513774
vt 0.369304 0.494304
vt 0.371425 0.496425
vt 0.375268 0.501941
vt 0.388291 0.488608
vt 0.388291 0.492967
vt 0.383077 0.493077
vt 0.383205 0.488608
vt 0.388291 0.500000
vt 0.383342 0.500000
vt 0.388291 0.513774
vt 0.383205 0.513774
vt 0.383077 0.508371
vt 0.388291 0.508503
vt 0.636392 0.513774
vt 0.632033 0.513774
vt 0.631923 0.508371
vt 0.636392 0.508503
vt 0.628575 0.496425
vt 0.630696 0.494304
vt 0.623128 0.500336
vt 0.611709 0.513774
vt 0.611709 0.508503
vt 0.616923 0.508371
vt 0.616795 0.513774
vt 0.611709 0.500000
vt 0.616658 0.500000
vt 0.611709 0.488608
vt 0.616795 0.488608
vt 0.616923 0.493077
vt 0.611709 0.492968
vt 0.139430 0.736226
vt 0.139430 0.741497
vt 0.133769 0.741629
vt 0.133908 0.736226
vt 0.139430 0.750000
vt 0.134057 0.750000
vt 0.125000 0.741355
vt 0.131099 0.750000
vt 0.391835 0.985570
vt 0.391835 0.991092
vt 0.385231 0.991231
vt 0.385393 0.985570
vt 0.391835 1.000000
vt 0.385566 1.000000
vt 0.375000 0.990943
vt 0.375000 0.985570
vt 0.382115 1.000000
vt 0.391835 0.013774
vt 0.385393 0.013774
vt 0.385231 0.008371
vt 0.391835 0.008503
vt 0.375000 0.013774
vt 0.375000 0.008645
vt 0.385566 0.000000
vt 0.391835 0.000000
vt 0.375000 0.005822
vt 0.608165 0.985570
vt 0.614607 0.985570
vt 0.614769 0.991230
vt 0.608165 0.991092
vt 0.625000 0.985570
vt 0.625000 0.990943
vt 0.614434 1.000000
vt 0.608165 1.000000
vt 0.625000 0.993901
vt 0.860570 0.736226
vt 0.866092 0.736226
vt 0.866231 0.741629
vt 0.860570 0.741497
vt 0.865943 0.750000
vt 0.860570 0.750000
vt 0.875000 0.744178
vt 0.608165 0.013774
vt 0.608165 0.008503
vt 0.614769 0.008371
vt 0.614608 0.013774
vt 0.608165 0.000000
vt 0.614434 0.000000
vt 0.625000 0.008645
vt 0.625000 0.013774
vt 0.617885 0.000000
vt 0.139430 0.513774
vt 0.133908 0.513774
vt 0.133769 0.508371
vt 0.139430 0.508503
vt 0.134057 0.500000
vt 0.139430 0.500000
vt 0.391835 0.236226
vt 0.391835 0.241497
vt 0.385231 0.241629
vt 0.385393 0.236226
vt 0.391835 0.250000
vt 0.385566 0.250000
vt 0.375000 0.236226
vt 0.378558 0.253049
vt 0.391835 0.264430
vt 0.385392 0.264430
vt 0.385231 0.258770
vt 0.391835 0.258908
vt 0.375000 0.264430
vt 0.375000 0.259057
vt 0.860570 0.513774
vt 0.860570 0.508503
vt 0.866231 0.508371
vt 0.866092 0.513774
vt 0.860570 0.500000
vt 0.865943 0.500000
vt 0.875000 0.508645
vt 0.875000 0.513774
vt 0.868901 0.500000
vt 0.608165 0.264430
vt 0.608165 0.258908
vt 0.614769 0.258769
vt 0.614607 0.264430
vt 0.608165 0.250000
vt 0.614434 0.250000
vt 0.625000 0.259057
vt 0.625000 0.264430
vt 0.621442 0.247089
vt 0.608165 0.236226
vt 0.614608 0.236226
vt 0.614769 0.241629
vt 0.608165 0.241497
vt 0.625000 0.236226
vt 0.625000 0.241355
vt 0.360570 0.736226
vt 0.366092 0.736226
vt 0.366231 0.741629
vt 0.360570 0.741497
vt 0.370472 0.754528
vt 0.367785 0.757215
vt 0.377372 0.750092
vt 0.391835 0.736226
vt 0.391835 0.741497
vt 0.385231 0.741629
vt 0.385393 0.736226
vt 0.391835 0.750000
vt 0.385566 0.750000
vt 0.391835 0.764430
vt 0.385392 0.764430
vt 0.385231 0.758770
vt 0.391835 0.758908
vt 0.639430 0.736226
vt 0.639430 0.741497
vt 0.633769 0.741629
vt 0.633908 0.736226
vt 0.632215 0.757215
vt 0.629528 0.754528
vt 0.624661 0.748059
vt 0.608165 0.764430
vt 0.608165 0.758908
vt 0.614769 0.758769
vt 0.614607 0.764430
vt 0.608165 0.750000
vt 0.614434 0.750000
vt 0.608165 0.736226
vt 0.614608 0.736226
vt 0.614769 0.741629
vt 0.608165 0.741497
vt 0.360570 0.513774
vt 0.360570 0.508503
vt 0.366230 0.508371
vt 0.366092 0.513774
vt 0.367785 0.492785
vt 0.370472 0.495472
vt 0.375000 0.508645
vt 0.375000 0.513774
vt 0.375339 0.501941
vt 0.391835 0.485570
vt 0.391835 0.491092
vt 0.385231 0.491231
vt 0.385393 0.485570
vt 0.391835 0.500000
vt 0.385566 0.500000
vt 0.391835 0.513774
vt 0.385393 0.513774
vt 0.385231 0.508371
vt 0.391835 0.508503
vt 0.639430 0.513774
vt 0.633908 0.513774
vt 0.633770 0.508371
vt 0.639430 0.508503
vt 0.629528 0.495472
vt 0.632215 0.492785
vt 0.622628 0.499908
vt 0.608165 0.513774
vt 0.608165 0.508503
vt 0.614769 0.508371
vt 0.614608 0.513774
vt 0.608165 0.500000
vt 0.614434 0.500000
vt 0.608165 0.485570
vt 0.614607 0.485570
vt 0.614769 0.491230
vt 0.608165 0.491092
vt 0.191667 0.720000
vt 0.191667 0.750000
vt 0.153177 0.750000
vt 0.125000 0.720000
vt 0.405000 0.933333
vt 0.405000 1.000000
vt 0.387679 1.000000
vt 0.375000 0.933333
vt 0.405000 0.030000
vt 0.375000 0.030000
vt 0.375000 0.012679
vt 0.405000 0.000000
vt 0.595000 0.933333
vt 0.625000 0.933333
vt 0.625000 0.971823
vt 0.595000 1.000000
vt 0.808333 0.720000
vt 0.875000 0.720000
vt 0.875000 0.737321
vt 0.808333 0.750000
vt 0.595000 0.030000
vt 0.595000 0.000000
vt 0.612321 0.000000
vt 0.625000 0.030000
vt 0.191667 0.530000
vt 0.125000 0.530000
vt 0.125000 0.512679
vt 0.191667 0.500000
vt 0.405000 0.220000
vt 0.405000 0.250000
vt 0.381340 0.264088
vt 0.375000 0.220000
vt 0.405000 0.316667
vt 0.375000 0.316667
vt 0.808333 0.530000
vt 0.808333 0.500000
vt 0.846823 0.500000
vt 0.875000 0.530000
vt 0.595000 0.316667
vt 0.595000 0.250000
vt 0.618660 0.243660
vt 0.625000 0.316667
vt 0.595000 0.220000
vt 0.625000 0.220000
vt 0.308333 0.720000
vt 0.375000 0.720000
vt 0.379226 0.755166
vt 0.341667 0.783333
vt 0.405000 0.720000
vt 0.405000 0.750000
vt 0.405000 0.816667
vt 0.691667 0.720000
vt 0.658333 0.783333
vt 0.630166 0.745773
vt 0.625000 0.720000
vt 0.595000 0.816667
vt 0.595000 0.750000
vt 0.595000 0.720000
vt 0.308333 0.530000
vt 0.341667 0.466667
vt 0.369834 0.504227
vt 0.375000 0.530000
vt 0.405000 0.433333
vt 0.405000 0.500000
vt 0.405000 0.530000
vt 0.691667 0.530000
vt 0.625000 0.530000
vt 0.620774 0.494834
vt 0.658333 0.466667
vt 0.595000 0.530000
vt 0.595000 0.500000
vt 0.595000 0.433333
vt 0.405000 0.933333
vt 0.405000 1.000000
vt 0.387680 1.000000
vt 0.405000 0.030000
vt 0.405000 0.000000
vt 0.595000 0.933333
vt 0.595000 1.000000
vt 0.595000 0.030000
vt 0.595000 0.000000
vt 0.612320 0.000000
vt 0.405000 0.220000
vt 0.405000 0.250000
vt 0.381340 0.264088
vt 0.405000 0.316667
vt 0.595000 0.250000
vt 0.618660 0.243660
vt 0.595000 0.220000
vt 0.379227 0.755166
vt 0.405000 0.720000
vt 0.405000 0.750000
vt 0.405000 0.816667
vt 0.630166 0.745773
vt 0.595000 0.816667
vt 0.595000 0.750000
vt 0.341667 0.466667
vt 0.369834 0.504227
vt 0.405000 0.433333
vt 0.405000 0.500000
vt 0.405000 0.530000
vt 0.620773 0.494834
vt 0.658333 0.466667
vt 0.595000 0.530000
vt 0.595000 0.500000
vt 0.595000 0.433333
vt 0.595000 0.250000
vt 0.405000 0.933333
vt 0.405000 1.000000
vt 0.387680 1.000000
vt 0.405000 0.030000
vt 0.405000 0.000000
vt 0.595000 0.933333
vt 0.595000 1.000000
vt 0.595000 0.030000
vt 0.595000 0.000000
vt 0.612321 0.000000
vt 0.405000 0.220000
vt 0.405000 0.250000
vt 0.381340 0.264088
vt 0.405000 0.316667
vt 0.595000 0.316667
vt 0.595000 0.220000
vt 0.379227 0.755166
vt 0.405000 0.720000
vt 0.405000 0.750000
vt 0.595000 0.816667
vt 0.595000 0.720000
vt 0.369834 0.504227
vt 0.405000 0.433333
vt 0.405000 0.500000
vt 0.405000 0.530000
vt 0.595000 0.530000
vt 0.595000 0.433333
vt 0.191667 0.720000
vt 0.125000 0.720000
vt 0.405000 0.030000
vt 0.375000 0.030000
vt 0.375000 0.012680
vt 0.808333 0.720000
vt 0.875000 0.737320
vt 0.595000 0.030000
vt 0.625000 0.030000
vt 0.191667 0.530000
vt 0.405000 0.220000
vt 0.405000 0.250000
vt 0.375000 0.220000
vt 0.808333 0.530000
vt 0.875000 0.530000
vt 0.595000 0.220000
vt 0.625000 0.220000
vt 0.379226 0.755166
vt 0.405000 0.720000
vt 0.595000 0.720000
vt 0.308333 0.530000
vt 0.405000 0.530000
vt 0.691667 0.530000
vt 0.595000 0.530000
vt 0.405000 0.030000
vt 0.595000 0.030000
vt 0.405000 0.220000
vt 0.595000 0.220000
vt 0.379227 0.755166
vt 0.595000 0.720000
vt 0.595000 0.530000
vt 0.405000 0.030000
vt 0.595000 0.030000
vt 0.405000 0.220000
vt 0.595000 0.220000
vt 0.379227 0.755166
vt 0.595000 0.530000
vt 0.191667 0.720000
vt 0.405000 0.030000
vt 0.375000 0.030000
vt 0.375000 0.012679
vt 0.808333 0.720000
vt 0.875000 0.720000
vt 0.595000 0.030000
vt 0.625000 0.030000
vt 0.191667 0.530000
vt 0.125000 0.530000
vt 0.125000 0.512680
vt 0.405000 0.220000
vt 0.375000 0.220000
vt 0.875000 0.530000
vt 0.618660 0.243660
vt 0.625000 0.220000
vt 0.308333 0.720000
vt 0.375000 0.720000
vt 0.405000 0.720000
vt 0.691667 0.720000
vt 0.369834 0.504227
vt 0.375000 0.530000
vt 0.691667 0.530000
vt 0.625000 0.530000
vt 0.620774 0.494834
vt 0.405000 0.030000
vt 0.595000 0.030000
vt 0.618660 0.243660
vt 0.595000 0.220000
vt 0.369834 0.504227
vt 0.620773 0.494834
vt 0.620773 0.494834
vt 0.405000 0.030000
vt 0.595000 0.030000
vt 0.405000 0.720000
vt 0.369834 0.504227
vt 0.620774 0.494834
vt 0.595000 0.530000
vt 0.625000 0.720000
vt 0.155000 0.683333
vt 0.155000 0.750000
vt 0.137679 0.750000
vt 0.125000 0.683333
vt 0.405000 0.970000
vt 0.375000 0.970000
vt 0.405000 0.066667
vt 0.375000 0.066667
vt 0.375000 0.028177
vt 0.595000 0.970000
vt 0.625000 0.970000
vt 0.625000 0.987321
vt 0.845000 0.683333
vt 0.875000 0.683333
vt 0.875000 0.721823
vt 0.845000 0.750000
vt 0.595000 0.066667
vt 0.625000 0.066667
vt 0.155000 0.566667
vt 0.125000 0.566667
vt 0.125000 0.528177
vt 0.155000 0.500000
vt 0.405000 0.183333
vt 0.381340 0.256340
vt 0.375000 0.183333
vt 0.405000 0.280000
vt 0.375000 0.280000
vt 0.845000 0.566667
vt 0.845000 0.500000
vt 0.862321 0.500000
vt 0.875000 0.566667
vt 0.595000 0.280000
vt 0.618660 0.235912
vt 0.625000 0.280000
vt 0.595000 0.183333
vt 0.625000 0.183333
vt 0.345000 0.683333
vt 0.375000 0.683333
vt 0.379226 0.744834
vt 0.360000 0.765000
vt 0.405000 0.683333
vt 0.405000 0.780000
vt 0.655000 0.683333
vt 0.640000 0.765000
vt 0.625000 0.740608
vt 0.625000 0.683333
vt 0.595000 0.780000
vt 0.595000 0.683333
vt 0.345000 0.566667
vt 0.360000 0.485000
vt 0.375000 0.509392
vt 0.375000 0.566667
vt 0.405000 0.470000
vt 0.405000 0.566667
vt 0.655000 0.566667
vt 0.625000 0.566667
vt 0.620774 0.505166
vt 0.640000 0.485000
vt 0.595000 0.566667
vt 0.595000 0.470000
vt 0.405000 0.970000
vt 0.405000 0.066667
vt 0.595000 0.970000
vt 0.595000 0.066667
vt 0.405000 0.183333
vt 0.381340 0.256340
vt 0.405000 0.280000
vt 0.595000 0.280000
vt 0.618660 0.235912
vt 0.595000 0.183333
vt 0.379227 0.744834
vt 0.405000 0.683333
vt 0.405000 0.780000
vt 0.625000 0.740608
vt 0.595000 0.780000
vt 0.595000 0.683333
vt 0.375000 0.509392
vt 0.405000 0.470000
vt 0.405000 0.566667
vt 0.620773 0.505166
vt 0.595000 0.566667
vt 0.595000 0.470000
vt 0.405000 0.970000
vt 0.405000 0.066667
vt 0.595000 0.970000
vt 0.405000 0.183333
vt 0.381340 0.256340
vt 0.405000 0.280000
vt 0.595000 0.280000
vt 0.595000 0.183333
vt 0.379227 0.744834
vt 0.405000 0.780000
vt 0.595000 0.780000
vt 0.375000 0.509392
vt 0.405000 0.470000
vt 0.405000 0.566667
vt 0.595000 0.566667
vt 0.595000 0.470000
vt 0.155000 0.683333
vt 0.155000 0.750000
vt 0.137680 0.750000
vt 0.405000 0.970000
vt 0.375000 0.970000
vt 0.595000 0.970000
vt 0.625000 0.970000
vt 0.625000 0.987320
vt 0.845000 0.683333
vt 0.845000 0.750000
vt 0.155000 0.566667
vt 0.155000 0.500000
vt 0.381340 0.256340
vt 0.405000 0.280000
vt 0.375000 0.280000
vt 0.845000 0.566667
vt 0.845000 0.500000
vt 0.625000 0.280000
vt 0.345000 0.683333
vt 0.405000 0.780000
vt 0.345000 0.566667
vt 0.360000 0.485000
vt 0.375000 0.509392
vt 0.655000 0.566667
vt 0.595000 0.470000
vt 0.595000 0.970000
vt 0.381340 0.256340
vt 0.405000 0.280000
vt 0.595000 0.280000
vt 0.405000 0.780000
vt 0.595000 0.780000
vt 0.405000 0.470000
vt 0.595000 0.970000
vt 0.381340 0.256340
vt 0.595000 0.280000
vt 0.405000 0.780000
vt 0.405000 0.470000
vt 0.155000 0.750000
vt 0.137679 0.750000
vt 0.405000 0.970000
vt 0.375000 0.970000
vt 0.845000 0.683333
vt 0.845000 0.750000
vt 0.155000 0.500000
vt 0.405000 0.280000
vt 0.375000 0.280000
vt 0.625000 0.280000
vt 0.405000 0.780000
vt 0.655000 0.683333
vt 0.595000 0.780000
vt 0.345000 0.566667
vt 0.405000 0.470000
vt 0.620774 0.505166
vt 0.595000 0.970000
vt 0.405000 0.280000
vt 0.405000 0.780000
vt 0.595000 0.780000
vt 0.620773 0.505166
vt 0.595000 0.470000
vt 0.405000 0.970000
vt 0.595000 0.780000
vt 0.595000 0.470000
vt 0.155000 0.720000
vt 0.441666 0.970000
vt 0.441666 1.000000
vt 0.403176 1.000000
vt 0.441666 0.030000
vt 0.441666 0.000000
vt 0.558334 0.970000
vt 0.558334 1.000000
vt 0.845000 0.720000
vt 0.558334 0.030000
vt 0.558334 0.000000
vt 0.596824 0.000000
vt 0.155000 0.530000
vt 0.441666 0.220000
vt 0.441666 0.250000
vt 0.389088 0.256340
vt 0.441666 0.280000
vt 0.845000 0.530000
vt 0.558334 0.280000
vt 0.558334 0.250000
vt 0.610912 0.243660
vt 0.558334 0.220000
vt 0.345000 0.720000
vt 0.384392 0.750000
vt 0.441666 0.720000
vt 0.441666 0.750000
vt 0.441666 0.780000
vt 0.655000 0.720000
vt 0.619834 0.745773
vt 0.558334 0.780000
vt 0.558334 0.750000
vt 0.558334 0.720000
vt 0.345000 0.530000
vt 0.380166 0.504227
vt 0.441666 0.470000
vt 0.441666 0.500000
vt 0.441666 0.530000
vt 0.655000 0.530000
vt 0.615608 0.500000
vt 0.558334 0.530000
vt 0.558334 0.500000
vt 0.558334 0.470000
vt 0.155000 0.720000
vt 0.441666 0.030000
vt 0.845000 0.720000
vt 0.558334 0.030000
vt 0.155000 0.530000
vt 0.441666 0.220000
vt 0.845000 0.530000
vt 0.558334 0.220000
vt 0.345000 0.720000
vt 0.441666 0.720000
vt 0.655000 0.720000
vt 0.345000 0.530000
vt 0.441666 0.530000
vt 0.655000 0.530000
vt 0.558334 0.530000
vt 0.441666 0.030000
vt 0.845000 0.720000
vt 0.558334 0.030000
vt 0.155000 0.530000
vt 0.441666 0.220000
vt 0.845000 0.530000
vt 0.610912 0.243660
vt 0.558334 0.220000
vt 0.441666 0.720000
vt 0.380166 0.504227
vt 0.615608 0.500000
vt 0.155000 0.720000
vt 0.441666 0.970000
vt 0.155000 0.530000
vt 0.389088 0.256340
vt 0.441666 0.280000
vt 0.845000 0.530000
vt 0.558334 0.280000
vt 0.441666 0.780000
vt 0.558334 0.780000
vt 0.345000 0.530000
vt 0.380166 0.504227
vt 0.441666 0.470000
vt 0.845000 0.720000
vt 0.155000 0.530000
vt 0.345000 0.720000
vt 0.345000 0.530000
vt 0.655000 0.530000
vt 0.655000 0.720000
vt 0.345000 0.530000
vt 0.380166 0.504227
vt 0.155000 0.720000
vt 0.441666 0.970000
vt 0.845000 0.720000
vt 0.441666 0.280000
vt 0.845000 0.530000
vt 0.441666 0.470000
vt 0.155000 0.530000
vt 0.845000 0.530000
vt 0.345000 0.720000
vt 0.135331 0.746449
vt 0.135331 0.748222
vt 0.130390 0.748147
vt 0.130172 0.746449
vt 0.135331 0.750000
vt 0.130390 0.750000
vt 0.409091 0.989669
vt 0.409091 1.000000
vt 0.375000 0.994610
vt 0.375000 0.989669
vt 0.409091 0.000000
vt 0.409091 0.001778
vt 0.375000 0.001853
vt 0.375000 0.000000
vt 0.409091 0.003551
vt 0.375000 0.003551
vt 0.125000 0.746449
vt 0.125000 0.748147
vt 0.590909 0.989669
vt 0.607932 0.989669
vt 0.607212 1.000000
vt 0.590909 1.000000
vt 0.625000 0.989669
vt 0.625000 1.000000
vt 0.864669 0.746449
vt 0.875000 0.746449
vt 0.875000 0.748147
vt 0.864669 0.750000
vt 0.625000 0.003551
vt 0.607932 0.003551
vt 0.607212 0.001853
vt 0.625000 0.001853
vt 0.590909 0.003551
vt 0.590909 0.001778
vt 0.590909 0.000000
vt 0.607212 0.000000
vt 0.135331 0.503551
vt 0.130172 0.503551
vt 0.130390 0.501853
vt 0.135331 0.501778
vt 0.125000 0.503551
vt 0.125000 0.501853
vt 0.409091 0.246449
vt 0.409091 0.248222
vt 0.375000 0.248147
vt 0.375000 0.246449
vt 0.409091 0.255172
vt 0.375000 0.255390
vt 0.409091 0.260331
vt 0.375000 0.260331
vt 0.135331 0.500000
vt 0.130390 0.500000
vt 0.864669 0.503551
vt 0.864669 0.500000
vt 0.875000 0.501853
vt 0.875000 0.503551
vt 0.625000 0.260331
vt 0.607932 0.260331
vt 0.607212 0.253809
vt 0.625000 0.248765
vt 0.590909 0.260331
vt 0.590909 0.255172
vt 0.590909 0.248222
vt 0.607212 0.248147
vt 0.590909 0.246449
vt 0.607932 0.246449
vt 0.625000 0.246449
vt 0.364669 0.746449
vt 0.369828 0.746449
vt 0.369610 0.748147
vt 0.364669 0.748222
vt 0.392068 0.746449
vt 0.387661 0.748147
vt 0.409091 0.746449
vt 0.409091 0.748222
vt 0.409091 0.755172
vt 0.372305 0.752695
vt 0.409091 0.760331
vt 0.369835 0.755165
vt 0.635331 0.746449
vt 0.630165 0.755165
vt 0.627695 0.752695
vt 0.630172 0.746449
vt 0.607932 0.760331
vt 0.607212 0.755390
vt 0.590909 0.760331
vt 0.590909 0.755172
vt 0.590909 0.748222
vt 0.607212 0.749290
vt 0.590909 0.746449
vt 0.607932 0.746449
vt 0.364669 0.503551
vt 0.364669 0.501778
vt 0.369610 0.501853
vt 0.369828 0.503551
vt 0.369835 0.494835
vt 0.372305 0.497305
vt 0.409091 0.489669
vt 0.409091 0.494828
vt 0.409091 0.501778
vt 0.387661 0.501853
vt 0.409091 0.503551
vt 0.392068 0.503551
vt 0.635331 0.503551
vt 0.630172 0.503551
vt 0.627695 0.497305
vt 0.630165 0.494835
vt 0.607932 0.503551
vt 0.607212 0.500710
vt 0.590909 0.503551
vt 0.590909 0.501778
vt 0.590909 0.494828
vt 0.607212 0.494610
vt 0.590909 0.489669
vt 0.607932 0.489669
vt 0.135522 0.738345
vt 0.135522 0.742805
vt 0.131394 0.742917
vt 0.131495 0.738345
vt 0.135522 0.750000
vt 0.131604 0.750000
vt 0.125000 0.742685
vt 0.125000 0.738345
vt 0.129447 0.750000
vt 0.388062 0.989478
vt 0.388062 0.993505
vt 0.382938 0.993606
vt 0.383063 0.989478
vt 0.388062 1.000000
vt 0.383198 1.000000
vt 0.375000 0.993396
vt 0.375000 0.989478
vt 0.380521 1.000000
vt 0.388062 0.011655
vt 0.383063 0.011655
vt 0.382938 0.007083
vt 0.388062 0.007195
vt 0.375000 0.011655
vt 0.375000 0.007315
vt 0.383198 0.000000
vt 0.388062 0.000000
vt 0.375000 0.004926
vt 0.611938 0.989478
vt 0.616937 0.989478
vt 0.617062 0.993606
vt 0.611938 0.993505
vt 0.625000 0.989478
vt 0.625000 0.993396
vt 0.616802 1.000000
vt 0.611938 1.000000
vt 0.625000 0.995553
vt 0.864478 0.738345
vt 0.868505 0.738345
vt 0.868606 0.742917
vt 0.864478 0.742805
vt 0.875000 0.738345
vt 0.875000 0.742685
vt 0.868396 0.750000
vt 0.864478 0.750000
vt 0.875000 0.745074
vt 0.611938 0.011655
vt 0.611938 0.007195
vt 0.617062 0.007083
vt 0.616937 0.011655
vt 0.611938 0.000000
vt 0.616802 0.000000
vt 0.625000 0.007315
vt 0.625000 0.011655
vt 0.619480 0.000000
vt 0.135522 0.511655
vt 0.131495 0.511655
vt 0.131394 0.507083
vt 0.135522 0.507195
vt 0.125000 0.511655
vt 0.125000 0.507315
vt 0.131604 0.500000
vt 0.135522 0.500000
vt 0.125000 0.504926
vt 0.388062 0.238345
vt 0.388062 0.242805
vt 0.382938 0.242917
vt 0.383063 0.238345
vt 0.388062 0.250000
vt 0.383198 0.250000
vt 0.375000 0.242685
vt 0.375000 0.238345
vt 0.377760 0.252224
vt 0.388062 0.260522
vt 0.383063 0.260522
vt 0.382938 0.256394
vt 0.388062 0.256495
vt 0.375000 0.260522
vt 0.375000 0.256604
vt 0.864478 0.511655
vt 0.864478 0.507195
vt 0.868606 0.507083
vt 0.868505 0.511655
vt 0.864478 0.500000
vt 0.868396 0.500000
vt 0.875000 0.507315
vt 0.875000 0.511655
vt 0.870553 0.500000
vt 0.611938 0.260522
vt 0.611938 0.256495
vt 0.617062 0.256394
vt 0.616937 0.260522
vt 0.611938 0.250000
vt 0.616802 0.250000
vt 0.625000 0.256604
vt 0.625000 0.260522
vt 0.622240 0.247537
vt 0.611938 0.238345
vt 0.616937 0.238345
vt 0.617062 0.242917
vt 0.611938 0.242805
vt 0.625000 0.238345
vt 0.625000 0.242685
vt 0.364478 0.738345
vt 0.368505 0.738345
vt 0.368606 0.742917
vt 0.364478 0.742805
vt 0.375000 0.738345
vt 0.375000 0.742685
vt 0.371698 0.753302
vt 0.369739 0.755261
vt 0.376840 0.749840
vt 0.388062 0.738345
vt 0.388062 0.742805
vt 0.382938 0.742917
vt 0.383063 0.738345
vt 0.388062 0.750000
vt 0.383198 0.750000
vt 0.388062 0.760522
vt 0.383063 0.760522
vt 0.382938 0.756394
vt 0.388062 0.756495
vt 0.635522 0.738345
vt 0.635522 0.742805
vt 0.631394 0.742917
vt 0.631495 0.738345
vt 0.630261 0.755261
vt 0.628302 0.753302
vt 0.625000 0.742685
vt 0.625000 0.738345
vt 0.624642 0.748358
vt 0.611938 0.760522
vt 0.611938 0.756495
vt 0.617062 0.756394
vt 0.616937 0.760522
vt 0.611938 0.750000
vt 0.616802 0.750000
vt 0.611938 0.738345
vt 0.616937 0.738345
vt 0.617062 0.742917
vt 0.611938 0.742805
vt 0.364478 0.511655
vt 0.364478 0.507195
vt 0.368606 0.507083
vt 0.368505 0.511655
vt 0.369739 0.494739
vt 0.371698 0.496698
vt 0.375000 0.507315
vt 0.375000 0.511655
vt 0.375358 0.501642
vt 0.388062 0.489478
vt 0.388062 0.493505
vt 0.382938 0.493606
vt 0.383063 0.489478
vt 0.388062 0.500000
vt 0.383198 0.500000
vt 0.388062 0.511655
vt 0.383063 0.511655
vt 0.382938 0.507083
vt 0.388062 0.507195
vt 0.635522 0.511655
vt 0.631495 0.511655
vt 0.631394 0.507083
vt 0.635522 0.507195
vt 0.625000 0.511655
vt 0.625000 0.507315
vt 0.628302 0.496698
vt 0.630261 0.494739
vt 0.623160 0.500160
vt 0.611938 0.511655
vt 0.611938 0.507195
vt 0.617062 0.507083
vt 0.616937 0.511655
vt 0.611938 0.500000
vt 0.616802 0.500000
vt 0.611938 0.489478
vt 0.616937 0.489478
vt 0.617062 0.493606
vt 0.611938 0.493505
vt 0.143528 0.625000
vt 0.143528 0.750000
vt 0.132831 0.750000
vt 0.125000 0.625000
vt 0.393528 0.981472
vt 0.393528 1.000000
vt 0.382831 1.000000
vt 0.375000 0.981472
vt 0.393528 0.125000
vt 0.375000 0.125000
vt 0.375000 0.052831
vt 0.393528 0.000000
vt 0.606472 0.981472
vt 0.625000 0.981472
vt 0.625000 0.992169
vt 0.606472 1.000000
vt 0.856472 0.625000
vt 0.875000 0.625000
vt 0.875000 0.697169
vt 0.856472 0.750000
vt 0.606472 0.125000
vt 0.606472 0.000000
vt 0.617169 0.000000
vt 0.625000 0.125000
vt 0.125000 0.552831
vt 0.143528 0.500000
vt 0.393528 0.250000
vt 0.378915 0.253915
vt 0.393528 0.268528
vt 0.375000 0.268528
vt 0.856472 0.500000
vt 0.867169 0.500000
vt 0.875000 0.624998
vt 0.606472 0.268528
vt 0.606472 0.250000
vt 0.621085 0.223585
vt 0.625000 0.268528
vt 0.625000 0.125002
vt 0.356472 0.625000
vt 0.375000 0.625000
vt 0.377610 0.735000
vt 0.365736 0.759264
vt 0.393528 0.625000
vt 0.393528 0.750000
vt 0.393528 0.768528
vt 0.643528 0.625000
vt 0.634264 0.759264
vt 0.625000 0.732390
vt 0.625000 0.625000
vt 0.606472 0.768528
vt 0.606472 0.750000
vt 0.606472 0.625000
vt 0.365736 0.490736
vt 0.375000 0.517610
vt 0.375000 0.624998
vt 0.393528 0.481472
vt 0.393528 0.500000
vt 0.622390 0.515000
vt 0.634264 0.490736
vt 0.606472 0.500000
vt 0.606472 0.481472
vt 0.142756 0.687500
vt 0.142756 0.750000
vt 0.132504 0.750000
vt 0.125000 0.687500
vt 0.392756 0.982244
vt 0.392756 1.000000
vt 0.382504 1.000000
vt 0.375000 0.982244
vt 0.392756 0.062500
vt 0.375000 0.062500
vt 0.375000 0.026416
vt 0.392756 0.000000
vt 0.607244 0.982244
vt 0.625000 0.982244
vt 0.625000 0.992496
vt 0.607244 1.000000
vt 0.857244 0.687500
vt 0.875000 0.687500
vt 0.875000 0.723584
vt 0.857244 0.750000
vt 0.607244 0.062500
vt 0.607244 0.000000
vt 0.617495 0.000000
vt 0.625000 0.062500
vt 0.142756 0.562500
vt 0.125000 0.562500
vt 0.125000 0.526416
vt 0.142756 0.500000
vt 0.392756 0.187500
vt 0.392756 0.250000
vt 0.378752 0.253752
vt 0.375000 0.187500
vt 0.392756 0.267756
vt 0.375000 0.267756
vt 0.857244 0.562500
vt 0.857244 0.500000
vt 0.867496 0.500000
vt 0.875000 0.562500
vt 0.607244 0.267756
vt 0.607244 0.250000
vt 0.621248 0.236792
vt 0.625000 0.267756
vt 0.607244 0.187500
vt 0.625000 0.187500
vt 0.357244 0.687500
vt 0.375000 0.687500
vt 0.377501 0.743696
vt 0.366122 0.758878
vt 0.392756 0.687500
vt 0.392756 0.750000
vt 0.392756 0.767756
vt 0.642756 0.687500
vt 0.633878 0.758878
vt 0.625000 0.741195
vt 0.625000 0.687500
vt 0.607244 0.767756
vt 0.607244 0.750000
vt 0.607244 0.687500
vt 0.357244 0.562500
vt 0.366122 0.491122
vt 0.375000 0.508805
vt 0.375000 0.562500
vt 0.392756 0.482244
vt 0.392756 0.500000
vt 0.392756 0.562500
vt 0.642756 0.562500
vt 0.625000 0.562500
vt 0.622499 0.506304
vt 0.633878 0.491122
vt 0.607244 0.562500
vt 0.607244 0.500000
vt 0.607244 0.482244
vt 0.154593 0.721429
vt 0.154593 0.750000
vt 0.137507 0.750000
vt 0.125000 0.721429
vt 0.404593 0.970407
vt 0.404593 1.000000
vt 0.387508 1.000000
vt 0.375000 0.970407
vt 0.404593 0.028572
vt 0.375000 0.028571
vt 0.375000 0.012075
vt 0.404593 0.000000
vt 0.595407 0.970407
vt 0.625000 0.970407
vt 0.625000 0.987493
vt 0.595408 1.000000
vt 0.845407 0.721429
vt 0.875000 0.721429
vt 0.875000 0.737924
vt 0.845407 0.750000
vt 0.595407 0.028572
vt 0.595408 0.000000
vt 0.612493 0.000000
vt 0.625000 0.028571
vt 0.154593 0.528572
vt 0.125000 0.528571
vt 0.125000 0.512076
vt 0.154593 0.500000
vt 0.404593 0.221428
vt 0.404593 0.250000
vt 0.381254 0.256254
vt 0.375000 0.221428
vt 0.404593 0.279593
vt 0.375000 0.279593
vt 0.845407 0.528572
vt 0.845407 0.500000
vt 0.862493 0.500000
vt 0.875000 0.528571
vt 0.595407 0.279593
vt 0.595408 0.250000
vt 0.618746 0.243962
vt 0.625000 0.279593
vt 0.595407 0.221428
vt 0.625000 0.221428
vt 0.345407 0.721429
vt 0.375000 0.721429
vt 0.379169 0.750144
vt 0.360204 0.764796
vt 0.404593 0.721429
vt 0.404593 0.750000
vt 0.404593 0.779593
vt 0.654593 0.721429
vt 0.639796 0.764796
vt 0.625000 0.745975
vt 0.625000 0.721429
vt 0.595407 0.779593
vt 0.595408 0.750000
vt 0.595407 0.721428
vt 0.345407 0.528572
vt 0.360204 0.485204
vt 0.375000 0.504025
vt 0.375000 0.528571
vt 0.404593 0.470407
vt 0.404593 0.500000
vt 0.404593 0.528571
vt 0.654593 0.528572
vt 0.625000 0.528571
vt 0.620831 0.499856
vt 0.639796 0.485204
vt 0.595407 0.528572
vt 0.595408 0.500000
vt 0.595407 0.470407
vt 0.167275 0.732639
vt 0.167275 0.750000
vt 0.125000 0.732639
vt 0.582725 0.957725
vt 0.625000 0.957725
vt 0.582725 1.000000
vt 0.167275 0.517361
vt 0.125000 0.517361
vt 0.167275 0.500000
vt 0.625000 0.272397
vt 0.582725 0.292275
vt 0.582725 0.236979
vt 0.332725 0.732639
vt 0.406707 0.732639
vt 0.375000 0.771138
vt 0.646138 0.762457
vt 0.582725 0.792275
vt 0.582725 0.736979
vt 0.332725 0.517361
vt 0.375000 0.478862
vt 0.406707 0.517361
vt 0.646138 0.502452
vt 0.582725 0.517361
vt 0.582725 0.468293
vt 0.417275 0.000000
vt 0.582725 0.000000
vt 0.582725 0.017361
vt 0.417275 0.017361
vt 0.625000 0.017361
vt 0.417275 0.292275
vt 0.417275 0.232639
vt 0.417275 0.957725
vt 0.832725 0.517361
vt 0.832725 0.732639
vt 0.143528 0.750000
vt 0.132831 0.750000
vt 0.375000 0.981472
vt 0.625000 0.992169
vt 0.143528 0.500000
vt 0.378915 0.253915
vt 0.867169 0.500000
vt 0.625000 0.268528
vt 0.365736 0.759264
vt 0.365736 0.490736
vt 0.375000 0.517610
vt 0.622390 0.515000
vt 0.142756 0.687500
vt 0.392756 0.982244
vt 0.607244 0.982244
vt 0.857244 0.687500
vt 0.142756 0.562500
vt 0.392756 0.267756
vt 0.857244 0.562500
vt 0.607244 0.267756
vt 0.357244 0.687500
vt 0.392756 0.767756
vt 0.642756 0.687500
vt 0.607244 0.767756
vt 0.357244 0.562500
vt 0.392756 0.482244
vt 0.642756 0.562500
vt 0.607244 0.482244
vt 0.154593 0.721429
vt 0.154593 0.750000
vt 0.137507 0.750000
vt 0.404593 0.970407
vt 0.375000 0.970407
vt 0.595407 0.970407
vt 0.625000 0.970407
vt 0.595408 1.000000
vt 0.845407 0.750000
vt 0.154593 0.528571
vt 0.154593 0.500000
vt 0.404593 0.279593
vt 0.375000 0.279593
vt 0.845407 0.528571
vt 0.845407 0.500000
vt 0.862493 0.500000
vt 0.595407 0.279593
vt 0.595408 0.250000
vt 0.625000 0.279593
vt 0.345407 0.721428
vt 0.379169 0.750144
vt 0.360204 0.764796
vt 0.404593 0.779593
vt 0.654593 0.721428
vt 0.625000 0.745975
vt 0.595408 0.750000
vt 0.345407 0.528571
vt 0.404593 0.470407
vt 0.654593 0.528571
vt 0.620831 0.499856
vt 0.639796 0.485204
vt 0.595407 0.470407
vt 0.375000 0.478862
vt 0.133418 0.714286
vt 0.133418 0.750000
vt 0.128558 0.750000
vt 0.125000 0.714286
vt 0.406250 0.991583
vt 0.406250 1.000000
vt 0.388208 1.000000
vt 0.375000 0.991582
vt 0.406250 0.035714
vt 0.375000 0.035714
vt 0.375000 0.015095
vt 0.406250 0.000000
vt 0.593750 0.991582
vt 0.625000 0.991583
vt 0.625000 0.996442
vt 0.593750 1.000000
vt 0.866583 0.714286
vt 0.875000 0.714285
vt 0.875000 0.734905
vt 0.866583 0.750000
vt 0.593750 0.035714
vt 0.593750 0.000000
vt 0.611792 0.000000
vt 0.625000 0.035714
vt 0.133418 0.535714
vt 0.125000 0.535714
vt 0.125000 0.515095
vt 0.133418 0.500000
vt 0.406250 0.214286
vt 0.406250 0.250000
vt 0.381604 0.251779
vt 0.375000 0.214286
vt 0.406250 0.258418
vt 0.375000 0.258417
vt 0.866582 0.535714
vt 0.866583 0.500000
vt 0.871442 0.500000
vt 0.875000 0.535714
vt 0.593750 0.258418
vt 0.593750 0.250000
vt 0.618396 0.242453
vt 0.625000 0.258418
vt 0.593750 0.214286
vt 0.625000 0.214286
vt 0.366582 0.714286
vt 0.375000 0.714286
vt 0.379403 0.746154
vt 0.370791 0.754209
vt 0.406250 0.714286
vt 0.406250 0.750000
vt 0.406250 0.758417
vt 0.633417 0.714286
vt 0.629209 0.754209
vt 0.621783 0.744968
vt 0.625000 0.714285
vt 0.593750 0.758418
vt 0.593750 0.750000
vt 0.593750 0.714286
vt 0.366582 0.535714
vt 0.370791 0.495791
vt 0.378217 0.505032
vt 0.375000 0.535714
vt 0.406250 0.491582
vt 0.406250 0.500000
vt 0.406250 0.535714
vt 0.633417 0.535714
vt 0.625000 0.535714
vt 0.620597 0.503846
vt 0.629209 0.495791
vt 0.593750 0.535714
vt 0.593750 0.500000
vt 0.593750 0.491582
vt 0.160714 0.700000
vt 0.160714 0.750000
vt 0.140095 0.750000
vt 0.125000 0.699999
vt 0.400000 0.964286
vt 0.400000 1.000000
vt 0.385566 1.000000
vt 0.375000 0.964286
vt 0.400000 0.050000
vt 0.375000 0.050001
vt 0.375000 0.021133
vt 0.400000 0.000000
vt 0.600000 0.964286
vt 0.625000 0.964286
vt 0.625000 0.984905
vt 0.600000 1.000000
vt 0.839286 0.700000
vt 0.875000 0.699999
vt 0.875000 0.728867
vt 0.839286 0.750000
vt 0.600000 0.050000
vt 0.600000 0.000000
vt 0.614434 0.000000
vt 0.625000 0.050001
vt 0.160714 0.550000
vt 0.125000 0.550001
vt 0.125000 0.521133
vt 0.160714 0.500000
vt 0.400000 0.200000
vt 0.400000 0.250000
vt 0.380283 0.257547
vt 0.375000 0.199999
vt 0.400000 0.285714
vt 0.375000 0.285714
vt 0.839286 0.550000
vt 0.839286 0.500000
vt 0.859905 0.500000
vt 0.875000 0.550001
vt 0.600000 0.285714
vt 0.600000 0.250000
vt 0.619717 0.239434
vt 0.625000 0.285714
vt 0.600000 0.200000
vt 0.625000 0.199999
vt 0.339286 0.700000
vt 0.375000 0.699999
vt 0.378522 0.747987
vt 0.357143 0.767857
vt 0.400000 0.700000
vt 0.400000 0.750000
vt 0.400000 0.785714
vt 0.660714 0.700000
vt 0.642857 0.767857
vt 0.626510 0.742956
vt 0.625000 0.699999
vt 0.600000 0.785714
vt 0.600000 0.750000
vt 0.600000 0.700000
vt 0.339286 0.550000
vt 0.357143 0.482143
vt 0.373491 0.507044
vt 0.375000 0.550001
vt 0.400000 0.464286
vt 0.400000 0.500000
vt 0.400000 0.550000
vt 0.660714 0.550000
vt 0.625000 0.550001
vt 0.621478 0.502013
vt 0.642857 0.482143
vt 0.600000 0.550000
vt 0.600000 0.500000
vt 0.600000 0.464286
vt 0.160714 0.700000
vt 0.160714 0.750000
vt 0.400000 0.964286
vt 0.385566 1.000000
vt 0.375000 0.964286
vt 0.600000 0.964286
vt 0.839286 0.700000
vt 0.160714 0.500000
vt 0.380283 0.257547
vt 0.400000 0.285714
vt 0.375000 0.285714
vt 0.839286 0.500000
vt 0.600000 0.285714
vt 0.339286 0.700000
vt 0.357143 0.767857
vt 0.400000 0.785714
vt 0.660714 0.700000
vt 0.642857 0.767857
vt 0.626509 0.742956
vt 0.600000 0.785714
vt 0.339286 0.550000
vt 0.357143 0.482143
vt 0.373491 0.507044
vt 0.400000 0.464286
vt 0.660714 0.550000
vt 0.600000 0.464286
vt 0.160714 0.700000
vt 0.839286 0.700000
vt 0.839286 0.750000
vt 0.160714 0.550000
vt 0.160714 0.500000
vt 0.400000 0.285714
vt 0.600000 0.285714
vt 0.600000 0.250000
vt 0.625000 0.285714
vt 0.339286 0.700000
vt 0.400000 0.785714
vt 0.660714 0.700000
vt 0.642857 0.767857
vt 0.600000 0.785714
vt 0.339286 0.550000
vt 0.660714 0.550000
vt 0.600000 0.464286
vt 0.160714 0.700000
vt 0.140095 0.750000
vt 0.600000 0.964286
vt 0.160714 0.550000
vt 0.839286 0.550000
vt 0.859905 0.500000
vt 0.373491 0.507044
vt 0.160714 0.700000
vt 0.160714 0.750000
vt 0.600000 0.285714
vt 0.339286 0.700000
vt 0.400000 0.785714
vt 0.660714 0.700000
vt 0.339286 0.550000
vt 0.400000 0.464286
vt 0.642857 0.482143
vt 0.375000 0.285714
vt 0.357143 0.767857
vt 0.642857 0.482143
vt 0.175000 0.650000
vt 0.175000 0.750000
vt 0.125000 0.650000
vt 0.613889 0.950000
vt 0.625000 0.950000
vt 0.613889 1.000000
vt 0.175000 0.600000
vt 0.125000 0.600000
vt 0.175000 0.500000
vt 0.625000 0.250000
vt 0.613889 0.300000
vt 0.613889 0.175000
vt 0.325000 0.650000
vt 0.383333 0.650000
vt 0.355555 0.775000
vt 0.650000 0.725000
vt 0.613889 0.800000
vt 0.613889 0.675000
vt 0.325000 0.600000
vt 0.355555 0.475000
vt 0.383333 0.600000
vt 0.650000 0.562500
vt 0.613889 0.600000
vt 0.613889 0.462500
vt 0.386111 0.000000
vt 0.613889 0.000000
vt 0.613889 0.100000
vt 0.386111 0.100000
vt 0.625000 0.100000
vt 0.386111 0.300000
vt 0.386111 0.150000
vt 0.386111 0.950000
vt 0.825000 0.600000
vt 0.825000 0.650000
vt 0.355555 0.475000
vt 0.613889 0.175000
vt 0.177083 0.734375
vt 0.177083 0.742177
vt 0.152176 0.741847
vt 0.151076 0.734375
vt 0.177083 0.750000
vt 0.152176 0.750000
vt 0.382284 0.947917
vt 0.382284 0.973924
vt 0.375000 0.972824
vt 0.375000 0.947917
vt 0.382284 1.000000
vt 0.375000 1.000000
vt 0.382284 0.015625
vt 0.375000 0.015625
vt 0.375000 0.008153
vt 0.382284 0.000000
vt 0.125000 0.734375
vt 0.125000 0.741847
vt 0.617716 0.947917
vt 0.621353 0.947917
vt 0.621199 0.972824
vt 0.617716 0.973924
vt 0.625000 0.947917
vt 0.625000 0.972824
vt 0.822917 0.734375
vt 0.875000 0.734375
vt 0.847824 0.750000
vt 0.822917 0.750000
vt 0.625000 0.015625
vt 0.621353 0.015625
vt 0.621199 0.000000
vt 0.625000 0.000000
vt 0.617716 0.015625
vt 0.617716 0.000000
vt 0.617716 1.000000
vt 0.621199 1.000000
vt 0.177083 0.515625
vt 0.151076 0.515625
vt 0.152176 0.508153
vt 0.177083 0.507823
vt 0.125000 0.515625
vt 0.125000 0.508153
vt 0.382284 0.234375
vt 0.382284 0.242177
vt 0.375000 0.241847
vt 0.375000 0.234375
vt 0.382284 0.276076
vt 0.375000 0.277176
vt 0.382284 0.302083
vt 0.375000 0.302083
vt 0.177083 0.500000
vt 0.152176 0.500000
vt 0.822917 0.515625
vt 0.822917 0.500000
vt 0.875000 0.508153
vt 0.875000 0.515625
vt 0.625000 0.302083
vt 0.621353 0.302083
vt 0.621199 0.269354
vt 0.625000 0.244565
vt 0.617716 0.302083
vt 0.617716 0.276076
vt 0.617716 0.242177
vt 0.621199 0.241847
vt 0.617716 0.234375
vt 0.621353 0.234375
vt 0.625000 0.234375
vt 0.322917 0.734375
vt 0.348924 0.734375
vt 0.347824 0.741847
vt 0.322917 0.742177
vt 0.378647 0.734375
vt 0.374421 0.741847
vt 0.382284 0.734375
vt 0.382284 0.742177
vt 0.382284 0.776076
vt 0.361412 0.763588
vt 0.382284 0.802083
vt 0.348958 0.776042
vt 0.677083 0.734375
vt 0.651042 0.776042
vt 0.638588 0.763588
vt 0.651076 0.734375
vt 0.621353 0.802083
vt 0.621199 0.777177
vt 0.617716 0.802083
vt 0.617715 0.776076
vt 0.617716 0.742177
vt 0.621199 0.747315
vt 0.617716 0.734375
vt 0.621353 0.734375
vt 0.322917 0.515625
vt 0.322917 0.507823
vt 0.347824 0.508153
vt 0.348924 0.515625
vt 0.348958 0.473958
vt 0.361412 0.486412
vt 0.382284 0.447917
vt 0.382284 0.473924
vt 0.382284 0.507823
vt 0.374421 0.508153
vt 0.382284 0.515625
vt 0.378647 0.515625
vt 0.677083 0.515625
vt 0.651076 0.515625
vt 0.637629 0.499321
vt 0.651042 0.473958
vt 0.621353 0.515625
vt 0.621199 0.508153
vt 0.617716 0.515625
vt 0.617716 0.507823
vt 0.617716 0.473924
vt 0.621199 0.480646
vt 0.617716 0.447917
vt 0.621353 0.447917
vt 0.187500 0.730000
vt 0.187500 0.750000
vt 0.151416 0.750000
vt 0.125000 0.730000
vt 0.385822 0.937500
vt 0.385823 1.000000
vt 0.379574 1.000000
vt 0.375000 0.937500
vt 0.385823 0.020000
vt 0.375000 0.020000
vt 0.375000 0.008453
vt 0.385823 0.000000
vt 0.614177 0.937500
vt 0.625000 0.937500
vt 0.625000 0.973584
vt 0.614177 1.000000
vt 0.812500 0.730000
vt 0.875000 0.730000
vt 0.875000 0.741547
vt 0.812500 0.750000
vt 0.614177 0.020000
vt 0.614177 0.000000
vt 0.620426 0.000000
vt 0.625000 0.020000
vt 0.187500 0.520000
vt 0.125000 0.520000
vt 0.125000 0.508453
vt 0.187500 0.500000
vt 0.385822 0.230000
vt 0.385823 0.250000
vt 0.377287 0.263208
vt 0.375000 0.230000
vt 0.385823 0.312500
vt 0.375000 0.312500
vt 0.812500 0.520000
vt 0.812500 0.500000
vt 0.848584 0.500000
vt 0.875000 0.520000
vt 0.614178 0.312500
vt 0.614177 0.250000
vt 0.622713 0.245773
vt 0.625000 0.312500
vt 0.614178 0.230000
vt 0.625000 0.230000
vt 0.312500 0.730000
vt 0.375000 0.730000
vt 0.376525 0.755988
vt 0.343750 0.781250
vt 0.385822 0.730000
vt 0.385823 0.750000
vt 0.385823 0.812500
vt 0.687500 0.730000
vt 0.656250 0.781250
vt 0.632280 0.747182
vt 0.625000 0.730000
vt 0.614178 0.812500
vt 0.614177 0.750000
vt 0.614178 0.730000
vt 0.312500 0.520000
vt 0.343750 0.468750
vt 0.367720 0.502818
vt 0.375000 0.520000
vt 0.385822 0.437500
vt 0.385823 0.500000
vt 0.385822 0.520000
vt 0.687500 0.520000
vt 0.625000 0.520000
vt 0.623475 0.494012
vt 0.656250 0.468750
vt 0.614178 0.520000
vt 0.614177 0.500000
vt 0.614177 0.437500
vt 0.187500 0.732143
vt 0.187500 0.741060
vt 0.157612 0.740683
vt 0.156291 0.732143
vt 0.157612 0.750000
vt 0.383609 0.937500
vt 0.383609 1.000000
vt 0.375000 0.967388
vt 0.383609 0.000000
vt 0.383609 0.008940
vt 0.375000 0.009317
vt 0.383609 0.017857
vt 0.375000 0.017857
vt 0.125000 0.732143
vt 0.125000 0.740683
vt 0.616391 0.937500
vt 0.620690 0.937500
vt 0.620508 1.000000
vt 0.616391 1.000000
vt 0.812500 0.732143
vt 0.875000 0.732143
vt 0.875000 0.740683
vt 0.625000 0.017857
vt 0.620690 0.017857
vt 0.620508 0.009317
vt 0.625000 0.009317
vt 0.616391 0.017857
vt 0.616391 0.008940
vt 0.616391 0.000000
vt 0.620508 0.000000
vt 0.187500 0.517857
vt 0.156291 0.517857
vt 0.157612 0.509318
vt 0.187500 0.508940
vt 0.125000 0.517857
vt 0.125000 0.509318
vt 0.383609 0.232143
vt 0.383609 0.241060
vt 0.375000 0.240682
vt 0.375000 0.232143
vt 0.383609 0.281291
vt 0.375000 0.282612
vt 0.383609 0.312500
vt 0.187500 0.500000
vt 0.157612 0.500000
vt 0.812500 0.517857
vt 0.875000 0.509318
vt 0.875000 0.517857
vt 0.620690 0.312500
vt 0.620508 0.273283
vt 0.625000 0.243788
vt 0.616391 0.312500
vt 0.616391 0.281291
vt 0.616391 0.241060
vt 0.620508 0.240682
vt 0.616391 0.232143
vt 0.620690 0.232143
vt 0.625000 0.232143
vt 0.312500 0.732143
vt 0.343709 0.732143
vt 0.342388 0.740682
vt 0.312500 0.741060
vt 0.379310 0.732143
vt 0.374254 0.740682
vt 0.383609 0.732143
vt 0.383609 0.741060
vt 0.383609 0.781291
vt 0.358694 0.766306
vt 0.383609 0.812500
vt 0.687500 0.732143
vt 0.641306 0.766306
vt 0.656291 0.732143
vt 0.620690 0.812500
vt 0.620508 0.782612
vt 0.616391 0.812500
vt 0.616391 0.781291
vt 0.616391 0.741060
vt 0.620508 0.747127
vt 0.616391 0.732143
vt 0.620690 0.732143
vt 0.312500 0.517857
vt 0.312500 0.508940
vt 0.342388 0.509318
vt 0.343709 0.517857
vt 0.358694 0.483694
vt 0.383609 0.437500
vt 0.383609 0.468709
vt 0.383609 0.508940
vt 0.374254 0.509318
vt 0.383609 0.517857
vt 0.379310 0.517857
vt 0.687500 0.517857
vt 0.656291 0.517857
vt 0.641306 0.483694
vt 0.620690 0.517857
vt 0.620508 0.502873
vt 0.616391 0.517857
vt 0.616391 0.508940
vt 0.616391 0.468709
vt 0.620508 0.467388
vt 0.616391 0.437500
vt 0.620690 0.437500
vt 0.187500 0.729167
vt 0.187500 0.739570
vt 0.157612 0.739129
vt 0.156291 0.729167
vt 0.386837 0.937500
vt 0.386837 1.000000
vt 0.375000 0.967388
vt 0.386837 0.000000
vt 0.386837 0.010430
vt 0.375000 0.010871
vt 0.386837 0.020833
vt 0.375000 0.020833
vt 0.125000 0.729167
vt 0.125000 0.739129
vt 0.613163 0.937500
vt 0.619074 0.937500
vt 0.618824 1.000000
vt 0.613163 1.000000
vt 0.812500 0.729167
vt 0.875000 0.729167
vt 0.875000 0.739129
vt 0.625000 0.020833
vt 0.619074 0.020833
vt 0.618824 0.010871
vt 0.625000 0.010871
vt 0.613163 0.020833
vt 0.613163 0.010430
vt 0.613163 0.000000
vt 0.618824 0.000000
vt 0.187500 0.520833
vt 0.156291 0.520833
vt 0.157612 0.510871
vt 0.187500 0.510430
vt 0.125000 0.520833
vt 0.125000 0.510871
vt 0.386837 0.229167
vt 0.386837 0.239570
vt 0.375000 0.239129
vt 0.375000 0.229167
vt 0.386837 0.281291
vt 0.386837 0.312500
vt 0.812500 0.520833
vt 0.875000 0.510871
vt 0.875000 0.520833
vt 0.619074 0.312500
vt 0.618824 0.273087
vt 0.625000 0.242753
vt 0.613163 0.312500
vt 0.613163 0.281291
vt 0.613163 0.239570
vt 0.618823 0.239129
vt 0.613163 0.229167
vt 0.619074 0.229167
vt 0.625000 0.229167
vt 0.312500 0.729167
vt 0.343709 0.729167
vt 0.342388 0.739129
vt 0.312500 0.739570
vt 0.380926 0.729167
vt 0.375517 0.739129
vt 0.386837 0.729167
vt 0.386837 0.739570
vt 0.386837 0.781291
vt 0.386837 0.812500
vt 0.687500 0.729167
vt 0.656291 0.729167
vt 0.619074 0.812500
vt 0.618824 0.782612
vt 0.613163 0.812500
vt 0.613163 0.781291
vt 0.613163 0.739570
vt 0.618823 0.745962
vt 0.613163 0.729167
vt 0.619074 0.729167
vt 0.312500 0.520833
vt 0.312500 0.510430
vt 0.342388 0.510871
vt 0.343709 0.520833
vt 0.358694 0.483694
vt 0.386837 0.437500
vt 0.386837 0.468709
vt 0.386837 0.510430
vt 0.375517 0.510871
vt 0.386837 0.520833
vt 0.380926 0.520833
vt 0.687500 0.520833
vt 0.656291 0.520833
vt 0.619074 0.520833
vt 0.618824 0.504038
vt 0.613163 0.520833
vt 0.613163 0.510430
vt 0.613163 0.468709
vt 0.618824 0.467388
vt 0.613163 0.437500
vt 0.619074 0.437500
vt 0.131887 0.708333
vt 0.131887 0.750000
vt 0.127911 0.750000
vt 0.125000 0.708333
vt 0.395000 0.993113
vt 0.395000 1.000000
vt 0.383453 1.000000
vt 0.375000 0.993113
vt 0.395000 0.041667
vt 0.375000 0.041667
vt 0.375000 0.017610
vt 0.395000 0.000000
vt 0.605000 0.993113
vt 0.625000 0.993113
vt 0.625000 0.997089
vt 0.605000 1.000000
vt 0.868113 0.708333
vt 0.875000 0.708333
vt 0.875000 0.732390
vt 0.868113 0.750000
vt 0.605000 0.041667
vt 0.605000 0.000000
vt 0.616547 0.000000
vt 0.625000 0.041667
vt 0.131887 0.541667
vt 0.125000 0.541667
vt 0.125000 0.517610
vt 0.131887 0.500000
vt 0.395000 0.208333
vt 0.395000 0.250000
vt 0.379227 0.251455
vt 0.375000 0.208333
vt 0.395000 0.256887
vt 0.375000 0.256887
vt 0.868113 0.541667
vt 0.868113 0.500000
vt 0.872089 0.500000
vt 0.875000 0.541667
vt 0.605000 0.256887
vt 0.605000 0.250000
vt 0.620773 0.241195
vt 0.625000 0.256887
vt 0.605000 0.208333
vt 0.625000 0.208333
vt 0.368113 0.708333
vt 0.375000 0.708333
vt 0.377818 0.745100
vt 0.371556 0.753443
vt 0.395000 0.708333
vt 0.395000 0.750000
vt 0.395000 0.756887
vt 0.631887 0.708333
vt 0.628443 0.753444
vt 0.623153 0.744130
vt 0.625000 0.708333
vt 0.605000 0.756887
vt 0.605000 0.750000
vt 0.605000 0.708333
vt 0.368113 0.541667
vt 0.371556 0.496556
vt 0.376847 0.505870
vt 0.375000 0.541667
vt 0.395000 0.493113
vt 0.395000 0.500000
vt 0.395000 0.541667
vt 0.631887 0.541667
vt 0.625000 0.541667
vt 0.622182 0.504900
vt 0.628443 0.496557
vt 0.605000 0.541667
vt 0.605000 0.500000
vt 0.605000 0.493113
vt 0.131887 0.708333
vt 0.131887 0.750000
vt 0.127911 0.750000
vt 0.395000 0.993113
vt 0.395000 1.000000
vt 0.375000 0.993113
vt 0.395000 0.041667
vt 0.375000 0.041667
vt 0.375000 0.017610
vt 0.605000 0.993113
vt 0.625000 0.997089
vt 0.868113 0.708333
vt 0.875000 0.732390
vt 0.605000 0.041667
vt 0.616547 0.000000
vt 0.625000 0.041667
vt 0.131887 0.541667
vt 0.125000 0.541667
vt 0.125000 0.517610
vt 0.131887 0.500000
vt 0.395000 0.208333
vt 0.375000 0.208333
vt 0.868113 0.541667
vt 0.868113 0.500000
vt 0.875000 0.541667
vt 0.605000 0.256887
vt 0.605000 0.250000
vt 0.620774 0.241195
vt 0.625000 0.256887
vt 0.625000 0.208333
vt 0.368113 0.708333
vt 0.395000 0.708333
vt 0.395000 0.756887
vt 0.631887 0.708333
vt 0.628443 0.753443
vt 0.623153 0.744130
vt 0.625000 0.708333
vt 0.605000 0.708333
vt 0.368113 0.541667
vt 0.371557 0.496556
vt 0.376847 0.505870
vt 0.395000 0.493113
vt 0.395000 0.500000
vt 0.395000 0.541667
vt 0.631887 0.541667
vt 0.622182 0.504900
vt 0.628443 0.496556
vt 0.605000 0.541667
vt 0.605000 0.500000
vt 0.605000 0.493113
vt 1.000000 0.511111
vt 0.950000 0.511111
vt 0.950000 0.500000
vt 0.998147 0.500000
vt 0.750000 0.489565
vt 0.824030 0.477839
vt 0.805392 0.420479
vt 0.750000 0.429252
vt 0.950000 0.988889
vt 1.000000 0.988889
vt 0.998147 1.000000
vt 0.950000 1.000000
vt 0.324030 0.477839
vt 0.250000 0.489565
vt 0.250000 0.429252
vt 0.305392 0.420479
vt 0.900000 0.511111
vt 0.900000 0.500000
vt 0.890813 0.443812
vt 0.855362 0.395018
vt 0.900000 0.988889
vt 0.900000 1.000000
vt 0.390812 0.443812
vt 0.355362 0.395018
vt 0.850000 0.511111
vt 0.850000 0.500000
vt 0.943812 0.390813
vt 0.895018 0.355362
vt 0.850000 0.988889
vt 0.850000 1.000000
vt 0.443812 0.390812
vt 0.395018 0.355362
vt 0.800000 0.511111
vt 0.800000 0.500000
vt 0.977839 0.324030
vt 0.920479 0.305392
vt 0.800000 0.988889
vt 0.800000 1.000000
vt 0.477839 0.324029
vt 0.420479 0.305392
vt 0.750000 0.511111
vt 0.750000 0.500000
vt 0.989565 0.250000
vt 0.929252 0.250000
vt 0.750000 0.988889
vt 0.750000 1.000000
vt 0.489565 0.250000
vt 0.429252 0.250000
vt 0.700000 0.511111
vt 0.700000 0.500000
vt 0.977840 0.175971
vt 0.920479 0.194608
vt 0.700000 0.988889
vt 0.700000 1.000000
vt 0.477839 0.175970
vt 0.420479 0.194608
vt 0.650000 0.511111
vt 0.650000 0.500000
vt 0.943812 0.109188
vt 0.895018 0.144638
vt 0.650000 0.988889
vt 0.650000 1.000000
vt 0.443812 0.109187
vt 0.395018 0.144638
vt 0.600000 0.511111
vt 0.600000 0.500000
vt 0.890812 0.056188
vt 0.855362 0.104982
vt 0.600000 0.988889
vt 0.600000 1.000000
vt 0.390813 0.056188
vt 0.355362 0.104982
vt 0.550000 0.511111
vt 0.550000 0.500000
vt 0.824030 0.022161
vt 0.805392 0.079521
vt 0.550000 0.988889
vt 0.550000 1.000000
vt 0.324030 0.022161
vt 0.305392 0.079521
vt 0.500000 0.511111
vt 0.500000 0.500000
vt 0.750000 0.010435
vt 0.750000 0.070748
vt 0.500000 0.988889
vt 0.500000 1.000000
vt 0.250000 0.010435
vt 0.250000 0.070748
vt 0.450000 0.511111
vt 0.450000 0.500000
vt 0.675970 0.022161
vt 0.694608 0.079521
vt 0.450000 0.988889
vt 0.450000 1.000000
vt 0.175970 0.022161
vt 0.194608 0.079521
vt 0.400000 0.511111
vt 0.609188 0.056188
vt 0.644638 0.104982
vt 0.400000 0.988889
vt 0.400000 1.000000
vt 0.109187 0.056188
vt 0.144638 0.104982
vt 0.350000 0.511111
vt 0.350000 0.500000
vt 0.556188 0.109188
vt 0.604982 0.144638
vt 0.350000 0.988889
vt 0.350000 1.000000
vt 0.056188 0.109187
vt 0.104982 0.144638
vt 0.300000 0.511111
vt 0.300000 0.500000
vt 0.522161 0.175971
vt 0.579521 0.194608
vt 0.300000 0.988889
vt 0.300000 1.000000
vt 0.022161 0.175970
vt 0.079521 0.194608
vt 0.250000 0.511111
vt 0.250000 0.500000
vt 0.510435 0.250000
vt 0.570748 0.250000
vt 0.250000 0.988889
vt 0.250000 1.000000
vt 0.010435 0.250000
vt 0.070748 0.250000
vt 0.200000 0.511111
vt 0.200000 0.500000
vt 0.522161 0.324030
vt 0.579521 0.305392
vt 0.200000 0.988889
vt 0.200000 1.000000
vt 0.022161 0.324029
vt 0.079521 0.305392
vt 0.150000 0.511111
vt 0.150000 0.500000
vt 0.556188 0.390813
vt 0.604982 0.355362
vt 0.150000 0.988889
vt 0.150000 1.000000
vt 0.056188 0.390812
vt 0.104982 0.355362
vt 0.100000 0.511111
vt 0.100000 0.500000
vt 0.609187 0.443812
vt 0.644638 0.395018
vt 0.100000 0.988889
vt 0.100000 1.000000
vt 0.109188 0.443812
vt 0.144638 0.395018
vt 0.050000 0.511111
vt 0.050000 0.500000
vt 0.675970 0.477839
vt 0.694608 0.420479
vt 0.050000 0.988889
vt 0.050000 1.000000
vt 0.175970 0.477839
vt 0.194608 0.420479
vt -0.000000 0.511111
vt 0.001853 0.500000
vt -0.000000 0.988889
vt 0.001853 1.000000
vt 0.750000 0.300000
vt 0.750000 0.400000
vt 0.687500 0.400000
vt 0.687500 0.300000
vt 0.750000 0.600000
vt 0.750000 0.700000
vt 0.687500 0.700000
vt 0.687500 0.600000
vt 0.750000 0.900000
vt 0.718750 1.000000
vt 0.687500 0.900000
vt 0.750000 0.200000
vt 0.687500 0.200000
vt 0.750000 0.500000
vt 0.687500 0.500000
vt 0.750000 0.800000
vt 0.687500 0.800000
vt 0.750000 0.100000
vt 0.687500 0.100000
vt 0.718750 0.000000
vt 0.625000 0.700000
vt 0.625000 0.600000
vt 0.656250 1.000000
vt 0.625000 0.900000
vt 0.625000 0.300000
vt 0.625000 0.200000
vt 0.625000 0.500000
vt 0.625000 0.800000
vt 0.625000 0.100000
vt 0.625000 0.400000
vt 0.656250 0.000000
vt 0.593750 0.000000
vt 0.562500 0.100000
vt 0.562500 0.400000
vt 0.562500 0.300000
vt 0.562500 0.700000
vt 0.562500 0.600000
vt 0.562500 0.900000
vt 0.562500 0.200000
vt 0.562500 0.500000
vt 0.562500 0.800000
vt 0.500000 0.500000
vt 0.500000 0.400000
vt 0.500000 0.800000
vt 0.500000 0.700000
vt 0.531250 0.000000
vt 0.500000 0.100000
vt 0.500000 0.300000
vt 0.500000 0.600000
vt 0.531250 1.000000
vt 0.500000 0.900000
vt 0.500000 0.200000
vt 0.437500 0.900000
vt 0.437500 0.800000
vt 0.437500 0.200000
vt 0.437500 0.100000
vt 0.437500 0.500000
vt 0.437500 0.400000
vt 0.437500 0.700000
vt 0.468750 0.000000
vt 0.437500 0.300000
vt 0.437500 0.600000
vt 0.468750 1.000000
vt 0.375000 0.600000
vt 0.375000 0.500000
vt 0.375000 0.900000
vt 0.375000 0.800000
vt 0.375000 0.200000
vt 0.375000 0.100000
vt 0.375000 0.400000
vt 0.375000 0.700000
vt 0.406250 0.000000
vt 0.375000 0.300000
vt 0.406250 1.000000
vt 0.343750 1.000000
vt 0.312500 0.900000
vt 0.312500 0.300000
vt 0.312500 0.200000
vt 0.312500 0.600000
vt 0.312500 0.500000
vt 0.312500 0.800000
vt 0.312500 0.100000
vt 0.312500 0.400000
vt 0.312500 0.700000
vt 0.343750 0.000000
vt 0.250000 0.400000
vt 0.250000 0.300000
vt 0.250000 0.700000
vt 0.250000 0.600000
vt 0.281250 1.000000
vt 0.250000 0.900000
vt 0.250000 0.200000
vt 0.250000 0.500000
vt 0.250000 0.800000
vt 0.250000 0.100000
vt 0.281250 0.000000
vt 0.187500 0.800000
vt 0.187500 0.700000
vt 0.218750 0.000000
vt 0.187500 0.100000
vt 0.187500 0.400000
vt 0.187500 0.300000
vt 0.187500 0.600000
vt 0.218750 1.000000
vt 0.187500 0.900000
vt 0.187500 0.200000
vt 0.187500 0.500000
vt 0.125000 0.500000
vt 0.125000 0.400000
vt 0.125000 0.800000
vt 0.125000 0.700000
vt 0.156250 0.000000
vt 0.125000 0.100000
vt 0.125000 0.300000
vt 0.125000 0.600000
vt 0.156250 1.000000
vt 0.125000 0.900000
vt 0.125000 0.200000
vt 0.062500 0.900000
vt 0.062500 0.800000
vt 0.062500 0.200000
vt 0.062500 0.100000
vt 0.062500 0.500000
vt 0.062500 0.400000
vt 0.062500 0.700000
vt 0.093750 0.000000
vt 0.062500 0.300000
vt 0.062500 0.600000
vt 0.093750 1.000000
vt 0.000000 0.300000
vt 0.000000 0.200000
vt 0.000000 0.600000
vt 0.000000 0.500000
vt 0.000000 0.900000
vt 0.000000 0.800000
vt 0.000000 0.100000
vt 0.000000 0.400000
vt 0.000000 0.700000
vt 0.031250 0.000000
vt 0.031250 1.000000
vt 1.000000 0.600000
vt 1.000000 0.700000
vt 0.937500 0.700000
vt 0.937500 0.600000
vt 1.000000 0.900000
vt 0.968750 1.000000
vt 0.937500 0.900000
vt 1.000000 0.200000
vt 1.000000 0.300000
vt 0.937500 0.300000
vt 0.937500 0.200000
vt 1.000000 0.500000
vt 0.937500 0.500000
vt 1.000000 0.800000
vt 0.937500 0.800000
vt 1.000000 0.100000
vt 0.937500 0.100000
vt 1.000000 0.400000
vt 0.937500 0.400000
vt 0.968750 0.000000
vt 0.875000 0.400000
vt 0.875000 0.300000
vt 0.875000 0.700000
vt 0.875000 0.600000
vt 0.906250 1.000000
vt 0.875000 0.900000
vt 0.875000 0.200000
vt 0.875000 0.500000
vt 0.875000 0.800000
vt 0.875000 0.100000
vt 0.906250 0.000000
vt 0.812500 0.800000
vt 0.812500 0.700000
vt 0.843750 0.000000
vt 0.812500 0.100000
vt 0.812500 0.400000
vt 0.812500 0.300000
vt 0.812500 0.600000
vt 0.843750 1.000000
vt 0.812500 0.900000
vt 0.812500 0.200000
vt 0.812500 0.500000
vt 0.781250 0.000000
vt 0.781250 1.000000
vt 0.500000 0.557939
vt 0.541667 0.557939
vt 0.541667 0.600000
vt 0.500000 0.600000
vt 0.541667 0.642061
vt 0.500000 0.642061
vt 0.500000 0.657939
vt 0.541667 0.657939
vt 0.541667 0.700000
vt 0.500000 0.700000
vt 0.541667 0.742263
vt 0.500000 0.742264
vt 0.500000 0.757737
vt 0.541667 0.757738
vt 0.541667 0.800000
vt 0.500000 0.800000
vt 0.541667 0.842390
vt 0.500000 0.842389
vt 0.500000 0.857611
vt 0.541667 0.857610
vt 0.541667 0.900000
vt 0.500000 0.900000
vt 0.541667 0.942263
vt 0.500000 0.942263
vt 0.500000 0.957737
vt 0.541667 0.957737
vt 0.541667 1.000000
vt 0.500000 1.000000
vt 0.500000 -0.000000
vt 0.541667 -0.000000
vt 0.541667 0.042061
vt 0.500000 0.042061
vt 0.500000 0.057939
vt 0.541667 0.057939
vt 0.541667 0.100000
vt 0.500000 0.100000
vt 0.541667 0.142061
vt 0.500000 0.142061
vt 0.500000 0.157939
vt 0.541667 0.157939
vt 0.541667 0.200000
vt 0.500000 0.200000
vt 0.541667 0.242263
vt 0.500000 0.242263
vt 0.500000 0.257737
vt 0.541667 0.257737
vt 0.541667 0.300000
vt 0.500000 0.300000
vt 0.541667 0.342390
vt 0.500000 0.342389
vt 0.500000 0.357611
vt 0.541667 0.357610
vt 0.541667 0.400000
vt 0.500000 0.400000
vt 0.541667 0.442263
vt 0.500000 0.442263
vt 0.500000 0.457736
vt 0.541667 0.457737
vt 0.541667 0.500000
vt 0.500000 0.500000
vt 0.541667 0.542061
vt 0.500000 0.542061
vt 0.583333 0.557939
vt 0.583333 0.600000
vt 0.583333 0.642061
vt 0.583333 0.657939
vt 0.583333 0.700000
vt 0.583333 0.742264
vt 0.583333 0.757737
vt 0.583333 0.800000
vt 0.583333 0.842389
vt 0.583333 0.857611
vt 0.583333 0.900000
vt 0.583333 0.942263
vt 0.583333 0.957737
vt 0.583333 1.000000
vt 0.583333 -0.000000
vt 0.583333 0.042061
vt 0.583333 0.057939
vt 0.583333 0.100000
vt 0.583333 0.142061
vt 0.583333 0.157939
vt 0.583333 0.200000
vt 0.583333 0.242263
vt 0.583333 0.257737
vt 0.583333 0.300000
vt 0.583333 0.342389
vt 0.583333 0.357611
vt 0.583333 0.400000
vt 0.583333 0.442263
vt 0.583333 0.457736
vt 0.583333 0.500000
vt 0.583333 0.542061
vt 0.625000 0.557939
vt 0.625000 0.642061
vt 0.625000 0.657939
vt 0.625000 0.742263
vt 0.625000 0.757737
vt 0.625000 0.842389
vt 0.625000 0.857611
vt 0.625000 0.900000
vt 0.625000 0.942263
vt 0.625000 0.957737
vt 0.625000 -0.000000
vt 0.625000 0.042061
vt 0.625000 0.057939
vt 0.625000 0.100000
vt 0.625000 0.142061
vt 0.625000 0.157939
vt 0.625000 0.200000
vt 0.625000 0.242263
vt 0.625000 0.257737
vt 0.625000 0.342389
vt 0.625000 0.357611
vt 0.625000 0.400000
vt 0.625000 0.442263
vt 0.625000 0.457737
vt 0.625000 0.500000
vt 0.625000 0.542061
vt 0.666667 0.557939
vt 0.666667 0.600000
vt 0.666667 0.642061
vt 0.666667 0.657939
vt 0.666667 0.700000
vt 0.666667 0.742263
vt 0.666667 0.757737
vt 0.666667 0.800000
vt 0.666667 0.842389
vt 0.666667 0.857611
vt 0.666667 0.900000
vt 0.666667 0.942263
vt 0.666667 0.957737
vt 0.666667 1.000000
vt 0.666667 -0.000000
vt 0.666667 0.042061
vt 0.666667 0.057939
vt 0.666667 0.100000
vt 0.666667 0.142061
vt 0.666667 0.157939
vt 0.666667 0.200000
vt 0.666667 0.242263
vt 0.666667 0.257737
vt 0.666667 0.300000
vt 0.666667 0.342389
vt 0.666667 0.357611
vt 0.666667 0.400000
vt 0.666667 0.442263
vt 0.666667 0.457737
vt 0.666667 0.500000
vt 0.666667 0.542061
vt 0.708333 0.557939
vt 0.708333 0.600000
vt 0.708333 0.642061
vt 0.708333 0.657939
vt 0.708333 0.700000
vt 0.708333 0.742263
vt 0.708333 0.757737
vt 0.708333 0.800000
vt 0.708333 0.842390
vt 0.708333 0.857610
vt 0.708333 0.900000
vt 0.708333 0.942263
vt 0.708333 0.957737
vt 0.708333 1.000000
vt 0.708333 -0.000000
vt 0.708333 0.042061
vt 0.708333 0.057939
vt 0.708333 0.100000
vt 0.708333 0.142061
vt 0.708333 0.157939
vt 0.708333 0.200000
vt 0.708333 0.242263
vt 0.708333 0.257737
vt 0.708333 0.300000
vt 0.708333 0.342390
vt 0.708333 0.357610
vt 0.708333 0.400000
vt 0.708333 0.442263
vt 0.708333 0.457737
vt 0.708333 0.500000
vt 0.708333 0.542061
vt 0.750000 0.557939
vt 0.750000 0.600000
vt 0.750000 0.642061
vt 0.750000 0.657939
vt 0.750000 0.742264
vt 0.750000 0.757737
vt 0.750000 0.800000
vt 0.750000 0.842389
vt 0.750000 0.857611
vt 0.750000 0.900000
vt 0.750000 0.942263
vt 0.750000 0.957736
vt 0.750000 -0.000000
vt 0.750000 0.042061
vt 0.750000 0.057939
vt 0.750000 0.100000
vt 0.750000 0.142061
vt 0.750000 0.157939
vt 0.750000 0.200000
vt 0.750000 0.242264
vt 0.750000 0.257737
vt 0.750000 0.342389
vt 0.750000 0.357611
vt 0.750000 0.400000
vt 0.750000 0.442263
vt 0.750000 0.457736
vt 0.750000 0.542061
vt 0.791667 0.557939
vt 0.791667 0.600000
vt 0.791667 0.642061
vt 0.791667 0.657939
vt 0.791667 0.700000
vt 0.791667 0.742263
vt 0.791667 0.757737
vt 0.791667 0.800000
vt 0.791667 0.842389
vt 0.791667 0.857611
vt 0.791667 0.900000
vt 0.791667 0.942263
vt 0.791667 0.957737
vt 0.791667 1.000000
vt 0.791667 -0.000000
vt 0.791667 0.042061
vt 0.791667 0.057939
vt 0.791667 0.100000
vt 0.791667 0.142061
vt 0.791667 0.157939
vt 0.791667 0.200000
vt 0.791667 0.242263
vt 0.791667 0.257737
vt 0.791667 0.300000
vt 0.791667 0.342389
vt 0.791667 0.357611
vt 0.791667 0.400000
vt 0.791667 0.442263
vt 0.791667 0.457737
vt 0.791667 0.500000
vt 0.791667 0.542061
vt 0.833333 0.557939
vt 0.833333 0.600000
vt 0.833333 0.642061
vt 0.833333 0.657939
vt 0.833333 0.700000
vt 0.833333 0.742263
vt 0.833333 0.757737
vt 0.833333 0.800000
vt 0.833333 0.842389
vt 0.833333 0.857611
vt 0.833333 0.900000
vt 0.833333 0.942263
vt 0.833333 0.957737
vt 0.833333 1.000000
vt 0.833333 -0.000000
vt 0.833333 0.042061
vt 0.833333 0.057939
vt 0.833333 0.100000
vt 0.833333 0.142061
vt 0.833333 0.157939
vt 0.833333 0.200000
vt 0.833333 0.242263
vt 0.833333 0.257737
vt 0.833333 0.300000
vt 0.833333 0.342389
vt 0.833333 0.357611
vt 0.833333 0.400000
vt 0.833333 0.442263
vt 0.833333 0.457737
vt 0.833333 0.500000
vt 0.833333 0.542061
vt 0.875000 0.557939
vt 0.875000 0.600000
vt 0.875000 0.642061
vt 0.875000 0.657939
vt 0.875000 0.700000
vt 0.875000 0.742263
vt 0.875000 0.757737
vt 0.875000 0.800000
vt 0.875000 0.842389
vt 0.875000 0.857611
vt 0.875000 0.900000
vt 0.875000 0.942263
vt 0.875000 0.957737
vt 0.875000 1.000000
vt 0.875000 -0.000000
vt 0.875000 0.042061
vt 0.875000 0.057939
vt 0.875000 0.100000
vt 0.875000 0.142061
vt 0.875000 0.157939
vt 0.875000 0.200000
vt 0.875000 0.242263
vt 0.875000 0.257737
vt 0.875000 0.300000
vt 0.875000 0.342389
vt 0.875000 0.357611
vt 0.875000 0.400000
vt 0.875000 0.442263
vt 0.875000 0.457737
vt 0.875000 0.500000
vt 0.875000 0.542061
vt 0.916667 0.557939
vt 0.916667 0.600000
vt 0.916667 0.642061
vt 0.916667 0.657939
vt 0.916667 0.700000
vt 0.916667 0.742263
vt 0.916667 0.757737
vt 0.916667 0.800000
vt 0.916667 0.842389
vt 0.916667 0.857611
vt 0.916667 0.900000
vt 0.916667 0.942263
vt 0.916667 0.957737
vt 0.916667 1.000000
vt 0.916667 -0.000000
vt 0.916667 0.042061
vt 0.916667 0.057939
vt 0.916667 0.100000
vt 0.916667 0.142061
vt 0.916667 0.157939
vt 0.916667 0.200000
vt 0.916667 0.242263
vt 0.916667 0.257737
vt 0.916667 0.300000
vt 0.916667 0.342389
vt 0.916667 0.357611
vt 0.916667 0.400000
vt 0.916667 0.442263
vt 0.916667 0.457737
vt 0.916667 0.500000
vt 0.916667 0.542061
vt 0.958333 0.557939
vt 0.958333 0.600000
vt 0.958333 0.642061
vt 0.958333 0.657939
vt 0.958333 0.700000
vt 0.958333 0.742263
vt 0.958333 0.757737
vt 0.958333 0.800000
vt 0.958333 0.842389
vt 0.958333 0.857611
vt 0.958333 0.900000
vt 0.958333 0.942263
vt 0.958333 0.957737
vt 0.958333 1.000000
vt 0.958333 -0.000000
vt 0.958333 0.042061
vt 0.958333 0.057939
vt 0.958333 0.100000
vt 0.958333 0.142061
vt 0.958333 0.157939
vt 0.958333 0.200000
vt 0.958333 0.242263
vt 0.958333 0.257737
vt 0.958333 0.300000
vt 0.958333 0.342389
vt 0.958333 0.357611
vt 0.958333 0.400000
vt 0.958333 0.442263
vt 0.958333 0.457737
vt 0.958333 0.500000
vt 0.958333 0.542061
vt 1.000000 0.557939
vt 0.999971 0.600000
vt 1.000000 0.642061
vt 1.000000 0.657939
vt 0.999976 0.700000
vt 1.000000 0.742263
vt 1.000000 0.757737
vt 0.999991 0.800000
vt 1.000000 0.842389
vt 1.000000 0.857611
vt 1.000000 0.900000
vt 1.000000 0.942263
vt 1.000000 0.957737
vt 1.000000 1.000000
vt 1.000000 -0.000000
vt 1.000000 0.042061
vt 1.000000 0.057939
vt 1.000000 0.100000
vt 1.000000 0.142061
vt 1.000000 0.157939
vt 1.000000 0.200000
vt 1.000000 0.242263
vt 1.000000 0.257737
vt 1.000000 0.300000
vt 1.000000 0.342389
vt 1.000000 0.357611
vt 0.999991 0.400000
vt 1.000000 0.442263
vt 1.000000 0.457737
vt 0.999976 0.500000
vt 1.000000 0.542061
vt -0.000000 0.557939
vt 0.041667 0.557939
vt 0.041667 0.600000
vt 0.000029 0.600000
vt 0.041667 0.642061
vt -0.000000 0.642061
vt -0.000000 0.657939
vt 0.041667 0.657939
vt 0.041667 0.700000
vt 0.000024 0.700000
vt 0.041667 0.742263
vt -0.000000 0.742263
vt -0.000000 0.757737
vt 0.041667 0.757737
vt 0.041667 0.800000
vt 0.000009 0.800000
vt 0.041667 0.842389
vt -0.000000 0.842389
vt -0.000000 0.857611
vt 0.041667 0.857611
vt 0.041667 0.900000
vt -0.000000 0.900000
vt 0.041667 0.942263
vt -0.000000 0.942263
vt -0.000000 0.957736
vt 0.041667 0.957737
vt 0.041667 1.000000
vt -0.000000 1.000000
vt -0.000000 -0.000000
vt 0.041667 -0.000000
vt 0.041667 0.042061
vt -0.000000 0.042061
vt -0.000000 0.057939
vt 0.041667 0.057939
vt 0.041667 0.100000
vt -0.000000 0.100000
vt 0.041667 0.142061
vt -0.000000 0.142061
vt -0.000000 0.157939
vt 0.041667 0.157939
vt 0.041667 0.200000
vt -0.000000 0.200000
vt 0.041667 0.242263
vt -0.000000 0.242263
vt -0.000000 0.257737
vt 0.041667 0.257737
vt 0.041667 0.300000
vt -0.000000 0.300000
vt 0.041667 0.342389
vt -0.000000 0.342389
vt -0.000000 0.357611
vt 0.041667 0.357611
vt 0.041667 0.400000
vt 0.000009 0.400000
vt 0.041667 0.442263
vt -0.000000 0.442263
vt -0.000000 0.457737
vt 0.041667 0.457737
vt 0.041667 0.500000
vt 0.000024 0.500000
vt 0.041667 0.542061
vt -0.000000 0.542061
vt 0.083333 0.557939
vt 0.083333 0.600000
vt 0.083333 0.642061
vt 0.083333 0.657939
vt 0.083333 0.700000
vt 0.083333 0.742263
vt 0.083333 0.757737
vt 0.083333 0.800000
vt 0.083333 0.842389
vt 0.083333 0.857611
vt 0.083333 0.900000
vt 0.083333 0.942263
vt 0.083333 0.957737
vt 0.083333 1.000000
vt 0.083333 -0.000000
vt 0.083333 0.042061
vt 0.083333 0.057939
vt 0.083333 0.100000
vt 0.083333 0.142061
vt 0.083333 0.157939
vt 0.083333 0.200000
vt 0.083333 0.242263
vt 0.083333 0.257737
vt 0.083333 0.300000
vt 0.083333 0.342389
vt 0.083333 0.357611
vt 0.083333 0.400000
vt 0.083333 0.442263
vt 0.083333 0.457737
vt 0.083333 0.500000
vt 0.083333 0.542061
vt 0.125000 0.557939
vt 0.125000 0.600000
vt 0.125000 0.642061
vt 0.125000 0.657939
vt 0.125000 0.700000
vt 0.125000 0.742263
vt 0.125000 0.757737
vt 0.125000 0.800000
vt 0.125000 0.842389
vt 0.125000 0.857611
vt 0.125000 0.900000
vt 0.125000 0.942263
vt 0.125000 0.957737
vt 0.125000 1.000000
vt 0.125000 -0.000000
vt 0.125000 0.042061
vt 0.125000 0.057939
vt 0.125000 0.100000
vt 0.125000 0.142061
vt 0.125000 0.157939
vt 0.125000 0.200000
vt 0.125000 0.242263
vt 0.125000 0.257737
vt 0.125000 0.300000
vt 0.125000 0.342389
vt 0.125000 0.357611
vt 0.125000 0.400000
vt 0.125000 0.442263
vt 0.125000 0.457737
vt 0.125000 0.500000
vt 0.125000 0.542061
vt 0.166667 0.557939
vt 0.166667 0.600000
vt 0.166667 0.642061
vt 0.166667 0.657939
vt 0.166667 0.700000
vt 0.166667 0.742263
vt 0.166667 0.757737
vt 0.166667 0.800000
vt 0.166667 0.842389
vt 0.166667 0.857611
vt 0.166667 0.900000
vt 0.166667 0.942263
vt 0.166667 0.957737
vt 0.166667 1.000000
vt 0.166667 -0.000000
vt 0.166667 0.042061
vt 0.166667 0.057939
vt 0.166667 0.100000
vt 0.166667 0.142061
vt 0.166667 0.157939
vt 0.166667 0.200000
vt 0.166667 0.242263
vt 0.166667 0.257737
vt 0.166667 0.300000
vt 0.166667 0.342389
vt 0.166667 0.357611
vt 0.166667 0.400000
vt 0.166667 0.442263
vt 0.166667 0.457737
vt 0.166667 0.500000
vt 0.166667 0.542061
vt 0.208333 0.557939
vt 0.208333 0.600000
vt 0.208333 0.642061
vt 0.208333 0.657939
vt 0.208333 0.700000
vt 0.208333 0.742263
vt 0.208333 0.757737
vt 0.208333 0.800000
vt 0.208333 0.842389
vt 0.208333 0.857611
vt 0.208333 0.900000
vt 0.208333 0.942263
vt 0.208333 0.957737
vt 0.208333 1.000000
vt 0.208333 -0.000000
vt 0.208333 0.042061
vt 0.208333 0.057939
vt 0.208333 0.100000
vt 0.208333 0.142061
vt 0.208333 0.157939
vt 0.208333 0.200000
vt 0.208333 0.242263
vt 0.208333 0.257737
vt 0.208333 0.300000
vt 0.208333 0.342389
vt 0.208333 0.357611
vt 0.208333 0.400000
vt 0.208333 0.442263
vt 0.208333 0.457737
vt 0.208333 0.500000
vt 0.208333 0.542061
vt 0.250000 0.557939
vt 0.250000 0.600000
vt 0.250000 0.642061
vt 0.250000 0.657939
vt 0.250000 0.700000
vt 0.250000 0.742263
vt 0.250000 0.757737
vt 0.250000 0.800000
vt 0.250000 0.842389
vt 0.250000 0.857611
vt 0.250000 0.900000
vt 0.250000 0.942263
vt 0.250000 0.957737
vt 0.250000 1.000000
vt 0.250000 -0.000000
vt 0.250000 0.042061
vt 0.250000 0.057939
vt 0.250000 0.100000
vt 0.250000 0.142061
vt 0.250000 0.157939
vt 0.250000 0.200000
vt 0.250000 0.242263
vt 0.250000 0.257737
vt 0.250000 0.300000
vt 0.250000 0.342389
vt 0.250000 0.357611
vt 0.250000 0.400000
vt 0.250000 0.442263
vt 0.250000 0.457737
vt 0.250000 0.500000
vt 0.250000 0.542061
vt 0.291667 0.557939
vt 0.291667 0.600000
vt 0.291667 0.642061
vt 0.291667 0.657939
vt 0.291667 0.700000
vt 0.291667 0.742263
vt 0.291667 0.757737
vt 0.291667 0.800000
vt 0.291667 0.842389
vt 0.291667 0.857611
vt 0.291667 0.900000
vt 0.291667 0.942263
vt 0.291667 0.957737
vt 0.291667 1.000000
vt 0.291667 -0.000000
vt 0.291667 0.042061
vt 0.291667 0.057939
vt 0.291667 0.100000
vt 0.291667 0.142061
vt 0.291667 0.157939
vt 0.291667 0.200000
vt 0.291667 0.242263
vt 0.291667 0.257737
vt 0.291667 0.300000
vt 0.291667 0.342389
vt 0.291667 0.357611
vt 0.291667 0.400000
vt 0.291667 0.442263
vt 0.291667 0.457737
vt 0.291667 0.500000
vt 0.291667 0.542061
vt 0.333333 0.557939
vt 0.333333 0.600000
vt 0.333333 0.642061
vt 0.333333 0.657939
vt 0.333333 0.700000
vt 0.333333 0.742263
vt 0.333333 0.757737
vt 0.333333 0.800000
vt 0.333333 0.842389
vt 0.333333 0.857611
vt 0.333333 0.900000
vt 0.333333 0.942263
vt 0.333333 0.957736
vt 0.333333 1.000000
vt 0.333333 -0.000000
vt 0.333333 0.042061
vt 0.333333 0.057939
vt 0.333333 0.100000
vt 0.333333 0.142061
vt 0.333333 0.157939
vt 0.333333 0.200000
vt 0.333333 0.242263
vt 0.333333 0.257737
vt 0.333333 0.300000
vt 0.333333 0.342389
vt 0.333333 0.357611
vt 0.333333 0.400000
vt 0.333333 0.442263
vt 0.333333 0.457737
vt 0.333333 0.500000
vt 0.333333 0.542061
vt 0.375000 0.557939
vt 0.375000 0.600000
vt 0.375000 0.642061
vt 0.375000 0.657939
vt 0.375000 0.700000
vt 0.375000 0.742263
vt 0.375000 0.757737
vt 0.375000 0.800000
vt 0.375000 0.842389
vt 0.375000 0.857611
vt 0.375000 0.900000
vt 0.375000 0.942263
vt 0.375000 0.957737
vt 0.375000 -0.000000
vt 0.375000 0.042061
vt 0.375000 0.057939
vt 0.375000 0.100000
vt 0.375000 0.142061
vt 0.375000 0.157939
vt 0.375000 0.200000
vt 0.375000 0.242263
vt 0.375000 0.257737
vt 0.375000 0.300000
vt 0.375000 0.342389
vt 0.375000 0.357611
vt 0.375000 0.400000
vt 0.375000 0.442263
vt 0.375000 0.457737
vt 0.375000 0.500000
vt 0.375000 0.542061
vt 0.416667 0.557939
vt 0.416667 0.600000
vt 0.416667 0.642061
vt 0.416667 0.657939
vt 0.416667 0.700000
vt 0.416667 0.742263
vt 0.416667 0.757737
vt 0.416667 0.800000
vt 0.416667 0.842389
vt 0.416667 0.857611
vt 0.416667 0.900000
vt 0.416667 0.942263
vt 0.416667 0.957737
vt 0.416667 1.000000
vt 0.416667 -0.000000
vt 0.416667 0.042061
vt 0.416667 0.057939
vt 0.416667 0.100000
vt 0.416667 0.142061
vt 0.416667 0.157939
vt 0.416667 0.200000
vt 0.416667 0.242263
vt 0.416667 0.257737
vt 0.416667 0.300000
vt 0.416667 0.342389
vt 0.416667 0.357611
vt 0.416667 0.400000
vt 0.416667 0.442263
vt 0.416667 0.457737
vt 0.416667 0.500000
vt 0.416667 0.542061
vt 0.458333 0.557939
vt 0.458333 0.600000
vt 0.458333 0.642061
vt 0.458333 0.657939
vt 0.458333 0.700000
vt 0.458333 0.742263
vt 0.458333 0.757737
vt 0.458333 0.800000
vt 0.458333 0.842389
vt 0.458333 0.857611
vt 0.458333 0.900000
vt 0.458333 0.942263
vt 0.458333 0.957737
vt 0.458333 1.000000
vt 0.458333 -0.000000
vt 0.458333 0.042061
vt 0.458333 0.057939
vt 0.458333 0.100000
vt 0.458333 0.142061
vt 0.458333 0.157939
vt 0.458333 0.200000
vt 0.458333 0.242263
vt 0.458333 0.257737
vt 0.458333 0.300000
vt 0.458333 0.342389
vt 0.458333 0.357611
vt 0.458333 0.400000
vt 0.458333 0.442263
vt 0.458333 0.457737
vt 0.458333 0.500000
vt 0.458333 0.542061
vt 0.750000 0.800000
vt 0.750000 0.400000
vt 0.750000 0.900000
vt 0.687500 0.900000
vt 0.750000 0.200000
vt 0.562500 0.700000
vt 0.562500 0.300000
vt 0.562500 0.900000
vt 0.500000 0.900000
vt 0.500000 0.200000
vt 0.500000 0.700000
vt 0.500000 0.300000
vt 0.437500 0.900000
vt 0.437500 0.800000
vt 0.437500 0.200000
vt 0.375000 0.900000
vt 0.375000 0.300000
vt 0.375000 0.200000
vt 0.375000 0.600000
vt 0.375000 0.500000
vt 0.375000 0.400000
vt 0.375000 0.700000
vt 0.343750 1.000000
vt 0.312500 0.900000
vt 0.312500 0.200000
vt 0.312500 0.500000
vt 0.312500 0.800000
vt 0.312500 0.100000
vt 0.343750 0.000000
vt 0.250000 0.100000
vt 0.250000 0.900000
vt 0.218750 0.000000
vt 0.218750 1.000000
vt 0.187500 0.900000
vt 0.125000 0.900000
vt 0.125000 0.800000
vt 0.125000 0.200000
vt 0.125000 0.500000
vt 0.062500 0.300000
vt 0.062500 0.200000
vt 0.062500 0.500000
vt 0.062500 0.900000
vt 0.062500 0.800000
vt 0.062500 0.700000
vt 0.000000 0.900000
vt 0.000000 0.800000
vt 0.937500 0.900000
vt 0.937500 0.200000
vt 0.937500 0.500000
vt 1.000000 0.800000
vt 0.937500 0.800000
vt 0.875000 0.800000
vt 0.875000 0.700000
vt 0.875000 0.300000
vt 0.875000 0.900000
vt 0.875000 0.200000
vt 0.875000 0.500000
vt 0.812500 0.200000
vt 0.812500 0.500000
vt 0.812500 0.800000
vt 0.812500 0.900000
vt 0.837846 0.402154
vt 0.831962 0.468038
vt 0.865503 0.459051
vt 0.897846 0.430000
vt 0.958333 0.504622
vt 0.916667 0.504622
vt 0.915105 0.500977
vt 0.943082 0.500000
vt 0.875000 0.504622
vt 0.890251 0.500000
vt 0.337846 0.402154
vt 0.397846 0.430000
vt 0.373292 0.454554
vt 0.331962 0.468038
vt 0.875000 0.995378
vt 0.916667 0.995378
vt 0.918228 0.999023
vt 0.890251 1.000000
vt 0.958333 0.995378
vt 0.943082 1.000000
vt 0.902154 0.162154
vt 0.968039 0.168039
vt 0.959051 0.134497
vt 0.930000 0.102154
vt 0.708333 0.504622
vt 0.666667 0.504622
vt 0.665105 0.500977
vt 0.693083 0.500000
vt 0.625000 0.504622
vt 0.640251 0.500000
vt 0.402154 0.162154
vt 0.430000 0.102154
vt 0.454554 0.126708
vt 0.468039 0.168039
vt 0.625000 0.995378
vt 0.666667 0.995378
vt 0.668228 0.999023
vt 0.640251 1.000000
vt 0.708334 0.995378
vt 0.693083 1.000000
vt 0.750000 0.074308
vt 0.788039 0.020192
vt 0.754497 0.011205
vt 0.711961 0.020192
vt 0.541667 0.504622
vt 0.500000 0.504622
vt 0.498439 0.500977
vt 0.526416 0.500000
vt 0.458333 0.504622
vt 0.473584 0.500000
vt 0.250000 0.074308
vt 0.211962 0.020192
vt 0.245503 0.011205
vt 0.288038 0.020192
vt 0.458333 0.995378
vt 0.500000 0.995378
vt 0.501562 0.999023
vt 0.473584 1.000000
vt 0.541667 0.995378
vt 0.526416 1.000000
vt 0.597846 0.337846
vt 0.531962 0.331962
vt 0.540949 0.365503
vt 0.570000 0.397846
vt 0.208334 0.504622
vt 0.166667 0.504622
vt 0.165105 0.500977
vt 0.193082 0.500000
vt 0.125000 0.504622
vt 0.140251 0.500000
vt 0.097846 0.337846
vt 0.070000 0.397846
vt 0.045446 0.373292
vt 0.031962 0.331962
vt 0.125000 0.995378
vt 0.166667 0.995378
vt 0.168228 0.999023
vt 0.140251 1.000000
vt 0.208333 0.995378
vt 0.193082 1.000000
vt 0.662154 0.402154
vt 0.602154 0.430000
vt 0.626708 0.454554
vt 0.668039 0.468038
vt 0.083333 0.504622
vt 0.081772 0.500977
vt 0.109749 0.500000
vt 0.041667 0.504622
vt 0.056918 0.500000
vt 0.162154 0.402153
vt 0.168038 0.468038
vt 0.134497 0.459051
vt 0.102154 0.430000
vt 0.041667 0.995378
vt 0.083333 0.995378
vt 0.084895 0.999023
vt 0.056918 1.000000
vt 0.125000 0.995378
vt 0.109749 1.000000
vt 1.000000 0.504622
vt 0.996729 0.500000
vt 0.750000 0.488738
vt 0.750000 0.425693
vt 1.000000 0.995378
vt 0.996730 1.000000
vt 0.250000 0.488738
vt 0.250000 0.425692
vt 0.833333 0.504622
vt 0.833333 0.500000
vt 0.956753 0.369369
vt 0.902154 0.337846
vt 0.833333 0.995378
vt 0.833333 1.000000
vt 0.456753 0.369369
vt 0.402154 0.337846
vt 0.750000 0.504622
vt 0.750000 0.500000
vt 0.988738 0.250000
vt 0.925692 0.250000
vt 0.750000 0.995378
vt 0.750000 1.000000
vt 0.488738 0.250000
vt 0.425692 0.250000
vt 0.583333 0.504622
vt 0.583333 0.500000
vt 0.869369 0.043247
vt 0.837846 0.097846
vt 0.583333 0.995378
vt 0.583333 1.000000
vt 0.369369 0.043247
vt 0.337846 0.097847
vt 0.416667 0.504622
vt 0.416667 0.500000
vt 0.630631 0.043247
vt 0.662154 0.097846
vt 0.416667 0.995378
vt 0.416667 1.000000
vt 0.130631 0.043247
vt 0.162154 0.097846
vt 0.333333 0.504622
vt 0.333333 0.500000
vt 0.543247 0.130631
vt 0.597846 0.162154
vt 0.333333 0.995378
vt 0.333333 1.000000
vt 0.043247 0.130631
vt 0.097846 0.162154
vt 0.250000 0.504622
vt 0.250000 0.500000
vt 0.511262 0.250000
vt 0.574308 0.250000
vt 0.250000 0.995378
vt 0.250000 1.000000
vt 0.011262 0.250000
vt 0.074308 0.250000
vt 0.000000 0.504622
vt 0.003270 0.500000
vt 0.000000 0.995378
vt 0.003270 1.000000
vt 0.750000 0.750000
vt 0.750000 0.875000
vt 0.666667 0.875000
vt 0.666667 0.750000
vt 0.750000 0.125000
vt 0.750000 0.250000
vt 0.666667 0.250000
vt 0.666667 0.125000
vt 0.750000 0.375000
vt 0.666667 0.375000
vt 0.750000 0.625000
vt 0.666667 0.625000
vt 0.708333 0.000000
vt 0.583333 0.375000
vt 0.583333 0.750000
vt 0.583333 0.625000
vt 0.583333 0.875000
vt 0.583333 0.125000
vt 0.583333 0.250000
vt 0.541667 0.000000
vt 0.500000 0.125000
vt 0.500000 0.375000
vt 0.500000 0.250000
vt 0.500000 0.625000
vt 0.500000 0.875000
vt 0.500000 0.750000
vt 0.416667 0.625000
vt 0.416667 0.875000
vt 0.416667 0.750000
vt 0.416667 0.250000
vt 0.416667 0.125000
vt 0.416667 0.375000
vt 0.458333 1.000000
vt 0.458333 0.000000
vt 0.333333 0.250000
vt 0.333333 0.125000
vt 0.333333 0.500000
vt 0.333333 0.375000
vt 0.333333 0.750000
vt 0.333333 0.625000
vt 0.333333 0.875000
vt 0.250000 0.750000
vt 0.250000 0.625000
vt 0.250000 0.875000
vt 0.291667 0.000000
vt 0.250000 0.125000
vt 0.250000 0.375000
vt 0.250000 0.250000
vt 0.208333 0.000000
vt 0.166667 0.125000
vt 0.166667 0.375000
vt 0.166667 0.250000
vt 0.166667 0.625000
vt 0.166667 0.875000
vt 0.166667 0.750000
vt 0.208333 1.000000
vt 0.083333 0.875000
vt 0.083333 0.750000
vt 0.083333 0.250000
vt 0.083333 0.125000
vt 0.083333 0.500000
vt 0.083333 0.375000
vt 0.083333 0.625000
vt 0.125000 1.000000
vt 0.125000 0.000000
vt 0.000000 0.250000
vt 0.000000 0.125000
vt 0.000000 0.375000
vt 0.000000 0.750000
vt 0.000000 0.625000
vt 0.041667 1.000000
vt 0.000000 0.875000
vt 0.041667 0.000000
vt 1.000000 0.875000
vt 0.916667 0.875000
vt 0.958333 0.000000
vt 1.000000 0.125000
vt 0.916667 0.125000
vt 1.000000 0.250000
vt 1.000000 0.375000
vt 0.916667 0.375000
vt 0.916667 0.250000
vt 1.000000 0.625000
vt 0.916667 0.625000
vt 0.916667 0.500000
vt 1.000000 0.750000
vt 0.916667 0.750000
vt 0.833333 0.375000
vt 0.833333 0.250000
vt 0.833333 0.625000
vt 0.833333 0.875000
vt 0.833333 0.750000
vt 0.833333 0.125000
vt 0.875000 1.000000
vt 0.875000 0.000000
vt 0.791667 1.000000
vt 0.791667 0.000000
vt 0.820306 0.371775
vt 0.811212 0.473598
vt 0.863050 0.459708
vt 0.913035 0.414811
vt 0.981062 0.507143
vt 0.916667 0.507143
vt 0.914253 0.501509
vt 0.957492 0.500000
vt 0.852272 0.507143
vt 0.875842 0.500000
vt 0.320306 0.371775
vt 0.413035 0.414811
vt 0.375088 0.452758
vt 0.311212 0.473598
vt 0.852271 0.992857
vt 0.916667 0.992857
vt 0.919080 0.998491
vt 0.875842 1.000000
vt 0.981062 0.992857
vt 0.957492 1.000000
vt 0.890613 0.250000
vt 0.974248 0.308788
vt 0.988138 0.256950
vt 0.974248 0.191212
vt 0.814395 0.507143
vt 0.750000 0.507143
vt 0.747587 0.501509
vt 0.790825 0.500000
vt 0.685605 0.507143
vt 0.709175 0.500000
vt 0.390613 0.250000
vt 0.474248 0.191212
vt 0.488138 0.243050
vt 0.474248 0.308788
vt 0.685605 0.992857
vt 0.750000 0.992857
vt 0.752413 0.998491
vt 0.709175 1.000000
vt 0.814395 0.992857
vt 0.790825 1.000000
vt 0.820306 0.128225
vt 0.913035 0.085189
vt 0.875088 0.047242
vt 0.811212 0.026402
vt 0.647729 0.507143
vt 0.583333 0.507143
vt 0.580920 0.501509
vt 0.624158 0.500000
vt 0.518938 0.507143
vt 0.542509 0.500000
vt 0.320307 0.128225
vt 0.311212 0.026402
vt 0.363050 0.040292
vt 0.413036 0.085190
vt 0.518938 0.992857
vt 0.583333 0.992857
vt 0.585747 0.998491
vt 0.542509 1.000000
vt 0.647728 0.992857
vt 0.624159 1.000000
vt 0.679694 0.128225
vt 0.688788 0.026402
vt 0.636950 0.040292
vt 0.586965 0.085189
vt 0.481062 0.507143
vt 0.416667 0.507143
vt 0.414254 0.501509
vt 0.457492 0.500000
vt 0.352272 0.507143
vt 0.375842 0.500000
vt 0.179693 0.128225
vt 0.086964 0.085190
vt 0.124912 0.047242
vt 0.188788 0.026402
vt 0.352272 0.992857
vt 0.416667 0.992857
vt 0.419080 0.998491
vt 0.375842 1.000000
vt 0.481062 0.992857
vt 0.457492 1.000000
vt 0.609387 0.250000
vt 0.525752 0.191212
vt 0.511862 0.243050
vt 0.525752 0.308788
vt 0.314395 0.507143
vt 0.250000 0.507143
vt 0.247587 0.501509
vt 0.290825 0.500000
vt 0.185605 0.507143
vt 0.209175 0.500000
vt 0.109387 0.250000
vt 0.025752 0.308788
vt 0.011862 0.256950
vt 0.025752 0.191212
vt 0.185605 0.992857
vt 0.250000 0.992857
vt 0.252413 0.998491
vt 0.209175 1.000000
vt 0.314395 0.992857
vt 0.290825 1.000000
vt 0.679694 0.371775
vt 0.586965 0.414811
vt 0.624912 0.452758
vt 0.688788 0.473598
vt 0.147728 0.507143
vt 0.083333 0.507143
vt 0.080920 0.501509
vt 0.124158 0.500000
vt 0.018938 0.507143
vt 0.042508 0.500000
vt 0.179694 0.371775
vt 0.188788 0.473598
vt 0.136950 0.459708
vt 0.086965 0.414811
vt 0.018938 0.992857
vt 0.083333 0.992857
vt 0.085747 0.998491
vt 0.042509 1.000000
vt 0.147729 0.992857
vt 0.124158 1.000000
vt 1.000000 0.507143
vt 0.994946 0.500000
vt 0.750000 0.488050
vt 0.750000 0.390614
vt 1.000000 0.992857
vt 0.994946 1.000000
vt 0.250000 0.488050
vt 0.250000 0.390614
vt 0.833333 0.507143
vt 0.833333 0.500000
vt 0.956157 0.369025
vt 0.871775 0.320306
vt 0.833333 0.992857
vt 0.833333 1.000000
vt 0.456157 0.369025
vt 0.371775 0.320307
vt 0.666667 0.507143
vt 0.666667 0.500000
vt 0.956157 0.130975
vt 0.871775 0.179693
vt 0.666667 0.992857
vt 0.666667 1.000000
vt 0.456158 0.130975
vt 0.371775 0.179694
vt 0.500000 0.507143
vt 0.500000 0.500000
vt 0.750000 0.011950
vt 0.750000 0.109386
vt 0.500000 0.992857
vt 0.500000 1.000000
vt 0.250000 0.011950
vt 0.250000 0.109387
vt 0.333333 0.507143
vt 0.543843 0.130975
vt 0.628225 0.179693
vt 0.333333 0.992857
vt 0.333333 1.000000
vt 0.043842 0.130975
vt 0.128225 0.179694
vt 0.166667 0.507143
vt 0.166667 0.500000
vt 0.543842 0.369025
vt 0.628225 0.320306
vt 0.166667 0.992857
vt 0.166667 1.000000
vt 0.043843 0.369025
vt 0.128225 0.320307
vt 0.000000 0.507143
vt 0.005054 0.500000
vt 0.000000 0.992857
vt 0.005054 1.000000
vt 0.871775 0.320306
vt 0.914811 0.413035
vt 0.952758 0.375088
vt 0.973598 0.311212
vt 0.897728 0.507143
vt 0.833333 0.507143
vt 0.830920 0.501509
vt 0.874158 0.500000
vt 0.768939 0.507143
vt 0.792508 0.500000
vt 0.371775 0.320307
vt 0.473598 0.311212
vt 0.459708 0.363050
vt 0.414810 0.413036
vt 0.768939 0.992857
vt 0.833333 0.992857
vt 0.835747 0.998491
vt 0.792509 1.000000
vt 0.897728 0.992857
vt 0.874159 1.000000
vt 0.820307 0.128225
vt 0.913036 0.085190
vt 0.875088 0.047242
vt 0.811212 0.026402
vt 0.647728 0.507143
vt 0.583333 0.507143
vt 0.580920 0.501510
vt 0.624158 0.500000
vt 0.518938 0.507143
vt 0.542508 0.500000
vt 0.320307 0.128225
vt 0.311212 0.026402
vt 0.363050 0.040292
vt 0.413035 0.085189
vt 0.518938 0.992857
vt 0.585747 0.998491
vt 0.542509 1.000000
vt 0.647728 0.992857
vt 0.624158 1.000000
vt 0.628225 0.179693
vt 0.585189 0.086965
vt 0.547241 0.124913
vt 0.526402 0.188788
vt 0.397729 0.507143
vt 0.333333 0.507143
vt 0.330920 0.501509
vt 0.374158 0.500000
vt 0.268939 0.507143
vt 0.292509 0.500000
vt 0.128225 0.179693
vt 0.026402 0.188788
vt 0.040292 0.136951
vt 0.085189 0.086965
vt 0.268938 0.992857
vt 0.333333 0.992857
vt 0.335747 0.998491
vt 0.292509 1.000000
vt 0.397729 0.992857
vt 0.374158 1.000000
vt 0.679693 0.371775
vt 0.586964 0.414810
vt 0.624912 0.452758
vt 0.688788 0.473598
vt 0.147728 0.507143
vt 0.083333 0.507143
vt 0.080920 0.501509
vt 0.124158 0.500000
vt 0.018938 0.507143
vt 0.042508 0.500000
vt 0.179693 0.371775
vt 0.188788 0.473598
vt 0.136950 0.459708
vt 0.086964 0.414810
vt 0.018938 0.992857
vt 0.083333 0.992857
vt 0.085747 0.998491
vt 0.042509 1.000000
vt 0.147728 0.992857
vt 0.124158 1.000000
vt 0.916667 0.507143
vt 0.916667 0.500000
vt 0.994946 0.500000
vt 0.750000 0.488050
vt 0.869025 0.456157
vt 0.820307 0.371774
vt 0.749999 0.390613
vt 0.916667 0.992857
vt 1.000000 0.992857
vt 0.994946 1.000000
vt 0.916667 1.000000
vt 0.369025 0.456157
vt 0.250000 0.488050
vt 0.249999 0.390614
vt 0.320307 0.371774
vt 0.750000 0.500000
vt 0.988050 0.250000
vt 0.890614 0.250000
vt 0.750000 0.992857
vt 0.750000 1.000000
vt 0.488050 0.250000
vt 0.390614 0.250000
vt 0.666667 0.507143
vt 0.956157 0.130975
vt 0.871775 0.179693
vt 0.666667 0.992857
vt 0.666667 1.000000
vt 0.456157 0.130975
vt 0.371775 0.179693
vt 0.500000 0.507143
vt 0.500000 0.500000
vt 0.750000 0.011950
vt 0.750001 0.109386
vt 0.500000 0.992857
vt 0.500000 1.000000
vt 0.250000 0.011950
vt 0.250001 0.109387
vt 0.416667 0.507143
vt 0.416667 0.500000
vt 0.630975 0.043842
vt 0.679694 0.128225
vt 0.416667 0.992857
vt 0.416667 1.000000
vt 0.130975 0.043843
vt 0.179693 0.128225
vt 0.250000 0.507143
vt 0.250000 0.500000
vt 0.511950 0.250000
vt 0.609386 0.250000
vt 0.250000 1.000000
vt 0.011950 0.250000
vt 0.109386 0.250000
vt 0.166667 0.507143
vt 0.166667 0.500000
vt 0.543843 0.369025
vt 0.628225 0.320307
vt 0.166667 0.992857
vt 0.166667 1.000000
vt 0.043843 0.369025
vt 0.128225 0.320307
vt 0.005054 0.500000
vt 0.005054 1.000000
vt 0.500000 0.550929
vt 0.541667 0.550929
vt 0.541667 0.649071
vt 0.500000 0.649071
vt 0.500000 0.650929
vt 0.541667 0.650929
vt 0.541667 0.700000
vt 0.500000 0.700000
vt 0.541667 0.749307
vt 0.500000 0.749307
vt 0.500000 0.750693
vt 0.541667 0.750693
vt 0.541667 0.800000
vt 0.500000 0.800000
vt 0.541667 0.849455
vt 0.500000 0.849455
vt 0.500000 0.850545
vt 0.541667 0.850546
vt 0.541667 0.949307
vt 0.500000 0.949307
vt 0.500000 0.950693
vt 0.541667 0.950693
vt 0.541667 0.049071
vt 0.500000 0.049071
vt 0.500000 0.050929
vt 0.541667 0.050929
vt 0.541667 0.149071
vt 0.500000 0.149071
vt 0.500000 0.150929
vt 0.541667 0.150929
vt 0.541667 0.249307
vt 0.500000 0.249307
vt 0.500000 0.250693
vt 0.541667 0.250693
vt 0.541667 0.349454
vt 0.500000 0.349455
vt 0.500000 0.350545
vt 0.541667 0.350546
vt 0.500000 0.400000
vt 0.541667 0.449307
vt 0.500000 0.449307
vt 0.500000 0.450693
vt 0.541667 0.450693
vt 0.541667 0.500000
vt 0.541667 0.549071
vt 0.500000 0.549071
vt 0.583333 0.550929
vt 0.583333 0.600000
vt 0.583333 0.649071
vt 0.583333 0.650929
vt 0.583333 0.700000
vt 0.583333 0.749307
vt 0.583333 0.750693
vt 0.583333 0.800000
vt 0.583333 0.849454
vt 0.583333 0.850546
vt 0.583333 0.949307
vt 0.583333 0.950692
vt 0.583333 0.049071
vt 0.583333 0.050929
vt 0.583333 0.149071
vt 0.583333 0.150929
vt 0.583333 0.249308
vt 0.583333 0.250693
vt 0.583333 0.349454
vt 0.583333 0.350546
vt 0.583333 0.400000
vt 0.583333 0.449307
vt 0.583333 0.450693
vt 0.583333 0.500000
vt 0.583333 0.549071
vt 0.625000 0.550929
vt 0.625000 0.649071
vt 0.625000 0.650929
vt 0.625000 0.749307
vt 0.625000 0.750693
vt 0.625000 0.849454
vt 0.625000 0.850546
vt 0.625000 0.949307
vt 0.625000 0.950693
vt 0.625000 0.049071
vt 0.625000 0.050929
vt 0.625000 0.149071
vt 0.625000 0.150929
vt 0.625000 0.249307
vt 0.625000 0.250693
vt 0.625000 0.349454
vt 0.625000 0.350546
vt 0.625000 0.449307
vt 0.625000 0.450693
vt 0.625000 0.549071
vt 0.666667 0.550929
vt 0.666667 0.649071
vt 0.666667 0.650929
vt 0.666667 0.749307
vt 0.666667 0.750693
vt 0.666667 0.800000
vt 0.666667 0.849454
vt 0.666667 0.850546
vt 0.666667 0.949307
vt 0.666667 0.950693
vt 0.666667 0.049071
vt 0.666667 0.050929
vt 0.666667 0.149071
vt 0.666667 0.150929
vt 0.666667 0.249307
vt 0.666667 0.250693
vt 0.666667 0.349454
vt 0.666667 0.350546
vt 0.666667 0.400000
vt 0.666667 0.449307
vt 0.666667 0.450693
vt 0.666667 0.549071
vt 0.708333 0.550929
vt 0.708333 0.600000
vt 0.708333 0.649071
vt 0.708333 0.650929
vt 0.708333 0.700000
vt 0.708333 0.749307
vt 0.708333 0.750693
vt 0.708333 0.849454
vt 0.708333 0.850546
vt 0.708333 0.949307
vt 0.708333 0.950693
vt 0.708333 0.049071
vt 0.708333 0.050929
vt 0.708333 0.149071
vt 0.708333 0.150929
vt 0.708333 0.249307
vt 0.708333 0.250693
vt 0.708333 0.349454
vt 0.708333 0.350546
vt 0.708333 0.400000
vt 0.708333 0.449307
vt 0.708333 0.450693
vt 0.708333 0.500000
vt 0.708333 0.549071
vt 0.750000 0.550929
vt 0.750000 0.649071
vt 0.750000 0.650929
vt 0.750000 0.749307
vt 0.750000 0.750693
vt 0.750000 0.800000
vt 0.750000 0.849455
vt 0.750000 0.850545
vt 0.750000 0.949306
vt 0.750000 0.950692
vt 0.750000 0.049071
vt 0.750000 0.050929
vt 0.750000 0.149071
vt 0.750000 0.150929
vt 0.750000 0.249308
vt 0.750000 0.250694
vt 0.750000 0.349455
vt 0.750000 0.350545
vt 0.750000 0.400000
vt 0.750000 0.449307
vt 0.750000 0.450693
vt 0.750000 0.549071
vt 0.791667 0.550929
vt 0.791667 0.649071
vt 0.791667 0.650929
vt 0.791667 0.749307
vt 0.791667 0.750693
vt 0.791667 0.800000
vt 0.791667 0.849455
vt 0.791667 0.850545
vt 0.791667 0.949306
vt 0.791667 0.950693
vt 0.791667 0.049071
vt 0.791667 0.050929
vt 0.791667 0.149071
vt 0.791667 0.150929
vt 0.791667 0.249307
vt 0.791667 0.250694
vt 0.791667 0.349455
vt 0.791667 0.350545
vt 0.791667 0.400000
vt 0.791667 0.449307
vt 0.791667 0.450693
vt 0.791667 0.549071
vt 0.833333 0.550929
vt 0.833333 0.649071
vt 0.833333 0.650929
vt 0.833333 0.700000
vt 0.833333 0.749307
vt 0.833333 0.750694
vt 0.833333 0.800000
vt 0.833333 0.849454
vt 0.833333 0.850546
vt 0.833333 0.949307
vt 0.833333 0.950693
vt 0.833333 0.049071
vt 0.833333 0.050929
vt 0.833333 0.149071
vt 0.833333 0.150929
vt 0.833333 0.249307
vt 0.833333 0.250693
vt 0.833333 0.349454
vt 0.833333 0.350546
vt 0.833333 0.400000
vt 0.833333 0.449306
vt 0.833333 0.450693
vt 0.833333 0.549071
vt 0.875000 0.550929
vt 0.875000 0.649071
vt 0.875000 0.650929
vt 0.875000 0.700000
vt 0.875000 0.749307
vt 0.875000 0.750693
vt 0.875000 0.849455
vt 0.875000 0.850546
vt 0.875000 0.949307
vt 0.875000 0.950693
vt 0.875000 0.049071
vt 0.875000 0.050929
vt 0.875000 0.149071
vt 0.875000 0.150929
vt 0.875000 0.249307
vt 0.875000 0.250693
vt 0.875000 0.349454
vt 0.875000 0.350545
vt 0.875000 0.400000
vt 0.875000 0.449307
vt 0.875000 0.450693
vt 0.875000 0.549071
vt 0.916667 0.550929
vt 0.916667 0.649071
vt 0.916667 0.650929
vt 0.916667 0.700000
vt 0.916667 0.749307
vt 0.916667 0.750693
vt 0.916667 0.849454
vt 0.916667 0.850546
vt 0.916667 0.949307
vt 0.916667 0.950693
vt 0.916667 0.049071
vt 0.916667 0.050929
vt 0.916667 0.149071
vt 0.916667 0.150929
vt 0.916667 0.249307
vt 0.916667 0.250693
vt 0.916667 0.349454
vt 0.916667 0.350546
vt 0.916667 0.400000
vt 0.916667 0.449307
vt 0.916667 0.450693
vt 0.916667 0.549071
vt 0.958333 0.550929
vt 0.958333 0.649071
vt 0.958333 0.650929
vt 0.958333 0.700000
vt 0.958333 0.749307
vt 0.958333 0.750694
vt 0.958333 0.800000
vt 0.958333 0.849455
vt 0.958333 0.850545
vt 0.958333 0.949307
vt 0.958333 0.950693
vt 0.958333 0.049071
vt 0.958333 0.050929
vt 0.958333 0.149071
vt 0.958333 0.150929
vt 0.958333 0.249307
vt 0.958333 0.250693
vt 0.958333 0.349455
vt 0.958333 0.350545
vt 0.958333 0.400000
vt 0.958333 0.449306
vt 0.958333 0.450693
vt 0.958333 0.549071
vt 1.000000 0.550929
vt 0.999977 0.600000
vt 1.000000 0.649071
vt 1.000000 0.650929
vt 0.999981 0.700000
vt 1.000000 0.749307
vt 1.000000 0.750693
vt 0.999993 0.800000
vt 1.000000 0.849455
vt 1.000000 0.850545
vt 1.000000 0.949307
vt 1.000000 0.950693
vt 1.000000 0.049071
vt 1.000000 0.050929
vt 1.000000 0.149071
vt 1.000000 0.150929
vt 1.000000 0.249307
vt 1.000000 0.250693
vt 1.000000 0.349455
vt 1.000000 0.350545
vt 0.999993 0.400000
vt 1.000000 0.449307
vt 1.000000 0.450693
vt 0.999981 0.500000
vt 1.000000 0.549071
vt -0.000000 0.550929
vt 0.041667 0.550929
vt 0.000023 0.600000
vt 0.041667 0.649071
vt -0.000000 0.649071
vt -0.000000 0.650929
vt 0.041667 0.650929
vt 0.041667 0.700000
vt 0.000019 0.700000
vt 0.041667 0.749307
vt -0.000000 0.749307
vt -0.000000 0.750693
vt 0.041667 0.750693
vt 0.041667 0.800000
vt 0.000007 0.800000
vt 0.041667 0.849455
vt -0.000000 0.849455
vt -0.000000 0.850545
vt 0.041667 0.850545
vt 0.041667 0.949307
vt -0.000000 0.949307
vt -0.000000 0.950692
vt 0.041667 0.950693
vt 0.041667 0.049071
vt -0.000000 0.049071
vt -0.000000 0.050929
vt 0.041667 0.050929
vt 0.041667 0.149071
vt -0.000000 0.149071
vt -0.000000 0.150929
vt 0.041667 0.150929
vt 0.041667 0.249307
vt -0.000000 0.249308
vt -0.000000 0.250693
vt 0.041667 0.250693
vt 0.041667 0.349455
vt -0.000000 0.349455
vt -0.000000 0.350545
vt 0.041667 0.350545
vt 0.000007 0.400000
vt 0.041667 0.449307
vt -0.000000 0.449307
vt -0.000000 0.450693
vt 0.041667 0.450693
vt 0.041667 0.500000
vt 0.000019 0.500000
vt 0.041667 0.549071
vt -0.000000 0.549071
vt 0.083333 0.550929
vt 0.083333 0.600000
vt 0.083333 0.649071
vt 0.083333 0.650929
vt 0.083333 0.700000
vt 0.083333 0.749307
vt 0.083333 0.750693
vt 0.083333 0.849454
vt 0.083333 0.850546
vt 0.083333 0.949307
vt 0.083333 0.950693
vt 0.083333 0.049071
vt 0.083333 0.050929
vt 0.083333 0.149071
vt 0.083333 0.150929
vt 0.083333 0.249307
vt 0.083333 0.250693
vt 0.083333 0.349454
vt 0.083333 0.350546
vt 0.083333 0.400000
vt 0.083333 0.449307
vt 0.083333 0.450693
vt 0.083333 0.500000
vt 0.083333 0.549071
vt 0.125000 0.550929
vt 0.125000 0.600000
vt 0.125000 0.649071
vt 0.125000 0.650929
vt 0.125000 0.700000
vt 0.125000 0.749308
vt 0.125000 0.750693
vt 0.125000 0.800000
vt 0.125000 0.849454
vt 0.125000 0.850546
vt 0.125000 0.949307
vt 0.125000 0.950693
vt 0.125000 0.049071
vt 0.125000 0.050929
vt 0.125000 0.149071
vt 0.125000 0.150929
vt 0.125000 0.249307
vt 0.125000 0.250693
vt 0.125000 0.349454
vt 0.125000 0.350546
vt 0.125000 0.400000
vt 0.125000 0.449307
vt 0.125000 0.450692
vt 0.125000 0.500000
vt 0.125000 0.549071
vt 0.166667 0.550929
vt 0.166667 0.600000
vt 0.166667 0.649071
vt 0.166667 0.650929
vt 0.166667 0.700000
vt 0.166667 0.749307
vt 0.166667 0.750693
vt 0.166667 0.800000
vt 0.166667 0.849454
vt 0.166667 0.850546
vt 0.166667 0.949307
vt 0.166667 0.950693
vt 0.166667 0.049071
vt 0.166667 0.050929
vt 0.166667 0.149071
vt 0.166667 0.150929
vt 0.166667 0.249307
vt 0.166667 0.250693
vt 0.166667 0.349454
vt 0.166667 0.350546
vt 0.166667 0.400000
vt 0.166667 0.449307
vt 0.166667 0.450693
vt 0.166667 0.549071
vt 0.208333 0.550929
vt 0.208333 0.649071
vt 0.208333 0.650929
vt 0.208333 0.700000
vt 0.208333 0.749307
vt 0.208333 0.750693
vt 0.208333 0.800000
vt 0.208333 0.849454
vt 0.208333 0.850546
vt 0.208333 0.949307
vt 0.208333 0.950693
vt 0.208333 0.049071
vt 0.208333 0.050929
vt 0.208333 0.149071
vt 0.208333 0.150929
vt 0.208333 0.249307
vt 0.208333 0.250693
vt 0.208333 0.349454
vt 0.208333 0.350546
vt 0.208333 0.400000
vt 0.208333 0.449307
vt 0.208333 0.450693
vt 0.208333 0.549071
vt 0.250000 0.550929
vt 0.250000 0.649071
vt 0.250000 0.650929
vt 0.250000 0.749307
vt 0.250000 0.750693
vt 0.250000 0.800000
vt 0.250000 0.849455
vt 0.250000 0.850545
vt 0.250000 0.949307
vt 0.250000 0.950693
vt 0.250000 0.049071
vt 0.250000 0.050929
vt 0.250000 0.149071
vt 0.250000 0.150929
vt 0.250000 0.249307
vt 0.250000 0.250693
vt 0.250000 0.349455
vt 0.250000 0.350545
vt 0.250000 0.400000
vt 0.250000 0.449307
vt 0.250000 0.450693
vt 0.250000 0.549071
vt 0.291667 0.550929
vt 0.291667 0.600000
vt 0.291667 0.649071
vt 0.291667 0.650929
vt 0.291667 0.749307
vt 0.291667 0.750693
vt 0.291667 0.800000
vt 0.291667 0.849455
vt 0.291667 0.850545
vt 0.291667 0.949306
vt 0.291667 0.950693
vt 0.291667 0.049071
vt 0.291667 0.050929
vt 0.291667 0.149071
vt 0.291667 0.150929
vt 0.291667 0.249307
vt 0.291667 0.250694
vt 0.291667 0.349455
vt 0.291667 0.350545
vt 0.291667 0.449307
vt 0.291667 0.450693
vt 0.291667 0.549071
vt 0.333333 0.550929
vt 0.333333 0.649071
vt 0.333333 0.650929
vt 0.333333 0.700000
vt 0.333333 0.749307
vt 0.333333 0.750693
vt 0.333333 0.800000
vt 0.333333 0.849454
vt 0.333333 0.850546
vt 0.333333 0.949306
vt 0.333333 0.950693
vt 0.333333 0.049071
vt 0.333333 0.050929
vt 0.333333 0.149071
vt 0.333333 0.150929
vt 0.333333 0.249307
vt 0.333333 0.250694
vt 0.333333 0.349454
vt 0.333333 0.350546
vt 0.333333 0.400000
vt 0.333333 0.449307
vt 0.333333 0.450693
vt 0.333333 0.500000
vt 0.333333 0.549071
vt 0.375000 0.550929
vt 0.375000 0.649071
vt 0.375000 0.650929
vt 0.375000 0.749307
vt 0.375000 0.750693
vt 0.375000 0.849454
vt 0.375000 0.850546
vt 0.375000 0.949307
vt 0.375000 0.950693
vt 0.375000 0.049071
vt 0.375000 0.050929
vt 0.375000 0.149071
vt 0.375000 0.150929
vt 0.375000 0.249307
vt 0.375000 0.250693
vt 0.375000 0.349454
vt 0.375000 0.350546
vt 0.375000 0.400000
vt 0.375000 0.449307
vt 0.375000 0.450693
vt 0.375000 0.549071
vt 0.416667 0.550929
vt 0.416667 0.649071
vt 0.416667 0.650929
vt 0.416667 0.700000
vt 0.416667 0.749307
vt 0.416667 0.750693
vt 0.416667 0.800000
vt 0.416667 0.849454
vt 0.416667 0.850546
vt 0.416667 0.949307
vt 0.416667 0.950693
vt 0.416667 0.049071
vt 0.416667 0.050929
vt 0.416667 0.149071
vt 0.416667 0.150929
vt 0.416667 0.249307
vt 0.416667 0.250693
vt 0.416667 0.349454
vt 0.416667 0.350546
vt 0.416667 0.400000
vt 0.416667 0.449307
vt 0.416667 0.450693
vt 0.416667 0.549071
vt 0.458333 0.550929
vt 0.458333 0.600000
vt 0.458333 0.649071
vt 0.458333 0.650929
vt 0.458333 0.700000
vt 0.458333 0.749307
vt 0.458333 0.750694
vt 0.458333 0.800000
vt 0.458333 0.849455
vt 0.458333 0.850545
vt 0.458333 0.949307
vt 0.458333 0.950693
vt 0.458333 0.049071
vt 0.458333 0.050929
vt 0.458333 0.149071
vt 0.458333 0.150929
vt 0.458333 0.249307
vt 0.458333 0.250693
vt 0.458333 0.349455
vt 0.458333 0.350545
vt 0.458333 0.400000
vt 0.458333 0.449306
vt 0.458333 0.450693
vt 0.458333 0.549071
vt 0.156250 0.718750
vt 0.156250 0.750000
vt 0.125000 0.718750
vt 0.611111 0.968750
vt 0.625000 0.968750
vt 0.611111 1.000000
vt 0.156250 0.531250
vt 0.125000 0.531250
vt 0.156250 0.500000
vt 0.625000 0.260417
vt 0.611111 0.281250
vt 0.611111 0.226562
vt 0.343750 0.718750
vt 0.385417 0.718750
vt 0.366319 0.765625
vt 0.640625 0.750000
vt 0.611111 0.781250
vt 0.611111 0.726563
vt 0.343750 0.531250
vt 0.366319 0.484375
vt 0.385417 0.531250
vt 0.640625 0.515625
vt 0.611111 0.531250
vt 0.611111 0.476563
vt 0.388889 0.968750
vt 0.388889 1.000000
vt 0.625000 0.031250
vt 0.611111 0.031250
vt 0.388889 0.281250
vt 0.388889 0.218750
vt 0.388889 0.031250
vt 0.843750 0.531250
vt 0.843750 0.718750
vt 0.156250 0.718750
vt 0.156250 0.750000
vt 0.125000 0.718750
vt 0.611111 0.968750
vt 0.625000 0.968750
vt 0.611111 1.000000
vt 0.156250 0.531250
vt 0.156250 0.500000
vt 0.625000 0.260417
vt 0.611111 0.281250
vt 0.611111 0.226562
vt 0.343750 0.718750
vt 0.366319 0.765625
vt 0.640625 0.750000
vt 0.611111 0.781250
vt 0.611111 0.726562
vt 0.343750 0.531250
vt 0.366319 0.484375
vt 0.385417 0.531250
vt 0.640625 0.515625
vt 0.611111 0.531250
vt 0.611111 0.476562
vt 0.388889 0.968750
vt 0.388889 1.000000
vt 0.625000 0.031250
vt 0.611111 0.031250
vt 0.388889 0.281250
vt 0.388889 0.218750
vt 0.388889 0.031250
vt 0.843750 0.531250
vt 0.843750 0.718750
vt 0.156250 0.718750
vt 0.156250 0.750000
vt 0.125000 0.718750
vt 0.611111 0.968750
vt 0.611111 1.000000
vt 0.156250 0.531250
vt 0.125000 0.531250
vt 0.156250 0.500000
vt 0.611111 0.281250
vt 0.611111 0.226563
vt 0.343750 0.718750
vt 0.385417 0.718750
vt 0.366319 0.765625
vt 0.640625 0.750000
vt 0.611111 0.781250
vt 0.611111 0.726562
vt 0.343750 0.531250
vt 0.366319 0.484375
vt 0.385417 0.531250
vt 0.640625 0.515625
vt 0.611111 0.531250
vt 0.611111 0.476563
vt 0.388889 0.968750
vt 0.625000 0.031250
vt 0.611111 0.031250
vt 0.388889 0.281250
vt 0.388889 0.218750
vt 0.388889 0.031250
vt 0.843750 0.531250
vt 0.843750 0.718750
vt 0.156251 0.718750
vt 0.156250 0.750000
vt 0.611111 0.968750
vt 0.625000 0.968750
vt 0.611111 1.000000
vt 0.156250 0.531250
vt 0.156250 0.500000
vt 0.625000 0.260417
vt 0.611111 0.281250
vt 0.611111 0.226563
vt 0.343750 0.718750
vt 0.385417 0.718750
vt 0.366320 0.765625
vt 0.640625 0.750000
vt 0.611111 0.781250
vt 0.611111 0.726562
vt 0.343750 0.531250
vt 0.366319 0.484375
vt 0.385417 0.531250
vt 0.640625 0.515625
vt 0.611111 0.531250
vt 0.611111 0.476563
vt 0.388889 0.968750
vt 0.625000 0.031250
vt 0.611111 0.031250
vt 0.388889 0.281250
vt 0.388889 0.218750
vt 0.388889 0.031250
vt 0.843750 0.531250
vt 0.843750 0.718750
vt 0.156250 0.718750
vt 0.156250 0.750000
vt 0.611111 0.968750
vt 0.156250 0.531250
vt 0.125000 0.531250
vt 0.156250 0.500000
vt 0.611111 0.281250
vt 0.611111 0.226562
vt 0.343750 0.718750
vt 0.385417 0.718750
vt 0.366319 0.765625
vt 0.640625 0.750000
vt 0.611111 0.781250
vt 0.343750 0.531250
vt 0.640625 0.515625
vt 0.611111 0.531250
vt 0.611111 0.476562
vt 0.388889 0.968750
vt 0.625000 0.031250
vt 0.611111 0.031250
vt 0.388889 0.281250
vt 0.388889 0.218750
vt 0.388889 0.031250
vt 0.843750 0.531250
vt 0.843750 0.718750
vt 0.156250 0.718750
vt 0.156250 0.750000
vt 0.125000 0.718750
vt 0.156250 0.531250
vt 0.125000 0.531250
vt 0.156250 0.500000
vt 0.625000 0.260417
vt 0.611111 0.281250
vt 0.611111 0.226563
vt 0.343750 0.718750
vt 0.366319 0.765625
vt 0.640625 0.750000
vt 0.611111 0.781250
vt 0.343750 0.531250
vt 0.366319 0.484375
vt 0.640625 0.515625
vt 0.611111 0.531250
vt 0.611111 0.476562
vt 0.388889 0.968750
vt 0.388889 1.000000
vt 0.625000 0.031250
vt 0.611111 0.031250
vt 0.388889 0.281250
vt 0.388889 0.218750
vt 0.388889 0.031250
vt 0.843750 0.531250
vt 0.843750 0.718750
vt 0.156250 0.718750
vt 0.156250 0.750000
vt 0.125000 0.718750
vt 0.625000 0.968750
vt 0.611111 1.000000
vt 0.156250 0.531250
vt 0.156250 0.500000
vt 0.625000 0.281250
vt 0.611111 0.281250
vt 0.611111 0.229167
vt 0.351563 0.718750
vt 0.388889 0.718750
vt 0.377604 0.765625
vt 0.640625 0.750000
vt 0.611111 0.781250
vt 0.611111 0.726562
vt 0.343750 0.531250
vt 0.366319 0.484375
vt 0.385417 0.531250
vt 0.640625 0.515625
vt 0.611111 0.531250
vt 0.611111 0.476563
vt 0.388889 0.968750
vt 0.843750 0.718750
vt 0.843750 0.531250
vt 0.875000 0.531250
vt 0.875000 0.718750
vt 0.388889 0.281250
vt 0.388889 0.218750
vt 0.388889 0.031250
vt 0.611111 0.031250
vt 0.156250 0.718750
vt 0.156250 0.750000
vt 0.125000 0.718750
vt 0.611111 0.968750
vt 0.625000 0.968750
vt 0.156250 0.531250
vt 0.156251 0.500000
vt 0.611111 0.229167
vt 0.351562 0.718750
vt 0.388889 0.718750
vt 0.377604 0.765625
vt 0.611111 0.781250
vt 0.611111 0.726563
vt 0.343750 0.531250
vt 0.366320 0.484375
vt 0.385417 0.531250
vt 0.640625 0.515625
vt 0.388889 0.968750
vt 0.843750 0.718750
vt 0.843750 0.531250
vt 0.875001 0.531250
vt 0.388889 0.281251
vt 0.388889 0.218750
vt 0.388889 0.031250
vt 0.611111 0.031250
s 1
f 1/1/1 4/2/4 7/3/7 6/4/6
f 4/2/4 5/5/5 8/6/8 7/3/7
f 6/4/6 7/3/7 19/7/19 16/8/16
f 7/3/7 8/6/8 9/9/9 19/7/19
f 2/10/2 10/11/10 13/12/13 12/13/12
f 10/11/10 11/14/11 14/15/14 13/12/13
f 12/13/12 13/12/13 8/16/8 5/17/5
f 13/12/13 14/15/14 9/18/9 8/16/8
f 3/19/3 15/20/15 18/21/18 17/22/17
f 15/20/15 16/23/16 19/24/19 18/21/18
f 17/22/17 18/21/18 14/25/14 11/26/11
f 18/21/18 19/24/19 9/27/9 14/25/14
f 20/28/20 23/29/23 26/30/26 25/31/25
f 23/29/23 24/32/24 27/33/27 26/30/26
f 25/31/25 26/30/26 38/34/38 35/35/35
f 26/30/26 27/33/27 28/36/28 38/34/38
f 21/37/21 29/38/29 32/39/32 31/40/31
f 29/38/29 30/41/30 33/42/33 32/39/32
f 31/40/31 32/39/32 27/43/27 24/44/24
f 32/39/32 33/42/33 28/45/28 27/43/27
f 22/46/22 34/47/34 37/48/37 36/49/36
f 34/47/34 35/50/35 38/51/38 37/48/37
f 36/49/36 37/48/37 33/52/33 30/53/30
f 37/48/37 38/51/38 28/54/28 33/52/33
f 39/55/39 42/56/42 45/57/45 44/58/44
f 42/56/42 43/59/43 46/60/46 45/57/45
f 44/58/44 45/57/45 57/61/57 54/62/54
f 45/57/45 46/60/46 47/63/47 57/61/57
f 40/64/40 48/65/48 51/66/51 50/67/50
f 48/65/48 49/68/49 52/69/52 51/66/51
f 50/67/50 51/66/51 46/70/46 43/71/43
f 51/66/51 52/69/52 47/72/47 46/70/46
f 41/73/41 53/74/53 56/75/56 55/76/55
f 53/74/53 54/77/54 57/78/57 56/75/56
f 55/76/55 56/75/56 52/69/52 49/68/49
f 56/75/56 57/78/57 47/72/47 52/69/52
f 58/79/58 61/80/61 64/81/64 63/82/63
f 61/80/61 62/83/62 65/84/65 64/81/64
f 63/82/63 64/81/64 76/85/76 73/86/73
f 64/81/64 65/84/65 66/87/66 76/85/76
f 59/88/59 67/89/67 70/90/70 69/91/69
f 67/89/67 68/92/68 71/93/71 70/90/70
f 69/91/69 70/90/70 65/94/65 62/95/62
f 70/90/70 71/93/71 66/96/66 65/94/65
f 60/97/60 72/98/72 75/99/75 74/100/74
f 72/98/72 73/101/73 76/102/76 75/99/75
f 74/100/74 75/99/75 71/93/71 68/92/68
f 75/99/75 76/102/76 66/96/66 71/93/71
f 77/103/77 80/104/80 83/105/83 82/106/82
f 80/104/80 81/107/81 84/108/84 83/105/83
f 82/106/82 83/105/83 95/109/95 92/110/92
f 83/105/83 84/108/84 85/111/85 95/109/95
f 78/112/78 86/113/86 89/114/89 88/115/88
f 86/113/86 87/116/87 90/117/90 89/114/89
f 88/115/88 89/114/89 84/108/84 81/107/81
f 89/114/89 90/117/90 85/111/85 84/108/84
f 79/118/79 91/119/91 94/120/94 93/121/93
f 91/119/91 92/110/92 95/109/95 94/120/94
f 93/121/93 94/120/94 90/117/90 87/116/87
f 94/120/94 95/109/95 85/111/85 90/117/90
f 96/122/96 99/123/99 102/124/102 101/125/101
f 99/123/99 100/126/100 103/127/103 102/124/102
f 101/125/101 102/124/102 114/128/114 111/129/111
f 102/124/102 103/127/103 104/130/104 114/128/114
f 97/131/97 105/132/105 108/133/108 107/134/107
f 105/132/105 106/135/106 109/136/109 108/133/108
f 107/134/107 108/133/108 103/127/103 100/126/100
f 108/133/108 109/136/109 104/130/104 103/127/103
f 98/137/98 110/138/110 113/139/113 112/140/112
f 110/138/110 111/129/111 114/128/114 113/139/113
f 112/140/112 113/139/113 109/136/109 106/135/106
f 113/139/113 114/128/114 104/130/104 109/136/109
f 115/141/115 118/142/118 121/143/121 120/144/120
f 118/142/118 119/145/119 122/146/122 121/143/121
f 120/144/120 121/143/121 133/147/133 130/148/130
f 121/143/121 122/146/122 123/149/123 133/147/133
f 116/150/116 124/151/124 127/152/127 126/153/126
f 124/151/124 125/154/125 128/155/128 127/152/127
f 126/153/126 127/152/127 122/146/122 119/145/119
f 127/152/127 128/155/128 123/149/123 122/146/122
f 117/156/117 129/157/129 132/158/132 131/159/131
f 129/157/129 130/148/130 133/147/133 132/158/132
f 131/159/131 132/158/132 128/155/128 125/154/125
f 132/158/132 133/147/133 123/149/123 128/155/128
f 134/160/134 137/161/137 140/162/140 139/163/139
f 137/161/137 138/164/138 141/165/141 140/162/140
f 139/163/139 140/162/140 152/166/152 149/167/149
f 140/162/140 141/165/141 142/168/142 152/166/152
f 135/169/135 143/170/143 146/171/146 145/172/145
f 143/170/143 144/173/144 147/174/147 146/171/146
f 145/172/145 146/171/146 141/165/141 138/164/138
f 146/171/146 147/174/147 142/168/142 141/165/141
f 136/175/136 148/176/148 151/177/151 150/178/150
f 148/176/148 149/167/149 152/166/152 151/177/151
f 150/178/150 151/177/151 147/174/147 144/173/144
f 151/177/151 152/166/152 142/168/142 147/174/147
f 39/55/39 1/1/1 6/4/6 42/56/42
f 42/56/42 6/4/6 16/8/16 43/59/43
f 43/71/43 16/23/16 15/20/15 50/67/50
f 50/67/50 15/20/15 3/19/3 40/64/40
f 2/10/2 20/28/20 25/31/25 10/11/10
f 10/11/10 25/31/25 35/35/35 11/14/11
f 11/26/11 35/50/35 34/47/34 17/22/17
f 17/22/17 34/47/34 22/46/22 3/19/3
f 21/37/21 58/79/58 63/82/63 29/38/29
f 29/38/29 63/82/63 73/86/73 30/41/30
f 30/53/30 73/101/73 72/98/72 36/49/36
f 36/49/36 72/98/72 60/97/60 22/46/22
f 59/88/59 41/73/41 55/76/55 67/89/67
f 67/89/67 55/76/55 49/68/49 68/92/68
f 68/92/68 49/68/49 48/65/48 74/100/74
f 74/100/74 48/65/48 40/64/40 60/97/60
f 115/141/115 39/55/39 44/58/44 118/142/118
f 118/142/118 44/58/44 54/62/54 119/145/119
f 119/145/119 54/77/54 53/74/53 126/153/126
f 126/153/126 53/74/53 41/73/41 116/150/116
f 58/79/58 134/160/134 139/163/139 61/80/61
f 61/80/61 139/163/139 149/167/149 62/83/62
f 62/95/62 149/167/149 148/176/148 69/91/69
f 69/91/69 148/176/148 136/175/136 59/88/59
f 135/169/135 117/156/117 131/159/131 143/170/143
f 143/170/143 131/159/131 125/154/125 144/173/144
f 144/173/144 125/154/125 124/151/124 150/178/150
f 150/178/150 124/151/124 116/150/116 136/175/136
f 77/103/77 115/141/115 120/144/120 80/104/80
f 80/104/80 120/144/120 130/148/130 81/107/81
f 81/107/81 130/148/130 129/157/129 88/115/88
f 88/115/88 129/157/129 117/156/117 78/112/78
f 134/160/134 96/122/96 101/125/101 137/161/137
f 137/161/137 101/125/101 111/129/111 138/164/138
f 138/164/138 111/129/111 110/138/110 145/172/145
f 145/172/145 110/138/110 98/137/98 135/169/135
f 97/131/97 79/118/79 93/121/93 105/132/105
f 105/132/105 93/121/93 87/116/87 106/135/106
f 106/135/106 87/116/87 86/113/86 112/140/112
f 112/140/112 86/113/86 78/112/78 98/137/98
f 1/1/1 77/103/77 82/106/82 4/2/4
f 4/2/4 82/106/82 92/110/92 5/5/5
f 5/17/5 92/110/92 91/119/91 12/13/12
f 12/13/12 91/119/91 79/118/79 2/10/2
f 96/122/96 21/37/21 31/40/31 99/123/99
f 99/123/99 31/40/31 24/44/24 100/126/100
f 100/126/100 24/32/24 23/29/23 107/134/107
f 107/134/107 23/29/23 20/28/20 97/131/97
f 39/55/39 115/141/115 77/103/77 1/1/1
f 3/19/3 22/46/22 60/97/60 40/64/40
f 79/118/79 97/131/97 20/28/20 2/10/2
f 134/160/134 58/79/58 21/37/21 96/122/96
f 41/73/41 59/88/59 136/175/136 116/150/116
f 117/156/117 135/169/135 98/137/98 78/112/78
f 153/179/1 156/180/4 159/181/7 158/182/6
f 156/180/4 157/183/5 160/184/8 159/181/7
f 158/182/6 159/181/7 171/185/19 168/186/16
f 159/181/7 160/184/8 161/187/153 171/185/19
f 154/188/2 162/189/10 165/190/13 164/191/12
f 162/189/10 163/192/11 166/193/14 165/190/13
f 164/191/12 165/190/13 160/194/8 157/195/5
f 165/190/13 166/193/14 161/196/153 160/194/8
f 155/197/3 167/198/15 170/199/18 169/200/17
f 167/198/15 168/201/16 171/24/19 170/199/18
f 169/200/17 170/199/18 166/202/14 163/203/11
f 170/199/18 171/24/19 161/27/153 166/202/14
f 172/204/20 175/205/23 178/206/26 177/207/25
f 175/205/23 176/208/24 179/209/27 178/206/26
f 177/207/25 178/206/26 190/210/38 187/211/35
f 178/206/26 179/209/27 180/212/154 190/210/38
f 173/213/21 181/214/29 184/215/32 183/216/31
f 181/214/29 182/217/30 185/42/33 184/215/32
f 183/216/31 184/215/32 179/218/27 176/219/24
f 184/215/32 185/42/33 180/45/154 179/218/27
f 174/220/22 186/221/34 189/222/37 188/223/36
f 186/221/34 187/224/35 190/225/38 189/222/37
f 188/223/36 189/222/37 185/226/33 182/227/30
f 189/222/37 190/225/38 180/228/154 185/226/33
f 191/229/39 194/230/42 197/231/45 196/232/44
f 194/230/42 195/233/43 198/234/46 197/231/45
f 196/232/44 197/231/45 209/235/57 206/236/54
f 197/231/45 198/234/46 199/237/47 209/235/57
f 192/238/40 200/239/48 203/240/51 202/241/50
f 200/239/48 201/242/49 204/243/52 203/240/51
f 202/241/50 203/240/51 198/244/46 195/245/43
f 203/240/51 204/243/52 199/246/47 198/244/46
f 193/247/41 205/248/53 208/249/56 207/250/55
f 205/248/53 206/251/54 209/252/57 208/249/56
f 207/250/55 208/249/56 204/243/52 201/242/49
f 208/249/56 209/252/57 199/246/47 204/243/52
f 210/253/58 213/254/61 216/255/64 215/256/63
f 213/254/61 214/257/62 217/258/65 216/255/64
f 215/256/63 216/255/64 228/85/76 225/86/73
f 216/255/64 217/258/65 218/259/66 228/85/76
f 211/260/59 219/261/67 222/262/70 221/263/69
f 219/261/67 220/264/68 223/265/71 222/262/70
f 221/263/69 222/262/70 217/266/65 214/267/62
f 222/262/70 223/265/71 218/268/66 217/266/65
f 212/269/60 224/270/72 227/271/75 226/272/74
f 224/270/72 225/273/73 228/102/76 227/271/75
f 226/272/74 227/271/75 223/265/71 220/264/68
f 227/271/75 228/102/76 218/268/66 223/265/71
f 229/274/77 232/275/80 235/276/83 234/277/82
f 232/275/80 233/278/81 236/108/84 235/276/83
f 234/277/82 235/276/83 247/279/95 244/280/92
f 235/276/83 236/108/84 237/281/85 247/279/95
f 230/282/78 238/283/86 241/284/89 240/285/88
f 238/283/86 239/286/87 242/287/90 241/284/89
f 240/285/88 241/284/89 236/108/84 233/278/81
f 241/284/89 242/287/90 237/281/85 236/108/84
f 231/288/79 243/289/91 246/290/94 245/291/93
f 243/289/91 244/280/92 247/279/95 246/290/94
f 245/291/93 246/290/94 242/287/90 239/286/87
f 246/290/94 247/279/95 237/281/85 242/287/90
f 248/292/96 251/293/99 254/294/102 253/295/101
f 251/293/99 252/296/100 255/297/103 254/294/102
f 253/295/101 254/294/102 266/128/114 263/298/111
f 254/294/102 255/297/103 256/299/155 266/128/114
f 249/300/97 257/301/105 260/302/108 259/303/107
f 257/301/105 258/304/106 261/305/109 260/302/108
f 259/303/107 260/302/108 255/297/103 252/296/100
f 260/302/108 261/305/109 256/299/155 255/297/103
f 250/306/98 262/307/110 265/308/113 264/309/112
f 262/307/110 263/298/111 266/128/114 265/308/113
f 264/309/112 265/308/113 261/305/109 258/304/106
f 265/308/113 266/128/114 256/299/155 261/305/109
f 267/310/115 270/311/118 273/312/121 272/313/120
f 270/311/118 271/314/119 274/315/122 273/312/121
f 272/313/120 273/312/121 285/147/133 282/148/130
f 273/312/121 274/315/122 275/316/123 285/147/133
f 268/317/116 276/318/124 279/319/127 278/320/126
f 276/318/124 277/321/125 280/322/128 279/319/127
f 278/320/126 279/319/127 274/315/122 271/314/119
f 279/319/127 280/322/128 275/316/123 274/315/122
f 269/323/117 281/324/129 284/325/132 283/326/131
f 281/324/129 282/148/130 285/147/133 284/325/132
f 283/326/131 284/325/132 280/322/128 277/321/125
f 284/325/132 285/147/133 275/316/123 280/322/128
f 286/327/134 289/328/137 292/329/140 291/330/139
f 289/328/137 290/331/138 293/165/141 292/329/140
f 291/330/139 292/329/140 304/332/152 301/333/149
f 292/329/140 293/165/141 294/334/142 304/332/152
f 287/335/135 295/336/143 298/337/146 297/338/145
f 295/336/143 296/339/144 299/340/147 298/337/146
f 297/338/145 298/337/146 293/165/141 290/331/138
f 298/337/146 299/340/147 294/334/142 293/165/141
f 288/341/136 300/342/148 303/343/151 302/344/150
f 300/342/148 301/333/149 304/332/152 303/343/151
f 302/344/150 303/343/151 299/340/147 296/339/144
f 303/343/151 304/332/152 294/334/142 299/340/147
f 191/229/39 153/179/1 158/182/6 194/230/42
f 194/230/42 158/182/6 168/186/16 195/233/43
f 195/245/43 168/201/16 167/198/15 202/241/50
f 202/241/50 167/198/15 155/197/3 192/238/40
f 154/188/2 172/204/20 177/207/25 162/189/10
f 162/189/10 177/207/25 187/211/35 163/192/11
f 163/203/11 187/224/35 186/221/34 169/200/17
f 169/200/17 186/221/34 174/220/22 155/197/3
f 173/213/21 210/253/58 215/256/63 181/214/29
f 181/214/29 215/256/63 225/86/73 182/217/30
f 182/227/30 225/273/73 224/270/72 188/223/36
f 188/223/36 224/270/72 212/269/60 174/220/22
f 211/260/59 193/247/41 207/250/55 219/261/67
f 219/261/67 207/250/55 201/242/49 220/264/68
f 220/264/68 201/242/49 200/239/48 226/272/74
f 226/272/74 200/239/48 192/238/40 212/269/60
f 267/310/115 191/229/39 196/232/44 270/311/118
f 270/311/118 196/232/44 206/236/54 271/314/119
f 271/314/119 206/251/54 205/248/53 278/320/126
f 278/320/126 205/248/53 193/247/41 268/317/116
f 210/253/58 286/327/134 291/330/139 213/254/61
f 213/254/61 291/330/139 301/333/149 214/257/62
f 214/267/62 301/333/149 300/342/148 221/263/69
f 221/263/69 300/342/148 288/341/136 211/260/59
f 287/335/135 269/323/117 283/326/131 295/336/143
f 295/336/143 283/326/131 277/321/125 296/339/144
f 296/339/144 277/321/125 276/318/124 302/344/150
f 302/344/150 276/318/124 268/317/116 288/341/136
f 229/274/77 267/310/115 272/313/120 232/275/80
f 232/275/80 272/313/120 282/148/130 233/278/81
f 233/278/81 282/148/130 281/324/129 240/285/88
f 240/285/88 281/324/129 269/323/117 230/282/78
f 286/327/134 248/292/96 253/295/101 289/328/137
f 289/328/137 253/295/101 263/298/111 290/331/138
f 290/331/138 263/298/111 262/307/110 297/338/145
f 297/338/145 262/307/110 250/306/98 287/335/135
f 249/300/97 231/288/79 245/291/93 257/301/105
f 257/301/105 245/291/93 239/286/87 258/304/106
f 258/304/106 239/286/87 238/283/86 264/309/112
f 264/309/112 238/283/86 230/282/78 250/306/98
f 153/179/1 229/274/77 234/277/82 156/180/4
f 156/180/4 234/277/82 244/280/92 157/183/5
f 157/195/5 244/280/92 243/289/91 164/191/12
f 164/191/12 243/289/91 231/288/79 154/188/2
f 248/292/96 173/213/21 183/216/31 251/293/99
f 251/293/99 183/216/31 176/219/24 252/296/100
f 252/296/100 176/208/24 175/205/23 259/303/107
f 259/303/107 175/205/23 172/204/20 249/300/97
f 191/229/39 267/310/115 229/274/77 153/179/1
f 155/197/3 174/220/22 212/269/60 192/238/40
f 231/288/79 249/300/97 172/204/20 154/188/2
f 286/327/134 210/253/58 173/213/21 248/292/96
f 193/247/41 211/260/59 288/341/136 268/317/116
f 269/323/117 287/335/135 250/306/98 230/282/78
f 305/345/1 308/346/4 311/347/7 310/348/6
f 308/346/4 309/349/5 312/350/8 311/347/7
f 310/348/6 311/347/7 323/185/19 320/8/16
f 311/347/7 312/350/8 313/351/156 323/185/19
f 306/352/2 314/353/10 317/354/13 316/355/12
f 314/353/10 315/356/11 318/357/14 317/354/13
f 316/355/12 317/354/13 312/358/8 309/359/5
f 317/354/13 318/357/14 313/360/156 312/358/8
f 307/361/3 319/362/15 322/363/18 321/364/17
f 319/362/15 320/23/16 323/24/19 322/363/18
f 321/364/17 322/363/18 318/365/14 315/366/11
f 322/363/18 323/24/19 313/367/156 318/365/14
f 324/368/20 327/369/23 330/370/26 329/371/25
f 327/369/23 328/372/24 331/373/27 330/370/26
f 329/371/25 330/370/26 342/374/38 339/375/35
f 330/370/26 331/373/27 332/376/157 342/374/38
f 325/377/21 333/378/29 336/379/32 335/380/31
f 333/378/29 334/41/30 337/42/33 336/379/32
f 335/380/31 336/379/32 331/381/27 328/382/24
f 336/379/32 337/42/33 332/45/157 331/381/27
f 326/383/22 338/384/34 341/385/37 340/386/36
f 338/384/34 339/387/35 342/388/38 341/385/37
f 340/386/36 341/385/37 337/389/33 334/390/30
f 341/385/37 342/388/38 332/391/157 337/389/33
f 343/392/39 346/393/42 349/394/45 348/395/44
f 346/393/42 347/233/43 350/234/46 349/394/45
f 348/395/44 349/394/45 361/396/57 358/397/54
f 349/394/45 350/234/46 351/237/47 361/396/57
f 344/398/40 352/399/48 355/400/51 354/401/50
f 352/399/48 353/402/49 356/403/52 355/400/51
f 354/401/50 355/400/51 350/244/46 347/245/43
f 355/400/51 356/403/52 351/404/47 350/244/46
f 345/405/41 357/406/53 360/407/56 359/408/55
f 357/406/53 358/409/54 361/410/57 360/407/56
f 359/408/55 360/407/56 356/403/52 353/402/49
f 360/407/56 361/410/57 351/404/47 356/403/52
f 362/411/58 365/412/61 368/413/64 367/414/63
f 365/412/61 366/415/62 369/416/65 368/413/64
f 367/414/63 368/413/64 380/85/76 377/417/73
f 368/413/64 369/416/65 370/418/158 380/85/76
f 363/419/59 371/420/67 374/421/70 373/422/69
f 371/420/67 372/423/68 375/424/71 374/421/70
f 373/422/69 374/421/70 369/425/65 366/426/62
f 374/421/70 375/424/71 370/427/158 369/425/65
f 364/428/60 376/429/72 379/430/75 378/431/74
f 376/429/72 377/101/73 380/102/76 379/430/75
f 378/431/74 379/430/75 375/424/71 372/423/68
f 379/430/75 380/102/76 370/427/158 375/424/71
f 381/432/77 384/433/80 387/434/83 386/435/82
f 384/433/80 385/278/81 388/108/84 387/434/83
f 386/435/82 387/434/83 399/436/95 396/437/92
f 387/434/83 388/108/84 389/438/159 399/436/95
f 382/439/78 390/440/86 393/441/89 392/442/88
f 390/440/86 391/443/87 394/444/90 393/441/89
f 392/442/88 393/441/89 388/108/84 385/278/81
f 393/441/89 394/444/90 389/438/159 388/108/84
f 383/445/79 395/446/91 398/447/94 397/448/93
f 395/446/91 396/437/92 399/436/95 398/447/94
f 397/448/93 398/447/94 394/444/90 391/443/87
f 398/447/94 399/436/95 389/438/159 394/444/90
f 400/449/96 403/450/99 406/451/102 405/452/101
f 403/450/99 404/453/100 407/454/103 406/451/102
f 405/452/101 406/451/102 418/128/114 415/129/111
f 406/451/102 407/454/103 408/455/160 418/128/114
f 401/456/97 409/457/105 412/458/108 411/459/107
f 409/457/105 410/460/106 413/461/109 412/458/108
f 411/459/107 412/458/108 407/454/103 404/453/100
f 412/458/108 413/461/109 408/455/160 407/454/103
f 402/462/98 414/463/110 417/464/113 416/465/112
f 414/463/110 415/129/111 418/128/114 417/464/113
f 416/465/112 417/464/113 413/461/109 410/460/106
f 417/464/113 418/128/114 408/455/160 413/461/109
f 419/466/115 422/467/118 425/468/121 424/469/120
f 422/467/118 423/470/119 426/471/122 425/468/121
f 424/469/120 425/468/121 437/147/133 434/148/130
f 425/468/121 426/471/122 427/472/161 437/147/133
f 420/473/116 428/474/124 431/475/127 430/476/126
f 428/474/124 429/477/125 432/478/128 431/475/127
f 430/476/126 431/475/127 426/471/122 423/470/119
f 431/475/127 432/478/128 427/472/161 426/471/122
f 421/479/117 433/480/129 436/481/132 435/482/131
f 433/480/129 434/148/130 437/147/133 436/481/132
f 435/482/131 436/481/132 432/478/128 429/477/125
f 436/481/132 437/147/133 427/472/161 432/478/128
f 438/483/134 441/484/137 444/485/140 443/486/139
f 441/484/137 442/331/138 445/165/141 444/485/140
f 443/486/139 444/485/140 456/487/152 453/488/149
f 444/485/140 445/165/141 446/489/162 456/487/152
f 439/490/135 447/491/143 450/492/146 449/493/145
f 447/491/143 448/494/144 451/495/147 450/492/146
f 449/493/145 450/492/146 445/165/141 442/331/138
f 450/492/146 451/495/147 446/489/162 445/165/141
f 440/496/136 452/497/148 455/498/151 454/499/150
f 452/497/148 453/488/149 456/487/152 455/498/151
f 454/499/150 455/498/151 451/495/147 448/494/144
f 455/498/151 456/487/152 446/489/162 451/495/147
f 343/392/39 305/345/1 310/348/6 346/393/42
f 346/393/42 310/348/6 320/8/16 347/233/43
f 347/245/43 320/23/16 319/362/15 354/401/50
f 354/401/50 319/362/15 307/361/3 344/398/40
f 306/352/2 324/368/20 329/371/25 314/353/10
f 314/353/10 329/371/25 339/375/35 315/356/11
f 315/366/11 339/387/35 338/384/34 321/364/17
f 321/364/17 338/384/34 326/383/22 307/361/3
f 325/377/21 362/411/58 367/414/63 333/378/29
f 333/378/29 367/414/63 377/417/73 334/41/30
f 334/390/30 377/101/73 376/429/72 340/386/36
f 340/386/36 376/429/72 364/428/60 326/383/22
f 363/419/59 345/405/41 359/408/55 371/420/67
f 371/420/67 359/408/55 353/402/49 372/423/68
f 372/423/68 353/402/49 352/399/48 378/431/74
f 378/431/74 352/399/48 344/398/40 364/428/60
f 419/466/115 343/392/39 348/395/44 422/467/118
f 422/467/118 348/395/44 358/397/54 423/470/119
f 423/470/119 358/409/54 357/406/53 430/476/126
f 430/476/126 357/406/53 345/405/41 420/473/116
f 362/411/58 438/483/134 443/486/139 365/412/61
f 365/412/61 443/486/139 453/488/149 366/415/62
f 366/426/62 453/488/149 452/497/148 373/422/69
f 373/422/69 452/497/148 440/496/136 363/419/59
f 439/490/135 421/479/117 435/482/131 447/491/143
f 447/491/143 435/482/131 429/477/125 448/494/144
f 448/494/144 429/477/125 428/474/124 454/499/150
f 454/499/150 428/474/124 420/473/116 440/496/136
f 381/432/77 419/466/115 424/469/120 384/433/80
f 384/433/80 424/469/120 434/148/130 385/278/81
f 385/278/81 434/148/130 433/480/129 392/442/88
f 392/442/88 433/480/129 421/479/117 382/439/78
f 438/483/134 400/449/96 405/452/101 441/484/137
f 441/484/137 405/452/101 415/129/111 442/331/138
f 442/331/138 415/129/111 414/463/110 449/493/145
f 449/493/145 414/463/110 402/462/98 439/490/135
f 401/456/97 383/445/79 397/448/93 409/457/105
f 409/457/105 397/448/93 391/443/87 410/460/106
f 410/460/106 391/443/87 390/440/86 416/465/112
f 416/465/112 390/440/86 382/439/78 402/462/98
f 305/345/1 381/432/77 386/435/82 308/346/4
f 308/346/4 386/435/82 396/437/92 309/349/5
f 309/359/5 396/437/92 395/446/91 316/355/12
f 316/355/12 395/446/91 383/445/79 306/352/2
f 400/449/96 325/377/21 335/380/31 403/450/99
f 403/450/99 335/380/31 328/382/24 404/453/100
f 404/453/100 328/372/24 327/369/23 411/459/107
f 411/459/107 327/369/23 324/368/20 401/456/97
f 343/392/39 419/466/115 381/432/77 305/345/1
f 307/361/3 326/383/22 364/428/60 344/398/40
f 383/445/79 401/456/97 324/368/20 306/352/2
f 438/483/134 362/411/58 325/377/21 400/449/96
f 345/405/41 363/419/59 440/496/136 420/473/116
f 421/479/117 439/490/135 402/462/98 382/439/78
f 457/500/1 460/501/4 463/502/7 462/503/6
f 460/501/4 461/504/5 464/505/8 463/502/7
f 462/503/6 463/502/7 475/506/19 472/8/16
f 463/502/7 464/505/8 465/507/156 475/506/19
f 458/508/2 466/509/10 469/510/13 468/511/12
f 466/509/10 467/512/11 470/513/14 469/510/13
f 468/511/12 469/510/13 464/514/8 461/515/5
f 469/510/13 470/513/14 465/516/156 464/514/8
f 459/517/3 471/518/15 474/519/18 473/520/17
f 471/518/15 472/521/16 475/522/19 474/519/18
f 473/520/17 474/519/18 470/523/14 467/524/11
f 474/519/18 475/522/19 465/525/156 470/523/14
f 476/526/20 479/527/23 482/528/26 481/529/25
f 479/527/23 480/530/24 483/531/27 482/528/26
f 481/529/25 482/528/26 494/532/38 491/533/35
f 482/528/26 483/531/27 484/534/163 494/532/38
f 477/535/21 485/536/29 488/537/32 487/538/31
f 485/536/29 486/217/30 489/42/33 488/537/32
f 487/538/31 488/537/32 483/539/27 480/540/24
f 488/537/32 489/42/33 484/541/163 483/539/27
f 478/542/22 490/543/34 493/544/37 492/545/36
f 490/543/34 491/546/35 494/547/38 493/544/37
f 492/545/36 493/544/37 489/548/33 486/549/30
f 493/544/37 494/547/38 484/550/163 489/548/33
f 495/551/39 498/552/42 501/553/45 500/554/44
f 498/552/42 499/59/43 502/60/46 501/553/45
f 500/554/44 501/553/45 513/555/57 510/556/54
f 501/553/45 502/60/46 503/63/164 513/555/57
f 496/557/40 504/558/48 507/559/51 506/560/50
f 504/558/48 505/561/49 508/562/52 507/559/51
f 506/560/50 507/559/51 502/244/46 499/563/43
f 507/559/51 508/562/52 503/564/164 502/244/46
f 497/565/41 509/566/53 512/567/56 511/568/55
f 509/566/53 510/569/54 513/570/57 512/567/56
f 511/568/55 512/567/56 508/562/52 505/561/49
f 512/567/56 513/570/57 503/564/164 508/562/52
f 514/571/58 517/572/61 520/573/64 519/574/63
f 517/572/61 518/575/62 521/576/65 520/573/64
f 519/574/63 520/573/64 532/577/76 529/578/73
f 520/573/64 521/576/65 522/579/165 532/577/76
f 515/580/59 523/581/67 526/582/70 525/583/69
f 523/581/67 524/584/68 527/585/71 526/582/70
f 525/583/69 526/582/70 521/586/65 518/587/62
f 526/582/70 527/585/71 522/588/165 521/586/65
f 516/589/60 528/590/72 531/591/75 530/592/74
f 528/590/72 529/593/73 532/594/76 531/591/75
f 530/592/74 531/591/75 527/585/71 524/584/68
f 531/591/75 532/594/76 522/588/165 527/585/71
f 533/595/77 536/596/80 539/597/83 538/598/82
f 536/596/80 537/278/81 540/108/84 539/597/83
f 538/598/82 539/597/83 551/599/95 548/600/92
f 539/597/83 540/108/84 541/601/159 551/599/95
f 534/602/78 542/603/86 545/604/89 544/605/88
f 542/603/86 543/606/87 546/607/90 545/604/89
f 544/605/88 545/604/89 540/108/84 537/278/81
f 545/604/89 546/607/90 541/601/159 540/108/84
f 535/608/79 547/609/91 550/610/94 549/611/93
f 547/609/91 548/600/92 551/599/95 550/610/94
f 549/611/93 550/610/94 546/607/90 543/606/87
f 550/610/94 551/599/95 541/601/159 546/607/90
f 552/612/96 555/613/99 558/614/102 557/615/101
f 555/613/99 556/616/100 559/617/103 558/614/102
f 557/615/101 558/614/102 570/128/114 567/298/111
f 558/614/102 559/617/103 560/618/166 570/128/114
f 553/619/97 561/620/105 564/621/108 563/622/107
f 561/620/105 562/623/106 565/624/109 564/621/108
f 563/622/107 564/621/108 559/617/103 556/616/100
f 564/621/108 565/624/109 560/618/166 559/617/103
f 554/625/98 566/626/110 569/627/113 568/628/112
f 566/626/110 567/298/111 570/128/114 569/627/113
f 568/628/112 569/627/113 565/624/109 562/623/106
f 569/627/113 570/128/114 560/618/166 565/624/109
f 571/629/115 574/630/118 577/631/121 576/632/120
f 574/630/118 575/633/119 578/634/122 577/631/121
f 576/632/120 577/631/121 589/635/133 586/636/130
f 577/631/121 578/634/122 579/637/167 589/635/133
f 572/638/116 580/639/124 583/640/127 582/641/126
f 580/639/124 581/642/125 584/643/128 583/640/127
f 582/641/126 583/640/127 578/634/122 575/633/119
f 583/640/127 584/643/128 579/637/167 578/634/122
f 573/644/117 585/645/129 588/646/132 587/647/131
f 585/645/129 586/636/130 589/635/133 588/646/132
f 587/647/131 588/646/132 584/643/128 581/642/125
f 588/646/132 589/635/133 579/637/167 584/643/128
f 590/648/134 593/649/137 596/650/140 595/651/139
f 593/649/137 594/164/138 597/165/141 596/650/140
f 595/651/139 596/650/140 608/652/152 605/653/149
f 596/650/140 597/165/141 598/654/168 608/652/152
f 591/655/135 599/656/143 602/657/146 601/658/145
f 599/656/143 600/659/144 603/660/147 602/657/146
f 601/658/145 602/657/146 597/165/141 594/164/138
f 602/657/146 603/660/147 598/654/168 597/165/141
f 592/661/136 604/662/148 607/663/151 606/664/150
f 604/662/148 605/653/149 608/652/152 607/663/151
f 606/664/150 607/663/151 603/660/147 600/659/144
f 607/663/151 608/652/152 598/654/168 603/660/147
f 495/551/39 457/500/1 462/503/6 498/552/42
f 498/552/42 462/503/6 472/8/16 499/59/43
f 499/563/43 472/521/16 471/518/15 506/560/50
f 506/560/50 471/518/15 459/517/3 496/557/40
f 458/508/2 476/526/20 481/529/25 466/509/10
f 466/509/10 481/529/25 491/533/35 467/512/11
f 467/524/11 491/546/35 490/543/34 473/520/17
f 473/520/17 490/543/34 478/542/22 459/517/3
f 477/535/21 514/571/58 519/574/63 485/536/29
f 485/536/29 519/574/63 529/578/73 486/217/30
f 486/549/30 529/593/73 528/590/72 492/545/36
f 492/545/36 528/590/72 516/589/60 478/542/22
f 515/580/59 497/565/41 511/568/55 523/581/67
f 523/581/67 511/568/55 505/561/49 524/584/68
f 524/584/68 505/561/49 504/558/48 530/592/74
f 530/592/74 504/558/48 496/557/40 516/589/60
f 571/629/115 495/551/39 500/554/44 574/630/118
f 574/630/118 500/554/44 510/556/54 575/633/119
f 575/633/119 510/569/54 509/566/53 582/641/126
f 582/641/126 509/566/53 497/565/41 572/638/116
f 514/571/58 590/648/134 595/651/139 517/572/61
f 517/572/61 595/651/139 605/653/149 518/575/62
f 518/587/62 605/653/149 604/662/148 525/583/69
f 525/583/69 604/662/148 592/661/136 515/580/59
f 591/655/135 573/644/117 587/647/131 599/656/143
f 599/656/143 587/647/131 581/642/125 600/659/144
f 600/659/144 581/642/125 580/639/124 606/664/150
f 606/664/150 580/639/124 572/638/116 592/661/136
f 533/595/77 571/629/115 576/632/120 536/596/80
f 536/596/80 576/632/120 586/636/130 537/278/81
f 537/278/81 586/636/130 585/645/129 544/605/88
f 544/605/88 585/645/129 573/644/117 534/602/78
f 590/648/134 552/612/96 557/615/101 593/649/137
f 593/649/137 557/615/101 567/298/111 594/164/138
f 594/164/138 567/298/111 566/626/110 601/658/145
f 601/658/145 566/626/110 554/625/98 591/655/135
f 553/619/97 535/608/79 549/611/93 561/620/105
f 561/620/105 549/611/93 543/606/87 562/623/106
f 562/623/106 543/606/87 542/603/86 568/628/112
f 568/628/112 542/603/86 534/602/78 554/625/98
f 457/500/1 533/595/77 538/598/82 460/501/4
f 460/501/4 538/598/82 548/600/92 461/504/5
f 461/515/5 548/600/92 547/609/91 468/511/12
f 468/511/12 547/609/91 535/608/79 458/508/2
f 552/612/96 477/535/21 487/538/31 555/613/99
f 555/613/99 487/538/31 480/540/24 556/616/100
f 556/616/100 480/530/24 479/527/23 563/622/107
f 563/622/107 479/527/23 476/526/20 553/619/97
f 495/551/39 571/629/115 533/595/77 457/500/1
f 459/517/3 478/542/22 516/589/60 496/557/40
f 535/608/79 553/619/97 476/526/20 458/508/2
f 590/648/134 514/571/58 477/535/21 552/612/96
f 497/565/41 515/580/59 592/661/136 572/638/116
f 573/644/117 591/655/135 554/625/98 534/602/78
f 609/665/169 612/666/172 613/667/173 615/668/175
f 610/669/170 614/670/174 613/671/173 612/672/172
f 611/673/171 615/674/175 613/675/173 614/676/174
f 616/677/176 619/678/179 620/679/163 622/680/181
f 617/681/177 621/682/180 620/683/163 619/684/179
f 618/685/178 622/686/181 620/687/163 621/688/180
f 623/689/182 626/690/185 627/691/164 629/692/187
f 624/693/183 628/694/186 627/695/164 626/696/185
f 625/697/184 629/698/187 627/695/164 628/694/186
f 630/699/188 633/700/191 634/701/165 636/702/193
f 631/703/189 635/704/192 634/705/165 633/706/191
f 632/707/190 636/708/193 634/705/165 635/704/192
f 637/709/194 640/710/197 641/711/198 643/712/200
f 638/713/195 642/714/199 641/711/198 640/710/197
f 639/715/196 643/712/200 641/711/198 642/714/199
f 644/716/201 647/717/204 648/718/166 650/719/206
f 645/720/202 649/721/205 648/718/166 647/717/204
f 646/722/203 650/719/206 648/718/166 649/721/205
f 651/723/207 654/724/210 655/725/167 657/726/212
f 652/727/208 656/728/211 655/725/167 654/724/210
f 653/729/209 657/726/212 655/725/167 656/728/211
f 658/730/213 661/731/216 662/732/217 664/733/219
f 659/734/214 663/735/218 662/732/217 661/731/216
f 660/736/215 664/733/219 662/732/217 663/735/218
f 623/689/182 609/665/169 615/668/175 626/690/185
f 626/696/185 615/674/175 611/673/171 624/693/183
f 610/669/170 616/677/176 622/680/181 614/670/174
f 614/676/174 622/686/181 618/685/178 611/673/171
f 617/681/177 630/699/188 636/702/193 621/682/180
f 621/688/180 636/708/193 632/707/190 618/685/178
f 631/703/189 625/697/184 628/694/186 635/704/192
f 635/704/192 628/694/186 624/693/183 632/707/190
f 651/723/207 623/689/182 629/692/187 654/724/210
f 654/724/210 629/698/187 625/697/184 652/727/208
f 630/699/188 658/730/213 664/733/219 633/700/191
f 633/706/191 664/733/219 660/736/215 631/703/189
f 659/734/214 653/729/209 656/728/211 663/735/218
f 663/735/218 656/728/211 652/727/208 660/736/215
f 637/709/194 651/723/207 657/726/212 640/710/197
f 640/710/197 657/726/212 653/729/209 638/713/195
f 658/730/213 644/716/201 650/719/206 661/731/216
f 661/731/216 650/719/206 646/722/203 659/734/214
f 645/720/202 639/715/196 642/714/199 649/721/205
f 649/721/205 642/714/199 638/713/195 646/722/203
f 609/665/169 637/709/194 643/712/200 612/666/172
f 612/672/172 643/712/200 639/715/196 610/669/170
f 644/716/201 617/681/177 619/684/179 647/717/204
f 647/717/204 619/678/179 616/677/176 645/720/202
f 623/689/182 651/723/207 637/709/194 609/665/169
f 611/673/171 618/685/178 632/707/190 624/693/183
f 639/715/196 645/720/202 616/677/176 610/669/170
f 658/730/213 630/699/188 617/681/177 644/716/201
f 625/697/184 631/703/189 660/736/215 652/727/208
f 653/729/209 659/734/214 646/722/203 638/713/195
f 665/665/169 668/666/172 669/667/156 671/668/175
f 666/737/170 670/738/174 669/739/156 668/672/172
f 667/740/171 671/674/175 669/675/156 670/741/174
f 672/742/176 675/678/179 676/679/163 678/743/181
f 673/681/177 677/682/180 676/683/163 675/684/179
f 674/744/178 678/745/181 676/746/163 677/688/180
f 679/689/182 682/690/185 683/691/220 685/692/187
f 680/747/183 684/748/186 683/749/220 682/696/185
f 681/750/184 685/698/187 683/749/220 684/748/186
f 686/699/188 689/700/191 690/701/165 692/702/193
f 687/703/189 691/751/192 690/752/165 689/706/191
f 688/753/190 692/708/193 690/752/165 691/751/192
f 693/709/194 696/710/197 697/754/159 699/712/200
f 694/755/195 698/756/199 697/754/159 696/710/197
f 695/757/196 699/712/200 697/754/159 698/756/199
f 700/716/201 703/717/204 704/758/221 706/719/206
f 701/759/202 705/760/205 704/758/221 703/717/204
f 702/722/203 706/719/206 704/758/221 705/760/205
f 707/723/207 710/761/210 711/762/222 713/726/212
f 708/763/208 712/764/211 711/762/222 710/761/210
f 709/765/209 713/726/212 711/762/222 712/764/211
f 714/730/213 717/731/216 718/766/217 720/767/219
f 715/768/214 719/769/218 718/766/217 717/731/216
f 716/770/215 720/767/219 718/766/217 719/769/218
f 679/689/182 665/665/169 671/668/175 682/690/185
f 682/696/185 671/674/175 667/740/171 680/747/183
f 666/737/170 672/742/176 678/743/181 670/738/174
f 670/741/174 678/745/181 674/744/178 667/740/171
f 673/681/177 686/699/188 692/702/193 677/682/180
f 677/688/180 692/708/193 688/753/190 674/744/178
f 687/703/189 681/750/184 684/748/186 691/751/192
f 691/751/192 684/748/186 680/747/183 688/753/190
f 707/723/207 679/689/182 685/692/187 710/761/210
f 710/761/210 685/698/187 681/750/184 708/763/208
f 686/699/188 714/730/213 720/767/219 689/700/191
f 689/706/191 720/767/219 716/770/215 687/703/189
f 715/768/214 709/765/209 712/764/211 719/769/218
f 719/769/218 712/764/211 708/763/208 716/770/215
f 693/709/194 707/723/207 713/726/212 696/710/197
f 696/710/197 713/726/212 709/765/209 694/755/195
f 714/730/213 700/716/201 706/719/206 717/731/216
f 717/731/216 706/719/206 702/722/203 715/768/214
f 701/759/202 695/757/196 698/756/199 705/760/205
f 705/760/205 698/756/199 694/755/195 702/722/203
f 665/665/169 693/709/194 699/712/200 668/666/172
f 668/672/172 699/712/200 695/757/196 666/737/170
f 700/716/201 673/681/177 675/684/179 703/717/204
f 703/717/204 675/678/179 672/742/176 701/759/202
f 679/689/182 707/723/207 693/709/194 665/665/169
f 667/740/171 674/744/178 688/753/190 680/747/183
f 695/757/196 701/759/202 672/742/176 666/737/170
f 714/730/213 686/699/188 673/681/177 700/716/201
f 681/750/184 687/703/189 716/770/215 708/763/208
f 709/765/209 715/768/214 702/722/203 694/755/195
f 721/665/169 724/666/172 725/667/156 727/668/175
f 722/737/170 726/738/174 725/739/156 724/672/172
f 723/740/171 727/674/175 725/675/156 726/741/174
f 728/742/176 731/678/179 732/679/223 734/743/181
f 729/681/177 733/682/180 732/683/223 731/684/179
f 730/744/178 734/745/181 732/746/223 733/688/180
f 735/689/182 738/690/185 739/691/220 741/692/187
f 736/747/183 740/748/186 739/749/220 738/696/185
f 737/750/184 741/698/187 739/749/220 740/748/186
f 742/699/188 745/700/191 746/701/165 748/702/193
f 743/703/189 747/771/192 746/752/165 745/706/191
f 744/753/190 748/708/193 746/752/165 747/771/192
f 749/709/194 752/710/197 753/754/159 755/712/200
f 750/755/195 754/756/199 753/754/159 752/710/197
f 751/757/196 755/712/200 753/754/159 754/756/199
f 756/716/201 759/717/204 760/758/221 762/719/206
f 757/759/202 761/760/205 760/758/221 759/717/204
f 758/722/203 762/719/206 760/758/221 761/760/205
f 763/723/207 766/724/210 767/762/222 769/726/212
f 764/763/208 768/764/211 767/762/222 766/724/210
f 765/765/209 769/726/212 767/762/222 768/764/211
f 770/730/213 773/731/216 774/766/217 776/733/219
f 771/768/214 775/769/218 774/766/217 773/731/216
f 772/770/215 776/733/219 774/766/217 775/769/218
f 735/689/182 721/665/169 727/668/175 738/690/185
f 738/696/185 727/674/175 723/740/171 736/747/183
f 722/737/170 728/742/176 734/743/181 726/738/174
f 726/741/174 734/745/181 730/744/178 723/740/171
f 729/681/177 742/699/188 748/702/193 733/682/180
f 733/688/180 748/708/193 744/753/190 730/744/178
f 743/703/189 737/750/184 740/748/186 747/771/192
f 747/771/192 740/748/186 736/747/183 744/753/190
f 763/723/207 735/689/182 741/692/187 766/724/210
f 766/724/210 741/698/187 737/750/184 764/763/208
f 742/699/188 770/730/213 776/733/219 745/700/191
f 745/706/191 776/733/219 772/770/215 743/703/189
f 771/768/214 765/765/209 768/764/211 775/769/218
f 775/769/218 768/764/211 764/763/208 772/770/215
f 749/709/194 763/723/207 769/726/212 752/710/197
f 752/710/197 769/726/212 765/765/209 750/755/195
f 770/730/213 756/716/201 762/719/206 773/731/216
f 773/731/216 762/719/206 758/722/203 771/768/214
f 757/759/202 751/757/196 754/756/199 761/760/205
f 761/760/205 754/756/199 750/755/195 758/722/203
f 721/665/169 749/709/194 755/712/200 724/666/172
f 724/672/172 755/712/200 751/757/196 722/737/170
f 756/716/201 729/681/177 731/684/179 759/717/204
f 759/717/204 731/678/179 728/742/176 757/759/202
f 735/689/182 763/723/207 749/709/194 721/665/169
f 723/740/171 730/744/178 744/753/190 736/747/183
f 751/757/196 757/759/202 728/742/176 722/737/170
f 770/730/213 742/699/188 729/681/177 756/716/201
f 737/750/184 743/703/189 772/770/215 764/763/208
f 765/765/209 771/768/214 758/722/203 750/755/195
f 777/665/169 780/666/172 781/667/156 783/668/175
f 778/772/170 782/773/174 781/774/156 780/672/172
f 779/775/171 783/674/175 781/675/156 782/776/174
f 784/777/176 787/678/179 788/679/224 790/778/181
f 785/681/177 789/682/180 788/683/224 787/684/179
f 786/779/178 790/780/181 788/781/224 789/688/180
f 791/689/182 794/690/185 795/691/220 797/692/187
f 792/782/183 796/783/186 795/784/220 794/696/185
f 793/785/184 797/698/187 795/784/220 796/783/186
f 798/699/188 801/700/191 802/701/225 804/702/193
f 799/786/189 803/704/192 802/705/225 801/706/191
f 800/787/190 804/708/193 802/705/225 803/704/192
f 805/709/194 808/710/197 809/788/159 811/712/200
f 806/789/195 810/790/199 809/788/159 808/710/197
f 807/757/196 811/712/200 809/788/159 810/790/199
f 812/716/201 815/717/204 816/718/155 818/719/206
f 813/791/202 817/721/205 816/718/155 815/717/204
f 814/792/203 818/719/206 816/718/155 817/721/205
f 819/723/207 822/761/210 823/793/167 825/726/212
f 820/794/208 824/795/211 823/793/167 822/761/210
f 821/796/209 825/726/212 823/793/167 824/795/211
f 826/730/213 829/731/216 830/732/168 832/733/219
f 827/797/214 831/735/218 830/732/168 829/731/216
f 828/798/215 832/733/219 830/732/168 831/735/218
f 791/689/182 777/665/169 783/668/175 794/690/185
f 794/696/185 783/674/175 779/775/171 792/782/183
f 778/772/170 784/777/176 790/778/181 782/773/174
f 782/776/174 790/780/181 786/779/178 779/775/171
f 785/681/177 798/699/188 804/702/193 789/682/180
f 789/688/180 804/708/193 800/787/190 786/779/178
f 799/786/189 793/785/184 796/783/186 803/704/192
f 803/704/192 796/783/186 792/782/183 800/787/190
f 819/723/207 791/689/182 797/692/187 822/761/210
f 822/761/210 797/698/187 793/785/184 820/794/208
f 798/699/188 826/730/213 832/733/219 801/700/191
f 801/706/191 832/733/219 828/798/215 799/786/189
f 827/797/214 821/796/209 824/795/211 831/735/218
f 831/735/218 824/795/211 820/794/208 828/798/215
f 805/709/194 819/723/207 825/726/212 808/710/197
f 808/710/197 825/726/212 821/796/209 806/789/195
f 826/730/213 812/716/201 818/719/206 829/731/216
f 829/731/216 818/719/206 814/792/203 827/797/214
f 813/791/202 807/757/196 810/790/199 817/721/205
f 817/721/205 810/790/199 806/789/195 814/792/203
f 777/665/169 805/709/194 811/712/200 780/666/172
f 780/672/172 811/712/200 807/757/196 778/772/170
f 812/716/201 785/681/177 787/684/179 815/717/204
f 815/717/204 787/678/179 784/777/176 813/791/202
f 791/689/182 819/723/207 805/709/194 777/665/169
f 779/775/171 786/779/178 800/787/190 792/782/183
f 807/757/196 813/791/202 784/777/176 778/772/170
f 826/730/213 798/699/188 785/681/177 812/716/201
f 793/785/184 799/786/189 828/798/215 820/794/208
f 821/796/209 827/797/214 814/792/203 806/789/195
f 833/799/169 836/666/172 837/667/9 839/800/175
f 834/669/170 838/670/174 837/671/9 836/672/172
f 835/801/171 839/802/175 837/803/9 838/676/174
f 840/677/176 843/678/179 844/679/163 846/680/181
f 841/804/177 845/682/180 844/805/163 843/684/179
f 842/806/178 846/686/181 844/687/163 845/807/180
f 847/808/182 850/690/185 851/691/47 853/692/187
f 848/809/183 852/810/186 851/695/47 850/811/185
f 849/697/184 853/698/187 851/695/47 852/810/186
f 854/812/188 857/700/191 858/701/66 860/813/193
f 855/703/189 859/704/192 858/705/66 857/706/191
f 856/814/190 860/815/193 858/705/66 859/704/192
f 861/709/194 864/710/197 865/816/85 867/712/200
f 862/817/195 866/714/199 865/816/85 864/710/197
f 863/715/196 867/712/200 865/816/85 866/714/199
f 868/716/201 871/717/204 872/718/104 874/719/206
f 869/720/202 873/721/205 872/718/104 871/717/204
f 870/818/203 874/719/206 872/718/104 873/721/205
f 875/819/207 878/761/210 879/725/226 881/726/212
f 876/727/208 880/728/211 879/725/226 878/761/210
f 877/820/209 881/726/212 879/725/226 880/728/211
f 882/821/213 885/731/216 886/732/142 888/767/219
f 883/822/214 887/735/218 886/732/142 885/731/216
f 884/736/215 888/767/219 886/732/142 887/735/218
f 847/808/182 833/799/169 839/800/175 850/690/185
f 850/811/185 839/802/175 835/801/171 848/809/183
f 834/669/170 840/677/176 846/680/181 838/670/174
f 838/676/174 846/686/181 842/806/178 835/801/171
f 841/804/177 854/812/188 860/813/193 845/682/180
f 845/807/180 860/815/193 856/814/190 842/806/178
f 855/703/189 849/697/184 852/810/186 859/704/192
f 859/704/192 852/810/186 848/809/183 856/814/190
f 875/819/207 847/808/182 853/692/187 878/761/210
f 878/761/210 853/698/187 849/697/184 876/727/208
f 854/812/188 882/821/213 888/767/219 857/700/191
f 857/706/191 888/767/219 884/736/215 855/703/189
f 883/822/214 877/820/209 880/728/211 887/735/218
f 887/735/218 880/728/211 876/727/208 884/736/215
f 861/709/194 875/819/207 881/726/212 864/710/197
f 864/710/197 881/726/212 877/820/209 862/817/195
f 882/821/213 868/716/201 874/719/206 885/731/216
f 885/731/216 874/719/206 870/818/203 883/822/214
f 869/720/202 863/715/196 866/714/199 873/721/205
f 873/721/205 866/714/199 862/817/195 870/818/203
f 833/799/169 861/709/194 867/712/200 836/666/172
f 836/672/172 867/712/200 863/715/196 834/669/170
f 868/716/201 841/804/177 843/684/179 871/717/204
f 871/717/204 843/678/179 840/677/176 869/720/202
f 847/808/182 875/819/207 861/709/194 833/799/169
f 835/801/171 842/806/178 856/814/190 848/809/183
f 863/715/196 869/720/202 840/677/176 834/669/170
f 882/821/213 854/812/188 841/804/177 868/716/201
f 849/697/184 855/703/189 884/736/215 876/727/208
f 877/820/209 883/822/214 870/818/203 862/817/195
f 889/799/169 892/666/172 893/667/156 895/800/175
f 890/737/170 894/738/174 893/739/156 892/672/172
f 891/823/171 895/802/175 893/803/156 894/741/174
f 896/742/176 899/678/179 900/679/223 902/743/181
f 897/804/177 901/682/180 900/805/223 899/684/179
f 898/824/178 902/745/181 900/746/223 901/807/180
f 903/808/182 906/690/185 907/691/227 909/692/187
f 904/825/183 908/748/186 907/749/227 906/811/185
f 905/750/184 909/698/187 907/749/227 908/748/186
f 910/812/188 913/700/191 914/701/66 916/813/193
f 911/703/189 915/771/192 914/752/66 913/706/191
f 912/826/190 916/815/193 914/752/66 915/771/192
f 917/709/194 920/710/197 921/827/159 923/712/200
f 918/789/195 922/756/199 921/827/159 920/710/197
f 919/757/196 923/712/200 921/827/159 922/756/199
f 924/716/201 927/717/204 928/758/155 930/719/206
f 925/759/202 929/760/205 928/758/155 927/717/204
f 926/828/203 930/719/206 928/758/155 929/760/205
f 931/819/207 934/724/210 935/762/228 937/726/212
f 932/763/208 936/764/211 935/762/228 934/724/210
f 933/765/209 937/726/212 935/762/228 936/764/211
f 938/821/213 941/731/216 942/766/142 944/733/219
f 939/829/214 943/769/218 942/766/142 941/731/216
f 940/770/215 944/733/219 942/766/142 943/769/218
f 903/808/182 889/799/169 895/800/175 906/690/185
f 906/811/185 895/802/175 891/823/171 904/825/183
f 890/737/170 896/742/176 902/743/181 894/738/174
f 894/741/174 902/745/181 898/824/178 891/823/171
f 897/804/177 910/812/188 916/813/193 901/682/180
f 901/807/180 916/815/193 912/826/190 898/824/178
f 911/703/189 905/750/184 908/748/186 915/771/192
f 915/771/192 908/748/186 904/825/183 912/826/190
f 931/819/207 903/808/182 909/692/187 934/724/210
f 934/724/210 909/698/187 905/750/184 932/763/208
f 910/812/188 938/821/213 944/733/219 913/700/191
f 913/706/191 944/733/219 940/770/215 911/703/189
f 939/829/214 933/765/209 936/764/211 943/769/218
f 943/769/218 936/764/211 932/763/208 940/770/215
f 917/709/194 931/819/207 937/726/212 920/710/197
f 920/710/197 937/726/212 933/765/209 918/789/195
f 938/821/213 924/716/201 930/719/206 941/731/216
f 941/731/216 930/719/206 926/828/203 939/829/214
f 925/759/202 919/757/196 922/756/199 929/760/205
f 929/760/205 922/756/199 918/789/195 926/828/203
f 889/799/169 917/709/194 923/712/200 892/666/172
f 892/672/172 923/712/200 919/757/196 890/737/170
f 924/716/201 897/804/177 899/684/179 927/717/204
f 927/717/204 899/678/179 896/742/176 925/759/202
f 903/808/182 931/819/207 917/709/194 889/799/169
f 891/823/171 898/824/178 912/826/190 904/825/183
f 919/757/196 925/759/202 896/742/176 890/737/170
f 938/821/213 910/812/188 897/804/177 924/716/201
f 905/750/184 911/703/189 940/770/215 932/763/208
f 933/765/209 939/829/214 926/828/203 918/789/195
f 945/799/169 948/666/172 949/667/156 951/800/175
f 946/737/170 950/738/174 949/739/156 948/672/172
f 947/823/171 951/802/175 949/803/156 950/741/174
f 952/742/176 955/678/179 956/679/223 958/743/181
f 953/804/177 957/682/180 956/805/223 955/684/179
f 954/824/178 958/745/181 956/746/223 957/807/180
f 959/808/182 962/690/185 963/691/227 965/692/187
f 960/825/183 964/748/186 963/749/227 962/811/185
f 961/750/184 965/698/187 963/749/227 964/748/186
f 966/812/188 969/700/191 970/701/66 972/813/193
f 967/703/189 971/751/192 970/752/66 969/706/191
f 968/826/190 972/815/193 970/752/66 971/751/192
f 973/709/194 976/710/197 977/827/159 979/712/200
f 974/789/195 978/756/199 977/827/159 976/710/197
f 975/757/196 979/712/200 977/827/159 978/756/199
f 980/716/201 983/717/204 984/758/155 986/719/206
f 981/759/202 985/760/205 984/758/155 983/717/204
f 982/828/203 986/719/206 984/758/155 985/760/205
f 987/819/207 990/761/210 991/762/228 993/726/212
f 988/763/208 992/764/211 991/762/228 990/761/210
f 989/765/209 993/726/212 991/762/228 992/764/211
f 994/821/213 997/731/216 998/766/142 1000/767/219
f 995/829/214 999/769/218 998/766/142 997/731/216
f 996/770/215 1000/767/219 998/766/142 999/769/218
f 959/808/182 945/799/169 951/800/175 962/690/185
f 962/811/185 951/802/175 947/823/171 960/825/183
f 946/737/170 952/742/176 958/743/181 950/738/174
f 950/741/174 958/745/181 954/824/178 947/823/171
f 953/804/177 966/812/188 972/813/193 957/682/180
f 957/807/180 972/815/193 968/826/190 954/824/178
f 967/703/189 961/750/184 964/748/186 971/751/192
f 971/751/192 964/748/186 960/825/183 968/826/190
f 987/819/207 959/808/182 965/692/187 990/761/210
f 990/761/210 965/698/187 961/750/184 988/763/208
f 966/812/188 994/821/213 1000/767/219 969/700/191
f 969/706/191 1000/767/219 996/770/215 967/703/189
f 995/829/214 989/765/209 992/764/211 999/769/218
f 999/769/218 992/764/211 988/763/208 996/770/215
f 973/709/194 987/819/207 993/726/212 976/710/197
f 976/710/197 993/726/212 989/765/209 974/789/195
f 994/821/213 980/716/201 986/719/206 997/731/216
f 997/731/216 986/719/206 982/828/203 995/829/214
f 981/759/202 975/757/196 978/756/199 985/760/205
f 985/760/205 978/756/199 974/789/195 982/828/203
f 945/799/169 973/709/194 979/712/200 948/666/172
f 948/672/172 979/712/200 975/757/196 946/737/170
f 980/716/201 953/804/177 955/684/179 983/717/204
f 983/717/204 955/678/179 952/742/176 981/759/202
f 959/808/182 987/819/207 973/709/194 945/799/169
f 947/823/171 954/824/178 968/826/190 960/825/183
f 975/757/196 981/759/202 952/742/176 946/737/170
f 994/821/213 966/812/188 953/804/177 980/716/201
f 961/750/184 967/703/189 996/770/215 988/763/208
f 989/765/209 995/829/214 982/828/203 974/789/195
f 1001/799/169 1004/666/172 1005/667/153 1007/800/175
f 1002/772/170 1006/773/174 1005/774/153 1004/672/172
f 1003/830/171 1007/802/175 1005/803/153 1006/776/174
f 1008/777/176 1011/678/179 1012/679/154 1014/778/181
f 1009/804/177 1013/682/180 1012/805/154 1011/684/179
f 1010/831/178 1014/780/181 1012/781/154 1013/807/180
f 1015/808/182 1018/690/185 1019/691/47 1021/692/187
f 1016/832/183 1020/783/186 1019/784/47 1018/811/185
f 1017/785/184 1021/698/187 1019/784/47 1020/783/186
f 1022/812/188 1025/700/191 1026/701/158 1028/813/193
f 1023/786/189 1027/704/192 1026/705/158 1025/706/191
f 1024/833/190 1028/815/193 1026/705/158 1027/704/192
f 1029/709/194 1032/710/197 1033/834/159 1035/712/200
f 1030/789/195 1034/790/199 1033/834/159 1032/710/197
f 1031/757/196 1035/712/200 1033/834/159 1034/790/199
f 1036/716/201 1039/717/204 1040/718/229 1042/719/206
f 1037/791/202 1041/721/205 1040/718/229 1039/717/204
f 1038/792/203 1042/719/206 1040/718/229 1041/721/205
f 1043/819/207 1046/724/210 1047/793/161 1049/726/212
f 1044/794/208 1048/795/211 1047/793/161 1046/724/210
f 1045/765/209 1049/726/212 1047/793/161 1048/795/211
f 1050/821/213 1053/731/216 1054/732/162 1056/733/219
f 1051/835/214 1055/735/218 1054/732/162 1053/731/216
f 1052/798/215 1056/733/219 1054/732/162 1055/735/218
f 1015/808/182 1001/799/169 1007/800/175 1018/690/185
f 1018/811/185 1007/802/175 1003/830/171 1016/832/183
f 1002/772/170 1008/777/176 1014/778/181 1006/773/174
f 1006/776/174 1014/780/181 1010/831/178 1003/830/171
f 1009/804/177 1022/812/188 1028/813/193 1013/682/180
f 1013/807/180 1028/815/193 1024/833/190 1010/831/178
f 1023/786/189 1017/785/184 1020/783/186 1027/704/192
f 1027/704/192 1020/783/186 1016/832/183 1024/833/190
f 1043/819/207 1015/808/182 1021/692/187 1046/724/210
f 1046/724/210 1021/698/187 1017/785/184 1044/794/208
f 1022/812/188 1050/821/213 1056/733/219 1025/700/191
f 1025/706/191 1056/733/219 1052/798/215 1023/786/189
f 1051/835/214 1045/765/209 1048/795/211 1055/735/218
f 1055/735/218 1048/795/211 1044/794/208 1052/798/215
f 1029/709/194 1043/819/207 1049/726/212 1032/710/197
f 1032/710/197 1049/726/212 1045/765/209 1030/789/195
f 1050/821/213 1036/716/201 1042/719/206 1053/731/216
f 1053/731/216 1042/719/206 1038/792/203 1051/835/214
f 1037/791/202 1031/757/196 1034/790/199 1041/721/205
f 1041/721/205 1034/790/199 1030/789/195 1038/792/203
f 1001/799/169 1029/709/194 1035/712/200 1004/666/172
f 1004/672/172 1035/712/200 1031/757/196 1002/772/170
f 1036/716/201 1009/804/177 1011/684/179 1039/717/204
f 1039/717/204 1011/678/179 1008/777/176 1037/791/202
f 1015/808/182 1043/819/207 1029/709/194 1001/799/169
f 1003/830/171 1010/831/178 1024/833/190 1016/832/183
f 1031/757/196 1037/791/202 1008/777/176 1002/772/170
f 1050/821/213 1022/812/188 1009/804/177 1036/716/201
f 1017/785/184 1023/786/189 1052/798/215 1044/794/208
f 1045/765/209 1051/835/214 1038/792/203 1030/789/195
f 1057/836/169 1060/666/172 1061/667/230 1063/668/175
f 1058/669/170 1062/670/174 1061/671/230 1060/672/172
f 1059/837/171 1063/838/175 1061/839/230 1062/676/174
f 1064/677/176 1067/678/179 1068/679/28 1070/680/181
f 1065/840/177 1069/841/180 1068/683/28 1067/684/179
f 1066/842/178 1070/686/181 1068/687/28 1069/843/180
f 1071/844/182 1074/845/185 1075/846/231 1077/692/187
f 1072/847/183 1076/694/186 1075/695/231 1074/848/185
f 1073/697/184 1077/698/187 1075/695/231 1076/694/186
f 1078/699/188 1081/700/191 1082/701/232 1084/849/193
f 1079/703/189 1083/704/192 1082/850/232 1081/706/191
f 1080/814/190 1084/851/193 1082/850/232 1083/704/192
f 1085/852/194 1088/853/197 1089/711/233 1091/712/200
f 1086/854/195 1090/714/199 1089/711/233 1088/853/197
f 1087/715/196 1091/712/200 1089/711/233 1090/714/199
f 1092/855/201 1095/717/204 1096/718/229 1098/719/206
f 1093/720/202 1097/721/205 1096/718/229 1095/717/204
f 1094/818/203 1098/719/206 1096/718/229 1097/721/205
f 1099/723/207 1102/761/210 1103/856/123 1105/857/212
f 1100/727/208 1104/728/211 1103/856/123 1102/761/210
f 1101/820/209 1105/857/212 1103/856/123 1104/728/211
f 1106/858/213 1109/859/216 1110/860/234 1112/767/219
f 1107/734/214 1111/735/218 1110/860/234 1109/859/216
f 1108/736/215 1112/767/219 1110/860/234 1111/735/218
f 1071/844/182 1057/836/169 1063/668/175 1074/845/185
f 1074/848/185 1063/838/175 1059/837/171 1072/847/183
f 1058/669/170 1064/677/176 1070/680/181 1062/670/174
f 1062/676/174 1070/686/181 1066/842/178 1059/837/171
f 1065/840/177 1078/699/188 1084/849/193 1069/841/180
f 1069/843/180 1084/851/193 1080/814/190 1066/842/178
f 1079/703/189 1073/697/184 1076/694/186 1083/704/192
f 1083/704/192 1076/694/186 1072/847/183 1080/814/190
f 1099/723/207 1071/844/182 1077/692/187 1102/761/210
f 1102/761/210 1077/698/187 1073/697/184 1100/727/208
f 1078/699/188 1106/858/213 1112/767/219 1081/700/191
f 1081/706/191 1112/767/219 1108/736/215 1079/703/189
f 1107/734/214 1101/820/209 1104/728/211 1111/735/218
f 1111/735/218 1104/728/211 1100/727/208 1108/736/215
f 1085/852/194 1099/723/207 1105/857/212 1088/853/197
f 1088/853/197 1105/857/212 1101/820/209 1086/854/195
f 1106/858/213 1092/855/201 1098/719/206 1109/859/216
f 1109/859/216 1098/719/206 1094/818/203 1107/734/214
f 1093/720/202 1087/715/196 1090/714/199 1097/721/205
f 1097/721/205 1090/714/199 1086/854/195 1094/818/203
f 1057/836/169 1085/852/194 1091/712/200 1060/666/172
f 1060/672/172 1091/712/200 1087/715/196 1058/669/170
f 1092/855/201 1065/840/177 1067/684/179 1095/717/204
f 1095/717/204 1067/678/179 1064/677/176 1093/720/202
f 1071/844/182 1099/723/207 1085/852/194 1057/836/169
f 1059/837/171 1066/842/178 1080/814/190 1072/847/183
f 1087/715/196 1093/720/202 1064/677/176 1058/669/170
f 1106/858/213 1078/699/188 1065/840/177 1092/855/201
f 1073/697/184 1079/703/189 1108/736/215 1100/727/208
f 1101/820/209 1107/734/214 1094/818/203 1086/854/195
f 1113/836/169 1116/666/172 1117/667/156 1119/668/175
f 1114/737/170 1118/738/174 1117/739/156 1116/672/172
f 1115/861/171 1119/838/175 1117/839/156 1118/741/174
f 1120/742/176 1123/678/179 1124/679/163 1126/743/181
f 1121/840/177 1125/841/180 1124/683/163 1123/684/179
f 1122/862/178 1126/745/181 1124/746/163 1125/843/180
f 1127/844/182 1130/845/185 1131/846/220 1133/692/187
f 1128/782/183 1132/748/186 1131/749/220 1130/848/185
f 1129/750/184 1133/698/187 1131/749/220 1132/748/186
f 1134/699/188 1137/700/191 1138/701/225 1140/849/193
f 1135/703/189 1139/771/192 1138/863/225 1137/706/191
f 1136/864/190 1140/851/193 1138/863/225 1139/771/192
f 1141/852/194 1144/853/197 1145/754/159 1147/712/200
f 1142/755/195 1146/756/199 1145/754/159 1144/853/197
f 1143/757/196 1147/712/200 1145/754/159 1146/756/199
f 1148/855/201 1151/717/204 1152/758/166 1154/719/206
f 1149/759/202 1153/760/205 1152/758/166 1151/717/204
f 1150/722/203 1154/719/206 1152/758/166 1153/760/205
f 1155/723/207 1158/724/210 1159/865/222 1161/857/212
f 1156/763/208 1160/764/211 1159/865/222 1158/724/210
f 1157/796/209 1161/857/212 1159/865/222 1160/764/211
f 1162/858/213 1165/859/216 1166/866/217 1168/733/219
f 1163/829/214 1167/769/218 1166/866/217 1165/859/216
f 1164/770/215 1168/733/219 1166/866/217 1167/769/218
f 1127/844/182 1113/836/169 1119/668/175 1130/845/185
f 1130/848/185 1119/838/175 1115/861/171 1128/782/183
f 1114/737/170 1120/742/176 1126/743/181 1118/738/174
f 1118/741/174 1126/745/181 1122/862/178 1115/861/171
f 1121/840/177 1134/699/188 1140/849/193 1125/841/180
f 1125/843/180 1140/851/193 1136/864/190 1122/862/178
f 1135/703/189 1129/750/184 1132/748/186 1139/771/192
f 1139/771/192 1132/748/186 1128/782/183 1136/864/190
f 1155/723/207 1127/844/182 1133/692/187 1158/724/210
f 1158/724/210 1133/698/187 1129/750/184 1156/763/208
f 1134/699/188 1162/858/213 1168/733/219 1137/700/191
f 1137/706/191 1168/733/219 1164/770/215 1135/703/189
f 1163/829/214 1157/796/209 1160/764/211 1167/769/218
f 1167/769/218 1160/764/211 1156/763/208 1164/770/215
f 1141/852/194 1155/723/207 1161/857/212 1144/853/197
f 1144/853/197 1161/857/212 1157/796/209 1142/755/195
f 1162/858/213 1148/855/201 1154/719/206 1165/859/216
f 1165/859/216 1154/719/206 1150/722/203 1163/829/214
f 1149/759/202 1143/757/196 1146/756/199 1153/760/205
f 1153/760/205 1146/756/199 1142/755/195 1150/722/203
f 1113/836/169 1141/852/194 1147/712/200 1116/666/172
f 1116/672/172 1147/712/200 1143/757/196 1114/737/170
f 1148/855/201 1121/840/177 1123/684/179 1151/717/204
f 1151/717/204 1123/678/179 1120/742/176 1149/759/202
f 1127/844/182 1155/723/207 1141/852/194 1113/836/169
f 1115/861/171 1122/862/178 1136/864/190 1128/782/183
f 1143/757/196 1149/759/202 1120/742/176 1114/737/170
f 1162/858/213 1134/699/188 1121/840/177 1148/855/201
f 1129/750/184 1135/703/189 1164/770/215 1156/763/208
f 1157/796/209 1163/829/214 1150/722/203 1142/755/195
f 1169/836/169 1172/666/172 1173/667/156 1175/668/175
f 1170/737/170 1174/738/174 1173/739/156 1172/672/172
f 1171/861/171 1175/838/175 1173/839/156 1174/741/174
f 1176/742/176 1179/678/179 1180/679/224 1182/743/181
f 1177/840/177 1181/841/180 1180/683/224 1179/684/179
f 1178/862/178 1182/745/181 1180/746/224 1181/843/180
f 1183/844/182 1186/845/185 1187/846/220 1189/692/187
f 1184/782/183 1188/748/186 1187/749/220 1186/848/185
f 1185/750/184 1189/698/187 1187/749/220 1188/748/186
f 1190/699/188 1193/700/191 1194/701/225 1196/849/193
f 1191/703/189 1195/751/192 1194/863/225 1193/706/191
f 1192/864/190 1196/851/193 1194/863/225 1195/751/192
f 1197/852/194 1200/853/197 1201/754/159 1203/712/200
f 1198/755/195 1202/756/199 1201/754/159 1200/853/197
f 1199/757/196 1203/712/200 1201/754/159 1202/756/199
f 1204/855/201 1207/717/204 1208/758/155 1210/719/206
f 1205/759/202 1209/760/205 1208/758/155 1207/717/204
f 1206/722/203 1210/719/206 1208/758/155 1209/760/205
f 1211/723/207 1214/761/210 1215/865/222 1217/857/212
f 1212/763/208 1216/764/211 1215/865/222 1214/761/210
f 1213/796/209 1217/857/212 1215/865/222 1216/764/211
f 1218/858/213 1221/859/216 1222/867/168 1224/767/219
f 1219/829/214 1223/769/218 1222/867/168 1221/859/216
f 1220/770/215 1224/767/219 1222/867/168 1223/769/218
f 1183/844/182 1169/836/169 1175/668/175 1186/845/185
f 1186/848/185 1175/838/175 1171/861/171 1184/782/183
f 1170/737/170 1176/742/176 1182/743/181 1174/738/174
f 1174/741/174 1182/745/181 1178/862/178 1171/861/171
f 1177/840/177 1190/699/188 1196/849/193 1181/841/180
f 1181/843/180 1196/851/193 1192/864/190 1178/862/178
f 1191/703/189 1185/750/184 1188/748/186 1195/751/192
f 1195/751/192 1188/748/186 1184/782/183 1192/864/190
f 1211/723/207 1183/844/182 1189/692/187 1214/761/210
f 1214/761/210 1189/698/187 1185/750/184 1212/763/208
f 1190/699/188 1218/858/213 1224/767/219 1193/700/191
f 1193/706/191 1224/767/219 1220/770/215 1191/703/189
f 1219/829/214 1213/796/209 1216/764/211 1223/769/218
f 1223/769/218 1216/764/211 1212/763/208 1220/770/215
f 1197/852/194 1211/723/207 1217/857/212 1200/853/197
f 1200/853/197 1217/857/212 1213/796/209 1198/755/195
f 1218/858/213 1204/855/201 1210/719/206 1221/859/216
f 1221/859/216 1210/719/206 1206/722/203 1219/829/214
f 1205/759/202 1199/757/196 1202/756/199 1209/760/205
f 1209/760/205 1202/756/199 1198/755/195 1206/722/203
f 1169/836/169 1197/852/194 1203/712/200 1172/666/172
f 1172/672/172 1203/712/200 1199/757/196 1170/737/170
f 1204/855/201 1177/840/177 1179/684/179 1207/717/204
f 1207/717/204 1179/678/179 1176/742/176 1205/759/202
f 1183/844/182 1211/723/207 1197/852/194 1169/836/169
f 1171/861/171 1178/862/178 1192/864/190 1184/782/183
f 1199/757/196 1205/759/202 1176/742/176 1170/737/170
f 1218/858/213 1190/699/188 1177/840/177 1204/855/201
f 1185/750/184 1191/703/189 1220/770/215 1212/763/208
f 1213/796/209 1219/829/214 1206/722/203 1198/755/195
f 1225/836/169 1228/666/172 1229/667/153 1231/668/175
f 1226/772/170 1230/773/174 1229/774/153 1228/672/172
f 1227/868/171 1231/838/175 1229/839/153 1230/776/174
f 1232/777/176 1235/678/179 1236/679/154 1238/778/181
f 1233/840/177 1237/841/180 1236/683/154 1235/684/179
f 1234/869/178 1238/780/181 1236/781/154 1237/843/180
f 1239/844/182 1242/845/185 1243/846/227 1245/692/187
f 1240/782/183 1244/783/186 1243/784/227 1242/848/185
f 1241/785/184 1245/698/187 1243/784/227 1244/783/186
f 1246/699/188 1249/700/191 1250/701/158 1252/849/193
f 1247/786/189 1251/704/192 1250/850/158 1249/706/191
f 1248/833/190 1252/851/193 1250/850/158 1251/704/192
f 1253/852/194 1256/853/197 1257/788/235 1259/712/200
f 1254/870/195 1258/790/199 1257/788/235 1256/853/197
f 1255/757/196 1259/712/200 1257/788/235 1258/790/199
f 1260/855/201 1263/717/204 1264/718/229 1266/719/206
f 1261/791/202 1265/721/205 1264/718/229 1263/717/204
f 1262/792/203 1266/719/206 1264/718/229 1265/721/205
f 1267/723/207 1270/724/210 1271/871/236 1273/857/212
f 1268/794/208 1272/795/211 1271/871/236 1270/724/210
f 1269/796/209 1273/857/212 1271/871/236 1272/795/211
f 1274/858/213 1277/859/216 1278/872/162 1280/733/219
f 1275/873/214 1279/735/218 1278/872/162 1277/859/216
f 1276/798/215 1280/733/219 1278/872/162 1279/735/218
f 1239/844/182 1225/836/169 1231/668/175 1242/845/185
f 1242/848/185 1231/838/175 1227/868/171 1240/782/183
f 1226/772/170 1232/777/176 1238/778/181 1230/773/174
f 1230/776/174 1238/780/181 1234/869/178 1227/868/171
f 1233/840/177 1246/699/188 1252/849/193 1237/841/180
f 1237/843/180 1252/851/193 1248/833/190 1234/869/178
f 1247/786/189 1241/785/184 1244/783/186 1251/704/192
f 1251/704/192 1244/783/186 1240/782/183 1248/833/190
f 1267/723/207 1239/844/182 1245/692/187 1270/724/210
f 1270/724/210 1245/698/187 1241/785/184 1268/794/208
f 1246/699/188 1274/858/213 1280/733/219 1249/700/191
f 1249/706/191 1280/733/219 1276/798/215 1247/786/189
f 1275/873/214 1269/796/209 1272/795/211 1279/735/218
f 1279/735/218 1272/795/211 1268/794/208 1276/798/215
f 1253/852/194 1267/723/207 1273/857/212 1256/853/197
f 1256/853/197 1273/857/212 1269/796/209 1254/870/195
f 1274/858/213 1260/855/201 1266/719/206 1277/859/216
f 1277/859/216 1266/719/206 1262/792/203 1275/873/214
f 1261/791/202 1255/757/196 1258/790/199 1265/721/205
f 1265/721/205 1258/790/199 1254/870/195 1262/792/203
f 1225/836/169 1253/852/194 1259/712/200 1228/666/172
f 1228/672/172 1259/712/200 1255/757/196 1226/772/170
f 1260/855/201 1233/840/177 1235/684/179 1263/717/204
f 1263/717/204 1235/678/179 1232/777/176 1261/791/202
f 1239/844/182 1267/723/207 1253/852/194 1225/836/169
f 1227/868/171 1234/869/178 1248/833/190 1240/782/183
f 1255/757/196 1261/791/202 1232/777/176 1226/772/170
f 1274/858/213 1246/699/188 1233/840/177 1260/855/201
f 1241/785/184 1247/786/189 1276/798/215 1268/794/208
f 1269/796/209 1275/873/214 1262/792/203 1254/870/195
f 1281/665/169 1284/666/172 1285/667/9 1287/668/175
f 1282/669/170 1286/670/174 1285/671/9 1284/672/172
f 1283/673/171 1287/674/175 1285/675/9 1286/676/174
f 1288/677/176 1291/678/179 1292/679/28 1294/680/181
f 1289/681/177 1293/682/180 1292/683/28 1291/684/179
f 1290/685/178 1294/686/181 1292/687/28 1293/688/180
f 1295/689/182 1298/690/185 1299/691/47 1301/692/187
f 1296/693/183 1300/810/186 1299/695/47 1298/696/185
f 1297/697/184 1301/698/187 1299/695/47 1300/810/186
f 1302/699/188 1305/700/191 1306/701/232 1308/702/193
f 1303/703/189 1307/704/192 1306/705/232 1305/706/191
f 1304/707/190 1308/708/193 1306/705/232 1307/704/192
f 1309/709/194 1312/710/197 1313/711/85 1315/712/200
f 1310/713/195 1314/714/199 1313/711/85 1312/710/197
f 1311/715/196 1315/712/200 1313/711/85 1314/714/199
f 1316/716/201 1319/717/204 1320/718/104 1322/719/206
f 1317/720/202 1321/721/205 1320/718/104 1319/717/204
f 1318/722/203 1322/719/206 1320/718/104 1321/721/205
f 1323/723/207 1326/761/210 1327/725/161 1329/726/212
f 1324/727/208 1328/728/211 1327/725/161 1326/761/210
f 1325/729/209 1329/726/212 1327/725/161 1328/728/211
f 1330/730/213 1333/731/216 1334/732/234 1336/767/219
f 1331/734/214 1335/735/218 1334/732/234 1333/731/216
f 1332/736/215 1336/767/219 1334/732/234 1335/735/218
f 1295/689/182 1281/665/169 1287/668/175 1298/690/185
f 1298/696/185 1287/674/175 1283/673/171 1296/693/183
f 1282/669/170 1288/677/176 1294/680/181 1286/670/174
f 1286/676/174 1294/686/181 1290/685/178 1283/673/171
f 1289/681/177 1302/699/188 1308/702/193 1293/682/180
f 1293/688/180 1308/708/193 1304/707/190 1290/685/178
f 1303/703/189 1297/697/184 1300/810/186 1307/704/192
f 1307/704/192 1300/810/186 1296/693/183 1304/707/190
f 1323/723/207 1295/689/182 1301/692/187 1326/761/210
f 1326/761/210 1301/698/187 1297/697/184 1324/727/208
f 1302/699/188 1330/730/213 1336/767/219 1305/700/191
f 1305/706/191 1336/767/219 1332/736/215 1303/703/189
f 1331/734/214 1325/729/209 1328/728/211 1335/735/218
f 1335/735/218 1328/728/211 1324/727/208 1332/736/215
f 1309/709/194 1323/723/207 1329/726/212 1312/710/197
f 1312/710/197 1329/726/212 1325/729/209 1310/713/195
f 1330/730/213 1316/716/201 1322/719/206 1333/731/216
f 1333/731/216 1322/719/206 1318/722/203 1331/734/214
f 1317/720/202 1311/715/196 1314/714/199 1321/721/205
f 1321/721/205 1314/714/199 1310/713/195 1318/722/203
f 1281/665/169 1309/709/194 1315/712/200 1284/666/172
f 1284/672/172 1315/712/200 1311/715/196 1282/669/170
f 1316/716/201 1289/681/177 1291/684/179 1319/717/204
f 1319/717/204 1291/678/179 1288/677/176 1317/720/202
f 1295/689/182 1323/723/207 1309/709/194 1281/665/169
f 1283/673/171 1290/685/178 1304/707/190 1296/693/183
f 1311/715/196 1317/720/202 1288/677/176 1282/669/170
f 1330/730/213 1302/699/188 1289/681/177 1316/716/201
f 1297/697/184 1303/703/189 1332/736/215 1324/727/208
f 1325/729/209 1331/734/214 1318/722/203 1310/713/195
f 1337/665/169 1340/666/172 1341/667/156 1343/668/175
f 1338/737/170 1342/738/174 1341/739/156 1340/672/172
f 1339/740/171 1343/674/175 1341/675/156 1342/741/174
f 1344/742/176 1347/678/179 1348/679/163 1350/743/181
f 1345/681/177 1349/682/180 1348/683/163 1347/684/179
f 1346/744/178 1350/745/181 1348/746/163 1349/688/180
f 1351/689/182 1354/690/185 1355/691/220 1357/692/187
f 1352/747/183 1356/748/186 1355/749/220 1354/696/185
f 1353/750/184 1357/698/187 1355/749/220 1356/748/186
f 1358/699/188 1361/700/191 1362/701/237 1364/702/193
f 1359/703/189 1363/771/192 1362/752/237 1361/706/191
f 1360/753/190 1364/708/193 1362/752/237 1363/771/192
f 1365/709/194 1368/710/197 1369/754/159 1371/712/200
f 1366/755/195 1370/756/199 1369/754/159 1368/710/197
f 1367/757/196 1371/712/200 1369/754/159 1370/756/199
f 1372/716/201 1375/717/204 1376/758/166 1378/719/206
f 1373/759/202 1377/760/205 1376/758/166 1375/717/204
f 1374/722/203 1378/719/206 1376/758/166 1377/760/205
f 1379/723/207 1382/724/210 1383/762/222 1385/726/212
f 1380/763/208 1384/764/211 1383/762/222 1382/724/210
f 1381/765/209 1385/726/212 1383/762/222 1384/764/211
f 1386/730/213 1389/731/216 1390/766/238 1392/733/219
f 1387/768/214 1391/769/218 1390/766/238 1389/731/216
f 1388/770/215 1392/733/219 1390/766/238 1391/769/218
f 1351/689/182 1337/665/169 1343/668/175 1354/690/185
f 1354/696/185 1343/674/175 1339/740/171 1352/747/183
f 1338/737/170 1344/742/176 1350/743/181 1342/738/174
f 1342/741/174 1350/745/181 1346/744/178 1339/740/171
f 1345/681/177 1358/699/188 1364/702/193 1349/682/180
f 1349/688/180 1364/708/193 1360/753/190 1346/744/178
f 1359/703/189 1353/750/184 1356/748/186 1363/771/192
f 1363/771/192 1356/748/186 1352/747/183 1360/753/190
f 1379/723/207 1351/689/182 1357/692/187 1382/724/210
f 1382/724/210 1357/698/187 1353/750/184 1380/763/208
f 1358/699/188 1386/730/213 1392/733/219 1361/700/191
f 1361/706/191 1392/733/219 1388/770/215 1359/703/189
f 1387/768/214 1381/765/209 1384/764/211 1391/769/218
f 1391/769/218 1384/764/211 1380/763/208 1388/770/215
f 1365/709/194 1379/723/207 1385/726/212 1368/710/197
f 1368/710/197 1385/726/212 1381/765/209 1366/755/195
f 1386/730/213 1372/716/201 1378/719/206 1389/731/216
f 1389/731/216 1378/719/206 1374/722/203 1387/768/214
f 1373/759/202 1367/757/196 1370/756/199 1377/760/205
f 1377/760/205 1370/756/199 1366/755/195 1374/722/203
f 1337/665/169 1365/709/194 1371/712/200 1340/666/172
f 1340/672/172 1371/712/200 1367/757/196 1338/737/170
f 1372/716/201 1345/681/177 1347/684/179 1375/717/204
f 1375/717/204 1347/678/179 1344/742/176 1373/759/202
f 1351/689/182 1379/723/207 1365/709/194 1337/665/169
f 1339/740/171 1346/744/178 1360/753/190 1352/747/183
f 1367/757/196 1373/759/202 1344/742/176 1338/737/170
f 1386/730/213 1358/699/188 1345/681/177 1372/716/201
f 1353/750/184 1359/703/189 1388/770/215 1380/763/208
f 1381/765/209 1387/768/214 1374/722/203 1366/755/195
f 1393/665/169 1396/666/172 1397/667/156 1399/668/175
f 1394/737/170 1398/738/174 1397/739/156 1396/672/172
f 1395/740/171 1399/674/175 1397/675/156 1398/741/174
f 1400/742/176 1403/678/179 1404/679/224 1406/743/181
f 1401/681/177 1405/682/180 1404/683/224 1403/684/179
f 1402/744/178 1406/745/181 1404/746/224 1405/688/180
f 1407/689/182 1410/690/185 1411/691/220 1413/692/187
f 1408/747/183 1412/748/186 1411/749/220 1410/696/185
f 1409/750/184 1413/698/187 1411/749/220 1412/748/186
f 1414/699/188 1417/700/191 1418/701/225 1420/702/193
f 1415/703/189 1419/751/192 1418/752/225 1417/706/191
f 1416/753/190 1420/708/193 1418/752/225 1419/751/192
f 1421/709/194 1424/710/197 1425/754/159 1427/712/200
f 1422/755/195 1426/756/199 1425/754/159 1424/710/197
f 1423/757/196 1427/712/200 1425/754/159 1426/756/199
f 1428/716/201 1431/717/204 1432/758/155 1434/719/206
f 1429/759/202 1433/760/205 1432/758/155 1431/717/204
f 1430/722/203 1434/719/206 1432/758/155 1433/760/205
f 1435/723/207 1438/761/210 1439/762/222 1441/726/212
f 1436/763/208 1440/764/211 1439/762/222 1438/761/210
f 1437/765/209 1441/726/212 1439/762/222 1440/764/211
f 1442/730/213 1445/731/216 1446/766/217 1448/767/219
f 1443/768/214 1447/769/218 1446/766/217 1445/731/216
f 1444/770/215 1448/767/219 1446/766/217 1447/769/218
f 1407/689/182 1393/665/169 1399/668/175 1410/690/185
f 1410/696/185 1399/674/175 1395/740/171 1408/747/183
f 1394/737/170 1400/742/176 1406/743/181 1398/738/174
f 1398/741/174 1406/745/181 1402/744/178 1395/740/171
f 1401/681/177 1414/699/188 1420/702/193 1405/682/180
f 1405/688/180 1420/708/193 1416/753/190 1402/744/178
f 1415/703/189 1409/750/184 1412/748/186 1419/751/192
f 1419/751/192 1412/748/186 1408/747/183 1416/753/190
f 1435/723/207 1407/689/182 1413/692/187 1438/761/210
f 1438/761/210 1413/698/187 1409/750/184 1436/763/208
f 1414/699/188 1442/730/213 1448/767/219 1417/700/191
f 1417/706/191 1448/767/219 1444/770/215 1415/703/189
f 1443/768/214 1437/765/209 1440/764/211 1447/769/218
f 1447/769/218 1440/764/211 1436/763/208 1444/770/215
f 1421/709/194 1435/723/207 1441/726/212 1424/710/197
f 1424/710/197 1441/726/212 1437/765/209 1422/755/195
f 1442/730/213 1428/716/201 1434/719/206 1445/731/216
f 1445/731/216 1434/719/206 1430/722/203 1443/768/214
f 1429/759/202 1423/757/196 1426/756/199 1433/760/205
f 1433/760/205 1426/756/199 1422/755/195 1430/722/203
f 1393/665/169 1421/709/194 1427/712/200 1396/666/172
f 1396/672/172 1427/712/200 1423/757/196 1394/737/170
f 1428/716/201 1401/681/177 1403/684/179 1431/717/204
f 1431/717/204 1403/678/179 1400/742/176 1429/759/202
f 1407/689/182 1435/723/207 1421/709/194 1393/665/169
f 1395/740/171 1402/744/178 1416/753/190 1408/747/183
f 1423/757/196 1429/759/202 1400/742/176 1394/737/170
f 1442/730/213 1414/699/188 1401/681/177 1428/716/201
f 1409/750/184 1415/703/189 1444/770/215 1436/763/208
f 1437/765/209 1443/768/214 1430/722/203 1422/755/195
f 1449/665/169 1452/666/172 1453/667/153 1455/668/175
f 1450/772/170 1454/773/174 1453/774/153 1452/672/172
f 1451/775/171 1455/674/175 1453/675/153 1454/776/174
f 1456/777/176 1459/678/179 1460/679/154 1462/778/181
f 1457/681/177 1461/682/180 1460/683/154 1459/684/179
f 1458/779/178 1462/780/181 1460/781/154 1461/688/180
f 1463/689/182 1466/690/185 1467/691/47 1469/692/187
f 1464/782/183 1468/783/186 1467/784/47 1466/696/185
f 1465/785/184 1469/698/187 1467/784/47 1468/783/186
f 1470/699/188 1473/700/191 1474/701/158 1476/702/193
f 1471/786/189 1475/704/192 1474/705/158 1473/706/191
f 1472/787/190 1476/708/193 1474/705/158 1475/704/192
f 1477/709/194 1480/710/197 1481/788/85 1483/712/200
f 1478/789/195 1482/790/199 1481/788/85 1480/710/197
f 1479/757/196 1483/712/200 1481/788/85 1482/790/199
f 1484/716/201 1487/717/204 1488/718/229 1490/719/206
f 1485/791/202 1489/721/205 1488/718/229 1487/717/204
f 1486/792/203 1490/719/206 1488/718/229 1489/721/205
f 1491/723/207 1494/724/210 1495/793/236 1497/726/212
f 1492/794/208 1496/795/211 1495/793/236 1494/724/210
f 1493/796/209 1497/726/212 1495/793/236 1496/795/211
f 1498/730/213 1501/731/216 1502/732/162 1504/733/219
f 1499/797/214 1503/735/218 1502/732/162 1501/731/216
f 1500/798/215 1504/733/219 1502/732/162 1503/735/218
f 1463/689/182 1449/665/169 1455/668/175 1466/690/185
f 1466/696/185 1455/674/175 1451/775/171 1464/782/183
f 1450/772/170 1456/777/176 1462/778/181 1454/773/174
f 1454/776/174 1462/780/181 1458/779/178 1451/775/171
f 1457/681/177 1470/699/188 1476/702/193 1461/682/180
f 1461/688/180 1476/708/193 1472/787/190 1458/779/178
f 1471/786/189 1465/785/184 1468/783/186 1475/704/192
f 1475/704/192 1468/783/186 1464/782/183 1472/787/190
f 1491/723/207 1463/689/182 1469/692/187 1494/724/210
f 1494/724/210 1469/698/187 1465/785/184 1492/794/208
f 1470/699/188 1498/730/213 1504/733/219 1473/700/191
f 1473/706/191 1504/733/219 1500/798/215 1471/786/189
f 1499/797/214 1493/796/209 1496/795/211 1503/735/218
f 1503/735/218 1496/795/211 1492/794/208 1500/798/215
f 1477/709/194 1491/723/207 1497/726/212 1480/710/197
f 1480/710/197 1497/726/212 1493/796/209 1478/789/195
f 1498/730/213 1484/716/201 1490/719/206 1501/731/216
f 1501/731/216 1490/719/206 1486/792/203 1499/797/214
f 1485/791/202 1479/757/196 1482/790/199 1489/721/205
f 1489/721/205 1482/790/199 1478/789/195 1486/792/203
f 1449/665/169 1477/709/194 1483/712/200 1452/666/172
f 1452/672/172 1483/712/200 1479/757/196 1450/772/170
f 1484/716/201 1457/681/177 1459/684/179 1487/717/204
f 1487/717/204 1459/678/179 1456/777/176 1485/791/202
f 1463/689/182 1491/723/207 1477/709/194 1449/665/169
f 1451/775/171 1458/779/178 1472/787/190 1464/782/183
f 1479/757/196 1485/791/202 1456/777/176 1450/772/170
f 1498/730/213 1470/699/188 1457/681/177 1484/716/201
f 1465/785/184 1471/786/189 1500/798/215 1492/794/208
f 1493/796/209 1499/797/214 1486/792/203 1478/789/195
f 1505/665/169 1508/666/172 1509/667/156 1511/668/175
f 1506/669/170 1510/670/174 1509/671/156 1508/672/172
f 1507/673/171 1511/674/175 1509/675/156 1510/676/174
f 1512/677/176 1515/678/179 1516/679/163 1518/680/181
f 1513/681/177 1517/682/180 1516/683/163 1515/684/179
f 1514/685/178 1518/686/181 1516/687/163 1517/688/180
f 1519/689/182 1522/690/185 1523/691/220 1525/692/187
f 1520/693/183 1524/694/186 1523/695/220 1522/696/185
f 1521/697/184 1525/698/187 1523/695/220 1524/694/186
f 1526/699/188 1529/700/191 1530/701/237 1532/702/193
f 1527/703/189 1531/704/192 1530/705/237 1529/706/191
f 1528/707/190 1532/708/193 1530/705/237 1531/704/192
f 1533/709/194 1536/710/197 1537/711/198 1539/712/200
f 1534/713/195 1538/714/199 1537/711/198 1536/710/197
f 1535/715/196 1539/712/200 1537/711/198 1538/714/199
f 1540/716/201 1543/717/204 1544/718/221 1546/719/206
f 1541/720/202 1545/721/205 1544/718/221 1543/717/204
f 1542/722/203 1546/719/206 1544/718/221 1545/721/205
f 1547/723/207 1550/761/210 1551/725/167 1553/726/212
f 1548/727/208 1552/728/211 1551/725/167 1550/761/210
f 1549/729/209 1553/726/212 1551/725/167 1552/728/211
f 1554/730/213 1557/731/216 1558/732/217 1560/767/219
f 1555/734/214 1559/735/218 1558/732/217 1557/731/216
f 1556/736/215 1560/767/219 1558/732/217 1559/735/218
f 1519/689/182 1505/665/169 1511/668/175 1522/690/185
f 1522/696/185 1511/674/175 1507/673/171 1520/693/183
f 1506/669/170 1512/677/176 1518/680/181 1510/670/174
f 1510/676/174 1518/686/181 1514/685/178 1507/673/171
f 1513/681/177 1526/699/188 1532/702/193 1517/682/180
f 1517/688/180 1532/708/193 1528/707/190 1514/685/178
f 1527/703/189 1521/697/184 1524/694/186 1531/704/192
f 1531/704/192 1524/694/186 1520/693/183 1528/707/190
f 1547/723/207 1519/689/182 1525/692/187 1550/761/210
f 1550/761/210 1525/698/187 1521/697/184 1548/727/208
f 1526/699/188 1554/730/213 1560/767/219 1529/700/191
f 1529/706/191 1560/767/219 1556/736/215 1527/703/189
f 1555/734/214 1549/729/209 1552/728/211 1559/735/218
f 1559/735/218 1552/728/211 1548/727/208 1556/736/215
f 1533/709/194 1547/723/207 1553/726/212 1536/710/197
f 1536/710/197 1553/726/212 1549/729/209 1534/713/195
f 1554/730/213 1540/716/201 1546/719/206 1557/731/216
f 1557/731/216 1546/719/206 1542/722/203 1555/734/214
f 1541/720/202 1535/715/196 1538/714/199 1545/721/205
f 1545/721/205 1538/714/199 1534/713/195 1542/722/203
f 1505/665/169 1533/709/194 1539/712/200 1508/666/172
f 1508/672/172 1539/712/200 1535/715/196 1506/669/170
f 1540/716/201 1513/681/177 1515/684/179 1543/717/204
f 1543/717/204 1515/678/179 1512/677/176 1541/720/202
f 1519/689/182 1547/723/207 1533/709/194 1505/665/169
f 1507/673/171 1514/685/178 1528/707/190 1520/693/183
f 1535/715/196 1541/720/202 1512/677/176 1506/669/170
f 1554/730/213 1526/699/188 1513/681/177 1540/716/201
f 1521/697/184 1527/703/189 1556/736/215 1548/727/208
f 1549/729/209 1555/734/214 1542/722/203 1534/713/195
f 1561/665/169 1564/666/172 1565/667/239 1567/668/175
f 1562/737/170 1566/738/174 1565/739/239 1564/672/172
f 1563/740/171 1567/674/175 1565/675/239 1566/741/174
f 1568/742/176 1571/678/179 1572/679/163 1574/743/181
f 1569/681/177 1573/682/180 1572/683/163 1571/684/179
f 1570/744/178 1574/745/181 1572/746/163 1573/688/180
f 1575/689/182 1578/690/185 1579/691/220 1581/692/187
f 1576/747/183 1580/748/186 1579/749/220 1578/696/185
f 1577/750/184 1581/698/187 1579/749/220 1580/748/186
f 1582/699/188 1585/700/191 1586/701/237 1588/702/193
f 1583/703/189 1587/771/192 1586/752/237 1585/706/191
f 1584/753/190 1588/708/193 1586/752/237 1587/771/192
f 1589/709/194 1592/710/197 1593/754/159 1595/712/200
f 1590/755/195 1594/756/199 1593/754/159 1592/710/197
f 1591/757/196 1595/712/200 1593/754/159 1594/756/199
f 1596/716/201 1599/717/204 1600/758/221 1602/719/206
f 1597/759/202 1601/760/205 1600/758/221 1599/717/204
f 1598/722/203 1602/719/206 1600/758/221 1601/760/205
f 1603/723/207 1606/724/210 1607/762/222 1609/726/212
f 1604/763/208 1608/764/211 1607/762/222 1606/724/210
f 1605/765/209 1609/726/212 1607/762/222 1608/764/211
f 1610/730/213 1613/731/216 1614/766/217 1616/733/219
f 1611/768/214 1615/769/218 1614/766/217 1613/731/216
f 1612/770/215 1616/733/219 1614/766/217 1615/769/218
f 1575/689/182 1561/665/169 1567/668/175 1578/690/185
f 1578/696/185 1567/674/175 1563/740/171 1576/747/183
f 1562/737/170 1568/742/176 1574/743/181 1566/738/174
f 1566/741/174 1574/745/181 1570/744/178 1563/740/171
f 1569/681/177 1582/699/188 1588/702/193 1573/682/180
f 1573/688/180 1588/708/193 1584/753/190 1570/744/178
f 1583/703/189 1577/750/184 1580/748/186 1587/771/192
f 1587/771/192 1580/748/186 1576/747/183 1584/753/190
f 1603/723/207 1575/689/182 1581/692/187 1606/724/210
f 1606/724/210 1581/698/187 1577/750/184 1604/763/208
f 1582/699/188 1610/730/213 1616/733/219 1585/700/191
f 1585/706/191 1616/733/219 1612/770/215 1583/703/189
f 1611/768/214 1605/765/209 1608/764/211 1615/769/218
f 1615/769/218 1608/764/211 1604/763/208 1612/770/215
f 1589/709/194 1603/723/207 1609/726/212 1592/710/197
f 1592/710/197 1609/726/212 1605/765/209 1590/755/195
f 1610/730/213 1596/716/201 1602/719/206 1613/731/216
f 1613/731/216 1602/719/206 1598/722/203 1611/768/214
f 1597/759/202 1591/757/196 1594/756/199 1601/760/205
f 1601/760/205 1594/756/199 1590/755/195 1598/722/203
f 1561/665/169 1589/709/194 1595/712/200 1564/666/172
f 1564/672/172 1595/712/200 1591/757/196 1562/737/170
f 1596/716/201 1569/681/177 1571/684/179 1599/717/204
f 1599/717/204 1571/678/179 1568/742/176 1597/759/202
f 1575/689/182 1603/723/207 1589/709/194 1561/665/169
f 1563/740/171 1570/744/178 1584/753/190 1576/747/183
f 1591/757/196 1597/759/202 1568/742/176 1562/737/170
f 1610/730/213 1582/699/188 1569/681/177 1596/716/201
f 1577/750/184 1583/703/189 1612/770/215 1604/763/208
f 1605/765/209 1611/768/214 1598/722/203 1590/755/195
f 1617/665/169 1620/666/172 1621/667/239 1623/668/175
f 1618/737/170 1622/738/174 1621/739/239 1620/672/172
f 1619/740/171 1623/674/175 1621/675/239 1622/741/174
f 1624/742/176 1627/678/179 1628/679/163 1630/743/181
f 1625/681/177 1629/682/180 1628/683/163 1627/684/179
f 1626/744/178 1630/745/181 1628/746/163 1629/688/180
f 1631/689/182 1634/690/185 1635/691/220 1637/692/187
f 1632/747/183 1636/748/186 1635/749/220 1634/696/185
f 1633/750/184 1637/698/187 1635/749/220 1636/748/186
f 1638/699/188 1641/700/191 1642/701/237 1644/702/193
f 1639/703/189 1643/751/192 1642/752/237 1641/706/191
f 1640/753/190 1644/708/193 1642/752/237 1643/751/192
f 1645/709/194 1648/710/197 1649/754/159 1651/712/200
f 1646/755/195 1650/756/199 1649/754/159 1648/710/197
f 1647/757/196 1651/712/200 1649/754/159 1650/756/199
f 1652/716/201 1655/717/204 1656/758/221 1658/719/206
f 1653/759/202 1657/760/205 1656/758/221 1655/717/204
f 1654/722/203 1658/719/206 1656/758/221 1657/760/205
f 1659/723/207 1662/761/210 1663/762/167 1665/726/212
f 1660/763/208 1664/764/211 1663/762/167 1662/761/210
f 1661/765/209 1665/726/212 1663/762/167 1664/764/211
f 1666/730/213 1669/731/216 1670/766/217 1672/767/219
f 1667/768/214 1671/769/218 1670/766/217 1669/731/216
f 1668/770/215 1672/767/219 1670/766/217 1671/769/218
f 1631/689/182 1617/665/169 1623/668/175 1634/690/185
f 1634/696/185 1623/674/175 1619/740/171 1632/747/183
f 1618/737/170 1624/742/176 1630/743/181 1622/738/174
f 1622/741/174 1630/745/181 1626/744/178 1619/740/171
f 1625/681/177 1638/699/188 1644/702/193 1629/682/180
f 1629/688/180 1644/708/193 1640/753/190 1626/744/178
f 1639/703/189 1633/750/184 1636/748/186 1643/751/192
f 1643/751/192 1636/748/186 1632/747/183 1640/753/190
f 1659/723/207 1631/689/182 1637/692/187 1662/761/210
f 1662/761/210 1637/698/187 1633/750/184 1660/763/208
f 1638/699/188 1666/730/213 1672/767/219 1641/700/191
f 1641/706/191 1672/767/219 1668/770/215 1639/703/189
f 1667/768/214 1661/765/209 1664/764/211 1671/769/218
f 1671/769/218 1664/764/211 1660/763/208 1668/770/215
f 1645/709/194 1659/723/207 1665/726/212 1648/710/197
f 1648/710/197 1665/726/212 1661/765/209 1646/755/195
f 1666/730/213 1652/716/201 1658/719/206 1669/731/216
f 1669/731/216 1658/719/206 1654/722/203 1667/768/214
f 1653/759/202 1647/757/196 1650/756/199 1657/760/205
f 1657/760/205 1650/756/199 1646/755/195 1654/722/203
f 1617/665/169 1645/709/194 1651/712/200 1620/666/172
f 1620/672/172 1651/712/200 1647/757/196 1618/737/170
f 1652/716/201 1625/681/177 1627/684/179 1655/717/204
f 1655/717/204 1627/678/179 1624/742/176 1653/759/202
f 1631/689/182 1659/723/207 1645/709/194 1617/665/169
f 1619/740/171 1626/744/178 1640/753/190 1632/747/183
f 1647/757/196 1653/759/202 1624/742/176 1618/737/170
f 1666/730/213 1638/699/188 1625/681/177 1652/716/201
f 1633/750/184 1639/703/189 1668/770/215 1660/763/208
f 1661/765/209 1667/768/214 1654/722/203 1646/755/195
f 1673/665/169 1676/666/172 1677/667/239 1679/668/175
f 1674/772/170 1678/773/174 1677/774/239 1676/672/172
f 1675/775/171 1679/674/175 1677/675/239 1678/776/174
f 1680/777/176 1683/678/179 1684/679/224 1686/778/181
f 1681/681/177 1685/682/180 1684/683/224 1683/684/179
f 1682/779/178 1686/780/181 1684/781/224 1685/688/180
f 1687/689/182 1690/690/185 1691/691/227 1693/692/187
f 1688/782/183 1692/783/186 1691/784/227 1690/696/185
f 1689/785/184 1693/698/187 1691/784/227 1692/783/186
f 1694/699/188 1697/700/191 1698/701/225 1700/702/193
f 1695/786/189 1699/704/192 1698/705/225 1697/706/191
f 1696/787/190 1700/708/193 1698/705/225 1699/704/192
f 1701/709/194 1704/710/197 1705/788/159 1707/712/200
f 1702/789/195 1706/790/199 1705/788/159 1704/710/197
f 1703/757/196 1707/712/200 1705/788/159 1706/790/199
f 1708/716/201 1711/717/204 1712/718/155 1714/719/206
f 1709/791/202 1713/721/205 1712/718/155 1711/717/204
f 1710/792/203 1714/719/206 1712/718/155 1713/721/205
f 1715/723/207 1718/724/210 1719/793/222 1721/726/212
f 1716/794/208 1720/795/211 1719/793/222 1718/724/210
f 1717/796/209 1721/726/212 1719/793/222 1720/795/211
f 1722/730/213 1725/731/216 1726/732/168 1728/733/219
f 1723/797/214 1727/735/218 1726/732/168 1725/731/216
f 1724/798/215 1728/733/219 1726/732/168 1727/735/218
f 1687/689/182 1673/665/169 1679/668/175 1690/690/185
f 1690/696/185 1679/674/175 1675/775/171 1688/782/183
f 1674/772/170 1680/777/176 1686/778/181 1678/773/174
f 1678/776/174 1686/780/181 1682/779/178 1675/775/171
f 1681/681/177 1694/699/188 1700/702/193 1685/682/180
f 1685/688/180 1700/708/193 1696/787/190 1682/779/178
f 1695/786/189 1689/785/184 1692/783/186 1699/704/192
f 1699/704/192 1692/783/186 1688/782/183 1696/787/190
f 1715/723/207 1687/689/182 1693/692/187 1718/724/210
f 1718/724/210 1693/698/187 1689/785/184 1716/794/208
f 1694/699/188 1722/730/213 1728/733/219 1697/700/191
f 1697/706/191 1728/733/219 1724/798/215 1695/786/189
f 1723/797/214 1717/796/209 1720/795/211 1727/735/218
f 1727/735/218 1720/795/211 1716/794/208 1724/798/215
f 1701/709/194 1715/723/207 1721/726/212 1704/710/197
f 1704/710/197 1721/726/212 1717/796/209 1702/789/195
f 1722/730/213 1708/716/201 1714/719/206 1725/731/216
f 1725/731/216 1714/719/206 1710/792/203 1723/797/214
f 1709/791/202 1703/757/196 1706/790/199 1713/721/205
f 1713/721/205 1706/790/199 1702/789/195 1710/792/203
f 1673/665/169 1701/709/194 1707/712/200 1676/666/172
f 1676/672/172 1707/712/200 1703/757/196 1674/772/170
f 1708/716/201 1681/681/177 1683/684/179 1711/717/204
f 1711/717/204 1683/678/179 1680/777/176 1709/791/202
f 1687/689/182 1715/723/207 1701/709/194 1673/665/169
f 1675/775/171 1682/779/178 1696/787/190 1688/782/183
f 1703/757/196 1709/791/202 1680/777/176 1674/772/170
f 1722/730/213 1694/699/188 1681/681/177 1708/716/201
f 1689/785/184 1695/786/189 1724/798/215 1716/794/208
f 1717/796/209 1723/797/214 1710/792/203 1702/789/195
f 1729/799/169 1732/666/172 1733/667/239 1735/800/175
f 1730/669/170 1734/670/174 1733/671/239 1732/672/172
f 1731/801/171 1735/802/175 1733/803/239 1734/676/174
f 1736/677/176 1739/678/179 1740/679/157 1742/680/181
f 1737/804/177 1741/682/180 1740/805/157 1739/684/179
f 1738/806/178 1742/686/181 1740/687/157 1741/807/180
f 1743/808/182 1746/690/185 1747/691/227 1749/692/187
f 1744/809/183 1748/810/186 1747/695/227 1746/811/185
f 1745/697/184 1749/698/187 1747/695/227 1748/810/186
f 1750/812/188 1753/700/191 1754/701/240 1756/813/193
f 1751/703/189 1755/704/192 1754/705/240 1753/706/191
f 1752/814/190 1756/815/193 1754/705/240 1755/704/192
f 1757/709/194 1760/710/197 1761/816/198 1763/712/200
f 1758/817/195 1762/714/199 1761/816/198 1760/710/197
f 1759/715/196 1763/712/200 1761/816/198 1762/714/199
f 1764/716/201 1767/717/204 1768/718/155 1770/874/206
f 1765/720/202 1769/721/205 1768/718/155 1767/717/204
f 1766/818/203 1770/874/206 1768/718/155 1769/721/205
f 1771/819/207 1774/761/210 1775/725/123 1777/726/212
f 1772/727/208 1776/728/211 1775/725/123 1774/761/210
f 1773/820/209 1777/726/212 1775/725/123 1776/728/211
f 1778/821/213 1781/731/216 1782/732/142 1784/767/219
f 1779/822/214 1783/735/218 1782/732/142 1781/731/216
f 1780/736/215 1784/767/219 1782/732/142 1783/735/218
f 1743/808/182 1729/799/169 1735/800/175 1746/690/185
f 1746/811/185 1735/802/175 1731/801/171 1744/809/183
f 1730/669/170 1736/677/176 1742/680/181 1734/670/174
f 1734/676/174 1742/686/181 1738/806/178 1731/801/171
f 1737/804/177 1750/812/188 1756/813/193 1741/682/180
f 1741/807/180 1756/815/193 1752/814/190 1738/806/178
f 1751/703/189 1745/697/184 1748/810/186 1755/704/192
f 1755/704/192 1748/810/186 1744/809/183 1752/814/190
f 1771/819/207 1743/808/182 1749/692/187 1774/761/210
f 1774/761/210 1749/698/187 1745/697/184 1772/727/208
f 1750/812/188 1778/821/213 1784/767/219 1753/700/191
f 1753/706/191 1784/767/219 1780/736/215 1751/703/189
f 1779/822/214 1773/820/209 1776/728/211 1783/735/218
f 1783/735/218 1776/728/211 1772/727/208 1780/736/215
f 1757/709/194 1771/819/207 1777/726/212 1760/710/197
f 1760/710/197 1777/726/212 1773/820/209 1758/817/195
f 1778/821/213 1764/716/201 1770/874/206 1781/731/216
f 1781/731/216 1770/874/206 1766/818/203 1779/822/214
f 1765/720/202 1759/715/196 1762/714/199 1769/721/205
f 1769/721/205 1762/714/199 1758/817/195 1766/818/203
f 1729/799/169 1757/709/194 1763/712/200 1732/666/172
f 1732/672/172 1763/712/200 1759/715/196 1730/669/170
f 1764/716/201 1737/804/177 1739/684/179 1767/717/204
f 1767/717/204 1739/678/179 1736/677/176 1765/720/202
f 1743/808/182 1771/819/207 1757/709/194 1729/799/169
f 1731/801/171 1738/806/178 1752/814/190 1744/809/183
f 1759/715/196 1765/720/202 1736/677/176 1730/669/170
f 1778/821/213 1750/812/188 1737/804/177 1764/716/201
f 1745/697/184 1751/703/189 1780/736/215 1772/727/208
f 1773/820/209 1779/822/214 1766/818/203 1758/817/195
f 1785/799/169 1788/666/172 1789/667/239 1791/800/175
f 1786/737/170 1790/738/174 1789/739/239 1788/672/172
f 1787/823/171 1791/802/175 1789/803/239 1790/741/174
f 1792/742/176 1795/678/179 1796/679/163 1798/743/181
f 1793/804/177 1797/682/180 1796/805/163 1795/684/179
f 1794/824/178 1798/745/181 1796/746/163 1797/807/180
f 1799/808/182 1802/690/185 1803/691/227 1805/692/187
f 1800/825/183 1804/748/186 1803/749/227 1802/811/185
f 1801/750/184 1805/698/187 1803/749/227 1804/748/186
f 1806/812/188 1809/700/191 1810/701/240 1812/813/193
f 1807/703/189 1811/771/192 1810/752/240 1809/706/191
f 1808/826/190 1812/815/193 1810/752/240 1811/771/192
f 1813/709/194 1816/710/197 1817/827/159 1819/712/200
f 1814/789/195 1818/756/199 1817/827/159 1816/710/197
f 1815/757/196 1819/712/200 1817/827/159 1818/756/199
f 1820/716/201 1823/717/204 1824/758/155 1826/719/206
f 1821/759/202 1825/760/205 1824/758/155 1823/717/204
f 1822/828/203 1826/719/206 1824/758/155 1825/760/205
f 1827/819/207 1830/724/210 1831/762/222 1833/726/212
f 1828/763/208 1832/764/211 1831/762/222 1830/724/210
f 1829/765/209 1833/726/212 1831/762/222 1832/764/211
f 1834/821/213 1837/731/216 1838/766/234 1840/733/219
f 1835/829/214 1839/769/218 1838/766/234 1837/731/216
f 1836/770/215 1840/733/219 1838/766/234 1839/769/218
f 1799/808/182 1785/799/169 1791/800/175 1802/690/185
f 1802/811/185 1791/802/175 1787/823/171 1800/825/183
f 1786/737/170 1792/742/176 1798/743/181 1790/738/174
f 1790/741/174 1798/745/181 1794/824/178 1787/823/171
f 1793/804/177 1806/812/188 1812/813/193 1797/682/180
f 1797/807/180 1812/815/193 1808/826/190 1794/824/178
f 1807/703/189 1801/750/184 1804/748/186 1811/771/192
f 1811/771/192 1804/748/186 1800/825/183 1808/826/190
f 1827/819/207 1799/808/182 1805/692/187 1830/724/210
f 1830/724/210 1805/698/187 1801/750/184 1828/763/208
f 1806/812/188 1834/821/213 1840/733/219 1809/700/191
f 1809/706/191 1840/733/219 1836/770/215 1807/703/189
f 1835/829/214 1829/765/209 1832/764/211 1839/769/218
f 1839/769/218 1832/764/211 1828/763/208 1836/770/215
f 1813/709/194 1827/819/207 1833/726/212 1816/710/197
f 1816/710/197 1833/726/212 1829/765/209 1814/789/195
f 1834/821/213 1820/716/201 1826/719/206 1837/731/216
f 1837/731/216 1826/719/206 1822/828/203 1835/829/214
f 1821/759/202 1815/757/196 1818/756/199 1825/760/205
f 1825/760/205 1818/756/199 1814/789/195 1822/828/203
f 1785/799/169 1813/709/194 1819/712/200 1788/666/172
f 1788/672/172 1819/712/200 1815/757/196 1786/737/170
f 1820/716/201 1793/804/177 1795/684/179 1823/717/204
f 1823/717/204 1795/678/179 1792/742/176 1821/759/202
f 1799/808/182 1827/819/207 1813/709/194 1785/799/169
f 1787/823/171 1794/824/178 1808/826/190 1800/825/183
f 1815/757/196 1821/759/202 1792/742/176 1786/737/170
f 1834/821/213 1806/812/188 1793/804/177 1820/716/201
f 1801/750/184 1807/703/189 1836/770/215 1828/763/208
f 1829/765/209 1835/829/214 1822/828/203 1814/789/195
f 1841/799/169 1844/666/172 1845/667/239 1847/800/175
f 1842/737/170 1846/738/174 1845/739/239 1844/672/172
f 1843/823/171 1847/802/175 1845/803/239 1846/741/174
f 1848/742/176 1851/678/179 1852/679/163 1854/743/181
f 1849/804/177 1853/682/180 1852/805/163 1851/684/179
f 1850/824/178 1854/745/181 1852/746/163 1853/807/180
f 1855/808/182 1858/690/185 1859/691/227 1861/692/187
f 1856/825/183 1860/748/186 1859/749/227 1858/811/185
f 1857/750/184 1861/698/187 1859/749/227 1860/748/186
f 1862/812/188 1865/700/191 1866/701/240 1868/813/193
f 1863/703/189 1867/751/192 1866/752/240 1865/706/191
f 1864/826/190 1868/815/193 1866/752/240 1867/751/192
f 1869/709/194 1872/710/197 1873/827/159 1875/712/200
f 1870/789/195 1874/756/199 1873/827/159 1872/710/197
f 1871/757/196 1875/712/200 1873/827/159 1874/756/199
f 1876/716/201 1879/717/204 1880/758/155 1882/719/206
f 1877/759/202 1881/760/205 1880/758/155 1879/717/204
f 1878/828/203 1882/719/206 1880/758/155 1881/760/205
f 1883/819/207 1886/761/210 1887/762/228 1889/726/212
f 1884/763/208 1888/764/211 1887/762/228 1886/761/210
f 1885/765/209 1889/726/212 1887/762/228 1888/764/211
f 1890/821/213 1893/731/216 1894/766/238 1896/767/219
f 1891/829/214 1895/769/218 1894/766/238 1893/731/216
f 1892/770/215 1896/767/219 1894/766/238 1895/769/218
f 1855/808/182 1841/799/169 1847/800/175 1858/690/185
f 1858/811/185 1847/802/175 1843/823/171 1856/825/183
f 1842/737/170 1848/742/176 1854/743/181 1846/738/174
f 1846/741/174 1854/745/181 1850/824/178 1843/823/171
f 1849/804/177 1862/812/188 1868/813/193 1853/682/180
f 1853/807/180 1868/815/193 1864/826/190 1850/824/178
f 1863/703/189 1857/750/184 1860/748/186 1867/751/192
f 1867/751/192 1860/748/186 1856/825/183 1864/826/190
f 1883/819/207 1855/808/182 1861/692/187 1886/761/210
f 1886/761/210 1861/698/187 1857/750/184 1884/763/208
f 1862/812/188 1890/821/213 1896/767/219 1865/700/191
f 1865/706/191 1896/767/219 1892/770/215 1863/703/189
f 1891/829/214 1885/765/209 1888/764/211 1895/769/218
f 1895/769/218 1888/764/211 1884/763/208 1892/770/215
f 1869/709/194 1883/819/207 1889/726/212 1872/710/197
f 1872/710/197 1889/726/212 1885/765/209 1870/789/195
f 1890/821/213 1876/716/201 1882/719/206 1893/731/216
f 1893/731/216 1882/719/206 1878/828/203 1891/829/214
f 1877/759/202 1871/757/196 1874/756/199 1881/760/205
f 1881/760/205 1874/756/199 1870/789/195 1878/828/203
f 1841/799/169 1869/709/194 1875/712/200 1844/666/172
f 1844/672/172 1875/712/200 1871/757/196 1842/737/170
f 1876/716/201 1849/804/177 1851/684/179 1879/717/204
f 1879/717/204 1851/678/179 1848/742/176 1877/759/202
f 1855/808/182 1883/819/207 1869/709/194 1841/799/169
f 1843/823/171 1850/824/178 1864/826/190 1856/825/183
f 1871/757/196 1877/759/202 1848/742/176 1842/737/170
f 1890/821/213 1862/812/188 1849/804/177 1876/716/201
f 1857/750/184 1863/703/189 1892/770/215 1884/763/208
f 1885/765/209 1891/829/214 1878/828/203 1870/789/195
f 1897/799/169 1900/666/172 1901/667/239 1903/800/175
f 1898/772/170 1902/773/174 1901/774/239 1900/672/172
f 1899/830/171 1903/802/175 1901/803/239 1902/776/174
f 1904/777/176 1907/678/179 1908/679/154 1910/778/181
f 1905/804/177 1909/682/180 1908/805/154 1907/684/179
f 1906/831/178 1910/780/181 1908/781/154 1909/807/180
f 1911/808/182 1914/690/185 1915/691/47 1917/692/187
f 1912/832/183 1916/783/186 1915/784/47 1914/811/185
f 1913/785/184 1917/698/187 1915/784/47 1916/783/186
f 1918/812/188 1921/700/191 1922/701/66 1924/813/193
f 1919/786/189 1923/704/192 1922/705/66 1921/706/191
f 1920/833/190 1924/815/193 1922/705/66 1923/704/192
f 1925/709/194 1928/710/197 1929/834/241 1931/712/200
f 1926/789/195 1930/790/199 1929/834/241 1928/710/197
f 1927/757/196 1931/712/200 1929/834/241 1930/790/199
f 1932/716/201 1935/717/204 1936/718/229 1938/719/206
f 1933/791/202 1937/721/205 1936/718/229 1935/717/204
f 1934/792/203 1938/719/206 1936/718/229 1937/721/205
f 1939/819/207 1942/724/210 1943/793/161 1945/726/212
f 1940/794/208 1944/795/211 1943/793/161 1942/724/210
f 1941/765/209 1945/726/212 1943/793/161 1944/795/211
f 1946/821/213 1949/731/216 1950/732/162 1952/733/219
f 1947/835/214 1951/735/218 1950/732/162 1949/731/216
f 1948/798/215 1952/733/219 1950/732/162 1951/735/218
f 1911/808/182 1897/799/169 1903/800/175 1914/690/185
f 1914/811/185 1903/802/175 1899/830/171 1912/832/183
f 1898/772/170 1904/777/176 1910/778/181 1902/773/174
f 1902/776/174 1910/780/181 1906/831/178 1899/830/171
f 1905/804/177 1918/812/188 1924/813/193 1909/682/180
f 1909/807/180 1924/815/193 1920/833/190 1906/831/178
f 1919/786/189 1913/785/184 1916/783/186 1923/704/192
f 1923/704/192 1916/783/186 1912/832/183 1920/833/190
f 1939/819/207 1911/808/182 1917/692/187 1942/724/210
f 1942/724/210 1917/698/187 1913/785/184 1940/794/208
f 1918/812/188 1946/821/213 1952/733/219 1921/700/191
f 1921/706/191 1952/733/219 1948/798/215 1919/786/189
f 1947/835/214 1941/765/209 1944/795/211 1951/735/218
f 1951/735/218 1944/795/211 1940/794/208 1948/798/215
f 1925/709/194 1939/819/207 1945/726/212 1928/710/197
f 1928/710/197 1945/726/212 1941/765/209 1926/789/195
f 1946/821/213 1932/716/201 1938/719/206 1949/731/216
f 1949/731/216 1938/719/206 1934/792/203 1947/835/214
f 1933/791/202 1927/757/196 1930/790/199 1937/721/205
f 1937/721/205 1930/790/199 1926/789/195 1934/792/203
f 1897/799/169 1925/709/194 1931/712/200 1900/666/172
f 1900/672/172 1931/712/200 1927/757/196 1898/772/170
f 1932/716/201 1905/804/177 1907/684/179 1935/717/204
f 1935/717/204 1907/678/179 1904/777/176 1933/791/202
f 1911/808/182 1939/819/207 1925/709/194 1897/799/169
f 1899/830/171 1906/831/178 1920/833/190 1912/832/183
f 1927/757/196 1933/791/202 1904/777/176 1898/772/170
f 1946/821/213 1918/812/188 1905/804/177 1932/716/201
f 1913/785/184 1919/786/189 1948/798/215 1940/794/208
f 1941/765/209 1947/835/214 1934/792/203 1926/789/195
f 1953/836/169 1956/666/172 1957/667/153 1959/668/175
f 1954/669/170 1958/670/174 1957/671/153 1956/672/172
f 1955/837/171 1959/838/175 1957/839/153 1958/676/174
f 1960/677/176 1963/678/179 1964/679/157 1966/680/181
f 1961/840/177 1965/841/180 1964/683/157 1963/684/179
f 1962/842/178 1966/686/181 1964/687/157 1965/843/180
f 1967/844/182 1970/845/185 1971/846/227 1973/692/187
f 1968/847/183 1972/810/186 1971/695/227 1970/848/185
f 1969/697/184 1973/698/187 1971/695/227 1972/810/186
f 1974/699/188 1977/700/191 1978/701/240 1980/849/193
f 1975/703/189 1979/704/192 1978/850/240 1977/706/191
f 1976/814/190 1980/851/193 1978/850/240 1979/704/192
f 1981/852/194 1984/853/197 1985/711/198 1987/712/200
f 1982/854/195 1986/714/199 1985/711/198 1984/853/197
f 1983/715/196 1987/712/200 1985/711/198 1986/714/199
f 1988/855/201 1991/717/204 1992/718/155 1994/719/206
f 1989/720/202 1993/721/205 1992/718/155 1991/717/204
f 1990/818/203 1994/719/206 1992/718/155 1993/721/205
f 1995/723/207 1998/761/210 1999/856/167 2001/857/212
f 1996/727/208 2000/728/211 1999/856/167 1998/761/210
f 1997/820/209 2001/857/212 1999/856/167 2000/728/211
f 2002/858/213 2005/859/216 2006/860/238 2008/767/219
f 2003/734/214 2007/735/218 2006/860/238 2005/859/216
f 2004/736/215 2008/767/219 2006/860/238 2007/735/218
f 1967/844/182 1953/836/169 1959/668/175 1970/845/185
f 1970/848/185 1959/838/175 1955/837/171 1968/847/183
f 1954/669/170 1960/677/176 1966/680/181 1958/670/174
f 1958/676/174 1966/686/181 1962/842/178 1955/837/171
f 1961/840/177 1974/699/188 1980/849/193 1965/841/180
f 1965/843/180 1980/851/193 1976/814/190 1962/842/178
f 1975/703/189 1969/697/184 1972/810/186 1979/704/192
f 1979/704/192 1972/810/186 1968/847/183 1976/814/190
f 1995/723/207 1967/844/182 1973/692/187 1998/761/210
f 1998/761/210 1973/698/187 1969/697/184 1996/727/208
f 1974/699/188 2002/858/213 2008/767/219 1977/700/191
f 1977/706/191 2008/767/219 2004/736/215 1975/703/189
f 2003/734/214 1997/820/209 2000/728/211 2007/735/218
f 2007/735/218 2000/728/211 1996/727/208 2004/736/215
f 1981/852/194 1995/723/207 2001/857/212 1984/853/197
f 1984/853/197 2001/857/212 1997/820/209 1982/854/195
f 2002/858/213 1988/855/201 1994/719/206 2005/859/216
f 2005/859/216 1994/719/206 1990/818/203 2003/734/214
f 1989/720/202 1983/715/196 1986/714/199 1993/721/205
f 1993/721/205 1986/714/199 1982/854/195 1990/818/203
f 1953/836/169 1981/852/194 1987/712/200 1956/666/172
f 1956/672/172 1987/712/200 1983/715/196 1954/669/170
f 1988/855/201 1961/840/177 1963/684/179 1991/717/204
f 1991/717/204 1963/678/179 1960/677/176 1989/720/202
f 1967/844/182 1995/723/207 1981/852/194 1953/836/169
f 1955/837/171 1962/842/178 1976/814/190 1968/847/183
f 1983/715/196 1989/720/202 1960/677/176 1954/669/170
f 2002/858/213 1974/699/188 1961/840/177 1988/855/201
f 1969/697/184 1975/703/189 2004/736/215 1996/727/208
f 1997/820/209 2003/734/214 1990/818/203 1982/854/195
f 2009/836/169 2012/666/172 2013/667/239 2015/668/175
f 2010/737/170 2014/738/174 2013/739/239 2012/672/172
f 2011/861/171 2015/838/175 2013/839/239 2014/741/174
f 2016/742/176 2019/678/179 2020/679/157 2022/743/181
f 2017/840/177 2021/841/180 2020/683/157 2019/684/179
f 2018/862/178 2022/745/181 2020/746/157 2021/843/180
f 2023/844/182 2026/845/185 2027/846/227 2029/692/187
f 2024/782/183 2028/748/186 2027/749/227 2026/848/185
f 2025/750/184 2029/698/187 2027/749/227 2028/748/186
f 2030/699/188 2033/700/191 2034/701/237 2036/849/193
f 2031/703/189 2035/771/192 2034/863/237 2033/706/191
f 2032/864/190 2036/851/193 2034/863/237 2035/771/192
f 2037/852/194 2040/853/197 2041/754/159 2043/712/200
f 2038/755/195 2042/756/199 2041/754/159 2040/853/197
f 2039/757/196 2043/712/200 2041/754/159 2042/756/199
f 2044/855/201 2047/717/204 2048/758/166 2050/719/206
f 2045/759/202 2049/760/205 2048/758/166 2047/717/204
f 2046/722/203 2050/719/206 2048/758/166 2049/760/205
f 2051/723/207 2054/724/210 2055/865/222 2057/857/212
f 2052/763/208 2056/764/211 2055/865/222 2054/724/210
f 2053/796/209 2057/857/212 2055/865/222 2056/764/211
f 2058/858/213 2061/859/216 2062/866/217 2064/733/219
f 2059/829/214 2063/769/218 2062/866/217 2061/859/216
f 2060/770/215 2064/733/219 2062/866/217 2063/769/218
f 2023/844/182 2009/836/169 2015/668/175 2026/845/185
f 2026/848/185 2015/838/175 2011/861/171 2024/782/183
f 2010/737/170 2016/742/176 2022/743/181 2014/738/174
f 2014/741/174 2022/745/181 2018/862/178 2011/861/171
f 2017/840/177 2030/699/188 2036/849/193 2021/841/180
f 2021/843/180 2036/851/193 2032/864/190 2018/862/178
f 2031/703/189 2025/750/184 2028/748/186 2035/771/192
f 2035/771/192 2028/748/186 2024/782/183 2032/864/190
f 2051/723/207 2023/844/182 2029/692/187 2054/724/210
f 2054/724/210 2029/698/187 2025/750/184 2052/763/208
f 2030/699/188 2058/858/213 2064/733/219 2033/700/191
f 2033/706/191 2064/733/219 2060/770/215 2031/703/189
f 2059/829/214 2053/796/209 2056/764/211 2063/769/218
f 2063/769/218 2056/764/211 2052/763/208 2060/770/215
f 2037/852/194 2051/723/207 2057/857/212 2040/853/197
f 2040/853/197 2057/857/212 2053/796/209 2038/755/195
f 2058/858/213 2044/855/201 2050/719/206 2061/859/216
f 2061/859/216 2050/719/206 2046/722/203 2059/829/214
f 2045/759/202 2039/757/196 2042/756/199 2049/760/205
f 2049/760/205 2042/756/199 2038/755/195 2046/722/203
f 2009/836/169 2037/852/194 2043/712/200 2012/666/172
f 2012/672/172 2043/712/200 2039/757/196 2010/737/170
f 2044/855/201 2017/840/177 2019/684/179 2047/717/204
f 2047/717/204 2019/678/179 2016/742/176 2045/759/202
f 2023/844/182 2051/723/207 2037/852/194 2009/836/169
f 2011/861/171 2018/862/178 2032/864/190 2024/782/183
f 2039/757/196 2045/759/202 2016/742/176 2010/737/170
f 2058/858/213 2030/699/188 2017/840/177 2044/855/201
f 2025/750/184 2031/703/189 2060/770/215 2052/763/208
f 2053/796/209 2059/829/214 2046/722/203 2038/755/195
f 2065/836/169 2068/666/172 2069/667/239 2071/668/175
f 2066/737/170 2070/738/174 2069/739/239 2068/672/172
f 2067/861/171 2071/838/175 2069/839/239 2070/741/174
f 2072/742/176 2075/678/179 2076/679/163 2078/743/181
f 2073/840/177 2077/841/180 2076/683/163 2075/684/179
f 2074/862/178 2078/745/181 2076/746/163 2077/843/180
f 2079/844/182 2082/845/185 2083/846/227 2085/692/187
f 2080/782/183 2084/748/186 2083/749/227 2082/848/185
f 2081/750/184 2085/698/187 2083/749/227 2084/748/186
f 2086/699/188 2089/700/191 2090/701/237 2092/849/193
f 2087/703/189 2091/751/192 2090/863/237 2089/706/191
f 2088/864/190 2092/851/193 2090/863/237 2091/751/192
f 2093/852/194 2096/853/197 2097/754/159 2099/712/200
f 2094/755/195 2098/756/199 2097/754/159 2096/853/197
f 2095/757/196 2099/712/200 2097/754/159 2098/756/199
f 2100/855/201 2103/717/204 2104/758/155 2106/719/206
f 2101/759/202 2105/760/205 2104/758/155 2103/717/204
f 2102/722/203 2106/719/206 2104/758/155 2105/760/205
f 2107/723/207 2110/761/210 2111/865/222 2113/857/212
f 2108/763/208 2112/764/211 2111/865/222 2110/761/210
f 2109/796/209 2113/857/212 2111/865/222 2112/764/211
f 2114/858/213 2117/859/216 2118/867/217 2120/767/219
f 2115/829/214 2119/769/218 2118/867/217 2117/859/216
f 2116/770/215 2120/767/219 2118/867/217 2119/769/218
f 2079/844/182 2065/836/169 2071/668/175 2082/845/185
f 2082/848/185 2071/838/175 2067/861/171 2080/782/183
f 2066/737/170 2072/742/176 2078/743/181 2070/738/174
f 2070/741/174 2078/745/181 2074/862/178 2067/861/171
f 2073/840/177 2086/699/188 2092/849/193 2077/841/180
f 2077/843/180 2092/851/193 2088/864/190 2074/862/178
f 2087/703/189 2081/750/184 2084/748/186 2091/751/192
f 2091/751/192 2084/748/186 2080/782/183 2088/864/190
f 2107/723/207 2079/844/182 2085/692/187 2110/761/210
f 2110/761/210 2085/698/187 2081/750/184 2108/763/208
f 2086/699/188 2114/858/213 2120/767/219 2089/700/191
f 2089/706/191 2120/767/219 2116/770/215 2087/703/189
f 2115/829/214 2109/796/209 2112/764/211 2119/769/218
f 2119/769/218 2112/764/211 2108/763/208 2116/770/215
f 2093/852/194 2107/723/207 2113/857/212 2096/853/197
f 2096/853/197 2113/857/212 2109/796/209 2094/755/195
f 2114/858/213 2100/855/201 2106/719/206 2117/859/216
f 2117/859/216 2106/719/206 2102/722/203 2115/829/214
f 2101/759/202 2095/757/196 2098/756/199 2105/760/205
f 2105/760/205 2098/756/199 2094/755/195 2102/722/203
f 2065/836/169 2093/852/194 2099/712/200 2068/666/172
f 2068/672/172 2099/712/200 2095/757/196 2066/737/170
f 2100/855/201 2073/840/177 2075/684/179 2103/717/204
f 2103/717/204 2075/678/179 2072/742/176 2101/759/202
f 2079/844/182 2107/723/207 2093/852/194 2065/836/169
f 2067/861/171 2074/862/178 2088/864/190 2080/782/183
f 2095/757/196 2101/759/202 2072/742/176 2066/737/170
f 2114/858/213 2086/699/188 2073/840/177 2100/855/201
f 2081/750/184 2087/703/189 2116/770/215 2108/763/208
f 2109/796/209 2115/829/214 2102/722/203 2094/755/195
f 2121/836/169 2124/666/172 2125/667/153 2127/668/175
f 2122/772/170 2126/773/174 2125/774/153 2124/672/172
f 2123/868/171 2127/838/175 2125/839/153 2126/776/174
f 2128/777/176 2131/678/179 2132/679/154 2134/778/181
f 2129/840/177 2133/841/180 2132/683/154 2131/684/179
f 2130/869/178 2134/780/181 2132/781/154 2133/843/180
f 2135/844/182 2138/845/185 2139/846/227 2141/692/187
f 2136/782/183 2140/783/186 2139/784/227 2138/848/185
f 2137/785/184 2141/698/187 2139/784/227 2140/783/186
f 2142/699/188 2145/700/191 2146/701/158 2148/849/193
f 2143/786/189 2147/704/192 2146/850/158 2145/706/191
f 2144/833/190 2148/851/193 2146/850/158 2147/704/192
f 2149/852/194 2152/853/197 2153/788/233 2155/712/200
f 2150/870/195 2154/790/199 2153/788/233 2152/853/197
f 2151/757/196 2155/712/200 2153/788/233 2154/790/199
f 2156/855/201 2159/717/204 2160/718/229 2162/719/206
f 2157/791/202 2161/721/205 2160/718/229 2159/717/204
f 2158/792/203 2162/719/206 2160/718/229 2161/721/205
f 2163/723/207 2166/724/210 2167/871/226 2169/857/212
f 2164/794/208 2168/795/211 2167/871/226 2166/724/210
f 2165/796/209 2169/857/212 2167/871/226 2168/795/211
f 2170/858/213 2173/859/216 2174/872/162 2176/733/219
f 2171/873/214 2175/735/218 2174/872/162 2173/859/216
f 2172/798/215 2176/733/219 2174/872/162 2175/735/218
f 2135/844/182 2121/836/169 2127/668/175 2138/845/185
f 2138/848/185 2127/838/175 2123/868/171 2136/782/183
f 2122/772/170 2128/777/176 2134/778/181 2126/773/174
f 2126/776/174 2134/780/181 2130/869/178 2123/868/171
f 2129/840/177 2142/699/188 2148/849/193 2133/841/180
f 2133/843/180 2148/851/193 2144/833/190 2130/869/178
f 2143/786/189 2137/785/184 2140/783/186 2147/704/192
f 2147/704/192 2140/783/186 2136/782/183 2144/833/190
f 2163/723/207 2135/844/182 2141/692/187 2166/724/210
f 2166/724/210 2141/698/187 2137/785/184 2164/794/208
f 2142/699/188 2170/858/213 2176/733/219 2145/700/191
f 2145/706/191 2176/733/219 2172/798/215 2143/786/189
f 2171/873/214 2165/796/209 2168/795/211 2175/735/218
f 2175/735/218 2168/795/211 2164/794/208 2172/798/215
f 2149/852/194 2163/723/207 2169/857/212 2152/853/197
f 2152/853/197 2169/857/212 2165/796/209 2150/870/195
f 2170/858/213 2156/855/201 2162/719/206 2173/859/216
f 2173/859/216 2162/719/206 2158/792/203 2171/873/214
f 2157/791/202 2151/757/196 2154/790/199 2161/721/205
f 2161/721/205 2154/790/199 2150/870/195 2158/792/203
f 2121/836/169 2149/852/194 2155/712/200 2124/666/172
f 2124/672/172 2155/712/200 2151/757/196 2122/772/170
f 2156/855/201 2129/840/177 2131/684/179 2159/717/204
f 2159/717/204 2131/678/179 2128/777/176 2157/791/202
f 2135/844/182 2163/723/207 2149/852/194 2121/836/169
f 2123/868/171 2130/869/178 2144/833/190 2136/782/183
f 2151/757/196 2157/791/202 2128/777/176 2122/772/170
f 2170/858/213 2142/699/188 2129/840/177 2156/855/201
f 2137/785/184 2143/786/189 2172/798/215 2164/794/208
f 2165/796/209 2171/873/214 2158/792/203 2150/870/195
f 2177/665/169 2180/666/172 2181/667/153 2183/668/175
f 2178/669/170 2182/670/174 2181/671/153 2180/672/172
f 2179/673/171 2183/674/175 2181/675/153 2182/676/174
f 2184/677/176 2187/678/179 2188/679/157 2190/680/181
f 2185/681/177 2189/682/180 2188/683/157 2187/684/179
f 2186/685/178 2190/686/181 2188/687/157 2189/688/180
f 2191/689/182 2194/690/185 2195/691/227 2197/692/187
f 2192/693/183 2196/810/186 2195/695/227 2194/696/185
f 2193/697/184 2197/698/187 2195/695/227 2196/810/186
f 2198/699/188 2201/700/191 2202/701/240 2204/702/193
f 2199/703/189 2203/704/192 2202/705/240 2201/706/191
f 2200/707/190 2204/708/193 2202/705/240 2203/704/192
f 2205/709/194 2208/710/197 2209/711/198 2211/712/200
f 2206/713/195 2210/714/199 2209/711/198 2208/710/197
f 2207/715/196 2211/712/200 2209/711/198 2210/714/199
f 2212/716/201 2215/717/204 2216/718/221 2218/719/206
f 2213/720/202 2217/721/205 2216/718/221 2215/717/204
f 2214/722/203 2218/719/206 2216/718/221 2217/721/205
f 2219/723/207 2222/761/210 2223/725/123 2225/726/212
f 2220/727/208 2224/728/211 2223/725/123 2222/761/210
f 2221/729/209 2225/726/212 2223/725/123 2224/728/211
f 2226/730/213 2229/731/216 2230/732/217 2232/767/219
f 2227/734/214 2231/735/218 2230/732/217 2229/731/216
f 2228/736/215 2232/767/219 2230/732/217 2231/735/218
f 2191/689/182 2177/665/169 2183/668/175 2194/690/185
f 2194/696/185 2183/674/175 2179/673/171 2192/693/183
f 2178/669/170 2184/677/176 2190/680/181 2182/670/174
f 2182/676/174 2190/686/181 2186/685/178 2179/673/171
f 2185/681/177 2198/699/188 2204/702/193 2189/682/180
f 2189/688/180 2204/708/193 2200/707/190 2186/685/178
f 2199/703/189 2193/697/184 2196/810/186 2203/704/192
f 2203/704/192 2196/810/186 2192/693/183 2200/707/190
f 2219/723/207 2191/689/182 2197/692/187 2222/761/210
f 2222/761/210 2197/698/187 2193/697/184 2220/727/208
f 2198/699/188 2226/730/213 2232/767/219 2201/700/191
f 2201/706/191 2232/767/219 2228/736/215 2199/703/189
f 2227/734/214 2221/729/209 2224/728/211 2231/735/218
f 2231/735/218 2224/728/211 2220/727/208 2228/736/215
f 2205/709/194 2219/723/207 2225/726/212 2208/710/197
f 2208/710/197 2225/726/212 2221/729/209 2206/713/195
f 2226/730/213 2212/716/201 2218/719/206 2229/731/216
f 2229/731/216 2218/719/206 2214/722/203 2227/734/214
f 2213/720/202 2207/715/196 2210/714/199 2217/721/205
f 2217/721/205 2210/714/199 2206/713/195 2214/722/203
f 2177/665/169 2205/709/194 2211/712/200 2180/666/172
f 2180/672/172 2211/712/200 2207/715/196 2178/669/170
f 2212/716/201 2185/681/177 2187/684/179 2215/717/204
f 2215/717/204 2187/678/179 2184/677/176 2213/720/202
f 2191/689/182 2219/723/207 2205/709/194 2177/665/169
f 2179/673/171 2186/685/178 2200/707/190 2192/693/183
f 2207/715/196 2213/720/202 2184/677/176 2178/669/170
f 2226/730/213 2198/699/188 2185/681/177 2212/716/201
f 2193/697/184 2199/703/189 2228/736/215 2220/727/208
f 2221/729/209 2227/734/214 2214/722/203 2206/713/195
f 2233/665/169 2236/666/172 2237/667/239 2239/668/175
f 2234/737/170 2238/738/174 2237/739/239 2236/672/172
f 2235/740/171 2239/674/175 2237/675/239 2238/741/174
f 2240/742/176 2243/678/179 2244/679/157 2246/743/181
f 2241/681/177 2245/682/180 2244/683/157 2243/684/179
f 2242/744/178 2246/745/181 2244/746/157 2245/688/180
f 2247/689/182 2250/690/185 2251/691/227 2253/692/187
f 2248/747/183 2252/748/186 2251/749/227 2250/696/185
f 2249/750/184 2253/698/187 2251/749/227 2252/748/186
f 2254/699/188 2257/700/191 2258/701/240 2260/702/193
f 2255/703/189 2259/771/192 2258/752/240 2257/706/191
f 2256/753/190 2260/708/193 2258/752/240 2259/771/192
f 2261/709/194 2264/710/197 2265/754/159 2267/712/200
f 2262/755/195 2266/756/199 2265/754/159 2264/710/197
f 2263/757/196 2267/712/200 2265/754/159 2266/756/199
f 2268/716/201 2271/717/204 2272/758/166 2274/719/206
f 2269/759/202 2273/760/205 2272/758/166 2271/717/204
f 2270/722/203 2274/719/206 2272/758/166 2273/760/205
f 2275/723/207 2278/724/210 2279/762/222 2281/726/212
f 2276/763/208 2280/764/211 2279/762/222 2278/724/210
f 2277/765/209 2281/726/212 2279/762/222 2280/764/211
f 2282/730/213 2285/731/216 2286/766/238 2288/733/219
f 2283/768/214 2287/769/218 2286/766/238 2285/731/216
f 2284/770/215 2288/733/219 2286/766/238 2287/769/218
f 2247/689/182 2233/665/169 2239/668/175 2250/690/185
f 2250/696/185 2239/674/175 2235/740/171 2248/747/183
f 2234/737/170 2240/742/176 2246/743/181 2238/738/174
f 2238/741/174 2246/745/181 2242/744/178 2235/740/171
f 2241/681/177 2254/699/188 2260/702/193 2245/682/180
f 2245/688/180 2260/708/193 2256/753/190 2242/744/178
f 2255/703/189 2249/750/184 2252/748/186 2259/771/192
f 2259/771/192 2252/748/186 2248/747/183 2256/753/190
f 2275/723/207 2247/689/182 2253/692/187 2278/724/210
f 2278/724/210 2253/698/187 2249/750/184 2276/763/208
f 2254/699/188 2282/730/213 2288/733/219 2257/700/191
f 2257/706/191 2288/733/219 2284/770/215 2255/703/189
f 2283/768/214 2277/765/209 2280/764/211 2287/769/218
f 2287/769/218 2280/764/211 2276/763/208 2284/770/215
f 2261/709/194 2275/723/207 2281/726/212 2264/710/197
f 2264/710/197 2281/726/212 2277/765/209 2262/755/195
f 2282/730/213 2268/716/201 2274/719/206 2285/731/216
f 2285/731/216 2274/719/206 2270/722/203 2283/768/214
f 2269/759/202 2263/757/196 2266/756/199 2273/760/205
f 2273/760/205 2266/756/199 2262/755/195 2270/722/203
f 2233/665/169 2261/709/194 2267/712/200 2236/666/172
f 2236/672/172 2267/712/200 2263/757/196 2234/737/170
f 2268/716/201 2241/681/177 2243/684/179 2271/717/204
f 2271/717/204 2243/678/179 2240/742/176 2269/759/202
f 2247/689/182 2275/723/207 2261/709/194 2233/665/169
f 2235/740/171 2242/744/178 2256/753/190 2248/747/183
f 2263/757/196 2269/759/202 2240/742/176 2234/737/170
f 2282/730/213 2254/699/188 2241/681/177 2268/716/201
f 2249/750/184 2255/703/189 2284/770/215 2276/763/208
f 2277/765/209 2283/768/214 2270/722/203 2262/755/195
f 2289/665/169 2292/666/172 2293/667/239 2295/668/175
f 2290/737/170 2294/738/174 2293/739/239 2292/672/172
f 2291/740/171 2295/674/175 2293/675/239 2294/741/174
f 2296/742/176 2299/678/179 2300/679/163 2302/743/181
f 2297/681/177 2301/682/180 2300/683/163 2299/684/179
f 2298/744/178 2302/745/181 2300/746/163 2301/688/180
f 2303/689/182 2306/690/185 2307/691/227 2309/692/187
f 2304/747/183 2308/748/186 2307/749/227 2306/696/185
f 2305/750/184 2309/698/187 2307/749/227 2308/748/186
f 2310/699/188 2313/700/191 2314/701/237 2316/702/193
f 2311/703/189 2315/771/192 2314/752/237 2313/706/191
f 2312/753/190 2316/708/193 2314/752/237 2315/771/192
f 2317/709/194 2320/710/197 2321/754/159 2323/712/200
f 2318/755/195 2322/756/199 2321/754/159 2320/710/197
f 2319/757/196 2323/712/200 2321/754/159 2322/756/199
f 2324/716/201 2327/717/204 2328/758/155 2330/719/206
f 2325/759/202 2329/760/205 2328/758/155 2327/717/204
f 2326/722/203 2330/719/206 2328/758/155 2329/760/205
f 2331/723/207 2334/724/210 2335/762/222 2337/726/212
f 2332/763/208 2336/764/211 2335/762/222 2334/724/210
f 2333/765/209 2337/726/212 2335/762/222 2336/764/211
f 2338/730/213 2341/731/216 2342/766/217 2344/733/219
f 2339/768/214 2343/769/218 2342/766/217 2341/731/216
f 2340/770/215 2344/733/219 2342/766/217 2343/769/218
f 2303/689/182 2289/665/169 2295/668/175 2306/690/185
f 2306/696/185 2295/674/175 2291/740/171 2304/747/183
f 2290/737/170 2296/742/176 2302/743/181 2294/738/174
f 2294/741/174 2302/745/181 2298/744/178 2291/740/171
f 2297/681/177 2310/699/188 2316/702/193 2301/682/180
f 2301/688/180 2316/708/193 2312/753/190 2298/744/178
f 2311/703/189 2305/750/184 2308/748/186 2315/771/192
f 2315/771/192 2308/748/186 2304/747/183 2312/753/190
f 2331/723/207 2303/689/182 2309/692/187 2334/724/210
f 2334/724/210 2309/698/187 2305/750/184 2332/763/208
f 2310/699/188 2338/730/213 2344/733/219 2313/700/191
f 2313/706/191 2344/733/219 2340/770/215 2311/703/189
f 2339/768/214 2333/765/209 2336/764/211 2343/769/218
f 2343/769/218 2336/764/211 2332/763/208 2340/770/215
f 2317/709/194 2331/723/207 2337/726/212 2320/710/197
f 2320/710/197 2337/726/212 2333/765/209 2318/755/195
f 2338/730/213 2324/716/201 2330/719/206 2341/731/216
f 2341/731/216 2330/719/206 2326/722/203 2339/768/214
f 2325/759/202 2319/757/196 2322/756/199 2329/760/205
f 2329/760/205 2322/756/199 2318/755/195 2326/722/203
f 2289/665/169 2317/709/194 2323/712/200 2292/666/172
f 2292/672/172 2323/712/200 2319/757/196 2290/737/170
f 2324/716/201 2297/681/177 2299/684/179 2327/717/204
f 2327/717/204 2299/678/179 2296/742/176 2325/759/202
f 2303/689/182 2331/723/207 2317/709/194 2289/665/169
f 2291/740/171 2298/744/178 2312/753/190 2304/747/183
f 2319/757/196 2325/759/202 2296/742/176 2290/737/170
f 2338/730/213 2310/699/188 2297/681/177 2324/716/201
f 2305/750/184 2311/703/189 2340/770/215 2332/763/208
f 2333/765/209 2339/768/214 2326/722/203 2318/755/195
f 2345/665/169 2348/666/172 2349/667/153 2351/668/175
f 2346/772/170 2350/773/174 2349/774/153 2348/672/172
f 2347/775/171 2351/674/175 2349/675/153 2350/776/174
f 2352/777/176 2355/678/179 2356/679/154 2358/778/181
f 2353/681/177 2357/682/180 2356/683/154 2355/684/179
f 2354/779/178 2358/780/181 2356/781/154 2357/688/180
f 2359/689/182 2362/690/185 2363/691/47 2365/692/187
f 2360/782/183 2364/783/186 2363/784/47 2362/696/185
f 2361/785/184 2365/698/187 2363/784/47 2364/783/186
f 2366/699/188 2369/700/191 2370/701/158 2372/702/193
f 2367/786/189 2371/704/192 2370/705/158 2369/706/191
f 2368/787/190 2372/708/193 2370/705/158 2371/704/192
f 2373/709/194 2376/710/197 2377/788/85 2379/712/200
f 2374/789/195 2378/790/199 2377/788/85 2376/710/197
f 2375/757/196 2379/712/200 2377/788/85 2378/790/199
f 2380/716/201 2383/717/204 2384/718/229 2386/719/206
f 2381/791/202 2385/721/205 2384/718/229 2383/717/204
f 2382/792/203 2386/719/206 2384/718/229 2385/721/205
f 2387/723/207 2390/761/210 2391/793/226 2393/726/212
f 2388/794/208 2392/795/211 2391/793/226 2390/761/210
f 2389/796/209 2393/726/212 2391/793/226 2392/795/211
f 2394/730/213 2397/731/216 2398/732/162 2400/767/219
f 2395/797/214 2399/735/218 2398/732/162 2397/731/216
f 2396/798/215 2400/767/219 2398/732/162 2399/735/218
f 2359/689/182 2345/665/169 2351/668/175 2362/690/185
f 2362/696/185 2351/674/175 2347/775/171 2360/782/183
f 2346/772/170 2352/777/176 2358/778/181 2350/773/174
f 2350/776/174 2358/780/181 2354/779/178 2347/775/171
f 2353/681/177 2366/699/188 2372/702/193 2357/682/180
f 2357/688/180 2372/708/193 2368/787/190 2354/779/178
f 2367/786/189 2361/785/184 2364/783/186 2371/704/192
f 2371/704/192 2364/783/186 2360/782/183 2368/787/190
f 2387/723/207 2359/689/182 2365/692/187 2390/761/210
f 2390/761/210 2365/698/187 2361/785/184 2388/794/208
f 2366/699/188 2394/730/213 2400/767/219 2369/700/191
f 2369/706/191 2400/767/219 2396/798/215 2367/786/189
f 2395/797/214 2389/796/209 2392/795/211 2399/735/218
f 2399/735/218 2392/795/211 2388/794/208 2396/798/215
f 2373/709/194 2387/723/207 2393/726/212 2376/710/197
f 2376/710/197 2393/726/212 2389/796/209 2374/789/195
f 2394/730/213 2380/716/201 2386/719/206 2397/731/216
f 2397/731/216 2386/719/206 2382/792/203 2395/797/214
f 2381/791/202 2375/757/196 2378/790/199 2385/721/205
f 2385/721/205 2378/790/199 2374/789/195 2382/792/203
f 2345/665/169 2373/709/194 2379/712/200 2348/666/172
f 2348/672/172 2379/712/200 2375/757/196 2346/772/170
f 2380/716/201 2353/681/177 2355/684/179 2383/717/204
f 2383/717/204 2355/678/179 2352/777/176 2381/791/202
f 2359/689/182 2387/723/207 2373/709/194 2345/665/169
f 2347/775/171 2354/779/178 2368/787/190 2360/782/183
f 2375/757/196 2381/791/202 2352/777/176 2346/772/170
f 2394/730/213 2366/699/188 2353/681/177 2380/716/201
f 2361/785/184 2367/786/189 2396/798/215 2388/794/208
f 2389/796/209 2395/797/214 2382/792/203 2374/789/195
f 2401/875/169 2404/876/172 2405/877/153 2407/878/175
f 2402/879/170 2406/670/174 2405/671/153 2404/880/172
f 2403/881/171 2407/882/175 2405/883/153 2406/676/174
f 2408/884/176 2411/885/179 2412/886/28 2414/680/181
f 2409/887/177 2413/888/180 2412/889/28 2411/890/179
f 2410/891/178 2414/686/181 2412/687/28 2413/892/180
f 2415/893/182 2418/894/185 2419/895/47 2421/896/187
f 2416/897/183 2420/694/186 2419/898/47 2418/899/185
f 2417/900/184 2421/901/187 2419/898/47 2420/694/186
f 2422/902/188 2425/903/191 2426/904/66 2428/905/193
f 2423/906/189 2427/704/192 2426/907/66 2425/908/191
f 2424/909/190 2428/910/193 2426/907/66 2427/704/192
f 2429/911/194 2432/912/197 2433/913/233 2435/914/200
f 2430/915/195 2434/714/199 2433/913/233 2432/912/197
f 2431/916/196 2435/914/200 2433/913/233 2434/714/199
f 2436/917/201 2439/918/204 2440/919/104 2442/920/206
f 2437/921/202 2441/721/205 2440/919/104 2439/918/204
f 2438/922/203 2442/920/206 2440/919/104 2441/721/205
f 2443/923/207 2446/924/210 2447/925/226 2449/926/212
f 2444/927/208 2448/728/211 2447/925/226 2446/924/210
f 2445/928/209 2449/926/212 2447/925/226 2448/728/211
f 2450/929/213 2453/930/216 2454/931/142 2456/932/219
f 2451/933/214 2455/735/218 2454/931/142 2453/930/216
f 2452/934/215 2456/932/219 2454/931/142 2455/735/218
f 2415/893/182 2401/875/169 2407/878/175 2418/894/185
f 2418/899/185 2407/882/175 2403/881/171 2416/897/183
f 2402/879/170 2408/884/176 2414/680/181 2406/670/174
f 2406/676/174 2414/686/181 2410/891/178 2403/881/171
f 2409/887/177 2422/902/188 2428/905/193 2413/888/180
f 2413/892/180 2428/910/193 2424/909/190 2410/891/178
f 2423/906/189 2417/900/184 2420/694/186 2427/704/192
f 2427/704/192 2420/694/186 2416/897/183 2424/909/190
f 2443/923/207 2415/893/182 2421/896/187 2446/924/210
f 2446/924/210 2421/901/187 2417/900/184 2444/927/208
f 2422/902/188 2450/929/213 2456/932/219 2425/903/191
f 2425/908/191 2456/932/219 2452/934/215 2423/906/189
f 2451/933/214 2445/928/209 2448/728/211 2455/735/218
f 2455/735/218 2448/728/211 2444/927/208 2452/934/215
f 2429/911/194 2443/923/207 2449/926/212 2432/912/197
f 2432/912/197 2449/926/212 2445/928/209 2430/915/195
f 2450/929/213 2436/917/201 2442/920/206 2453/930/216
f 2453/930/216 2442/920/206 2438/922/203 2451/933/214
f 2437/921/202 2431/916/196 2434/714/199 2441/721/205
f 2441/721/205 2434/714/199 2430/915/195 2438/922/203
f 2401/875/169 2429/911/194 2435/914/200 2404/876/172
f 2404/880/172 2435/914/200 2431/916/196 2402/879/170
f 2436/917/201 2409/887/177 2411/890/179 2439/918/204
f 2439/918/204 2411/885/179 2408/884/176 2437/921/202
f 2415/893/182 2443/923/207 2429/911/194 2401/875/169
f 2403/881/171 2410/891/178 2424/909/190 2416/897/183
f 2431/916/196 2437/921/202 2408/884/176 2402/879/170
f 2450/929/213 2422/902/188 2409/887/177 2436/917/201
f 2417/900/184 2423/906/189 2452/934/215 2444/927/208
f 2445/928/209 2451/933/214 2438/922/203 2430/915/195
f 2457/875/169 2460/876/172 2461/877/156 2463/878/175
f 2458/935/170 2462/738/174 2461/739/156 2460/880/172
f 2459/936/171 2463/882/175 2461/883/156 2462/741/174
f 2464/937/176 2467/885/179 2468/886/28 2470/743/181
f 2465/887/177 2469/888/180 2468/889/28 2467/890/179
f 2466/938/178 2470/745/181 2468/746/28 2469/892/180
f 2471/893/182 2474/894/185 2475/895/220 2477/896/187
f 2472/939/183 2476/748/186 2475/940/220 2474/899/185
f 2473/941/184 2477/901/187 2475/940/220 2476/748/186
f 2478/902/188 2481/903/191 2482/904/240 2484/905/193
f 2479/942/189 2483/771/192 2482/943/240 2481/908/191
f 2480/944/190 2484/910/193 2482/943/240 2483/771/192
f 2485/911/194 2488/912/197 2489/945/241 2491/914/200
f 2486/946/195 2490/756/199 2489/945/241 2488/912/197
f 2487/947/196 2491/914/200 2489/945/241 2490/756/199
f 2492/917/201 2495/918/204 2496/948/160 2498/920/206
f 2493/949/202 2497/760/205 2496/948/160 2495/918/204
f 2494/950/203 2498/920/206 2496/948/160 2497/760/205
f 2499/923/207 2502/924/210 2503/951/222 2505/926/212
f 2500/952/208 2504/764/211 2503/951/222 2502/924/210
f 2501/953/209 2505/926/212 2503/951/222 2504/764/211
f 2506/929/213 2509/930/216 2510/954/142 2512/932/219
f 2507/955/214 2511/769/218 2510/954/142 2509/930/216
f 2508/956/215 2512/932/219 2510/954/142 2511/769/218
f 2471/893/182 2457/875/169 2463/878/175 2474/894/185
f 2474/899/185 2463/882/175 2459/936/171 2472/939/183
f 2458/935/170 2464/937/176 2470/743/181 2462/738/174
f 2462/741/174 2470/745/181 2466/938/178 2459/936/171
f 2465/887/177 2478/902/188 2484/905/193 2469/888/180
f 2469/892/180 2484/910/193 2480/944/190 2466/938/178
f 2479/942/189 2473/941/184 2476/748/186 2483/771/192
f 2483/771/192 2476/748/186 2472/939/183 2480/944/190
f 2499/923/207 2471/893/182 2477/896/187 2502/924/210
f 2502/924/210 2477/901/187 2473/941/184 2500/952/208
f 2478/902/188 2506/929/213 2512/932/219 2481/903/191
f 2481/908/191 2512/932/219 2508/956/215 2479/942/189
f 2507/955/214 2501/953/209 2504/764/211 2511/769/218
f 2511/769/218 2504/764/211 2500/952/208 2508/956/215
f 2485/911/194 2499/923/207 2505/926/212 2488/912/197
f 2488/912/197 2505/926/212 2501/953/209 2486/946/195
f 2506/929/213 2492/917/201 2498/920/206 2509/930/216
f 2509/930/216 2498/920/206 2494/950/203 2507/955/214
f 2493/949/202 2487/947/196 2490/756/199 2497/760/205
f 2497/760/205 2490/756/199 2486/946/195 2494/950/203
f 2457/875/169 2485/911/194 2491/914/200 2460/876/172
f 2460/880/172 2491/914/200 2487/947/196 2458/935/170
f 2492/917/201 2465/887/177 2467/890/179 2495/918/204
f 2495/918/204 2467/885/179 2464/937/176 2493/949/202
f 2471/893/182 2499/923/207 2485/911/194 2457/875/169
f 2459/936/171 2466/938/178 2480/944/190 2472/939/183
f 2487/947/196 2493/949/202 2464/937/176 2458/935/170
f 2506/929/213 2478/902/188 2465/887/177 2492/917/201
f 2473/941/184 2479/942/189 2508/956/215 2500/952/208
f 2501/953/209 2507/955/214 2494/950/203 2486/946/195
f 2513/875/169 2516/876/172 2517/877/156 2519/878/175
f 2514/935/170 2518/738/174 2517/739/156 2516/880/172
f 2515/936/171 2519/882/175 2517/883/156 2518/741/174
f 2520/937/176 2523/885/179 2524/886/28 2526/743/181
f 2521/887/177 2525/888/180 2524/889/28 2523/890/179
f 2522/938/178 2526/745/181 2524/746/28 2525/892/180
f 2527/893/182 2530/894/185 2531/895/220 2533/896/187
f 2528/939/183 2532/748/186 2531/940/220 2530/899/185
f 2529/941/184 2533/901/187 2531/940/220 2532/748/186
f 2534/902/188 2537/903/191 2538/904/240 2540/905/193
f 2535/942/189 2539/771/192 2538/943/240 2537/908/191
f 2536/944/190 2540/910/193 2538/943/240 2539/771/192
f 2541/911/194 2544/912/197 2545/945/241 2547/914/200
f 2542/946/195 2546/756/199 2545/945/241 2544/912/197
f 2543/947/196 2547/914/200 2545/945/241 2546/756/199
f 2548/917/201 2551/918/204 2552/948/160 2554/920/206
f 2549/949/202 2553/760/205 2552/948/160 2551/918/204
f 2550/950/203 2554/920/206 2552/948/160 2553/760/205
f 2555/923/207 2558/924/210 2559/951/228 2561/926/212
f 2556/952/208 2560/764/211 2559/951/228 2558/924/210
f 2557/953/209 2561/926/212 2559/951/228 2560/764/211
f 2562/929/213 2565/930/216 2566/954/242 2568/932/219
f 2563/955/214 2567/769/218 2566/954/242 2565/930/216
f 2564/956/215 2568/932/219 2566/954/242 2567/769/218
f 2527/893/182 2513/875/169 2519/878/175 2530/894/185
f 2530/899/185 2519/882/175 2515/936/171 2528/939/183
f 2514/935/170 2520/937/176 2526/743/181 2518/738/174
f 2518/741/174 2526/745/181 2522/938/178 2515/936/171
f 2521/887/177 2534/902/188 2540/905/193 2525/888/180
f 2525/892/180 2540/910/193 2536/944/190 2522/938/178
f 2535/942/189 2529/941/184 2532/748/186 2539/771/192
f 2539/771/192 2532/748/186 2528/939/183 2536/944/190
f 2555/923/207 2527/893/182 2533/896/187 2558/924/210
f 2558/924/210 2533/901/187 2529/941/184 2556/952/208
f 2534/902/188 2562/929/213 2568/932/219 2537/903/191
f 2537/908/191 2568/932/219 2564/956/215 2535/942/189
f 2563/955/214 2557/953/209 2560/764/211 2567/769/218
f 2567/769/218 2560/764/211 2556/952/208 2564/956/215
f 2541/911/194 2555/923/207 2561/926/212 2544/912/197
f 2544/912/197 2561/926/212 2557/953/209 2542/946/195
f 2562/929/213 2548/917/201 2554/920/206 2565/930/216
f 2565/930/216 2554/920/206 2550/950/203 2563/955/214
f 2549/949/202 2543/947/196 2546/756/199 2553/760/205
f 2553/760/205 2546/756/199 2542/946/195 2550/950/203
f 2513/875/169 2541/911/194 2547/914/200 2516/876/172
f 2516/880/172 2547/914/200 2543/947/196 2514/935/170
f 2548/917/201 2521/887/177 2523/890/179 2551/918/204
f 2551/918/204 2523/885/179 2520/937/176 2549/949/202
f 2527/893/182 2555/923/207 2541/911/194 2513/875/169
f 2515/936/171 2522/938/178 2536/944/190 2528/939/183
f 2543/947/196 2549/949/202 2520/937/176 2514/935/170
f 2562/929/213 2534/902/188 2521/887/177 2548/917/201
f 2529/941/184 2535/942/189 2564/956/215 2556/952/208
f 2557/953/209 2563/955/214 2550/950/203 2542/946/195
f 2569/875/169 2572/876/172 2573/877/243 2575/878/175
f 2570/957/170 2574/773/174 2573/774/243 2572/880/172
f 2571/958/171 2575/882/175 2573/883/243 2574/776/174
f 2576/959/176 2579/885/179 2580/886/154 2582/778/181
f 2577/887/177 2581/888/180 2580/889/154 2579/890/179
f 2578/891/178 2582/780/181 2580/781/154 2581/892/180
f 2583/893/182 2586/894/185 2587/895/47 2589/896/187
f 2584/960/183 2588/783/186 2587/961/47 2586/899/185
f 2585/962/184 2589/901/187 2587/961/47 2588/783/186
f 2590/902/188 2593/903/191 2594/904/158 2596/905/193
f 2591/963/189 2595/704/192 2594/907/158 2593/908/191
f 2592/964/190 2596/910/193 2594/907/158 2595/704/192
f 2597/911/194 2600/912/197 2601/965/233 2603/914/200
f 2598/946/195 2602/790/199 2601/965/233 2600/912/197
f 2599/966/196 2603/914/200 2601/965/233 2602/790/199
f 2604/917/201 2607/918/204 2608/948/229 2610/920/206
f 2605/967/202 2609/721/205 2608/948/229 2607/918/204
f 2606/922/203 2610/920/206 2608/948/229 2609/721/205
f 2611/923/207 2614/924/210 2615/968/123 2617/926/212
f 2612/969/208 2616/795/211 2615/968/123 2614/924/210
f 2613/970/209 2617/926/212 2615/968/123 2616/795/211
f 2618/929/213 2621/930/216 2622/931/162 2624/932/219
f 2619/971/214 2623/735/218 2622/931/162 2621/930/216
f 2620/972/215 2624/932/219 2622/931/162 2623/735/218
f 2583/893/182 2569/875/169 2575/878/175 2586/894/185
f 2586/899/185 2575/882/175 2571/958/171 2584/960/183
f 2570/957/170 2576/959/176 2582/778/181 2574/773/174
f 2574/776/174 2582/780/181 2578/891/178 2571/958/171
f 2577/887/177 2590/902/188 2596/905/193 2581/888/180
f 2581/892/180 2596/910/193 2592/964/190 2578/891/178
f 2591/963/189 2585/962/184 2588/783/186 2595/704/192
f 2595/704/192 2588/783/186 2584/960/183 2592/964/190
f 2611/923/207 2583/893/182 2589/896/187 2614/924/210
f 2614/924/210 2589/901/187 2585/962/184 2612/969/208
f 2590/902/188 2618/929/213 2624/932/219 2593/903/191
f 2593/908/191 2624/932/219 2620/972/215 2591/963/189
f 2619/971/214 2613/970/209 2616/795/211 2623/735/218
f 2623/735/218 2616/795/211 2612/969/208 2620/972/215
f 2597/911/194 2611/923/207 2617/926/212 2600/912/197
f 2600/912/197 2617/926/212 2613/970/209 2598/946/195
f 2618/929/213 2604/917/201 2610/920/206 2621/930/216
f 2621/930/216 2610/920/206 2606/922/203 2619/971/214
f 2605/967/202 2599/966/196 2602/790/199 2609/721/205
f 2609/721/205 2602/790/199 2598/946/195 2606/922/203
f 2569/875/169 2597/911/194 2603/914/200 2572/876/172
f 2572/880/172 2603/914/200 2599/966/196 2570/957/170
f 2604/917/201 2577/887/177 2579/890/179 2607/918/204
f 2607/918/204 2579/885/179 2576/959/176 2605/967/202
f 2583/893/182 2611/923/207 2597/911/194 2569/875/169
f 2571/958/171 2578/891/178 2592/964/190 2584/960/183
f 2599/966/196 2605/967/202 2576/959/176 2570/957/170
f 2618/929/213 2590/902/188 2577/887/177 2604/917/201
f 2585/962/184 2591/963/189 2620/972/215 2612/969/208
f 2613/970/209 2619/971/214 2606/922/203 2598/946/195
f 2625/973/169 2628/974/172 2629/975/153 2631/878/175
f 2626/976/170 2630/670/174 2629/671/153 2628/977/172
f 2627/881/171 2631/882/175 2629/883/153 2630/676/174
f 2632/978/176 2635/979/179 2636/980/157 2638/680/181
f 2633/981/177 2637/888/180 2636/889/157 2635/982/179
f 2634/891/178 2638/686/181 2636/687/157 2637/892/180
f 2639/983/182 2642/894/185 2643/895/47 2645/984/187
f 2640/897/183 2644/694/186 2643/985/47 2642/899/185
f 2641/986/184 2645/987/187 2643/985/47 2644/694/186
f 2646/988/188 2649/989/191 2650/904/66 2652/905/193
f 2647/906/189 2651/704/192 2650/907/66 2649/990/191
f 2648/909/190 2652/910/193 2650/907/66 2651/704/192
f 2653/991/194 2656/912/197 2657/913/233 2659/914/200
f 2654/915/195 2658/714/199 2657/913/233 2656/912/197
f 2655/992/196 2659/914/200 2657/913/233 2658/714/199
f 2660/917/201 2663/918/204 2664/919/104 2666/920/206
f 2661/967/202 2665/721/205 2664/919/104 2663/918/204
f 2662/922/203 2666/920/206 2664/919/104 2665/721/205
f 2667/993/207 2670/994/210 2671/995/226 2673/926/212
f 2668/927/208 2672/728/211 2671/995/226 2670/994/210
f 2669/928/209 2673/926/212 2671/995/226 2672/728/211
f 2674/996/213 2677/930/216 2678/931/142 2680/932/219
f 2675/933/214 2679/735/218 2678/931/142 2677/930/216
f 2676/997/215 2680/932/219 2678/931/142 2679/735/218
f 2639/983/182 2625/973/169 2631/878/175 2642/894/185
f 2642/899/185 2631/882/175 2627/881/171 2640/897/183
f 2626/976/170 2632/978/176 2638/680/181 2630/670/174
f 2630/676/174 2638/686/181 2634/891/178 2627/881/171
f 2633/981/177 2646/988/188 2652/905/193 2637/888/180
f 2637/892/180 2652/910/193 2648/909/190 2634/891/178
f 2647/906/189 2641/986/184 2644/694/186 2651/704/192
f 2651/704/192 2644/694/186 2640/897/183 2648/909/190
f 2667/993/207 2639/983/182 2645/984/187 2670/994/210
f 2670/994/210 2645/987/187 2641/986/184 2668/927/208
f 2646/988/188 2674/996/213 2680/932/219 2649/989/191
f 2649/990/191 2680/932/219 2676/997/215 2647/906/189
f 2675/933/214 2669/928/209 2672/728/211 2679/735/218
f 2679/735/218 2672/728/211 2668/927/208 2676/997/215
f 2653/991/194 2667/993/207 2673/926/212 2656/912/197
f 2656/912/197 2673/926/212 2669/928/209 2654/915/195
f 2674/996/213 2660/917/201 2666/920/206 2677/930/216
f 2677/930/216 2666/920/206 2662/922/203 2675/933/214
f 2661/967/202 2655/992/196 2658/714/199 2665/721/205
f 2665/721/205 2658/714/199 2654/915/195 2662/922/203
f 2625/973/169 2653/991/194 2659/914/200 2628/974/172
f 2628/977/172 2659/914/200 2655/992/196 2626/976/170
f 2660/917/201 2633/981/177 2635/982/179 2663/918/204
f 2663/918/204 2635/979/179 2632/978/176 2661/967/202
f 2639/983/182 2667/993/207 2653/991/194 2625/973/169
f 2627/881/171 2634/891/178 2648/909/190 2640/897/183
f 2655/992/196 2661/967/202 2632/978/176 2626/976/170
f 2674/996/213 2646/988/188 2633/981/177 2660/917/201
f 2641/986/184 2647/906/189 2676/997/215 2668/927/208
f 2669/928/209 2675/933/214 2662/922/203 2654/915/195
f 2681/973/169 2684/974/172 2685/975/156 2687/878/175
f 2682/957/170 2686/738/174 2685/739/156 2684/977/172
f 2683/936/171 2687/882/175 2685/883/156 2686/741/174
f 2688/998/176 2691/979/179 2692/980/163 2694/743/181
f 2689/981/177 2693/888/180 2692/889/163 2691/982/179
f 2690/938/178 2694/745/181 2692/746/163 2693/892/180
f 2695/983/182 2698/894/185 2699/895/227 2701/984/187
f 2696/939/183 2700/748/186 2699/999/227 2698/899/185
f 2697/1000/184 2701/987/187 2699/999/227 2700/748/186
f 2702/988/188 2705/989/191 2706/904/240 2708/905/193
f 2703/1001/189 2707/771/192 2706/943/240 2705/990/191
f 2704/944/190 2708/910/193 2706/943/240 2707/771/192
f 2709/991/194 2712/912/197 2713/945/241 2715/914/200
f 2710/946/195 2714/756/199 2713/945/241 2712/912/197
f 2711/1002/196 2715/914/200 2713/945/241 2714/756/199
f 2716/917/201 2719/918/204 2720/948/104 2722/920/206
f 2717/1003/202 2721/760/205 2720/948/104 2719/918/204
f 2718/950/203 2722/920/206 2720/948/104 2721/760/205
f 2723/993/207 2726/994/210 2727/951/228 2729/926/212
f 2724/1004/208 2728/764/211 2727/951/228 2726/994/210
f 2725/953/209 2729/926/212 2727/951/228 2728/764/211
f 2730/996/213 2733/930/216 2734/954/242 2736/932/219
f 2731/955/214 2735/769/218 2734/954/242 2733/930/216
f 2732/956/215 2736/932/219 2734/954/242 2735/769/218
f 2695/983/182 2681/973/169 2687/878/175 2698/894/185
f 2698/899/185 2687/882/175 2683/936/171 2696/939/183
f 2682/957/170 2688/998/176 2694/743/181 2686/738/174
f 2686/741/174 2694/745/181 2690/938/178 2683/936/171
f 2689/981/177 2702/988/188 2708/905/193 2693/888/180
f 2693/892/180 2708/910/193 2704/944/190 2690/938/178
f 2703/1001/189 2697/1000/184 2700/748/186 2707/771/192
f 2707/771/192 2700/748/186 2696/939/183 2704/944/190
f 2723/993/207 2695/983/182 2701/984/187 2726/994/210
f 2726/994/210 2701/987/187 2697/1000/184 2724/1004/208
f 2702/988/188 2730/996/213 2736/932/219 2705/989/191
f 2705/990/191 2736/932/219 2732/956/215 2703/1001/189
f 2731/955/214 2725/953/209 2728/764/211 2735/769/218
f 2735/769/218 2728/764/211 2724/1004/208 2732/956/215
f 2709/991/194 2723/993/207 2729/926/212 2712/912/197
f 2712/912/197 2729/926/212 2725/953/209 2710/946/195
f 2730/996/213 2716/917/201 2722/920/206 2733/930/216
f 2733/930/216 2722/920/206 2718/950/203 2731/955/214
f 2717/1003/202 2711/1002/196 2714/756/199 2721/760/205
f 2721/760/205 2714/756/199 2710/946/195 2718/950/203
f 2681/973/169 2709/991/194 2715/914/200 2684/974/172
f 2684/977/172 2715/914/200 2711/1002/196 2682/957/170
f 2716/917/201 2689/981/177 2691/982/179 2719/918/204
f 2719/918/204 2691/979/179 2688/998/176 2717/1003/202
f 2695/983/182 2723/993/207 2709/991/194 2681/973/169
f 2683/936/171 2690/938/178 2704/944/190 2696/939/183
f 2711/1002/196 2717/1003/202 2688/998/176 2682/957/170
f 2730/996/213 2702/988/188 2689/981/177 2716/917/201
f 2697/1000/184 2703/1001/189 2732/956/215 2724/1004/208
f 2725/953/209 2731/955/214 2718/950/203 2710/946/195
f 2737/973/169 2740/974/172 2741/975/239 2743/878/175
f 2738/957/170 2742/738/174 2741/739/239 2740/977/172
f 2739/936/171 2743/882/175 2741/883/239 2742/741/174
f 2744/998/176 2747/979/179 2748/980/163 2750/743/181
f 2745/981/177 2749/888/180 2748/889/163 2747/982/179
f 2746/938/178 2750/745/181 2748/746/163 2749/892/180
f 2751/983/182 2754/894/185 2755/895/227 2757/984/187
f 2752/939/183 2756/748/186 2755/999/227 2754/899/185
f 2753/1000/184 2757/987/187 2755/999/227 2756/748/186
f 2758/988/188 2761/989/191 2762/904/240 2764/905/193
f 2759/1001/189 2763/771/192 2762/943/240 2761/990/191
f 2760/944/190 2764/910/193 2762/943/240 2763/771/192
f 2765/991/194 2768/912/197 2769/945/241 2771/914/200
f 2766/946/195 2770/756/199 2769/945/241 2768/912/197
f 2767/1002/196 2771/914/200 2769/945/241 2770/756/199
f 2772/917/201 2775/918/204 2776/948/104 2778/920/206
f 2773/1003/202 2777/760/205 2776/948/104 2775/918/204
f 2774/950/203 2778/920/206 2776/948/104 2777/760/205
f 2779/993/207 2782/994/210 2783/951/228 2785/926/212
f 2780/1004/208 2784/764/211 2783/951/228 2782/994/210
f 2781/953/209 2785/926/212 2783/951/228 2784/764/211
f 2786/996/213 2789/930/216 2790/954/242 2792/932/219
f 2787/955/214 2791/769/218 2790/954/242 2789/930/216
f 2788/956/215 2792/932/219 2790/954/242 2791/769/218
f 2751/983/182 2737/973/169 2743/878/175 2754/894/185
f 2754/899/185 2743/882/175 2739/936/171 2752/939/183
f 2738/957/170 2744/998/176 2750/743/181 2742/738/174
f 2742/741/174 2750/745/181 2746/938/178 2739/936/171
f 2745/981/177 2758/988/188 2764/905/193 2749/888/180
f 2749/892/180 2764/910/193 2760/944/190 2746/938/178
f 2759/1001/189 2753/1000/184 2756/748/186 2763/771/192
f 2763/771/192 2756/748/186 2752/939/183 2760/944/190
f 2779/993/207 2751/983/182 2757/984/187 2782/994/210
f 2782/994/210 2757/987/187 2753/1000/184 2780/1004/208
f 2758/988/188 2786/996/213 2792/932/219 2761/989/191
f 2761/990/191 2792/932/219 2788/956/215 2759/1001/189
f 2787/955/214 2781/953/209 2784/764/211 2791/769/218
f 2791/769/218 2784/764/211 2780/1004/208 2788/956/215
f 2765/991/194 2779/993/207 2785/926/212 2768/912/197
f 2768/912/197 2785/926/212 2781/953/209 2766/946/195
f 2786/996/213 2772/917/201 2778/920/206 2789/930/216
f 2789/930/216 2778/920/206 2774/950/203 2787/955/214
f 2773/1003/202 2767/1002/196 2770/756/199 2777/760/205
f 2777/760/205 2770/756/199 2766/946/195 2774/950/203
f 2737/973/169 2765/991/194 2771/914/200 2740/974/172
f 2740/977/172 2771/914/200 2767/1002/196 2738/957/170
f 2772/917/201 2745/981/177 2747/982/179 2775/918/204
f 2775/918/204 2747/979/179 2744/998/176 2773/1003/202
f 2751/983/182 2779/993/207 2765/991/194 2737/973/169
f 2739/936/171 2746/938/178 2760/944/190 2752/939/183
f 2767/1002/196 2773/1003/202 2744/998/176 2738/957/170
f 2786/996/213 2758/988/188 2745/981/177 2772/917/201
f 2753/1000/184 2759/1001/189 2788/956/215 2780/1004/208
f 2781/953/209 2787/955/214 2774/950/203 2766/946/195
f 2793/973/169 2796/974/172 2797/975/153 2799/878/175
f 2794/957/170 2798/773/174 2797/774/153 2796/977/172
f 2795/958/171 2799/882/175 2797/883/153 2798/776/174
f 2800/1005/176 2803/979/179 2804/980/154 2806/778/181
f 2801/981/177 2805/888/180 2804/889/154 2803/982/179
f 2802/891/178 2806/780/181 2804/781/154 2805/892/180
f 2807/983/182 2810/894/185 2811/895/47 2813/984/187
f 2808/960/183 2812/783/186 2811/1006/47 2810/899/185
f 2809/1000/184 2813/987/187 2811/1006/47 2812/783/186
f 2814/988/188 2817/989/191 2818/904/158 2820/905/193
f 2815/1007/189 2819/704/192 2818/907/158 2817/990/191
f 2816/964/190 2820/910/193 2818/907/158 2819/704/192
f 2821/991/194 2824/912/197 2825/965/233 2827/914/200
f 2822/946/195 2826/790/199 2825/965/233 2824/912/197
f 2823/1008/196 2827/914/200 2825/965/233 2826/790/199
f 2828/917/201 2831/918/204 2832/948/229 2834/920/206
f 2829/921/202 2833/721/205 2832/948/229 2831/918/204
f 2830/922/203 2834/920/206 2832/948/229 2833/721/205
f 2835/993/207 2838/994/210 2839/968/161 2841/926/212
f 2836/1009/208 2840/795/211 2839/968/161 2838/994/210
f 2837/970/209 2841/926/212 2839/968/161 2840/795/211
f 2842/996/213 2845/930/216 2846/931/162 2848/932/219
f 2843/971/214 2847/735/218 2846/931/162 2845/930/216
f 2844/972/215 2848/932/219 2846/931/162 2847/735/218
f 2807/983/182 2793/973/169 2799/878/175 2810/894/185
f 2810/899/185 2799/882/175 2795/958/171 2808/960/183
f 2794/957/170 2800/1005/176 2806/778/181 2798/773/174
f 2798/776/174 2806/780/181 2802/891/178 2795/958/171
f 2801/981/177 2814/988/188 2820/905/193 2805/888/180
f 2805/892/180 2820/910/193 2816/964/190 2802/891/178
f 2815/1007/189 2809/1000/184 2812/783/186 2819/704/192
f 2819/704/192 2812/783/186 2808/960/183 2816/964/190
f 2835/993/207 2807/983/182 2813/984/187 2838/994/210
f 2838/994/210 2813/987/187 2809/1000/184 2836/1009/208
f 2814/988/188 2842/996/213 2848/932/219 2817/989/191
f 2817/990/191 2848/932/219 2844/972/215 2815/1007/189
f 2843/971/214 2837/970/209 2840/795/211 2847/735/218
f 2847/735/218 2840/795/211 2836/1009/208 2844/972/215
f 2821/991/194 2835/993/207 2841/926/212 2824/912/197
f 2824/912/197 2841/926/212 2837/970/209 2822/946/195
f 2842/996/213 2828/917/201 2834/920/206 2845/930/216
f 2845/930/216 2834/920/206 2830/922/203 2843/971/214
f 2829/921/202 2823/1008/196 2826/790/199 2833/721/205
f 2833/721/205 2826/790/199 2822/946/195 2830/922/203
f 2793/973/169 2821/991/194 2827/914/200 2796/974/172
f 2796/977/172 2827/914/200 2823/1008/196 2794/957/170
f 2828/917/201 2801/981/177 2803/982/179 2831/918/204
f 2831/918/204 2803/979/179 2800/1005/176 2829/921/202
f 2807/983/182 2835/993/207 2821/991/194 2793/973/169
f 2795/958/171 2802/891/178 2816/964/190 2808/960/183
f 2823/1008/196 2829/921/202 2800/1005/176 2794/957/170
f 2842/996/213 2814/988/188 2801/981/177 2828/917/201
f 2809/1000/184 2815/1007/189 2844/972/215 2836/1009/208
f 2837/970/209 2843/971/214 2830/922/203 2822/946/195
f 2849/973/169 2852/1010/172 2853/1011/153 2855/878/175
f 2850/1012/170 2854/670/174 2853/671/153 2852/1013/172
f 2851/881/171 2855/882/175 2853/883/153 2854/676/174
f 2856/978/176 2859/885/179 2860/886/28 2862/680/181
f 2857/1014/177 2861/888/180 2860/889/28 2859/1015/179
f 2858/891/178 2862/686/181 2860/687/28 2861/892/180
f 2863/983/182 2866/894/185 2867/895/47 2869/1016/187
f 2864/897/183 2868/694/186 2867/898/47 2866/899/185
f 2865/1017/184 2869/1018/187 2867/898/47 2868/694/186
f 2870/988/188 2873/989/191 2874/904/66 2876/905/193
f 2871/963/189 2875/704/192 2874/907/66 2873/1019/191
f 2872/909/190 2876/910/193 2874/907/66 2875/704/192
f 2877/911/194 2880/912/197 2881/913/233 2883/914/200
f 2878/915/195 2882/714/199 2881/913/233 2880/912/197
f 2879/1020/196 2883/914/200 2881/913/233 2882/714/199
f 2884/1021/201 2887/918/204 2888/919/104 2890/920/206
f 2885/1022/202 2889/721/205 2888/919/104 2887/918/204
f 2886/922/203 2890/920/206 2888/919/104 2889/721/205
f 2891/1023/207 2894/924/210 2895/995/226 2897/926/212
f 2892/1024/208 2896/728/211 2895/995/226 2894/924/210
f 2893/928/209 2897/926/212 2895/995/226 2896/728/211
f 2898/996/213 2901/930/216 2902/1025/142 2904/932/219
f 2899/933/214 2903/735/218 2902/1025/142 2901/930/216
f 2900/997/215 2904/932/219 2902/1025/142 2903/735/218
f 2863/983/182 2849/973/169 2855/878/175 2866/894/185
f 2866/899/185 2855/882/175 2851/881/171 2864/897/183
f 2850/1012/170 2856/978/176 2862/680/181 2854/670/174
f 2854/676/174 2862/686/181 2858/891/178 2851/881/171
f 2857/1014/177 2870/988/188 2876/905/193 2861/888/180
f 2861/892/180 2876/910/193 2872/909/190 2858/891/178
f 2871/963/189 2865/1017/184 2868/694/186 2875/704/192
f 2875/704/192 2868/694/186 2864/897/183 2872/909/190
f 2891/1023/207 2863/983/182 2869/1016/187 2894/924/210
f 2894/924/210 2869/1018/187 2865/1017/184 2892/1024/208
f 2870/988/188 2898/996/213 2904/932/219 2873/989/191
f 2873/1019/191 2904/932/219 2900/997/215 2871/963/189
f 2899/933/214 2893/928/209 2896/728/211 2903/735/218
f 2903/735/218 2896/728/211 2892/1024/208 2900/997/215
f 2877/911/194 2891/1023/207 2897/926/212 2880/912/197
f 2880/912/197 2897/926/212 2893/928/209 2878/915/195
f 2898/996/213 2884/1021/201 2890/920/206 2901/930/216
f 2901/930/216 2890/920/206 2886/922/203 2899/933/214
f 2885/1022/202 2879/1020/196 2882/714/199 2889/721/205
f 2889/721/205 2882/714/199 2878/915/195 2886/922/203
f 2849/973/169 2877/911/194 2883/914/200 2852/1010/172
f 2852/1013/172 2883/914/200 2879/1020/196 2850/1012/170
f 2884/1021/201 2857/1014/177 2859/1015/179 2887/918/204
f 2887/918/204 2859/885/179 2856/978/176 2885/1022/202
f 2863/983/182 2891/1023/207 2877/911/194 2849/973/169
f 2851/881/171 2858/891/178 2872/909/190 2864/897/183
f 2879/1020/196 2885/1022/202 2856/978/176 2850/1012/170
f 2898/996/213 2870/988/188 2857/1014/177 2884/1021/201
f 2865/1017/184 2871/963/189 2900/997/215 2892/1024/208
f 2893/928/209 2899/933/214 2886/922/203 2878/915/195
f 2905/973/169 2908/1010/172 2909/1011/239 2911/878/175
f 2906/935/170 2910/738/174 2909/739/239 2908/1013/172
f 2907/936/171 2911/882/175 2909/883/239 2910/741/174
f 2912/1026/176 2915/885/179 2916/886/28 2918/743/181
f 2913/1014/177 2917/888/180 2916/889/28 2915/1015/179
f 2914/938/178 2918/745/181 2916/746/28 2917/892/180
f 2919/983/182 2922/894/185 2923/895/227 2925/1016/187
f 2920/939/183 2924/748/186 2923/940/227 2922/899/185
f 2921/1027/184 2925/1018/187 2923/940/227 2924/748/186
f 2926/988/188 2929/989/191 2930/904/66 2932/905/193
f 2927/1001/189 2931/771/192 2930/943/66 2929/1019/191
f 2928/944/190 2932/910/193 2930/943/66 2931/771/192
f 2933/911/194 2936/912/197 2937/945/159 2939/914/200
f 2934/946/195 2938/756/199 2937/945/159 2936/912/197
f 2935/1028/196 2939/914/200 2937/945/159 2938/756/199
f 2940/1021/201 2943/918/204 2944/948/160 2946/920/206
f 2941/1029/202 2945/760/205 2944/948/160 2943/918/204
f 2942/950/203 2946/920/206 2944/948/160 2945/760/205
f 2947/1023/207 2950/924/210 2951/951/228 2953/926/212
f 2948/969/208 2952/764/211 2951/951/228 2950/924/210
f 2949/953/209 2953/926/212 2951/951/228 2952/764/211
f 2954/996/213 2957/930/216 2958/1030/142 2960/932/219
f 2955/955/214 2959/769/218 2958/1030/142 2957/930/216
f 2956/1031/215 2960/932/219 2958/1030/142 2959/769/218
f 2919/983/182 2905/973/169 2911/878/175 2922/894/185
f 2922/899/185 2911/882/175 2907/936/171 2920/939/183
f 2906/935/170 2912/1026/176 2918/743/181 2910/738/174
f 2910/741/174 2918/745/181 2914/938/178 2907/936/171
f 2913/1014/177 2926/988/188 2932/905/193 2917/888/180
f 2917/892/180 2932/910/193 2928/944/190 2914/938/178
f 2927/1001/189 2921/1027/184 2924/748/186 2931/771/192
f 2931/771/192 2924/748/186 2920/939/183 2928/944/190
f 2947/1023/207 2919/983/182 2925/1016/187 2950/924/210
f 2950/924/210 2925/1018/187 2921/1027/184 2948/969/208
f 2926/988/188 2954/996/213 2960/932/219 2929/989/191
f 2929/1019/191 2960/932/219 2956/1031/215 2927/1001/189
f 2955/955/214 2949/953/209 2952/764/211 2959/769/218
f 2959/769/218 2952/764/211 2948/969/208 2956/1031/215
f 2933/911/194 2947/1023/207 2953/926/212 2936/912/197
f 2936/912/197 2953/926/212 2949/953/209 2934/946/195
f 2954/996/213 2940/1021/201 2946/920/206 2957/930/216
f 2957/930/216 2946/920/206 2942/950/203 2955/955/214
f 2941/1029/202 2935/1028/196 2938/756/199 2945/760/205
f 2945/760/205 2938/756/199 2934/946/195 2942/950/203
f 2905/973/169 2933/911/194 2939/914/200 2908/1010/172
f 2908/1013/172 2939/914/200 2935/1028/196 2906/935/170
f 2940/1021/201 2913/1014/177 2915/1015/179 2943/918/204
f 2943/918/204 2915/885/179 2912/1026/176 2941/1029/202
f 2919/983/182 2947/1023/207 2933/911/194 2905/973/169
f 2907/936/171 2914/938/178 2928/944/190 2920/939/183
f 2935/1028/196 2941/1029/202 2912/1026/176 2906/935/170
f 2954/996/213 2926/988/188 2913/1014/177 2940/1021/201
f 2921/1027/184 2927/1001/189 2956/1031/215 2948/969/208
f 2949/953/209 2955/955/214 2942/950/203 2934/946/195
f 2961/973/169 2964/1010/172 2965/1011/239 2967/878/175
f 2962/935/170 2966/738/174 2965/739/239 2964/1013/172
f 2963/936/171 2967/882/175 2965/883/239 2966/741/174
f 2968/1026/176 2971/885/179 2972/886/157 2974/743/181
f 2969/1014/177 2973/888/180 2972/889/157 2971/1015/179
f 2970/938/178 2974/745/181 2972/746/157 2973/892/180
f 2975/983/182 2978/894/185 2979/895/227 2981/1016/187
f 2976/939/183 2980/748/186 2979/940/227 2978/899/185
f 2977/1027/184 2981/1018/187 2979/940/227 2980/748/186
f 2982/988/188 2985/989/191 2986/904/240 2988/905/193
f 2983/1001/189 2987/771/192 2986/943/240 2985/1019/191
f 2984/944/190 2988/910/193 2986/943/240 2987/771/192
f 2989/911/194 2992/912/197 2993/945/159 2995/914/200
f 2990/946/195 2994/756/199 2993/945/159 2992/912/197
f 2991/1028/196 2995/914/200 2993/945/159 2994/756/199
f 2996/1021/201 2999/918/204 3000/948/160 3002/920/206
f 2997/1029/202 3001/760/205 3000/948/160 2999/918/204
f 2998/950/203 3002/920/206 3000/948/160 3001/760/205
f 3003/1023/207 3006/924/210 3007/951/228 3009/926/212
f 3004/969/208 3008/764/211 3007/951/228 3006/924/210
f 3005/953/209 3009/926/212 3007/951/228 3008/764/211
f 3010/996/213 3013/930/216 3014/1030/142 3016/932/219
f 3011/955/214 3015/769/218 3014/1030/142 3013/930/216
f 3012/1031/215 3016/932/219 3014/1030/142 3015/769/218
f 2975/983/182 2961/973/169 2967/878/175 2978/894/185
f 2978/899/185 2967/882/175 2963/936/171 2976/939/183
f 2962/935/170 2968/1026/176 2974/743/181 2966/738/174
f 2966/741/174 2974/745/181 2970/938/178 2963/936/171
f 2969/1014/177 2982/988/188 2988/905/193 2973/888/180
f 2973/892/180 2988/910/193 2984/944/190 2970/938/178
f 2983/1001/189 2977/1027/184 2980/748/186 2987/771/192
f 2987/771/192 2980/748/186 2976/939/183 2984/944/190
f 3003/1023/207 2975/983/182 2981/1016/187 3006/924/210
f 3006/924/210 2981/1018/187 2977/1027/184 3004/969/208
f 2982/988/188 3010/996/213 3016/932/219 2985/989/191
f 2985/1019/191 3016/932/219 3012/1031/215 2983/1001/189
f 3011/955/214 3005/953/209 3008/764/211 3015/769/218
f 3015/769/218 3008/764/211 3004/969/208 3012/1031/215
f 2989/911/194 3003/1023/207 3009/926/212 2992/912/197
f 2992/912/197 3009/926/212 3005/953/209 2990/946/195
f 3010/996/213 2996/1021/201 3002/920/206 3013/930/216
f 3013/930/216 3002/920/206 2998/950/203 3011/955/214
f 2997/1029/202 2991/1028/196 2994/756/199 3001/760/205
f 3001/760/205 2994/756/199 2990/946/195 2998/950/203
f 2961/973/169 2989/911/194 2995/914/200 2964/1010/172
f 2964/1013/172 2995/914/200 2991/1028/196 2962/935/170
f 2996/1021/201 2969/1014/177 2971/1015/179 2999/918/204
f 2999/918/204 2971/885/179 2968/1026/176 2997/1029/202
f 2975/983/182 3003/1023/207 2989/911/194 2961/973/169
f 2963/936/171 2970/938/178 2984/944/190 2976/939/183
f 2991/1028/196 2997/1029/202 2968/1026/176 2962/935/170
f 3010/996/213 2982/988/188 2969/1014/177 2996/1021/201
f 2977/1027/184 2983/1001/189 3012/1031/215 3004/969/208
f 3005/953/209 3011/955/214 2998/950/203 2990/946/195
f 3017/973/169 3020/1010/172 3021/1011/243 3023/878/175
f 3018/1032/170 3022/773/174 3021/774/243 3020/1013/172
f 3019/958/171 3023/882/175 3021/883/243 3022/776/174
f 3024/1005/176 3027/885/179 3028/886/154 3030/778/181
f 3025/1014/177 3029/888/180 3028/889/154 3027/1015/179
f 3026/891/178 3030/780/181 3028/781/154 3029/892/180
f 3031/983/182 3034/894/185 3035/895/47 3037/1016/187
f 3032/960/183 3036/783/186 3035/961/47 3034/899/185
f 3033/1027/184 3037/1018/187 3035/961/47 3036/783/186
f 3038/988/188 3041/989/191 3042/904/158 3044/905/193
f 3039/906/189 3043/704/192 3042/907/158 3041/1019/191
f 3040/964/190 3044/910/193 3042/907/158 3043/704/192
f 3045/911/194 3048/912/197 3049/965/233 3051/914/200
f 3046/946/195 3050/790/199 3049/965/233 3048/912/197
f 3047/1028/196 3051/914/200 3049/965/233 3050/790/199
f 3052/1021/201 3055/918/204 3056/948/229 3058/920/206
f 3053/1033/202 3057/721/205 3056/948/229 3055/918/204
f 3054/922/203 3058/920/206 3056/948/229 3057/721/205
f 3059/1023/207 3062/924/210 3063/925/161 3065/926/212
f 3060/969/208 3064/795/211 3063/925/161 3062/924/210
f 3061/970/209 3065/926/212 3063/925/161 3064/795/211
f 3066/996/213 3069/930/216 3070/1025/162 3072/932/219
f 3067/971/214 3071/735/218 3070/1025/162 3069/930/216
f 3068/1034/215 3072/932/219 3070/1025/162 3071/735/218
f 3031/983/182 3017/973/169 3023/878/175 3034/894/185
f 3034/899/185 3023/882/175 3019/958/171 3032/960/183
f 3018/1032/170 3024/1005/176 3030/778/181 3022/773/174
f 3022/776/174 3030/780/181 3026/891/178 3019/958/171
f 3025/1014/177 3038/988/188 3044/905/193 3029/888/180
f 3029/892/180 3044/910/193 3040/964/190 3026/891/178
f 3039/906/189 3033/1027/184 3036/783/186 3043/704/192
f 3043/704/192 3036/783/186 3032/960/183 3040/964/190
f 3059/1023/207 3031/983/182 3037/1016/187 3062/924/210
f 3062/924/210 3037/1018/187 3033/1027/184 3060/969/208
f 3038/988/188 3066/996/213 3072/932/219 3041/989/191
f 3041/1019/191 3072/932/219 3068/1034/215 3039/906/189
f 3067/971/214 3061/970/209 3064/795/211 3071/735/218
f 3071/735/218 3064/795/211 3060/969/208 3068/1034/215
f 3045/911/194 3059/1023/207 3065/926/212 3048/912/197
f 3048/912/197 3065/926/212 3061/970/209 3046/946/195
f 3066/996/213 3052/1021/201 3058/920/206 3069/930/216
f 3069/930/216 3058/920/206 3054/922/203 3067/971/214
f 3053/1033/202 3047/1028/196 3050/790/199 3057/721/205
f 3057/721/205 3050/790/199 3046/946/195 3054/922/203
f 3017/973/169 3045/911/194 3051/914/200 3020/1010/172
f 3020/1013/172 3051/914/200 3047/1028/196 3018/1032/170
f 3052/1021/201 3025/1014/177 3027/1015/179 3055/918/204
f 3055/918/204 3027/885/179 3024/1005/176 3053/1033/202
f 3031/983/182 3059/1023/207 3045/911/194 3017/973/169
f 3019/958/171 3026/891/178 3040/964/190 3032/960/183
f 3047/1028/196 3053/1033/202 3024/1005/176 3018/1032/170
f 3066/996/213 3038/988/188 3025/1014/177 3052/1021/201
f 3033/1027/184 3039/906/189 3068/1034/215 3060/969/208
f 3061/970/209 3067/971/214 3054/922/203 3046/946/195
f 3073/875/169 3076/876/172 3077/877/153 3079/878/175
f 3074/879/170 3078/670/174 3077/671/153 3076/880/172
f 3075/881/171 3079/882/175 3077/883/153 3078/676/174
f 3080/884/176 3083/885/179 3084/886/28 3086/680/181
f 3081/887/177 3085/888/180 3084/889/28 3083/890/179
f 3082/891/178 3086/686/181 3084/687/28 3085/892/180
f 3087/893/182 3090/894/185 3091/895/47 3093/896/187
f 3088/897/183 3092/694/186 3091/898/47 3090/899/185
f 3089/900/184 3093/901/187 3091/898/47 3092/694/186
f 3094/902/188 3097/903/191 3098/904/66 3100/905/193
f 3095/906/189 3099/704/192 3098/907/66 3097/908/191
f 3096/909/190 3100/910/193 3098/907/66 3099/704/192
f 3101/911/194 3104/912/197 3105/913/85 3107/914/200
f 3102/915/195 3106/714/199 3105/913/85 3104/912/197
f 3103/916/196 3107/914/200 3105/913/85 3106/714/199
f 3108/917/201 3111/918/204 3112/919/166 3114/920/206
f 3109/921/202 3113/721/205 3112/919/166 3111/918/204
f 3110/922/203 3114/920/206 3112/919/166 3113/721/205
f 3115/923/207 3118/924/210 3119/925/123 3121/926/212
f 3116/927/208 3120/728/211 3119/925/123 3118/924/210
f 3117/928/209 3121/926/212 3119/925/123 3120/728/211
f 3122/929/213 3125/930/216 3126/931/142 3128/932/219
f 3123/933/214 3127/735/218 3126/931/142 3125/930/216
f 3124/934/215 3128/932/219 3126/931/142 3127/735/218
f 3087/893/182 3073/875/169 3079/878/175 3090/894/185
f 3090/899/185 3079/882/175 3075/881/171 3088/897/183
f 3074/879/170 3080/884/176 3086/680/181 3078/670/174
f 3078/676/174 3086/686/181 3082/891/178 3075/881/171
f 3081/887/177 3094/902/188 3100/905/193 3085/888/180
f 3085/892/180 3100/910/193 3096/909/190 3082/891/178
f 3095/906/189 3089/900/184 3092/694/186 3099/704/192
f 3099/704/192 3092/694/186 3088/897/183 3096/909/190
f 3115/923/207 3087/893/182 3093/896/187 3118/924/210
f 3118/924/210 3093/901/187 3089/900/184 3116/927/208
f 3094/902/188 3122/929/213 3128/932/219 3097/903/191
f 3097/908/191 3128/932/219 3124/934/215 3095/906/189
f 3123/933/214 3117/928/209 3120/728/211 3127/735/218
f 3127/735/218 3120/728/211 3116/927/208 3124/934/215
f 3101/911/194 3115/923/207 3121/926/212 3104/912/197
f 3104/912/197 3121/926/212 3117/928/209 3102/915/195
f 3122/929/213 3108/917/201 3114/920/206 3125/930/216
f 3125/930/216 3114/920/206 3110/922/203 3123/933/214
f 3109/921/202 3103/916/196 3106/714/199 3113/721/205
f 3113/721/205 3106/714/199 3102/915/195 3110/922/203
f 3073/875/169 3101/911/194 3107/914/200 3076/876/172
f 3076/880/172 3107/914/200 3103/916/196 3074/879/170
f 3108/917/201 3081/887/177 3083/890/179 3111/918/204
f 3111/918/204 3083/885/179 3080/884/176 3109/921/202
f 3087/893/182 3115/923/207 3101/911/194 3073/875/169
f 3075/881/171 3082/891/178 3096/909/190 3088/897/183
f 3103/916/196 3109/921/202 3080/884/176 3074/879/170
f 3122/929/213 3094/902/188 3081/887/177 3108/917/201
f 3089/900/184 3095/906/189 3124/934/215 3116/927/208
f 3117/928/209 3123/933/214 3110/922/203 3102/915/195
f 3129/875/169 3132/876/172 3133/877/239 3135/878/175
f 3130/935/170 3134/738/174 3133/739/239 3132/880/172
f 3131/936/171 3135/882/175 3133/883/239 3134/741/174
f 3136/937/176 3139/885/179 3140/886/244 3142/743/181
f 3137/887/177 3141/888/180 3140/889/244 3139/890/179
f 3138/938/178 3142/745/181 3140/746/244 3141/892/180
f 3143/893/182 3146/894/185 3147/895/227 3149/896/187
f 3144/939/183 3148/748/186 3147/940/227 3146/899/185
f 3145/941/184 3149/901/187 3147/940/227 3148/748/186
f 3150/902/188 3153/903/191 3154/904/240 3156/905/193
f 3151/942/189 3155/771/192 3154/943/240 3153/908/191
f 3152/944/190 3156/910/193 3154/943/240 3155/771/192
f 3157/911/194 3160/912/197 3161/945/241 3163/914/200
f 3158/946/195 3162/756/199 3161/945/241 3160/912/197
f 3159/947/196 3163/914/200 3161/945/241 3162/756/199
f 3164/917/201 3167/918/204 3168/948/166 3170/920/206
f 3165/949/202 3169/760/205 3168/948/166 3167/918/204
f 3166/950/203 3170/920/206 3168/948/166 3169/760/205
f 3171/923/207 3174/924/210 3175/951/228 3177/926/212
f 3172/952/208 3176/764/211 3175/951/228 3174/924/210
f 3173/953/209 3177/926/212 3175/951/228 3176/764/211
f 3178/929/213 3181/930/216 3182/954/234 3184/932/219
f 3179/955/214 3183/769/218 3182/954/234 3181/930/216
f 3180/956/215 3184/932/219 3182/954/234 3183/769/218
f 3143/893/182 3129/875/169 3135/878/175 3146/894/185
f 3146/899/185 3135/882/175 3131/936/171 3144/939/183
f 3130/935/170 3136/937/176 3142/743/181 3134/738/174
f 3134/741/174 3142/745/181 3138/938/178 3131/936/171
f 3137/887/177 3150/902/188 3156/905/193 3141/888/180
f 3141/892/180 3156/910/193 3152/944/190 3138/938/178
f 3151/942/189 3145/941/184 3148/748/186 3155/771/192
f 3155/771/192 3148/748/186 3144/939/183 3152/944/190
f 3171/923/207 3143/893/182 3149/896/187 3174/924/210
f 3174/924/210 3149/901/187 3145/941/184 3172/952/208
f 3150/902/188 3178/929/213 3184/932/219 3153/903/191
f 3153/908/191 3184/932/219 3180/956/215 3151/942/189
f 3179/955/214 3173/953/209 3176/764/211 3183/769/218
f 3183/769/218 3176/764/211 3172/952/208 3180/956/215
f 3157/911/194 3171/923/207 3177/926/212 3160/912/197
f 3160/912/197 3177/926/212 3173/953/209 3158/946/195
f 3178/929/213 3164/917/201 3170/920/206 3181/930/216
f 3181/930/216 3170/920/206 3166/950/203 3179/955/214
f 3165/949/202 3159/947/196 3162/756/199 3169/760/205
f 3169/760/205 3162/756/199 3158/946/195 3166/950/203
f 3129/875/169 3157/911/194 3163/914/200 3132/876/172
f 3132/880/172 3163/914/200 3159/947/196 3130/935/170
f 3164/917/201 3137/887/177 3139/890/179 3167/918/204
f 3167/918/204 3139/885/179 3136/937/176 3165/949/202
f 3143/893/182 3171/923/207 3157/911/194 3129/875/169
f 3131/936/171 3138/938/178 3152/944/190 3144/939/183
f 3159/947/196 3165/949/202 3136/937/176 3130/935/170
f 3178/929/213 3150/902/188 3137/887/177 3164/917/201
f 3145/941/184 3151/942/189 3180/956/215 3172/952/208
f 3173/953/209 3179/955/214 3166/950/203 3158/946/195
f 3185/875/169 3188/876/172 3189/877/239 3191/878/175
f 3186/935/170 3190/738/174 3189/739/239 3188/880/172
f 3187/936/171 3191/882/175 3189/883/239 3190/741/174
f 3192/937/176 3195/885/179 3196/886/157 3198/743/181
f 3193/887/177 3197/888/180 3196/889/157 3195/890/179
f 3194/938/178 3198/745/181 3196/746/157 3197/892/180
f 3199/893/182 3202/894/185 3203/895/227 3205/896/187
f 3200/939/183 3204/748/186 3203/940/227 3202/899/185
f 3201/941/184 3205/901/187 3203/940/227 3204/748/186
f 3206/902/188 3209/903/191 3210/904/240 3212/905/193
f 3207/942/189 3211/771/192 3210/943/240 3209/908/191
f 3208/944/190 3212/910/193 3210/943/240 3211/771/192
f 3213/911/194 3216/912/197 3217/945/241 3219/914/200
f 3214/946/195 3218/756/199 3217/945/241 3216/912/197
f 3215/947/196 3219/914/200 3217/945/241 3218/756/199
f 3220/917/201 3223/918/204 3224/948/166 3226/920/206
f 3221/949/202 3225/760/205 3224/948/166 3223/918/204
f 3222/950/203 3226/920/206 3224/948/166 3225/760/205
f 3227/923/207 3230/924/210 3231/951/228 3233/926/212
f 3228/952/208 3232/764/211 3231/951/228 3230/924/210
f 3229/953/209 3233/926/212 3231/951/228 3232/764/211
f 3234/929/213 3237/930/216 3238/954/238 3240/932/219
f 3235/955/214 3239/769/218 3238/954/238 3237/930/216
f 3236/956/215 3240/932/219 3238/954/238 3239/769/218
f 3199/893/182 3185/875/169 3191/878/175 3202/894/185
f 3202/899/185 3191/882/175 3187/936/171 3200/939/183
f 3186/935/170 3192/937/176 3198/743/181 3190/738/174
f 3190/741/174 3198/745/181 3194/938/178 3187/936/171
f 3193/887/177 3206/902/188 3212/905/193 3197/888/180
f 3197/892/180 3212/910/193 3208/944/190 3194/938/178
f 3207/942/189 3201/941/184 3204/748/186 3211/771/192
f 3211/771/192 3204/748/186 3200/939/183 3208/944/190
f 3227/923/207 3199/893/182 3205/896/187 3230/924/210
f 3230/924/210 3205/901/187 3201/941/184 3228/952/208
f 3206/902/188 3234/929/213 3240/932/219 3209/903/191
f 3209/908/191 3240/932/219 3236/956/215 3207/942/189
f 3235/955/214 3229/953/209 3232/764/211 3239/769/218
f 3239/769/218 3232/764/211 3228/952/208 3236/956/215
f 3213/911/194 3227/923/207 3233/926/212 3216/912/197
f 3216/912/197 3233/926/212 3229/953/209 3214/946/195
f 3234/929/213 3220/917/201 3226/920/206 3237/930/216
f 3237/930/216 3226/920/206 3222/950/203 3235/955/214
f 3221/949/202 3215/947/196 3218/756/199 3225/760/205
f 3225/760/205 3218/756/199 3214/946/195 3222/950/203
f 3185/875/169 3213/911/194 3219/914/200 3188/876/172
f 3188/880/172 3219/914/200 3215/947/196 3186/935/170
f 3220/917/201 3193/887/177 3195/890/179 3223/918/204
f 3223/918/204 3195/885/179 3192/937/176 3221/949/202
f 3199/893/182 3227/923/207 3213/911/194 3185/875/169
f 3187/936/171 3194/938/178 3208/944/190 3200/939/183
f 3215/947/196 3221/949/202 3192/937/176 3186/935/170
f 3234/929/213 3206/902/188 3193/887/177 3220/917/201
f 3201/941/184 3207/942/189 3236/956/215 3228/952/208
f 3229/953/209 3235/955/214 3222/950/203 3214/946/195
f 3241/875/169 3244/876/172 3245/877/153 3247/878/175
f 3242/957/170 3246/773/174 3245/774/153 3244/880/172
f 3243/958/171 3247/882/175 3245/883/153 3246/776/174
f 3248/959/176 3251/885/179 3252/886/154 3254/778/181
f 3249/887/177 3253/888/180 3252/889/154 3251/890/179
f 3250/891/178 3254/780/181 3252/781/154 3253/892/180
f 3255/893/182 3258/894/185 3259/895/47 3261/896/187
f 3256/960/183 3260/783/186 3259/961/47 3258/899/185
f 3257/962/184 3261/901/187 3259/961/47 3260/783/186
f 3262/902/188 3265/903/191 3266/904/158 3268/905/193
f 3263/963/189 3267/704/192 3266/907/158 3265/908/191
f 3264/964/190 3268/910/193 3266/907/158 3267/704/192
f 3269/911/194 3272/912/197 3273/965/233 3275/914/200
f 3270/946/195 3274/790/199 3273/965/233 3272/912/197
f 3271/966/196 3275/914/200 3273/965/233 3274/790/199
f 3276/917/201 3279/918/204 3280/948/229 3282/920/206
f 3277/967/202 3281/721/205 3280/948/229 3279/918/204
f 3278/922/203 3282/920/206 3280/948/229 3281/721/205
f 3283/923/207 3286/924/210 3287/968/226 3289/926/212
f 3284/969/208 3288/795/211 3287/968/226 3286/924/210
f 3285/970/209 3289/926/212 3287/968/226 3288/795/211
f 3290/929/213 3293/930/216 3294/931/162 3296/932/219
f 3291/971/214 3295/735/218 3294/931/162 3293/930/216
f 3292/972/215 3296/932/219 3294/931/162 3295/735/218
f 3255/893/182 3241/875/169 3247/878/175 3258/894/185
f 3258/899/185 3247/882/175 3243/958/171 3256/960/183
f 3242/957/170 3248/959/176 3254/778/181 3246/773/174
f 3246/776/174 3254/780/181 3250/891/178 3243/958/171
f 3249/887/177 3262/902/188 3268/905/193 3253/888/180
f 3253/892/180 3268/910/193 3264/964/190 3250/891/178
f 3263/963/189 3257/962/184 3260/783/186 3267/704/192
f 3267/704/192 3260/783/186 3256/960/183 3264/964/190
f 3283/923/207 3255/893/182 3261/896/187 3286/924/210
f 3286/924/210 3261/901/187 3257/962/184 3284/969/208
f 3262/902/188 3290/929/213 3296/932/219 3265/903/191
f 3265/908/191 3296/932/219 3292/972/215 3263/963/189
f 3291/971/214 3285/970/209 3288/795/211 3295/735/218
f 3295/735/218 3288/795/211 3284/969/208 3292/972/215
f 3269/911/194 3283/923/207 3289/926/212 3272/912/197
f 3272/912/197 3289/926/212 3285/970/209 3270/946/195
f 3290/929/213 3276/917/201 3282/920/206 3293/930/216
f 3293/930/216 3282/920/206 3278/922/203 3291/971/214
f 3277/967/202 3271/966/196 3274/790/199 3281/721/205
f 3281/721/205 3274/790/199 3270/946/195 3278/922/203
f 3241/875/169 3269/911/194 3275/914/200 3244/876/172
f 3244/880/172 3275/914/200 3271/966/196 3242/957/170
f 3276/917/201 3249/887/177 3251/890/179 3279/918/204
f 3279/918/204 3251/885/179 3248/959/176 3277/967/202
f 3255/893/182 3283/923/207 3269/911/194 3241/875/169
f 3243/958/171 3250/891/178 3264/964/190 3256/960/183
f 3271/966/196 3277/967/202 3248/959/176 3242/957/170
f 3290/929/213 3262/902/188 3249/887/177 3276/917/201
f 3257/962/184 3263/963/189 3292/972/215 3284/969/208
f 3285/970/209 3291/971/214 3278/922/203 3270/946/195
f 3297/1035/169 3300/876/172 3301/877/153 3303/668/175
f 3298/1036/170 3302/1037/174 3301/1038/153 3300/880/172
f 3299/1039/171 3303/674/175 3301/675/153 3302/1040/174
f 3304/1041/176 3307/885/179 3308/886/157 3310/1042/181
f 3305/1043/177 3309/682/180 3308/683/157 3307/890/179
f 3306/1044/178 3310/1045/181 3308/1046/157 3309/688/180
f 3311/1047/182 3314/690/185 3315/691/47 3317/896/187
f 3312/1048/183 3316/1049/186 3315/1050/47 3314/696/185
f 3313/1051/184 3317/901/187 3315/1050/47 3316/1049/186
f 3318/1052/188 3321/903/191 3322/904/66 3324/702/193
f 3319/1053/189 3323/1054/192 3322/1055/66 3321/908/191
f 3320/1056/190 3324/708/193 3322/1055/66 3323/1054/192
f 3325/1057/194 3328/710/197 3329/1058/241 3331/914/200
f 3326/1059/195 3330/1060/199 3329/1058/241 3328/710/197
f 3327/1061/196 3331/914/200 3329/1058/241 3330/1060/199
f 3332/1062/201 3335/918/204 3336/1063/160 3338/719/206
f 3333/1064/202 3337/1065/205 3336/1063/160 3335/918/204
f 3334/1066/203 3338/719/206 3336/1063/160 3337/1065/205
f 3339/1067/207 3342/924/210 3343/1068/226 3345/726/212
f 3340/1069/208 3344/1070/211 3343/1068/226 3342/924/210
f 3341/1071/209 3345/726/212 3343/1068/226 3344/1070/211
f 3346/1072/213 3349/731/216 3350/1073/242 3352/932/219
f 3347/1074/214 3351/1075/218 3350/1073/242 3349/731/216
f 3348/1076/215 3352/932/219 3350/1073/242 3351/1075/218
f 3311/1047/182 3297/1035/169 3303/668/175 3314/690/185
f 3314/696/185 3303/674/175 3299/1039/171 3312/1048/183
f 3298/1036/170 3304/1041/176 3310/1042/181 3302/1037/174
f 3302/1040/174 3310/1045/181 3306/1044/178 3299/1039/171
f 3305/1043/177 3318/1052/188 3324/702/193 3309/682/180
f 3309/688/180 3324/708/193 3320/1056/190 3306/1044/178
f 3319/1053/189 3313/1051/184 3316/1049/186 3323/1054/192
f 3323/1054/192 3316/1049/186 3312/1048/183 3320/1056/190
f 3339/1067/207 3311/1047/182 3317/896/187 3342/924/210
f 3342/924/210 3317/901/187 3313/1051/184 3340/1069/208
f 3318/1052/188 3346/1072/213 3352/932/219 3321/903/191
f 3321/908/191 3352/932/219 3348/1076/215 3319/1053/189
f 3347/1074/214 3341/1071/209 3344/1070/211 3351/1075/218
f 3351/1075/218 3344/1070/211 3340/1069/208 3348/1076/215
f 3325/1057/194 3339/1067/207 3345/726/212 3328/710/197
f 3328/710/197 3345/726/212 3341/1071/209 3326/1059/195
f 3346/1072/213 3332/1062/201 3338/719/206 3349/731/216
f 3349/731/216 3338/719/206 3334/1066/203 3347/1074/214
f 3333/1064/202 3327/1061/196 3330/1060/199 3337/1065/205
f 3337/1065/205 3330/1060/199 3326/1059/195 3334/1066/203
f 3297/1035/169 3325/1057/194 3331/914/200 3300/876/172
f 3300/880/172 3331/914/200 3327/1061/196 3298/1036/170
f 3332/1062/201 3305/1043/177 3307/890/179 3335/918/204
f 3335/918/204 3307/885/179 3304/1041/176 3333/1064/202
f 3311/1047/182 3339/1067/207 3325/1057/194 3297/1035/169
f 3299/1039/171 3306/1044/178 3320/1056/190 3312/1048/183
f 3327/1061/196 3333/1064/202 3304/1041/176 3298/1036/170
f 3346/1072/213 3318/1052/188 3305/1043/177 3332/1062/201
f 3313/1051/184 3319/1053/189 3348/1076/215 3340/1069/208
f 3341/1071/209 3347/1074/214 3334/1066/203 3326/1059/195
f 3353/1077/169 3356/876/172 3357/877/153 3359/800/175
f 3354/1036/170 3358/1037/174 3357/1038/153 3356/880/172
f 3355/1078/171 3359/802/175 3357/803/153 3358/1040/174
f 3360/1041/176 3363/885/179 3364/886/28 3366/1042/181
f 3361/1079/177 3365/682/180 3364/805/28 3363/890/179
f 3362/1080/178 3366/1045/181 3364/1046/28 3365/807/180
f 3367/1081/182 3370/690/185 3371/691/47 3373/896/187
f 3368/1082/183 3372/1049/186 3371/1050/47 3370/811/185
f 3369/1051/184 3373/901/187 3371/1050/47 3372/1049/186
f 3374/1083/188 3377/903/191 3378/904/66 3380/813/193
f 3375/1053/189 3379/1054/192 3378/1055/66 3377/908/191
f 3376/1084/190 3380/815/193 3378/1055/66 3379/1054/192
f 3381/1085/194 3384/710/197 3385/1058/233 3387/914/200
f 3382/1086/195 3386/1060/199 3385/1058/233 3384/710/197
f 3383/1061/196 3387/914/200 3385/1058/233 3386/1060/199
f 3388/1087/201 3391/918/204 3392/1063/104 3394/719/206
f 3389/1064/202 3393/1065/205 3392/1063/104 3391/918/204
f 3390/1066/203 3394/719/206 3392/1063/104 3393/1065/205
f 3395/1088/207 3398/924/210 3399/1068/226 3401/726/212
f 3396/1069/208 3400/1070/211 3399/1068/226 3398/924/210
f 3397/1089/209 3401/726/212 3399/1068/226 3400/1070/211
f 3402/1090/213 3405/731/216 3406/1073/142 3408/932/219
f 3403/1091/214 3407/1075/218 3406/1073/142 3405/731/216
f 3404/1076/215 3408/932/219 3406/1073/142 3407/1075/218
f 3367/1081/182 3353/1077/169 3359/800/175 3370/690/185
f 3370/811/185 3359/802/175 3355/1078/171 3368/1082/183
f 3354/1036/170 3360/1041/176 3366/1042/181 3358/1037/174
f 3358/1040/174 3366/1045/181 3362/1080/178 3355/1078/171
f 3361/1079/177 3374/1083/188 3380/813/193 3365/682/180
f 3365/807/180 3380/815/193 3376/1084/190 3362/1080/178
f 3375/1053/189 3369/1051/184 3372/1049/186 3379/1054/192
f 3379/1054/192 3372/1049/186 3368/1082/183 3376/1084/190
f 3395/1088/207 3367/1081/182 3373/896/187 3398/924/210
f 3398/924/210 3373/901/187 3369/1051/184 3396/1069/208
f 3374/1083/188 3402/1090/213 3408/932/219 3377/903/191
f 3377/908/191 3408/932/219 3404/1076/215 3375/1053/189
f 3403/1091/214 3397/1089/209 3400/1070/211 3407/1075/218
f 3407/1075/218 3400/1070/211 3396/1069/208 3404/1076/215
f 3381/1085/194 3395/1088/207 3401/726/212 3384/710/197
f 3384/710/197 3401/726/212 3397/1089/209 3382/1086/195
f 3402/1090/213 3388/1087/201 3394/719/206 3405/731/216
f 3405/731/216 3394/719/206 3390/1066/203 3403/1091/214
f 3389/1064/202 3383/1061/196 3386/1060/199 3393/1065/205
f 3393/1065/205 3386/1060/199 3382/1086/195 3390/1066/203
f 3353/1077/169 3381/1085/194 3387/914/200 3356/876/172
f 3356/880/172 3387/914/200 3383/1061/196 3354/1036/170
f 3388/1087/201 3361/1079/177 3363/890/179 3391/918/204
f 3391/918/204 3363/885/179 3360/1041/176 3389/1064/202
f 3367/1081/182 3395/1088/207 3381/1085/194 3353/1077/169
f 3355/1078/171 3362/1080/178 3376/1084/190 3368/1082/183
f 3383/1061/196 3389/1064/202 3360/1041/176 3354/1036/170
f 3402/1090/213 3374/1083/188 3361/1079/177 3388/1087/201
f 3369/1051/184 3375/1053/189 3404/1076/215 3396/1069/208
f 3397/1089/209 3403/1091/214 3390/1066/203 3382/1086/195
f 3409/1077/169 3412/876/172 3413/877/153 3415/668/175
f 3410/1036/170 3414/1037/174 3413/1038/153 3412/880/172
f 3411/1092/171 3415/838/175 3413/839/153 3414/1040/174
f 3416/1041/176 3419/885/179 3420/886/154 3422/1042/181
f 3417/1093/177 3421/841/180 3420/683/154 3419/890/179
f 3418/1094/178 3422/1045/181 3420/1046/154 3421/843/180
f 3423/1095/182 3426/845/185 3427/846/47 3429/896/187
f 3424/1096/183 3428/1049/186 3427/1050/47 3426/848/185
f 3425/1051/184 3429/901/187 3427/1050/47 3428/1049/186
f 3430/1097/188 3433/903/191 3434/904/66 3436/849/193
f 3431/1053/189 3435/1054/192 3434/1098/66 3433/908/191
f 3432/1099/190 3436/851/193 3434/1098/66 3435/1054/192
f 3437/1085/194 3440/853/197 3441/1058/233 3443/914/200
f 3438/1100/195 3442/1060/199 3441/1058/233 3440/853/197
f 3439/1061/196 3443/914/200 3441/1058/233 3442/1060/199
f 3444/1087/201 3447/918/204 3448/1063/229 3450/719/206
f 3445/1064/202 3449/1065/205 3448/1063/229 3447/918/204
f 3446/1066/203 3450/719/206 3448/1063/229 3449/1065/205
f 3451/1067/207 3454/924/210 3455/1101/226 3457/857/212
f 3452/1069/208 3456/1070/211 3455/1101/226 3454/924/210
f 3453/1071/209 3457/857/212 3455/1101/226 3456/1070/211
f 3458/1090/213 3461/859/216 3462/1102/142 3464/932/219
f 3459/1074/214 3463/1075/218 3462/1102/142 3461/859/216
f 3460/1076/215 3464/932/219 3462/1102/142 3463/1075/218
f 3423/1095/182 3409/1077/169 3415/668/175 3426/845/185
f 3426/848/185 3415/838/175 3411/1092/171 3424/1096/183
f 3410/1036/170 3416/1041/176 3422/1042/181 3414/1037/174
f 3414/1040/174 3422/1045/181 3418/1094/178 3411/1092/171
f 3417/1093/177 3430/1097/188 3436/849/193 3421/841/180
f 3421/843/180 3436/851/193 3432/1099/190 3418/1094/178
f 3431/1053/189 3425/1051/184 3428/1049/186 3435/1054/192
f 3435/1054/192 3428/1049/186 3424/1096/183 3432/1099/190
f 3451/1067/207 3423/1095/182 3429/896/187 3454/924/210
f 3454/924/210 3429/901/187 3425/1051/184 3452/1069/208
f 3430/1097/188 3458/1090/213 3464/932/219 3433/903/191
f 3433/908/191 3464/932/219 3460/1076/215 3431/1053/189
f 3459/1074/214 3453/1071/209 3456/1070/211 3463/1075/218
f 3463/1075/218 3456/1070/211 3452/1069/208 3460/1076/215
f 3437/1085/194 3451/1067/207 3457/857/212 3440/853/197
f 3440/853/197 3457/857/212 3453/1071/209 3438/1100/195
f 3458/1090/213 3444/1087/201 3450/719/206 3461/859/216
f 3461/859/216 3450/719/206 3446/1066/203 3459/1074/214
f 3445/1064/202 3439/1061/196 3442/1060/199 3449/1065/205
f 3449/1065/205 3442/1060/199 3438/1100/195 3446/1066/203
f 3409/1077/169 3437/1085/194 3443/914/200 3412/876/172
f 3412/880/172 3443/914/200 3439/1061/196 3410/1036/170
f 3444/1087/201 3417/1093/177 3419/890/179 3447/918/204
f 3447/918/204 3419/885/179 3416/1041/176 3445/1064/202
f 3423/1095/182 3451/1067/207 3437/1085/194 3409/1077/169
f 3411/1092/171 3418/1094/178 3432/1099/190 3424/1096/183
f 3439/1061/196 3445/1064/202 3416/1041/176 3410/1036/170
f 3458/1090/213 3430/1097/188 3417/1093/177 3444/1087/201
f 3425/1051/184 3431/1053/189 3460/1076/215 3452/1069/208
f 3453/1071/209 3459/1074/214 3446/1066/203 3438/1100/195
f 3465/1035/169 3468/876/172 3469/877/153 3471/668/175
f 3466/1036/170 3470/1037/174 3469/1038/153 3468/880/172
f 3467/1039/171 3471/674/175 3469/675/153 3470/1040/174
f 3472/1041/176 3475/885/179 3476/886/154 3478/1042/181
f 3473/1043/177 3477/682/180 3476/683/154 3475/890/179
f 3474/1044/178 3478/1045/181 3476/1046/154 3477/688/180
f 3479/1047/182 3482/690/185 3483/691/47 3485/896/187
f 3480/1048/183 3484/1049/186 3483/1050/47 3482/696/185
f 3481/1051/184 3485/901/187 3483/1050/47 3484/1049/186
f 3486/1052/188 3489/903/191 3490/904/66 3492/702/193
f 3487/1053/189 3491/1054/192 3490/1055/66 3489/908/191
f 3488/1056/190 3492/708/193 3490/1055/66 3491/1054/192
f 3493/1057/194 3496/710/197 3497/1058/233 3499/914/200
f 3494/1059/195 3498/1060/199 3497/1058/233 3496/710/197
f 3495/1061/196 3499/914/200 3497/1058/233 3498/1060/199
f 3500/1062/201 3503/918/204 3504/1063/104 3506/719/206
f 3501/1064/202 3505/1065/205 3504/1063/104 3503/918/204
f 3502/1066/203 3506/719/206 3504/1063/104 3505/1065/205
f 3507/1067/207 3510/924/210 3511/1068/226 3513/726/212
f 3508/1069/208 3512/1070/211 3511/1068/226 3510/924/210
f 3509/1071/209 3513/726/212 3511/1068/226 3512/1070/211
f 3514/1072/213 3517/731/216 3518/1073/162 3520/932/219
f 3515/1074/214 3519/1075/218 3518/1073/162 3517/731/216
f 3516/1076/215 3520/932/219 3518/1073/162 3519/1075/218
f 3479/1047/182 3465/1035/169 3471/668/175 3482/690/185
f 3482/696/185 3471/674/175 3467/1039/171 3480/1048/183
f 3466/1036/170 3472/1041/176 3478/1042/181 3470/1037/174
f 3470/1040/174 3478/1045/181 3474/1044/178 3467/1039/171
f 3473/1043/177 3486/1052/188 3492/702/193 3477/682/180
f 3477/688/180 3492/708/193 3488/1056/190 3474/1044/178
f 3487/1053/189 3481/1051/184 3484/1049/186 3491/1054/192
f 3491/1054/192 3484/1049/186 3480/1048/183 3488/1056/190
f 3507/1067/207 3479/1047/182 3485/896/187 3510/924/210
f 3510/924/210 3485/901/187 3481/1051/184 3508/1069/208
f 3486/1052/188 3514/1072/213 3520/932/219 3489/903/191
f 3489/908/191 3520/932/219 3516/1076/215 3487/1053/189
f 3515/1074/214 3509/1071/209 3512/1070/211 3519/1075/218
f 3519/1075/218 3512/1070/211 3508/1069/208 3516/1076/215
f 3493/1057/194 3507/1067/207 3513/726/212 3496/710/197
f 3496/710/197 3513/726/212 3509/1071/209 3494/1059/195
f 3514/1072/213 3500/1062/201 3506/719/206 3517/731/216
f 3517/731/216 3506/719/206 3502/1066/203 3515/1074/214
f 3501/1064/202 3495/1061/196 3498/1060/199 3505/1065/205
f 3505/1065/205 3498/1060/199 3494/1059/195 3502/1066/203
f 3465/1035/169 3493/1057/194 3499/914/200 3468/876/172
f 3468/880/172 3499/914/200 3495/1061/196 3466/1036/170
f 3500/1062/201 3473/1043/177 3475/890/179 3503/918/204
f 3503/918/204 3475/885/179 3472/1041/176 3501/1064/202
f 3479/1047/182 3507/1067/207 3493/1057/194 3465/1035/169
f 3467/1039/171 3474/1044/178 3488/1056/190 3480/1048/183
f 3495/1061/196 3501/1064/202 3472/1041/176 3466/1036/170
f 3514/1072/213 3486/1052/188 3473/1043/177 3500/1062/201
f 3481/1051/184 3487/1053/189 3516/1076/215 3508/1069/208
f 3509/1071/209 3515/1074/214 3502/1066/203 3494/1059/195
f 3521/1103/169 3524/974/172 3525/975/153 3527/668/175
f 3522/1104/170 3526/1037/174 3525/1038/153 3524/977/172
f 3523/1039/171 3527/674/175 3525/675/153 3526/1040/174
f 3528/1041/176 3531/979/179 3532/980/28 3534/1042/181
f 3529/1043/177 3533/682/180 3532/683/28 3531/982/179
f 3530/1044/178 3534/1045/181 3532/1046/28 3533/688/180
f 3535/1105/182 3538/690/185 3539/691/220 3541/984/187
f 3536/1048/183 3540/1049/186 3539/1106/220 3538/696/185
f 3537/1107/184 3541/987/187 3539/1106/220 3540/1049/186
f 3542/1108/188 3545/989/191 3546/904/237 3548/702/193
f 3543/1109/189 3547/1054/192 3546/1055/237 3545/990/191
f 3544/1056/190 3548/708/193 3546/1055/237 3547/1054/192
f 3549/1057/194 3552/710/197 3553/1058/241 3555/914/200
f 3550/1059/195 3554/1060/199 3553/1058/241 3552/710/197
f 3551/1110/196 3555/914/200 3553/1058/241 3554/1060/199
f 3556/1062/201 3559/918/204 3560/1063/160 3562/719/206
f 3557/1111/202 3561/1065/205 3560/1063/160 3559/918/204
f 3558/1066/203 3562/719/206 3560/1063/160 3561/1065/205
f 3563/1112/207 3566/994/210 3567/1113/222 3569/726/212
f 3564/1114/208 3568/1070/211 3567/1113/222 3566/994/210
f 3565/1071/209 3569/726/212 3567/1113/222 3568/1070/211
f 3570/1072/213 3573/731/216 3574/1073/238 3576/932/219
f 3571/1074/214 3575/1075/218 3574/1073/238 3573/731/216
f 3572/1076/215 3576/932/219 3574/1073/238 3575/1075/218
f 3535/1105/182 3521/1103/169 3527/668/175 3538/690/185
f 3538/696/185 3527/674/175 3523/1039/171 3536/1048/183
f 3522/1104/170 3528/1041/176 3534/1042/181 3526/1037/174
f 3526/1040/174 3534/1045/181 3530/1044/178 3523/1039/171
f 3529/1043/177 3542/1108/188 3548/702/193 3533/682/180
f 3533/688/180 3548/708/193 3544/1056/190 3530/1044/178
f 3543/1109/189 3537/1107/184 3540/1049/186 3547/1054/192
f 3547/1054/192 3540/1049/186 3536/1048/183 3544/1056/190
f 3563/1112/207 3535/1105/182 3541/984/187 3566/994/210
f 3566/994/210 3541/987/187 3537/1107/184 3564/1114/208
f 3542/1108/188 3570/1072/213 3576/932/219 3545/989/191
f 3545/990/191 3576/932/219 3572/1076/215 3543/1109/189
f 3571/1074/214 3565/1071/209 3568/1070/211 3575/1075/218
f 3575/1075/218 3568/1070/211 3564/1114/208 3572/1076/215
f 3549/1057/194 3563/1112/207 3569/726/212 3552/710/197
f 3552/710/197 3569/726/212 3565/1071/209 3550/1059/195
f 3570/1072/213 3556/1062/201 3562/719/206 3573/731/216
f 3573/731/216 3562/719/206 3558/1066/203 3571/1074/214
f 3557/1111/202 3551/1110/196 3554/1060/199 3561/1065/205
f 3561/1065/205 3554/1060/199 3550/1059/195 3558/1066/203
f 3521/1103/169 3549/1057/194 3555/914/200 3524/974/172
f 3524/977/172 3555/914/200 3551/1110/196 3522/1104/170
f 3556/1062/201 3529/1043/177 3531/982/179 3559/918/204
f 3559/918/204 3531/979/179 3528/1041/176 3557/1111/202
f 3535/1105/182 3563/1112/207 3549/1057/194 3521/1103/169
f 3523/1039/171 3530/1044/178 3544/1056/190 3536/1048/183
f 3551/1110/196 3557/1111/202 3528/1041/176 3522/1104/170
f 3570/1072/213 3542/1108/188 3529/1043/177 3556/1062/201
f 3537/1107/184 3543/1109/189 3572/1076/215 3564/1114/208
f 3565/1071/209 3571/1074/214 3558/1066/203 3550/1059/195
f 3577/1103/169 3580/974/172 3581/975/153 3583/800/175
f 3578/1104/170 3582/1037/174 3581/1038/153 3580/977/172
f 3579/1078/171 3583/802/175 3581/803/153 3582/1040/174
f 3584/1041/176 3587/979/179 3588/980/28 3590/1042/181
f 3585/1115/177 3589/682/180 3588/805/28 3587/982/179
f 3586/1080/178 3590/1045/181 3588/1046/28 3589/807/180
f 3591/1116/182 3594/690/185 3595/691/47 3597/984/187
f 3592/1082/183 3596/1049/186 3595/1106/47 3594/811/185
f 3593/1107/184 3597/987/187 3595/1106/47 3596/1049/186
f 3598/1097/188 3601/989/191 3602/904/66 3604/813/193
f 3599/1109/189 3603/1054/192 3602/1055/66 3601/990/191
f 3600/1084/190 3604/815/193 3602/1055/66 3603/1054/192
f 3605/1117/194 3608/710/197 3609/1058/233 3611/914/200
f 3606/1086/195 3610/1060/199 3609/1058/233 3608/710/197
f 3607/1110/196 3611/914/200 3609/1058/233 3610/1060/199
f 3612/1062/201 3615/918/204 3616/1063/104 3618/719/206
f 3613/1111/202 3617/1065/205 3616/1063/104 3615/918/204
f 3614/1066/203 3618/719/206 3616/1063/104 3617/1065/205
f 3619/1118/207 3622/994/210 3623/1113/226 3625/726/212
f 3620/1114/208 3624/1070/211 3623/1113/226 3622/994/210
f 3621/1089/209 3625/726/212 3623/1113/226 3624/1070/211
f 3626/1119/213 3629/731/216 3630/1073/142 3632/932/219
f 3627/1091/214 3631/1075/218 3630/1073/142 3629/731/216
f 3628/1076/215 3632/932/219 3630/1073/142 3631/1075/218
f 3591/1116/182 3577/1103/169 3583/800/175 3594/690/185
f 3594/811/185 3583/802/175 3579/1078/171 3592/1082/183
f 3578/1104/170 3584/1041/176 3590/1042/181 3582/1037/174
f 3582/1040/174 3590/1045/181 3586/1080/178 3579/1078/171
f 3585/1115/177 3598/1097/188 3604/813/193 3589/682/180
f 3589/807/180 3604/815/193 3600/1084/190 3586/1080/178
f 3599/1109/189 3593/1107/184 3596/1049/186 3603/1054/192
f 3603/1054/192 3596/1049/186 3592/1082/183 3600/1084/190
f 3619/1118/207 3591/1116/182 3597/984/187 3622/994/210
f 3622/994/210 3597/987/187 3593/1107/184 3620/1114/208
f 3598/1097/188 3626/1119/213 3632/932/219 3601/989/191
f 3601/990/191 3632/932/219 3628/1076/215 3599/1109/189
f 3627/1091/214 3621/1089/209 3624/1070/211 3631/1075/218
f 3631/1075/218 3624/1070/211 3620/1114/208 3628/1076/215
f 3605/1117/194 3619/1118/207 3625/726/212 3608/710/197
f 3608/710/197 3625/726/212 3621/1089/209 3606/1086/195
f 3626/1119/213 3612/1062/201 3618/719/206 3629/731/216
f 3629/731/216 3618/719/206 3614/1066/203 3627/1091/214
f 3613/1111/202 3607/1110/196 3610/1060/199 3617/1065/205
f 3617/1065/205 3610/1060/199 3606/1086/195 3614/1066/203
f 3577/1103/169 3605/1117/194 3611/914/200 3580/974/172
f 3580/977/172 3611/914/200 3607/1110/196 3578/1104/170
f 3612/1062/201 3585/1115/177 3587/982/179 3615/918/204
f 3615/918/204 3587/979/179 3584/1041/176 3613/1111/202
f 3591/1116/182 3619/1118/207 3605/1117/194 3577/1103/169
f 3579/1078/171 3586/1080/178 3600/1084/190 3592/1082/183
f 3607/1110/196 3613/1111/202 3584/1041/176 3578/1104/170
f 3626/1119/213 3598/1097/188 3585/1115/177 3612/1062/201
f 3593/1107/184 3599/1109/189 3628/1076/215 3620/1114/208
f 3621/1089/209 3627/1091/214 3614/1066/203 3606/1086/195
f 3633/1103/169 3636/974/172 3637/975/153 3639/668/175
f 3634/1104/170 3638/1037/174 3637/1038/153 3636/977/172
f 3635/1092/171 3639/838/175 3637/839/153 3638/1040/174
f 3640/1041/176 3643/979/179 3644/980/154 3646/1042/181
f 3641/1043/177 3645/841/180 3644/683/154 3643/982/179
f 3642/1094/178 3646/1045/181 3644/1046/154 3645/843/180
f 3647/1081/182 3650/845/185 3651/846/47 3653/984/187
f 3648/1096/183 3652/1049/186 3651/1106/47 3650/848/185
f 3649/1107/184 3653/987/187 3651/1106/47 3652/1049/186
f 3654/1097/188 3657/989/191 3658/904/66 3660/849/193
f 3655/1109/189 3659/1054/192 3658/1098/66 3657/990/191
f 3656/1099/190 3660/851/193 3658/1098/66 3659/1054/192
f 3661/1117/194 3664/853/197 3665/1058/233 3667/914/200
f 3662/1100/195 3666/1060/199 3665/1058/233 3664/853/197
f 3663/1110/196 3667/914/200 3665/1058/233 3666/1060/199
f 3668/1120/201 3671/918/204 3672/1063/104 3674/719/206
f 3669/1111/202 3673/1065/205 3672/1063/104 3671/918/204
f 3670/1066/203 3674/719/206 3672/1063/104 3673/1065/205
f 3675/1121/207 3678/994/210 3679/1122/226 3681/857/212
f 3676/1114/208 3680/1070/211 3679/1122/226 3678/994/210
f 3677/1071/209 3681/857/212 3679/1122/226 3680/1070/211
f 3682/1072/213 3685/859/216 3686/1102/142 3688/932/219
f 3683/1074/214 3687/1075/218 3686/1102/142 3685/859/216
f 3684/1076/215 3688/932/219 3686/1102/142 3687/1075/218
f 3647/1081/182 3633/1103/169 3639/668/175 3650/845/185
f 3650/848/185 3639/838/175 3635/1092/171 3648/1096/183
f 3634/1104/170 3640/1041/176 3646/1042/181 3638/1037/174
f 3638/1040/174 3646/1045/181 3642/1094/178 3635/1092/171
f 3641/1043/177 3654/1097/188 3660/849/193 3645/841/180
f 3645/843/180 3660/851/193 3656/1099/190 3642/1094/178
f 3655/1109/189 3649/1107/184 3652/1049/186 3659/1054/192
f 3659/1054/192 3652/1049/186 3648/1096/183 3656/1099/190
f 3675/1121/207 3647/1081/182 3653/984/187 3678/994/210
f 3678/994/210 3653/987/187 3649/1107/184 3676/1114/208
f 3654/1097/188 3682/1072/213 3688/932/219 3657/989/191
f 3657/990/191 3688/932/219 3684/1076/215 3655/1109/189
f 3683/1074/214 3677/1071/209 3680/1070/211 3687/1075/218
f 3687/1075/218 3680/1070/211 3676/1114/208 3684/1076/215
f 3661/1117/194 3675/1121/207 3681/857/212 3664/853/197
f 3664/853/197 3681/857/212 3677/1071/209 3662/1100/195
f 3682/1072/213 3668/1120/201 3674/719/206 3685/859/216
f 3685/859/216 3674/719/206 3670/1066/203 3683/1074/214
f 3669/1111/202 3663/1110/196 3666/1060/199 3673/1065/205
f 3673/1065/205 3666/1060/199 3662/1100/195 3670/1066/203
f 3633/1103/169 3661/1117/194 3667/914/200 3636/974/172
f 3636/977/172 3667/914/200 3663/1110/196 3634/1104/170
f 3668/1120/201 3641/1043/177 3643/982/179 3671/918/204
f 3671/918/204 3643/979/179 3640/1041/176 3669/1111/202
f 3647/1081/182 3675/1121/207 3661/1117/194 3633/1103/169
f 3635/1092/171 3642/1094/178 3656/1099/190 3648/1096/183
f 3663/1110/196 3669/1111/202 3640/1041/176 3634/1104/170
f 3682/1072/213 3654/1097/188 3641/1043/177 3668/1120/201
f 3649/1107/184 3655/1109/189 3684/1076/215 3676/1114/208
f 3677/1071/209 3683/1074/214 3670/1066/203 3662/1100/195
f 3689/1103/169 3692/974/172 3693/975/153 3695/668/175
f 3690/1104/170 3694/1037/174 3693/1038/153 3692/977/172
f 3691/1039/171 3695/674/175 3693/675/153 3694/1040/174
f 3696/1041/176 3699/979/179 3700/980/28 3702/1042/181
f 3697/1043/177 3701/682/180 3700/683/28 3699/982/179
f 3698/1044/178 3702/1045/181 3700/1046/28 3701/688/180
f 3703/1105/182 3706/690/185 3707/691/47 3709/984/187
f 3704/1048/183 3708/1049/186 3707/1106/47 3706/696/185
f 3705/1107/184 3709/987/187 3707/1106/47 3708/1049/186
f 3710/1108/188 3713/989/191 3714/904/66 3716/702/193
f 3711/1109/189 3715/1054/192 3714/1055/66 3713/990/191
f 3712/1056/190 3716/708/193 3714/1055/66 3715/1054/192
f 3717/1057/194 3720/710/197 3721/1058/233 3723/914/200
f 3718/1059/195 3722/1060/199 3721/1058/233 3720/710/197
f 3719/1110/196 3723/914/200 3721/1058/233 3722/1060/199
f 3724/1062/201 3727/918/204 3728/1063/104 3730/719/206
f 3725/1111/202 3729/1065/205 3728/1063/104 3727/918/204
f 3726/1066/203 3730/719/206 3728/1063/104 3729/1065/205
f 3731/1112/207 3734/994/210 3735/1113/226 3737/726/212
f 3732/1114/208 3736/1070/211 3735/1113/226 3734/994/210
f 3733/1071/209 3737/726/212 3735/1113/226 3736/1070/211
f 3738/1072/213 3741/731/216 3742/1073/142 3744/932/219
f 3739/1074/214 3743/1075/218 3742/1073/142 3741/731/216
f 3740/1076/215 3744/932/219 3742/1073/142 3743/1075/218
f 3703/1105/182 3689/1103/169 3695/668/175 3706/690/185
f 3706/696/185 3695/674/175 3691/1039/171 3704/1048/183
f 3690/1104/170 3696/1041/176 3702/1042/181 3694/1037/174
f 3694/1040/174 3702/1045/181 3698/1044/178 3691/1039/171
f 3697/1043/177 3710/1108/188 3716/702/193 3701/682/180
f 3701/688/180 3716/708/193 3712/1056/190 3698/1044/178
f 3711/1109/189 3705/1107/184 3708/1049/186 3715/1054/192
f 3715/1054/192 3708/1049/186 3704/1048/183 3712/1056/190
f 3731/1112/207 3703/1105/182 3709/984/187 3734/994/210
f 3734/994/210 3709/987/187 3705/1107/184 3732/1114/208
f 3710/1108/188 3738/1072/213 3744/932/219 3713/989/191
f 3713/990/191 3744/932/219 3740/1076/215 3711/1109/189
f 3739/1074/214 3733/1071/209 3736/1070/211 3743/1075/218
f 3743/1075/218 3736/1070/211 3732/1114/208 3740/1076/215
f 3717/1057/194 3731/1112/207 3737/726/212 3720/710/197
f 3720/710/197 3737/726/212 3733/1071/209 3718/1059/195
f 3738/1072/213 3724/1062/201 3730/719/206 3741/731/216
f 3741/731/216 3730/719/206 3726/1066/203 3739/1074/214
f 3725/1111/202 3719/1110/196 3722/1060/199 3729/1065/205
f 3729/1065/205 3722/1060/199 3718/1059/195 3726/1066/203
f 3689/1103/169 3717/1057/194 3723/914/200 3692/974/172
f 3692/977/172 3723/914/200 3719/1110/196 3690/1104/170
f 3724/1062/201 3697/1043/177 3699/982/179 3727/918/204
f 3727/918/204 3699/979/179 3696/1041/176 3725/1111/202
f 3703/1105/182 3731/1112/207 3717/1057/194 3689/1103/169
f 3691/1039/171 3698/1044/178 3712/1056/190 3704/1048/183
f 3719/1110/196 3725/1111/202 3696/1041/176 3690/1104/170
f 3738/1072/213 3710/1108/188 3697/1043/177 3724/1062/201
f 3705/1107/184 3711/1109/189 3740/1076/215 3732/1114/208
f 3733/1071/209 3739/1074/214 3726/1066/203 3718/1059/195
f 3745/1123/169 3748/1010/172 3749/1011/239 3751/668/175
f 3746/1124/170 3750/1037/174 3749/1038/239 3748/1013/172
f 3747/1039/171 3751/674/175 3749/675/239 3750/1040/174
f 3752/1041/176 3755/885/179 3756/886/157 3758/1042/181
f 3753/1125/177 3757/682/180 3756/683/157 3755/1015/179
f 3754/1044/178 3758/1045/181 3756/1046/157 3757/688/180
f 3759/1116/182 3762/690/185 3763/691/227 3765/1016/187
f 3760/1048/183 3764/1049/186 3763/1050/227 3762/696/185
f 3761/1126/184 3765/1018/187 3763/1050/227 3764/1049/186
f 3766/1127/188 3769/989/191 3770/904/66 3772/702/193
f 3767/1109/189 3771/1054/192 3770/1055/66 3769/1019/191
f 3768/1056/190 3772/708/193 3770/1055/66 3771/1054/192
f 3773/1057/194 3776/710/197 3777/1058/233 3779/914/200
f 3774/1059/195 3778/1060/199 3777/1058/233 3776/710/197
f 3775/1061/196 3779/914/200 3777/1058/233 3778/1060/199
f 3780/1062/201 3783/918/204 3784/1063/104 3786/719/206
f 3781/1064/202 3785/1065/205 3784/1063/104 3783/918/204
f 3782/1066/203 3786/719/206 3784/1063/104 3785/1065/205
f 3787/1088/207 3790/924/210 3791/1113/222 3793/726/212
f 3788/1128/208 3792/1070/211 3791/1113/222 3790/924/210
f 3789/1071/209 3793/726/212 3791/1113/222 3792/1070/211
f 3794/1119/213 3797/731/216 3798/1073/238 3800/932/219
f 3795/1074/214 3799/1075/218 3798/1073/238 3797/731/216
f 3796/1076/215 3800/932/219 3798/1073/238 3799/1075/218
f 3759/1116/182 3745/1123/169 3751/668/175 3762/690/185
f 3762/696/185 3751/674/175 3747/1039/171 3760/1048/183
f 3746/1124/170 3752/1041/176 3758/1042/181 3750/1037/174
f 3750/1040/174 3758/1045/181 3754/1044/178 3747/1039/171
f 3753/1125/177 3766/1127/188 3772/702/193 3757/682/180
f 3757/688/180 3772/708/193 3768/1056/190 3754/1044/178
f 3767/1109/189 3761/1126/184 3764/1049/186 3771/1054/192
f 3771/1054/192 3764/1049/186 3760/1048/183 3768/1056/190
f 3787/1088/207 3759/1116/182 3765/1016/187 3790/924/210
f 3790/924/210 3765/1018/187 3761/1126/184 3788/1128/208
f 3766/1127/188 3794/1119/213 3800/932/219 3769/989/191
f 3769/1019/191 3800/932/219 3796/1076/215 3767/1109/189
f 3795/1074/214 3789/1071/209 3792/1070/211 3799/1075/218
f 3799/1075/218 3792/1070/211 3788/1128/208 3796/1076/215
f 3773/1057/194 3787/1088/207 3793/726/212 3776/710/197
f 3776/710/197 3793/726/212 3789/1071/209 3774/1059/195
f 3794/1119/213 3780/1062/201 3786/719/206 3797/731/216
f 3797/731/216 3786/719/206 3782/1066/203 3795/1074/214
f 3781/1064/202 3775/1061/196 3778/1060/199 3785/1065/205
f 3785/1065/205 3778/1060/199 3774/1059/195 3782/1066/203
f 3745/1123/169 3773/1057/194 3779/914/200 3748/1010/172
f 3748/1013/172 3779/914/200 3775/1061/196 3746/1124/170
f 3780/1062/201 3753/1125/177 3755/1015/179 3783/918/204
f 3783/918/204 3755/885/179 3752/1041/176 3781/1064/202
f 3759/1116/182 3787/1088/207 3773/1057/194 3745/1123/169
f 3747/1039/171 3754/1044/178 3768/1056/190 3760/1048/183
f 3775/1061/196 3781/1064/202 3752/1041/176 3746/1124/170
f 3794/1119/213 3766/1127/188 3753/1125/177 3780/1062/201
f 3761/1126/184 3767/1109/189 3796/1076/215 3788/1128/208
f 3789/1071/209 3795/1074/214 3782/1066/203 3774/1059/195
f 3801/1123/169 3804/1010/172 3805/1011/153 3807/800/175
f 3802/1124/170 3806/1037/174 3805/1038/153 3804/1013/172
f 3803/1078/171 3807/802/175 3805/803/153 3806/1040/174
f 3808/1041/176 3811/885/179 3812/886/28 3814/1042/181
f 3809/1115/177 3813/682/180 3812/805/28 3811/1015/179
f 3810/1080/178 3814/1045/181 3812/1046/28 3813/807/180
f 3815/1129/182 3818/690/185 3819/691/47 3821/1016/187
f 3816/1082/183 3820/1049/186 3819/1050/47 3818/811/185
f 3817/1126/184 3821/1018/187 3819/1050/47 3820/1049/186
f 3822/1130/188 3825/989/191 3826/904/66 3828/813/193
f 3823/1109/189 3827/1054/192 3826/1055/66 3825/1019/191
f 3824/1084/190 3828/815/193 3826/1055/66 3827/1054/192
f 3829/1131/194 3832/710/197 3833/1058/233 3835/914/200
f 3830/1086/195 3834/1060/199 3833/1058/233 3832/710/197
f 3831/1061/196 3835/914/200 3833/1058/233 3834/1060/199
f 3836/1062/201 3839/918/204 3840/1063/104 3842/719/206
f 3837/1064/202 3841/1065/205 3840/1063/104 3839/918/204
f 3838/1066/203 3842/719/206 3840/1063/104 3841/1065/205
f 3843/1121/207 3846/924/210 3847/1113/226 3849/726/212
f 3844/1128/208 3848/1070/211 3847/1113/226 3846/924/210
f 3845/1089/209 3849/726/212 3847/1113/226 3848/1070/211
f 3850/1072/213 3853/731/216 3854/1073/142 3856/932/219
f 3851/1091/214 3855/1075/218 3854/1073/142 3853/731/216
f 3852/1076/215 3856/932/219 3854/1073/142 3855/1075/218
f 3815/1129/182 3801/1123/169 3807/800/175 3818/690/185
f 3818/811/185 3807/802/175 3803/1078/171 3816/1082/183
f 3802/1124/170 3808/1041/176 3814/1042/181 3806/1037/174
f 3806/1040/174 3814/1045/181 3810/1080/178 3803/1078/171
f 3809/1115/177 3822/1130/188 3828/813/193 3813/682/180
f 3813/807/180 3828/815/193 3824/1084/190 3810/1080/178
f 3823/1109/189 3817/1126/184 3820/1049/186 3827/1054/192
f 3827/1054/192 3820/1049/186 3816/1082/183 3824/1084/190
f 3843/1121/207 3815/1129/182 3821/1016/187 3846/924/210
f 3846/924/210 3821/1018/187 3817/1126/184 3844/1128/208
f 3822/1130/188 3850/1072/213 3856/932/219 3825/989/191
f 3825/1019/191 3856/932/219 3852/1076/215 3823/1109/189
f 3851/1091/214 3845/1089/209 3848/1070/211 3855/1075/218
f 3855/1075/218 3848/1070/211 3844/1128/208 3852/1076/215
f 3829/1131/194 3843/1121/207 3849/726/212 3832/710/197
f 3832/710/197 3849/726/212 3845/1089/209 3830/1086/195
f 3850/1072/213 3836/1062/201 3842/719/206 3853/731/216
f 3853/731/216 3842/719/206 3838/1066/203 3851/1091/214
f 3837/1064/202 3831/1061/196 3834/1060/199 3841/1065/205
f 3841/1065/205 3834/1060/199 3830/1086/195 3838/1066/203
f 3801/1123/169 3829/1131/194 3835/914/200 3804/1010/172
f 3804/1013/172 3835/914/200 3831/1061/196 3802/1124/170
f 3836/1062/201 3809/1115/177 3811/1015/179 3839/918/204
f 3839/918/204 3811/885/179 3808/1041/176 3837/1064/202
f 3815/1129/182 3843/1121/207 3829/1131/194 3801/1123/169
f 3803/1078/171 3810/1080/178 3824/1084/190 3816/1082/183
f 3831/1061/196 3837/1064/202 3808/1041/176 3802/1124/170
f 3850/1072/213 3822/1130/188 3809/1115/177 3836/1062/201
f 3817/1126/184 3823/1109/189 3852/1076/215 3844/1128/208
f 3845/1089/209 3851/1091/214 3838/1066/203 3830/1086/195
f 3857/1123/169 3860/1010/172 3861/1011/153 3863/668/175
f 3858/1124/170 3862/1037/174 3861/1038/153 3860/1013/172
f 3859/1092/171 3863/838/175 3861/839/153 3862/1040/174
f 3864/1041/176 3867/885/179 3868/886/154 3870/1042/181
f 3865/1115/177 3869/841/180 3868/683/154 3867/1015/179
f 3866/1094/178 3870/1045/181 3868/1046/154 3869/843/180
f 3871/1116/182 3874/845/185 3875/846/47 3877/1016/187
f 3872/1096/183 3876/1049/186 3875/1050/47 3874/848/185
f 3873/1126/184 3877/1018/187 3875/1050/47 3876/1049/186
f 3878/1097/188 3881/989/191 3882/904/66 3884/849/193
f 3879/1109/189 3883/1054/192 3882/1098/66 3881/1019/191
f 3880/1099/190 3884/851/193 3882/1098/66 3883/1054/192
f 3885/1057/194 3888/853/197 3889/1058/233 3891/914/200
f 3886/1100/195 3890/1060/199 3889/1058/233 3888/853/197
f 3887/1061/196 3891/914/200 3889/1058/233 3890/1060/199
f 3892/1062/201 3895/918/204 3896/1063/104 3898/719/206
f 3893/1064/202 3897/1065/205 3896/1063/104 3895/918/204
f 3894/1066/203 3898/719/206 3896/1063/104 3897/1065/205
f 3899/1121/207 3902/924/210 3903/1122/226 3905/857/212
f 3900/1128/208 3904/1070/211 3903/1122/226 3902/924/210
f 3901/1071/209 3905/857/212 3903/1122/226 3904/1070/211
f 3906/1072/213 3909/859/216 3910/1073/142 3912/932/219
f 3907/1074/214 3911/1075/218 3910/1073/142 3909/859/216
f 3908/1076/215 3912/932/219 3910/1073/142 3911/1075/218
f 3871/1116/182 3857/1123/169 3863/668/175 3874/845/185
f 3874/848/185 3863/838/175 3859/1092/171 3872/1096/183
f 3858/1124/170 3864/1041/176 3870/1042/181 3862/1037/174
f 3862/1040/174 3870/1045/181 3866/1094/178 3859/1092/171
f 3865/1115/177 3878/1097/188 3884/849/193 3869/841/180
f 3869/843/180 3884/851/193 3880/1099/190 3866/1094/178
f 3879/1109/189 3873/1126/184 3876/1049/186 3883/1054/192
f 3883/1054/192 3876/1049/186 3872/1096/183 3880/1099/190
f 3899/1121/207 3871/1116/182 3877/1016/187 3902/924/210
f 3902/924/210 3877/1018/187 3873/1126/184 3900/1128/208
f 3878/1097/188 3906/1072/213 3912/932/219 3881/989/191
f 3881/1019/191 3912/932/219 3908/1076/215 3879/1109/189
f 3907/1074/214 3901/1071/209 3904/1070/211 3911/1075/218
f 3911/1075/218 3904/1070/211 3900/1128/208 3908/1076/215
f 3885/1057/194 3899/1121/207 3905/857/212 3888/853/197
f 3888/853/197 3905/857/212 3901/1071/209 3886/1100/195
f 3906/1072/213 3892/1062/201 3898/719/206 3909/859/216
f 3909/859/216 3898/719/206 3894/1066/203 3907/1074/214
f 3893/1064/202 3887/1061/196 3890/1060/199 3897/1065/205
f 3897/1065/205 3890/1060/199 3886/1100/195 3894/1066/203
f 3857/1123/169 3885/1057/194 3891/914/200 3860/1010/172
f 3860/1013/172 3891/914/200 3887/1061/196 3858/1124/170
f 3892/1062/201 3865/1115/177 3867/1015/179 3895/918/204
f 3895/918/204 3867/885/179 3864/1041/176 3893/1064/202
f 3871/1116/182 3899/1121/207 3885/1057/194 3857/1123/169
f 3859/1092/171 3866/1094/178 3880/1099/190 3872/1096/183
f 3887/1061/196 3893/1064/202 3864/1041/176 3858/1124/170
f 3906/1072/213 3878/1097/188 3865/1115/177 3892/1062/201
f 3873/1126/184 3879/1109/189 3908/1076/215 3900/1128/208
f 3901/1071/209 3907/1074/214 3894/1066/203 3886/1100/195
f 3913/1123/169 3916/1010/172 3917/1011/153 3919/668/175
f 3914/1124/170 3918/1037/174 3917/1038/153 3916/1013/172
f 3915/1039/171 3919/674/175 3917/675/153 3918/1040/174
f 3920/1041/176 3923/885/179 3924/886/28 3926/1042/181
f 3921/1125/177 3925/682/180 3924/683/28 3923/1015/179
f 3922/1044/178 3926/1045/181 3924/1046/28 3925/688/180
f 3927/1116/182 3930/690/185 3931/691/47 3933/1016/187
f 3928/1048/183 3932/1049/186 3931/1050/47 3930/696/185
f 3929/1126/184 3933/1018/187 3931/1050/47 3932/1049/186
f 3934/1127/188 3937/989/191 3938/904/66 3940/702/193
f 3935/1109/189 3939/1054/192 3938/1055/66 3937/1019/191
f 3936/1056/190 3940/708/193 3938/1055/66 3939/1054/192
f 3941/1057/194 3944/710/197 3945/1058/233 3947/914/200
f 3942/1059/195 3946/1060/199 3945/1058/233 3944/710/197
f 3943/1061/196 3947/914/200 3945/1058/233 3946/1060/199
f 3948/1062/201 3951/918/204 3952/1063/104 3954/719/206
f 3949/1064/202 3953/1065/205 3952/1063/104 3951/918/204
f 3950/1066/203 3954/719/206 3952/1063/104 3953/1065/205
f 3955/1088/207 3958/924/210 3959/1113/226 3961/726/212
f 3956/1128/208 3960/1070/211 3959/1113/226 3958/924/210
f 3957/1071/209 3961/726/212 3959/1113/226 3960/1070/211
f 3962/1119/213 3965/731/216 3966/1073/142 3968/932/219
f 3963/1074/214 3967/1075/218 3966/1073/142 3965/731/216
f 3964/1076/215 3968/932/219 3966/1073/142 3967/1075/218
f 3927/1116/182 3913/1123/169 3919/668/175 3930/690/185
f 3930/696/185 3919/674/175 3915/1039/171 3928/1048/183
f 3914/1124/170 3920/1041/176 3926/1042/181 3918/1037/174
f 3918/1040/174 3926/1045/181 3922/1044/178 3915/1039/171
f 3921/1125/177 3934/1127/188 3940/702/193 3925/682/180
f 3925/688/180 3940/708/193 3936/1056/190 3922/1044/178
f 3935/1109/189 3929/1126/184 3932/1049/186 3939/1054/192
f 3939/1054/192 3932/1049/186 3928/1048/183 3936/1056/190
f 3955/1088/207 3927/1116/182 3933/1016/187 3958/924/210
f 3958/924/210 3933/1018/187 3929/1126/184 3956/1128/208
f 3934/1127/188 3962/1119/213 3968/932/219 3937/989/191
f 3937/1019/191 3968/932/219 3964/1076/215 3935/1109/189
f 3963/1074/214 3957/1071/209 3960/1070/211 3967/1075/218
f 3967/1075/218 3960/1070/211 3956/1128/208 3964/1076/215
f 3941/1057/194 3955/1088/207 3961/726/212 3944/710/197
f 3944/710/197 3961/726/212 3957/1071/209 3942/1059/195
f 3962/1119/213 3948/1062/201 3954/719/206 3965/731/216
f 3965/731/216 3954/719/206 3950/1066/203 3963/1074/214
f 3949/1064/202 3943/1061/196 3946/1060/199 3953/1065/205
f 3953/1065/205 3946/1060/199 3942/1059/195 3950/1066/203
f 3913/1123/169 3941/1057/194 3947/914/200 3916/1010/172
f 3916/1013/172 3947/914/200 3943/1061/196 3914/1124/170
f 3948/1062/201 3921/1125/177 3923/1015/179 3951/918/204
f 3951/918/204 3923/885/179 3920/1041/176 3949/1064/202
f 3927/1116/182 3955/1088/207 3941/1057/194 3913/1123/169
f 3915/1039/171 3922/1044/178 3936/1056/190 3928/1048/183
f 3943/1061/196 3949/1064/202 3920/1041/176 3914/1124/170
f 3962/1119/213 3934/1127/188 3921/1125/177 3948/1062/201
f 3929/1126/184 3935/1109/189 3964/1076/215 3956/1128/208
f 3957/1071/209 3963/1074/214 3950/1066/203 3942/1059/195
f 3969/1035/169 3972/876/172 3973/877/153 3975/668/175
f 3970/1036/170 3974/1037/174 3973/1038/153 3972/880/172
f 3971/1039/171 3975/674/175 3973/675/153 3974/1040/174
f 3976/1041/176 3979/885/179 3980/886/157 3982/1042/181
f 3977/1043/177 3981/682/180 3980/683/157 3979/890/179
f 3978/1044/178 3982/1045/181 3980/1046/157 3981/688/180
f 3983/1047/182 3986/690/185 3987/691/47 3989/896/187
f 3984/1048/183 3988/1049/186 3987/1050/47 3986/696/185
f 3985/1051/184 3989/901/187 3987/1050/47 3988/1049/186
f 3990/1052/188 3993/903/191 3994/904/66 3996/702/193
f 3991/1053/189 3995/1054/192 3994/1055/66 3993/908/191
f 3992/1056/190 3996/708/193 3994/1055/66 3995/1054/192
f 3997/1057/194 4000/710/197 4001/1058/159 4003/914/200
f 3998/1059/195 4002/1060/199 4001/1058/159 4000/710/197
f 3999/1061/196 4003/914/200 4001/1058/159 4002/1060/199
f 4004/1062/201 4007/918/204 4008/1063/160 4010/719/206
f 4005/1064/202 4009/1065/205 4008/1063/160 4007/918/204
f 4006/1066/203 4010/719/206 4008/1063/160 4009/1065/205
f 4011/1067/207 4014/924/210 4015/1068/226 4017/726/212
f 4012/1069/208 4016/1070/211 4015/1068/226 4014/924/210
f 4013/1071/209 4017/726/212 4015/1068/226 4016/1070/211
f 4018/1072/213 4021/731/216 4022/1073/242 4024/932/219
f 4019/1074/214 4023/1075/218 4022/1073/242 4021/731/216
f 4020/1076/215 4024/932/219 4022/1073/242 4023/1075/218
f 3983/1047/182 3969/1035/169 3975/668/175 3986/690/185
f 3986/696/185 3975/674/175 3971/1039/171 3984/1048/183
f 3970/1036/170 3976/1041/176 3982/1042/181 3974/1037/174
f 3974/1040/174 3982/1045/181 3978/1044/178 3971/1039/171
f 3977/1043/177 3990/1052/188 3996/702/193 3981/682/180
f 3981/688/180 3996/708/193 3992/1056/190 3978/1044/178
f 3991/1053/189 3985/1051/184 3988/1049/186 3995/1054/192
f 3995/1054/192 3988/1049/186 3984/1048/183 3992/1056/190
f 4011/1067/207 3983/1047/182 3989/896/187 4014/924/210
f 4014/924/210 3989/901/187 3985/1051/184 4012/1069/208
f 3990/1052/188 4018/1072/213 4024/932/219 3993/903/191
f 3993/908/191 4024/932/219 4020/1076/215 3991/1053/189
f 4019/1074/214 4013/1071/209 4016/1070/211 4023/1075/218
f 4023/1075/218 4016/1070/211 4012/1069/208 4020/1076/215
f 3997/1057/194 4011/1067/207 4017/726/212 4000/710/197
f 4000/710/197 4017/726/212 4013/1071/209 3998/1059/195
f 4018/1072/213 4004/1062/201 4010/719/206 4021/731/216
f 4021/731/216 4010/719/206 4006/1066/203 4019/1074/214
f 4005/1064/202 3999/1061/196 4002/1060/199 4009/1065/205
f 4009/1065/205 4002/1060/199 3998/1059/195 4006/1066/203
f 3969/1035/169 3997/1057/194 4003/914/200 3972/876/172
f 3972/880/172 4003/914/200 3999/1061/196 3970/1036/170
f 4004/1062/201 3977/1043/177 3979/890/179 4007/918/204
f 4007/918/204 3979/885/179 3976/1041/176 4005/1064/202
f 3983/1047/182 4011/1067/207 3997/1057/194 3969/1035/169
f 3971/1039/171 3978/1044/178 3992/1056/190 3984/1048/183
f 3999/1061/196 4005/1064/202 3976/1041/176 3970/1036/170
f 4018/1072/213 3990/1052/188 3977/1043/177 4004/1062/201
f 3985/1051/184 3991/1053/189 4020/1076/215 4012/1069/208
f 4013/1071/209 4019/1074/214 4006/1066/203 3998/1059/195
f 4025/1077/169 4028/876/172 4029/877/153 4031/800/175
f 4026/1036/170 4030/1037/174 4029/1038/153 4028/880/172
f 4027/1078/171 4031/802/175 4029/803/153 4030/1040/174
f 4032/1041/176 4035/885/179 4036/886/28 4038/1042/181
f 4033/1079/177 4037/682/180 4036/805/28 4035/890/179
f 4034/1080/178 4038/1045/181 4036/1046/28 4037/807/180
f 4039/1081/182 4042/690/185 4043/691/47 4045/896/187
f 4040/1082/183 4044/1049/186 4043/1050/47 4042/811/185
f 4041/1051/184 4045/901/187 4043/1050/47 4044/1049/186
f 4046/1083/188 4049/903/191 4050/904/66 4052/813/193
f 4047/1053/189 4051/1054/192 4050/1055/66 4049/908/191
f 4048/1084/190 4052/815/193 4050/1055/66 4051/1054/192
f 4053/1085/194 4056/710/197 4057/1058/233 4059/914/200
f 4054/1086/195 4058/1060/199 4057/1058/233 4056/710/197
f 4055/1061/196 4059/914/200 4057/1058/233 4058/1060/199
f 4060/1087/201 4063/918/204 4064/1063/104 4066/719/206
f 4061/1064/202 4065/1065/205 4064/1063/104 4063/918/204
f 4062/1066/203 4066/719/206 4064/1063/104 4065/1065/205
f 4067/1088/207 4070/924/210 4071/1068/226 4073/726/212
f 4068/1069/208 4072/1070/211 4071/1068/226 4070/924/210
f 4069/1089/209 4073/726/212 4071/1068/226 4072/1070/211
f 4074/1090/213 4077/731/216 4078/1073/142 4080/932/219
f 4075/1091/214 4079/1075/218 4078/1073/142 4077/731/216
f 4076/1076/215 4080/932/219 4078/1073/142 4079/1075/218
f 4039/1081/182 4025/1077/169 4031/800/175 4042/690/185
f 4042/811/185 4031/802/175 4027/1078/171 4040/1082/183
f 4026/1036/170 4032/1041/176 4038/1042/181 4030/1037/174
f 4030/1040/174 4038/1045/181 4034/1080/178 4027/1078/171
f 4033/1079/177 4046/1083/188 4052/813/193 4037/682/180
f 4037/807/180 4052/815/193 4048/1084/190 4034/1080/178
f 4047/1053/189 4041/1051/184 4044/1049/186 4051/1054/192
f 4051/1054/192 4044/1049/186 4040/1082/183 4048/1084/190
f 4067/1088/207 4039/1081/182 4045/896/187 4070/924/210
f 4070/924/210 4045/901/187 4041/1051/184 4068/1069/208
f 4046/1083/188 4074/1090/213 4080/932/219 4049/903/191
f 4049/908/191 4080/932/219 4076/1076/215 4047/1053/189
f 4075/1091/214 4069/1089/209 4072/1070/211 4079/1075/218
f 4079/1075/218 4072/1070/211 4068/1069/208 4076/1076/215
f 4053/1085/194 4067/1088/207 4073/726/212 4056/710/197
f 4056/710/197 4073/726/212 4069/1089/209 4054/1086/195
f 4074/1090/213 4060/1087/201 4066/719/206 4077/731/216
f 4077/731/216 4066/719/206 4062/1066/203 4075/1091/214
f 4061/1064/202 4055/1061/196 4058/1060/199 4065/1065/205
f 4065/1065/205 4058/1060/199 4054/1086/195 4062/1066/203
f 4025/1077/169 4053/1085/194 4059/914/200 4028/876/172
f 4028/880/172 4059/914/200 4055/1061/196 4026/1036/170
f 4060/1087/201 4033/1079/177 4035/890/179 4063/918/204
f 4063/918/204 4035/885/179 4032/1041/176 4061/1064/202
f 4039/1081/182 4067/1088/207 4053/1085/194 4025/1077/169
f 4027/1078/171 4034/1080/178 4048/1084/190 4040/1082/183
f 4055/1061/196 4061/1064/202 4032/1041/176 4026/1036/170
f 4074/1090/213 4046/1083/188 4033/1079/177 4060/1087/201
f 4041/1051/184 4047/1053/189 4076/1076/215 4068/1069/208
f 4069/1089/209 4075/1091/214 4062/1066/203 4054/1086/195
f 4081/1077/169 4084/876/172 4085/877/153 4087/668/175
f 4082/1036/170 4086/1037/174 4085/1038/153 4084/880/172
f 4083/1092/171 4087/838/175 4085/839/153 4086/1040/174
f 4088/1041/176 4091/885/179 4092/886/154 4094/1042/181
f 4089/1093/177 4093/841/180 4092/683/154 4091/890/179
f 4090/1094/178 4094/1045/181 4092/1046/154 4093/843/180
f 4095/1095/182 4098/845/185 4099/846/47 4101/896/187
f 4096/1096/183 4100/1049/186 4099/1050/47 4098/848/185
f 4097/1051/184 4101/901/187 4099/1050/47 4100/1049/186
f 4102/1097/188 4105/903/191 4106/904/66 4108/849/193
f 4103/1053/189 4107/1054/192 4106/1098/66 4105/908/191
f 4104/1099/190 4108/851/193 4106/1098/66 4107/1054/192
f 4109/1085/194 4112/853/197 4113/1058/233 4115/914/200
f 4110/1100/195 4114/1060/199 4113/1058/233 4112/853/197
f 4111/1061/196 4115/914/200 4113/1058/233 4114/1060/199
f 4116/1087/201 4119/918/204 4120/1063/229 4122/719/206
f 4117/1064/202 4121/1065/205 4120/1063/229 4119/918/204
f 4118/1066/203 4122/719/206 4120/1063/229 4121/1065/205
f 4123/1067/207 4126/924/210 4127/1101/226 4129/857/212
f 4124/1069/208 4128/1070/211 4127/1101/226 4126/924/210
f 4125/1071/209 4129/857/212 4127/1101/226 4128/1070/211
f 4130/1090/213 4133/859/216 4134/1102/142 4136/932/219
f 4131/1074/214 4135/1075/218 4134/1102/142 4133/859/216
f 4132/1076/215 4136/932/219 4134/1102/142 4135/1075/218
f 4095/1095/182 4081/1077/169 4087/668/175 4098/845/185
f 4098/848/185 4087/838/175 4083/1092/171 4096/1096/183
f 4082/1036/170 4088/1041/176 4094/1042/181 4086/1037/174
f 4086/1040/174 4094/1045/181 4090/1094/178 4083/1092/171
f 4089/1093/177 4102/1097/188 4108/849/193 4093/841/180
f 4093/843/180 4108/851/193 4104/1099/190 4090/1094/178
f 4103/1053/189 4097/1051/184 4100/1049/186 4107/1054/192
f 4107/1054/192 4100/1049/186 4096/1096/183 4104/1099/190
f 4123/1067/207 4095/1095/182 4101/896/187 4126/924/210
f 4126/924/210 4101/901/187 4097/1051/184 4124/1069/208
f 4102/1097/188 4130/1090/213 4136/932/219 4105/903/191
f 4105/908/191 4136/932/219 4132/1076/215 4103/1053/189
f 4131/1074/214 4125/1071/209 4128/1070/211 4135/1075/218
f 4135/1075/218 4128/1070/211 4124/1069/208 4132/1076/215
f 4109/1085/194 4123/1067/207 4129/857/212 4112/853/197
f 4112/853/197 4129/857/212 4125/1071/209 4110/1100/195
f 4130/1090/213 4116/1087/201 4122/719/206 4133/859/216
f 4133/859/216 4122/719/206 4118/1066/203 4131/1074/214
f 4117/1064/202 4111/1061/196 4114/1060/199 4121/1065/205
f 4121/1065/205 4114/1060/199 4110/1100/195 4118/1066/203
f 4081/1077/169 4109/1085/194 4115/914/200 4084/876/172
f 4084/880/172 4115/914/200 4111/1061/196 4082/1036/170
f 4116/1087/201 4089/1093/177 4091/890/179 4119/918/204
f 4119/918/204 4091/885/179 4088/1041/176 4117/1064/202
f 4095/1095/182 4123/1067/207 4109/1085/194 4081/1077/169
f 4083/1092/171 4090/1094/178 4104/1099/190 4096/1096/183
f 4111/1061/196 4117/1064/202 4088/1041/176 4082/1036/170
f 4130/1090/213 4102/1097/188 4089/1093/177 4116/1087/201
f 4097/1051/184 4103/1053/189 4132/1076/215 4124/1069/208
f 4125/1071/209 4131/1074/214 4118/1066/203 4110/1100/195
f 4137/1035/169 4140/876/172 4141/877/153 4143/668/175
f 4138/1036/170 4142/1037/174 4141/1038/153 4140/880/172
f 4139/1039/171 4143/674/175 4141/675/153 4142/1040/174
f 4144/1041/176 4147/885/179 4148/886/28 4150/1042/181
f 4145/1043/177 4149/682/180 4148/683/28 4147/890/179
f 4146/1044/178 4150/1045/181 4148/1046/28 4149/688/180
f 4151/1047/182 4154/690/185 4155/691/47 4157/896/187
f 4152/1048/183 4156/1049/186 4155/1050/47 4154/696/185
f 4153/1051/184 4157/901/187 4155/1050/47 4156/1049/186
f 4158/1052/188 4161/903/191 4162/904/66 4164/702/193
f 4159/1053/189 4163/1054/192 4162/1055/66 4161/908/191
f 4160/1056/190 4164/708/193 4162/1055/66 4163/1054/192
f 4165/1057/194 4168/710/197 4169/1058/233 4171/914/200
f 4166/1059/195 4170/1060/199 4169/1058/233 4168/710/197
f 4167/1061/196 4171/914/200 4169/1058/233 4170/1060/199
f 4172/1062/201 4175/918/204 4176/1063/104 4178/719/206
f 4173/1064/202 4177/1065/205 4176/1063/104 4175/918/204
f 4174/1066/203 4178/719/206 4176/1063/104 4177/1065/205
f 4179/1067/207 4182/924/210 4183/1068/226 4185/726/212
f 4180/1069/208 4184/1070/211 4183/1068/226 4182/924/210
f 4181/1071/209 4185/726/212 4183/1068/226 4184/1070/211
f 4186/1072/213 4189/731/216 4190/1073/162 4192/932/219
f 4187/1074/214 4191/1075/218 4190/1073/162 4189/731/216
f 4188/1076/215 4192/932/219 4190/1073/162 4191/1075/218
f 4151/1047/182 4137/1035/169 4143/668/175 4154/690/185
f 4154/696/185 4143/674/175 4139/1039/171 4152/1048/183
f 4138/1036/170 4144/1041/176 4150/1042/181 4142/1037/174
f 4142/1040/174 4150/1045/181 4146/1044/178 4139/1039/171
f 4145/1043/177 4158/1052/188 4164/702/193 4149/682/180
f 4149/688/180 4164/708/193 4160/1056/190 4146/1044/178
f 4159/1053/189 4153/1051/184 4156/1049/186 4163/1054/192
f 4163/1054/192 4156/1049/186 4152/1048/183 4160/1056/190
f 4179/1067/207 4151/1047/182 4157/896/187 4182/924/210
f 4182/924/210 4157/901/187 4153/1051/184 4180/1069/208
f 4158/1052/188 4186/1072/213 4192/932/219 4161/903/191
f 4161/908/191 4192/932/219 4188/1076/215 4159/1053/189
f 4187/1074/214 4181/1071/209 4184/1070/211 4191/1075/218
f 4191/1075/218 4184/1070/211 4180/1069/208 4188/1076/215
f 4165/1057/194 4179/1067/207 4185/726/212 4168/710/197
f 4168/710/197 4185/726/212 4181/1071/209 4166/1059/195
f 4186/1072/213 4172/1062/201 4178/719/206 4189/731/216
f 4189/731/216 4178/719/206 4174/1066/203 4187/1074/214
f 4173/1064/202 4167/1061/196 4170/1060/199 4177/1065/205
f 4177/1065/205 4170/1060/199 4166/1059/195 4174/1066/203
f 4137/1035/169 4165/1057/194 4171/914/200 4140/876/172
f 4140/880/172 4171/914/200 4167/1061/196 4138/1036/170
f 4172/1062/201 4145/1043/177 4147/890/179 4175/918/204
f 4175/918/204 4147/885/179 4144/1041/176 4173/1064/202
f 4151/1047/182 4179/1067/207 4165/1057/194 4137/1035/169
f 4139/1039/171 4146/1044/178 4160/1056/190 4152/1048/183
f 4167/1061/196 4173/1064/202 4144/1041/176 4138/1036/170
f 4186/1072/213 4158/1052/188 4145/1043/177 4172/1062/201
f 4153/1051/184 4159/1053/189 4188/1076/215 4180/1069/208
f 4181/1071/209 4187/1074/214 4174/1066/203 4166/1059/195
f 4193/1132/245 4196/1133/248 4198/1134/250 4197/1135/249
f 4196/1133/248 4200/1136/252 4201/1137/253 4198/1134/250
f 4194/1138/246 4199/1139/251 4201/1140/253 4200/1141/252
f 4199/1142/251 4203/1143/255 4204/1144/256 4201/1145/253
f 4195/1146/247 4202/1147/254 4204/1144/256 4203/1143/255
f 4202/1148/254 4197/1135/249 4198/1134/250 4204/1149/256
f 4198/1134/250 4201/1137/253 4204/1149/256
f 4205/1150/257 4208/1151/260 4210/1152/262 4209/1153/261
f 4208/1151/260 4212/1154/264 4213/1155/265 4210/1152/262
f 4206/1156/258 4211/1157/263 4213/1158/265 4212/1159/264
f 4211/1160/263 4215/1161/267 4216/1162/268 4213/1163/265
f 4207/1164/259 4214/1165/266 4216/1162/268 4215/1161/267
f 4214/1165/266 4209/1166/261 4210/1167/262 4216/1162/268
f 4210/1167/262 4213/1163/265 4216/1162/268
f 4217/1168/269 4220/1169/272 4222/1170/274 4221/1171/273
f 4220/1169/272 4224/1172/276 4225/1173/277 4222/1170/274
f 4218/1174/270 4223/1175/275 4225/1176/277 4224/1177/276
f 4223/1175/275 4227/1178/279 4228/1179/280 4225/1176/277
f 4219/1180/271 4226/1181/278 4228/1179/280 4227/1178/279
f 4226/1182/278 4221/1171/273 4222/1170/274 4228/1183/280
f 4222/1170/274 4225/1173/277 4228/1183/280
f 4229/1184/281 4232/1185/284 4234/1186/286 4233/1187/285
f 4232/1188/284 4236/1189/288 4237/1190/289 4234/1191/286
f 4230/1192/282 4235/1193/287 4237/1190/289 4236/1189/288
f 4235/1193/287 4239/1194/291 4240/1195/292 4237/1190/289
f 4231/1196/283 4238/1197/290 4240/1195/292 4239/1194/291
f 4238/1197/290 4233/1198/285 4234/1191/286 4240/1195/292
f 4234/1191/286 4237/1190/289 4240/1195/292
f 4241/1199/293 4244/1200/296 4246/1201/298 4245/1202/297
f 4244/1200/296 4248/1203/300 4249/1204/301 4246/1201/298
f 4242/1205/294 4247/1206/299 4249/1204/301 4248/1203/300
f 4247/1206/299 4251/1207/303 4252/1208/304 4249/1204/301
f 4243/1209/295 4250/1210/302 4252/1208/304 4251/1207/303
f 4250/1210/302 4245/1202/297 4246/1201/298 4252/1208/304
f 4246/1201/298 4249/1204/301 4252/1208/304
f 4253/1211/305 4256/1212/308 4258/1213/310 4257/1214/309
f 4256/1212/308 4260/1215/312 4261/1216/313 4258/1213/310
f 4254/1217/306 4259/1218/311 4261/1216/313 4260/1215/312
f 4259/1218/311 4263/1219/315 4264/1220/316 4261/1216/313
f 4255/1221/307 4262/1222/314 4264/1220/316 4263/1219/315
f 4262/1222/314 4257/1214/309 4258/1213/310 4264/1220/316
f 4258/1213/310 4261/1216/313 4264/1220/316
f 4265/1223/317 4268/1224/320 4270/1225/322 4269/1226/321
f 4268/1224/320 4272/1227/324 4273/1228/325 4270/1225/322
f 4266/1229/318 4271/1230/323 4273/1228/325 4272/1227/324
f 4271/1230/323 4275/1231/327 4276/1232/328 4273/1228/325
f 4267/1233/319 4274/1234/326 4276/1232/328 4275/1231/327
f 4274/1234/326 4269/1226/321 4270/1225/322 4276/1232/328
f 4270/1225/322 4273/1228/325 4276/1232/328
f 4277/1235/329 4280/1236/332 4282/1237/334 4281/1238/333
f 4280/1236/332 4284/1239/336 4285/1240/337 4282/1237/334
f 4278/1241/330 4283/1242/335 4285/1240/337 4284/1239/336
f 4283/1242/335 4287/1243/339 4288/1244/340 4285/1240/337
f 4279/1245/331 4286/1246/338 4288/1244/340 4287/1243/339
f 4286/1246/338 4281/1238/333 4282/1237/334 4288/1244/340
f 4282/1237/334 4285/1240/337 4288/1244/340
f 4217/1168/269 4193/1132/245 4197/1135/249 4220/1169/272
f 4220/1169/272 4197/1135/249 4202/1148/254 4224/1172/276
f 4224/1177/276 4202/1147/254 4195/1146/247 4218/1174/270
f 4194/1138/246 4205/1150/257 4209/1153/261 4199/1139/251
f 4199/1142/251 4209/1166/261 4214/1165/266 4203/1143/255
f 4203/1143/255 4214/1165/266 4207/1164/259 4195/1146/247
f 4206/1156/258 4229/1184/281 4233/1187/285 4211/1157/263
f 4211/1160/263 4233/1198/285 4238/1197/290 4215/1161/267
f 4215/1161/267 4238/1197/290 4231/1196/283 4207/1164/259
f 4230/1192/282 4219/1180/271 4227/1178/279 4235/1193/287
f 4235/1193/287 4227/1178/279 4223/1175/275 4239/1194/291
f 4239/1194/291 4223/1175/275 4218/1174/270 4231/1196/283
f 4265/1223/317 4217/1168/269 4221/1171/273 4268/1224/320
f 4268/1224/320 4221/1171/273 4226/1182/278 4272/1227/324
f 4272/1227/324 4226/1181/278 4219/1180/271 4266/1229/318
f 4229/1184/281 4277/1235/329 4281/1238/333 4232/1185/284
f 4232/1188/284 4281/1238/333 4286/1246/338 4236/1189/288
f 4236/1189/288 4286/1246/338 4279/1245/331 4230/1192/282
f 4278/1241/330 4267/1233/319 4275/1231/327 4283/1242/335
f 4283/1242/335 4275/1231/327 4271/1230/323 4287/1243/339
f 4287/1243/339 4271/1230/323 4266/1229/318 4279/1245/331
f 4241/1199/293 4265/1223/317 4269/1226/321 4244/1200/296
f 4244/1200/296 4269/1226/321 4274/1234/326 4248/1203/300
f 4248/1203/300 4274/1234/326 4267/1233/319 4242/1205/294
f 4277/1235/329 4253/1211/305 4257/1214/309 4280/1236/332
f 4280/1236/332 4257/1214/309 4262/1222/314 4284/1239/336
f 4284/1239/336 4262/1222/314 4255/1221/307 4278/1241/330
f 4254/1217/306 4243/1209/295 4251/1207/303 4259/1218/311
f 4259/1218/311 4251/1207/303 4247/1206/299 4263/1219/315
f 4263/1219/315 4247/1206/299 4242/1205/294 4255/1221/307
f 4193/1132/245 4241/1199/293 4245/1202/297 4196/1133/248
f 4196/1133/248 4245/1202/297 4250/1210/302 4200/1136/252
f 4200/1141/252 4250/1210/302 4243/1209/295 4194/1138/246
f 4253/1211/305 4206/1156/258 4212/1159/264 4256/1212/308
f 4256/1212/308 4212/1154/264 4208/1151/260 4260/1215/312
f 4260/1215/312 4208/1151/260 4205/1150/257 4254/1217/306
f 4217/1168/269 4265/1223/317 4241/1199/293 4193/1132/245
f 4195/1146/247 4207/1164/259 4231/1196/283 4218/1174/270
f 4243/1209/295 4254/1217/306 4205/1150/257 4194/1138/246
f 4277/1235/329 4229/1184/281 4206/1156/258 4253/1211/305
f 4219/1180/271 4230/1192/282 4279/1245/331 4266/1229/318
f 4267/1233/319 4278/1241/330 4255/1221/307 4242/1205/294
f 4289/1247/1 4292/1248/4 4295/1249/7 4294/1250/6
f 4292/1248/4 4293/1251/5 4296/1252/8 4295/1249/7
f 4294/1250/6 4295/1249/7 4307/1253/19 4304/1254/16
f 4295/1249/7 4296/1252/8 4297/1255/153 4307/1253/19
f 4290/1256/2 4298/1257/10 4301/1258/13 4300/1259/12
f 4298/1257/10 4299/1260/11 4302/1261/14 4301/1258/13
f 4300/1259/12 4301/1258/13 4296/1262/8 4293/1263/5
f 4301/1258/13 4302/1261/14 4297/1264/153 4296/1262/8
f 4291/1265/3 4303/1266/15 4306/1267/18 4305/1268/17
f 4303/1266/15 4304/1269/16 4307/1270/19 4306/1267/18
f 4305/1268/17 4306/1267/18 4302/1271/14 4299/1272/11
f 4306/1267/18 4307/1270/19 4297/1273/153 4302/1271/14
f 4308/1274/20 4311/1275/23 4314/1276/26 4313/1277/25
f 4311/1275/23 4312/1278/24 4315/1279/27 4314/1276/26
f 4313/1277/25 4314/1276/26 4326/1280/38 4323/1281/35
f 4314/1276/26 4315/1279/27 4316/1282/28 4326/1280/38
f 4309/1283/21 4317/1284/29 4320/1285/32 4319/1286/31
f 4317/1284/29 4318/1287/30 4321/1288/33 4320/1285/32
f 4319/1286/31 4320/1285/32 4315/1289/27 4312/1290/24
f 4320/1285/32 4321/1288/33 4316/1291/28 4315/1289/27
f 4310/1292/22 4322/1293/34 4325/1294/37 4324/1295/36
f 4322/1293/34 4323/1296/35 4326/1297/38 4325/1294/37
f 4324/1295/36 4325/1294/37 4321/1298/33 4318/1299/30
f 4325/1294/37 4326/1297/38 4316/1300/28 4321/1298/33
f 4327/1301/39 4330/1302/42 4333/1303/45 4332/1304/44
f 4330/1302/42 4331/1305/43 4334/1306/46 4333/1303/45
f 4332/1304/44 4333/1303/45 4345/1307/57 4342/1308/54
f 4333/1303/45 4334/1306/46 4335/1309/47 4345/1307/57
f 4328/1310/40 4336/1311/48 4339/1312/51 4338/1313/50
f 4336/1311/48 4337/1314/49 4340/1315/52 4339/1312/51
f 4338/1313/50 4339/1312/51 4334/1316/46 4331/1317/43
f 4339/1312/51 4340/1315/52 4335/1318/47 4334/1316/46
f 4329/1319/41 4341/1320/53 4344/1321/56 4343/1322/55
f 4341/1320/53 4342/1323/54 4345/1324/57 4344/1321/56
f 4343/1322/55 4344/1321/56 4340/1315/52 4337/1314/49
f 4344/1321/56 4345/1324/57 4335/1318/47 4340/1315/52
f 4346/1325/58 4349/1326/61 4352/1327/64 4351/1328/63
f 4349/1326/61 4350/1329/62 4353/1330/65 4352/1327/64
f 4351/1328/63 4352/1327/64 4364/1331/76 4361/1332/73
f 4352/1327/64 4353/1330/65 4354/1333/66 4364/1331/76
f 4347/1334/59 4355/1335/67 4358/1336/341 4357/1337/69
f 4355/1335/67 4356/1338/68 4359/1339/71 4358/1336/341
f 4357/1337/69 4358/1336/341 4353/1340/65 4350/1341/62
f 4358/1336/341 4359/1339/71 4354/1342/66 4353/1340/65
f 4348/1343/60 4360/1344/72 4363/1345/75 4362/1346/74
f 4360/1344/72 4361/1347/73 4364/1348/76 4363/1345/75
f 4362/1346/74 4363/1345/75 4359/1339/71 4356/1338/68
f 4363/1345/75 4364/1348/76 4354/1342/66 4359/1339/71
f 4365/1349/77 4368/1350/80 4371/1351/83 4370/1352/82
f 4368/1350/80 4369/1353/81 4372/1354/84 4371/1351/83
f 4370/1352/82 4371/1351/83 4383/1355/95 4380/1356/92
f 4371/1351/83 4372/1354/84 4373/1357/233 4383/1355/95
f 4366/1358/78 4374/1359/86 4377/1360/89 4376/1361/88
f 4374/1359/86 4375/1362/87 4378/1363/90 4377/1360/89
f 4376/1361/88 4377/1360/89 4372/1354/84 4369/1353/81
f 4377/1360/89 4378/1363/90 4373/1357/233 4372/1354/84
f 4367/1364/79 4379/1365/91 4382/1366/94 4381/1367/93
f 4379/1365/91 4380/1356/92 4383/1355/95 4382/1366/94
f 4381/1367/93 4382/1366/94 4378/1363/90 4375/1362/87
f 4382/1366/94 4383/1355/95 4373/1357/233 4378/1363/90
f 4384/1368/96 4387/1369/99 4390/1370/102 4389/1371/101
f 4387/1369/99 4388/1372/100 4391/1373/103 4390/1370/102
f 4389/1371/101 4390/1370/102 4402/1374/114 4399/1375/111
f 4390/1370/102 4391/1373/103 4392/1376/104 4402/1374/114
f 4385/1377/97 4393/1378/105 4396/1379/108 4395/1380/107
f 4393/1378/105 4394/1381/106 4397/1382/109 4396/1379/108
f 4395/1380/107 4396/1379/108 4391/1373/103 4388/1372/100
f 4396/1379/108 4397/1382/109 4392/1376/104 4391/1373/103
f 4386/1383/98 4398/1384/110 4401/1385/113 4400/1386/112
f 4398/1384/110 4399/1375/111 4402/1374/114 4401/1385/113
f 4400/1386/112 4401/1385/113 4397/1382/109 4394/1381/106
f 4401/1385/113 4402/1374/114 4392/1376/104 4397/1382/109
f 4403/1387/115 4406/1388/118 4409/1389/121 4408/1390/120
f 4406/1388/118 4407/1391/119 4410/1392/122 4409/1389/121
f 4408/1390/120 4409/1389/121 4421/1393/133 4418/1394/130
f 4409/1389/121 4410/1392/122 4411/1395/226 4421/1393/133
f 4404/1396/116 4412/1397/124 4415/1398/127 4414/1399/126
f 4412/1397/124 4413/1400/125 4416/1401/128 4415/1398/127
f 4414/1399/126 4415/1398/127 4410/1392/122 4407/1391/119
f 4415/1398/127 4416/1401/128 4411/1395/226 4410/1392/122
f 4405/1402/117 4417/1403/129 4420/1404/132 4419/1405/131
f 4417/1403/129 4418/1394/130 4421/1393/133 4420/1404/132
f 4419/1405/131 4420/1404/132 4416/1401/128 4413/1400/125
f 4420/1404/132 4421/1393/133 4411/1395/226 4416/1401/128
f 4422/1406/134 4425/1407/137 4428/1408/140 4427/1409/139
f 4425/1407/137 4426/1410/138 4429/1411/141 4428/1408/140
f 4427/1409/139 4428/1408/140 4440/1412/152 4437/1413/149
f 4428/1408/140 4429/1411/141 4430/1414/142 4440/1412/152
f 4423/1415/135 4431/1416/143 4434/1417/146 4433/1418/145
f 4431/1416/143 4432/1419/144 4435/1420/147 4434/1417/146
f 4433/1418/145 4434/1417/146 4429/1411/141 4426/1410/138
f 4434/1417/146 4435/1420/147 4430/1414/142 4429/1411/141
f 4424/1421/136 4436/1422/148 4439/1423/342 4438/1424/150
f 4436/1422/148 4437/1413/149 4440/1412/152 4439/1423/342
f 4438/1424/150 4439/1423/342 4435/1420/147 4432/1419/144
f 4439/1423/342 4440/1412/152 4430/1414/142 4435/1420/147
f 4327/1301/39 4289/1247/1 4294/1250/6 4330/1302/42
f 4330/1302/42 4294/1250/6 4304/1254/16 4331/1305/43
f 4331/1317/43 4304/1269/16 4303/1266/15 4338/1313/50
f 4338/1313/50 4303/1266/15 4291/1265/3 4328/1310/40
f 4290/1256/2 4308/1274/20 4313/1277/25 4298/1257/10
f 4298/1257/10 4313/1277/25 4323/1281/35 4299/1260/11
f 4299/1272/11 4323/1296/35 4322/1293/34 4305/1268/17
f 4305/1268/17 4322/1293/34 4310/1292/22 4291/1265/3
f 4309/1283/21 4346/1325/58 4351/1328/63 4317/1284/29
f 4317/1284/29 4351/1328/63 4361/1332/73 4318/1287/30
f 4318/1299/30 4361/1347/73 4360/1344/72 4324/1295/36
f 4324/1295/36 4360/1344/72 4348/1343/60 4310/1292/22
f 4347/1334/59 4329/1319/41 4343/1322/55 4355/1335/67
f 4355/1335/67 4343/1322/55 4337/1314/49 4356/1338/68
f 4356/1338/68 4337/1314/49 4336/1311/48 4362/1346/74
f 4362/1346/74 4336/1311/48 4328/1310/40 4348/1343/60
f 4403/1387/115 4327/1301/39 4332/1304/44 4406/1388/118
f 4406/1388/118 4332/1304/44 4342/1308/54 4407/1391/119
f 4407/1391/119 4342/1323/54 4341/1320/53 4414/1399/126
f 4414/1399/126 4341/1320/53 4329/1319/41 4404/1396/116
f 4346/1325/58 4422/1406/134 4427/1409/139 4349/1326/61
f 4349/1326/61 4427/1409/139 4437/1413/149 4350/1329/62
f 4350/1341/62 4437/1413/149 4436/1422/148 4357/1337/69
f 4357/1337/69 4436/1422/148 4424/1421/136 4347/1334/59
f 4423/1415/135 4405/1402/117 4419/1405/131 4431/1416/143
f 4431/1416/143 4419/1405/131 4413/1400/125 4432/1419/144
f 4432/1419/144 4413/1400/125 4412/1397/124 4438/1424/150
f 4438/1424/150 4412/1397/124 4404/1396/116 4424/1421/136
f 4365/1349/77 4403/1387/115 4408/1390/120 4368/1350/80
f 4368/1350/80 4408/1390/120 4418/1394/130 4369/1353/81
f 4369/1353/81 4418/1394/130 4417/1403/129 4376/1361/88
f 4376/1361/88 4417/1403/129 4405/1402/117 4366/1358/78
f 4422/1406/134 4384/1368/96 4389/1371/101 4425/1407/137
f 4425/1407/137 4389/1371/101 4399/1375/111 4426/1410/138
f 4426/1410/138 4399/1375/111 4398/1384/110 4433/1418/145
f 4433/1418/145 4398/1384/110 4386/1383/98 4423/1415/135
f 4385/1377/97 4367/1364/79 4381/1367/93 4393/1378/105
f 4393/1378/105 4381/1367/93 4375/1362/87 4394/1381/106
f 4394/1381/106 4375/1362/87 4374/1359/86 4400/1386/112
f 4400/1386/112 4374/1359/86 4366/1358/78 4386/1383/98
f 4289/1247/1 4365/1349/77 4370/1352/82 4292/1248/4
f 4292/1248/4 4370/1352/82 4380/1356/92 4293/1251/5
f 4293/1263/5 4380/1356/92 4379/1365/91 4300/1259/12
f 4300/1259/12 4379/1365/91 4367/1364/79 4290/1256/2
f 4384/1368/96 4309/1283/21 4319/1286/31 4387/1369/99
f 4387/1369/99 4319/1286/31 4312/1290/24 4388/1372/100
f 4388/1372/100 4312/1278/24 4311/1275/23 4395/1380/107
f 4395/1380/107 4311/1275/23 4308/1274/20 4385/1377/97
f 4327/1301/39 4403/1387/115 4365/1349/77 4289/1247/1
f 4291/1265/3 4310/1292/22 4348/1343/60 4328/1310/40
f 4367/1364/79 4385/1377/97 4308/1274/20 4290/1256/2
f 4422/1406/134 4346/1325/58 4309/1283/21 4384/1368/96
f 4329/1319/41 4347/1334/59 4424/1421/136 4404/1396/116
f 4405/1402/117 4423/1415/135 4386/1383/98 4366/1358/78
f 4441/1425/343 4444/1426/172 4445/1427/243 4447/1428/345
f 4442/1429/170 4446/1430/174 4445/1431/243 4444/1432/172
f 4443/1433/344 4447/1434/345 4445/1435/243 4446/1436/174
f 4448/1437/176 4451/1438/179 4452/1439/28 4454/1440/181
f 4449/1441/346 4453/1442/348 4452/1443/28 4451/1444/179
f 4450/1445/347 4454/1446/181 4452/1447/28 4453/1448/348
f 4455/1425/349 4458/1428/351 4459/1449/352 4461/1450/187
f 4456/1433/350 4460/1451/186 4459/1452/352 4458/1434/351
f 4457/1453/184 4461/1454/187 4459/1452/352 4460/1451/186
f 4462/1441/353 4465/1455/191 4466/1456/66 4468/1457/355
f 4463/1458/189 4467/1459/192 4466/1460/66 4465/1461/191
f 4464/1445/354 4468/1462/355 4466/1460/66 4467/1459/192
f 4469/1463/356 4472/1464/358 4473/1465/235 4475/1466/200
f 4470/1467/357 4474/1468/199 4473/1465/235 4472/1464/358
f 4471/1469/196 4475/1466/200 4473/1465/235 4474/1468/199
f 4476/1470/359 4479/1471/204 4480/1472/361 4482/1473/362
f 4477/1474/202 4481/1475/205 4480/1472/361 4479/1471/204
f 4478/1476/360 4482/1473/362 4480/1472/361 4481/1475/205
f 4483/1463/363 4486/1477/210 4487/1478/123 4489/1479/365
f 4484/1480/208 4488/1481/211 4487/1478/123 4486/1477/210
f 4485/1467/364 4489/1479/365 4487/1478/123 4488/1481/211
f 4490/1470/366 4493/1473/368 4494/1482/142 4496/1483/219
f 4491/1476/367 4495/1484/218 4494/1482/142 4493/1473/368
f 4492/1485/215 4496/1483/219 4494/1482/142 4495/1484/218
f 4455/1425/349 4441/1425/343 4447/1428/345 4458/1428/351
f 4458/1434/351 4447/1434/345 4443/1433/344 4456/1433/350
f 4442/1429/170 4448/1437/176 4454/1440/181 4446/1430/174
f 4446/1436/174 4454/1446/181 4450/1445/347 4443/1433/344
f 4449/1441/346 4462/1441/353 4468/1457/355 4453/1442/348
f 4453/1448/348 4468/1462/355 4464/1445/354 4450/1445/347
f 4463/1458/189 4457/1453/184 4460/1451/186 4467/1459/192
f 4467/1459/192 4460/1451/186 4456/1433/350 4464/1445/354
f 4483/1463/363 4455/1425/349 4461/1450/187 4486/1477/210
f 4486/1477/210 4461/1454/187 4457/1453/184 4484/1480/208
f 4462/1441/353 4490/1470/366 4496/1483/219 4465/1455/191
f 4465/1461/191 4496/1483/219 4492/1485/215 4463/1458/189
f 4491/1476/367 4485/1467/364 4488/1481/211 4495/1484/218
f 4495/1484/218 4488/1481/211 4484/1480/208 4492/1485/215
f 4469/1463/356 4483/1463/363 4489/1479/365 4472/1464/358
f 4472/1464/358 4489/1479/365 4485/1467/364 4470/1467/357
f 4490/1470/366 4476/1470/359 4482/1473/362 4493/1473/368
f 4493/1473/368 4482/1473/362 4478/1476/360 4491/1476/367
f 4477/1474/202 4471/1469/196 4474/1468/199 4481/1475/205
f 4481/1475/205 4474/1468/199 4470/1467/357 4478/1476/360
f 4441/1425/343 4469/1463/356 4475/1466/200 4444/1426/172
f 4444/1432/172 4475/1466/200 4471/1469/196 4442/1429/170
f 4476/1470/359 4449/1441/346 4451/1444/179 4479/1471/204
f 4479/1471/204 4451/1438/179 4448/1437/176 4477/1474/202
f 4455/1425/349 4483/1463/363 4469/1463/356 4441/1425/343
f 4443/1433/344 4450/1445/347 4464/1445/354 4456/1433/350
f 4471/1469/196 4477/1474/202 4448/1437/176 4442/1429/170
f 4490/1470/366 4462/1441/353 4449/1441/346 4476/1470/359
f 4457/1453/184 4463/1458/189 4492/1485/215 4484/1480/208
f 4485/1467/364 4491/1476/367 4478/1476/360 4470/1467/357
f 4497/1486/169 4500/1487/172 4501/1488/153 4503/1489/175
f 4498/1490/170 4502/1491/174 4501/1492/153 4500/1493/172
f 4499/1494/171 4503/1495/175 4501/1496/153 4502/1497/174
f 4504/1498/176 4507/1499/179 4508/1500/163 4510/1501/181
f 4505/1502/177 4509/1503/180 4508/1504/163 4507/1505/179
f 4506/1506/178 4510/1507/181 4508/1508/163 4509/1509/180
f 4511/1510/182 4514/1511/185 4515/1512/47 4517/1513/187
f 4512/1514/183 4516/1515/186 4515/1516/47 4514/1517/185
f 4513/1518/184 4517/1519/187 4515/1516/47 4516/1515/186
f 4518/1520/188 4521/1521/191 4522/1522/66 4524/1523/193
f 4519/1524/189 4523/1525/192 4522/1526/66 4521/1527/191
f 4520/1528/190 4524/1529/193 4522/1526/66 4523/1525/192
f 4525/1530/194 4528/1531/197 4529/1532/233 4531/1533/200
f 4526/1534/195 4530/1535/199 4529/1532/233 4528/1531/197
f 4527/1536/196 4531/1533/200 4529/1532/233 4530/1535/199
f 4532/1537/201 4535/1538/204 4536/1539/166 4538/1540/206
f 4533/1541/202 4537/1542/205 4536/1539/166 4535/1538/204
f 4534/1543/203 4538/1540/206 4536/1539/166 4537/1542/205
f 4539/1544/207 4542/1545/210 4543/1546/226 4545/1547/212
f 4540/1548/208 4544/1549/211 4543/1546/226 4542/1545/210
f 4541/1550/209 4545/1547/212 4543/1546/226 4544/1549/211
f 4546/1551/213 4549/1552/216 4550/1553/242 4552/1554/219
f 4547/1555/214 4551/1556/218 4550/1553/242 4549/1552/216
f 4548/1557/215 4552/1554/219 4550/1553/242 4551/1556/218
f 4511/1510/182 4497/1486/169 4503/1489/175 4514/1511/185
f 4514/1517/185 4503/1495/175 4499/1494/171 4512/1514/183
f 4498/1490/170 4504/1498/176 4510/1501/181 4502/1491/174
f 4502/1497/174 4510/1507/181 4506/1506/178 4499/1494/171
f 4505/1502/177 4518/1520/188 4524/1523/193 4509/1503/180
f 4509/1509/180 4524/1529/193 4520/1528/190 4506/1506/178
f 4519/1524/189 4513/1518/184 4516/1515/186 4523/1525/192
f 4523/1525/192 4516/1515/186 4512/1514/183 4520/1528/190
f 4539/1544/207 4511/1510/182 4517/1513/187 4542/1545/210
f 4542/1545/210 4517/1519/187 4513/1518/184 4540/1548/208
f 4518/1520/188 4546/1551/213 4552/1554/219 4521/1521/191
f 4521/1527/191 4552/1554/219 4548/1557/215 4519/1524/189
f 4547/1555/214 4541/1550/209 4544/1549/211 4551/1556/218
f 4551/1556/218 4544/1549/211 4540/1548/208 4548/1557/215
f 4525/1530/194 4539/1544/207 4545/1547/212 4528/1531/197
f 4528/1531/197 4545/1547/212 4541/1550/209 4526/1534/195
f 4546/1551/213 4532/1537/201 4538/1540/206 4549/1552/216
f 4549/1552/216 4538/1540/206 4534/1543/203 4547/1555/214
f 4533/1541/202 4527/1536/196 4530/1535/199 4537/1542/205
f 4537/1542/205 4530/1535/199 4526/1534/195 4534/1543/203
f 4497/1486/169 4525/1530/194 4531/1533/200 4500/1487/172
f 4500/1493/172 4531/1533/200 4527/1536/196 4498/1490/170
f 4532/1537/201 4505/1502/177 4507/1505/179 4535/1538/204
f 4535/1538/204 4507/1499/179 4504/1498/176 4533/1541/202
f 4511/1510/182 4539/1544/207 4525/1530/194 4497/1486/169
f 4499/1494/171 4506/1506/178 4520/1528/190 4512/1514/183
f 4527/1536/196 4533/1541/202 4504/1498/176 4498/1490/170
f 4546/1551/213 4518/1520/188 4505/1502/177 4532/1537/201
f 4513/1518/184 4519/1524/189 4548/1557/215 4540/1548/208
f 4541/1550/209 4547/1555/214 4534/1543/203 4526/1534/195
f 4553/1558/169 4556/1559/172 4557/1560/156 4559/1561/175
f 4554/1562/170 4558/1563/174 4557/1564/156 4556/1565/172
f 4555/1566/171 4559/1567/175 4557/1568/156 4558/1569/174
f 4560/1570/369 4563/1571/179 4564/1572/223 4566/1573/181
f 4561/1574/177 4565/1575/180 4564/1576/223 4563/1577/179
f 4562/1578/178 4566/1579/181 4564/1580/223 4565/1581/180
f 4567/1582/182 4570/1583/185 4571/1584/47 4573/1585/187
f 4568/1586/183 4572/1587/186 4571/1588/47 4570/1589/185
f 4569/1590/184 4573/1591/187 4571/1588/47 4572/1587/186
f 4574/1592/188 4577/1593/191 4578/1594/158 4580/1595/193
f 4575/1596/189 4579/1597/192 4578/1598/158 4577/1599/191
f 4576/1600/190 4580/1601/193 4578/1598/158 4579/1597/192
f 4581/1602/194 4584/1603/197 4585/1604/159 4587/1605/200
f 4582/1606/195 4586/1607/199 4585/1604/159 4584/1603/197
f 4583/1608/196 4587/1605/200 4585/1604/159 4586/1607/199
f 4588/1609/201 4591/1610/204 4592/1611/221 4594/1612/206
f 4589/1613/370 4593/1614/205 4592/1611/221 4591/1610/204
f 4590/1615/203 4594/1612/206 4592/1611/221 4593/1614/205
f 4595/1616/207 4598/1617/210 4599/1618/161 4601/1619/212
f 4596/1620/208 4600/1621/211 4599/1618/161 4598/1617/210
f 4597/1622/209 4601/1619/212 4599/1618/161 4600/1621/211
f 4602/1623/213 4605/1624/216 4606/1625/162 4608/1626/219
f 4603/1627/214 4607/1628/218 4606/1625/162 4605/1624/216
f 4604/1629/215 4608/1626/219 4606/1625/162 4607/1628/218
f 4567/1582/182 4553/1558/169 4559/1561/175 4570/1583/185
f 4570/1589/185 4559/1567/175 4555/1566/171 4568/1586/183
f 4554/1562/170 4560/1570/369 4566/1573/181 4558/1563/174
f 4558/1569/174 4566/1579/181 4562/1578/178 4555/1566/171
f 4561/1574/177 4574/1592/188 4580/1595/193 4565/1575/180
f 4565/1581/180 4580/1601/193 4576/1600/190 4562/1578/178
f 4575/1596/189 4569/1590/184 4572/1587/186 4579/1597/192
f 4579/1597/192 4572/1587/186 4568/1586/183 4576/1600/190
f 4595/1616/207 4567/1582/182 4573/1585/187 4598/1617/210
f 4598/1617/210 4573/1591/187 4569/1590/184 4596/1620/208
f 4574/1592/188 4602/1623/213 4608/1626/219 4577/1593/191
f 4577/1599/191 4608/1626/219 4604/1629/215 4575/1596/189
f 4603/1627/214 4597/1622/209 4600/1621/211 4607/1628/218
f 4607/1628/218 4600/1621/211 4596/1620/208 4604/1629/215
f 4581/1602/194 4595/1616/207 4601/1619/212 4584/1603/197
f 4584/1603/197 4601/1619/212 4597/1622/209 4582/1606/195
f 4602/1623/213 4588/1609/201 4594/1612/206 4605/1624/216
f 4605/1624/216 4594/1612/206 4590/1615/203 4603/1627/214
f 4589/1613/370 4583/1608/196 4586/1607/199 4593/1614/205
f 4593/1614/205 4586/1607/199 4582/1606/195 4590/1615/203
f 4553/1558/169 4581/1602/194 4587/1605/200 4556/1559/172
f 4556/1565/172 4587/1605/200 4583/1608/196 4554/1562/170
f 4588/1609/201 4561/1574/177 4563/1577/179 4591/1610/204
f 4591/1610/204 4563/1571/179 4560/1570/369 4589/1613/370
f 4567/1582/182 4595/1616/207 4581/1602/194 4553/1558/169
f 4555/1566/171 4562/1578/178 4576/1600/190 4568/1586/183
f 4583/1608/196 4589/1613/370 4560/1570/369 4554/1562/170
f 4602/1623/213 4574/1592/188 4561/1574/177 4588/1609/201
f 4569/1590/184 4575/1596/189 4604/1629/215 4596/1620/208
f 4597/1622/209 4603/1627/214 4590/1615/203 4582/1606/195
f 4609/1630/371 4610/1631/372 4611/1632/373
f 4612/1633/374 4613/1634/375 4614/1635/376
f 4615/1636/377 4616/1637/378 4617/1638/379
f 4618/1639/380 4619/1640/381 4620/1641/382
f 4621/1642/383 4622/1643/384 4623/1644/385
f 4624/1645/386 4625/1646/387 4626/1647/388
f 4627/1648/389 4628/1649/390 4629/1650/391
f 4630/1651/392 4631/1652/393 4632/1653/394
f 4615/1636/377 4609/1630/371 4611/1632/373 4616/1637/378
f 4610/1654/372 4612/1655/374 4614/1656/376 4611/1657/373
f 4613/1658/375 4618/1639/380 4620/1641/382 4614/1656/376
f 4619/1640/381 4617/1659/379 4616/1660/378 4620/1641/382
f 4627/1648/389 4615/1636/377 4617/1638/379 4628/1649/390
f 4618/1639/380 4630/1651/392 4632/1653/394 4619/1640/381
f 4631/1652/393 4629/1650/391 4628/1649/390 4632/1653/394
f 4621/1642/383 4627/1648/389 4629/1650/391 4622/1643/384
f 4630/1651/392 4624/1645/386 4626/1647/388 4631/1652/393
f 4625/1646/387 4623/1644/385 4622/1643/384 4626/1647/388
f 4609/1630/371 4621/1642/383 4623/1644/385 4610/1631/372
f 4624/1645/386 4613/1634/375 4612/1633/374 4625/1646/387
f 4615/1636/377 4627/1648/389 4621/1642/383 4609/1630/371
f 4611/1657/373 4614/1656/376 4620/1641/382 4616/1660/378
f 4623/1644/385 4625/1646/387 4612/1633/374 4610/1661/372
f 4630/1651/392 4618/1662/380 4613/1663/375 4624/1645/386
f 4617/1659/379 4619/1640/381 4632/1653/394 4628/1649/390
f 4629/1650/391 4631/1652/393 4626/1647/388 4622/1643/384
f 4633/1425/343 4636/1664/172 4637/1665/243 4639/1428/345
f 4634/1429/170 4638/1430/174 4637/1431/243 4636/1666/172
f 4635/1433/344 4639/1434/345 4637/1435/243 4638/1436/174
f 4640/1437/176 4643/1438/179 4644/1667/224 4646/1440/181
f 4641/1441/395 4645/1442/397 4644/1443/224 4643/1444/179
f 4642/1445/396 4646/1446/181 4644/1447/224 4645/1448/397
f 4647/1425/349 4650/1428/351 4651/1449/47 4653/1668/187
f 4648/1433/350 4652/1451/186 4651/1669/47 4650/1434/351
f 4649/1453/184 4653/1454/187 4651/1669/47 4652/1451/186
f 4654/1441/398 4657/1455/191 4658/1670/237 4660/1457/400
f 4655/1458/189 4659/1459/192 4658/1460/237 4657/1671/191
f 4656/1445/399 4660/1462/400 4658/1460/237 4659/1459/192
f 4661/1463/401 4664/1464/403 4665/1465/235 4667/1672/200
f 4662/1467/402 4666/1468/199 4665/1465/235 4664/1464/403
f 4663/1469/196 4667/1672/200 4665/1465/235 4666/1468/199
f 4668/1470/359 4671/1471/204 4672/1472/104 4674/1473/362
f 4669/1474/202 4673/1475/205 4672/1472/104 4671/1471/204
f 4670/1476/360 4674/1473/362 4672/1472/104 4673/1475/205
f 4675/1463/404 4678/1673/210 4679/1674/161 4681/1479/406
f 4676/1480/208 4680/1481/211 4679/1674/161 4678/1673/210
f 4677/1467/405 4681/1479/406 4679/1674/161 4680/1481/211
f 4682/1470/366 4685/1473/368 4686/1675/142 4688/1483/219
f 4683/1476/367 4687/1484/218 4686/1675/142 4685/1473/368
f 4684/1485/215 4688/1483/219 4686/1675/142 4687/1484/218
f 4647/1425/349 4633/1425/343 4639/1428/345 4650/1428/351
f 4650/1434/351 4639/1434/345 4635/1433/344 4648/1433/350
f 4634/1429/170 4640/1437/176 4646/1440/181 4638/1430/174
f 4638/1436/174 4646/1446/181 4642/1445/396 4635/1433/344
f 4641/1441/395 4654/1441/398 4660/1457/400 4645/1442/397
f 4645/1448/397 4660/1462/400 4656/1445/399 4642/1445/396
f 4655/1458/189 4649/1453/184 4652/1451/186 4659/1459/192
f 4659/1459/192 4652/1451/186 4648/1433/350 4656/1445/399
f 4675/1463/404 4647/1425/349 4653/1668/187 4678/1673/210
f 4678/1673/210 4653/1454/187 4649/1453/184 4676/1480/208
f 4654/1441/398 4682/1470/366 4688/1483/219 4657/1455/191
f 4657/1671/191 4688/1483/219 4684/1485/215 4655/1458/189
f 4683/1476/367 4677/1467/405 4680/1481/211 4687/1484/218
f 4687/1484/218 4680/1481/211 4676/1480/208 4684/1485/215
f 4661/1463/401 4675/1463/404 4681/1479/406 4664/1464/403
f 4664/1464/403 4681/1479/406 4677/1467/405 4662/1467/402
f 4682/1470/366 4668/1470/359 4674/1473/362 4685/1473/368
f 4685/1473/368 4674/1473/362 4670/1476/360 4683/1476/367
f 4669/1474/202 4663/1469/196 4666/1468/199 4673/1475/205
f 4673/1475/205 4666/1468/199 4662/1467/402 4670/1476/360
f 4633/1425/343 4661/1463/401 4667/1672/200 4636/1664/172
f 4636/1666/172 4667/1672/200 4663/1469/196 4634/1429/170
f 4668/1470/359 4641/1441/395 4643/1444/179 4671/1471/204
f 4671/1471/204 4643/1438/179 4640/1437/176 4669/1474/202
f 4647/1425/349 4675/1463/404 4661/1463/401 4633/1425/343
f 4635/1433/344 4642/1445/396 4656/1445/399 4648/1433/350
f 4663/1469/196 4669/1474/202 4640/1437/176 4634/1429/170
f 4682/1470/366 4654/1441/398 4641/1441/395 4668/1470/359
f 4649/1453/184 4655/1458/189 4684/1485/215 4676/1480/208
f 4677/1467/405 4683/1476/367 4670/1476/360 4662/1467/402
f 4689/1676/169 4692/1487/172 4693/1488/239 4695/1489/175
f 4690/1677/170 4694/1491/174 4693/1492/239 4692/1493/172
f 4691/1494/171 4695/1495/175 4693/1496/239 4694/1497/174
f 4696/1678/176 4699/1499/179 4700/1500/163 4702/1501/181
f 4697/1679/177 4701/1503/180 4700/1504/163 4699/1505/179
f 4698/1506/178 4702/1507/181 4700/1508/163 4701/1509/180
f 4703/1680/182 4706/1511/185 4707/1512/47 4709/1513/187
f 4704/1514/183 4708/1515/186 4707/1516/47 4706/1517/185
f 4705/1681/184 4709/1519/187 4707/1516/47 4708/1515/186
f 4710/1682/188 4713/1521/191 4714/1522/240 4716/1523/193
f 4711/1683/189 4715/1525/192 4714/1526/240 4713/1527/191
f 4712/1528/190 4716/1529/193 4714/1526/240 4715/1525/192
f 4717/1684/194 4720/1531/197 4721/1532/233 4723/1533/200
f 4718/1534/195 4722/1535/199 4721/1532/233 4720/1531/197
f 4719/1685/196 4723/1533/200 4721/1532/233 4722/1535/199
f 4724/1686/201 4727/1538/204 4728/1539/160 4730/1540/206
f 4725/1687/202 4729/1542/205 4728/1539/160 4727/1538/204
f 4726/1543/203 4730/1540/206 4728/1539/160 4729/1542/205
f 4731/1688/207 4734/1545/210 4735/1546/226 4737/1547/212
f 4732/1689/208 4736/1549/211 4735/1546/226 4734/1545/210
f 4733/1550/209 4737/1547/212 4735/1546/226 4736/1549/211
f 4738/1690/213 4741/1552/216 4742/1553/242 4744/1554/219
f 4739/1555/214 4743/1556/218 4742/1553/242 4741/1552/216
f 4740/1691/215 4744/1554/219 4742/1553/242 4743/1556/218
f 4703/1680/182 4689/1676/169 4695/1489/175 4706/1511/185
f 4706/1517/185 4695/1495/175 4691/1494/171 4704/1514/183
f 4690/1677/170 4696/1678/176 4702/1501/181 4694/1491/174
f 4694/1497/174 4702/1507/181 4698/1506/178 4691/1494/171
f 4697/1679/177 4710/1682/188 4716/1523/193 4701/1503/180
f 4701/1509/180 4716/1529/193 4712/1528/190 4698/1506/178
f 4711/1683/189 4705/1681/184 4708/1515/186 4715/1525/192
f 4715/1525/192 4708/1515/186 4704/1514/183 4712/1528/190
f 4731/1688/207 4703/1680/182 4709/1513/187 4734/1545/210
f 4734/1545/210 4709/1519/187 4705/1681/184 4732/1689/208
f 4710/1682/188 4738/1690/213 4744/1554/219 4713/1521/191
f 4713/1527/191 4744/1554/219 4740/1691/215 4711/1683/189
f 4739/1555/214 4733/1550/209 4736/1549/211 4743/1556/218
f 4743/1556/218 4736/1549/211 4732/1689/208 4740/1691/215
f 4717/1684/194 4731/1688/207 4737/1547/212 4720/1531/197
f 4720/1531/197 4737/1547/212 4733/1550/209 4718/1534/195
f 4738/1690/213 4724/1686/201 4730/1540/206 4741/1552/216
f 4741/1552/216 4730/1540/206 4726/1543/203 4739/1555/214
f 4725/1687/202 4719/1685/196 4722/1535/199 4729/1542/205
f 4729/1542/205 4722/1535/199 4718/1534/195 4726/1543/203
f 4689/1676/169 4717/1684/194 4723/1533/200 4692/1487/172
f 4692/1493/172 4723/1533/200 4719/1685/196 4690/1677/170
f 4724/1686/201 4697/1679/177 4699/1505/179 4727/1538/204
f 4727/1538/204 4699/1499/179 4696/1678/176 4725/1687/202
f 4703/1680/182 4731/1688/207 4717/1684/194 4689/1676/169
f 4691/1494/171 4698/1506/178 4712/1528/190 4704/1514/183
f 4719/1685/196 4725/1687/202 4696/1678/176 4690/1677/170
f 4738/1690/213 4710/1682/188 4697/1679/177 4724/1686/201
f 4705/1681/184 4711/1683/189 4740/1691/215 4732/1689/208
f 4733/1550/209 4739/1555/214 4726/1543/203 4718/1534/195
f 4745/1692/169 4748/1693/172 4749/1694/243 4751/1561/175
f 4746/1695/170 4750/1563/174 4749/1564/243 4748/1696/172
f 4747/1566/171 4751/1567/175 4749/1568/243 4750/1569/174
f 4752/1697/176 4755/1698/179 4756/1572/224 4758/1699/181
f 4753/1574/177 4757/1575/180 4756/1576/224 4755/1700/179
f 4754/1578/178 4758/1579/181 4756/1580/224 4757/1581/180
f 4759/1701/182 4762/1583/185 4763/1584/47 4765/1702/187
f 4760/1586/183 4764/1587/186 4763/1588/47 4762/1589/185
f 4761/1703/184 4765/1704/187 4763/1588/47 4764/1587/186
f 4766/1705/188 4769/1706/191 4770/1707/158 4772/1595/193
f 4767/1708/189 4771/1709/192 4770/1598/158 4769/1710/191
f 4768/1600/190 4772/1601/193 4770/1598/158 4771/1709/192
f 4773/1711/194 4776/1603/197 4777/1712/159 4779/1713/200
f 4774/1606/195 4778/1607/199 4777/1712/159 4776/1603/197
f 4775/1714/196 4779/1713/200 4777/1712/159 4778/1607/199
f 4780/1715/201 4783/1610/204 4784/1716/221 4786/1612/206
f 4781/1613/370 4785/1717/205 4784/1716/221 4783/1610/204
f 4782/1615/203 4786/1612/206 4784/1716/221 4785/1717/205
f 4787/1718/207 4790/1617/210 4791/1618/226 4793/1619/212
f 4788/1719/208 4792/1621/211 4791/1618/226 4790/1617/210
f 4789/1622/209 4793/1619/212 4791/1618/226 4792/1621/211
f 4794/1720/213 4797/1624/216 4798/1721/162 4800/1722/219
f 4795/1627/214 4799/1628/218 4798/1721/162 4797/1624/216
f 4796/1723/215 4800/1722/219 4798/1721/162 4799/1628/218
f 4759/1701/182 4745/1692/169 4751/1561/175 4762/1583/185
f 4762/1589/185 4751/1567/175 4747/1566/171 4760/1586/183
f 4746/1695/170 4752/1697/176 4758/1699/181 4750/1563/174
f 4750/1569/174 4758/1579/181 4754/1578/178 4747/1566/171
f 4753/1574/177 4766/1705/188 4772/1595/193 4757/1575/180
f 4757/1581/180 4772/1601/193 4768/1600/190 4754/1578/178
f 4767/1708/189 4761/1703/184 4764/1587/186 4771/1709/192
f 4771/1709/192 4764/1587/186 4760/1586/183 4768/1600/190
f 4787/1718/207 4759/1701/182 4765/1702/187 4790/1617/210
f 4790/1617/210 4765/1704/187 4761/1703/184 4788/1719/208
f 4766/1705/188 4794/1720/213 4800/1722/219 4769/1706/191
f 4769/1710/191 4800/1722/219 4796/1723/215 4767/1708/189
f 4795/1627/214 4789/1622/209 4792/1621/211 4799/1628/218
f 4799/1628/218 4792/1621/211 4788/1719/208 4796/1723/215
f 4773/1711/194 4787/1718/207 4793/1619/212 4776/1603/197
f 4776/1603/197 4793/1619/212 4789/1622/209 4774/1606/195
f 4794/1720/213 4780/1715/201 4786/1612/206 4797/1624/216
f 4797/1624/216 4786/1612/206 4782/1615/203 4795/1627/214
f 4781/1613/370 4775/1714/196 4778/1607/199 4785/1717/205
f 4785/1717/205 4778/1607/199 4774/1606/195 4782/1615/203
f 4745/1692/169 4773/1711/194 4779/1713/200 4748/1693/172
f 4748/1696/172 4779/1713/200 4775/1714/196 4746/1695/170
f 4780/1715/201 4753/1574/177 4755/1700/179 4783/1610/204
f 4783/1610/204 4755/1698/179 4752/1697/176 4781/1613/370
f 4759/1701/182 4787/1718/207 4773/1711/194 4745/1692/169
f 4747/1566/171 4754/1578/178 4768/1600/190 4760/1586/183
f 4775/1714/196 4781/1613/370 4752/1697/176 4746/1695/170
f 4794/1720/213 4766/1705/188 4753/1574/177 4780/1715/201
f 4761/1703/184 4767/1708/189 4796/1723/215 4788/1719/208
f 4789/1622/209 4795/1627/214 4782/1615/203 4774/1606/195
f 4801/1630/371 4802/1631/372 4803/1632/373
f 4804/1633/374 4805/1634/375 4806/1635/376
f 4807/1636/377 4808/1637/378 4809/1638/379
f 4810/1639/380 4811/1640/381 4812/1641/382
f 4813/1642/383 4814/1643/384 4815/1644/385
f 4816/1645/386 4817/1646/387 4818/1647/388
f 4819/1648/389 4820/1724/390 4821/1650/391
f 4822/1651/392 4823/1652/393 4824/1653/394
f 4807/1636/377 4801/1630/371 4803/1632/373 4808/1637/378
f 4802/1654/372 4804/1655/374 4806/1656/376 4803/1657/373
f 4805/1658/375 4810/1639/380 4812/1641/382 4806/1656/376
f 4811/1640/381 4809/1659/379 4808/1660/378 4812/1641/382
f 4819/1648/389 4807/1636/377 4809/1638/379 4820/1724/390
f 4810/1639/380 4822/1651/392 4824/1653/394 4811/1640/381
f 4823/1652/393 4821/1650/391 4820/1724/390 4824/1653/394
f 4813/1642/383 4819/1648/389 4821/1650/391 4814/1643/384
f 4822/1651/392 4816/1645/386 4818/1647/388 4823/1652/393
f 4817/1646/387 4815/1644/385 4814/1643/384 4818/1647/388
f 4801/1630/371 4813/1642/383 4815/1644/385 4802/1631/372
f 4816/1645/386 4805/1634/375 4804/1633/374 4817/1646/387
f 4807/1636/377 4819/1648/389 4813/1642/383 4801/1630/371
f 4803/1657/373 4806/1656/376 4812/1641/382 4808/1660/378
f 4815/1644/385 4817/1646/387 4804/1633/374 4802/1661/372
f 4822/1651/392 4810/1662/380 4805/1663/375 4816/1645/386
f 4809/1659/379 4811/1640/381 4824/1653/394 4820/1724/390
f 4821/1650/391 4823/1652/393 4818/1647/388 4814/1643/384
f 4825/1725/169 4828/1726/172 4829/1727/239 4831/1728/175
f 4826/1729/170 4830/1730/174 4829/1731/239 4828/1732/172
f 4827/1733/171 4831/1734/175 4829/1735/239 4830/1736/174
f 4832/1737/176 4835/1738/179 4836/1739/157 4838/1740/181
f 4833/1741/177 4837/1742/180 4836/1743/157 4835/1744/179
f 4834/1745/178 4838/1746/181 4836/1747/157 4837/1748/180
f 4839/1749/182 4842/1750/185 4843/1751/352 4845/1752/187
f 4840/1753/183 4844/1754/186 4843/1755/352 4842/1756/185
f 4841/1757/184 4845/1758/187 4843/1755/352 4844/1754/186
f 4846/1759/188 4849/1760/191 4850/1761/158 4852/1762/193
f 4847/1763/189 4851/1764/192 4850/1765/158 4849/1766/191
f 4848/1767/190 4852/1768/193 4850/1765/158 4851/1764/192
f 4853/1769/194 4856/1770/197 4857/1771/241 4859/1772/200
f 4854/1773/195 4858/1774/199 4857/1771/241 4856/1770/197
f 4855/1775/196 4859/1772/200 4857/1771/241 4858/1774/199
f 4860/1776/201 4863/1777/204 4864/1778/160 4866/1779/206
f 4861/1780/202 4865/1781/205 4864/1778/160 4863/1777/204
f 4862/1782/203 4866/1779/206 4864/1778/160 4865/1781/205
f 4867/1783/207 4870/1784/210 4871/1785/161 4873/1786/212
f 4868/1787/208 4872/1788/211 4871/1785/161 4870/1784/210
f 4869/1789/209 4873/1786/212 4871/1785/161 4872/1788/211
f 4874/1790/213 4877/1791/216 4878/1792/162 4880/1793/219
f 4875/1794/214 4879/1795/218 4878/1792/162 4877/1791/216
f 4876/1796/215 4880/1793/219 4878/1792/162 4879/1795/218
f 4839/1749/182 4825/1725/169 4831/1728/175 4842/1750/185
f 4842/1756/185 4831/1734/175 4827/1733/171 4840/1753/183
f 4826/1729/170 4832/1737/176 4838/1740/181 4830/1730/174
f 4830/1736/174 4838/1746/181 4834/1745/178 4827/1733/171
f 4833/1741/177 4846/1759/188 4852/1762/193 4837/1742/180
f 4837/1748/180 4852/1768/193 4848/1767/190 4834/1745/178
f 4847/1763/189 4841/1757/184 4844/1754/186 4851/1764/192
f 4851/1764/192 4844/1754/186 4840/1753/183 4848/1767/190
f 4867/1783/207 4839/1749/182 4845/1752/187 4870/1784/210
f 4870/1784/210 4845/1758/187 4841/1757/184 4868/1787/208
f 4846/1759/188 4874/1790/213 4880/1793/219 4849/1760/191
f 4849/1766/191 4880/1793/219 4876/1796/215 4847/1763/189
f 4875/1794/214 4869/1789/209 4872/1788/211 4879/1795/218
f 4879/1795/218 4872/1788/211 4868/1787/208 4876/1796/215
f 4853/1769/194 4867/1783/207 4873/1786/212 4856/1770/197
f 4856/1770/197 4873/1786/212 4869/1789/209 4854/1773/195
f 4874/1790/213 4860/1776/201 4866/1779/206 4877/1791/216
f 4877/1791/216 4866/1779/206 4862/1782/203 4875/1794/214
f 4861/1780/202 4855/1775/196 4858/1774/199 4865/1781/205
f 4865/1781/205 4858/1774/199 4854/1773/195 4862/1782/203
f 4825/1725/169 4853/1769/194 4859/1772/200 4828/1726/172
f 4828/1732/172 4859/1772/200 4855/1775/196 4826/1729/170
f 4860/1776/201 4833/1741/177 4835/1744/179 4863/1777/204
f 4863/1777/204 4835/1738/179 4832/1737/176 4861/1780/202
f 4839/1749/182 4867/1783/207 4853/1769/194 4825/1725/169
f 4827/1733/171 4834/1745/178 4848/1767/190 4840/1753/183
f 4855/1775/196 4861/1780/202 4832/1737/176 4826/1729/170
f 4874/1790/213 4846/1759/188 4833/1741/177 4860/1776/201
f 4841/1757/184 4847/1763/189 4876/1796/215 4868/1787/208
f 4869/1789/209 4875/1794/214 4862/1782/203 4854/1773/195
f 4881/1797/169 4884/1798/172 4885/1799/153 4887/1800/175
f 4882/1801/170 4886/1802/174 4885/1803/153 4884/1804/172
f 4883/1805/171 4887/1806/175 4885/1807/153 4886/1808/174
f 4888/1809/176 4891/1810/179 4892/1811/154 4894/1812/181
f 4889/1813/177 4893/1814/180 4892/1815/154 4891/1816/179
f 4890/1817/178 4894/1818/181 4892/1819/154 4893/1820/180
f 4895/1821/182 4898/1822/185 4899/1823/164 4901/1824/187
f 4896/1825/183 4900/1826/186 4899/1827/164 4898/1828/185
f 4897/1829/184 4901/1830/187 4899/1827/164 4900/1826/186
f 4902/1831/188 4905/1832/191 4906/1833/165 4908/1834/193
f 4903/1835/189 4907/1836/192 4906/1837/165 4905/1838/191
f 4904/1839/190 4908/1840/193 4906/1837/165 4907/1836/192
f 4909/1841/194 4912/1842/197 4913/1843/235 4915/1844/200
f 4910/1845/195 4914/1846/199 4913/1843/235 4912/1842/197
f 4911/1847/196 4915/1844/200 4913/1843/235 4914/1846/199
f 4916/1848/201 4919/1849/204 4920/1850/155 4922/1851/206
f 4917/1852/202 4921/1853/205 4920/1850/155 4919/1849/204
f 4918/1854/203 4922/1851/206 4920/1850/155 4921/1853/205
f 4923/1855/207 4926/1856/210 4927/1857/222 4929/1858/212
f 4924/1859/208 4928/1860/211 4927/1857/222 4926/1856/210
f 4925/1861/209 4929/1858/212 4927/1857/222 4928/1860/211
f 4930/1862/213 4933/1863/216 4934/1864/217 4936/1865/219
f 4931/1866/214 4935/1867/218 4934/1864/217 4933/1863/216
f 4932/1868/215 4936/1865/219 4934/1864/217 4935/1867/218
f 4895/1821/182 4881/1797/169 4887/1800/175 4898/1822/185
f 4898/1828/185 4887/1806/175 4883/1805/171 4896/1825/183
f 4882/1801/170 4888/1809/176 4894/1812/181 4886/1802/174
f 4886/1808/174 4894/1818/181 4890/1817/178 4883/1805/171
f 4889/1813/177 4902/1831/188 4908/1834/193 4893/1814/180
f 4893/1820/180 4908/1840/193 4904/1839/190 4890/1817/178
f 4903/1835/189 4897/1829/184 4900/1826/186 4907/1836/192
f 4907/1836/192 4900/1826/186 4896/1825/183 4904/1839/190
f 4923/1855/207 4895/1821/182 4901/1824/187 4926/1856/210
f 4926/1856/210 4901/1830/187 4897/1829/184 4924/1859/208
f 4902/1831/188 4930/1862/213 4936/1865/219 4905/1832/191
f 4905/1838/191 4936/1865/219 4932/1868/215 4903/1835/189
f 4931/1866/214 4925/1861/209 4928/1860/211 4935/1867/218
f 4935/1867/218 4928/1860/211 4924/1859/208 4932/1868/215
f 4909/1841/194 4923/1855/207 4929/1858/212 4912/1842/197
f 4912/1842/197 4929/1858/212 4925/1861/209 4910/1845/195
f 4930/1862/213 4916/1848/201 4922/1851/206 4933/1863/216
f 4933/1863/216 4922/1851/206 4918/1854/203 4931/1866/214
f 4917/1852/202 4911/1847/196 4914/1846/199 4921/1853/205
f 4921/1853/205 4914/1846/199 4910/1845/195 4918/1854/203
f 4881/1797/169 4909/1841/194 4915/1844/200 4884/1798/172
f 4884/1804/172 4915/1844/200 4911/1847/196 4882/1801/170
f 4916/1848/201 4889/1813/177 4891/1816/179 4919/1849/204
f 4919/1849/204 4891/1810/179 4888/1809/176 4917/1852/202
f 4895/1821/182 4923/1855/207 4909/1841/194 4881/1797/169
f 4883/1805/171 4890/1817/178 4904/1839/190 4896/1825/183
f 4911/1847/196 4917/1852/202 4888/1809/176 4882/1801/170
f 4930/1862/213 4902/1831/188 4889/1813/177 4916/1848/201
f 4897/1829/184 4903/1835/189 4932/1868/215 4924/1859/208
f 4925/1861/209 4931/1866/214 4918/1854/203 4910/1845/195
f 4937/1869/169 4940/1870/172 4941/1799/243 4943/1800/175
f 4938/1871/170 4942/1802/174 4941/1872/243 4940/1873/172
f 4939/1805/171 4943/1806/175 4941/1807/243 4942/1808/174
f 4944/1874/176 4947/1810/179 4948/1811/224 4950/1812/181
f 4945/1875/177 4949/1814/180 4948/1815/224 4947/1816/179
f 4946/1817/178 4950/1818/181 4948/1819/224 4949/1820/180
f 4951/1821/182 4954/1822/185 4955/1823/164 4957/1876/187
f 4952/1825/183 4956/1826/186 4955/1877/164 4954/1828/185
f 4953/1878/184 4957/1879/187 4955/1877/164 4956/1826/186
f 4958/1831/188 4961/1880/191 4962/1833/165 4964/1834/193
f 4959/1881/189 4963/1836/192 4962/1837/165 4961/1838/191
f 4960/1839/190 4964/1840/193 4962/1837/165 4963/1836/192
f 4965/1882/194 4968/1842/197 4969/1843/235 4971/1883/200
f 4966/1845/195 4970/1846/199 4969/1843/235 4968/1842/197
f 4967/1884/196 4971/1883/200 4969/1843/235 4970/1846/199
f 4972/1885/201 4975/1886/204 4976/1887/155 4978/1851/206
f 4973/1888/202 4977/1853/205 4976/1887/155 4975/1886/204
f 4974/1854/203 4978/1851/206 4976/1887/155 4977/1853/205
f 4979/1889/207 4982/1890/210 4983/1891/167 4985/1858/212
f 4980/1892/208 4984/1860/211 4983/1891/167 4982/1890/210
f 4981/1861/209 4985/1858/212 4983/1891/167 4984/1860/211
f 4986/1893/213 4989/1863/216 4990/1864/217 4992/1865/219
f 4987/1866/214 4991/1867/218 4990/1864/217 4989/1863/216
f 4988/1894/215 4992/1865/219 4990/1864/217 4991/1867/218
f 4951/1821/182 4937/1869/169 4943/1800/175 4954/1822/185
f 4954/1828/185 4943/1806/175 4939/1805/171 4952/1825/183
f 4938/1871/170 4944/1874/176 4950/1812/181 4942/1802/174
f 4942/1808/174 4950/1818/181 4946/1817/178 4939/1805/171
f 4945/1875/177 4958/1831/188 4964/1834/193 4949/1814/180
f 4949/1820/180 4964/1840/193 4960/1839/190 4946/1817/178
f 4959/1881/189 4953/1878/184 4956/1826/186 4963/1836/192
f 4963/1836/192 4956/1826/186 4952/1825/183 4960/1839/190
f 4979/1889/207 4951/1821/182 4957/1876/187 4982/1890/210
f 4982/1890/210 4957/1879/187 4953/1878/184 4980/1892/208
f 4958/1831/188 4986/1893/213 4992/1865/219 4961/1880/191
f 4961/1838/191 4992/1865/219 4988/1894/215 4959/1881/189
f 4987/1866/214 4981/1861/209 4984/1860/211 4991/1867/218
f 4991/1867/218 4984/1860/211 4980/1892/208 4988/1894/215
f 4965/1882/194 4979/1889/207 4985/1858/212 4968/1842/197
f 4968/1842/197 4985/1858/212 4981/1861/209 4966/1845/195
f 4986/1893/213 4972/1885/201 4978/1851/206 4989/1863/216
f 4989/1863/216 4978/1851/206 4974/1854/203 4987/1866/214
f 4973/1888/202 4967/1884/196 4970/1846/199 4977/1853/205
f 4977/1853/205 4970/1846/199 4966/1845/195 4974/1854/203
f 4937/1869/169 4965/1882/194 4971/1883/200 4940/1870/172
f 4940/1873/172 4971/1883/200 4967/1884/196 4938/1871/170
f 4972/1885/201 4945/1875/177 4947/1816/179 4975/1886/204
f 4975/1886/204 4947/1810/179 4944/1874/176 4973/1888/202
f 4951/1821/182 4979/1889/207 4965/1882/194 4937/1869/169
f 4939/1805/171 4946/1817/178 4960/1839/190 4952/1825/183
f 4967/1884/196 4973/1888/202 4944/1874/176 4938/1871/170
f 4986/1893/213 4958/1831/188 4945/1875/177 4972/1885/201
f 4953/1878/184 4959/1881/189 4988/1894/215 4980/1892/208
f 4981/1861/209 4987/1866/214 4974/1854/203 4966/1845/195
f 4993/1895/169 4996/1870/172 4997/1799/153 4999/1800/175
f 4994/1801/170 4998/1802/174 4997/1872/153 4996/1873/172
f 4995/1805/171 4999/1806/175 4997/1807/153 4998/1808/174
f 5000/1874/176 5003/1810/179 5004/1811/154 5006/1812/181
f 5001/1896/177 5005/1814/180 5004/1815/154 5003/1897/179
f 5002/1817/178 5006/1818/181 5004/1819/154 5005/1820/180
f 5007/1898/182 5010/1822/185 5011/1823/164 5013/1899/187
f 5008/1825/183 5012/1826/186 5011/1877/164 5010/1828/185
f 5009/1900/184 5013/1879/187 5011/1877/164 5012/1826/186
f 5014/1831/188 5017/1880/191 5018/1833/165 5020/1834/193
f 5015/1901/189 5019/1902/192 5018/1837/165 5017/1903/191
f 5016/1839/190 5020/1840/193 5018/1837/165 5019/1902/192
f 5021/1904/194 5024/1842/197 5025/1843/235 5027/1844/200
f 5022/1845/195 5026/1846/199 5025/1843/235 5024/1842/197
f 5023/1905/196 5027/1844/200 5025/1843/235 5026/1846/199
f 5028/1906/201 5031/1907/204 5032/1887/155 5034/1851/206
f 5029/1908/202 5033/1853/205 5032/1887/155 5031/1907/204
f 5030/1854/203 5034/1851/206 5032/1887/155 5033/1853/205
f 5035/1909/207 5038/1890/210 5039/1891/123 5041/1858/212
f 5036/1892/208 5040/1860/211 5039/1891/123 5038/1890/210
f 5037/1861/209 5041/1858/212 5039/1891/123 5040/1860/211
f 5042/1910/213 5045/1863/216 5046/1864/168 5048/1865/219
f 5043/1866/214 5047/1867/218 5046/1864/168 5045/1863/216
f 5044/1911/215 5048/1865/219 5046/1864/168 5047/1867/218
f 5007/1898/182 4993/1895/169 4999/1800/175 5010/1822/185
f 5010/1828/185 4999/1806/175 4995/1805/171 5008/1825/183
f 4994/1801/170 5000/1874/176 5006/1812/181 4998/1802/174
f 4998/1808/174 5006/1818/181 5002/1817/178 4995/1805/171
f 5001/1896/177 5014/1831/188 5020/1834/193 5005/1814/180
f 5005/1820/180 5020/1840/193 5016/1839/190 5002/1817/178
f 5015/1901/189 5009/1900/184 5012/1826/186 5019/1902/192
f 5019/1902/192 5012/1826/186 5008/1825/183 5016/1839/190
f 5035/1909/207 5007/1898/182 5013/1899/187 5038/1890/210
f 5038/1890/210 5013/1879/187 5009/1900/184 5036/1892/208
f 5014/1831/188 5042/1910/213 5048/1865/219 5017/1880/191
f 5017/1903/191 5048/1865/219 5044/1911/215 5015/1901/189
f 5043/1866/214 5037/1861/209 5040/1860/211 5047/1867/218
f 5047/1867/218 5040/1860/211 5036/1892/208 5044/1911/215
f 5021/1904/194 5035/1909/207 5041/1858/212 5024/1842/197
f 5024/1842/197 5041/1858/212 5037/1861/209 5022/1845/195
f 5042/1910/213 5028/1906/201 5034/1851/206 5045/1863/216
f 5045/1863/216 5034/1851/206 5030/1854/203 5043/1866/214
f 5029/1908/202 5023/1905/196 5026/1846/199 5033/1853/205
f 5033/1853/205 5026/1846/199 5022/1845/195 5030/1854/203
f 4993/1895/169 5021/1904/194 5027/1844/200 4996/1870/172
f 4996/1873/172 5027/1844/200 5023/1905/196 4994/1801/170
f 5028/1906/201 5001/1896/177 5003/1897/179 5031/1907/204
f 5031/1907/204 5003/1810/179 5000/1874/176 5029/1908/202
f 5007/1898/182 5035/1909/207 5021/1904/194 4993/1895/169
f 4995/1805/171 5002/1817/178 5016/1839/190 5008/1825/183
f 5023/1905/196 5029/1908/202 5000/1874/176 4994/1801/170
f 5042/1910/213 5014/1831/188 5001/1896/177 5028/1906/201
f 5009/1900/184 5015/1901/189 5044/1911/215 5036/1892/208
f 5037/1861/209 5043/1866/214 5030/1854/203 5022/1845/195
f 5049/1912/169 5052/1870/172 5053/1913/156 5055/1800/175
f 5050/1801/170 5054/1802/174 5053/1872/156 5052/1873/172
f 5051/1805/171 5055/1806/175 5053/1807/156 5054/1808/174
f 5056/1914/176 5059/1810/179 5060/1811/223 5062/1812/181
f 5057/1813/177 5061/1814/180 5060/1815/223 5059/1897/179
f 5058/1817/178 5062/1818/181 5060/1819/223 5061/1820/180
f 5063/1915/182 5066/1822/185 5067/1823/164 5069/1899/187
f 5064/1825/183 5068/1826/186 5067/1877/164 5066/1828/185
f 5065/1900/184 5069/1879/187 5067/1877/164 5068/1826/186
f 5070/1916/188 5073/1880/191 5074/1917/165 5076/1834/193
f 5071/1835/189 5075/1902/192 5074/1837/165 5073/1903/191
f 5072/1839/190 5076/1840/193 5074/1837/165 5075/1902/192
f 5077/1882/194 5080/1842/197 5081/1843/235 5083/1844/200
f 5078/1845/195 5082/1846/199 5081/1843/235 5080/1842/197
f 5079/1905/196 5083/1844/200 5081/1843/235 5082/1846/199
f 5084/1885/201 5087/1907/204 5088/1850/155 5090/1851/206
f 5085/1888/202 5089/1853/205 5088/1850/155 5087/1907/204
f 5086/1854/203 5090/1851/206 5088/1850/155 5089/1853/205
f 5091/1855/207 5094/1890/210 5095/1918/167 5097/1858/212
f 5092/1892/208 5096/1860/211 5095/1918/167 5094/1890/210
f 5093/1861/209 5097/1858/212 5095/1918/167 5096/1860/211
f 5098/1893/213 5101/1863/216 5102/1864/217 5104/1865/219
f 5099/1866/214 5103/1867/218 5102/1864/217 5101/1863/216
f 5100/1894/215 5104/1865/219 5102/1864/217 5103/1867/218
f 5063/1915/182 5049/1912/169 5055/1800/175 5066/1822/185
f 5066/1828/185 5055/1806/175 5051/1805/171 5064/1825/183
f 5050/1801/170 5056/1914/176 5062/1812/181 5054/1802/174
f 5054/1808/174 5062/1818/181 5058/1817/178 5051/1805/171
f 5057/1813/177 5070/1916/188 5076/1834/193 5061/1814/180
f 5061/1820/180 5076/1840/193 5072/1839/190 5058/1817/178
f 5071/1835/189 5065/1900/184 5068/1826/186 5075/1902/192
f 5075/1902/192 5068/1826/186 5064/1825/183 5072/1839/190
f 5091/1855/207 5063/1915/182 5069/1899/187 5094/1890/210
f 5094/1890/210 5069/1879/187 5065/1900/184 5092/1892/208
f 5070/1916/188 5098/1893/213 5104/1865/219 5073/1880/191
f 5073/1903/191 5104/1865/219 5100/1894/215 5071/1835/189
f 5099/1866/214 5093/1861/209 5096/1860/211 5103/1867/218
f 5103/1867/218 5096/1860/211 5092/1892/208 5100/1894/215
f 5077/1882/194 5091/1855/207 5097/1858/212 5080/1842/197
f 5080/1842/197 5097/1858/212 5093/1861/209 5078/1845/195
f 5098/1893/213 5084/1885/201 5090/1851/206 5101/1863/216
f 5101/1863/216 5090/1851/206 5086/1854/203 5099/1866/214
f 5085/1888/202 5079/1905/196 5082/1846/199 5089/1853/205
f 5089/1853/205 5082/1846/199 5078/1845/195 5086/1854/203
f 5049/1912/169 5077/1882/194 5083/1844/200 5052/1870/172
f 5052/1873/172 5083/1844/200 5079/1905/196 5050/1801/170
f 5084/1885/201 5057/1813/177 5059/1897/179 5087/1907/204
f 5087/1907/204 5059/1810/179 5056/1914/176 5085/1888/202
f 5063/1915/182 5091/1855/207 5077/1882/194 5049/1912/169
f 5051/1805/171 5058/1817/178 5072/1839/190 5064/1825/183
f 5079/1905/196 5085/1888/202 5056/1914/176 5050/1801/170
f 5098/1893/213 5070/1916/188 5057/1813/177 5084/1885/201
f 5065/1900/184 5071/1835/189 5100/1894/215 5092/1892/208
f 5093/1861/209 5099/1866/214 5086/1854/203 5078/1845/195
f 5105/1919/169 5108/1920/172 5109/1913/153 5111/1800/175
f 5106/1801/170 5110/1802/174 5109/1872/153 5108/1873/172
f 5107/1805/171 5111/1806/175 5109/1807/153 5110/1808/174
f 5112/1874/176 5115/1810/179 5116/1811/154 5118/1812/181
f 5113/1896/177 5117/1814/180 5116/1815/154 5115/1897/179
f 5114/1817/178 5118/1818/181 5116/1819/154 5117/1820/180
f 5119/1898/182 5122/1822/185 5123/1823/164 5125/1899/187
f 5120/1825/183 5124/1826/186 5123/1877/164 5122/1828/185
f 5121/1878/184 5125/1879/187 5123/1877/164 5124/1826/186
f 5126/1916/188 5129/1880/191 5130/1917/165 5132/1834/193
f 5127/1921/189 5131/1902/192 5130/1837/165 5129/1903/191
f 5128/1839/190 5132/1840/193 5130/1837/165 5131/1902/192
f 5133/1922/194 5136/1842/197 5137/1843/235 5139/1844/200
f 5134/1845/195 5138/1846/199 5137/1843/235 5136/1842/197
f 5135/1923/196 5139/1844/200 5137/1843/235 5138/1846/199
f 5140/1924/201 5143/1907/204 5144/1850/155 5146/1851/206
f 5141/1852/202 5145/1853/205 5144/1850/155 5143/1907/204
f 5142/1854/203 5146/1851/206 5144/1850/155 5145/1853/205
f 5147/1925/207 5150/1890/210 5151/1918/222 5153/1858/212
f 5148/1926/208 5152/1860/211 5151/1918/222 5150/1890/210
f 5149/1861/209 5153/1858/212 5151/1918/222 5152/1860/211
f 5154/1862/213 5157/1863/216 5158/1864/217 5160/1927/219
f 5155/1866/214 5159/1867/218 5158/1864/217 5157/1863/216
f 5156/1868/215 5160/1927/219 5158/1864/217 5159/1867/218
f 5119/1898/182 5105/1919/169 5111/1800/175 5122/1822/185
f 5122/1828/185 5111/1806/175 5107/1805/171 5120/1825/183
f 5106/1801/170 5112/1874/176 5118/1812/181 5110/1802/174
f 5110/1808/174 5118/1818/181 5114/1817/178 5107/1805/171
f 5113/1896/177 5126/1916/188 5132/1834/193 5117/1814/180
f 5117/1820/180 5132/1840/193 5128/1839/190 5114/1817/178
f 5127/1921/189 5121/1878/184 5124/1826/186 5131/1902/192
f 5131/1902/192 5124/1826/186 5120/1825/183 5128/1839/190
f 5147/1925/207 5119/1898/182 5125/1899/187 5150/1890/210
f 5150/1890/210 5125/1879/187 5121/1878/184 5148/1926/208
f 5126/1916/188 5154/1862/213 5160/1927/219 5129/1880/191
f 5129/1903/191 5160/1927/219 5156/1868/215 5127/1921/189
f 5155/1866/214 5149/1861/209 5152/1860/211 5159/1867/218
f 5159/1867/218 5152/1860/211 5148/1926/208 5156/1868/215
f 5133/1922/194 5147/1925/207 5153/1858/212 5136/1842/197
f 5136/1842/197 5153/1858/212 5149/1861/209 5134/1845/195
f 5154/1862/213 5140/1924/201 5146/1851/206 5157/1863/216
f 5157/1863/216 5146/1851/206 5142/1854/203 5155/1866/214
f 5141/1852/202 5135/1923/196 5138/1846/199 5145/1853/205
f 5145/1853/205 5138/1846/199 5134/1845/195 5142/1854/203
f 5105/1919/169 5133/1922/194 5139/1844/200 5108/1920/172
f 5108/1873/172 5139/1844/200 5135/1923/196 5106/1801/170
f 5140/1924/201 5113/1896/177 5115/1897/179 5143/1907/204
f 5143/1907/204 5115/1810/179 5112/1874/176 5141/1852/202
f 5119/1898/182 5147/1925/207 5133/1922/194 5105/1919/169
f 5107/1805/171 5114/1817/178 5128/1839/190 5120/1825/183
f 5135/1923/196 5141/1852/202 5112/1874/176 5106/1801/170
f 5154/1862/213 5126/1916/188 5113/1896/177 5140/1924/201
f 5121/1878/184 5127/1921/189 5156/1868/215 5148/1926/208
f 5149/1861/209 5155/1866/214 5142/1854/203 5134/1845/195
f 5161/1797/169 5164/1798/172 5165/1799/153 5167/1800/175
f 5162/1801/170 5166/1802/174 5165/1803/153 5164/1804/172
f 5163/1805/171 5167/1806/175 5165/1807/153 5166/1808/174
f 5168/1809/176 5171/1810/179 5172/1811/224 5174/1812/181
f 5169/1813/177 5173/1814/180 5172/1815/224 5171/1816/179
f 5170/1817/178 5174/1818/181 5172/1819/224 5173/1820/180
f 5175/1821/182 5178/1822/185 5179/1823/164 5181/1876/187
f 5176/1825/183 5180/1826/186 5179/1877/164 5178/1828/185
f 5177/1829/184 5181/1928/187 5179/1877/164 5180/1826/186
f 5182/1831/188 5185/1832/191 5186/1833/165 5188/1834/193
f 5183/1835/189 5187/1836/192 5186/1837/165 5185/1838/191
f 5184/1839/190 5188/1840/193 5186/1837/165 5187/1836/192
f 5189/1841/194 5192/1842/197 5193/1843/159 5195/1929/200
f 5190/1845/195 5194/1846/199 5193/1843/159 5192/1842/197
f 5191/1847/196 5195/1929/200 5193/1843/159 5194/1846/199
f 5196/1848/201 5199/1849/204 5200/1850/155 5202/1851/206
f 5197/1852/202 5201/1853/205 5200/1850/155 5199/1849/204
f 5198/1854/203 5202/1851/206 5200/1850/155 5201/1853/205
f 5203/1855/207 5206/1856/210 5207/1857/222 5209/1858/212
f 5204/1859/208 5208/1860/211 5207/1857/222 5206/1856/210
f 5205/1861/209 5209/1858/212 5207/1857/222 5208/1860/211
f 5210/1862/213 5213/1863/216 5214/1864/217 5216/1930/219
f 5211/1866/214 5215/1867/218 5214/1864/217 5213/1863/216
f 5212/1868/215 5216/1930/219 5214/1864/217 5215/1867/218
f 5175/1821/182 5161/1797/169 5167/1800/175 5178/1822/185
f 5178/1828/185 5167/1806/175 5163/1805/171 5176/1825/183
f 5162/1801/170 5168/1809/176 5174/1812/181 5166/1802/174
f 5166/1808/174 5174/1818/181 5170/1817/178 5163/1805/171
f 5169/1813/177 5182/1831/188 5188/1834/193 5173/1814/180
f 5173/1820/180 5188/1840/193 5184/1839/190 5170/1817/178
f 5183/1835/189 5177/1829/184 5180/1826/186 5187/1836/192
f 5187/1836/192 5180/1826/186 5176/1825/183 5184/1839/190
f 5203/1855/207 5175/1821/182 5181/1876/187 5206/1856/210
f 5206/1856/210 5181/1928/187 5177/1829/184 5204/1859/208
f 5182/1831/188 5210/1862/213 5216/1930/219 5185/1832/191
f 5185/1838/191 5216/1930/219 5212/1868/215 5183/1835/189
f 5211/1866/214 5205/1861/209 5208/1860/211 5215/1867/218
f 5215/1867/218 5208/1860/211 5204/1859/208 5212/1868/215
f 5189/1841/194 5203/1855/207 5209/1858/212 5192/1842/197
f 5192/1842/197 5209/1858/212 5205/1861/209 5190/1845/195
f 5210/1862/213 5196/1848/201 5202/1851/206 5213/1863/216
f 5213/1863/216 5202/1851/206 5198/1854/203 5211/1866/214
f 5197/1852/202 5191/1847/196 5194/1846/199 5201/1853/205
f 5201/1853/205 5194/1846/199 5190/1845/195 5198/1854/203
f 5161/1797/169 5189/1841/194 5195/1929/200 5164/1798/172
f 5164/1804/172 5195/1929/200 5191/1847/196 5162/1801/170
f 5196/1848/201 5169/1813/177 5171/1816/179 5199/1849/204
f 5199/1849/204 5171/1810/179 5168/1809/176 5197/1852/202
f 5175/1821/182 5203/1855/207 5189/1841/194 5161/1797/169
f 5163/1805/171 5170/1817/178 5184/1839/190 5176/1825/183
f 5191/1847/196 5197/1852/202 5168/1809/176 5162/1801/170
f 5210/1862/213 5182/1831/188 5169/1813/177 5196/1848/201
f 5177/1829/184 5183/1835/189 5212/1868/215 5204/1859/208
f 5205/1861/209 5211/1866/214 5198/1854/203 5190/1845/195
f 5217/1931/371 5218/1932/372 5219/1933/373
f 5220/1934/374 5221/1935/375 5222/1936/376
f 5223/1937/377 5224/1938/378 5225/1939/379
f 5226/1940/380 5227/1941/381 5228/1942/382
f 5229/1943/383 5230/1944/384 5231/1945/385
f 5232/1946/386 5233/1947/387 5234/1948/388
f 5235/1949/389 5236/1950/390 5237/1951/391
f 5238/1952/392 5239/1953/393 5240/1954/394
f 5223/1937/377 5217/1931/371 5219/1933/373 5224/1938/378
f 5218/1955/372 5220/1956/374 5222/1957/376 5219/1958/373
f 5221/1959/375 5226/1940/380 5228/1942/382 5222/1957/376
f 5227/1941/381 5225/1960/379 5224/1961/378 5228/1942/382
f 5235/1949/389 5223/1937/377 5225/1939/379 5236/1950/390
f 5226/1940/380 5238/1952/392 5240/1954/394 5227/1941/381
f 5239/1953/393 5237/1951/391 5236/1950/390 5240/1954/394
f 5229/1943/383 5235/1949/389 5237/1951/391 5230/1944/384
f 5238/1952/392 5232/1946/386 5234/1948/388 5239/1953/393
f 5233/1947/387 5231/1945/385 5230/1944/384 5234/1948/388
f 5217/1931/371 5229/1943/383 5231/1945/385 5218/1932/372
f 5232/1946/386 5221/1935/375 5220/1934/374 5233/1947/387
f 5223/1937/377 5235/1949/389 5229/1943/383 5217/1931/371
f 5219/1958/373 5222/1957/376 5228/1942/382 5224/1961/378
f 5231/1945/385 5233/1947/387 5220/1934/374 5218/1962/372
f 5238/1952/392 5226/1963/380 5221/1964/375 5232/1946/386
f 5225/1960/379 5227/1941/381 5240/1954/394 5236/1950/390
f 5237/1951/391 5239/1953/393 5234/1948/388 5230/1944/384
f 5241/1931/371 5242/1932/372 5243/1933/373
f 5244/1934/374 5245/1935/375 5246/1936/376
f 5247/1937/377 5248/1938/378 5249/1939/379
f 5250/1940/380 5251/1941/381 5252/1942/382
f 5253/1943/383 5254/1944/384 5255/1945/385
f 5256/1946/386 5257/1947/387 5258/1948/388
f 5259/1949/389 5260/1965/390 5261/1951/391
f 5262/1952/392 5263/1953/393 5264/1954/394
f 5247/1937/377 5241/1931/371 5243/1933/373 5248/1938/378
f 5242/1955/372 5244/1956/374 5246/1957/376 5243/1958/373
f 5245/1959/375 5250/1940/380 5252/1942/382 5246/1957/376
f 5251/1941/381 5249/1960/379 5248/1961/378 5252/1942/382
f 5259/1949/389 5247/1937/377 5249/1939/379 5260/1965/390
f 5250/1940/380 5262/1952/392 5264/1954/394 5251/1941/381
f 5263/1953/393 5261/1951/391 5260/1965/390 5264/1954/394
f 5253/1943/383 5259/1949/389 5261/1951/391 5254/1944/384
f 5262/1952/392 5256/1946/386 5258/1948/388 5263/1953/393
f 5257/1947/387 5255/1945/385 5254/1944/384 5258/1948/388
f 5241/1931/371 5253/1943/383 5255/1945/385 5242/1932/372
f 5256/1946/386 5245/1935/375 5244/1934/374 5257/1947/387
f 5247/1937/377 5259/1949/389 5253/1943/383 5241/1931/371
f 5243/1958/373 5246/1957/376 5252/1942/382 5248/1961/378
f 5255/1945/385 5257/1947/387 5244/1934/374 5242/1962/372
f 5262/1952/392 5250/1963/380 5245/1964/375 5256/1946/386
f 5249/1960/379 5251/1941/381 5264/1954/394 5260/1965/390
f 5261/1951/391 5263/1953/393 5258/1948/388 5254/1944/384
f 5265/1931/371 5266/1932/372 5267/1933/373
f 5268/1934/374 5269/1935/375 5270/1936/376
f 5271/1937/377 5272/1938/378 5273/1939/379
f 5274/1940/380 5275/1941/381 5276/1966/382
f 5277/1943/383 5278/1944/384 5279/1945/385
f 5280/1946/386 5281/1947/387 5282/1948/388
f 5283/1949/389 5284/1965/390 5285/1951/391
f 5286/1952/392 5287/1953/393 5288/1954/394
f 5271/1937/377 5265/1931/371 5267/1933/373 5272/1938/378
f 5266/1955/372 5268/1956/374 5270/1957/376 5267/1958/373
f 5269/1959/375 5274/1940/380 5276/1966/382 5270/1957/376
f 5275/1941/381 5273/1960/379 5272/1961/378 5276/1966/382
f 5283/1949/389 5271/1937/377 5273/1939/379 5284/1965/390
f 5274/1940/380 5286/1952/392 5288/1954/394 5275/1941/381
f 5287/1953/393 5285/1951/391 5284/1965/390 5288/1954/394
f 5277/1943/383 5283/1949/389 5285/1951/391 5278/1944/384
f 5286/1952/392 5280/1946/386 5282/1948/388 5287/1953/393
f 5281/1947/387 5279/1945/385 5278/1944/384 5282/1948/388
f 5265/1931/371 5277/1943/383 5279/1945/385 5266/1932/372
f 5280/1946/386 5269/1935/375 5268/1934/374 5281/1947/387
f 5271/1937/377 5283/1949/389 5277/1943/383 5265/1931/371
f 5267/1958/373 5270/1957/376 5276/1966/382 5272/1961/378
f 5279/1945/385 5281/1947/387 5268/1934/374 5266/1962/372
f 5286/1952/392 5274/1963/380 5269/1964/375 5280/1946/386
f 5273/1960/379 5275/1941/381 5288/1954/394 5284/1965/390
f 5285/1951/391 5287/1953/393 5282/1948/388 5278/1944/384
f 5289/1931/371 5290/1932/372 5291/1933/373
f 5292/1934/374 5293/1935/375 5294/1936/376
f 5295/1937/377 5296/1938/378 5297/1939/379
f 5298/1940/380 5299/1941/381 5300/1942/382
f 5301/1943/383 5302/1944/384 5303/1945/385
f 5304/1946/386 5305/1947/387 5306/1948/388
f 5307/1949/389 5308/1950/390 5309/1951/391
f 5310/1952/392 5311/1953/393 5312/1954/394
f 5295/1937/377 5289/1931/371 5291/1933/373 5296/1938/378
f 5290/1955/372 5292/1956/374 5294/1957/376 5291/1958/373
f 5293/1959/375 5298/1940/380 5300/1942/382 5294/1957/376
f 5299/1941/381 5297/1960/379 5296/1961/378 5300/1942/382
f 5307/1949/389 5295/1937/377 5297/1939/379 5308/1950/390
f 5298/1940/380 5310/1952/392 5312/1954/394 5299/1941/381
f 5311/1953/393 5309/1951/391 5308/1950/390 5312/1954/394
f 5301/1943/383 5307/1949/389 5309/1951/391 5302/1944/384
f 5310/1952/392 5304/1946/386 5306/1948/388 5311/1953/393
f 5305/1947/387 5303/1945/385 5302/1944/384 5306/1948/388
f 5289/1931/371 5301/1943/383 5303/1945/385 5290/1932/372
f 5304/1946/386 5293/1935/375 5292/1934/374 5305/1947/387
f 5295/1937/377 5307/1949/389 5301/1943/383 5289/1931/371
f 5291/1958/373 5294/1957/376 5300/1942/382 5296/1961/378
f 5303/1945/385 5305/1947/387 5292/1934/374 5290/1962/372
f 5310/1952/392 5298/1963/380 5293/1964/375 5304/1946/386
f 5297/1960/379 5299/1941/381 5312/1954/394 5308/1950/390
f 5309/1951/391 5311/1953/393 5306/1948/388 5302/1944/384
f 5313/1931/371 5314/1932/372 5315/1933/373
f 5316/1934/374 5317/1935/375 5318/1936/376
f 5319/1937/377 5320/1938/378 5321/1939/379
f 5322/1940/380 5323/1941/381 5324/1942/382
f 5325/1943/383 5326/1944/384 5327/1945/385
f 5328/1946/386 5329/1947/387 5330/1948/388
f 5331/1949/389 5332/1950/390 5333/1951/391
f 5334/1952/392 5335/1953/393 5336/1954/394
f 5319/1937/377 5313/1931/371 5315/1933/373 5320/1938/378
f 5314/1955/372 5316/1956/374 5318/1957/376 5315/1958/373
f 5317/1959/375 5322/1940/380 5324/1942/382 5318/1957/376
f 5323/1941/381 5321/1960/379 5320/1961/378 5324/1942/382
f 5331/1949/389 5319/1937/377 5321/1939/379 5332/1950/390
f 5322/1940/380 5334/1952/392 5336/1954/394 5323/1941/381
f 5335/1953/393 5333/1951/391 5332/1950/390 5336/1954/394
f 5325/1943/383 5331/1949/389 5333/1951/391 5326/1944/384
f 5334/1952/392 5328/1946/386 5330/1948/388 5335/1953/393
f 5329/1947/387 5327/1945/385 5326/1944/384 5330/1948/388
f 5313/1931/371 5325/1943/383 5327/1945/385 5314/1932/372
f 5328/1946/386 5317/1935/375 5316/1934/374 5329/1947/387
f 5319/1937/377 5331/1949/389 5325/1943/383 5313/1931/371
f 5315/1958/373 5318/1957/376 5324/1942/382 5320/1961/378
f 5327/1945/385 5329/1947/387 5316/1934/374 5314/1962/372
f 5334/1952/392 5322/1963/380 5317/1964/375 5328/1946/386
f 5321/1960/379 5323/1941/381 5336/1954/394 5332/1950/390
f 5333/1951/391 5335/1953/393 5330/1948/388 5326/1944/384
f 5337/1931/371 5338/1932/372 5339/1933/373
f 5340/1934/374 5341/1935/375 5342/1936/376
f 5343/1937/377 5344/1938/378 5345/1939/379
f 5346/1940/380 5347/1941/381 5348/1942/382
f 5349/1943/383 5350/1944/384 5351/1945/385
f 5352/1946/386 5353/1947/387 5354/1948/388
f 5355/1949/389 5356/1950/390 5357/1951/391
f 5358/1952/392 5359/1953/393 5360/1954/394
f 5343/1937/377 5337/1931/371 5339/1933/373 5344/1938/378
f 5338/1955/372 5340/1956/374 5342/1957/376 5339/1958/373
f 5341/1959/375 5346/1940/380 5348/1942/382 5342/1957/376
f 5347/1941/381 5345/1960/379 5344/1961/378 5348/1942/382
f 5355/1949/389 5343/1937/377 5345/1939/379 5356/1950/390
f 5346/1940/380 5358/1952/392 5360/1954/394 5347/1941/381
f 5359/1953/393 5357/1951/391 5356/1950/390 5360/1954/394
f 5349/1943/383 5355/1949/389 5357/1951/391 5350/1944/384
f 5358/1952/392 5352/1946/386 5354/1948/388 5359/1953/393
f 5353/1947/387 5351/1945/385 5350/1944/384 5354/1948/388
f 5337/1931/371 5349/1943/383 5351/1945/385 5338/1932/372
f 5352/1946/386 5341/1935/375 5340/1934/374 5353/1947/387
f 5343/1937/377 5355/1949/389 5349/1943/383 5337/1931/371
f 5339/1958/373 5342/1957/376 5348/1942/382 5344/1961/378
f 5351/1945/385 5353/1947/387 5340/1934/374 5338/1962/372
f 5358/1952/392 5346/1963/380 5341/1964/375 5352/1946/386
f 5345/1960/379 5347/1941/381 5360/1954/394 5356/1950/390
f 5357/1951/391 5359/1953/393 5354/1948/388 5350/1944/384
f 5361/1931/371 5362/1932/372 5363/1933/373
f 5364/1934/374 5365/1935/375 5366/1936/376
f 5367/1937/377 5368/1938/378 5369/1939/379
f 5370/1940/380 5371/1941/381 5372/1942/382
f 5373/1943/383 5374/1944/384 5375/1945/385
f 5376/1946/386 5377/1947/387 5378/1948/388
f 5379/1949/389 5380/1965/390 5381/1951/391
f 5382/1952/392 5383/1953/393 5384/1954/394
f 5367/1937/377 5361/1931/371 5363/1933/373 5368/1938/378
f 5362/1955/372 5364/1956/374 5366/1957/376 5363/1958/373
f 5365/1959/375 5370/1940/380 5372/1942/382 5366/1957/376
f 5371/1941/381 5369/1960/379 5368/1961/378 5372/1942/382
f 5379/1949/389 5367/1937/377 5369/1939/379 5380/1965/390
f 5370/1940/380 5382/1952/392 5384/1954/394 5371/1941/381
f 5383/1953/393 5381/1951/391 5380/1965/390 5384/1954/394
f 5373/1943/383 5379/1949/389 5381/1951/391 5374/1944/384
f 5382/1952/392 5376/1946/386 5378/1948/388 5383/1953/393
f 5377/1947/387 5375/1945/385 5374/1944/384 5378/1948/388
f 5361/1931/371 5373/1943/383 5375/1945/385 5362/1932/372
f 5376/1946/386 5365/1935/375 5364/1934/374 5377/1947/387
f 5367/1937/377 5379/1949/389 5373/1943/383 5361/1931/371
f 5363/1958/373 5366/1957/376 5372/1942/382 5368/1961/378
f 5375/1945/385 5377/1947/387 5364/1934/374 5362/1962/372
f 5382/1952/392 5370/1963/380 5365/1964/375 5376/1946/386
f 5369/1960/379 5371/1941/381 5384/1954/394 5380/1965/390
f 5381/1951/391 5383/1953/393 5378/1948/388 5374/1944/384
f 5385/1931/371 5386/1932/372 5387/1933/373
f 5388/1934/374 5389/1935/375 5390/1936/376
f 5391/1937/377 5392/1938/378 5393/1939/379
f 5394/1940/380 5395/1941/381 5396/1942/382
f 5397/1943/383 5398/1944/384 5399/1945/385
f 5400/1946/386 5401/1947/387 5402/1948/388
f 5403/1949/389 5404/1965/390 5405/1951/391
f 5406/1952/392 5407/1953/393 5408/1954/394
f 5391/1937/377 5385/1931/371 5387/1933/373 5392/1938/378
f 5386/1955/372 5388/1956/374 5390/1957/376 5387/1958/373
f 5389/1959/375 5394/1940/380 5396/1942/382 5390/1957/376
f 5395/1941/381 5393/1960/379 5392/1961/378 5396/1942/382
f 5403/1949/389 5391/1937/377 5393/1939/379 5404/1965/390
f 5394/1940/380 5406/1952/392 5408/1954/394 5395/1941/381
f 5407/1953/393 5405/1951/391 5404/1965/390 5408/1954/394
f 5397/1943/383 5403/1949/389 5405/1951/391 5398/1944/384
f 5406/1952/392 5400/1946/386 5402/1948/388 5407/1953/393
f 5401/1947/387 5399/1945/385 5398/1944/384 5402/1948/388
f 5385/1931/371 5397/1943/383 5399/1945/385 5386/1932/372
f 5400/1946/386 5389/1935/375 5388/1934/374 5401/1947/387
f 5391/1937/377 5403/1949/389 5397/1943/383 5385/1931/371
f 5387/1958/373 5390/1957/376 5396/1942/382 5392/1961/378
f 5399/1945/385 5401/1947/387 5388/1934/374 5386/1962/372
f 5406/1952/392 5394/1963/380 5389/1964/375 5400/1946/386
f 5393/1960/379 5395/1941/381 5408/1954/394 5404/1965/390
f 5405/1951/391 5407/1953/393 5402/1948/388 5398/1944/384
f 5409/1967/407 5412/1968/410 5414/1969/412 5413/1970/411
f 5412/1968/410 5416/1971/414 5417/1972/415 5414/1969/412
f 5410/1973/408 5415/1974/413 5417/1975/415 5416/1976/414
f 5415/1974/413 5419/1977/417 5420/1978/418 5417/1975/415
f 5411/1979/409 5418/1980/416 5420/1981/418 5419/1982/417
f 5418/1983/416 5413/1970/411 5414/1969/412 5420/1984/418
f 5414/1969/412 5417/1972/415 5420/1984/418
f 5421/1985/419 5424/1986/422 5426/1987/424 5425/1988/423
f 5424/1986/422 5428/1989/426 5429/1990/427 5426/1987/424
f 5422/1991/420 5427/1992/425 5429/1993/427 5428/1994/426
f 5427/1995/425 5431/1996/429 5432/1997/430 5429/1998/427
f 5423/1999/421 5430/2000/428 5432/1997/430 5431/1996/429
f 5430/2001/428 5425/1988/423 5426/1987/424 5432/2002/430
f 5426/1987/424 5429/1990/427 5432/2002/430
f 5433/2003/431 5436/2004/434 5438/2005/436 5437/2006/435
f 5436/2004/434 5440/2007/438 5441/2008/439 5438/2005/436
f 5434/2009/432 5439/2010/437 5441/2011/439 5440/2012/438
f 5439/2010/437 5443/2013/441 5444/2014/442 5441/2011/439
f 5435/2015/433 5442/2016/440 5444/2014/442 5443/2013/441
f 5442/2017/440 5437/2006/435 5438/2005/436 5444/2018/442
f 5438/2005/436 5441/2008/439 5444/2018/442
f 5445/2019/443 5448/2020/446 5450/2021/448 5449/2022/447
f 5448/2023/446 5452/2024/450 5453/2025/451 5450/2026/448
f 5446/2027/444 5451/2028/449 5453/2025/451 5452/2024/450
f 5451/2028/449 5455/2029/453 5456/2030/454 5453/2025/451
f 5447/2031/445 5454/2032/452 5456/2030/454 5455/2029/453
f 5454/2032/452 5449/2033/447 5450/2026/448 5456/2030/454
f 5450/2026/448 5453/2025/451 5456/2030/454
f 5457/2034/455 5460/2035/458 5462/2036/460 5461/2037/459
f 5460/2035/458 5464/2038/462 5465/2039/463 5462/2036/460
f 5458/2040/456 5463/2041/461 5465/2039/463 5464/2038/462
f 5463/2041/461 5467/2042/465 5468/2043/466 5465/2039/463
f 5459/2044/457 5466/2045/464 5468/2043/466 5467/2042/465
f 5466/2045/464 5461/2037/459 5462/2036/460 5468/2043/466
f 5462/2036/460 5465/2039/463 5468/2043/466
f 5469/2046/467 5472/2047/470 5474/2048/472 5473/2049/471
f 5472/2047/470 5476/2050/474 5477/2051/475 5474/2048/472
f 5470/2052/468 5475/2053/473 5477/2051/475 5476/2050/474
f 5475/2053/473 5479/2054/477 5480/2055/478 5477/2051/475
f 5471/2056/469 5478/2057/476 5480/2055/478 5479/2054/477
f 5478/2057/476 5473/2049/471 5474/2048/472 5480/2055/478
f 5474/2048/472 5477/2051/475 5480/2055/478
f 5481/2058/479 5484/2059/482 5486/2060/484 5485/2061/483
f 5484/2059/482 5488/2062/486 5489/2063/487 5486/2060/484
f 5482/2064/480 5487/2065/485 5489/2063/487 5488/2062/486
f 5487/2065/485 5491/2066/489 5492/2067/490 5489/2063/487
f 5483/2068/481 5490/2069/488 5492/2067/490 5491/2066/489
f 5490/2069/488 5485/2061/483 5486/2060/484 5492/2067/490
f 5486/2060/484 5489/2063/487 5492/2067/490
f 5493/2070/491 5496/2071/494 5498/2072/496 5497/2073/495
f 5496/2071/494 5500/2074/498 5501/2075/499 5498/2072/496
f 5494/2076/492 5499/2077/497 5501/2075/499 5500/2074/498
f 5499/2077/497 5503/2078/501 5504/2079/502 5501/2075/499
f 5495/2080/493 5502/2081/500 5504/2079/502 5503/2078/501
f 5502/2081/500 5497/2073/495 5498/2072/496 5504/2079/502
f 5498/2072/496 5501/2075/499 5504/2079/502
f 5433/2003/431 5409/1967/407 5413/1970/411 5436/2004/434
f 5436/2004/434 5413/1970/411 5418/1983/416 5440/2007/438
f 5440/2012/438 5418/1980/416 5411/1979/409 5434/2009/432
f 5410/1973/408 5421/1985/419 5425/1988/423 5415/1974/413
f 5415/1974/413 5425/1988/423 5430/2001/428 5419/1977/417
f 5419/1982/417 5430/2000/428 5423/1999/421 5411/1979/409
f 5422/1991/420 5445/2019/443 5449/2022/447 5427/1992/425
f 5427/1995/425 5449/2033/447 5454/2032/452 5431/1996/429
f 5431/1996/429 5454/2032/452 5447/2031/445 5423/1999/421
f 5446/2027/444 5435/2015/433 5443/2013/441 5451/2028/449
f 5451/2028/449 5443/2013/441 5439/2010/437 5455/2029/453
f 5455/2029/453 5439/2010/437 5434/2009/432 5447/2031/445
f 5481/2058/479 5433/2003/431 5437/2006/435 5484/2059/482
f 5484/2059/482 5437/2006/435 5442/2017/440 5488/2062/486
f 5488/2062/486 5442/2016/440 5435/2015/433 5482/2064/480
f 5445/2019/443 5493/2070/491 5497/2073/495 5448/2020/446
f 5448/2023/446 5497/2073/495 5502/2081/500 5452/2024/450
f 5452/2024/450 5502/2081/500 5495/2080/493 5446/2027/444
f 5494/2076/492 5483/2068/481 5491/2066/489 5499/2077/497
f 5499/2077/497 5491/2066/489 5487/2065/485 5503/2078/501
f 5503/2078/501 5487/2065/485 5482/2064/480 5495/2080/493
f 5457/2034/455 5481/2058/479 5485/2061/483 5460/2035/458
f 5460/2035/458 5485/2061/483 5490/2069/488 5464/2038/462
f 5464/2038/462 5490/2069/488 5483/2068/481 5458/2040/456
f 5493/2070/491 5469/2046/467 5473/2049/471 5496/2071/494
f 5496/2071/494 5473/2049/471 5478/2057/476 5500/2074/498
f 5500/2074/498 5478/2057/476 5471/2056/469 5494/2076/492
f 5470/2052/468 5459/2044/457 5467/2042/465 5475/2053/473
f 5475/2053/473 5467/2042/465 5463/2041/461 5479/2054/477
f 5479/2054/477 5463/2041/461 5458/2040/456 5471/2056/469
f 5409/1967/407 5457/2034/455 5461/2037/459 5412/1968/410
f 5412/1968/410 5461/2037/459 5466/2045/464 5416/1971/414
f 5416/1976/414 5466/2045/464 5459/2044/457 5410/1973/408
f 5469/2046/467 5422/1991/420 5428/1994/426 5472/2047/470
f 5472/2047/470 5428/1989/426 5424/1986/422 5476/2050/474
f 5476/2050/474 5424/1986/422 5421/1985/419 5470/2052/468
f 5433/2003/431 5481/2058/479 5457/2034/455 5409/1967/407
f 5411/1979/409 5423/1999/421 5447/2031/445 5434/2009/432
f 5459/2044/457 5470/2052/468 5421/1985/419 5410/1973/408
f 5493/2070/491 5445/2019/443 5422/1991/420 5469/2046/467
f 5435/2015/433 5446/2027/444 5495/2080/493 5482/2064/480
f 5483/2068/481 5494/2076/492 5471/2056/469 5458/2040/456
f 5505/2082/169 5508/2083/172 5509/2084/156 5511/2085/175
f 5506/2086/170 5510/2087/174 5509/2088/156 5508/2089/172
f 5507/2090/171 5511/2091/175 5509/2092/156 5510/2093/174
f 5512/2094/176 5515/2095/179 5516/2096/163 5518/2097/181
f 5513/2098/177 5517/2099/180 5516/2100/163 5515/2101/179
f 5514/2102/178 5518/2103/181 5516/2104/163 5517/2105/180
f 5519/2106/182 5522/2107/185 5523/2108/503 5525/2109/187
f 5520/2110/183 5524/2111/186 5523/2112/503 5522/2113/185
f 5521/2114/184 5525/2115/187 5523/2112/503 5524/2111/186
f 5526/2116/188 5529/2117/191 5530/2118/237 5532/2119/193
f 5527/2120/189 5531/2121/192 5530/2122/237 5529/2123/191
f 5528/2124/190 5532/2125/193 5530/2122/237 5531/2121/192
f 5533/2126/194 5536/2127/197 5537/2128/159 5539/2129/200
f 5534/2130/195 5538/2131/199 5537/2128/159 5536/2127/197
f 5535/2132/196 5539/2129/200 5537/2128/159 5538/2131/199
f 5540/2133/201 5543/2134/204 5544/2135/166 5546/2136/206
f 5541/2137/202 5545/2138/205 5544/2135/166 5543/2134/204
f 5542/2139/203 5546/2136/206 5544/2135/166 5545/2138/205
f 5547/2140/207 5550/2141/210 5551/2142/123 5553/2143/212
f 5548/2144/208 5552/2145/211 5551/2142/123 5550/2141/210
f 5549/2146/209 5553/2143/212 5551/2142/123 5552/2145/211
f 5554/2147/213 5557/2148/216 5558/2149/168 5560/2150/219
f 5555/2151/214 5559/2152/218 5558/2149/168 5557/2148/216
f 5556/2153/215 5560/2150/219 5558/2149/168 5559/2152/218
f 5519/2106/182 5505/2082/169 5511/2085/175 5522/2107/185
f 5522/2113/185 5511/2091/175 5507/2090/171 5520/2110/183
f 5506/2086/170 5512/2094/176 5518/2097/181 5510/2087/174
f 5510/2093/174 5518/2103/181 5514/2102/178 5507/2090/171
f 5513/2098/177 5526/2116/188 5532/2119/193 5517/2099/180
f 5517/2105/180 5532/2125/193 5528/2124/190 5514/2102/178
f 5527/2120/189 5521/2114/184 5524/2111/186 5531/2121/192
f 5531/2121/192 5524/2111/186 5520/2110/183 5528/2124/190
f 5547/2140/207 5519/2106/182 5525/2109/187 5550/2141/210
f 5550/2141/210 5525/2115/187 5521/2114/184 5548/2144/208
f 5526/2116/188 5554/2147/213 5560/2150/219 5529/2117/191
f 5529/2123/191 5560/2150/219 5556/2153/215 5527/2120/189
f 5555/2151/214 5549/2146/209 5552/2145/211 5559/2152/218
f 5559/2152/218 5552/2145/211 5548/2144/208 5556/2153/215
f 5533/2126/194 5547/2140/207 5553/2143/212 5536/2127/197
f 5536/2127/197 5553/2143/212 5549/2146/209 5534/2130/195
f 5554/2147/213 5540/2133/201 5546/2136/206 5557/2148/216
f 5557/2148/216 5546/2136/206 5542/2139/203 5555/2151/214
f 5541/2137/202 5535/2132/196 5538/2131/199 5545/2138/205
f 5545/2138/205 5538/2131/199 5534/2130/195 5542/2139/203
f 5505/2082/169 5533/2126/194 5539/2129/200 5508/2083/172
f 5508/2089/172 5539/2129/200 5535/2132/196 5506/2086/170
f 5540/2133/201 5513/2098/177 5515/2101/179 5543/2134/204
f 5543/2134/204 5515/2095/179 5512/2094/176 5541/2137/202
f 5519/2106/182 5547/2140/207 5533/2126/194 5505/2082/169
f 5507/2090/171 5514/2102/178 5528/2124/190 5520/2110/183
f 5535/2132/196 5541/2137/202 5512/2094/176 5506/2086/170
f 5554/2147/213 5526/2116/188 5513/2098/177 5540/2133/201
f 5521/2114/184 5527/2120/189 5556/2153/215 5548/2144/208
f 5549/2146/209 5555/2151/214 5542/2139/203 5534/2130/195
f 5561/2154/245 5564/2155/248 5566/2156/504 5565/2157/249
f 5564/2155/248 5568/2083/252 5569/2158/253 5566/2156/504
f 5562/2159/246 5567/2160/251 5569/2161/253 5568/2089/252
f 5567/2162/251 5571/2163/255 5572/2164/505 5569/1145/253
f 5563/2165/247 5570/2166/254 5572/2164/505 5571/2163/255
f 5570/2167/254 5565/2157/249 5566/2156/504 5572/2168/505
f 5566/2156/504 5569/2158/253 5572/2168/505
f 5573/2169/257 5576/2170/260 5578/2171/506 5577/2172/261
f 5576/2170/260 5580/2095/264 5581/1155/265 5578/2171/506
f 5574/2173/258 5579/2174/263 5581/2175/265 5580/2101/264
f 5579/2176/263 5583/2177/267 5584/2178/268 5581/2179/265
f 5575/2180/259 5582/2181/266 5584/2178/268 5583/2177/267
f 5582/2181/266 5577/2182/261 5578/2183/506 5584/2178/268
f 5578/2183/506 5581/2179/265 5584/2178/268
f 5585/2184/269 5588/2185/272 5590/2186/507 5589/2187/273
f 5588/2185/272 5592/2188/276 5593/2189/277 5590/2186/507
f 5586/2190/270 5591/2191/275 5593/2192/277 5592/2193/276
f 5591/2191/275 5595/2194/279 5596/2195/280 5593/2192/277
f 5587/2196/271 5594/2115/278 5596/2195/280 5595/2194/279
f 5594/2197/278 5589/2187/273 5590/2186/507 5596/2198/280
f 5590/2186/507 5593/2189/277 5596/2198/280
f 5597/2199/281 5600/2117/284 5602/2200/508 5601/2201/285
f 5600/2123/284 5604/2202/288 5605/2203/289 5602/2204/508
f 5598/2205/282 5603/2206/287 5605/2203/289 5604/2202/288
f 5603/2206/287 5607/2207/291 5608/2208/509 5605/2203/289
f 5599/2209/283 5606/2210/290 5608/2208/509 5607/2207/291
f 5606/2210/290 5601/2211/285 5602/2204/508 5608/2208/509
f 5602/2204/508 5605/2203/289 5608/2208/509
f 5609/2212/293 5612/2213/296 5614/2214/510 5613/2215/297
f 5612/2213/296 5616/2216/300 5617/2217/301 5614/2214/510
f 5610/2218/294 5615/2219/299 5617/2217/301 5616/2216/300
f 5615/2219/299 5619/2220/303 5620/2221/512 5617/2217/301
f 5611/2222/295 5618/2129/511 5620/2221/512 5619/2220/303
f 5618/2129/511 5613/2215/297 5614/2214/510 5620/2221/512
f 5614/2214/510 5617/2217/301 5620/2221/512
f 5621/2223/305 5624/2134/308 5626/2224/310 5625/2225/309
f 5624/2134/308 5628/2226/312 5629/2227/313 5626/2224/310
f 5622/2228/306 5627/2229/311 5629/2227/313 5628/2226/312
f 5627/2229/311 5631/2230/315 5632/2231/316 5629/2227/313
f 5623/2232/307 5630/2233/314 5632/2231/316 5631/2230/315
f 5630/2233/314 5625/2225/309 5626/2224/310 5632/2231/316
f 5626/2224/310 5629/2227/313 5632/2231/316
f 5633/2234/317 5636/2235/320 5638/2236/513 5637/2237/321
f 5636/2235/320 5640/2141/324 5641/2238/325 5638/2236/513
f 5634/2239/318 5639/2240/323 5641/2238/325 5640/2141/324
f 5639/2240/323 5643/2241/327 5644/2242/328 5641/2238/325
f 5635/2243/319 5642/2244/326 5644/2242/328 5643/2241/327
f 5642/2244/326 5637/2237/321 5638/2236/513 5644/2242/328
f 5638/2236/513 5641/2238/325 5644/2242/328
f 5645/2245/329 5648/2246/332 5650/2247/514 5649/2150/333
f 5648/2246/332 5652/2248/336 5653/2249/337 5650/2247/514
f 5646/2250/330 5651/2251/335 5653/2249/337 5652/2248/336
f 5651/2251/335 5655/2252/339 5656/2253/340 5653/2249/337
f 5647/2254/331 5654/2255/338 5656/2253/340 5655/2252/339
f 5654/2255/338 5649/2150/333 5650/2247/514 5656/2253/340
f 5650/2247/514 5653/2249/337 5656/2253/340
f 5585/2184/269 5561/2154/245 5565/2157/249 5588/2185/272
f 5588/2185/272 5565/2157/249 5570/2167/254 5592/2188/276
f 5592/2193/276 5570/2166/254 5563/2165/247 5586/2190/270
f 5562/2159/246 5573/2169/257 5577/2172/261 5567/2160/251
f 5567/2162/251 5577/2182/261 5582/2181/266 5571/2163/255
f 5571/2163/255 5582/2181/266 5575/2180/259 5563/2165/247
f 5574/2173/258 5597/2199/281 5601/2201/285 5579/2174/263
f 5579/2176/263 5601/2211/285 5606/2210/290 5583/2177/267
f 5583/2177/267 5606/2210/290 5599/2209/283 5575/2180/259
f 5598/2205/282 5587/2196/271 5595/2194/279 5603/2206/287
f 5603/2206/287 5595/2194/279 5591/2191/275 5607/2207/291
f 5607/2207/291 5591/2191/275 5586/2190/270 5599/2209/283
f 5633/2234/317 5585/2184/269 5589/2187/273 5636/2235/320
f 5636/2235/320 5589/2187/273 5594/2197/278 5640/2141/324
f 5640/2141/324 5594/2115/278 5587/2196/271 5634/2239/318
f 5597/2199/281 5645/2245/329 5649/2150/333 5600/2117/284
f 5600/2123/284 5649/2150/333 5654/2255/338 5604/2202/288
f 5604/2202/288 5654/2255/338 5647/2254/331 5598/2205/282
f 5646/2250/330 5635/2243/319 5643/2241/327 5651/2251/335
f 5651/2251/335 5643/2241/327 5639/2240/323 5655/2252/339
f 5655/2252/339 5639/2240/323 5634/2239/318 5647/2254/331
f 5609/2212/293 5633/2234/317 5637/2237/321 5612/2213/296
f 5612/2213/296 5637/2237/321 5642/2244/326 5616/2216/300
f 5616/2216/300 5642/2244/326 5635/2243/319 5610/2218/294
f 5645/2245/329 5621/2223/305 5625/2225/309 5648/2246/332
f 5648/2246/332 5625/2225/309 5630/2233/314 5652/2248/336
f 5652/2248/336 5630/2233/314 5623/2232/307 5646/2250/330
f 5622/2228/306 5611/2222/295 5619/2220/303 5627/2229/311
f 5627/2229/311 5619/2220/303 5615/2219/299 5631/2230/315
f 5631/2230/315 5615/2219/299 5610/2218/294 5623/2232/307
f 5561/2154/245 5609/2212/293 5613/2215/297 5564/2155/248
f 5564/2155/248 5613/2215/297 5618/2129/511 5568/2083/252
f 5568/2089/252 5618/2129/511 5611/2222/295 5562/2159/246
f 5621/2223/305 5574/2173/258 5580/2101/264 5624/2134/308
f 5624/2134/308 5580/2095/264 5576/2170/260 5628/2226/312
f 5628/2226/312 5576/2170/260 5573/2169/257 5622/2228/306
f 5585/2184/269 5633/2234/317 5609/2212/293 5561/2154/245
f 5563/2165/247 5575/2180/259 5599/2209/283 5586/2190/270
f 5611/2222/295 5622/2228/306 5573/2169/257 5562/2159/246
f 5645/2245/329 5597/2199/281 5574/2173/258 5621/2223/305
f 5587/2196/271 5598/2205/282 5647/2254/331 5634/2239/318
f 5635/2243/319 5646/2250/330 5623/2232/307 5610/2218/294
f 5657/2256/245 5660/2257/248 5662/2258/515 5661/2259/249
f 5660/2257/248 5664/2083/252 5665/2158/253 5662/2258/515
f 5658/2260/246 5663/2261/251 5665/2262/253 5664/2089/252
f 5663/2263/251 5667/2264/255 5668/2265/256 5665/1145/253
f 5659/2266/247 5666/2267/254 5668/2265/256 5667/2264/255
f 5666/2268/254 5661/2259/249 5662/2258/515 5668/2269/256
f 5662/2258/515 5665/2158/253 5668/2269/256
f 5669/2270/257 5672/2271/260 5674/2272/506 5673/2273/261
f 5672/2271/260 5676/2095/264 5677/1155/517 5674/2272/506
f 5670/2274/258 5675/2275/516 5677/2276/517 5676/2101/264
f 5675/2277/516 5679/2278/267 5680/2279/518 5677/2280/517
f 5671/2281/259 5678/2282/266 5680/2279/518 5679/2278/267
f 5678/2282/266 5673/2283/261 5674/2284/506 5680/2279/518
f 5674/2284/506 5677/2280/517 5680/2279/518
f 5681/2285/269 5684/2286/272 5686/2287/519 5685/2288/273
f 5684/2286/272 5688/2289/276 5689/2290/277 5686/2287/519
f 5682/2291/270 5687/2292/275 5689/2293/277 5688/2294/276
f 5687/2292/275 5691/2295/279 5692/2195/520 5689/2293/277
f 5683/2296/271 5690/2115/278 5692/2195/520 5691/2295/279
f 5690/2197/278 5685/2288/273 5686/2287/519 5692/2198/520
f 5686/2287/519 5689/2290/277 5692/2198/520
f 5693/2297/281 5696/2117/284 5698/2298/521 5697/2299/285
f 5696/2123/284 5700/2300/522 5701/2301/523 5698/2302/521
f 5694/2303/282 5699/2304/287 5701/2301/523 5700/2300/522
f 5699/2304/287 5703/2305/291 5704/2306/524 5701/2301/523
f 5695/2307/283 5702/2308/290 5704/2306/524 5703/2305/291
f 5702/2308/290 5697/2309/285 5698/2302/521 5704/2306/524
f 5698/2302/521 5701/2301/523 5704/2306/524
f 5705/2310/293 5708/2311/296 5710/2312/298 5709/2313/297
f 5708/2311/296 5712/2314/300 5713/2315/525 5710/2312/298
f 5706/2316/294 5711/2317/299 5713/2315/525 5712/2314/300
f 5711/2317/299 5715/2318/303 5716/2221/526 5713/2315/525
f 5707/2319/295 5714/2129/302 5716/2221/526 5715/2318/303
f 5714/2129/302 5709/2313/297 5710/2312/298 5716/2221/526
f 5710/2312/298 5713/2315/525 5716/2221/526
f 5717/2320/305 5720/2134/308 5722/2224/528 5721/2321/527
f 5720/2134/308 5724/2322/312 5725/2323/529 5722/2224/528
f 5718/2324/306 5723/2325/311 5725/2323/529 5724/2322/312
f 5723/2325/311 5727/2326/315 5728/2327/530 5725/2323/529
f 5719/2328/307 5726/2329/314 5728/2327/530 5727/2326/315
f 5726/2329/314 5721/2321/527 5722/2224/528 5728/2327/530
f 5722/2224/528 5725/2323/529 5728/2327/530
f 5729/2330/317 5732/2331/320 5734/2332/322 5733/2333/321
f 5732/2331/320 5736/2141/324 5737/2334/531 5734/2332/322
f 5730/2335/318 5735/2336/323 5737/2334/531 5736/2141/324
f 5735/2336/323 5739/2337/327 5740/2338/532 5737/2334/531
f 5731/2339/319 5738/2340/326 5740/2338/532 5739/2337/327
f 5738/2340/326 5733/2333/321 5734/2332/322 5740/2338/532
f 5734/2332/322 5737/2334/531 5740/2338/532
f 5741/2341/329 5744/2342/533 5746/2247/534 5745/2150/333
f 5744/2342/533 5748/2343/336 5749/2344/337 5746/2247/534
f 5742/2345/330 5747/2346/335 5749/2344/337 5748/2343/336
f 5747/2346/335 5751/2347/339 5752/2348/536 5749/2344/337
f 5743/2349/331 5750/2350/535 5752/2348/536 5751/2347/339
f 5750/2350/535 5745/2150/333 5746/2247/534 5752/2348/536
f 5746/2247/534 5749/2344/337 5752/2348/536
f 5681/2285/269 5657/2256/245 5661/2259/249 5684/2286/272
f 5684/2286/272 5661/2259/249 5666/2268/254 5688/2289/276
f 5688/2294/276 5666/2267/254 5659/2266/247 5682/2291/270
f 5658/2260/246 5669/2270/257 5673/2273/261 5663/2261/251
f 5663/2263/251 5673/2283/261 5678/2282/266 5667/2264/255
f 5667/2264/255 5678/2282/266 5671/2281/259 5659/2266/247
f 5670/2274/258 5693/2297/281 5697/2299/285 5675/2275/516
f 5675/2277/516 5697/2309/285 5702/2308/290 5679/2278/267
f 5679/2278/267 5702/2308/290 5695/2307/283 5671/2281/259
f 5694/2303/282 5683/2296/271 5691/2295/279 5699/2304/287
f 5699/2304/287 5691/2295/279 5687/2292/275 5703/2305/291
f 5703/2305/291 5687/2292/275 5682/2291/270 5695/2307/283
f 5729/2330/317 5681/2285/269 5685/2288/273 5732/2331/320
f 5732/2331/320 5685/2288/273 5690/2197/278 5736/2141/324
f 5736/2141/324 5690/2115/278 5683/2296/271 5730/2335/318
f 5693/2297/281 5741/2341/329 5745/2150/333 5696/2117/284
f 5696/2123/284 5745/2150/333 5750/2350/535 5700/2300/522
f 5700/2300/522 5750/2350/535 5743/2349/331 5694/2303/282
f 5742/2345/330 5731/2339/319 5739/2337/327 5747/2346/335
f 5747/2346/335 5739/2337/327 5735/2336/323 5751/2347/339
f 5751/2347/339 5735/2336/323 5730/2335/318 5743/2349/331
f 5705/2310/293 5729/2330/317 5733/2333/321 5708/2311/296
f 5708/2311/296 5733/2333/321 5738/2340/326 5712/2314/300
f 5712/2314/300 5738/2340/326 5731/2339/319 5706/2316/294
f 5741/2341/329 5717/2320/305 5721/2321/527 5744/2342/533
f 5744/2342/533 5721/2321/527 5726/2329/314 5748/2343/336
f 5748/2343/336 5726/2329/314 5719/2328/307 5742/2345/330
f 5718/2324/306 5707/2319/295 5715/2318/303 5723/2325/311
f 5723/2325/311 5715/2318/303 5711/2317/299 5727/2326/315
f 5727/2326/315 5711/2317/299 5706/2316/294 5719/2328/307
f 5657/2256/245 5705/2310/293 5709/2313/297 5660/2257/248
f 5660/2257/248 5709/2313/297 5714/2129/302 5664/2083/252
f 5664/2089/252 5714/2129/302 5707/2319/295 5658/2260/246
f 5717/2320/305 5670/2274/258 5676/2101/264 5720/2134/308
f 5720/2134/308 5676/2095/264 5672/2271/260 5724/2322/312
f 5724/2322/312 5672/2271/260 5669/2270/257 5718/2324/306
f 5681/2285/269 5729/2330/317 5705/2310/293 5657/2256/245
f 5659/2266/247 5671/2281/259 5695/2307/283 5682/2291/270
f 5707/2319/295 5718/2324/306 5669/2270/257 5658/2260/246
f 5741/2341/329 5693/2297/281 5670/2274/258 5717/2320/305
f 5683/2296/271 5694/2303/282 5743/2349/331 5730/2335/318
f 5731/2339/319 5742/2345/330 5719/2328/307 5706/2316/294
f 5753/2351/537 5756/2352/540 5757/2353/541 5759/2354/543
f 5754/2355/538 5758/2356/542 5757/2357/541 5756/2358/540
f 5755/2359/539 5759/2360/543 5757/2361/541 5758/2362/542
f 5760/2363/544 5763/2364/547 5764/2365/548 5766/2366/550
f 5761/2367/545 5765/2368/549 5764/2369/548 5763/2370/547
f 5762/2371/546 5766/2372/550 5764/2373/548 5765/2374/549
f 5767/2375/551 5770/2376/554 5771/2377/555 5773/2378/557
f 5768/2379/552 5772/2380/556 5771/2381/555 5770/2382/554
f 5769/2383/553 5773/2384/557 5771/2381/555 5772/2380/556
f 5774/2385/558 5777/2386/561 5778/2387/562 5780/2388/564
f 5775/2389/559 5779/2390/563 5778/2391/562 5777/2392/561
f 5776/2393/560 5780/2394/564 5778/2391/562 5779/2390/563
f 5781/2395/565 5784/2396/568 5785/2397/569 5787/2398/571
f 5782/2399/566 5786/2400/570 5785/2397/569 5784/2396/568
f 5783/2401/567 5787/2398/571 5785/2397/569 5786/2400/570
f 5788/2402/572 5791/2403/575 5792/2404/576 5794/2405/578
f 5789/2406/573 5793/2407/577 5792/2404/576 5791/2403/575
f 5790/2408/574 5794/2405/578 5792/2404/576 5793/2407/577
f 5795/2409/579 5798/2410/582 5799/2411/583 5801/2412/585
f 5796/2413/580 5800/2414/584 5799/2411/583 5798/2410/582
f 5797/2415/581 5801/2412/585 5799/2411/583 5800/2414/584
f 5802/2416/586 5805/2417/589 5806/2418/590 5808/2419/592
f 5803/2420/587 5807/2421/591 5806/2418/590 5805/2417/589
f 5804/2422/588 5808/2419/592 5806/2418/590 5807/2421/591
f 5767/2375/551 5753/2351/537 5759/2354/543 5770/2376/554
f 5770/2382/554 5759/2360/543 5755/2359/539 5768/2379/552
f 5754/2355/538 5760/2363/544 5766/2366/550 5758/2356/542
f 5758/2362/542 5766/2372/550 5762/2371/546 5755/2359/539
f 5761/2367/545 5774/2385/558 5780/2388/564 5765/2368/549
f 5765/2374/549 5780/2394/564 5776/2393/560 5762/2371/546
f 5775/2389/559 5769/2383/553 5772/2380/556 5779/2390/563
f 5779/2390/563 5772/2380/556 5768/2379/552 5776/2393/560
f 5795/2409/579 5767/2375/551 5773/2378/557 5798/2410/582
f 5798/2410/582 5773/2384/557 5769/2383/553 5796/2413/580
f 5774/2385/558 5802/2416/586 5808/2419/592 5777/2386/561
f 5777/2392/561 5808/2419/592 5804/2422/588 5775/2389/559
f 5803/2420/587 5797/2415/581 5800/2414/584 5807/2421/591
f 5807/2421/591 5800/2414/584 5796/2413/580 5804/2422/588
f 5781/2395/565 5795/2409/579 5801/2412/585 5784/2396/568
f 5784/2396/568 5801/2412/585 5797/2415/581 5782/2399/566
f 5802/2416/586 5788/2402/572 5794/2405/578 5805/2417/589
f 5805/2417/589 5794/2405/578 5790/2408/574 5803/2420/587
f 5789/2406/573 5783/2401/567 5786/2400/570 5793/2407/577
f 5793/2407/577 5786/2400/570 5782/2399/566 5790/2408/574
f 5753/2351/537 5781/2395/565 5787/2398/571 5756/2352/540
f 5756/2358/540 5787/2398/571 5783/2401/567 5754/2355/538
f 5788/2402/572 5761/2367/545 5763/2370/547 5791/2403/575
f 5791/2403/575 5763/2364/547 5760/2363/544 5789/2406/573
f 5767/2375/551 5795/2409/579 5781/2395/565 5753/2351/537
f 5755/2359/539 5762/2371/546 5776/2393/560 5768/2379/552
f 5783/2401/567 5789/2406/573 5760/2363/544 5754/2355/538
f 5802/2416/586 5774/2385/558 5761/2367/545 5788/2402/572
f 5769/2383/553 5775/2389/559 5804/2422/588 5796/2413/580
f 5797/2415/581 5803/2420/587 5790/2408/574 5782/2399/566
f 5809/2423/593 5812/2424/596 5813/2425/597 5815/2354/599
f 5810/2426/594 5814/2427/598 5813/2357/597 5812/2428/596
f 5811/2429/595 5815/2430/599 5813/2431/597 5814/2362/598
f 5816/2432/600 5819/2364/603 5820/2433/604 5822/2366/606
f 5817/2434/601 5821/2368/605 5820/2435/604 5819/2370/603
f 5818/2436/602 5822/2372/606 5820/2437/604 5821/2438/605
f 5823/2439/607 5826/2440/610 5827/2441/611 5829/2442/613
f 5824/2443/608 5828/2380/612 5827/2381/611 5826/2444/610
f 5825/2383/609 5829/2384/613 5827/2381/611 5828/2380/612
f 5830/2445/614 5833/2446/617 5834/2387/618 5836/2447/620
f 5831/2448/615 5835/2449/619 5834/2450/618 5833/2451/617
f 5832/2393/616 5836/2452/620 5834/2450/618 5835/2449/619
f 5837/2453/621 5840/2396/624 5841/2397/625 5843/2398/627
f 5838/2454/622 5842/2400/626 5841/2397/625 5840/2396/624
f 5839/2455/623 5843/2398/627 5841/2397/625 5842/2400/626
f 5844/2456/628 5847/2457/631 5848/2458/632 5850/2459/634
f 5845/2406/629 5849/2407/633 5848/2458/632 5847/2457/631
f 5846/2460/630 5850/2459/634 5848/2458/632 5849/2407/633
f 5851/2461/635 5854/2462/638 5855/2463/639 5857/2412/641
f 5852/2464/636 5856/2465/640 5855/2463/639 5854/2462/638
f 5853/2466/637 5857/2412/641 5855/2463/639 5856/2465/640
f 5858/2467/642 5861/2417/645 5862/2468/646 5864/2469/648
f 5859/2470/643 5863/2471/647 5862/2468/646 5861/2417/645
f 5860/2472/644 5864/2469/648 5862/2468/646 5863/2471/647
f 5823/2439/607 5809/2423/593 5815/2354/599 5826/2440/610
f 5826/2444/610 5815/2430/599 5811/2429/595 5824/2443/608
f 5810/2426/594 5816/2432/600 5822/2366/606 5814/2427/598
f 5814/2362/598 5822/2372/606 5818/2436/602 5811/2429/595
f 5817/2434/601 5830/2445/614 5836/2447/620 5821/2368/605
f 5821/2438/605 5836/2452/620 5832/2393/616 5818/2436/602
f 5831/2448/615 5825/2383/609 5828/2380/612 5835/2449/619
f 5835/2449/619 5828/2380/612 5824/2443/608 5832/2393/616
f 5851/2461/635 5823/2439/607 5829/2442/613 5854/2462/638
f 5854/2462/638 5829/2384/613 5825/2383/609 5852/2464/636
f 5830/2445/614 5858/2467/642 5864/2469/648 5833/2446/617
f 5833/2451/617 5864/2469/648 5860/2472/644 5831/2448/615
f 5859/2470/643 5853/2466/637 5856/2465/640 5863/2471/647
f 5863/2471/647 5856/2465/640 5852/2464/636 5860/2472/644
f 5837/2453/621 5851/2461/635 5857/2412/641 5840/2396/624
f 5840/2396/624 5857/2412/641 5853/2466/637 5838/2454/622
f 5858/2467/642 5844/2456/628 5850/2459/634 5861/2417/645
f 5861/2417/645 5850/2459/634 5846/2460/630 5859/2470/643
f 5845/2406/629 5839/2455/623 5842/2400/626 5849/2407/633
f 5849/2407/633 5842/2400/626 5838/2454/622 5846/2460/630
f 5809/2423/593 5837/2453/621 5843/2398/627 5812/2424/596
f 5812/2428/596 5843/2398/627 5839/2455/623 5810/2426/594
f 5844/2456/628 5817/2434/601 5819/2370/603 5847/2457/631
f 5847/2457/631 5819/2364/603 5816/2432/600 5845/2406/629
f 5823/2439/607 5851/2461/635 5837/2453/621 5809/2423/593
f 5811/2429/595 5818/2436/602 5832/2393/616 5824/2443/608
f 5839/2455/623 5845/2406/629 5816/2432/600 5810/2426/594
f 5858/2467/642 5830/2445/614 5817/2434/601 5844/2456/628
f 5825/2383/609 5831/2448/615 5860/2472/644 5852/2464/636
f 5853/2466/637 5859/2470/643 5846/2460/630 5838/2454/622
f 5866/2473/650 5872/2474/656 5873/2475/657 5867/2476/651
f 5867/2477/651 5873/2478/657 5871/2479/655 5865/2480/649
f 5875/2481/659 5869/2482/653 5870/2483/654 5876/2484/660
f 5876/2485/660 5870/2486/654 5868/2487/652 5874/2488/658
f 5872/2474/656 5878/2489/662 5879/2490/663 5873/2475/657
f 5873/2478/657 5879/2491/663 5877/2492/661 5871/2479/655
f 5881/2493/665 5875/2481/659 5876/2484/660 5882/2494/666
f 5882/2495/666 5876/2485/660 5874/2488/658 5880/2496/664
f 5878/2489/662 5884/2497/668 5885/2498/669 5879/2490/663
f 5879/2491/663 5885/2499/669 5883/2500/667 5877/2492/661
f 5887/2501/671 5881/2493/665 5882/2494/666 5888/2502/672
f 5888/2503/672 5882/2495/666 5880/2496/664 5886/2504/670
f 5884/2497/668 5890/2505/674 5891/2506/675 5885/2498/669
f 5885/2499/669 5891/2507/675 5889/2508/673 5883/2500/667
f 5893/2509/677 5887/2501/671 5888/2502/672 5894/2510/678
f 5894/2511/678 5888/2503/672 5886/2504/670 5892/2512/676
f 5890/2505/674 5896/2513/680 5897/2514/681 5891/2506/675
f 5891/2507/675 5897/2515/681 5895/2516/679 5889/2508/673
f 5899/2517/683 5893/2509/677 5894/2510/678 5900/2518/684
f 5900/2519/684 5894/2511/678 5892/2512/676 5898/2520/682
f 5896/2513/680 5902/2521/686 5903/2522/687 5897/2514/681
f 5897/2515/681 5903/2523/687 5901/2524/685 5895/2516/679
f 5905/2525/689 5899/2517/683 5900/2518/684 5906/2526/690
f 5906/2527/690 5900/2519/684 5898/2520/682 5904/2528/688
f 5902/2521/686 5908/2529/692 5909/2530/693 5903/2522/687
f 5903/2523/687 5909/2531/693 5907/2532/691 5901/2524/685
f 5911/2533/695 5905/2525/689 5906/2526/690 5912/2534/696
f 5912/2535/696 5906/2527/690 5904/2528/688 5910/2536/694
f 5908/2529/692 5914/2537/698 5915/2538/699 5909/2530/693
f 5909/2531/693 5915/2539/699 5913/2540/697 5907/2532/691
f 5917/2541/701 5911/2533/695 5912/2534/696 5918/2542/702
f 5918/2543/702 5912/2535/696 5910/2536/694 5916/2544/700
f 5914/2537/698 5920/2545/704 5921/2546/705 5915/2538/699
f 5915/2539/699 5921/2547/705 5919/2548/703 5913/2540/697
f 5923/2549/707 5917/2541/701 5918/2542/702 5924/2550/708
f 5924/2551/708 5918/2543/702 5916/2544/700 5922/2552/706
f 5920/2545/704 5926/2553/710 5927/2554/711 5921/2546/705
f 5921/2547/705 5927/2555/711 5925/2556/709 5919/2548/703
f 5929/2557/713 5923/2549/707 5924/2550/708 5930/2558/714
f 5930/2559/714 5924/2551/708 5922/2552/706 5928/2560/712
f 5926/2553/710 5932/2561/716 5933/2562/717 5927/2554/711
f 5927/2555/711 5933/2563/717 5931/2564/715 5925/2556/709
f 5935/2565/719 5929/2557/713 5930/2558/714 5936/2566/720
f 5936/2567/720 5930/2559/714 5928/2560/712 5934/2568/718
f 5932/2561/716 5938/2569/722 5939/1860/723 5933/2562/717
f 5933/2563/717 5939/2570/723 5937/2571/721 5931/2564/715
f 5941/2572/725 5935/2565/719 5936/2566/720 5942/2573/726
f 5942/2574/726 5936/2567/720 5934/2568/718 5940/2575/724
f 5938/2569/722 5944/2576/728 5945/2577/729 5939/1860/723
f 5939/2570/723 5945/2578/729 5943/2579/727 5937/2571/721
f 5947/2580/731 5941/2572/725 5942/2573/726 5948/2581/732
f 5948/2582/732 5942/2574/726 5940/2575/724 5946/2583/730
f 5944/2576/728 5950/2584/734 5951/2585/735 5945/2577/729
f 5945/2578/729 5951/2586/735 5949/2587/733 5943/2579/727
f 5953/2588/737 5947/2580/731 5948/2581/732 5954/2589/738
f 5954/2590/738 5948/2582/732 5946/2583/730 5952/2591/736
f 5950/2584/734 5956/2592/740 5957/2593/741 5951/2585/735
f 5951/2586/735 5957/2594/741 5955/2595/739 5949/2587/733
f 5959/2596/743 5953/2588/737 5954/2589/738 5960/2597/744
f 5960/2598/744 5954/2590/738 5952/2591/736 5958/2599/742
f 5956/2592/740 5962/2600/746 5963/2601/747 5957/2593/741
f 5957/2594/741 5963/2602/747 5961/2603/745 5955/2595/739
f 5965/2604/749 5959/2596/743 5960/2597/744 5966/2605/750
f 5966/2606/750 5960/2598/744 5958/2599/742 5964/2607/748
f 5962/2600/746 5968/2608/752 5969/2609/753 5963/2601/747
f 5963/2602/747 5969/2610/753 5967/2611/751 5961/2603/745
f 5971/2612/755 5965/2604/749 5966/2605/750 5972/2613/756
f 5972/2614/756 5966/2606/750 5964/2607/748 5970/2615/754
f 5968/2608/752 5974/2616/758 5975/2617/759 5969/2609/753
f 5969/2610/753 5975/2618/759 5973/2619/757 5967/2611/751
f 5977/2620/761 5971/2612/755 5972/2613/756 5978/2621/762
f 5978/2622/762 5972/2614/756 5970/2615/754 5976/2623/760
f 5974/2616/758 5980/2624/764 5981/2625/765 5975/2617/759
f 5975/2618/759 5981/2626/765 5979/2627/763 5973/2619/757
f 5983/2628/767 5977/2620/761 5978/2621/762 5984/2629/768
f 5984/2630/768 5978/2622/762 5976/2623/760 5982/2631/766
f 5980/2624/764 5866/2632/650 5867/2633/651 5981/2625/765
f 5981/2626/765 5867/2477/651 5865/2480/649 5979/2627/763
f 5869/2634/653 5983/2628/767 5984/2629/768 5870/2635/654
f 5870/2486/654 5984/2630/768 5982/2631/766 5868/2487/652
f 5865/2480/649 5871/2479/655 5877/2492/661 5883/2500/667 5889/2508/673 5895/2516/679 5901/2524/685 5907/2532/691 5913/2540/697 5919/2548/703 5925/2556/709 5931/2564/715 5937/2571/721 5943/2579/727 5949/2587/733 5955/2595/739 5961/2603/745 5967/2611/751 5973/2619/757 5979/2627/763
f 5866/2473/650 5869/2482/653 5875/2481/659 5872/2474/656
f 5980/2624/764 5983/2628/767 5869/2634/653 5866/2632/650
f 5874/2488/658 5868/2487/652 5982/2631/766 5976/2623/760 5970/2615/754 5964/2607/748 5958/2599/742 5952/2591/736 5946/2583/730 5940/2575/724 5934/2568/718 5928/2560/712 5922/2552/706 5916/2544/700 5910/2536/694 5904/2528/688 5898/2520/682 5892/2512/676 5886/2504/670 5880/2496/664
f 5872/2474/656 5875/2481/659 5881/2493/665 5878/2489/662
f 5878/2489/662 5881/2493/665 5887/2501/671 5884/2497/668
f 5884/2497/668 5887/2501/671 5893/2509/677 5890/2505/674
f 5890/2505/674 5893/2509/677 5899/2517/683 5896/2513/680
f 5896/2513/680 5899/2517/683 5905/2525/689 5902/2521/686
f 5902/2521/686 5905/2525/689 5911/2533/695 5908/2529/692
f 5908/2529/692 5911/2533/695 5917/2541/701 5914/2537/698
f 5914/2537/698 5917/2541/701 5923/2549/707 5920/2545/704
f 5920/2545/704 5923/2549/707 5929/2557/713 5926/2553/710
f 5926/2553/710 5929/2557/713 5935/2565/719 5932/2561/716
f 5932/2561/716 5935/2565/719 5941/2572/725 5938/2569/722
f 5938/2569/722 5941/2572/725 5947/2580/731 5944/2576/728
f 5944/2576/728 5947/2580/731 5953/2588/737 5950/2584/734
f 5950/2584/734 5953/2588/737 5959/2596/743 5956/2592/740
f 5956/2592/740 5959/2596/743 5965/2604/749 5962/2600/746
f 5962/2600/746 5965/2604/749 5971/2612/755 5968/2608/752
f 5968/2608/752 5971/2612/755 5977/2620/761 5974/2616/758
f 5974/2616/758 5977/2620/761 5983/2628/767 5980/2624/764
f 5989/2636/773 5988/2637/772 5997/2638/781 5998/2639/782
f 6129/2640/913 5986/2641/770 5994/2642/778 5995/2643/779
f 6127/2644/911 5985/2645/769 5992/2646/776
f 6130/2647/914 5989/2636/773 5998/2639/782 5999/2648/783
f 5987/2649/771 6129/2640/913 5995/2643/779 5996/2650/780
f 6128/2651/912 6127/2644/911 5992/2646/776 5993/2652/777
f 5990/2653/774 6130/2647/914 5999/2648/783 6000/2654/784
f 5988/2637/772 5987/2649/771 5996/2650/780 5997/2638/781
f 5986/2641/770 6128/2651/912 5993/2652/777 5994/2642/778
f 5991/2655/775 5990/2653/774 6000/2654/784
f 5995/2643/779 5994/2642/778 6003/2656/787 6004/2657/788
f 5992/2646/776 5985/2658/769 6001/2659/785
f 5999/2648/783 5998/2639/782 6007/2660/791 6008/2661/792
f 5996/2650/780 5995/2643/779 6004/2657/788 6005/2662/789
f 5993/2652/777 5992/2646/776 6001/2659/785 6002/2663/786
f 6000/2654/784 5999/2648/783 6008/2661/792 6009/2664/793
f 5997/2638/781 5996/2650/780 6005/2662/789 6006/2665/790
f 5994/2642/778 5993/2652/777 6002/2663/786 6003/2656/787
f 5991/2666/775 6000/2654/784 6009/2664/793
f 5998/2639/782 5997/2638/781 6006/2665/790 6007/2660/791
f 5991/2667/775 6009/2664/793 6018/2668/802
f 6007/2660/791 6006/2665/790 6015/2669/799 6016/2670/800
f 6004/2657/788 6003/2656/787 6012/2671/796 6013/2672/797
f 6001/2659/785 5985/1740/769 6010/2673/794
f 6008/2661/792 6007/2660/791 6016/2670/800 6017/2674/801
f 6005/2662/789 6004/2657/788 6013/2672/797 6014/2675/798
f 6002/2663/786 6001/2659/785 6010/2673/794 6011/2676/795
f 6009/2664/793 6008/2661/792 6017/2674/801 6018/2668/802
f 6006/2665/790 6005/2662/789 6014/2675/798 6015/2669/799
f 6003/2656/787 6002/2663/786 6011/2676/795 6012/2671/796
f 6015/2669/799 6014/2675/798 6023/2677/807 6024/2678/808
f 6012/2671/796 6011/2676/795 6020/2679/804 6021/2680/805
f 5991/2681/775 6018/2668/802 6027/2682/811
f 6016/2670/800 6015/2669/799 6024/2678/808 6025/2683/809
f 6013/2672/797 6012/2671/796 6021/2680/805 6022/2684/806
f 6010/2673/794 5985/2685/769 6019/2686/803
f 6017/2674/801 6016/2670/800 6025/2683/809 6026/2687/810
f 6014/2675/798 6013/2672/797 6022/2684/806 6023/2677/807
f 6011/2676/795 6010/2673/794 6019/2686/803 6020/2679/804
f 6018/2668/802 6017/2674/801 6026/2687/810 6027/2682/811
f 6020/2679/804 6019/2686/803 6028/2688/812 6029/2689/813
f 6027/2682/811 6026/2687/810 6035/2690/819 6036/2691/820
f 6024/2678/808 6023/2677/807 6032/2692/816 6033/2693/817
f 6021/2680/805 6020/2679/804 6029/2689/813 6030/2694/814
f 5991/2695/775 6027/2682/811 6036/2691/820
f 6025/2683/809 6024/2678/808 6033/2693/817 6034/2696/818
f 6022/2684/806 6021/2680/805 6030/2694/814 6031/2697/815
f 6019/2686/803 5985/2698/769 6028/2688/812
f 6026/2687/810 6025/2683/809 6034/2696/818 6035/2690/819
f 6023/2677/807 6022/2684/806 6031/2697/815 6032/2692/816
f 6032/2692/816 6031/2697/815 6040/2699/824 6041/2700/825
f 6029/2689/813 6028/2688/812 6037/2701/821 6038/2702/822
f 6036/2691/820 6035/2690/819 6044/2703/828 6045/2704/829
f 6033/2693/817 6032/2692/816 6041/2700/825 6042/2705/826
f 6030/2694/814 6029/2689/813 6038/2702/822 6039/2706/823
f 5991/2707/775 6036/2691/820 6045/2704/829
f 6034/2696/818 6033/2693/817 6042/2705/826 6043/2708/827
f 6031/2697/815 6030/2694/814 6039/2706/823 6040/2699/824
f 6028/2688/812 5985/2709/769 6037/2701/821
f 6035/2690/819 6034/2696/818 6043/2708/827 6044/2703/828
f 6037/2701/821 5985/2710/769 6046/2711/830
f 6044/2703/828 6043/2708/827 6052/2712/836 6053/2713/837
f 6041/2700/825 6040/2699/824 6049/2714/833 6050/2715/834
f 6038/2702/822 6037/2701/821 6046/2711/830 6047/2716/831
f 6045/2704/829 6044/2703/828 6053/2713/837 6054/2717/838
f 6042/2705/826 6041/2700/825 6050/2715/834 6051/2718/835
f 6039/2706/823 6038/2702/822 6047/2716/831 6048/2719/832
f 5991/2720/775 6045/2704/829 6054/2717/838
f 6043/2708/827 6042/2705/826 6051/2718/835 6052/2712/836
f 6040/2699/824 6039/2706/823 6048/2719/832 6049/2714/833
f 6052/2712/836 6051/2718/835 6060/2721/844 6061/2722/845
f 6049/2714/833 6048/2719/832 6057/2723/841 6058/2724/842
f 6046/2711/830 5985/2725/769 6055/2726/839
f 6053/2713/837 6052/2712/836 6061/2722/845 6062/2727/846
f 6050/2715/834 6049/2714/833 6058/2724/842 6059/2728/843
f 6047/2716/831 6046/2711/830 6055/2726/839 6056/2729/840
f 6054/2717/838 6053/2713/837 6062/2727/846 6063/2730/847
f 6051/2718/835 6050/2715/834 6059/2728/843 6060/2721/844
f 6048/2719/832 6047/2716/831 6056/2729/840 6057/2723/841
f 5991/2731/775 6054/2717/838 6063/2730/847
f 6057/2723/841 6056/2729/840 6065/2732/849 6066/2733/850
f 5991/2734/775 6063/2730/847 6072/2735/856
f 6061/2722/845 6060/2721/844 6069/2736/853 6070/2737/854
f 6058/2724/842 6057/2723/841 6066/2733/850 6067/2738/851
f 6055/2726/839 5985/2739/769 6064/2740/848
f 6062/2727/846 6061/2722/845 6070/2737/854 6071/2741/855
f 6059/2728/843 6058/2724/842 6067/2738/851 6068/2742/852
f 6056/2729/840 6055/2726/839 6064/2740/848 6065/2732/849
f 6063/2730/847 6062/2727/846 6071/2741/855 6072/2735/856
f 6060/2721/844 6059/2728/843 6068/2742/852 6069/2736/853
f 6069/2736/853 6068/2742/852 6077/2743/861 6078/2744/862
f 6066/2733/850 6065/2732/849 6074/2745/858 6075/2746/859
f 5991/2747/775 6072/2735/856 6081/2748/865
f 6070/2737/854 6069/2736/853 6078/2744/862 6079/2749/863
f 6067/2738/851 6066/2733/850 6075/2746/859 6076/2750/860
f 6064/2740/848 5985/2751/769 6073/2752/857
f 6071/2741/855 6070/2737/854 6079/2749/863 6080/2753/864
f 6068/2742/852 6067/2738/851 6076/2750/860 6077/2743/861
f 6065/2732/849 6064/2740/848 6073/2752/857 6074/2745/858
f 6072/2735/856 6071/2741/855 6080/2753/864 6081/2748/865
f 6074/2745/858 6073/2752/857 6082/2754/866 6083/2755/867
f 6081/2748/865 6080/2753/864 6089/2756/873 6090/2757/874
f 6078/2744/862 6077/2743/861 6086/2758/870 6087/2759/871
f 6075/2746/859 6074/2745/858 6083/2755/867 6084/2760/868
f 5991/2761/775 6081/2748/865 6090/2757/874
f 6079/2749/863 6078/2744/862 6087/2759/871 6088/2762/872
f 6076/2750/860 6075/2746/859 6084/2760/868 6085/2763/869
f 6073/2752/857 5985/2764/769 6082/2754/866
f 6080/2753/864 6079/2749/863 6088/2762/872 6089/2756/873
f 6077/2743/861 6076/2750/860 6085/2763/869 6086/2758/870
f 6089/2756/873 6088/2762/872 6097/2765/881 6098/2766/882
f 6086/2758/870 6085/2763/869 6094/2767/878 6095/2768/879
f 6083/2755/867 6082/2754/866 6091/2769/875 6092/2770/876
f 6090/2757/874 6089/2756/873 6098/2766/882 6099/2771/883
f 6087/2759/871 6086/2758/870 6095/2768/879 6096/2772/880
f 6084/2760/868 6083/2755/867 6092/2770/876 6093/2773/877
f 5991/2774/775 6090/2757/874 6099/2771/883
f 6088/2762/872 6087/2759/871 6096/2772/880 6097/2765/881
f 6085/2763/869 6084/2760/868 6093/2773/877 6094/2767/878
f 6082/2754/866 5985/2775/769 6091/2769/875
f 6094/2776/878 6093/2777/877 6102/2778/886 6103/2779/887
f 6091/2780/875 5985/2781/769 6100/2782/884
f 6098/2783/882 6097/2784/881 6106/2785/890 6107/2786/891
f 6095/2787/879 6094/2776/878 6103/2779/887 6104/2788/888
f 6092/2789/876 6091/2780/875 6100/2782/884 6101/2790/885
f 6099/2791/883 6098/2783/882 6107/2786/891 6108/2792/892
f 6096/2793/880 6095/2787/879 6104/2788/888 6105/2794/889
f 6093/2777/877 6092/2789/876 6101/2790/885 6102/2778/886
f 5991/2795/775 6099/2791/883 6108/2792/892
f 6097/2784/881 6096/2793/880 6105/2794/889 6106/2785/890
f 6106/2785/890 6105/2794/889 6114/2796/898 6115/2797/899
f 6103/2779/887 6102/2778/886 6111/2798/895 6112/2799/896
f 6100/2782/884 5985/2800/769 6109/2801/893
f 6107/2786/891 6106/2785/890 6115/2797/899 6116/2802/900
f 6104/2788/888 6103/2779/887 6112/2799/896 6113/2803/897
f 6101/2790/885 6100/2782/884 6109/2801/893 6110/2804/894
f 6108/2792/892 6107/2786/891 6116/2802/900 6117/2805/901
f 6105/2794/889 6104/2788/888 6113/2803/897 6114/2796/898
f 6102/2778/886 6101/2790/885 6110/2804/894 6111/2798/895
f 5991/2806/775 6108/2792/892 6117/2805/901
f 6111/2798/895 6110/2804/894 6119/2807/903 6120/2808/904
f 5991/2809/775 6117/2805/901 6126/2810/910
f 6115/2797/899 6114/2796/898 6123/2811/907 6124/2812/908
f 6112/2799/896 6111/2798/895 6120/2808/904 6121/2813/905
f 6109/2801/893 5985/2814/769 6118/2815/902
f 6116/2802/900 6115/2797/899 6124/2812/908 6125/2816/909
f 6113/2803/897 6112/2799/896 6121/2813/905 6122/2817/906
f 6110/2804/894 6109/2801/893 6118/2815/902 6119/2807/903
f 6117/2805/901 6116/2802/900 6125/2816/909 6126/2810/910
f 6114/2796/898 6113/2803/897 6122/2817/906 6123/2811/907
f 6126/2810/910 6125/2816/909 6130/2647/914 5990/2653/774
f 6123/2811/907 6122/2817/906 5987/2649/771 5988/2637/772
f 6120/2808/904 6119/2807/903 6128/2651/912 5986/2641/770
f 5991/2818/775 6126/2810/910 5990/2653/774
f 6124/2812/908 6123/2811/907 5988/2637/772 5989/2636/773
f 6121/2813/905 6120/2808/904 5986/2641/770 6129/2640/913
f 6118/2815/902 5985/2819/769 6127/2644/911
f 6125/2816/909 6124/2812/908 5989/2636/773 6130/2647/914
f 6122/2817/906 6121/2813/905 6129/2640/913 5987/2649/771
f 6119/2807/903 6118/2815/902 6127/2644/911 6128/2651/912
f 6132/2820/916 6161/2821/943 6163/2822/945 6133/2823/807
f 6133/2823/807 6163/2822/945 6162/2824/944 6131/2825/915
f 6135/2826/918 6164/2827/946 6166/2828/948 6136/2829/919
f 6136/2829/919 6166/2828/948 6165/2830/947 6134/2831/917
f 6138/2832/921 6167/2833/949 6169/2834/951 6139/2835/922
f 6139/2835/922 6169/2834/951 6168/2836/950 6137/2837/920
f 6141/2838/924 6170/2839/952 6172/2840/954 6142/2841/925
f 6142/2841/925 6172/2840/954 6171/2842/953 6140/2843/923
f 6144/2844/927 6173/2845/955 6175/2846/957 6145/2847/928
f 6145/2848/928 6175/2849/957 6174/2850/956 6143/2851/926
f 6147/2852/930 6176/2853/958 6178/2854/960 6148/2855/879
f 6148/2855/879 6178/2854/960 6177/2856/959 6146/2857/929
f 6150/2858/932 6179/2859/961 6181/2860/963 6151/2861/933
f 6151/2861/933 6181/2860/963 6180/2862/962 6149/2863/931
f 6153/2864/935 6182/2865/964 6184/2866/966 6154/2867/936
f 6154/2867/936 6184/2866/966 6183/2868/965 6152/2869/934
f 6156/2870/938 6185/2871/967 6187/2872/969 6157/2873/939
f 6157/2873/939 6187/2872/969 6186/2874/968 6155/2875/937
f 6159/2876/941 6188/2877/970 6190/2878/972 6160/2879/942
f 6160/2879/942 6190/2878/972 6189/2880/971 6158/2881/940
f 6161/2821/943 6191/2882/973 6193/2883/975 6163/2822/945
f 6163/2822/945 6193/2883/975 6192/2884/974 6162/2824/944
f 6164/2827/946 6194/2885/976 6196/2886/978 6166/2828/948
f 6166/2828/948 6196/2886/978 6195/2887/977 6165/2830/947
f 6167/2833/949 6197/2888/979 6199/2889/981 6169/2834/951
f 6169/2834/951 6199/2889/981 6198/2890/980 6168/2836/950
f 6170/2839/952 6200/2891/982 6202/2892/984 6172/2840/954
f 6172/2840/954 6202/2892/984 6201/2893/983 6171/2842/953
f 6173/2845/955 6203/2894/985 6205/2895/987 6175/2846/957
f 6175/2849/957 6205/2896/987 6204/2897/986 6174/2850/956
f 6176/2853/958 6206/2898/988 6208/2899/990 6178/2854/960
f 6178/2854/960 6208/2899/990 6207/2900/989 6177/2856/959
f 6179/2859/961 6209/2901/991 6211/2902/993 6181/2860/963
f 6181/2860/963 6211/2902/993 6210/2903/992 6180/2862/962
f 6182/2865/964 6212/2904/994 6214/2905/996 6184/2866/966
f 6184/2866/966 6214/2905/996 6213/2906/995 6183/2868/965
f 6185/2871/967 6215/2907/997 6217/2908/999 6187/2872/969
f 6187/2872/969 6217/2908/999 6216/2909/998 6186/2874/968
f 6188/2877/970 6218/2910/1000 6220/2911/1002 6190/2878/972
f 6190/2878/972 6220/2911/1002 6219/2912/1001 6189/2880/971
f 6191/2882/973 6221/2913/1003 6223/2657/789 6193/2883/975
f 6193/2883/975 6223/2657/789 6222/2914/1004 6192/2884/974
f 6194/2885/976 6224/2915/1005 6226/2656/1007 6196/2886/978
f 6196/2886/978 6226/2656/1007 6225/2916/1006 6195/2887/977
f 6197/2888/979 6227/2917/1008 6229/2663/1010 6199/2889/981
f 6199/2889/981 6229/2663/1010 6228/2918/1009 6198/2890/980
f 6200/2891/982 6230/2919/1011 6232/2920/1013 6202/2892/984
f 6202/2892/984 6232/2920/1013 6231/2921/1012 6201/2893/983
f 6203/2894/985 6233/2922/1014 6235/1155/1016 6205/2895/987
f 6205/2896/987 6235/2923/1016 6234/2924/1015 6204/2897/986
f 6206/2898/988 6236/2925/1017 6238/2926/861 6208/2899/990
f 6208/2899/990 6238/2926/861 6237/2927/1018 6207/2900/989
f 6209/2901/991 6239/2928/1019 6241/2929/1021 6211/2902/993
f 6211/2902/993 6241/2929/1021 6240/2930/1020 6210/2903/992
f 6212/2904/994 6242/2931/1022 6244/2660/1024 6214/2905/996
f 6214/2905/996 6244/2660/1024 6243/2932/1023 6213/2906/995
f 6215/2907/997 6245/2933/1025 6247/2934/1027 6217/2908/999
f 6217/2908/999 6247/2934/1027 6246/2935/1026 6216/2909/998
f 6218/2910/1000 6248/2936/1028 6250/2937/1030 6220/2911/1002
f 6220/2911/1002 6250/2937/1030 6249/2938/1029 6219/2912/1001
f 6221/2913/1003 6251/2939/1031 6253/2940/1033 6223/2657/789
f 6223/2657/789 6253/2940/1033 6252/2941/1032 6222/2914/1004
f 6224/2915/1005 6254/2942/1034 6256/2943/1036 6226/2656/1007
f 6226/2656/1007 6256/2943/1036 6255/2944/1035 6225/2916/1006
f 6227/2917/1008 6257/2945/1037 6259/2946/1039 6229/2663/1010
f 6229/2663/1010 6259/2946/1039 6258/2947/1038 6228/2918/1009
f 6230/2919/1011 6260/2948/1040 6262/2949/1042 6232/2920/1013
f 6232/2920/1013 6262/2949/1042 6261/2950/1041 6231/2921/1012
f 6233/2922/1014 6263/2951/1043 6265/2952/1045 6235/1155/1016
f 6235/2923/1016 6265/2953/1045 6264/2954/1044 6234/2924/1015
f 6236/2925/1017 6266/2955/1046 6268/2956/1048 6238/2926/861
f 6238/2926/861 6268/2956/1048 6267/2957/1047 6237/2927/1018
f 6239/2928/1019 6269/2958/1049 6271/2959/1051 6241/2929/1021
f 6241/2929/1021 6271/2959/1051 6270/2960/1050 6240/2930/1020
f 6242/2931/1022 6272/2961/1052 6274/2962/1054 6244/2660/1024
f 6244/2660/1024 6274/2962/1054 6273/2963/1053 6243/2932/1023
f 6245/2933/1025 6275/2964/1055 6277/2965/1057 6247/2934/1027
f 6247/2934/1027 6277/2965/1057 6276/2966/1056 6246/2935/1026
f 6248/2936/1028 6278/2967/1058 6280/2968/1060 6250/2937/1030
f 6250/2937/1030 6280/2968/1060 6279/2969/1059 6249/2938/1029
f 6251/2939/1031 6281/2970/1061 6283/2971/1063 6253/2940/1033
f 6253/2940/1033 6283/2971/1063 6282/2972/1062 6252/2941/1032
f 6254/2942/1034 6284/2973/1064 6286/2974/1066 6256/2943/1036
f 6256/2943/1036 6286/2974/1066 6285/2975/1065 6255/2944/1035
f 6257/2945/1037 6287/2976/1067 6289/2977/1069 6259/2946/1039
f 6259/2946/1039 6289/2977/1069 6288/2978/1068 6258/2947/1038
f 6260/2948/1040 6290/2979/1070 6292/2980/1072 6262/2949/1042
f 6262/2949/1042 6292/2980/1072 6291/2981/1071 6261/2950/1041
f 6263/2951/1043 6293/2982/1073 6295/2983/1075 6265/2952/1045
f 6265/2953/1045 6295/2984/1075 6294/2985/1074 6264/2954/1044
f 6266/2955/1046 6296/2986/1076 6298/2987/1078 6268/2956/1048
f 6268/2956/1048 6298/2987/1078 6297/2988/1077 6267/2957/1047
f 6269/2958/1049 6299/2989/1079 6301/2990/1081 6271/2959/1051
f 6271/2959/1051 6301/2990/1081 6300/2991/1080 6270/2960/1050
f 6272/2961/1052 6302/2992/1082 6304/2993/1084 6274/2962/1054
f 6274/2962/1054 6304/2993/1084 6303/2994/1083 6273/2963/1053
f 6275/2964/1055 6305/2995/1085 6307/2996/1087 6277/2965/1057
f 6277/2965/1057 6307/2996/1087 6306/2997/1086 6276/2966/1056
f 6278/2967/1058 6308/2998/1088 6310/2999/1090 6280/2968/1060
f 6280/2968/1060 6310/2999/1090 6309/3000/1089 6279/2969/1059
f 6281/2970/1061 6311/3001/1091 6313/3002/771 6283/2971/1063
f 6283/2971/1063 6313/3002/771 6312/3003/1092 6282/2972/1062
f 6284/2973/1064 6314/3004/1093 6316/2641/1095 6286/2974/1066
f 6286/2974/1066 6316/2641/1095 6315/3005/1094 6285/2975/1065
f 6287/2976/1067 6317/3006/1096 6319/3007/1098 6289/2977/1069
f 6289/2977/1069 6319/3007/1098 6318/3008/1097 6288/2978/1068
f 6290/2979/1070 6320/3009/1099 6322/3010/1101 6292/2980/1072
f 6292/2980/1072 6322/3010/1101 6321/3011/1100 6291/2981/1071
f 6293/2982/1073 6323/3012/1102 6325/2518/1104 6295/2983/1075
f 6295/2984/1075 6325/3013/1104 6324/3014/1103 6294/2985/1074
f 6296/2986/1076 6326/3015/1105 6328/3016/843 6298/2987/1078
f 6298/2987/1078 6328/3016/843 6327/3017/1106 6297/2988/1077
f 6299/2989/1079 6329/3018/1107 6331/3019/1109 6301/2990/1081
f 6301/2990/1081 6331/3019/1109 6330/3020/1108 6300/2991/1080
f 6302/2992/1082 6332/3021/1110 6334/2636/1112 6304/2993/1084
f 6304/2993/1084 6334/2636/1112 6333/3022/1111 6303/2994/1083
f 6305/2995/1085 6335/3023/1113 6337/3024/1115 6307/2996/1087
f 6307/2996/1087 6337/3024/1115 6336/3025/1114 6306/2997/1086
f 6308/2998/1088 6338/3026/1116 6340/2649/1118 6310/2999/1090
f 6310/2999/1090 6340/2649/1118 6339/3027/1117 6309/3000/1089
f 6311/3001/1091 6341/3028/1119 6343/3029/1121 6313/3002/771
f 6313/3002/771 6343/3029/1121 6342/3030/1120 6312/3003/1092
f 6314/3004/1093 6344/3031/1122 6346/3032/1124 6316/2641/1095
f 6316/2641/1095 6346/3032/1124 6345/3033/1123 6315/3005/1094
f 6317/3006/1096 6347/3034/1125 6349/3035/1127 6319/3007/1098
f 6319/3007/1098 6349/3035/1127 6348/3036/1126 6318/3008/1097
f 6320/3009/1099 6350/3037/1128 6352/3038/1130 6322/3010/1101
f 6322/3010/1101 6352/3038/1130 6351/3039/1129 6321/3011/1100
f 6323/3012/1102 6353/3040/1131 6355/3041/1133 6325/2518/1104
f 6325/3013/1104 6355/3042/1133 6354/3043/1132 6324/3014/1103
f 6326/3015/1105 6356/3044/1134 6358/3045/1136 6328/3016/843
f 6328/3016/843 6358/3045/1136 6357/3046/1135 6327/3017/1106
f 6329/3018/1107 6359/3047/1137 6361/3048/1139 6331/3019/1109
f 6331/3019/1109 6361/3048/1139 6360/3049/1138 6330/3020/1108
f 6332/3021/1110 6362/3050/1140 6364/3051/1142 6334/2636/1112
f 6334/2636/1112 6364/3051/1142 6363/3052/1141 6333/3022/1111
f 6335/3023/1113 6365/3053/1143 6367/3054/1145 6337/3024/1115
f 6337/3024/1115 6367/3054/1145 6366/3055/1144 6336/3025/1114
f 6338/3026/1116 6368/3056/1146 6370/3057/1148 6340/2649/1118
f 6340/2649/1118 6370/3057/1148 6369/3058/1147 6339/3027/1117
f 6341/3028/1119 6371/3059/1149 6373/3060/1151 6343/3029/1121
f 6343/3029/1121 6373/3060/1151 6372/3061/1150 6342/3030/1120
f 6344/3031/1122 6374/3062/1152 6376/3063/1154 6346/3032/1124
f 6346/3032/1124 6376/3063/1154 6375/3064/1153 6345/3033/1123
f 6347/3034/1125 6377/3065/1155 6379/3066/1157 6349/3035/1127
f 6349/3035/1127 6379/3066/1157 6378/3067/1156 6348/3036/1126
f 6350/3037/1128 6380/3068/1158 6382/3069/1160 6352/3038/1130
f 6352/3038/1130 6382/3069/1160 6381/3070/1159 6351/3039/1129
f 6353/3040/1131 6383/3071/1161 6385/3072/1163 6355/3041/1133
f 6355/3042/1133 6385/3073/1163 6384/3074/1162 6354/3043/1132
f 6356/3044/1134 6386/3075/1164 6388/3076/1166 6358/3045/1136
f 6358/3045/1136 6388/3076/1166 6387/3077/1165 6357/3046/1135
f 6359/3047/1137 6389/3078/1167 6391/3079/1169 6361/3048/1139
f 6361/3048/1139 6391/3079/1169 6390/3080/1168 6360/3049/1138
f 6362/3050/1140 6392/3081/1170 6394/3082/1172 6364/3051/1142
f 6364/3051/1142 6394/3082/1172 6393/3083/1171 6363/3052/1141
f 6365/3053/1143 6395/3084/1173 6397/3085/1175 6367/3054/1145
f 6367/3054/1145 6397/3085/1175 6396/3086/1174 6366/3055/1144
f 6368/3056/1146 6398/3087/1176 6400/3088/1178 6370/3057/1148
f 6370/3057/1148 6400/3088/1178 6399/3089/1177 6369/3058/1147
f 6371/3059/1149 6401/3090/1179 6403/3091/897 6373/3060/1151
f 6373/3060/1151 6403/3091/897 6402/3092/1180 6372/3061/1150
f 6374/3062/1152 6404/3093/1181 6406/3094/1183 6376/3063/1154
f 6376/3063/1154 6406/3094/1183 6405/3095/1182 6375/3064/1153
f 6377/3065/1155 6407/3096/1184 6409/3097/1186 6379/3066/1157
f 6379/3066/1157 6409/3097/1186 6408/3098/1185 6378/3067/1156
f 6380/3068/1158 6410/3099/1187 6412/3100/1189 6382/3069/1160
f 6382/3069/1160 6412/3100/1189 6411/3101/1188 6381/3070/1159
f 6383/3071/1161 6413/3102/1190 6415/3103/1192 6385/3072/1163
f 6385/3073/1163 6415/3104/1192 6414/3105/1191 6384/3074/1162
f 6386/3075/1164 6416/3106/1193 6418/3107/825 6388/3076/1166
f 6388/3076/1166 6418/3107/825 6417/3108/1194 6387/3077/1165
f 6389/3078/1167 6419/3109/1195 6421/3110/1197 6391/3079/1169
f 6391/3079/1169 6421/3110/1197 6420/3111/1196 6390/3080/1168
f 6392/3081/1170 6422/3112/1198 6424/3113/1200 6394/3082/1172
f 6394/3082/1172 6424/3113/1200 6423/3114/1199 6393/3083/1171
f 6395/3084/1173 6425/3115/1201 6427/3116/1203 6397/3085/1175
f 6397/3085/1175 6427/3116/1203 6426/3117/1202 6396/3086/1174
f 6398/3087/1176 6428/3118/1204 6430/3119/1206 6400/3088/1178
f 6400/3088/1178 6430/3119/1206 6429/3120/1205 6399/3089/1177
f 6401/3090/1179 6431/3121/1207 6433/3122/1209 6403/3091/897
f 6403/3091/897 6433/3122/1209 6432/3123/1208 6402/3092/1180
f 6404/3093/1181 6434/3124/1210 6436/3125/1212 6406/3094/1183
f 6406/3094/1183 6436/3125/1212 6435/3126/1211 6405/3095/1182
f 6407/3096/1184 6437/3127/1213 6439/3128/1215 6409/3097/1186
f 6409/3097/1186 6439/3128/1215 6438/3129/1214 6408/3098/1185
f 6410/3099/1187 6440/3130/1216 6442/3131/1218 6412/3100/1189
f 6412/3100/1189 6442/3131/1218 6441/3132/1217 6411/3101/1188
f 6413/3102/1190 6443/3133/1219 6445/3134/1221 6415/3103/1192
f 6415/3104/1192 6445/3135/1221 6444/3136/1220 6414/3105/1191
f 6416/3106/1193 6446/3137/1222 6448/3138/1224 6418/3107/825
f 6418/3107/825 6448/3138/1224 6447/3139/1223 6417/3108/1194
f 6419/3109/1195 6449/3140/1225 6451/3141/1227 6421/3110/1197
f 6421/3110/1197 6451/3141/1227 6450/3142/1226 6420/3111/1196
f 6422/3112/1198 6452/3143/1228 6454/3144/1230 6424/3113/1200
f 6424/3113/1200 6454/3144/1230 6453/3145/1229 6423/3114/1199
f 6425/3115/1201 6455/3146/1231 6457/3147/1233 6427/3116/1203
f 6427/3116/1203 6457/3147/1233 6456/3148/1232 6426/3117/1202
f 6428/3118/1204 6458/3149/1234 6460/3150/1236 6430/3119/1206
f 6430/3119/1206 6460/3150/1236 6459/3151/1235 6429/3120/1205
f 6431/3121/1207 6461/3152/1237 6463/3153/1239 6433/3122/1209
f 6433/3122/1209 6463/3153/1239 6462/3154/1238 6432/3123/1208
f 6434/3124/1210 6464/3155/1240 6466/3156/1242 6436/3125/1212
f 6436/3125/1212 6466/3156/1242 6465/3157/1241 6435/3126/1211
f 6437/3127/1213 6467/3158/1243 6469/3159/1245 6439/3128/1215
f 6439/3128/1215 6469/3159/1245 6468/3160/1244 6438/3129/1214
f 6440/3130/1216 6470/3161/1246 6472/3162/1248 6442/3131/1218
f 6442/3131/1218 6472/3162/1248 6471/3163/1247 6441/3132/1217
f 6443/3133/1219 6473/3164/1249 6475/3165/1251 6445/3134/1221
f 6445/3135/1221 6475/3166/1251 6474/3167/1250 6444/3136/1220
f 6446/3137/1222 6476/3168/1252 6478/3169/1254 6448/3138/1224
f 6448/3138/1224 6478/3169/1254 6477/3170/1253 6447/3139/1223
f 6449/3140/1225 6479/3171/1255 6481/3172/1257 6451/3141/1227
f 6451/3141/1227 6481/3172/1257 6480/3173/1256 6450/3142/1226
f 6452/3143/1228 6482/3174/1258 6484/3175/1260 6454/3144/1230
f 6454/3144/1230 6484/3175/1260 6483/3176/1259 6453/3145/1229
f 6455/3146/1231 6485/3177/1261 6487/3178/1263 6457/3147/1233
f 6457/3147/1233 6487/3178/1263 6486/3179/1262 6456/3148/1232
f 6458/3149/1234 6488/3180/1264 6490/3181/1266 6460/3150/1236
f 6460/3150/1236 6490/3181/1266 6489/3182/1265 6459/3151/1235
f 6461/3152/1237 6491/3183/1267 6493/3184/879 6463/3153/1239
f 6463/3153/1239 6493/3184/879 6492/3185/1268 6462/3154/1238
f 6464/3155/1240 6494/3186/1269 6496/3187/1271 6466/3156/1242
f 6466/3156/1242 6496/3187/1271 6495/3188/1270 6465/3157/1241
f 6467/3158/1243 6497/3189/1272 6499/3190/1274 6469/3159/1245
f 6469/3159/1245 6499/3190/1274 6498/3191/1273 6468/3160/1244
f 6470/3161/1246 6500/3192/1275 6502/3193/1277 6472/3162/1248
f 6472/3162/1248 6502/3193/1277 6501/3194/1276 6471/3163/1247
f 6473/3164/1249 6503/3195/1278 6505/3196/1280 6475/3165/1251
f 6475/3166/1251 6505/3197/1280 6504/3198/1279 6474/3167/1250
f 6476/3168/1252 6506/3199/1281 6508/3200/807 6478/3169/1254
f 6478/3169/1254 6508/3200/807 6507/3201/1282 6477/3170/1253
f 6479/3171/1255 6509/3202/1283 6511/3203/1285 6481/3172/1257
f 6481/3172/1257 6511/3203/1285 6510/3204/1284 6480/3173/1256
f 6482/3174/1258 6512/3205/1286 6514/3206/1288 6484/3175/1260
f 6484/3175/1260 6514/3206/1288 6513/3207/1287 6483/3176/1259
f 6485/3177/1261 6515/3208/1289 6517/3209/1291 6487/3178/1263
f 6487/3178/1263 6517/3209/1291 6516/3210/1290 6486/3179/1262
f 6488/3180/1264 6518/3211/1292 6520/3212/1294 6490/3181/1266
f 6490/3181/1266 6520/3212/1294 6519/3213/1293 6489/3182/1265
f 6491/3214/1267 6521/3215/1295 6523/3216/960 6493/3217/879
f 6493/3217/879 6523/3216/960 6522/3218/1296 6492/3219/1268
f 6494/3220/1269 6524/3221/1297 6526/3222/1299 6496/3223/1271
f 6496/3223/1271 6526/3222/1299 6525/3224/1298 6495/3225/1270
f 6497/3226/1272 6527/3227/1300 6529/3228/1302 6499/3229/1274
f 6499/3229/1274 6529/3228/1302 6528/3230/1301 6498/3231/1273
f 6500/3232/1275 6530/3233/1303 6532/3234/1305 6502/3235/1277
f 6502/3235/1277 6532/3234/1305 6531/3236/1304 6501/3237/1276
f 6503/3238/1278 6533/3239/1306 6535/3240/1308 6505/3241/1280
f 6505/3242/1280 6535/3243/1308 6534/3244/1307 6504/3245/1279
f 6506/3246/1281 6536/3247/1309 6538/3248/945 6508/3249/807
f 6508/3249/807 6538/3248/945 6537/3250/1310 6507/3251/1282
f 6509/3252/1283 6539/3253/1311 6541/3254/1313 6511/3255/1285
f 6511/3255/1285 6541/3254/1313 6540/3256/1312 6510/3257/1284
f 6512/3258/1286 6542/3259/1314 6544/3260/1316 6514/3261/1288
f 6514/3261/1288 6544/3260/1316 6543/3262/1315 6513/3263/1287
f 6515/3264/1289 6545/3265/1317 6547/3266/1319 6517/3267/1291
f 6517/3267/1291 6547/3266/1319 6546/3268/1318 6516/3269/1290
f 6518/3270/1292 6548/3271/1320 6550/3272/1322 6520/3273/1294
f 6520/3273/1294 6550/3272/1322 6549/3274/1321 6519/3275/1293
f 6521/3215/1295 6551/3276/1323 6553/3277/990 6523/3216/960
f 6523/3216/960 6553/3277/990 6552/3278/1324 6522/3218/1296
f 6524/3221/1297 6554/3279/1325 6556/3280/1327 6526/3222/1299
f 6526/3222/1299 6556/3280/1327 6555/3281/1326 6525/3224/1298
f 6527/3227/1300 6557/3282/1328 6559/3283/1330 6529/3228/1302
f 6529/3228/1302 6559/3283/1330 6558/3284/1329 6528/3230/1301
f 6530/3233/1303 6560/3285/1331 6562/3286/1333 6532/3234/1305
f 6532/3234/1305 6562/3286/1333 6561/3287/1332 6531/3236/1304
f 6533/3239/1306 6563/3288/1334 6565/3289/1336 6535/3240/1308
f 6535/3243/1308 6565/3290/1336 6564/3291/1335 6534/3244/1307
f 6536/3247/1309 6566/3292/1337 6568/3293/975 6538/3248/945
f 6538/3248/945 6568/3293/975 6567/3294/1338 6537/3250/1310
f 6539/3253/1311 6569/3295/1339 6571/3296/1341 6541/3254/1313
f 6541/3254/1313 6571/3296/1341 6570/3297/1340 6540/3256/1312
f 6542/3259/1314 6572/3298/1342 6574/3299/1344 6544/3260/1316
f 6544/3260/1316 6574/3299/1344 6573/3300/1343 6543/3262/1315
f 6545/3265/1317 6575/3301/1345 6577/3302/1347 6547/3266/1319
f 6547/3266/1319 6577/3302/1347 6576/3303/1346 6546/3268/1318
f 6548/3271/1320 6578/3304/1348 6580/3305/1350 6550/3272/1322
f 6550/3272/1322 6580/3305/1350 6579/3306/1349 6549/3274/1321
f 6551/3276/1323 6581/3307/1351 6583/3308/861 6553/3277/990
f 6553/3277/990 6583/3308/861 6582/3309/1352 6552/3278/1324
f 6554/3279/1325 6584/3310/1353 6586/3311/1355 6556/3280/1327
f 6556/3280/1327 6586/3311/1355 6585/3312/1354 6555/3281/1326
f 6557/3282/1328 6587/3313/1356 6589/3314/1358 6559/3283/1330
f 6559/3283/1330 6589/3314/1358 6588/3315/1357 6558/3284/1329
f 6560/3285/1331 6590/3316/1359 6592/3317/1361 6562/3286/1333
f 6562/3286/1333 6592/3317/1361 6591/3318/1360 6561/3287/1332
f 6563/3288/1334 6593/3319/1362 6595/3320/1364 6565/3289/1336
f 6565/3290/1336 6595/3321/1364 6594/3322/1363 6564/3291/1335
f 6566/3292/1337 6596/3323/1365 6598/3324/789 6568/3293/975
f 6568/3293/975 6598/3324/789 6597/3325/1366 6567/3294/1338
f 6569/3295/1339 6599/3326/1367 6601/3327/1369 6571/3296/1341
f 6571/3296/1341 6601/3327/1369 6600/3328/1368 6570/3297/1340
f 6572/3298/1342 6602/3329/1370 6604/3330/1372 6574/3299/1344
f 6574/3299/1344 6604/3330/1372 6603/3331/1371 6573/3300/1343
f 6575/3301/1345 6605/3332/1373 6607/3333/1375 6577/3302/1347
f 6577/3302/1347 6607/3333/1375 6606/3334/1374 6576/3303/1346
f 6578/3304/1348 6608/3335/1376 6610/3336/1378 6580/3305/1350
f 6580/3305/1350 6610/3336/1378 6609/3337/1377 6579/3306/1349
f 6581/3307/1351 6611/3338/1379 6613/3339/1048 6583/3308/861
f 6583/3308/861 6613/3339/1048 6612/3340/1380 6582/3309/1352
f 6584/3310/1353 6614/3341/1381 6616/3342/1383 6586/3311/1355
f 6586/3311/1355 6616/3342/1383 6615/3343/1382 6585/3312/1354
f 6587/3313/1356 6617/3344/1384 6619/3345/1386 6589/3314/1358
f 6589/3314/1358 6619/3345/1386 6618/3346/1385 6588/3315/1357
f 6590/3316/1359 6620/3347/1387 6622/3348/1389 6592/3317/1361
f 6592/3317/1361 6622/3348/1389 6621/3349/1388 6591/3318/1360
f 6593/3319/1362 6623/3350/1390 6625/3351/1392 6595/3320/1364
f 6595/3321/1364 6625/3352/1392 6624/3353/1391 6594/3322/1363
f 6596/3323/1365 6626/3354/1393 6628/3355/1033 6598/3324/789
f 6598/3324/789 6628/3355/1033 6627/3356/1394 6597/3325/1366
f 6599/3326/1367 6629/3357/1395 6631/3358/1397 6601/3327/1369
f 6601/3327/1369 6631/3358/1397 6630/3359/1396 6600/3328/1368
f 6602/3329/1370 6632/3360/1398 6634/3361/1400 6604/3330/1372
f 6604/3330/1372 6634/3361/1400 6633/3362/1399 6603/3331/1371
f 6605/3332/1373 6635/3363/1401 6637/3364/1403 6607/3333/1375
f 6607/3333/1375 6637/3364/1403 6636/3365/1402 6606/3334/1374
f 6608/3335/1376 6638/3366/1404 6640/3367/1406 6610/3336/1378
f 6610/3336/1378 6640/3367/1406 6639/3368/1405 6609/3337/1377
f 6611/3338/1379 6641/3369/1407 6643/3370/1078 6613/3339/1048
f 6613/3339/1048 6643/3370/1078 6642/3371/1408 6612/3340/1380
f 6614/3341/1381 6644/3372/1409 6646/3373/1411 6616/3342/1383
f 6616/3342/1383 6646/3373/1411 6645/3374/1410 6615/3343/1382
f 6617/3344/1384 6647/3375/1412 6649/3376/1414 6619/3345/1386
f 6619/3345/1386 6649/3376/1414 6648/3377/1413 6618/3346/1385
f 6620/3347/1387 6650/3378/1415 6652/3379/1417 6622/3348/1389
f 6622/3348/1389 6652/3379/1417 6651/3380/1416 6621/3349/1388
f 6623/3350/1390 6653/3381/1418 6655/3382/1420 6625/3351/1392
f 6625/3352/1392 6655/3383/1420 6654/3384/1419 6624/3353/1391
f 6626/3354/1393 6656/3385/1421 6658/3386/1063 6628/3355/1033
f 6628/3355/1033 6658/3386/1063 6657/3387/1422 6627/3356/1394
f 6629/3357/1395 6659/3388/1423 6661/3389/1425 6631/3358/1397
f 6631/3358/1397 6661/3389/1425 6660/3390/1424 6630/3359/1396
f 6632/3360/1398 6662/3391/1426 6664/3392/1428 6634/3361/1400
f 6634/3361/1400 6664/3392/1428 6663/3393/1427 6633/3362/1399
f 6635/3363/1401 6665/3394/1429 6667/3395/1431 6637/3364/1403
f 6637/3364/1403 6667/3395/1431 6666/3396/1430 6636/3365/1402
f 6638/3366/1404 6668/3397/1432 6670/3398/1434 6640/3367/1406
f 6640/3367/1406 6670/3398/1434 6669/3399/1433 6639/3368/1405
f 6641/3369/1407 6671/3400/1435 6673/3401/843 6643/3370/1078
f 6643/3370/1078 6673/3401/843 6672/3402/1436 6642/3371/1408
f 6644/3372/1409 6674/3403/1437 6676/3404/1439 6646/3373/1411
f 6646/3373/1411 6676/3404/1439 6675/3405/1438 6645/3374/1410
f 6647/3375/1412 6677/3406/1440 6679/3407/1442 6649/3376/1414
f 6649/3376/1414 6679/3407/1442 6678/3408/1441 6648/3377/1413
f 6650/3378/1415 6680/3409/1443 6682/3410/1445 6652/3379/1417
f 6652/3379/1417 6682/3410/1445 6681/3411/1444 6651/3380/1416
f 6653/3381/1418 6683/3412/1446 6685/3413/1448 6655/3382/1420
f 6655/3383/1420 6685/3414/1448 6684/3415/1447 6654/3384/1419
f 6656/3385/1421 6686/3416/1449 6688/3417/771 6658/3386/1063
f 6658/3386/1063 6688/3417/771 6687/3418/1450 6657/3387/1422
f 6659/3388/1423 6689/3419/1451 6691/3420/1453 6661/3389/1425
f 6661/3389/1425 6691/3420/1453 6690/3421/1452 6660/3390/1424
f 6662/3391/1426 6692/3422/1454 6694/3423/1456 6664/3392/1428
f 6664/3392/1428 6694/3423/1456 6693/3424/1455 6663/3393/1427
f 6665/3394/1429 6695/3425/1457 6697/3426/1459 6667/3395/1431
f 6667/3395/1431 6697/3426/1459 6696/3427/1458 6666/3396/1430
f 6668/3397/1432 6698/3428/1460 6700/3429/1462 6670/3398/1434
f 6670/3398/1434 6700/3429/1462 6699/3430/1461 6669/3399/1433
f 6671/3400/1435 6701/3431/1463 6703/3432/1136 6673/3401/843
f 6673/3401/843 6703/3432/1136 6702/3433/1464 6672/3402/1436
f 6674/3403/1437 6704/3434/1465 6706/3435/1467 6676/3404/1439
f 6676/3404/1439 6706/3435/1467 6705/3436/1466 6675/3405/1438
f 6677/3406/1440 6707/3437/1468 6709/3438/1470 6679/3407/1442
f 6679/3407/1442 6709/3438/1470 6708/3439/1469 6678/3408/1441
f 6680/3409/1443 6710/3440/1471 6712/3441/1473 6682/3410/1445
f 6682/3410/1445 6712/3441/1473 6711/3442/1472 6681/3411/1444
f 6683/3412/1446 6713/3443/1474 6715/3444/1476 6685/3413/1448
f 6685/3414/1448 6715/3445/1476 6714/3446/1475 6684/3415/1447
f 6686/3416/1449 6716/3447/1477 6718/3448/1121 6688/3417/771
f 6688/3417/771 6718/3448/1121 6717/3449/1478 6687/3418/1450
f 6689/3419/1451 6719/3450/1479 6721/3451/1481 6691/3420/1453
f 6691/3420/1453 6721/3451/1481 6720/3452/1480 6690/3421/1452
f 6692/3422/1454 6722/3453/1482 6724/3454/1484 6694/3423/1456
f 6694/3423/1456 6724/3454/1484 6723/3455/1483 6693/3424/1455
f 6695/3425/1457 6725/3456/1485 6727/3457/1487 6697/3426/1459
f 6697/3426/1459 6727/3457/1487 6726/3458/1486 6696/3427/1458
f 6698/3428/1460 6728/3459/1488 6730/3460/1490 6700/3429/1462
f 6700/3429/1462 6730/3460/1490 6729/3461/1489 6699/3430/1461
f 6701/3431/1463 6731/3462/1491 6733/3463/1166 6703/3432/1136
f 6703/3432/1136 6733/3463/1166 6732/3464/1492 6702/3433/1464
f 6704/3434/1465 6734/3465/1493 6736/3466/1495 6706/3435/1467
f 6706/3435/1467 6736/3466/1495 6735/3467/1494 6705/3436/1466
f 6707/3437/1468 6737/3468/1496 6739/3469/1498 6709/3438/1470
f 6709/3438/1470 6739/3469/1498 6738/3470/1497 6708/3439/1469
f 6710/3440/1471 6740/3471/1499 6742/3472/1501 6712/3441/1473
f 6712/3441/1473 6742/3472/1501 6741/3473/1500 6711/3442/1472
f 6713/3443/1474 6743/3474/1502 6745/3475/1504 6715/3444/1476
f 6715/3445/1476 6745/3476/1504 6744/3477/1503 6714/3446/1475
f 6716/3447/1477 6746/3478/1505 6748/3479/1151 6718/3448/1121
f 6718/3448/1121 6748/3479/1151 6747/3480/1506 6717/3449/1478
f 6719/3450/1479 6749/3481/1507 6751/3482/1509 6721/3451/1481
f 6721/3451/1481 6751/3482/1509 6750/3483/1508 6720/3452/1480
f 6722/3453/1482 6752/3484/1510 6754/3485/1512 6724/3454/1484
f 6724/3454/1484 6754/3485/1512 6753/3486/1511 6723/3455/1483
f 6725/3456/1485 6755/3487/1513 6757/3488/1515 6727/3457/1487
f 6727/3457/1487 6757/3488/1515 6756/3489/1514 6726/3458/1486
f 6728/3459/1488 6758/3490/1516 6760/3491/1518 6730/3460/1490
f 6730/3460/1490 6760/3491/1518 6759/3492/1517 6729/3461/1489
f 6731/3462/1491 6761/3493/1519 6763/3494/825 6733/3463/1166
f 6733/3463/1166 6763/3494/825 6762/3495/1520 6732/3464/1492
f 6734/3465/1493 6764/3496/1521 6766/3497/1523 6736/3466/1495
f 6736/3466/1495 6766/3497/1523 6765/3498/1522 6735/3467/1494
f 6737/3468/1496 6767/3499/1524 6769/3500/1526 6739/3469/1498
f 6739/3469/1498 6769/3500/1526 6768/3501/1525 6738/3470/1497
f 6740/3471/1499 6770/3502/1527 6772/3503/1529 6742/3472/1501
f 6742/3472/1501 6772/3503/1529 6771/3504/1528 6741/3473/1500
f 6743/3474/1502 6773/3505/1530 6775/1978/1532 6745/3475/1504
f 6745/3476/1504 6775/3506/1532 6774/3507/1531 6744/3477/1503
f 6746/3478/1505 6776/3508/1533 6778/3509/897 6748/3479/1151
f 6748/3479/1151 6778/3509/897 6777/3510/1534 6747/3480/1506
f 6749/3481/1507 6779/3511/1535 6781/3512/1537 6751/3482/1509
f 6751/3482/1509 6781/3512/1537 6780/3513/1536 6750/3483/1508
f 6752/3484/1510 6782/3514/1538 6784/3515/1540 6754/3485/1512
f 6754/3485/1512 6784/3515/1540 6783/3516/1539 6753/3486/1511
f 6755/3487/1513 6785/3517/1541 6787/3518/1543 6757/3488/1515
f 6757/3488/1515 6787/3518/1543 6786/3519/1542 6756/3489/1514
f 6758/3490/1516 6788/3520/1544 6790/3521/1546 6760/3491/1518
f 6760/3491/1518 6790/3521/1546 6789/3522/1545 6759/3492/1517
f 6761/3493/1519 6791/3523/1547 6793/3524/1224 6763/3494/825
f 6763/3494/825 6793/3524/1224 6792/3525/1548 6762/3495/1520
f 6764/3496/1521 6794/3526/1549 6796/3527/1551 6766/3497/1523
f 6766/3497/1523 6796/3527/1551 6795/3528/1550 6765/3498/1522
f 6767/3499/1524 6797/3529/1552 6799/3530/1554 6769/3500/1526
f 6769/3500/1526 6799/3530/1554 6798/3531/1553 6768/3501/1525
f 6770/3502/1527 6800/3532/1555 6802/3533/1557 6772/3503/1529
f 6772/3503/1529 6802/3533/1557 6801/3534/1556 6771/3504/1528
f 6773/3505/1530 6803/3535/1558 6805/3536/1560 6775/1978/1532
f 6775/3506/1532 6805/3537/1560 6804/3538/1559 6774/3507/1531
f 6776/3508/1533 6806/3539/1561 6808/3540/1209 6778/3509/897
f 6778/3509/897 6808/3540/1209 6807/3541/1562 6777/3510/1534
f 6779/3511/1535 6809/3542/1563 6811/3543/1565 6781/3512/1537
f 6781/3512/1537 6811/3543/1565 6810/3544/1564 6780/3513/1536
f 6782/3514/1538 6812/3545/1566 6814/3546/1568 6784/3515/1540
f 6784/3515/1540 6814/3546/1568 6813/3547/1567 6783/3516/1539
f 6785/3517/1541 6815/3548/1569 6817/3549/1571 6787/3518/1543
f 6787/3518/1543 6817/3549/1571 6816/3550/1570 6786/3519/1542
f 6788/3520/1544 6818/3551/1572 6820/3552/1574 6790/3521/1546
f 6790/3521/1546 6820/3552/1574 6819/3553/1573 6789/3522/1545
f 6791/3523/1547 6821/3554/1575 6823/3555/1254 6793/3524/1224
f 6793/3524/1224 6823/3555/1254 6822/3556/1576 6792/3525/1548
f 6794/3526/1549 6824/3557/1577 6826/3558/1579 6796/3527/1551
f 6796/3527/1551 6826/3558/1579 6825/3559/1578 6795/3528/1550
f 6797/3529/1552 6827/3560/1580 6829/3561/1582 6799/3530/1554
f 6799/3530/1554 6829/3561/1582 6828/3562/1581 6798/3531/1553
f 6800/3532/1555 6830/3563/1583 6832/3564/1585 6802/3533/1557
f 6802/3533/1557 6832/3564/1585 6831/3565/1584 6801/3534/1556
f 6803/3535/1558 6833/3566/1586 6835/3567/1588 6805/3536/1560
f 6805/3537/1560 6835/3568/1588 6834/3569/1587 6804/3538/1559
f 6806/3539/1561 6836/3570/1589 6838/3571/1239 6808/3540/1209
f 6808/3540/1209 6838/3571/1239 6837/3572/1590 6807/3541/1562
f 6809/3542/1563 6839/3573/1591 6841/3574/1593 6811/3543/1565
f 6811/3543/1565 6841/3574/1593 6840/3575/1592 6810/3544/1564
f 6812/3545/1566 6842/3576/1594 6844/3577/1596 6814/3546/1568
f 6814/3546/1568 6844/3577/1596 6843/3578/1595 6813/3547/1567
f 6815/3548/1569 6845/3579/1597 6847/3580/1599 6817/3549/1571
f 6817/3549/1571 6847/3580/1599 6846/3581/1598 6816/3550/1570
f 6818/3551/1572 6848/3582/1600 6850/3583/1602 6820/3552/1574
f 6820/3552/1574 6850/3583/1602 6849/3584/1601 6819/3553/1573
f 6131/2825/915 6822/3556/1576 6823/3555/1254 6133/2823/807
f 6133/2823/807 6823/3555/1254 6821/3554/1575 6132/2820/916
f 6134/2831/917 6825/3559/1578 6826/3558/1579 6136/2829/919
f 6136/2829/919 6826/3558/1579 6824/3557/1577 6135/2826/918
f 6137/2837/920 6828/3562/1581 6829/3561/1582 6139/2835/922
f 6139/2835/922 6829/3561/1582 6827/3560/1580 6138/2832/921
f 6140/2843/923 6831/3565/1584 6832/3564/1585 6142/2841/925
f 6142/2841/925 6832/3564/1585 6830/3563/1583 6141/2838/924
f 6143/2851/926 6834/3569/1587 6835/3568/1588 6145/2848/928
f 6145/2847/928 6835/3567/1588 6833/3566/1586 6144/2844/927
f 6146/2857/929 6837/3572/1590 6838/3571/1239 6148/2855/879
f 6148/2855/879 6838/3571/1239 6836/3570/1589 6147/2852/930
f 6149/2863/931 6840/3575/1592 6841/3574/1593 6151/2861/933
f 6151/2861/933 6841/3574/1593 6839/3573/1591 6150/2858/932
f 6152/2869/934 6843/3578/1595 6844/3577/1596 6154/2867/936
f 6154/2867/936 6844/3577/1596 6842/3576/1594 6153/2864/935
f 6155/2875/937 6846/3581/1598 6847/3580/1599 6157/2873/939
f 6157/2873/939 6847/3580/1599 6845/3579/1597 6156/2870/938
f 6158/2881/940 6849/3584/1601 6850/3583/1602 6160/2879/942
f 6160/2879/942 6850/3583/1602 6848/3582/1600 6159/2876/941
f 6822/3556/1576 6131/2825/915 6135/2826/918 6824/3557/1577
f 6131/2825/915 6162/2824/944 6164/2827/946 6135/2826/918
f 6158/2881/940 6189/2880/971 6161/2821/943 6132/2820/916
f 6849/3584/1601 6158/2881/940 6132/2820/916 6821/3554/1575
f 6134/2831/917 6165/2830/947 6167/2833/949 6138/2832/921
f 6825/3559/1578 6134/2831/917 6138/2832/921 6827/3560/1580
f 6137/2837/920 6168/2836/950 6170/2839/952 6141/2838/924
f 6828/3562/1581 6137/2837/920 6141/2838/924 6830/3563/1583
f 6140/2843/923 6171/2842/953 6173/2845/955 6144/2844/927
f 6831/3565/1584 6140/2843/923 6144/2844/927 6833/3566/1586
f 6143/2851/926 6174/2850/956 6176/2853/958 6147/2852/930
f 6834/3569/1587 6143/2851/926 6147/2852/930 6836/3570/1589
f 6146/2857/929 6177/2856/959 6179/2859/961 6150/2858/932
f 6837/3572/1590 6146/2857/929 6150/2858/932 6839/3573/1591
f 6149/2863/931 6180/2862/962 6182/2865/964 6153/2864/935
f 6840/3575/1592 6149/2863/931 6153/2864/935 6842/3576/1594
f 6152/2869/934 6183/2868/965 6185/2871/967 6156/2870/938
f 6843/3578/1595 6152/2869/934 6156/2870/938 6845/3579/1597
f 6155/2875/937 6186/2874/968 6188/2877/970 6159/2876/941
f 6846/3581/1598 6155/2875/937 6159/2876/941 6848/3582/1600
f 6189/2880/971 6219/2912/1001 6191/2882/973 6161/2821/943
f 6162/2824/944 6192/2884/974 6194/2885/976 6164/2827/946
f 6165/2830/947 6195/2887/977 6197/2888/979 6167/2833/949
f 6168/2836/950 6198/2890/980 6200/2891/982 6170/2839/952
f 6171/2842/953 6201/2893/983 6203/2894/985 6173/2845/955
f 6174/2850/956 6204/2897/986 6206/2898/988 6176/2853/958
f 6177/2856/959 6207/2900/989 6209/2901/991 6179/2859/961
f 6180/2862/962 6210/2903/992 6212/2904/994 6182/2865/964
f 6183/2868/965 6213/2906/995 6215/2907/997 6185/2871/967
f 6186/2874/968 6216/2909/998 6218/2910/1000 6188/2877/970
f 6219/2912/1001 6249/2938/1029 6221/2913/1003 6191/2882/973
f 6192/2884/974 6222/2914/1004 6224/2915/1005 6194/2885/976
f 6195/2887/977 6225/2916/1006 6227/2917/1008 6197/2888/979
f 6198/2890/980 6228/2918/1009 6230/2919/1011 6200/2891/982
f 6201/2893/983 6231/2921/1012 6233/2922/1014 6203/2894/985
f 6204/2897/986 6234/2924/1015 6236/2925/1017 6206/2898/988
f 6207/2900/989 6237/2927/1018 6239/2928/1019 6209/2901/991
f 6210/2903/992 6240/2930/1020 6242/2931/1022 6212/2904/994
f 6213/2906/995 6243/2932/1023 6245/2933/1025 6215/2907/997
f 6216/2909/998 6246/2935/1026 6248/2936/1028 6218/2910/1000
f 6249/2938/1029 6279/2969/1059 6251/2939/1031 6221/2913/1003
f 6222/2914/1004 6252/2941/1032 6254/2942/1034 6224/2915/1005
f 6225/2916/1006 6255/2944/1035 6257/2945/1037 6227/2917/1008
f 6228/2918/1009 6258/2947/1038 6260/2948/1040 6230/2919/1011
f 6231/2921/1012 6261/2950/1041 6263/2951/1043 6233/2922/1014
f 6234/2924/1015 6264/2954/1044 6266/2955/1046 6236/2925/1017
f 6237/2927/1018 6267/2957/1047 6269/2958/1049 6239/2928/1019
f 6240/2930/1020 6270/2960/1050 6272/2961/1052 6242/2931/1022
f 6243/2932/1023 6273/2963/1053 6275/2964/1055 6245/2933/1025
f 6246/2935/1026 6276/2966/1056 6278/2967/1058 6248/2936/1028
f 6279/2969/1059 6309/3000/1089 6281/2970/1061 6251/2939/1031
f 6252/2941/1032 6282/2972/1062 6284/2973/1064 6254/2942/1034
f 6255/2944/1035 6285/2975/1065 6287/2976/1067 6257/2945/1037
f 6258/2947/1038 6288/2978/1068 6290/2979/1070 6260/2948/1040
f 6261/2950/1041 6291/2981/1071 6293/2982/1073 6263/2951/1043
f 6264/2954/1044 6294/2985/1074 6296/2986/1076 6266/2955/1046
f 6267/2957/1047 6297/2988/1077 6299/2989/1079 6269/2958/1049
f 6270/2960/1050 6300/2991/1080 6302/2992/1082 6272/2961/1052
f 6273/2963/1053 6303/2994/1083 6305/2995/1085 6275/2964/1055
f 6276/2966/1056 6306/2997/1086 6308/2998/1088 6278/2967/1058
f 6309/3000/1089 6339/3027/1117 6311/3001/1091 6281/2970/1061
f 6282/2972/1062 6312/3003/1092 6314/3004/1093 6284/2973/1064
f 6285/2975/1065 6315/3005/1094 6317/3006/1096 6287/2976/1067
f 6288/2978/1068 6318/3008/1097 6320/3009/1099 6290/2979/1070
f 6291/2981/1071 6321/3011/1100 6323/3012/1102 6293/2982/1073
f 6294/2985/1074 6324/3014/1103 6326/3015/1105 6296/2986/1076
f 6297/2988/1077 6327/3017/1106 6329/3018/1107 6299/2989/1079
f 6300/2991/1080 6330/3020/1108 6332/3021/1110 6302/2992/1082
f 6303/2994/1083 6333/3022/1111 6335/3023/1113 6305/2995/1085
f 6306/2997/1086 6336/3025/1114 6338/3026/1116 6308/2998/1088
f 6339/3027/1117 6369/3058/1147 6341/3028/1119 6311/3001/1091
f 6312/3003/1092 6342/3030/1120 6344/3031/1122 6314/3004/1093
f 6315/3005/1094 6345/3033/1123 6347/3034/1125 6317/3006/1096
f 6318/3008/1097 6348/3036/1126 6350/3037/1128 6320/3009/1099
f 6321/3011/1100 6351/3039/1129 6353/3040/1131 6323/3012/1102
f 6324/3014/1103 6354/3043/1132 6356/3044/1134 6326/3015/1105
f 6327/3017/1106 6357/3046/1135 6359/3047/1137 6329/3018/1107
f 6330/3020/1108 6360/3049/1138 6362/3050/1140 6332/3021/1110
f 6333/3022/1111 6363/3052/1141 6365/3053/1143 6335/3023/1113
f 6336/3025/1114 6366/3055/1144 6368/3056/1146 6338/3026/1116
f 6369/3058/1147 6399/3089/1177 6371/3059/1149 6341/3028/1119
f 6342/3030/1120 6372/3061/1150 6374/3062/1152 6344/3031/1122
f 6345/3033/1123 6375/3064/1153 6377/3065/1155 6347/3034/1125
f 6348/3036/1126 6378/3067/1156 6380/3068/1158 6350/3037/1128
f 6351/3039/1129 6381/3070/1159 6383/3071/1161 6353/3040/1131
f 6354/3043/1132 6384/3074/1162 6386/3075/1164 6356/3044/1134
f 6357/3046/1135 6387/3077/1165 6389/3078/1167 6359/3047/1137
f 6360/3049/1138 6390/3080/1168 6392/3081/1170 6362/3050/1140
f 6363/3052/1141 6393/3083/1171 6395/3084/1173 6365/3053/1143
f 6366/3055/1144 6396/3086/1174 6398/3087/1176 6368/3056/1146
f 6399/3089/1177 6429/3120/1205 6401/3090/1179 6371/3059/1149
f 6372/3061/1150 6402/3092/1180 6404/3093/1181 6374/3062/1152
f 6375/3064/1153 6405/3095/1182 6407/3096/1184 6377/3065/1155
f 6378/3067/1156 6408/3098/1185 6410/3099/1187 6380/3068/1158
f 6381/3070/1159 6411/3101/1188 6413/3102/1190 6383/3071/1161
f 6384/3074/1162 6414/3105/1191 6416/3106/1193 6386/3075/1164
f 6387/3077/1165 6417/3108/1194 6419/3109/1195 6389/3078/1167
f 6390/3080/1168 6420/3111/1196 6422/3112/1198 6392/3081/1170
f 6393/3083/1171 6423/3114/1199 6425/3115/1201 6395/3084/1173
f 6396/3086/1174 6426/3117/1202 6428/3118/1204 6398/3087/1176
f 6429/3120/1205 6459/3151/1235 6431/3121/1207 6401/3090/1179
f 6402/3092/1180 6432/3123/1208 6434/3124/1210 6404/3093/1181
f 6405/3095/1182 6435/3126/1211 6437/3127/1213 6407/3096/1184
f 6408/3098/1185 6438/3129/1214 6440/3130/1216 6410/3099/1187
f 6411/3101/1188 6441/3132/1217 6443/3133/1219 6413/3102/1190
f 6414/3105/1191 6444/3136/1220 6446/3137/1222 6416/3106/1193
f 6417/3108/1194 6447/3139/1223 6449/3140/1225 6419/3109/1195
f 6420/3111/1196 6450/3142/1226 6452/3143/1228 6422/3112/1198
f 6423/3114/1199 6453/3145/1229 6455/3146/1231 6425/3115/1201
f 6426/3117/1202 6456/3148/1232 6458/3149/1234 6428/3118/1204
f 6459/3151/1235 6489/3182/1265 6461/3152/1237 6431/3121/1207
f 6432/3123/1208 6462/3154/1238 6464/3155/1240 6434/3124/1210
f 6435/3126/1211 6465/3157/1241 6467/3158/1243 6437/3127/1213
f 6438/3129/1214 6468/3160/1244 6470/3161/1246 6440/3130/1216
f 6441/3132/1217 6471/3163/1247 6473/3164/1249 6443/3133/1219
f 6444/3136/1220 6474/3167/1250 6476/3168/1252 6446/3137/1222
f 6447/3139/1223 6477/3170/1253 6479/3171/1255 6449/3140/1225
f 6450/3142/1226 6480/3173/1256 6482/3174/1258 6452/3143/1228
f 6453/3145/1229 6483/3176/1259 6485/3177/1261 6455/3146/1231
f 6456/3148/1232 6486/3179/1262 6488/3180/1264 6458/3149/1234
f 6489/3182/1265 6519/3213/1293 6491/3183/1267 6461/3152/1237
f 6462/3154/1238 6492/3185/1268 6494/3186/1269 6464/3155/1240
f 6465/3157/1241 6495/3188/1270 6497/3189/1272 6467/3158/1243
f 6468/3160/1244 6498/3191/1273 6500/3192/1275 6470/3161/1246
f 6471/3163/1247 6501/3194/1276 6503/3195/1278 6473/3164/1249
f 6474/3167/1250 6504/3198/1279 6506/3199/1281 6476/3168/1252
f 6477/3170/1253 6507/3201/1282 6509/3202/1283 6479/3171/1255
f 6480/3173/1256 6510/3204/1284 6512/3205/1286 6482/3174/1258
f 6483/3176/1259 6513/3207/1287 6515/3208/1289 6485/3177/1261
f 6486/3179/1262 6516/3210/1290 6518/3211/1292 6488/3180/1264
f 6519/3275/1293 6549/3274/1321 6521/3215/1295 6491/3214/1267
f 6492/3219/1268 6522/3218/1296 6524/3221/1297 6494/3220/1269
f 6495/3225/1270 6525/3224/1298 6527/3227/1300 6497/3226/1272
f 6498/3231/1273 6528/3230/1301 6530/3233/1303 6500/3232/1275
f 6501/3237/1276 6531/3236/1304 6533/3239/1306 6503/3238/1278
f 6504/3245/1279 6534/3244/1307 6536/3247/1309 6506/3246/1281
f 6507/3251/1282 6537/3250/1310 6539/3253/1311 6509/3252/1283
f 6510/3257/1284 6540/3256/1312 6542/3259/1314 6512/3258/1286
f 6513/3263/1287 6543/3262/1315 6545/3265/1317 6515/3264/1289
f 6516/3269/1290 6546/3268/1318 6548/3271/1320 6518/3270/1292
f 6549/3274/1321 6579/3306/1349 6551/3276/1323 6521/3215/1295
f 6522/3218/1296 6552/3278/1324 6554/3279/1325 6524/3221/1297
f 6525/3224/1298 6555/3281/1326 6557/3282/1328 6527/3227/1300
f 6528/3230/1301 6558/3284/1329 6560/3285/1331 6530/3233/1303
f 6531/3236/1304 6561/3287/1332 6563/3288/1334 6533/3239/1306
f 6534/3244/1307 6564/3291/1335 6566/3292/1337 6536/3247/1309
f 6537/3250/1310 6567/3294/1338 6569/3295/1339 6539/3253/1311
f 6540/3256/1312 6570/3297/1340 6572/3298/1342 6542/3259/1314
f 6543/3262/1315 6573/3300/1343 6575/3301/1345 6545/3265/1317
f 6546/3268/1318 6576/3303/1346 6578/3304/1348 6548/3271/1320
f 6579/3306/1349 6609/3337/1377 6581/3307/1351 6551/3276/1323
f 6552/3278/1324 6582/3309/1352 6584/3310/1353 6554/3279/1325
f 6555/3281/1326 6585/3312/1354 6587/3313/1356 6557/3282/1328
f 6558/3284/1329 6588/3315/1357 6590/3316/1359 6560/3285/1331
f 6561/3287/1332 6591/3318/1360 6593/3319/1362 6563/3288/1334
f 6564/3291/1335 6594/3322/1363 6596/3323/1365 6566/3292/1337
f 6567/3294/1338 6597/3325/1366 6599/3326/1367 6569/3295/1339
f 6570/3297/1340 6600/3328/1368 6602/3329/1370 6572/3298/1342
f 6573/3300/1343 6603/3331/1371 6605/3332/1373 6575/3301/1345
f 6576/3303/1346 6606/3334/1374 6608/3335/1376 6578/3304/1348
f 6609/3337/1377 6639/3368/1405 6611/3338/1379 6581/3307/1351
f 6582/3309/1352 6612/3340/1380 6614/3341/1381 6584/3310/1353
f 6585/3312/1354 6615/3343/1382 6617/3344/1384 6587/3313/1356
f 6588/3315/1357 6618/3346/1385 6620/3347/1387 6590/3316/1359
f 6591/3318/1360 6621/3349/1388 6623/3350/1390 6593/3319/1362
f 6594/3322/1363 6624/3353/1391 6626/3354/1393 6596/3323/1365
f 6597/3325/1366 6627/3356/1394 6629/3357/1395 6599/3326/1367
f 6600/3328/1368 6630/3359/1396 6632/3360/1398 6602/3329/1370
f 6603/3331/1371 6633/3362/1399 6635/3363/1401 6605/3332/1373
f 6606/3334/1374 6636/3365/1402 6638/3366/1404 6608/3335/1376
f 6639/3368/1405 6669/3399/1433 6641/3369/1407 6611/3338/1379
f 6612/3340/1380 6642/3371/1408 6644/3372/1409 6614/3341/1381
f 6615/3343/1382 6645/3374/1410 6647/3375/1412 6617/3344/1384
f 6618/3346/1385 6648/3377/1413 6650/3378/1415 6620/3347/1387
f 6621/3349/1388 6651/3380/1416 6653/3381/1418 6623/3350/1390
f 6624/3353/1391 6654/3384/1419 6656/3385/1421 6626/3354/1393
f 6627/3356/1394 6657/3387/1422 6659/3388/1423 6629/3357/1395
f 6630/3359/1396 6660/3390/1424 6662/3391/1426 6632/3360/1398
f 6633/3362/1399 6663/3393/1427 6665/3394/1429 6635/3363/1401
f 6636/3365/1402 6666/3396/1430 6668/3397/1432 6638/3366/1404
f 6669/3399/1433 6699/3430/1461 6671/3400/1435 6641/3369/1407
f 6642/3371/1408 6672/3402/1436 6674/3403/1437 6644/3372/1409
f 6645/3374/1410 6675/3405/1438 6677/3406/1440 6647/3375/1412
f 6648/3377/1413 6678/3408/1441 6680/3409/1443 6650/3378/1415
f 6651/3380/1416 6681/3411/1444 6683/3412/1446 6653/3381/1418
f 6654/3384/1419 6684/3415/1447 6686/3416/1449 6656/3385/1421
f 6657/3387/1422 6687/3418/1450 6689/3419/1451 6659/3388/1423
f 6660/3390/1424 6690/3421/1452 6692/3422/1454 6662/3391/1426
f 6663/3393/1427 6693/3424/1455 6695/3425/1457 6665/3394/1429
f 6666/3396/1430 6696/3427/1458 6698/3428/1460 6668/3397/1432
f 6699/3430/1461 6729/3461/1489 6701/3431/1463 6671/3400/1435
f 6672/3402/1436 6702/3433/1464 6704/3434/1465 6674/3403/1437
f 6675/3405/1438 6705/3436/1466 6707/3437/1468 6677/3406/1440
f 6678/3408/1441 6708/3439/1469 6710/3440/1471 6680/3409/1443
f 6681/3411/1444 6711/3442/1472 6713/3443/1474 6683/3412/1446
f 6684/3415/1447 6714/3446/1475 6716/3447/1477 6686/3416/1449
f 6687/3418/1450 6717/3449/1478 6719/3450/1479 6689/3419/1451
f 6690/3421/1452 6720/3452/1480 6722/3453/1482 6692/3422/1454
f 6693/3424/1455 6723/3455/1483 6725/3456/1485 6695/3425/1457
f 6696/3427/1458 6726/3458/1486 6728/3459/1488 6698/3428/1460
f 6729/3461/1489 6759/3492/1517 6731/3462/1491 6701/3431/1463
f 6702/3433/1464 6732/3464/1492 6734/3465/1493 6704/3434/1465
f 6705/3436/1466 6735/3467/1494 6737/3468/1496 6707/3437/1468
f 6708/3439/1469 6738/3470/1497 6740/3471/1499 6710/3440/1471
f 6711/3442/1472 6741/3473/1500 6743/3474/1502 6713/3443/1474
f 6714/3446/1475 6744/3477/1503 6746/3478/1505 6716/3447/1477
f 6717/3449/1478 6747/3480/1506 6749/3481/1507 6719/3450/1479
f 6720/3452/1480 6750/3483/1508 6752/3484/1510 6722/3453/1482
f 6723/3455/1483 6753/3486/1511 6755/3487/1513 6725/3456/1485
f 6726/3458/1486 6756/3489/1514 6758/3490/1516 6728/3459/1488
f 6759/3492/1517 6789/3522/1545 6761/3493/1519 6731/3462/1491
f 6732/3464/1492 6762/3495/1520 6764/3496/1521 6734/3465/1493
f 6735/3467/1494 6765/3498/1522 6767/3499/1524 6737/3468/1496
f 6738/3470/1497 6768/3501/1525 6770/3502/1527 6740/3471/1499
f 6741/3473/1500 6771/3504/1528 6773/3505/1530 6743/3474/1502
f 6744/3477/1503 6774/3507/1531 6776/3508/1533 6746/3478/1505
f 6747/3480/1506 6777/3510/1534 6779/3511/1535 6749/3481/1507
f 6750/3483/1508 6780/3513/1536 6782/3514/1538 6752/3484/1510
f 6753/3486/1511 6783/3516/1539 6785/3517/1541 6755/3487/1513
f 6756/3489/1514 6786/3519/1542 6788/3520/1544 6758/3490/1516
f 6789/3522/1545 6819/3553/1573 6791/3523/1547 6761/3493/1519
f 6762/3495/1520 6792/3525/1548 6794/3526/1549 6764/3496/1521
f 6765/3498/1522 6795/3528/1550 6797/3529/1552 6767/3499/1524
f 6768/3501/1525 6798/3531/1553 6800/3532/1555 6770/3502/1527
f 6771/3504/1528 6801/3534/1556 6803/3535/1558 6773/3505/1530
f 6774/3507/1531 6804/3538/1559 6806/3539/1561 6776/3508/1533
f 6777/3510/1534 6807/3541/1562 6809/3542/1563 6779/3511/1535
f 6780/3513/1536 6810/3544/1564 6812/3545/1566 6782/3514/1538
f 6783/3516/1539 6813/3547/1567 6815/3548/1569 6785/3517/1541
f 6786/3519/1542 6816/3550/1570 6818/3551/1572 6788/3520/1544
f 6819/3553/1573 6849/3584/1601 6821/3554/1575 6791/3523/1547
f 6792/3525/1548 6822/3556/1576 6824/3557/1577 6794/3526/1549
f 6795/3528/1550 6825/3559/1578 6827/3560/1580 6797/3529/1552
f 6798/3531/1553 6828/3562/1581 6830/3563/1583 6800/3532/1555
f 6801/3534/1556 6831/3565/1584 6833/3566/1586 6803/3535/1558
f 6804/3538/1559 6834/3569/1587 6836/3570/1589 6806/3539/1561
f 6807/3541/1562 6837/3572/1590 6839/3573/1591 6809/3542/1563
f 6810/3544/1564 6840/3575/1592 6842/3576/1594 6812/3545/1566
f 6813/3547/1567 6843/3578/1595 6845/3579/1597 6815/3548/1569
f 6816/3550/1570 6846/3581/1598 6848/3582/1600 6818/3551/1572
f 6853/2641/770 6852/3585/912 6861/2652/777 6862/2642/778
f 6859/2655/775 6858/2653/774 6868/2654/784
f 6856/2636/773 6855/3586/772 6865/2638/781 6866/2639/782
f 6996/2640/913 6853/2641/770 6862/2642/778 6863/2643/779
f 6995/3587/911 6851/2645/769 6860/3588/776
f 6857/3589/914 6856/2636/773 6866/2639/782 6867/2648/783
f 6854/2649/771 6996/2640/913 6863/2643/779 6864/2650/780
f 6852/3585/912 6995/3587/911 6860/3588/776 6861/2652/777
f 6858/2653/774 6857/3589/914 6867/2648/783 6868/2654/784
f 6855/3586/772 6854/2649/771 6864/2650/780 6865/2638/781
f 6859/2666/775 6868/2654/784 6877/2664/793
f 6866/2639/782 6865/2638/781 6874/2665/790 6875/2660/791
f 6863/2643/779 6862/2642/778 6871/2656/787 6872/2657/788
f 6860/3588/776 6851/2658/769 6869/2920/785
f 6867/2648/783 6866/2639/782 6875/2660/791 6876/2661/792
f 6864/2650/780 6863/2643/779 6872/2657/788 6873/2662/789
f 6861/2652/777 6860/3588/776 6869/2920/785 6870/2663/786
f 6868/2654/784 6867/2648/783 6876/2661/792 6877/2664/793
f 6865/2638/781 6864/2650/780 6873/2662/789 6874/2665/790
f 6862/2642/778 6861/2652/777 6870/2663/786 6871/2656/787
f 6874/2665/790 6873/2662/789 6882/2675/798 6883/2669/799
f 6871/2656/787 6870/2663/786 6879/2676/795 6880/3590/796
f 6859/2667/775 6877/2664/793 6886/2668/802
f 6875/2660/791 6874/2665/790 6883/2669/799 6884/3591/800
f 6872/2657/788 6871/2656/787 6880/3590/796 6881/2672/797
f 6869/2920/785 6851/1740/769 6878/3592/794
f 6876/2661/792 6875/2660/791 6884/3591/800 6885/2674/801
f 6873/2662/789 6872/2657/788 6881/2672/797 6882/2675/798
f 6870/2663/786 6869/2920/785 6878/3592/794 6879/2676/795
f 6877/2664/793 6876/2661/792 6885/2674/801 6886/2668/802
f 6879/2676/795 6878/3592/794 6887/3593/803 6888/2835/804
f 6886/2668/802 6885/2674/801 6894/3594/810 6895/2682/811
f 6883/2669/799 6882/2675/798 6891/2677/807 6892/2678/808
f 6880/3590/796 6879/2676/795 6888/2835/804 6889/3595/805
f 6859/2681/775 6886/2668/802 6895/2682/811
f 6884/3591/800 6883/2669/799 6892/2678/808 6893/3596/809
f 6881/2672/797 6880/3590/796 6889/3595/805 6890/2684/806
f 6878/3592/794 6851/2685/769 6887/3593/803
f 6885/2674/801 6884/3591/800 6893/3596/809 6894/3594/810
f 6882/2675/798 6881/2672/797 6890/2684/806 6891/2677/807
f 6891/2677/807 6890/2684/806 6899/2697/815 6900/2692/816
f 6888/2835/804 6887/3593/803 6896/3597/812 6897/3598/813
f 6895/2682/811 6894/3594/810 6903/3599/819 6904/2691/820
f 6892/2678/808 6891/2677/807 6900/2692/816 6901/2693/817
f 6889/3595/805 6888/2835/804 6897/3598/813 6898/2694/814
f 6859/2695/775 6895/2682/811 6904/2691/820
f 6893/3596/809 6892/2678/808 6901/2693/817 6902/2696/818
f 6890/2684/806 6889/3595/805 6898/2694/814 6899/2697/815
f 6887/3593/803 6851/2698/769 6896/3597/812
f 6894/3594/810 6893/3596/809 6902/2696/818 6903/3599/819
f 6896/3597/812 6851/2709/769 6905/3600/821
f 6903/3599/819 6902/2696/818 6911/3601/827 6912/3602/828
f 6900/2692/816 6899/2697/815 6908/3603/824 6909/3604/825
f 6897/3598/813 6896/3597/812 6905/3600/821 6906/3500/822
f 6904/2691/820 6903/3599/819 6912/3602/828 6913/2704/829
f 6901/2693/817 6900/2692/816 6909/3604/825 6910/3605/826
f 6898/2694/814 6897/3598/813 6906/3500/822 6907/3606/823
f 6859/2707/775 6904/2691/820 6913/2704/829
f 6902/2696/818 6901/2693/817 6910/3605/826 6911/3601/827
f 6899/2697/815 6898/2694/814 6907/3606/823 6908/3603/824
f 6911/3601/827 6910/3605/826 6919/2718/835 6920/2712/836
f 6908/3603/824 6907/3606/823 6916/2719/832 6917/2714/833
f 6905/3600/821 6851/3607/769 6914/3608/830
f 6912/3602/828 6911/3601/827 6920/2712/836 6921/3609/837
f 6909/3604/825 6908/3603/824 6917/2714/833 6918/3610/834
f 6906/3500/822 6905/3600/821 6914/3608/830 6915/3611/831
f 6913/2704/829 6912/3602/828 6921/3609/837 6922/3612/838
f 6910/3605/826 6909/3604/825 6918/3610/834 6919/2718/835
f 6907/3606/823 6906/3500/822 6915/3611/831 6916/2719/832
f 6859/3613/775 6913/2704/829 6922/3612/838
f 6916/2719/832 6915/3611/831 6924/2729/840 6925/2723/841
f 6859/2731/775 6922/3612/838 6931/3614/847
f 6920/2712/836 6919/2718/835 6928/2721/844 6929/2722/845
f 6917/2714/833 6916/2719/832 6925/2723/841 6926/2724/842
f 6914/3608/830 6851/2725/769 6923/3615/839
f 6921/3609/837 6920/2712/836 6929/2722/845 6930/2727/846
f 6918/3610/834 6917/2714/833 6926/2724/842 6927/2728/843
f 6915/3611/831 6914/3608/830 6923/3615/839 6924/2729/840
f 6922/3612/838 6921/3609/837 6930/2727/846 6931/3614/847
f 6919/2718/835 6918/3610/834 6927/2728/843 6928/2721/844
f 6928/2721/844 6927/2728/843 6936/2742/852 6937/2736/853
f 6925/2723/841 6924/2729/840 6933/2732/849 6934/2733/850
f 6859/3616/775 6931/3614/847 6940/2735/856
f 6929/2722/845 6928/2721/844 6937/2736/853 6938/2737/854
f 6926/2724/842 6925/2723/841 6934/2733/850 6935/2738/851
f 6923/3615/839 6851/3617/769 6932/3618/848
f 6930/2727/846 6929/2722/845 6938/2737/854 6939/2741/855
f 6927/2728/843 6926/2724/842 6935/2738/851 6936/2742/852
f 6924/2729/840 6923/3615/839 6932/3618/848 6933/2732/849
f 6931/3614/847 6930/2727/846 6939/2741/855 6940/2735/856
f 6933/2732/849 6932/3618/848 6941/3619/857 6942/3620/858
f 6940/2735/856 6939/2741/855 6948/3621/864 6949/2748/865
f 6937/2736/853 6936/2742/852 6945/3622/861 6946/2744/862
f 6934/2733/850 6933/2732/849 6942/3620/858 6943/2746/859
f 6859/2747/775 6940/2735/856 6949/2748/865
f 6938/2737/854 6937/2736/853 6946/2744/862 6947/2749/863
f 6935/2738/851 6934/2733/850 6943/2746/859 6944/2750/860
f 6932/3618/848 6851/2751/769 6941/3619/857
f 6939/2741/855 6938/2737/854 6947/2749/863 6948/3621/864
f 6936/2742/852 6935/2738/851 6944/2750/860 6945/3622/861
f 6948/3621/864 6947/2749/863 6956/3623/872 6957/3624/873
f 6945/3622/861 6944/2750/860 6953/2763/869 6954/3625/870
f 6942/3620/858 6941/3619/857 6950/3626/866 6951/3627/867
f 6949/2748/865 6948/3621/864 6957/3624/873 6958/2757/874
f 6946/2744/862 6945/3622/861 6954/3625/870 6955/2759/871
f 6943/2746/859 6942/3620/858 6951/3627/867 6952/3628/868
f 6859/2761/775 6949/2748/865 6958/2757/874
f 6947/2749/863 6946/2744/862 6955/2759/871 6956/3623/872
f 6944/2750/860 6943/2746/859 6952/3628/868 6953/2763/869
f 6941/3619/857 6851/2764/769 6950/3626/866
f 6953/2763/869 6952/3628/868 6961/2773/877 6962/2767/878
f 6950/3626/866 6851/2775/769 6959/3629/875
f 6957/3624/873 6956/3623/872 6965/2765/881 6966/2766/882
f 6954/3625/870 6953/2763/869 6962/2767/878 6963/2768/879
f 6951/3627/867 6950/3626/866 6959/3629/875 6960/3630/876
f 6958/2757/874 6957/3624/873 6966/2766/882 6967/2771/883
f 6955/2759/871 6954/3625/870 6963/2768/879 6964/2772/880
f 6952/3628/868 6951/3627/867 6960/3630/876 6961/2773/877
f 6859/2774/775 6958/2757/874 6967/2771/883
f 6956/3623/872 6955/2759/871 6964/2772/880 6965/2765/881
f 6965/2784/881 6964/2793/880 6973/2794/889 6974/2785/890
f 6962/2776/878 6961/2777/877 6970/2778/886 6971/2779/887
f 6959/3193/875 6851/2781/769 6968/3631/884
f 6966/2783/882 6965/2784/881 6974/2785/890 6975/3632/891
f 6963/2787/879 6962/2776/878 6971/2779/887 6972/3633/888
f 6960/3634/876 6959/3193/875 6968/3631/884 6969/3635/885
f 6967/2791/883 6966/2783/882 6975/3632/891 6976/2792/892
f 6964/2793/880 6963/2787/879 6972/3633/888 6973/2794/889
f 6961/2777/877 6960/3634/876 6969/3635/885 6970/2778/886
f 6859/2795/775 6967/2791/883 6976/2792/892
f 6970/2778/886 6969/3635/885 6978/3636/894 6979/3637/895
f 6859/2806/775 6976/2792/892 6985/2805/901
f 6974/2785/890 6973/2794/889 6982/2796/898 6983/3638/899
f 6971/2779/887 6970/2778/886 6979/3637/895 6980/2799/896
f 6968/3631/884 6851/2800/769 6977/3639/893
f 6975/3632/891 6974/2785/890 6983/3638/899 6984/3640/900
f 6972/3633/888 6971/2779/887 6980/2799/896 6981/3641/897
f 6969/3635/885 6968/3631/884 6977/3639/893 6978/3636/894
f 6976/2792/892 6975/3632/891 6984/3640/900 6985/2805/901
f 6973/2794/889 6972/3633/888 6981/3641/897 6982/2796/898
f 6985/2805/901 6984/3640/900 6993/3642/909 6994/2810/910
f 6982/2796/898 6981/3641/897 6990/3643/906 6991/2811/907
f 6979/3637/895 6978/3636/894 6987/3644/903 6988/2808/904
f 6859/2809/775 6985/2805/901 6994/2810/910
f 6983/3638/899 6982/2796/898 6991/2811/907 6992/2812/908
f 6980/2799/896 6979/3637/895 6988/2808/904 6989/2813/905
f 6977/3639/893 6851/2814/769 6986/3645/902
f 6984/3640/900 6983/3638/899 6992/2812/908 6993/3642/909
f 6981/3641/897 6980/2799/896 6989/2813/905 6990/3643/906
f 6978/3636/894 6977/3639/893 6986/3645/902 6987/3644/903
f 6990/3643/906 6989/2813/905 6996/2640/913 6854/2649/771
f 6987/3644/903 6986/3645/902 6995/3587/911 6852/3585/912
f 6994/2810/910 6993/3642/909 6857/3589/914 6858/2653/774
f 6991/2811/907 6990/3643/906 6854/2649/771 6855/3586/772
f 6988/2808/904 6987/3644/903 6852/3585/912 6853/2641/770
f 6859/2818/775 6994/2810/910 6858/2653/774
f 6992/2812/908 6991/2811/907 6855/3586/772 6856/2636/773
f 6989/2813/905 6988/2808/904 6853/2641/770 6996/2640/913
f 6986/3645/902 6851/2819/769 6995/3587/911
f 6993/3642/909 6992/2812/908 6856/2636/773 6857/3589/914
f 7001/3586/772 7000/2649/771 7010/2650/780 7011/2638/781
f 6999/2641/770 6998/3585/912 7007/2652/777 7008/2642/778
f 7005/2655/775 7004/2653/774 7014/2654/784
f 7002/2636/773 7001/3586/772 7011/2638/781 7012/2639/782
f 7142/2640/913 6999/2641/770 7008/2642/778 7009/2643/779
f 7141/3587/911 6997/2645/769 7006/3588/776
f 7003/3589/914 7002/2636/773 7012/2639/782 7013/2648/783
f 7000/2649/771 7142/2640/913 7009/2643/779 7010/2650/780
f 6998/3585/912 7141/3587/911 7006/3588/776 7007/2652/777
f 7004/2653/774 7003/3589/914 7013/2648/783 7014/2654/784
f 7011/2638/781 7010/2650/780 7019/2662/789 7020/2665/790
f 7008/2642/778 7007/2652/777 7016/2663/786 7017/2656/787
f 7005/2666/775 7014/2654/784 7023/2664/793
f 7012/2639/782 7011/2638/781 7020/2665/790 7021/2660/791
f 7009/2643/779 7008/2642/778 7017/2656/787 7018/2657/788
f 7006/3588/776 6997/2658/769 7015/2920/785
f 7013/2648/783 7012/2639/782 7021/2660/791 7022/2661/792
f 7010/2650/780 7009/2643/779 7018/2657/788 7019/2662/789
f 7007/2652/777 7006/3588/776 7015/2920/785 7016/2663/786
f 7014/2654/784 7013/2648/783 7022/2661/792 7023/2664/793
f 7016/2663/786 7015/2920/785 7024/3592/794 7025/2676/795
f 7023/2664/793 7022/2661/792 7031/2674/801 7032/2668/802
f 7020/2665/790 7019/2662/789 7028/2675/798 7029/2669/799
f 7017/2656/787 7016/2663/786 7025/2676/795 7026/3590/796
f 7005/2667/775 7023/2664/793 7032/2668/802
f 7021/2660/791 7020/2665/790 7029/2669/799 7030/3591/800
f 7018/2657/788 7017/2656/787 7026/3590/796 7027/2672/797
f 7015/2920/785 6997/1740/769 7024/3592/794
f 7022/2661/792 7021/2660/791 7030/3591/800 7031/2674/801
f 7019/2662/789 7018/2657/788 7027/2672/797 7028/2675/798
f 7028/2675/798 7027/2672/797 7036/2684/806 7037/2677/807
f 7025/2676/795 7024/3592/794 7033/3593/803 7034/2835/804
f 7032/2668/802 7031/2674/801 7040/3594/810 7041/2682/811
f 7029/2669/799 7028/2675/798 7037/2677/807 7038/2678/808
f 7026/3590/796 7025/2676/795 7034/2835/804 7035/3595/805
f 7005/2681/775 7032/2668/802 7041/2682/811
f 7030/3591/800 7029/2669/799 7038/2678/808 7039/3596/809
f 7027/2672/797 7026/3590/796 7035/3595/805 7036/2684/806
f 7024/3592/794 6997/2685/769 7033/3593/803
f 7031/2674/801 7030/3591/800 7039/3596/809 7040/3594/810
f 7033/3593/803 6997/2698/769 7042/3597/812
f 7040/3594/810 7039/3596/809 7048/2696/818 7049/3599/819
f 7037/2677/807 7036/2684/806 7045/2697/815 7046/2692/816
f 7034/2835/804 7033/3593/803 7042/3597/812 7043/3598/813
f 7041/2682/811 7040/3594/810 7049/3599/819 7050/2691/820
f 7038/2678/808 7037/2677/807 7046/2692/816 7047/2693/817
f 7035/3595/805 7034/2835/804 7043/3598/813 7044/2694/814
f 7005/2695/775 7041/2682/811 7050/2691/820
f 7039/3596/809 7038/2678/808 7047/2693/817 7048/2696/818
f 7036/2684/806 7035/3595/805 7044/2694/814 7045/2697/815
f 7048/2696/818 7047/2693/817 7056/3605/826 7057/3601/827
f 7045/2697/815 7044/2694/814 7053/3606/823 7054/3603/824
f 7042/3597/812 6997/2709/769 7051/3600/821
f 7049/3599/819 7048/2696/818 7057/3601/827 7058/3602/828
f 7046/2692/816 7045/2697/815 7054/3603/824 7055/3604/825
f 7043/3598/813 7042/3597/812 7051/3600/821 7052/3500/822
f 7050/2691/820 7049/3599/819 7058/3602/828 7059/2704/829
f 7047/2693/817 7046/2692/816 7055/3604/825 7056/3605/826
f 7044/2694/814 7043/3598/813 7052/3500/822 7053/3606/823
f 7005/2707/775 7050/2691/820 7059/2704/829
f 7053/3606/823 7052/3500/822 7061/3611/831 7062/2719/832
f 7005/3613/775 7059/2704/829 7068/3612/838
f 7057/3601/827 7056/3605/826 7065/2718/835 7066/2712/836
f 7054/3603/824 7053/3606/823 7062/2719/832 7063/2714/833
f 7051/3600/821 6997/3607/769 7060/3608/830
f 7058/3602/828 7057/3601/827 7066/2712/836 7067/3609/837
f 7055/3604/825 7054/3603/824 7063/2714/833 7064/3610/834
f 7052/3500/822 7051/3600/821 7060/3608/830 7061/3611/831
f 7059/2704/829 7058/3602/828 7067/3609/837 7068/3612/838
f 7056/3605/826 7055/3604/825 7064/3610/834 7065/2718/835
f 7065/2718/835 7064/3610/834 7073/2728/843 7074/2721/844
f 7062/2719/832 7061/3611/831 7070/2729/840 7071/2723/841
f 7005/2731/775 7068/3612/838 7077/3614/847
f 7066/2712/836 7065/2718/835 7074/2721/844 7075/2722/845
f 7063/2714/833 7062/2719/832 7071/2723/841 7072/2724/842
f 7060/3608/830 6997/2725/769 7069/3615/839
f 7067/3609/837 7066/2712/836 7075/2722/845 7076/2727/846
f 7064/3610/834 7063/2714/833 7072/2724/842 7073/2728/843
f 7061/3611/831 7060/3608/830 7069/3615/839 7070/2729/840
f 7068/3612/838 7067/3609/837 7076/2727/846 7077/3614/847
f 7070/2729/840 7069/3615/839 7078/3618/848 7079/2732/849
f 7077/3614/847 7076/2727/846 7085/2741/855 7086/2735/856
f 7074/2721/844 7073/2728/843 7082/2742/852 7083/2736/853
f 7071/2723/841 7070/2729/840 7079/2732/849 7080/2733/850
f 7005/3616/775 7077/3614/847 7086/2735/856
f 7075/2722/845 7074/2721/844 7083/2736/853 7084/2737/854
f 7072/2724/842 7071/2723/841 7080/2733/850 7081/2738/851
f 7069/3615/839 6997/3617/769 7078/3618/848
f 7076/2727/846 7075/2722/845 7084/2737/854 7085/2741/855
f 7073/2728/843 7072/2724/842 7081/2738/851 7082/2742/852
f 7085/2741/855 7084/2737/854 7093/2749/863 7094/3621/864
f 7082/2742/852 7081/2738/851 7090/2750/860 7091/3622/861
f 7079/2732/849 7078/3618/848 7087/3619/857 7088/3620/858
f 7086/2735/856 7085/2741/855 7094/3621/864 7095/2748/865
f 7083/2736/853 7082/2742/852 7091/3622/861 7092/2744/862
f 7080/2733/850 7079/2732/849 7088/3620/858 7089/2746/859
f 7005/2747/775 7086/2735/856 7095/2748/865
f 7084/2737/854 7083/2736/853 7092/2744/862 7093/2749/863
f 7081/2738/851 7080/2733/850 7089/2746/859 7090/2750/860
f 7078/3618/848 6997/2751/769 7087/3619/857
f 7090/2750/860 7089/2746/859 7098/3628/868 7099/2763/869
f 7087/3619/857 6997/2764/769 7096/3626/866
f 7094/3621/864 7093/2749/863 7102/3623/872 7103/3624/873
f 7091/3622/861 7090/2750/860 7099/2763/869 7100/3625/870
f 7088/3620/858 7087/3619/857 7096/3626/866 7097/3627/867
f 7095/2748/865 7094/3621/864 7103/3624/873 7104/2757/874
f 7092/2744/862 7091/3622/861 7100/3625/870 7101/2759/871
f 7089/2746/859 7088/3620/858 7097/3627/867 7098/3628/868
f 7005/2761/775 7095/2748/865 7104/2757/874
f 7093/2749/863 7092/2744/862 7101/2759/871 7102/3623/872
f 7102/3623/872 7101/2759/871 7110/2772/880 7111/2765/881
f 7099/2763/869 7098/3628/868 7107/2773/877 7108/2767/878
f 7096/3626/866 6997/2775/769 7105/3629/875
f 7103/3624/873 7102/3623/872 7111/2765/881 7112/2766/882
f 7100/3625/870 7099/2763/869 7108/2767/878 7109/2768/879
f 7097/3627/867 7096/3626/866 7105/3629/875 7106/3630/876
f 7104/2757/874 7103/3624/873 7112/2766/882 7113/2771/883
f 7101/2759/871 7100/3625/870 7109/2768/879 7110/2772/880
f 7098/3628/868 7097/3627/867 7106/3630/876 7107/2773/877
f 7005/2774/775 7104/2757/874 7113/2771/883
f 7107/2777/877 7106/3634/876 7115/3635/885 7116/2778/886
f 7005/2795/775 7113/2791/883 7122/2792/892
f 7111/2784/881 7110/2793/880 7119/2794/889 7120/2785/890
f 7108/2776/878 7107/2777/877 7116/2778/886 7117/2779/887
f 7105/3193/875 6997/2781/769 7114/3631/884
f 7112/2783/882 7111/2784/881 7120/2785/890 7121/3632/891
f 7109/2787/879 7108/2776/878 7117/2779/887 7118/3633/888
f 7106/3634/876 7105/3193/875 7114/3631/884 7115/3635/885
f 7113/2791/883 7112/2783/882 7121/3632/891 7122/2792/892
f 7110/2793/880 7109/2787/879 7118/3633/888 7119/2794/889
f 7122/2792/892 7121/3632/891 7130/3640/900 7131/2805/901
f 7119/2794/889 7118/3633/888 7127/3641/897 7128/2796/898
f 7116/2778/886 7115/3635/885 7124/3636/894 7125/3637/895
f 7005/2806/775 7122/2792/892 7131/2805/901
f 7120/2785/890 7119/2794/889 7128/2796/898 7129/3638/899
f 7117/2779/887 7116/2778/886 7125/3637/895 7126/2799/896
f 7114/3631/884 6997/2800/769 7123/3639/893
f 7121/3632/891 7120/2785/890 7129/3638/899 7130/3640/900
f 7118/3633/888 7117/2779/887 7126/2799/896 7127/3641/897
f 7115/3635/885 7114/3631/884 7123/3639/893 7124/3636/894
f 7127/3641/897 7126/2799/896 7135/2813/905 7136/3643/906
f 7124/3636/894 7123/3639/893 7132/3645/902 7133/3644/903
f 7131/2805/901 7130/3640/900 7139/3642/909 7140/2810/910
f 7128/2796/898 7127/3641/897 7136/3643/906 7137/2811/907
f 7125/3637/895 7124/3636/894 7133/3644/903 7134/2808/904
f 7005/2809/775 7131/2805/901 7140/2810/910
f 7129/3638/899 7128/2796/898 7137/2811/907 7138/2812/908
f 7126/2799/896 7125/3637/895 7134/2808/904 7135/2813/905
f 7123/3639/893 6997/2814/769 7132/3645/902
f 7130/3640/900 7129/3638/899 7138/2812/908 7139/3642/909
f 7132/3645/902 6997/2819/769 7141/3587/911
f 7139/3642/909 7138/2812/908 7002/2636/773 7003/3589/914
f 7136/3643/906 7135/2813/905 7142/2640/913 7000/2649/771
f 7133/3644/903 7132/3645/902 7141/3587/911 6998/3585/912
f 7140/2810/910 7139/3642/909 7003/3589/914 7004/2653/774
f 7137/2811/907 7136/3643/906 7000/2649/771 7001/3586/772
f 7134/2808/904 7133/3644/903 6998/3585/912 6999/2641/770
f 7005/2818/775 7140/2810/910 7004/2653/774
f 7138/2812/908 7137/2811/907 7001/3586/772 7002/2636/773
f 7135/2813/905 7134/2808/904 6999/2641/770 7142/2640/913
f 7144/3585/912 7287/3587/911 7152/3588/776 7153/2652/777
f 7150/2653/774 7149/3589/914 7159/2648/783 7160/2654/784
f 7147/3586/772 7146/2649/771 7156/2650/780 7157/2638/781
f 7145/2641/770 7144/3585/912 7153/2652/777 7154/2642/778
f 7151/2655/775 7150/2653/774 7160/2654/784
f 7148/2636/773 7147/3586/772 7157/2638/781 7158/2639/782
f 7288/2640/913 7145/2641/770 7154/2642/778 7155/2643/779
f 7287/3587/911 7143/2645/769 7152/3588/776
f 7149/3589/914 7148/2636/773 7158/2639/782 7159/2648/783
f 7146/2649/771 7288/2640/913 7155/2643/779 7156/2650/780
f 7153/2652/777 7152/3588/776 7161/2920/785 7162/2663/786
f 7160/2654/784 7159/2648/783 7168/2661/792 7169/2664/793
f 7157/2638/781 7156/2650/780 7165/2662/789 7166/2665/790
f 7154/2642/778 7153/2652/777 7162/2663/786 7163/2656/787
f 7151/2666/775 7160/2654/784 7169/2664/793
f 7158/2639/782 7157/2638/781 7166/2665/790 7167/2660/791
f 7155/2643/779 7154/2642/778 7163/2656/787 7164/2657/788
f 7152/3588/776 7143/2658/769 7161/2920/785
f 7159/2648/783 7158/2639/782 7167/2660/791 7168/2661/792
f 7156/2650/780 7155/2643/779 7164/2657/788 7165/2662/789
f 7165/2662/789 7164/2657/788 7173/2672/797 7174/2675/798
f 7162/2663/786 7161/2920/785 7170/3592/794 7171/2676/795
f 7169/2664/793 7168/2661/792 7177/2674/801 7178/2668/802
f 7166/2665/790 7165/2662/789 7174/2675/798 7175/2669/799
f 7163/2656/787 7162/2663/786 7171/2676/795 7172/3590/796
f 7151/2667/775 7169/2664/793 7178/2668/802
f 7167/2660/791 7166/2665/790 7175/2669/799 7176/3591/800
f 7164/2657/788 7163/2656/787 7172/3590/796 7173/2672/797
f 7161/2920/785 7143/1740/769 7170/3592/794
f 7168/2661/792 7167/2660/791 7176/3591/800 7177/2674/801
f 7170/3592/794 7143/2685/769 7179/3593/803
f 7177/2674/801 7176/3591/800 7185/3596/809 7186/3594/810
f 7174/2675/798 7173/2672/797 7182/2684/806 7183/2677/807
f 7171/2676/795 7170/3592/794 7179/3593/803 7180/2835/804
f 7178/2668/802 7177/2674/801 7186/3594/810 7187/2682/811
f 7175/2669/799 7174/2675/798 7183/2677/807 7184/2678/808
f 7172/3590/796 7171/2676/795 7180/2835/804 7181/3595/805
f 7151/2681/775 7178/2668/802 7187/2682/811
f 7176/3591/800 7175/2669/799 7184/2678/808 7185/3596/809
f 7173/2672/797 7172/3590/796 7181/3595/805 7182/2684/806
f 7185/3596/809 7184/2678/808 7193/2693/817 7194/2696/818
f 7182/2684/806 7181/3595/805 7190/2694/814 7191/2697/815
f 7179/3593/803 7143/2698/769 7188/3597/812
f 7186/3594/810 7185/3596/809 7194/2696/818 7195/3599/819
f 7183/2677/807 7182/2684/806 7191/2697/815 7192/2692/816
f 7180/2835/804 7179/3593/803 7188/3597/812 7189/3598/813
f 7187/2682/811 7186/3594/810 7195/3599/819 7196/2691/820
f 7184/2678/808 7183/2677/807 7192/2692/816 7193/2693/817
f 7181/3595/805 7180/2835/804 7189/3598/813 7190/2694/814
f 7151/2695/775 7187/2682/811 7196/2691/820
f 7190/2694/814 7189/3598/813 7198/3500/822 7199/3606/823
f 7151/2707/775 7196/2691/820 7205/2704/829
f 7194/2696/818 7193/2693/817 7202/3605/826 7203/3601/827
f 7191/2697/815 7190/2694/814 7199/3606/823 7200/3603/824
f 7188/3597/812 7143/2709/769 7197/3600/821
f 7195/3599/819 7194/2696/818 7203/3601/827 7204/3602/828
f 7192/2692/816 7191/2697/815 7200/3603/824 7201/3604/825
f 7189/3598/813 7188/3597/812 7197/3600/821 7198/3500/822
f 7196/2691/820 7195/3599/819 7204/3602/828 7205/2704/829
f 7193/2693/817 7192/2692/816 7201/3604/825 7202/3605/826
f 7202/3605/826 7201/3604/825 7210/3610/834 7211/2718/835
f 7199/3606/823 7198/3500/822 7207/3611/831 7208/2719/832
f 7151/3613/775 7205/2704/829 7214/3612/838
f 7203/3601/827 7202/3605/826 7211/2718/835 7212/2712/836
f 7200/3603/824 7199/3606/823 7208/2719/832 7209/2714/833
f 7197/3600/821 7143/3607/769 7206/3608/830
f 7204/3602/828 7203/3601/827 7212/2712/836 7213/3609/837
f 7201/3604/825 7200/3603/824 7209/2714/833 7210/3610/834
f 7198/3500/822 7197/3600/821 7206/3608/830 7207/3611/831
f 7205/2704/829 7204/3602/828 7213/3609/837 7214/3612/838
f 7207/3611/831 7206/3608/830 7215/3615/839 7216/2729/840
f 7214/3612/838 7213/3609/837 7222/2727/846 7223/3614/847
f 7211/2718/835 7210/3610/834 7219/2728/843 7220/2721/844
f 7208/2719/832 7207/3611/831 7216/2729/840 7217/2723/841
f 7151/2731/775 7214/3612/838 7223/3614/847
f 7212/2712/836 7211/2718/835 7220/2721/844 7221/2722/845
f 7209/2714/833 7208/2719/832 7217/2723/841 7218/2724/842
f 7206/3608/830 7143/2725/769 7215/3615/839
f 7213/3609/837 7212/2712/836 7221/2722/845 7222/2727/846
f 7210/3610/834 7209/2714/833 7218/2724/842 7219/2728/843
f 7222/2727/846 7221/2722/845 7230/2737/854 7231/2741/855
f 7219/2728/843 7218/2724/842 7227/2738/851 7228/2742/852
f 7216/2729/840 7215/3615/839 7224/3618/848 7225/2732/849
f 7223/3614/847 7222/2727/846 7231/2741/855 7232/2735/856
f 7220/2721/844 7219/2728/843 7228/2742/852 7229/2736/853
f 7217/2723/841 7216/2729/840 7225/2732/849 7226/2733/850
f 7151/3616/775 7223/3614/847 7232/2735/856
f 7221/2722/845 7220/2721/844 7229/2736/853 7230/2737/854
f 7218/2724/842 7217/2723/841 7226/2733/850 7227/2738/851
f 7215/3615/839 7143/3617/769 7224/3618/848
f 7227/2738/851 7226/2733/850 7235/2746/859 7236/2750/860
f 7224/3618/848 7143/2751/769 7233/3619/857
f 7231/2741/855 7230/2737/854 7239/2749/863 7240/3621/864
f 7228/2742/852 7227/2738/851 7236/2750/860 7237/3622/861
f 7225/2732/849 7224/3618/848 7233/3619/857 7234/3620/858
f 7232/2735/856 7231/2741/855 7240/3621/864 7241/2748/865
f 7229/2736/853 7228/2742/852 7237/3622/861 7238/2744/862
f 7226/2733/850 7225/2732/849 7234/3620/858 7235/2746/859
f 7151/2747/775 7232/2735/856 7241/2748/865
f 7230/2737/854 7229/2736/853 7238/2744/862 7239/2749/863
f 7239/2749/863 7238/2744/862 7247/2759/871 7248/3623/872
f 7236/2750/860 7235/2746/859 7244/3628/868 7245/2763/869
f 7233/3619/857 7143/2764/769 7242/3626/866
f 7240/3621/864 7239/2749/863 7248/3623/872 7249/3624/873
f 7237/3622/861 7236/2750/860 7245/2763/869 7246/3625/870
f 7234/3620/858 7233/3619/857 7242/3626/866 7243/3627/867
f 7241/2748/865 7240/3621/864 7249/3624/873 7250/2757/874
f 7238/2744/862 7237/3622/861 7246/3625/870 7247/2759/871
f 7235/2746/859 7234/3620/858 7243/3627/867 7244/3628/868
f 7151/2761/775 7241/2748/865 7250/2757/874
f 7244/3628/868 7243/3627/867 7252/3630/876 7253/2773/877
f 7151/2774/775 7250/2757/874 7259/2771/883
f 7248/3623/872 7247/2759/871 7256/2772/880 7257/2765/881
f 7245/2763/869 7244/3628/868 7253/2773/877 7254/2767/878
f 7242/3626/866 7143/2775/769 7251/3629/875
f 7249/3624/873 7248/3623/872 7257/2765/881 7258/2766/882
f 7246/3625/870 7245/2763/869 7254/2767/878 7255/2768/879
f 7243/3627/867 7242/3626/866 7251/3629/875 7252/3630/876
f 7250/2757/874 7249/3624/873 7258/2766/882 7259/2771/883
f 7247/2759/871 7246/3625/870 7255/2768/879 7256/2772/880
f 7259/2791/883 7258/2783/882 7267/3632/891 7268/2792/892
f 7256/2793/880 7255/2787/879 7264/3633/888 7265/2794/889
f 7253/2777/877 7252/3634/876 7261/3635/885 7262/2778/886
f 7151/2795/775 7259/2791/883 7268/2792/892
f 7257/2784/881 7256/2793/880 7265/2794/889 7266/2785/890
f 7254/2776/878 7253/2777/877 7262/2778/886 7263/2779/887
f 7251/3193/875 7143/2781/769 7260/3631/884
f 7258/2783/882 7257/2784/881 7266/2785/890 7267/3632/891
f 7255/2787/879 7254/2776/878 7263/2779/887 7264/3633/888
f 7252/3634/876 7251/3193/875 7260/3631/884 7261/3635/885
f 7264/3633/888 7263/2779/887 7272/2799/896 7273/3641/897
f 7261/3635/885 7260/3631/884 7269/3639/893 7270/3636/894
f 7268/2792/892 7267/3632/891 7276/3640/900 7277/2805/901
f 7265/2794/889 7264/3633/888 7273/3641/897 7274/2796/898
f 7262/2778/886 7261/3635/885 7270/3636/894 7271/3637/895
f 7151/2806/775 7268/2792/892 7277/2805/901
f 7266/2785/890 7265/2794/889 7274/2796/898 7275/3638/899
f 7263/2779/887 7262/2778/886 7271/3637/895 7272/2799/896
f 7260/3631/884 7143/2800/769 7269/3639/893
f 7267/3632/891 7266/2785/890 7275/3638/899 7276/3640/900
f 7269/3639/893 7143/2814/769 7278/3645/902
f 7276/3640/900 7275/3638/899 7284/2812/908 7285/3642/909
f 7273/3641/897 7272/2799/896 7281/2813/905 7282/3643/906
f 7270/3636/894 7269/3639/893 7278/3645/902 7279/3644/903
f 7277/2805/901 7276/3640/900 7285/3642/909 7286/2810/910
f 7274/2796/898 7273/3641/897 7282/3643/906 7283/2811/907
f 7271/3637/895 7270/3636/894 7279/3644/903 7280/2808/904
f 7151/2809/775 7277/2805/901 7286/2810/910
f 7275/3638/899 7274/2796/898 7283/2811/907 7284/2812/908
f 7272/2799/896 7271/3637/895 7280/2808/904 7281/2813/905
f 7281/2813/905 7280/2808/904 7145/2641/770 7288/2640/913
f 7278/3645/902 7143/2819/769 7287/3587/911
f 7285/3642/909 7284/2812/908 7148/2636/773 7149/3589/914
f 7282/3643/906 7281/2813/905 7288/2640/913 7146/2649/771
f 7279/3644/903 7278/3645/902 7287/3587/911 7144/3585/912
f 7286/2810/910 7285/3642/909 7149/3589/914 7150/2653/774
f 7283/2811/907 7282/3643/906 7146/2649/771 7147/3586/772
f 7280/2808/904 7279/3644/903 7144/3585/912 7145/2641/770
f 7151/2818/775 7286/2810/910 7150/2653/774
f 7284/2812/908 7283/2811/907 7147/3586/772 7148/2636/773
f 7295/3589/914 7294/2636/773 7304/2639/782 7305/2648/783
f 7292/2649/771 7434/2640/913 7301/2643/779 7302/2650/780
f 7290/3585/912 7433/3587/911 7298/3588/776 7299/2652/777
f 7296/2653/774 7295/3589/914 7305/2648/783 7306/2654/784
f 7293/3586/772 7292/2649/771 7302/2650/780 7303/2638/781
f 7291/2641/770 7290/3585/912 7299/2652/777 7300/2642/778
f 7297/2655/775 7296/2653/774 7306/2654/784
f 7294/2636/773 7293/3586/772 7303/2638/781 7304/2639/782
f 7434/2640/913 7291/2641/770 7300/2642/778 7301/2643/779
f 7433/3587/911 7289/2645/769 7298/3588/776
f 7302/2650/780 7301/2643/779 7310/2657/788 7311/2662/789
f 7299/2652/777 7298/3588/776 7307/2920/785 7308/2663/786
f 7306/2654/784 7305/2648/783 7314/2661/792 7315/2664/793
f 7303/2638/781 7302/2650/780 7311/2662/789 7312/2665/790
f 7300/2642/778 7299/2652/777 7308/2663/786 7309/2656/787
f 7297/2666/775 7306/2654/784 7315/2664/793
f 7304/2639/782 7303/2638/781 7312/2665/790 7313/2660/791
f 7301/2643/779 7300/2642/778 7309/2656/787 7310/2657/788
f 7298/3588/776 7289/2658/769 7307/2920/785
f 7305/2648/783 7304/2639/782 7313/2660/791 7314/2661/792
f 7307/2920/785 7289/1740/769 7316/3592/794
f 7314/2661/792 7313/2660/791 7322/3591/800 7323/2674/801
f 7311/2662/789 7310/2657/788 7319/2672/797 7320/2675/798
f 7308/2663/786 7307/2920/785 7316/3592/794 7317/2676/795
f 7315/2664/793 7314/2661/792 7323/2674/801 7324/2668/802
f 7312/2665/790 7311/2662/789 7320/2675/798 7321/2669/799
f 7309/2656/787 7308/2663/786 7317/2676/795 7318/3590/796
f 7297/2667/775 7315/2664/793 7324/2668/802
f 7313/2660/791 7312/2665/790 7321/2669/799 7322/3591/800
f 7310/2657/788 7309/2656/787 7318/3590/796 7319/2672/797
f 7322/3591/800 7321/2669/799 7330/2678/808 7331/3596/809
f 7319/2672/797 7318/3590/796 7327/3595/805 7328/2684/806
f 7316/3592/794 7289/2685/769 7325/3593/803
f 7323/2674/801 7322/3591/800 7331/3596/809 7332/3594/810
f 7320/2675/798 7319/2672/797 7328/2684/806 7329/2677/807
f 7317/2676/795 7316/3592/794 7325/3593/803 7326/2835/804
f 7324/2668/802 7323/2674/801 7332/3594/810 7333/2682/811
f 7321/2669/799 7320/2675/798 7329/2677/807 7330/2678/808
f 7318/3590/796 7317/2676/795 7326/2835/804 7327/3595/805
f 7297/2681/775 7324/2668/802 7333/2682/811
f 7327/3595/805 7326/2835/804 7335/3598/813 7336/2694/814
f 7297/2695/775 7333/2682/811 7342/2691/820
f 7331/3596/809 7330/2678/808 7339/2693/817 7340/2696/818
f 7328/2684/806 7327/3595/805 7336/2694/814 7337/2697/815
f 7325/3593/803 7289/2698/769 7334/3597/812
f 7332/3594/810 7331/3596/809 7340/2696/818 7341/3599/819
f 7329/2677/807 7328/2684/806 7337/2697/815 7338/2692/816
f 7326/2835/804 7325/3593/803 7334/3597/812 7335/3598/813
f 7333/2682/811 7332/3594/810 7341/3599/819 7342/2691/820
f 7330/2678/808 7329/2677/807 7338/2692/816 7339/2693/817
f 7339/2693/817 7338/2692/816 7347/3604/825 7348/3605/826
f 7336/2694/814 7335/3598/813 7344/3500/822 7345/3606/823
f 7297/2707/775 7342/2691/820 7351/2704/829
f 7340/2696/818 7339/2693/817 7348/3605/826 7349/3601/827
f 7337/2697/815 7336/2694/814 7345/3606/823 7346/3603/824
f 7334/3597/812 7289/2709/769 7343/3600/821
f 7341/3599/819 7340/2696/818 7349/3601/827 7350/3602/828
f 7338/2692/816 7337/2697/815 7346/3603/824 7347/3604/825
f 7335/3598/813 7334/3597/812 7343/3600/821 7344/3500/822
f 7342/2691/820 7341/3599/819 7350/3602/828 7351/2704/829
f 7344/3500/822 7343/3600/821 7352/3608/830 7353/3611/831
f 7351/2704/829 7350/3602/828 7359/3609/837 7360/3612/838
f 7348/3605/826 7347/3604/825 7356/3610/834 7357/2718/835
f 7345/3606/823 7344/3500/822 7353/3611/831 7354/2719/832
f 7297/3613/775 7351/2704/829 7360/3612/838
f 7349/3601/827 7348/3605/826 7357/2718/835 7358/2712/836
f 7346/3603/824 7345/3606/823 7354/2719/832 7355/2714/833
f 7343/3600/821 7289/3607/769 7352/3608/830
f 7350/3602/828 7349/3601/827 7358/2712/836 7359/3609/837
f 7347/3604/825 7346/3603/824 7355/2714/833 7356/3610/834
f 7359/3609/837 7358/2712/836 7367/2722/845 7368/2727/846
f 7356/3610/834 7355/2714/833 7364/2724/842 7365/2728/843
f 7353/3611/831 7352/3608/830 7361/3615/839 7362/2729/840
f 7360/3612/838 7359/3609/837 7368/2727/846 7369/3614/847
f 7357/2718/835 7356/3610/834 7365/2728/843 7366/2721/844
f 7354/2719/832 7353/3611/831 7362/2729/840 7363/2723/841
f 7297/2731/775 7360/3612/838 7369/3614/847
f 7358/2712/836 7357/2718/835 7366/2721/844 7367/2722/845
f 7355/2714/833 7354/2719/832 7363/2723/841 7364/2724/842
f 7352/3608/830 7289/2725/769 7361/3615/839
f 7364/2724/842 7363/2723/841 7372/2733/850 7373/2738/851
f 7361/3615/839 7289/3617/769 7370/3618/848
f 7368/2727/846 7367/2722/845 7376/2737/854 7377/2741/855
f 7365/2728/843 7364/2724/842 7373/2738/851 7374/2742/852
f 7362/2729/840 7361/3615/839 7370/3618/848 7371/2732/849
f 7369/3614/847 7368/2727/846 7377/2741/855 7378/2735/856
f 7366/2721/844 7365/2728/843 7374/2742/852 7375/2736/853
f 7363/2723/841 7362/2729/840 7371/2732/849 7372/2733/850
f 7297/3616/775 7369/3614/847 7378/2735/856
f 7367/2722/845 7366/2721/844 7375/2736/853 7376/2737/854
f 7376/2737/854 7375/2736/853 7384/2744/862 7385/2749/863
f 7373/2738/851 7372/2733/850 7381/2746/859 7382/2750/860
f 7370/3618/848 7289/2751/769 7379/3619/857
f 7377/2741/855 7376/2737/854 7385/2749/863 7386/3621/864
f 7374/2742/852 7373/2738/851 7382/2750/860 7383/3622/861
f 7371/2732/849 7370/3618/848 7379/3619/857 7380/3620/858
f 7378/2735/856 7377/2741/855 7386/3621/864 7387/2748/865
f 7375/2736/853 7374/2742/852 7383/3622/861 7384/2744/862
f 7372/2733/850 7371/2732/849 7380/3620/858 7381/2746/859
f 7297/2747/775 7378/2735/856 7387/2748/865
f 7381/2746/859 7380/3620/858 7389/3627/867 7390/3628/868
f 7297/2761/775 7387/2748/865 7396/2757/874
f 7385/2749/863 7384/2744/862 7393/2759/871 7394/3623/872
f 7382/2750/860 7381/2746/859 7390/3628/868 7391/2763/869
f 7379/3619/857 7289/2764/769 7388/3626/866
f 7386/3621/864 7385/2749/863 7394/3623/872 7395/3624/873
f 7383/3622/861 7382/2750/860 7391/2763/869 7392/3625/870
f 7380/3620/858 7379/3619/857 7388/3626/866 7389/3627/867
f 7387/2748/865 7386/3621/864 7395/3624/873 7396/2757/874
f 7384/2744/862 7383/3622/861 7392/3625/870 7393/2759/871
f 7396/2757/874 7395/3624/873 7404/2766/882 7405/2771/883
f 7393/2759/871 7392/3625/870 7401/2768/879 7402/2772/880
f 7390/3628/868 7389/3627/867 7398/3630/876 7399/2773/877
f 7297/2774/775 7396/2757/874 7405/2771/883
f 7394/3623/872 7393/2759/871 7402/2772/880 7403/2765/881
f 7391/2763/869 7390/3628/868 7399/2773/877 7400/2767/878
f 7388/3626/866 7289/2775/769 7397/3629/875
f 7395/3624/873 7394/3623/872 7403/2765/881 7404/2766/882
f 7392/3625/870 7391/2763/869 7400/2767/878 7401/2768/879
f 7389/3627/867 7388/3626/866 7397/3629/875 7398/3630/876
f 7401/2787/879 7400/2776/878 7409/2779/887 7410/3633/888
f 7398/3634/876 7397/3193/875 7406/3631/884 7407/3635/885
f 7405/2791/883 7404/2783/882 7413/3632/891 7414/2792/892
f 7402/2793/880 7401/2787/879 7410/3633/888 7411/2794/889
f 7399/2777/877 7398/3634/876 7407/3635/885 7408/2778/886
f 7297/2795/775 7405/2791/883 7414/2792/892
f 7403/2784/881 7402/2793/880 7411/2794/889 7412/2785/890
f 7400/2776/878 7399/2777/877 7408/2778/886 7409/2779/887
f 7397/3193/875 7289/2781/769 7406/3631/884
f 7404/2783/882 7403/2784/881 7412/2785/890 7413/3632/891
f 7406/3631/884 7289/2800/769 7415/3639/893
f 7413/3632/891 7412/2785/890 7421/3638/899 7422/3640/900
f 7410/3633/888 7409/2779/887 7418/2799/896 7419/3641/897
f 7407/3635/885 7406/3631/884 7415/3639/893 7416/3636/894
f 7414/2792/892 7413/3632/891 7422/3640/900 7423/2805/901
f 7411/2794/889 7410/3633/888 7419/3641/897 7420/2796/898
f 7408/2778/886 7407/3635/885 7416/3636/894 7417/3637/895
f 7297/2806/775 7414/2792/892 7423/2805/901
f 7412/2785/890 7411/2794/889 7420/2796/898 7421/3638/899
f 7409/2779/887 7408/2778/886 7417/3637/895 7418/2799/896
f 7418/2799/896 7417/3637/895 7426/2808/904 7427/2813/905
f 7415/3639/893 7289/2814/769 7424/3645/902
f 7422/3640/900 7421/3638/899 7430/2812/908 7431/3642/909
f 7419/3641/897 7418/2799/896 7427/2813/905 7428/3643/906
f 7416/3636/894 7415/3639/893 7424/3645/902 7425/3644/903
f 7423/2805/901 7422/3640/900 7431/3642/909 7432/2810/910
f 7420/2796/898 7419/3641/897 7428/3643/906 7429/2811/907
f 7417/3637/895 7416/3636/894 7425/3644/903 7426/2808/904
f 7297/2809/775 7423/2805/901 7432/2810/910
f 7421/3638/899 7420/2796/898 7429/2811/907 7430/2812/908
f 7297/2818/775 7432/2810/910 7296/2653/774
f 7430/2812/908 7429/2811/907 7293/3586/772 7294/2636/773
f 7427/2813/905 7426/2808/904 7291/2641/770 7434/2640/913
f 7424/3645/902 7289/2819/769 7433/3587/911
f 7431/3642/909 7430/2812/908 7294/2636/773 7295/3589/914
f 7428/3643/906 7427/2813/905 7434/2640/913 7292/2649/771
f 7425/3644/903 7424/3645/902 7433/3587/911 7290/3585/912
f 7432/2810/910 7431/3642/909 7295/3589/914 7296/2653/774
f 7429/2811/907 7428/3643/906 7292/2649/771 7293/3586/772
f 7426/2808/904 7425/3644/903 7290/3585/912 7291/2641/770
f 7580/2640/913 7437/2641/770 7446/2642/778 7447/2643/779
f 7579/3587/911 7435/2645/769 7444/3588/776
f 7441/3589/914 7440/2636/773 7450/2639/782 7451/2648/783
f 7438/2649/771 7580/2640/913 7447/2643/779 7448/2650/780
f 7436/3585/912 7579/3587/911 7444/3588/776 7445/2652/777
f 7442/2653/774 7441/3589/914 7451/2648/783 7452/2654/784
f 7439/3586/772 7438/2649/771 7448/2650/780 7449/2638/781
f 7437/2641/770 7436/3585/912 7445/2652/777 7446/2642/778
f 7443/2655/775 7442/2653/774 7452/2654/784
f 7440/2636/773 7439/3586/772 7449/2638/781 7450/2639/782
f 7444/3588/776 7435/2658/769 7453/2920/785
f 7451/2648/783 7450/2639/782 7459/2660/791 7460/2661/792
f 7448/2650/780 7447/2643/779 7456/2657/788 7457/2662/789
f 7445/2652/777 7444/3588/776 7453/2920/785 7454/2663/786
f 7452/2654/784 7451/2648/783 7460/2661/792 7461/2664/793
f 7449/2638/781 7448/2650/780 7457/2662/789 7458/2665/790
f 7446/2642/778 7445/2652/777 7454/2663/786 7455/2656/787
f 7443/2666/775 7452/2654/784 7461/2664/793
f 7450/2639/782 7449/2638/781 7458/2665/790 7459/2660/791
f 7447/2643/779 7446/2642/778 7455/2656/787 7456/2657/788
f 7459/2660/791 7458/2665/790 7467/2669/799 7468/3591/800
f 7456/2657/788 7455/2656/787 7464/3590/796 7465/2672/797
f 7453/2920/785 7435/1740/769 7462/3592/794
f 7460/2661/792 7459/2660/791 7468/3591/800 7469/2674/801
f 7457/2662/789 7456/2657/788 7465/2672/797 7466/2675/798
f 7454/2663/786 7453/2920/785 7462/3592/794 7463/2676/795
f 7461/2664/793 7460/2661/792 7469/2674/801 7470/2668/802
f 7458/2665/790 7457/2662/789 7466/2675/798 7467/2669/799
f 7455/2656/787 7454/2663/786 7463/2676/795 7464/3590/796
f 7443/2667/775 7461/2664/793 7470/2668/802
f 7464/3590/796 7463/2676/795 7472/2835/804 7473/3595/805
f 7443/2681/775 7470/2668/802 7479/2682/811
f 7468/3591/800 7467/2669/799 7476/2678/808 7477/3596/809
f 7465/2672/797 7464/3590/796 7473/3595/805 7474/2684/806
f 7462/3592/794 7435/2685/769 7471/3593/803
f 7469/2674/801 7468/3591/800 7477/3596/809 7478/3594/810
f 7466/2675/798 7465/2672/797 7474/2684/806 7475/2677/807
f 7463/2676/795 7462/3592/794 7471/3593/803 7472/2835/804
f 7470/2668/802 7469/2674/801 7478/3594/810 7479/2682/811
f 7467/2669/799 7466/2675/798 7475/2677/807 7476/2678/808
f 7476/2678/808 7475/2677/807 7484/2692/816 7485/2693/817
f 7473/3595/805 7472/2835/804 7481/3598/813 7482/2694/814
f 7443/2695/775 7479/2682/811 7488/2691/820
f 7477/3596/809 7476/2678/808 7485/2693/817 7486/2696/818
f 7474/2684/806 7473/3595/805 7482/2694/814 7483/2697/815
f 7471/3593/803 7435/2698/769 7480/3597/812
f 7478/3594/810 7477/3596/809 7486/2696/818 7487/3599/819
f 7475/2677/807 7474/2684/806 7483/2697/815 7484/2692/816
f 7472/2835/804 7471/3593/803 7480/3597/812 7481/3598/813
f 7479/2682/811 7478/3594/810 7487/3599/819 7488/2691/820
f 7481/3598/813 7480/3597/812 7489/3600/821 7490/3500/822
f 7488/2691/820 7487/3599/819 7496/3602/828 7497/2704/829
f 7485/2693/817 7484/2692/816 7493/3604/825 7494/3605/826
f 7482/2694/814 7481/3598/813 7490/3500/822 7491/3606/823
f 7443/2707/775 7488/2691/820 7497/2704/829
f 7486/2696/818 7485/2693/817 7494/3605/826 7495/3601/827
f 7483/2697/815 7482/2694/814 7491/3606/823 7492/3603/824
f 7480/3597/812 7435/2709/769 7489/3600/821
f 7487/3599/819 7486/2696/818 7495/3601/827 7496/3602/828
f 7484/2692/816 7483/2697/815 7492/3603/824 7493/3604/825
f 7496/3602/828 7495/3601/827 7504/2712/836 7505/3609/837
f 7493/3604/825 7492/3603/824 7501/2714/833 7502/3610/834
f 7490/3500/822 7489/3600/821 7498/3608/830 7499/3611/831
f 7497/2704/829 7496/3602/828 7505/3609/837 7506/3612/838
f 7494/3605/826 7493/3604/825 7502/3610/834 7503/2718/835
f 7491/3606/823 7490/3500/822 7499/3611/831 7500/2719/832
f 7443/3613/775 7497/2704/829 7506/3612/838
f 7495/3601/827 7494/3605/826 7503/2718/835 7504/2712/836
f 7492/3603/824 7491/3606/823 7500/2719/832 7501/2714/833
f 7489/3600/821 7435/3607/769 7498/3608/830
f 7501/2714/833 7500/2719/832 7509/2723/841 7510/2724/842
f 7498/3608/830 7435/2725/769 7507/3615/839
f 7505/3609/837 7504/2712/836 7513/2722/845 7514/2727/846
f 7502/3610/834 7501/2714/833 7510/2724/842 7511/2728/843
f 7499/3611/831 7498/3608/830 7507/3615/839 7508/2729/840
f 7506/3612/838 7505/3609/837 7514/2727/846 7515/3614/847
f 7503/2718/835 7502/3610/834 7511/2728/843 7512/2721/844
f 7500/2719/832 7499/3611/831 7508/2729/840 7509/2723/841
f 7443/2731/775 7506/3612/838 7515/3614/847
f 7504/2712/836 7503/2718/835 7512/2721/844 7513/2722/845
f 7513/2722/845 7512/2721/844 7521/2736/853 7522/2737/854
f 7510/2724/842 7509/2723/841 7518/2733/850 7519/2738/851
f 7507/3615/839 7435/3617/769 7516/3618/848
f 7514/2727/846 7513/2722/845 7522/2737/854 7523/2741/855
f 7511/2728/843 7510/2724/842 7519/2738/851 7520/2742/852
f 7508/2729/840 7507/3615/839 7516/3618/848 7517/2732/849
f 7515/3614/847 7514/2727/846 7523/2741/855 7524/2735/856
f 7512/2721/844 7511/2728/843 7520/2742/852 7521/2736/853
f 7509/2723/841 7508/2729/840 7517/2732/849 7518/2733/850
f 7443/3616/775 7515/3614/847 7524/2735/856
f 7518/2733/850 7517/2732/849 7526/3620/858 7527/2746/859
f 7443/2747/775 7524/2735/856 7533/2748/865
f 7522/2737/854 7521/2736/853 7530/2744/862 7531/2749/863
f 7519/2738/851 7518/2733/850 7527/2746/859 7528/2750/860
f 7516/3618/848 7435/2751/769 7525/3619/857
f 7523/2741/855 7522/2737/854 7531/2749/863 7532/3621/864
f 7520/2742/852 7519/2738/851 7528/2750/860 7529/3622/861
f 7517/2732/849 7516/3618/848 7525/3619/857 7526/3620/858
f 7524/2735/856 7523/2741/855 7532/3621/864 7533/2748/865
f 7521/2736/853 7520/2742/852 7529/3622/861 7530/2744/862
f 7533/2748/865 7532/3621/864 7541/3624/873 7542/2757/874
f 7530/2744/862 7529/3622/861 7538/3625/870 7539/2759/871
f 7527/2746/859 7526/3620/858 7535/3627/867 7536/3628/868
f 7443/2761/775 7533/2748/865 7542/2757/874
f 7531/2749/863 7530/2744/862 7539/2759/871 7540/3623/872
f 7528/2750/860 7527/2746/859 7536/3628/868 7537/2763/869
f 7525/3619/857 7435/2764/769 7534/3626/866
f 7532/3621/864 7531/2749/863 7540/3623/872 7541/3624/873
f 7529/3622/861 7528/2750/860 7537/2763/869 7538/3625/870
f 7526/3620/858 7525/3619/857 7534/3626/866 7535/3627/867
f 7538/3625/870 7537/2763/869 7546/2767/878 7547/2768/879
f 7535/3627/867 7534/3626/866 7543/3629/875 7544/3630/876
f 7542/2757/874 7541/3624/873 7550/2766/882 7551/2771/883
f 7539/2759/871 7538/3625/870 7547/2768/879 7548/2772/880
f 7536/3628/868 7535/3627/867 7544/3630/876 7545/2773/877
f 7443/2774/775 7542/2757/874 7551/2771/883
f 7540/3623/872 7539/2759/871 7548/2772/880 7549/2765/881
f 7537/2763/869 7536/3628/868 7545/2773/877 7546/2767/878
f 7534/3626/866 7435/2775/769 7543/3629/875
f 7541/3624/873 7540/3623/872 7549/2765/881 7550/2766/882
f 7543/3193/875 7435/2781/769 7552/3631/884
f 7550/2783/882 7549/2784/881 7558/2785/890 7559/3632/891
f 7547/2787/879 7546/2776/878 7555/2779/887 7556/3633/888
f 7544/3634/876 7543/3193/875 7552/3631/884 7553/3635/885
f 7551/2791/883 7550/2783/882 7559/3632/891 7560/2792/892
f 7548/2793/880 7547/2787/879 7556/3633/888 7557/2794/889
f 7545/2777/877 7544/3634/876 7553/3635/885 7554/2778/886
f 7443/2795/775 7551/2791/883 7560/2792/892
f 7549/2784/881 7548/2793/880 7557/2794/889 7558/2785/890
f 7546/2776/878 7545/2777/877 7554/2778/886 7555/2779/887
f 7555/2779/887 7554/2778/886 7563/3637/895 7564/2799/896
f 7552/3631/884 7435/2800/769 7561/3639/893
f 7559/3632/891 7558/2785/890 7567/3638/899 7568/3640/900
f 7556/3633/888 7555/2779/887 7564/2799/896 7565/3641/897
f 7553/3635/885 7552/3631/884 7561/3639/893 7562/3636/894
f 7560/2792/892 7559/3632/891 7568/3640/900 7569/2805/901
f 7557/2794/889 7556/3633/888 7565/3641/897 7566/2796/898
f 7554/2778/886 7553/3635/885 7562/3636/894 7563/3637/895
f 7443/2806/775 7560/2792/892 7569/2805/901
f 7558/2785/890 7557/2794/889 7566/2796/898 7567/3638/899
f 7443/2809/775 7569/2805/901 7578/2810/910
f 7567/3638/899 7566/2796/898 7575/2811/907 7576/2812/908
f 7564/2799/896 7563/3637/895 7572/2808/904 7573/2813/905
f 7561/3639/893 7435/2814/769 7570/3645/902
f 7568/3640/900 7567/3638/899 7576/2812/908 7577/3642/909
f 7565/3641/897 7564/2799/896 7573/2813/905 7574/3643/906
f 7562/3636/894 7561/3639/893 7570/3645/902 7571/3644/903
f 7569/2805/901 7568/3640/900 7577/3642/909 7578/2810/910
f 7566/2796/898 7565/3641/897 7574/3643/906 7575/2811/907
f 7563/3637/895 7562/3636/894 7571/3644/903 7572/2808/904
f 7575/2811/907 7574/3643/906 7438/2649/771 7439/3586/772
f 7572/2808/904 7571/3644/903 7436/3585/912 7437/2641/770
f 7443/2818/775 7578/2810/910 7442/2653/774
f 7576/2812/908 7575/2811/907 7439/3586/772 7440/2636/773
f 7573/2813/905 7572/2808/904 7437/2641/770 7580/2640/913
f 7570/3645/902 7435/2819/769 7579/3587/911
f 7577/3642/909 7576/2812/908 7440/2636/773 7441/3589/914
f 7574/3643/906 7573/2813/905 7580/2640/913 7438/2649/771
f 7571/3644/903 7570/3645/902 7579/3587/911 7436/3585/912
f 7578/2810/910 7577/3642/909 7441/3589/914 7442/2653/774
f 7587/3646/1609 7590/3647/1612 7591/3648/1613 7593/3649/1615
f 7588/3650/1610 7592/3651/1614 7591/3652/1613 7590/3653/1612
f 7589/3654/1611 7593/3655/1615 7591/3652/1613 7592/3651/1614
f 7594/3656/1616 7597/3657/1619 7598/3658/1620 7600/3659/1622
f 7595/3660/1617 7599/3661/1621 7598/3662/1620 7597/3663/1619
f 7596/3664/1618 7600/3665/1622 7598/3662/1620 7599/3661/1621
f 7613/3666/1635 7616/3667/1638 7617/3668/1639 7619/3669/1641
f 7614/3670/1636 7618/3671/1640 7617/3672/1639 7616/3673/1638
f 7615/3674/1637 7619/3675/1641 7617/3672/1639 7618/3671/1640
f 7620/3676/1642 7623/3677/1645 7624/3678/1646 7626/3679/1648
f 7621/3680/1643 7625/3681/1647 7624/3682/1646 7623/3683/1645
f 7622/3684/1644 7626/3685/1648 7624/3682/1646 7625/3681/1647
f 7633/3686/1655 7636/3687/1658 7637/3688/1659 7639/3689/1661
f 7634/3690/1656 7638/3691/1660 7637/3692/1659 7636/3693/1658
f 7635/3694/1657 7639/3695/1661 7637/3692/1659 7638/3691/1660
f 7640/3696/1662 7643/3697/1665 7644/3698/1666 7646/3699/1668
f 7641/3700/1663 7645/3701/1667 7644/3702/1666 7643/3703/1665
f 7642/3704/1664 7646/3705/1668 7644/3702/1666 7645/3701/1667
f 7665/3706/1687 7668/3707/1690 7669/3708/1691 7671/3709/1693
f 7666/3710/1688 7670/3711/1692 7669/3712/1691 7668/3713/1690
f 7667/3714/1689 7671/3715/1693 7669/3712/1691 7670/3711/1692
f 7672/3716/1694 7675/3717/1697 7676/3718/1698 7678/3719/1700
f 7673/3720/1695 7677/3721/1699 7676/3722/1698 7675/3723/1697
f 7674/3724/1696 7678/3725/1700 7676/3722/1698 7677/3721/1699
f 7679/3726/1701 7682/3727/1704 7683/3728/1705 7685/3729/1707
f 7680/3714/1702 7684/3730/1706 7683/3731/1705 7682/3732/1704
f 7681/3733/1703 7685/3734/1707 7683/3731/1705 7684/3730/1706
f 7686/3735/1708 7689/3736/1711 7690/3737/1712 7692/3738/1714
f 7687/3739/1709 7691/3740/1713 7690/3741/1712 7689/3742/1711
f 7688/3743/1710 7692/3744/1714 7690/3741/1712 7691/3740/1713
f 7582/3745/1604 7588/3650/1610 7590/3653/1612 7583/3746/1605
f 7583/3747/1605 7590/3647/1612 7587/3646/1609 7581/3748/1603
f 7596/3664/1618 7585/3749/1607 7586/3750/1608 7600/3665/1622
f 7600/3659/1622 7586/3751/1608 7584/3752/1606 7594/3656/1616
f 7595/3660/1617 7589/3654/1611 7592/3651/1614 7599/3661/1621
f 7599/3661/1621 7592/3651/1614 7588/3650/1610 7596/3664/1618
f 7589/3654/1611 7602/3753/1624 7603/3754/1625 7593/3655/1615
f 7593/3649/1615 7603/3755/1625 7601/3756/1623 7587/3646/1609
f 7605/3757/1627 7595/3660/1617 7597/3663/1619 7606/3758/1628
f 7606/3759/1628 7597/3657/1619 7594/3656/1616 7604/3760/1626
f 7602/3753/1624 7608/3761/1630 7609/3762/1631 7603/3754/1625
f 7603/3755/1625 7609/3763/1631 7607/3764/1629 7601/3756/1623
f 7611/3765/1633 7605/3757/1627 7606/3758/1628 7612/3766/1634
f 7612/3767/1634 7606/3759/1628 7604/3760/1626 7610/3768/1632
f 7608/3761/1630 7614/3670/1636 7616/3673/1638 7609/3762/1631
f 7609/3763/1631 7616/3667/1638 7613/3666/1635 7607/3764/1629
f 7622/3684/1644 7611/3765/1633 7612/3766/1634 7626/3685/1648
f 7626/3679/1648 7612/3767/1634 7610/3768/1632 7620/3676/1642
f 7621/3680/1643 7615/3674/1637 7618/3671/1640 7625/3681/1647
f 7625/3681/1647 7618/3671/1640 7614/3670/1636 7622/3684/1644
f 7615/3674/1637 7628/3769/1650 7629/3770/1651 7619/3675/1641
f 7619/3669/1641 7629/3771/1651 7627/3772/1649 7613/3666/1635
f 7631/3773/1653 7621/3680/1643 7623/3683/1645 7632/3774/1654
f 7632/3775/1654 7623/3677/1645 7620/3676/1642 7630/3776/1652
f 7628/3769/1650 7634/3690/1656 7636/3693/1658 7629/3770/1651
f 7629/3771/1651 7636/3687/1658 7633/3686/1655 7627/3772/1649
f 7642/3704/1664 7631/3773/1653 7632/3774/1654 7646/3705/1668
f 7646/3699/1668 7632/3775/1654 7630/3776/1652 7640/3696/1662
f 7641/3700/1663 7635/3694/1657 7638/3691/1660 7645/3701/1667
f 7645/3701/1667 7638/3691/1660 7634/3690/1656 7642/3704/1664
f 7635/3694/1657 7648/3777/1670 7649/3778/1671 7639/3695/1661
f 7639/3689/1661 7649/3779/1671 7647/3780/1669 7633/3686/1655
f 7651/3781/1673 7641/3700/1663 7643/3703/1665 7652/3782/1674
f 7652/3783/1674 7643/3697/1665 7640/3696/1662 7650/3784/1672
f 7648/3777/1670 7654/3785/1676 7655/3786/1677 7649/3778/1671
f 7649/3779/1671 7655/3787/1677 7653/3788/1675 7647/3780/1669
f 7657/3789/1679 7651/3781/1673 7652/3782/1674 7658/3790/1680
f 7658/3791/1680 7652/3783/1674 7650/3784/1672 7656/3792/1678
f 7654/3785/1676 7660/3793/1682 7661/3794/1683 7655/3786/1677
f 7655/3787/1677 7661/3795/1683 7659/3796/1681 7653/3788/1675
f 7663/3797/1685 7657/3789/1679 7658/3790/1680 7664/3798/1686
f 7664/3799/1686 7658/3791/1680 7656/3792/1678 7662/3800/1684
f 7660/3793/1682 7666/3710/1688 7668/3713/1690 7661/3794/1683
f 7661/3795/1683 7668/3707/1690 7665/3706/1687 7659/3796/1681
f 7674/3724/1696 7663/3797/1685 7664/3798/1686 7678/3725/1700
f 7678/3719/1700 7664/3799/1686 7662/3800/1684 7672/3716/1694
f 7673/3720/1695 7667/3714/1689 7670/3711/1692 7677/3721/1699
f 7677/3721/1699 7670/3711/1692 7666/3710/1688 7674/3724/1696
f 7667/3714/1689 7680/3714/1702 7682/3732/1704 7671/3715/1693
f 7671/3709/1693 7682/3727/1704 7679/3726/1701 7665/3706/1687
f 7688/3743/1710 7673/3720/1695 7675/3723/1697 7692/3744/1714
f 7692/3738/1714 7675/3717/1697 7672/3716/1694 7686/3735/1708
f 7687/3739/1709 7681/3733/1703 7684/3730/1706 7691/3740/1713
f 7691/3740/1713 7684/3730/1706 7680/3714/1702 7688/3743/1710
f 7681/3733/1703 7582/3801/1604 7583/3802/1605 7685/3734/1707
f 7685/3729/1707 7583/3747/1605 7581/3748/1603 7679/3726/1701
f 7585/3803/1607 7687/3739/1709 7689/3742/1711 7586/3804/1608
f 7586/3751/1608 7689/3736/1711 7686/3735/1708 7584/3752/1606
f 7581/3748/1603 7587/3646/1609 7601/3756/1623 7607/3764/1629 7613/3666/1635 7627/3772/1649 7633/3686/1655 7647/3780/1669 7653/3788/1675 7659/3796/1681 7665/3706/1687 7679/3726/1701
f 7582/3745/1604 7585/3749/1607 7596/3664/1618 7588/3650/1610
f 7681/3733/1703 7687/3739/1709 7585/3803/1607 7582/3801/1604
f 7594/3656/1616 7584/3752/1606 7686/3735/1708 7672/3716/1694 7662/3800/1684 7656/3792/1678 7650/3784/1672 7640/3696/1662 7630/3776/1652 7620/3676/1642 7610/3768/1632 7604/3760/1626
f 7589/3654/1611 7595/3660/1617 7605/3757/1627 7602/3753/1624
f 7602/3753/1624 7605/3757/1627 7611/3765/1633 7608/3761/1630
f 7608/3761/1630 7611/3765/1633 7622/3684/1644 7614/3670/1636
f 7615/3674/1637 7621/3680/1643 7631/3773/1653 7628/3769/1650
f 7628/3769/1650 7631/3773/1653 7642/3704/1664 7634/3690/1656
f 7635/3694/1657 7641/3700/1663 7651/3781/1673 7648/3777/1670
f 7648/3777/1670 7651/3781/1673 7657/3789/1679 7654/3785/1676
f 7654/3785/1676 7657/3789/1679 7663/3797/1685 7660/3793/1682
f 7660/3793/1682 7663/3797/1685 7674/3724/1696 7666/3710/1688
f 7667/3714/1689 7673/3720/1695 7688/3743/1710 7680/3714/1702
f 7775/3805/1784 7774/3806/1783 7697/3807/1717 7698/3808/1718
f 7695/3809/1716 7778/3810/1786 7702/3811/1721 7703/3812/1722
f 7777/3813/1785 7776/2514/771 7700/2968/1033 7701/3814/1720
f 7694/3815/1715 7775/3805/1784 7698/3808/1718 7699/3816/1719
f 7774/3806/1783 7693/2983/769 7697/3807/1717
f 7696/3817/775 7695/3809/1716 7703/3812/1722
f 7778/3810/1786 7777/3813/1785 7701/3814/1720 7702/3811/1721
f 7776/2514/771 7694/3815/1715 7699/3816/1719 7700/2968/1033
f 7701/3814/1720 7700/2968/1033 7707/2911/975 7708/3818/1726
f 7699/3816/1719 7698/3808/1718 7705/3819/1724 7706/3820/1725
f 7697/3807/1717 7693/1155/769 7704/3821/1723
f 7696/1998/775 7703/3812/1722 7710/3822/1728
f 7702/3811/1721 7701/3814/1720 7708/3818/1726 7709/3823/1727
f 7700/2968/1033 7699/3816/1719 7706/3820/1725 7707/2911/975
f 7698/3808/1718 7697/3807/1717 7704/3821/1723 7705/3819/1724
f 7703/3812/1722 7702/3811/1721 7709/3823/1727 7710/3822/1728
f 7696/3824/775 7710/3822/1728 7717/3825/1734
f 7709/3823/1727 7708/3818/1726 7715/3826/1732 7716/3827/1733
f 7707/2911/975 7706/3820/1725 7713/3828/1731 7714/2879/807
f 7705/3819/1724 7704/3821/1723 7711/3829/1729 7712/3830/1730
f 7710/3822/1728 7709/3823/1727 7716/3827/1733 7717/3825/1734
f 7708/3818/1726 7707/2911/975 7714/2879/807 7715/3826/1732
f 7706/3820/1725 7705/3819/1724 7712/3830/1730 7713/3828/1731
f 7704/3821/1723 7693/2846/769 7711/3829/1729
f 7714/2879/807 7713/3828/1731 7720/3831/1737 7721/3778/1224
f 7712/3830/1730 7711/3829/1729 7718/3832/1735 7719/3833/1736
f 7717/3825/1734 7716/3827/1733 7723/3834/1739 7724/3835/1740
f 7715/3826/1732 7714/2879/807 7721/3778/1224 7722/3836/1738
f 7713/3828/1731 7712/3830/1730 7719/3833/1736 7720/3831/1737
f 7711/3829/1729 7693/3837/769 7718/3832/1735
f 7696/3838/775 7717/3825/1734 7724/3835/1740
f 7716/3827/1733 7715/3826/1732 7722/3836/1738 7723/3834/1739
f 7724/3835/1740 7723/3834/1739 7730/3839/1745 7731/3840/1746
f 7722/3836/1738 7721/3778/1224 7728/3841/1166 7729/3842/1744
f 7720/3831/1737 7719/3833/1736 7726/3843/1742 7727/3844/1743
f 7718/3832/1735 7693/1978/769 7725/3845/1741
f 7696/1145/775 7724/3835/1740 7731/3840/1746
f 7723/3834/1739 7722/3836/1738 7729/3842/1744 7730/3839/1745
f 7721/3778/1224 7720/3831/1737 7727/3844/1743 7728/3841/1166
f 7719/3833/1736 7718/3832/1735 7725/3845/1741 7726/3843/1742
f 7727/3844/1743 7726/3843/1742 7733/3846/1748 7734/3847/1749
f 7725/3845/1741 7693/3444/769 7732/3848/1747
f 7696/3849/775 7731/3840/1746 7738/3850/1752
f 7730/3839/1745 7729/3842/1744 7736/3851/1750 7737/3852/1751
f 7728/3841/1166 7727/3844/1743 7734/3847/1749 7735/3429/843
f 7726/3843/1742 7725/3845/1741 7732/3848/1747 7733/3846/1748
f 7731/3840/1746 7730/3839/1745 7737/3852/1751 7738/3850/1752
f 7729/3842/1744 7728/3841/1166 7735/3429/843 7736/3851/1750
f 7696/3853/775 7738/3850/1752 7745/3854/1758
f 7737/3852/1751 7736/3851/1750 7743/3855/1756 7744/3856/1757
f 7735/3429/843 7734/3847/1749 7741/3857/1755 7742/3367/1048
f 7733/3846/1748 7732/3848/1747 7739/3858/1753 7740/3859/1754
f 7738/3850/1752 7737/3852/1751 7744/3856/1757 7745/3854/1758
f 7736/3851/1750 7735/3429/843 7742/3367/1048 7743/3855/1756
f 7734/3847/1749 7733/3846/1748 7740/3859/1754 7741/3857/1755
f 7732/3848/1747 7693/3860/769 7739/3858/1753
f 7740/3859/1754 7739/3858/1753 7746/3861/1759 7747/3862/1760
f 7745/3854/1758 7744/3856/1757 7751/3863/1763 7752/3864/1764
f 7743/3855/1756 7742/3367/1048 7749/3865/990 7750/3866/1762
f 7741/3857/1755 7740/3859/1754 7747/3862/1760 7748/3867/1761
f 7739/3858/1753 7693/3868/769 7746/3861/1759
f 7696/3869/775 7745/3854/1758 7752/3864/1764
f 7744/3856/1757 7743/3855/1756 7750/3866/1762 7751/3863/1763
f 7742/3367/1048 7741/3857/1755 7748/3867/1761 7749/3865/990
f 7752/3864/1764 7751/3863/1763 7758/3870/1769 7759/3871/1770
f 7750/3866/1762 7749/3865/990 7756/2768/879 7757/3872/1768
f 7748/3867/1761 7747/3862/1760 7754/3873/1766 7755/3874/1767
f 7746/3861/1759 7693/3875/769 7753/3876/1765
f 7696/3877/775 7752/3864/1764 7759/3871/1770
f 7751/3863/1763 7750/3866/1762 7757/3872/1768 7758/3870/1769
f 7749/3865/990 7748/3867/1761 7755/3874/1767 7756/2768/879
f 7747/3862/1760 7746/3861/1759 7753/3876/1765 7754/3873/1766
f 7753/3878/1765 7693/3165/769 7760/3879/1771
f 7696/3880/775 7759/3881/1770 7766/3882/1776
f 7758/3883/1769 7757/3884/1768 7764/3885/1774 7765/3886/1775
f 7756/2787/879 7755/3887/1767 7762/3888/1773 7763/3889/1209
f 7754/3890/1766 7753/3878/1765 7760/3879/1771 7761/3891/1772
f 7759/3881/1770 7758/3883/1769 7765/3886/1775 7766/3882/1776
f 7757/3884/1768 7756/2787/879 7763/3889/1209 7764/3885/1774
f 7755/3887/1767 7754/3890/1766 7761/3891/1772 7762/3888/1773
f 7765/3886/1775 7764/3885/1774 7771/3892/1780 7772/3893/1781
f 7763/3889/1209 7762/3888/1773 7769/3894/1779 7770/3088/1151
f 7761/3891/1772 7760/3879/1771 7767/3895/1777 7768/3896/1778
f 7766/3882/1776 7765/3886/1775 7772/3893/1781 7773/3897/1782
f 7764/3885/1774 7763/3889/1209 7770/3088/1151 7771/3892/1780
f 7762/3888/1773 7761/3891/1772 7768/3896/1778 7769/3894/1779
f 7760/3879/1771 7693/3898/769 7767/3895/1777
f 7696/3899/775 7766/3882/1776 7773/3897/1782
f 7773/3897/1782 7772/3893/1781 7778/3810/1786 7695/3809/1716
f 7771/3892/1780 7770/3088/1151 7776/2514/771 7777/3813/1785
f 7769/3894/1779 7768/3896/1778 7775/3805/1784 7694/3815/1715
f 7767/3895/1777 7693/3900/769 7774/3806/1783
f 7696/3901/775 7773/3897/1782 7695/3809/1716
f 7772/3893/1781 7771/3892/1780 7777/3813/1785 7778/3810/1786
f 7770/3088/1151 7769/3894/1779 7694/3815/1715 7776/2514/771
f 7768/3896/1778 7767/3895/1777 7774/3806/1783 7775/3805/1784
f 7785/3902/1793 7788/3903/1796 7789/3904/1797 7791/3905/1799
f 7786/3906/1794 7790/3907/1798 7789/3908/1797 7788/3909/1796
f 7787/3910/1795 7791/3911/1799 7789/3908/1797 7790/3907/1798
f 7792/3912/1800 7795/3913/1803 7796/3914/1804 7798/3915/1806
f 7793/3916/1801 7797/3917/1805 7796/3918/1804 7795/3919/1803
f 7794/3920/1802 7798/3921/1806 7796/3918/1804 7797/3917/1805
f 7805/3922/1813 7808/3923/1816 7809/3924/1817 7811/3925/1819
f 7806/3926/1814 7810/3927/1818 7809/3928/1817 7808/3929/1816
f 7807/3930/1815 7811/3931/1819 7809/3928/1817 7810/3927/1818
f 7812/3932/1820 7815/3933/1823 7816/3934/1824 7818/3935/1826
f 7813/3936/1821 7817/3937/1825 7816/3938/1824 7815/3939/1823
f 7814/3940/1822 7818/3941/1826 7816/3938/1824 7817/3937/1825
f 7825/3942/1833 7828/3943/1836 7829/3944/1837 7831/3945/1839
f 7826/3946/1834 7830/3947/1838 7829/3948/1837 7828/3949/1836
f 7827/3950/1835 7831/3951/1839 7829/3948/1837 7830/3947/1838
f 7832/3952/1840 7835/3953/1843 7836/3954/1844 7838/3955/1846
f 7833/3956/1841 7837/3957/1845 7836/3958/1844 7835/3959/1843
f 7834/3960/1842 7838/3961/1846 7836/3958/1844 7837/3957/1845
f 7845/3962/1853 7848/3963/1856 7849/3964/1857 7851/3965/1859
f 7846/3966/1854 7850/3967/1858 7849/3968/1857 7848/3969/1856
f 7847/3970/1855 7851/3971/1859 7849/3968/1857 7850/3967/1858
f 7852/3972/1860 7855/3973/1863 7856/3974/1864 7858/3975/1866
f 7853/3976/1861 7857/3977/1865 7856/3978/1864 7855/3979/1863
f 7854/3980/1862 7858/3981/1866 7856/3978/1864 7857/3977/1865
f 7865/3982/1873 7868/3983/1876 7869/3984/1877 7871/3985/1879
f 7866/3986/1874 7870/3987/1878 7869/3988/1877 7868/3989/1876
f 7867/3990/1875 7871/3991/1879 7869/3988/1877 7870/3987/1878
f 7872/3992/1880 7875/3993/1883 7876/3994/1884 7878/3995/1886
f 7873/3996/1881 7877/3997/1885 7876/3998/1884 7875/3999/1883
f 7874/4000/1882 7878/4001/1886 7876/3998/1884 7877/3997/1885
f 7885/4002/1893 7888/4003/1896 7889/4004/1897 7891/4005/1899
f 7886/4006/1894 7890/4007/1898 7889/4008/1897 7888/4009/1896
f 7887/4010/1895 7891/4011/1899 7889/4008/1897 7890/4007/1898
f 7892/4012/1900 7895/4013/1903 7896/4014/1904 7898/4015/1906
f 7893/4016/1901 7897/4017/1905 7896/4018/1904 7895/4019/1903
f 7894/4020/1902 7898/4021/1906 7896/4018/1904 7897/4017/1905
f 7780/4022/1788 7786/3906/1794 7788/3909/1796 7781/4023/1789
f 7781/4024/1789 7788/3903/1796 7785/3902/1793 7779/4025/1787
f 7794/3920/1802 7783/4026/1791 7784/4027/1792 7798/3921/1806
f 7798/3915/1806 7784/4028/1792 7782/4029/1790 7792/3912/1800
f 7793/3916/1801 7787/3910/1795 7790/3907/1798 7797/3917/1805
f 7797/3917/1805 7790/3907/1798 7786/3906/1794 7794/3920/1802
f 7787/3910/1795 7800/4030/1808 7801/4031/1809 7791/3911/1799
f 7791/3905/1799 7801/4032/1809 7799/4033/1807 7785/3902/1793
f 7803/4034/1811 7793/3916/1801 7795/3919/1803 7804/4035/1812
f 7804/4036/1812 7795/3913/1803 7792/3912/1800 7802/4037/1810
f 7800/4030/1808 7806/3926/1814 7808/3929/1816 7801/4031/1809
f 7801/4032/1809 7808/3923/1816 7805/3922/1813 7799/4033/1807
f 7814/3940/1822 7803/4034/1811 7804/4035/1812 7818/3941/1826
f 7818/3935/1826 7804/4036/1812 7802/4037/1810 7812/3932/1820
f 7813/3936/1821 7807/3930/1815 7810/3927/1818 7817/3937/1825
f 7817/3937/1825 7810/3927/1818 7806/3926/1814 7814/3940/1822
f 7807/3930/1815 7820/4038/1828 7821/4039/1829 7811/3931/1819
f 7811/3925/1819 7821/4040/1829 7819/4041/1827 7805/3922/1813
f 7823/4042/1831 7813/3936/1821 7815/3939/1823 7824/4043/1832
f 7824/4044/1832 7815/3933/1823 7812/3932/1820 7822/4045/1830
f 7820/4038/1828 7826/3946/1834 7828/3949/1836 7821/4039/1829
f 7821/4040/1829 7828/3943/1836 7825/3942/1833 7819/4041/1827
f 7834/3960/1842 7823/4042/1831 7824/4043/1832 7838/3961/1846
f 7838/3955/1846 7824/4044/1832 7822/4045/1830 7832/3952/1840
f 7833/3956/1841 7827/3950/1835 7830/3947/1838 7837/3957/1845
f 7837/3957/1845 7830/3947/1838 7826/3946/1834 7834/3960/1842
f 7827/3950/1835 7840/4046/1848 7841/4047/1849 7831/3951/1839
f 7831/3945/1839 7841/4048/1849 7839/4049/1847 7825/3942/1833
f 7843/4050/1851 7833/3956/1841 7835/3959/1843 7844/4051/1852
f 7844/4052/1852 7835/3953/1843 7832/3952/1840 7842/4053/1850
f 7840/4046/1848 7846/3966/1854 7848/3969/1856 7841/4047/1849
f 7841/4048/1849 7848/3963/1856 7845/3962/1853 7839/4049/1847
f 7854/3980/1862 7843/4050/1851 7844/4051/1852 7858/3981/1866
f 7858/3975/1866 7844/4052/1852 7842/4053/1850 7852/3972/1860
f 7853/3976/1861 7847/3970/1855 7850/3967/1858 7857/3977/1865
f 7857/3977/1865 7850/3967/1858 7846/3966/1854 7854/3980/1862
f 7847/3970/1855 7860/4054/1868 7861/3841/1869 7851/3971/1859
f 7851/3965/1859 7861/4055/1869 7859/4056/1867 7845/3962/1853
f 7863/4057/1871 7853/3976/1861 7855/3979/1863 7864/4058/1872
f 7864/4059/1872 7855/3973/1863 7852/3972/1860 7862/4060/1870
f 7860/4054/1868 7866/3986/1874 7868/3989/1876 7861/3841/1869
f 7861/4055/1869 7868/3983/1876 7865/3982/1873 7859/4056/1867
f 7874/4000/1882 7863/4057/1871 7864/4058/1872 7878/4001/1886
f 7878/3995/1886 7864/4059/1872 7862/4060/1870 7872/3992/1880
f 7873/3996/1881 7867/3990/1875 7870/3987/1878 7877/3997/1885
f 7877/3997/1885 7870/3987/1878 7866/3986/1874 7874/4000/1882
f 7867/3990/1875 7880/4061/1888 7881/4062/1889 7871/3991/1879
f 7871/3985/1879 7881/4063/1889 7879/4064/1887 7865/3982/1873
f 7883/4065/1891 7873/3996/1881 7875/3999/1883 7884/4066/1892
f 7884/4067/1892 7875/3993/1883 7872/3992/1880 7882/4068/1890
f 7880/4061/1888 7886/4006/1894 7888/4009/1896 7881/4062/1889
f 7881/4063/1889 7888/4003/1896 7885/4002/1893 7879/4064/1887
f 7894/4020/1902 7883/4065/1891 7884/4066/1892 7898/4021/1906
f 7898/4015/1906 7884/4067/1892 7882/4068/1890 7892/4012/1900
f 7893/4016/1901 7887/4010/1895 7890/4007/1898 7897/4017/1905
f 7897/4017/1905 7890/4007/1898 7886/4006/1894 7894/4020/1902
f 7887/4010/1895 7780/4069/1788 7781/4070/1789 7891/4011/1899
f 7891/4005/1899 7781/4024/1789 7779/4025/1787 7885/4002/1893
f 7783/4071/1791 7893/4016/1901 7895/4019/1903 7784/4072/1792
f 7784/4028/1792 7895/4013/1903 7892/4012/1900 7782/4029/1790
f 7779/4025/1787 7785/3902/1793 7799/4033/1807 7805/3922/1813 7819/4041/1827 7825/3942/1833 7839/4049/1847 7845/3962/1853 7859/4056/1867 7865/3982/1873 7879/4064/1887 7885/4002/1893
f 7780/4022/1788 7783/4026/1791 7794/3920/1802 7786/3906/1794
f 7887/4010/1895 7893/4016/1901 7783/4071/1791 7780/4069/1788
f 7792/3912/1800 7782/4029/1790 7892/4012/1900 7882/4068/1890 7872/3992/1880 7862/4060/1870 7852/3972/1860 7842/4053/1850 7832/3952/1840 7822/4045/1830 7812/3932/1820 7802/4037/1810
f 7787/3910/1795 7793/3916/1801 7803/4034/1811 7800/4030/1808
f 7800/4030/1808 7803/4034/1811 7814/3940/1822 7806/3926/1814
f 7807/3930/1815 7813/3936/1821 7823/4042/1831 7820/4038/1828
f 7820/4038/1828 7823/4042/1831 7834/3960/1842 7826/3946/1834
f 7827/3950/1835 7833/3956/1841 7843/4050/1851 7840/4046/1848
f 7840/4046/1848 7843/4050/1851 7854/3980/1862 7846/3966/1854
f 7847/3970/1855 7853/3976/1861 7863/4057/1871 7860/4054/1868
f 7860/4054/1868 7863/4057/1871 7874/4000/1882 7866/3986/1874
f 7867/3990/1875 7873/3996/1881 7883/4065/1891 7880/4061/1888
f 7880/4061/1888 7883/4065/1891 7894/4020/1902 7886/4006/1894
f 7983/3813/1785 7982/2514/771 7906/2968/1033 7907/3814/1720
f 7900/3815/1715 7981/3805/1784 7904/3808/1718 7905/3816/1719
f 7980/3806/1783 7899/2983/769 7903/3807/1717
f 7902/3817/775 7901/3809/1716 7909/3812/1907
f 7984/3810/1786 7983/3813/1785 7907/3814/1720 7908/3811/1721
f 7982/2514/771 7900/3815/1715 7905/3816/1719 7906/2968/1033
f 7981/3805/1784 7980/3806/1783 7903/3807/1717 7904/3808/1718
f 7901/3809/1716 7984/3810/1786 7908/3811/1721 7909/3812/1907
f 7902/1998/775 7909/3812/1907 7916/3822/1728
f 7908/3811/1721 7907/3814/1720 7914/3818/1726 7915/3823/1727
f 7906/2968/1033 7905/3816/1719 7912/3820/1725 7913/2911/975
f 7904/3808/1718 7903/3807/1717 7910/3821/1723 7911/3819/1724
f 7909/3812/1907 7908/3811/1721 7915/3823/1727 7916/3822/1728
f 7907/3814/1720 7906/2968/1033 7913/2911/975 7914/3818/1726
f 7905/3816/1719 7904/3808/1718 7911/3819/1724 7912/3820/1725
f 7903/3807/1717 7899/1155/769 7910/3821/1723
f 7911/3819/1724 7910/3821/1723 7917/3829/1729 7918/3830/1730
f 7916/3822/1728 7915/3823/1727 7922/3827/1733 7923/3825/1734
f 7914/3818/1726 7913/2911/975 7920/2879/807 7921/3826/1732
f 7912/3820/1725 7911/3819/1724 7918/3830/1730 7919/3828/1731
f 7910/3821/1723 7899/2846/769 7917/3829/1729
f 7902/3824/775 7916/3822/1728 7923/3825/1734
f 7915/3823/1727 7914/3818/1726 7921/3826/1732 7922/3827/1733
f 7913/2911/975 7912/3820/1725 7919/3828/1731 7920/2879/807
f 7923/3825/1734 7922/3827/1733 7929/3834/1739 7930/3835/1740
f 7921/3826/1732 7920/2879/807 7927/3778/1224 7928/3836/1738
f 7919/3828/1731 7918/3830/1730 7925/3833/1736 7926/3831/1737
f 7917/3829/1729 7899/3837/769 7924/3832/1735
f 7902/3838/775 7923/3825/1734 7930/3835/1740
f 7922/3827/1733 7921/3826/1732 7928/3836/1738 7929/3834/1739
f 7920/2879/807 7919/3828/1731 7926/3831/1737 7927/3778/1224
f 7918/3830/1730 7917/3829/1729 7924/3832/1735 7925/3833/1736
f 7924/3832/1735 7899/1978/769 7931/3845/1741
f 7902/1145/775 7930/3835/1740 7937/3840/1746
f 7929/3834/1739 7928/3836/1738 7935/3842/1744 7936/3839/1745
f 7927/3778/1224 7926/3831/1737 7933/3844/1743 7934/3841/1166
f 7925/3833/1736 7924/3832/1735 7931/3845/1741 7932/3843/1742
f 7930/3835/1740 7929/3834/1739 7936/3839/1745 7937/3840/1746
f 7928/3836/1738 7927/3778/1224 7934/3841/1166 7935/3842/1744
f 7926/3831/1737 7925/3833/1736 7932/3843/1742 7933/3844/1743
f 7936/3839/1745 7935/3842/1744 7942/3851/1750 7943/3852/1751
f 7934/3841/1166 7933/3844/1743 7940/3847/1749 7941/3429/843
f 7932/3843/1742 7931/3845/1741 7938/3848/1747 7939/3846/1748
f 7937/3840/1746 7936/3839/1745 7943/3852/1751 7944/3850/1752
f 7935/3842/1744 7934/3841/1166 7941/3429/843 7942/3851/1750
f 7933/3844/1743 7932/3843/1742 7939/3846/1748 7940/3847/1749
f 7931/3845/1741 7899/3444/769 7938/3848/1747
f 7902/3849/775 7937/3840/1746 7944/3850/1752
f 7944/3850/1752 7943/3852/1751 7950/3856/1757 7951/3854/1758
f 7942/3851/1750 7941/3429/843 7948/3367/1048 7949/3855/1756
f 7940/3847/1749 7939/3846/1748 7946/3859/1754 7947/3857/1755
f 7938/3848/1747 7899/3860/769 7945/3858/1753
f 7902/3853/775 7944/3850/1752 7951/3854/1758
f 7943/3852/1751 7942/3851/1750 7949/3855/1756 7950/3856/1757
f 7941/3429/843 7940/3847/1749 7947/3857/1755 7948/3367/1048
f 7939/3846/1748 7938/3848/1747 7945/3858/1753 7946/3859/1754
f 7949/3855/1756 7948/3367/1048 7955/3865/990 7956/3866/1762
f 7947/3857/1755 7946/3859/1754 7953/3862/1760 7954/3867/1761
f 7945/3858/1753 7899/3868/769 7952/3861/1759
f 7902/3869/775 7951/3854/1758 7958/3864/1764
f 7950/3856/1757 7949/3855/1756 7956/3866/1762 7957/3863/1763
f 7948/3367/1048 7947/3857/1755 7954/3867/1761 7955/3865/990
f 7946/3859/1754 7945/3858/1753 7952/3861/1759 7953/3862/1760
f 7951/3854/1758 7950/3856/1757 7957/3863/1763 7958/3864/1764
f 7902/3877/775 7958/3864/1764 7965/3871/1770
f 7957/3863/1763 7956/3866/1762 7963/3872/1768 7964/3870/1769
f 7955/3865/990 7954/3867/1761 7961/3874/1767 7962/2768/879
f 7953/3862/1760 7952/3861/1759 7959/3876/1765 7960/3873/1766
f 7958/3864/1764 7957/3863/1763 7964/3870/1769 7965/3871/1770
f 7956/3866/1762 7955/3865/990 7962/2768/879 7963/3872/1768
f 7954/3867/1761 7953/3862/1760 7960/3873/1766 7961/3874/1767
f 7952/3861/1759 7899/3875/769 7959/3876/1765
f 7962/2787/879 7961/3887/1767 7968/3888/1773 7969/3889/1209
f 7960/3890/1766 7959/3878/1765 7966/3879/1771 7967/3891/1772
f 7965/3881/1770 7964/3883/1769 7971/3886/1775 7972/3882/1776
f 7963/3884/1768 7962/2787/879 7969/3889/1209 7970/3885/1774
f 7961/3887/1767 7960/3890/1766 7967/3891/1772 7968/3888/1773
f 7959/3878/1765 7899/3165/769 7966/3879/1771
f 7902/3880/775 7965/3881/1770 7972/3882/1776
f 7964/3883/1769 7963/3884/1768 7970/3885/1774 7971/3886/1775
f 7972/3882/1776 7971/3886/1775 7978/3893/1781 7979/3897/1782
f 7970/3885/1774 7969/3889/1209 7976/3088/1151 7977/3892/1780
f 7968/3888/1773 7967/3891/1772 7974/3896/1778 7975/3894/1779
f 7966/3879/1771 7899/3898/769 7973/3895/1777
f 7902/3899/775 7972/3882/1776 7979/3897/1782
f 7971/3886/1775 7970/3885/1774 7977/3892/1780 7978/3893/1781
f 7969/3889/1209 7968/3888/1773 7975/3894/1779 7976/3088/1151
f 7967/3891/1772 7966/3879/1771 7973/3895/1777 7974/3896/1778
f 7975/3894/1779 7974/3896/1778 7981/3805/1784 7900/3815/1715
f 7973/3895/1777 7899/3900/769 7980/3806/1783
f 7902/3901/775 7979/3897/1782 7901/3809/1716
f 7978/3893/1781 7977/3892/1780 7983/3813/1785 7984/3810/1786
f 7976/3088/1151 7975/3894/1779 7900/3815/1715 7982/2514/771
f 7974/3896/1778 7973/3895/1777 7980/3806/1783 7981/3805/1784
f 7979/3897/1782 7978/3893/1781 7984/3810/1786 7901/3809/1716
f 7977/3892/1780 7976/3088/1151 7982/2514/771 7983/3813/1785
f 7997/4073/1920 8000/4074/1923 8001/4075/1924 8003/4076/1926
f 7998/4077/1921 8002/4078/1925 8001/4079/1924 8000/4080/1923
f 7999/4081/1922 8003/4082/1926 8001/4079/1924 8002/4078/1925
f 8004/4083/1927 8007/4084/1930 8008/4085/1931 8010/4086/1933
f 8005/4087/1928 8009/4088/1932 8008/4089/1931 8007/4090/1930
f 8006/4091/1929 8010/4092/1933 8008/4089/1931 8009/4088/1932
f 8023/4093/1946 8026/4094/1949 8027/4095/1950 8029/4096/1952
f 8024/4097/1947 8028/4098/1951 8027/4099/1950 8026/4100/1949
f 8025/4101/1948 8029/4102/1952 8027/4099/1950 8028/4098/1951
f 8030/4103/1953 8033/4104/1956 8034/4105/1957 8036/4106/1959
f 8031/4107/1954 8035/3957/1958 8034/4108/1957 8033/4109/1956
f 8032/4110/1955 8036/4111/1959 8034/4108/1957 8035/3957/1958
f 8049/4112/1972 8052/4113/1975 8053/4114/1976 8055/4115/1978
f 8050/4116/1973 8054/4117/1977 8053/4118/1976 8052/4119/1975
f 8051/4120/1974 8055/4121/1978 8053/4118/1976 8054/4117/1977
f 8056/4122/1979 8059/4123/1982 8060/4124/1983 8062/4125/1985
f 8057/4126/1980 8061/4127/1984 8060/4128/1983 8059/4129/1982
f 8058/4130/1981 8062/4131/1985 8060/4128/1983 8061/4127/1984
f 8075/4132/1998 8078/4133/2001 8079/4134/2002 8081/4135/2004
f 8076/4136/1999 8080/4137/2003 8079/4138/2002 8078/4139/2001
f 8077/4140/2000 8081/4141/2004 8079/4138/2002 8080/4137/2003
f 8082/4142/2005 8085/4143/2008 8086/4144/2009 8088/4145/2011
f 8083/4146/2006 8087/4147/2010 8086/4148/2009 8085/4149/2008
f 8084/4150/2007 8088/4151/2011 8086/4148/2009 8087/4147/2010
f 7986/4022/1909 7992/4152/1915 7993/4153/1916 7987/4154/1910
f 7987/4155/1910 7993/4156/1916 7991/4157/1914 7985/4158/1908
f 7995/4159/1918 7989/4160/1912 7990/4161/1913 7996/4162/1919
f 7996/4163/1919 7990/4164/1913 7988/4165/1911 7994/4166/1917
f 7992/4152/1915 7998/4077/1921 8000/4080/1923 7993/4153/1916
f 7993/4156/1916 8000/4074/1923 7997/4073/1920 7991/4157/1914
f 8006/4091/1929 7995/4159/1918 7996/4162/1919 8010/4092/1933
f 8010/4086/1933 7996/4163/1919 7994/4166/1917 8004/4083/1927
f 8005/4087/1928 7999/4081/1922 8002/4078/1925 8009/4088/1932
f 8009/4088/1932 8002/4078/1925 7998/4077/1921 8006/4091/1929
f 7999/4081/1922 8012/3927/1935 8013/4167/1936 8003/4082/1926
f 8003/4076/1926 8013/4168/1936 8011/4169/1934 7997/4073/1920
f 8015/4170/1938 8005/4087/1928 8007/4090/1930 8016/4171/1939
f 8016/4172/1939 8007/4084/1930 8004/4083/1927 8014/4173/1937
f 8012/3927/1935 8018/4174/1941 8019/4039/1942 8013/4167/1936
f 8013/4168/1936 8019/4175/1942 8017/4176/1940 8011/4169/1934
f 8021/4177/1944 8015/4170/1938 8016/4171/1939 8022/4178/1945
f 8022/4179/1945 8016/4172/1939 8014/4173/1937 8020/4180/1943
f 8018/4174/1941 8024/4097/1947 8026/4100/1949 8019/4039/1942
f 8019/4175/1942 8026/4094/1949 8023/4093/1946 8017/4176/1940
f 8032/4110/1955 8021/4177/1944 8022/4178/1945 8036/4111/1959
f 8036/4106/1959 8022/4179/1945 8020/4180/1943 8030/4103/1953
f 8031/4107/1954 8025/4101/1948 8028/4098/1951 8035/3957/1958
f 8035/3957/1958 8028/4098/1951 8024/4097/1947 8032/4110/1955
f 8025/4101/1948 8038/4181/1961 8039/4182/1962 8029/4102/1952
f 8029/4096/1952 8039/4183/1962 8037/4184/1960 8023/4093/1946
f 8041/4185/1964 8031/4107/1954 8033/4109/1956 8042/4186/1965
f 8042/4187/1965 8033/4104/1956 8030/4103/1953 8040/4188/1963
f 8038/4181/1961 8044/4189/1967 8045/4190/1968 8039/4182/1962
f 8039/4183/1962 8045/4191/1968 8043/4192/1966 8037/4184/1960
f 8047/4193/1970 8041/4185/1964 8042/4186/1965 8048/4194/1971
f 8048/4195/1971 8042/4187/1965 8040/4188/1963 8046/4196/1969
f 8044/4189/1967 8050/4116/1973 8052/4119/1975 8045/4190/1968
f 8045/4191/1968 8052/4113/1975 8049/4112/1972 8043/4192/1966
f 8058/4130/1981 8047/4193/1970 8048/4194/1971 8062/4131/1985
f 8062/4125/1985 8048/4195/1971 8046/4196/1969 8056/4122/1979
f 8057/4126/1980 8051/4120/1974 8054/4117/1977 8061/4127/1984
f 8061/4127/1984 8054/4117/1977 8050/4116/1973 8058/4130/1981
f 8051/4120/1974 8064/4197/1987 8065/4198/1988 8055/4121/1978
f 8055/4115/1978 8065/4199/1988 8063/4200/1986 8049/4112/1972
f 8067/3997/1990 8057/4126/1980 8059/4129/1982 8068/4201/1991
f 8068/4202/1991 8059/4123/1982 8056/4122/1979 8066/4203/1989
f 8064/4197/1987 8070/4204/1993 8071/4205/1994 8065/4198/1988
f 8065/4199/1988 8071/4206/1994 8069/4207/1992 8063/4200/1986
f 8073/4208/1996 8067/3997/1990 8068/4201/1991 8074/4209/1997
f 8074/4210/1997 8068/4202/1991 8066/4203/1989 8072/4211/1995
f 8070/4204/1993 8076/4136/1999 8078/4139/2001 8071/4205/1994
f 8071/4206/1994 8078/4133/2001 8075/4132/1998 8069/4207/1992
f 8084/4150/2007 8073/4208/1996 8074/4209/1997 8088/4151/2011
f 8088/4145/2011 8074/4210/1997 8072/4211/1995 8082/4142/2005
f 8083/4146/2006 8077/4140/2000 8080/4137/2003 8087/4147/2010
f 8087/4147/2010 8080/4137/2003 8076/4136/1999 8084/4150/2007
f 8077/4140/2000 7986/4069/1909 7987/4212/1910 8081/4141/2004
f 8081/4135/2004 7987/4155/1910 7985/4158/1908 8075/4132/1998
f 7989/4071/1912 8083/4146/2006 8085/4149/2008 7990/4213/1913
f 7990/4164/1913 8085/4143/2008 8082/4142/2005 7988/4165/1911
f 7985/4158/1908 7991/4157/1914 7997/4073/1920 8011/4169/1934 8017/4176/1940 8023/4093/1946 8037/4184/1960 8043/4192/1966 8049/4112/1972 8063/4200/1986 8069/4207/1992 8075/4132/1998
f 7986/4022/1909 7989/4160/1912 7995/4159/1918 7992/4152/1915
f 8077/4140/2000 8083/4146/2006 7989/4071/1912 7986/4069/1909
f 7994/4166/1917 7988/4165/1911 8082/4142/2005 8072/4211/1995 8066/4203/1989 8056/4122/1979 8046/4196/1969 8040/4188/1963 8030/4103/1953 8020/4180/1943 8014/4173/1937 8004/4083/1927
f 7992/4152/1915 7995/4159/1918 8006/4091/1929 7998/4077/1921
f 7999/4081/1922 8005/4087/1928 8015/4170/1938 8012/3927/1935
f 8012/3927/1935 8015/4170/1938 8021/4177/1944 8018/4174/1941
f 8018/4174/1941 8021/4177/1944 8032/4110/1955 8024/4097/1947
f 8025/4101/1948 8031/4107/1954 8041/4185/1964 8038/4181/1961
f 8038/4181/1961 8041/4185/1964 8047/4193/1970 8044/4189/1967
f 8044/4189/1967 8047/4193/1970 8058/4130/1981 8050/4116/1973
f 8051/4120/1974 8057/4126/1980 8067/3997/1990 8064/4197/1987
f 8064/4197/1987 8067/3997/1990 8073/4208/1996 8070/4204/1993
f 8070/4204/1993 8073/4208/1996 8084/4150/2007 8076/4136/1999
f 8173/3813/1785 8172/2514/771 8096/2968/1033 8097/3814/1720
f 8090/3815/1715 8171/3805/1784 8094/3808/1718 8095/3816/1719
f 8170/3806/1783 8089/2983/769 8093/3807/1717
f 8092/3817/775 8091/3809/1716 8099/3812/1722
f 8174/3810/1786 8173/3813/1785 8097/3814/1720 8098/3811/1721
f 8172/2514/771 8090/3815/1715 8095/3816/1719 8096/2968/1033
f 8171/3805/1784 8170/3806/1783 8093/3807/1717 8094/3808/1718
f 8091/3809/1716 8174/3810/1786 8098/3811/1721 8099/3812/1722
f 8092/1998/775 8099/3812/1722 8106/3822/1728
f 8098/3811/1721 8097/3814/1720 8104/3818/1726 8105/3823/1727
f 8096/2968/1033 8095/3816/1719 8102/3820/1725 8103/2911/975
f 8094/3808/1718 8093/3807/1717 8100/3821/1723 8101/3819/1724
f 8099/3812/1722 8098/3811/1721 8105/3823/1727 8106/3822/1728
f 8097/3814/1720 8096/2968/1033 8103/2911/975 8104/3818/1726
f 8095/3816/1719 8094/3808/1718 8101/3819/1724 8102/3820/1725
f 8093/3807/1717 8089/1155/769 8100/3821/1723
f 8101/3819/1724 8100/3821/1723 8107/3829/1729 8108/3830/1730
f 8106/3822/1728 8105/3823/1727 8112/3827/1733 8113/3825/1734
f 8104/3818/1726 8103/2911/975 8110/2879/807 8111/3826/1732
f 8102/3820/1725 8101/3819/1724 8108/3830/1730 8109/3828/1731
f 8100/3821/1723 8089/2846/769 8107/3829/1729
f 8092/3824/775 8106/3822/1728 8113/3825/1734
f 8105/3823/1727 8104/3818/1726 8111/3826/1732 8112/3827/1733
f 8103/2911/975 8102/3820/1725 8109/3828/1731 8110/2879/807
f 8113/3825/1734 8112/3827/1733 8119/3834/1739 8120/3835/1740
f 8111/3826/1732 8110/2879/807 8117/3778/1224 8118/3836/1738
f 8109/3828/1731 8108/3830/1730 8115/3833/1736 8116/3831/1737
f 8107/3829/1729 8089/3837/769 8114/3832/1735
f 8092/3838/775 8113/3825/1734 8120/3835/1740
f 8112/3827/1733 8111/3826/1732 8118/3836/1738 8119/3834/1739
f 8110/2879/807 8109/3828/1731 8116/3831/1737 8117/3778/1224
f 8108/3830/1730 8107/3829/1729 8114/3832/1735 8115/3833/1736
f 8114/3832/1735 8089/1978/769 8121/3845/1741
f 8092/1145/775 8120/3835/1740 8127/3840/2012
f 8119/3834/1739 8118/3836/1738 8125/3842/1744 8126/3839/1745
f 8117/3778/1224 8116/3831/1737 8123/3844/1743 8124/3841/1166
f 8115/3833/1736 8114/3832/1735 8121/3845/1741 8122/3843/1742
f 8120/3835/1740 8119/3834/1739 8126/3839/1745 8127/3840/2012
f 8118/3836/1738 8117/3778/1224 8124/3841/1166 8125/3842/1744
f 8116/3831/1737 8115/3833/1736 8122/3843/1742 8123/3844/1743
f 8126/3839/1745 8125/3842/1744 8132/3851/1750 8133/3852/1751
f 8124/3841/1166 8123/3844/1743 8130/3847/1749 8131/3429/843
f 8122/3843/1742 8121/3845/1741 8128/3848/1747 8129/3846/1748
f 8127/3840/2012 8126/3839/1745 8133/3852/1751 8134/3850/1752
f 8125/3842/1744 8124/3841/1166 8131/3429/843 8132/3851/1750
f 8123/3844/1743 8122/3843/1742 8129/3846/1748 8130/3847/1749
f 8121/3845/1741 8089/3444/769 8128/3848/1747
f 8092/3849/775 8127/3840/2012 8134/3850/1752
f 8134/3850/1752 8133/3852/1751 8140/3856/1757 8141/3854/2013
f 8132/3851/1750 8131/3429/843 8138/3367/1048 8139/3855/1756
f 8130/3847/1749 8129/3846/1748 8136/3859/1754 8137/3857/1755
f 8128/3848/1747 8089/3860/769 8135/3858/1753
f 8092/3853/775 8134/3850/1752 8141/3854/2013
f 8133/3852/1751 8132/3851/1750 8139/3855/1756 8140/3856/1757
f 8131/3429/843 8130/3847/1749 8137/3857/1755 8138/3367/1048
f 8129/3846/1748 8128/3848/1747 8135/3858/1753 8136/3859/1754
f 8139/3855/1756 8138/3367/1048 8145/3865/990 8146/3866/1762
f 8137/3857/1755 8136/3859/1754 8143/3862/1760 8144/3867/1761
f 8135/3858/1753 8089/3868/769 8142/3861/1759
f 8092/3869/775 8141/3854/2013 8148/3864/1764
f 8140/3856/1757 8139/3855/1756 8146/3866/1762 8147/3863/1763
f 8138/3367/1048 8137/3857/1755 8144/3867/1761 8145/3865/990
f 8136/3859/1754 8135/3858/1753 8142/3861/1759 8143/3862/1760
f 8141/3854/2013 8140/3856/1757 8147/3863/1763 8148/3864/1764
f 8092/3877/775 8148/3864/1764 8155/3871/1770
f 8147/3863/1763 8146/3866/1762 8153/3872/1768 8154/3870/1769
f 8145/3865/990 8144/3867/1761 8151/3874/1767 8152/2768/879
f 8143/3862/1760 8142/3861/1759 8149/3876/1765 8150/3873/1766
f 8148/3864/1764 8147/3863/1763 8154/3870/1769 8155/3871/1770
f 8146/3866/1762 8145/3865/990 8152/2768/879 8153/3872/1768
f 8144/3867/1761 8143/3862/1760 8150/3873/1766 8151/3874/1767
f 8142/3861/1759 8089/3875/769 8149/3876/1765
f 8152/2787/879 8151/3887/1767 8158/3888/1773 8159/3889/1209
f 8150/3890/1766 8149/3878/1765 8156/3879/1771 8157/3891/1772
f 8155/3881/1770 8154/3883/1769 8161/3886/1775 8162/3882/1776
f 8153/3884/1768 8152/2787/879 8159/3889/1209 8160/3885/1774
f 8151/3887/1767 8150/3890/1766 8157/3891/1772 8158/3888/1773
f 8149/3878/1765 8089/3165/769 8156/3879/1771
f 8092/3880/775 8155/3881/1770 8162/3882/1776
f 8154/3883/1769 8153/3884/1768 8160/3885/1774 8161/3886/1775
f 8162/3882/1776 8161/3886/1775 8168/3893/1781 8169/3897/2014
f 8160/3885/1774 8159/3889/1209 8166/3088/1151 8167/3892/1780
f 8158/3888/1773 8157/3891/1772 8164/3896/1778 8165/3894/1779
f 8156/3879/1771 8089/3898/769 8163/3895/1777
f 8092/3899/775 8162/3882/1776 8169/3897/2014
f 8161/3886/1775 8160/3885/1774 8167/3892/1780 8168/3893/1781
f 8159/3889/1209 8158/3888/1773 8165/3894/1779 8166/3088/1151
f 8157/3891/1772 8156/3879/1771 8163/3895/1777 8164/3896/1778
f 8165/3894/1779 8164/3896/1778 8171/3805/1784 8090/3815/1715
f 8163/3895/1777 8089/3900/769 8170/3806/1783
f 8092/3901/775 8169/3897/2014 8091/3809/1716
f 8168/3893/1781 8167/3892/1780 8173/3813/1785 8174/3810/1786
f 8166/3088/1151 8165/3894/1779 8090/3815/1715 8172/2514/771
f 8164/3896/1778 8163/3895/1777 8170/3806/1783 8171/3805/1784
f 8169/3897/2014 8168/3893/1781 8174/3810/1786 8091/3809/1716
f 8167/3892/1780 8166/3088/1151 8172/2514/771 8173/3813/1785
f 8176/4214/916 8205/4215/2027 8207/2822/945 8177/2823/807
f 8177/2823/807 8207/2822/945 8206/4216/2028 8175/4217/915
f 8179/4218/918 8208/4219/946 8210/4220/948 8180/4221/919
f 8180/4221/919 8210/4220/948 8209/4222/2029 8178/4223/2015
f 8182/4224/2016 8211/4225/2030 8213/4226/951 8183/4227/922
f 8183/4227/922 8213/4226/951 8212/4228/950 8181/4229/920
f 8185/4230/924 8214/4231/952 8216/2840/954 8186/2841/925
f 8186/2841/925 8216/2840/954 8215/4232/2031 8184/4233/2017
f 8188/4234/2019 8217/4235/2032 8219/2846/957 8189/2847/928
f 8189/2848/928 8219/2849/957 8218/4236/2033 8187/4237/2018
f 8191/4238/2021 8220/4239/2034 8222/2854/960 8192/2855/879
f 8192/2855/879 8222/2854/960 8221/4240/2035 8190/4241/2020
f 8194/4242/2023 8223/4243/2036 8225/2860/963 8195/2861/933
f 8195/2861/933 8225/2860/963 8224/4244/2037 8193/4245/2022
f 8197/4246/2024 8226/4247/2038 8228/2866/966 8198/2867/936
f 8198/2867/936 8228/2866/966 8227/4248/965 8196/4249/934
f 8200/4250/938 8229/4251/967 8231/2872/969 8201/4252/939
f 8201/4252/939 8231/2872/969 8230/4253/2039 8199/4254/2025
f 8203/4255/2026 8232/4256/2040 8234/4257/972 8204/2879/942
f 8204/2879/942 8234/4257/972 8233/4258/971 8202/4259/940
f 8205/4215/2027 8235/4260/973 8237/4261/975 8207/2822/945
f 8207/2822/945 8237/4261/975 8236/4262/974 8206/4216/2028
f 8208/4219/946 8238/4263/976 8240/4264/978 8210/4220/948
f 8210/4220/948 8240/4264/978 8239/4265/2041 8209/4222/2029
f 8211/4225/2030 8241/4266/2042 8243/4267/981 8213/4226/951
f 8213/4226/951 8243/4267/981 8242/4268/980 8212/4228/950
f 8214/4231/952 8244/4269/982 8246/2892/984 8216/2840/954
f 8216/2840/954 8246/2892/984 8245/4270/983 8215/4232/2031
f 8217/4235/2032 8247/4271/2043 8249/2895/987 8219/2846/957
f 8219/2849/957 8249/2896/987 8248/4272/2044 8218/4236/2033
f 8220/4239/2034 8250/4273/2045 8252/2899/990 8222/2854/960
f 8222/2854/960 8252/2899/990 8251/4274/2046 8221/4240/2035
f 8223/4243/2036 8253/4275/2047 8255/2902/993 8225/2860/963
f 8225/2860/963 8255/2902/993 8254/4276/2048 8224/4244/2037
f 8226/4247/2038 8256/4277/994 8258/2905/996 8228/2866/966
f 8228/2866/966 8258/2905/996 8257/4278/995 8227/4248/965
f 8229/4251/967 8259/4279/2049 8261/4280/999 8231/2872/969
f 8231/2872/969 8261/4280/999 8260/4281/2050 8230/4253/2039
f 8232/4256/2040 8262/4282/2051 8264/4283/1002 8234/4257/972
f 8234/4257/972 8264/4283/1002 8263/4284/1001 8233/4258/971
f 8235/4260/973 8265/4285/1003 8267/2657/789 8237/4261/975
f 8237/4261/975 8267/2657/789 8266/4286/1004 8236/4262/974
f 8238/4263/976 8268/4287/1005 8270/2656/1007 8240/4264/978
f 8240/4264/978 8270/2656/1007 8269/4288/2052 8239/4265/2041
f 8241/4266/2042 8271/4289/2053 8273/2663/1010 8243/4267/981
f 8243/4267/981 8273/2663/1010 8272/4290/1009 8242/4268/980
f 8244/4269/982 8274/4291/1011 8276/2920/1013 8246/2892/984
f 8246/2892/984 8276/2920/1013 8275/4292/1012 8245/4270/983
f 8247/4271/2043 8277/4293/1014 8279/1155/1016 8249/2895/987
f 8249/2896/987 8279/2923/1016 8278/4294/2054 8248/4272/2044
f 8250/4273/2045 8280/4295/1017 8282/2926/861 8252/2899/990
f 8252/2899/990 8282/2926/861 8281/4296/1018 8251/4274/2046
f 8253/4275/2047 8283/4297/2055 8285/2929/1021 8255/2902/993
f 8255/2902/993 8285/2929/1021 8284/4298/1020 8254/4276/2048
f 8256/4277/994 8286/4299/1022 8288/2660/1024 8258/2905/996
f 8258/2905/996 8288/2660/1024 8287/4300/1023 8257/4278/995
f 8259/4279/2049 8289/4301/1025 8291/2934/1027 8261/4280/999
f 8261/4280/999 8291/2934/1027 8290/4302/2056 8260/4281/2050
f 8262/4282/2051 8292/4303/2057 8294/2662/1030 8264/4283/1002
f 8264/4283/1002 8294/2662/1030 8293/4304/1029 8263/4284/1001
f 8265/4285/1003 8295/4305/1031 8297/2940/1033 8267/2657/789
f 8267/2657/789 8297/2940/1033 8296/4306/1032 8266/4286/1004
f 8268/4287/1005 8298/4307/1034 8300/2943/1036 8270/2656/1007
f 8270/2656/1007 8300/2943/1036 8299/4308/1035 8269/4288/2052
f 8271/4289/2053 8301/4309/2058 8303/4310/1039 8273/2663/1010
f 8273/2663/1010 8303/4310/1039 8302/4311/2059 8272/4290/1009
f 8274/4291/1011 8304/4312/1040 8306/2949/1042 8276/2920/1013
f 8276/2920/1013 8306/2949/1042 8305/4313/2060 8275/4292/1012
f 8277/4293/1014 8307/4314/2061 8309/2952/1045 8279/1155/1016
f 8279/2923/1016 8309/2953/1045 8308/4315/2062 8278/4294/2054
f 8280/4295/1017 8310/4316/1046 8312/2956/1048 8282/2926/861
f 8282/2926/861 8312/2956/1048 8311/4317/1047 8281/4296/1018
f 8283/4297/2055 8313/4318/2063 8315/2959/1051 8285/2929/1021
f 8285/2929/1021 8315/2959/1051 8314/4319/2064 8284/4298/1020
f 8286/4299/1022 8316/4320/2065 8318/2962/1054 8288/2660/1024
f 8288/2660/1024 8318/2962/1054 8317/4321/1053 8287/4300/1023
f 8289/4301/1025 8319/4322/1055 8321/4323/1057 8291/2934/1027
f 8291/2934/1027 8321/4323/1057 8320/4324/2066 8290/4302/2056
f 8292/4303/2057 8322/4325/1058 8324/2968/1060 8294/2662/1030
f 8294/2662/1030 8324/2968/1060 8323/4326/1059 8293/4304/1029
f 8295/4305/1031 8325/4327/2067 8327/4328/1063 8297/2940/1033
f 8297/2940/1033 8327/4328/1063 8326/4329/2068 8296/4306/1032
f 8298/4307/1034 8328/4330/2069 8330/4331/1066 8300/2943/1036
f 8300/2943/1036 8330/4331/1066 8329/4332/1065 8299/4308/1035
f 8301/4309/2058 8331/4333/2070 8333/2977/1069 8303/4310/1039
f 8303/4310/1039 8333/2977/1069 8332/4334/1068 8302/4311/2059
f 8304/4312/1040 8334/4335/1070 8336/2980/1072 8306/2949/1042
f 8306/2949/1042 8336/2980/1072 8335/4336/2071 8305/4313/2060
f 8307/4314/2061 8337/4337/2072 8339/2983/1075 8309/2952/1045
f 8309/2953/1045 8339/2984/1075 8338/4338/2073 8308/4315/2062
f 8310/4316/1046 8340/4339/1076 8342/2987/1078 8312/2956/1048
f 8312/2956/1048 8342/2987/1078 8341/4340/1077 8311/4317/1047
f 8313/4318/2063 8343/4341/2074 8345/2990/1081 8315/2959/1051
f 8315/2959/1051 8345/2990/1081 8344/4342/2075 8314/4319/2064
f 8316/4320/2065 8346/4343/2076 8348/2993/1084 8318/2962/1054
f 8318/2962/1054 8348/2993/1084 8347/4344/1083 8317/4321/1053
f 8319/4322/1055 8349/4345/1085 8351/4346/1087 8321/4323/1057
f 8321/4323/1057 8351/4346/1087 8350/4347/2077 8320/4324/2066
f 8322/4325/1058 8352/4348/1088 8354/4349/1090 8324/2968/1060
f 8324/2968/1060 8354/4349/1090 8353/4350/2078 8323/4326/1059
f 8325/4327/2067 8355/4351/2079 8357/3002/771 8327/4328/1063
f 8327/4328/1063 8357/3002/771 8356/4352/2080 8326/4329/2068
f 8328/4330/2069 8358/4353/2081 8360/2641/1095 8330/4331/1066
f 8330/4331/1066 8360/2641/1095 8359/4354/1094 8329/4332/1065
f 8331/4333/2070 8361/4355/1096 8363/4356/1098 8333/2977/1069
f 8333/2977/1069 8363/4356/1098 8362/4357/1097 8332/4334/1068
f 8334/4335/1070 8364/4358/1099 8366/3010/1101 8336/2980/1072
f 8336/2980/1072 8366/3010/1101 8365/4359/2082 8335/4336/2071
f 8337/4337/2072 8367/4360/2083 8369/2518/1104 8339/2983/1075
f 8339/2984/1075 8369/3013/1104 8368/4361/2084 8338/4338/2073
f 8340/4339/1076 8370/4362/2085 8372/3016/843 8342/2987/1078
f 8342/2987/1078 8372/3016/843 8371/4363/2086 8341/4340/1077
f 8343/4341/2074 8373/4364/2087 8375/3019/1109 8345/2990/1081
f 8345/2990/1081 8375/3019/1109 8374/4365/2088 8344/4342/2075
f 8346/4343/2076 8376/4366/2089 8378/2636/1112 8348/2993/1084
f 8348/2993/1084 8378/2636/1112 8377/4367/1111 8347/4344/1083
f 8349/4345/1085 8379/4368/1113 8381/4369/1115 8351/4346/1087
f 8351/4346/1087 8381/4369/1115 8380/4370/1114 8350/4347/2077
f 8352/4348/1088 8382/4371/1116 8384/2649/1118 8354/4349/1090
f 8354/4349/1090 8384/2649/1118 8383/4372/2090 8353/4350/2078
f 8355/4351/2079 8385/4373/2091 8387/3029/1121 8357/3002/771
f 8357/3002/771 8387/3029/1121 8386/4374/2092 8356/4352/2080
f 8358/4353/2081 8388/4375/1122 8390/3032/1124 8360/2641/1095
f 8360/2641/1095 8390/3032/1124 8389/4376/2093 8359/4354/1094
f 8361/4355/1096 8391/4377/2094 8393/4378/1127 8363/4356/1098
f 8363/4356/1098 8393/4378/1127 8392/4379/1126 8362/4357/1097
f 8364/4358/1099 8394/4380/1128 8396/3038/1130 8366/3010/1101
f 8366/3010/1101 8396/3038/1130 8395/4381/2095 8365/4359/2082
f 8367/4360/2083 8397/4382/2096 8399/3041/1133 8369/2518/1104
f 8369/3013/1104 8399/3042/1133 8398/4383/2097 8368/4361/2084
f 8370/4362/2085 8400/4384/2098 8402/3045/1136 8372/3016/843
f 8372/3016/843 8402/3045/1136 8401/4385/2099 8371/4363/2086
f 8373/4364/2087 8403/4386/2100 8405/3048/1139 8375/3019/1109
f 8375/3019/1109 8405/3048/1139 8404/4387/2101 8374/4365/2088
f 8376/4366/2089 8406/4388/2102 8408/3051/1142 8378/2636/1112
f 8378/2636/1112 8408/3051/1142 8407/4389/1141 8377/4367/1111
f 8379/4368/1113 8409/4390/1143 8411/4391/1145 8381/4369/1115
f 8381/4369/1115 8411/4391/1145 8410/4392/2103 8380/4370/1114
f 8382/4371/1116 8412/4393/2104 8414/3057/1148 8384/2649/1118
f 8384/2649/1118 8414/3057/1148 8413/4394/2105 8383/4372/2090
f 8385/4373/2091 8415/4395/2106 8417/3060/1151 8387/3029/1121
f 8387/3029/1121 8417/3060/1151 8416/4396/2107 8386/4374/2092
f 8388/4375/1122 8418/4397/1152 8420/4398/1154 8390/3032/1124
f 8390/3032/1124 8420/4398/1154 8419/4399/2108 8389/4376/2093
f 8391/4377/2094 8421/4400/2109 8423/4401/1157 8393/4378/1127
f 8393/4378/1127 8423/4401/1157 8422/4402/1156 8392/4379/1126
f 8394/4380/1128 8424/4403/1158 8426/3069/1160 8396/3038/1130
f 8396/3038/1130 8426/3069/1160 8425/4404/2110 8395/4381/2095
f 8397/4382/2096 8427/4405/2111 8429/3072/1163 8399/3041/1133
f 8399/3042/1133 8429/3073/1163 8428/4406/2112 8398/4383/2097
f 8400/4384/2098 8430/4407/2113 8432/3076/1166 8402/3045/1136
f 8402/3045/1136 8432/3076/1166 8431/4408/2114 8401/4385/2099
f 8403/4386/2100 8433/4409/2115 8435/3079/1169 8405/3048/1139
f 8405/3048/1139 8435/3079/1169 8434/4410/2116 8404/4387/2101
f 8406/4388/2102 8436/4411/2117 8438/3082/1172 8408/3051/1142
f 8408/3051/1142 8438/3082/1172 8437/4412/1171 8407/4389/1141
f 8409/4390/1143 8439/4413/1173 8441/4414/1175 8411/4391/1145
f 8411/4391/1145 8441/4414/1175 8440/4415/2118 8410/4392/2103
f 8412/4393/2104 8442/4416/2119 8444/3088/1178 8414/3057/1148
f 8414/3057/1148 8444/3088/1178 8443/4417/1177 8413/4394/2105
f 8415/4395/2106 8445/4418/1179 8447/3091/897 8417/3060/1151
f 8417/3060/1151 8447/3091/897 8446/4419/1180 8416/4396/2107
f 8418/4397/1152 8448/4420/1181 8450/4421/1183 8420/4398/1154
f 8420/4398/1154 8450/4421/1183 8449/4422/2120 8419/4399/2108
f 8421/4400/2109 8451/4423/2121 8453/3097/1186 8423/4401/1157
f 8423/4401/1157 8453/3097/1186 8452/4424/1185 8422/4402/1156
f 8424/4403/1158 8454/4425/1187 8456/3100/1189 8426/3069/1160
f 8426/3069/1160 8456/3100/1189 8455/4426/1188 8425/4404/2110
f 8427/4405/2111 8457/4427/2122 8459/3103/1192 8429/3072/1163
f 8429/3073/1163 8459/3104/1192 8458/4428/2123 8428/4406/2112
f 8430/4407/2113 8460/4429/1193 8462/3107/825 8432/3076/1166
f 8432/3076/1166 8462/3107/825 8461/4430/1194 8431/4408/2114
f 8433/4409/2115 8463/4431/2124 8465/3110/1197 8435/3079/1169
f 8435/3079/1169 8465/3110/1197 8464/4432/2125 8434/4410/2116
f 8436/4411/2117 8466/4433/1198 8468/3113/1200 8438/3082/1172
f 8438/3082/1172 8468/3113/1200 8467/4434/1199 8437/4412/1171
f 8439/4413/1173 8469/4435/1201 8471/4436/1203 8441/4414/1175
f 8441/4414/1175 8471/4436/1203 8470/4437/2126 8440/4415/2118
f 8442/4416/2119 8472/4438/2127 8474/3119/1206 8444/3088/1178
f 8444/3088/1178 8474/3119/1206 8473/4439/1205 8443/4417/1177
f 8445/4418/1179 8475/4440/1207 8477/3122/1209 8447/3091/897
f 8447/3091/897 8477/3122/1209 8476/4441/1208 8446/4419/1180
f 8448/4420/1181 8478/4442/1210 8480/4443/1212 8450/4421/1183
f 8450/4421/1183 8480/4443/1212 8479/4444/2128 8449/4422/2120
f 8451/4423/2121 8481/4445/2129 8483/3128/1215 8453/3097/1186
f 8453/3097/1186 8483/3128/1215 8482/4446/1214 8452/4424/1185
f 8454/4425/1187 8484/4447/1216 8486/3131/1218 8456/3100/1189
f 8456/3100/1189 8486/3131/1218 8485/4448/2130 8455/4426/1188
f 8457/4427/2122 8487/4449/2131 8489/3134/1221 8459/3103/1192
f 8459/3104/1192 8489/3135/1221 8488/4450/2132 8458/4428/2123
f 8460/4429/1193 8490/4451/2133 8492/3138/1224 8462/3107/825
f 8462/3107/825 8492/3138/1224 8491/4452/2134 8461/4430/1194
f 8463/4431/2124 8493/4453/2135 8495/3141/1227 8465/3110/1197
f 8465/3110/1197 8495/3141/1227 8494/4454/2136 8464/4432/2125
f 8466/4433/1198 8496/4455/2137 8498/3144/1230 8468/3113/1200
f 8468/3113/1200 8498/3144/1230 8497/4456/1229 8467/4434/1199
f 8469/4435/1201 8499/4457/1231 8501/4458/1233 8471/4436/1203
f 8471/4436/1203 8501/4458/1233 8500/4459/2138 8470/4437/2126
f 8472/4438/2127 8502/4460/2139 8504/3150/1236 8474/3119/1206
f 8474/3119/1206 8504/3150/1236 8503/4461/1235 8473/4439/1205
f 8475/4440/1207 8505/4462/2140 8507/3153/1239 8477/3122/1209
f 8477/3122/1209 8507/3153/1239 8506/4463/2141 8476/4441/1208
f 8478/4442/1210 8508/4464/1240 8510/4465/1242 8480/4443/1212
f 8480/4443/1212 8510/4465/1242 8509/4466/2142 8479/4444/2128
f 8481/4445/2129 8511/4467/2143 8513/4468/1245 8483/3128/1215
f 8483/3128/1215 8513/4468/1245 8512/4469/1244 8482/4446/1214
f 8484/4447/1216 8514/4470/1246 8516/3162/1248 8486/3131/1218
f 8486/3131/1218 8516/3162/1248 8515/4471/2144 8485/4448/2130
f 8487/4449/2131 8517/4472/2145 8519/3165/1251 8489/3134/1221
f 8489/3135/1221 8519/3166/1251 8518/4473/2146 8488/4450/2132
f 8490/4451/2133 8520/4474/2147 8522/3169/1254 8492/3138/1224
f 8492/3138/1224 8522/3169/1254 8521/4475/2148 8491/4452/2134
f 8493/4453/2135 8523/4476/2149 8525/3172/1257 8495/3141/1227
f 8495/3141/1227 8525/3172/1257 8524/4477/2150 8494/4454/2136
f 8496/4455/2137 8526/4478/2151 8528/3175/1260 8498/3144/1230
f 8498/3144/1230 8528/3175/1260 8527/4479/1259 8497/4456/1229
f 8499/4457/1231 8529/4480/1261 8531/4481/1263 8501/4458/1233
f 8501/4458/1233 8531/4481/1263 8530/4482/2152 8500/4459/2138
f 8502/4460/2139 8532/4483/2153 8534/3181/1266 8504/3150/1236
f 8504/3150/1236 8534/3181/1266 8533/4484/1265 8503/4461/1235
f 8505/4462/2140 8535/4485/2154 8537/4486/879 8507/3153/1239
f 8507/3153/1239 8537/4486/879 8536/4487/2155 8506/4463/2141
f 8508/4464/1240 8538/4488/2156 8540/4489/1271 8510/4465/1242
f 8510/4465/1242 8540/4489/1271 8539/4490/2157 8509/4466/2142
f 8511/4467/2143 8541/4491/2158 8543/4492/1274 8513/4468/1245
f 8513/4468/1245 8543/4492/1274 8542/4493/1273 8512/4469/1244
f 8514/4470/1246 8544/4494/1275 8546/3193/1277 8516/3162/1248
f 8516/3162/1248 8546/3193/1277 8545/4495/2159 8515/4471/2144
f 8517/4472/2145 8547/4496/2160 8549/3196/1280 8519/3165/1251
f 8519/3166/1251 8549/3197/1280 8548/4497/2161 8518/4473/2146
f 8520/4474/2147 8550/4498/2162 8552/3200/807 8522/3169/1254
f 8522/3169/1254 8552/3200/807 8551/4499/2163 8521/4475/2148
f 8523/4476/2149 8553/4500/2164 8555/3203/1285 8525/3172/1257
f 8525/3172/1257 8555/3203/1285 8554/4501/2165 8524/4477/2150
f 8526/4478/2151 8556/4502/2166 8558/3206/1288 8528/3175/1260
f 8528/3175/1260 8558/3206/1288 8557/4503/1287 8527/4479/1259
f 8529/4480/1261 8559/4504/1289 8561/4505/1291 8531/4481/1263
f 8531/4481/1263 8561/4505/1291 8560/4506/2167 8530/4482/2152
f 8532/4483/2153 8562/4507/2168 8564/4508/1294 8534/3181/1266
f 8534/3181/1266 8564/4508/1294 8563/4509/2169 8533/4484/1265
f 8535/4510/2154 8565/4511/2170 8567/3216/960 8537/4512/879
f 8537/4512/879 8567/3216/960 8566/4513/2171 8536/4514/2155
f 8538/4515/2156 8568/4516/1297 8570/4517/1299 8540/4518/1271
f 8540/4518/1271 8570/4517/1299 8569/4519/2172 8539/4520/2157
f 8541/4521/2158 8571/4522/2173 8573/4523/1302 8543/4524/1274
f 8543/4524/1274 8573/4523/1302 8572/4525/1301 8542/4526/1273
f 8544/4527/1275 8574/4528/1303 8576/3234/1305 8546/3235/1277
f 8546/3235/1277 8576/3234/1305 8575/4529/2174 8545/4530/2159
f 8547/4531/2160 8577/4532/2175 8579/3240/1308 8549/3241/1280
f 8549/3242/1280 8579/3243/1308 8578/4533/2176 8548/4534/2161
f 8550/4535/2162 8580/4536/2177 8582/3248/945 8552/3249/807
f 8552/3249/807 8582/3248/945 8581/4537/2178 8551/4538/2163
f 8553/4539/2164 8583/4540/2179 8585/3254/1313 8555/3255/1285
f 8555/3255/1285 8585/3254/1313 8584/4541/2180 8554/4542/2165
f 8556/4543/2166 8586/4544/2181 8588/3260/1316 8558/3261/1288
f 8558/3261/1288 8588/3260/1316 8587/4545/1315 8557/4546/1287
f 8559/4547/1289 8589/4548/1317 8591/3266/1319 8561/4549/1291
f 8561/4549/1291 8591/3266/1319 8590/4550/2182 8560/4551/2167
f 8562/4552/2168 8592/4553/2183 8594/4554/1322 8564/4555/1294
f 8564/4555/1294 8594/4554/1322 8593/4556/1321 8563/4557/2169
f 8565/4511/2170 8595/4558/1323 8597/4559/990 8567/3216/960
f 8567/3216/960 8597/4559/990 8596/4560/1324 8566/4513/2171
f 8568/4516/1297 8598/4561/1325 8600/4562/1327 8570/4517/1299
f 8570/4517/1299 8600/4562/1327 8599/4563/2184 8569/4519/2172
f 8571/4522/2173 8601/4564/2185 8603/3283/1330 8573/4523/1302
f 8573/4523/1302 8603/3283/1330 8602/4565/1329 8572/4525/1301
f 8574/4528/1303 8604/4566/1331 8606/3286/1333 8576/3234/1305
f 8576/3234/1305 8606/3286/1333 8605/4567/2186 8575/4529/2174
f 8577/4532/2175 8607/4568/2187 8609/3289/1336 8579/3240/1308
f 8579/3243/1308 8609/3290/1336 8608/4569/2188 8578/4533/2176
f 8580/4536/2177 8610/4570/2189 8612/3293/975 8582/3248/945
f 8582/3248/945 8612/3293/975 8611/4571/2190 8581/4537/2178
f 8583/4540/2179 8613/4572/2191 8615/3296/1341 8585/3254/1313
f 8585/3254/1313 8615/3296/1341 8614/4573/2192 8584/4541/2180
f 8586/4544/2181 8616/4574/2193 8618/3299/1344 8588/3260/1316
f 8588/3260/1316 8618/3299/1344 8617/4575/1343 8587/4545/1315
f 8589/4548/1317 8619/4576/1345 8621/4577/1347 8591/3266/1319
f 8591/3266/1319 8621/4577/1347 8620/4578/2194 8590/4550/2182
f 8592/4553/2183 8622/4579/2195 8624/4580/1350 8594/4554/1322
f 8594/4554/1322 8624/4580/1350 8623/4581/1349 8593/4556/1321
f 8595/4558/1323 8625/4582/1351 8627/4583/861 8597/4559/990
f 8597/4559/990 8627/4583/861 8626/4584/1352 8596/4560/1324
f 8598/4561/1325 8628/4585/1353 8630/4586/1355 8600/4562/1327
f 8600/4562/1327 8630/4586/1355 8629/4587/2196 8599/4563/2184
f 8601/4564/2185 8631/4588/2197 8633/4589/1358 8603/3283/1330
f 8603/3283/1330 8633/4589/1358 8632/4590/1357 8602/4565/1329
f 8604/4566/1331 8634/4591/1359 8636/3317/1361 8606/3286/1333
f 8606/3286/1333 8636/3317/1361 8635/4592/2198 8605/4567/2186
f 8607/4568/2187 8637/4593/1362 8639/3320/1364 8609/3289/1336
f 8609/3290/1336 8639/3321/1364 8638/4594/2199 8608/4569/2188
f 8610/4570/2189 8640/4595/1365 8642/3324/789 8612/3293/975
f 8612/3293/975 8642/3324/789 8641/4596/1366 8611/4571/2190
f 8613/4572/2191 8643/4597/2200 8645/3327/1369 8615/3296/1341
f 8615/3296/1341 8645/3327/1369 8644/4598/1368 8614/4573/2192
f 8616/4574/2193 8646/4599/2201 8648/3330/1372 8618/3299/1344
f 8618/3299/1344 8648/3330/1372 8647/4600/1371 8617/4575/1343
f 8619/4576/1345 8649/4601/1373 8651/4602/1375 8621/4577/1347
f 8621/4577/1347 8651/4602/1375 8650/4603/1374 8620/4578/2194
f 8622/4579/2195 8652/4604/2202 8654/4605/1378 8624/4580/1350
f 8624/4580/1350 8654/4605/1378 8653/4606/1377 8623/4581/1349
f 8625/4582/1351 8655/4607/2203 8657/4608/1048 8627/4583/861
f 8627/4583/861 8657/4608/1048 8656/4609/2204 8626/4584/1352
f 8628/4585/1353 8658/4610/2205 8660/4611/1383 8630/4586/1355
f 8630/4586/1355 8660/4611/1383 8659/4612/1382 8629/4587/2196
f 8631/4588/2197 8661/4613/1384 8663/4614/1386 8633/4589/1358
f 8633/4589/1358 8663/4614/1386 8662/4615/2206 8632/4590/1357
f 8634/4591/1359 8664/4616/1387 8666/3348/1389 8636/3317/1361
f 8636/3317/1361 8666/3348/1389 8665/4617/1388 8635/4592/2198
f 8637/4593/1362 8667/4618/1390 8669/3351/1392 8639/3320/1364
f 8639/3321/1364 8669/3352/1392 8668/4619/1391 8638/4594/2199
f 8640/4595/1365 8670/4620/2207 8672/3355/1033 8642/3324/789
f 8642/3324/789 8672/3355/1033 8671/4621/2208 8641/4596/1366
f 8643/4597/2200 8673/4622/1395 8675/3358/1397 8645/3327/1369
f 8645/3327/1369 8675/3358/1397 8674/4623/1396 8644/4598/1368
f 8646/4599/2201 8676/4624/1398 8678/3361/1400 8648/3330/1372
f 8648/3330/1372 8678/3361/1400 8677/4625/1399 8647/4600/1371
f 8649/4601/1373 8679/4626/1401 8681/4627/1403 8651/4602/1375
f 8651/4602/1375 8681/4627/1403 8680/4628/1402 8650/4603/1374
f 8652/4604/2202 8682/4629/1404 8684/4205/1406 8654/4605/1378
f 8654/4605/1378 8684/4205/1406 8683/4630/2209 8653/4606/1377
f 8655/4607/2203 8685/4631/2210 8687/3370/1078 8657/4608/1048
f 8657/4608/1048 8687/3370/1078 8686/4632/2211 8656/4609/2204
f 8658/4610/2205 8688/4633/1409 8690/4634/1411 8660/4611/1383
f 8660/4611/1383 8690/4634/1411 8689/4635/2212 8659/4612/1382
f 8661/4613/1384 8691/4636/2213 8693/4637/1414 8663/4614/1386
f 8663/4614/1386 8693/4637/1414 8692/4638/1413 8662/4615/2206
f 8664/4616/1387 8694/4639/1415 8696/3379/1417 8666/3348/1389
f 8666/3348/1389 8696/3379/1417 8695/4640/2214 8665/4617/1388
f 8667/4618/1390 8697/4641/2215 8699/3382/1420 8669/3351/1392
f 8669/3352/1392 8699/3383/1420 8698/4642/2216 8668/4619/1391
f 8670/4620/2207 8700/4643/2217 8702/3386/1063 8672/3355/1033
f 8672/3355/1033 8702/3386/1063 8701/4644/2218 8671/4621/2208
f 8673/4622/1395 8703/4645/2219 8705/3389/1425 8675/3358/1397
f 8675/3358/1397 8705/3389/1425 8704/4646/2220 8674/4623/1396
f 8676/4624/1398 8706/4647/2221 8708/3392/1428 8678/3361/1400
f 8678/3361/1400 8708/3392/1428 8707/4648/1427 8677/4625/1399
f 8679/4626/1401 8709/4649/1429 8711/4650/1431 8681/4627/1403
f 8681/4627/1403 8711/4650/1431 8710/4651/2222 8680/4628/1402
f 8682/4629/1404 8712/4652/2223 8714/3398/1434 8684/4205/1406
f 8684/4205/1406 8714/3398/1434 8713/4653/1433 8683/4630/2209
f 8685/4631/2210 8715/4654/2224 8717/3401/843 8687/3370/1078
f 8687/3370/1078 8717/3401/843 8716/4655/2225 8686/4632/2211
f 8688/4633/1409 8718/4656/2226 8720/3404/1439 8690/4634/1411
f 8690/4634/1411 8720/3404/1439 8719/4657/1438 8689/4635/2212
f 8691/4636/2213 8721/4658/1440 8723/4659/1442 8693/4637/1414
f 8693/4637/1414 8723/4659/1442 8722/4660/1441 8692/4638/1413
f 8694/4639/1415 8724/4661/1443 8726/3410/1445 8696/3379/1417
f 8696/3379/1417 8726/3410/1445 8725/4662/1444 8695/4640/2214
f 8697/4641/2215 8727/4663/1446 8729/3413/1448 8699/3382/1420
f 8699/3383/1420 8729/3414/1448 8728/4664/2227 8698/4642/2216
f 8700/4643/2217 8730/4665/2228 8732/3417/771 8702/3386/1063
f 8702/3386/1063 8732/3417/771 8731/4666/2229 8701/4644/2218
f 8703/4645/2219 8733/4667/2230 8735/3420/1453 8705/3389/1425
f 8705/3389/1425 8735/3420/1453 8734/4668/1452 8704/4646/2220
f 8706/4647/2221 8736/4669/1454 8738/3423/1456 8708/3392/1428
f 8708/3392/1428 8738/3423/1456 8737/4670/1455 8707/4648/1427
f 8709/4649/1429 8739/4671/1457 8741/4672/1459 8711/4650/1431
f 8711/4650/1431 8741/4672/1459 8740/4673/1458 8710/4651/2222
f 8712/4652/2223 8742/4674/1460 8744/3429/1462 8714/3398/1434
f 8714/3398/1434 8744/3429/1462 8743/4675/2231 8713/4653/1433
f 8715/4654/2224 8745/4676/2232 8747/4677/1136 8717/3401/843
f 8717/3401/843 8747/4677/1136 8746/4678/2233 8716/4655/2225
f 8718/4656/2226 8748/4679/2234 8750/3435/1467 8720/3404/1439
f 8720/3404/1439 8750/3435/1467 8749/4680/1466 8719/4657/1438
f 8721/4658/1440 8751/4681/2235 8753/4682/1470 8723/4659/1442
f 8723/4659/1442 8753/4682/1470 8752/4683/1469 8722/4660/1441
f 8724/4661/1443 8754/4684/1471 8756/3441/1473 8726/3410/1445
f 8726/3410/1445 8756/3441/1473 8755/4685/2236 8725/4662/1444
f 8727/4663/1446 8757/4686/2237 8759/3444/1476 8729/3413/1448
f 8729/3414/1448 8759/3445/1476 8758/4687/1475 8728/4664/2227
f 8730/4665/2228 8760/4688/1477 8762/3448/1121 8732/3417/771
f 8732/3417/771 8762/3448/1121 8761/4689/1478 8731/4666/2229
f 8733/4667/2230 8763/4690/1479 8765/3451/1481 8735/3420/1453
f 8735/3420/1453 8765/3451/1481 8764/4691/2238 8734/4668/1452
f 8736/4669/1454 8766/4692/2239 8768/3454/1484 8738/3423/1456
f 8738/3423/1456 8768/3454/1484 8767/4693/1483 8737/4670/1455
f 8739/4671/1457 8769/4694/1485 8771/3457/1487 8741/4672/1459
f 8741/4672/1459 8771/3457/1487 8770/4695/2240 8740/4673/1458
f 8742/4674/1460 8772/4696/2241 8774/3460/1490 8744/3429/1462
f 8744/3429/1462 8774/3460/1490 8773/4697/2242 8743/4675/2231
f 8745/4676/2232 8775/4698/2243 8777/3463/1166 8747/4677/1136
f 8747/4677/1136 8777/3463/1166 8776/4699/2244 8746/4678/2233
f 8748/4679/2234 8778/4700/1493 8780/4701/1495 8750/3435/1467
f 8750/3435/1467 8780/4701/1495 8779/4702/2245 8749/4680/1466
f 8751/4681/2235 8781/4703/2246 8783/4704/1498 8753/4682/1470
f 8753/4682/1470 8783/4704/1498 8782/4705/1497 8752/4683/1469
f 8754/4684/1471 8784/4706/1499 8786/3472/1501 8756/3441/1473
f 8756/3441/1473 8786/3472/1501 8785/4707/2247 8755/4685/2236
f 8757/4686/2237 8787/4708/2248 8789/3475/1504 8759/3444/1476
f 8759/3445/1476 8789/3476/1504 8788/4709/1503 8758/4687/1475
f 8760/4688/1477 8790/4710/2249 8792/3479/1151 8762/3448/1121
f 8762/3448/1121 8792/3479/1151 8791/4711/2250 8761/4689/1478
f 8763/4690/1479 8793/4712/1507 8795/3482/1509 8765/3451/1481
f 8765/3451/1481 8795/3482/1509 8794/4713/2251 8764/4691/2238
f 8766/4692/2239 8796/4714/2252 8798/3485/1512 8768/3454/1484
f 8768/3454/1484 8798/3485/1512 8797/4715/1511 8767/4693/1483
f 8769/4694/1485 8799/4716/1513 8801/4717/1515 8771/3457/1487
f 8771/3457/1487 8801/4717/1515 8800/4718/2253 8770/4695/2240
f 8772/4696/2241 8802/4719/2254 8804/4720/1518 8774/3460/1490
f 8774/3460/1490 8804/4720/1518 8803/4721/1517 8773/4697/2242
f 8775/4698/2243 8805/4722/1519 8807/3494/825 8777/3463/1166
f 8777/3463/1166 8807/3494/825 8806/4723/1520 8776/4699/2244
f 8778/4700/1493 8808/4724/1521 8810/3497/1523 8780/4701/1495
f 8780/4701/1495 8810/3497/1523 8809/4725/2255 8779/4702/2245
f 8781/4703/2246 8811/4726/2256 8813/2702/1526 8783/4704/1498
f 8783/4704/1498 8813/2702/1526 8812/4727/1525 8782/4705/1497
f 8784/4706/1499 8814/4728/1527 8816/3503/1529 8786/3472/1501
f 8786/3472/1501 8816/3503/1529 8815/4729/2257 8785/4707/2247
f 8787/4708/2248 8817/4730/2258 8819/1978/1532 8789/3475/1504
f 8789/3476/1504 8819/3506/1532 8818/4731/1531 8788/4709/1503
f 8790/4710/2249 8820/4732/2259 8822/3509/897 8792/3479/1151
f 8792/3479/1151 8822/3509/897 8821/4733/2260 8791/4711/2250
f 8793/4712/1507 8823/4734/1535 8825/3512/1537 8795/3482/1509
f 8795/3482/1509 8825/3512/1537 8824/4735/2261 8794/4713/2251
f 8796/4714/2252 8826/4736/2262 8828/3515/1540 8798/3485/1512
f 8798/3485/1512 8828/3515/1540 8827/4737/1539 8797/4715/1511
f 8799/4716/1513 8829/4738/1541 8831/4739/1543 8801/4717/1515
f 8801/4717/1515 8831/4739/1543 8830/4740/2263 8800/4718/2253
f 8802/4719/2254 8832/4741/2264 8834/3521/1546 8804/4720/1518
f 8804/4720/1518 8834/3521/1546 8833/4742/1545 8803/4721/1517
f 8805/4722/1519 8835/4743/2265 8837/3524/1224 8807/3494/825
f 8807/3494/825 8837/3524/1224 8836/4744/2266 8806/4723/1520
f 8808/4724/1521 8838/4745/2267 8840/4746/1551 8810/3497/1523
f 8810/3497/1523 8840/4746/1551 8839/4747/2268 8809/4725/2255
f 8811/4726/2256 8841/4748/2269 8843/4749/1554 8813/2702/1526
f 8813/2702/1526 8843/4749/1554 8842/4750/2270 8812/4727/1525
f 8814/4728/1527 8844/4751/1555 8846/3533/1557 8816/3503/1529
f 8816/3503/1529 8846/3533/1557 8845/4752/1556 8815/4729/2257
f 8817/4730/2258 8847/4753/1558 8849/3536/1560 8819/1978/1532
f 8819/3506/1532 8849/3537/1560 8848/4754/2271 8818/4731/1531
f 8820/4732/2259 8850/4755/2272 8852/3540/1209 8822/3509/897
f 8822/3509/897 8852/3540/1209 8851/4756/2273 8821/4733/2260
f 8823/4734/1535 8853/4757/2274 8855/3543/1565 8825/3512/1537
f 8825/3512/1537 8855/3543/1565 8854/4758/1564 8824/4735/2261
f 8826/4736/2262 8856/4759/1566 8858/3546/1568 8828/3515/1540
f 8828/3515/1540 8858/3546/1568 8857/4760/1567 8827/4737/1539
f 8829/4738/1541 8859/4761/1569 8861/4762/1571 8831/4739/1543
f 8831/4739/1543 8861/4762/1571 8860/4763/2275 8830/4740/2263
f 8832/4741/2264 8862/4764/2276 8864/3552/1574 8834/3521/1546
f 8834/3521/1546 8864/3552/1574 8863/4765/2277 8833/4742/1545
f 8835/4743/2265 8865/4766/2278 8867/4767/1254 8837/3524/1224
f 8837/3524/1224 8867/4767/1254 8866/4768/2279 8836/4744/2266
f 8838/4745/2267 8868/4769/1577 8870/4770/1579 8840/4746/1551
f 8840/4746/1551 8870/4770/1579 8869/4771/2280 8839/4747/2268
f 8841/4748/2269 8871/4772/2281 8873/4773/1582 8843/4749/1554
f 8843/4749/1554 8873/4773/1582 8872/4774/1581 8842/4750/2270
f 8844/4751/1555 8874/4775/1583 8876/3564/1585 8846/3533/1557
f 8846/3533/1557 8876/3564/1585 8875/4776/2282 8845/4752/1556
f 8847/4753/1558 8877/4777/2283 8879/3567/1588 8849/3536/1560
f 8849/3537/1560 8879/3568/1588 8878/4778/2284 8848/4754/2271
f 8850/4755/2272 8880/4779/2285 8882/3571/1239 8852/3540/1209
f 8852/3540/1209 8882/3571/1239 8881/4780/2286 8851/4756/2273
f 8853/4757/2274 8883/4781/2287 8885/3574/1593 8855/3543/1565
f 8855/3543/1565 8885/3574/1593 8884/4782/2288 8854/4758/1564
f 8856/4759/1566 8886/4783/2289 8888/3577/1596 8858/3546/1568
f 8858/3546/1568 8888/3577/1596 8887/4784/1595 8857/4760/1567
f 8859/4761/1569 8889/4785/1597 8891/4786/1599 8861/4762/1571
f 8861/4762/1571 8891/4786/1599 8890/4787/2290 8860/4763/2275
f 8862/4764/2276 8892/4788/2291 8894/3583/1602 8864/3552/1574
f 8864/3552/1574 8894/3583/1602 8893/4789/1601 8863/4765/2277
f 8175/4217/915 8866/4768/2279 8867/4767/1254 8177/2823/807
f 8177/2823/807 8867/4767/1254 8865/4766/2278 8176/4214/916
f 8178/4223/2015 8869/4771/2280 8870/4770/1579 8180/4221/919
f 8180/4221/919 8870/4770/1579 8868/4769/1577 8179/4218/918
f 8181/4229/920 8872/4774/1581 8873/4773/1582 8183/4227/922
f 8183/4227/922 8873/4773/1582 8871/4772/2281 8182/4224/2016
f 8184/4233/2017 8875/4776/2282 8876/3564/1585 8186/2841/925
f 8186/2841/925 8876/3564/1585 8874/4775/1583 8185/4230/924
f 8187/4237/2018 8878/4778/2284 8879/3568/1588 8189/2848/928
f 8189/2847/928 8879/3567/1588 8877/4777/2283 8188/4234/2019
f 8190/4241/2020 8881/4780/2286 8882/3571/1239 8192/2855/879
f 8192/2855/879 8882/3571/1239 8880/4779/2285 8191/4238/2021
f 8193/4245/2022 8884/4782/2288 8885/3574/1593 8195/2861/933
f 8195/2861/933 8885/3574/1593 8883/4781/2287 8194/4242/2023
f 8196/4249/934 8887/4784/1595 8888/3577/1596 8198/2867/936
f 8198/2867/936 8888/3577/1596 8886/4783/2289 8197/4246/2024
f 8199/4254/2025 8890/4787/2290 8891/4786/1599 8201/4252/939
f 8201/4252/939 8891/4786/1599 8889/4785/1597 8200/4250/938
f 8202/4259/940 8893/4789/1601 8894/3583/1602 8204/2879/942
f 8204/2879/942 8894/3583/1602 8892/4788/2291 8203/4255/2026
f 8866/4768/2279 8175/4217/915 8179/4218/918 8868/4769/1577
f 8175/4217/915 8206/4216/2028 8208/4219/946 8179/4218/918
f 8202/4259/940 8233/4258/971 8205/4215/2027 8176/4214/916
f 8893/4789/1601 8202/4259/940 8176/4214/916 8865/4766/2278
f 8178/4223/2015 8209/4222/2029 8211/4225/2030 8182/4224/2016
f 8869/4771/2280 8178/4223/2015 8182/4224/2016 8871/4772/2281
f 8181/4229/920 8212/4228/950 8214/4231/952 8185/4230/924
f 8872/4774/1581 8181/4229/920 8185/4230/924 8874/4775/1583
f 8184/4233/2017 8215/4232/2031 8217/4235/2032 8188/4234/2019
f 8875/4776/2282 8184/4233/2017 8188/4234/2019 8877/4777/2283
f 8187/4237/2018 8218/4236/2033 8220/4239/2034 8191/4238/2021
f 8878/4778/2284 8187/4237/2018 8191/4238/2021 8880/4779/2285
f 8190/4241/2020 8221/4240/2035 8223/4243/2036 8194/4242/2023
f 8881/4780/2286 8190/4241/2020 8194/4242/2023 8883/4781/2287
f 8193/4245/2022 8224/4244/2037 8226/4247/2038 8197/4246/2024
f 8884/4782/2288 8193/4245/2022 8197/4246/2024 8886/4783/2289
f 8196/4249/934 8227/4248/965 8229/4251/967 8200/4250/938
f 8887/4784/1595 8196/4249/934 8200/4250/938 8889/4785/1597
f 8199/4254/2025 8230/4253/2039 8232/4256/2040 8203/4255/2026
f 8890/4787/2290 8199/4254/2025 8203/4255/2026 8892/4788/2291
f 8233/4258/971 8263/4284/1001 8235/4260/973 8205/4215/2027
f 8206/4216/2028 8236/4262/974 8238/4263/976 8208/4219/946
f 8209/4222/2029 8239/4265/2041 8241/4266/2042 8211/4225/2030
f 8212/4228/950 8242/4268/980 8244/4269/982 8214/4231/952
f 8215/4232/2031 8245/4270/983 8247/4271/2043 8217/4235/2032
f 8218/4236/2033 8248/4272/2044 8250/4273/2045 8220/4239/2034
f 8221/4240/2035 8251/4274/2046 8253/4275/2047 8223/4243/2036
f 8224/4244/2037 8254/4276/2048 8256/4277/994 8226/4247/2038
f 8227/4248/965 8257/4278/995 8259/4279/2049 8229/4251/967
f 8230/4253/2039 8260/4281/2050 8262/4282/2051 8232/4256/2040
f 8263/4284/1001 8293/4304/1029 8265/4285/1003 8235/4260/973
f 8236/4262/974 8266/4286/1004 8268/4287/1005 8238/4263/976
f 8239/4265/2041 8269/4288/2052 8271/4289/2053 8241/4266/2042
f 8242/4268/980 8272/4290/1009 8274/4291/1011 8244/4269/982
f 8245/4270/983 8275/4292/1012 8277/4293/1014 8247/4271/2043
f 8248/4272/2044 8278/4294/2054 8280/4295/1017 8250/4273/2045
f 8251/4274/2046 8281/4296/1018 8283/4297/2055 8253/4275/2047
f 8254/4276/2048 8284/4298/1020 8286/4299/1022 8256/4277/994
f 8257/4278/995 8287/4300/1023 8289/4301/1025 8259/4279/2049
f 8260/4281/2050 8290/4302/2056 8292/4303/2057 8262/4282/2051
f 8293/4304/1029 8323/4326/1059 8295/4305/1031 8265/4285/1003
f 8266/4286/1004 8296/4306/1032 8298/4307/1034 8268/4287/1005
f 8269/4288/2052 8299/4308/1035 8301/4309/2058 8271/4289/2053
f 8272/4290/1009 8302/4311/2059 8304/4312/1040 8274/4291/1011
f 8275/4292/1012 8305/4313/2060 8307/4314/2061 8277/4293/1014
f 8278/4294/2054 8308/4315/2062 8310/4316/1046 8280/4295/1017
f 8281/4296/1018 8311/4317/1047 8313/4318/2063 8283/4297/2055
f 8284/4298/1020 8314/4319/2064 8316/4320/2065 8286/4299/1022
f 8287/4300/1023 8317/4321/1053 8319/4322/1055 8289/4301/1025
f 8290/4302/2056 8320/4324/2066 8322/4325/1058 8292/4303/2057
f 8323/4326/1059 8353/4350/2078 8325/4327/2067 8295/4305/1031
f 8296/4306/1032 8326/4329/2068 8328/4330/2069 8298/4307/1034
f 8299/4308/1035 8329/4332/1065 8331/4333/2070 8301/4309/2058
f 8302/4311/2059 8332/4334/1068 8334/4335/1070 8304/4312/1040
f 8305/4313/2060 8335/4336/2071 8337/4337/2072 8307/4314/2061
f 8308/4315/2062 8338/4338/2073 8340/4339/1076 8310/4316/1046
f 8311/4317/1047 8341/4340/1077 8343/4341/2074 8313/4318/2063
f 8314/4319/2064 8344/4342/2075 8346/4343/2076 8316/4320/2065
f 8317/4321/1053 8347/4344/1083 8349/4345/1085 8319/4322/1055
f 8320/4324/2066 8350/4347/2077 8352/4348/1088 8322/4325/1058
f 8353/4350/2078 8383/4372/2090 8355/4351/2079 8325/4327/2067
f 8326/4329/2068 8356/4352/2080 8358/4353/2081 8328/4330/2069
f 8329/4332/1065 8359/4354/1094 8361/4355/1096 8331/4333/2070
f 8332/4334/1068 8362/4357/1097 8364/4358/1099 8334/4335/1070
f 8335/4336/2071 8365/4359/2082 8367/4360/2083 8337/4337/2072
f 8338/4338/2073 8368/4361/2084 8370/4362/2085 8340/4339/1076
f 8341/4340/1077 8371/4363/2086 8373/4364/2087 8343/4341/2074
f 8344/4342/2075 8374/4365/2088 8376/4366/2089 8346/4343/2076
f 8347/4344/1083 8377/4367/1111 8379/4368/1113 8349/4345/1085
f 8350/4347/2077 8380/4370/1114 8382/4371/1116 8352/4348/1088
f 8383/4372/2090 8413/4394/2105 8385/4373/2091 8355/4351/2079
f 8356/4352/2080 8386/4374/2092 8388/4375/1122 8358/4353/2081
f 8359/4354/1094 8389/4376/2093 8391/4377/2094 8361/4355/1096
f 8362/4357/1097 8392/4379/1126 8394/4380/1128 8364/4358/1099
f 8365/4359/2082 8395/4381/2095 8397/4382/2096 8367/4360/2083
f 8368/4361/2084 8398/4383/2097 8400/4384/2098 8370/4362/2085
f 8371/4363/2086 8401/4385/2099 8403/4386/2100 8373/4364/2087
f 8374/4365/2088 8404/4387/2101 8406/4388/2102 8376/4366/2089
f 8377/4367/1111 8407/4389/1141 8409/4390/1143 8379/4368/1113
f 8380/4370/1114 8410/4392/2103 8412/4393/2104 8382/4371/1116
f 8413/4394/2105 8443/4417/1177 8415/4395/2106 8385/4373/2091
f 8386/4374/2092 8416/4396/2107 8418/4397/1152 8388/4375/1122
f 8389/4376/2093 8419/4399/2108 8421/4400/2109 8391/4377/2094
f 8392/4379/1126 8422/4402/1156 8424/4403/1158 8394/4380/1128
f 8395/4381/2095 8425/4404/2110 8427/4405/2111 8397/4382/2096
f 8398/4383/2097 8428/4406/2112 8430/4407/2113 8400/4384/2098
f 8401/4385/2099 8431/4408/2114 8433/4409/2115 8403/4386/2100
f 8404/4387/2101 8434/4410/2116 8436/4411/2117 8406/4388/2102
f 8407/4389/1141 8437/4412/1171 8439/4413/1173 8409/4390/1143
f 8410/4392/2103 8440/4415/2118 8442/4416/2119 8412/4393/2104
f 8443/4417/1177 8473/4439/1205 8445/4418/1179 8415/4395/2106
f 8416/4396/2107 8446/4419/1180 8448/4420/1181 8418/4397/1152
f 8419/4399/2108 8449/4422/2120 8451/4423/2121 8421/4400/2109
f 8422/4402/1156 8452/4424/1185 8454/4425/1187 8424/4403/1158
f 8425/4404/2110 8455/4426/1188 8457/4427/2122 8427/4405/2111
f 8428/4406/2112 8458/4428/2123 8460/4429/1193 8430/4407/2113
f 8431/4408/2114 8461/4430/1194 8463/4431/2124 8433/4409/2115
f 8434/4410/2116 8464/4432/2125 8466/4433/1198 8436/4411/2117
f 8437/4412/1171 8467/4434/1199 8469/4435/1201 8439/4413/1173
f 8440/4415/2118 8470/4437/2126 8472/4438/2127 8442/4416/2119
f 8473/4439/1205 8503/4461/1235 8475/4440/1207 8445/4418/1179
f 8446/4419/1180 8476/4441/1208 8478/4442/1210 8448/4420/1181
f 8449/4422/2120 8479/4444/2128 8481/4445/2129 8451/4423/2121
f 8452/4424/1185 8482/4446/1214 8484/4447/1216 8454/4425/1187
f 8455/4426/1188 8485/4448/2130 8487/4449/2131 8457/4427/2122
f 8458/4428/2123 8488/4450/2132 8490/4451/2133 8460/4429/1193
f 8461/4430/1194 8491/4452/2134 8493/4453/2135 8463/4431/2124
f 8464/4432/2125 8494/4454/2136 8496/4455/2137 8466/4433/1198
f 8467/4434/1199 8497/4456/1229 8499/4457/1231 8469/4435/1201
f 8470/4437/2126 8500/4459/2138 8502/4460/2139 8472/4438/2127
f 8503/4461/1235 8533/4484/1265 8505/4462/2140 8475/4440/1207
f 8476/4441/1208 8506/4463/2141 8508/4464/1240 8478/4442/1210
f 8479/4444/2128 8509/4466/2142 8511/4467/2143 8481/4445/2129
f 8482/4446/1214 8512/4469/1244 8514/4470/1246 8484/4447/1216
f 8485/4448/2130 8515/4471/2144 8517/4472/2145 8487/4449/2131
f 8488/4450/2132 8518/4473/2146 8520/4474/2147 8490/4451/2133
f 8491/4452/2134 8521/4475/2148 8523/4476/2149 8493/4453/2135
f 8494/4454/2136 8524/4477/2150 8526/4478/2151 8496/4455/2137
f 8497/4456/1229 8527/4479/1259 8529/4480/1261 8499/4457/1231
f 8500/4459/2138 8530/4482/2152 8532/4483/2153 8502/4460/2139
f 8533/4484/1265 8563/4509/2169 8535/4485/2154 8505/4462/2140
f 8506/4463/2141 8536/4487/2155 8538/4488/2156 8508/4464/1240
f 8509/4466/2142 8539/4490/2157 8541/4491/2158 8511/4467/2143
f 8512/4469/1244 8542/4493/1273 8544/4494/1275 8514/4470/1246
f 8515/4471/2144 8545/4495/2159 8547/4496/2160 8517/4472/2145
f 8518/4473/2146 8548/4497/2161 8550/4498/2162 8520/4474/2147
f 8521/4475/2148 8551/4499/2163 8553/4500/2164 8523/4476/2149
f 8524/4477/2150 8554/4501/2165 8556/4502/2166 8526/4478/2151
f 8527/4479/1259 8557/4503/1287 8559/4504/1289 8529/4480/1261
f 8530/4482/2152 8560/4506/2167 8562/4507/2168 8532/4483/2153
f 8563/4557/2169 8593/4556/1321 8565/4511/2170 8535/4510/2154
f 8536/4514/2155 8566/4513/2171 8568/4516/1297 8538/4515/2156
f 8539/4520/2157 8569/4519/2172 8571/4522/2173 8541/4521/2158
f 8542/4526/1273 8572/4525/1301 8574/4528/1303 8544/4527/1275
f 8545/4530/2159 8575/4529/2174 8577/4532/2175 8547/4531/2160
f 8548/4534/2161 8578/4533/2176 8580/4536/2177 8550/4535/2162
f 8551/4538/2163 8581/4537/2178 8583/4540/2179 8553/4539/2164
f 8554/4542/2165 8584/4541/2180 8586/4544/2181 8556/4543/2166
f 8557/4546/1287 8587/4545/1315 8589/4548/1317 8559/4547/1289
f 8560/4551/2167 8590/4550/2182 8592/4553/2183 8562/4552/2168
f 8593/4556/1321 8623/4581/1349 8595/4558/1323 8565/4511/2170
f 8566/4513/2171 8596/4560/1324 8598/4561/1325 8568/4516/1297
f 8569/4519/2172 8599/4563/2184 8601/4564/2185 8571/4522/2173
f 8572/4525/1301 8602/4565/1329 8604/4566/1331 8574/4528/1303
f 8575/4529/2174 8605/4567/2186 8607/4568/2187 8577/4532/2175
f 8578/4533/2176 8608/4569/2188 8610/4570/2189 8580/4536/2177
f 8581/4537/2178 8611/4571/2190 8613/4572/2191 8583/4540/2179
f 8584/4541/2180 8614/4573/2192 8616/4574/2193 8586/4544/2181
f 8587/4545/1315 8617/4575/1343 8619/4576/1345 8589/4548/1317
f 8590/4550/2182 8620/4578/2194 8622/4579/2195 8592/4553/2183
f 8623/4581/1349 8653/4606/1377 8625/4582/1351 8595/4558/1323
f 8596/4560/1324 8626/4584/1352 8628/4585/1353 8598/4561/1325
f 8599/4563/2184 8629/4587/2196 8631/4588/2197 8601/4564/2185
f 8602/4565/1329 8632/4590/1357 8634/4591/1359 8604/4566/1331
f 8605/4567/2186 8635/4592/2198 8637/4593/1362 8607/4568/2187
f 8608/4569/2188 8638/4594/2199 8640/4595/1365 8610/4570/2189
f 8611/4571/2190 8641/4596/1366 8643/4597/2200 8613/4572/2191
f 8614/4573/2192 8644/4598/1368 8646/4599/2201 8616/4574/2193
f 8617/4575/1343 8647/4600/1371 8649/4601/1373 8619/4576/1345
f 8620/4578/2194 8650/4603/1374 8652/4604/2202 8622/4579/2195
f 8653/4606/1377 8683/4630/2209 8655/4607/2203 8625/4582/1351
f 8626/4584/1352 8656/4609/2204 8658/4610/2205 8628/4585/1353
f 8629/4587/2196 8659/4612/1382 8661/4613/1384 8631/4588/2197
f 8632/4590/1357 8662/4615/2206 8664/4616/1387 8634/4591/1359
f 8635/4592/2198 8665/4617/1388 8667/4618/1390 8637/4593/1362
f 8638/4594/2199 8668/4619/1391 8670/4620/2207 8640/4595/1365
f 8641/4596/1366 8671/4621/2208 8673/4622/1395 8643/4597/2200
f 8644/4598/1368 8674/4623/1396 8676/4624/1398 8646/4599/2201
f 8647/4600/1371 8677/4625/1399 8679/4626/1401 8649/4601/1373
f 8650/4603/1374 8680/4628/1402 8682/4629/1404 8652/4604/2202
f 8683/4630/2209 8713/4653/1433 8685/4631/2210 8655/4607/2203
f 8656/4609/2204 8686/4632/2211 8688/4633/1409 8658/4610/2205
f 8659/4612/1382 8689/4635/2212 8691/4636/2213 8661/4613/1384
f 8662/4615/2206 8692/4638/1413 8694/4639/1415 8664/4616/1387
f 8665/4617/1388 8695/4640/2214 8697/4641/2215 8667/4618/1390
f 8668/4619/1391 8698/4642/2216 8700/4643/2217 8670/4620/2207
f 8671/4621/2208 8701/4644/2218 8703/4645/2219 8673/4622/1395
f 8674/4623/1396 8704/4646/2220 8706/4647/2221 8676/4624/1398
f 8677/4625/1399 8707/4648/1427 8709/4649/1429 8679/4626/1401
f 8680/4628/1402 8710/4651/2222 8712/4652/2223 8682/4629/1404
f 8713/4653/1433 8743/4675/2231 8715/4654/2224 8685/4631/2210
f 8686/4632/2211 8716/4655/2225 8718/4656/2226 8688/4633/1409
f 8689/4635/2212 8719/4657/1438 8721/4658/1440 8691/4636/2213
f 8692/4638/1413 8722/4660/1441 8724/4661/1443 8694/4639/1415
f 8695/4640/2214 8725/4662/1444 8727/4663/1446 8697/4641/2215
f 8698/4642/2216 8728/4664/2227 8730/4665/2228 8700/4643/2217
f 8701/4644/2218 8731/4666/2229 8733/4667/2230 8703/4645/2219
f 8704/4646/2220 8734/4668/1452 8736/4669/1454 8706/4647/2221
f 8707/4648/1427 8737/4670/1455 8739/4671/1457 8709/4649/1429
f 8710/4651/2222 8740/4673/1458 8742/4674/1460 8712/4652/2223
f 8743/4675/2231 8773/4697/2242 8745/4676/2232 8715/4654/2224
f 8716/4655/2225 8746/4678/2233 8748/4679/2234 8718/4656/2226
f 8719/4657/1438 8749/4680/1466 8751/4681/2235 8721/4658/1440
f 8722/4660/1441 8752/4683/1469 8754/4684/1471 8724/4661/1443
f 8725/4662/1444 8755/4685/2236 8757/4686/2237 8727/4663/1446
f 8728/4664/2227 8758/4687/1475 8760/4688/1477 8730/4665/2228
f 8731/4666/2229 8761/4689/1478 8763/4690/1479 8733/4667/2230
f 8734/4668/1452 8764/4691/2238 8766/4692/2239 8736/4669/1454
f 8737/4670/1455 8767/4693/1483 8769/4694/1485 8739/4671/1457
f 8740/4673/1458 8770/4695/2240 8772/4696/2241 8742/4674/1460
f 8773/4697/2242 8803/4721/1517 8775/4698/2243 8745/4676/2232
f 8746/4678/2233 8776/4699/2244 8778/4700/1493 8748/4679/2234
f 8749/4680/1466 8779/4702/2245 8781/4703/2246 8751/4681/2235
f 8752/4683/1469 8782/4705/1497 8784/4706/1499 8754/4684/1471
f 8755/4685/2236 8785/4707/2247 8787/4708/2248 8757/4686/2237
f 8758/4687/1475 8788/4709/1503 8790/4710/2249 8760/4688/1477
f 8761/4689/1478 8791/4711/2250 8793/4712/1507 8763/4690/1479
f 8764/4691/2238 8794/4713/2251 8796/4714/2252 8766/4692/2239
f 8767/4693/1483 8797/4715/1511 8799/4716/1513 8769/4694/1485
f 8770/4695/2240 8800/4718/2253 8802/4719/2254 8772/4696/2241
f 8803/4721/1517 8833/4742/1545 8805/4722/1519 8775/4698/2243
f 8776/4699/2244 8806/4723/1520 8808/4724/1521 8778/4700/1493
f 8779/4702/2245 8809/4725/2255 8811/4726/2256 8781/4703/2246
f 8782/4705/1497 8812/4727/1525 8814/4728/1527 8784/4706/1499
f 8785/4707/2247 8815/4729/2257 8817/4730/2258 8787/4708/2248
f 8788/4709/1503 8818/4731/1531 8820/4732/2259 8790/4710/2249
f 8791/4711/2250 8821/4733/2260 8823/4734/1535 8793/4712/1507
f 8794/4713/2251 8824/4735/2261 8826/4736/2262 8796/4714/2252
f 8797/4715/1511 8827/4737/1539 8829/4738/1541 8799/4716/1513
f 8800/4718/2253 8830/4740/2263 8832/4741/2264 8802/4719/2254
f 8833/4742/1545 8863/4765/2277 8835/4743/2265 8805/4722/1519
f 8806/4723/1520 8836/4744/2266 8838/4745/2267 8808/4724/1521
f 8809/4725/2255 8839/4747/2268 8841/4748/2269 8811/4726/2256
f 8812/4727/1525 8842/4750/2270 8844/4751/1555 8814/4728/1527
f 8815/4729/2257 8845/4752/1556 8847/4753/1558 8817/4730/2258
f 8818/4731/1531 8848/4754/2271 8850/4755/2272 8820/4732/2259
f 8821/4733/2260 8851/4756/2273 8853/4757/2274 8823/4734/1535
f 8824/4735/2261 8854/4758/1564 8856/4759/1566 8826/4736/2262
f 8827/4737/1539 8857/4760/1567 8859/4761/1569 8829/4738/1541
f 8830/4740/2263 8860/4763/2275 8862/4764/2276 8832/4741/2264
f 8863/4765/2277 8893/4789/1601 8865/4766/2278 8835/4743/2265
f 8836/4744/2266 8866/4768/2279 8868/4769/1577 8838/4745/2267
f 8839/4747/2268 8869/4771/2280 8871/4772/2281 8841/4748/2269
f 8842/4750/2270 8872/4774/1581 8874/4775/1583 8844/4751/1555
f 8845/4752/1556 8875/4776/2282 8877/4777/2283 8847/4753/1558
f 8848/4754/2271 8878/4778/2284 8880/4779/2285 8850/4755/2272
f 8851/4756/2273 8881/4780/2286 8883/4781/2287 8853/4757/2274
f 8854/4758/1564 8884/4782/2288 8886/4783/2289 8856/4759/1566
f 8857/4760/1567 8887/4784/1595 8889/4785/1597 8859/4761/1569
f 8860/4763/2275 8890/4787/2290 8892/4788/2291 8862/4764/2276
f 8895/4790/2292 8896/4791/2293 8897/4792/2294
f 8898/4793/2295 8899/4794/2296 8900/4795/2297
f 8901/4796/2298 8902/4797/2299 8903/4798/2300
f 8904/4799/2301 8905/4800/2302 8906/4801/2303
f 8907/4802/2304 8908/4803/2305 8909/4804/2306
f 8910/4805/2307 8911/4806/2308 8912/4807/2309
f 8913/4808/2310 8914/4809/2311 8915/4810/2312
f 8916/4811/2313 8917/4812/2314 8918/4813/2315
f 8901/4796/2298 8895/4790/2292 8897/4792/2294 8902/4797/2299
f 8896/4814/2293 8898/4793/2295 8900/4795/2297 8897/4815/2294
f 8899/4816/2296 8904/4799/2301 8906/4801/2303 8900/4817/2297
f 8905/4800/2302 8903/4818/2300 8902/4819/2299 8906/4801/2303
f 8913/4808/2310 8901/4796/2298 8903/4798/2300 8914/4809/2311
f 8904/4799/2301 8916/4811/2313 8918/4813/2315 8905/4800/2302
f 8917/4812/2314 8915/4810/2312 8914/4809/2311 8918/4813/2315
f 8907/4802/2304 8913/4808/2310 8915/4810/2312 8908/4803/2305
f 8916/4811/2313 8910/4805/2307 8912/4807/2309 8917/4812/2314
f 8911/4806/2308 8909/4804/2306 8908/4803/2305 8912/4807/2309
f 8895/4790/2292 8907/4802/2304 8909/4804/2306 8896/4791/2293
f 8910/4805/2307 8899/4794/2296 8898/4793/2295 8911/4806/2308
f 8901/4796/2298 8913/4808/2310 8907/4802/2304 8895/4790/2292
f 8897/4820/2294 8900/4817/2297 8906/4801/2303 8902/4819/2299
f 8909/4804/2306 8911/4806/2308 8898/4793/2295 8896/4814/2293
f 8916/4811/2313 8904/4821/2301 8899/4822/2296 8910/4805/2307
f 8903/4818/2300 8905/4800/2302 8918/4813/2315 8914/4809/2311
f 8915/4810/2312 8917/4812/2314 8912/4807/2309 8908/4803/2305
f 8919/4823/2316 8920/4824/2317 8921/4825/2318
f 8922/4826/2319 8923/4827/2320 8924/4828/2321
f 8925/4829/2322 8926/4797/2323 8927/4830/2324
f 8928/4831/2325 8929/4832/2326 8930/4833/2327
f 8931/4834/2328 8932/4803/2329 8933/4835/2330
f 8934/4836/2331 8935/4837/2332 8936/4838/2333
f 8937/4839/2334 8938/4840/2335 8939/4841/2336
f 8940/4842/2337 8941/4843/2338 8942/4844/2339
f 8925/4829/2322 8919/4823/2316 8921/4825/2318 8926/4797/2323
f 8920/4845/2317 8922/4826/2319 8924/4828/2321 8921/4846/2318
f 8923/4847/2320 8928/4831/2325 8930/4833/2327 8924/4848/2321
f 8929/4832/2326 8927/4849/2324 8926/4850/2323 8930/4833/2327
f 8937/4839/2334 8925/4829/2322 8927/4830/2324 8938/4840/2335
f 8928/4831/2325 8940/4842/2337 8942/4844/2339 8929/4832/2326
f 8941/4843/2338 8939/4841/2336 8938/4840/2335 8942/4844/2339
f 8931/4834/2328 8937/4839/2334 8939/4841/2336 8932/4803/2329
f 8940/4842/2337 8934/4836/2331 8936/4838/2333 8941/4843/2338
f 8935/4837/2332 8933/4835/2330 8932/4803/2329 8936/4838/2333
f 8919/4823/2316 8931/4834/2328 8933/4835/2330 8920/4824/2317
f 8934/4836/2331 8923/4827/2320 8922/4826/2319 8935/4837/2332
f 8925/4829/2322 8937/4839/2334 8931/4834/2328 8919/4823/2316
f 8921/4851/2318 8924/4848/2321 8930/4833/2327 8926/4850/2323
f 8933/4835/2330 8935/4837/2332 8922/4826/2319 8920/4845/2317
f 8940/4842/2337 8928/4852/2325 8923/4853/2320 8934/4836/2331
f 8927/4849/2324 8929/4832/2326 8942/4844/2339 8938/4840/2335
f 8939/4841/2336 8941/4843/2338 8936/4838/2333 8932/4803/2329
f 8943/4854/2340 8944/4855/2341 8945/4856/2342
f 8946/4857/2343 8947/4794/2344 8948/4858/2345
f 8949/4859/2346 8950/4860/2347 8951/4861/2348
f 8952/4799/2349 8953/4862/2350 8954/4863/2351
f 8955/4864/2352 8956/4865/2353 8957/4866/2354
f 8958/4867/2355 8959/4868/2356 8960/4869/2357
f 8961/4870/2358 8962/4871/2359 8963/4872/2360
f 8964/4873/2361 8965/4874/2362 8966/4875/2363
f 8949/4859/2346 8943/4854/2340 8945/4856/2342 8950/4860/2347
f 8944/4876/2341 8946/4857/2343 8948/4858/2345 8945/4846/2342
f 8947/4877/2344 8952/4799/2349 8954/4863/2351 8948/4878/2345
f 8953/4862/2350 8951/4879/2348 8950/4880/2347 8954/4863/2351
f 8961/4870/2358 8949/4859/2346 8951/4861/2348 8962/4871/2359
f 8952/4799/2349 8964/4873/2361 8966/4875/2363 8953/4862/2350
f 8965/4874/2362 8963/4872/2360 8962/4871/2359 8966/4875/2363
f 8955/4864/2352 8961/4870/2358 8963/4872/2360 8956/4865/2353
f 8964/4873/2361 8958/4867/2355 8960/4869/2357 8965/4874/2362
f 8959/4868/2356 8957/4866/2354 8956/4865/2353 8960/4869/2357
f 8943/4854/2340 8955/4864/2352 8957/4866/2354 8944/4855/2341
f 8958/4867/2355 8947/4794/2344 8946/4857/2343 8959/4868/2356
f 8949/4859/2346 8961/4870/2358 8955/4864/2352 8943/4854/2340
f 8945/4881/2342 8948/4878/2345 8954/4863/2351 8950/4880/2347
f 8957/4866/2354 8959/4868/2356 8946/4857/2343 8944/4876/2341
f 8964/4873/2361 8952/4882/2349 8947/4883/2344 8958/4867/2355
f 8951/4879/2348 8953/4862/2350 8966/4875/2363 8962/4871/2359
f 8963/4872/2360 8965/4874/2362 8960/4869/2357 8956/4865/2353
f 8967/4884/2364 8968/4885/2365 8969/4856/2366
f 8970/4886/2367 8971/4887/2368 8972/4888/2369
f 8973/4889/2370 8974/4860/2371 8975/4890/2372
f 8976/4891/2373 8977/4892/2374 8978/4893/2375
f 8979/4894/2376 8980/4895/2377 8981/4896/2378
f 8982/4897/2379 8983/4898/2380 8984/4899/2381
f 8985/4900/2382 8986/4901/2383 8987/4902/2384
f 8988/4903/2385 8989/4904/2386 8990/4905/2387
f 8973/4889/2370 8967/4884/2364 8969/4856/2366 8974/4860/2371
f 8968/4906/2365 8970/4886/2367 8972/4888/2369 8969/4846/2366
f 8971/4907/2368 8976/4891/2373 8978/4893/2375 8972/4908/2369
f 8977/4892/2374 8975/4909/2372 8974/4910/2371 8978/4893/2375
f 8985/4900/2382 8973/4889/2370 8975/4890/2372 8986/4901/2383
f 8976/4891/2373 8988/4903/2385 8990/4905/2387 8977/4892/2374
f 8989/4904/2386 8987/4902/2384 8986/4901/2383 8990/4905/2387
f 8979/4894/2376 8985/4900/2382 8987/4902/2384 8980/4895/2377
f 8988/4903/2385 8982/4897/2379 8984/4899/2381 8989/4904/2386
f 8983/4898/2380 8981/4896/2378 8980/4895/2377 8984/4899/2381
f 8967/4884/2364 8979/4894/2376 8981/4896/2378 8968/4885/2365
f 8982/4897/2379 8971/4887/2368 8970/4886/2367 8983/4898/2380
f 8973/4889/2370 8985/4900/2382 8979/4894/2376 8967/4884/2364
f 8969/4911/2366 8972/4908/2369 8978/4893/2375 8974/4910/2371
f 8981/4896/2378 8983/4898/2380 8970/4886/2367 8968/4906/2365
f 8988/4903/2385 8976/4912/2373 8971/4913/2368 8982/4897/2379
f 8975/4909/2372 8977/4892/2374 8990/4905/2387 8986/4901/2383
f 8987/4902/2384 8989/4904/2386 8984/4899/2381 8980/4895/2377
f 8991/4914/2388 8992/4915/2389 8993/4856/2390
f 8994/4916/2391 8995/4794/2392 8996/4795/2393
f 8997/4917/2394 8998/4918/2395 8999/4919/2396
f 9000/4831/2397 9001/4920/2398 9002/4921/2399
f 9003/4922/2400 9004/4923/2401 9005/4924/2402
f 9006/4925/2403 9007/4926/2404 9008/4838/2405
f 9009/4927/2406 9010/4871/2407 9011/4810/2408
f 9012/4928/2409 9013/4929/2410 9014/4930/2411
f 8997/4917/2394 8991/4914/2388 8993/4856/2390 8998/4918/2395
f 8992/4931/2389 8994/4916/2391 8996/4795/2393 8993/4815/2390
f 8995/4932/2392 9000/4831/2397 9002/4921/2399 8996/4933/2393
f 9001/4920/2398 8999/4934/2396 8998/4935/2395 9002/4921/2399
f 9009/4927/2406 8997/4917/2394 8999/4919/2396 9010/4871/2407
f 9000/4831/2397 9012/4928/2409 9014/4930/2411 9001/4920/2398
f 9013/4929/2410 9011/4810/2408 9010/4871/2407 9014/4930/2411
f 9003/4922/2400 9009/4927/2406 9011/4810/2408 9004/4923/2401
f 9012/4928/2409 9006/4925/2403 9008/4838/2405 9013/4929/2410
f 9007/4926/2404 9005/4924/2402 9004/4923/2401 9008/4838/2405
f 8991/4914/2388 9003/4922/2400 9005/4924/2402 8992/4915/2389
f 9006/4925/2403 8995/4794/2392 8994/4916/2391 9007/4926/2404
f 8997/4917/2394 9009/4927/2406 9003/4922/2400 8991/4914/2388
f 8993/4936/2390 8996/4933/2393 9002/4921/2399 8998/4935/2395
f 9005/4924/2402 9007/4926/2404 8994/4916/2391 8992/4931/2389
f 9012/4928/2409 9000/4937/2397 8995/4938/2392 9006/4925/2403
f 8999/4934/2396 9001/4920/2398 9014/4930/2411 9010/4871/2407
f 9011/4810/2408 9013/4929/2410 9008/4838/2405 9004/4923/2401
f 9015/4939/2412 9016/4940/2413 9017/4941/2414
f 9018/4857/2415 9019/4794/2416 9020/4828/2417
f 9021/4942/2418 9022/4943/2419 9023/4944/2420
f 9024/4945/2421 9025/4946/2422 9026/4947/2423
f 9027/4948/2424 9028/4895/2425 9029/4949/2426
f 9030/4950/2427 9031/4951/2428 9032/4807/2429
f 9033/4952/2430 9034/4953/2431 9035/4872/2432
f 9036/4954/2433 9037/4955/2434 9038/4956/2435
f 9021/4942/2418 9015/4939/2412 9017/4941/2414 9022/4943/2419
f 9016/4957/2413 9018/4857/2415 9020/4828/2417 9017/4958/2414
f 9019/4959/2416 9024/4945/2421 9026/4947/2423 9020/4960/2417
f 9025/4946/2422 9023/4961/2420 9022/4962/2419 9026/4947/2423
f 9033/4952/2430 9021/4942/2418 9023/4944/2420 9034/4953/2431
f 9024/4945/2421 9036/4954/2433 9038/4956/2435 9025/4946/2422
f 9037/4955/2434 9035/4872/2432 9034/4953/2431 9038/4956/2435
f 9027/4948/2424 9033/4952/2430 9035/4872/2432 9028/4895/2425
f 9036/4954/2433 9030/4950/2427 9032/4807/2429 9037/4955/2434
f 9031/4951/2428 9029/4949/2426 9028/4895/2425 9032/4807/2429
f 9015/4939/2412 9027/4948/2424 9029/4949/2426 9016/4940/2413
f 9030/4950/2427 9019/4794/2416 9018/4857/2415 9031/4951/2428
f 9021/4942/2418 9033/4952/2430 9027/4948/2424 9015/4939/2412
f 9017/4963/2414 9020/4960/2417 9026/4947/2423 9022/4962/2419
f 9029/4949/2426 9031/4951/2428 9018/4857/2415 9016/4957/2413
f 9036/4954/2433 9024/4964/2421 9019/4965/2416 9030/4950/2427
f 9023/4961/2420 9025/4946/2422 9038/4956/2435 9034/4953/2431
f 9035/4872/2432 9037/4955/2434 9032/4807/2429 9028/4895/2425
f 9039/4966/2436 9040/4967/2437 9041/4968/2438
f 9042/4793/2439 9043/4969/2440 9044/4970/2441
f 9045/4971/2442 9046/4860/2443 9047/4972/2444
f 9048/4973/2445 9049/4974/2446 9050/4975/2447
f 9051/4976/2448 9052/4977/2449 9053/4978/2450
f 9054/4979/2451 9055/4980/2452 9056/4981/2453
f 9057/4982/2454 9058/4983/2455 9059/4984/2456
f 9060/4985/2457 9061/4986/2458 9062/4987/2459
f 9045/4971/2442 9039/4966/2436 9041/4968/2438 9046/4860/2443
f 9040/4988/2437 9042/4793/2439 9044/4970/2441 9041/4958/2438
f 9043/4989/2440 9048/4990/2445 9050/4991/2447 9044/4992/2441
f 9049/4974/2446 9047/4993/2444 9046/4994/2443 9050/4975/2447
f 9057/4982/2454 9045/4971/2442 9047/4972/2444 9058/4983/2455
f 9048/4973/2445 9060/4985/2457 9062/4987/2459 9049/4974/2446
f 9061/4986/2458 9059/4984/2456 9058/4983/2455 9062/4987/2459
f 9051/4976/2448 9057/4982/2454 9059/4984/2456 9052/4977/2449
f 9060/4985/2457 9054/4979/2451 9056/4981/2453 9061/4986/2458
f 9055/4980/2452 9053/4978/2450 9052/4977/2449 9056/4981/2453
f 9039/4966/2436 9051/4976/2448 9053/4978/2450 9040/4967/2437
f 9054/4979/2451 9043/4969/2440 9042/4793/2439 9055/4980/2452
f 9045/4971/2442 9057/4982/2454 9051/4976/2448 9039/4966/2436
f 9041/4995/2438 9044/4996/2441 9050/4975/2447 9046/4994/2443
f 9053/4978/2450 9055/4980/2452 9042/4793/2439 9040/4988/2437
f 9060/4985/2457 9048/4990/2445 9043/4989/2440 9054/4979/2451
f 9047/4993/2444 9049/4974/2446 9062/4987/2459 9058/4983/2455
f 9059/4984/2456 9061/4986/2458 9056/4981/2453 9052/4977/2449
f 9063/4997/2460 9064/4998/2461 9065/4999/2462
f 9066/5000/2463 9067/5001/2464 9068/4795/2465
f 9069/5002/2466 9070/4860/2467 9071/5003/2468
f 9072/4973/2469 9073/4800/2470 9074/5004/2471
f 9075/5005/2472 9076/5006/2473 9077/5007/2474
f 9078/4897/2475 9079/5008/2476 9080/5009/2477
f 9081/5010/2478 9082/5011/2479 9083/5012/2480
f 9084/5013/2481 9085/4843/2482 9086/4930/2483
f 9069/5002/2466 9063/4997/2460 9065/4999/2462 9070/4860/2467
f 9064/5014/2461 9066/5000/2463 9068/4795/2465 9065/4958/2462
f 9067/5015/2464 9072/5016/2469 9074/5017/2471 9068/4992/2465
f 9073/4800/2470 9071/5018/2468 9070/5019/2467 9074/5004/2471
f 9081/5010/2478 9069/5002/2466 9071/5003/2468 9082/5011/2479
f 9072/4973/2469 9084/5013/2481 9086/4930/2483 9073/4800/2470
f 9085/4843/2482 9083/5012/2480 9082/5011/2479 9086/4930/2483
f 9075/5005/2472 9081/5010/2478 9083/5012/2480 9076/5006/2473
f 9084/5013/2481 9078/4897/2475 9080/5009/2477 9085/4843/2482
f 9079/5008/2476 9077/5007/2474 9076/5006/2473 9080/5009/2477
f 9063/4997/2460 9075/5005/2472 9077/5007/2474 9064/4998/2461
f 9078/4897/2475 9067/5001/2464 9066/5000/2463 9079/5008/2476
f 9069/5002/2466 9081/5010/2478 9075/5005/2472 9063/4997/2460
f 9065/5020/2462 9068/5021/2465 9074/5004/2471 9070/5019/2467
f 9077/5007/2474 9079/5008/2476 9066/5000/2463 9064/5014/2461
f 9084/5013/2481 9072/5016/2469 9067/5015/2464 9078/4897/2475
f 9071/5018/2468 9073/4800/2470 9086/4930/2483 9082/5011/2479
f 9083/5012/2480 9085/4843/2482 9080/5009/2477 9076/5006/2473
