# Blender 5.2.2 LTS
# www.blender.org
mtllib ClickyChick.mtl
o ClickyChick
v 5.938103 1.164140 0.064443
v 5.956749 1.212022 0.020340
v 5.982205 1.212022 0.083089
v 5.945239 1.167785 0.047565
v 5.951288 1.178164 0.033258
v 5.954980 1.167785 0.071578
v 5.962718 1.172184 0.054457
v 5.966762 1.180599 0.042444
v 5.974331 1.184377 0.049746
v 5.972207 1.212022 0.030833
v 5.982473 1.212022 0.046442
v 5.955330 1.193698 0.023697
v 5.970917 1.193239 0.035063
v 5.979282 1.194192 0.047737
v 5.978848 1.193698 0.081670
v 5.969288 1.178164 0.077628
v 5.985984 1.212022 0.064792
v 5.982111 1.193239 0.062656
v 5.973989 1.180599 0.060257
v 5.956749 2.253464 0.020340
v 5.938103 2.301346 0.064443
v 5.982205 2.253464 0.083089
v 5.955330 2.271787 0.023697
v 5.951288 2.287321 0.033258
v 5.972207 2.253463 0.030833
v 5.970917 2.272246 0.035063
v 5.966762 2.284886 0.042444
v 5.974331 2.281108 0.049746
v 5.954980 2.297701 0.071578
v 5.969288 2.287321 0.077628
v 5.945239 2.297701 0.047565
v 5.962718 2.293302 0.054457
v 5.973989 2.284886 0.060257
v 5.985984 2.253463 0.064792
v 5.982473 2.253463 0.046442
v 5.978848 2.271787 0.081670
v 5.982111 2.272246 0.062656
v 5.979282 2.271293 0.047737
v 5.532547 1.164140 1.023674
v 5.576649 1.212022 1.042320
v 5.513900 1.212022 1.067776
v 5.549424 1.167785 1.030809
v 5.563732 1.178164 1.036859
v 5.525411 1.167785 1.040551
v 5.542532 1.172184 1.048288
v 5.554546 1.180599 1.052333
v 5.547244 1.184377 1.059902
v 5.566156 1.212022 1.057778
v 5.550547 1.212022 1.068044
v 5.573292 1.193698 1.040901
v 5.561926 1.193239 1.056488
v 5.549253 1.194192 1.064853
v 5.515319 1.193698 1.064419
v 5.519361 1.178164 1.054859
v 5.532197 1.212022 1.071555
v 5.534333 1.193239 1.067682
v 5.536732 1.180599 1.059560
v 5.532547 2.301346 1.023674
v 5.513900 2.253464 1.067776
v 5.576649 2.253464 1.042320
v 5.525411 2.297701 1.040551
v 5.519361 2.287321 1.054859
v 5.549424 2.297701 1.030809
v 5.542532 2.293302 1.048288
v 5.536732 2.284886 1.059560
v 5.547244 2.281108 1.059902
v 5.532197 2.253463 1.071555
v 5.550547 2.253463 1.068044
v 5.515319 2.271787 1.064419
v 5.534333 2.272246 1.067682
v 5.549253 2.271293 1.064853
v 5.573292 2.271787 1.040901
v 5.563732 2.287321 1.036859
v 5.566156 2.253463 1.057778
v 5.561926 2.272246 1.056488
v 5.554546 2.284886 1.052333
v 4.978872 1.164140 -0.341114
v 4.934769 1.212022 -0.359760
v 4.997518 1.212022 -0.385216
v 4.961995 1.167785 -0.348249
v 4.947687 1.178164 -0.354298
v 4.986008 1.167785 -0.357991
v 4.968886 1.172184 -0.365728
v 4.956873 1.180599 -0.369773
v 4.964175 1.184377 -0.377342
v 4.945262 1.212022 -0.375218
v 4.960872 1.212022 -0.385484
v 4.938127 1.193698 -0.358340
v 4.949492 1.193239 -0.373928
v 4.962166 1.194192 -0.382293
v 4.996099 1.193698 -0.381859
v 4.992057 1.178164 -0.372299
v 4.979221 1.212022 -0.388995
v 4.977086 1.193239 -0.385122
v 4.974686 1.180599 -0.376999
v 4.978872 2.301346 -0.341114
v 4.997518 2.253464 -0.385216
v 4.934769 2.253464 -0.359760
v 4.986008 2.297701 -0.357991
v 4.992057 2.287321 -0.372299
v 4.961995 2.297701 -0.348249
v 4.968886 2.293302 -0.365728
v 4.974686 2.284886 -0.376999
v 4.964175 2.281108 -0.377342
v 4.979221 2.253463 -0.388995
v 4.960872 2.253463 -0.385484
v 4.996099 2.271787 -0.381859
v 4.977086 2.272246 -0.385122
v 4.962166 2.271293 -0.382293
v 4.938127 2.271787 -0.358340
v 4.947687 2.287321 -0.354298
v 4.945262 2.253463 -0.375218
v 4.949492 2.272246 -0.373928
v 4.956873 2.284886 -0.369773
v 4.573316 1.164140 0.618117
v 4.554669 1.212022 0.662220
v 4.529213 1.212022 0.599471
v 4.566180 1.167785 0.634995
v 4.560131 1.178164 0.649303
v 4.556438 1.167785 0.610982
v 4.548701 1.172184 0.628103
v 4.544656 1.180599 0.640117
v 4.537087 1.184377 0.632815
v 4.539211 1.212022 0.651727
v 4.528945 1.212022 0.636118
v 4.556088 1.193698 0.658863
v 4.540502 1.193239 0.647497
v 4.532136 1.194192 0.634823
v 4.532570 1.193698 0.600891
v 4.542130 1.178164 0.604932
v 4.525434 1.212022 0.617768
v 4.529307 1.193239 0.619904
v 4.537430 1.180599 0.622303
v 4.573316 2.301346 0.618117
v 4.529213 2.253464 0.599471
v 4.554669 2.253464 0.662220
v 4.556438 2.297701 0.610982
v 4.542130 2.287321 0.604932
v 4.566180 2.297701 0.634995
v 4.548701 2.293302 0.628103
v 4.537430 2.284886 0.622303
v 4.537087 2.281108 0.632815
v 4.525434 2.253463 0.617768
v 4.528945 2.253463 0.636118
v 4.532570 2.271787 0.600891
v 4.529307 2.272246 0.619904
v 4.532136 2.271293 0.634823
v 4.556088 2.271787 0.658863
v 4.560131 2.287321 0.649303
v 4.539211 2.253463 0.651727
v 4.540502 2.272246 0.647497
v 4.544656 2.284886 0.640117
v 4.916496 1.212022 -0.351890
v 4.922090 1.226387 -0.365121
v 4.929727 1.226387 -0.346296
v 4.920452 1.216230 -0.361245
v 4.927364 1.218093 -0.356299
v 4.929807 1.226387 -0.357290
v 4.925852 1.216230 -0.347934
v 4.922090 1.329334 -0.365121
v 4.916496 1.343699 -0.351890
v 4.929727 1.329334 -0.346296
v 4.920452 1.339491 -0.361245
v 4.927364 1.337627 -0.356299
v 4.925852 1.339491 -0.347934
v 4.929807 1.329334 -0.357290
v 4.876407 1.212022 -0.257069
v 4.889637 1.226387 -0.251475
v 4.870812 1.226387 -0.243839
v 4.885762 1.216230 -0.253114
v 4.880816 1.218093 -0.246201
v 4.881806 1.226387 -0.243758
v 4.872451 1.216230 -0.247714
v 4.876407 1.343699 -0.257069
v 4.870812 1.329334 -0.243839
v 4.889637 1.329334 -0.251475
v 4.872451 1.339491 -0.247714
v 4.880816 1.337627 -0.246201
v 4.881806 1.329334 -0.243758
v 4.885762 1.339491 -0.253114
v 4.893342 1.212022 -0.361679
v 4.880111 1.226387 -0.367273
v 4.898936 1.226387 -0.374910
v 4.883986 1.216230 -0.365635
v 4.888933 1.218093 -0.372548
v 4.887942 1.226387 -0.374990
v 4.897298 1.216230 -0.371035
v 4.893342 1.343699 -0.361679
v 4.898936 1.329334 -0.374910
v 4.880111 1.329334 -0.367273
v 4.897298 1.339491 -0.371035
v 4.888933 1.337627 -0.372548
v 4.887942 1.329334 -0.374990
v 4.883986 1.339491 -0.365635
v 4.853252 1.212022 -0.266859
v 4.847659 1.226387 -0.253628
v 4.840022 1.226387 -0.272453
v 4.849297 1.216230 -0.257503
v 4.842384 1.218093 -0.262449
v 4.839942 1.226387 -0.261459
v 4.843897 1.216230 -0.270814
v 4.853252 1.343699 -0.266859
v 4.840022 1.329334 -0.272453
v 4.847659 1.329334 -0.253628
v 4.843897 1.339491 -0.270814
v 4.842384 1.337627 -0.262449
v 4.839942 1.329334 -0.261459
v 4.849297 1.339491 -0.257503
v 4.916496 1.666905 -0.351890
v 4.922090 1.681269 -0.365121
v 4.929727 1.681269 -0.346296
v 4.920452 1.671112 -0.361245
v 4.927364 1.672976 -0.356299
v 4.929807 1.681269 -0.357290
v 4.925852 1.671112 -0.347934
v 4.922090 1.784216 -0.365121
v 4.916496 1.798581 -0.351890
v 4.929727 1.784216 -0.346296
v 4.920452 1.794374 -0.361245
v 4.927364 1.792510 -0.356299
v 4.925852 1.794374 -0.347934
v 4.929807 1.784216 -0.357290
v 4.876407 1.666905 -0.257069
v 4.889637 1.681269 -0.251475
v 4.870812 1.681269 -0.243839
v 4.885762 1.671112 -0.253114
v 4.880816 1.672976 -0.246201
v 4.881806 1.681269 -0.243758
v 4.872451 1.671112 -0.247714
v 4.876407 1.798581 -0.257069
v 4.870812 1.784216 -0.243839
v 4.889637 1.784216 -0.251475
v 4.872451 1.794374 -0.247714
v 4.880816 1.792510 -0.246201
v 4.881806 1.784216 -0.243758
v 4.885762 1.794374 -0.253114
v 4.893342 1.666905 -0.361679
v 4.880111 1.681269 -0.367273
v 4.898936 1.681269 -0.374910
v 4.883986 1.671112 -0.365635
v 4.888933 1.672976 -0.372548
v 4.887942 1.681269 -0.374990
v 4.897298 1.671112 -0.371035
v 4.893342 1.798581 -0.361679
v 4.898936 1.784216 -0.374910
v 4.880111 1.784216 -0.367273
v 4.897298 1.794374 -0.371035
v 4.888933 1.792510 -0.372548
v 4.887942 1.784216 -0.374990
v 4.883986 1.794374 -0.365635
v 4.853252 1.666905 -0.266859
v 4.847659 1.681269 -0.253628
v 4.840022 1.681269 -0.272453
v 4.849297 1.671112 -0.257503
v 4.842384 1.672976 -0.262449
v 4.839942 1.681269 -0.261459
v 4.843897 1.671112 -0.270814
v 4.853252 1.798581 -0.266859
v 4.840022 1.784216 -0.272453
v 4.847659 1.784216 -0.253628
v 4.843897 1.794374 -0.270814
v 4.842384 1.792510 -0.262449
v 4.839942 1.784216 -0.261459
v 4.849297 1.794374 -0.257503
v 4.916496 2.121787 -0.351890
v 4.922090 2.136152 -0.365121
v 4.929727 2.136152 -0.346296
v 4.920452 2.125994 -0.361245
v 4.927364 2.127858 -0.356299
v 4.929807 2.136152 -0.357290
v 4.925852 2.125994 -0.347934
v 4.922090 2.239099 -0.365121
v 4.916496 2.253463 -0.351890
v 4.929727 2.239099 -0.346296
v 4.920452 2.249256 -0.361245
v 4.927364 2.247392 -0.356299
v 4.925852 2.249256 -0.347934
v 4.929807 2.239099 -0.357290
v 4.876407 2.121787 -0.257069
v 4.889637 2.136152 -0.251475
v 4.870812 2.136152 -0.243839
v 4.885762 2.125994 -0.253114
v 4.880816 2.127858 -0.246201
v 4.881806 2.136152 -0.243758
v 4.872451 2.125994 -0.247714
v 4.876407 2.253463 -0.257069
v 4.870812 2.239099 -0.243839
v 4.889637 2.239099 -0.251475
v 4.872451 2.249256 -0.247714
v 4.880816 2.247392 -0.246201
v 4.881806 2.239099 -0.243758
v 4.885762 2.249256 -0.253114
v 4.893342 2.121787 -0.361679
v 4.880111 2.136152 -0.367273
v 4.898936 2.136152 -0.374910
v 4.883986 2.125994 -0.365635
v 4.888933 2.127858 -0.372548
v 4.887942 2.136152 -0.374990
v 4.897298 2.125994 -0.371035
v 4.893342 2.253463 -0.361679
v 4.898936 2.239099 -0.374910
v 4.880111 2.239099 -0.367273
v 4.897298 2.249256 -0.371035
v 4.888933 2.247392 -0.372548
v 4.887942 2.239099 -0.374990
v 4.883986 2.249256 -0.365635
v 4.853252 2.121787 -0.266859
v 4.847659 2.136152 -0.253628
v 4.840022 2.136152 -0.272453
v 4.849297 2.125994 -0.257503
v 4.842384 2.127858 -0.262449
v 4.839942 2.136152 -0.261459
v 4.843897 2.125994 -0.270814
v 4.853252 2.253463 -0.266859
v 4.840022 2.239099 -0.272453
v 4.847659 2.239099 -0.253628
v 4.843897 2.249256 -0.270814
v 4.842384 2.247392 -0.262449
v 4.839942 2.239099 -0.261459
v 4.849297 2.249256 -0.257503
v 4.739357 1.212022 0.067085
v 4.744950 1.226387 0.053854
v 4.752587 1.226387 0.072678
v 4.743312 1.216230 0.057729
v 4.750225 1.218093 0.062675
v 4.752667 1.226387 0.061684
v 4.748712 1.216230 0.071040
v 4.744950 1.329334 0.053854
v 4.739357 1.343699 0.067085
v 4.752587 1.329334 0.072678
v 4.743312 1.339491 0.057729
v 4.750225 1.337627 0.062675
v 4.748712 1.339491 0.071040
v 4.752667 1.329334 0.061684
v 4.699267 1.212022 0.161905
v 4.712498 1.226387 0.167499
v 4.693673 1.226387 0.175136
v 4.708622 1.216230 0.165861
v 4.703676 1.218093 0.172774
v 4.704667 1.226387 0.175216
v 4.695312 1.216230 0.171261
v 4.699267 1.343699 0.161905
v 4.693673 1.329334 0.175136
v 4.712498 1.329334 0.167499
v 4.695312 1.339491 0.171261
v 4.703676 1.337627 0.172774
v 4.704667 1.329334 0.175216
v 4.708622 1.339491 0.165861
v 4.716203 1.212022 0.057295
v 4.702972 1.226387 0.051701
v 4.721797 1.226387 0.044064
v 4.706847 1.216230 0.053340
v 4.711793 1.218093 0.046427
v 4.710803 1.226387 0.043984
v 4.720158 1.216230 0.047940
v 4.716203 1.343699 0.057295
v 4.721797 1.329334 0.044064
v 4.702972 1.329334 0.051701
v 4.720158 1.339491 0.047940
v 4.711793 1.337627 0.046427
v 4.710803 1.329334 0.043984
v 4.706847 1.339491 0.053340
v 4.676113 1.212022 0.152116
v 4.670519 1.226387 0.165347
v 4.662882 1.226387 0.146522
v 4.672158 1.216230 0.161471
v 4.665245 1.218093 0.156525
v 4.662802 1.226387 0.157516
v 4.666758 1.216230 0.148160
v 4.676113 1.343699 0.152116
v 4.662882 1.329334 0.146522
v 4.670519 1.329334 0.165347
v 4.666758 1.339491 0.148160
v 4.665245 1.337627 0.156525
v 4.662802 1.329334 0.157516
v 4.672158 1.339491 0.161471
v 4.739357 1.666905 0.067085
v 4.744950 1.681269 0.053854
v 4.752587 1.681269 0.072678
v 4.743312 1.671112 0.057729
v 4.750225 1.672976 0.062675
v 4.752667 1.681269 0.061684
v 4.748712 1.671112 0.071040
v 4.744950 1.784216 0.053854
v 4.739357 1.798581 0.067085
v 4.752587 1.784216 0.072678
v 4.743312 1.794374 0.057729
v 4.750225 1.792510 0.062675
v 4.748712 1.794374 0.071040
v 4.752667 1.784216 0.061684
v 4.699267 1.666905 0.161905
v 4.712498 1.681269 0.167499
v 4.693673 1.681269 0.175136
v 4.708622 1.671112 0.165861
v 4.703676 1.672976 0.172774
v 4.704667 1.681269 0.175216
v 4.695312 1.671112 0.171261
v 4.699267 1.798581 0.161905
v 4.693673 1.784216 0.175136
v 4.712498 1.784216 0.167499
v 4.695312 1.794374 0.171261
v 4.703676 1.792510 0.172774
v 4.704667 1.784216 0.175216
v 4.708622 1.794374 0.165861
v 4.716203 1.666905 0.057295
v 4.702972 1.681269 0.051701
v 4.721797 1.681269 0.044064
v 4.706847 1.671112 0.053340
v 4.711793 1.672976 0.046427
v 4.710803 1.681269 0.043984
v 4.720158 1.671112 0.047940
v 4.716203 1.798581 0.057295
v 4.721797 1.784216 0.044064
v 4.702972 1.784216 0.051701
v 4.720158 1.794374 0.047940
v 4.711793 1.792510 0.046427
v 4.710803 1.784216 0.043984
v 4.706847 1.794374 0.053340
v 4.676113 1.666905 0.152116
v 4.670519 1.681269 0.165347
v 4.662882 1.681269 0.146522
v 4.672158 1.671112 0.161471
v 4.665245 1.672976 0.156525
v 4.662802 1.681269 0.157516
v 4.666758 1.671112 0.148160
v 4.676113 1.798581 0.152116
v 4.662882 1.784216 0.146522
v 4.670519 1.784216 0.165347
v 4.666758 1.794374 0.148160
v 4.665245 1.792510 0.156525
v 4.662802 1.784216 0.157516
v 4.672158 1.794374 0.161471
v 4.739357 2.121787 0.067085
v 4.744950 2.136152 0.053854
v 4.752587 2.136152 0.072678
v 4.743312 2.125994 0.057729
v 4.750225 2.127858 0.062675
v 4.752667 2.136152 0.061684
v 4.748712 2.125994 0.071040
v 4.744950 2.239099 0.053854
v 4.739357 2.253463 0.067085
v 4.752587 2.239099 0.072678
v 4.743312 2.249256 0.057729
v 4.750225 2.247392 0.062675
v 4.748712 2.249256 0.071040
v 4.752667 2.239099 0.061684
v 4.699267 2.121787 0.161905
v 4.712498 2.136152 0.167499
v 4.693673 2.136152 0.175136
v 4.708622 2.125994 0.165861
v 4.703676 2.127858 0.172774
v 4.704667 2.136152 0.175216
v 4.695312 2.125994 0.171261
v 4.699267 2.253463 0.161905
v 4.693673 2.239099 0.175136
v 4.712498 2.239099 0.167499
v 4.695312 2.249256 0.171261
v 4.703676 2.247392 0.172774
v 4.704667 2.239099 0.175216
v 4.708622 2.249256 0.165861
v 4.716203 2.121787 0.057295
v 4.702972 2.136152 0.051701
v 4.721797 2.136152 0.044064
v 4.706847 2.125994 0.053340
v 4.711793 2.127858 0.046427
v 4.710803 2.136152 0.043984
v 4.720158 2.125994 0.047940
v 4.716203 2.253463 0.057295
v 4.721797 2.239099 0.044064
v 4.702972 2.239099 0.051701
v 4.720158 2.249256 0.047940
v 4.711793 2.247392 0.046427
v 4.710803 2.239099 0.043984
v 4.706847 2.249256 0.053340
v 4.676113 2.121787 0.152116
v 4.670519 2.136152 0.165347
v 4.662882 2.136152 0.146522
v 4.672158 2.125994 0.161471
v 4.665245 2.127858 0.156525
v 4.662802 2.136152 0.157516
v 4.666758 2.125994 0.148160
v 4.676113 2.253463 0.152116
v 4.662882 2.239099 0.146522
v 4.670519 2.239099 0.165347
v 4.666758 2.249256 0.148160
v 4.665245 2.247392 0.156525
v 4.662802 2.239099 0.157516
v 4.672158 2.249256 0.161471
v 4.562217 1.212022 0.486059
v 4.567811 1.226387 0.472828
v 4.575448 1.226387 0.491653
v 4.566173 1.216230 0.476703
v 4.573085 1.218093 0.481650
v 4.575528 1.226387 0.480659
v 4.571572 1.216230 0.490014
v 4.567811 1.329334 0.472828
v 4.562217 1.343699 0.486059
v 4.575448 1.329334 0.491653
v 4.566173 1.339491 0.476703
v 4.573085 1.337627 0.481650
v 4.571572 1.339491 0.490014
v 4.575528 1.329334 0.480659
v 4.522127 1.212022 0.580879
v 4.535358 1.226387 0.586473
v 4.516533 1.226387 0.594110
v 4.531483 1.216230 0.584835
v 4.526536 1.218093 0.591748
v 4.527528 1.226387 0.594191
v 4.518172 1.216230 0.590235
v 4.522127 1.343699 0.580879
v 4.516533 1.329334 0.594110
v 4.535358 1.329334 0.586473
v 4.518172 1.339491 0.590235
v 4.526536 1.337627 0.591748
v 4.527528 1.329334 0.594191
v 4.531483 1.339491 0.584835
v 4.539063 1.212022 0.476270
v 4.525832 1.226387 0.470676
v 4.544657 1.226387 0.463039
v 4.529707 1.216230 0.472314
v 4.534654 1.218093 0.465401
v 4.533663 1.226387 0.462959
v 4.543018 1.216230 0.466914
v 4.539063 1.343699 0.476270
v 4.544657 1.329334 0.463039
v 4.525832 1.329334 0.470676
v 4.543018 1.339491 0.466914
v 4.534654 1.337627 0.465401
v 4.533663 1.329334 0.462959
v 4.529707 1.339491 0.472314
v 4.498974 1.212022 0.571090
v 4.493380 1.226387 0.584321
v 4.485743 1.226387 0.565496
v 4.495018 1.216230 0.580446
v 4.488105 1.218093 0.575499
v 4.485662 1.226387 0.576490
v 4.489618 1.216230 0.567135
v 4.498974 1.343699 0.571090
v 4.485743 1.329334 0.565496
v 4.493380 1.329334 0.584321
v 4.489618 1.339491 0.567135
v 4.488105 1.337627 0.575499
v 4.485662 1.329334 0.576490
v 4.495018 1.339491 0.580446
v 4.562217 1.666905 0.486059
v 4.567811 1.681269 0.472828
v 4.575448 1.681269 0.491653
v 4.566173 1.671112 0.476703
v 4.573085 1.672976 0.481650
v 4.575528 1.681269 0.480659
v 4.571572 1.671112 0.490014
v 4.567811 1.784216 0.472828
v 4.562217 1.798581 0.486059
v 4.575448 1.784216 0.491653
v 4.566173 1.794374 0.476703
v 4.573085 1.792510 0.481650
v 4.571572 1.794374 0.490014
v 4.575528 1.784216 0.480659
v 4.522127 1.666905 0.580879
v 4.535358 1.681269 0.586473
v 4.516533 1.681269 0.594110
v 4.531483 1.671112 0.584835
v 4.526536 1.672976 0.591748
v 4.527528 1.681269 0.594191
v 4.518172 1.671112 0.590235
v 4.522127 1.798581 0.580879
v 4.516533 1.784216 0.594110
v 4.535358 1.784216 0.586473
v 4.518172 1.794374 0.590235
v 4.526536 1.792510 0.591748
v 4.527528 1.784216 0.594191
v 4.531483 1.794374 0.584835
v 4.539063 1.666905 0.476270
v 4.525832 1.681269 0.470676
v 4.544657 1.681269 0.463039
v 4.529707 1.671112 0.472314
v 4.534654 1.672976 0.465401
v 4.533663 1.681269 0.462959
v 4.543018 1.671112 0.466914
v 4.539063 1.798581 0.476270
v 4.544657 1.784216 0.463039
v 4.525832 1.784216 0.470676
v 4.543018 1.794374 0.466914
v 4.534654 1.792510 0.465401
v 4.533663 1.784216 0.462959
v 4.529707 1.794374 0.472314
v 4.498974 1.666905 0.571090
v 4.493380 1.681269 0.584321
v 4.485743 1.681269 0.565496
v 4.495018 1.671112 0.580446
v 4.488105 1.672976 0.575499
v 4.485662 1.681269 0.576490
v 4.489618 1.671112 0.567135
v 4.498974 1.798581 0.571090
v 4.485743 1.784216 0.565496
v 4.493380 1.784216 0.584321
v 4.489618 1.794374 0.567135
v 4.488105 1.792510 0.575499
v 4.485662 1.784216 0.576490
v 4.495018 1.794374 0.580446
v 4.562217 2.121787 0.486059
v 4.567811 2.136152 0.472828
v 4.575448 2.136152 0.491653
v 4.566173 2.125994 0.476703
v 4.573085 2.127858 0.481650
v 4.575528 2.136152 0.480659
v 4.571572 2.125994 0.490014
v 4.567811 2.239099 0.472828
v 4.562217 2.253463 0.486059
v 4.575448 2.239099 0.491653
v 4.566173 2.249256 0.476703
v 4.573085 2.247392 0.481650
v 4.571572 2.249256 0.490014
v 4.575528 2.239099 0.480659
v 4.522127 2.121787 0.580879
v 4.535358 2.136152 0.586473
v 4.516533 2.136152 0.594110
v 4.531483 2.125994 0.584835
v 4.526536 2.127858 0.591748
v 4.527528 2.136152 0.594191
v 4.518172 2.125994 0.590235
v 4.522127 2.253463 0.580879
v 4.516533 2.239099 0.594110
v 4.535358 2.239099 0.586473
v 4.518172 2.249256 0.590235
v 4.526536 2.247392 0.591748
v 4.527528 2.239099 0.594191
v 4.531483 2.249256 0.584835
v 4.539063 2.121787 0.476270
v 4.525832 2.136152 0.470676
v 4.544657 2.136152 0.463039
v 4.529707 2.125994 0.472314
v 4.534654 2.127858 0.465401
v 4.533663 2.136152 0.462959
v 4.543018 2.125994 0.466914
v 4.539063 2.253463 0.476270
v 4.544657 2.239099 0.463039
v 4.525832 2.239099 0.470676
v 4.543018 2.249256 0.466914
v 4.534654 2.247392 0.465401
v 4.533663 2.239099 0.462959
v 4.529707 2.249256 0.472314
v 4.498974 2.121787 0.571090
v 4.493380 2.136152 0.584321
v 4.485743 2.136152 0.565496
v 4.495018 2.125994 0.580446
v 4.488105 2.127858 0.575499
v 4.485662 2.136152 0.576490
v 4.489618 2.125994 0.567135
v 4.498974 2.253463 0.571090
v 4.485743 2.239099 0.565496
v 4.493380 2.239099 0.584321
v 4.489618 2.249256 0.567135
v 4.488105 2.247392 0.575499
v 4.485662 2.239099 0.576490
v 4.495018 2.249256 0.580446
v 6.012445 1.212022 0.111470
v 6.018039 1.226387 0.098239
v 6.025676 1.226387 0.117064
v 6.016400 1.216230 0.102114
v 6.023314 1.218093 0.107061
v 6.025756 1.226387 0.106070
v 6.021801 1.216230 0.115425
v 6.018039 1.329334 0.098239
v 6.012445 1.343699 0.111470
v 6.025676 1.329334 0.117064
v 6.016400 1.339491 0.102114
v 6.023314 1.337627 0.107061
v 6.021801 1.339491 0.115425
v 6.025756 1.329334 0.106070
v 5.972355 1.212022 0.206290
v 5.985586 1.226387 0.211884
v 5.966762 1.226387 0.219521
v 5.981711 1.216230 0.210246
v 5.976765 1.218093 0.217159
v 5.977756 1.226387 0.219601
v 5.968400 1.216230 0.215646
v 5.972355 1.343699 0.206290
v 5.966762 1.329334 0.219521
v 5.985586 1.329334 0.211884
v 5.968400 1.339491 0.215646
v 5.976765 1.337627 0.217159
v 5.977756 1.329334 0.219601
v 5.981711 1.339491 0.210246
v 5.989291 1.212022 0.101681
v 5.976060 1.226387 0.096087
v 5.994885 1.226387 0.088450
v 5.979936 1.216230 0.097725
v 5.984882 1.218093 0.090812
v 5.983891 1.226387 0.088370
v 5.993247 1.216230 0.092325
v 5.989291 1.343699 0.101681
v 5.994885 1.329334 0.088450
v 5.976060 1.329334 0.096087
v 5.993247 1.339491 0.092325
v 5.984882 1.337627 0.090812
v 5.983891 1.329334 0.088370
v 5.979936 1.339491 0.097725
v 5.949202 1.212022 0.196501
v 5.943608 1.226387 0.209732
v 5.935971 1.226387 0.190907
v 5.945246 1.216230 0.205857
v 5.938333 1.218093 0.200910
v 5.935890 1.226387 0.201901
v 5.939846 1.216230 0.192546
v 5.949202 1.343699 0.196501
v 5.935971 1.329334 0.190907
v 5.943608 1.329334 0.209732
v 5.939846 1.339491 0.192546
v 5.938333 1.337627 0.200910
v 5.935890 1.329334 0.201901
v 5.945246 1.339491 0.205857
v 6.012445 1.666905 0.111470
v 6.018039 1.681269 0.098239
v 6.025676 1.681269 0.117064
v 6.016400 1.671112 0.102114
v 6.023314 1.672976 0.107061
v 6.025756 1.681269 0.106070
v 6.021801 1.671112 0.115425
v 6.018039 1.784216 0.098239
v 6.012445 1.798581 0.111470
v 6.025676 1.784216 0.117064
v 6.016400 1.794374 0.102114
v 6.023314 1.792510 0.107061
v 6.021801 1.794374 0.115425
v 6.025756 1.784216 0.106070
v 5.972355 1.666905 0.206290
v 5.985586 1.681269 0.211884
v 5.966762 1.681269 0.219521
v 5.981711 1.671112 0.210246
v 5.976765 1.672976 0.217159
v 5.977756 1.681269 0.219601
v 5.968400 1.671112 0.215646
v 5.972355 1.798581 0.206290
v 5.966762 1.784216 0.219521
v 5.985586 1.784216 0.211884
v 5.968400 1.794374 0.215646
v 5.976765 1.792510 0.217159
v 5.977756 1.784216 0.219601
v 5.981711 1.794374 0.210246
v 5.989291 1.666905 0.101681
v 5.976060 1.681269 0.096087
v 5.994885 1.681269 0.088450
v 5.979936 1.671112 0.097725
v 5.984882 1.672976 0.090812
v 5.983891 1.681269 0.088370
v 5.993247 1.671112 0.092325
v 5.989291 1.798581 0.101681
v 5.994885 1.784216 0.088450
v 5.976060 1.784216 0.096087
v 5.993247 1.794374 0.092325
v 5.984882 1.792510 0.090812
v 5.983891 1.784216 0.088370
v 5.979936 1.794374 0.097725
v 5.949202 1.666905 0.196501
v 5.943608 1.681269 0.209732
v 5.935971 1.681269 0.190907
v 5.945246 1.671112 0.205857
v 5.938333 1.672976 0.200910
v 5.935890 1.681269 0.201901
v 5.939846 1.671112 0.192546
v 5.949202 1.798581 0.196501
v 5.935971 1.784216 0.190907
v 5.943608 1.784216 0.209732
v 5.939846 1.794374 0.192546
v 5.938333 1.792510 0.200910
v 5.935890 1.784216 0.201901
v 5.945246 1.794374 0.205857
v 6.012445 2.121787 0.111470
v 6.018039 2.136152 0.098239
v 6.025676 2.136152 0.117064
v 6.016400 2.125994 0.102114
v 6.023314 2.127858 0.107061
v 6.025756 2.136152 0.106070
v 6.021801 2.125994 0.115425
v 6.018039 2.239099 0.098239
v 6.012445 2.253463 0.111470
v 6.025676 2.239099 0.117064
v 6.016400 2.249256 0.102114
v 6.023314 2.247392 0.107061
v 6.021801 2.249256 0.115425
v 6.025756 2.239099 0.106070
v 5.972355 2.121787 0.206290
v 5.985586 2.136152 0.211884
v 5.966762 2.136152 0.219521
v 5.981711 2.125994 0.210246
v 5.976765 2.127858 0.217159
v 5.977756 2.136152 0.219601
v 5.968400 2.125994 0.215646
v 5.972355 2.253463 0.206290
v 5.966762 2.239099 0.219521
v 5.985586 2.239099 0.211884
v 5.968400 2.249256 0.215646
v 5.976765 2.247392 0.217159
v 5.977756 2.239099 0.219601
v 5.981711 2.249256 0.210246
v 5.989291 2.121787 0.101681
v 5.976060 2.136152 0.096087
v 5.994885 2.136152 0.088450
v 5.979936 2.125994 0.097725
v 5.984882 2.127858 0.090812
v 5.983891 2.136152 0.088370
v 5.993247 2.125994 0.092325
v 5.989291 2.253463 0.101681
v 5.994885 2.239099 0.088450
v 5.976060 2.239099 0.096087
v 5.993247 2.249256 0.092325
v 5.984882 2.247392 0.090812
v 5.983891 2.239099 0.088370
v 5.979936 2.249256 0.097725
v 5.949202 2.121787 0.196501
v 5.943608 2.136152 0.209732
v 5.935971 2.136152 0.190907
v 5.945246 2.125994 0.205857
v 5.938333 2.127858 0.200910
v 5.935890 2.136152 0.201901
v 5.939846 2.125994 0.192546
v 5.949202 2.253463 0.196501
v 5.935971 2.239099 0.190907
v 5.943608 2.239099 0.209732
v 5.939846 2.249256 0.192546
v 5.938333 2.247392 0.200910
v 5.935890 2.239099 0.201901
v 5.945246 2.249256 0.205857
v 5.835305 1.212022 0.530444
v 5.840899 1.226387 0.517214
v 5.848536 1.226387 0.536038
v 5.839261 1.216230 0.521089
v 5.846174 1.218093 0.526035
v 5.848617 1.226387 0.525044
v 5.844661 1.216230 0.534400
v 5.840899 1.329334 0.517214
v 5.835305 1.343699 0.530444
v 5.848536 1.329334 0.536038
v 5.839261 1.339491 0.521089
v 5.846174 1.337627 0.526035
v 5.844661 1.339491 0.534400
v 5.848617 1.329334 0.525044
v 5.795216 1.212022 0.625265
v 5.808446 1.226387 0.630859
v 5.789622 1.226387 0.638496
v 5.804571 1.216230 0.629220
v 5.799625 1.218093 0.636133
v 5.800616 1.226387 0.638576
v 5.791260 1.216230 0.634620
v 5.795216 1.343699 0.625265
v 5.789622 1.329334 0.638496
v 5.808446 1.329334 0.630859
v 5.791260 1.339491 0.634620
v 5.799625 1.337627 0.636133
v 5.800616 1.329334 0.638576
v 5.804572 1.339491 0.629220
v 5.812151 1.212022 0.520655
v 5.798921 1.226387 0.515061
v 5.817745 1.226387 0.507424
v 5.802796 1.216230 0.516700
v 5.807742 1.218093 0.509787
v 5.806751 1.226387 0.507344
v 5.816107 1.216230 0.511299
v 5.812151 1.343699 0.520655
v 5.817745 1.329334 0.507424
v 5.798921 1.329334 0.515061
v 5.816107 1.339491 0.511299
v 5.807742 1.337627 0.509787
v 5.806751 1.329334 0.507344
v 5.802796 1.339491 0.516700
v 5.772062 1.212022 0.615476
v 5.766468 1.226387 0.628706
v 5.758831 1.226387 0.609882
v 5.768106 1.216230 0.624831
v 5.761193 1.218093 0.619885
v 5.758751 1.226387 0.620876
v 5.762706 1.216230 0.611520
v 5.772062 1.343699 0.615476
v 5.758831 1.329334 0.609882
v 5.766468 1.329334 0.628706
v 5.762706 1.339491 0.611520
v 5.761193 1.337627 0.619885
v 5.758751 1.329334 0.620876
v 5.768106 1.339491 0.624831
v 5.835305 1.666905 0.530444
v 5.840899 1.681269 0.517214
v 5.848536 1.681269 0.536038
v 5.839261 1.671112 0.521089
v 5.846174 1.672976 0.526035
v 5.848617 1.681269 0.525044
v 5.844661 1.671112 0.534400
v 5.840899 1.784216 0.517214
v 5.835305 1.798581 0.530444
v 5.848536 1.784216 0.536038
v 5.839261 1.794374 0.521089
v 5.846174 1.792510 0.526035
v 5.844661 1.794374 0.534400
v 5.848617 1.784216 0.525044
v 5.795216 1.666905 0.625265
v 5.808446 1.681269 0.630859
v 5.789622 1.681269 0.638496
v 5.804571 1.671112 0.629220
v 5.799625 1.672976 0.636133
v 5.800616 1.681269 0.638576
v 5.791260 1.671112 0.634620
v 5.795216 1.798581 0.625265
v 5.789622 1.784216 0.638496
v 5.808446 1.784216 0.630859
v 5.791260 1.794374 0.634620
v 5.799625 1.792510 0.636133
v 5.800616 1.784216 0.638576
v 5.804572 1.794374 0.629220
v 5.812151 1.666905 0.520655
v 5.798921 1.681269 0.515061
v 5.817745 1.681269 0.507424
v 5.802796 1.671112 0.516700
v 5.807742 1.672976 0.509787
v 5.806751 1.681269 0.507344
v 5.816107 1.671112 0.511299
v 5.812151 1.798581 0.520655
v 5.817745 1.784216 0.507424
v 5.798921 1.784216 0.515061
v 5.816107 1.794374 0.511299
v 5.807742 1.792510 0.509787
v 5.806751 1.784216 0.507344
v 5.802796 1.794374 0.516700
v 5.772062 1.666905 0.615476
v 5.766468 1.681269 0.628706
v 5.758831 1.681269 0.609882
v 5.768106 1.671112 0.624831
v 5.761193 1.672976 0.619885
v 5.758751 1.681269 0.620876
v 5.762706 1.671112 0.611520
v 5.772062 1.798581 0.615476
v 5.758831 1.784216 0.609882
v 5.766468 1.784216 0.628706
v 5.762706 1.794374 0.611520
v 5.761193 1.792510 0.619885
v 5.758751 1.784216 0.620876
v 5.768106 1.794374 0.624831
v 5.835305 2.121787 0.530444
v 5.840899 2.136152 0.517214
v 5.848536 2.136152 0.536038
v 5.839261 2.125994 0.521089
v 5.846174 2.127858 0.526035
v 5.848617 2.136152 0.525044
v 5.844661 2.125994 0.534400
v 5.840899 2.239099 0.517214
v 5.835305 2.253463 0.530444
v 5.848536 2.239099 0.536038
v 5.839261 2.249256 0.521089
v 5.846174 2.247392 0.526035
v 5.844661 2.249256 0.534400
v 5.848617 2.239099 0.525044
v 5.795216 2.121787 0.625265
v 5.808446 2.136152 0.630859
v 5.789622 2.136152 0.638496
v 5.804571 2.125994 0.629220
v 5.799625 2.127858 0.636133
v 5.800616 2.136152 0.638576
v 5.791260 2.125994 0.634620
v 5.795216 2.253463 0.625265
v 5.789622 2.239099 0.638496
v 5.808446 2.239099 0.630859
v 5.791260 2.249256 0.634620
v 5.799625 2.247392 0.636133
v 5.800616 2.239099 0.638576
v 5.804572 2.249256 0.629220
v 5.812151 2.121787 0.520655
v 5.798921 2.136152 0.515061
v 5.817745 2.136152 0.507424
v 5.802796 2.125994 0.516700
v 5.807742 2.127858 0.509787
v 5.806751 2.136152 0.507344
v 5.816107 2.125994 0.511299
v 5.812151 2.253463 0.520655
v 5.817745 2.239099 0.507424
v 5.798921 2.239099 0.515061
v 5.816107 2.249256 0.511299
v 5.807742 2.247392 0.509787
v 5.806751 2.239099 0.507344
v 5.802796 2.249256 0.516700
v 5.772062 2.121787 0.615476
v 5.766468 2.136152 0.628706
v 5.758831 2.136152 0.609882
v 5.768106 2.125994 0.624831
v 5.761193 2.127858 0.619885
v 5.758751 2.136152 0.620876
v 5.762706 2.125994 0.611520
v 5.772062 2.253463 0.615476
v 5.758831 2.239099 0.609882
v 5.766468 2.239099 0.628706
v 5.762706 2.249256 0.611520
v 5.761193 2.247392 0.619885
v 5.758751 2.239099 0.620876
v 5.768106 2.249256 0.624831
v 5.658166 1.212022 0.949419
v 5.663760 1.226387 0.936188
v 5.671397 1.226387 0.955013
v 5.662121 1.216230 0.940063
v 5.669034 1.218093 0.945010
v 5.671477 1.226387 0.944019
v 5.667521 1.216230 0.953374
v 5.663760 1.329334 0.936188
v 5.658166 1.343699 0.949419
v 5.671397 1.329334 0.955013
v 5.662121 1.339491 0.940063
v 5.669034 1.337627 0.945010
v 5.667521 1.339491 0.953374
v 5.671477 1.329334 0.944019
v 5.618076 1.212022 1.044239
v 5.631307 1.226387 1.049833
v 5.612483 1.226387 1.057470
v 5.627432 1.216230 1.048195
v 5.622486 1.218093 1.055108
v 5.623477 1.226387 1.057550
v 5.614121 1.216230 1.053595
v 5.618076 1.343699 1.044239
v 5.612483 1.329334 1.057470
v 5.631307 1.329334 1.049833
v 5.614121 1.339491 1.053595
v 5.622486 1.337627 1.055108
v 5.623477 1.329334 1.057550
v 5.627432 1.339491 1.048195
v 5.635012 1.212022 0.939629
v 5.621781 1.226387 0.934036
v 5.640606 1.226387 0.926399
v 5.625656 1.216230 0.935674
v 5.630603 1.218093 0.928761
v 5.629612 1.226387 0.926318
v 5.638968 1.216230 0.930274
v 5.635012 1.343699 0.939629
v 5.640606 1.329334 0.926399
v 5.621781 1.329334 0.934036
v 5.638968 1.339491 0.930274
v 5.630603 1.337627 0.928761
v 5.629612 1.329334 0.926318
v 5.625656 1.339491 0.935674
v 5.594923 1.212022 1.034450
v 5.589329 1.226387 1.047681
v 5.581692 1.226387 1.028856
v 5.590967 1.216230 1.043805
v 5.584054 1.218093 1.038859
v 5.581611 1.226387 1.039850
v 5.585567 1.216230 1.030494
v 5.594923 1.343699 1.034450
v 5.581692 1.329334 1.028856
v 5.589329 1.329334 1.047681
v 5.585567 1.339491 1.030494
v 5.584054 1.337627 1.038859
v 5.581611 1.329334 1.039850
v 5.590967 1.339491 1.043805
v 5.658166 1.666905 0.949419
v 5.663760 1.681269 0.936188
v 5.671397 1.681269 0.955013
v 5.662121 1.671112 0.940063
v 5.669034 1.672976 0.945010
v 5.671477 1.681269 0.944019
v 5.667521 1.671112 0.953374
v 5.663760 1.784216 0.936188
v 5.658166 1.798581 0.949419
v 5.671397 1.784216 0.955013
v 5.662121 1.794374 0.940063
v 5.669034 1.792510 0.945010
v 5.667521 1.794374 0.953374
v 5.671477 1.784216 0.944019
v 5.618076 1.666905 1.044239
v 5.631307 1.681269 1.049833
v 5.612483 1.681269 1.057470
v 5.627432 1.671112 1.048195
v 5.622486 1.672976 1.055108
v 5.623477 1.681269 1.057550
v 5.614121 1.671112 1.053595
v 5.618076 1.798581 1.044239
v 5.612483 1.784216 1.057470
v 5.631307 1.784216 1.049833
v 5.614121 1.794374 1.053595
v 5.622486 1.792510 1.055108
v 5.623477 1.784216 1.057550
v 5.627432 1.794374 1.048195
v 5.635012 1.666905 0.939629
v 5.621781 1.681269 0.934036
v 5.640606 1.681269 0.926399
v 5.625656 1.671112 0.935674
v 5.630603 1.672976 0.928761
v 5.629612 1.681269 0.926318
v 5.638968 1.671112 0.930274
v 5.635012 1.798581 0.939629
v 5.640606 1.784216 0.926399
v 5.621781 1.784216 0.934036
v 5.638968 1.794374 0.930274
v 5.630603 1.792510 0.928761
v 5.629612 1.784216 0.926318
v 5.625656 1.794374 0.935674
v 5.594923 1.666905 1.034450
v 5.589329 1.681269 1.047681
v 5.581692 1.681269 1.028856
v 5.590967 1.671112 1.043805
v 5.584054 1.672976 1.038859
v 5.581611 1.681269 1.039850
v 5.585567 1.671112 1.030494
v 5.594923 1.798581 1.034450
v 5.581692 1.784216 1.028856
v 5.589329 1.784216 1.047681
v 5.585567 1.794374 1.030494
v 5.584054 1.792510 1.038859
v 5.581611 1.784216 1.039850
v 5.590967 1.794374 1.043805
v 5.658166 2.121787 0.949419
v 5.663760 2.136152 0.936188
v 5.671397 2.136152 0.955013
v 5.662121 2.125994 0.940063
v 5.669034 2.127858 0.945010
v 5.671477 2.136152 0.944019
v 5.667521 2.125994 0.953374
v 5.663760 2.239099 0.936188
v 5.658166 2.253463 0.949419
v 5.671397 2.239099 0.955013
v 5.662121 2.249256 0.940063
v 5.669034 2.247392 0.945010
v 5.667521 2.249256 0.953374
v 5.671477 2.239099 0.944019
v 5.618076 2.121787 1.044239
v 5.631307 2.136152 1.049833
v 5.612483 2.136152 1.057470
v 5.627432 2.125994 1.048195
v 5.622486 2.127858 1.055108
v 5.623477 2.136152 1.057550
v 5.614121 2.125994 1.053595
v 5.618076 2.253463 1.044239
v 5.612483 2.239099 1.057470
v 5.631307 2.239099 1.049833
v 5.614121 2.249256 1.053595
v 5.622486 2.247392 1.055108
v 5.623477 2.239099 1.057550
v 5.627432 2.249256 1.048195
v 5.635012 2.121787 0.939629
v 5.621781 2.136152 0.934036
v 5.640606 2.136152 0.926399
v 5.625656 2.125994 0.935674
v 5.630603 2.127858 0.928761
v 5.629612 2.136152 0.926318
v 5.638968 2.125994 0.930274
v 5.635012 2.253463 0.939629
v 5.640606 2.239099 0.926399
v 5.621781 2.239099 0.934036
v 5.638968 2.249256 0.930274
v 5.630603 2.247392 0.928761
v 5.629612 2.239099 0.926318
v 5.625656 2.249256 0.935674
v 5.594923 2.121787 1.034450
v 5.589329 2.136152 1.047681
v 5.581692 2.136152 1.028856
v 5.590967 2.125994 1.043805
v 5.584054 2.127858 1.038859
v 5.581611 2.136152 1.039850
v 5.585567 2.125994 1.030494
v 5.594923 2.253463 1.034450
v 5.581692 2.239099 1.028856
v 5.589329 2.239099 1.047681
v 5.585567 2.249256 1.030494
v 5.584054 2.247392 1.038859
v 5.581611 2.239099 1.039850
v 5.590967 2.249256 1.043805
v 5.495309 1.212022 1.074862
v 5.500903 1.226387 1.061631
v 5.508539 1.226387 1.080456
v 5.499264 1.216230 1.065506
v 5.506177 1.218093 1.070453
v 5.508620 1.226387 1.069462
v 5.504664 1.216230 1.078817
v 5.500903 1.329334 1.061631
v 5.495309 1.343699 1.074862
v 5.508539 1.329334 1.080456
v 5.499264 1.339491 1.065506
v 5.506177 1.337627 1.070453
v 5.504664 1.339491 1.078817
v 5.508620 1.329334 1.069462
v 5.485519 1.212022 1.098016
v 5.498750 1.226387 1.103610
v 5.479926 1.226387 1.111246
v 5.494875 1.216230 1.101971
v 5.489929 1.218093 1.108884
v 5.490920 1.226387 1.111327
v 5.481564 1.216230 1.107371
v 5.485519 1.343699 1.098016
v 5.479926 1.329334 1.111246
v 5.498750 1.329334 1.103610
v 5.481564 1.339491 1.107371
v 5.489929 1.337627 1.108884
v 5.490920 1.329334 1.111327
v 5.494875 1.339491 1.101971
v 5.400488 1.212022 1.034773
v 5.387257 1.226387 1.029179
v 5.406082 1.226387 1.021542
v 5.391132 1.216230 1.030817
v 5.396079 1.218093 1.023904
v 5.395088 1.226387 1.021461
v 5.404444 1.216230 1.025417
v 5.400488 1.343699 1.034773
v 5.406082 1.329334 1.021542
v 5.387257 1.329334 1.029179
v 5.404444 1.339491 1.025417
v 5.396079 1.337627 1.023904
v 5.395088 1.329334 1.021461
v 5.391132 1.339491 1.030817
v 5.390699 1.212022 1.057926
v 5.385105 1.226387 1.071157
v 5.377468 1.226387 1.052332
v 5.386744 1.216230 1.067282
v 5.379830 1.218093 1.062335
v 5.377388 1.226387 1.063326
v 5.381343 1.216230 1.053971
v 5.390699 1.343699 1.057926
v 5.377468 1.329334 1.052332
v 5.385105 1.329334 1.071157
v 5.381343 1.339491 1.053971
v 5.379830 1.337627 1.062335
v 5.377388 1.329334 1.063326
v 5.386744 1.339491 1.067282
v 5.495309 1.666905 1.074862
v 5.500903 1.681269 1.061631
v 5.508539 1.681269 1.080456
v 5.499264 1.671112 1.065506
v 5.506177 1.672976 1.070453
v 5.508620 1.681269 1.069462
v 5.504664 1.671112 1.078817
v 5.500903 1.784216 1.061631
v 5.495309 1.798581 1.074862
v 5.508539 1.784216 1.080456
v 5.499264 1.794374 1.065506
v 5.506177 1.792510 1.070453
v 5.504664 1.794374 1.078817
v 5.508620 1.784216 1.069462
v 5.485519 1.666905 1.098016
v 5.498750 1.681269 1.103610
v 5.479926 1.681269 1.111246
v 5.494875 1.671112 1.101971
v 5.489929 1.672976 1.108884
v 5.490920 1.681269 1.111327
v 5.481564 1.671112 1.107371
v 5.485519 1.798581 1.098016
v 5.479926 1.784216 1.111246
v 5.498750 1.784216 1.103610
v 5.481564 1.794374 1.107371
v 5.489929 1.792510 1.108884
v 5.490920 1.784216 1.111327
v 5.494875 1.794374 1.101971
v 5.400488 1.666905 1.034773
v 5.387257 1.681269 1.029179
v 5.406082 1.681269 1.021542
v 5.391132 1.671112 1.030817
v 5.396079 1.672976 1.023904
v 5.395088 1.681269 1.021461
v 5.404444 1.671112 1.025417
v 5.400488 1.798581 1.034773
v 5.406082 1.784216 1.021542
v 5.387257 1.784216 1.029179
v 5.404444 1.794374 1.025417
v 5.396079 1.792510 1.023904
v 5.395088 1.784216 1.021461
v 5.391132 1.794374 1.030817
v 5.390699 1.666905 1.057926
v 5.385105 1.681269 1.071157
v 5.377468 1.681269 1.052332
v 5.386744 1.671112 1.067282
v 5.379830 1.672976 1.062335
v 5.377388 1.681269 1.063326
v 5.381343 1.671112 1.053971
v 5.390699 1.798581 1.057926
v 5.377468 1.784216 1.052332
v 5.385105 1.784216 1.071157
v 5.381343 1.794374 1.053971
v 5.379830 1.792510 1.062335
v 5.377388 1.784216 1.063326
v 5.386744 1.794374 1.067282
v 5.495309 2.121787 1.074862
v 5.500903 2.136152 1.061631
v 5.508539 2.136152 1.080456
v 5.499264 2.125994 1.065506
v 5.506177 2.127858 1.070453
v 5.508620 2.136152 1.069462
v 5.504664 2.125994 1.078817
v 5.500903 2.239099 1.061631
v 5.495309 2.253463 1.074862
v 5.508539 2.239099 1.080456
v 5.499264 2.249256 1.065506
v 5.506177 2.247392 1.070453
v 5.504664 2.249256 1.078817
v 5.508620 2.239099 1.069462
v 5.485519 2.121787 1.098016
v 5.498750 2.136152 1.103610
v 5.479926 2.136152 1.111246
v 5.494875 2.125994 1.101971
v 5.489929 2.127858 1.108884
v 5.490920 2.136152 1.111327
v 5.481564 2.125994 1.107371
v 5.485519 2.253463 1.098016
v 5.479926 2.239099 1.111246
v 5.498750 2.239099 1.103610
v 5.481564 2.249256 1.107371
v 5.489929 2.247392 1.108884
v 5.490920 2.239099 1.111327
v 5.494875 2.249256 1.101971
v 5.400488 2.121787 1.034773
v 5.387257 2.136152 1.029179
v 5.406082 2.136152 1.021542
v 5.391132 2.125994 1.030817
v 5.396079 2.127858 1.023904
v 5.395088 2.136152 1.021461
v 5.404444 2.125994 1.025417
v 5.400488 2.253463 1.034773
v 5.406082 2.239099 1.021542
v 5.387257 2.239099 1.029179
v 5.404444 2.249256 1.025417
v 5.396079 2.247392 1.023904
v 5.395088 2.239099 1.021461
v 5.391132 2.249256 1.030817
v 5.390699 2.121787 1.057926
v 5.385105 2.136152 1.071157
v 5.377468 2.136152 1.052332
v 5.386744 2.125994 1.067282
v 5.379830 2.127858 1.062335
v 5.377388 2.136152 1.063326
v 5.381343 2.125994 1.053971
v 5.390699 2.253463 1.057926
v 5.377468 2.239099 1.052332
v 5.385105 2.239099 1.071157
v 5.381343 2.249256 1.053971
v 5.379830 2.247392 1.062335
v 5.377388 2.239099 1.063326
v 5.386744 2.249256 1.067282
v 5.076334 1.212022 0.897722
v 5.081928 1.226387 0.884492
v 5.089565 1.226387 0.903316
v 5.080290 1.216230 0.888367
v 5.087203 1.218093 0.893313
v 5.089645 1.226387 0.892322
v 5.085690 1.216230 0.901678
v 5.081928 1.329334 0.884492
v 5.076334 1.343699 0.897722
v 5.089565 1.329334 0.903316
v 5.080290 1.339491 0.888367
v 5.087203 1.337627 0.893313
v 5.085690 1.339491 0.901678
v 5.089645 1.329334 0.892322
v 5.066545 1.212022 0.920876
v 5.079776 1.226387 0.926470
v 5.060951 1.226387 0.934107
v 5.075901 1.216230 0.924832
v 5.070954 1.218093 0.931745
v 5.071945 1.226387 0.934187
v 5.062590 1.216230 0.930232
v 5.066545 1.343699 0.920876
v 5.060951 1.329334 0.934107
v 5.079776 1.329334 0.926470
v 5.062590 1.339491 0.930232
v 5.070954 1.337627 0.931745
v 5.071945 1.329334 0.934187
v 5.075901 1.339491 0.924832
v 4.981514 1.212022 0.857633
v 4.968283 1.226387 0.852039
v 4.987108 1.226387 0.844402
v 4.972158 1.216230 0.853677
v 4.977105 1.218093 0.846764
v 4.976114 1.226387 0.844322
v 4.985469 1.216230 0.848277
v 4.981514 1.343699 0.857633
v 4.987108 1.329334 0.844402
v 4.968283 1.329334 0.852039
v 4.985469 1.339491 0.848277
v 4.977105 1.337627 0.846765
v 4.976113 1.329334 0.844322
v 4.972158 1.339491 0.853678
v 4.971725 1.212022 0.880787
v 4.966131 1.226387 0.894017
v 4.958494 1.226387 0.875193
v 4.967769 1.216230 0.890142
v 4.960856 1.218093 0.885196
v 4.958413 1.226387 0.886187
v 4.962369 1.216230 0.876831
v 4.971725 1.343699 0.880787
v 4.958494 1.329334 0.875193
v 4.966131 1.329334 0.894017
v 4.962369 1.339491 0.876831
v 4.960856 1.337627 0.885196
v 4.958413 1.329334 0.886187
v 4.967769 1.339491 0.890142
v 5.076334 1.666905 0.897722
v 5.081928 1.681269 0.884492
v 5.089565 1.681269 0.903316
v 5.080290 1.671112 0.888367
v 5.087203 1.672976 0.893313
v 5.089645 1.681269 0.892322
v 5.085690 1.671112 0.901678
v 5.081928 1.784216 0.884492
v 5.076334 1.798581 0.897722
v 5.089565 1.784216 0.903316
v 5.080290 1.794374 0.888367
v 5.087203 1.792510 0.893313
v 5.085690 1.794374 0.901678
v 5.089645 1.784216 0.892322
v 5.066545 1.666905 0.920876
v 5.079776 1.681269 0.926470
v 5.060951 1.681269 0.934107
v 5.075901 1.671112 0.924832
v 5.070954 1.672976 0.931745
v 5.071945 1.681269 0.934187
v 5.062590 1.671112 0.930232
v 5.066545 1.798581 0.920876
v 5.060951 1.784216 0.934107
v 5.079776 1.784216 0.926470
v 5.062590 1.794374 0.930232
v 5.070954 1.792510 0.931745
v 5.071945 1.784216 0.934187
v 5.075901 1.794374 0.924832
v 4.981514 1.666905 0.857633
v 4.968283 1.681269 0.852039
v 4.987108 1.681269 0.844402
v 4.972158 1.671112 0.853677
v 4.977105 1.672976 0.846764
v 4.976114 1.681269 0.844322
v 4.985469 1.671112 0.848277
v 4.981514 1.798581 0.857633
v 4.987108 1.784216 0.844402
v 4.968283 1.784216 0.852039
v 4.985469 1.794374 0.848277
v 4.977105 1.792510 0.846765
v 4.976113 1.784216 0.844322
v 4.972158 1.794374 0.853678
v 4.971725 1.666905 0.880787
v 4.966131 1.681269 0.894017
v 4.958494 1.681269 0.875193
v 4.967769 1.671112 0.890142
v 4.960856 1.672976 0.885196
v 4.958413 1.681269 0.886187
v 4.962369 1.671112 0.876831
v 4.971725 1.798581 0.880787
v 4.958494 1.784216 0.875193
v 4.966131 1.784216 0.894017
v 4.962369 1.794374 0.876831
v 4.960856 1.792510 0.885196
v 4.958413 1.784216 0.886187
v 4.967769 1.794374 0.890142
v 5.076334 2.121787 0.897722
v 5.081928 2.136152 0.884492
v 5.089565 2.136152 0.903316
v 5.080290 2.125994 0.888367
v 5.087203 2.127858 0.893313
v 5.089645 2.136152 0.892322
v 5.085690 2.125994 0.901678
v 5.081928 2.239099 0.884492
v 5.076334 2.253463 0.897722
v 5.089565 2.239099 0.903316
v 5.080290 2.249256 0.888367
v 5.087203 2.247392 0.893313
v 5.085690 2.249256 0.901678
v 5.089645 2.239099 0.892322
v 5.066545 2.121787 0.920876
v 5.079776 2.136152 0.926470
v 5.060951 2.136152 0.934107
v 5.075901 2.125994 0.924832
v 5.070954 2.127858 0.931745
v 5.071945 2.136152 0.934187
v 5.062590 2.125994 0.930232
v 5.066545 2.253463 0.920876
v 5.060951 2.239099 0.934107
v 5.079776 2.239099 0.926470
v 5.062590 2.249256 0.930232
v 5.070954 2.247392 0.931745
v 5.071945 2.239099 0.934187
v 5.075901 2.249256 0.924832
v 4.981514 2.121787 0.857633
v 4.968283 2.136152 0.852039
v 4.987108 2.136152 0.844402
v 4.972158 2.125994 0.853677
v 4.977105 2.127858 0.846764
v 4.976114 2.136152 0.844322
v 4.985469 2.125994 0.848277
v 4.981514 2.253463 0.857633
v 4.987108 2.239099 0.844402
v 4.968283 2.239099 0.852039
v 4.985469 2.249256 0.848277
v 4.977105 2.247392 0.846765
v 4.976113 2.239099 0.844322
v 4.972158 2.249256 0.853678
v 4.971725 2.121787 0.880787
v 4.966131 2.136152 0.894017
v 4.958494 2.136152 0.875193
v 4.967769 2.125994 0.890142
v 4.960856 2.127858 0.885196
v 4.958413 2.136152 0.886187
v 4.962369 2.125994 0.876831
v 4.971725 2.253463 0.880787
v 4.958494 2.239099 0.875193
v 4.966131 2.239099 0.894017
v 4.962369 2.249256 0.876831
v 4.960856 2.247392 0.885196
v 4.958413 2.239099 0.886187
v 4.967769 2.249256 0.890142
v 4.657360 1.212022 0.720583
v 4.662954 1.226387 0.707352
v 4.670590 1.226387 0.726177
v 4.661315 1.216230 0.711227
v 4.668228 1.218093 0.716174
v 4.670671 1.226387 0.715183
v 4.666715 1.216230 0.724538
v 4.662954 1.329334 0.707352
v 4.657360 1.343699 0.720583
v 4.670590 1.329334 0.726177
v 4.661315 1.339491 0.711227
v 4.668228 1.337627 0.716174
v 4.666715 1.339491 0.724538
v 4.670671 1.329334 0.715183
v 4.647571 1.212022 0.743737
v 4.660801 1.226387 0.749330
v 4.641976 1.226387 0.756967
v 4.656926 1.216230 0.747692
v 4.651979 1.218093 0.754605
v 4.652971 1.226387 0.757048
v 4.643615 1.216230 0.753092
v 4.647571 1.343699 0.743737
v 4.641976 1.329334 0.756967
v 4.660801 1.329334 0.749330
v 4.643615 1.339491 0.753092
v 4.651979 1.337627 0.754605
v 4.652971 1.329334 0.757048
v 4.656926 1.339491 0.747692
v 4.562539 1.212022 0.680493
v 4.549309 1.226387 0.674900
v 4.568133 1.226387 0.667263
v 4.553184 1.216230 0.676538
v 4.558130 1.218093 0.669625
v 4.557139 1.226387 0.667182
v 4.566495 1.216230 0.671138
v 4.562539 1.343699 0.680493
v 4.568133 1.329334 0.667263
v 4.549309 1.329334 0.674900
v 4.566495 1.339491 0.671138
v 4.558130 1.337627 0.669625
v 4.557139 1.329334 0.667182
v 4.553184 1.339491 0.676538
v 4.552750 1.212022 0.703647
v 4.547156 1.226387 0.716878
v 4.539519 1.226387 0.698053
v 4.548795 1.216230 0.713003
v 4.541882 1.218093 0.708056
v 4.539439 1.226387 0.709047
v 4.543395 1.216230 0.699692
v 4.552750 1.343699 0.703647
v 4.539519 1.329334 0.698053
v 4.547156 1.329334 0.716878
v 4.543395 1.339491 0.699692
v 4.541882 1.337627 0.708056
v 4.539439 1.329334 0.709047
v 4.548795 1.339491 0.713003
v 4.657360 1.666905 0.720583
v 4.662954 1.681269 0.707352
v 4.670590 1.681269 0.726177
v 4.661315 1.671112 0.711227
v 4.668228 1.672976 0.716174
v 4.670671 1.681269 0.715183
v 4.666715 1.671112 0.724538
v 4.662954 1.784216 0.707352
v 4.657360 1.798581 0.720583
v 4.670590 1.784216 0.726177
v 4.661315 1.794374 0.711227
v 4.668228 1.792510 0.716174
v 4.666715 1.794374 0.724538
v 4.670671 1.784216 0.715183
v 4.647571 1.666905 0.743737
v 4.660801 1.681269 0.749330
v 4.641976 1.681269 0.756967
v 4.656926 1.671112 0.747692
v 4.651979 1.672976 0.754605
v 4.652971 1.681269 0.757048
v 4.643615 1.671112 0.753092
v 4.647571 1.798581 0.743737
v 4.641976 1.784216 0.756967
v 4.660801 1.784216 0.749330
v 4.643615 1.794374 0.753092
v 4.651979 1.792510 0.754605
v 4.652971 1.784216 0.757048
v 4.656926 1.794374 0.747692
v 4.562539 1.666905 0.680493
v 4.549309 1.681269 0.674900
v 4.568133 1.681269 0.667263
v 4.553184 1.671112 0.676538
v 4.558130 1.672976 0.669625
v 4.557139 1.681269 0.667182
v 4.566495 1.671112 0.671138
v 4.562539 1.798581 0.680493
v 4.568133 1.784216 0.667263
v 4.549309 1.784216 0.674900
v 4.566495 1.794374 0.671138
v 4.558130 1.792510 0.669625
v 4.557139 1.784216 0.667182
v 4.553184 1.794374 0.676538
v 4.552750 1.666905 0.703647
v 4.547156 1.681269 0.716878
v 4.539519 1.681269 0.698053
v 4.548795 1.671112 0.713003
v 4.541882 1.672976 0.708056
v 4.539439 1.681269 0.709047
v 4.543395 1.671112 0.699692
v 4.552750 1.798581 0.703647
v 4.539519 1.784216 0.698053
v 4.547156 1.784216 0.716878
v 4.543395 1.794374 0.699692
v 4.541882 1.792510 0.708056
v 4.539439 1.784216 0.709047
v 4.548795 1.794374 0.713003
v 4.657360 2.121787 0.720583
v 4.662954 2.136152 0.707352
v 4.670590 2.136152 0.726177
v 4.661315 2.125994 0.711227
v 4.668228 2.127858 0.716174
v 4.670671 2.136152 0.715183
v 4.666715 2.125994 0.724538
v 4.662954 2.239099 0.707352
v 4.657360 2.253463 0.720583
v 4.670590 2.239099 0.726177
v 4.661315 2.249256 0.711227
v 4.668228 2.247392 0.716174
v 4.666715 2.249256 0.724538
v 4.670671 2.239099 0.715183
v 4.647571 2.121787 0.743737
v 4.660801 2.136152 0.749330
v 4.641976 2.136152 0.756967
v 4.656926 2.125994 0.747692
v 4.651979 2.127858 0.754605
v 4.652971 2.136152 0.757048
v 4.643615 2.125994 0.753092
v 4.647571 2.253463 0.743737
v 4.641976 2.239099 0.756967
v 4.660801 2.239099 0.749330
v 4.643615 2.249256 0.753092
v 4.651979 2.247392 0.754605
v 4.652971 2.239099 0.757048
v 4.656926 2.249256 0.747692
v 4.562539 2.121787 0.680493
v 4.549309 2.136152 0.674900
v 4.568133 2.136152 0.667263
v 4.553184 2.125994 0.676538
v 4.558130 2.127858 0.669625
v 4.557139 2.136152 0.667182
v 4.566495 2.125994 0.671138
v 4.562539 2.253463 0.680493
v 4.568133 2.239099 0.667263
v 4.549309 2.239099 0.674900
v 4.566495 2.249256 0.671138
v 4.558130 2.247392 0.669625
v 4.557139 2.239099 0.667182
v 4.553184 2.249256 0.676538
v 4.552750 2.121787 0.703647
v 4.547156 2.136152 0.716878
v 4.539519 2.136152 0.698053
v 4.548795 2.125994 0.713003
v 4.541882 2.127858 0.708056
v 4.539439 2.136152 0.709047
v 4.543395 2.125994 0.699692
v 4.552750 2.253463 0.703647
v 4.539519 2.239099 0.698053
v 4.547156 2.239099 0.716878
v 4.543395 2.249256 0.699692
v 4.541882 2.247392 0.708056
v 4.539439 2.239099 0.709047
v 4.548795 2.249256 0.713003
v 5.919278 2.294163 0.072080
v 5.924872 2.308528 0.058849
v 5.932509 2.308528 0.077674
v 5.923234 2.298371 0.062724
v 5.930147 2.300234 0.067670
v 5.932589 2.308528 0.066680
v 5.928634 2.298371 0.076035
v 5.924872 2.333666 0.058849
v 5.919278 2.348031 0.072080
v 5.932509 2.333666 0.077674
v 5.923234 2.343824 0.062724
v 5.930147 2.341960 0.067670
v 5.928634 2.343824 0.076035
v 5.932589 2.333666 0.066680
v 5.879189 2.294163 0.166900
v 5.892419 2.308528 0.172494
v 5.873595 2.308528 0.180131
v 5.888544 2.298371 0.170856
v 5.883598 2.300234 0.177769
v 5.884589 2.308528 0.180211
v 5.875233 2.298371 0.176256
v 5.879189 2.348031 0.166900
v 5.873595 2.333666 0.180131
v 5.892419 2.333666 0.172494
v 5.875233 2.343824 0.176256
v 5.883598 2.341960 0.177769
v 5.884589 2.333666 0.180211
v 5.888544 2.343824 0.170856
v 5.824458 2.294163 0.031990
v 5.811227 2.308528 0.026396
v 5.830051 2.308528 0.018759
v 5.815102 2.298371 0.028035
v 5.820048 2.300234 0.021122
v 5.819057 2.308528 0.018679
v 5.828413 2.298371 0.022635
v 5.824458 2.348031 0.031990
v 5.830051 2.333666 0.018759
v 5.811227 2.333666 0.026396
v 5.828413 2.343824 0.022635
v 5.820048 2.341960 0.021122
v 5.819057 2.333666 0.018679
v 5.815102 2.343824 0.028035
v 5.784368 2.294163 0.126811
v 5.778774 2.308528 0.140041
v 5.771137 2.308528 0.121217
v 5.780413 2.298371 0.136166
v 5.773500 2.300234 0.131220
v 5.771057 2.308528 0.132211
v 5.775012 2.298371 0.122855
v 5.784368 2.348031 0.126811
v 5.771137 2.333666 0.121217
v 5.778774 2.333666 0.140041
v 5.775012 2.343824 0.122855
v 5.773500 2.341960 0.131220
v 5.771057 2.333666 0.132211
v 5.780413 2.343824 0.136166
v 5.742139 2.294163 0.491054
v 5.747733 2.308528 0.477823
v 5.755369 2.308528 0.496648
v 5.746094 2.298371 0.481698
v 5.753007 2.300234 0.486645
v 5.755450 2.308528 0.485654
v 5.751494 2.298371 0.495010
v 5.747733 2.333666 0.477823
v 5.742139 2.348031 0.491054
v 5.755369 2.333666 0.496648
v 5.746094 2.343824 0.481698
v 5.753007 2.341960 0.486645
v 5.751494 2.343824 0.495010
v 5.755450 2.333666 0.485654
v 5.702049 2.294163 0.585875
v 5.715280 2.308528 0.591468
v 5.696455 2.308528 0.599105
v 5.711405 2.298371 0.589830
v 5.706458 2.300234 0.596743
v 5.707449 2.308528 0.599186
v 5.698094 2.298371 0.595230
v 5.702049 2.348031 0.585875
v 5.696455 2.333666 0.599105
v 5.715280 2.333666 0.591468
v 5.698094 2.343824 0.595230
v 5.706458 2.341960 0.596743
v 5.707449 2.333666 0.599186
v 5.711405 2.343824 0.589830
v 5.647318 2.294163 0.450965
v 5.634088 2.308528 0.445371
v 5.652912 2.308528 0.437734
v 5.637962 2.298371 0.447009
v 5.642909 2.300234 0.440096
v 5.641918 2.308528 0.437654
v 5.651274 2.298371 0.441609
v 5.647318 2.348031 0.450965
v 5.652912 2.333666 0.437734
v 5.634088 2.333666 0.445371
v 5.651274 2.343824 0.441609
v 5.642909 2.341960 0.440096
v 5.641918 2.333666 0.437654
v 5.637962 2.343824 0.447009
v 5.607229 2.294163 0.545785
v 5.601635 2.308528 0.559016
v 5.593998 2.308528 0.540191
v 5.603273 2.298371 0.555141
v 5.596360 2.300234 0.550194
v 5.593917 2.308528 0.551185
v 5.597873 2.298371 0.541830
v 5.607229 2.348031 0.545785
v 5.593998 2.333666 0.540191
v 5.601635 2.333666 0.559016
v 5.597873 2.343824 0.541830
v 5.596360 2.341960 0.550194
v 5.593917 2.333666 0.551185
v 5.603273 2.343824 0.555141
v 5.564999 2.294163 0.910028
v 5.570593 2.308528 0.896798
v 5.578230 2.308528 0.915622
v 5.568954 2.298371 0.900673
v 5.575868 2.300234 0.905619
v 5.578310 2.308528 0.904628
v 5.574355 2.298371 0.913984
v 5.570593 2.333666 0.896798
v 5.564999 2.348031 0.910028
v 5.578230 2.333666 0.915622
v 5.568954 2.343824 0.900673
v 5.575868 2.341960 0.905619
v 5.574355 2.343824 0.913984
v 5.578310 2.333666 0.904628
v 5.524909 2.294163 1.004849
v 5.538140 2.308528 1.010443
v 5.519316 2.308528 1.018080
v 5.534265 2.298371 1.008804
v 5.529319 2.300234 1.015717
v 5.530310 2.308528 1.018160
v 5.520954 2.298371 1.014205
v 5.524909 2.348031 1.004849
v 5.519316 2.333666 1.018080
v 5.538140 2.333666 1.010443
v 5.520954 2.343824 1.014205
v 5.529319 2.341960 1.015717
v 5.530310 2.333666 1.018160
v 5.534265 2.343824 1.008804
v 5.470179 2.294163 0.869939
v 5.456948 2.308528 0.864345
v 5.475772 2.308528 0.856708
v 5.460823 2.298371 0.865983
v 5.465769 2.300234 0.859071
v 5.464778 2.308528 0.856628
v 5.474134 2.298371 0.860583
v 5.470179 2.348031 0.869939
v 5.475772 2.333666 0.856708
v 5.456948 2.333666 0.864345
v 5.474134 2.343824 0.860583
v 5.465769 2.341960 0.859071
v 5.464778 2.333666 0.856628
v 5.460823 2.343824 0.865983
v 5.430089 2.294163 0.964759
v 5.424495 2.308528 0.977990
v 5.416858 2.308528 0.959166
v 5.426134 2.298371 0.974115
v 5.419221 2.300234 0.969169
v 5.416778 2.308528 0.970160
v 5.420733 2.298371 0.960804
v 5.430089 2.348031 0.964759
v 5.416858 2.333666 0.959166
v 5.424495 2.333666 0.977990
v 5.420733 2.343824 0.960804
v 5.419221 2.341960 0.969169
v 5.416778 2.333666 0.970160
v 5.426134 2.343824 0.974115
v 5.500304 2.294163 -0.105060
v 5.505898 2.308528 -0.118291
v 5.513535 2.308528 -0.099466
v 5.504259 2.298371 -0.114415
v 5.511172 2.300234 -0.109469
v 5.513615 2.308528 -0.110460
v 5.509659 2.298371 -0.101104
v 5.505898 2.333666 -0.118291
v 5.500304 2.348031 -0.105060
v 5.513535 2.333666 -0.099466
v 5.504259 2.343824 -0.114415
v 5.511172 2.341960 -0.109469
v 5.509659 2.343824 -0.101104
v 5.513615 2.333666 -0.110460
v 5.460214 2.294163 -0.010239
v 5.473445 2.308528 -0.004645
v 5.454620 2.308528 0.002991
v 5.469570 2.298371 -0.006284
v 5.464623 2.300234 0.000629
v 5.465614 2.308528 0.003072
v 5.456259 2.298371 -0.000884
v 5.460214 2.348031 -0.010239
v 5.454620 2.333666 0.002991
v 5.473445 2.333666 -0.004645
v 5.456259 2.343824 -0.000884
v 5.464623 2.341960 0.000629
v 5.465614 2.333666 0.003072
v 5.469570 2.343824 -0.006284
v 5.405483 2.294163 -0.145149
v 5.392252 2.308528 -0.150743
v 5.411077 2.308528 -0.158380
v 5.396128 2.298371 -0.149105
v 5.401074 2.300234 -0.156018
v 5.400083 2.308528 -0.158460
v 5.409439 2.298371 -0.154505
v 5.405483 2.348031 -0.145149
v 5.411077 2.333666 -0.158380
v 5.392252 2.333666 -0.150743
v 5.409439 2.343824 -0.154505
v 5.401074 2.341960 -0.156018
v 5.400083 2.333666 -0.158460
v 5.396128 2.343824 -0.149105
v 5.365394 2.294163 -0.050329
v 5.359800 2.308528 -0.037098
v 5.352163 2.308528 -0.055923
v 5.361438 2.298371 -0.040973
v 5.354525 2.300234 -0.045920
v 5.352083 2.308528 -0.044929
v 5.356038 2.298371 -0.054284
v 5.365394 2.348031 -0.050329
v 5.352163 2.333666 -0.055923
v 5.359800 2.333666 -0.037098
v 5.356038 2.343824 -0.054284
v 5.354525 2.341960 -0.045920
v 5.352083 2.333666 -0.044929
v 5.361438 2.343824 -0.040973
v 5.323164 2.294163 0.313915
v 5.328758 2.308528 0.300684
v 5.336395 2.308528 0.319508
v 5.327120 2.298371 0.304559
v 5.334033 2.300234 0.309505
v 5.336475 2.308528 0.308514
v 5.332520 2.298371 0.317870
v 5.328758 2.333666 0.300684
v 5.323164 2.348031 0.313915
v 5.336395 2.333666 0.319508
v 5.327120 2.343824 0.304559
v 5.334033 2.341960 0.309505
v 5.332520 2.343824 0.317870
v 5.336475 2.333666 0.308514
v 5.283075 2.294163 0.408735
v 5.296306 2.308528 0.414329
v 5.277481 2.308528 0.421966
v 5.292430 2.298371 0.412691
v 5.287484 2.300234 0.419603
v 5.288475 2.308528 0.422046
v 5.279119 2.298371 0.418091
v 5.283075 2.348031 0.408735
v 5.277481 2.333666 0.421966
v 5.296306 2.333666 0.414329
v 5.279119 2.343824 0.418091
v 5.287484 2.341960 0.419603
v 5.288475 2.333666 0.422046
v 5.292430 2.343824 0.412691
v 5.228343 2.294163 0.273825
v 5.215113 2.308528 0.268231
v 5.233938 2.308528 0.260594
v 5.218988 2.298371 0.269870
v 5.223935 2.300234 0.262957
v 5.222944 2.308528 0.260514
v 5.232299 2.298371 0.264469
v 5.228343 2.348031 0.273825
v 5.233938 2.333666 0.260594
v 5.215113 2.333666 0.268231
v 5.232299 2.343824 0.264469
v 5.223935 2.341960 0.262957
v 5.222944 2.333666 0.260514
v 5.218988 2.343824 0.269870
v 5.188254 2.294163 0.368646
v 5.182660 2.308528 0.381876
v 5.175024 2.308528 0.363052
v 5.184299 2.298371 0.378001
v 5.177386 2.300234 0.373055
v 5.174943 2.308528 0.374046
v 5.178899 2.298371 0.364690
v 5.188254 2.348031 0.368646
v 5.175024 2.333666 0.363052
v 5.182660 2.333666 0.381876
v 5.178899 2.343824 0.364690
v 5.177386 2.341960 0.373055
v 5.174943 2.333666 0.374046
v 5.184299 2.343824 0.378001
v 5.146025 2.294163 0.732889
v 5.151618 2.308528 0.719658
v 5.159256 2.308528 0.738483
v 5.149980 2.298371 0.723533
v 5.156893 2.300234 0.728480
v 5.159336 2.308528 0.727489
v 5.155380 2.298371 0.736844
v 5.151618 2.333666 0.719658
v 5.146025 2.348031 0.732889
v 5.159256 2.333666 0.738483
v 5.149980 2.343824 0.723533
v 5.156893 2.341960 0.728480
v 5.155380 2.343824 0.736844
v 5.159336 2.333666 0.727489
v 5.105935 2.294163 0.827709
v 5.119166 2.308528 0.833303
v 5.100341 2.308528 0.840940
v 5.115291 2.298371 0.831665
v 5.110344 2.300234 0.838578
v 5.111335 2.308528 0.841021
v 5.101980 2.298371 0.837065
v 5.105935 2.348031 0.827709
v 5.100341 2.333666 0.840940
v 5.119166 2.333666 0.833303
v 5.101980 2.343824 0.837065
v 5.110344 2.341960 0.838578
v 5.111335 2.333666 0.841021
v 5.115291 2.343824 0.831665
v 5.051204 2.294163 0.692799
v 5.037973 2.308528 0.687206
v 5.056798 2.308528 0.679569
v 5.041849 2.298371 0.688844
v 5.046795 2.300234 0.681931
v 5.045804 2.308528 0.679488
v 5.055160 2.298371 0.683444
v 5.051204 2.348031 0.692799
v 5.056798 2.333666 0.679569
v 5.037973 2.333666 0.687206
v 5.055160 2.343824 0.683444
v 5.046795 2.341960 0.681931
v 5.045804 2.333666 0.679488
v 5.041849 2.343824 0.688844
v 5.011115 2.294163 0.787620
v 5.005521 2.308528 0.800851
v 4.997884 2.308528 0.782026
v 5.007159 2.298371 0.796976
v 5.000246 2.300234 0.792029
v 4.997804 2.308528 0.793020
v 5.001759 2.298371 0.783664
v 5.011115 2.348031 0.787620
v 4.997884 2.333666 0.782026
v 5.005521 2.333666 0.800851
v 5.001759 2.343824 0.783664
v 5.000246 2.341960 0.792029
v 4.997804 2.333666 0.793020
v 5.007159 2.343824 0.796976
v 5.081329 2.294163 -0.282199
v 5.086923 2.308528 -0.295430
v 5.094560 2.308528 -0.276606
v 5.085285 2.298371 -0.291555
v 5.092198 2.300234 -0.286609
v 5.094640 2.308528 -0.287600
v 5.090685 2.298371 -0.278244
v 5.086923 2.333666 -0.295430
v 5.081329 2.348031 -0.282199
v 5.094560 2.333666 -0.276606
v 5.085285 2.343824 -0.291555
v 5.092198 2.341960 -0.286609
v 5.090685 2.343824 -0.278244
v 5.094640 2.333666 -0.287600
v 5.041240 2.294163 -0.187379
v 5.054471 2.308528 -0.181785
v 5.035646 2.308528 -0.174148
v 5.050595 2.298371 -0.183423
v 5.045649 2.300234 -0.176510
v 5.046640 2.308528 -0.174068
v 5.037284 2.298371 -0.178023
v 5.041240 2.348031 -0.187379
v 5.035646 2.333666 -0.174148
v 5.054471 2.333666 -0.181785
v 5.037284 2.343824 -0.178023
v 5.045649 2.341960 -0.176510
v 5.046640 2.333666 -0.174068
v 5.050595 2.343824 -0.183423
v 4.986509 2.294163 -0.322289
v 4.973278 2.308528 -0.327883
v 4.992103 2.308528 -0.335520
v 4.977153 2.298371 -0.326244
v 4.982100 2.300234 -0.333157
v 4.981109 2.308528 -0.335600
v 4.990464 2.298371 -0.331644
v 4.986509 2.348031 -0.322289
v 4.992103 2.333666 -0.335520
v 4.973278 2.333666 -0.327883
v 4.990464 2.343824 -0.331644
v 4.982100 2.341960 -0.333157
v 4.981109 2.333666 -0.335600
v 4.977153 2.343824 -0.326244
v 4.946419 2.294163 -0.227468
v 4.940825 2.308528 -0.214238
v 4.933188 2.308528 -0.233062
v 4.942464 2.298371 -0.218113
v 4.935551 2.300234 -0.223059
v 4.933108 2.308528 -0.222068
v 4.937064 2.298371 -0.231424
v 4.946419 2.348031 -0.227468
v 4.933188 2.333666 -0.233062
v 4.940825 2.333666 -0.214238
v 4.937064 2.343824 -0.231424
v 4.935551 2.341960 -0.223059
v 4.933108 2.333666 -0.222068
v 4.942464 2.343824 -0.218113
v 4.904190 2.294163 0.136775
v 4.909784 2.308528 0.123544
v 4.917420 2.308528 0.142369
v 4.908145 2.298371 0.127419
v 4.915058 2.300234 0.132366
v 4.917501 2.308528 0.131375
v 4.913546 2.298371 0.140730
v 4.909784 2.333666 0.123544
v 4.904190 2.348031 0.136775
v 4.917420 2.333666 0.142369
v 4.908145 2.343824 0.127419
v 4.915058 2.341960 0.132366
v 4.913546 2.343824 0.140730
v 4.917501 2.333666 0.131375
v 4.864100 2.294163 0.231596
v 4.877331 2.308528 0.237189
v 4.858506 2.308528 0.244826
v 4.873456 2.298371 0.235551
v 4.868509 2.300234 0.242464
v 4.869500 2.308528 0.244907
v 4.860145 2.298371 0.240951
v 4.864100 2.348031 0.231596
v 4.858506 2.333666 0.244826
v 4.877331 2.333666 0.237189
v 4.860145 2.343824 0.240951
v 4.868509 2.341960 0.242464
v 4.869500 2.333666 0.244907
v 4.873456 2.343824 0.235551
v 4.809369 2.294163 0.096686
v 4.796139 2.308528 0.091092
v 4.814963 2.308528 0.083455
v 4.800014 2.298371 0.092730
v 4.804960 2.300234 0.085817
v 4.803969 2.308528 0.083374
v 4.813325 2.298371 0.087330
v 4.809369 2.348031 0.096686
v 4.814963 2.333666 0.083455
v 4.796139 2.333666 0.091092
v 4.813325 2.343824 0.087330
v 4.804960 2.341960 0.085817
v 4.803969 2.333666 0.083374
v 4.800014 2.343824 0.092730
v 4.769279 2.294163 0.191506
v 4.763686 2.308528 0.204737
v 4.756049 2.308528 0.185912
v 4.765324 2.298371 0.200862
v 4.758411 2.300234 0.195915
v 4.755969 2.308528 0.196906
v 4.759924 2.298371 0.187551
v 4.769279 2.348031 0.191506
v 4.756049 2.333666 0.185912
v 4.763686 2.333666 0.204737
v 4.759924 2.343824 0.187551
v 4.758411 2.341960 0.195915
v 4.755969 2.333666 0.196906
v 4.765324 2.343824 0.200862
v 4.727050 2.294163 0.555749
v 4.732644 2.308528 0.542519
v 4.740281 2.308528 0.561343
v 4.731006 2.298371 0.546394
v 4.737919 2.300234 0.551340
v 4.740361 2.308528 0.550349
v 4.736406 2.298371 0.559705
v 4.732644 2.333666 0.542519
v 4.727050 2.348031 0.555749
v 4.740281 2.333666 0.561343
v 4.731006 2.343824 0.546394
v 4.737919 2.341960 0.551340
v 4.736406 2.343824 0.559705
v 4.740361 2.333666 0.550349
v 4.686961 2.294163 0.650570
v 4.700191 2.308528 0.656164
v 4.681367 2.308528 0.663801
v 4.696316 2.298371 0.654525
v 4.691370 2.300234 0.661438
v 4.692361 2.308528 0.663881
v 4.683005 2.298371 0.659925
v 4.686961 2.348031 0.650570
v 4.681367 2.333666 0.663801
v 4.700191 2.333666 0.656164
v 4.683005 2.343824 0.659925
v 4.691370 2.341960 0.661438
v 4.692361 2.333666 0.663881
v 4.696316 2.343824 0.654525
v 4.632230 2.294163 0.515660
v 4.618999 2.308528 0.510066
v 4.637824 2.308528 0.502429
v 4.622874 2.298371 0.511704
v 4.627820 2.300234 0.504791
v 4.626830 2.308528 0.502349
v 4.636185 2.298371 0.506304
v 4.632230 2.348031 0.515660
v 4.637824 2.333666 0.502429
v 4.618999 2.333666 0.510066
v 4.636185 2.343824 0.506304
v 4.627820 2.341960 0.504791
v 4.626830 2.333666 0.502349
v 4.622874 2.343824 0.511704
v 4.592140 2.294163 0.610480
v 4.586546 2.308528 0.623711
v 4.578909 2.308528 0.604887
v 4.588185 2.298371 0.619836
v 4.581272 2.300234 0.614890
v 4.578829 2.308528 0.615881
v 4.582785 2.298371 0.606525
v 4.592140 2.348031 0.610480
v 4.578909 2.333666 0.604887
v 4.586546 2.333666 0.623711
v 4.582785 2.343824 0.606525
v 4.581272 2.341960 0.614890
v 4.578829 2.333666 0.615881
v 4.588185 2.343824 0.619836
v 5.420908 1.690846 1.047954
v 5.429299 1.712393 1.028108
v 5.440754 1.712393 1.056345
v 5.426841 1.697157 1.033921
v 5.437211 1.699953 1.041341
v 5.440875 1.712393 1.039854
v 5.434941 1.697157 1.053888
v 5.429299 1.944622 1.028108
v 5.420908 1.966169 1.047954
v 5.440754 1.944622 1.056345
v 5.426841 1.959858 1.033921
v 5.437211 1.957062 1.041341
v 5.434941 1.959858 1.053888
v 5.440875 1.944622 1.039854
v 5.420908 1.690846 1.047954
v 5.440754 1.712393 1.056345
v 5.412517 1.712393 1.067801
v 5.434941 1.697157 1.053888
v 5.427522 1.699953 1.064257
v 5.429008 1.712393 1.067921
v 5.414975 1.697157 1.061988
v 5.420908 1.966169 1.047954
v 5.412517 1.944622 1.067801
v 5.440754 1.944622 1.056345
v 5.414975 1.959858 1.061988
v 5.427522 1.957062 1.064257
v 5.429008 1.944622 1.067921
v 5.434941 1.959858 1.053888
v 5.207010 1.690846 0.957520
v 5.187164 1.712393 0.949129
v 5.215401 1.712393 0.937674
v 5.192977 1.697157 0.951587
v 5.200397 1.699953 0.941217
v 5.198910 1.712393 0.937554
v 5.212944 1.697157 0.943487
v 5.207010 1.966169 0.957520
v 5.215401 1.944622 0.937674
v 5.187164 1.944622 0.949129
v 5.212944 1.959858 0.943487
v 5.200397 1.957062 0.941217
v 5.198910 1.944622 0.937554
v 5.192977 1.959858 0.951587
v 5.207010 1.690846 0.957520
v 5.198619 1.712393 0.977366
v 5.187164 1.712393 0.949129
v 5.201077 1.697157 0.971553
v 5.190708 1.699953 0.964134
v 5.187044 1.712393 0.965620
v 5.192977 1.697157 0.951587
v 5.207010 1.966169 0.957520
v 5.187164 1.944622 0.949129
v 5.198619 1.944622 0.977366
v 5.192977 1.959858 0.951587
v 5.190708 1.957062 0.964134
v 5.187044 1.944622 0.965620
v 5.201077 1.959858 0.971553
v 5.410008 1.708802 1.036848
v 5.417000 1.726757 1.020309
v 5.426546 1.726757 1.043840
v 5.414952 1.714061 1.025153
v 5.423594 1.716391 1.031336
v 5.426647 1.726757 1.030098
v 5.421702 1.714061 1.041792
v 5.417000 1.930258 1.020309
v 5.410008 1.948213 1.036848
v 5.426546 1.930258 1.043840
v 5.414952 1.942954 1.025153
v 5.423594 1.940624 1.031336
v 5.421702 1.942954 1.041792
v 5.426647 1.930257 1.030098
v 5.396023 1.708802 1.069925
v 5.412561 1.726757 1.076917
v 5.389031 1.726757 1.086463
v 5.407718 1.714061 1.074869
v 5.401535 1.716391 1.083510
v 5.402773 1.726757 1.086563
v 5.391079 1.714061 1.081619
v 5.396023 1.948213 1.069925
v 5.389031 1.930258 1.086463
v 5.412561 1.930258 1.076917
v 5.391079 1.942954 1.081619
v 5.401535 1.940624 1.083510
v 5.402773 1.930257 1.086563
v 5.407718 1.942954 1.074869
v 5.222572 1.708802 0.957601
v 5.206034 1.726757 0.950609
v 5.229564 1.726757 0.941063
v 5.210877 1.714061 0.952657
v 5.217061 1.716391 0.944016
v 5.215822 1.726757 0.940962
v 5.227516 1.714061 0.945907
v 5.222572 1.948213 0.957601
v 5.229564 1.930258 0.941063
v 5.206034 1.930258 0.950609
v 5.227516 1.942954 0.945907
v 5.217061 1.940624 0.944016
v 5.215822 1.930257 0.940962
v 5.210877 1.942954 0.952657
v 5.208587 1.708802 0.990678
v 5.201595 1.726757 1.007216
v 5.192049 1.726757 0.983686
v 5.203643 1.714061 1.002372
v 5.195002 1.716391 0.996189
v 5.191948 1.726757 0.997428
v 5.196893 1.714061 0.985734
v 5.208587 1.948213 0.990678
v 5.192049 1.930258 0.983686
v 5.201595 1.930258 1.007216
v 5.196893 1.942954 0.985734
v 5.195002 1.940624 0.996189
v 5.191948 1.930257 0.997428
v 5.203643 1.942954 1.002372
v 5.396481 1.850055 1.035028
v 5.400210 1.859631 1.026207
v 5.405302 1.859631 1.038757
v 5.399118 1.852860 1.028791
v 5.403727 1.854102 1.032088
v 5.405355 1.859631 1.031428
v 5.402718 1.852860 1.037665
v 5.400210 1.917090 1.026207
v 5.396481 1.926666 1.035028
v 5.405302 1.917090 1.038757
v 5.399118 1.923862 1.028791
v 5.403727 1.922619 1.032088
v 5.402718 1.923862 1.037665
v 5.405355 1.917090 1.031428
v 5.371309 1.850055 1.094566
v 5.380129 1.859631 1.098296
v 5.367579 1.859631 1.103387
v 5.377546 1.852860 1.097203
v 5.374248 1.854102 1.101812
v 5.374909 1.859631 1.103440
v 5.368672 1.852860 1.100803
v 5.371309 1.926666 1.094566
v 5.367579 1.917090 1.103387
v 5.380129 1.917090 1.098296
v 5.368672 1.923862 1.100803
v 5.374248 1.922619 1.101812
v 5.374909 1.917090 1.103440
v 5.377546 1.923862 1.097203
v 5.343558 1.850055 1.012652
v 5.334738 1.859631 1.008923
v 5.347287 1.859631 1.003832
v 5.337321 1.852860 1.010015
v 5.340619 1.854102 1.005407
v 5.339958 1.859631 1.003778
v 5.346195 1.852860 1.006415
v 5.343558 1.926666 1.012652
v 5.347287 1.917090 1.003832
v 5.334738 1.917090 1.008923
v 5.346195 1.923862 1.006415
v 5.340619 1.922619 1.005407
v 5.339958 1.917090 1.003778
v 5.337321 1.923862 1.010015
v 5.318386 1.850055 1.072191
v 5.314656 1.859631 1.081011
v 5.309565 1.859631 1.068462
v 5.315749 1.852860 1.078428
v 5.311140 1.854102 1.075130
v 5.309512 1.859631 1.075791
v 5.312149 1.852860 1.069554
v 5.318386 1.926666 1.072191
v 5.309565 1.917090 1.068462
v 5.314656 1.917090 1.081011
v 5.312149 1.923862 1.069554
v 5.311140 1.922619 1.075130
v 5.309512 1.917090 1.075791
v 5.315749 1.923862 1.078428
v 5.281178 1.759078 0.984979
v 5.283509 1.765063 0.979466
v 5.286691 1.765063 0.987310
v 5.283509 1.786610 0.979466
v 5.281178 1.792596 0.984979
v 5.286691 1.786610 0.987310
v 5.252276 1.759078 1.053338
v 5.257789 1.765063 1.055668
v 5.249946 1.765063 1.058851
v 5.252276 1.792596 1.053338
v 5.249946 1.786610 1.058851
v 5.257789 1.786610 1.055668
v 5.261332 1.759078 0.976588
v 5.255819 1.765063 0.974257
v 5.263663 1.765063 0.971075
v 5.261332 1.792596 0.976588
v 5.263663 1.786610 0.971075
v 5.255819 1.786610 0.974257
v 5.232430 1.759078 1.044947
v 5.230100 1.765063 1.050460
v 5.226917 1.765063 1.042616
v 5.232430 1.792596 1.044947
v 5.226917 1.786610 1.042616
v 5.230100 1.786610 1.050460
v 4.847574 1.690846 0.805553
v 4.855965 1.712393 0.785707
v 4.867421 1.712393 0.813944
v 4.853508 1.697157 0.791520
v 4.863877 1.699953 0.798939
v 4.867541 1.712393 0.797453
v 4.861608 1.697157 0.811486
v 4.855965 1.944622 0.785707
v 4.847574 1.966169 0.805553
v 4.867421 1.944622 0.813944
v 4.853508 1.959858 0.791520
v 4.863877 1.957062 0.798939
v 4.861608 1.959858 0.811486
v 4.867541 1.944622 0.797453
v 4.847574 1.690846 0.805553
v 4.867421 1.712393 0.813944
v 4.839184 1.712393 0.825399
v 4.861608 1.697157 0.811486
v 4.854188 1.699953 0.821856
v 4.855675 1.712393 0.825520
v 4.841641 1.697157 0.819586
v 4.847574 1.966169 0.805553
v 4.839184 1.944622 0.825399
v 4.867421 1.944622 0.813944
v 4.841641 1.959858 0.819586
v 4.854188 1.957062 0.821856
v 4.855675 1.944622 0.825520
v 4.861608 1.959858 0.811486
v 4.633677 1.690846 0.715119
v 4.613831 1.712393 0.706728
v 4.642068 1.712393 0.695272
v 4.619644 1.697157 0.709185
v 4.627063 1.699953 0.698816
v 4.625577 1.712393 0.695152
v 4.639610 1.697157 0.701085
v 4.633677 1.966169 0.715119
v 4.642068 1.944622 0.695272
v 4.613831 1.944622 0.706728
v 4.639610 1.959858 0.701085
v 4.627063 1.957062 0.698816
v 4.625577 1.944622 0.695152
v 4.619644 1.959858 0.709185
v 4.633677 1.690846 0.715119
v 4.625286 1.712393 0.734965
v 4.613831 1.712393 0.706728
v 4.627744 1.697157 0.729152
v 4.617374 1.699953 0.721732
v 4.613710 1.712393 0.723219
v 4.619644 1.697157 0.709185
v 4.633677 1.966169 0.715119
v 4.613831 1.944622 0.706728
v 4.625286 1.944622 0.734965
v 4.619644 1.959858 0.709185
v 4.617374 1.957062 0.721732
v 4.613710 1.944622 0.723219
v 4.627744 1.959858 0.729152
v 4.836675 1.708802 0.794446
v 4.843667 1.726757 0.777908
v 4.853213 1.726757 0.801439
v 4.841619 1.714061 0.782752
v 4.850260 1.716391 0.788935
v 4.853313 1.726757 0.787696
v 4.848369 1.714061 0.799391
v 4.843667 1.930258 0.777908
v 4.836675 1.948213 0.794446
v 4.853213 1.930258 0.801439
v 4.841619 1.942954 0.782752
v 4.850260 1.940624 0.788935
v 4.848369 1.942954 0.799391
v 4.853313 1.930257 0.787696
v 4.822690 1.708802 0.827523
v 4.839228 1.726757 0.834516
v 4.815698 1.726757 0.844062
v 4.834384 1.714061 0.832467
v 4.828201 1.716391 0.841109
v 4.829440 1.726757 0.844162
v 4.817745 1.714061 0.839218
v 4.822690 1.948213 0.827523
v 4.815698 1.930258 0.844062
v 4.839228 1.930258 0.834516
v 4.817745 1.942954 0.839218
v 4.828201 1.940624 0.841109
v 4.829440 1.930257 0.844162
v 4.834384 1.942954 0.832467
v 4.649239 1.708802 0.715200
v 4.632700 1.726757 0.708207
v 4.656231 1.726757 0.698661
v 4.637544 1.714061 0.710255
v 4.643727 1.716391 0.701614
v 4.642488 1.726757 0.698561
v 4.654183 1.714061 0.703505
v 4.649239 1.948213 0.715200
v 4.656231 1.930258 0.698661
v 4.632700 1.930258 0.708207
v 4.654183 1.942954 0.703505
v 4.643727 1.940624 0.701614
v 4.642488 1.930257 0.698561
v 4.637544 1.942954 0.710255
v 4.635254 1.708802 0.748277
v 4.628262 1.726757 0.764815
v 4.618715 1.726757 0.741284
v 4.630310 1.714061 0.759971
v 4.621668 1.716391 0.753788
v 4.618615 1.726757 0.755027
v 4.623559 1.714061 0.743332
v 4.635254 1.948213 0.748277
v 4.618715 1.930258 0.741284
v 4.628262 1.930258 0.764815
v 4.623559 1.942954 0.743332
v 4.621668 1.940624 0.753788
v 4.618615 1.930257 0.755027
v 4.630310 1.942954 0.759971
v 4.823148 1.850055 0.792626
v 4.826877 1.859631 0.783806
v 4.831968 1.859631 0.796356
v 4.825785 1.852860 0.786389
v 4.830393 1.854102 0.789687
v 4.832022 1.859631 0.789026
v 4.829385 1.852860 0.795263
v 4.826877 1.917090 0.783806
v 4.823148 1.926666 0.792626
v 4.831968 1.917090 0.796356
v 4.825785 1.923862 0.786389
v 4.830393 1.922619 0.789687
v 4.829385 1.923862 0.795263
v 4.832022 1.917090 0.789026
v 4.797976 1.850055 0.852165
v 4.806796 1.859631 0.855894
v 4.794246 1.859631 0.860985
v 4.804213 1.852860 0.854802
v 4.800915 1.854102 0.859410
v 4.801576 1.859631 0.861039
v 4.795338 1.852860 0.858402
v 4.797976 1.926666 0.852165
v 4.794246 1.917090 0.860985
v 4.806796 1.917090 0.855894
v 4.795338 1.923862 0.858402
v 4.800915 1.922619 0.859410
v 4.801576 1.917090 0.861039
v 4.804213 1.923862 0.854802
v 4.770225 1.850055 0.770251
v 4.761404 1.859631 0.766522
v 4.773954 1.859631 0.761430
v 4.763988 1.852860 0.767614
v 4.767285 1.854102 0.763005
v 4.766624 1.859631 0.761377
v 4.772861 1.852860 0.764014
v 4.770225 1.926666 0.770251
v 4.773954 1.917090 0.761430
v 4.761404 1.917090 0.766522
v 4.772861 1.923862 0.764014
v 4.767285 1.922619 0.763005
v 4.766624 1.917090 0.761377
v 4.763988 1.923862 0.767614
v 4.745052 1.850055 0.829789
v 4.741323 1.859631 0.838610
v 4.736232 1.859631 0.826060
v 4.742415 1.852860 0.836026
v 4.737807 1.854102 0.832729
v 4.736178 1.859631 0.833389
v 4.738815 1.852860 0.827152
v 4.745052 1.926666 0.829789
v 4.736232 1.917090 0.826060
v 4.741323 1.917090 0.838610
v 4.738815 1.923862 0.827152
v 4.737806 1.922619 0.832729
v 4.736178 1.917090 0.833389
v 4.742415 1.923862 0.836026
v 4.707845 1.759078 0.742577
v 4.710176 1.765063 0.737064
v 4.713357 1.765063 0.744908
v 4.710176 1.786610 0.737064
v 4.707845 1.792596 0.742577
v 4.713357 1.786610 0.744908
v 4.678943 1.759078 0.810936
v 4.684456 1.765063 0.813267
v 4.676612 1.765063 0.816449
v 4.678943 1.792596 0.810936
v 4.676612 1.786610 0.816449
v 4.684456 1.786610 0.813267
v 4.687999 1.759078 0.734186
v 4.682486 1.765063 0.731856
v 4.690330 1.765063 0.728674
v 4.687999 1.792596 0.734186
v 4.690330 1.786610 0.728674
v 4.682486 1.786610 0.731856
v 4.659097 1.759078 0.802545
v 4.656766 1.765063 0.808058
v 4.653584 1.765063 0.800215
v 4.659097 1.792596 0.802545
v 4.653584 1.786610 0.800215
v 4.656766 1.786610 0.808058
v 5.195413 1.469390 0.868139
v 5.207067 1.499316 0.840575
v 5.222977 1.499316 0.879793
v 5.201232 1.473388 0.854376
v 5.209177 1.473388 0.873959
v 5.214168 1.477272 0.860531
v 5.219274 1.499316 0.850077
v 5.205510 1.484373 0.844258
v 5.217179 1.485005 0.853408
v 5.219295 1.484373 0.878237
v 5.225114 1.499316 0.864473
v 5.221291 1.485005 0.863543
v 5.207067 1.678875 0.840575
v 5.195413 1.708802 0.868139
v 5.222977 1.678875 0.879793
v 5.205510 1.693819 0.844258
v 5.219274 1.678875 0.850077
v 5.217179 1.693186 0.853408
v 5.209177 1.704804 0.873959
v 5.201232 1.704804 0.854376
v 5.214168 1.700920 0.860531
v 5.225114 1.678875 0.864473
v 5.219295 1.693819 0.878237
v 5.221291 1.693186 0.863543
v 5.050904 1.469390 1.209935
v 5.078469 1.499316 1.221588
v 5.039250 1.499316 1.237499
v 5.064669 1.473388 1.215754
v 5.045085 1.473388 1.223698
v 5.058513 1.477272 1.228689
v 5.068967 1.499316 1.233795
v 5.074786 1.484373 1.220031
v 5.065636 1.485005 1.231701
v 5.040808 1.484373 1.233816
v 5.054572 1.499316 1.239635
v 5.055501 1.485005 1.235812
v 5.050904 1.708802 1.209935
v 5.039250 1.678875 1.237499
v 5.078469 1.678875 1.221588
v 5.045085 1.704804 1.223698
v 5.064669 1.704804 1.215754
v 5.058513 1.700920 1.228689
v 5.054572 1.678875 1.239635
v 5.040808 1.693819 1.233816
v 5.055501 1.693186 1.235812
v 5.074786 1.693819 1.220031
v 5.068967 1.678875 1.233795
v 5.065636 1.693186 1.231701
v 4.919772 1.469390 0.751600
v 4.892208 1.499316 0.739946
v 4.931426 1.499316 0.724036
v 4.906008 1.473388 0.745781
v 4.925591 1.473388 0.737836
v 4.912164 1.477272 0.732846
v 4.901710 1.499316 0.727739
v 4.895890 1.484373 0.741503
v 4.905040 1.485005 0.729834
v 4.929869 1.484373 0.727719
v 4.916105 1.499316 0.721899
v 4.915175 1.485005 0.725723
v 4.919772 1.708802 0.751600
v 4.931426 1.678875 0.724036
v 4.892208 1.678875 0.739946
v 4.925591 1.704804 0.737836
v 4.906008 1.704804 0.745781
v 4.912164 1.700920 0.732846
v 4.916105 1.678875 0.721899
v 4.929869 1.693819 0.727719
v 4.915175 1.693186 0.725723
v 4.895890 1.693819 0.741503
v 4.901710 1.678875 0.727739
v 4.905040 1.693186 0.729834
v 4.775263 1.469390 1.093395
v 4.763609 1.499316 1.120959
v 4.747699 1.499316 1.081741
v 4.769444 1.473388 1.107159
v 4.761499 1.473388 1.087576
v 4.756509 1.477272 1.101004
v 4.751402 1.499316 1.111458
v 4.765166 1.484373 1.117277
v 4.753497 1.485005 1.108127
v 4.751382 1.484373 1.083298
v 4.745563 1.499316 1.097062
v 4.749386 1.485005 1.097992
v 4.775263 1.708802 1.093395
v 4.747699 1.678875 1.081741
v 4.763609 1.678875 1.120959
v 4.761499 1.704804 1.087576
v 4.769444 1.704804 1.107159
v 4.756509 1.700920 1.101004
v 4.745563 1.678875 1.097062
v 4.751382 1.693819 1.083298
v 4.749386 1.693186 1.097992
v 4.765166 1.693819 1.117277
v 4.751402 1.678875 1.111458
v 4.753497 1.693186 1.108127
v 4.997256 1.493331 1.167757
v 5.006579 1.517272 1.145706
v 5.019307 1.517272 1.177080
v 5.003849 1.500343 1.152164
v 5.015370 1.503450 1.160409
v 5.019441 1.517272 1.158757
v 5.012848 1.500343 1.174350
v 5.006579 1.613037 1.145706
v 4.997256 1.636978 1.167757
v 5.019307 1.613037 1.177080
v 5.003849 1.629966 1.152164
v 5.015370 1.626859 1.160409
v 5.012848 1.629966 1.174350
v 5.019441 1.613037 1.158757
v 4.941317 1.493331 1.300065
v 4.963368 1.517272 1.309388
v 4.931994 1.517272 1.322116
v 4.956910 1.500343 1.306658
v 4.948666 1.503450 1.318179
v 4.950317 1.517272 1.322250
v 4.934725 1.500343 1.315658
v 4.941317 1.636978 1.300065
v 4.931994 1.613037 1.322116
v 4.963368 1.613037 1.309388
v 4.934725 1.629966 1.315658
v 4.948666 1.626859 1.318179
v 4.950317 1.613037 1.322250
v 4.956910 1.629966 1.306658
v 4.842897 1.493331 1.102495
v 4.820846 1.517272 1.093172
v 4.852220 1.517272 1.080444
v 4.827304 1.500343 1.095903
v 4.835548 1.503450 1.084381
v 4.833897 1.517272 1.080310
v 4.849489 1.500343 1.086903
v 4.842897 1.636978 1.102495
v 4.852220 1.613037 1.080444
v 4.820846 1.613037 1.093172
v 4.849489 1.629966 1.086903
v 4.835548 1.626859 1.084381
v 4.833897 1.613037 1.080310
v 4.827304 1.629966 1.095903
v 4.786958 1.493331 1.234803
v 4.777635 1.517272 1.256854
v 4.764907 1.517272 1.225480
v 4.780365 1.500343 1.250396
v 4.768844 1.503450 1.242152
v 4.764773 1.517272 1.243803
v 4.771366 1.500343 1.228211
v 4.786958 1.636978 1.234803
v 4.764907 1.613037 1.225480
v 4.777635 1.613037 1.256854
v 4.771366 1.629966 1.228211
v 4.768844 1.626859 1.242152
v 4.764773 1.613037 1.243803
v 4.780365 1.629966 1.250396
v 5.527945 2.351622 0.404394
v 5.537268 2.375563 0.382342
v 5.549996 2.375563 0.413717
v 5.532601 2.354820 0.393382
v 5.538957 2.354820 0.409049
v 5.542949 2.357927 0.398307
v 5.547034 2.375563 0.389944
v 5.536023 2.363608 0.385288
v 5.545358 2.364114 0.392608
v 5.547050 2.363608 0.412471
v 5.551706 2.375563 0.401460
v 5.548647 2.364114 0.400716
v 5.537268 2.591034 0.382342
v 5.527945 2.614975 0.404394
v 5.549996 2.591034 0.413717
v 5.536023 2.602989 0.385288
v 5.547034 2.591034 0.389944
v 5.545358 2.602483 0.392608
v 5.538957 2.611776 0.409049
v 5.532601 2.611776 0.393382
v 5.542949 2.608670 0.398307
v 5.551706 2.591034 0.401460
v 5.547050 2.602989 0.412471
v 5.548647 2.602483 0.400716
v 5.490653 2.351622 0.492599
v 5.512704 2.375563 0.501922
v 5.481329 2.375563 0.514650
v 5.501664 2.354820 0.497254
v 5.485997 2.354820 0.503610
v 5.496739 2.357927 0.507602
v 5.505103 2.375563 0.511687
v 5.509758 2.363608 0.500676
v 5.502438 2.364114 0.510012
v 5.482575 2.363608 0.511704
v 5.493587 2.375563 0.516359
v 5.494330 2.364114 0.513301
v 5.490653 2.614975 0.492599
v 5.481329 2.591034 0.514650
v 5.512704 2.591034 0.501922
v 5.485997 2.611776 0.503610
v 5.501664 2.611776 0.497254
v 5.496739 2.608670 0.507602
v 5.493587 2.591034 0.516359
v 5.482575 2.602989 0.511704
v 5.494330 2.602483 0.513301
v 5.509758 2.602989 0.500676
v 5.505103 2.591034 0.511687
v 5.502438 2.602483 0.510012
v 5.461792 2.351622 0.376424
v 5.439740 2.375563 0.367101
v 5.471115 2.375563 0.354373
v 5.450780 2.354820 0.371769
v 5.466447 2.354820 0.365413
v 5.455705 2.357927 0.361421
v 5.447341 2.375563 0.357335
v 5.442686 2.363608 0.368347
v 5.450006 2.364114 0.359011
v 5.469869 2.363608 0.357319
v 5.458858 2.375563 0.352663
v 5.458114 2.364114 0.355722
v 5.461792 2.614975 0.376424
v 5.471115 2.591034 0.354373
v 5.439740 2.591034 0.367101
v 5.466447 2.611776 0.365413
v 5.450780 2.611776 0.371769
v 5.455705 2.608670 0.361421
v 5.458858 2.591034 0.352663
v 5.469869 2.602989 0.357319
v 5.458114 2.602483 0.355722
v 5.442686 2.602989 0.368347
v 5.447341 2.591034 0.357335
v 5.450006 2.602483 0.359011
v 5.424499 2.351622 0.464629
v 5.415176 2.375563 0.486681
v 5.402448 2.375563 0.455306
v 5.419844 2.354820 0.475640
v 5.413488 2.354820 0.459974
v 5.409495 2.357927 0.470716
v 5.405410 2.375563 0.479079
v 5.416421 2.363608 0.483735
v 5.407086 2.364114 0.476415
v 5.405394 2.363608 0.456552
v 5.400738 2.375563 0.467563
v 5.403797 2.364114 0.468307
v 5.424499 2.614975 0.464629
v 5.402448 2.591034 0.455306
v 5.415176 2.591034 0.486681
v 5.413488 2.611776 0.459974
v 5.419843 2.611776 0.475640
v 5.409495 2.608670 0.470716
v 5.400738 2.591034 0.467563
v 5.405394 2.602989 0.456552
v 5.403797 2.602483 0.468307
v 5.416421 2.602989 0.483735
v 5.405410 2.591034 0.479079
v 5.407086 2.602483 0.476415
v 5.395638 2.333666 0.348455
v 5.404961 2.357607 0.326403
v 5.417689 2.357607 0.357778
v 5.400293 2.336865 0.337444
v 5.406649 2.336865 0.353110
v 5.410641 2.339972 0.342368
v 5.414726 2.357607 0.334005
v 5.403715 2.345652 0.329349
v 5.413051 2.346158 0.336669
v 5.414743 2.345652 0.356532
v 5.419398 2.357607 0.345521
v 5.416340 2.346158 0.344777
v 5.404961 2.692784 0.326403
v 5.395638 2.716725 0.348455
v 5.417689 2.692784 0.357778
v 5.403715 2.704739 0.329349
v 5.414726 2.692784 0.334005
v 5.413051 2.704233 0.336669
v 5.406649 2.713526 0.353110
v 5.400293 2.713526 0.337444
v 5.410641 2.710420 0.342368
v 5.419398 2.692784 0.345521
v 5.414743 2.704739 0.356532
v 5.416340 2.704233 0.344777
v 5.358345 2.333666 0.436660
v 5.380396 2.357607 0.445983
v 5.349022 2.357607 0.458711
v 5.369356 2.336865 0.441315
v 5.353690 2.336865 0.447671
v 5.364432 2.339972 0.451663
v 5.372795 2.357607 0.455749
v 5.377450 2.345652 0.444737
v 5.370130 2.346158 0.454073
v 5.350267 2.345652 0.455765
v 5.361279 2.357607 0.460421
v 5.362022 2.346158 0.457362
v 5.358345 2.716725 0.436660
v 5.349022 2.692784 0.458711
v 5.380396 2.692784 0.445983
v 5.353690 2.713526 0.447671
v 5.369356 2.713526 0.441315
v 5.364432 2.710420 0.451663
v 5.361279 2.692784 0.460421
v 5.350267 2.704739 0.455765
v 5.362022 2.704233 0.457362
v 5.377450 2.704739 0.444737
v 5.372795 2.692784 0.455749
v 5.370130 2.704233 0.454073
v 5.329484 2.333666 0.320485
v 5.307432 2.357607 0.311162
v 5.338807 2.357607 0.298434
v 5.318472 2.336865 0.315830
v 5.334139 2.336865 0.309474
v 5.323397 2.339972 0.305482
v 5.315034 2.357607 0.301397
v 5.310379 2.345652 0.312408
v 5.317698 2.346158 0.303072
v 5.337561 2.345652 0.301380
v 5.326550 2.357607 0.296725
v 5.325806 2.346158 0.299783
v 5.329484 2.716725 0.320485
v 5.338807 2.692784 0.298434
v 5.307432 2.692784 0.311162
v 5.334139 2.713526 0.309474
v 5.318472 2.713526 0.315830
v 5.323397 2.710420 0.305482
v 5.326550 2.692784 0.296725
v 5.337561 2.704739 0.301380
v 5.325806 2.704233 0.299783
v 5.310379 2.704739 0.312408
v 5.315034 2.692784 0.301397
v 5.317698 2.704233 0.303072
v 5.292191 2.333666 0.408690
v 5.282868 2.357607 0.430742
v 5.270140 2.357607 0.399367
v 5.287536 2.336865 0.419702
v 5.281180 2.336865 0.404035
v 5.277187 2.339972 0.414777
v 5.273102 2.357607 0.423140
v 5.284113 2.345652 0.427796
v 5.274778 2.346158 0.420476
v 5.273086 2.345652 0.400613
v 5.268430 2.357607 0.411624
v 5.271489 2.346158 0.412368
v 5.292191 2.716725 0.408690
v 5.270140 2.692784 0.399367
v 5.282868 2.692784 0.430742
v 5.281180 2.713526 0.404035
v 5.287536 2.713526 0.419702
v 5.277187 2.710420 0.414777
v 5.268430 2.692784 0.411624
v 5.273086 2.704739 0.400613
v 5.271489 2.704233 0.412368
v 5.284113 2.704739 0.427796
v 5.273102 2.692784 0.423140
v 5.274778 2.704233 0.420476
v 5.219227 2.326484 0.273870
v 5.228550 2.350425 0.251818
v 5.241279 2.350425 0.283193
v 5.223883 2.329682 0.262858
v 5.230238 2.329682 0.278525
v 5.234231 2.332789 0.267783
v 5.238316 2.350425 0.259420
v 5.227305 2.338470 0.254764
v 5.236640 2.338976 0.262084
v 5.238333 2.338470 0.281947
v 5.242988 2.350425 0.270936
v 5.239929 2.338976 0.270192
v 5.228550 2.733484 0.251818
v 5.219227 2.757425 0.273870
v 5.241279 2.733484 0.283193
v 5.227305 2.745439 0.254764
v 5.238316 2.733484 0.259420
v 5.236640 2.744933 0.262084
v 5.230238 2.754227 0.278525
v 5.223883 2.754227 0.262858
v 5.234231 2.751120 0.267783
v 5.242988 2.733484 0.270936
v 5.238333 2.745439 0.281947
v 5.239929 2.744933 0.270192
v 5.181935 2.326484 0.362075
v 5.203986 2.350425 0.371398
v 5.172612 2.350425 0.384126
v 5.192946 2.329682 0.366730
v 5.177279 2.329682 0.373086
v 5.188022 2.332789 0.377078
v 5.196384 2.350425 0.381164
v 5.201040 2.338470 0.370152
v 5.193720 2.338976 0.379488
v 5.173857 2.338470 0.381180
v 5.184868 2.350425 0.385836
v 5.185612 2.338976 0.382777
v 5.181935 2.757425 0.362075
v 5.172612 2.733484 0.384126
v 5.203986 2.733484 0.371398
v 5.177279 2.754227 0.373086
v 5.192946 2.754227 0.366730
v 5.188022 2.751120 0.377078
v 5.184868 2.733484 0.385835
v 5.173857 2.745439 0.381180
v 5.185612 2.744933 0.382777
v 5.201040 2.745439 0.370152
v 5.196384 2.733484 0.381164
v 5.193720 2.744933 0.379488
v 5.153073 2.326484 0.245900
v 5.131022 2.350425 0.236577
v 5.162396 2.350425 0.223849
v 5.142062 2.329682 0.241245
v 5.157729 2.329682 0.234889
v 5.146986 2.332789 0.230897
v 5.138624 2.350425 0.226811
v 5.133968 2.338470 0.237823
v 5.141288 2.338976 0.228487
v 5.161151 2.338470 0.226795
v 5.150140 2.350425 0.222139
v 5.149396 2.338976 0.225198
v 5.153073 2.757425 0.245900
v 5.162396 2.733484 0.223849
v 5.131022 2.733484 0.236577
v 5.157729 2.754227 0.234889
v 5.142062 2.754227 0.241245
v 5.146986 2.751120 0.230897
v 5.150140 2.733484 0.222139
v 5.161151 2.745439 0.226795
v 5.149396 2.744933 0.225198
v 5.133968 2.745439 0.237823
v 5.138624 2.733484 0.226811
v 5.141288 2.744933 0.228487
v 5.115781 2.326484 0.334105
v 5.106458 2.350425 0.356157
v 5.093729 2.350425 0.324782
v 5.111125 2.329682 0.345116
v 5.104770 2.329682 0.329450
v 5.100777 2.332789 0.340192
v 5.096692 2.350425 0.348555
v 5.107703 2.338470 0.353211
v 5.098368 2.338976 0.345891
v 5.096675 2.338470 0.326028
v 5.092020 2.350425 0.337039
v 5.095079 2.338976 0.337783
v 5.115781 2.757425 0.334105
v 5.093729 2.733484 0.324782
v 5.106458 2.733484 0.356157
v 5.104770 2.754227 0.329450
v 5.111125 2.754227 0.345117
v 5.100777 2.751120 0.340192
v 5.092020 2.733484 0.337039
v 5.096675 2.745439 0.326028
v 5.095079 2.744933 0.337783
v 5.107703 2.745439 0.353211
v 5.096692 2.733484 0.348555
v 5.098368 2.744933 0.345891
v 5.086920 2.340849 0.217931
v 5.096243 2.364790 0.195880
v 5.108971 2.364790 0.227254
v 5.091575 2.344047 0.206920
v 5.097931 2.344047 0.222586
v 5.101923 2.347154 0.211844
v 5.106009 2.364790 0.203481
v 5.094997 2.352835 0.198826
v 5.104332 2.353341 0.206146
v 5.106025 2.352835 0.226008
v 5.110680 2.364790 0.214997
v 5.107622 2.353341 0.214253
v 5.096243 2.652084 0.195880
v 5.086920 2.676025 0.217931
v 5.108971 2.652084 0.227254
v 5.094997 2.664039 0.198826
v 5.106009 2.652085 0.203481
v 5.104332 2.663533 0.206146
v 5.097931 2.672827 0.222586
v 5.091575 2.672827 0.206920
v 5.101923 2.669720 0.211844
v 5.110680 2.652085 0.214997
v 5.106025 2.664039 0.226008
v 5.107622 2.663533 0.214253
v 5.049627 2.340849 0.306136
v 5.071678 2.364790 0.315459
v 5.040304 2.364790 0.328187
v 5.060638 2.344047 0.310791
v 5.044971 2.344047 0.317147
v 5.055714 2.347154 0.321140
v 5.064077 2.364790 0.325225
v 5.068732 2.352835 0.314214
v 5.061412 2.353341 0.323549
v 5.041549 2.352835 0.325241
v 5.052561 2.364790 0.329897
v 5.053305 2.353341 0.326838
v 5.049627 2.676025 0.306136
v 5.040304 2.652084 0.328187
v 5.071678 2.652084 0.315459
v 5.044971 2.672827 0.317147
v 5.060638 2.672827 0.310791
v 5.055714 2.669720 0.321140
v 5.052561 2.652085 0.329897
v 5.041550 2.664039 0.325241
v 5.053305 2.663533 0.326838
v 5.068732 2.664039 0.314214
v 5.064077 2.652085 0.325225
v 5.061412 2.663533 0.323549
v 5.020766 2.340849 0.189961
v 4.998714 2.364790 0.180638
v 5.030089 2.364790 0.167910
v 5.009755 2.344047 0.185306
v 5.025421 2.344047 0.178950
v 5.014679 2.347154 0.174958
v 5.006316 2.364790 0.170873
v 5.001660 2.352835 0.181884
v 5.008980 2.353341 0.172549
v 5.028843 2.352835 0.170856
v 5.017832 2.364790 0.166201
v 5.017088 2.353341 0.169259
v 5.020766 2.676025 0.189961
v 5.030089 2.652084 0.167910
v 4.998714 2.652084 0.180638
v 5.025421 2.672827 0.178950
v 5.009755 2.672827 0.185306
v 5.014679 2.669720 0.174958
v 5.017832 2.652085 0.166201
v 5.028843 2.664039 0.170856
v 5.017088 2.663533 0.169259
v 5.001660 2.664039 0.181884
v 5.006316 2.652085 0.170873
v 5.008980 2.663533 0.172549
v 4.983473 2.340849 0.278167
v 4.974150 2.364790 0.300218
v 4.961422 2.364790 0.268843
v 4.978818 2.344047 0.289178
v 4.972462 2.344047 0.273511
v 4.968470 2.347154 0.284253
v 4.964385 2.364790 0.292616
v 4.975396 2.352835 0.297272
v 4.966060 2.353341 0.289952
v 4.964368 2.352835 0.270089
v 4.959713 2.364790 0.281100
v 4.962771 2.353341 0.281844
v 4.983473 2.676025 0.278167
v 4.961422 2.652084 0.268843
v 4.974150 2.652084 0.300218
v 4.972462 2.672827 0.273511
v 4.978817 2.672827 0.289178
v 4.968470 2.669720 0.284253
v 4.959713 2.652085 0.281100
v 4.964368 2.664039 0.270089
v 4.962771 2.663533 0.281844
v 4.975396 2.664039 0.297272
v 4.964385 2.652085 0.292616
v 4.966060 2.663533 0.289952
v 5.051046 1.134213 0.917572
v 5.060369 1.158154 0.895521
v 5.073098 1.158154 0.926896
v 5.057639 1.141225 0.901980
v 5.069160 1.144332 0.910224
v 5.073231 1.158154 0.908572
v 5.066639 1.141225 0.924165
v 5.060369 1.349684 0.895521
v 5.051046 1.373625 0.917572
v 5.073098 1.349684 0.926896
v 5.057639 1.366613 0.901980
v 5.069160 1.363506 0.910224
v 5.066639 1.366613 0.924165
v 5.073231 1.349684 0.908572
v 5.013754 1.134213 1.005778
v 5.035805 1.158154 1.015101
v 5.004431 1.158154 1.027829
v 5.029346 1.141225 1.012370
v 5.021102 1.144332 1.023892
v 5.022754 1.158154 1.027963
v 5.007161 1.141225 1.021370
v 5.013754 1.373625 1.005778
v 5.004431 1.349684 1.027829
v 5.035805 1.349684 1.015101
v 5.007161 1.366613 1.021370
v 5.021102 1.363506 1.023892
v 5.022754 1.349684 1.027963
v 5.029346 1.366613 1.012370
v 4.984892 1.134213 0.889603
v 4.962841 1.158154 0.880280
v 4.994215 1.158154 0.867552
v 4.969300 1.141225 0.883011
v 4.977544 1.144332 0.871489
v 4.975892 1.158154 0.867418
v 4.991485 1.141225 0.874011
v 4.984892 1.373625 0.889603
v 4.994215 1.349684 0.867552
v 4.962841 1.349684 0.880280
v 4.991485 1.366613 0.874011
v 4.977544 1.363506 0.871489
v 4.975892 1.349684 0.867418
v 4.969300 1.366613 0.883011
v 4.947600 1.134213 0.977808
v 4.938277 1.158154 0.999860
v 4.925549 1.158154 0.968485
v 4.941008 1.141225 0.993401
v 4.929486 1.144332 0.985157
v 4.925415 1.158154 0.986808
v 4.932007 1.141225 0.971216
v 4.947600 1.373625 0.977808
v 4.925549 1.349684 0.968485
v 4.938277 1.349684 0.999860
v 4.932007 1.366613 0.971216
v 4.929486 1.363506 0.985157
v 4.925415 1.349684 0.986808
v 4.941008 1.366613 0.993401
v 5.599713 0.942684 -0.026640
v 5.613698 0.978596 -0.059717
v 5.632790 0.978596 -0.012655
v 5.606696 0.947481 -0.043157
v 5.616230 0.947481 -0.019657
v 5.622218 0.952142 -0.035770
v 5.628346 0.978596 -0.048315
v 5.611829 0.960663 -0.055298
v 5.625832 0.961422 -0.044318
v 5.628371 0.960663 -0.014524
v 5.635354 0.978596 -0.031040
v 5.630766 0.961422 -0.032156
v 5.613698 1.289831 -0.059717
v 5.599713 1.325743 -0.026640
v 5.632790 1.289831 -0.012655
v 5.611829 1.307763 -0.055298
v 5.628346 1.289831 -0.048315
v 5.625832 1.307004 -0.044318
v 5.616230 1.320945 -0.019657
v 5.606696 1.320945 -0.043157
v 5.622218 1.316285 -0.035770
v 5.635354 1.289831 -0.031040
v 5.628371 1.307763 -0.014524
v 5.630766 1.307004 -0.032156
v 5.464528 0.942684 0.293104
v 5.497604 0.978596 0.307088
v 5.450543 0.978596 0.326180
v 5.481044 0.947481 0.300087
v 5.457544 0.947481 0.309620
v 5.473658 0.952142 0.315609
v 5.486202 0.978596 0.321737
v 5.493186 0.960663 0.305220
v 5.482205 0.961422 0.319223
v 5.452411 0.960663 0.321761
v 5.468928 0.978596 0.328745
v 5.470044 0.961422 0.324157
v 5.464528 1.325743 0.293104
v 5.450543 1.289831 0.326180
v 5.497604 1.289831 0.307088
v 5.457544 1.320945 0.309620
v 5.481044 1.320945 0.300087
v 5.473658 1.316285 0.315609
v 5.468928 1.289831 0.328745
v 5.452411 1.307763 0.321761
v 5.470044 1.307004 0.324157
v 5.493186 1.307763 0.305220
v 5.486202 1.289831 0.321737
v 5.482205 1.307004 0.319223
v 5.279969 0.942684 -0.161826
v 5.246892 0.978596 -0.175810
v 5.293954 0.978596 -0.194902
v 5.263453 0.947481 -0.168809
v 5.286952 0.947481 -0.178342
v 5.270839 0.952142 -0.184331
v 5.258295 0.978596 -0.190459
v 5.251311 0.960663 -0.173942
v 5.262291 0.961422 -0.187945
v 5.292086 0.960663 -0.190484
v 5.275569 0.978596 -0.197467
v 5.274453 0.961422 -0.192879
v 5.279969 1.325743 -0.161826
v 5.293954 1.289831 -0.194902
v 5.246892 1.289831 -0.175810
v 5.286952 1.320945 -0.178342
v 5.263453 1.320945 -0.168809
v 5.270839 1.316285 -0.184331
v 5.275569 1.289831 -0.197467
v 5.292086 1.307763 -0.190484
v 5.274453 1.307004 -0.192879
v 5.251311 1.307763 -0.173942
v 5.258295 1.289831 -0.190459
v 5.262291 1.307004 -0.187945
v 5.144784 0.942684 0.157918
v 5.130799 0.978596 0.190995
v 5.111707 0.978596 0.143933
v 5.137801 0.947481 0.174435
v 5.128267 0.947481 0.150935
v 5.122278 0.952142 0.167048
v 5.116151 0.978596 0.179593
v 5.132668 0.960663 0.186576
v 5.118665 0.961422 0.175596
v 5.116126 0.960663 0.145802
v 5.109143 0.978596 0.162318
v 5.113730 0.961422 0.163434
v 5.144784 1.325743 0.157918
v 5.111707 1.289831 0.143933
v 5.130799 1.289831 0.190995
v 5.128267 1.320945 0.150935
v 5.137801 1.320945 0.174435
v 5.122278 1.316285 0.167048
v 5.109143 1.289831 0.162318
v 5.116126 1.307763 0.145802
v 5.113730 1.307004 0.163434
v 5.132668 1.307763 0.186576
v 5.116151 1.289831 0.179593
v 5.118665 1.307004 0.175596
v 6.228336 0.445904 -0.852570
v 6.246982 0.493787 -0.896673
v 6.272439 0.493787 -0.833924
v 6.235472 0.449549 -0.869448
v 6.241521 0.459929 -0.883756
v 6.245213 0.449549 -0.845435
v 6.252951 0.453948 -0.862556
v 6.256995 0.462364 -0.874570
v 6.264564 0.466142 -0.867268
v 6.262440 0.493787 -0.886180
v 6.272706 0.493787 -0.870571
v 6.245563 0.475463 -0.893316
v 6.261150 0.475004 -0.881950
v 6.269515 0.475957 -0.869276
v 6.269081 0.475463 -0.835343
v 6.259521 0.459929 -0.839386
v 6.276217 0.493787 -0.852221
v 6.272344 0.475004 -0.854357
v 6.264222 0.462364 -0.856756
v 6.246982 1.295816 -0.896673
v 6.228336 1.343699 -0.852570
v 6.272439 1.295816 -0.833924
v 6.245563 1.314140 -0.893316
v 6.241521 1.329674 -0.883756
v 6.262440 1.295816 -0.886180
v 6.261150 1.314599 -0.881950
v 6.256995 1.327239 -0.874570
v 6.264564 1.323461 -0.867268
v 6.245213 1.340054 -0.845435
v 6.259521 1.329674 -0.839386
v 6.235472 1.340054 -0.869448
v 6.252951 1.335655 -0.862556
v 6.264222 1.327239 -0.856756
v 6.276217 1.295816 -0.852221
v 6.272706 1.295816 -0.870571
v 6.269081 1.314140 -0.835343
v 6.272344 1.314599 -0.854357
v 6.269515 1.313646 -0.869276
v 5.776164 0.445904 0.216917
v 5.820266 0.493787 0.235563
v 5.757518 0.493787 0.261019
v 5.793041 0.449549 0.224053
v 5.807349 0.459929 0.230102
v 5.769028 0.449549 0.233794
v 5.786150 0.453948 0.241532
v 5.798163 0.462364 0.245576
v 5.790861 0.466142 0.253145
v 5.809774 0.493787 0.251021
v 5.794164 0.493787 0.261287
v 5.816909 0.475463 0.234144
v 5.805543 0.475004 0.249731
v 5.792870 0.475957 0.258096
v 5.758937 0.475463 0.257662
v 5.762979 0.459929 0.248102
v 5.775814 0.493787 0.264798
v 5.777950 0.475004 0.260925
v 5.780350 0.462364 0.252803
v 5.776164 1.343699 0.216917
v 5.757518 1.295816 0.261019
v 5.820266 1.295816 0.235563
v 5.769028 1.340054 0.233794
v 5.762979 1.329674 0.248102
v 5.793041 1.340054 0.224053
v 5.786150 1.335655 0.241532
v 5.780350 1.327239 0.252803
v 5.790861 1.323461 0.253145
v 5.775814 1.295816 0.264798
v 5.794164 1.295816 0.261287
v 5.758937 1.314140 0.257662
v 5.777950 1.314599 0.260925
v 5.792870 1.313646 0.258096
v 5.816909 1.314140 0.234144
v 5.807349 1.329674 0.230102
v 5.809774 1.295816 0.251021
v 5.805543 1.314599 0.249731
v 5.798163 1.327239 0.245576
v 5.434490 0.445904 -1.188203
v 5.390387 0.493787 -1.206849
v 5.453136 0.493787 -1.232306
v 5.417612 0.449549 -1.195339
v 5.403305 0.459929 -1.201388
v 5.441625 0.449549 -1.205081
v 5.424504 0.453948 -1.212818
v 5.412490 0.462364 -1.216862
v 5.419792 0.466142 -1.224431
v 5.400880 0.493787 -1.222308
v 5.416489 0.493787 -1.232574
v 5.393744 0.475463 -1.205430
v 5.405110 0.475004 -1.221017
v 5.417784 0.475957 -1.229383
v 5.451716 0.475463 -1.228949
v 5.447674 0.459929 -1.219389
v 5.434839 0.493787 -1.236084
v 5.432703 0.475004 -1.232212
v 5.430304 0.462364 -1.224089
v 5.434490 1.343699 -1.188203
v 5.453136 1.295816 -1.232306
v 5.390387 1.295816 -1.206849
v 5.441625 1.340054 -1.205081
v 5.447674 1.329674 -1.219389
v 5.417612 1.340054 -1.195339
v 5.424504 1.335655 -1.212818
v 5.430304 1.327239 -1.224089
v 5.419792 1.323461 -1.224431
v 5.434839 1.295816 -1.236084
v 5.416489 1.295816 -1.232574
v 5.451716 1.314140 -1.228949
v 5.432703 1.314599 -1.232212
v 5.417784 1.313646 -1.229383
v 5.393744 1.314140 -1.205430
v 5.403305 1.329674 -1.201388
v 5.400880 1.295816 -1.222308
v 5.405110 1.314599 -1.221017
v 5.412490 1.327239 -1.216862
v 4.982317 0.445904 -0.118716
v 4.963671 0.493787 -0.074613
v 4.938215 0.493787 -0.137362
v 4.975182 0.449549 -0.101839
v 4.969132 0.459929 -0.087531
v 4.965440 0.449549 -0.125852
v 4.957703 0.453948 -0.108730
v 4.953659 0.462364 -0.096717
v 4.946090 0.466142 -0.104019
v 4.948214 0.493787 -0.085106
v 4.937947 0.493787 -0.100716
v 4.965091 0.475463 -0.077970
v 4.949503 0.475004 -0.089337
v 4.941138 0.475957 -0.102010
v 4.941572 0.475463 -0.135943
v 4.951132 0.459929 -0.131901
v 4.934436 0.493787 -0.119066
v 4.938309 0.475004 -0.116930
v 4.946432 0.462364 -0.114530
v 4.982317 1.343699 -0.118716
v 4.938215 1.295816 -0.137362
v 4.963671 1.295816 -0.074613
v 4.965440 1.340054 -0.125852
v 4.951132 1.329674 -0.131901
v 4.975182 1.340054 -0.101839
v 4.957703 1.335655 -0.108730
v 4.946432 1.327239 -0.114530
v 4.946090 1.323461 -0.104019
v 4.934436 1.295816 -0.119066
v 4.937947 1.295816 -0.100716
v 4.941572 1.314140 -0.135943
v 4.938309 1.314599 -0.116930
v 4.941138 1.313646 -0.102010
v 4.965091 1.314140 -0.077970
v 4.969132 1.329674 -0.087531
v 4.948214 1.295816 -0.085106
v 4.949503 1.314599 -0.089337
v 4.953659 1.327239 -0.096717
v 5.311388 0.475831 -1.049201
v 5.316981 0.490196 -1.062432
v 5.324618 0.490196 -1.043607
v 5.315343 0.480038 -1.058557
v 5.322256 0.481902 -1.053610
v 5.324698 0.490196 -1.054601
v 5.320743 0.480038 -1.045246
v 5.316981 0.581172 -1.062432
v 5.311388 0.595537 -1.049201
v 5.324618 0.581172 -1.043607
v 5.315343 0.591330 -1.058557
v 5.322256 0.589466 -1.053610
v 5.320743 0.591330 -1.045246
v 5.324698 0.581172 -1.054601
v 5.275960 0.475831 -0.965406
v 5.289190 0.490196 -0.959812
v 5.270366 0.490196 -0.952175
v 5.285316 0.480038 -0.961451
v 5.280369 0.481902 -0.954538
v 5.281360 0.490196 -0.952095
v 5.272004 0.480038 -0.956051
v 5.275960 0.595537 -0.965406
v 5.270366 0.581172 -0.952175
v 5.289190 0.581172 -0.959812
v 5.272004 0.591330 -0.956051
v 5.280369 0.589466 -0.954538
v 5.281360 0.581172 -0.952095
v 5.285316 0.591330 -0.961451
v 5.288234 0.475831 -1.058990
v 5.275003 0.490196 -1.064584
v 5.293828 0.490196 -1.072221
v 5.278878 0.480038 -1.062946
v 5.283824 0.481902 -1.069859
v 5.282834 0.490196 -1.072301
v 5.292189 0.480038 -1.068346
v 5.288234 0.595537 -1.058990
v 5.293828 0.581172 -1.072221
v 5.275003 0.581172 -1.064584
v 5.292189 0.591330 -1.068346
v 5.283824 0.589466 -1.069859
v 5.282834 0.581172 -1.072301
v 5.278878 0.591330 -1.062946
v 5.252806 0.475831 -0.975195
v 5.247212 0.490196 -0.961965
v 5.239575 0.490196 -0.980789
v 5.248850 0.480038 -0.965840
v 5.241938 0.481902 -0.970786
v 5.239495 0.490196 -0.969795
v 5.243450 0.480038 -0.979151
v 5.252806 0.595537 -0.975195
v 5.239575 0.581172 -0.980789
v 5.247212 0.581172 -0.961965
v 5.243450 0.591330 -0.979151
v 5.241938 0.589466 -0.970786
v 5.239495 0.581172 -0.969795
v 5.248850 0.591330 -0.965840
v 5.311388 0.834949 -1.049201
v 5.316981 0.849313 -1.062432
v 5.324618 0.849313 -1.043607
v 5.315343 0.839156 -1.058557
v 5.322256 0.841020 -1.053610
v 5.324698 0.849313 -1.054601
v 5.320743 0.839156 -1.045246
v 5.316981 0.940290 -1.062432
v 5.311388 0.954654 -1.049201
v 5.324618 0.940290 -1.043607
v 5.315343 0.950447 -1.058557
v 5.322256 0.948583 -1.053610
v 5.320743 0.950447 -1.045246
v 5.324698 0.940290 -1.054601
v 5.275960 0.834949 -0.965406
v 5.289190 0.849313 -0.959812
v 5.270366 0.849313 -0.952175
v 5.285316 0.839156 -0.961451
v 5.280369 0.841020 -0.954538
v 5.281360 0.849313 -0.952095
v 5.272004 0.839156 -0.956051
v 5.275960 0.954654 -0.965406
v 5.270366 0.940290 -0.952175
v 5.289190 0.940290 -0.959812
v 5.272004 0.950447 -0.956051
v 5.280369 0.948583 -0.954538
v 5.281360 0.940290 -0.952095
v 5.285316 0.950447 -0.961451
v 5.288234 0.834949 -1.058990
v 5.275003 0.849313 -1.064584
v 5.293828 0.849313 -1.072221
v 5.278878 0.839156 -1.062946
v 5.283824 0.841020 -1.069859
v 5.282834 0.849313 -1.072301
v 5.292189 0.839156 -1.068346
v 5.288234 0.954654 -1.058990
v 5.293828 0.940290 -1.072221
v 5.275003 0.940290 -1.064584
v 5.292189 0.950447 -1.068346
v 5.283824 0.948583 -1.069859
v 5.282834 0.940290 -1.072301
v 5.278878 0.950447 -1.062946
v 5.252806 0.834949 -0.975195
v 5.247212 0.849313 -0.961965
v 5.239575 0.849313 -0.980789
v 5.248850 0.839156 -0.965840
v 5.241938 0.841020 -0.970786
v 5.239495 0.849313 -0.969795
v 5.243450 0.839156 -0.979151
v 5.252806 0.954654 -0.975195
v 5.239575 0.940290 -0.980789
v 5.247212 0.940290 -0.961965
v 5.243450 0.950447 -0.979151
v 5.241938 0.948583 -0.970786
v 5.239495 0.940290 -0.969795
v 5.248850 0.950447 -0.965840
v 5.311388 1.194066 -1.049201
v 5.316981 1.208431 -1.062432
v 5.324618 1.208431 -1.043607
v 5.315343 1.198273 -1.058557
v 5.322256 1.200137 -1.053610
v 5.324698 1.208431 -1.054601
v 5.320743 1.198273 -1.045246
v 5.316981 1.299407 -1.062432
v 5.311388 1.313772 -1.049201
v 5.324618 1.299407 -1.043607
v 5.315343 1.309564 -1.058557
v 5.322256 1.307701 -1.053610
v 5.320743 1.309564 -1.045246
v 5.324698 1.299407 -1.054601
v 5.275960 1.194066 -0.965406
v 5.289190 1.208431 -0.959812
v 5.270366 1.208431 -0.952175
v 5.285316 1.198273 -0.961451
v 5.280369 1.200137 -0.954538
v 5.281360 1.208431 -0.952095
v 5.272004 1.198273 -0.956051
v 5.275960 1.313772 -0.965406
v 5.270366 1.299407 -0.952175
v 5.289190 1.299407 -0.959812
v 5.272004 1.309564 -0.956051
v 5.280369 1.307701 -0.954538
v 5.281360 1.299407 -0.952095
v 5.285316 1.309564 -0.961451
v 5.288234 1.194066 -1.058990
v 5.275003 1.208431 -1.064584
v 5.293828 1.208431 -1.072221
v 5.278878 1.198273 -1.062946
v 5.283824 1.200137 -1.069859
v 5.282834 1.208431 -1.072301
v 5.292189 1.198273 -1.068346
v 5.288234 1.313772 -1.058990
v 5.293828 1.299407 -1.072221
v 5.275003 1.299407 -1.064584
v 5.292189 1.309564 -1.068346
v 5.283824 1.307701 -1.069859
v 5.282834 1.299407 -1.072301
v 5.278878 1.309564 -1.062946
v 5.252806 1.194066 -0.975195
v 5.247212 1.208431 -0.961965
v 5.239575 1.208431 -0.980789
v 5.248850 1.198273 -0.965840
v 5.241938 1.200137 -0.970786
v 5.239495 1.208431 -0.969795
v 5.243450 1.198273 -0.979151
v 5.252806 1.313772 -0.975195
v 5.239575 1.299407 -0.980789
v 5.247212 1.299407 -0.961965
v 5.243450 1.309564 -0.979151
v 5.241938 1.307701 -0.970786
v 5.239495 1.299407 -0.969795
v 5.248850 1.309564 -0.965840
v 5.171541 0.475831 -0.718432
v 5.177135 0.490196 -0.731663
v 5.184772 0.490196 -0.712838
v 5.175496 0.480038 -0.727787
v 5.182409 0.481902 -0.722841
v 5.184852 0.490196 -0.723832
v 5.180896 0.480038 -0.714476
v 5.177135 0.581172 -0.731663
v 5.171541 0.595537 -0.718432
v 5.184772 0.581172 -0.712838
v 5.175496 0.591330 -0.727787
v 5.182409 0.589466 -0.722841
v 5.180896 0.591330 -0.714476
v 5.184852 0.581172 -0.723832
v 5.136113 0.475831 -0.634637
v 5.149343 0.490196 -0.629043
v 5.130519 0.490196 -0.621406
v 5.145468 0.480038 -0.630681
v 5.140522 0.481902 -0.623768
v 5.141513 0.490196 -0.621326
v 5.132157 0.480038 -0.625281
v 5.136113 0.595537 -0.634637
v 5.130519 0.581172 -0.621406
v 5.149343 0.581172 -0.629043
v 5.132157 0.591330 -0.625281
v 5.140522 0.589466 -0.623768
v 5.141513 0.581172 -0.621326
v 5.145468 0.591330 -0.630681
v 5.148387 0.475831 -0.728221
v 5.135156 0.490196 -0.733815
v 5.153981 0.490196 -0.741452
v 5.139031 0.480038 -0.732177
v 5.143978 0.481902 -0.739089
v 5.142987 0.490196 -0.741532
v 5.152342 0.480038 -0.737577
v 5.148387 0.595537 -0.728221
v 5.153981 0.581172 -0.741452
v 5.135156 0.581172 -0.733815
v 5.152342 0.591330 -0.737577
v 5.143978 0.589466 -0.739089
v 5.142987 0.581172 -0.741532
v 5.139031 0.591330 -0.732177
v 5.112959 0.475831 -0.644426
v 5.107365 0.490196 -0.631195
v 5.099728 0.490196 -0.650020
v 5.109004 0.480038 -0.635071
v 5.102090 0.481902 -0.640017
v 5.099648 0.490196 -0.639026
v 5.103603 0.480038 -0.648382
v 5.112959 0.595537 -0.644426
v 5.099728 0.581172 -0.650020
v 5.107365 0.581172 -0.631195
v 5.103603 0.591330 -0.648382
v 5.102090 0.589466 -0.640017
v 5.099648 0.581172 -0.639026
v 5.109004 0.591330 -0.635071
v 5.171541 0.834949 -0.718432
v 5.177135 0.849313 -0.731663
v 5.184772 0.849313 -0.712838
v 5.175496 0.839156 -0.727787
v 5.182409 0.841020 -0.722841
v 5.184852 0.849313 -0.723832
v 5.180896 0.839156 -0.714476
v 5.177135 0.940290 -0.731663
v 5.171541 0.954654 -0.718432
v 5.184772 0.940290 -0.712838
v 5.175496 0.950447 -0.727787
v 5.182409 0.948583 -0.722841
v 5.180896 0.950447 -0.714476
v 5.184852 0.940290 -0.723832
v 5.136113 0.834949 -0.634637
v 5.149343 0.849313 -0.629043
v 5.130519 0.849313 -0.621406
v 5.145468 0.839156 -0.630681
v 5.140522 0.841020 -0.623768
v 5.141513 0.849313 -0.621326
v 5.132157 0.839156 -0.625281
v 5.136113 0.954654 -0.634637
v 5.130519 0.940290 -0.621406
v 5.149343 0.940290 -0.629043
v 5.132157 0.950447 -0.625281
v 5.140522 0.948583 -0.623768
v 5.141513 0.940290 -0.621326
v 5.145468 0.950447 -0.630681
v 5.148387 0.834949 -0.728221
v 5.135156 0.849313 -0.733815
v 5.153981 0.849313 -0.741452
v 5.139031 0.839156 -0.732177
v 5.143978 0.841020 -0.739089
v 5.142987 0.849313 -0.741532
v 5.152342 0.839156 -0.737577
v 5.148387 0.954654 -0.728221
v 5.153981 0.940290 -0.741452
v 5.135156 0.940290 -0.733815
v 5.152342 0.950447 -0.737577
v 5.143978 0.948583 -0.739089
v 5.142987 0.940290 -0.741532
v 5.139031 0.950447 -0.732177
v 5.112959 0.834949 -0.644426
v 5.107365 0.849313 -0.631195
v 5.099728 0.849313 -0.650020
v 5.109004 0.839156 -0.635071
v 5.102090 0.841020 -0.640017
v 5.099648 0.849313 -0.639026
v 5.103603 0.839156 -0.648382
v 5.112959 0.954654 -0.644426
v 5.099728 0.940290 -0.650020
v 5.107365 0.940290 -0.631195
v 5.103603 0.950447 -0.648382
v 5.102090 0.948583 -0.640017
v 5.099648 0.940290 -0.639026
v 5.109004 0.950447 -0.635071
v 5.171541 1.194066 -0.718432
v 5.177135 1.208431 -0.731663
v 5.184772 1.208431 -0.712838
v 5.175496 1.198273 -0.727787
v 5.182409 1.200137 -0.722841
v 5.184852 1.208431 -0.723832
v 5.180896 1.198273 -0.714476
v 5.177135 1.299407 -0.731663
v 5.171541 1.313772 -0.718432
v 5.184772 1.299407 -0.712838
v 5.175496 1.309564 -0.727787
v 5.182409 1.307701 -0.722841
v 5.180896 1.309564 -0.714476
v 5.184852 1.299407 -0.723832
v 5.136113 1.194066 -0.634637
v 5.149343 1.208431 -0.629043
v 5.130519 1.208431 -0.621406
v 5.145468 1.198273 -0.630681
v 5.140522 1.200137 -0.623768
v 5.141513 1.208431 -0.621326
v 5.132157 1.198273 -0.625281
v 5.136113 1.313772 -0.634637
v 5.130519 1.299407 -0.621406
v 5.149343 1.299407 -0.629043
v 5.132157 1.309564 -0.625281
v 5.140522 1.307701 -0.623768
v 5.141513 1.299407 -0.621326
v 5.145468 1.309564 -0.630681
v 5.148387 1.194066 -0.728221
v 5.135156 1.208431 -0.733815
v 5.153981 1.208431 -0.741452
v 5.139031 1.198273 -0.732177
v 5.143978 1.200137 -0.739089
v 5.142987 1.208431 -0.741532
v 5.152342 1.198273 -0.737577
v 5.148387 1.313772 -0.728221
v 5.153981 1.299407 -0.741452
v 5.135156 1.299407 -0.733815
v 5.152342 1.309564 -0.737577
v 5.143978 1.307701 -0.739089
v 5.142987 1.299407 -0.741532
v 5.139031 1.309564 -0.732177
v 5.112959 1.194066 -0.644426
v 5.107365 1.208431 -0.631195
v 5.099728 1.208431 -0.650020
v 5.109004 1.198273 -0.635071
v 5.102090 1.200137 -0.640017
v 5.099648 1.208431 -0.639026
v 5.103603 1.198273 -0.648382
v 5.112959 1.313772 -0.644426
v 5.099728 1.299407 -0.650020
v 5.107365 1.299407 -0.631195
v 5.103603 1.309564 -0.648382
v 5.102090 1.307701 -0.640017
v 5.099648 1.299407 -0.639026
v 5.109004 1.309564 -0.635071
v 5.031693 0.475831 -0.387662
v 5.037288 0.490196 -0.400893
v 5.044924 0.490196 -0.382069
v 5.035649 0.480038 -0.397018
v 5.042562 0.481902 -0.392072
v 5.045005 0.490196 -0.393063
v 5.041049 0.480038 -0.383707
v 5.037288 0.581172 -0.400893
v 5.031693 0.595537 -0.387662
v 5.044924 0.581172 -0.382069
v 5.035649 0.591330 -0.397018
v 5.042562 0.589466 -0.392072
v 5.041049 0.591330 -0.383707
v 5.045005 0.581172 -0.393063
v 4.996266 0.475831 -0.303868
v 5.009497 0.490196 -0.298274
v 4.990672 0.490196 -0.290637
v 5.005621 0.480038 -0.299912
v 5.000675 0.481902 -0.292999
v 5.001666 0.490196 -0.290557
v 4.992310 0.480038 -0.294512
v 4.996266 0.595537 -0.303868
v 4.990672 0.581172 -0.290637
v 5.009497 0.581172 -0.298274
v 4.992310 0.591330 -0.294512
v 5.000675 0.589466 -0.292999
v 5.001666 0.581172 -0.290557
v 5.005621 0.591330 -0.299912
v 5.008540 0.475831 -0.397452
v 4.995309 0.490196 -0.403046
v 5.014133 0.490196 -0.410682
v 4.999184 0.480038 -0.401407
v 5.004130 0.481902 -0.408320
v 5.003139 0.490196 -0.410763
v 5.012495 0.480038 -0.406807
v 5.008540 0.595537 -0.397452
v 5.014133 0.581172 -0.410682
v 4.995309 0.581172 -0.403046
v 5.012495 0.591330 -0.406807
v 5.004131 0.589466 -0.408320
v 5.003139 0.581172 -0.410763
v 4.999184 0.591330 -0.401407
v 4.973112 0.475831 -0.313657
v 4.967518 0.490196 -0.300426
v 4.959881 0.490196 -0.319251
v 4.969156 0.480038 -0.304301
v 4.962244 0.481902 -0.309248
v 4.959801 0.490196 -0.308257
v 4.963756 0.480038 -0.317612
v 4.973112 0.595537 -0.313657
v 4.959881 0.581172 -0.319251
v 4.967518 0.581172 -0.300426
v 4.963756 0.591330 -0.317612
v 4.962244 0.589466 -0.309248
v 4.959801 0.581172 -0.308257
v 4.969156 0.591330 -0.304301
v 5.031693 0.834949 -0.387662
v 5.037288 0.849313 -0.400893
v 5.044924 0.849313 -0.382069
v 5.035649 0.839156 -0.397018
v 5.042562 0.841020 -0.392072
v 5.045005 0.849313 -0.393063
v 5.041049 0.839156 -0.383707
v 5.037288 0.940290 -0.400893
v 5.031693 0.954654 -0.387662
v 5.044924 0.940290 -0.382069
v 5.035649 0.950447 -0.397018
v 5.042562 0.948583 -0.392072
v 5.041049 0.950447 -0.383707
v 5.045005 0.940290 -0.393063
v 4.996266 0.834949 -0.303868
v 5.009497 0.849313 -0.298274
v 4.990672 0.849313 -0.290637
v 5.005621 0.839156 -0.299912
v 5.000675 0.841020 -0.292999
v 5.001666 0.849313 -0.290557
v 4.992310 0.839156 -0.294512
v 4.996266 0.954654 -0.303868
v 4.990672 0.940290 -0.290637
v 5.009497 0.940290 -0.298274
v 4.992310 0.950447 -0.294512
v 5.000675 0.948583 -0.292999
v 5.001666 0.940290 -0.290557
v 5.005621 0.950447 -0.299912
v 5.008540 0.834949 -0.397452
v 4.995309 0.849313 -0.403046
v 5.014133 0.849313 -0.410682
v 4.999184 0.839156 -0.401407
v 5.004130 0.841020 -0.408320
v 5.003139 0.849313 -0.410763
v 5.012495 0.839156 -0.406807
v 5.008540 0.954654 -0.397452
v 5.014133 0.940290 -0.410682
v 4.995309 0.940290 -0.403046
v 5.012495 0.950447 -0.406807
v 5.004131 0.948583 -0.408320
v 5.003139 0.940290 -0.410763
v 4.999184 0.950447 -0.401407
v 4.973112 0.834949 -0.313657
v 4.967518 0.849313 -0.300426
v 4.959881 0.849313 -0.319251
v 4.969156 0.839156 -0.304301
v 4.962244 0.841020 -0.309248
v 4.959801 0.849313 -0.308257
v 4.963756 0.839156 -0.317612
v 4.973112 0.954654 -0.313657
v 4.959881 0.940290 -0.319251
v 4.967518 0.940290 -0.300426
v 4.963756 0.950447 -0.317612
v 4.962244 0.948583 -0.309248
v 4.959801 0.940290 -0.308257
v 4.969156 0.950447 -0.304301
v 5.031693 1.194066 -0.387662
v 5.037288 1.208431 -0.400893
v 5.044924 1.208431 -0.382069
v 5.035649 1.198273 -0.397018
v 5.042562 1.200137 -0.392072
v 5.045005 1.208431 -0.393063
v 5.041049 1.198273 -0.383707
v 5.037288 1.299407 -0.400893
v 5.031693 1.313772 -0.387662
v 5.044924 1.299407 -0.382069
v 5.035649 1.309564 -0.397018
v 5.042562 1.307701 -0.392072
v 5.041049 1.309564 -0.383707
v 5.045005 1.299407 -0.393063
v 4.996266 1.194066 -0.303868
v 5.009497 1.208431 -0.298274
v 4.990672 1.208431 -0.290637
v 5.005621 1.198273 -0.299912
v 5.000675 1.200137 -0.292999
v 5.001666 1.208431 -0.290557
v 4.992310 1.198273 -0.294512
v 4.996266 1.313772 -0.303868
v 4.990672 1.299407 -0.290637
v 5.009497 1.299407 -0.298274
v 4.992310 1.309564 -0.294512
v 5.000675 1.307701 -0.292999
v 5.001666 1.299407 -0.290557
v 5.005621 1.309564 -0.299912
v 5.008540 1.194066 -0.397452
v 4.995309 1.208431 -0.403046
v 5.014133 1.208431 -0.410682
v 4.999184 1.198273 -0.401407
v 5.004130 1.200137 -0.408320
v 5.003139 1.208431 -0.410763
v 5.012495 1.198273 -0.406807
v 5.008540 1.313772 -0.397452
v 5.014133 1.299407 -0.410682
v 4.995309 1.299407 -0.403046
v 5.012495 1.309564 -0.406807
v 5.004131 1.307701 -0.408320
v 5.003139 1.299407 -0.410763
v 4.999184 1.309564 -0.401407
v 4.973112 1.194066 -0.313657
v 4.967518 1.208431 -0.300426
v 4.959881 1.208431 -0.319251
v 4.969156 1.198273 -0.304301
v 4.962244 1.200137 -0.309248
v 4.959801 1.208431 -0.308257
v 4.963756 1.198273 -0.317612
v 4.973112 1.313772 -0.313657
v 4.959881 1.299407 -0.319251
v 4.967518 1.299407 -0.300426
v 4.963756 1.309564 -0.317612
v 4.962244 1.307701 -0.309248
v 4.959801 1.299407 -0.308257
v 4.969156 1.309564 -0.304301
v 6.237542 0.475831 -0.657629
v 6.243135 0.490196 -0.670860
v 6.250772 0.490196 -0.652036
v 6.241497 0.480038 -0.666985
v 6.248410 0.481902 -0.662039
v 6.250853 0.490196 -0.663029
v 6.246897 0.480038 -0.653674
v 6.243135 0.581172 -0.670860
v 6.237542 0.595537 -0.657629
v 6.250772 0.581172 -0.652036
v 6.241497 0.591330 -0.666985
v 6.248410 0.589466 -0.662039
v 6.246897 0.591330 -0.653674
v 6.250853 0.581172 -0.663029
v 6.202114 0.475831 -0.573835
v 6.215344 0.490196 -0.568241
v 6.196520 0.490196 -0.560604
v 6.211469 0.480038 -0.569879
v 6.206523 0.481902 -0.562966
v 6.207514 0.490196 -0.560523
v 6.198158 0.480038 -0.564479
v 6.202114 0.595537 -0.573835
v 6.196520 0.581172 -0.560604
v 6.215344 0.581172 -0.568241
v 6.198158 0.591330 -0.564479
v 6.206523 0.589466 -0.562966
v 6.207514 0.581172 -0.560523
v 6.211469 0.591330 -0.569879
v 6.214388 0.475831 -0.667419
v 6.201157 0.490196 -0.673013
v 6.219982 0.490196 -0.680649
v 6.205032 0.480038 -0.671374
v 6.209979 0.481902 -0.678287
v 6.208988 0.490196 -0.680730
v 6.218343 0.480038 -0.676774
v 6.214388 0.595537 -0.667419
v 6.219982 0.581172 -0.680649
v 6.201157 0.581172 -0.673013
v 6.218343 0.591330 -0.676774
v 6.209979 0.589466 -0.678287
v 6.208988 0.581172 -0.680730
v 6.205032 0.591330 -0.671374
v 6.178960 0.475831 -0.583624
v 6.173366 0.490196 -0.570393
v 6.165729 0.490196 -0.589218
v 6.175004 0.480038 -0.574268
v 6.168091 0.481902 -0.579215
v 6.165649 0.490196 -0.578224
v 6.169604 0.480038 -0.587579
v 6.178960 0.595537 -0.583624
v 6.165729 0.581172 -0.589218
v 6.173366 0.581172 -0.570393
v 6.169604 0.591330 -0.587579
v 6.168091 0.589466 -0.579215
v 6.165649 0.581172 -0.578224
v 6.175004 0.591330 -0.574268
v 6.237542 0.834949 -0.657629
v 6.243135 0.849313 -0.670860
v 6.250772 0.849313 -0.652036
v 6.241497 0.839156 -0.666985
v 6.248410 0.841020 -0.662039
v 6.250853 0.849313 -0.663029
v 6.246897 0.839156 -0.653674
v 6.243135 0.940290 -0.670860
v 6.237542 0.954654 -0.657629
v 6.250772 0.940290 -0.652036
v 6.241497 0.950447 -0.666985
v 6.248410 0.948583 -0.662039
v 6.246897 0.950447 -0.653674
v 6.250853 0.940290 -0.663029
v 6.202114 0.834949 -0.573835
v 6.215344 0.849313 -0.568241
v 6.196520 0.849313 -0.560604
v 6.211469 0.839156 -0.569879
v 6.206523 0.841020 -0.562966
v 6.207514 0.849313 -0.560523
v 6.198158 0.839156 -0.564479
v 6.202114 0.954654 -0.573835
v 6.196520 0.940290 -0.560604
v 6.215344 0.940290 -0.568241
v 6.198158 0.950447 -0.564479
v 6.206523 0.948583 -0.562966
v 6.207514 0.940290 -0.560523
v 6.211469 0.950447 -0.569879
v 6.214388 0.834949 -0.667419
v 6.201157 0.849313 -0.673013
v 6.219982 0.849313 -0.680649
v 6.205032 0.839156 -0.671374
v 6.209979 0.841020 -0.678287
v 6.208988 0.849313 -0.680730
v 6.218343 0.839156 -0.676774
v 6.214388 0.954654 -0.667419
v 6.219982 0.940290 -0.680649
v 6.201157 0.940290 -0.673013
v 6.218343 0.950447 -0.676774
v 6.209979 0.948583 -0.678287
v 6.208988 0.940290 -0.680730
v 6.205032 0.950447 -0.671374
v 6.178960 0.834949 -0.583624
v 6.173366 0.849313 -0.570393
v 6.165729 0.849313 -0.589218
v 6.175004 0.839156 -0.574268
v 6.168091 0.841020 -0.579215
v 6.165649 0.849313 -0.578224
v 6.169604 0.839156 -0.587579
v 6.178960 0.954654 -0.583624
v 6.165729 0.940290 -0.589218
v 6.173366 0.940290 -0.570393
v 6.169604 0.950447 -0.587579
v 6.168091 0.948583 -0.579215
v 6.165649 0.940290 -0.578224
v 6.175004 0.950447 -0.574268
v 6.237542 1.194066 -0.657629
v 6.243135 1.208431 -0.670860
v 6.250772 1.208431 -0.652036
v 6.241497 1.198273 -0.666985
v 6.248410 1.200137 -0.662039
v 6.250853 1.208431 -0.663029
v 6.246897 1.198273 -0.653674
v 6.243135 1.299407 -0.670860
v 6.237542 1.313772 -0.657629
v 6.250772 1.299407 -0.652036
v 6.241497 1.309564 -0.666985
v 6.248410 1.307701 -0.662039
v 6.246897 1.309564 -0.653674
v 6.250853 1.299407 -0.663029
v 6.202114 1.194066 -0.573835
v 6.215344 1.208431 -0.568241
v 6.196520 1.208431 -0.560604
v 6.211469 1.198273 -0.569879
v 6.206523 1.200137 -0.562966
v 6.207514 1.208431 -0.560523
v 6.198158 1.198273 -0.564479
v 6.202114 1.313772 -0.573835
v 6.196520 1.299407 -0.560604
v 6.215344 1.299407 -0.568241
v 6.198158 1.309564 -0.564479
v 6.206523 1.307701 -0.562966
v 6.207514 1.299407 -0.560523
v 6.211469 1.309564 -0.569879
v 6.214388 1.194066 -0.667419
v 6.201157 1.208431 -0.673013
v 6.219982 1.208431 -0.680649
v 6.205032 1.198273 -0.671374
v 6.209979 1.200137 -0.678287
v 6.208988 1.208431 -0.680730
v 6.218343 1.198273 -0.676774
v 6.214388 1.313772 -0.667419
v 6.219982 1.299407 -0.680649
v 6.201157 1.299407 -0.673013
v 6.218343 1.309564 -0.676774
v 6.209979 1.307701 -0.678287
v 6.208988 1.299407 -0.680730
v 6.205032 1.309564 -0.671374
v 6.178960 1.194066 -0.583624
v 6.173366 1.208431 -0.570393
v 6.165729 1.208431 -0.589218
v 6.175004 1.198273 -0.574268
v 6.168091 1.200137 -0.579215
v 6.165649 1.208431 -0.578224
v 6.169604 1.198273 -0.587579
v 6.178960 1.313772 -0.583624
v 6.165729 1.299407 -0.589218
v 6.173366 1.299407 -0.570393
v 6.169604 1.309564 -0.587579
v 6.168091 1.307701 -0.579215
v 6.165649 1.299407 -0.578224
v 6.175004 1.309564 -0.574268
v 6.097694 0.475831 -0.326860
v 6.103289 0.490196 -0.340091
v 6.110925 0.490196 -0.321266
v 6.101650 0.480038 -0.336216
v 6.108563 0.481902 -0.331269
v 6.111006 0.490196 -0.332260
v 6.107050 0.480038 -0.322905
v 6.103289 0.581172 -0.340091
v 6.097694 0.595537 -0.326860
v 6.110925 0.581172 -0.321266
v 6.101650 0.591330 -0.336216
v 6.108563 0.589466 -0.331269
v 6.107050 0.591330 -0.322905
v 6.111006 0.581172 -0.332260
v 6.062267 0.475831 -0.243065
v 6.075498 0.490196 -0.237471
v 6.056673 0.490196 -0.229834
v 6.071622 0.480038 -0.239110
v 6.066676 0.481902 -0.232197
v 6.067667 0.490196 -0.229754
v 6.058311 0.480038 -0.233710
v 6.062267 0.595537 -0.243065
v 6.056673 0.581172 -0.229834
v 6.075498 0.581172 -0.237471
v 6.058311 0.591330 -0.233710
v 6.066676 0.589466 -0.232197
v 6.067667 0.581172 -0.229754
v 6.071622 0.591330 -0.239110
v 6.074541 0.475831 -0.336649
v 6.061310 0.490196 -0.342243
v 6.080134 0.490196 -0.349880
v 6.065185 0.480038 -0.340605
v 6.070132 0.481902 -0.347518
v 6.069140 0.490196 -0.349960
v 6.078496 0.480038 -0.346005
v 6.074541 0.595537 -0.336649
v 6.080134 0.581172 -0.349880
v 6.061310 0.581172 -0.342243
v 6.078496 0.591330 -0.346005
v 6.070132 0.589466 -0.347518
v 6.069140 0.581172 -0.349960
v 6.065185 0.591330 -0.340605
v 6.039113 0.475831 -0.252855
v 6.033519 0.490196 -0.239624
v 6.025882 0.490196 -0.258448
v 6.035157 0.480038 -0.243499
v 6.028244 0.481902 -0.248445
v 6.025802 0.490196 -0.247454
v 6.029757 0.480038 -0.256810
v 6.039113 0.595537 -0.252855
v 6.025882 0.581172 -0.258448
v 6.033519 0.581172 -0.239624
v 6.029757 0.591330 -0.256810
v 6.028244 0.589466 -0.248445
v 6.025802 0.581172 -0.247454
v 6.035157 0.591330 -0.243499
v 6.097694 0.834949 -0.326860
v 6.103289 0.849313 -0.340091
v 6.110925 0.849313 -0.321266
v 6.101650 0.839156 -0.336216
v 6.108563 0.841020 -0.331269
v 6.111006 0.849313 -0.332260
v 6.107050 0.839156 -0.322905
v 6.103289 0.940290 -0.340091
v 6.097694 0.954654 -0.326860
v 6.110925 0.940290 -0.321266
v 6.101650 0.950447 -0.336216
v 6.108563 0.948583 -0.331269
v 6.107050 0.950447 -0.322905
v 6.111006 0.940290 -0.332260
v 6.062267 0.834949 -0.243065
v 6.075498 0.849313 -0.237471
v 6.056673 0.849313 -0.229834
v 6.071622 0.839156 -0.239110
v 6.066676 0.841020 -0.232197
v 6.067667 0.849313 -0.229754
v 6.058311 0.839156 -0.233710
v 6.062267 0.954654 -0.243065
v 6.056673 0.940290 -0.229834
v 6.075498 0.940290 -0.237471
v 6.058311 0.950447 -0.233710
v 6.066676 0.948583 -0.232197
v 6.067667 0.940290 -0.229754
v 6.071622 0.950447 -0.239110
v 6.074541 0.834949 -0.336649
v 6.061310 0.849313 -0.342243
v 6.080134 0.849313 -0.349880
v 6.065185 0.839156 -0.340605
v 6.070132 0.841020 -0.347518
v 6.069140 0.849313 -0.349960
v 6.078496 0.839156 -0.346005
v 6.074541 0.954654 -0.336649
v 6.080134 0.940290 -0.349880
v 6.061310 0.940290 -0.342243
v 6.078496 0.950447 -0.346005
v 6.070132 0.948583 -0.347518
v 6.069140 0.940290 -0.349960
v 6.065185 0.950447 -0.340605
v 6.039113 0.834949 -0.252855
v 6.033519 0.849313 -0.239624
v 6.025882 0.849313 -0.258448
v 6.035157 0.839156 -0.243499
v 6.028244 0.841020 -0.248445
v 6.025802 0.849313 -0.247454
v 6.029757 0.839156 -0.256810
v 6.039113 0.954654 -0.252855
v 6.025882 0.940290 -0.258448
v 6.033519 0.940290 -0.239624
v 6.029757 0.950447 -0.256810
v 6.028244 0.948583 -0.248445
v 6.025802 0.940290 -0.247454
v 6.035157 0.950447 -0.243499
v 6.097694 1.194066 -0.326860
v 6.103289 1.208431 -0.340091
v 6.110925 1.208431 -0.321266
v 6.101650 1.198273 -0.336216
v 6.108563 1.200137 -0.331269
v 6.111006 1.208431 -0.332260
v 6.107050 1.198273 -0.322905
v 6.103289 1.299407 -0.340091
v 6.097694 1.313772 -0.326860
v 6.110925 1.299407 -0.321266
v 6.101650 1.309564 -0.336216
v 6.108563 1.307701 -0.331269
v 6.107050 1.309564 -0.322905
v 6.111006 1.299407 -0.332260
v 6.062267 1.194066 -0.243065
v 6.075498 1.208431 -0.237471
v 6.056673 1.208431 -0.229834
v 6.071622 1.198273 -0.239110
v 6.066676 1.200137 -0.232197
v 6.067667 1.208431 -0.229754
v 6.058311 1.198273 -0.233710
v 6.062267 1.313772 -0.243065
v 6.056673 1.299407 -0.229834
v 6.075498 1.299407 -0.237471
v 6.058311 1.309564 -0.233710
v 6.066676 1.307701 -0.232197
v 6.067667 1.299407 -0.229754
v 6.071622 1.309564 -0.239110
v 6.074541 1.194066 -0.336649
v 6.061310 1.208431 -0.342243
v 6.080134 1.208431 -0.349880
v 6.065185 1.198273 -0.340605
v 6.070132 1.200137 -0.347518
v 6.069140 1.208431 -0.349960
v 6.078496 1.198273 -0.346005
v 6.074541 1.313772 -0.336649
v 6.080134 1.299407 -0.349880
v 6.061310 1.299407 -0.342243
v 6.078496 1.309564 -0.346005
v 6.070132 1.307701 -0.347518
v 6.069140 1.299407 -0.349960
v 6.065185 1.309564 -0.340605
v 6.039113 1.194066 -0.252855
v 6.033519 1.208431 -0.239624
v 6.025882 1.208431 -0.258448
v 6.035157 1.198273 -0.243499
v 6.028244 1.200137 -0.248445
v 6.025802 1.208431 -0.247454
v 6.029757 1.198273 -0.256810
v 6.039113 1.313772 -0.252855
v 6.025882 1.299407 -0.258448
v 6.033519 1.299407 -0.239624
v 6.029757 1.309564 -0.256810
v 6.028244 1.307701 -0.248445
v 6.025802 1.299407 -0.247454
v 6.035157 1.309564 -0.243499
v 5.957848 0.475831 0.003909
v 5.963441 0.490196 -0.009322
v 5.971078 0.490196 0.009503
v 5.961803 0.480038 -0.005446
v 5.968716 0.481902 -0.000500
v 5.971159 0.490196 -0.001491
v 5.967203 0.480038 0.007865
v 5.963441 0.581172 -0.009322
v 5.957848 0.595537 0.003909
v 5.971078 0.581172 0.009503
v 5.961803 0.591330 -0.005446
v 5.968716 0.589466 -0.000500
v 5.967203 0.591330 0.007865
v 5.971159 0.581172 -0.001491
v 5.922420 0.475831 0.087704
v 5.935650 0.490196 0.093298
v 5.916826 0.490196 0.100935
v 5.931775 0.480038 0.091660
v 5.926829 0.481902 0.098572
v 5.927820 0.490196 0.101015
v 5.918464 0.480038 0.097060
v 5.922420 0.595537 0.087704
v 5.916826 0.581172 0.100935
v 5.935650 0.581172 0.093298
v 5.918464 0.591330 0.097060
v 5.926829 0.589466 0.098572
v 5.927820 0.581172 0.101015
v 5.931775 0.591330 0.091659
v 5.934694 0.475831 -0.005880
v 5.921463 0.490196 -0.011474
v 5.940288 0.490196 -0.019111
v 5.925338 0.480038 -0.009836
v 5.930285 0.481902 -0.016749
v 5.929294 0.490196 -0.019191
v 5.938649 0.480038 -0.015236
v 5.934694 0.595537 -0.005880
v 5.940288 0.581172 -0.019111
v 5.921463 0.581172 -0.011474
v 5.938649 0.591330 -0.015236
v 5.930285 0.589466 -0.016749
v 5.929294 0.581172 -0.019191
v 5.925338 0.591330 -0.009836
v 5.899266 0.475831 0.077915
v 5.893672 0.490196 0.091146
v 5.886035 0.490196 0.072321
v 5.895310 0.480038 0.087270
v 5.888397 0.481902 0.082324
v 5.885955 0.490196 0.083315
v 5.889910 0.480038 0.073959
v 5.899266 0.595537 0.077915
v 5.886035 0.581172 0.072321
v 5.893672 0.581172 0.091146
v 5.889910 0.591330 0.073959
v 5.888397 0.589466 0.082324
v 5.885955 0.581172 0.083315
v 5.895310 0.591330 0.087270
v 5.957848 0.834949 0.003909
v 5.963441 0.849313 -0.009322
v 5.971078 0.849313 0.009503
v 5.961803 0.839156 -0.005446
v 5.968716 0.841020 -0.000500
v 5.971159 0.849313 -0.001491
v 5.967203 0.839156 0.007865
v 5.963441 0.940290 -0.009322
v 5.957848 0.954654 0.003909
v 5.971078 0.940290 0.009503
v 5.961803 0.950447 -0.005446
v 5.968716 0.948583 -0.000500
v 5.967203 0.950447 0.007865
v 5.971159 0.940290 -0.001491
v 5.922420 0.834949 0.087704
v 5.935650 0.849313 0.093298
v 5.916826 0.849313 0.100935
v 5.931775 0.839156 0.091660
v 5.926829 0.841020 0.098572
v 5.927820 0.849313 0.101015
v 5.918464 0.839156 0.097060
v 5.922420 0.954654 0.087704
v 5.916826 0.940290 0.100935
v 5.935650 0.940290 0.093298
v 5.918464 0.950447 0.097060
v 5.926829 0.948583 0.098572
v 5.927820 0.940290 0.101015
v 5.931775 0.950447 0.091659
v 5.934694 0.834949 -0.005880
v 5.921463 0.849313 -0.011474
v 5.940288 0.849313 -0.019111
v 5.925338 0.839156 -0.009836
v 5.930285 0.841020 -0.016749
v 5.929294 0.849313 -0.019191
v 5.938649 0.839156 -0.015236
v 5.934694 0.954654 -0.005880
v 5.940288 0.940290 -0.019111
v 5.921463 0.940290 -0.011474
v 5.938649 0.950447 -0.015236
v 5.930285 0.948583 -0.016749
v 5.929294 0.940290 -0.019191
v 5.925338 0.950447 -0.009836
v 5.899266 0.834949 0.077915
v 5.893672 0.849313 0.091146
v 5.886035 0.849313 0.072321
v 5.895310 0.839156 0.087270
v 5.888397 0.841020 0.082324
v 5.885955 0.849313 0.083315
v 5.889910 0.839156 0.073959
v 5.899266 0.954654 0.077915
v 5.886035 0.940290 0.072321
v 5.893672 0.940290 0.091146
v 5.889910 0.950447 0.073959
v 5.888397 0.948583 0.082324
v 5.885955 0.940290 0.083315
v 5.895310 0.950447 0.087270
v 5.957848 1.194066 0.003909
v 5.963441 1.208431 -0.009322
v 5.971078 1.208431 0.009503
v 5.961803 1.198273 -0.005446
v 5.968716 1.200137 -0.000500
v 5.971159 1.208431 -0.001491
v 5.967203 1.198273 0.007865
v 5.963441 1.299407 -0.009322
v 5.957848 1.313772 0.003909
v 5.971078 1.299407 0.009503
v 5.961803 1.309564 -0.005446
v 5.968716 1.307701 -0.000500
v 5.967203 1.309564 0.007865
v 5.971159 1.299407 -0.001491
v 5.922420 1.194066 0.087704
v 5.935650 1.208431 0.093298
v 5.916826 1.208431 0.100935
v 5.931775 1.198273 0.091660
v 5.926829 1.200137 0.098572
v 5.927820 1.208431 0.101015
v 5.918464 1.198273 0.097060
v 5.922420 1.313772 0.087704
v 5.916826 1.299407 0.100935
v 5.935650 1.299407 0.093298
v 5.918464 1.309564 0.097060
v 5.926829 1.307701 0.098572
v 5.927820 1.299407 0.101015
v 5.931775 1.309564 0.091659
v 5.934694 1.194066 -0.005880
v 5.921463 1.208431 -0.011474
v 5.940288 1.208431 -0.019111
v 5.925338 1.198273 -0.009836
v 5.930285 1.200137 -0.016749
v 5.929294 1.208431 -0.019191
v 5.938649 1.198273 -0.015236
v 5.934694 1.313772 -0.005880
v 5.940288 1.299407 -0.019111
v 5.921463 1.299407 -0.011474
v 5.938649 1.309564 -0.015236
v 5.930285 1.307701 -0.016749
v 5.929294 1.299407 -0.019191
v 5.925338 1.309564 -0.009836
v 5.899266 1.194066 0.077915
v 5.893672 1.208431 0.091146
v 5.886035 1.208431 0.072321
v 5.895310 1.198273 0.087270
v 5.888397 1.200137 0.082324
v 5.885955 1.208431 0.083315
v 5.889910 1.198273 0.073959
v 5.899266 1.313772 0.077915
v 5.886035 1.299407 0.072321
v 5.893672 1.299407 0.091146
v 5.889910 1.309564 0.073959
v 5.888397 1.307701 0.082324
v 5.885955 1.299407 0.083315
v 5.895310 1.309564 0.087270
v 5.728833 0.475831 0.261238
v 5.734426 0.490196 0.248008
v 5.742064 0.490196 0.266832
v 5.732788 0.480038 0.251883
v 5.739701 0.481902 0.256829
v 5.742144 0.490196 0.255838
v 5.738188 0.480038 0.265194
v 5.734426 0.581172 0.248008
v 5.728833 0.595537 0.261238
v 5.742064 0.581172 0.266832
v 5.732788 0.591330 0.251883
v 5.739701 0.589466 0.256829
v 5.738188 0.591330 0.265194
v 5.742144 0.581172 0.255838
v 5.719043 0.475831 0.284392
v 5.732274 0.490196 0.289986
v 5.713449 0.490196 0.297623
v 5.728399 0.480038 0.288348
v 5.723453 0.481902 0.295261
v 5.724443 0.490196 0.297703
v 5.715088 0.480038 0.293748
v 5.719043 0.595537 0.284392
v 5.713449 0.581172 0.297623
v 5.732274 0.581172 0.289986
v 5.715088 0.591330 0.293748
v 5.723453 0.589466 0.295261
v 5.724443 0.581172 0.297703
v 5.728399 0.591330 0.288348
v 5.645038 0.475831 0.225810
v 5.631807 0.490196 0.220217
v 5.650632 0.490196 0.212580
v 5.635682 0.480038 0.221855
v 5.640629 0.481902 0.214942
v 5.639637 0.490196 0.212499
v 5.648993 0.480038 0.216455
v 5.645038 0.595537 0.225810
v 5.650632 0.581172 0.212580
v 5.631807 0.581172 0.220217
v 5.648993 0.591330 0.216455
v 5.640629 0.589466 0.214942
v 5.639637 0.581172 0.212499
v 5.635682 0.591330 0.221855
v 5.635249 0.475831 0.248964
v 5.629654 0.490196 0.262195
v 5.622018 0.490196 0.243370
v 5.631293 0.480038 0.258320
v 5.624380 0.481902 0.253374
v 5.621937 0.490196 0.254364
v 5.625893 0.480038 0.245009
v 5.635249 0.595537 0.248964
v 5.622018 0.581172 0.243370
v 5.629654 0.581172 0.262195
v 5.625893 0.591330 0.245009
v 5.624380 0.589466 0.253374
v 5.621937 0.581172 0.254364
v 5.631293 0.591330 0.258320
v 5.728833 0.834949 0.261238
v 5.734426 0.849313 0.248008
v 5.742064 0.849313 0.266832
v 5.732788 0.839156 0.251883
v 5.739701 0.841020 0.256829
v 5.742144 0.849313 0.255838
v 5.738188 0.839156 0.265194
v 5.734426 0.940290 0.248008
v 5.728833 0.954654 0.261238
v 5.742064 0.940290 0.266832
v 5.732788 0.950447 0.251883
v 5.739701 0.948583 0.256829
v 5.738188 0.950447 0.265194
v 5.742144 0.940290 0.255838
v 5.719043 0.834949 0.284392
v 5.732274 0.849313 0.289986
v 5.713449 0.849313 0.297623
v 5.728399 0.839156 0.288348
v 5.723453 0.841020 0.295261
v 5.724443 0.849313 0.297703
v 5.715088 0.839156 0.293748
v 5.719043 0.954654 0.284392
v 5.713449 0.940290 0.297623
v 5.732274 0.940290 0.289986
v 5.715088 0.950447 0.293748
v 5.723453 0.948583 0.295261
v 5.724443 0.940290 0.297703
v 5.728399 0.950447 0.288348
v 5.645038 0.834949 0.225810
v 5.631807 0.849313 0.220217
v 5.650632 0.849313 0.212580
v 5.635682 0.839156 0.221855
v 5.640629 0.841020 0.214942
v 5.639637 0.849313 0.212499
v 5.648993 0.839156 0.216455
v 5.645038 0.954654 0.225810
v 5.650632 0.940290 0.212580
v 5.631807 0.940290 0.220217
v 5.648993 0.950447 0.216455
v 5.640629 0.948583 0.214942
v 5.639637 0.940290 0.212499
v 5.635682 0.950447 0.221855
v 5.635249 0.834949 0.248964
v 5.629654 0.849313 0.262195
v 5.622018 0.849313 0.243370
v 5.631293 0.839156 0.258320
v 5.624380 0.841020 0.253374
v 5.621937 0.849313 0.254364
v 5.625893 0.839156 0.245009
v 5.635249 0.954654 0.248964
v 5.622018 0.940290 0.243370
v 5.629654 0.940290 0.262195
v 5.625893 0.950447 0.245009
v 5.624380 0.948583 0.253374
v 5.621937 0.940290 0.254364
v 5.631293 0.950447 0.258320
v 5.728833 1.194066 0.261238
v 5.734426 1.208431 0.248008
v 5.742064 1.208431 0.266832
v 5.732788 1.198273 0.251883
v 5.739701 1.200137 0.256829
v 5.742144 1.208431 0.255838
v 5.738188 1.198273 0.265194
v 5.734426 1.299407 0.248008
v 5.728833 1.313772 0.261238
v 5.742064 1.299407 0.266832
v 5.732788 1.309564 0.251883
v 5.739701 1.307701 0.256829
v 5.738188 1.309564 0.265194
v 5.742144 1.299407 0.255838
v 5.719043 1.194066 0.284392
v 5.732274 1.208431 0.289986
v 5.713449 1.208431 0.297623
v 5.728399 1.198273 0.288348
v 5.723453 1.200137 0.295261
v 5.724443 1.208431 0.297703
v 5.715088 1.198273 0.293748
v 5.719043 1.313772 0.284392
v 5.713449 1.299407 0.297623
v 5.732274 1.299407 0.289986
v 5.715088 1.309564 0.293748
v 5.723453 1.307701 0.295261
v 5.724443 1.299407 0.297703
v 5.728399 1.309564 0.288348
v 5.645038 1.194066 0.225810
v 5.631807 1.208431 0.220217
v 5.650632 1.208431 0.212580
v 5.635682 1.198273 0.221855
v 5.640629 1.200137 0.214942
v 5.639637 1.208431 0.212499
v 5.648993 1.198273 0.216455
v 5.645038 1.313772 0.225810
v 5.650632 1.299407 0.212580
v 5.631807 1.299407 0.220217
v 5.648993 1.309564 0.216455
v 5.640629 1.307701 0.214942
v 5.639637 1.299407 0.212499
v 5.635682 1.309564 0.221855
v 5.635249 1.194066 0.248964
v 5.629654 1.208431 0.262195
v 5.622018 1.208431 0.243370
v 5.631293 1.198273 0.258320
v 5.624380 1.200137 0.253374
v 5.621937 1.208431 0.254364
v 5.625893 1.198273 0.245009
v 5.635249 1.313772 0.248964
v 5.622018 1.299407 0.243370
v 5.629654 1.299407 0.262195
v 5.625893 1.309564 0.245009
v 5.624380 1.307701 0.253374
v 5.621937 1.299407 0.254364
v 5.631293 1.309564 0.258320
v 5.398064 0.475831 0.121391
v 5.403657 0.490196 0.108161
v 5.411294 0.490196 0.126985
v 5.402019 0.480038 0.112036
v 5.408932 0.481902 0.116982
v 5.411375 0.490196 0.115991
v 5.407419 0.480038 0.125347
v 5.403657 0.581172 0.108161
v 5.398064 0.595537 0.121391
v 5.411294 0.581172 0.126985
v 5.402019 0.591330 0.112036
v 5.408932 0.589466 0.116982
v 5.407419 0.591330 0.125347
v 5.411375 0.581172 0.115991
v 5.388274 0.475831 0.144545
v 5.401505 0.490196 0.150139
v 5.382680 0.490196 0.157776
v 5.397630 0.480038 0.148501
v 5.392684 0.481902 0.155414
v 5.393674 0.490196 0.157856
v 5.384319 0.480038 0.153901
v 5.388274 0.595537 0.144545
v 5.382680 0.581172 0.157776
v 5.401505 0.581172 0.150139
v 5.384319 0.591330 0.153901
v 5.392684 0.589466 0.155414
v 5.393674 0.581172 0.157856
v 5.397630 0.591330 0.148501
v 5.314269 0.475831 0.085963
v 5.301038 0.490196 0.080370
v 5.319862 0.490196 0.072733
v 5.304913 0.480038 0.082008
v 5.309859 0.481902 0.075095
v 5.308868 0.490196 0.072652
v 5.318224 0.480038 0.076608
v 5.314269 0.595537 0.085963
v 5.319862 0.581172 0.072733
v 5.301038 0.581172 0.080370
v 5.318224 0.591330 0.076608
v 5.309859 0.589466 0.075095
v 5.308868 0.581172 0.072652
v 5.304913 0.591330 0.082008
v 5.304479 0.475831 0.109117
v 5.298885 0.490196 0.122348
v 5.291248 0.490196 0.103523
v 5.300524 0.480038 0.118473
v 5.293611 0.481902 0.113527
v 5.291168 0.490196 0.114517
v 5.295124 0.480038 0.105162
v 5.304479 0.595537 0.109117
v 5.291248 0.581172 0.103523
v 5.298885 0.581172 0.122348
v 5.295124 0.591330 0.105162
v 5.293611 0.589466 0.113527
v 5.291168 0.581172 0.114517
v 5.300524 0.591330 0.118473
v 5.398064 0.834949 0.121391
v 5.403657 0.849313 0.108161
v 5.411294 0.849313 0.126985
v 5.402019 0.839156 0.112036
v 5.408932 0.841020 0.116982
v 5.411375 0.849313 0.115991
v 5.407419 0.839156 0.125347
v 5.403657 0.940290 0.108161
v 5.398064 0.954654 0.121391
v 5.411294 0.940290 0.126985
v 5.402019 0.950447 0.112036
v 5.408932 0.948583 0.116982
v 5.407419 0.950447 0.125347
v 5.411375 0.940290 0.115991
v 5.388274 0.834949 0.144545
v 5.401505 0.849313 0.150139
v 5.382680 0.849313 0.157776
v 5.397630 0.839156 0.148501
v 5.392684 0.841020 0.155414
v 5.393674 0.849313 0.157856
v 5.384319 0.839156 0.153901
v 5.388274 0.954654 0.144545
v 5.382680 0.940290 0.157776
v 5.401505 0.940290 0.150139
v 5.384319 0.950447 0.153901
v 5.392684 0.948583 0.155414
v 5.393674 0.940290 0.157856
v 5.397630 0.950447 0.148501
v 5.314269 0.834949 0.085963
v 5.301038 0.849313 0.080370
v 5.319862 0.849313 0.072733
v 5.304913 0.839156 0.082008
v 5.309859 0.841020 0.075095
v 5.308868 0.849313 0.072652
v 5.318224 0.839156 0.076608
v 5.314269 0.954654 0.085963
v 5.319862 0.940290 0.072733
v 5.301038 0.940290 0.080370
v 5.318224 0.950447 0.076608
v 5.309859 0.948583 0.075095
v 5.308868 0.940290 0.072652
v 5.304913 0.950447 0.082008
v 5.304479 0.834949 0.109117
v 5.298885 0.849313 0.122348
v 5.291248 0.849313 0.103523
v 5.300524 0.839156 0.118473
v 5.293611 0.841020 0.113527
v 5.291168 0.849313 0.114517
v 5.295124 0.839156 0.105162
v 5.304479 0.954654 0.109117
v 5.291248 0.940290 0.103523
v 5.298885 0.940290 0.122348
v 5.295124 0.950447 0.105162
v 5.293611 0.948583 0.113527
v 5.291168 0.940290 0.114517
v 5.300524 0.950447 0.118473
v 5.398064 1.194066 0.121391
v 5.403657 1.208431 0.108161
v 5.411294 1.208431 0.126985
v 5.402019 1.198273 0.112036
v 5.408932 1.200137 0.116982
v 5.411375 1.208431 0.115991
v 5.407419 1.198273 0.125347
v 5.403657 1.299407 0.108161
v 5.398064 1.313772 0.121391
v 5.411294 1.299407 0.126985
v 5.402019 1.309564 0.112036
v 5.408932 1.307701 0.116982
v 5.407419 1.309564 0.125347
v 5.411375 1.299407 0.115991
v 5.388274 1.194066 0.144545
v 5.401505 1.208431 0.150139
v 5.382680 1.208431 0.157776
v 5.397630 1.198273 0.148501
v 5.392684 1.200137 0.155414
v 5.393674 1.208431 0.157856
v 5.384319 1.198273 0.153901
v 5.388274 1.313772 0.144545
v 5.382680 1.299407 0.157776
v 5.401505 1.299407 0.150139
v 5.384319 1.309564 0.153901
v 5.392684 1.307701 0.155414
v 5.393674 1.299407 0.157856
v 5.397630 1.309564 0.148501
v 5.314269 1.194066 0.085963
v 5.301038 1.208431 0.080370
v 5.319862 1.208431 0.072733
v 5.304913 1.198273 0.082008
v 5.309859 1.200137 0.075095
v 5.308868 1.208431 0.072652
v 5.318224 1.198273 0.076608
v 5.314269 1.313772 0.085963
v 5.319862 1.299407 0.072733
v 5.301038 1.299407 0.080370
v 5.318224 1.309564 0.076608
v 5.309859 1.307701 0.075095
v 5.308868 1.299407 0.072652
v 5.304913 1.309564 0.082008
v 5.304479 1.194066 0.109117
v 5.298885 1.208431 0.122348
v 5.291248 1.208431 0.103523
v 5.300524 1.198273 0.118473
v 5.293611 1.200137 0.113527
v 5.291168 1.208431 0.114517
v 5.295124 1.198273 0.105162
v 5.304479 1.313772 0.109117
v 5.291248 1.299407 0.103523
v 5.298885 1.299407 0.122348
v 5.295124 1.309564 0.105162
v 5.293611 1.307701 0.113527
v 5.291168 1.299407 0.114517
v 5.300524 1.309564 0.118473
v 5.067294 0.475831 -0.018456
v 5.072888 0.490196 -0.031686
v 5.080525 0.490196 -0.012862
v 5.071249 0.480038 -0.027811
v 5.078163 0.481902 -0.022865
v 5.080605 0.490196 -0.023856
v 5.076650 0.480038 -0.014500
v 5.072888 0.581172 -0.031686
v 5.067294 0.595537 -0.018456
v 5.080525 0.581172 -0.012862
v 5.071249 0.591330 -0.027811
v 5.078163 0.589466 -0.022865
v 5.076650 0.591330 -0.014500
v 5.080605 0.581172 -0.023856
v 5.057505 0.475831 0.004698
v 5.070735 0.490196 0.010292
v 5.051911 0.490196 0.017929
v 5.066861 0.480038 0.008654
v 5.061914 0.481902 0.015567
v 5.062905 0.490196 0.018009
v 5.053549 0.480038 0.014054
v 5.057505 0.595537 0.004698
v 5.051911 0.581172 0.017929
v 5.070735 0.581172 0.010292
v 5.053549 0.591330 0.014054
v 5.061914 0.589466 0.015567
v 5.062905 0.581172 0.018009
v 5.066860 0.591330 0.008654
v 4.983499 0.475831 -0.053884
v 4.970268 0.490196 -0.059477
v 4.989093 0.490196 -0.067114
v 4.974144 0.480038 -0.057839
v 4.979090 0.481902 -0.064752
v 4.978099 0.490196 -0.067195
v 4.987454 0.480038 -0.063239
v 4.983499 0.595537 -0.053884
v 4.989093 0.581172 -0.067114
v 4.970268 0.581172 -0.059477
v 4.987455 0.591330 -0.063239
v 4.979090 0.589466 -0.064752
v 4.978099 0.581172 -0.067195
v 4.974144 0.591330 -0.057839
v 4.973710 0.475831 -0.030730
v 4.968116 0.490196 -0.017499
v 4.960479 0.490196 -0.036324
v 4.969755 0.480038 -0.021374
v 4.962842 0.481902 -0.026321
v 4.960399 0.490196 -0.025330
v 4.964355 0.480038 -0.034685
v 4.973710 0.595537 -0.030730
v 4.960479 0.581172 -0.036324
v 4.968116 0.581172 -0.017499
v 4.964355 0.591330 -0.034685
v 4.962842 0.589466 -0.026321
v 4.960399 0.581172 -0.025330
v 4.969754 0.591330 -0.021374
v 5.067294 0.834949 -0.018456
v 5.072888 0.849313 -0.031686
v 5.080525 0.849313 -0.012862
v 5.071249 0.839156 -0.027811
v 5.078163 0.841020 -0.022865
v 5.080605 0.849313 -0.023856
v 5.076650 0.839156 -0.014500
v 5.072888 0.940290 -0.031686
v 5.067294 0.954654 -0.018456
v 5.080525 0.940290 -0.012862
v 5.071249 0.950447 -0.027811
v 5.078163 0.948583 -0.022865
v 5.076650 0.950447 -0.014500
v 5.080605 0.940290 -0.023856
v 5.057505 0.834949 0.004698
v 5.070735 0.849313 0.010292
v 5.051911 0.849313 0.017929
v 5.066861 0.839156 0.008654
v 5.061914 0.841020 0.015567
v 5.062905 0.849313 0.018009
v 5.053549 0.839156 0.014054
v 5.057505 0.954654 0.004698
v 5.051911 0.940290 0.017929
v 5.070735 0.940290 0.010292
v 5.053549 0.950447 0.014054
v 5.061914 0.948583 0.015567
v 5.062905 0.940290 0.018009
v 5.066860 0.950447 0.008654
v 4.983499 0.834949 -0.053884
v 4.970268 0.849313 -0.059477
v 4.989093 0.849313 -0.067114
v 4.974144 0.839156 -0.057839
v 4.979090 0.841020 -0.064752
v 4.978099 0.849313 -0.067195
v 4.987454 0.839156 -0.063239
v 4.983499 0.954654 -0.053884
v 4.989093 0.940290 -0.067114
v 4.970268 0.940290 -0.059477
v 4.987455 0.950447 -0.063239
v 4.979090 0.948583 -0.064752
v 4.978099 0.940290 -0.067195
v 4.974144 0.950447 -0.057839
v 4.973710 0.834949 -0.030730
v 4.968116 0.849313 -0.017499
v 4.960479 0.849313 -0.036324
v 4.969755 0.839156 -0.021374
v 4.962842 0.841020 -0.026321
v 4.960399 0.849313 -0.025330
v 4.964355 0.839156 -0.034685
v 4.973710 0.954654 -0.030730
v 4.960479 0.940290 -0.036324
v 4.968116 0.940290 -0.017499
v 4.964355 0.950447 -0.034685
v 4.962842 0.948583 -0.026321
v 4.960399 0.940290 -0.025330
v 4.969754 0.950447 -0.021374
v 5.067294 1.194066 -0.018456
v 5.072888 1.208431 -0.031686
v 5.080525 1.208431 -0.012862
v 5.071249 1.198273 -0.027811
v 5.078163 1.200137 -0.022865
v 5.080605 1.208431 -0.023856
v 5.076650 1.198273 -0.014500
v 5.072888 1.299407 -0.031686
v 5.067294 1.313772 -0.018456
v 5.080525 1.299407 -0.012862
v 5.071249 1.309564 -0.027811
v 5.078163 1.307701 -0.022865
v 5.076650 1.309564 -0.014500
v 5.080605 1.299407 -0.023856
v 5.057505 1.194066 0.004698
v 5.070735 1.208431 0.010292
v 5.051911 1.208431 0.017929
v 5.066861 1.198273 0.008654
v 5.061914 1.200137 0.015567
v 5.062905 1.208431 0.018009
v 5.053549 1.198273 0.014054
v 5.057505 1.313772 0.004698
v 5.051911 1.299407 0.017929
v 5.070735 1.299407 0.010292
v 5.053549 1.309564 0.014054
v 5.061914 1.307701 0.015567
v 5.062905 1.299407 0.018009
v 5.066860 1.309564 0.008654
v 4.983499 1.194066 -0.053884
v 4.970268 1.208431 -0.059477
v 4.989093 1.208431 -0.067114
v 4.974144 1.198273 -0.057839
v 4.979090 1.200137 -0.064752
v 4.978099 1.208431 -0.067195
v 4.987454 1.198273 -0.063239
v 4.983499 1.313772 -0.053884
v 4.989093 1.299407 -0.067114
v 4.970268 1.299407 -0.059477
v 4.987455 1.309564 -0.063239
v 4.979090 1.307701 -0.064752
v 4.978099 1.299407 -0.067195
v 4.974144 1.309564 -0.057839
v 4.973710 1.194066 -0.030730
v 4.968116 1.208431 -0.017499
v 4.960479 1.208431 -0.036324
v 4.969755 1.198273 -0.021374
v 4.962842 1.200137 -0.026321
v 4.960399 1.208431 -0.025330
v 4.964355 1.198273 -0.034685
v 4.973710 1.313772 -0.030730
v 4.960479 1.299407 -0.036324
v 4.968116 1.299407 -0.017499
v 4.964355 1.309564 -0.034685
v 4.962842 1.307701 -0.026321
v 4.960399 1.299407 -0.025330
v 4.969754 1.309564 -0.021374
v 6.135554 1.334721 -0.700749
v 6.141149 1.349085 -0.713980
v 6.148785 1.349085 -0.695155
v 6.139510 1.338928 -0.710104
v 6.146423 1.340792 -0.705158
v 6.148866 1.349085 -0.706149
v 6.144910 1.338928 -0.696793
v 6.141149 1.374224 -0.713980
v 6.135554 1.388588 -0.700749
v 6.148785 1.374224 -0.695155
v 6.139510 1.384381 -0.710104
v 6.146423 1.382517 -0.705158
v 6.144910 1.384381 -0.696793
v 6.148866 1.374224 -0.706149
v 6.100126 1.334721 -0.616954
v 6.113358 1.349085 -0.611360
v 6.094532 1.349085 -0.603723
v 6.109482 1.338928 -0.612998
v 6.104536 1.340792 -0.606086
v 6.105527 1.349085 -0.603643
v 6.096171 1.338928 -0.607598
v 6.100126 1.388588 -0.616954
v 6.094532 1.374224 -0.603723
v 6.113358 1.374224 -0.611360
v 6.096171 1.384381 -0.607598
v 6.104536 1.382517 -0.606086
v 6.105526 1.374224 -0.603643
v 6.109482 1.384381 -0.612999
v 6.051760 1.334721 -0.736177
v 6.038529 1.349085 -0.741771
v 6.057353 1.349085 -0.749408
v 6.042404 1.338928 -0.740132
v 6.047350 1.340792 -0.747045
v 6.046360 1.349085 -0.749488
v 6.055715 1.338928 -0.745532
v 6.051760 1.388588 -0.736177
v 6.057353 1.374224 -0.749408
v 6.038529 1.374224 -0.741771
v 6.055715 1.384381 -0.745532
v 6.047350 1.382517 -0.747045
v 6.046360 1.374224 -0.749488
v 6.042404 1.384381 -0.740132
v 6.016332 1.334721 -0.652382
v 6.010738 1.349085 -0.639151
v 6.003101 1.349085 -0.657976
v 6.012376 1.338928 -0.643026
v 6.005463 1.340792 -0.647973
v 6.003020 1.349085 -0.646982
v 6.006976 1.338928 -0.656337
v 6.016332 1.388588 -0.652382
v 6.003101 1.374224 -0.657976
v 6.010738 1.374224 -0.639151
v 6.006976 1.384381 -0.656337
v 6.005463 1.382517 -0.647973
v 6.003020 1.374224 -0.646982
v 6.012376 1.384381 -0.643026
v 5.995708 1.334721 -0.369980
v 6.001301 1.349085 -0.383210
v 6.008938 1.349085 -0.364386
v 5.999663 1.338928 -0.379335
v 6.006576 1.340792 -0.374389
v 6.009018 1.349085 -0.375380
v 6.005063 1.338928 -0.366024
v 6.001301 1.374224 -0.383210
v 5.995708 1.388588 -0.369980
v 6.008938 1.374224 -0.364386
v 5.999663 1.384381 -0.379335
v 6.006576 1.382517 -0.374389
v 6.005063 1.384381 -0.366024
v 6.009018 1.374224 -0.375380
v 5.960279 1.334721 -0.286185
v 5.973510 1.349085 -0.280591
v 5.954686 1.349085 -0.272954
v 5.969635 1.338928 -0.282229
v 5.964689 1.340792 -0.275316
v 5.965680 1.349085 -0.272874
v 5.956324 1.338928 -0.276829
v 5.960279 1.388588 -0.286185
v 5.954686 1.374224 -0.272954
v 5.973510 1.374224 -0.280591
v 5.956324 1.384381 -0.276829
v 5.964689 1.382517 -0.275316
v 5.965680 1.374224 -0.272874
v 5.969635 1.384381 -0.282229
v 5.911912 1.334721 -0.405408
v 5.898682 1.349085 -0.411001
v 5.917506 1.349085 -0.418638
v 5.902557 1.338928 -0.409363
v 5.907503 1.340792 -0.416276
v 5.906512 1.349085 -0.418719
v 5.915868 1.338928 -0.414763
v 5.911912 1.388588 -0.405408
v 5.917506 1.374224 -0.418638
v 5.898682 1.374224 -0.411001
v 5.915868 1.384381 -0.414763
v 5.907503 1.382517 -0.416276
v 5.906512 1.374224 -0.418719
v 5.902557 1.384381 -0.409363
v 5.876484 1.334721 -0.321613
v 5.870891 1.349085 -0.308382
v 5.863254 1.349085 -0.327207
v 5.872529 1.338928 -0.312257
v 5.865616 1.340792 -0.317203
v 5.863173 1.349085 -0.316213
v 5.867129 1.338928 -0.325568
v 5.876484 1.388588 -0.321613
v 5.863254 1.374224 -0.327207
v 5.870891 1.374224 -0.308382
v 5.867129 1.384381 -0.325568
v 5.865616 1.382517 -0.317203
v 5.863173 1.374224 -0.316213
v 5.872529 1.384381 -0.312257
v 5.855860 1.334721 -0.039210
v 5.861454 1.349085 -0.052441
v 5.869091 1.349085 -0.033616
v 5.859816 1.338928 -0.048566
v 5.866729 1.340792 -0.043620
v 5.869172 1.349085 -0.044610
v 5.865216 1.338928 -0.035255
v 5.861454 1.374224 -0.052441
v 5.855860 1.388588 -0.039210
v 5.869091 1.374224 -0.033616
v 5.859816 1.384381 -0.048566
v 5.866729 1.382517 -0.043620
v 5.865216 1.384381 -0.035255
v 5.869172 1.374224 -0.044610
v 5.820433 1.334721 0.044585
v 5.833663 1.349085 0.050178
v 5.814838 1.349085 0.057815
v 5.829788 1.338928 0.048540
v 5.824841 1.340792 0.055453
v 5.825833 1.349085 0.057896
v 5.816477 1.338928 0.053940
v 5.820433 1.388588 0.044585
v 5.814838 1.374224 0.057815
v 5.833663 1.374224 0.050178
v 5.816477 1.384381 0.053940
v 5.824841 1.382517 0.055453
v 5.825832 1.374224 0.057896
v 5.829788 1.384381 0.048540
v 5.772066 1.334721 -0.074638
v 5.758835 1.349085 -0.080232
v 5.777659 1.349085 -0.087869
v 5.762710 1.338928 -0.078594
v 5.767656 1.340792 -0.085507
v 5.766665 1.349085 -0.087949
v 5.776021 1.338928 -0.083994
v 5.772066 1.388588 -0.074638
v 5.777659 1.374224 -0.087869
v 5.758835 1.374224 -0.080232
v 5.776021 1.384381 -0.083994
v 5.767656 1.382517 -0.085507
v 5.766665 1.374224 -0.087949
v 5.762710 1.384381 -0.078594
v 5.736638 1.334721 0.009157
v 5.731044 1.349085 0.022387
v 5.723407 1.349085 0.003563
v 5.732682 1.338928 0.018512
v 5.725769 1.340792 0.013566
v 5.723327 1.349085 0.014557
v 5.727282 1.338928 0.005201
v 5.736638 1.388588 0.009157
v 5.723407 1.374224 0.003563
v 5.731044 1.374224 0.022387
v 5.727282 1.384381 0.005201
v 5.725769 1.382517 0.013566
v 5.723327 1.374224 0.014557
v 5.732682 1.384381 0.018512
v 5.804785 1.334721 -0.840596
v 5.810379 1.349085 -0.853827
v 5.818016 1.349085 -0.835002
v 5.808741 1.338928 -0.849951
v 5.815653 1.340792 -0.845005
v 5.818096 1.349085 -0.845996
v 5.814141 1.338928 -0.836640
v 5.810379 1.374224 -0.853827
v 5.804785 1.388588 -0.840596
v 5.818016 1.374224 -0.835002
v 5.808741 1.384381 -0.849951
v 5.815653 1.382517 -0.845005
v 5.814141 1.384381 -0.836640
v 5.818096 1.374224 -0.845996
v 5.769357 1.334721 -0.756801
v 5.782588 1.349085 -0.751207
v 5.763763 1.349085 -0.743570
v 5.778713 1.338928 -0.752846
v 5.773767 1.340792 -0.745933
v 5.774757 1.349085 -0.743490
v 5.765402 1.338928 -0.747445
v 5.769357 1.388588 -0.756801
v 5.763763 1.374224 -0.743570
v 5.782588 1.374224 -0.751207
v 5.765402 1.384381 -0.747445
v 5.773767 1.382517 -0.745933
v 5.774757 1.374224 -0.743490
v 5.778713 1.384381 -0.752846
v 5.720990 1.334721 -0.876024
v 5.707759 1.349085 -0.881618
v 5.726584 1.349085 -0.889255
v 5.711635 1.338928 -0.879979
v 5.716581 1.340792 -0.886892
v 5.715590 1.349085 -0.889335
v 5.724946 1.338928 -0.885379
v 5.720990 1.388588 -0.876024
v 5.726584 1.374224 -0.889255
v 5.707759 1.374224 -0.881618
v 5.724946 1.384381 -0.885379
v 5.716581 1.382517 -0.886892
v 5.715590 1.374224 -0.889335
v 5.711635 1.384381 -0.879979
v 5.685562 1.334721 -0.792229
v 5.679968 1.349085 -0.778998
v 5.672331 1.349085 -0.797823
v 5.681607 1.338928 -0.782873
v 5.674694 1.340792 -0.787820
v 5.672251 1.349085 -0.786829
v 5.676207 1.338928 -0.796184
v 5.685562 1.388588 -0.792229
v 5.672331 1.374224 -0.797823
v 5.679968 1.374224 -0.778998
v 5.676207 1.384381 -0.796184
v 5.674694 1.382517 -0.787820
v 5.672251 1.374224 -0.786829
v 5.681607 1.384381 -0.782873
v 5.664938 1.334721 -0.509827
v 5.670532 1.349085 -0.523057
v 5.678169 1.349085 -0.504233
v 5.668894 1.338928 -0.519182
v 5.675807 1.340792 -0.514236
v 5.678249 1.349085 -0.515227
v 5.674294 1.338928 -0.505871
v 5.670532 1.374224 -0.523057
v 5.664938 1.388588 -0.509827
v 5.678169 1.374224 -0.504233
v 5.668894 1.384381 -0.519182
v 5.675807 1.382517 -0.514236
v 5.674294 1.384381 -0.505871
v 5.678249 1.374224 -0.515227
v 5.629510 1.334721 -0.426032
v 5.642741 1.349085 -0.420438
v 5.623916 1.349085 -0.412801
v 5.638866 1.338928 -0.422076
v 5.633919 1.340792 -0.415163
v 5.634910 1.349085 -0.412721
v 5.625555 1.338928 -0.416676
v 5.629510 1.388588 -0.426032
v 5.623916 1.374224 -0.412801
v 5.642741 1.374224 -0.420438
v 5.625555 1.384381 -0.416676
v 5.633919 1.382517 -0.415163
v 5.634910 1.374224 -0.412721
v 5.638866 1.384381 -0.422076
v 5.581143 1.334721 -0.545255
v 5.567913 1.349085 -0.550848
v 5.586737 1.349085 -0.558485
v 5.571788 1.338928 -0.549210
v 5.576734 1.340792 -0.556123
v 5.575743 1.349085 -0.558566
v 5.585099 1.338928 -0.554610
v 5.581143 1.388588 -0.545255
v 5.586737 1.374224 -0.558485
v 5.567913 1.374224 -0.550848
v 5.585099 1.384381 -0.554610
v 5.576734 1.382517 -0.556123
v 5.575743 1.374224 -0.558566
v 5.571788 1.384381 -0.549210
v 5.545715 1.334721 -0.461460
v 5.540122 1.349085 -0.448229
v 5.532485 1.349085 -0.467054
v 5.541760 1.338928 -0.452104
v 5.534847 1.340792 -0.457050
v 5.532404 1.349085 -0.456060
v 5.536360 1.338928 -0.465415
v 5.545715 1.388588 -0.461460
v 5.532485 1.374224 -0.467054
v 5.540122 1.374224 -0.448229
v 5.536360 1.384381 -0.465415
v 5.534847 1.382517 -0.457050
v 5.532404 1.374224 -0.456060
v 5.541760 1.384381 -0.452104
v 5.525091 1.334721 -0.179057
v 5.530685 1.349085 -0.192288
v 5.538322 1.349085 -0.173463
v 5.529047 1.338928 -0.188413
v 5.535960 1.340792 -0.183467
v 5.538402 1.349085 -0.184457
v 5.534447 1.338928 -0.175102
v 5.530685 1.374224 -0.192288
v 5.525091 1.388588 -0.179057
v 5.538322 1.374224 -0.173463
v 5.529047 1.384381 -0.188413
v 5.535960 1.382517 -0.183467
v 5.534447 1.384381 -0.175102
v 5.538402 1.374224 -0.184457
v 5.489663 1.334721 -0.095262
v 5.502894 1.349085 -0.089669
v 5.484069 1.349085 -0.082032
v 5.499019 1.338928 -0.091307
v 5.494072 1.340792 -0.084394
v 5.495063 1.349085 -0.081951
v 5.485708 1.338928 -0.085907
v 5.489663 1.388588 -0.095262
v 5.484069 1.374224 -0.082032
v 5.502894 1.374224 -0.089669
v 5.485708 1.384381 -0.085907
v 5.494072 1.382517 -0.084394
v 5.495063 1.374224 -0.081951
v 5.499019 1.384381 -0.091307
v 5.441296 1.334721 -0.214485
v 5.428065 1.349085 -0.220079
v 5.446890 1.349085 -0.227716
v 5.431941 1.338928 -0.218441
v 5.436887 1.340792 -0.225354
v 5.435896 1.349085 -0.227796
v 5.445251 1.338928 -0.223841
v 5.441296 1.388588 -0.214485
v 5.446890 1.374224 -0.227716
v 5.428065 1.374224 -0.220079
v 5.445251 1.384381 -0.223841
v 5.436887 1.382517 -0.225354
v 5.435896 1.374224 -0.227796
v 5.431941 1.384381 -0.218441
v 5.405869 1.334721 -0.130690
v 5.400274 1.349085 -0.117460
v 5.392638 1.349085 -0.136284
v 5.401913 1.338928 -0.121335
v 5.395000 1.340792 -0.126281
v 5.392557 1.349085 -0.125290
v 5.396513 1.338928 -0.134646
v 5.405869 1.388588 -0.130690
v 5.392638 1.374224 -0.136284
v 5.400274 1.374224 -0.117460
v 5.396513 1.384381 -0.134646
v 5.395000 1.382517 -0.126281
v 5.392557 1.374224 -0.125290
v 5.401913 1.384381 -0.121335
v 5.474016 1.334721 -0.980443
v 5.479609 1.349085 -0.993674
v 5.487247 1.349085 -0.974849
v 5.477972 1.338928 -0.989798
v 5.484884 1.340792 -0.984852
v 5.487327 1.349085 -0.985843
v 5.483371 1.338928 -0.976487
v 5.479609 1.374224 -0.993674
v 5.474016 1.388588 -0.980443
v 5.487247 1.374224 -0.974849
v 5.477972 1.384381 -0.989798
v 5.484884 1.382517 -0.984852
v 5.483371 1.384381 -0.976487
v 5.487327 1.374224 -0.985843
v 5.438588 1.334721 -0.896648
v 5.451818 1.349085 -0.891054
v 5.432994 1.349085 -0.883417
v 5.447944 1.338928 -0.892693
v 5.442997 1.340792 -0.885780
v 5.443988 1.349085 -0.883337
v 5.434632 1.338928 -0.887292
v 5.438588 1.388588 -0.896648
v 5.432994 1.374224 -0.883417
v 5.451818 1.374224 -0.891054
v 5.434632 1.384381 -0.887292
v 5.442997 1.382517 -0.885780
v 5.443988 1.374224 -0.883337
v 5.447944 1.384381 -0.892693
v 5.390221 1.334721 -1.015871
v 5.376990 1.349085 -1.021465
v 5.395815 1.349085 -1.029102
v 5.380865 1.338928 -1.019826
v 5.385812 1.340792 -1.026739
v 5.384821 1.349085 -1.029182
v 5.394176 1.338928 -1.025226
v 5.390221 1.388588 -1.015871
v 5.395815 1.374224 -1.029102
v 5.376990 1.374224 -1.021465
v 5.394176 1.384381 -1.025226
v 5.385812 1.382517 -1.026739
v 5.384821 1.374224 -1.029182
v 5.380866 1.384381 -1.019826
v 5.354793 1.334721 -0.932076
v 5.349199 1.349085 -0.918845
v 5.341562 1.349085 -0.937670
v 5.350838 1.338928 -0.922720
v 5.343925 1.340792 -0.927667
v 5.341482 1.349085 -0.926676
v 5.345438 1.338928 -0.936031
v 5.354793 1.388588 -0.932076
v 5.341562 1.374224 -0.937670
v 5.349199 1.374224 -0.918845
v 5.345438 1.384381 -0.936031
v 5.343925 1.382517 -0.927667
v 5.341482 1.374224 -0.926676
v 5.350838 1.384381 -0.922720
v 5.334169 1.334721 -0.649674
v 5.339763 1.349085 -0.662904
v 5.347400 1.349085 -0.644080
v 5.338124 1.338928 -0.659029
v 5.345037 1.340792 -0.654083
v 5.347480 1.349085 -0.655074
v 5.343524 1.338928 -0.645718
v 5.339763 1.374224 -0.662904
v 5.334169 1.388588 -0.649674
v 5.347400 1.374224 -0.644080
v 5.338124 1.384381 -0.659029
v 5.345037 1.382517 -0.654083
v 5.343524 1.384381 -0.645718
v 5.347480 1.374224 -0.655074
v 5.298741 1.334721 -0.565879
v 5.311972 1.349085 -0.560285
v 5.293147 1.349085 -0.552648
v 5.308096 1.338928 -0.561923
v 5.303150 1.340792 -0.555010
v 5.304141 1.349085 -0.552568
v 5.294785 1.338928 -0.556523
v 5.298741 1.388588 -0.565879
v 5.293147 1.374224 -0.552648
v 5.311972 1.374224 -0.560285
v 5.294785 1.384381 -0.556523
v 5.303150 1.382517 -0.555010
v 5.304141 1.374224 -0.552568
v 5.308096 1.384381 -0.561923
v 5.250374 1.334721 -0.685102
v 5.237143 1.349085 -0.690695
v 5.255968 1.349085 -0.698332
v 5.241018 1.338928 -0.689057
v 5.245965 1.340792 -0.695970
v 5.244974 1.349085 -0.698413
v 5.254329 1.338928 -0.694457
v 5.250374 1.388588 -0.685102
v 5.255968 1.374224 -0.698332
v 5.237143 1.374224 -0.690695
v 5.254329 1.384381 -0.694457
v 5.245965 1.382517 -0.695970
v 5.244974 1.374224 -0.698413
v 5.241018 1.384381 -0.689057
v 5.214946 1.334721 -0.601307
v 5.209352 1.349085 -0.588076
v 5.201715 1.349085 -0.606901
v 5.210990 1.338928 -0.591951
v 5.204078 1.340792 -0.596897
v 5.201635 1.349085 -0.595907
v 5.205590 1.338928 -0.605262
v 5.214946 1.388588 -0.601307
v 5.201715 1.374224 -0.606901
v 5.209352 1.374224 -0.588076
v 5.205590 1.384381 -0.605262
v 5.204078 1.382517 -0.596897
v 5.201635 1.374224 -0.595907
v 5.210990 1.384381 -0.591951
v 5.194322 1.334721 -0.318904
v 5.199916 1.349085 -0.332135
v 5.207552 1.349085 -0.313310
v 5.198277 1.338928 -0.328260
v 5.205190 1.340792 -0.323314
v 5.207633 1.349085 -0.324304
v 5.203677 1.338928 -0.314949
v 5.199916 1.374224 -0.332135
v 5.194322 1.388588 -0.318904
v 5.207552 1.374224 -0.313310
v 5.198277 1.384381 -0.328260
v 5.205190 1.382517 -0.323314
v 5.203677 1.384381 -0.314949
v 5.207633 1.374224 -0.324304
v 5.158894 1.334721 -0.235109
v 5.172125 1.349085 -0.229516
v 5.153300 1.349085 -0.221879
v 5.168250 1.338928 -0.231154
v 5.163303 1.340792 -0.224241
v 5.164294 1.349085 -0.221798
v 5.154939 1.338928 -0.225754
v 5.158894 1.388588 -0.235109
v 5.153300 1.374224 -0.221879
v 5.172125 1.374224 -0.229516
v 5.154939 1.384381 -0.225754
v 5.163303 1.382517 -0.224241
v 5.164294 1.374224 -0.221798
v 5.168250 1.384381 -0.231154
v 5.110527 1.334721 -0.354332
v 5.097296 1.349085 -0.359926
v 5.116121 1.349085 -0.367563
v 5.101171 1.338928 -0.358288
v 5.106118 1.340792 -0.365201
v 5.105127 1.349085 -0.367643
v 5.114482 1.338928 -0.363688
v 5.110527 1.388588 -0.354332
v 5.116121 1.374224 -0.367563
v 5.097296 1.374224 -0.359926
v 5.114482 1.384381 -0.363688
v 5.106118 1.382517 -0.365201
v 5.105127 1.374224 -0.367643
v 5.101171 1.384381 -0.358288
v 5.075099 1.334721 -0.270537
v 5.069505 1.349085 -0.257307
v 5.061868 1.349085 -0.276131
v 5.071144 1.338928 -0.261182
v 5.064230 1.340792 -0.266128
v 5.061788 1.349085 -0.265137
v 5.065743 1.338928 -0.274493
v 5.075099 1.388588 -0.270537
v 5.061868 1.374224 -0.276131
v 5.069505 1.374224 -0.257307
v 5.065743 1.384381 -0.274493
v 5.064230 1.382517 -0.266128
v 5.061788 1.374224 -0.265137
v 5.071144 1.384381 -0.261182
v 6.188385 0.776726 -0.280108
v 6.204832 0.803215 -0.308727
v 6.220902 0.801697 -0.269604
v 6.194673 0.779185 -0.294026
v 6.202698 0.778427 -0.274490
v 6.208153 0.780929 -0.288065
v 6.216947 0.801376 -0.299286
v 6.200710 0.788908 -0.304531
v 6.212403 0.787775 -0.295460
v 6.214633 0.787592 -0.270634
v 6.222846 0.800819 -0.284925
v 6.216556 0.787382 -0.285350
v 6.267976 1.156526 -0.320955
v 6.262053 1.188923 -0.294374
v 6.284046 1.155008 -0.281832
v 6.269109 1.171623 -0.317776
v 6.280091 1.154688 -0.311514
v 6.280580 1.169245 -0.308663
v 6.274960 1.182756 -0.288484
v 6.266935 1.183514 -0.308020
v 6.279049 1.177617 -0.301794
v 6.285990 1.154130 -0.297153
v 6.283032 1.170307 -0.283880
v 6.284733 1.168853 -0.298553
v 6.009434 0.823992 0.161496
v 6.041950 0.848963 0.172000
v 6.003511 0.856389 0.188078
v 6.023746 0.825692 0.167114
v 6.004552 0.829401 0.175142
v 6.018505 0.831020 0.179937
v 6.032724 0.851035 0.184243
v 6.035682 0.834858 0.170970
v 6.026907 0.837473 0.182652
v 6.002378 0.841292 0.184899
v 6.018615 0.853761 0.190144
v 6.016974 0.839392 0.186806
v 6.083102 1.236189 0.147231
v 6.066655 1.209700 0.175850
v 6.105094 1.202274 0.159773
v 6.076814 1.233730 0.161149
v 6.096008 1.230022 0.153121
v 6.089401 1.227708 0.166208
v 6.081759 1.207072 0.177916
v 6.070777 1.224007 0.171654
v 6.085151 1.220863 0.173604
v 6.104081 1.217573 0.157724
v 6.095868 1.204347 0.172015
v 6.095084 1.218944 0.169449
v 6.090269 0.792826 -0.321591
v 6.068276 0.826741 -0.334133
v 6.106715 0.819315 -0.350210
v 6.077363 0.798993 -0.327481
v 6.096557 0.795284 -0.335509
v 6.083970 0.801306 -0.340568
v 6.077502 0.824668 -0.346375
v 6.069290 0.811441 -0.332085
v 6.078286 0.810071 -0.343810
v 6.102593 0.805007 -0.346014
v 6.091612 0.821942 -0.352277
v 6.088220 0.808151 -0.347964
v 6.163937 1.205023 -0.335857
v 6.169859 1.172626 -0.362438
v 6.131420 1.180052 -0.346361
v 6.168819 1.199614 -0.349503
v 6.149624 1.203322 -0.341475
v 6.154866 1.197994 -0.354297
v 6.154756 1.175254 -0.364505
v 6.170993 1.187723 -0.359259
v 6.156396 1.189622 -0.361167
v 6.137689 1.194157 -0.345330
v 6.140646 1.177980 -0.358603
v 6.146463 1.191541 -0.357012
v 5.911317 0.840092 0.120013
v 5.905395 0.872489 0.146595
v 5.889325 0.874007 0.107471
v 5.906435 0.845500 0.133659
v 5.898411 0.846258 0.114123
v 5.894321 0.851398 0.127433
v 5.893280 0.874327 0.137153
v 5.904262 0.857392 0.143416
v 5.892791 0.859769 0.134302
v 5.890338 0.858707 0.109520
v 5.887381 0.874884 0.122793
v 5.888638 0.860162 0.124192
v 5.984985 1.252289 0.105748
v 5.952469 1.227318 0.095244
v 5.968539 1.225800 0.134367
v 5.970673 1.250588 0.100130
v 5.978697 1.249830 0.119666
v 5.965218 1.248086 0.113704
v 5.950525 1.228196 0.110565
v 5.958737 1.241423 0.096274
v 5.956815 1.241633 0.110990
v 5.972661 1.240107 0.130171
v 5.956424 1.227638 0.124926
v 5.960968 1.241240 0.121100
v 6.357138 0.763125 -0.388724
v 6.366461 0.787066 -0.410775
v 6.379189 0.787066 -0.379400
v 6.363730 0.770137 -0.404316
v 6.375252 0.773244 -0.396072
v 6.379323 0.787066 -0.397724
v 6.372730 0.770137 -0.382131
v 6.366461 1.002537 -0.410775
v 6.357138 1.026478 -0.388724
v 6.379189 1.002537 -0.379400
v 6.363730 1.019466 -0.404316
v 6.375252 1.016359 -0.396072
v 6.372730 1.019466 -0.382131
v 6.379323 1.002537 -0.397724
v 6.245260 0.763125 -0.124108
v 6.267311 0.787066 -0.114785
v 6.235937 0.787066 -0.102057
v 6.260853 0.770137 -0.117516
v 6.252608 0.773244 -0.105994
v 6.254260 0.787066 -0.101923
v 6.238667 0.770137 -0.108515
v 6.245260 1.026478 -0.124108
v 6.235937 1.002537 -0.102057
v 6.267311 1.002537 -0.114785
v 6.238667 1.019466 -0.108515
v 6.252608 1.016359 -0.105994
v 6.254260 1.002537 -0.101923
v 6.260852 1.019466 -0.117516
v 6.290984 0.763125 -0.416693
v 6.268932 0.787066 -0.426016
v 6.300307 0.787066 -0.438744
v 6.275391 0.770137 -0.423285
v 6.283635 0.773244 -0.434807
v 6.281983 0.787066 -0.438878
v 6.297576 0.770137 -0.432286
v 6.290984 1.026478 -0.416693
v 6.300307 1.002537 -0.438744
v 6.268932 1.002537 -0.426016
v 6.297576 1.019466 -0.432286
v 6.283635 1.016359 -0.434807
v 6.281983 1.002537 -0.438878
v 6.275391 1.019466 -0.423285
v 6.179106 0.763125 -0.152077
v 6.169783 0.787066 -0.130026
v 6.157055 0.787066 -0.161401
v 6.172513 0.770137 -0.136485
v 6.160992 0.773244 -0.144729
v 6.156921 0.787066 -0.143077
v 6.163514 0.770137 -0.158670
v 6.179106 1.026478 -0.152077
v 6.157055 1.002537 -0.161401
v 6.169783 1.002537 -0.130026
v 6.163514 1.019466 -0.158670
v 6.160992 1.016359 -0.144729
v 6.156921 1.002537 -0.143077
v 6.172513 1.019466 -0.136485
v 5.149780 0.792826 -0.719223
v 5.158852 0.819315 -0.750960
v 5.174100 0.826741 -0.712185
v 5.155384 0.795284 -0.733431
v 5.162998 0.798993 -0.714068
v 5.167783 0.801306 -0.727926
v 5.170857 0.821942 -0.741565
v 5.158714 0.805007 -0.745080
v 5.170127 0.808151 -0.736128
v 5.171925 0.811441 -0.711485
v 5.176455 0.824668 -0.727332
v 5.174067 0.810071 -0.726107
v 5.123631 1.172626 -0.804776
v 5.108689 1.205023 -0.782008
v 5.138879 1.180052 -0.766001
v 5.120562 1.187723 -0.803375
v 5.135636 1.175254 -0.795381
v 5.132099 1.189622 -0.794233
v 5.122691 1.203322 -0.775655
v 5.115077 1.199614 -0.795017
v 5.128237 1.197994 -0.788349
v 5.141233 1.177980 -0.781148
v 5.133772 1.194157 -0.769779
v 5.136039 1.191541 -0.784212
v 4.957670 0.840092 -0.283182
v 4.981989 0.874007 -0.276144
v 4.942728 0.872489 -0.260415
v 4.970887 0.846258 -0.278028
v 4.951282 0.845500 -0.270173
v 4.964188 0.851398 -0.265821
v 4.972353 0.874884 -0.264075
v 4.979814 0.858707 -0.275444
v 4.970473 0.860162 -0.264002
v 4.945797 0.857392 -0.261816
v 4.957941 0.874327 -0.258301
v 4.960327 0.859769 -0.259937
v 4.916578 1.252288 -0.345968
v 4.907506 1.225800 -0.314230
v 4.946768 1.227318 -0.329960
v 4.910975 1.249830 -0.331760
v 4.930580 1.250588 -0.339615
v 4.924643 1.248086 -0.326244
v 4.922720 1.227639 -0.312117
v 4.907645 1.240107 -0.320111
v 4.922298 1.241241 -0.318042
v 4.941661 1.241423 -0.333739
v 4.937131 1.228196 -0.317891
v 4.932445 1.241633 -0.322107
v 5.051664 0.776726 -0.760706
v 5.021474 0.801697 -0.776714
v 5.060736 0.803215 -0.792443
v 5.037663 0.778427 -0.767059
v 5.057268 0.779185 -0.774913
v 5.043599 0.780929 -0.780430
v 5.031111 0.800819 -0.788783
v 5.026581 0.787592 -0.772935
v 5.035798 0.787382 -0.784567
v 5.060597 0.788908 -0.786563
v 5.045522 0.801376 -0.794556
v 5.045944 0.787775 -0.788632
v 5.010572 1.188923 -0.823491
v 5.025515 1.156526 -0.846259
v 4.986253 1.155008 -0.830530
v 5.016960 1.183514 -0.836501
v 4.997355 1.182756 -0.828646
v 5.004054 1.177617 -0.840853
v 5.010301 1.154688 -0.848372
v 5.022445 1.171623 -0.844858
v 5.007915 1.169245 -0.846737
v 4.988429 1.170307 -0.831230
v 4.995890 1.154130 -0.842599
v 4.997769 1.168853 -0.842672
v 4.859553 0.823992 -0.324665
v 4.844611 0.856389 -0.301898
v 4.829363 0.848963 -0.340673
v 4.853166 0.829401 -0.311656
v 4.845551 0.825692 -0.331019
v 4.840005 0.831020 -0.318325
v 4.832606 0.853761 -0.311292
v 4.847681 0.841292 -0.303299
v 4.836143 0.839392 -0.312441
v 4.834470 0.834858 -0.336894
v 4.827009 0.851035 -0.325525
v 4.832203 0.837473 -0.322461
v 4.818462 1.236189 -0.387451
v 4.794142 1.202274 -0.394489
v 4.809390 1.209700 -0.355713
v 4.805244 1.230022 -0.392605
v 4.812859 1.233731 -0.373243
v 4.800459 1.227709 -0.378747
v 4.791788 1.204347 -0.379341
v 4.796318 1.217574 -0.395189
v 4.794175 1.218944 -0.380566
v 4.809528 1.224008 -0.361594
v 4.797385 1.207072 -0.365108
v 4.798115 1.220863 -0.370546
v 5.078163 0.763125 -0.929465
v 5.087486 0.787066 -0.951517
v 5.100214 0.787066 -0.920142
v 5.084755 0.770137 -0.945058
v 5.096277 0.773244 -0.936814
v 5.100348 0.787066 -0.938465
v 5.093756 0.770137 -0.922873
v 5.087486 1.002537 -0.951517
v 5.078163 1.026478 -0.929465
v 5.100214 1.002537 -0.920142
v 5.084755 1.019466 -0.945058
v 5.096277 1.016359 -0.936814
v 5.093756 1.019466 -0.922873
v 5.100348 1.002537 -0.938465
v 4.966285 0.763125 -0.664850
v 4.988337 0.787066 -0.655527
v 4.956962 0.787066 -0.642799
v 4.981878 0.770137 -0.658257
v 4.973634 0.773244 -0.646736
v 4.975286 0.787066 -0.642665
v 4.959693 0.770137 -0.649257
v 4.966285 1.026478 -0.664850
v 4.956962 1.002537 -0.642799
v 4.988337 1.002537 -0.655527
v 4.959693 1.019466 -0.649257
v 4.973634 1.016359 -0.646736
v 4.975286 1.002537 -0.642665
v 4.981878 1.019466 -0.658257
v 5.012009 0.763125 -0.957435
v 4.989958 0.787066 -0.966758
v 5.021332 0.787066 -0.979486
v 4.996417 0.770137 -0.964027
v 5.004661 0.773244 -0.975549
v 5.003009 0.787066 -0.979620
v 5.018601 0.770137 -0.973027
v 5.012009 1.026478 -0.957435
v 5.021332 1.002537 -0.979486
v 4.989958 1.002537 -0.966758
v 5.018601 1.019466 -0.973027
v 5.004661 1.016359 -0.975549
v 5.003009 1.002537 -0.979620
v 4.996417 1.019466 -0.964027
v 4.900132 0.763125 -0.692819
v 4.890809 0.787066 -0.670768
v 4.878080 0.787066 -0.702142
v 4.893539 0.770137 -0.677227
v 4.882018 0.773244 -0.685471
v 4.877946 0.787066 -0.683819
v 4.884539 0.770137 -0.699412
v 4.900132 1.026478 -0.692819
v 4.878080 1.002537 -0.702142
v 4.890809 1.002537 -0.670768
v 4.884539 1.019466 -0.699412
v 4.882018 1.016359 -0.685471
v 4.877946 1.002537 -0.683819
v 4.893539 1.019466 -0.677227
v 5.739864 0.248390 0.026117
v 5.749187 0.272331 0.004065
v 5.761916 0.272331 0.035440
v 5.746457 0.255402 0.010524
v 5.757978 0.258508 0.018768
v 5.762049 0.272331 0.017117
v 5.755457 0.255402 0.032709
v 5.749187 0.559625 0.004065
v 5.739864 0.583566 0.026117
v 5.761916 0.559625 0.035440
v 5.746457 0.576554 0.010524
v 5.757978 0.573447 0.018768
v 5.755457 0.576554 0.032709
v 5.762049 0.559625 0.017117
v 5.693249 0.248390 0.136373
v 5.715300 0.272331 0.145696
v 5.683926 0.272331 0.158424
v 5.708841 0.255402 0.142966
v 5.700597 0.258508 0.154487
v 5.702249 0.272331 0.158558
v 5.686656 0.255402 0.151966
v 5.693249 0.583566 0.136373
v 5.683926 0.559625 0.158424
v 5.715300 0.559625 0.145696
v 5.686656 0.576554 0.151966
v 5.700597 0.573447 0.154487
v 5.702249 0.559625 0.158558
v 5.708841 0.576554 0.142966
v 5.629608 0.248390 -0.020499
v 5.607556 0.272331 -0.029822
v 5.638931 0.272331 -0.042550
v 5.614015 0.255402 -0.027091
v 5.622259 0.258508 -0.038613
v 5.620608 0.272331 -0.042684
v 5.636200 0.255402 -0.036092
v 5.629608 0.583566 -0.020499
v 5.638931 0.559625 -0.042550
v 5.607556 0.559625 -0.029822
v 5.636200 0.576554 -0.036092
v 5.622259 0.573447 -0.038613
v 5.620608 0.559625 -0.042684
v 5.614015 0.576554 -0.027091
v 5.582992 0.248390 0.089757
v 5.573669 0.272331 0.111809
v 5.560941 0.272331 0.080434
v 5.576400 0.255402 0.105350
v 5.564878 0.258508 0.097106
v 5.560807 0.272331 0.098758
v 5.567400 0.255402 0.083165
v 5.582992 0.583566 0.089757
v 5.560941 0.559625 0.080434
v 5.573669 0.559625 0.111809
v 5.567400 0.576554 0.083165
v 5.564878 0.573447 0.097106
v 5.560807 0.559625 0.098758
v 5.576400 0.576554 0.105350
v 5.686840 0.044890 0.111569
v 5.695230 0.066437 0.091723
v 5.706686 0.066437 0.119960
v 5.692773 0.051201 0.097536
v 5.703143 0.053996 0.104956
v 5.706807 0.066437 0.103469
v 5.700873 0.051201 0.117503
v 5.695230 0.358519 0.091723
v 5.686840 0.380066 0.111569
v 5.706686 0.358519 0.119960
v 5.692773 0.373755 0.097536
v 5.703143 0.370959 0.104956
v 5.700873 0.373755 0.117503
v 5.706807 0.358519 0.103469
v 5.652344 0.044890 0.193159
v 5.672191 0.066437 0.201550
v 5.643953 0.066437 0.213005
v 5.666378 0.051201 0.199092
v 5.658958 0.053996 0.209462
v 5.660444 0.066437 0.213126
v 5.646411 0.051201 0.207193
v 5.652344 0.380066 0.193159
v 5.643953 0.358519 0.213005
v 5.672191 0.358519 0.201550
v 5.646411 0.373755 0.207193
v 5.658958 0.370959 0.209462
v 5.660444 0.358519 0.213126
v 5.666378 0.373755 0.199092
v 5.605250 0.044890 0.077074
v 5.585404 0.066437 0.068683
v 5.613641 0.066437 0.057228
v 5.591217 0.051201 0.071141
v 5.598637 0.053996 0.060771
v 5.597150 0.066437 0.057107
v 5.611183 0.051201 0.063041
v 5.605250 0.380066 0.077074
v 5.613641 0.358519 0.057228
v 5.585404 0.358519 0.068683
v 5.611183 0.373755 0.063041
v 5.598637 0.370959 0.060771
v 5.597150 0.358519 0.057107
v 5.591217 0.373755 0.071141
v 5.570755 0.044890 0.158664
v 5.562364 0.066437 0.178510
v 5.550909 0.066437 0.150273
v 5.564821 0.051201 0.172697
v 5.554452 0.053996 0.165277
v 5.550788 0.066437 0.166764
v 5.556721 0.051201 0.152730
v 5.570755 0.380066 0.158664
v 5.550909 0.358519 0.150273
v 5.562364 0.358519 0.178510
v 5.556721 0.373755 0.152730
v 5.554452 0.370959 0.165277
v 5.550788 0.358519 0.166764
v 5.564821 0.373755 0.172697
v 5.736881 0.000000 0.139225
v 5.746204 0.023941 0.117173
v 5.758932 0.023941 0.148548
v 5.743474 0.007012 0.123632
v 5.754995 0.010119 0.131876
v 5.759066 0.023941 0.130225
v 5.752473 0.007012 0.145817
v 5.746204 0.089779 0.117173
v 5.736881 0.113720 0.139225
v 5.758932 0.089779 0.148548
v 5.743474 0.106708 0.123632
v 5.754995 0.103602 0.131876
v 5.752473 0.106708 0.145817
v 5.759066 0.089779 0.130225
v 5.613815 0.000000 0.430302
v 5.635867 0.023941 0.439625
v 5.604492 0.023941 0.452353
v 5.629408 0.007012 0.436894
v 5.621164 0.010119 0.448416
v 5.622816 0.023941 0.452487
v 5.607223 0.007012 0.445894
v 5.613815 0.113720 0.430302
v 5.604492 0.089779 0.452353
v 5.635867 0.089779 0.439625
v 5.607223 0.106708 0.445894
v 5.621164 0.103602 0.448416
v 5.622816 0.089779 0.452487
v 5.629408 0.106708 0.436894
v 5.550548 0.000000 0.060444
v 5.528496 0.023941 0.051121
v 5.559871 0.023941 0.038393
v 5.534955 0.007012 0.053852
v 5.543199 0.010119 0.042330
v 5.541547 0.023941 0.038259
v 5.557140 0.007012 0.044852
v 5.550548 0.113720 0.060444
v 5.559871 0.089779 0.038393
v 5.528496 0.089779 0.051121
v 5.557140 0.106708 0.044852
v 5.543199 0.103602 0.042330
v 5.541547 0.089779 0.038259
v 5.534955 0.106708 0.053852
v 5.427482 0.000000 0.351521
v 5.418159 0.023941 0.373572
v 5.405431 0.023941 0.342198
v 5.420890 0.007012 0.367114
v 5.409368 0.010119 0.358870
v 5.405297 0.023941 0.360521
v 5.411890 0.007012 0.344929
v 5.427482 0.113720 0.351521
v 5.405431 0.089779 0.342198
v 5.418159 0.089779 0.373572
v 5.411890 0.106708 0.344929
v 5.409368 0.103602 0.358870
v 5.405297 0.089779 0.360521
v 5.420890 0.106708 0.367114
v 5.632999 0.022744 0.415668
v 5.637661 0.034715 0.404643
v 5.644024 0.034715 0.420330
v 5.637661 0.079006 0.404643
v 5.632999 0.090976 0.415668
v 5.644024 0.079006 0.420330
v 5.580323 0.022744 0.540258
v 5.591349 0.034715 0.544920
v 5.575662 0.034715 0.551284
v 5.580323 0.090976 0.540258
v 5.575662 0.079006 0.551284
v 5.591349 0.079006 0.544920
v 5.592204 0.022744 0.398421
v 5.581179 0.034715 0.393759
v 5.596866 0.034715 0.387395
v 5.592204 0.090976 0.398421
v 5.596866 0.079006 0.387395
v 5.581179 0.079006 0.393759
v 5.539528 0.022744 0.523010
v 5.534867 0.034715 0.534036
v 5.528503 0.034715 0.518349
v 5.539528 0.090976 0.523010
v 5.528503 0.079006 0.518349
v 5.534867 0.079006 0.534036
v 5.549204 0.022744 0.380240
v 5.553865 0.034715 0.369215
v 5.560230 0.034715 0.384902
v 5.553865 0.079006 0.369215
v 5.549204 0.090976 0.380240
v 5.560230 0.079006 0.384902
v 5.496528 0.022744 0.504830
v 5.507554 0.034715 0.509492
v 5.491867 0.034715 0.515856
v 5.496528 0.090976 0.504830
v 5.491867 0.079006 0.515856
v 5.507554 0.079006 0.509492
v 5.508409 0.022744 0.362993
v 5.497384 0.034715 0.358331
v 5.513071 0.034715 0.351967
v 5.508409 0.090976 0.362993
v 5.513071 0.079006 0.351967
v 5.497384 0.079006 0.358331
v 5.455733 0.022744 0.487582
v 5.451072 0.034715 0.498608
v 5.444708 0.034715 0.482921
v 5.455733 0.090976 0.487582
v 5.444708 0.079006 0.482921
v 5.451072 0.079006 0.498608
v 5.465409 0.022744 0.344813
v 5.470071 0.034715 0.333787
v 5.476435 0.034715 0.349474
v 5.470071 0.079006 0.333787
v 5.465409 0.090976 0.344813
v 5.476435 0.079006 0.349474
v 5.412734 0.022744 0.469402
v 5.423759 0.034715 0.474064
v 5.408072 0.034715 0.480428
v 5.412734 0.090976 0.469402
v 5.408072 0.079006 0.480428
v 5.423759 0.079006 0.474064
v 5.424614 0.022744 0.327565
v 5.413589 0.034715 0.322903
v 5.429276 0.034715 0.316539
v 5.424614 0.090976 0.327565
v 5.429276 0.079006 0.316539
v 5.413589 0.079006 0.322903
v 5.371939 0.022744 0.452155
v 5.367277 0.034715 0.463180
v 5.360913 0.034715 0.447493
v 5.371939 0.090976 0.452155
v 5.360913 0.079006 0.447493
v 5.367277 0.079006 0.463180
v 5.254736 0.248390 -0.178992
v 5.264059 0.272331 -0.201044
v 5.276787 0.272331 -0.169669
v 5.261328 0.255402 -0.194585
v 5.272850 0.258508 -0.186341
v 5.276921 0.272331 -0.187992
v 5.270329 0.255402 -0.172400
v 5.264059 0.559625 -0.201044
v 5.254736 0.583566 -0.178992
v 5.276787 0.559625 -0.169669
v 5.261328 0.576554 -0.194585
v 5.272850 0.573447 -0.186341
v 5.270329 0.576554 -0.172400
v 5.276921 0.559625 -0.187992
v 5.208120 0.248390 -0.068736
v 5.230172 0.272331 -0.059413
v 5.198797 0.272331 -0.046685
v 5.223713 0.255402 -0.062143
v 5.215469 0.258508 -0.050622
v 5.217121 0.272331 -0.046551
v 5.201528 0.255402 -0.053143
v 5.208120 0.583566 -0.068736
v 5.198797 0.559625 -0.046685
v 5.230172 0.559625 -0.059413
v 5.201528 0.576554 -0.053143
v 5.215469 0.573447 -0.050622
v 5.217121 0.559625 -0.046551
v 5.223713 0.576554 -0.062143
v 5.144480 0.248390 -0.225608
v 5.122428 0.272331 -0.234931
v 5.153803 0.272331 -0.247659
v 5.128887 0.255402 -0.232200
v 5.137131 0.258508 -0.243722
v 5.135479 0.272331 -0.247793
v 5.151072 0.255402 -0.241201
v 5.144480 0.583566 -0.225608
v 5.153803 0.559625 -0.247659
v 5.122428 0.559625 -0.234931
v 5.151072 0.576554 -0.241201
v 5.137131 0.573447 -0.243722
v 5.135479 0.559625 -0.247793
v 5.128887 0.576554 -0.232200
v 5.097864 0.248390 -0.115352
v 5.088541 0.272331 -0.093300
v 5.075812 0.272331 -0.124675
v 5.091271 0.255402 -0.099759
v 5.079750 0.258508 -0.108003
v 5.075679 0.272331 -0.106351
v 5.082271 0.255402 -0.121944
v 5.097864 0.583566 -0.115352
v 5.075812 0.559625 -0.124675
v 5.088541 0.559625 -0.093300
v 5.082271 0.576554 -0.121944
v 5.079750 0.573447 -0.108003
v 5.075679 0.559625 -0.106351
v 5.091271 0.576554 -0.099759
v 5.201712 0.044890 -0.093540
v 5.210103 0.066437 -0.113386
v 5.221558 0.066437 -0.085149
v 5.207645 0.051201 -0.107573
v 5.218014 0.053996 -0.100153
v 5.221678 0.066437 -0.101640
v 5.215745 0.051201 -0.087606
v 5.210103 0.358519 -0.113386
v 5.201712 0.380066 -0.093540
v 5.221558 0.358519 -0.085149
v 5.207645 0.373755 -0.107573
v 5.218014 0.370959 -0.100153
v 5.215745 0.373755 -0.087606
v 5.221678 0.358519 -0.101640
v 5.167216 0.044890 -0.011950
v 5.187062 0.066437 -0.003559
v 5.158825 0.066437 0.007896
v 5.181249 0.051201 -0.006017
v 5.173830 0.053996 0.004353
v 5.175316 0.066437 0.008017
v 5.161283 0.051201 0.002084
v 5.167216 0.380066 -0.011950
v 5.158825 0.358519 0.007896
v 5.187062 0.358519 -0.003559
v 5.161283 0.373755 0.002084
v 5.173830 0.370959 0.004353
v 5.175316 0.358519 0.008017
v 5.181249 0.373755 -0.006017
v 5.120122 0.044890 -0.128035
v 5.100276 0.066437 -0.136426
v 5.128513 0.066437 -0.147881
v 5.106089 0.051201 -0.133968
v 5.113508 0.053996 -0.144338
v 5.112021 0.066437 -0.148002
v 5.126055 0.051201 -0.142068
v 5.120122 0.380066 -0.128035
v 5.128513 0.358519 -0.147881
v 5.100276 0.358519 -0.136426
v 5.126055 0.373755 -0.142068
v 5.113508 0.370959 -0.144338
v 5.112021 0.358519 -0.148002
v 5.106089 0.373755 -0.133968
v 5.085626 0.044890 -0.046445
v 5.077235 0.066437 -0.026599
v 5.065780 0.066437 -0.054836
v 5.079693 0.051201 -0.032412
v 5.069324 0.053996 -0.039832
v 5.065660 0.066437 -0.038345
v 5.071593 0.051201 -0.052379
v 5.085626 0.380066 -0.046445
v 5.065780 0.358519 -0.054836
v 5.077235 0.358519 -0.026599
v 5.071593 0.373755 -0.052379
v 5.069324 0.370959 -0.039832
v 5.065660 0.358519 -0.038345
v 5.079693 0.373755 -0.032412
v 5.251753 0.000000 -0.065884
v 5.261076 0.023941 -0.087936
v 5.273804 0.023941 -0.056561
v 5.258345 0.007012 -0.081477
v 5.269866 0.010119 -0.073233
v 5.273938 0.023941 -0.074884
v 5.267345 0.007012 -0.059292
v 5.261076 0.089779 -0.087936
v 5.251753 0.113720 -0.065884
v 5.273804 0.089779 -0.056561
v 5.258345 0.106708 -0.081477
v 5.269866 0.103602 -0.073233
v 5.267345 0.106708 -0.059292
v 5.273938 0.089779 -0.074884
v 5.128687 0.000000 0.225193
v 5.150739 0.023941 0.234516
v 5.119364 0.023941 0.247244
v 5.144280 0.007012 0.231785
v 5.136036 0.010119 0.243307
v 5.137687 0.023941 0.247378
v 5.122095 0.007012 0.240785
v 5.128687 0.113720 0.225193
v 5.119364 0.089779 0.247244
v 5.150739 0.089779 0.234516
v 5.122095 0.106708 0.240785
v 5.136036 0.103602 0.243307
v 5.137687 0.089779 0.247378
v 5.144280 0.106708 0.231785
v 5.065419 0.000000 -0.144665
v 5.043368 0.023941 -0.153988
v 5.074742 0.023941 -0.166716
v 5.049827 0.007012 -0.151257
v 5.058071 0.010119 -0.162779
v 5.056419 0.023941 -0.166850
v 5.072012 0.007012 -0.160257
v 5.065419 0.113720 -0.144665
v 5.074742 0.089779 -0.166716
v 5.043368 0.089779 -0.153988
v 5.072012 0.106708 -0.160257
v 5.058071 0.103602 -0.162779
v 5.056419 0.089779 -0.166850
v 5.049827 0.106708 -0.151257
v 4.942354 0.000000 0.146412
v 4.933031 0.023941 0.168464
v 4.920303 0.023941 0.137089
v 4.935761 0.007012 0.162005
v 4.924240 0.010119 0.153761
v 4.920169 0.023941 0.155412
v 4.926761 0.007012 0.139820
v 4.942354 0.113720 0.146412
v 4.920303 0.089779 0.137089
v 4.933031 0.089779 0.168464
v 4.926761 0.106708 0.139820
v 4.924240 0.103602 0.153761
v 4.920169 0.089779 0.155412
v 4.935761 0.106708 0.162005
v 5.147871 0.022744 0.210559
v 5.152532 0.034715 0.199534
v 5.158896 0.034715 0.215221
v 5.152532 0.079006 0.199534
v 5.147871 0.090976 0.210559
v 5.158896 0.079006 0.215221
v 5.095195 0.022744 0.335149
v 5.106221 0.034715 0.339811
v 5.090533 0.034715 0.346175
v 5.095195 0.090976 0.335149
v 5.090533 0.079006 0.346175
v 5.106221 0.079006 0.339811
v 5.107076 0.022744 0.193312
v 5.096050 0.034715 0.188650
v 5.111737 0.034715 0.182286
v 5.107076 0.090976 0.193312
v 5.111737 0.079006 0.182286
v 5.096050 0.079006 0.188650
v 5.054400 0.022744 0.317901
v 5.049738 0.034715 0.328927
v 5.043375 0.034715 0.313240
v 5.054400 0.090976 0.317901
v 5.043375 0.079006 0.313240
v 5.049738 0.079006 0.328927
v 5.064076 0.022744 0.175131
v 5.068738 0.034715 0.164106
v 5.075101 0.034715 0.179793
v 5.068738 0.079006 0.164106
v 5.064076 0.090976 0.175131
v 5.075101 0.079006 0.179793
v 5.011400 0.022744 0.299721
v 5.022426 0.034715 0.304383
v 5.006739 0.034715 0.310747
v 5.011400 0.090976 0.299721
v 5.006739 0.079006 0.310747
v 5.022426 0.079006 0.304383
v 5.023281 0.022744 0.157884
v 5.012255 0.034715 0.153222
v 5.027943 0.034715 0.146858
v 5.023281 0.090976 0.157884
v 5.027943 0.079006 0.146858
v 5.012255 0.079006 0.153222
v 4.970605 0.022744 0.282474
v 4.965943 0.034715 0.293499
v 4.959579 0.034715 0.277812
v 4.970605 0.090976 0.282474
v 4.959579 0.079006 0.277812
v 4.965943 0.079006 0.293499
v 4.980281 0.022744 0.139704
v 4.984942 0.034715 0.128678
v 4.991306 0.034715 0.144365
v 4.984942 0.079006 0.128678
v 4.980281 0.090976 0.139704
v 4.991306 0.079006 0.144365
v 4.927605 0.022744 0.264293
v 4.938631 0.034715 0.268955
v 4.922944 0.034715 0.275319
v 4.927605 0.090976 0.264293
v 4.922944 0.079006 0.275319
v 4.938631 0.079006 0.268955
v 4.939486 0.022744 0.122456
v 4.928461 0.034715 0.117794
v 4.944148 0.034715 0.111430
v 4.939486 0.090976 0.122456
v 4.944148 0.079006 0.111430
v 4.928461 0.079006 0.117794
v 4.886810 0.022744 0.247046
v 4.882149 0.034715 0.258071
v 4.875785 0.034715 0.242384
v 4.886810 0.090976 0.247046
v 4.875785 0.079006 0.242384
v 4.882149 0.079006 0.258071
v 6.202628 0.586040 -1.037684
v 6.213618 0.604747 -1.063676
v 6.226532 0.609504 -1.032742
v 6.209632 0.589549 -1.054249
v 6.221418 0.593211 -1.046630
v 6.226534 0.606141 -1.050754
v 6.218763 0.592912 -1.032374
v 6.246958 1.027099 -1.142533
v 6.239673 1.055319 -1.125302
v 6.259872 1.031855 -1.111598
v 6.245591 1.045083 -1.139301
v 6.256896 1.042656 -1.130545
v 6.254723 1.048446 -1.117427
v 6.259874 1.028491 -1.129611
v 6.147805 0.614578 -0.908014
v 6.171708 0.638042 -0.903071
v 6.140520 0.642799 -0.890783
v 6.163939 0.621451 -0.902704
v 6.156044 0.627241 -0.892005
v 6.158789 0.641405 -0.890520
v 6.141886 0.624814 -0.894015
v 6.184849 1.083857 -0.995632
v 6.173860 1.065150 -0.969639
v 6.205048 1.060393 -0.981928
v 6.177845 1.080348 -0.979067
v 6.191522 1.076686 -0.975920
v 6.192128 1.063756 -0.969377
v 6.199899 1.076985 -0.987756
v 6.114423 0.586040 -1.074976
v 6.094224 0.609504 -1.088680
v 6.125413 0.604747 -1.100969
v 6.099373 0.592912 -1.082852
v 6.107750 0.593211 -1.094688
v 6.107144 0.606141 -1.101231
v 6.121427 0.589549 -1.091541
v 6.151468 1.055319 -1.162595
v 6.158753 1.027099 -1.179826
v 6.127564 1.031855 -1.167537
v 6.157386 1.045083 -1.176593
v 6.143229 1.042656 -1.178603
v 6.140484 1.028491 -1.180088
v 6.135333 1.048446 -1.167904
v 6.059599 0.614578 -0.945306
v 6.052314 0.642799 -0.928075
v 6.039401 0.638042 -0.959010
v 6.053681 0.624814 -0.931307
v 6.042376 0.627241 -0.940063
v 6.039398 0.641405 -0.940998
v 6.044549 0.621451 -0.953182
v 6.096644 1.083857 -1.032924
v 6.072741 1.060393 -1.037867
v 6.085654 1.065150 -1.006932
v 6.080509 1.076985 -1.038234
v 6.077854 1.076686 -1.023978
v 6.072738 1.063756 -1.019854
v 6.089641 1.080348 -1.016360
v 6.023903 0.556710 -1.106793
v 6.034892 0.575418 -1.132785
v 6.047806 0.580174 -1.101851
v 6.030906 0.560219 -1.123358
v 6.042692 0.563881 -1.115739
v 6.047809 0.576811 -1.119863
v 6.040038 0.563582 -1.101483
v 6.072863 1.056428 -1.222594
v 6.065578 1.084649 -1.205363
v 6.085777 1.061185 -1.191659
v 6.071496 1.074413 -1.219362
v 6.082802 1.071986 -1.210607
v 6.080628 1.077776 -1.197488
v 6.085779 1.057822 -1.209672
v 5.969079 0.585248 -0.977122
v 5.992982 0.608712 -0.972180
v 5.961794 0.613469 -0.959892
v 5.985214 0.592121 -0.971813
v 5.977318 0.597911 -0.961114
v 5.980063 0.612076 -0.959629
v 5.963161 0.595484 -0.963124
v 6.010754 1.113187 -1.075693
v 5.999764 1.094479 -1.049700
v 6.030953 1.089723 -1.061989
v 6.003750 1.109678 -1.059128
v 6.017427 1.106016 -1.055981
v 6.018034 1.093086 -1.049438
v 6.025804 1.106315 -1.067817
v 5.935698 0.556710 -1.144086
v 5.915499 0.580174 -1.157789
v 5.946687 0.575418 -1.170078
v 5.920648 0.563582 -1.151961
v 5.929025 0.563881 -1.163797
v 5.928418 0.576811 -1.170340
v 5.942701 0.560219 -1.160650
v 5.977373 1.084649 -1.242656
v 5.984658 1.056428 -1.259887
v 5.953469 1.061185 -1.247598
v 5.983291 1.074413 -1.256655
v 5.969134 1.071986 -1.258665
v 5.966389 1.057822 -1.260149
v 5.961237 1.077776 -1.247965
v 5.880874 0.585248 -1.014415
v 5.873589 0.613469 -0.997184
v 5.860675 0.608712 -1.028119
v 5.874955 0.595484 -1.000416
v 5.863650 0.597911 -1.009172
v 5.860672 0.612075 -1.010106
v 5.865824 0.592121 -1.022290
v 5.922549 1.113187 -1.112986
v 5.898645 1.089723 -1.117928
v 5.911559 1.094479 -1.086993
v 5.906414 1.106315 -1.118295
v 5.903759 1.106016 -1.104039
v 5.898643 1.093086 -1.099915
v 5.915545 1.109678 -1.096421
v 5.845177 0.527380 -1.175902
v 5.856167 0.546088 -1.201894
v 5.869081 0.550844 -1.170959
v 5.852181 0.530889 -1.192467
v 5.863967 0.534551 -1.184848
v 5.869083 0.547481 -1.188972
v 5.861312 0.534253 -1.170592
v 5.898768 1.085758 -1.302655
v 5.891483 1.113979 -1.285425
v 5.911682 1.090515 -1.271721
v 5.897401 1.103743 -1.299423
v 5.908707 1.101315 -1.290668
v 5.906533 1.107106 -1.277549
v 5.911684 1.087151 -1.289733
v 5.790353 0.555918 -1.046231
v 5.814257 0.579382 -1.041289
v 5.783068 0.584139 -1.029000
v 5.806489 0.562791 -1.040922
v 5.798592 0.568581 -1.030223
v 5.801337 0.582745 -1.028738
v 5.784435 0.566154 -1.032233
v 5.836659 1.142517 -1.155754
v 5.825669 1.123809 -1.129761
v 5.856858 1.119053 -1.142050
v 5.829656 1.139008 -1.139189
v 5.843332 1.135346 -1.136042
v 5.843938 1.122416 -1.129499
v 5.851709 1.135645 -1.147879
v 5.756972 0.527380 -1.213194
v 5.736773 0.550844 -1.226898
v 5.767962 0.546088 -1.239187
v 5.741922 0.534252 -1.221070
v 5.750299 0.534551 -1.232906
v 5.749693 0.547481 -1.239449
v 5.763976 0.530889 -1.229759
v 5.803277 1.113979 -1.322717
v 5.810563 1.085758 -1.339948
v 5.779374 1.090515 -1.327659
v 5.809196 1.103743 -1.336716
v 5.795039 1.101315 -1.338726
v 5.792294 1.087151 -1.340210
v 5.787143 1.107106 -1.328027
v 5.702148 0.555918 -1.083524
v 5.694863 0.584139 -1.066293
v 5.681949 0.579382 -1.097228
v 5.696230 0.566154 -1.069525
v 5.684925 0.568581 -1.078281
v 5.681947 0.582745 -1.079215
v 5.687099 0.562791 -1.091399
v 5.748454 1.142517 -1.193047
v 5.724550 1.119053 -1.197989
v 5.737464 1.123809 -1.167054
v 5.732319 1.135645 -1.198356
v 5.729664 1.135346 -1.184100
v 5.724548 1.122416 -1.179976
v 5.741450 1.139008 -1.176482
v 5.666452 0.498050 -1.245011
v 5.677441 0.516758 -1.271003
v 5.690355 0.521514 -1.240068
v 5.673455 0.501559 -1.261576
v 5.685241 0.505221 -1.253957
v 5.690358 0.518151 -1.258081
v 5.682587 0.504922 -1.239701
v 5.724673 1.115088 -1.382717
v 5.717388 1.143309 -1.365486
v 5.737587 1.119845 -1.351782
v 5.723306 1.133073 -1.379485
v 5.734612 1.130646 -1.370729
v 5.732438 1.136436 -1.357610
v 5.737589 1.116481 -1.369794
v 5.611628 0.526588 -1.115340
v 5.635531 0.550052 -1.110398
v 5.604343 0.554809 -1.098109
v 5.627763 0.533461 -1.110031
v 5.619867 0.539252 -1.099332
v 5.622612 0.553416 -1.097847
v 5.605710 0.536824 -1.101341
v 5.662564 1.171847 -1.235815
v 5.651575 1.153139 -1.209823
v 5.682763 1.148383 -1.222111
v 5.655560 1.168338 -1.219250
v 5.669237 1.164676 -1.216103
v 5.669843 1.151746 -1.209560
v 5.677614 1.164975 -1.227940
v 5.578247 0.498050 -1.282303
v 5.558047 0.521514 -1.296007
v 5.589236 0.516758 -1.308296
v 5.563197 0.504922 -1.290179
v 5.571574 0.505221 -1.302015
v 5.570967 0.518151 -1.308558
v 5.585250 0.501559 -1.298868
v 5.629183 1.143309 -1.402778
v 5.636468 1.115088 -1.420009
v 5.605279 1.119845 -1.407721
v 5.635101 1.133073 -1.416777
v 5.620944 1.130646 -1.418787
v 5.618199 1.116481 -1.420272
v 5.613048 1.136436 -1.408088
v 5.523423 0.526588 -1.152633
v 5.516138 0.554809 -1.135402
v 5.503224 0.550052 -1.166337
v 5.517504 0.536824 -1.138634
v 5.506199 0.539252 -1.147390
v 5.503222 0.553416 -1.148324
v 5.508373 0.533461 -1.160508
v 5.574359 1.171847 -1.273108
v 5.550456 1.148383 -1.278050
v 5.563369 1.153139 -1.247115
v 5.558224 1.164975 -1.278417
v 5.555569 1.164676 -1.264161
v 5.550453 1.151746 -1.260038
v 5.567355 1.168338 -1.256543
vn 0.2686 -0.9571 -0.1089
vn 0.3816 -0.8152 -0.4357
vn 0.5773 -0.8152 0.0467
vn 0.6462 -0.7167 -0.2622
vn 0.5615 -0.2049 -0.8017
vn 0.8240 -0.1818 -0.5367
vn 0.4849 -0.5500 -0.6800
vn 0.7333 -0.4931 -0.4681
vn 0.9613 -0.2049 0.1839
vn 0.8216 -0.5500 0.1500
vn 0.9650 -0.1818 -0.1891
vn 0.8522 -0.4931 -0.1751
vn 0.5615 0.2049 -0.8017
vn 0.4849 0.5500 -0.6800
vn 0.8240 0.1818 -0.5367
vn 0.7333 0.4931 -0.4681
vn 0.2686 0.9571 -0.1090
vn 0.5773 0.8152 0.0467
vn 0.3816 0.8152 -0.4357
vn 0.6462 0.7167 -0.2622
vn 0.9613 0.2049 0.1839
vn 0.9650 0.1818 -0.1891
vn 0.8216 0.5500 0.1500
vn 0.8522 0.4931 -0.1751
vn 0.1090 -0.9571 0.2686
vn 0.4357 -0.8152 0.3816
vn -0.0467 -0.8152 0.5773
vn 0.2621 -0.7167 0.6462
vn 0.8017 -0.2049 0.5615
vn 0.5367 -0.1818 0.8240
vn 0.6800 -0.5500 0.4849
vn 0.4681 -0.4931 0.7333
vn -0.1840 -0.2049 0.9613
vn -0.1500 -0.5500 0.8216
vn 0.1891 -0.1818 0.9650
vn 0.1751 -0.4931 0.8522
vn 0.1090 0.9571 0.2686
vn -0.0467 0.8152 0.5773
vn 0.4357 0.8152 0.3816
vn 0.2622 0.7167 0.6462
vn -0.1840 0.2049 0.9613
vn 0.1891 0.1818 0.9650
vn -0.1500 0.5500 0.8216
vn 0.1751 0.4931 0.8522
vn 0.8017 0.2049 0.5615
vn 0.6800 0.5500 0.4849
vn 0.5367 0.1818 0.8240
vn 0.4681 0.4931 0.7333
vn -0.1090 -0.9571 -0.2686
vn -0.4357 -0.8152 -0.3816
vn 0.0467 -0.8152 -0.5773
vn -0.2621 -0.7167 -0.6462
vn -0.8017 -0.2049 -0.5615
vn -0.5367 -0.1818 -0.8240
vn -0.6800 -0.5500 -0.4849
vn -0.4681 -0.4931 -0.7333
vn 0.1839 -0.2049 -0.9613
vn 0.1500 -0.5500 -0.8216
vn -0.1891 -0.1818 -0.9650
vn -0.1751 -0.4931 -0.8522
vn -0.1090 0.9571 -0.2686
vn 0.0467 0.8152 -0.5773
vn -0.4357 0.8152 -0.3816
vn -0.2622 0.7167 -0.6462
vn 0.1839 0.2049 -0.9613
vn -0.1891 0.1818 -0.9650
vn 0.1500 0.5500 -0.8216
vn -0.1751 0.4931 -0.8522
vn -0.8017 0.2049 -0.5615
vn -0.6800 0.5500 -0.4849
vn -0.5367 0.1818 -0.8240
vn -0.4681 0.4931 -0.7333
vn -0.2686 -0.9571 0.1090
vn -0.3816 -0.8152 0.4357
vn -0.5773 -0.8152 -0.0467
vn -0.6462 -0.7167 0.2622
vn -0.5615 -0.2049 0.8017
vn -0.8240 -0.1818 0.5367
vn -0.4849 -0.5500 0.6800
vn -0.7333 -0.4931 0.4681
vn -0.9613 -0.2049 -0.1839
vn -0.8216 -0.5500 -0.1500
vn -0.9650 -0.1818 0.1891
vn -0.8522 -0.4931 0.1751
vn -0.2686 0.9571 0.1090
vn -0.5773 0.8152 -0.0467
vn -0.3816 0.8152 0.4357
vn -0.6462 0.7167 0.2622
vn -0.9613 0.2049 -0.1839
vn -0.9650 0.1818 0.1891
vn -0.8216 0.5500 -0.1500
vn -0.8522 0.4931 0.1751
vn -0.5615 0.2049 0.8017
vn -0.4849 0.5500 0.6800
vn -0.8240 0.1818 0.5366
vn -0.7333 0.4931 0.4681
vn 0.1797 -0.9808 0.0760
vn 0.5117 -0.8315 0.2163
vn 0.7658 -0.5556 0.3238
vn 0.9034 -0.1951 0.3819
vn 0.5616 -0.0000 -0.8274
vn 0.8355 -0.0000 -0.5495
vn 0.9822 -0.0000 -0.1879
vn 0.9793 -0.0000 0.2022
vn 0.1797 0.9808 0.0760
vn 0.5117 0.8315 0.2164
vn 0.7658 0.5556 0.3238
vn 0.9034 0.1951 0.3819
vn -0.2022 -0.0000 0.9793
vn 0.1879 -0.0000 0.9822
vn 0.5495 -0.0000 0.8355
vn 0.8274 -0.0000 0.5616
vn -0.0760 -0.9808 0.1797
vn -0.2163 -0.8315 0.5117
vn -0.3238 -0.5556 0.7658
vn -0.3819 -0.1951 0.9034
vn -0.0760 0.9808 0.1797
vn -0.2164 0.8315 0.5117
vn -0.3238 0.5556 0.7658
vn -0.3819 0.1951 0.9034
vn -0.9793 -0.0000 -0.2022
vn -0.9822 -0.0000 0.1879
vn -0.8355 -0.0000 0.5495
vn -0.5616 -0.0000 0.8274
vn -0.1797 -0.9808 -0.0760
vn -0.5117 -0.8315 -0.2163
vn -0.7658 -0.5556 -0.3238
vn -0.9034 -0.1951 -0.3819
vn -0.1797 0.9808 -0.0760
vn -0.5117 0.8315 -0.2164
vn -0.7658 0.5556 -0.3238
vn -0.9034 0.1951 -0.3819
vn 0.2022 -0.0000 -0.9793
vn -0.1879 -0.0000 -0.9822
vn -0.5495 -0.0000 -0.8355
vn -0.8274 -0.0000 -0.5616
vn 0.0760 -0.9808 -0.1797
vn 0.2163 -0.8315 -0.5117
vn 0.3238 -0.5556 -0.7658
vn 0.3819 -0.1951 -0.9034
vn 0.0760 0.9808 -0.1797
vn 0.2164 0.8315 -0.5117
vn 0.3238 0.5556 -0.7658
vn 0.3819 0.1951 -0.9034
vn -0.0000 -1.0000 -0.0000
vn 0.9211 -0.0000 0.3894
vn 0.3894 -0.0000 -0.9211
vn -0.0000 1.0000 -0.0000
vn -0.3894 -0.0000 0.9211
vn -0.9211 -0.0000 -0.3894
vn 0.4260 -0.8881 -0.1728
vn 0.6452 -0.3251 -0.6914
vn 0.9446 -0.3251 0.0464
vn 0.6452 0.3251 -0.6914
vn 0.4260 0.8881 -0.1728
vn 0.9446 0.3251 0.0464
vn 0.1728 -0.8881 0.4260
vn 0.6914 -0.3251 0.6452
vn -0.0464 -0.3251 0.9446
vn 0.1728 0.8881 0.4260
vn -0.0464 0.3251 0.9446
vn 0.6914 0.3251 0.6452
vn -0.1728 -0.8881 -0.4260
vn -0.6914 -0.3251 -0.6452
vn 0.0464 -0.3251 -0.9446
vn -0.1728 0.8881 -0.4260
vn 0.0464 0.3251 -0.9446
vn -0.6914 0.3251 -0.6452
vn -0.4260 -0.8881 0.1728
vn -0.6452 -0.3251 0.6914
vn -0.9446 -0.3251 -0.0464
vn -0.4260 0.8881 0.1728
vn -0.9446 0.3251 -0.0464
vn -0.6452 0.3251 0.6914
vn 0.3525 -0.9239 0.1490
vn 0.8509 -0.3827 0.3598
vn 0.7122 -0.0000 -0.7019
vn 1.0000 -0.0000 0.0073
vn 0.3525 0.9239 0.1490
vn 0.8509 0.3827 0.3598
vn -0.0073 -0.0000 1.0000
vn 0.7019 -0.0000 0.7122
vn -0.1490 -0.9239 0.3525
vn -0.3598 -0.3827 0.8509
vn -0.1490 0.9239 0.3525
vn -0.3598 0.3827 0.8509
vn -1.0000 -0.0000 -0.0073
vn -0.7122 -0.0000 0.7019
vn -0.3525 -0.9239 -0.1490
vn -0.8509 -0.3827 -0.3598
vn -0.3525 0.9239 -0.1490
vn -0.8509 0.3827 -0.3598
vn 0.0073 -0.0000 -1.0000
vn -0.7019 -0.0000 -0.7122
vn 0.1490 -0.9239 -0.3525
vn 0.3598 -0.3827 -0.8509
vn 0.1490 0.9239 -0.3525
vn 0.3598 0.3827 -0.8509
vn -0.7123 -0.0000 0.7019
vn -0.7019 -0.0000 -0.7123
vn 0.0464 0.3251 -0.9445
vn 0.3598 -0.3827 -0.8510
vn 0.0464 -0.3251 -0.9445
vn 0.7019 -0.0000 0.7123
vn 0.8510 -0.3827 0.3598
vn 0.7123 -0.0000 -0.7019
vn 0.9446 -0.3251 0.0465
vn 0.9445 0.3251 0.0464
vn -0.3598 -0.3827 0.8510
vn -0.3598 0.3827 0.8510
vn -0.6914 -0.3250 -0.6452
vn -0.0464 -0.3250 0.9446
vn -0.0464 0.3250 0.9446
vn -0.6452 -0.3250 0.6914
vn -0.6452 0.3250 0.6914
vn 0.6452 -0.3250 -0.6914
vn 0.0464 -0.3250 -0.9446
vn -0.8510 -0.3827 -0.3598
vn 0.0464 0.3250 -0.9446
vn -0.8510 0.3827 -0.3598
vn 0.7566 -0.5774 -0.3070
vn 0.7566 0.5774 -0.3070
vn 0.3069 -0.5774 0.7566
vn 0.3069 0.5774 0.7566
vn -0.3069 -0.5774 -0.7566
vn -0.3069 0.5774 -0.7566
vn -0.7566 -0.5774 0.3070
vn -0.7566 0.5774 0.3070
vn 0.6513 -0.7071 0.2754
vn 0.9266 -0.0000 -0.3759
vn 0.6513 0.7071 0.2754
vn 0.3759 -0.0000 0.9266
vn -0.2754 -0.7071 0.6513
vn -0.2754 0.7071 0.6513
vn -0.9266 -0.0000 0.3759
vn -0.6513 -0.7071 -0.2754
vn -0.6513 0.7071 -0.2754
vn -0.3759 -0.0000 -0.9266
vn 0.2754 -0.7071 -0.6513
vn 0.2754 0.7071 -0.6513
vn -0.9446 0.3250 -0.0464
vn 0.8510 0.3827 0.3598
vn 0.7566 -0.5774 -0.3069
vn 0.7566 0.5774 -0.3069
vn 0.3363 -0.9318 -0.1364
vn 0.4693 -0.6901 -0.5508
vn 0.5992 -0.2566 -0.7584
vn 0.9044 -0.2178 -0.3669
vn 0.9582 -0.2566 0.1265
vn 0.7205 -0.6901 0.0682
vn 0.5992 0.2566 -0.7584
vn 0.4693 0.6901 -0.5508
vn 0.3363 0.9318 -0.1364
vn 0.7205 0.6901 0.0682
vn 0.9582 0.2566 0.1265
vn 0.9044 0.2178 -0.3669
vn 0.1364 -0.9318 0.3363
vn 0.5508 -0.6901 0.4693
vn 0.7583 -0.2566 0.5992
vn 0.3669 -0.2178 0.9044
vn -0.1265 -0.2566 0.9582
vn -0.0682 -0.6901 0.7205
vn 0.3069 -0.5773 0.7566
vn 0.1364 0.9318 0.3363
vn -0.0682 0.6901 0.7205
vn -0.1265 0.2566 0.9582
vn 0.3669 0.2178 0.9044
vn 0.7584 0.2566 0.5992
vn 0.5508 0.6901 0.4693
vn 0.3070 0.5773 0.7566
vn -0.1364 -0.9318 -0.3363
vn -0.5508 -0.6901 -0.4693
vn -0.7584 -0.2566 -0.5992
vn -0.3669 -0.2178 -0.9044
vn 0.1265 -0.2566 -0.9582
vn 0.0682 -0.6901 -0.7205
vn -0.1364 0.9318 -0.3363
vn 0.0682 0.6901 -0.7205
vn 0.1265 0.2566 -0.9582
vn -0.3669 0.2178 -0.9044
vn -0.7584 0.2566 -0.5992
vn -0.5508 0.6901 -0.4693
vn -0.3363 -0.9318 0.1364
vn -0.4693 -0.6901 0.5508
vn -0.5992 -0.2566 0.7584
vn -0.9044 -0.2178 0.3669
vn -0.9582 -0.2566 -0.1265
vn -0.7205 -0.6901 -0.0682
vn -0.7566 -0.5773 0.3069
vn -0.3363 0.9318 0.1364
vn -0.7205 0.6901 -0.0682
vn -0.9582 0.2566 -0.1265
vn -0.9044 0.2178 0.3669
vn -0.5992 0.2566 0.7584
vn -0.4693 0.6901 0.5508
vn -0.7566 0.5773 0.3069
vn 0.2380 -0.9660 0.1006
vn 0.8898 -0.2585 0.3762
vn 0.6142 -0.0000 -0.7891
vn 0.9904 -0.0000 0.1381
vn 0.2380 0.9660 0.1006
vn 0.8898 0.2585 0.3762
vn -0.1381 -0.0000 0.9904
vn 0.7891 -0.0000 0.6142
vn -0.1006 -0.9660 0.2381
vn -0.3762 -0.2585 0.8898
vn -0.1006 0.9660 0.2380
vn -0.3762 0.2585 0.8898
vn -0.9904 -0.0000 -0.1381
vn -0.6142 -0.0000 0.7891
vn -0.2380 -0.9660 -0.1006
vn -0.8898 -0.2585 -0.3762
vn -0.2380 0.9660 -0.1006
vn -0.8898 0.2585 -0.3762
vn 0.1381 -0.0000 -0.9904
vn -0.7891 -0.0000 -0.6142
vn 0.1006 -0.9660 -0.2381
vn 0.3762 -0.2585 -0.8898
vn 0.1006 0.9660 -0.2381
vn 0.3762 0.2585 -0.8898
vn 0.4693 -0.6901 -0.5509
vn 0.7566 -0.5773 -0.3069
vn 0.7566 0.5773 -0.3070
vn 0.1364 -0.9318 0.3362
vn 0.5509 -0.6901 0.4693
vn 0.7584 -0.2566 0.5992
vn -0.7583 0.2566 -0.5992
vn -0.4693 -0.6901 0.5509
vn -0.5992 -0.2566 0.7583
vn 0.8898 -0.2584 0.3762
vn 0.2381 0.9660 0.1006
vn 0.8898 0.2584 0.3762
vn -0.1006 -0.9660 0.2380
vn -0.1007 0.9660 0.2381
vn -0.2381 0.9660 -0.1006
vn 0.1006 -0.9660 -0.2380
vn 0.1007 0.9660 -0.2381
vn 0.3362 -0.9318 -0.1364
vn 0.5992 0.2566 -0.7583
vn 0.7566 0.5773 -0.3069
vn 0.3070 -0.5773 0.7566
vn -0.0681 0.6901 0.7205
vn 0.7583 0.2566 0.5992
vn 0.5509 0.6901 0.4693
vn -0.3070 -0.5774 -0.7566
vn 0.0681 0.6901 -0.7205
vn -0.5509 0.6901 -0.4693
vn -0.3362 -0.9318 0.1364
vn -0.7566 -0.5774 0.3069
vn -0.5992 0.2566 0.7583
vn 0.2381 0.9660 0.1007
vn -0.8898 -0.2584 -0.3762
vn -0.2381 0.9660 -0.1007
vn 0.3362 0.9318 -0.1364
vn 0.1364 0.9318 0.3362
vn -0.5509 -0.6901 -0.4693
vn -0.1364 0.9318 -0.3362
vn -0.3362 0.9318 0.1364
vn -0.7566 0.5773 0.3070
vn -0.8898 0.2584 -0.3762
vn 0.1006 0.9660 -0.2380
vn 0.3762 0.2584 -0.8898
vn 0.4693 0.6901 -0.5509
vn 0.3070 0.5774 0.7566
vn -0.4693 0.6901 0.5509
vn -0.7566 0.5774 0.3069
vn 0.4849 -0.5499 -0.6800
vn 0.9613 -0.2049 0.1840
vn 0.4849 0.5499 -0.6800
vn 0.2686 0.9571 -0.1089
vn 0.9613 0.2049 0.1840
vn 0.2622 -0.7167 0.6462
vn -0.1839 -0.2049 0.9613
vn -0.1839 0.2049 0.9613
vn -0.2622 -0.7167 -0.6462
vn 0.1840 -0.2049 -0.9613
vn 0.1500 -0.5499 -0.8216
vn 0.1840 0.2049 -0.9613
vn 0.1500 0.5499 -0.8216
vn -0.5366 0.1818 -0.8240
vn -0.9613 -0.2049 -0.1840
vn -0.9613 0.2049 -0.1840
vn -0.8240 0.1818 0.5367
vn -0.2163 0.8315 0.5117
vn 0.2163 0.8315 -0.5117
vn 0.3598 0.3827 -0.8510
vn 0.1657 -0.9804 -0.1061
vn 0.3349 -0.7796 -0.5291
vn 0.5368 -0.3828 -0.7519
vn 0.8482 -0.3855 -0.3633
vn 0.8994 -0.4170 0.1309
vn 0.5886 -0.8036 0.0884
vn 0.6401 -0.7113 -0.2905
vn 0.6271 0.1221 -0.7693
vn 0.5776 0.5783 -0.5761
vn 0.4934 0.8531 -0.1696
vn 0.8313 0.5543 0.0414
vn 0.9897 0.0879 0.1134
vn 0.9247 0.0430 -0.3782
vn 0.8431 0.4247 -0.3298
vn -0.0261 -0.9298 0.3672
vn 0.4258 -0.7606 0.4901
vn 0.7076 -0.3664 0.6042
vn 0.3323 -0.2493 0.9096
vn -0.1597 -0.1988 0.9669
vn -0.1809 -0.6434 0.7438
vn 0.2085 -0.5973 0.7744
vn 0.3016 0.9038 0.3037
vn 0.0618 0.7146 0.6969
vn -0.0694 0.3061 0.9495
vn 0.4089 0.1793 0.8948
vn 0.7979 0.1385 0.5867
vn 0.6685 0.5973 0.4431
vn 0.4115 0.5387 0.7351
vn -0.3016 -0.9038 -0.3037
vn -0.6685 -0.5973 -0.4431
vn -0.7979 -0.1385 -0.5867
vn -0.4089 -0.1792 -0.8948
vn 0.0695 -0.3061 -0.9495
vn -0.0618 -0.7146 -0.6968
vn -0.4115 -0.5387 -0.7351
vn 0.0261 0.9298 -0.3672
vn 0.1809 0.6434 -0.7438
vn 0.1597 0.1988 -0.9669
vn -0.3323 0.2493 -0.9096
vn -0.7076 0.3664 -0.6042
vn -0.4258 0.7606 -0.4901
vn -0.2085 0.5973 -0.7744
vn -0.4934 -0.8531 0.1696
vn -0.5776 -0.5783 0.5761
vn -0.6271 -0.1221 0.7693
vn -0.9247 -0.0430 0.3782
vn -0.9897 -0.0879 -0.1134
vn -0.8313 -0.5543 -0.0414
vn -0.8431 -0.4247 0.3298
vn -0.1657 0.9804 0.1061
vn -0.5886 0.8036 -0.0884
vn -0.8994 0.4170 -0.1309
vn -0.8481 0.3855 0.3634
vn -0.5368 0.3828 0.7519
vn -0.3349 0.7796 0.5291
vn -0.6401 0.7113 0.2905
vn 0.0655 -0.9890 0.1324
vn 0.5196 -0.8013 0.2963
vn 0.8343 -0.3986 0.3808
vn 0.5964 -0.1340 -0.7914
vn 0.9082 -0.1755 -0.3799
vn 0.9764 -0.1699 0.1336
vn 0.4052 0.9118 0.0666
vn 0.7683 0.5900 0.2482
vn 0.9252 0.1099 0.3632
vn -0.1257 0.0567 0.9905
vn 0.3797 -0.0359 0.9244
vn 0.7832 -0.1188 0.6103
vn -0.2664 -0.9249 0.2713
vn -0.3886 -0.6259 0.6762
vn -0.4065 -0.1589 0.8997
vn 0.0733 0.9759 0.2055
vn -0.1399 0.7655 0.6281
vn -0.3156 0.3496 0.8821
vn -0.9764 0.1699 -0.1336
vn -0.9082 0.1755 0.3799
vn -0.5964 0.1340 0.7914
vn -0.4052 -0.9118 -0.0666
vn -0.7683 -0.5900 -0.2482
vn -0.9252 -0.1099 -0.3632
vn -0.0655 0.9890 -0.1324
vn -0.5196 0.8013 -0.2963
vn -0.8343 0.3986 -0.3808
vn 0.1257 -0.0567 -0.9905
vn -0.3797 0.0359 -0.9244
vn -0.7832 0.1188 -0.6103
vn -0.0733 -0.9759 -0.2055
vn 0.1399 -0.7655 -0.6281
vn 0.3156 -0.3496 -0.8821
vn 0.2664 0.9249 -0.2713
vn 0.3886 0.6259 -0.6762
vn 0.4065 0.1589 -0.8997
vn -0.1758 -0.9838 0.0340
vn 0.9107 -0.1494 0.3850
vn 0.3737 -0.0987 -0.9223
vn 0.1758 0.9838 -0.0340
vn -0.3737 0.0987 0.9223
vn -0.9107 0.1494 -0.3850
vn 0.4280 -0.9038 0.0048
vn 0.5429 -0.7146 -0.4412
vn 0.6327 -0.3061 -0.7113
vn 0.9268 -0.1792 -0.3301
vn 0.9768 -0.1385 0.1636
vn 0.7836 -0.5973 0.1708
vn 0.8141 -0.5387 -0.2169
vn 0.5824 0.1988 -0.7882
vn 0.4075 0.6434 -0.6480
vn 0.2452 0.9298 -0.2745
vn 0.6482 0.7606 -0.0360
vn 0.9264 0.3664 0.0867
vn 0.8840 0.2493 -0.3954
vn 0.7008 0.5973 -0.3900
vn 0.2221 -0.8531 0.4721
vn 0.6088 -0.5543 0.5675
vn 0.7709 -0.0879 0.6309
vn 0.3730 -0.0430 0.9268
vn -0.1150 -0.1221 0.9858
vn -0.0109 -0.5783 0.8157
vn 0.3508 -0.4247 0.8346
vn 0.0393 0.9804 0.1928
vn -0.1462 0.7796 0.6089
vn -0.1653 0.3828 0.9089
vn 0.3303 0.3855 0.8616
vn 0.7205 0.4170 0.5540
vn 0.4735 0.8036 0.3606
vn 0.2376 0.7113 0.6615
vn -0.0393 -0.9804 -0.1928
vn -0.4735 -0.8036 -0.3606
vn -0.7205 -0.4170 -0.5540
vn -0.3303 -0.3855 -0.8616
vn 0.1653 -0.3828 -0.9089
vn 0.1462 -0.7796 -0.6089
vn -0.2375 -0.7113 -0.6615
vn -0.2221 0.8531 -0.4721
vn 0.0109 0.5783 -0.8157
vn 0.1150 0.1221 -0.9858
vn -0.3730 0.0430 -0.9268
vn -0.7709 0.0879 -0.6309
vn -0.6088 0.5543 -0.5675
vn -0.3508 0.4247 -0.8346
vn -0.2452 -0.9298 0.2745
vn -0.4075 -0.6434 0.6480
vn -0.5824 -0.1988 0.7882
vn -0.8841 -0.2493 0.3954
vn -0.9264 -0.3664 -0.0867
vn -0.6482 -0.7606 0.0360
vn -0.7008 -0.5973 0.3900
vn -0.4280 0.9038 -0.0048
vn -0.7836 0.5973 -0.1708
vn -0.9768 0.1385 -0.1636
vn -0.9268 0.1792 0.3301
vn -0.6327 0.3061 0.7113
vn -0.5429 0.7146 0.4412
vn -0.8141 0.5387 0.2169
vn 0.3301 -0.9118 0.2443
vn 0.7133 -0.5900 0.3782
vn 0.9051 -0.1099 0.4107
vn 0.6230 -0.0567 -0.7802
vn 0.9277 0.0359 -0.3717
vn 0.9835 0.1188 0.1366
vn 0.1406 0.9890 -0.0452
vn 0.5746 0.8013 0.1663
vn 0.8544 0.3986 0.3332
vn -0.1522 0.1340 0.9792
vn 0.3603 0.1755 0.9162
vn 0.7761 0.1699 0.6073
vn -0.0090 -0.9249 0.3801
vn -0.2143 -0.6259 0.7499
vn -0.3622 -0.1589 0.9184
vn -0.1984 0.9759 0.0906
vn -0.3531 0.7655 0.5380
vn -0.4129 0.3496 0.8410
vn -0.9835 -0.1188 -0.1366
vn -0.9277 -0.0359 0.3717
vn -0.6230 0.0567 0.7802
vn -0.1406 -0.9890 0.0452
vn -0.5746 -0.8013 -0.1663
vn -0.8544 -0.3986 -0.3332
vn -0.3301 0.9118 -0.2443
vn -0.7133 0.5900 -0.3782
vn -0.9051 0.1099 -0.4107
vn 0.1522 -0.1340 -0.9792
vn -0.3603 -0.1755 -0.9162
vn -0.7761 -0.1699 -0.6073
vn 0.1984 -0.9759 -0.0906
vn 0.3531 -0.7655 -0.5380
vn 0.4129 -0.3496 -0.8410
vn 0.0089 0.9249 -0.3801
vn 0.2144 0.6259 -0.7499
vn 0.3622 0.1589 -0.9184
vn 0.0981 -0.9838 0.1499
vn 0.9107 0.1494 0.3850
vn 0.4012 -0.0987 -0.9106
vn -0.0981 0.9838 -0.1499
vn -0.4012 0.0987 0.9106
vn -0.9107 -0.1494 -0.3850
vn 0.3069 0.5773 0.7566
vn -0.3069 0.5773 -0.7566
vn -0.3069 -0.5773 -0.7566
vn 0.3548 -0.9349 -0.0043
vn 0.6132 -0.4950 -0.6156
vn 0.9169 -0.3832 0.1119
vn 0.6635 0.1421 -0.7346
vn 0.4922 0.8058 -0.3294
vn 0.9672 0.2540 -0.0071
vn 0.1066 -0.8058 0.5825
vn 0.6688 -0.2540 0.6987
vn -0.0647 -0.1422 0.9877
vn 0.2440 0.9349 0.2575
vn -0.0144 0.4950 0.8688
vn 0.7191 0.3832 0.5798
vn -0.2440 -0.9349 -0.2575
vn -0.7191 -0.3832 -0.5798
vn 0.0144 -0.4950 -0.8688
vn -0.1066 0.8058 -0.5825
vn 0.0647 0.1422 -0.9877
vn -0.6688 0.2540 -0.6987
vn -0.4922 -0.8058 0.3294
vn -0.6635 -0.1421 0.7346
vn -0.9672 -0.2540 0.0071
vn -0.3548 0.9349 0.0043
vn -0.9169 0.3832 -0.1119
vn -0.6132 0.4950 0.6156
vn 0.2810 -0.9055 0.3181
vn 0.8213 -0.3751 0.4298
vn 0.7051 -0.1835 -0.6850
vn 0.9970 -0.0760 0.0143
vn 0.4239 0.9055 -0.0200
vn 0.8806 0.3751 0.2898
vn -0.0001 0.1835 0.9830
vn 0.7049 0.0760 0.7052
vn -0.2175 -0.8294 0.5145
vn -0.3822 -0.1915 0.9040
vn -0.0746 0.9815 0.1764
vn -0.3230 0.5586 0.7640
vn -0.9970 0.0760 -0.0143
vn -0.7051 0.1835 0.6850
vn -0.4240 -0.9055 0.0200
vn -0.8806 -0.3751 -0.2897
vn -0.2810 0.9055 -0.3181
vn -0.8213 0.3751 -0.4298
vn 0.0001 -0.1835 -0.9830
vn -0.7049 -0.0760 -0.7052
vn 0.0746 -0.9815 -0.1764
vn 0.3230 -0.5586 -0.7640
vn 0.2175 0.8294 -0.5145
vn 0.3822 0.1915 -0.9040
vn -0.0774 -0.9801 0.1830
vn 0.3817 -0.1987 -0.9027
vn 0.0774 0.9801 -0.1830
vn -0.3817 0.1987 0.9027
vn 0.3547 -0.9350 -0.0043
vn -0.0647 -0.1421 0.9877
vn 0.2440 0.9350 0.2575
vn -0.2440 -0.9350 -0.2575
vn 0.8806 0.3751 0.2897
vn -0.8806 -0.3751 -0.2898
vn 0.0647 0.1421 -0.9877
vn -0.3548 0.9350 0.0043
vn 0.4240 0.9055 -0.0200
vn 0.3548 -0.9350 -0.0043
vn 0.6635 0.1422 -0.7346
vn -0.3547 0.9350 0.0043
vn -0.4239 -0.9055 0.0200
vt 0.135526 0.739474
vt 0.135526 0.743502
vt 0.131397 0.743603
vt 0.131498 0.739474
vt 0.135526 0.750000
vt 0.131607 0.750000
vt 0.125000 0.743393
vt 0.125000 0.739474
vt 0.129449 0.750000
vt 0.385526 0.989474
vt 0.385526 0.993502
vt 0.381397 0.993603
vt 0.381498 0.989474
vt 0.385526 1.000000
vt 0.381607 1.000000
vt 0.375000 0.993393
vt 0.375000 0.989474
vt 0.379449 1.000000
vt 0.385526 0.010526
vt 0.381498 0.010526
vt 0.381397 0.006397
vt 0.385526 0.006498
vt 0.375000 0.010526
vt 0.375000 0.006607
vt 0.381607 0.000000
vt 0.385526 0.000000
vt 0.375000 0.004449
vt 0.614474 0.989474
vt 0.618502 0.989474
vt 0.618603 0.993603
vt 0.614474 0.993502
vt 0.625000 0.989474
vt 0.625000 0.993393
vt 0.618393 1.000000
vt 0.614474 1.000000
vt 0.625000 0.995551
vt 0.864474 0.739474
vt 0.868502 0.739474
vt 0.868603 0.743603
vt 0.864474 0.743502
vt 0.875000 0.739474
vt 0.875000 0.743393
vt 0.868393 0.750000
vt 0.864474 0.750000
vt 0.875000 0.745551
vt 0.614474 0.010526
vt 0.614474 0.006498
vt 0.618603 0.006397
vt 0.618502 0.010526
vt 0.614474 0.000000
vt 0.618393 0.000000
vt 0.625000 0.006607
vt 0.625000 0.010526
vt 0.620551 0.000000
vt 0.135526 0.510526
vt 0.131498 0.510526
vt 0.131397 0.506397
vt 0.135526 0.506498
vt 0.125000 0.510526
vt 0.125000 0.506607
vt 0.131607 0.500000
vt 0.135526 0.500000
vt 0.125000 0.504449
vt 0.385526 0.239474
vt 0.385526 0.243502
vt 0.381397 0.243603
vt 0.381498 0.239474
vt 0.385526 0.250000
vt 0.381607 0.250000
vt 0.375000 0.243393
vt 0.375000 0.239474
vt 0.377224 0.252224
vt 0.385526 0.260526
vt 0.381498 0.260526
vt 0.381397 0.256397
vt 0.385526 0.256498
vt 0.375000 0.260526
vt 0.375000 0.256607
vt 0.864474 0.510526
vt 0.864474 0.506498
vt 0.868603 0.506397
vt 0.868502 0.510526
vt 0.864474 0.500000
vt 0.868393 0.500000
vt 0.875000 0.506607
vt 0.875000 0.510526
vt 0.870551 0.500000
vt 0.614474 0.260526
vt 0.614474 0.256498
vt 0.618603 0.256397
vt 0.618502 0.260526
vt 0.614474 0.250000
vt 0.618393 0.250000
vt 0.625000 0.256607
vt 0.625000 0.260526
vt 0.622775 0.247776
vt 0.614474 0.239474
vt 0.618502 0.239474
vt 0.618603 0.243603
vt 0.614474 0.243502
vt 0.625000 0.239474
vt 0.625000 0.243393
vt 0.364474 0.739474
vt 0.368502 0.739474
vt 0.368603 0.743603
vt 0.364474 0.743502
vt 0.375000 0.739474
vt 0.375000 0.743393
vt 0.371697 0.753303
vt 0.369737 0.755263
vt 0.376483 0.750000
vt 0.385526 0.739474
vt 0.385526 0.743502
vt 0.381397 0.743603
vt 0.381498 0.739474
vt 0.385526 0.750000
vt 0.381607 0.750000
vt 0.385526 0.760526
vt 0.381498 0.760526
vt 0.381397 0.756397
vt 0.385526 0.756498
vt 0.635526 0.739474
vt 0.635526 0.743502
vt 0.631397 0.743603
vt 0.631498 0.739474
vt 0.630263 0.755263
vt 0.628303 0.753303
vt 0.625000 0.743393
vt 0.625000 0.739474
vt 0.625000 0.748517
vt 0.614474 0.760526
vt 0.614474 0.756498
vt 0.618603 0.756397
vt 0.618502 0.760526
vt 0.614474 0.750000
vt 0.618393 0.750000
vt 0.614474 0.739474
vt 0.618502 0.739474
vt 0.618603 0.743603
vt 0.614474 0.743502
vt 0.364474 0.510526
vt 0.364474 0.506498
vt 0.368603 0.506397
vt 0.368502 0.510526
vt 0.369737 0.494737
vt 0.371697 0.496697
vt 0.375000 0.506607
vt 0.375000 0.510526
vt 0.375000 0.501483
vt 0.385526 0.489474
vt 0.385526 0.493502
vt 0.381397 0.493603
vt 0.381498 0.489474
vt 0.385526 0.500000
vt 0.381607 0.500000
vt 0.385526 0.510526
vt 0.381498 0.510526
vt 0.381397 0.506397
vt 0.385526 0.506498
vt 0.635526 0.510526
vt 0.631498 0.510526
vt 0.631397 0.506397
vt 0.635526 0.506498
vt 0.625000 0.510526
vt 0.625000 0.506607
vt 0.628303 0.496697
vt 0.630263 0.494737
vt 0.623517 0.500000
vt 0.614474 0.510526
vt 0.614474 0.506498
vt 0.618603 0.506397
vt 0.618502 0.510526
vt 0.614474 0.500000
vt 0.618393 0.500000
vt 0.614474 0.489474
vt 0.618502 0.489474
vt 0.618603 0.493603
vt 0.614474 0.493502
vt 0.191667 0.722727
vt 0.191667 0.750000
vt 0.153177 0.750000
vt 0.125000 0.722727
vt 0.402273 0.933333
vt 0.402273 1.000000
vt 0.386527 1.000000
vt 0.375000 0.933333
vt 0.402273 0.027273
vt 0.375000 0.027273
vt 0.375000 0.011527
vt 0.402273 0.000000
vt 0.597727 0.933333
vt 0.625000 0.933333
vt 0.625000 0.971823
vt 0.597727 1.000000
vt 0.808333 0.722727
vt 0.875000 0.722727
vt 0.875000 0.738473
vt 0.808333 0.750000
vt 0.597727 0.027273
vt 0.597727 0.000000
vt 0.613473 0.000000
vt 0.625000 0.027273
vt 0.191667 0.527273
vt 0.125000 0.527273
vt 0.125000 0.511527
vt 0.191667 0.500000
vt 0.402273 0.222727
vt 0.402273 0.250000
vt 0.380763 0.264088
vt 0.375000 0.222727
vt 0.402273 0.316667
vt 0.375000 0.316667
vt 0.808333 0.527273
vt 0.808333 0.500000
vt 0.846823 0.500000
vt 0.875000 0.527273
vt 0.597727 0.316667
vt 0.597727 0.250000
vt 0.619236 0.244237
vt 0.625000 0.316667
vt 0.597727 0.222727
vt 0.625000 0.222727
vt 0.308333 0.722727
vt 0.375000 0.722727
vt 0.378842 0.755550
vt 0.341666 0.783334
vt 0.402273 0.722727
vt 0.402273 0.750000
vt 0.402273 0.816667
vt 0.691667 0.722727
vt 0.658333 0.783333
vt 0.630550 0.746158
vt 0.625000 0.722727
vt 0.597727 0.816667
vt 0.597727 0.750000
vt 0.597727 0.722727
vt 0.308333 0.527273
vt 0.341667 0.466667
vt 0.369450 0.503842
vt 0.375000 0.527273
vt 0.402273 0.433333
vt 0.402273 0.500000
vt 0.402273 0.527273
vt 0.691667 0.527273
vt 0.625000 0.527273
vt 0.621158 0.494450
vt 0.658334 0.466666
vt 0.597727 0.527273
vt 0.597727 0.500000
vt 0.597727 0.433333
vt 0.597727 1.000000
vt 0.597727 0.000000
vt 0.613473 0.000000
vt 0.402273 0.250000
vt 0.597727 0.250000
vt 0.619237 0.244237
vt 0.341666 0.783334
vt 0.630550 0.746158
vt 0.597727 0.750000
vt 0.341667 0.466667
vt 0.621158 0.494450
vt 0.597727 0.500000
vt 0.402273 1.000000
vt 0.386527 1.000000
vt 0.402273 0.000000
vt 0.402273 0.250000
vt 0.380764 0.264088
vt 0.378842 0.755550
vt 0.402273 0.750000
vt 0.369450 0.503842
vt 0.402273 0.500000
vt 0.402273 0.027273
vt 0.375000 0.027273
vt 0.808333 0.722727
vt 0.597727 0.027273
vt 0.625000 0.027273
vt 0.191667 0.527273
vt 0.402273 0.222727
vt 0.375000 0.222727
vt 0.808333 0.527273
vt 0.597727 0.222727
vt 0.625000 0.222727
vt 0.308333 0.722727
vt 0.402273 0.722727
vt 0.691667 0.722727
vt 0.308333 0.527273
vt 0.402273 0.527273
vt 0.691667 0.527273
vt 0.597727 0.527273
vt 0.191667 0.722727
vt 0.402273 0.027273
vt 0.375000 0.027273
vt 0.375000 0.011527
vt 0.808333 0.722727
vt 0.875000 0.722727
vt 0.875000 0.738473
vt 0.597727 0.027273
vt 0.625000 0.027273
vt 0.191667 0.527273
vt 0.125000 0.527273
vt 0.402273 0.222727
vt 0.375000 0.222727
vt 0.808333 0.527273
vt 0.875000 0.527273
vt 0.619236 0.244237
vt 0.597727 0.222727
vt 0.625000 0.222727
vt 0.308333 0.722727
vt 0.375000 0.722727
vt 0.402273 0.722727
vt 0.691667 0.722727
vt 0.625000 0.722727
vt 0.597727 0.722727
vt 0.308333 0.527273
vt 0.375000 0.527273
vt 0.402273 0.527273
vt 0.691667 0.527273
vt 0.625000 0.527273
vt 0.597727 0.527273
vt 0.619237 0.244237
vt 0.625000 0.527273
vt 0.191667 0.722727
vt 0.191667 0.750000
vt 0.153177 0.750000
vt 0.402273 0.933333
vt 0.375000 0.933333
vt 0.597727 0.933333
vt 0.625000 0.933333
vt 0.625000 0.971823
vt 0.808333 0.722727
vt 0.808333 0.750000
vt 0.191667 0.527273
vt 0.191667 0.500000
vt 0.380763 0.264089
vt 0.402273 0.316667
vt 0.375000 0.316667
vt 0.808333 0.527273
vt 0.808333 0.500000
vt 0.846823 0.500000
vt 0.597727 0.316667
vt 0.625000 0.316667
vt 0.308333 0.722727
vt 0.378842 0.755550
vt 0.341667 0.783333
vt 0.402273 0.816667
vt 0.691667 0.722727
vt 0.658333 0.783333
vt 0.630550 0.746158
vt 0.597727 0.816667
vt 0.308333 0.527273
vt 0.341667 0.466667
vt 0.369450 0.503842
vt 0.402273 0.433333
vt 0.691667 0.527273
vt 0.621158 0.494450
vt 0.658333 0.466667
vt 0.597727 0.433333
vt 0.621158 0.494450
vt 0.380764 0.264089
vt 0.378842 0.755550
vt 0.630550 0.746158
vt 0.369450 0.503842
vt 0.808333 0.722727
vt 0.191667 0.527273
vt 0.808333 0.527273
vt 0.308333 0.722727
vt 0.308333 0.527273
vt 0.691667 0.527273
vt 0.191667 0.722727
vt 0.808333 0.722727
vt 0.191667 0.527273
vt 0.808333 0.527273
vt 0.308333 0.722727
vt 0.691667 0.722727
vt 0.308333 0.527273
vt 0.691667 0.527273
vt 0.152273 0.683333
vt 0.152273 0.750000
vt 0.136527 0.750000
vt 0.125000 0.683333
vt 0.402273 0.972727
vt 0.375000 0.972727
vt 0.402273 0.066667
vt 0.375000 0.066667
vt 0.375000 0.028177
vt 0.597727 0.972727
vt 0.625000 0.972727
vt 0.625000 0.988473
vt 0.847727 0.683333
vt 0.875000 0.683333
vt 0.875000 0.721823
vt 0.847727 0.750000
vt 0.597727 0.066667
vt 0.625000 0.066667
vt 0.152273 0.566667
vt 0.125000 0.566667
vt 0.125000 0.528177
vt 0.152273 0.500000
vt 0.402273 0.183333
vt 0.380763 0.255763
vt 0.375000 0.183333
vt 0.402273 0.277273
vt 0.375000 0.277273
vt 0.847727 0.566667
vt 0.847727 0.500000
vt 0.863473 0.500000
vt 0.875000 0.566667
vt 0.597727 0.277273
vt 0.619236 0.235912
vt 0.625000 0.277273
vt 0.597727 0.183333
vt 0.625000 0.183333
vt 0.347727 0.683333
vt 0.375000 0.683334
vt 0.378842 0.744450
vt 0.361364 0.763636
vt 0.402273 0.683333
vt 0.402273 0.777273
vt 0.652273 0.683333
vt 0.638636 0.763636
vt 0.625000 0.740608
vt 0.625000 0.683333
vt 0.597727 0.777273
vt 0.597727 0.683333
vt 0.347727 0.566667
vt 0.361364 0.486364
vt 0.375000 0.509392
vt 0.375000 0.566667
vt 0.402273 0.472727
vt 0.402273 0.566667
vt 0.652273 0.566667
vt 0.625000 0.566667
vt 0.621158 0.505550
vt 0.638636 0.486364
vt 0.597727 0.566667
vt 0.597727 0.472727
vt 0.619237 0.235912
vt 0.625000 0.740608
vt 0.621158 0.505550
vt 0.380764 0.255763
vt 0.378842 0.744450
vt 0.625000 0.740608
vt 0.375000 0.509392
vt 0.152273 0.683333
vt 0.152273 0.750000
vt 0.402273 0.972727
vt 0.375000 0.972727
vt 0.597727 0.972727
vt 0.152273 0.566667
vt 0.152273 0.500000
vt 0.402273 0.277273
vt 0.597727 0.277273
vt 0.347727 0.683333
vt 0.402273 0.777273
vt 0.652273 0.683333
vt 0.597727 0.777273
vt 0.347727 0.566667
vt 0.361364 0.486364
vt 0.402273 0.472727
vt 0.652273 0.566667
vt 0.597727 0.472727
vt 0.152273 0.722727
vt 0.441666 0.972727
vt 0.441666 1.000000
vt 0.403176 1.000000
vt 0.441666 0.027273
vt 0.441666 0.000000
vt 0.558334 0.972727
vt 0.558334 1.000000
vt 0.847727 0.722727
vt 0.558334 0.027273
vt 0.558334 0.000000
vt 0.596824 0.000000
vt 0.152273 0.527273
vt 0.441666 0.222727
vt 0.441666 0.250000
vt 0.389088 0.255763
vt 0.441666 0.277273
vt 0.847727 0.527273
vt 0.558334 0.277273
vt 0.558334 0.250000
vt 0.610912 0.244237
vt 0.558334 0.222727
vt 0.347727 0.722727
vt 0.384392 0.750000
vt 0.441666 0.722727
vt 0.441666 0.750000
vt 0.441666 0.777273
vt 0.652273 0.722727
vt 0.619450 0.746158
vt 0.558334 0.777273
vt 0.558334 0.750000
vt 0.558334 0.722727
vt 0.347727 0.527273
vt 0.380550 0.503842
vt 0.441666 0.472727
vt 0.441666 0.500000
vt 0.441666 0.527273
vt 0.652273 0.527273
vt 0.615608 0.500000
vt 0.558334 0.527273
vt 0.558334 0.500000
vt 0.558334 0.472727
vt 0.152273 0.722727
vt 0.441666 0.027273
vt 0.847727 0.722727
vt 0.558334 0.027273
vt 0.152273 0.527273
vt 0.441666 0.222727
vt 0.558334 0.222727
vt 0.347727 0.722727
vt 0.441666 0.722727
vt 0.652273 0.722727
vt 0.619450 0.746158
vt 0.441666 0.527273
vt 0.652273 0.527273
vt 0.558334 0.527273
vt 0.152273 0.722727
vt 0.441666 0.027273
vt 0.558334 0.027273
vt 0.152273 0.527273
vt 0.441666 0.222727
vt 0.847727 0.527273
vt 0.610912 0.244237
vt 0.558334 0.222727
vt 0.347727 0.722727
vt 0.441666 0.722727
vt 0.652273 0.722727
vt 0.347727 0.527273
vt 0.441666 0.527273
vt 0.652273 0.527273
vt 0.558334 0.527273
vt 0.152273 0.722727
vt 0.441666 0.972727
vt 0.558334 0.972727
vt 0.847727 0.722727
vt 0.152273 0.527273
vt 0.441666 0.277273
vt 0.558334 0.277273
vt 0.347727 0.722727
vt 0.441666 0.777273
vt 0.652273 0.722727
vt 0.558334 0.777273
vt 0.347727 0.527273
vt 0.441666 0.472727
vt 0.652273 0.527273
vt 0.558334 0.472727
vt 0.152273 0.722727
vt 0.347727 0.722727
vt 0.652273 0.722727
vt 0.152273 0.722727
vt 0.847727 0.722727
vt 0.152273 0.527273
vt 0.847727 0.527273
vt 0.347727 0.722727
vt 0.652273 0.722727
vt 0.347727 0.527273
vt 0.652273 0.527273
vt 0.144565 0.625000
vt 0.144565 0.750000
vt 0.133269 0.750000
vt 0.125000 0.625000
vt 0.394565 0.980435
vt 0.394565 1.000000
vt 0.383269 1.000000
vt 0.375000 0.980435
vt 0.394565 0.125000
vt 0.375000 0.125000
vt 0.375000 0.052831
vt 0.394565 0.000000
vt 0.605435 0.980435
vt 0.625000 0.980435
vt 0.625000 0.991731
vt 0.605435 1.000000
vt 0.855435 0.625000
vt 0.875000 0.625000
vt 0.875000 0.697169
vt 0.855435 0.750000
vt 0.605435 0.125000
vt 0.605435 0.000000
vt 0.616731 0.000000
vt 0.625000 0.125000
vt 0.125000 0.552831
vt 0.144565 0.500000
vt 0.394565 0.250000
vt 0.379135 0.254135
vt 0.394565 0.269565
vt 0.375000 0.269565
vt 0.855435 0.500000
vt 0.866731 0.500000
vt 0.605435 0.269565
vt 0.605435 0.250000
vt 0.620865 0.223584
vt 0.625000 0.269565
vt 0.355435 0.625000
vt 0.375000 0.625000
vt 0.377756 0.735146
vt 0.365217 0.759783
vt 0.394565 0.625000
vt 0.394565 0.750000
vt 0.394565 0.769565
vt 0.644565 0.625000
vt 0.634783 0.759783
vt 0.625000 0.732390
vt 0.625000 0.625000
vt 0.605435 0.769565
vt 0.605435 0.750000
vt 0.605435 0.625000
vt 0.365217 0.490217
vt 0.375000 0.517610
vt 0.394565 0.480435
vt 0.394565 0.500000
vt 0.622244 0.514854
vt 0.634783 0.490217
vt 0.605435 0.500000
vt 0.605435 0.480435
vt 0.143750 0.687500
vt 0.143750 0.750000
vt 0.132925 0.750000
vt 0.125000 0.687500
vt 0.393750 0.981250
vt 0.393750 1.000000
vt 0.382925 1.000000
vt 0.375000 0.981250
vt 0.393750 0.062500
vt 0.375000 0.062500
vt 0.375000 0.026415
vt 0.393750 0.000000
vt 0.606250 0.981250
vt 0.625000 0.981250
vt 0.625000 0.992075
vt 0.606250 1.000000
vt 0.856250 0.687500
vt 0.875000 0.687500
vt 0.875000 0.723585
vt 0.856250 0.750000
vt 0.606250 0.062500
vt 0.606250 0.000000
vt 0.617075 0.000000
vt 0.625000 0.062500
vt 0.143750 0.562500
vt 0.125000 0.562500
vt 0.125000 0.526416
vt 0.143750 0.500000
vt 0.393750 0.187500
vt 0.393750 0.250000
vt 0.378962 0.253962
vt 0.375000 0.187500
vt 0.393750 0.268750
vt 0.375000 0.268750
vt 0.856250 0.562500
vt 0.856250 0.500000
vt 0.867075 0.500000
vt 0.875000 0.562500
vt 0.606250 0.268750
vt 0.606250 0.250000
vt 0.621037 0.236792
vt 0.625000 0.268750
vt 0.606250 0.187500
vt 0.625000 0.187500
vt 0.356250 0.687500
vt 0.375000 0.687500
vt 0.377642 0.743837
vt 0.365625 0.759375
vt 0.393750 0.687500
vt 0.393750 0.750000
vt 0.393750 0.768750
vt 0.643750 0.687500
vt 0.634375 0.759375
vt 0.625000 0.741195
vt 0.625000 0.687500
vt 0.606250 0.768750
vt 0.606250 0.750000
vt 0.606250 0.687500
vt 0.356250 0.562500
vt 0.365625 0.490625
vt 0.375000 0.508805
vt 0.375000 0.562500
vt 0.393750 0.481250
vt 0.393750 0.500000
vt 0.393750 0.562500
vt 0.643750 0.562500
vt 0.625000 0.562500
vt 0.622358 0.506164
vt 0.634375 0.490625
vt 0.606250 0.562500
vt 0.606250 0.500000
vt 0.606250 0.481250
vt 0.156250 0.721429
vt 0.156250 0.750000
vt 0.138208 0.750000
vt 0.125000 0.721428
vt 0.406250 0.968750
vt 0.406250 1.000000
vt 0.388208 1.000000
vt 0.375000 0.968750
vt 0.406250 0.028571
vt 0.375000 0.028572
vt 0.375000 0.012076
vt 0.406250 0.000000
vt 0.593750 0.968750
vt 0.625000 0.968750
vt 0.625000 0.986792
vt 0.593750 1.000000
vt 0.843750 0.721429
vt 0.875000 0.721428
vt 0.875000 0.737924
vt 0.843750 0.750000
vt 0.593750 0.028571
vt 0.593750 0.000000
vt 0.611792 0.000000
vt 0.625000 0.028572
vt 0.156250 0.528571
vt 0.125000 0.528571
vt 0.125000 0.512076
vt 0.156250 0.500000
vt 0.406250 0.221429
vt 0.406250 0.250000
vt 0.381604 0.256604
vt 0.375000 0.221429
vt 0.406250 0.281250
vt 0.375000 0.281250
vt 0.843750 0.528571
vt 0.843750 0.500000
vt 0.861792 0.500000
vt 0.875000 0.528571
vt 0.593750 0.281250
vt 0.593750 0.250000
vt 0.618396 0.243962
vt 0.625000 0.281250
vt 0.593750 0.221429
vt 0.625000 0.221429
vt 0.343750 0.721429
vt 0.375000 0.721428
vt 0.379403 0.750377
vt 0.359375 0.765625
vt 0.406250 0.721429
vt 0.406250 0.750000
vt 0.406250 0.781250
vt 0.656250 0.721429
vt 0.640625 0.765625
vt 0.625000 0.745975
vt 0.625000 0.721428
vt 0.593750 0.781250
vt 0.593750 0.750000
vt 0.593750 0.721429
vt 0.343750 0.528571
vt 0.359375 0.484375
vt 0.375000 0.504025
vt 0.375000 0.528571
vt 0.406250 0.468750
vt 0.406250 0.500000
vt 0.406250 0.528571
vt 0.656250 0.528571
vt 0.625000 0.528571
vt 0.620597 0.499623
vt 0.640625 0.484375
vt 0.593750 0.528571
vt 0.593750 0.500000
vt 0.593750 0.468750
vt 0.169643 0.732639
vt 0.169643 0.750000
vt 0.125000 0.732639
vt 0.580357 0.955357
vt 0.625000 0.955357
vt 0.580357 1.000000
vt 0.169643 0.517361
vt 0.125000 0.517361
vt 0.169643 0.500000
vt 0.625000 0.273975
vt 0.580357 0.294643
vt 0.580357 0.236979
vt 0.330357 0.732639
vt 0.408482 0.732639
vt 0.375000 0.772321
vt 0.647321 0.763641
vt 0.580357 0.794643
vt 0.580357 0.736979
vt 0.330357 0.517361
vt 0.375000 0.477679
vt 0.408482 0.517361
vt 0.647321 0.501860
vt 0.580357 0.517361
vt 0.580357 0.466518
vt 0.419643 0.000000
vt 0.580357 0.000000
vt 0.580357 0.017361
vt 0.419643 0.017361
vt 0.625000 0.017361
vt 0.419643 0.294643
vt 0.419643 0.232639
vt 0.419643 0.955357
vt 0.830357 0.517361
vt 0.830357 0.732639
vt 0.365217 0.759783
vt 0.634783 0.759783
vt 0.143750 0.687500
vt 0.143750 0.750000
vt 0.132925 0.750000
vt 0.375000 0.981250
vt 0.143750 0.500000
vt 0.856250 0.562500
vt 0.856250 0.500000
vt 0.606250 0.250000
vt 0.625000 0.268750
vt 0.356250 0.687500
vt 0.377642 0.743836
vt 0.365625 0.759375
vt 0.634375 0.759375
vt 0.356250 0.562500
vt 0.365625 0.490625
vt 0.393750 0.481250
vt 0.634375 0.490625
vt 0.606250 0.481250
vt 0.156250 0.721429
vt 0.156250 0.750000
vt 0.138208 0.750000
vt 0.406250 0.968750
vt 0.375000 0.968750
vt 0.593750 0.968750
vt 0.625000 0.968750
vt 0.625000 0.986792
vt 0.843750 0.750000
vt 0.156250 0.528571
vt 0.156250 0.500000
vt 0.381604 0.256604
vt 0.406250 0.281250
vt 0.375000 0.281250
vt 0.843750 0.528571
vt 0.843750 0.500000
vt 0.861792 0.500000
vt 0.593750 0.281250
vt 0.593750 0.250000
vt 0.625000 0.281250
vt 0.343750 0.721429
vt 0.379403 0.750377
vt 0.359375 0.765625
vt 0.406250 0.781250
vt 0.656250 0.721429
vt 0.640625 0.765625
vt 0.593750 0.781250
vt 0.343750 0.528571
vt 0.359375 0.484375
vt 0.406250 0.468750
vt 0.656250 0.528571
vt 0.620597 0.499623
vt 0.640625 0.484375
vt 0.593750 0.468750
vt 0.375000 0.477679
vt 0.145833 0.732639
vt 0.145833 0.741308
vt 0.135871 0.740941
vt 0.135430 0.732639
vt 0.145833 0.750000
vt 0.135871 0.750000
vt 0.406250 0.979167
vt 0.375000 0.989129
vt 0.375000 0.979167
vt 0.406250 0.008692
vt 0.375000 0.009059
vt 0.375000 0.000000
vt 0.406250 0.017361
vt 0.375000 0.017361
vt 0.125000 0.732639
vt 0.125000 0.740941
vt 0.593750 0.979167
vt 0.609354 0.979167
vt 0.608694 1.000000
vt 0.593750 1.000000
vt 0.625000 0.979167
vt 0.625000 1.000000
vt 0.854167 0.732639
vt 0.875000 0.732639
vt 0.875000 0.740941
vt 0.854167 0.750000
vt 0.625000 0.017361
vt 0.609355 0.017361
vt 0.608694 0.009059
vt 0.625000 0.009059
vt 0.593750 0.017361
vt 0.593750 0.008692
vt 0.593750 0.000000
vt 0.608694 0.000000
vt 0.145833 0.517361
vt 0.135430 0.517361
vt 0.135871 0.509059
vt 0.145833 0.508692
vt 0.125000 0.517361
vt 0.125000 0.509059
vt 0.406250 0.232639
vt 0.406250 0.241308
vt 0.375000 0.240941
vt 0.375000 0.232639
vt 0.406250 0.260430
vt 0.375000 0.260871
vt 0.406250 0.270833
vt 0.375000 0.270833
vt 0.145833 0.500000
vt 0.135871 0.500000
vt 0.854167 0.517361
vt 0.854167 0.500000
vt 0.875000 0.509059
vt 0.875000 0.517361
vt 0.625000 0.270833
vt 0.609354 0.270833
vt 0.608694 0.257010
vt 0.625000 0.243961
vt 0.593750 0.270833
vt 0.593750 0.260430
vt 0.593750 0.241308
vt 0.608694 0.240941
vt 0.593750 0.232639
vt 0.609355 0.232639
vt 0.625000 0.232639
vt 0.354167 0.732639
vt 0.364570 0.732639
vt 0.364129 0.740941
vt 0.354167 0.741308
vt 0.390646 0.732639
vt 0.385858 0.740941
vt 0.406250 0.732639
vt 0.406250 0.741308
vt 0.406250 0.760430
vt 0.369565 0.755435
vt 0.406250 0.770833
vt 0.364583 0.760417
vt 0.645833 0.732639
vt 0.635417 0.760417
vt 0.630435 0.755435
vt 0.635430 0.732639
vt 0.609354 0.770833
vt 0.608694 0.760871
vt 0.593750 0.770833
vt 0.593750 0.760430
vt 0.593750 0.741308
vt 0.608694 0.744578
vt 0.593750 0.732639
vt 0.609355 0.732639
vt 0.354167 0.517361
vt 0.354167 0.508692
vt 0.364129 0.509059
vt 0.364570 0.517361
vt 0.364583 0.489583
vt 0.369565 0.494565
vt 0.406250 0.479167
vt 0.406250 0.489570
vt 0.406250 0.508692
vt 0.385858 0.509059
vt 0.406250 0.517361
vt 0.390646 0.517361
vt 0.645833 0.517361
vt 0.635430 0.517361
vt 0.630435 0.494565
vt 0.635417 0.489583
vt 0.609354 0.517361
vt 0.608694 0.505422
vt 0.593750 0.517361
vt 0.593750 0.508692
vt 0.593750 0.489570
vt 0.608694 0.489129
vt 0.593750 0.479167
vt 0.609354 0.479167
vt 0.152778 0.718750
vt 0.152778 0.750000
vt 0.136740 0.750000
vt 0.125000 0.718750
vt 0.416667 0.972222
vt 0.416667 1.000000
vt 0.392610 1.000000
vt 0.375000 0.972222
vt 0.416667 0.031250
vt 0.375000 0.031250
vt 0.375000 0.013208
vt 0.416667 0.000000
vt 0.583333 0.972222
vt 0.625000 0.972222
vt 0.625000 0.988260
vt 0.583333 1.000000
vt 0.847222 0.718750
vt 0.875000 0.718750
vt 0.875000 0.736792
vt 0.847222 0.750000
vt 0.583333 0.031250
vt 0.583333 0.000000
vt 0.607390 0.000000
vt 0.625000 0.031250
vt 0.152778 0.531250
vt 0.125000 0.531250
vt 0.125000 0.513208
vt 0.152778 0.500000
vt 0.416667 0.218750
vt 0.416667 0.250000
vt 0.383805 0.255870
vt 0.375000 0.218750
vt 0.416667 0.277778
vt 0.375000 0.277778
vt 0.847222 0.531250
vt 0.847222 0.500000
vt 0.863260 0.500000
vt 0.875000 0.531250
vt 0.583333 0.277778
vt 0.583333 0.250000
vt 0.616195 0.243396
vt 0.625000 0.277778
vt 0.583333 0.218750
vt 0.625000 0.218750
vt 0.347222 0.718750
vt 0.375000 0.718750
vt 0.380870 0.749511
vt 0.361111 0.763889
vt 0.416667 0.718750
vt 0.416667 0.750000
vt 0.416667 0.777778
vt 0.652778 0.718750
vt 0.638889 0.763889
vt 0.623043 0.745597
vt 0.625000 0.718750
vt 0.583333 0.777778
vt 0.583333 0.750000
vt 0.583333 0.718750
vt 0.347222 0.531250
vt 0.361111 0.486111
vt 0.376957 0.504403
vt 0.375000 0.531250
vt 0.416667 0.472222
vt 0.416667 0.500000
vt 0.416667 0.531250
vt 0.652778 0.531250
vt 0.625000 0.531250
vt 0.619130 0.500489
vt 0.638889 0.486111
vt 0.583333 0.531250
vt 0.583333 0.500000
vt 0.583333 0.472222
vt 0.175000 0.708333
vt 0.175000 0.729139
vt 0.151089 0.728259
vt 0.150033 0.708333
vt 0.175000 0.750000
vt 0.151089 0.750000
vt 0.397727 0.950000
vt 0.397727 1.000000
vt 0.375000 0.973911
vt 0.375000 0.950000
vt 0.397727 0.000000
vt 0.397727 0.020861
vt 0.375000 0.021741
vt 0.397727 0.041667
vt 0.375000 0.041667
vt 0.125000 0.708333
vt 0.125000 0.728259
vt 0.602273 0.950000
vt 0.613622 0.950000
vt 0.613141 1.000000
vt 0.602273 1.000000
vt 0.625000 0.950000
vt 0.825000 0.708333
vt 0.875000 0.708333
vt 0.875000 0.728259
vt 0.825000 0.750000
vt 0.625000 0.041667
vt 0.613621 0.041667
vt 0.613141 0.021741
vt 0.625000 0.021741
vt 0.602273 0.041667
vt 0.602273 0.020861
vt 0.602273 0.000000
vt 0.613141 0.000000
vt 0.175000 0.541667
vt 0.150033 0.541667
vt 0.151089 0.521741
vt 0.175000 0.520861
vt 0.125000 0.541667
vt 0.125000 0.521741
vt 0.397727 0.208333
vt 0.397727 0.229139
vt 0.375000 0.228259
vt 0.375000 0.208333
vt 0.397727 0.275033
vt 0.375000 0.276089
vt 0.397727 0.300000
vt 0.375000 0.300000
vt 0.175000 0.500000
vt 0.151089 0.500000
vt 0.825000 0.541667
vt 0.825000 0.500000
vt 0.875000 0.521741
vt 0.875000 0.541667
vt 0.625000 0.300000
vt 0.613621 0.300000
vt 0.613141 0.266824
vt 0.625000 0.235506
vt 0.602273 0.300000
vt 0.602273 0.275033
vt 0.602273 0.229139
vt 0.613141 0.228259
vt 0.602273 0.208333
vt 0.613621 0.208333
vt 0.625000 0.208333
vt 0.325000 0.708333
vt 0.349967 0.708333
vt 0.348911 0.728259
vt 0.325000 0.729139
vt 0.386378 0.708333
vt 0.380602 0.728259
vt 0.397727 0.708333
vt 0.397727 0.729139
vt 0.397727 0.775033
vt 0.361955 0.763045
vt 0.397727 0.800000
vt 0.350000 0.775000
vt 0.675000 0.708333
vt 0.650000 0.775000
vt 0.638045 0.763045
vt 0.650033 0.708333
vt 0.613621 0.800000
vt 0.613141 0.776089
vt 0.602273 0.800000
vt 0.602273 0.775033
vt 0.602273 0.729139
vt 0.613141 0.736986
vt 0.602273 0.708333
vt 0.613621 0.708333
vt 0.325000 0.541667
vt 0.325000 0.520861
vt 0.348911 0.521741
vt 0.349967 0.541667
vt 0.350000 0.475000
vt 0.361955 0.486955
vt 0.397727 0.450000
vt 0.397727 0.474967
vt 0.397727 0.520861
vt 0.380602 0.521741
vt 0.397727 0.541667
vt 0.386378 0.541667
vt 0.675000 0.541667
vt 0.650033 0.541667
vt 0.638045 0.486955
vt 0.650000 0.475000
vt 0.613621 0.541667
vt 0.613141 0.513014
vt 0.602273 0.541667
vt 0.602273 0.520861
vt 0.602273 0.474967
vt 0.613141 0.473911
vt 0.602273 0.450000
vt 0.613621 0.450000
vt 0.175000 0.708333
vt 0.175000 0.729139
vt 0.151089 0.728259
vt 0.150033 0.708333
vt 0.175000 0.750000
vt 0.151089 0.750000
vt 0.390625 0.950000
vt 0.390625 1.000000
vt 0.375000 0.973911
vt 0.390625 0.000000
vt 0.390625 0.020861
vt 0.390625 0.041667
vt 0.609375 0.950000
vt 0.617177 0.950000
vt 0.616847 1.000000
vt 0.609375 1.000000
vt 0.625000 0.950000
vt 0.617177 0.041667
vt 0.616847 0.021741
vt 0.609375 0.041667
vt 0.609375 0.020861
vt 0.609375 0.000000
vt 0.616847 0.000000
vt 0.150033 0.541667
vt 0.151089 0.521741
vt 0.175000 0.520861
vt 0.390625 0.208333
vt 0.390625 0.229139
vt 0.390625 0.275033
vt 0.375000 0.276089
vt 0.390625 0.300000
vt 0.375000 0.300000
vt 0.175000 0.500000
vt 0.151089 0.500000
vt 0.825000 0.500000
vt 0.625000 0.300000
vt 0.617177 0.300000
vt 0.616847 0.266824
vt 0.609375 0.300000
vt 0.609375 0.275033
vt 0.609375 0.229139
vt 0.616847 0.228259
vt 0.609375 0.208333
vt 0.617177 0.208333
vt 0.325000 0.708333
vt 0.348911 0.728259
vt 0.325000 0.729139
vt 0.382823 0.708333
vt 0.377823 0.728259
vt 0.390625 0.708333
vt 0.390625 0.729139
vt 0.390625 0.775033
vt 0.361955 0.763045
vt 0.390625 0.800000
vt 0.675000 0.708333
vt 0.650033 0.708333
vt 0.617177 0.800000
vt 0.616847 0.776089
vt 0.609375 0.800000
vt 0.609375 0.775033
vt 0.609375 0.729139
vt 0.616847 0.736986
vt 0.609375 0.708333
vt 0.617177 0.708333
vt 0.325000 0.541667
vt 0.348911 0.521741
vt 0.349967 0.541667
vt 0.361955 0.486955
vt 0.390625 0.450000
vt 0.390625 0.474967
vt 0.390625 0.520861
vt 0.377822 0.521741
vt 0.390625 0.541667
vt 0.382823 0.541667
vt 0.617177 0.541667
vt 0.616847 0.513014
vt 0.609375 0.541667
vt 0.609375 0.520861
vt 0.609375 0.474967
vt 0.616847 0.473911
vt 0.609375 0.450000
vt 0.617177 0.450000
vt 0.175000 0.708333
vt 0.175000 0.729139
vt 0.151089 0.728259
vt 0.150033 0.708333
vt 0.151089 0.750000
vt 0.388889 0.950000
vt 0.388889 1.000000
vt 0.388889 0.000000
vt 0.388889 0.020861
vt 0.388889 0.041667
vt 0.611111 0.950000
vt 0.618047 0.950000
vt 0.617753 1.000000
vt 0.611111 1.000000
vt 0.825000 0.708333
vt 0.825000 0.750000
vt 0.618047 0.041667
vt 0.617753 0.021741
vt 0.611111 0.041667
vt 0.611111 0.020861
vt 0.611111 0.000000
vt 0.617753 0.000000
vt 0.151089 0.521741
vt 0.175000 0.520861
vt 0.388889 0.208333
vt 0.388889 0.229139
vt 0.388889 0.275033
vt 0.375000 0.276089
vt 0.388889 0.300000
vt 0.175000 0.500000
vt 0.151089 0.500000
vt 0.618047 0.300000
vt 0.617753 0.266824
vt 0.611111 0.300000
vt 0.611111 0.275033
vt 0.611111 0.229139
vt 0.617753 0.228259
vt 0.611111 0.208333
vt 0.618047 0.208333
vt 0.381953 0.708333
vt 0.377143 0.728259
vt 0.388889 0.708333
vt 0.388889 0.729139
vt 0.388889 0.775033
vt 0.388889 0.800000
vt 0.675000 0.708333
vt 0.618047 0.800000
vt 0.617753 0.776089
vt 0.611111 0.800000
vt 0.611111 0.775033
vt 0.611111 0.729139
vt 0.617753 0.736986
vt 0.611111 0.708333
vt 0.618047 0.708333
vt 0.361955 0.486955
vt 0.388889 0.450000
vt 0.388889 0.474967
vt 0.388889 0.520861
vt 0.377143 0.521741
vt 0.388889 0.541667
vt 0.381953 0.541667
vt 0.618047 0.541667
vt 0.617753 0.513014
vt 0.611111 0.541667
vt 0.611111 0.520861
vt 0.611111 0.474967
vt 0.617753 0.473911
vt 0.611111 0.450000
vt 0.618047 0.450000
vt 0.175000 0.729139
vt 0.151089 0.728259
vt 0.150033 0.708333
vt 0.392857 0.950000
vt 0.392857 1.000000
vt 0.375000 0.973911
vt 0.392857 0.000000
vt 0.392857 0.020861
vt 0.392857 0.041667
vt 0.607143 0.950000
vt 0.616060 0.950000
vt 0.615682 1.000000
vt 0.607143 1.000000
vt 0.616060 0.041667
vt 0.615683 0.021741
vt 0.607143 0.041667
vt 0.607143 0.020861
vt 0.607143 0.000000
vt 0.615683 0.000000
vt 0.151089 0.521741
vt 0.392857 0.208333
vt 0.392857 0.229139
vt 0.392857 0.275033
vt 0.392857 0.300000
vt 0.616060 0.300000
vt 0.615683 0.266824
vt 0.607143 0.300000
vt 0.607143 0.275033
vt 0.607143 0.229139
vt 0.615683 0.228259
vt 0.607143 0.208333
vt 0.616060 0.208333
vt 0.349967 0.708333
vt 0.348911 0.728259
vt 0.325000 0.729139
vt 0.383940 0.708333
vt 0.378696 0.728259
vt 0.392857 0.708333
vt 0.392857 0.729139
vt 0.392857 0.775033
vt 0.392857 0.800000
vt 0.638045 0.763045
vt 0.616060 0.800000
vt 0.615683 0.776089
vt 0.607143 0.800000
vt 0.607143 0.775033
vt 0.607143 0.729139
vt 0.615682 0.736986
vt 0.607143 0.708333
vt 0.616060 0.708333
vt 0.325000 0.520861
vt 0.348911 0.521741
vt 0.349967 0.541667
vt 0.392857 0.450000
vt 0.392857 0.474967
vt 0.392857 0.520861
vt 0.378696 0.521741
vt 0.392857 0.541667
vt 0.383940 0.541667
vt 0.650033 0.541667
vt 0.638045 0.486955
vt 0.616060 0.541667
vt 0.615682 0.513014
vt 0.607143 0.541667
vt 0.607143 0.520861
vt 0.607143 0.474967
vt 0.615683 0.473911
vt 0.607143 0.450000
vt 0.616060 0.450000
vt 0.175000 0.708333
vt 0.175000 0.750000
vt 0.146132 0.750000
vt 0.125000 0.708333
vt 0.400000 0.950000
vt 0.400000 1.000000
vt 0.385566 1.000000
vt 0.375000 0.950000
vt 0.400000 0.041667
vt 0.375000 0.041667
vt 0.375000 0.017611
vt 0.400000 0.000000
vt 0.600000 0.950000
vt 0.625000 0.978868
vt 0.600000 1.000000
vt 0.825000 0.708333
vt 0.875000 0.708333
vt 0.875000 0.732389
vt 0.825000 0.750000
vt 0.600000 0.041667
vt 0.600000 0.000000
vt 0.614434 0.000000
vt 0.625000 0.041667
vt 0.175000 0.541667
vt 0.125000 0.541667
vt 0.125000 0.517610
vt 0.400000 0.208333
vt 0.400000 0.250000
vt 0.380283 0.260566
vt 0.375000 0.208333
vt 0.400000 0.300000
vt 0.825000 0.541667
vt 0.825000 0.500000
vt 0.853867 0.500000
vt 0.875000 0.541667
vt 0.600000 0.300000
vt 0.600000 0.250000
vt 0.619717 0.241195
vt 0.600000 0.208333
vt 0.625000 0.208333
vt 0.375000 0.708333
vt 0.378522 0.751174
vt 0.350000 0.775000
vt 0.400000 0.708333
vt 0.400000 0.750000
vt 0.400000 0.800000
vt 0.628522 0.744130
vt 0.625000 0.708333
vt 0.600000 0.800000
vt 0.600000 0.750000
vt 0.600000 0.708333
vt 0.325000 0.541667
vt 0.350000 0.475000
vt 0.371478 0.505870
vt 0.375000 0.541667
vt 0.400000 0.450000
vt 0.400000 0.500000
vt 0.400000 0.541667
vt 0.675000 0.541667
vt 0.625000 0.541667
vt 0.621478 0.498826
vt 0.650000 0.475000
vt 0.600000 0.541667
vt 0.600000 0.500000
vt 0.600000 0.450000
vt 0.146429 0.728571
vt 0.146429 0.739272
vt 0.136181 0.738819
vt 0.135728 0.728571
vt 0.146429 0.750000
vt 0.136181 0.750000
vt 0.398438 0.978571
vt 0.398438 1.000000
vt 0.375000 0.988819
vt 0.375000 0.978571
vt 0.398438 0.000000
vt 0.398437 0.010728
vt 0.375000 0.011181
vt 0.398438 0.021429
vt 0.375000 0.021429
vt 0.125000 0.728571
vt 0.125000 0.738819
vt 0.601563 0.978571
vt 0.613266 0.978571
vt 0.612771 1.000000
vt 0.601562 1.000000
vt 0.625000 0.978571
vt 0.853571 0.728571
vt 0.875000 0.728571
vt 0.875000 0.738819
vt 0.853571 0.750000
vt 0.625000 0.021429
vt 0.613266 0.021429
vt 0.612771 0.011181
vt 0.625000 0.011181
vt 0.601563 0.021429
vt 0.601562 0.010728
vt 0.601562 0.000000
vt 0.612770 0.000000
vt 0.146429 0.521429
vt 0.135728 0.521429
vt 0.136181 0.511181
vt 0.146429 0.510728
vt 0.125000 0.521429
vt 0.125000 0.511181
vt 0.398438 0.228571
vt 0.398438 0.239272
vt 0.375000 0.238819
vt 0.375000 0.228571
vt 0.398437 0.260728
vt 0.375000 0.261181
vt 0.398438 0.271429
vt 0.375000 0.271429
vt 0.146429 0.500000
vt 0.136181 0.500000
vt 0.853571 0.521429
vt 0.853571 0.500000
vt 0.875000 0.511181
vt 0.875000 0.521429
vt 0.625000 0.271429
vt 0.613266 0.271429
vt 0.612770 0.256975
vt 0.625000 0.242546
vt 0.601563 0.271429
vt 0.601562 0.260728
vt 0.601562 0.239272
vt 0.612771 0.238819
vt 0.601563 0.228571
vt 0.613266 0.228571
vt 0.625000 0.228571
vt 0.353571 0.728571
vt 0.364272 0.728571
vt 0.363819 0.738819
vt 0.353571 0.739272
vt 0.386734 0.728571
vt 0.382761 0.738819
vt 0.398438 0.728571
vt 0.398437 0.739272
vt 0.398437 0.760728
vt 0.369409 0.755591
vt 0.398438 0.771429
vt 0.364286 0.760714
vt 0.646429 0.728571
vt 0.635714 0.760714
vt 0.630591 0.755591
vt 0.635728 0.728571
vt 0.613266 0.771429
vt 0.612770 0.761181
vt 0.601563 0.771429
vt 0.601562 0.760728
vt 0.601562 0.739272
vt 0.612771 0.743025
vt 0.601563 0.728571
vt 0.613266 0.728571
vt 0.353571 0.521429
vt 0.353571 0.510728
vt 0.363819 0.511181
vt 0.364272 0.521429
vt 0.364286 0.489286
vt 0.369409 0.494409
vt 0.398438 0.478571
vt 0.398438 0.489272
vt 0.398438 0.510728
vt 0.382761 0.511181
vt 0.398438 0.521429
vt 0.386734 0.521429
vt 0.646429 0.521429
vt 0.635728 0.521429
vt 0.630591 0.494409
vt 0.635714 0.489286
vt 0.613266 0.521429
vt 0.612771 0.506975
vt 0.601563 0.521429
vt 0.601562 0.510728
vt 0.601562 0.489272
vt 0.612770 0.488819
vt 0.601563 0.478571
vt 0.613266 0.478571
vt 0.137500 0.740476
vt 0.137500 0.744121
vt 0.132597 0.744212
vt 0.132716 0.740476
vt 0.137500 0.750000
vt 0.132845 0.750000
vt 0.125000 0.744023
vt 0.125000 0.740476
vt 0.130283 0.750000
vt 0.388333 0.987500
vt 0.388333 0.992284
vt 0.383103 0.992403
vt 0.383231 0.987500
vt 0.388333 1.000000
vt 0.383368 1.000000
vt 0.375000 0.992155
vt 0.375000 0.987500
vt 0.380635 1.000000
vt 0.388333 0.009524
vt 0.383231 0.009524
vt 0.383103 0.005788
vt 0.388333 0.005879
vt 0.375000 0.009524
vt 0.375000 0.005977
vt 0.383368 0.000000
vt 0.388333 0.000000
vt 0.375000 0.004025
vt 0.611667 0.987500
vt 0.616769 0.987500
vt 0.616897 0.992404
vt 0.611667 0.992284
vt 0.625000 0.987500
vt 0.625000 0.992155
vt 0.616632 1.000000
vt 0.611667 1.000000
vt 0.625000 0.994717
vt 0.862500 0.740476
vt 0.867284 0.740476
vt 0.867403 0.744212
vt 0.862500 0.744121
vt 0.875000 0.740476
vt 0.875000 0.744023
vt 0.867155 0.750000
vt 0.862500 0.750000
vt 0.875000 0.745975
vt 0.611667 0.009524
vt 0.611667 0.005879
vt 0.616897 0.005788
vt 0.616769 0.009524
vt 0.611667 0.000000
vt 0.616632 0.000000
vt 0.625000 0.005977
vt 0.625000 0.009524
vt 0.619365 0.000000
vt 0.137500 0.509524
vt 0.132716 0.509524
vt 0.132597 0.505788
vt 0.137500 0.505879
vt 0.125000 0.509524
vt 0.125000 0.505977
vt 0.132845 0.500000
vt 0.137500 0.500000
vt 0.125000 0.504025
vt 0.388333 0.240476
vt 0.388333 0.244121
vt 0.383103 0.244212
vt 0.383231 0.240476
vt 0.388333 0.250000
vt 0.383368 0.250000
vt 0.375000 0.244023
vt 0.375000 0.240476
vt 0.377818 0.252642
vt 0.388333 0.262500
vt 0.383231 0.262500
vt 0.383103 0.257597
vt 0.388333 0.257716
vt 0.375000 0.262500
vt 0.375000 0.257845
vt 0.862500 0.509524
vt 0.862500 0.505879
vt 0.867403 0.505788
vt 0.867284 0.509524
vt 0.862500 0.500000
vt 0.867155 0.500000
vt 0.875000 0.505977
vt 0.875000 0.509524
vt 0.869717 0.500000
vt 0.611667 0.262500
vt 0.611667 0.257716
vt 0.616897 0.257597
vt 0.616769 0.262500
vt 0.611667 0.250000
vt 0.616632 0.250000
vt 0.625000 0.257845
vt 0.625000 0.262500
vt 0.622182 0.247987
vt 0.611667 0.240476
vt 0.616769 0.240476
vt 0.616897 0.244212
vt 0.611667 0.244121
vt 0.625000 0.240476
vt 0.625000 0.244023
vt 0.362500 0.740476
vt 0.367284 0.740476
vt 0.367403 0.744212
vt 0.362500 0.744121
vt 0.375000 0.740476
vt 0.375000 0.744023
vt 0.371077 0.753923
vt 0.368750 0.756250
vt 0.376878 0.750419
vt 0.388333 0.740476
vt 0.388333 0.744121
vt 0.383103 0.744212
vt 0.383231 0.740476
vt 0.388333 0.750000
vt 0.383368 0.750000
vt 0.388333 0.762500
vt 0.383231 0.762500
vt 0.383103 0.757596
vt 0.388333 0.757716
vt 0.637500 0.740476
vt 0.637500 0.744121
vt 0.632596 0.744212
vt 0.632716 0.740476
vt 0.631250 0.756250
vt 0.628923 0.753923
vt 0.625000 0.744023
vt 0.625000 0.740476
vt 0.624883 0.748658
vt 0.611667 0.762500
vt 0.611667 0.757716
vt 0.616897 0.757596
vt 0.616769 0.762500
vt 0.611667 0.750000
vt 0.616632 0.750000
vt 0.611667 0.740476
vt 0.616769 0.740476
vt 0.616897 0.744212
vt 0.611667 0.744121
vt 0.362500 0.509524
vt 0.362500 0.505879
vt 0.367403 0.505788
vt 0.367283 0.509524
vt 0.368750 0.493750
vt 0.371077 0.496077
vt 0.375000 0.505977
vt 0.375000 0.509524
vt 0.375117 0.501342
vt 0.388333 0.487500
vt 0.388333 0.492284
vt 0.383103 0.492403
vt 0.383231 0.487500
vt 0.388333 0.500000
vt 0.383368 0.500000
vt 0.388333 0.509524
vt 0.383231 0.509524
vt 0.383103 0.505788
vt 0.388333 0.505879
vt 0.637500 0.509524
vt 0.632716 0.509524
vt 0.632596 0.505788
vt 0.637500 0.505879
vt 0.625000 0.509524
vt 0.625000 0.505977
vt 0.628923 0.496077
vt 0.631250 0.493750
vt 0.623122 0.499581
vt 0.611667 0.509524
vt 0.611667 0.505879
vt 0.616897 0.505788
vt 0.616769 0.509524
vt 0.611667 0.500000
vt 0.616632 0.500000
vt 0.611667 0.487500
vt 0.616769 0.487500
vt 0.616897 0.492403
vt 0.611667 0.492284
vt 0.191667 0.720000
vt 0.125000 0.720000
vt 0.405000 0.933333
vt 0.405000 1.000000
vt 0.387679 1.000000
vt 0.405000 0.030000
vt 0.375000 0.030000
vt 0.375000 0.012680
vt 0.405000 0.000000
vt 0.595000 0.933333
vt 0.595000 1.000000
vt 0.808333 0.720000
vt 0.875000 0.720000
vt 0.875000 0.737320
vt 0.595000 0.030000
vt 0.595000 0.000000
vt 0.612321 0.000000
vt 0.625000 0.030000
vt 0.191667 0.530000
vt 0.125000 0.530000
vt 0.125000 0.512680
vt 0.405000 0.220000
vt 0.405000 0.250000
vt 0.381340 0.264088
vt 0.375000 0.220000
vt 0.405000 0.316667
vt 0.808333 0.530000
vt 0.875000 0.530000
vt 0.595000 0.316667
vt 0.595000 0.250000
vt 0.618660 0.243660
vt 0.595000 0.220000
vt 0.625000 0.220000
vt 0.308333 0.720000
vt 0.375000 0.720000
vt 0.379226 0.755166
vt 0.341667 0.783333
vt 0.405000 0.720000
vt 0.405000 0.750000
vt 0.405000 0.816667
vt 0.691667 0.720000
vt 0.630166 0.745773
vt 0.625000 0.720000
vt 0.595000 0.816667
vt 0.595000 0.750000
vt 0.595000 0.720000
vt 0.308333 0.530000
vt 0.369834 0.504227
vt 0.375000 0.530000
vt 0.405000 0.433333
vt 0.405000 0.500000
vt 0.405000 0.530000
vt 0.691667 0.530000
vt 0.625000 0.530000
vt 0.620774 0.494834
vt 0.658333 0.466667
vt 0.595000 0.530000
vt 0.595000 0.500000
vt 0.595000 0.433333
vt 0.405000 0.933333
vt 0.405000 1.000000
vt 0.387680 1.000000
vt 0.405000 0.030000
vt 0.405000 0.000000
vt 0.595000 0.933333
vt 0.595000 1.000000
vt 0.595000 0.030000
vt 0.595000 0.000000
vt 0.612320 0.000000
vt 0.405000 0.220000
vt 0.405000 0.250000
vt 0.381340 0.264088
vt 0.405000 0.316667
vt 0.595000 0.316667
vt 0.595000 0.250000
vt 0.618660 0.243660
vt 0.595000 0.220000
vt 0.375000 0.720000
vt 0.379227 0.755166
vt 0.341667 0.783333
vt 0.405000 0.720000
vt 0.405000 0.750000
vt 0.405000 0.816667
vt 0.630166 0.745773
vt 0.595000 0.816667
vt 0.595000 0.750000
vt 0.595000 0.720000
vt 0.369834 0.504227
vt 0.405000 0.433333
vt 0.405000 0.500000
vt 0.405000 0.530000
vt 0.620773 0.494834
vt 0.658333 0.466667
vt 0.595000 0.530000
vt 0.595000 0.500000
vt 0.595000 0.433333
vt 0.405000 0.933333
vt 0.405000 1.000000
vt 0.387679 1.000000
vt 0.405000 0.030000
vt 0.405000 0.000000
vt 0.595000 0.933333
vt 0.595000 1.000000
vt 0.595000 0.030000
vt 0.595000 0.000000
vt 0.612320 0.000000
vt 0.405000 0.250000
vt 0.381340 0.264088
vt 0.405000 0.316667
vt 0.595000 0.316667
vt 0.595000 0.250000
vt 0.618660 0.243660
vt 0.595000 0.220000
vt 0.405000 0.750000
vt 0.405000 0.816667
vt 0.630166 0.745773
vt 0.595000 0.816667
vt 0.595000 0.750000
vt 0.595000 0.720000
vt 0.369834 0.504227
vt 0.405000 0.433333
vt 0.405000 0.500000
vt 0.405000 0.530000
vt 0.620773 0.494834
vt 0.595000 0.530000
vt 0.595000 0.500000
vt 0.595000 0.433333
vt 0.191667 0.720000
vt 0.125000 0.720000
vt 0.405000 0.030000
vt 0.375000 0.030000
vt 0.375000 0.012679
vt 0.808334 0.720000
vt 0.875000 0.720000
vt 0.875000 0.737321
vt 0.595000 0.030000
vt 0.625000 0.030000
vt 0.191667 0.530000
vt 0.125000 0.530000
vt 0.125000 0.512679
vt 0.405000 0.220000
vt 0.405000 0.250000
vt 0.375000 0.220000
vt 0.808334 0.530000
vt 0.875000 0.530000
vt 0.618660 0.243660
vt 0.595000 0.220000
vt 0.625000 0.220000
vt 0.308333 0.720000
vt 0.375000 0.720000
vt 0.379226 0.755166
vt 0.405000 0.720000
vt 0.691667 0.720000
vt 0.625000 0.720000
vt 0.595000 0.720000
vt 0.308333 0.530000
vt 0.369834 0.504227
vt 0.375000 0.530000
vt 0.405000 0.530000
vt 0.691667 0.530000
vt 0.625000 0.530000
vt 0.595000 0.530000
vt 0.405000 0.030000
vt 0.595000 0.030000
vt 0.405000 0.220000
vt 0.405000 0.250000
vt 0.595000 0.250000
vt 0.618660 0.243660
vt 0.595000 0.220000
vt 0.379227 0.755166
vt 0.405000 0.720000
vt 0.369834 0.504227
vt 0.405000 0.530000
vt 0.620773 0.494834
vt 0.595000 0.530000
vt 0.405000 0.030000
vt 0.595000 0.030000
vt 0.405000 0.220000
vt 0.405000 0.250000
vt 0.618660 0.243660
vt 0.595000 0.220000
vt 0.405000 0.720000
vt 0.595000 0.720000
vt 0.369834 0.504227
vt 0.405000 0.530000
vt 0.595000 0.530000
vt 0.191667 0.720000
vt 0.405000 0.030000
vt 0.375000 0.012679
vt 0.808333 0.720000
vt 0.875000 0.737320
vt 0.595000 0.030000
vt 0.625000 0.030000
vt 0.191667 0.530000
vt 0.405000 0.220000
vt 0.375000 0.220000
vt 0.618660 0.243660
vt 0.595000 0.220000
vt 0.691667 0.720000
vt 0.625000 0.720000
vt 0.595000 0.720000
vt 0.405000 0.530000
vt 0.691667 0.530000
vt 0.595000 0.530000
vt 0.405000 0.030000
vt 0.595000 0.030000
vt 0.405000 0.220000
vt 0.618660 0.243660
vt 0.595000 0.220000
vt 0.595000 0.720000
vt 0.405000 0.030000
vt 0.595000 0.030000
vt 0.618660 0.243660
vt 0.595000 0.220000
vt 0.405000 0.720000
vt 0.191666 0.500000
vt 0.381340 0.264088
vt 0.375000 0.316666
vt 0.381340 0.264088
vt 0.369834 0.504227
vt 0.381340 0.264088
vt 0.630166 0.745773
vt 0.379226 0.755166
vt 0.620774 0.494834
vt 0.379227 0.755166
vt 0.369834 0.504227
vt 0.620773 0.494834
vt 0.620773 0.494834
vt 0.155000 0.683333
vt 0.155000 0.750000
vt 0.137680 0.750000
vt 0.125000 0.683333
vt 0.405000 0.970000
vt 0.375000 0.970000
vt 0.405000 0.066667
vt 0.375000 0.066667
vt 0.375000 0.028177
vt 0.595000 0.970000
vt 0.625000 0.970000
vt 0.625000 0.987320
vt 0.845000 0.683333
vt 0.875000 0.683333
vt 0.875000 0.721823
vt 0.845000 0.750000
vt 0.595000 0.066667
vt 0.625000 0.066667
vt 0.155000 0.566667
vt 0.125000 0.566667
vt 0.125000 0.528177
vt 0.155000 0.500000
vt 0.405000 0.183333
vt 0.381340 0.256340
vt 0.375000 0.183333
vt 0.405000 0.280000
vt 0.375000 0.280000
vt 0.845000 0.566667
vt 0.845000 0.500000
vt 0.862320 0.500000
vt 0.875000 0.566667
vt 0.595000 0.280000
vt 0.618660 0.235912
vt 0.625000 0.280000
vt 0.595000 0.183333
vt 0.625000 0.183333
vt 0.345000 0.683333
vt 0.375000 0.683333
vt 0.379226 0.744834
vt 0.360000 0.765000
vt 0.405000 0.683333
vt 0.405000 0.780000
vt 0.655000 0.683333
vt 0.640000 0.765000
vt 0.625000 0.740608
vt 0.625000 0.683333
vt 0.595000 0.780000
vt 0.595000 0.683333
vt 0.345000 0.566667
vt 0.360000 0.485000
vt 0.375000 0.566667
vt 0.405000 0.470000
vt 0.405000 0.566667
vt 0.655000 0.566667
vt 0.625000 0.566667
vt 0.620774 0.505166
vt 0.640000 0.485000
vt 0.595000 0.566667
vt 0.595000 0.470000
vt 0.405000 0.970000
vt 0.405000 0.066667
vt 0.595000 0.970000
vt 0.595000 0.066667
vt 0.405000 0.183333
vt 0.381340 0.256340
vt 0.405000 0.280000
vt 0.595000 0.280000
vt 0.618660 0.235912
vt 0.595000 0.183333
vt 0.379227 0.744834
vt 0.405000 0.683333
vt 0.405000 0.780000
vt 0.625000 0.740608
vt 0.595000 0.780000
vt 0.595000 0.683333
vt 0.405000 0.470000
vt 0.405000 0.566667
vt 0.620773 0.505166
vt 0.595000 0.566667
vt 0.595000 0.470000
vt 0.405000 0.970000
vt 0.405000 0.066667
vt 0.595000 0.970000
vt 0.595000 0.066667
vt 0.405000 0.183333
vt 0.381340 0.256340
vt 0.405000 0.280000
vt 0.595000 0.280000
vt 0.618660 0.235912
vt 0.595000 0.183333
vt 0.405000 0.683333
vt 0.405000 0.780000
vt 0.625000 0.740608
vt 0.595000 0.780000
vt 0.595000 0.683333
vt 0.375000 0.509392
vt 0.405000 0.470000
vt 0.405000 0.566667
vt 0.620773 0.505166
vt 0.595000 0.566667
vt 0.595000 0.470000
vt 0.155000 0.683333
vt 0.155000 0.750000
vt 0.137679 0.750000
vt 0.405000 0.970000
vt 0.375000 0.970000
vt 0.595000 0.970000
vt 0.625000 0.987321
vt 0.845000 0.683333
vt 0.845000 0.750000
vt 0.155000 0.566667
vt 0.155000 0.500000
vt 0.381340 0.256340
vt 0.405000 0.280000
vt 0.375000 0.280000
vt 0.845000 0.566667
vt 0.595000 0.280000
vt 0.625000 0.280000
vt 0.360000 0.765000
vt 0.405000 0.780000
vt 0.655000 0.683333
vt 0.625000 0.740608
vt 0.595000 0.780000
vt 0.345000 0.566667
vt 0.360000 0.485000
vt 0.375000 0.509392
vt 0.655000 0.566667
vt 0.640000 0.485000
vt 0.595000 0.470000
vt 0.595000 0.970000
vt 0.381340 0.256340
vt 0.405000 0.280000
vt 0.595000 0.280000
vt 0.405000 0.780000
vt 0.595000 0.780000
vt 0.405000 0.470000
vt 0.405000 0.970000
vt 0.595000 0.970000
vt 0.381340 0.256340
vt 0.405000 0.780000
vt 0.405000 0.470000
vt 0.155000 0.750000
vt 0.137679 0.750000
vt 0.375000 0.970000
vt 0.625000 0.970000
vt 0.845000 0.750000
vt 0.845000 0.500000
vt 0.862321 0.500000
vt 0.640000 0.765000
vt 0.360000 0.485000
vt 0.155000 0.720000
vt 0.441666 0.970000
vt 0.441666 0.030000
vt 0.558334 0.970000
vt 0.845000 0.720000
vt 0.558334 0.030000
vt 0.155000 0.530000
vt 0.441666 0.220000
vt 0.389088 0.256340
vt 0.441666 0.280000
vt 0.845000 0.530000
vt 0.558334 0.280000
vt 0.610912 0.243660
vt 0.558334 0.220000
vt 0.345000 0.720000
vt 0.384392 0.750000
vt 0.360000 0.765000
vt 0.441666 0.720000
vt 0.441666 0.780000
vt 0.655000 0.720000
vt 0.619834 0.745773
vt 0.558334 0.780000
vt 0.558334 0.720000
vt 0.345000 0.530000
vt 0.380166 0.504227
vt 0.441666 0.470000
vt 0.441666 0.530000
vt 0.655000 0.530000
vt 0.615608 0.500000
vt 0.558334 0.530000
vt 0.558334 0.470000
vt 0.155000 0.720000
vt 0.441666 0.030000
vt 0.845000 0.720000
vt 0.558334 0.030000
vt 0.155000 0.530000
vt 0.441666 0.220000
vt 0.845000 0.530000
vt 0.610912 0.243660
vt 0.558334 0.220000
vt 0.345000 0.720000
vt 0.441666 0.720000
vt 0.655000 0.720000
vt 0.558334 0.720000
vt 0.345000 0.530000
vt 0.380166 0.504227
vt 0.441666 0.530000
vt 0.655000 0.530000
vt 0.558334 0.530000
vt 0.155000 0.720000
vt 0.441666 0.030000
vt 0.558334 0.030000
vt 0.155000 0.530000
vt 0.441666 0.220000
vt 0.845000 0.530000
vt 0.610912 0.243660
vt 0.558334 0.220000
vt 0.441666 0.720000
vt 0.558334 0.720000
vt 0.345000 0.530000
vt 0.441666 0.530000
vt 0.655000 0.530000
vt 0.558334 0.530000
vt 0.155000 0.720000
vt 0.441666 0.970000
vt 0.389088 0.256340
vt 0.441666 0.280000
vt 0.845000 0.530000
vt 0.441666 0.780000
vt 0.655000 0.720000
vt 0.619834 0.745773
vt 0.345000 0.530000
vt 0.380166 0.504227
vt 0.441666 0.470000
vt 0.155000 0.720000
vt 0.155000 0.530000
vt 0.845000 0.530000
vt 0.345000 0.530000
vt 0.380166 0.504227
vt 0.640000 0.485000
vt 0.155000 0.720000
vt 0.845000 0.720000
vt 0.155000 0.530000
vt 0.345000 0.720000
vt 0.655000 0.530000
vt 0.640000 0.765000
vt 0.169643 0.736111
vt 0.169643 0.743046
vt 0.148294 0.742753
vt 0.147351 0.736111
vt 0.169643 0.750000
vt 0.148294 0.750000
vt 0.392857 0.955357
vt 0.392857 0.977649
vt 0.375000 0.976706
vt 0.375000 0.955357
vt 0.392857 1.000000
vt 0.375000 1.000000
vt 0.392857 0.013889
vt 0.375000 0.013889
vt 0.375000 0.007247
vt 0.392857 0.000000
vt 0.125000 0.736111
vt 0.125000 0.742753
vt 0.607143 0.955357
vt 0.616060 0.955357
vt 0.615682 0.976706
vt 0.607143 0.977649
vt 0.625000 0.955357
vt 0.625000 0.976706
vt 0.830357 0.736111
vt 0.875000 0.736111
vt 0.851706 0.750000
vt 0.830357 0.750000
vt 0.625000 0.013889
vt 0.616060 0.013889
vt 0.615682 0.000000
vt 0.625000 0.000000
vt 0.607143 0.013889
vt 0.607143 0.000000
vt 0.607143 1.000000
vt 0.615682 1.000000
vt 0.169643 0.513889
vt 0.147351 0.513889
vt 0.148294 0.507247
vt 0.169643 0.506954
vt 0.125000 0.513889
vt 0.125000 0.507247
vt 0.392857 0.236111
vt 0.392857 0.243046
vt 0.375000 0.242753
vt 0.375000 0.236111
vt 0.392857 0.272351
vt 0.375000 0.273294
vt 0.392857 0.294643
vt 0.375000 0.294643
vt 0.169643 0.500000
vt 0.148294 0.500000
vt 0.830357 0.513889
vt 0.830357 0.500000
vt 0.875000 0.507247
vt 0.875000 0.513889
vt 0.625000 0.294643
vt 0.616060 0.294643
vt 0.615682 0.266556
vt 0.625000 0.245169
vt 0.607143 0.294643
vt 0.607143 0.272351
vt 0.607143 0.243046
vt 0.615682 0.242753
vt 0.607143 0.236111
vt 0.616060 0.236111
vt 0.625000 0.236111
vt 0.330357 0.736111
vt 0.352649 0.736111
vt 0.351706 0.742753
vt 0.330357 0.743046
vt 0.383940 0.736111
vt 0.379049 0.742753
vt 0.392857 0.736111
vt 0.392857 0.743046
vt 0.392857 0.772351
vt 0.363353 0.761647
vt 0.392857 0.794643
vt 0.352679 0.772321
vt 0.669643 0.736111
vt 0.647321 0.772321
vt 0.636647 0.761647
vt 0.647351 0.736111
vt 0.616060 0.794643
vt 0.615682 0.773294
vt 0.607143 0.794643
vt 0.607143 0.772351
vt 0.607143 0.743046
vt 0.615682 0.747504
vt 0.607143 0.736111
vt 0.616060 0.736111
vt 0.330357 0.513889
vt 0.330357 0.506954
vt 0.351706 0.507247
vt 0.352649 0.513889
vt 0.352679 0.477679
vt 0.363353 0.488353
vt 0.392857 0.455357
vt 0.392857 0.477649
vt 0.392857 0.506954
vt 0.379049 0.507247
vt 0.392857 0.513889
vt 0.383940 0.513889
vt 0.669643 0.513889
vt 0.647351 0.513889
vt 0.634296 0.499612
vt 0.647321 0.477679
vt 0.616060 0.513889
vt 0.615682 0.507247
vt 0.607143 0.513889
vt 0.607143 0.506954
vt 0.607143 0.477649
vt 0.615682 0.483444
vt 0.607143 0.455357
vt 0.616060 0.455357
vt 0.175000 0.732143
vt 0.175000 0.750000
vt 0.146133 0.750000
vt 0.125000 0.732143
vt 0.397727 0.950000
vt 0.397727 1.000000
vt 0.384606 1.000000
vt 0.397727 0.017857
vt 0.375000 0.017857
vt 0.375000 0.007547
vt 0.397727 0.000000
vt 0.602273 0.950000
vt 0.625000 0.978867
vt 0.825000 0.732143
vt 0.875000 0.732143
vt 0.875000 0.742453
vt 0.602273 0.017857
vt 0.615394 0.000000
vt 0.625000 0.017857
vt 0.175000 0.517857
vt 0.125000 0.517857
vt 0.125000 0.507547
vt 0.397727 0.232143
vt 0.397727 0.250000
vt 0.379803 0.260566
vt 0.375000 0.232143
vt 0.397727 0.300000
vt 0.825000 0.517857
vt 0.875000 0.517857
vt 0.602273 0.300000
vt 0.602273 0.250000
vt 0.620197 0.246226
vt 0.602273 0.232143
vt 0.625000 0.232143
vt 0.325000 0.732143
vt 0.375000 0.732143
vt 0.378202 0.754528
vt 0.397727 0.732143
vt 0.397727 0.750000
vt 0.397727 0.800000
vt 0.675000 0.732143
vt 0.628842 0.747484
vt 0.625000 0.732143
vt 0.602273 0.800000
vt 0.602273 0.750000
vt 0.602273 0.732143
vt 0.325000 0.517857
vt 0.371158 0.502516
vt 0.375000 0.517857
vt 0.397727 0.450000
vt 0.397727 0.500000
vt 0.397727 0.517857
vt 0.675000 0.517857
vt 0.625000 0.517857
vt 0.621798 0.495472
vt 0.602273 0.517857
vt 0.602273 0.500000
vt 0.602273 0.450000
vt 0.169643 0.743046
vt 0.148294 0.742753
vt 0.147351 0.736111
vt 0.169643 0.750000
vt 0.148294 0.750000
vt 0.392857 0.977649
vt 0.375000 0.976706
vt 0.375000 0.955357
vt 0.392857 1.000000
vt 0.392857 0.013889
vt 0.375000 0.013889
vt 0.375000 0.007247
vt 0.392857 0.000000
vt 0.125000 0.742753
vt 0.607143 0.955357
vt 0.615682 0.976706
vt 0.607143 0.977649
vt 0.625000 0.955357
vt 0.830357 0.736111
vt 0.830357 0.750000
vt 0.625000 0.013889
vt 0.616060 0.013889
vt 0.625000 0.000000
vt 0.607143 1.000000
vt 0.615682 1.000000
vt 0.169643 0.513889
vt 0.147351 0.513889
vt 0.148294 0.507247
vt 0.169643 0.506954
vt 0.125000 0.507247
vt 0.392857 0.236111
vt 0.392857 0.243046
vt 0.375000 0.242753
vt 0.392857 0.272351
vt 0.375000 0.273294
vt 0.392857 0.294643
vt 0.375000 0.294643
vt 0.169643 0.500000
vt 0.148294 0.500000
vt 0.830357 0.513889
vt 0.830357 0.500000
vt 0.875000 0.507247
vt 0.875000 0.513889
vt 0.625000 0.294643
vt 0.616060 0.294643
vt 0.615682 0.266556
vt 0.607143 0.294643
vt 0.607143 0.272351
vt 0.607143 0.243046
vt 0.615682 0.242753
vt 0.607143 0.236111
vt 0.616060 0.236111
vt 0.330357 0.736111
vt 0.352649 0.736111
vt 0.351706 0.742753
vt 0.330357 0.743046
vt 0.383940 0.736111
vt 0.392857 0.736111
vt 0.392857 0.743046
vt 0.392857 0.772351
vt 0.363353 0.761647
vt 0.392857 0.794643
vt 0.352679 0.772321
vt 0.669643 0.736111
vt 0.636647 0.761647
vt 0.647351 0.736111
vt 0.616060 0.794643
vt 0.615682 0.773294
vt 0.607143 0.794643
vt 0.607143 0.772351
vt 0.615682 0.747504
vt 0.616060 0.736111
vt 0.330357 0.513889
vt 0.330357 0.506954
vt 0.351706 0.507247
vt 0.352649 0.513889
vt 0.352679 0.477679
vt 0.363353 0.488353
vt 0.392857 0.455357
vt 0.392857 0.477649
vt 0.392857 0.506954
vt 0.379049 0.507247
vt 0.392857 0.513889
vt 0.383940 0.513889
vt 0.669643 0.513889
vt 0.647351 0.513889
vt 0.634296 0.499612
vt 0.647321 0.477678
vt 0.616060 0.513889
vt 0.607143 0.513889
vt 0.607143 0.477649
vt 0.615682 0.483444
vt 0.607143 0.455357
vt 0.616060 0.455357
vt 0.160714 0.714286
vt 0.160714 0.750000
vt 0.140095 0.750000
vt 0.125000 0.714286
vt 0.392857 0.964286
vt 0.382547 1.000000
vt 0.375000 0.964286
vt 0.392857 0.035714
vt 0.375000 0.035714
vt 0.375000 0.015095
vt 0.607143 0.964286
vt 0.625000 0.964286
vt 0.625000 0.984905
vt 0.839286 0.714286
vt 0.875000 0.714286
vt 0.875000 0.734905
vt 0.839286 0.750000
vt 0.607143 0.035714
vt 0.607143 0.000000
vt 0.617453 0.000000
vt 0.625000 0.035714
vt 0.160714 0.535714
vt 0.125000 0.535714
vt 0.125000 0.515095
vt 0.160714 0.500000
vt 0.392857 0.214286
vt 0.392857 0.250000
vt 0.378774 0.257547
vt 0.375000 0.214286
vt 0.392857 0.285714
vt 0.375000 0.285714
vt 0.839286 0.535714
vt 0.839286 0.500000
vt 0.859905 0.500000
vt 0.875000 0.535714
vt 0.607143 0.285714
vt 0.607143 0.250000
vt 0.621226 0.242453
vt 0.625000 0.285714
vt 0.607143 0.214286
vt 0.625000 0.214286
vt 0.339286 0.714286
vt 0.375000 0.714286
vt 0.377516 0.750000
vt 0.357143 0.767857
vt 0.392857 0.714286
vt 0.392857 0.750000
vt 0.392857 0.785714
vt 0.660714 0.714286
vt 0.642857 0.767857
vt 0.627516 0.744968
vt 0.625000 0.714286
vt 0.607143 0.785714
vt 0.607143 0.750000
vt 0.607143 0.714286
vt 0.339286 0.535714
vt 0.357143 0.482143
vt 0.372484 0.505032
vt 0.375000 0.535714
vt 0.392857 0.464286
vt 0.392857 0.500000
vt 0.392857 0.535714
vt 0.660714 0.535714
vt 0.625000 0.535714
vt 0.622484 0.500000
vt 0.642857 0.482143
vt 0.607143 0.535714
vt 0.607143 0.500000
vt 0.607143 0.464286
vt 0.165909 0.709091
vt 0.165909 0.750000
vt 0.142290 0.750000
vt 0.125000 0.709091
vt 0.391071 0.959091
vt 0.391071 1.000000
vt 0.381793 1.000000
vt 0.375000 0.959091
vt 0.391071 0.040909
vt 0.375000 0.040909
vt 0.375000 0.017290
vt 0.391071 0.000000
vt 0.608929 0.959091
vt 0.625000 0.959091
vt 0.625000 0.982710
vt 0.608929 1.000000
vt 0.834091 0.709091
vt 0.875000 0.709091
vt 0.875000 0.732710
vt 0.834091 0.750000
vt 0.608929 0.040909
vt 0.608928 0.000000
vt 0.618207 0.000000
vt 0.625000 0.040909
vt 0.165909 0.540909
vt 0.125000 0.540909
vt 0.125000 0.517290
vt 0.165909 0.500000
vt 0.391071 0.209091
vt 0.391071 0.250000
vt 0.378396 0.258645
vt 0.375000 0.209091
vt 0.391071 0.290909
vt 0.375000 0.290909
vt 0.834091 0.540909
vt 0.834091 0.500000
vt 0.857710 0.500000
vt 0.875000 0.540909
vt 0.608929 0.290909
vt 0.608929 0.250000
vt 0.621604 0.241355
vt 0.625000 0.290909
vt 0.608929 0.209091
vt 0.625000 0.209091
vt 0.334091 0.709091
vt 0.375000 0.709091
vt 0.377264 0.750000
vt 0.354545 0.770455
vt 0.391071 0.709091
vt 0.391071 0.750000
vt 0.391071 0.790909
vt 0.665909 0.709091
vt 0.645455 0.770455
vt 0.628499 0.744237
vt 0.625000 0.709091
vt 0.608929 0.790909
vt 0.608929 0.750000
vt 0.608929 0.709091
vt 0.334091 0.540909
vt 0.354545 0.479545
vt 0.371501 0.505763
vt 0.375000 0.540909
vt 0.391071 0.459091
vt 0.391071 0.500000
vt 0.391071 0.540909
vt 0.665909 0.540909
vt 0.625000 0.540909
vt 0.622736 0.500000
vt 0.645455 0.479545
vt 0.608929 0.540909
vt 0.608929 0.500000
vt 0.608929 0.459091
vt 0.148923 0.733553
vt 0.148923 0.750000
vt 0.135111 0.750000
vt 0.125000 0.733553
vt 0.427632 0.976076
vt 0.427632 1.000000
vt 0.397245 1.000000
vt 0.375000 0.976077
vt 0.427632 0.016447
vt 0.375000 0.016447
vt 0.375000 0.006951
vt 0.427632 0.000000
vt 0.572368 0.976077
vt 0.625000 0.976076
vt 0.625000 0.989889
vt 0.572368 1.000000
vt 0.851076 0.733553
vt 0.875000 0.733553
vt 0.875000 0.743049
vt 0.851077 0.750000
vt 0.572368 0.016447
vt 0.572368 0.000000
vt 0.602755 0.000000
vt 0.625000 0.016447
vt 0.148923 0.516447
vt 0.125000 0.516447
vt 0.125000 0.506951
vt 0.148924 0.500000
vt 0.427632 0.233553
vt 0.427632 0.250000
vt 0.386122 0.255056
vt 0.375000 0.233553
vt 0.427632 0.273923
vt 0.375000 0.273923
vt 0.851077 0.516447
vt 0.851077 0.500000
vt 0.864889 0.500000
vt 0.875000 0.516447
vt 0.572368 0.273923
vt 0.572368 0.250000
vt 0.613878 0.246524
vt 0.625000 0.273923
vt 0.572368 0.233553
vt 0.625000 0.233553
vt 0.351077 0.733553
vt 0.375000 0.733553
vt 0.382415 0.751053
vt 0.363038 0.761962
vt 0.427632 0.733553
vt 0.427632 0.750000
vt 0.427632 0.773923
vt 0.648923 0.733553
vt 0.636962 0.761962
vt 0.620955 0.747683
vt 0.625000 0.733553
vt 0.572368 0.773923
vt 0.572368 0.750000
vt 0.572368 0.733553
vt 0.351077 0.516447
vt 0.363038 0.488038
vt 0.379045 0.502317
vt 0.375000 0.516447
vt 0.427632 0.476077
vt 0.427632 0.500000
vt 0.427632 0.516447
vt 0.648923 0.516447
vt 0.625000 0.516447
vt 0.617585 0.498947
vt 0.636962 0.488038
vt 0.572368 0.516447
vt 0.572368 0.500000
vt 0.572368 0.476077
vt 0.168860 0.731203
vt 0.168860 0.750000
vt 0.125000 0.731203
vt 0.581140 0.956140
vt 0.625000 0.956140
vt 0.581140 1.000000
vt 0.168860 0.518797
vt 0.125000 0.518797
vt 0.168860 0.500000
vt 0.625000 0.272974
vt 0.581140 0.293860
vt 0.581140 0.235902
vt 0.331140 0.731203
vt 0.407895 0.731203
vt 0.375000 0.771930
vt 0.646930 0.762531
vt 0.581140 0.793860
vt 0.581140 0.735902
vt 0.331140 0.518797
vt 0.375000 0.478070
vt 0.407895 0.518797
vt 0.646930 0.503133
vt 0.581140 0.518797
vt 0.581140 0.467105
vt 0.418860 0.000000
vt 0.581140 0.000000
vt 0.581140 0.018797
vt 0.418860 0.018797
vt 0.625000 0.018797
vt 0.418860 0.293860
vt 0.418860 0.231203
vt 0.418860 0.956140
vt 0.831140 0.518797
vt 0.831140 0.731203
vt 0.168860 0.731203
vt 0.168860 0.750000
vt 0.581140 0.956140
vt 0.625000 0.956140
vt 0.168860 0.518797
vt 0.168860 0.500000
vt 0.625000 0.272974
vt 0.331140 0.731203
vt 0.375000 0.771930
vt 0.646930 0.762531
vt 0.581140 0.793860
vt 0.331140 0.518797
vt 0.375000 0.478070
vt 0.646930 0.503133
vt 0.581140 0.467105
vt 0.418860 0.293860
vt 0.418860 0.956140
vt 0.831140 0.518797
vt 0.831140 0.731203
vt 0.168860 0.731203
vt 0.168860 0.750000
vt 0.581140 1.000000
vt 0.581140 0.293860
vt 0.581140 0.235902
vt 0.331140 0.731203
vt 0.331140 0.518797
vt 0.646930 0.503133
vt 0.581140 0.467105
vt 0.160714 0.714286
vt 0.160714 0.750000
vt 0.140095 0.750000
vt 0.392857 0.964286
vt 0.375000 0.964286
vt 0.607143 0.964286
vt 0.839286 0.714286
vt 0.839286 0.750000
vt 0.160714 0.535714
vt 0.160714 0.500000
vt 0.392857 0.285714
vt 0.375000 0.285714
vt 0.839286 0.500000
vt 0.859905 0.500000
vt 0.607143 0.285714
vt 0.625000 0.285714
vt 0.339286 0.714286
vt 0.392857 0.785714
vt 0.660714 0.714286
vt 0.642857 0.767857
vt 0.607143 0.785714
vt 0.339286 0.535714
vt 0.357143 0.482143
vt 0.392857 0.464286
vt 0.660714 0.535714
vt 0.607143 0.464286
vt 0.165909 0.750000
vt 0.142290 0.750000
vt 0.375000 0.959091
vt 0.625000 0.959091
vt 0.625000 0.982710
vt 0.834091 0.750000
vt 0.165909 0.500000
vt 0.378396 0.258645
vt 0.375000 0.290909
vt 0.834091 0.500000
vt 0.857710 0.500000
vt 0.625000 0.290909
vt 0.354545 0.770455
vt 0.645455 0.770455
vt 0.628499 0.744237
vt 0.354546 0.479545
vt 0.371501 0.505763
vt 0.622736 0.500000
vt 0.148923 0.733553
vt 0.148923 0.750000
vt 0.135111 0.750000
vt 0.427632 0.976077
vt 0.572368 0.976077
vt 0.625000 0.976077
vt 0.625000 0.989889
vt 0.851076 0.750000
vt 0.148923 0.516447
vt 0.148923 0.500000
vt 0.386122 0.255056
vt 0.427632 0.273923
vt 0.375000 0.273923
vt 0.851077 0.516447
vt 0.864889 0.500000
vt 0.572368 0.273923
vt 0.625000 0.273923
vt 0.382415 0.751053
vt 0.363038 0.761962
vt 0.427632 0.773923
vt 0.648923 0.733553
vt 0.636962 0.761962
vt 0.620956 0.747683
vt 0.572368 0.773923
vt 0.351077 0.516447
vt 0.363038 0.488038
vt 0.427632 0.476077
vt 0.648923 0.516447
vt 0.636962 0.488038
vt 0.572368 0.476077
vt 0.168860 0.731203
vt 0.168860 0.518797
vt 0.581140 0.235902
vt 0.646930 0.762531
vt 0.581140 0.793860
vt 0.581140 0.467105
vt 0.831140 0.731203
vt 0.166667 0.718750
vt 0.166667 0.750000
vt 0.142610 0.750000
vt 0.125000 0.718750
vt 0.387500 0.958333
vt 0.387500 1.000000
vt 0.380283 1.000000
vt 0.375000 0.958333
vt 0.387500 0.031250
vt 0.375000 0.031250
vt 0.375000 0.013208
vt 0.387500 0.000000
vt 0.612500 0.958333
vt 0.625000 0.958333
vt 0.625000 0.982390
vt 0.612500 1.000000
vt 0.833333 0.718750
vt 0.875000 0.718750
vt 0.875000 0.736792
vt 0.833333 0.750000
vt 0.612500 0.031250
vt 0.612500 0.000000
vt 0.619717 0.000000
vt 0.625000 0.031250
vt 0.166667 0.531250
vt 0.125000 0.531250
vt 0.125000 0.513208
vt 0.166667 0.500000
vt 0.387500 0.218750
vt 0.387500 0.250000
vt 0.377642 0.258805
vt 0.375000 0.218750
vt 0.387500 0.291667
vt 0.375000 0.291667
vt 0.833333 0.531250
vt 0.833333 0.500000
vt 0.857390 0.500000
vt 0.875000 0.531250
vt 0.612500 0.291667
vt 0.612500 0.250000
vt 0.622358 0.243396
vt 0.625000 0.291667
vt 0.612500 0.218750
vt 0.625000 0.218750
vt 0.333333 0.718750
vt 0.375000 0.718750
vt 0.376761 0.751467
vt 0.354167 0.770833
vt 0.387500 0.718750
vt 0.387500 0.750000
vt 0.387500 0.791667
vt 0.666667 0.718750
vt 0.645833 0.770833
vt 0.629109 0.745597
vt 0.625000 0.718750
vt 0.612500 0.791667
vt 0.612500 0.750000
vt 0.612500 0.718750
vt 0.333333 0.531250
vt 0.354167 0.479167
vt 0.370891 0.504403
vt 0.387500 0.458333
vt 0.387500 0.500000
vt 0.387500 0.531250
vt 0.666667 0.531250
vt 0.625000 0.531250
vt 0.623239 0.498533
vt 0.645833 0.479167
vt 0.612500 0.531250
vt 0.612500 0.500000
vt 0.612500 0.458333
vt 0.166667 0.718750
vt 0.166667 0.750000
vt 0.142610 0.750000
vt 0.386111 0.958333
vt 0.386111 1.000000
vt 0.379696 1.000000
vt 0.375000 0.958333
vt 0.386111 0.031250
vt 0.375000 0.031250
vt 0.386111 0.000000
vt 0.613889 0.958333
vt 0.625000 0.958333
vt 0.625000 0.982390
vt 0.613889 1.000000
vt 0.833333 0.718750
vt 0.875000 0.736792
vt 0.833333 0.750000
vt 0.613889 0.031250
vt 0.613889 0.000000
vt 0.620304 0.000000
vt 0.625000 0.031250
vt 0.166667 0.531250
vt 0.125000 0.531250
vt 0.125000 0.513208
vt 0.166667 0.500000
vt 0.386111 0.218750
vt 0.386111 0.250000
vt 0.377348 0.258805
vt 0.386111 0.291667
vt 0.375000 0.291667
vt 0.833333 0.531250
vt 0.833333 0.500000
vt 0.613889 0.291667
vt 0.613889 0.250000
vt 0.622652 0.243396
vt 0.625000 0.291667
vt 0.613889 0.218750
vt 0.625000 0.218750
vt 0.333333 0.718750
vt 0.375000 0.718750
vt 0.376565 0.751468
vt 0.354167 0.770833
vt 0.386111 0.718750
vt 0.386111 0.750000
vt 0.386111 0.791667
vt 0.645833 0.770833
vt 0.629305 0.745597
vt 0.613889 0.791667
vt 0.613889 0.750000
vt 0.613889 0.718750
vt 0.333333 0.531250
vt 0.354167 0.479167
vt 0.370695 0.504403
vt 0.375000 0.531250
vt 0.386111 0.458333
vt 0.386111 0.500000
vt 0.386111 0.531250
vt 0.666667 0.531250
vt 0.623435 0.498532
vt 0.645833 0.479167
vt 0.613889 0.531250
vt 0.613889 0.500000
vt 0.613889 0.458333
vt 0.166667 0.718750
vt 0.166667 0.750000
vt 0.142610 0.750000
vt 0.385000 0.958333
vt 0.385000 1.000000
vt 0.379227 1.000000
vt 0.385000 0.031250
vt 0.385000 0.000000
vt 0.615000 0.958333
vt 0.615000 1.000000
vt 0.833333 0.718750
vt 0.875000 0.718750
vt 0.833333 0.750000
vt 0.615000 0.031250
vt 0.615000 0.000000
vt 0.620773 0.000000
vt 0.625000 0.031250
vt 0.166667 0.531250
vt 0.166667 0.500000
vt 0.385000 0.218750
vt 0.385000 0.250000
vt 0.377113 0.258805
vt 0.385000 0.291667
vt 0.375000 0.291667
vt 0.833333 0.531250
vt 0.615000 0.291667
vt 0.615000 0.250000
vt 0.622887 0.243396
vt 0.615000 0.218750
vt 0.333333 0.718750
vt 0.376409 0.751467
vt 0.385000 0.718750
vt 0.385000 0.750000
vt 0.385000 0.791667
vt 0.666667 0.718750
vt 0.629461 0.745597
vt 0.615000 0.791667
vt 0.615000 0.750000
vt 0.615000 0.718750
vt 0.333333 0.531250
vt 0.370539 0.504403
vt 0.385000 0.458333
vt 0.385000 0.500000
vt 0.385000 0.531250
vt 0.666667 0.531250
vt 0.623591 0.498532
vt 0.645833 0.479167
vt 0.615000 0.531250
vt 0.615000 0.500000
vt 0.615000 0.458333
vt 0.166667 0.718750
vt 0.384091 0.958333
vt 0.384091 1.000000
vt 0.378842 1.000000
vt 0.384091 0.031250
vt 0.384091 0.000000
vt 0.615909 0.958333
vt 0.615909 1.000000
vt 0.833333 0.718750
vt 0.615909 0.031250
vt 0.615909 0.000000
vt 0.621158 0.000000
vt 0.625000 0.031250
vt 0.166667 0.531250
vt 0.125000 0.531250
vt 0.166667 0.500000
vt 0.384091 0.218750
vt 0.384091 0.250000
vt 0.376921 0.258805
vt 0.384091 0.291667
vt 0.833333 0.531250
vt 0.875000 0.531250
vt 0.615909 0.291667
vt 0.615909 0.250000
vt 0.623079 0.243396
vt 0.615909 0.218750
vt 0.333333 0.718750
vt 0.376281 0.751468
vt 0.354167 0.770833
vt 0.384091 0.718750
vt 0.384091 0.750000
vt 0.384091 0.791667
vt 0.645833 0.770833
vt 0.629589 0.745597
vt 0.615909 0.791667
vt 0.615909 0.750000
vt 0.615909 0.718750
vt 0.333333 0.531250
vt 0.354167 0.479167
vt 0.370411 0.504403
vt 0.384091 0.458333
vt 0.384091 0.500000
vt 0.384091 0.531250
vt 0.666667 0.531250
vt 0.625000 0.531250
vt 0.623719 0.498532
vt 0.615909 0.531250
vt 0.615909 0.500000
vt 0.615909 0.458333
s 0
usemtl ClickyChick_B
f 1/1/1 4/2/1 7/3/1 6/4/1
f 4/2/2 5/5/2 8/6/2 7/3/2
f 6/4/3 7/3/3 19/7/3 16/8/3
f 7/3/4 8/6/4 9/9/4 19/7/4
f 2/10/5 10/11/5 13/12/5 12/13/5
f 10/11/6 11/14/6 14/15/6 13/12/6
f 12/13/7 13/12/7 8/16/7 5/17/7
f 13/12/8 14/15/8 9/18/8 8/16/8
f 3/19/9 15/20/9 18/21/9 17/22/9
f 15/20/10 16/23/10 19/24/10 18/21/10
f 17/22/11 18/21/11 14/25/11 11/26/11
f 18/21/12 19/24/12 9/27/12 14/25/12
f 20/28/13 23/29/13 26/30/13 25/31/13
f 23/29/14 24/32/14 27/33/14 26/30/14
f 25/31/15 26/30/15 38/34/15 35/35/15
f 26/30/16 27/33/16 28/36/16 38/34/16
f 21/37/17 29/38/17 32/39/17 31/40/17
f 29/38/18 30/41/18 33/42/18 32/39/18
f 31/40/19 32/39/19 27/43/19 24/44/19
f 32/39/20 33/42/20 28/45/20 27/43/20
f 22/46/21 34/47/21 37/48/21 36/49/21
f 34/47/22 35/50/22 38/51/22 37/48/22
f 36/49/23 37/48/23 33/52/23 30/53/23
f 37/48/24 38/51/24 28/54/24 33/52/24
f 39/55/25 42/56/25 45/57/25 44/58/25
f 42/56/26 43/59/26 46/60/26 45/57/26
f 44/58/27 45/57/27 57/61/27 54/62/27
f 45/57/28 46/60/28 47/63/28 57/61/28
f 40/64/29 48/65/29 51/66/29 50/67/29
f 48/65/30 49/68/30 52/69/30 51/66/30
f 50/67/31 51/66/31 46/70/31 43/71/31
f 51/66/32 52/69/32 47/72/32 46/70/32
f 41/73/33 53/74/33 56/75/33 55/76/33
f 53/74/34 54/77/34 57/78/34 56/75/34
f 55/76/35 56/75/35 52/69/35 49/68/35
f 56/75/36 57/78/36 47/72/36 52/69/36
f 58/79/37 61/80/37 64/81/37 63/82/37
f 61/80/38 62/83/38 65/84/38 64/81/38
f 63/82/39 64/81/39 76/85/39 73/86/39
f 64/81/40 65/84/40 66/87/40 76/85/40
f 59/88/41 67/89/41 70/90/41 69/91/41
f 67/89/42 68/92/42 71/93/42 70/90/42
f 69/91/43 70/90/43 65/94/43 62/95/43
f 70/90/44 71/93/44 66/96/44 65/94/44
f 60/97/45 72/98/45 75/99/45 74/100/45
f 72/98/46 73/101/46 76/102/46 75/99/46
f 74/100/47 75/99/47 71/93/47 68/92/47
f 75/99/48 76/102/48 66/96/48 71/93/48
f 77/103/49 80/104/49 83/105/49 82/106/49
f 80/104/50 81/107/50 84/108/50 83/105/50
f 82/106/51 83/105/51 95/109/51 92/110/51
f 83/105/52 84/108/52 85/111/52 95/109/52
f 78/112/53 86/113/53 89/114/53 88/115/53
f 86/113/54 87/116/54 90/117/54 89/114/54
f 88/115/55 89/114/55 84/108/55 81/107/55
f 89/114/56 90/117/56 85/111/56 84/108/56
f 79/118/57 91/119/57 94/120/57 93/121/57
f 91/119/58 92/110/58 95/109/58 94/120/58
f 93/121/59 94/120/59 90/117/59 87/116/59
f 94/120/60 95/109/60 85/111/60 90/117/60
f 96/122/61 99/123/61 102/124/61 101/125/61
f 99/123/62 100/126/62 103/127/62 102/124/62
f 101/125/63 102/124/63 114/128/63 111/129/63
f 102/124/64 103/127/64 104/130/64 114/128/64
f 97/131/65 105/132/65 108/133/65 107/134/65
f 105/132/66 106/135/66 109/136/66 108/133/66
f 107/134/67 108/133/67 103/127/67 100/126/67
f 108/133/68 109/136/68 104/130/68 103/127/68
f 98/137/69 110/138/69 113/139/69 112/140/69
f 110/138/70 111/129/70 114/128/70 113/139/70
f 112/140/71 113/139/71 109/136/71 106/135/71
f 113/139/72 114/128/72 104/130/72 109/136/72
f 115/141/73 118/142/73 121/143/73 120/144/73
f 118/142/74 119/145/74 122/146/74 121/143/74
f 120/144/75 121/143/75 133/147/75 130/148/75
f 121/143/76 122/146/76 123/149/76 133/147/76
f 116/150/77 124/151/77 127/152/77 126/153/77
f 124/151/78 125/154/78 128/155/78 127/152/78
f 126/153/79 127/152/79 122/146/79 119/145/79
f 127/152/80 128/155/80 123/149/80 122/146/80
f 117/156/81 129/157/81 132/158/81 131/159/81
f 129/157/82 130/148/82 133/147/82 132/158/82
f 131/159/83 132/158/83 128/155/83 125/154/83
f 132/158/84 133/147/84 123/149/84 128/155/84
f 134/160/85 137/161/85 140/162/85 139/163/85
f 137/161/86 138/164/86 141/165/86 140/162/86
f 139/163/87 140/162/87 152/166/87 149/167/87
f 140/162/88 141/165/88 142/168/88 152/166/88
f 135/169/89 143/170/89 146/171/89 145/172/89
f 143/170/90 144/173/90 147/174/90 146/171/90
f 145/172/91 146/171/91 141/165/91 138/164/91
f 146/171/92 147/174/92 142/168/92 141/165/92
f 136/175/93 148/176/93 151/177/93 150/178/93
f 148/176/94 149/167/94 152/166/94 151/177/94
f 150/178/95 151/177/95 147/174/95 144/173/95
f 151/177/96 152/166/96 142/168/96 147/174/96
f 39/55/97 1/1/97 6/4/97 42/56/97
f 42/56/98 6/4/98 16/8/98 43/59/98
f 43/71/99 16/23/99 15/20/99 50/67/99
f 50/67/100 15/20/100 3/19/100 40/64/100
f 2/10/101 20/28/101 25/31/101 10/11/101
f 10/11/102 25/31/102 35/35/102 11/14/102
f 11/26/103 35/50/103 34/47/103 17/22/103
f 17/22/104 34/47/104 22/46/104 3/19/104
f 21/37/105 58/79/105 63/82/105 29/38/105
f 29/38/106 63/82/106 73/86/106 30/41/106
f 30/53/107 73/101/107 72/98/107 36/49/107
f 36/49/108 72/98/108 60/97/108 22/46/108
f 59/88/109 41/73/109 55/76/109 67/89/109
f 67/89/110 55/76/110 49/68/110 68/92/110
f 68/92/111 49/68/111 48/65/111 74/100/111
f 74/100/112 48/65/112 40/64/112 60/97/112
f 115/141/113 39/55/113 44/58/113 118/142/113
f 118/142/114 44/58/114 54/62/114 119/145/114
f 119/145/115 54/77/115 53/74/115 126/153/115
f 126/153/116 53/74/116 41/73/116 116/150/116
f 58/79/117 134/160/117 139/163/117 61/80/117
f 61/80/118 139/163/118 149/167/118 62/83/118
f 62/95/119 149/167/119 148/176/119 69/91/119
f 69/91/120 148/176/120 136/175/120 59/88/120
f 135/169/121 117/156/121 131/159/121 143/170/121
f 143/170/122 131/159/122 125/154/122 144/173/122
f 144/173/123 125/154/123 124/151/123 150/178/123
f 150/178/124 124/151/124 116/150/124 136/175/124
f 77/103/125 115/141/125 120/144/125 80/104/125
f 80/104/126 120/144/126 130/148/126 81/107/126
f 81/107/127 130/148/127 129/157/127 88/115/127
f 88/115/128 129/157/128 117/156/128 78/112/128
f 134/160/129 96/122/129 101/125/129 137/161/129
f 137/161/130 101/125/130 111/129/130 138/164/130
f 138/164/131 111/129/131 110/138/131 145/172/131
f 145/172/132 110/138/132 98/137/132 135/169/132
f 97/131/133 79/118/133 93/121/133 105/132/133
f 105/132/134 93/121/134 87/116/134 106/135/134
f 106/135/135 87/116/135 86/113/135 112/140/135
f 112/140/136 86/113/136 78/112/136 98/137/136
f 1/1/137 77/103/137 82/106/137 4/2/137
f 4/2/138 82/106/138 92/110/138 5/5/138
f 5/17/139 92/110/139 91/119/139 12/13/139
f 12/13/140 91/119/140 79/118/140 2/10/140
f 96/122/141 21/37/141 31/40/141 99/123/141
f 99/123/142 31/40/142 24/44/142 100/126/142
f 100/126/143 24/32/143 23/29/143 107/134/143
f 107/134/144 23/29/144 20/28/144 97/131/144
f 39/55/145 115/141/145 77/103/145 1/1/145
f 3/19/146 22/46/146 60/97/146 40/64/146
f 79/118/147 97/131/147 20/28/147 2/10/147
f 134/160/148 58/79/148 21/37/148 96/122/148
f 41/73/149 59/88/149 136/175/149 116/150/149
f 117/156/150 135/169/150 98/137/150 78/112/150
f 153/179/151 156/180/151 157/181/151 159/182/151
f 154/183/152 158/184/152 157/185/152 156/186/152
f 155/187/153 159/188/153 157/189/153 158/190/153
f 160/191/154 163/192/154 164/193/154 166/194/154
f 161/195/155 165/196/155 164/197/155 163/198/155
f 162/199/156 166/200/156 164/201/156 165/202/156
f 167/203/157 170/204/157 171/205/157 173/206/157
f 168/207/158 172/208/158 171/209/158 170/210/158
f 169/211/159 173/212/159 171/209/159 172/208/159
f 174/213/160 177/214/160 178/215/160 180/216/160
f 175/217/161 179/218/161 178/219/161 177/220/161
f 176/221/162 180/222/162 178/219/162 179/218/162
f 181/223/163 184/224/163 185/225/163 187/226/163
f 182/227/164 186/228/164 185/225/164 184/224/164
f 183/229/165 187/226/165 185/225/165 186/228/165
f 188/230/166 191/231/166 192/232/166 194/233/166
f 189/234/167 193/235/167 192/232/167 191/231/167
f 190/236/168 194/233/168 192/232/168 193/235/168
f 195/237/169 198/238/169 199/239/169 201/240/169
f 196/241/170 200/242/170 199/239/170 198/238/170
f 197/243/171 201/240/171 199/239/171 200/242/171
f 202/244/172 205/245/172 206/246/172 208/247/172
f 203/248/173 207/249/173 206/246/173 205/245/173
f 204/250/174 208/247/174 206/246/174 207/249/174
f 167/203/175 153/179/175 159/182/175 170/204/175
f 170/210/176 159/188/176 155/187/176 168/207/176
f 154/183/177 160/191/177 166/194/177 158/184/177
f 158/190/178 166/200/178 162/199/178 155/187/178
f 161/195/179 174/213/179 180/216/179 165/196/179
f 165/202/180 180/222/180 176/221/180 162/199/180
f 175/217/181 169/211/181 172/208/181 179/218/181
f 179/218/182 172/208/182 168/207/182 176/221/182
f 195/237/183 167/203/183 173/206/183 198/238/183
f 198/238/184 173/212/184 169/211/184 196/241/184
f 174/213/185 202/244/185 208/247/185 177/214/185
f 177/220/186 208/247/186 204/250/186 175/217/186
f 203/248/187 197/243/187 200/242/187 207/249/187
f 207/249/188 200/242/188 196/241/188 204/250/188
f 181/223/189 195/237/189 201/240/189 184/224/189
f 184/224/190 201/240/190 197/243/190 182/227/190
f 202/244/191 188/230/191 194/233/191 205/245/191
f 205/245/192 194/233/192 190/236/192 203/248/192
f 189/234/193 183/229/193 186/228/193 193/235/193
f 193/235/194 186/228/194 182/227/194 190/236/194
f 153/179/195 181/223/195 187/226/195 156/180/195
f 156/186/196 187/226/196 183/229/196 154/183/196
f 188/230/197 161/195/197 163/198/197 191/231/197
f 191/231/198 163/192/198 160/191/198 189/234/198
f 167/203/145 195/237/145 181/223/145 153/179/145
f 155/187/146 162/199/146 176/221/146 168/207/146
f 183/229/147 189/234/147 160/191/147 154/183/147
f 202/244/148 174/213/148 161/195/148 188/230/148
f 169/211/149 175/217/149 204/250/149 196/241/149
f 197/243/150 203/248/150 190/236/150 182/227/150
f 209/179/151 212/180/151 213/181/151 215/182/151
f 210/183/152 214/184/152 213/185/152 212/186/152
f 211/187/153 215/188/153 213/189/153 214/190/153
f 216/191/154 219/192/154 220/193/154 222/251/154
f 217/195/155 221/196/155 220/197/155 219/198/155
f 218/199/156 222/252/156 220/253/156 221/202/156
f 223/203/157 226/204/157 227/205/157 229/206/157
f 224/207/158 228/254/158 227/209/158 226/210/158
f 225/211/159 229/212/159 227/209/159 228/254/159
f 230/213/160 233/214/160 234/215/160 236/216/160
f 231/217/161 235/255/161 234/256/161 233/220/161
f 232/221/162 236/222/162 234/256/162 235/255/162
f 237/223/163 240/224/163 241/225/163 243/257/163
f 238/227/164 242/228/164 241/225/164 240/224/164
f 239/229/165 243/257/165 241/225/165 242/228/165
f 244/230/166 247/231/166 248/258/166 250/233/166
f 245/234/167 249/259/167 248/258/167 247/231/167
f 246/236/168 250/233/168 248/258/168 249/259/168
f 251/237/169 254/260/169 255/239/169 257/240/169
f 252/241/170 256/242/170 255/239/170 254/260/170
f 253/243/171 257/240/171 255/239/171 256/242/171
f 258/244/172 261/245/172 262/261/172 264/247/172
f 259/248/173 263/262/173 262/261/173 261/245/173
f 260/250/174 264/247/174 262/261/174 263/262/174
f 223/203/175 209/179/175 215/182/175 226/204/175
f 226/210/176 215/188/176 211/187/176 224/207/176
f 210/183/177 216/191/177 222/251/177 214/184/177
f 214/190/178 222/252/178 218/199/178 211/187/178
f 217/195/179 230/213/179 236/216/179 221/196/179
f 221/202/180 236/222/180 232/221/180 218/199/180
f 231/217/181 225/211/181 228/254/181 235/255/181
f 235/255/182 228/254/182 224/207/182 232/221/182
f 251/237/183 223/203/183 229/206/183 254/260/183
f 254/260/184 229/212/184 225/211/184 252/241/184
f 230/213/185 258/244/185 264/247/185 233/214/185
f 233/220/186 264/247/186 260/250/186 231/217/186
f 259/248/187 253/243/187 256/242/187 263/262/187
f 263/262/199 256/242/199 252/241/199 260/250/199
f 237/223/189 251/237/189 257/240/189 240/224/189
f 240/224/190 257/240/190 253/243/190 238/227/190
f 258/244/191 244/230/191 250/233/191 261/245/191
f 261/245/192 250/233/192 246/236/192 259/248/192
f 245/234/193 239/229/193 242/228/193 249/259/193
f 249/259/200 242/228/200 238/227/200 246/236/200
f 209/179/195 237/223/195 243/257/195 212/180/195
f 212/186/196 243/257/196 239/229/196 210/183/196
f 244/230/197 217/195/197 219/198/197 247/231/197
f 247/231/198 219/192/198 216/191/198 245/234/198
f 223/203/145 251/237/145 237/223/145 209/179/145
f 211/187/146 218/199/146 232/221/146 224/207/146
f 239/229/147 245/234/147 216/191/147 210/183/147
f 258/244/148 230/213/148 217/195/148 244/230/148
f 225/211/149 231/217/149 260/250/149 252/241/149
f 253/243/150 259/248/150 246/236/150 238/227/150
f 265/179/151 268/180/151 269/181/151 271/182/151
f 266/183/152 270/263/152 269/264/152 268/186/152
f 267/187/153 271/188/153 269/189/153 270/265/153
f 272/191/154 275/192/154 276/193/154 278/251/154
f 273/195/155 277/196/155 276/197/155 275/198/155
f 274/199/156 278/252/156 276/253/156 277/202/156
f 279/203/157 282/204/157 283/205/157 285/206/157
f 280/207/158 284/266/158 283/267/158 282/210/158
f 281/211/159 285/212/159 283/267/159 284/266/159
f 286/213/160 289/214/160 290/215/160 292/216/160
f 287/217/161 291/255/161 290/256/161 289/220/161
f 288/221/162 292/222/162 290/256/162 291/255/162
f 293/223/163 296/224/163 297/268/163 299/226/163
f 294/227/164 298/269/164 297/268/164 296/224/164
f 295/229/165 299/226/165 297/268/165 298/269/165
f 300/230/166 303/231/166 304/258/166 306/233/166
f 301/234/167 305/259/167 304/258/167 303/231/167
f 302/236/168 306/233/168 304/258/168 305/259/168
f 307/237/169 310/238/169 311/270/169 313/240/169
f 308/241/170 312/271/170 311/270/170 310/238/170
f 309/243/171 313/240/171 311/270/171 312/271/171
f 314/244/172 317/245/172 318/261/172 320/247/172
f 315/248/173 319/262/173 318/261/173 317/245/173
f 316/250/174 320/247/174 318/261/174 319/262/174
f 279/203/175 265/179/175 271/182/175 282/204/175
f 282/210/176 271/188/176 267/187/176 280/207/176
f 266/183/177 272/191/177 278/251/177 270/263/177
f 270/265/178 278/252/178 274/199/178 267/187/178
f 273/195/179 286/213/179 292/216/179 277/196/179
f 277/202/180 292/222/180 288/221/180 274/199/180
f 287/217/181 281/211/181 284/266/181 291/255/181
f 291/255/182 284/266/182 280/207/182 288/221/182
f 307/237/183 279/203/183 285/206/183 310/238/183
f 310/238/184 285/212/184 281/211/184 308/241/184
f 286/213/185 314/244/185 320/247/185 289/214/185
f 289/220/186 320/247/186 316/250/186 287/217/186
f 315/248/187 309/243/187 312/271/187 319/262/187
f 319/262/188 312/271/188 308/241/188 316/250/188
f 293/223/189 307/237/189 313/240/189 296/224/189
f 296/224/190 313/240/190 309/243/190 294/227/190
f 314/244/191 300/230/191 306/233/191 317/245/191
f 317/245/192 306/233/192 302/236/192 315/248/192
f 301/234/193 295/229/193 298/269/193 305/259/193
f 305/259/194 298/269/194 294/227/194 302/236/194
f 265/179/195 293/223/195 299/226/195 268/180/195
f 268/186/196 299/226/196 295/229/196 266/183/196
f 300/230/197 273/195/197 275/198/197 303/231/197
f 303/231/198 275/192/198 272/191/198 301/234/198
f 279/203/145 307/237/145 293/223/145 265/179/145
f 267/187/146 274/199/146 288/221/146 280/207/146
f 295/229/147 301/234/147 272/191/147 266/183/147
f 314/244/148 286/213/148 273/195/148 300/230/148
f 281/211/149 287/217/149 316/250/149 308/241/149
f 309/243/150 315/248/150 302/236/150 294/227/150
f 321/179/151 324/180/151 325/181/151 327/182/151
f 322/183/152 326/184/152 325/185/152 324/186/152
f 323/272/153 327/273/153 325/189/153 326/190/153
f 328/191/154 331/192/154 332/193/154 334/194/154
f 329/274/155 333/196/155 332/197/155 331/198/155
f 330/275/156 334/200/156 332/201/156 333/276/156
f 335/277/157 338/204/157 339/205/157 341/206/157
f 336/278/158 340/254/158 339/209/158 338/279/158
f 337/211/159 341/212/159 339/209/159 340/254/159
f 342/280/160 345/214/160 346/215/160 348/216/160
f 343/217/161 347/218/161 346/219/161 345/220/161
f 344/281/162 348/282/162 346/219/162 347/218/162
f 349/283/163 352/224/163 353/225/163 355/257/163
f 350/284/164 354/228/164 353/225/164 352/224/164
f 351/229/165 355/257/165 353/225/165 354/228/165
f 356/285/166 359/231/166 360/232/166 362/233/166
f 357/234/167 361/235/167 360/232/167 359/231/167
f 358/236/168 362/233/168 360/232/168 361/235/168
f 363/286/169 366/260/169 367/239/169 369/240/169
f 364/241/170 368/242/170 367/239/170 366/260/170
f 365/287/171 369/240/171 367/239/171 368/242/171
f 370/288/172 373/245/172 374/246/172 376/247/172
f 371/289/173 375/249/173 374/246/173 373/245/173
f 372/250/174 376/247/174 374/246/174 375/249/174
f 335/277/175 321/179/175 327/182/175 338/204/175
f 338/279/176 327/273/176 323/272/176 336/278/176
f 322/183/177 328/191/177 334/194/177 326/184/177
f 326/190/178 334/200/178 330/275/178 323/272/178
f 329/274/179 342/280/179 348/216/179 333/196/179
f 333/276/180 348/282/180 344/281/180 330/275/180
f 343/217/181 337/211/181 340/254/181 347/218/181
f 347/218/182 340/254/182 336/278/182 344/281/182
f 363/286/183 335/277/183 341/206/183 366/260/183
f 366/260/184 341/212/184 337/211/184 364/241/184
f 342/280/185 370/288/185 376/247/185 345/214/185
f 345/220/186 376/247/186 372/250/186 343/217/186
f 371/289/187 365/287/187 368/242/187 375/249/187
f 375/249/188 368/242/188 364/241/188 372/250/188
f 349/283/189 363/286/189 369/240/189 352/224/189
f 352/224/190 369/240/190 365/287/190 350/284/190
f 370/288/191 356/285/191 362/233/191 373/245/191
f 373/245/192 362/233/192 358/236/192 371/289/192
f 357/234/193 351/229/193 354/228/193 361/235/193
f 361/235/194 354/228/194 350/284/194 358/236/194
f 321/179/195 349/283/195 355/257/195 324/180/195
f 324/186/196 355/257/196 351/229/196 322/183/196
f 356/285/197 329/274/197 331/198/197 359/231/197
f 359/231/198 331/192/198 328/191/198 357/234/198
f 335/277/145 363/286/145 349/283/145 321/179/145
f 323/272/146 330/275/146 344/281/146 336/278/146
f 351/229/147 357/234/147 328/191/147 322/183/147
f 370/288/148 342/280/148 329/274/148 356/285/148
f 337/211/149 343/217/149 372/250/149 364/241/149
f 365/287/150 371/289/150 358/236/150 350/284/150
f 377/179/151 380/180/151 381/181/151 383/182/151
f 378/183/152 382/184/152 381/185/152 380/186/152
f 379/272/153 383/273/153 381/189/153 382/190/153
f 384/191/154 387/192/154 388/193/154 390/251/154
f 385/274/155 389/196/155 388/197/155 387/198/155
f 386/275/156 390/252/156 388/253/156 389/276/156
f 391/277/157 394/204/157 395/205/157 397/206/157
f 392/278/158 396/208/158 395/209/158 394/279/158
f 393/211/159 397/212/159 395/209/159 396/208/159
f 398/280/160 401/214/160 402/215/160 404/216/160
f 399/217/161 403/255/161 402/256/161 401/220/161
f 400/281/162 404/282/162 402/256/162 403/255/162
f 405/283/163 408/224/163 409/225/163 411/226/163
f 406/284/164 410/228/164 409/225/164 408/224/164
f 407/229/165 411/226/165 409/225/165 410/228/165
f 412/285/166 415/231/166 416/258/166 418/233/166
f 413/234/167 417/259/167 416/258/167 415/231/167
f 414/236/168 418/233/168 416/258/168 417/259/168
f 419/286/169 422/238/169 423/239/169 425/240/169
f 420/241/170 424/242/170 423/239/170 422/238/170
f 421/287/171 425/240/171 423/239/171 424/242/171
f 426/288/172 429/245/172 430/261/172 432/247/172
f 427/289/173 431/262/173 430/261/173 429/245/173
f 428/250/174 432/247/174 430/261/174 431/262/174
f 391/277/175 377/179/175 383/182/175 394/204/175
f 394/279/176 383/273/176 379/272/176 392/278/176
f 378/183/177 384/191/177 390/251/177 382/184/177
f 382/190/178 390/252/178 386/275/178 379/272/178
f 385/274/179 398/280/179 404/216/179 389/196/179
f 389/276/180 404/282/180 400/281/180 386/275/180
f 399/217/181 393/211/181 396/208/181 403/255/181
f 403/255/182 396/208/182 392/278/182 400/281/182
f 419/286/183 391/277/183 397/206/183 422/238/183
f 422/238/184 397/212/184 393/211/184 420/241/184
f 398/280/185 426/288/185 432/247/185 401/214/185
f 401/220/186 432/247/186 428/250/186 399/217/186
f 427/289/187 421/287/187 424/242/187 431/262/187
f 431/262/188 424/242/188 420/241/188 428/250/188
f 405/283/189 419/286/189 425/240/189 408/224/189
f 408/224/190 425/240/190 421/287/190 406/284/190
f 426/288/191 412/285/191 418/233/191 429/245/191
f 429/245/192 418/233/192 414/236/192 427/289/192
f 413/234/193 407/229/193 410/228/193 417/259/193
f 417/259/200 410/228/200 406/284/200 414/236/200
f 377/179/195 405/283/195 411/226/195 380/180/195
f 380/186/196 411/226/196 407/229/196 378/183/196
f 412/285/197 385/274/197 387/198/197 415/231/197
f 415/231/198 387/192/198 384/191/198 413/234/198
f 391/277/145 419/286/145 405/283/145 377/179/145
f 379/272/146 386/275/146 400/281/146 392/278/146
f 407/229/147 413/234/147 384/191/147 378/183/147
f 426/288/148 398/280/148 385/274/148 412/285/148
f 393/211/149 399/217/149 428/250/149 420/241/149
f 421/287/150 427/289/150 414/236/150 406/284/150
f 433/179/151 436/180/151 437/181/151 439/182/151
f 434/183/152 438/263/152 437/264/152 436/186/152
f 435/272/153 439/273/153 437/189/153 438/265/153
f 440/191/154 443/192/154 444/193/154 446/251/154
f 441/274/155 445/196/155 444/197/155 443/198/155
f 442/275/156 446/252/156 444/253/156 445/276/156
f 447/277/157 450/204/157 451/205/157 453/206/157
f 448/278/158 452/266/158 451/267/158 450/279/158
f 449/211/159 453/212/159 451/267/159 452/266/159
f 454/280/160 457/214/160 458/215/160 460/216/160
f 455/217/161 459/255/161 458/256/161 457/220/161
f 456/281/162 460/282/162 458/256/162 459/255/162
f 461/283/163 464/224/163 465/268/163 467/257/163
f 462/284/164 466/269/164 465/268/164 464/224/164
f 463/229/165 467/257/165 465/268/165 466/269/165
f 468/285/166 471/231/166 472/258/166 474/233/166
f 469/234/167 473/259/167 472/258/167 471/231/167
f 470/236/168 474/233/168 472/258/168 473/259/168
f 475/286/169 478/260/169 479/270/169 481/240/169
f 476/241/170 480/271/170 479/270/170 478/260/170
f 477/287/171 481/240/171 479/270/171 480/271/171
f 482/288/172 485/245/172 486/261/172 488/247/172
f 483/289/173 487/262/173 486/261/173 485/245/173
f 484/250/174 488/247/174 486/261/174 487/262/174
f 447/277/175 433/179/175 439/182/175 450/204/175
f 450/279/176 439/273/176 435/272/176 448/278/176
f 434/183/177 440/191/177 446/251/177 438/263/177
f 438/265/178 446/252/178 442/275/178 435/272/178
f 441/274/179 454/280/179 460/216/179 445/196/179
f 445/276/180 460/282/180 456/281/180 442/275/180
f 455/217/181 449/211/181 452/266/181 459/255/181
f 459/255/182 452/266/182 448/278/182 456/281/182
f 475/286/183 447/277/183 453/206/183 478/260/183
f 478/260/184 453/212/184 449/211/184 476/241/184
f 454/280/185 482/288/185 488/247/185 457/214/185
f 457/220/186 488/247/186 484/250/186 455/217/186
f 483/289/187 477/287/187 480/271/187 487/262/187
f 487/262/188 480/271/188 476/241/188 484/250/188
f 461/283/189 475/286/189 481/240/189 464/224/189
f 464/224/190 481/240/190 477/287/190 462/284/190
f 482/288/191 468/285/191 474/233/191 485/245/191
f 485/245/192 474/233/192 470/236/192 483/289/192
f 469/234/193 463/229/193 466/269/193 473/259/193
f 473/259/194 466/269/194 462/284/194 470/236/194
f 433/179/195 461/283/195 467/257/195 436/180/195
f 436/186/196 467/257/196 463/229/196 434/183/196
f 468/285/197 441/274/197 443/198/197 471/231/197
f 471/231/198 443/192/198 440/191/198 469/234/198
f 447/277/145 475/286/145 461/283/145 433/179/145
f 435/272/146 442/275/146 456/281/146 448/278/146
f 463/229/147 469/234/147 440/191/147 434/183/147
f 482/288/148 454/280/148 441/274/148 468/285/148
f 449/211/149 455/217/149 484/250/149 476/241/149
f 477/287/150 483/289/150 470/236/150 462/284/150
f 489/290/151 492/180/151 493/181/151 495/182/151
f 490/183/152 494/184/152 493/185/152 492/186/152
f 491/291/153 495/292/153 493/293/153 494/190/153
f 496/191/154 499/192/154 500/193/154 502/194/154
f 497/294/155 501/295/155 500/296/155 499/198/155
f 498/297/156 502/200/156 500/201/156 501/298/156
f 503/299/157 506/300/157 507/205/157 509/206/157
f 504/301/158 508/208/158 507/209/158 506/302/158
f 505/211/159 509/212/159 507/209/159 508/208/159
f 510/303/160 513/214/160 514/215/160 516/304/160
f 511/217/161 515/218/161 514/305/161 513/220/161
f 512/306/162 516/307/162 514/305/162 515/218/162
f 517/308/163 520/309/163 521/225/163 523/226/163
f 518/310/164 522/228/164 521/225/164 520/309/164
f 519/229/165 523/226/165 521/225/165 522/228/165
f 524/311/166 527/231/166 528/232/166 530/312/166
f 525/234/201 529/235/201 528/232/201 527/231/201
f 526/313/168 530/312/168 528/232/168 529/235/168
f 531/314/169 534/238/169 535/239/169 537/315/169
f 532/241/170 536/242/170 535/239/170 534/238/170
f 533/316/171 537/315/171 535/239/171 536/242/171
f 538/317/172 541/318/172 542/246/172 544/247/172
f 539/319/173 543/249/173 542/246/173 541/318/173
f 540/250/174 544/247/174 542/246/174 543/249/174
f 503/299/175 489/290/175 495/182/175 506/300/175
f 506/302/176 495/292/176 491/291/176 504/301/176
f 490/183/177 496/191/177 502/194/177 494/184/177
f 494/190/178 502/200/178 498/297/178 491/291/178
f 497/294/179 510/303/179 516/304/179 501/295/179
f 501/298/180 516/307/180 512/306/180 498/297/180
f 511/217/181 505/211/181 508/208/181 515/218/181
f 515/218/182 508/208/182 504/301/182 512/306/182
f 531/314/183 503/299/183 509/206/183 534/238/183
f 534/238/184 509/212/184 505/211/184 532/241/184
f 510/303/185 538/317/185 544/247/185 513/214/185
f 513/220/186 544/247/186 540/250/186 511/217/186
f 539/319/187 533/316/187 536/242/187 543/249/187
f 543/249/188 536/242/188 532/241/188 540/250/188
f 517/308/189 531/314/189 537/315/189 520/309/189
f 520/309/190 537/315/190 533/316/190 518/310/190
f 538/317/191 524/311/191 530/312/191 541/318/191
f 541/318/192 530/312/192 526/313/192 539/319/192
f 525/234/193 519/229/193 522/228/193 529/235/193
f 529/235/194 522/228/194 518/310/194 526/313/194
f 489/290/195 517/308/195 523/226/195 492/180/195
f 492/186/202 523/226/202 519/229/202 490/183/202
f 524/311/197 497/294/197 499/198/197 527/231/197
f 527/231/198 499/192/198 496/191/198 525/234/198
f 503/299/145 531/314/145 517/308/145 489/290/145
f 491/291/146 498/297/146 512/306/146 504/301/146
f 519/229/147 525/234/147 496/191/147 490/183/147
f 538/317/148 510/303/148 497/294/148 524/311/148
f 505/211/149 511/217/149 540/250/149 532/241/149
f 533/316/150 539/319/150 526/313/150 518/310/150
f 545/290/151 548/180/151 549/181/151 551/182/151
f 546/183/152 550/184/152 549/185/152 548/186/152
f 547/291/153 551/292/153 549/293/153 550/190/153
f 552/191/154 555/192/154 556/193/154 558/251/154
f 553/294/155 557/295/155 556/296/155 555/198/155
f 554/297/156 558/252/156 556/253/156 557/298/156
f 559/299/157 562/300/157 563/205/157 565/206/157
f 560/301/158 564/254/158 563/209/158 562/302/158
f 561/211/159 565/212/159 563/209/159 564/254/159
f 566/303/160 569/214/160 570/215/160 572/304/160
f 567/217/161 571/255/161 570/320/161 569/220/161
f 568/306/162 572/307/162 570/320/162 571/255/162
f 573/308/163 576/309/163 577/225/163 579/257/163
f 574/310/164 578/228/164 577/225/164 576/309/164
f 575/229/165 579/257/165 577/225/165 578/228/165
f 580/311/166 583/231/166 584/258/166 586/312/166
f 581/234/167 585/259/167 584/258/167 583/231/167
f 582/313/168 586/312/168 584/258/168 585/259/168
f 587/314/169 590/260/169 591/239/169 593/315/169
f 588/241/170 592/242/170 591/239/170 590/260/170
f 589/316/171 593/315/171 591/239/171 592/242/171
f 594/317/172 597/321/172 598/261/172 600/247/172
f 595/319/173 599/262/173 598/261/173 597/321/173
f 596/250/174 600/247/174 598/261/174 599/262/174
f 559/299/175 545/290/175 551/182/175 562/300/175
f 562/302/176 551/292/176 547/291/176 560/301/176
f 546/183/177 552/191/177 558/251/177 550/184/177
f 550/190/178 558/252/178 554/297/178 547/291/178
f 553/294/179 566/303/179 572/304/179 557/295/179
f 557/298/180 572/307/180 568/306/180 554/297/180
f 567/217/181 561/211/181 564/254/181 571/255/181
f 571/255/182 564/254/182 560/301/182 568/306/182
f 587/314/183 559/299/183 565/206/183 590/260/183
f 590/260/184 565/212/184 561/211/184 588/241/184
f 566/303/185 594/317/185 600/247/185 569/214/185
f 569/220/186 600/247/186 596/250/186 567/217/186
f 595/319/187 589/316/187 592/242/187 599/262/187
f 599/262/188 592/242/188 588/241/188 596/250/188
f 573/308/189 587/314/189 593/315/189 576/309/189
f 576/309/190 593/315/190 589/316/190 574/310/190
f 594/317/191 580/311/191 586/312/191 597/321/191
f 597/321/192 586/312/192 582/313/192 595/319/192
f 581/234/193 575/229/193 578/228/193 585/259/193
f 585/259/200 578/228/200 574/310/200 582/313/200
f 545/290/195 573/308/195 579/257/195 548/180/195
f 548/186/196 579/257/196 575/229/196 546/183/196
f 580/311/197 553/294/197 555/198/197 583/231/197
f 583/231/198 555/192/198 552/191/198 581/234/198
f 559/299/145 587/314/145 573/308/145 545/290/145
f 547/291/146 554/297/146 568/306/146 560/301/146
f 575/229/147 581/234/147 552/191/147 546/183/147
f 594/317/148 566/303/148 553/294/148 580/311/148
f 561/211/149 567/217/149 596/250/149 588/241/149
f 589/316/150 595/319/150 582/313/150 574/310/150
f 601/290/151 604/180/151 605/181/151 607/182/151
f 602/183/152 606/263/152 605/264/152 604/186/152
f 603/291/153 607/292/153 605/293/153 606/265/153
f 608/191/154 611/192/154 612/193/154 614/251/154
f 609/294/155 613/295/155 612/296/155 611/198/155
f 610/297/156 614/252/156 612/253/156 613/298/156
f 615/299/157 618/300/157 619/205/157 621/206/157
f 616/301/158 620/266/158 619/267/158 618/302/158
f 617/211/159 621/212/159 619/267/159 620/266/159
f 622/303/160 625/214/160 626/215/160 628/304/160
f 623/217/161 627/255/161 626/320/161 625/220/161
f 624/306/162 628/307/162 626/320/162 627/255/162
f 629/308/163 632/309/163 633/268/163 635/226/163
f 630/310/164 634/269/164 633/268/164 632/309/164
f 631/229/203 635/226/203 633/268/203 634/269/203
f 636/311/166 639/231/166 640/258/166 642/312/166
f 637/234/167 641/259/167 640/258/167 639/231/167
f 638/313/168 642/312/168 640/258/168 641/259/168
f 643/314/169 646/238/169 647/270/169 649/315/169
f 644/241/170 648/271/170 647/270/170 646/238/170
f 645/316/171 649/315/171 647/270/171 648/271/171
f 650/317/172 653/318/172 654/261/172 656/247/172
f 651/319/173 655/262/173 654/261/173 653/318/173
f 652/250/174 656/247/174 654/261/174 655/262/174
f 615/299/175 601/290/175 607/182/175 618/300/175
f 618/302/176 607/292/176 603/291/176 616/301/176
f 602/183/177 608/191/177 614/251/177 606/263/177
f 606/265/178 614/252/178 610/297/178 603/291/178
f 609/294/179 622/303/179 628/304/179 613/295/179
f 613/298/180 628/307/180 624/306/180 610/297/180
f 623/217/181 617/211/181 620/266/181 627/255/181
f 627/255/182 620/266/182 616/301/182 624/306/182
f 643/314/183 615/299/183 621/206/183 646/238/183
f 646/238/184 621/212/184 617/211/184 644/241/184
f 622/303/185 650/317/185 656/247/185 625/214/185
f 625/220/186 656/247/186 652/250/186 623/217/186
f 651/319/187 645/316/187 648/271/187 655/262/187
f 655/262/188 648/271/188 644/241/188 652/250/188
f 629/308/189 643/314/189 649/315/189 632/309/189
f 632/309/190 649/315/190 645/316/190 630/310/190
f 650/317/191 636/311/191 642/312/191 653/318/191
f 653/318/192 642/312/192 638/313/192 651/319/192
f 637/234/193 631/229/193 634/269/193 641/259/193
f 641/259/194 634/269/194 630/310/194 638/313/194
f 601/290/195 629/308/195 635/226/195 604/180/195
f 604/186/196 635/226/196 631/229/196 602/183/196
f 636/311/197 609/294/197 611/198/197 639/231/197
f 639/231/198 611/192/198 608/191/198 637/234/198
f 615/299/145 643/314/145 629/308/145 601/290/145
f 603/291/146 610/297/146 624/306/146 616/301/146
f 631/229/147 637/234/147 608/191/147 602/183/147
f 650/317/148 622/303/148 609/294/148 636/311/148
f 617/211/149 623/217/149 652/250/149 644/241/149
f 645/316/150 651/319/150 638/313/150 630/310/150
f 657/322/151 660/323/151 661/324/151 663/182/151
f 658/325/152 662/184/152 661/185/152 660/326/152
f 659/187/153 663/188/153 661/189/153 662/190/153
f 664/327/154 667/328/154 668/329/154 670/194/154
f 665/330/155 669/196/155 668/197/155 667/331/155
f 666/199/156 670/200/156 668/201/156 669/202/156
f 671/332/157 674/204/157 675/205/157 677/333/157
f 672/207/158 676/254/158 675/334/158 674/210/158
f 673/335/159 677/336/159 675/334/159 676/254/159
f 678/337/160 681/338/160 682/339/160 684/216/160
f 679/340/161 683/218/161 682/219/161 681/341/161
f 680/221/162 684/222/162 682/219/162 683/218/162
f 685/342/163 688/224/163 689/343/163 691/344/163
f 686/227/164 690/228/164 689/343/164 688/224/164
f 687/345/165 691/344/165 689/343/165 690/228/165
f 692/346/166 695/347/166 696/348/166 698/233/166
f 693/349/167 697/235/167 696/348/167 695/347/167
f 694/236/168 698/233/168 696/348/168 697/235/168
f 699/350/169 702/351/169 703/352/169 705/240/169
f 700/353/170 704/242/170 703/352/170 702/351/170
f 701/243/171 705/240/171 703/352/171 704/242/171
f 706/354/172 709/245/172 710/355/172 712/356/172
f 707/248/173 711/249/173 710/355/173 709/245/173
f 708/357/174 712/356/174 710/355/174 711/249/174
f 671/332/175 657/322/175 663/182/175 674/204/175
f 674/210/176 663/188/176 659/187/176 672/207/176
f 658/325/177 664/327/177 670/194/177 662/184/177
f 662/190/178 670/200/178 666/199/178 659/187/178
f 665/330/179 678/337/179 684/216/179 669/196/179
f 669/202/180 684/222/180 680/221/180 666/199/180
f 679/340/181 673/335/181 676/254/181 683/218/181
f 683/218/182 676/254/182 672/207/182 680/221/182
f 699/350/183 671/332/183 677/333/183 702/351/183
f 702/351/184 677/336/184 673/335/184 700/353/184
f 678/337/185 706/354/185 712/356/185 681/338/185
f 681/341/186 712/356/186 708/357/186 679/340/186
f 707/248/187 701/243/187 704/242/187 711/249/187
f 711/249/188 704/242/188 700/353/188 708/357/188
f 685/342/189 699/350/189 705/240/189 688/224/189
f 688/224/190 705/240/190 701/243/190 686/227/190
f 706/354/191 692/346/191 698/233/191 709/245/191
f 709/245/192 698/233/192 694/236/192 707/248/192
f 693/349/193 687/345/193 690/228/193 697/235/193
f 697/235/194 690/228/194 686/227/194 694/236/194
f 657/322/195 685/342/195 691/344/195 660/323/195
f 660/326/196 691/344/196 687/345/196 658/325/196
f 692/346/197 665/330/197 667/331/197 695/347/197
f 695/347/198 667/328/198 664/327/198 693/349/198
f 671/332/145 699/350/145 685/342/145 657/322/145
f 659/187/146 666/199/146 680/221/146 672/207/146
f 687/345/147 693/349/147 664/327/147 658/325/147
f 706/354/148 678/337/148 665/330/148 692/346/148
f 673/335/149 679/340/149 708/357/149 700/353/149
f 701/243/150 707/248/150 694/236/150 686/227/150
f 713/322/151 716/323/151 717/324/151 719/182/151
f 714/325/152 718/184/152 717/185/152 716/326/152
f 715/187/153 719/188/153 717/189/153 718/190/153
f 720/327/154 723/328/154 724/329/154 726/251/154
f 721/330/155 725/196/155 724/197/155 723/331/155
f 722/199/156 726/252/156 724/253/156 725/202/156
f 727/332/157 730/204/157 731/205/157 733/333/157
f 728/207/158 732/254/158 731/334/158 730/210/158
f 729/335/159 733/336/159 731/334/159 732/254/159
f 734/337/160 737/338/160 738/339/160 740/216/160
f 735/340/161 739/255/161 738/256/161 737/341/161
f 736/221/162 740/222/162 738/256/162 739/255/162
f 741/342/163 744/224/163 745/343/163 747/344/163
f 742/227/164 746/228/164 745/343/164 744/224/164
f 743/345/165 747/344/165 745/343/165 746/228/165
f 748/346/166 751/347/166 752/258/166 754/233/166
f 749/349/167 753/259/167 752/258/167 751/347/167
f 750/236/168 754/233/168 752/258/168 753/259/168
f 755/350/169 758/351/169 759/352/169 761/240/169
f 756/353/170 760/242/170 759/352/170 758/351/170
f 757/243/171 761/240/171 759/352/171 760/242/171
f 762/354/172 765/245/172 766/358/172 768/356/172
f 763/248/173 767/262/173 766/358/173 765/245/173
f 764/357/174 768/356/174 766/358/174 767/262/174
f 727/332/175 713/322/175 719/182/175 730/204/175
f 730/210/176 719/188/176 715/187/176 728/207/176
f 714/325/177 720/327/177 726/251/177 718/184/177
f 718/190/178 726/252/178 722/199/178 715/187/178
f 721/330/179 734/337/179 740/216/179 725/196/179
f 725/202/180 740/222/180 736/221/180 722/199/180
f 735/340/181 729/335/181 732/254/181 739/255/181
f 739/255/204 732/254/204 728/207/204 736/221/204
f 755/350/183 727/332/183 733/333/183 758/351/183
f 758/351/184 733/336/184 729/335/184 756/353/184
f 734/337/185 762/354/185 768/356/185 737/338/185
f 737/341/186 768/356/186 764/357/186 735/340/186
f 763/248/187 757/243/187 760/242/187 767/262/187
f 767/262/199 760/242/199 756/353/199 764/357/199
f 741/342/189 755/350/189 761/240/189 744/224/189
f 744/224/190 761/240/190 757/243/190 742/227/190
f 762/354/191 748/346/191 754/233/191 765/245/191
f 765/245/192 754/233/192 750/236/192 763/248/192
f 749/349/193 743/345/193 746/228/193 753/259/193
f 753/259/194 746/228/194 742/227/194 750/236/194
f 713/322/195 741/342/195 747/344/195 716/323/195
f 716/326/196 747/344/196 743/345/196 714/325/196
f 748/346/197 721/330/197 723/331/197 751/347/197
f 751/347/198 723/328/198 720/327/198 749/349/198
f 727/332/145 755/350/145 741/342/145 713/322/145
f 715/187/146 722/199/146 736/221/146 728/207/146
f 743/345/147 749/349/147 720/327/147 714/325/147
f 762/354/148 734/337/148 721/330/148 748/346/148
f 729/335/149 735/340/149 764/357/149 756/353/149
f 757/243/150 763/248/150 750/236/150 742/227/150
f 769/322/151 772/323/151 773/324/151 775/182/151
f 770/325/152 774/263/152 773/264/152 772/326/152
f 771/187/153 775/188/153 773/189/153 774/265/153
f 776/327/154 779/328/154 780/329/154 782/251/154
f 777/330/155 781/196/155 780/197/155 779/331/155
f 778/199/156 782/252/156 780/253/156 781/202/156
f 783/332/157 786/204/157 787/205/157 789/333/157
f 784/207/158 788/266/158 787/359/158 786/210/158
f 785/335/159 789/336/159 787/359/159 788/266/159
f 790/337/160 793/338/160 794/339/160 796/216/160
f 791/340/161 795/255/161 794/256/161 793/341/161
f 792/221/162 796/222/162 794/256/162 795/255/162
f 797/342/163 800/224/163 801/360/163 803/344/163
f 798/227/164 802/269/164 801/360/164 800/224/164
f 799/345/165 803/344/165 801/360/165 802/269/165
f 804/346/166 807/347/166 808/361/166 810/233/166
f 805/349/167 809/259/167 808/361/167 807/347/167
f 806/236/168 810/233/168 808/361/168 809/259/168
f 811/350/169 814/351/169 815/362/169 817/240/169
f 812/353/170 816/271/170 815/362/170 814/351/170
f 813/243/171 817/240/171 815/362/171 816/271/171
f 818/354/172 821/245/172 822/358/172 824/356/172
f 819/248/173 823/262/173 822/358/173 821/245/173
f 820/357/174 824/356/174 822/358/174 823/262/174
f 783/332/175 769/322/175 775/182/175 786/204/175
f 786/210/176 775/188/176 771/187/176 784/207/176
f 770/325/177 776/327/177 782/251/177 774/263/177
f 774/265/178 782/252/178 778/199/178 771/187/178
f 777/330/179 790/337/179 796/216/179 781/196/179
f 781/202/180 796/222/180 792/221/180 778/199/180
f 791/340/181 785/335/181 788/266/181 795/255/181
f 795/255/182 788/266/182 784/207/182 792/221/182
f 811/350/183 783/332/183 789/333/183 814/351/183
f 814/351/184 789/336/184 785/335/184 812/353/184
f 790/337/185 818/354/185 824/356/185 793/338/185
f 793/341/186 824/356/186 820/357/186 791/340/186
f 819/248/187 813/243/187 816/271/187 823/262/187
f 823/262/199 816/271/199 812/353/199 820/357/199
f 797/342/189 811/350/189 817/240/189 800/224/189
f 800/224/190 817/240/190 813/243/190 798/227/190
f 818/354/191 804/346/191 810/233/191 821/245/191
f 821/245/192 810/233/192 806/236/192 819/248/192
f 805/349/193 799/345/193 802/269/193 809/259/193
f 809/259/194 802/269/194 798/227/194 806/236/194
f 769/322/195 797/342/195 803/344/195 772/323/195
f 772/326/196 803/344/196 799/345/196 770/325/196
f 804/346/197 777/330/197 779/331/197 807/347/197
f 807/347/198 779/328/198 776/327/198 805/349/198
f 783/332/145 811/350/145 797/342/145 769/322/145
f 771/187/146 778/199/146 792/221/146 784/207/146
f 799/345/147 805/349/147 776/327/147 770/325/147
f 818/354/148 790/337/148 777/330/148 804/346/148
f 785/335/149 791/340/149 820/357/149 812/353/149
f 813/243/150 819/248/150 806/236/150 798/227/150
f 825/322/151 828/323/151 829/324/151 831/182/151
f 826/325/152 830/184/152 829/185/152 828/326/152
f 827/272/153 831/273/153 829/189/153 830/190/153
f 832/327/154 835/328/154 836/329/154 838/194/154
f 833/363/155 837/196/155 836/197/155 835/331/155
f 834/275/156 838/200/156 836/201/156 837/276/156
f 839/364/157 842/204/157 843/205/157 845/333/157
f 840/278/158 844/208/158 843/334/158 842/279/158
f 841/335/159 845/336/159 843/334/159 844/208/159
f 846/365/160 849/338/160 850/339/160 852/216/160
f 847/340/161 851/218/161 850/219/161 849/341/161
f 848/281/162 852/282/162 850/219/162 851/218/162
f 853/366/163 856/224/163 857/343/163 859/344/163
f 854/284/164 858/228/164 857/343/164 856/224/164
f 855/345/165 859/344/165 857/343/165 858/228/165
f 860/346/166 863/347/166 864/348/166 866/233/166
f 861/349/167 865/235/167 864/348/167 863/347/167
f 862/236/168 866/233/168 864/348/168 865/235/168
f 867/367/169 870/351/169 871/352/169 873/240/169
f 868/353/170 872/242/170 871/352/170 870/351/170
f 869/287/171 873/240/171 871/352/171 872/242/171
f 874/368/172 877/245/172 878/355/172 880/356/172
f 875/289/173 879/249/173 878/355/173 877/245/173
f 876/357/174 880/356/174 878/355/174 879/249/174
f 839/364/175 825/322/175 831/182/175 842/204/175
f 842/279/176 831/273/176 827/272/176 840/278/176
f 826/325/177 832/327/177 838/194/177 830/184/177
f 830/190/178 838/200/178 834/275/178 827/272/178
f 833/363/179 846/365/179 852/216/179 837/196/179
f 837/276/180 852/282/180 848/281/180 834/275/180
f 847/340/181 841/335/181 844/208/181 851/218/181
f 851/218/182 844/208/182 840/278/182 848/281/182
f 867/367/183 839/364/183 845/333/183 870/351/183
f 870/351/184 845/336/184 841/335/184 868/353/184
f 846/365/185 874/368/185 880/356/185 849/338/185
f 849/341/186 880/356/186 876/357/186 847/340/186
f 875/289/187 869/287/187 872/242/187 879/249/187
f 879/249/188 872/242/188 868/353/188 876/357/188
f 853/366/189 867/367/189 873/240/189 856/224/189
f 856/224/190 873/240/190 869/287/190 854/284/190
f 874/368/191 860/346/191 866/233/191 877/245/191
f 877/245/192 866/233/192 862/236/192 875/289/192
f 861/349/193 855/345/193 858/228/193 865/235/193
f 865/235/194 858/228/194 854/284/194 862/236/194
f 825/322/195 853/366/195 859/344/195 828/323/195
f 828/326/196 859/344/196 855/345/196 826/325/196
f 860/346/197 833/363/197 835/331/197 863/347/197
f 863/347/198 835/328/198 832/327/198 861/349/198
f 839/364/145 867/367/145 853/366/145 825/322/145
f 827/272/146 834/275/146 848/281/146 840/278/146
f 855/345/147 861/349/147 832/327/147 826/325/147
f 874/368/148 846/365/148 833/363/148 860/346/148
f 841/335/149 847/340/149 876/357/149 868/353/149
f 869/287/150 875/289/150 862/236/150 854/284/150
f 881/322/151 884/323/151 885/324/151 887/182/151
f 882/325/152 886/184/152 885/185/152 884/326/152
f 883/272/153 887/273/153 885/189/153 886/190/153
f 888/327/154 891/328/154 892/329/154 894/251/154
f 889/363/155 893/196/155 892/197/155 891/331/155
f 890/275/156 894/252/156 892/253/156 893/276/156
f 895/364/157 898/204/157 899/205/157 901/333/157
f 896/278/158 900/254/158 899/334/158 898/279/158
f 897/335/159 901/336/159 899/334/159 900/254/159
f 902/365/160 905/338/160 906/339/160 908/216/160
f 903/340/161 907/255/161 906/256/161 905/341/161
f 904/281/162 908/282/162 906/256/162 907/255/162
f 909/366/163 912/224/163 913/343/163 915/344/163
f 910/284/164 914/228/164 913/343/164 912/224/164
f 911/345/165 915/344/165 913/343/165 914/228/165
f 916/346/166 919/347/166 920/361/166 922/233/166
f 917/349/167 921/259/167 920/361/167 919/347/167
f 918/236/168 922/233/168 920/361/168 921/259/168
f 923/367/169 926/351/169 927/352/169 929/240/169
f 924/353/170 928/242/170 927/352/170 926/351/170
f 925/287/171 929/240/171 927/352/171 928/242/171
f 930/368/172 933/245/172 934/358/172 936/356/172
f 931/289/173 935/262/173 934/358/173 933/245/173
f 932/357/174 936/356/174 934/358/174 935/262/174
f 895/364/175 881/322/175 887/182/175 898/204/175
f 898/279/176 887/273/176 883/272/176 896/278/176
f 882/325/177 888/327/177 894/251/177 886/184/177
f 886/190/178 894/252/178 890/275/178 883/272/178
f 889/363/179 902/365/179 908/216/179 893/196/179
f 893/276/180 908/282/180 904/281/180 890/275/180
f 903/340/181 897/335/181 900/254/181 907/255/181
f 907/255/204 900/254/204 896/278/204 904/281/204
f 923/367/183 895/364/183 901/333/183 926/351/183
f 926/351/184 901/336/184 897/335/184 924/353/184
f 902/365/185 930/368/185 936/356/185 905/338/185
f 905/341/186 936/356/186 932/357/186 903/340/186
f 931/289/187 925/287/187 928/242/187 935/262/187
f 935/262/188 928/242/188 924/353/188 932/357/188
f 909/366/189 923/367/189 929/240/189 912/224/189
f 912/224/190 929/240/190 925/287/190 910/284/190
f 930/368/191 916/346/191 922/233/191 933/245/191
f 933/245/192 922/233/192 918/236/192 931/289/192
f 917/349/193 911/345/193 914/228/193 921/259/193
f 921/259/194 914/228/194 910/284/194 918/236/194
f 881/322/195 909/366/195 915/344/195 884/323/195
f 884/326/196 915/344/196 911/345/196 882/325/196
f 916/346/197 889/363/197 891/331/197 919/347/197
f 919/347/198 891/328/198 888/327/198 917/349/198
f 895/364/145 923/367/145 909/366/145 881/322/145
f 883/272/146 890/275/146 904/281/146 896/278/146
f 911/345/147 917/349/147 888/327/147 882/325/147
f 930/368/148 902/365/148 889/363/148 916/346/148
f 897/335/149 903/340/149 932/357/149 924/353/149
f 925/287/150 931/289/150 918/236/150 910/284/150
f 937/322/151 940/323/151 941/324/151 943/182/151
f 938/325/152 942/263/152 941/264/152 940/326/152
f 939/272/153 943/273/153 941/189/153 942/265/153
f 944/327/154 947/328/154 948/329/154 950/251/154
f 945/363/155 949/196/155 948/197/155 947/331/155
f 946/275/156 950/252/156 948/253/156 949/276/156
f 951/364/157 954/204/157 955/205/157 957/333/157
f 952/278/158 956/266/158 955/359/158 954/279/158
f 953/335/159 957/336/159 955/359/159 956/266/159
f 958/365/160 961/338/160 962/339/160 964/216/160
f 959/340/161 963/255/161 962/256/161 961/341/161
f 960/281/162 964/282/162 962/256/162 963/255/162
f 965/366/163 968/224/163 969/360/163 971/344/163
f 966/284/164 970/269/164 969/360/164 968/224/164
f 967/345/165 971/344/165 969/360/165 970/269/165
f 972/346/166 975/347/166 976/258/166 978/233/166
f 973/349/167 977/259/167 976/258/167 975/347/167
f 974/236/168 978/233/168 976/258/168 977/259/168
f 979/367/169 982/351/169 983/362/169 985/240/169
f 980/353/170 984/271/170 983/362/170 982/351/170
f 981/287/171 985/240/171 983/362/171 984/271/171
f 986/368/172 989/245/172 990/358/172 992/356/172
f 987/289/173 991/262/173 990/358/173 989/245/173
f 988/357/174 992/356/174 990/358/174 991/262/174
f 951/364/175 937/322/175 943/182/175 954/204/175
f 954/279/176 943/273/176 939/272/176 952/278/176
f 938/325/177 944/327/177 950/251/177 942/263/177
f 942/265/178 950/252/178 946/275/178 939/272/178
f 945/363/179 958/365/179 964/216/179 949/196/179
f 949/276/180 964/282/180 960/281/180 946/275/180
f 959/340/181 953/335/181 956/266/181 963/255/181
f 963/255/182 956/266/182 952/278/182 960/281/182
f 979/367/183 951/364/183 957/333/183 982/351/183
f 982/351/184 957/336/184 953/335/184 980/353/184
f 958/365/185 986/368/185 992/356/185 961/338/185
f 961/341/186 992/356/186 988/357/186 959/340/186
f 987/289/187 981/287/187 984/271/187 991/262/187
f 991/262/188 984/271/188 980/353/188 988/357/188
f 965/366/189 979/367/189 985/240/189 968/224/189
f 968/224/190 985/240/190 981/287/190 966/284/190
f 986/368/191 972/346/191 978/233/191 989/245/191
f 989/245/192 978/233/192 974/236/192 987/289/192
f 973/349/193 967/345/193 970/269/193 977/259/193
f 977/259/194 970/269/194 966/284/194 974/236/194
f 937/322/195 965/366/195 971/344/195 940/323/195
f 940/326/196 971/344/196 967/345/196 938/325/196
f 972/346/197 945/363/197 947/331/197 975/347/197
f 975/347/198 947/328/198 944/327/198 973/349/198
f 951/364/145 979/367/145 965/366/145 937/322/145
f 939/272/146 946/275/146 960/281/146 952/278/146
f 967/345/147 973/349/147 944/327/147 938/325/147
f 986/368/148 958/365/148 945/363/148 972/346/148
f 953/335/149 959/340/149 988/357/149 980/353/149
f 981/287/150 987/289/150 974/236/150 966/284/150
f 993/369/151 996/323/151 997/324/151 999/182/151
f 994/325/152 998/184/152 997/185/152 996/326/152
f 995/291/153 999/292/153 997/293/153 998/190/153
f 1000/327/154 1003/328/154 1004/329/154 1006/194/154
f 1001/370/155 1005/295/155 1004/296/155 1003/331/155
f 1002/297/156 1006/200/156 1004/201/156 1005/298/156
f 1007/371/157 1010/300/157 1011/205/157 1013/333/157
f 1008/301/158 1012/254/158 1011/334/158 1010/302/158
f 1009/335/159 1013/336/159 1011/334/159 1012/254/159
f 1014/372/160 1017/338/160 1018/339/160 1020/304/160
f 1015/340/161 1019/218/161 1018/305/161 1017/341/161
f 1016/306/162 1020/307/162 1018/305/162 1019/218/162
f 1021/373/163 1024/309/163 1025/343/163 1027/344/163
f 1022/310/164 1026/228/164 1025/343/164 1024/309/164
f 1023/345/165 1027/344/165 1025/343/165 1026/228/165
f 1028/374/166 1031/347/166 1032/348/166 1034/312/166
f 1029/349/201 1033/235/201 1032/348/201 1031/347/201
f 1030/313/168 1034/312/168 1032/348/168 1033/235/168
f 1035/375/169 1038/351/169 1039/352/169 1041/315/169
f 1036/353/170 1040/242/170 1039/352/170 1038/351/170
f 1037/316/171 1041/315/171 1039/352/171 1040/242/171
f 1042/376/172 1045/321/172 1046/355/172 1048/356/172
f 1043/319/173 1047/249/173 1046/355/173 1045/321/173
f 1044/357/174 1048/356/174 1046/355/174 1047/249/174
f 1007/371/175 993/369/175 999/182/175 1010/300/175
f 1010/302/176 999/292/176 995/291/176 1008/301/176
f 994/325/177 1000/327/177 1006/194/177 998/184/177
f 998/190/178 1006/200/178 1002/297/178 995/291/178
f 1001/370/179 1014/372/179 1020/304/179 1005/295/179
f 1005/298/180 1020/307/180 1016/306/180 1002/297/180
f 1015/340/181 1009/335/181 1012/254/181 1019/218/181
f 1019/218/182 1012/254/182 1008/301/182 1016/306/182
f 1035/375/183 1007/371/183 1013/333/183 1038/351/183
f 1038/351/184 1013/336/184 1009/335/184 1036/353/184
f 1014/372/185 1042/376/185 1048/356/185 1017/338/185
f 1017/341/186 1048/356/186 1044/357/186 1015/340/186
f 1043/319/187 1037/316/187 1040/242/187 1047/249/187
f 1047/249/188 1040/242/188 1036/353/188 1044/357/188
f 1021/373/189 1035/375/189 1041/315/189 1024/309/189
f 1024/309/190 1041/315/190 1037/316/190 1022/310/190
f 1042/376/191 1028/374/191 1034/312/191 1045/321/191
f 1045/321/192 1034/312/192 1030/313/192 1043/319/192
f 1029/349/193 1023/345/193 1026/228/193 1033/235/193
f 1033/235/194 1026/228/194 1022/310/194 1030/313/194
f 993/369/195 1021/373/195 1027/344/195 996/323/195
f 996/326/196 1027/344/196 1023/345/196 994/325/196
f 1028/374/197 1001/370/197 1003/331/197 1031/347/197
f 1031/347/198 1003/328/198 1000/327/198 1029/349/198
f 1007/371/145 1035/375/145 1021/373/145 993/369/145
f 995/291/146 1002/297/146 1016/306/146 1008/301/146
f 1023/345/147 1029/349/147 1000/327/147 994/325/147
f 1042/376/148 1014/372/148 1001/370/148 1028/374/148
f 1009/335/149 1015/340/149 1044/357/149 1036/353/149
f 1037/316/150 1043/319/150 1030/313/150 1022/310/150
f 1049/369/151 1052/323/151 1053/324/151 1055/182/151
f 1050/325/152 1054/184/152 1053/185/152 1052/326/152
f 1051/291/153 1055/292/153 1053/293/153 1054/190/153
f 1056/327/154 1059/328/154 1060/329/154 1062/251/154
f 1057/370/155 1061/295/155 1060/296/155 1059/331/155
f 1058/297/156 1062/252/156 1060/253/156 1061/298/156
f 1063/371/157 1066/300/157 1067/205/157 1069/333/157
f 1064/301/158 1068/208/158 1067/334/158 1066/302/158
f 1065/335/159 1069/336/159 1067/334/159 1068/208/159
f 1070/372/160 1073/338/160 1074/339/160 1076/304/160
f 1071/340/161 1075/255/161 1074/320/161 1073/341/161
f 1072/306/162 1076/307/162 1074/320/162 1075/255/162
f 1077/373/163 1080/309/163 1081/343/163 1083/344/163
f 1078/310/164 1082/228/164 1081/343/164 1080/309/164
f 1079/345/165 1083/344/165 1081/343/165 1082/228/165
f 1084/374/166 1087/347/166 1088/258/166 1090/312/166
f 1085/349/167 1089/259/167 1088/258/167 1087/347/167
f 1086/313/168 1090/312/168 1088/258/168 1089/259/168
f 1091/375/169 1094/351/169 1095/352/169 1097/315/169
f 1092/353/170 1096/242/170 1095/352/170 1094/351/170
f 1093/316/171 1097/315/171 1095/352/171 1096/242/171
f 1098/376/172 1101/318/172 1102/358/172 1104/356/172
f 1099/319/173 1103/262/173 1102/358/173 1101/318/173
f 1100/357/174 1104/356/174 1102/358/174 1103/262/174
f 1063/371/175 1049/369/175 1055/182/175 1066/300/175
f 1066/302/176 1055/292/176 1051/291/176 1064/301/176
f 1050/325/177 1056/327/177 1062/251/177 1054/184/177
f 1054/190/178 1062/252/178 1058/297/178 1051/291/178
f 1057/370/179 1070/372/179 1076/304/179 1061/295/179
f 1061/298/180 1076/307/180 1072/306/180 1058/297/180
f 1071/340/181 1065/335/181 1068/208/181 1075/255/181
f 1075/255/204 1068/208/204 1064/301/204 1072/306/204
f 1091/375/183 1063/371/183 1069/333/183 1094/351/183
f 1094/351/184 1069/336/184 1065/335/184 1092/353/184
f 1070/372/185 1098/376/185 1104/356/185 1073/338/185
f 1073/341/186 1104/356/186 1100/357/186 1071/340/186
f 1099/319/187 1093/316/187 1096/242/187 1103/262/187
f 1103/262/188 1096/242/188 1092/353/188 1100/357/188
f 1077/373/189 1091/375/189 1097/315/189 1080/309/189
f 1080/309/190 1097/315/190 1093/316/190 1078/310/190
f 1098/376/191 1084/374/191 1090/312/191 1101/318/191
f 1101/318/192 1090/312/192 1086/313/192 1099/319/192
f 1085/349/193 1079/345/193 1082/228/193 1089/259/193
f 1089/259/194 1082/228/194 1078/310/194 1086/313/194
f 1049/369/195 1077/373/195 1083/344/195 1052/323/195
f 1052/326/196 1083/344/196 1079/345/196 1050/325/196
f 1084/374/197 1057/370/197 1059/331/197 1087/347/197
f 1087/347/198 1059/328/198 1056/327/198 1085/349/198
f 1063/371/145 1091/375/145 1077/373/145 1049/369/145
f 1051/291/146 1058/297/146 1072/306/146 1064/301/146
f 1079/345/147 1085/349/147 1056/327/147 1050/325/147
f 1098/376/148 1070/372/148 1057/370/148 1084/374/148
f 1065/335/149 1071/340/149 1100/357/149 1092/353/149
f 1093/316/150 1099/319/150 1086/313/150 1078/310/150
f 1105/369/151 1108/323/151 1109/324/151 1111/182/151
f 1106/325/152 1110/263/152 1109/264/152 1108/326/152
f 1107/291/153 1111/292/153 1109/293/153 1110/265/153
f 1112/327/154 1115/328/154 1116/329/154 1118/251/154
f 1113/370/155 1117/295/155 1116/296/155 1115/331/155
f 1114/297/156 1118/252/156 1116/253/156 1117/298/156
f 1119/371/157 1122/300/157 1123/205/157 1125/333/157
f 1120/301/158 1124/266/158 1123/359/158 1122/302/158
f 1121/335/159 1125/336/159 1123/359/159 1124/266/159
f 1126/372/160 1129/338/160 1130/339/160 1132/304/160
f 1127/340/161 1131/255/161 1130/320/161 1129/341/161
f 1128/306/162 1132/307/162 1130/320/162 1131/255/162
f 1133/373/163 1136/309/163 1137/360/163 1139/344/163
f 1134/310/164 1138/269/164 1137/360/164 1136/309/164
f 1135/345/165 1139/344/165 1137/360/165 1138/269/165
f 1140/374/166 1143/347/166 1144/361/166 1146/312/166
f 1141/349/167 1145/259/167 1144/361/167 1143/347/167
f 1142/313/168 1146/312/168 1144/361/168 1145/259/168
f 1147/375/169 1150/351/169 1151/362/169 1153/315/169
f 1148/353/170 1152/271/170 1151/362/170 1150/351/170
f 1149/316/171 1153/315/171 1151/362/171 1152/271/171
f 1154/376/172 1157/321/172 1158/358/172 1160/356/172
f 1155/319/173 1159/262/173 1158/358/173 1157/321/173
f 1156/357/174 1160/356/174 1158/358/174 1159/262/174
f 1119/371/175 1105/369/175 1111/182/175 1122/300/175
f 1122/302/176 1111/292/176 1107/291/176 1120/301/176
f 1106/325/177 1112/327/177 1118/251/177 1110/263/177
f 1110/265/178 1118/252/178 1114/297/178 1107/291/178
f 1113/370/179 1126/372/179 1132/304/179 1117/295/179
f 1117/298/180 1132/307/180 1128/306/180 1114/297/180
f 1127/340/181 1121/335/181 1124/266/181 1131/255/181
f 1131/255/182 1124/266/182 1120/301/182 1128/306/182
f 1147/375/183 1119/371/183 1125/333/183 1150/351/183
f 1150/351/184 1125/336/184 1121/335/184 1148/353/184
f 1126/372/185 1154/376/185 1160/356/185 1129/338/185
f 1129/341/186 1160/356/186 1156/357/186 1127/340/186
f 1155/319/187 1149/316/187 1152/271/187 1159/262/187
f 1159/262/188 1152/271/188 1148/353/188 1156/357/188
f 1133/373/189 1147/375/189 1153/315/189 1136/309/189
f 1136/309/190 1153/315/190 1149/316/190 1134/310/190
f 1154/376/191 1140/374/191 1146/312/191 1157/321/191
f 1157/321/192 1146/312/192 1142/313/192 1155/319/192
f 1141/349/193 1135/345/193 1138/269/193 1145/259/193
f 1145/259/194 1138/269/194 1134/310/194 1142/313/194
f 1105/369/195 1133/373/195 1139/344/195 1108/323/195
f 1108/326/196 1139/344/196 1135/345/196 1106/325/196
f 1140/374/197 1113/370/197 1115/331/197 1143/347/197
f 1143/347/198 1115/328/198 1112/327/198 1141/349/198
f 1119/371/145 1147/375/145 1133/373/145 1105/369/145
f 1107/291/146 1114/297/146 1128/306/146 1120/301/146
f 1135/345/147 1141/349/147 1112/327/147 1106/325/147
f 1154/376/148 1126/372/148 1113/370/148 1140/374/148
f 1121/335/149 1127/340/149 1156/357/149 1148/353/149
f 1149/316/150 1155/319/150 1142/313/150 1134/310/150
f 1161/377/151 1164/378/151 1165/379/151 1167/380/151
f 1162/381/152 1166/184/152 1165/185/152 1164/382/152
f 1163/383/153 1167/384/153 1165/385/153 1166/190/153
f 1168/386/154 1171/387/154 1172/388/154 1174/194/154
f 1169/389/155 1173/390/155 1172/391/155 1171/392/155
f 1170/393/156 1174/200/156 1172/201/156 1173/394/156
f 1175/395/157 1178/396/157 1179/397/157 1181/398/157
f 1176/399/158 1180/208/158 1179/400/158 1178/401/158
f 1177/402/159 1181/403/159 1179/400/159 1180/208/159
f 1182/404/160 1185/405/160 1186/406/160 1188/407/160
f 1183/408/161 1187/218/161 1186/409/161 1185/410/161
f 1184/411/162 1188/412/162 1186/409/162 1187/218/162
f 1189/413/163 1192/414/163 1193/415/163 1195/416/163
f 1190/417/164 1194/228/164 1193/415/164 1192/414/164
f 1191/418/165 1195/416/165 1193/415/165 1194/228/165
f 1196/419/166 1199/420/166 1200/421/166 1202/422/166
f 1197/423/167 1201/235/167 1200/421/167 1199/420/167
f 1198/424/168 1202/422/168 1200/421/168 1201/235/168
f 1203/425/169 1206/426/169 1207/427/169 1209/428/169
f 1204/429/170 1208/242/170 1207/427/170 1206/426/170
f 1205/430/171 1209/428/171 1207/427/171 1208/242/171
f 1210/431/172 1213/432/172 1214/433/172 1216/434/172
f 1211/435/173 1215/249/173 1214/433/173 1213/432/173
f 1212/436/174 1216/434/174 1214/433/174 1215/249/174
f 1175/395/175 1161/377/175 1167/380/175 1178/396/175
f 1178/401/205 1167/384/205 1163/383/205 1176/399/205
f 1162/381/206 1168/386/206 1174/194/206 1166/184/206
f 1166/190/178 1174/200/178 1170/393/178 1163/383/178
f 1169/389/179 1182/404/179 1188/407/179 1173/390/179
f 1173/394/180 1188/412/180 1184/411/180 1170/393/180
f 1183/408/181 1177/402/181 1180/208/181 1187/218/181
f 1187/218/182 1180/208/182 1176/399/182 1184/411/182
f 1203/425/183 1175/395/183 1181/398/183 1206/426/183
f 1206/426/184 1181/403/184 1177/402/184 1204/429/184
f 1182/404/185 1210/431/185 1216/434/185 1185/405/185
f 1185/410/186 1216/434/186 1212/436/186 1183/408/186
f 1211/435/187 1205/430/187 1208/242/187 1215/249/187
f 1215/249/188 1208/242/188 1204/429/188 1212/436/188
f 1189/413/189 1203/425/189 1209/428/189 1192/414/189
f 1192/414/190 1209/428/190 1205/430/190 1190/417/190
f 1210/431/191 1196/419/191 1202/422/191 1213/432/191
f 1213/432/192 1202/422/192 1198/424/192 1211/435/192
f 1197/423/193 1191/418/193 1194/228/193 1201/235/193
f 1201/235/194 1194/228/194 1190/417/194 1198/424/194
f 1161/377/195 1189/413/195 1195/416/195 1164/378/195
f 1164/382/196 1195/416/196 1191/418/196 1162/381/196
f 1196/419/197 1169/389/197 1171/392/197 1199/420/197
f 1199/420/198 1171/387/198 1168/386/198 1197/423/198
f 1175/395/145 1203/425/145 1189/413/145 1161/377/145
f 1163/383/146 1170/393/146 1184/411/146 1176/399/146
f 1191/418/147 1197/423/147 1168/386/147 1162/381/147
f 1210/431/148 1182/404/148 1169/389/148 1196/419/148
f 1177/402/149 1183/408/149 1212/436/149 1204/429/149
f 1205/430/150 1211/435/150 1198/424/150 1190/417/150
f 1217/377/151 1220/378/151 1221/379/151 1223/380/151
f 1218/381/152 1222/184/152 1221/185/152 1220/382/152
f 1219/383/207 1223/384/207 1221/385/207 1222/190/207
f 1224/386/154 1227/387/154 1228/388/154 1230/251/154
f 1225/389/155 1229/390/155 1228/391/155 1227/392/155
f 1226/393/156 1230/252/156 1228/253/156 1229/394/156
f 1231/395/157 1234/396/157 1235/397/157 1237/398/157
f 1232/399/158 1236/254/158 1235/400/158 1234/401/158
f 1233/402/159 1237/403/159 1235/400/159 1236/254/159
f 1238/404/160 1241/405/160 1242/406/160 1244/407/160
f 1239/408/161 1243/255/161 1242/437/161 1241/410/161
f 1240/411/162 1244/412/162 1242/437/162 1243/255/162
f 1245/413/163 1248/414/163 1249/415/163 1251/416/163
f 1246/417/164 1250/228/164 1249/415/164 1248/414/164
f 1247/418/165 1251/416/165 1249/415/165 1250/228/165
f 1252/419/166 1255/420/166 1256/438/166 1258/422/166
f 1253/423/167 1257/259/167 1256/438/167 1255/420/167
f 1254/424/168 1258/422/168 1256/438/168 1257/259/168
f 1259/425/169 1262/426/169 1263/427/169 1265/428/169
f 1260/429/170 1264/242/170 1263/427/170 1262/426/170
f 1261/430/171 1265/428/171 1263/427/171 1264/242/171
f 1266/431/172 1269/432/172 1270/439/172 1272/434/172
f 1267/435/173 1271/262/173 1270/439/173 1269/432/173
f 1268/436/174 1272/434/174 1270/439/174 1271/262/174
f 1231/395/175 1217/377/175 1223/380/175 1234/396/175
f 1234/401/176 1223/384/176 1219/383/176 1232/399/176
f 1218/381/206 1224/386/206 1230/251/206 1222/184/206
f 1222/190/178 1230/252/178 1226/393/178 1219/383/178
f 1225/389/179 1238/404/179 1244/407/179 1229/390/179
f 1229/394/180 1244/412/180 1240/411/180 1226/393/180
f 1239/408/181 1233/402/181 1236/254/181 1243/255/181
f 1243/255/182 1236/254/182 1232/399/182 1240/411/182
f 1259/425/183 1231/395/183 1237/398/183 1262/426/183
f 1262/426/184 1237/403/184 1233/402/184 1260/429/184
f 1238/404/185 1266/431/185 1272/434/185 1241/405/185
f 1241/410/186 1272/434/186 1268/436/186 1239/408/186
f 1267/435/187 1261/430/187 1264/242/187 1271/262/187
f 1271/262/188 1264/242/188 1260/429/188 1268/436/188
f 1245/413/189 1259/425/189 1265/428/189 1248/414/189
f 1248/414/190 1265/428/190 1261/430/190 1246/417/190
f 1266/431/191 1252/419/191 1258/422/191 1269/432/191
f 1269/432/192 1258/422/192 1254/424/192 1267/435/192
f 1253/423/193 1247/418/193 1250/228/193 1257/259/193
f 1257/259/194 1250/228/194 1246/417/194 1254/424/194
f 1217/377/195 1245/413/195 1251/416/195 1220/378/195
f 1220/382/196 1251/416/196 1247/418/196 1218/381/196
f 1252/419/197 1225/389/197 1227/392/197 1255/420/197
f 1255/420/198 1227/387/198 1224/386/198 1253/423/198
f 1231/395/145 1259/425/145 1245/413/145 1217/377/145
f 1219/383/146 1226/393/146 1240/411/146 1232/399/146
f 1247/418/147 1253/423/147 1224/386/147 1218/381/147
f 1266/431/148 1238/404/148 1225/389/148 1252/419/148
f 1233/402/149 1239/408/149 1268/436/149 1260/429/149
f 1261/430/150 1267/435/150 1254/424/150 1246/417/150
f 1273/377/151 1276/378/151 1277/379/151 1279/380/151
f 1274/381/152 1278/263/152 1277/264/152 1276/382/152
f 1275/383/153 1279/384/153 1277/385/153 1278/265/153
f 1280/386/154 1283/387/154 1284/388/154 1286/251/154
f 1281/389/155 1285/390/155 1284/391/155 1283/392/155
f 1282/393/208 1286/252/208 1284/253/208 1285/394/208
f 1287/395/157 1290/396/157 1291/397/157 1293/398/157
f 1288/399/158 1292/266/158 1291/440/158 1290/401/158
f 1289/402/159 1293/403/159 1291/440/159 1292/266/159
f 1294/404/160 1297/405/160 1298/406/160 1300/407/160
f 1295/408/161 1299/255/161 1298/437/161 1297/410/161
f 1296/411/162 1300/412/162 1298/437/162 1299/255/162
f 1301/413/163 1304/414/163 1305/441/163 1307/416/163
f 1302/417/164 1306/269/164 1305/441/164 1304/414/164
f 1303/418/165 1307/416/165 1305/441/165 1306/269/165
f 1308/419/166 1311/420/166 1312/442/166 1314/422/166
f 1309/423/167 1313/259/167 1312/442/167 1311/420/167
f 1310/424/168 1314/422/168 1312/442/168 1313/259/168
f 1315/425/169 1318/426/169 1319/443/169 1321/428/169
f 1316/429/170 1320/271/170 1319/443/170 1318/426/170
f 1317/430/171 1321/428/171 1319/443/171 1320/271/171
f 1322/431/172 1325/432/172 1326/439/172 1328/434/172
f 1323/435/173 1327/262/173 1326/439/173 1325/432/173
f 1324/436/174 1328/434/174 1326/439/174 1327/262/174
f 1287/395/175 1273/377/175 1279/380/175 1290/396/175
f 1290/401/176 1279/384/176 1275/383/176 1288/399/176
f 1274/381/206 1280/386/206 1286/251/206 1278/263/206
f 1278/265/178 1286/252/178 1282/393/178 1275/383/178
f 1281/389/179 1294/404/179 1300/407/179 1285/390/179
f 1285/394/180 1300/412/180 1296/411/180 1282/393/180
f 1295/408/181 1289/402/181 1292/266/181 1299/255/181
f 1299/255/182 1292/266/182 1288/399/182 1296/411/182
f 1315/425/183 1287/395/183 1293/398/183 1318/426/183
f 1318/426/184 1293/403/184 1289/402/184 1316/429/184
f 1294/404/185 1322/431/185 1328/434/185 1297/405/185
f 1297/410/186 1328/434/186 1324/436/186 1295/408/186
f 1323/435/187 1317/430/187 1320/271/187 1327/262/187
f 1327/262/188 1320/271/188 1316/429/188 1324/436/188
f 1301/413/189 1315/425/189 1321/428/189 1304/414/189
f 1304/414/190 1321/428/190 1317/430/190 1302/417/190
f 1322/431/191 1308/419/191 1314/422/191 1325/432/191
f 1325/432/192 1314/422/192 1310/424/192 1323/435/192
f 1309/423/193 1303/418/193 1306/269/193 1313/259/193
f 1313/259/194 1306/269/194 1302/417/194 1310/424/194
f 1273/377/195 1301/413/195 1307/416/195 1276/378/195
f 1276/382/196 1307/416/196 1303/418/196 1274/381/196
f 1308/419/197 1281/389/197 1283/392/197 1311/420/197
f 1311/420/198 1283/387/198 1280/386/198 1309/423/198
f 1287/395/145 1315/425/145 1301/413/145 1273/377/145
f 1275/383/146 1282/393/146 1296/411/146 1288/399/146
f 1303/418/147 1309/423/147 1280/386/147 1274/381/147
f 1322/431/148 1294/404/148 1281/389/148 1308/419/148
f 1289/402/149 1295/408/149 1324/436/149 1316/429/149
f 1317/430/150 1323/435/150 1310/424/150 1302/417/150
f 1329/444/151 1332/445/151 1333/379/151 1335/380/151
f 1330/446/152 1334/184/152 1333/185/152 1332/447/152
f 1331/383/153 1335/384/153 1333/385/153 1334/190/153
f 1336/448/154 1339/387/154 1340/388/154 1342/194/154
f 1337/389/155 1341/390/155 1340/391/155 1339/392/155
f 1338/393/156 1342/200/156 1340/201/156 1341/394/156
f 1343/449/157 1346/396/157 1347/397/157 1349/450/157
f 1344/399/158 1348/254/158 1347/400/158 1346/401/158
f 1345/451/159 1349/403/159 1347/400/159 1348/254/159
f 1350/404/160 1353/405/160 1354/406/160 1356/407/160
f 1351/452/161 1355/218/161 1354/409/161 1353/410/161
f 1352/411/162 1356/412/162 1354/409/162 1355/218/162
f 1357/453/163 1360/414/163 1361/415/163 1363/416/163
f 1358/417/164 1362/228/164 1361/415/164 1360/414/164
f 1359/454/165 1363/416/165 1361/415/165 1362/228/165
f 1364/455/166 1367/420/166 1368/421/166 1370/422/166
f 1365/456/167 1369/235/167 1368/421/167 1367/420/167
f 1366/424/168 1370/422/168 1368/421/168 1369/235/168
f 1371/457/169 1374/458/169 1375/427/169 1377/428/169
f 1372/459/170 1376/242/170 1375/427/170 1374/458/170
f 1373/430/171 1377/428/171 1375/427/171 1376/242/171
f 1378/460/172 1381/432/172 1382/433/172 1384/434/172
f 1379/435/173 1383/249/173 1382/433/173 1381/432/173
f 1380/461/174 1384/434/174 1382/433/174 1383/249/174
f 1343/449/175 1329/444/175 1335/380/175 1346/396/175
f 1346/401/176 1335/384/176 1331/383/176 1344/399/176
f 1330/446/206 1336/448/206 1342/194/206 1334/184/206
f 1334/190/178 1342/200/178 1338/393/178 1331/383/178
f 1337/389/179 1350/404/179 1356/407/179 1341/390/179
f 1341/394/180 1356/412/180 1352/411/180 1338/393/180
f 1351/452/181 1345/451/181 1348/254/181 1355/218/181
f 1355/218/182 1348/254/182 1344/399/182 1352/411/182
f 1371/457/183 1343/449/183 1349/450/183 1374/458/183
f 1374/458/209 1349/403/209 1345/451/209 1372/459/209
f 1350/404/185 1378/460/185 1384/434/185 1353/405/185
f 1353/410/186 1384/434/186 1380/461/186 1351/452/186
f 1379/435/187 1373/430/187 1376/242/187 1383/249/187
f 1383/249/188 1376/242/188 1372/459/188 1380/461/188
f 1357/453/189 1371/457/189 1377/428/189 1360/414/189
f 1360/414/190 1377/428/190 1373/430/190 1358/417/190
f 1378/460/191 1364/455/191 1370/422/191 1381/432/191
f 1381/432/192 1370/422/192 1366/424/192 1379/435/192
f 1365/456/193 1359/454/193 1362/228/193 1369/235/193
f 1369/235/194 1362/228/194 1358/417/194 1366/424/194
f 1329/444/195 1357/453/195 1363/416/195 1332/445/195
f 1332/447/196 1363/416/196 1359/454/196 1330/446/196
f 1364/455/197 1337/389/197 1339/392/197 1367/420/197
f 1367/420/198 1339/387/198 1336/448/198 1365/456/198
f 1343/449/145 1371/457/145 1357/453/145 1329/444/145
f 1331/383/146 1338/393/146 1352/411/146 1344/399/146
f 1359/454/147 1365/456/147 1336/448/147 1330/446/147
f 1378/460/148 1350/404/148 1337/389/148 1364/455/148
f 1345/451/149 1351/452/149 1380/461/149 1372/459/149
f 1373/430/150 1379/435/150 1366/424/150 1358/417/150
f 1385/444/151 1388/445/151 1389/379/151 1391/380/151
f 1386/446/152 1390/184/152 1389/185/152 1388/447/152
f 1387/383/153 1391/384/153 1389/385/153 1390/190/153
f 1392/448/154 1395/387/154 1396/388/154 1398/251/154
f 1393/389/155 1397/390/155 1396/391/155 1395/392/155
f 1394/393/156 1398/252/156 1396/253/156 1397/394/156
f 1399/449/157 1402/396/157 1403/397/157 1405/450/157
f 1400/399/158 1404/208/158 1403/400/158 1402/401/158
f 1401/451/159 1405/403/159 1403/400/159 1404/208/159
f 1406/404/160 1409/405/160 1410/406/160 1412/407/160
f 1407/452/161 1411/255/161 1410/437/161 1409/410/161
f 1408/411/162 1412/412/162 1410/437/162 1411/255/162
f 1413/453/163 1416/414/163 1417/415/163 1419/416/163
f 1414/417/164 1418/228/164 1417/415/164 1416/414/164
f 1415/454/165 1419/416/165 1417/415/165 1418/228/165
f 1420/455/166 1423/420/166 1424/442/166 1426/422/166
f 1421/456/167 1425/259/167 1424/442/167 1423/420/167
f 1422/424/168 1426/422/168 1424/442/168 1425/259/168
f 1427/457/169 1430/458/169 1431/427/169 1433/428/169
f 1428/459/170 1432/242/170 1431/427/170 1430/458/170
f 1429/430/171 1433/428/171 1431/427/171 1432/242/171
f 1434/460/172 1437/432/172 1438/439/172 1440/434/172
f 1435/435/173 1439/262/173 1438/439/173 1437/432/173
f 1436/461/174 1440/434/174 1438/439/174 1439/262/174
f 1399/449/175 1385/444/175 1391/380/175 1402/396/175
f 1402/401/176 1391/384/176 1387/383/176 1400/399/176
f 1386/446/206 1392/448/206 1398/251/206 1390/184/206
f 1390/190/178 1398/252/178 1394/393/178 1387/383/178
f 1393/389/179 1406/404/179 1412/407/179 1397/390/179
f 1397/394/180 1412/412/180 1408/411/180 1394/393/180
f 1407/452/181 1401/451/181 1404/208/181 1411/255/181
f 1411/255/182 1404/208/182 1400/399/182 1408/411/182
f 1427/457/183 1399/449/183 1405/450/183 1430/458/183
f 1430/458/184 1405/403/184 1401/451/184 1428/459/184
f 1406/404/185 1434/460/185 1440/434/185 1409/405/185
f 1409/410/210 1440/434/210 1436/461/210 1407/452/210
f 1435/435/187 1429/430/187 1432/242/187 1439/262/187
f 1439/262/188 1432/242/188 1428/459/188 1436/461/188
f 1413/453/189 1427/457/189 1433/428/189 1416/414/189
f 1416/414/190 1433/428/190 1429/430/190 1414/417/190
f 1434/460/191 1420/455/191 1426/422/191 1437/432/191
f 1437/432/192 1426/422/192 1422/424/192 1435/435/192
f 1421/456/193 1415/454/193 1418/228/193 1425/259/193
f 1425/259/194 1418/228/194 1414/417/194 1422/424/194
f 1385/444/195 1413/453/195 1419/416/195 1388/445/195
f 1388/447/196 1419/416/196 1415/454/196 1386/446/196
f 1420/455/197 1393/389/197 1395/392/197 1423/420/197
f 1423/420/198 1395/387/198 1392/448/198 1421/456/198
f 1399/449/145 1427/457/145 1413/453/145 1385/444/145
f 1387/383/146 1394/393/146 1408/411/146 1400/399/146
f 1415/454/147 1421/456/147 1392/448/147 1386/446/147
f 1434/460/148 1406/404/148 1393/389/148 1420/455/148
f 1401/451/149 1407/452/149 1436/461/149 1428/459/149
f 1429/430/150 1435/435/150 1422/424/150 1414/417/150
f 1441/444/151 1444/445/151 1445/379/151 1447/380/151
f 1442/446/152 1446/263/152 1445/264/152 1444/447/152
f 1443/383/153 1447/384/153 1445/385/153 1446/265/153
f 1448/448/154 1451/387/154 1452/388/154 1454/251/154
f 1449/389/155 1453/390/155 1452/391/155 1451/392/155
f 1450/393/156 1454/252/156 1452/253/156 1453/394/156
f 1455/449/157 1458/396/157 1459/397/157 1461/450/157
f 1456/399/158 1460/266/158 1459/440/158 1458/401/158
f 1457/451/159 1461/403/159 1459/440/159 1460/266/159
f 1462/404/160 1465/405/160 1466/406/160 1468/407/160
f 1463/452/161 1467/255/161 1466/437/161 1465/410/161
f 1464/411/162 1468/412/162 1466/437/162 1467/255/162
f 1469/453/163 1472/414/163 1473/441/163 1475/416/163
f 1470/417/211 1474/269/211 1473/441/211 1472/414/211
f 1471/454/165 1475/416/165 1473/441/165 1474/269/165
f 1476/455/166 1479/420/166 1480/438/166 1482/422/166
f 1477/456/167 1481/259/167 1480/438/167 1479/420/167
f 1478/424/168 1482/422/168 1480/438/168 1481/259/168
f 1483/457/169 1486/458/169 1487/443/169 1489/428/169
f 1484/459/170 1488/271/170 1487/443/170 1486/458/170
f 1485/430/171 1489/428/171 1487/443/171 1488/271/171
f 1490/460/172 1493/432/172 1494/439/172 1496/434/172
f 1491/435/173 1495/262/173 1494/439/173 1493/432/173
f 1492/461/174 1496/434/174 1494/439/174 1495/262/174
f 1455/449/175 1441/444/175 1447/380/175 1458/396/175
f 1458/401/176 1447/384/176 1443/383/176 1456/399/176
f 1442/446/206 1448/448/206 1454/251/206 1446/263/206
f 1446/265/178 1454/252/178 1450/393/178 1443/383/178
f 1449/389/179 1462/404/179 1468/407/179 1453/390/179
f 1453/394/180 1468/412/180 1464/411/180 1450/393/180
f 1463/452/181 1457/451/181 1460/266/181 1467/255/181
f 1467/255/182 1460/266/182 1456/399/182 1464/411/182
f 1483/457/183 1455/449/183 1461/450/183 1486/458/183
f 1486/458/184 1461/403/184 1457/451/184 1484/459/184
f 1462/404/185 1490/460/185 1496/434/185 1465/405/185
f 1465/410/210 1496/434/210 1492/461/210 1463/452/210
f 1491/435/187 1485/430/187 1488/271/187 1495/262/187
f 1495/262/188 1488/271/188 1484/459/188 1492/461/188
f 1469/453/189 1483/457/189 1489/428/189 1472/414/189
f 1472/414/190 1489/428/190 1485/430/190 1470/417/190
f 1490/460/191 1476/455/191 1482/422/191 1493/432/191
f 1493/432/192 1482/422/192 1478/424/192 1491/435/192
f 1477/456/193 1471/454/193 1474/269/193 1481/259/193
f 1481/259/194 1474/269/194 1470/417/194 1478/424/194
f 1441/444/195 1469/453/195 1475/416/195 1444/445/195
f 1444/447/196 1475/416/196 1471/454/196 1442/446/196
f 1476/455/197 1449/389/197 1451/392/197 1479/420/197
f 1479/420/198 1451/387/198 1448/448/198 1477/456/198
f 1455/449/145 1483/457/145 1469/453/145 1441/444/145
f 1443/383/146 1450/393/146 1464/411/146 1456/399/146
f 1471/454/147 1477/456/147 1448/448/147 1442/446/147
f 1490/460/148 1462/404/148 1449/389/148 1476/455/148
f 1457/451/149 1463/452/149 1492/461/149 1484/459/149
f 1485/430/150 1491/435/150 1478/424/150 1470/417/150
f 1497/377/151 1500/378/151 1501/379/151 1503/380/151
f 1498/381/152 1502/184/152 1501/185/152 1500/382/152
f 1499/383/153 1503/384/153 1501/385/153 1502/190/153
f 1504/386/154 1507/387/154 1508/388/154 1510/194/154
f 1505/389/155 1509/390/155 1508/391/155 1507/392/155
f 1506/393/156 1510/200/156 1508/201/156 1509/394/156
f 1511/395/157 1514/396/157 1515/397/157 1517/398/157
f 1512/399/158 1516/208/158 1515/400/158 1514/401/158
f 1513/402/159 1517/403/159 1515/400/159 1516/208/159
f 1518/404/160 1521/405/160 1522/406/160 1524/407/160
f 1519/408/161 1523/218/161 1522/409/161 1521/410/161
f 1520/411/162 1524/412/162 1522/409/162 1523/218/162
f 1525/413/163 1528/414/163 1529/415/163 1531/416/163
f 1526/417/164 1530/228/164 1529/415/164 1528/414/164
f 1527/418/165 1531/416/165 1529/415/165 1530/228/165
f 1532/419/166 1535/420/166 1536/421/166 1538/422/166
f 1533/423/167 1537/235/167 1536/421/167 1535/420/167
f 1534/424/168 1538/422/168 1536/421/168 1537/235/168
f 1539/425/169 1542/426/169 1543/427/169 1545/428/169
f 1540/429/170 1544/242/170 1543/427/170 1542/426/170
f 1541/430/171 1545/428/171 1543/427/171 1544/242/171
f 1546/431/172 1549/432/172 1550/433/172 1552/434/172
f 1547/435/173 1551/249/173 1550/433/173 1549/432/173
f 1548/436/174 1552/434/174 1550/433/174 1551/249/174
f 1511/395/175 1497/377/175 1503/380/175 1514/396/175
f 1514/401/205 1503/384/205 1499/383/205 1512/399/205
f 1498/381/206 1504/386/206 1510/194/206 1502/184/206
f 1502/190/178 1510/200/178 1506/393/178 1499/383/178
f 1505/389/179 1518/404/179 1524/407/179 1509/390/179
f 1509/394/180 1524/412/180 1520/411/180 1506/393/180
f 1519/408/181 1513/402/181 1516/208/181 1523/218/181
f 1523/218/182 1516/208/182 1512/399/182 1520/411/182
f 1539/425/183 1511/395/183 1517/398/183 1542/426/183
f 1542/426/184 1517/403/184 1513/402/184 1540/429/184
f 1518/404/185 1546/431/185 1552/434/185 1521/405/185
f 1521/410/186 1552/434/186 1548/436/186 1519/408/186
f 1547/435/187 1541/430/187 1544/242/187 1551/249/187
f 1551/249/199 1544/242/199 1540/429/199 1548/436/199
f 1525/413/189 1539/425/189 1545/428/189 1528/414/189
f 1528/414/190 1545/428/190 1541/430/190 1526/417/190
f 1546/431/191 1532/419/191 1538/422/191 1549/432/191
f 1549/432/192 1538/422/192 1534/424/192 1547/435/192
f 1533/423/193 1527/418/193 1530/228/193 1537/235/193
f 1537/235/194 1530/228/194 1526/417/194 1534/424/194
f 1497/377/195 1525/413/195 1531/416/195 1500/378/195
f 1500/382/196 1531/416/196 1527/418/196 1498/381/196
f 1532/419/197 1505/389/197 1507/392/197 1535/420/197
f 1535/420/198 1507/387/198 1504/386/198 1533/423/198
f 1511/395/145 1539/425/145 1525/413/145 1497/377/145
f 1499/383/146 1506/393/146 1520/411/146 1512/399/146
f 1527/418/147 1533/423/147 1504/386/147 1498/381/147
f 1546/431/148 1518/404/148 1505/389/148 1532/419/148
f 1513/402/149 1519/408/149 1548/436/149 1540/429/149
f 1541/430/150 1547/435/150 1534/424/150 1526/417/150
f 1553/377/151 1556/378/151 1557/379/151 1559/380/151
f 1554/381/152 1558/184/152 1557/185/152 1556/382/152
f 1555/383/153 1559/384/153 1557/385/153 1558/190/153
f 1560/386/154 1563/387/154 1564/388/154 1566/251/154
f 1561/389/155 1565/390/155 1564/391/155 1563/392/155
f 1562/393/156 1566/252/156 1564/253/156 1565/394/156
f 1567/395/157 1570/396/157 1571/397/157 1573/398/157
f 1568/399/158 1572/254/158 1571/400/158 1570/401/158
f 1569/402/159 1573/403/159 1571/400/159 1572/254/159
f 1574/404/160 1577/405/160 1578/406/160 1580/407/160
f 1575/408/161 1579/255/161 1578/437/161 1577/410/161
f 1576/411/162 1580/412/162 1578/437/162 1579/255/162
f 1581/413/163 1584/414/163 1585/415/163 1587/416/163
f 1582/417/164 1586/228/164 1585/415/164 1584/414/164
f 1583/418/165 1587/416/165 1585/415/165 1586/228/165
f 1588/419/166 1591/420/166 1592/438/166 1594/422/166
f 1589/423/167 1593/259/167 1592/438/167 1591/420/167
f 1590/424/168 1594/422/168 1592/438/168 1593/259/168
f 1595/425/169 1598/426/169 1599/427/169 1601/428/169
f 1596/429/170 1600/242/170 1599/427/170 1598/426/170
f 1597/430/171 1601/428/171 1599/427/171 1600/242/171
f 1602/431/172 1605/432/172 1606/439/172 1608/434/172
f 1603/435/173 1607/262/173 1606/439/173 1605/432/173
f 1604/436/174 1608/434/174 1606/439/174 1607/262/174
f 1567/395/175 1553/377/175 1559/380/175 1570/396/175
f 1570/401/176 1559/384/176 1555/383/176 1568/399/176
f 1554/381/206 1560/386/206 1566/251/206 1558/184/206
f 1558/190/178 1566/252/178 1562/393/178 1555/383/178
f 1561/389/179 1574/404/179 1580/407/179 1565/390/179
f 1565/394/180 1580/412/180 1576/411/180 1562/393/180
f 1575/408/181 1569/402/181 1572/254/181 1579/255/181
f 1579/255/182 1572/254/182 1568/399/182 1576/411/182
f 1595/425/183 1567/395/183 1573/398/183 1598/426/183
f 1598/426/184 1573/403/184 1569/402/184 1596/429/184
f 1574/404/185 1602/431/185 1608/434/185 1577/405/185
f 1577/410/186 1608/434/186 1604/436/186 1575/408/186
f 1603/435/187 1597/430/187 1600/242/187 1607/262/187
f 1607/262/199 1600/242/199 1596/429/199 1604/436/199
f 1581/413/189 1595/425/189 1601/428/189 1584/414/189
f 1584/414/190 1601/428/190 1597/430/190 1582/417/190
f 1602/431/191 1588/419/191 1594/422/191 1605/432/191
f 1605/432/192 1594/422/192 1590/424/192 1603/435/192
f 1589/423/193 1583/418/193 1586/228/193 1593/259/193
f 1593/259/194 1586/228/194 1582/417/194 1590/424/194
f 1553/377/195 1581/413/195 1587/416/195 1556/378/195
f 1556/382/196 1587/416/196 1583/418/196 1554/381/196
f 1588/419/197 1561/389/197 1563/392/197 1591/420/197
f 1591/420/198 1563/387/198 1560/386/198 1589/423/198
f 1567/395/145 1595/425/145 1581/413/145 1553/377/145
f 1555/383/146 1562/393/146 1576/411/146 1568/399/146
f 1583/418/147 1589/423/147 1560/386/147 1554/381/147
f 1602/431/148 1574/404/148 1561/389/148 1588/419/148
f 1569/402/149 1575/408/149 1604/436/149 1596/429/149
f 1597/430/150 1603/435/150 1590/424/150 1582/417/150
f 1609/377/151 1612/378/151 1613/379/151 1615/380/151
f 1610/381/152 1614/263/152 1613/264/152 1612/382/152
f 1611/383/153 1615/384/153 1613/385/153 1614/265/153
f 1616/386/154 1619/387/154 1620/388/154 1622/251/154
f 1617/389/155 1621/390/155 1620/391/155 1619/392/155
f 1618/393/208 1622/252/208 1620/253/208 1621/394/208
f 1623/395/157 1626/396/157 1627/397/157 1629/398/157
f 1624/399/158 1628/266/158 1627/440/158 1626/401/158
f 1625/402/159 1629/403/159 1627/440/159 1628/266/159
f 1630/404/160 1633/405/160 1634/406/160 1636/407/160
f 1631/408/161 1635/255/161 1634/437/161 1633/410/161
f 1632/411/162 1636/412/162 1634/437/162 1635/255/162
f 1637/413/163 1640/414/163 1641/441/163 1643/416/163
f 1638/417/164 1642/269/164 1641/441/164 1640/414/164
f 1639/418/165 1643/416/165 1641/441/165 1642/269/165
f 1644/419/166 1647/420/166 1648/442/166 1650/422/166
f 1645/423/167 1649/259/167 1648/442/167 1647/420/167
f 1646/424/168 1650/422/168 1648/442/168 1649/259/168
f 1651/425/169 1654/426/169 1655/443/169 1657/428/169
f 1652/429/170 1656/271/170 1655/443/170 1654/426/170
f 1653/430/171 1657/428/171 1655/443/171 1656/271/171
f 1658/431/172 1661/432/172 1662/439/172 1664/434/172
f 1659/435/173 1663/262/173 1662/439/173 1661/432/173
f 1660/436/174 1664/434/174 1662/439/174 1663/262/174
f 1623/395/175 1609/377/175 1615/380/175 1626/396/175
f 1626/401/176 1615/384/176 1611/383/176 1624/399/176
f 1610/381/206 1616/386/206 1622/251/206 1614/263/206
f 1614/265/178 1622/252/178 1618/393/178 1611/383/178
f 1617/389/179 1630/404/179 1636/407/179 1621/390/179
f 1621/394/180 1636/412/180 1632/411/180 1618/393/180
f 1631/408/181 1625/402/181 1628/266/181 1635/255/181
f 1635/255/182 1628/266/182 1624/399/182 1632/411/182
f 1651/425/183 1623/395/183 1629/398/183 1654/426/183
f 1654/426/184 1629/403/184 1625/402/184 1652/429/184
f 1630/404/185 1658/431/185 1664/434/185 1633/405/185
f 1633/410/186 1664/434/186 1660/436/186 1631/408/186
f 1659/435/187 1653/430/187 1656/271/187 1663/262/187
f 1663/262/199 1656/271/199 1652/429/199 1660/436/199
f 1637/413/189 1651/425/189 1657/428/189 1640/414/189
f 1640/414/190 1657/428/190 1653/430/190 1638/417/190
f 1658/431/191 1644/419/191 1650/422/191 1661/432/191
f 1661/432/192 1650/422/192 1646/424/192 1659/435/192
f 1645/423/193 1639/418/193 1642/269/193 1649/259/193
f 1649/259/194 1642/269/194 1638/417/194 1646/424/194
f 1609/377/195 1637/413/195 1643/416/195 1612/378/195
f 1612/382/196 1643/416/196 1639/418/196 1610/381/196
f 1644/419/197 1617/389/197 1619/392/197 1647/420/197
f 1647/420/198 1619/387/198 1616/386/198 1645/423/198
f 1623/395/145 1651/425/145 1637/413/145 1609/377/145
f 1611/383/146 1618/393/146 1632/411/146 1624/399/146
f 1639/418/147 1645/423/147 1616/386/147 1610/381/147
f 1658/431/148 1630/404/148 1617/389/148 1644/419/148
f 1625/402/149 1631/408/149 1660/436/149 1652/429/149
f 1653/430/150 1659/435/150 1646/424/150 1638/417/150
f 1665/462/151 1668/378/151 1669/379/151 1671/182/151
f 1666/463/152 1670/464/152 1669/465/152 1668/382/152
f 1667/466/153 1671/188/153 1669/189/153 1670/467/153
f 1672/468/154 1675/387/154 1676/388/154 1678/469/154
f 1673/470/155 1677/196/155 1676/197/155 1675/392/155
f 1674/471/156 1678/472/156 1676/473/156 1677/202/156
f 1679/474/157 1682/204/157 1683/205/157 1685/398/157
f 1680/475/158 1684/476/158 1683/477/158 1682/210/158
f 1681/478/159 1685/403/159 1683/477/159 1684/476/159
f 1686/479/160 1689/405/160 1690/406/160 1692/216/160
f 1687/480/161 1691/481/161 1690/482/161 1689/410/161
f 1688/483/162 1692/222/162 1690/482/162 1691/481/162
f 1693/484/163 1696/224/163 1697/485/163 1699/416/163
f 1694/486/164 1698/487/164 1697/485/164 1696/224/164
f 1695/488/165 1699/416/165 1697/485/165 1698/487/165
f 1700/489/166 1703/420/166 1704/490/166 1706/233/166
f 1701/491/167 1705/492/167 1704/490/167 1703/420/167
f 1702/493/168 1706/233/168 1704/490/168 1705/492/168
f 1707/494/169 1710/426/169 1711/495/169 1713/240/169
f 1708/496/170 1712/497/170 1711/495/170 1710/426/170
f 1709/498/171 1713/240/171 1711/495/171 1712/497/171
f 1714/499/172 1717/245/172 1718/500/172 1720/434/172
f 1715/501/173 1719/502/173 1718/500/173 1717/245/173
f 1716/503/174 1720/434/174 1718/500/174 1719/502/174
f 1679/474/175 1665/462/175 1671/182/175 1682/204/175
f 1682/210/176 1671/188/176 1667/466/176 1680/475/176
f 1666/463/177 1672/468/177 1678/469/177 1670/464/177
f 1670/467/178 1678/472/178 1674/471/178 1667/466/178
f 1673/470/179 1686/479/179 1692/216/179 1677/196/179
f 1677/202/180 1692/222/180 1688/483/180 1674/471/180
f 1687/480/181 1681/478/181 1684/476/181 1691/481/181
f 1691/481/182 1684/476/182 1680/475/182 1688/483/182
f 1707/494/183 1679/474/183 1685/398/183 1710/426/183
f 1710/426/184 1685/403/184 1681/478/184 1708/496/184
f 1686/479/185 1714/499/185 1720/434/185 1689/405/185
f 1689/410/186 1720/434/186 1716/503/186 1687/480/186
f 1715/501/187 1709/498/187 1712/497/187 1719/502/187
f 1719/502/199 1712/497/199 1708/496/199 1716/503/199
f 1693/484/189 1707/494/189 1713/240/189 1696/224/189
f 1696/224/190 1713/240/190 1709/498/190 1694/486/190
f 1714/499/191 1700/489/191 1706/233/191 1717/245/191
f 1717/245/192 1706/233/192 1702/493/192 1715/501/192
f 1701/491/193 1695/488/193 1698/487/193 1705/492/193
f 1705/492/200 1698/487/200 1694/486/200 1702/493/200
f 1665/462/195 1693/484/195 1699/416/195 1668/378/195
f 1668/382/196 1699/416/196 1695/488/196 1666/463/196
f 1700/489/197 1673/470/197 1675/392/197 1703/420/197
f 1703/420/198 1675/387/198 1672/468/198 1701/491/198
f 1679/474/145 1707/494/145 1693/484/145 1665/462/145
f 1667/466/146 1674/471/146 1688/483/146 1680/475/146
f 1695/488/147 1701/491/147 1672/468/147 1666/463/147
f 1714/499/148 1686/479/148 1673/470/148 1700/489/148
f 1681/478/149 1687/480/149 1716/503/149 1708/496/149
f 1709/498/150 1715/501/150 1702/493/150 1694/486/150
f 1721/504/151 1724/378/151 1725/379/151 1727/182/151
f 1722/463/152 1726/464/152 1725/465/152 1724/382/152
f 1723/505/153 1727/273/153 1725/189/153 1726/467/153
f 1728/468/154 1731/387/154 1732/388/154 1734/469/154
f 1729/506/155 1733/196/155 1732/197/155 1731/392/155
f 1730/507/156 1734/472/156 1732/473/156 1733/276/156
f 1735/508/157 1738/204/157 1739/205/157 1741/398/157
f 1736/509/158 1740/476/158 1739/477/158 1738/279/158
f 1737/478/212 1741/403/212 1739/477/212 1740/476/212
f 1742/479/160 1745/405/160 1746/406/160 1748/216/160
f 1743/480/161 1747/481/161 1746/482/161 1745/410/161
f 1744/510/162 1748/282/162 1746/482/162 1747/481/162
f 1749/511/163 1752/224/163 1753/485/163 1755/416/163
f 1750/512/164 1754/487/164 1753/485/164 1752/224/164
f 1751/488/165 1755/416/165 1753/485/165 1754/487/165
f 1756/513/166 1759/420/166 1760/514/166 1762/233/166
f 1757/491/167 1761/492/167 1760/514/167 1759/420/167
f 1758/493/168 1762/233/168 1760/514/168 1761/492/168
f 1763/494/169 1766/426/169 1767/495/169 1769/240/169
f 1764/496/170 1768/497/170 1767/495/170 1766/426/170
f 1765/515/171 1769/240/171 1767/495/171 1768/497/171
f 1770/516/172 1773/245/172 1774/500/172 1776/434/172
f 1771/517/173 1775/502/173 1774/500/173 1773/245/173
f 1772/503/174 1776/434/174 1774/500/174 1775/502/174
f 1735/508/175 1721/504/175 1727/182/175 1738/204/175
f 1738/279/176 1727/273/176 1723/505/176 1736/509/176
f 1722/463/177 1728/468/177 1734/469/177 1726/464/177
f 1726/467/178 1734/472/178 1730/507/178 1723/505/178
f 1729/506/179 1742/479/179 1748/216/179 1733/196/179
f 1733/276/180 1748/282/180 1744/510/180 1730/507/180
f 1743/480/181 1737/478/181 1740/476/181 1747/481/181
f 1747/481/182 1740/476/182 1736/509/182 1744/510/182
f 1763/494/183 1735/508/183 1741/398/183 1766/426/183
f 1766/426/184 1741/403/184 1737/478/184 1764/496/184
f 1742/479/185 1770/516/185 1776/434/185 1745/405/185
f 1745/410/186 1776/434/186 1772/503/186 1743/480/186
f 1771/517/187 1765/515/187 1768/497/187 1775/502/187
f 1775/502/188 1768/497/188 1764/496/188 1772/503/188
f 1749/511/189 1763/494/189 1769/240/189 1752/224/189
f 1752/224/190 1769/240/190 1765/515/190 1750/512/190
f 1770/516/191 1756/513/191 1762/233/191 1773/245/191
f 1773/245/192 1762/233/192 1758/493/192 1771/517/192
f 1757/491/193 1751/488/193 1754/487/193 1761/492/193
f 1761/492/194 1754/487/194 1750/512/194 1758/493/194
f 1721/504/195 1749/511/195 1755/416/195 1724/378/195
f 1724/382/196 1755/416/196 1751/488/196 1722/463/196
f 1756/513/197 1729/506/197 1731/392/197 1759/420/197
f 1759/420/198 1731/387/198 1728/468/198 1757/491/198
f 1735/508/145 1763/494/145 1749/511/145 1721/504/145
f 1723/505/146 1730/507/146 1744/510/146 1736/509/146
f 1751/488/147 1757/491/147 1728/468/147 1722/463/147
f 1770/516/148 1742/479/148 1729/506/148 1756/513/148
f 1737/478/149 1743/480/149 1772/503/149 1764/496/149
f 1765/515/150 1771/517/150 1758/493/150 1750/512/150
f 1777/518/151 1780/378/151 1781/379/151 1783/182/151
f 1778/463/152 1782/464/152 1781/465/152 1780/382/152
f 1779/519/153 1783/292/153 1781/293/153 1782/467/153
f 1784/468/154 1787/387/154 1788/388/154 1790/469/154
f 1785/506/155 1789/295/155 1788/296/155 1787/392/155
f 1786/520/156 1790/472/156 1788/473/156 1789/298/156
f 1791/521/157 1794/300/157 1795/205/157 1797/398/157
f 1792/522/158 1796/476/158 1795/477/158 1794/302/158
f 1793/478/159 1797/403/159 1795/477/159 1796/476/159
f 1798/523/160 1801/405/160 1802/406/160 1804/304/160
f 1799/480/161 1803/481/161 1802/524/161 1801/410/161
f 1800/525/162 1804/307/162 1802/524/162 1803/481/162
f 1805/526/163 1808/309/163 1809/485/163 1811/416/163
f 1806/527/164 1810/487/164 1809/485/164 1808/309/164
f 1807/488/165 1811/416/165 1809/485/165 1810/487/165
f 1812/528/166 1815/420/166 1816/490/166 1818/312/166
f 1813/491/167 1817/492/167 1816/490/167 1815/420/167
f 1814/493/168 1818/312/168 1816/490/168 1817/492/168
f 1819/529/169 1822/426/169 1823/495/169 1825/315/169
f 1820/496/170 1824/497/170 1823/495/170 1822/426/170
f 1821/530/171 1825/315/171 1823/495/171 1824/497/171
f 1826/531/172 1829/321/172 1830/500/172 1832/434/172
f 1827/532/173 1831/502/173 1830/500/173 1829/321/173
f 1828/503/174 1832/434/174 1830/500/174 1831/502/174
f 1791/521/175 1777/518/175 1783/182/175 1794/300/175
f 1794/302/176 1783/292/176 1779/519/176 1792/522/176
f 1778/463/177 1784/468/177 1790/469/177 1782/464/177
f 1782/467/178 1790/472/178 1786/520/178 1779/519/178
f 1785/506/179 1798/523/179 1804/304/179 1789/295/179
f 1789/298/180 1804/307/180 1800/525/180 1786/520/180
f 1799/480/181 1793/478/181 1796/476/181 1803/481/181
f 1803/481/182 1796/476/182 1792/522/182 1800/525/182
f 1819/529/183 1791/521/183 1797/398/183 1822/426/183
f 1822/426/184 1797/403/184 1793/478/184 1820/496/184
f 1798/523/185 1826/531/185 1832/434/185 1801/405/185
f 1801/410/186 1832/434/186 1828/503/186 1799/480/186
f 1827/532/187 1821/530/187 1824/497/187 1831/502/187
f 1831/502/188 1824/497/188 1820/496/188 1828/503/188
f 1805/526/189 1819/529/189 1825/315/189 1808/309/189
f 1808/309/190 1825/315/190 1821/530/190 1806/527/190
f 1826/531/191 1812/528/191 1818/312/191 1829/321/191
f 1829/321/192 1818/312/192 1814/493/192 1827/532/192
f 1813/491/193 1807/488/193 1810/487/193 1817/492/193
f 1817/492/194 1810/487/194 1806/527/194 1814/493/194
f 1777/518/195 1805/526/195 1811/416/195 1780/378/195
f 1780/382/196 1811/416/196 1807/488/196 1778/463/196
f 1812/528/197 1785/506/197 1787/392/197 1815/420/197
f 1815/420/198 1787/387/198 1784/468/198 1813/491/198
f 1791/521/145 1819/529/145 1805/526/145 1777/518/145
f 1779/519/146 1786/520/146 1800/525/146 1792/522/146
f 1807/488/147 1813/491/147 1784/468/147 1778/463/147
f 1826/531/148 1798/523/148 1785/506/148 1812/528/148
f 1793/478/149 1799/480/149 1828/503/149 1820/496/149
f 1821/530/150 1827/532/150 1814/493/150 1806/527/150
f 1833/533/151 1836/445/151 1837/379/151 1839/182/151
f 1834/534/152 1838/464/152 1837/465/152 1836/447/152
f 1835/466/153 1839/188/153 1837/189/153 1838/467/153
f 1840/535/154 1843/387/154 1844/388/154 1846/469/154
f 1841/536/155 1845/196/155 1844/197/155 1843/392/155
f 1842/471/156 1846/472/156 1844/473/156 1845/202/156
f 1847/537/157 1850/204/157 1851/205/157 1853/450/157
f 1848/475/158 1852/476/158 1851/477/158 1850/210/158
f 1849/538/159 1853/403/159 1851/477/159 1852/476/159
f 1854/479/160 1857/405/160 1858/406/160 1860/216/160
f 1855/539/161 1859/481/161 1858/482/161 1857/410/161
f 1856/483/162 1860/222/162 1858/482/162 1859/481/162
f 1861/540/163 1864/224/163 1865/485/163 1867/416/163
f 1862/486/164 1866/487/164 1865/485/164 1864/224/164
f 1863/541/165 1867/416/165 1865/485/165 1866/487/165
f 1868/542/166 1871/420/166 1872/514/166 1874/233/166
f 1869/543/167 1873/492/167 1872/514/167 1871/420/167
f 1870/493/168 1874/233/168 1872/514/168 1873/492/168
f 1875/544/169 1878/458/169 1879/495/169 1881/240/169
f 1876/545/170 1880/497/170 1879/495/170 1878/458/170
f 1877/498/171 1881/240/171 1879/495/171 1880/497/171
f 1882/546/172 1885/245/172 1886/500/172 1888/434/172
f 1883/501/173 1887/502/173 1886/500/173 1885/245/173
f 1884/547/174 1888/434/174 1886/500/174 1887/502/174
f 1847/537/175 1833/533/175 1839/182/175 1850/204/175
f 1850/210/176 1839/188/176 1835/466/176 1848/475/176
f 1834/534/177 1840/535/177 1846/469/177 1838/464/177
f 1838/467/178 1846/472/178 1842/471/178 1835/466/178
f 1841/536/179 1854/479/179 1860/216/179 1845/196/179
f 1845/202/180 1860/222/180 1856/483/180 1842/471/180
f 1855/539/181 1849/538/181 1852/476/181 1859/481/181
f 1859/481/182 1852/476/182 1848/475/182 1856/483/182
f 1875/544/183 1847/537/183 1853/450/183 1878/458/183
f 1878/458/184 1853/403/184 1849/538/184 1876/545/184
f 1854/479/185 1882/546/185 1888/434/185 1857/405/185
f 1857/410/186 1888/434/186 1884/547/186 1855/539/186
f 1883/501/187 1877/498/187 1880/497/187 1887/502/187
f 1887/502/199 1880/497/199 1876/545/199 1884/547/199
f 1861/540/189 1875/544/189 1881/240/189 1864/224/189
f 1864/224/190 1881/240/190 1877/498/190 1862/486/190
f 1882/546/191 1868/542/191 1874/233/191 1885/245/191
f 1885/245/192 1874/233/192 1870/493/192 1883/501/192
f 1869/543/193 1863/541/193 1866/487/193 1873/492/193
f 1873/492/200 1866/487/200 1862/486/200 1870/493/200
f 1833/533/195 1861/540/195 1867/416/195 1836/445/195
f 1836/447/196 1867/416/196 1863/541/196 1834/534/196
f 1868/542/197 1841/536/197 1843/392/197 1871/420/197
f 1871/420/198 1843/387/198 1840/535/198 1869/543/198
f 1847/537/145 1875/544/145 1861/540/145 1833/533/145
f 1835/466/146 1842/471/146 1856/483/146 1848/475/146
f 1863/541/147 1869/543/147 1840/535/147 1834/534/147
f 1882/546/148 1854/479/148 1841/536/148 1868/542/148
f 1849/538/149 1855/539/149 1884/547/149 1876/545/149
f 1877/498/150 1883/501/150 1870/493/150 1862/486/150
f 1889/548/151 1892/445/151 1893/379/151 1895/182/151
f 1890/534/152 1894/464/152 1893/465/152 1892/447/152
f 1891/505/153 1895/273/153 1893/189/153 1894/467/153
f 1896/535/154 1899/387/154 1900/388/154 1902/469/154
f 1897/506/155 1901/196/155 1900/197/155 1899/392/155
f 1898/507/156 1902/472/156 1900/473/156 1901/276/156
f 1903/537/157 1906/204/157 1907/205/157 1909/450/157
f 1904/509/158 1908/476/158 1907/477/158 1906/279/158
f 1905/538/159 1909/403/159 1907/477/159 1908/476/159
f 1910/479/160 1913/405/160 1914/406/160 1916/216/160
f 1911/539/161 1915/481/161 1914/482/161 1913/410/161
f 1912/510/162 1916/282/162 1914/482/162 1915/481/162
f 1917/549/163 1920/224/163 1921/485/163 1923/416/163
f 1918/512/164 1922/487/164 1921/485/164 1920/224/164
f 1919/541/165 1923/416/165 1921/485/165 1922/487/165
f 1924/550/166 1927/420/166 1928/490/166 1930/233/166
f 1925/543/167 1929/492/167 1928/490/167 1927/420/167
f 1926/493/168 1930/233/168 1928/490/168 1929/492/168
f 1931/544/169 1934/458/169 1935/495/169 1937/240/169
f 1932/545/170 1936/497/170 1935/495/170 1934/458/170
f 1933/515/171 1937/240/171 1935/495/171 1936/497/171
f 1938/499/172 1941/245/172 1942/500/172 1944/434/172
f 1939/517/173 1943/502/173 1942/500/173 1941/245/173
f 1940/547/174 1944/434/174 1942/500/174 1943/502/174
f 1903/537/175 1889/548/175 1895/182/175 1906/204/175
f 1906/279/176 1895/273/176 1891/505/176 1904/509/176
f 1890/534/177 1896/535/177 1902/469/177 1894/464/177
f 1894/467/178 1902/472/178 1898/507/178 1891/505/178
f 1897/506/179 1910/479/179 1916/216/179 1901/196/179
f 1901/276/180 1916/282/180 1912/510/180 1898/507/180
f 1911/539/181 1905/538/181 1908/476/181 1915/481/181
f 1915/481/182 1908/476/182 1904/509/182 1912/510/182
f 1931/544/183 1903/537/183 1909/450/183 1934/458/183
f 1934/458/184 1909/403/184 1905/538/184 1932/545/184
f 1910/479/185 1938/499/185 1944/434/185 1913/405/185
f 1913/410/186 1944/434/186 1940/547/186 1911/539/186
f 1939/517/187 1933/515/187 1936/497/187 1943/502/187
f 1943/502/188 1936/497/188 1932/545/188 1940/547/188
f 1917/549/189 1931/544/189 1937/240/189 1920/224/189
f 1920/224/190 1937/240/190 1933/515/190 1918/512/190
f 1938/499/191 1924/550/191 1930/233/191 1941/245/191
f 1941/245/192 1930/233/192 1926/493/192 1939/517/192
f 1925/543/193 1919/541/193 1922/487/193 1929/492/193
f 1929/492/194 1922/487/194 1918/512/194 1926/493/194
f 1889/548/195 1917/549/195 1923/416/195 1892/445/195
f 1892/447/196 1923/416/196 1919/541/196 1890/534/196
f 1924/550/197 1897/506/197 1899/392/197 1927/420/197
f 1927/420/198 1899/387/198 1896/535/198 1925/543/198
f 1903/537/145 1931/544/145 1917/549/145 1889/548/145
f 1891/505/146 1898/507/146 1912/510/146 1904/509/146
f 1919/541/147 1925/543/147 1896/535/147 1890/534/147
f 1938/499/148 1910/479/148 1897/506/148 1924/550/148
f 1905/538/149 1911/539/149 1940/547/149 1932/545/149
f 1933/515/150 1939/517/150 1926/493/150 1918/512/150
f 1945/551/151 1948/445/151 1949/379/151 1951/182/151
f 1946/534/152 1950/464/152 1949/465/152 1948/447/152
f 1947/519/153 1951/292/153 1949/293/153 1950/467/153
f 1952/535/154 1955/387/154 1956/388/154 1958/469/154
f 1953/552/155 1957/295/155 1956/296/155 1955/392/155
f 1954/520/156 1958/472/156 1956/473/156 1957/298/156
f 1959/553/157 1962/300/157 1963/205/157 1965/450/157
f 1960/522/158 1964/476/158 1963/477/158 1962/302/158
f 1961/538/212 1965/403/212 1963/477/212 1964/476/212
f 1966/554/160 1969/405/160 1970/406/160 1972/304/160
f 1967/539/213 1971/481/213 1970/524/213 1969/410/213
f 1968/525/162 1972/307/162 1970/524/162 1971/481/162
f 1973/555/163 1976/309/163 1977/485/163 1979/416/163
f 1974/527/164 1978/487/164 1977/485/164 1976/309/164
f 1975/541/165 1979/416/165 1977/485/165 1978/487/165
f 1980/556/166 1983/420/166 1984/514/166 1986/312/166
f 1981/543/167 1985/492/167 1984/514/167 1983/420/167
f 1982/493/168 1986/312/168 1984/514/168 1985/492/168
f 1987/557/169 1990/458/169 1991/495/169 1993/315/169
f 1988/545/214 1992/497/214 1991/495/214 1990/458/214
f 1989/530/171 1993/315/171 1991/495/171 1992/497/171
f 1994/558/172 1997/318/172 1998/500/172 2000/434/172
f 1995/532/173 1999/502/173 1998/500/173 1997/318/173
f 1996/547/215 2000/434/215 1998/500/215 1999/502/215
f 1959/553/175 1945/551/175 1951/182/175 1962/300/175
f 1962/302/176 1951/292/176 1947/519/176 1960/522/176
f 1946/534/177 1952/535/177 1958/469/177 1950/464/177
f 1950/467/178 1958/472/178 1954/520/178 1947/519/178
f 1953/552/179 1966/554/179 1972/304/179 1957/295/179
f 1957/298/180 1972/307/180 1968/525/180 1954/520/180
f 1967/539/181 1961/538/181 1964/476/181 1971/481/181
f 1971/481/182 1964/476/182 1960/522/182 1968/525/182
f 1987/557/183 1959/553/183 1965/450/183 1990/458/183
f 1990/458/209 1965/403/209 1961/538/209 1988/545/209
f 1966/554/185 1994/558/185 2000/434/185 1969/405/185
f 1969/410/210 2000/434/210 1996/547/210 1967/539/210
f 1995/532/187 1989/530/187 1992/497/187 1999/502/187
f 1999/502/188 1992/497/188 1988/545/188 1996/547/188
f 1973/555/189 1987/557/189 1993/315/189 1976/309/189
f 1976/309/190 1993/315/190 1989/530/190 1974/527/190
f 1994/558/191 1980/556/191 1986/312/191 1997/318/191
f 1997/318/192 1986/312/192 1982/493/192 1995/532/192
f 1981/543/193 1975/541/193 1978/487/193 1985/492/193
f 1985/492/194 1978/487/194 1974/527/194 1982/493/194
f 1945/551/195 1973/555/195 1979/416/195 1948/445/195
f 1948/447/196 1979/416/196 1975/541/196 1946/534/196
f 1980/556/197 1953/552/197 1955/392/197 1983/420/197
f 1983/420/198 1955/387/198 1952/535/198 1981/543/198
f 1959/553/145 1987/557/145 1973/555/145 1945/551/145
f 1947/519/146 1954/520/146 1968/525/146 1960/522/146
f 1975/541/147 1981/543/147 1952/535/147 1946/534/147
f 1994/558/148 1966/554/148 1953/552/148 1980/556/148
f 1961/538/149 1967/539/149 1996/547/149 1988/545/149
f 1989/530/150 1995/532/150 1982/493/150 1974/527/150
f 2001/462/151 2004/378/151 2005/379/151 2007/182/151
f 2002/463/152 2006/464/152 2005/465/152 2004/382/152
f 2003/466/153 2007/188/153 2005/189/153 2006/467/153
f 2008/468/154 2011/387/154 2012/388/154 2014/469/154
f 2009/470/155 2013/196/155 2012/197/155 2011/392/155
f 2010/471/156 2014/472/156 2012/473/156 2013/202/156
f 2015/474/157 2018/204/157 2019/205/157 2021/398/157
f 2016/475/158 2020/476/158 2019/477/158 2018/210/158
f 2017/478/159 2021/403/159 2019/477/159 2020/476/159
f 2022/479/160 2025/405/160 2026/406/160 2028/216/160
f 2023/480/161 2027/481/161 2026/482/161 2025/410/161
f 2024/483/162 2028/222/162 2026/482/162 2027/481/162
f 2029/484/163 2032/224/163 2033/485/163 2035/416/163
f 2030/486/164 2034/487/164 2033/485/164 2032/224/164
f 2031/488/165 2035/416/165 2033/485/165 2034/487/165
f 2036/489/166 2039/420/166 2040/490/166 2042/233/166
f 2037/491/167 2041/492/167 2040/490/167 2039/420/167
f 2038/493/168 2042/233/168 2040/490/168 2041/492/168
f 2043/494/169 2046/426/169 2047/495/169 2049/240/169
f 2044/496/170 2048/497/170 2047/495/170 2046/426/170
f 2045/498/171 2049/240/171 2047/495/171 2048/497/171
f 2050/499/172 2053/245/172 2054/500/172 2056/434/172
f 2051/501/173 2055/502/173 2054/500/173 2053/245/173
f 2052/503/174 2056/434/174 2054/500/174 2055/502/174
f 2015/474/175 2001/462/175 2007/182/175 2018/204/175
f 2018/210/176 2007/188/176 2003/466/176 2016/475/176
f 2002/463/177 2008/468/177 2014/469/177 2006/464/177
f 2006/467/178 2014/472/178 2010/471/178 2003/466/178
f 2009/470/179 2022/479/179 2028/216/179 2013/196/179
f 2013/202/180 2028/222/180 2024/483/180 2010/471/180
f 2023/480/181 2017/478/181 2020/476/181 2027/481/181
f 2027/481/182 2020/476/182 2016/475/182 2024/483/182
f 2043/494/183 2015/474/183 2021/398/183 2046/426/183
f 2046/426/184 2021/403/184 2017/478/184 2044/496/184
f 2022/479/185 2050/499/185 2056/434/185 2025/405/185
f 2025/410/186 2056/434/186 2052/503/186 2023/480/186
f 2051/501/187 2045/498/187 2048/497/187 2055/502/187
f 2055/502/199 2048/497/199 2044/496/199 2052/503/199
f 2029/484/189 2043/494/189 2049/240/189 2032/224/189
f 2032/224/190 2049/240/190 2045/498/190 2030/486/190
f 2050/499/191 2036/489/191 2042/233/191 2053/245/191
f 2053/245/192 2042/233/192 2038/493/192 2051/501/192
f 2037/491/193 2031/488/193 2034/487/193 2041/492/193
f 2041/492/200 2034/487/200 2030/486/200 2038/493/200
f 2001/462/195 2029/484/195 2035/416/195 2004/378/195
f 2004/382/196 2035/416/196 2031/488/196 2002/463/196
f 2036/489/197 2009/470/197 2011/392/197 2039/420/197
f 2039/420/198 2011/387/198 2008/468/198 2037/491/198
f 2015/474/145 2043/494/145 2029/484/145 2001/462/145
f 2003/466/146 2010/471/146 2024/483/146 2016/475/146
f 2031/488/147 2037/491/147 2008/468/147 2002/463/147
f 2050/499/148 2022/479/148 2009/470/148 2036/489/148
f 2017/478/149 2023/480/149 2052/503/149 2044/496/149
f 2045/498/150 2051/501/150 2038/493/150 2030/486/150
f 2057/504/151 2060/378/151 2061/379/151 2063/182/151
f 2058/463/152 2062/464/152 2061/465/152 2060/382/152
f 2059/505/153 2063/273/153 2061/189/153 2062/467/153
f 2064/468/154 2067/387/154 2068/388/154 2070/469/154
f 2065/506/155 2069/196/155 2068/197/155 2067/392/155
f 2066/507/156 2070/472/156 2068/473/156 2069/276/156
f 2071/508/157 2074/204/157 2075/205/157 2077/398/157
f 2072/509/158 2076/476/158 2075/477/158 2074/279/158
f 2073/478/159 2077/403/159 2075/477/159 2076/476/159
f 2078/479/160 2081/405/160 2082/406/160 2084/216/160
f 2079/480/161 2083/481/161 2082/482/161 2081/410/161
f 2080/510/162 2084/282/162 2082/482/162 2083/481/162
f 2085/511/163 2088/224/163 2089/485/163 2091/416/163
f 2086/512/164 2090/487/164 2089/485/164 2088/224/164
f 2087/488/165 2091/416/165 2089/485/165 2090/487/165
f 2092/513/166 2095/420/166 2096/514/166 2098/233/166
f 2093/491/167 2097/492/167 2096/514/167 2095/420/167
f 2094/493/168 2098/233/168 2096/514/168 2097/492/168
f 2099/494/169 2102/426/169 2103/495/169 2105/240/169
f 2100/496/170 2104/497/170 2103/495/170 2102/426/170
f 2101/515/171 2105/240/171 2103/495/171 2104/497/171
f 2106/516/172 2109/245/172 2110/500/172 2112/434/172
f 2107/517/173 2111/502/173 2110/500/173 2109/245/173
f 2108/503/174 2112/434/174 2110/500/174 2111/502/174
f 2071/508/175 2057/504/175 2063/182/175 2074/204/175
f 2074/279/176 2063/273/176 2059/505/176 2072/509/176
f 2058/463/177 2064/468/177 2070/469/177 2062/464/177
f 2062/467/178 2070/472/178 2066/507/178 2059/505/178
f 2065/506/179 2078/479/179 2084/216/179 2069/196/179
f 2069/276/180 2084/282/180 2080/510/180 2066/507/180
f 2079/480/181 2073/478/181 2076/476/181 2083/481/181
f 2083/481/182 2076/476/182 2072/509/182 2080/510/182
f 2099/494/183 2071/508/183 2077/398/183 2102/426/183
f 2102/426/184 2077/403/184 2073/478/184 2100/496/184
f 2078/479/185 2106/516/185 2112/434/185 2081/405/185
f 2081/410/186 2112/434/186 2108/503/186 2079/480/186
f 2107/517/187 2101/515/187 2104/497/187 2111/502/187
f 2111/502/188 2104/497/188 2100/496/188 2108/503/188
f 2085/511/189 2099/494/189 2105/240/189 2088/224/189
f 2088/224/190 2105/240/190 2101/515/190 2086/512/190
f 2106/516/191 2092/513/191 2098/233/191 2109/245/191
f 2109/245/192 2098/233/192 2094/493/192 2107/517/192
f 2093/491/193 2087/488/193 2090/487/193 2097/492/193
f 2097/492/194 2090/487/194 2086/512/194 2094/493/194
f 2057/504/195 2085/511/195 2091/416/195 2060/378/195
f 2060/382/196 2091/416/196 2087/488/196 2058/463/196
f 2092/513/197 2065/506/197 2067/392/197 2095/420/197
f 2095/420/198 2067/387/198 2064/468/198 2093/491/198
f 2071/508/145 2099/494/145 2085/511/145 2057/504/145
f 2059/505/146 2066/507/146 2080/510/146 2072/509/146
f 2087/488/147 2093/491/147 2064/468/147 2058/463/147
f 2106/516/148 2078/479/148 2065/506/148 2092/513/148
f 2073/478/149 2079/480/149 2108/503/149 2100/496/149
f 2101/515/150 2107/517/150 2094/493/150 2086/512/150
f 2113/518/151 2116/378/151 2117/379/151 2119/182/151
f 2114/463/152 2118/464/152 2117/465/152 2116/382/152
f 2115/519/153 2119/292/153 2117/293/153 2118/467/153
f 2120/468/154 2123/387/154 2124/388/154 2126/469/154
f 2121/506/155 2125/295/155 2124/296/155 2123/392/155
f 2122/520/156 2126/472/156 2124/473/156 2125/298/156
f 2127/521/157 2130/300/157 2131/205/157 2133/398/157
f 2128/522/158 2132/476/158 2131/477/158 2130/302/158
f 2129/478/159 2133/403/159 2131/477/159 2132/476/159
f 2134/523/160 2137/405/160 2138/406/160 2140/304/160
f 2135/480/161 2139/481/161 2138/524/161 2137/410/161
f 2136/525/162 2140/307/162 2138/524/162 2139/481/162
f 2141/526/163 2144/309/163 2145/485/163 2147/416/163
f 2142/527/164 2146/487/164 2145/485/164 2144/309/164
f 2143/488/165 2147/416/165 2145/485/165 2146/487/165
f 2148/528/166 2151/420/166 2152/490/166 2154/312/166
f 2149/491/167 2153/492/167 2152/490/167 2151/420/167
f 2150/493/168 2154/312/168 2152/490/168 2153/492/168
f 2155/529/169 2158/426/169 2159/495/169 2161/315/169
f 2156/496/170 2160/497/170 2159/495/170 2158/426/170
f 2157/530/171 2161/315/171 2159/495/171 2160/497/171
f 2162/531/172 2165/321/172 2166/500/172 2168/434/172
f 2163/532/173 2167/502/173 2166/500/173 2165/321/173
f 2164/503/174 2168/434/174 2166/500/174 2167/502/174
f 2127/521/175 2113/518/175 2119/182/175 2130/300/175
f 2130/302/176 2119/292/176 2115/519/176 2128/522/176
f 2114/463/177 2120/468/177 2126/469/177 2118/464/177
f 2118/467/178 2126/472/178 2122/520/178 2115/519/178
f 2121/506/179 2134/523/179 2140/304/179 2125/295/179
f 2125/298/180 2140/307/180 2136/525/180 2122/520/180
f 2135/480/181 2129/478/181 2132/476/181 2139/481/181
f 2139/481/182 2132/476/182 2128/522/182 2136/525/182
f 2155/529/183 2127/521/183 2133/398/183 2158/426/183
f 2158/426/184 2133/403/184 2129/478/184 2156/496/184
f 2134/523/185 2162/531/185 2168/434/185 2137/405/185
f 2137/410/186 2168/434/186 2164/503/186 2135/480/186
f 2163/532/187 2157/530/187 2160/497/187 2167/502/187
f 2167/502/188 2160/497/188 2156/496/188 2164/503/188
f 2141/526/189 2155/529/189 2161/315/189 2144/309/189
f 2144/309/190 2161/315/190 2157/530/190 2142/527/190
f 2162/531/191 2148/528/191 2154/312/191 2165/321/191
f 2165/321/192 2154/312/192 2150/493/192 2163/532/192
f 2149/491/193 2143/488/193 2146/487/193 2153/492/193
f 2153/492/194 2146/487/194 2142/527/194 2150/493/194
f 2113/518/195 2141/526/195 2147/416/195 2116/378/195
f 2116/382/196 2147/416/196 2143/488/196 2114/463/196
f 2148/528/197 2121/506/197 2123/392/197 2151/420/197
f 2151/420/198 2123/387/198 2120/468/198 2149/491/198
f 2127/521/145 2155/529/145 2141/526/145 2113/518/145
f 2115/519/146 2122/520/146 2136/525/146 2128/522/146
f 2143/488/147 2149/491/147 2120/468/147 2114/463/147
f 2162/531/148 2134/523/148 2121/506/148 2148/528/148
f 2129/478/149 2135/480/149 2164/503/149 2156/496/149
f 2157/530/150 2163/532/150 2150/493/150 2142/527/150
f 3145/1433/245 3148/1434/245 3150/1435/245 3149/1436/245
f 3148/1434/246 3152/1437/246 3153/1438/246 3150/1435/246
f 3146/1439/247 3151/1440/247 3153/1441/247 3152/1442/247
f 3151/1443/248 3155/1444/248 3156/1445/248 3153/861/248
f 3147/1446/249 3154/1447/249 3156/1445/249 3155/1444/249
f 3154/1448/250 3149/1436/250 3150/1435/250 3156/1449/250
f 3150/1435/243 3153/1438/243 3156/1449/243
f 3157/1450/251 3160/1451/251 3162/1452/251 3161/1453/251
f 3160/1451/252 3164/1454/252 3165/871/252 3162/1452/252
f 3158/1455/253 3163/1456/253 3165/1457/253 3164/1458/253
f 3163/1459/254 3167/1460/254 3168/1461/254 3165/1462/254
f 3159/1463/255 3166/1464/255 3168/1461/255 3167/1460/255
f 3166/1464/256 3161/1465/256 3162/1466/256 3168/1461/256
f 3162/1466/222 3165/1462/222 3168/1461/222
f 3169/1467/257 3172/1468/257 3174/1469/257 3173/1470/257
f 3172/1468/258 3176/1471/258 3177/1472/258 3174/1469/258
f 3170/1473/326 3175/1474/326 3177/1475/326 3176/1476/326
f 3175/1474/260 3179/1477/260 3180/1478/260 3177/1475/260
f 3171/1479/261 3178/1480/261 3180/1478/261 3179/1477/261
f 3178/1481/262 3173/1470/262 3174/1469/262 3180/1482/262
f 3174/1469/223 3177/1472/223 3180/1482/223
f 3181/1483/264 3184/1484/264 3186/1485/264 3185/1486/264
f 3184/1487/265 3188/1488/265 3189/1489/265 3186/1490/265
f 3182/1491/266 3187/1492/266 3189/1489/266 3188/1488/266
f 3187/1492/267 3191/1493/267 3192/1494/267 3189/1489/267
f 3183/1495/268 3190/1496/268 3192/1494/268 3191/1493/268
f 3190/1496/344 3185/1497/344 3186/1490/344 3192/1494/344
f 3186/1490/224 3189/1489/224 3192/1494/224
f 3193/1498/271 3196/1499/271 3198/1500/271 3197/1501/271
f 3196/1499/272 3200/1502/272 3201/1503/272 3198/1500/272
f 3194/1504/273 3199/1505/273 3201/1503/273 3200/1502/273
f 3199/1505/274 3203/1506/274 3204/1507/274 3201/1503/274
f 3195/1508/275 3202/1509/275 3204/1507/275 3203/1506/275
f 3202/1509/276 3197/1501/276 3198/1500/276 3204/1507/276
f 3198/1500/225 3201/1503/225 3204/1507/225
f 3205/1510/277 3208/1511/277 3210/1512/277 3209/1513/277
f 3208/1511/278 3212/1514/278 3213/1515/278 3210/1512/278
f 3206/1516/279 3211/1517/279 3213/1515/279 3212/1514/279
f 3211/1517/280 3215/1518/280 3216/1519/280 3213/1515/280
f 3207/1520/281 3214/1521/281 3216/1519/281 3215/1518/281
f 3214/1521/347 3209/1513/347 3210/1512/347 3216/1519/347
f 3210/1512/226 3213/1515/226 3216/1519/226
f 3217/1522/283 3220/1523/283 3222/1524/283 3221/1525/283
f 3220/1523/328 3224/1526/328 3225/1527/328 3222/1524/328
f 3218/1528/285 3223/1529/285 3225/1527/285 3224/1526/285
f 3223/1529/286 3227/1530/286 3228/1531/286 3225/1527/286
f 3219/1532/287 3226/1533/287 3228/1531/287 3227/1530/287
f 3226/1533/288 3221/1525/288 3222/1524/288 3228/1531/288
f 3222/1524/349 3225/1527/349 3228/1531/349
f 3229/1534/290 3232/1535/290 3234/1536/290 3233/1537/290
f 3232/1535/291 3236/1538/291 3237/1539/291 3234/1536/291
f 3230/1540/292 3235/1541/292 3237/1539/292 3236/1538/292
f 3235/1541/293 3239/1542/293 3240/1543/293 3237/1539/293
f 3231/1544/294 3238/1545/294 3240/1543/294 3239/1542/294
f 3238/1545/295 3233/1537/295 3234/1536/295 3240/1543/295
f 3234/1536/366 3237/1539/366 3240/1543/366
f 3169/1467/297 3145/1433/297 3149/1436/297 3172/1468/297
f 3172/1468/229 3149/1436/229 3154/1448/229 3176/1471/229
f 3176/1476/298 3154/1447/298 3147/1446/298 3170/1473/298
f 3146/1439/299 3157/1450/299 3161/1453/299 3151/1440/299
f 3151/1443/230 3161/1465/230 3166/1464/230 3155/1444/230
f 3155/1444/300 3166/1464/300 3159/1463/300 3147/1446/300
f 3158/1455/351 3181/1483/351 3185/1486/351 3163/1456/351
f 3163/1459/231 3185/1497/231 3190/1496/231 3167/1460/231
f 3167/1460/302 3190/1496/302 3183/1495/302 3159/1463/302
f 3182/1491/303 3171/1479/303 3179/1477/303 3187/1492/303
f 3187/1492/232 3179/1477/232 3175/1474/232 3191/1493/232
f 3191/1493/304 3175/1474/304 3170/1473/304 3183/1495/304
f 3217/1522/333 3169/1467/333 3173/1470/333 3220/1523/333
f 3220/1523/233 3173/1470/233 3178/1481/233 3224/1526/233
f 3224/1526/306 3178/1480/306 3171/1479/306 3218/1528/306
f 3181/1483/334 3229/1534/334 3233/1537/334 3184/1484/334
f 3184/1487/234 3233/1537/234 3238/1545/234 3188/1488/234
f 3188/1488/308 3238/1545/308 3231/1544/308 3182/1491/308
f 3230/1540/309 3219/1532/309 3227/1530/309 3235/1541/309
f 3235/1541/235 3227/1530/235 3223/1529/235 3239/1542/235
f 3239/1542/310 3223/1529/310 3218/1528/310 3231/1544/310
f 3193/1498/311 3217/1522/311 3221/1525/311 3196/1499/311
f 3196/1499/236 3221/1525/236 3226/1533/236 3200/1502/236
f 3200/1502/312 3226/1533/312 3219/1532/312 3194/1504/312
f 3229/1534/353 3205/1510/353 3209/1513/353 3232/1535/353
f 3232/1535/237 3209/1513/237 3214/1521/237 3236/1538/237
f 3236/1538/314 3214/1521/314 3207/1520/314 3230/1540/314
f 3206/1516/315 3195/1508/315 3203/1506/315 3211/1517/315
f 3211/1517/238 3203/1506/238 3199/1505/238 3215/1518/238
f 3215/1518/316 3199/1505/316 3194/1504/316 3207/1520/316
f 3145/1433/336 3193/1498/336 3197/1501/336 3148/1434/336
f 3148/1434/239 3197/1501/239 3202/1509/239 3152/1437/239
f 3152/1442/318 3202/1509/318 3195/1508/318 3146/1439/318
f 3205/1510/337 3158/1455/337 3164/1458/337 3208/1511/337
f 3208/1511/240 3164/1454/240 3160/1451/240 3212/1514/240
f 3212/1514/320 3160/1451/320 3157/1450/320 3206/1516/320
f 3169/1467/145 3217/1522/145 3193/1498/145 3145/1433/145
f 3147/1446/146 3159/1463/146 3183/1495/146 3170/1473/146
f 3195/1508/147 3206/1516/147 3157/1450/147 3146/1439/147
f 3229/1534/148 3181/1483/148 3158/1455/148 3205/1510/148
f 3171/1479/149 3182/1491/149 3231/1544/149 3218/1528/149
f 3219/1532/150 3230/1540/150 3207/1520/150 3194/1504/150
f 3241/1546/1 3244/1547/1 3247/1548/1 3246/1549/1
f 3244/1547/2 3245/1550/2 3248/1551/2 3247/1548/2
f 3246/1549/3 3247/1548/3 3259/1552/3 3256/1553/3
f 3247/1548/4 3248/1551/4 3249/1554/4 3259/1552/4
f 3242/1555/5 3250/1556/5 3253/1557/5 3252/1558/5
f 3250/1556/6 3251/1559/6 3254/1560/6 3253/1557/6
f 3252/1558/367 3253/1557/367 3248/1561/367 3245/1562/367
f 3253/1557/8 3254/1560/8 3249/1563/8 3248/1561/8
f 3243/1564/368 3255/1565/368 3258/1566/368 3257/1567/368
f 3255/1565/10 3256/1568/10 3259/1569/10 3258/1566/10
f 3257/1567/11 3258/1566/11 3254/1570/11 3251/1571/11
f 3258/1566/12 3259/1569/12 3249/1572/12 3254/1570/12
f 3260/1573/13 3263/1574/13 3266/1575/13 3265/1576/13
f 3263/1574/369 3264/1577/369 3267/1578/369 3266/1575/369
f 3265/1576/15 3266/1575/15 3278/1579/15 3275/1580/15
f 3266/1575/16 3267/1578/16 3268/1581/16 3278/1579/16
f 3261/1582/370 3269/1583/370 3272/1584/370 3271/1585/370
f 3269/1583/18 3270/1586/18 3273/1587/18 3272/1584/18
f 3271/1585/19 3272/1584/19 3267/1588/19 3264/1589/19
f 3272/1584/20 3273/1587/20 3268/1590/20 3267/1588/20
f 3262/1591/371 3274/1592/371 3277/1593/371 3276/1594/371
f 3274/1592/22 3275/1595/22 3278/1596/22 3277/1593/22
f 3276/1594/23 3277/1593/23 3273/1597/23 3270/1598/23
f 3277/1593/24 3278/1596/24 3268/1599/24 3273/1597/24
f 3279/1600/25 3282/1601/25 3285/1602/25 3284/1603/25
f 3282/1601/26 3283/1604/26 3286/1605/26 3285/1602/26
f 3284/1603/27 3285/1602/27 3297/1606/27 3294/1607/27
f 3285/1602/372 3286/1605/372 3287/1608/372 3297/1606/372
f 3280/1609/29 3288/1610/29 3291/1611/29 3290/1612/29
f 3288/1610/30 3289/1613/30 3292/1614/30 3291/1611/30
f 3290/1612/31 3291/1611/31 3286/1615/31 3283/1616/31
f 3291/1611/32 3292/1614/32 3287/1617/32 3286/1615/32
f 3281/1618/373 3293/1619/373 3296/1620/373 3295/1621/373
f 3293/1619/34 3294/1622/34 3297/1623/34 3296/1620/34
f 3295/1621/35 3296/1620/35 3292/1614/35 3289/1613/35
f 3296/1620/36 3297/1623/36 3287/1617/36 3292/1614/36
f 3298/1624/37 3301/1625/37 3304/1626/37 3303/1627/37
f 3301/1625/38 3302/1628/38 3305/1629/38 3304/1626/38
f 3303/1627/39 3304/1626/39 3316/1630/39 3313/1631/39
f 3304/1626/40 3305/1629/40 3306/1632/40 3316/1630/40
f 3299/1633/374 3307/1634/374 3310/1635/374 3309/1636/374
f 3307/1634/42 3308/1637/42 3311/1638/42 3310/1635/42
f 3309/1636/43 3310/1635/43 3305/1639/43 3302/1640/43
f 3310/1635/44 3311/1638/44 3306/1641/44 3305/1639/44
f 3300/1642/45 3312/1643/45 3315/1644/45 3314/1645/45
f 3312/1643/46 3313/1646/46 3316/1647/46 3315/1644/46
f 3314/1645/47 3315/1644/47 3311/1638/47 3308/1637/47
f 3315/1644/48 3316/1647/48 3306/1641/48 3311/1638/48
f 3317/1648/49 3320/1649/49 3323/1650/49 3322/1651/49
f 3320/1649/50 3321/1652/50 3324/1653/50 3323/1650/50
f 3322/1651/51 3323/1650/51 3335/1654/51 3332/1655/51
f 3323/1650/375 3324/1653/375 3325/1656/375 3335/1654/375
f 3318/1657/53 3326/1658/53 3329/1659/53 3328/1660/53
f 3326/1658/54 3327/1661/54 3330/1662/54 3329/1659/54
f 3328/1660/55 3329/1659/55 3324/1653/55 3321/1652/55
f 3329/1659/56 3330/1662/56 3325/1656/56 3324/1653/56
f 3319/1663/376 3331/1664/376 3334/1665/376 3333/1666/376
f 3331/1664/377 3332/1655/377 3335/1654/377 3334/1665/377
f 3333/1666/59 3334/1665/59 3330/1662/59 3327/1661/59
f 3334/1665/60 3335/1654/60 3325/1656/60 3330/1662/60
f 3336/1667/61 3339/1668/61 3342/1669/61 3341/1670/61
f 3339/1668/62 3340/1671/62 3343/1672/62 3342/1669/62
f 3341/1670/63 3342/1669/63 3354/1673/63 3351/1674/63
f 3342/1669/64 3343/1672/64 3344/1675/64 3354/1673/64
f 3337/1676/378 3345/1677/378 3348/1678/378 3347/1679/378
f 3345/1677/66 3346/1680/66 3349/1681/66 3348/1678/66
f 3347/1679/379 3348/1678/379 3343/1672/379 3340/1671/379
f 3348/1678/68 3349/1681/68 3344/1675/68 3343/1672/68
f 3338/1682/69 3350/1683/69 3353/1684/69 3352/1685/69
f 3350/1683/70 3351/1674/70 3354/1673/70 3353/1684/70
f 3352/1685/380 3353/1684/380 3349/1681/380 3346/1680/380
f 3353/1684/72 3354/1673/72 3344/1675/72 3349/1681/72
f 3355/1686/73 3358/1687/73 3361/1688/73 3360/1689/73
f 3358/1687/74 3359/1690/74 3362/1691/74 3361/1688/74
f 3360/1689/75 3361/1688/75 3373/1692/75 3370/1693/75
f 3361/1688/76 3362/1691/76 3363/1694/76 3373/1692/76
f 3356/1695/77 3364/1696/77 3367/1697/77 3366/1698/77
f 3364/1696/78 3365/1699/78 3368/1700/78 3367/1697/78
f 3366/1698/79 3367/1697/79 3362/1691/79 3359/1690/79
f 3367/1697/80 3368/1700/80 3363/1694/80 3362/1691/80
f 3357/1701/381 3369/1702/381 3372/1703/381 3371/1704/381
f 3369/1702/82 3370/1693/82 3373/1692/82 3372/1703/82
f 3371/1704/83 3372/1703/83 3368/1700/83 3365/1699/83
f 3372/1703/84 3373/1692/84 3363/1694/84 3368/1700/84
f 3374/1705/85 3377/1706/85 3380/1707/85 3379/1708/85
f 3377/1706/86 3378/1709/86 3381/1710/86 3380/1707/86
f 3379/1708/87 3380/1707/87 3392/1711/87 3389/1712/87
f 3380/1707/88 3381/1710/88 3382/1713/88 3392/1711/88
f 3375/1714/382 3383/1715/382 3386/1716/382 3385/1717/382
f 3383/1715/90 3384/1718/90 3387/1719/90 3386/1716/90
f 3385/1717/91 3386/1716/91 3381/1710/91 3378/1709/91
f 3386/1716/92 3387/1719/92 3382/1713/92 3381/1710/92
f 3376/1720/93 3388/1721/93 3391/1722/93 3390/1723/93
f 3388/1721/94 3389/1712/94 3392/1711/94 3391/1722/94
f 3390/1723/383 3391/1722/383 3387/1719/383 3384/1718/383
f 3391/1722/96 3392/1711/96 3382/1713/96 3387/1719/96
f 3279/1600/97 3241/1546/97 3246/1549/97 3282/1601/97
f 3282/1601/98 3246/1549/98 3256/1553/98 3283/1604/98
f 3283/1616/99 3256/1568/99 3255/1565/99 3290/1612/99
f 3290/1612/100 3255/1565/100 3243/1564/100 3280/1609/100
f 3242/1555/101 3260/1573/101 3265/1576/101 3250/1556/101
f 3250/1556/102 3265/1576/102 3275/1580/102 3251/1559/102
f 3251/1571/103 3275/1595/103 3274/1592/103 3257/1567/103
f 3257/1567/104 3274/1592/104 3262/1591/104 3243/1564/104
f 3261/1582/105 3298/1624/105 3303/1627/105 3269/1583/105
f 3269/1583/106 3303/1627/106 3313/1631/106 3270/1586/106
f 3270/1598/107 3313/1646/107 3312/1643/107 3276/1594/107
f 3276/1594/108 3312/1643/108 3300/1642/108 3262/1591/108
f 3299/1633/109 3281/1618/109 3295/1621/109 3307/1634/109
f 3307/1634/110 3295/1621/110 3289/1613/110 3308/1637/110
f 3308/1637/111 3289/1613/111 3288/1610/111 3314/1645/111
f 3314/1645/112 3288/1610/112 3280/1609/112 3300/1642/112
f 3355/1686/113 3279/1600/113 3284/1603/113 3358/1687/113
f 3358/1687/114 3284/1603/114 3294/1607/114 3359/1690/114
f 3359/1690/115 3294/1622/115 3293/1619/115 3366/1698/115
f 3366/1698/116 3293/1619/116 3281/1618/116 3356/1695/116
f 3298/1624/117 3374/1705/117 3379/1708/117 3301/1625/117
f 3301/1625/384 3379/1708/384 3389/1712/384 3302/1628/384
f 3302/1640/119 3389/1712/119 3388/1721/119 3309/1636/119
f 3309/1636/120 3388/1721/120 3376/1720/120 3299/1633/120
f 3375/1714/121 3357/1701/121 3371/1704/121 3383/1715/121
f 3383/1715/122 3371/1704/122 3365/1699/122 3384/1718/122
f 3384/1718/123 3365/1699/123 3364/1696/123 3390/1723/123
f 3390/1723/124 3364/1696/124 3356/1695/124 3376/1720/124
f 3317/1648/125 3355/1686/125 3360/1689/125 3320/1649/125
f 3320/1649/126 3360/1689/126 3370/1693/126 3321/1652/126
f 3321/1652/127 3370/1693/127 3369/1702/127 3328/1660/127
f 3328/1660/128 3369/1702/128 3357/1701/128 3318/1657/128
f 3374/1705/129 3336/1667/129 3341/1670/129 3377/1706/129
f 3377/1706/130 3341/1670/130 3351/1674/130 3378/1709/130
f 3378/1709/131 3351/1674/131 3350/1683/131 3385/1717/131
f 3385/1717/132 3350/1683/132 3338/1682/132 3375/1714/132
f 3337/1676/133 3319/1663/133 3333/1666/133 3345/1677/133
f 3345/1677/134 3333/1666/134 3327/1661/134 3346/1680/134
f 3346/1680/135 3327/1661/135 3326/1658/135 3352/1685/135
f 3352/1685/136 3326/1658/136 3318/1657/136 3338/1682/136
f 3241/1546/137 3317/1648/137 3322/1651/137 3244/1547/137
f 3244/1547/138 3322/1651/138 3332/1655/138 3245/1550/138
f 3245/1562/139 3332/1655/139 3331/1664/139 3252/1558/139
f 3252/1558/140 3331/1664/140 3319/1663/140 3242/1555/140
f 3336/1667/141 3261/1582/141 3271/1585/141 3339/1668/141
f 3339/1668/385 3271/1585/385 3264/1589/385 3340/1671/385
f 3340/1671/143 3264/1577/143 3263/1574/143 3347/1679/143
f 3347/1679/144 3263/1574/144 3260/1573/144 3337/1676/144
f 3279/1600/145 3355/1686/145 3317/1648/145 3241/1546/145
f 3243/1564/146 3262/1591/146 3300/1642/146 3280/1609/146
f 3319/1663/147 3337/1676/147 3260/1573/147 3242/1555/147
f 3374/1705/148 3298/1624/148 3261/1582/148 3336/1667/148
f 3281/1618/149 3299/1633/149 3376/1720/149 3356/1695/149
f 3357/1701/150 3375/1714/150 3338/1682/150 3318/1657/150
f 3393/1724/151 3396/180/151 3397/181/151 3399/1725/151
f 3394/1726/152 3398/1727/152 3397/1728/152 3396/186/152
f 3395/1729/153 3399/1730/153 3397/1731/153 3398/1732/153
f 3400/1733/154 3403/192/154 3404/193/154 3406/1734/154
f 3401/1735/155 3405/1736/155 3404/1737/155 3403/198/155
f 3402/1738/156 3406/1739/156 3404/1740/156 3405/1741/156
f 3407/1742/157 3410/1743/157 3411/1744/157 3413/206/157
f 3408/1745/158 3412/1746/158 3411/1747/158 3410/1748/158
f 3409/1749/159 3413/212/159 3411/1747/159 3412/1746/159
f 3414/1750/160 3417/214/160 3418/215/160 3420/1751/160
f 3415/1752/161 3419/1753/161 3418/1754/161 3417/220/161
f 3416/1755/162 3420/1756/162 3418/1754/162 3419/1753/162
f 3421/1757/163 3424/1758/163 3425/1759/163 3427/1760/163
f 3422/1761/164 3426/1762/164 3425/1759/164 3424/1758/164
f 3423/1763/165 3427/1760/165 3425/1759/165 3426/1762/165
f 3428/1764/166 3431/231/166 3432/1765/166 3434/1766/166
f 3429/1767/167 3433/1768/167 3432/1765/167 3431/231/167
f 3430/1769/168 3434/1766/168 3432/1765/168 3433/1768/168
f 3435/1770/169 3438/238/169 3439/1771/169 3441/1772/169
f 3436/1773/170 3440/1774/170 3439/1771/170 3438/238/170
f 3437/1775/171 3441/1772/171 3439/1771/171 3440/1774/171
f 3442/1776/172 3445/1777/172 3446/1778/172 3448/1779/172
f 3443/1780/173 3447/1781/173 3446/1778/173 3445/1777/173
f 3444/1782/174 3448/1779/174 3446/1778/174 3447/1781/174
f 3407/1742/175 3393/1724/175 3399/1725/175 3410/1743/175
f 3410/1748/205 3399/1730/205 3395/1729/205 3408/1745/205
f 3394/1726/177 3400/1733/177 3406/1734/177 3398/1727/177
f 3398/1732/178 3406/1739/178 3402/1738/178 3395/1729/178
f 3401/1735/179 3414/1750/179 3420/1751/179 3405/1736/179
f 3405/1741/242 3420/1756/242 3416/1755/242 3402/1738/242
f 3415/1752/181 3409/1749/181 3412/1746/181 3419/1753/181
f 3419/1753/182 3412/1746/182 3408/1745/182 3416/1755/182
f 3435/1770/183 3407/1742/183 3413/206/183 3438/238/183
f 3438/238/209 3413/212/209 3409/1749/209 3436/1773/209
f 3414/1750/185 3442/1776/185 3448/1779/185 3417/214/185
f 3417/220/210 3448/1779/210 3444/1782/210 3415/1752/210
f 3443/1780/187 3437/1775/187 3440/1774/187 3447/1781/187
f 3447/1781/188 3440/1774/188 3436/1773/188 3444/1782/188
f 3421/1757/189 3435/1770/189 3441/1772/189 3424/1758/189
f 3424/1758/218 3441/1772/218 3437/1775/218 3422/1761/218
f 3442/1776/191 3428/1764/191 3434/1766/191 3445/1777/191
f 3445/1777/220 3434/1766/220 3430/1769/220 3443/1780/220
f 3429/1767/193 3423/1763/193 3426/1762/193 3433/1768/193
f 3433/1768/194 3426/1762/194 3422/1761/194 3430/1769/194
f 3393/1724/195 3421/1757/195 3427/1760/195 3396/180/195
f 3396/186/202 3427/1760/202 3423/1763/202 3394/1726/202
f 3428/1764/197 3401/1735/197 3403/198/197 3431/231/197
f 3431/231/386 3403/192/386 3400/1733/386 3429/1767/386
f 3407/1742/145 3435/1770/145 3421/1757/145 3393/1724/145
f 3395/1729/146 3402/1738/146 3416/1755/146 3408/1745/146
f 3423/1763/147 3429/1767/147 3400/1733/147 3394/1726/147
f 3442/1776/148 3414/1750/148 3401/1735/148 3428/1764/148
f 3409/1749/149 3415/1752/149 3444/1782/149 3436/1773/149
f 3437/1775/150 3443/1780/150 3430/1769/150 3422/1761/150
f 3449/1724/151 3452/180/151 3453/181/151 3455/1725/151
f 3450/1783/152 3454/1784/152 3453/1785/152 3452/186/152
f 3451/1786/153 3455/1730/153 3453/1731/153 3454/1787/153
f 3456/1788/154 3459/192/154 3460/193/154 3462/1789/154
f 3457/1735/155 3461/1736/155 3460/1737/155 3459/198/155
f 3458/1790/156 3462/1791/156 3460/1792/156 3461/1741/156
f 3463/1742/157 3466/1743/157 3467/1744/157 3469/206/157
f 3464/1793/158 3468/1794/158 3467/1795/158 3466/1748/158
f 3465/1796/159 3469/212/159 3467/1795/159 3468/1794/159
f 3470/1750/160 3473/214/160 3474/215/160 3476/1751/160
f 3471/1797/161 3475/1798/161 3474/1799/161 3473/220/161
f 3472/1800/162 3476/1756/162 3474/1799/162 3475/1798/162
f 3477/1757/163 3480/1801/163 3481/1802/163 3483/1803/163
f 3478/1804/164 3482/1805/164 3481/1802/164 3480/1801/164
f 3479/1806/165 3483/1803/165 3481/1802/165 3482/1805/165
f 3484/1764/166 3487/231/166 3488/1807/166 3490/1766/166
f 3485/1808/167 3489/1809/167 3488/1807/167 3487/231/167
f 3486/1810/168 3490/1766/168 3488/1807/168 3489/1809/168
f 3491/1770/169 3494/260/169 3495/1811/169 3497/1772/169
f 3492/1812/170 3496/1813/170 3495/1811/170 3494/260/170
f 3493/1814/171 3497/1772/171 3495/1811/171 3496/1813/171
f 3498/1776/172 3501/1777/172 3502/1815/172 3504/1816/172
f 3499/1817/173 3503/1818/173 3502/1815/173 3501/1777/173
f 3500/1819/174 3504/1816/174 3502/1815/174 3503/1818/174
f 3463/1742/175 3449/1724/175 3455/1725/175 3466/1743/175
f 3466/1748/205 3455/1730/205 3451/1786/205 3464/1793/205
f 3450/1783/177 3456/1788/177 3462/1789/177 3454/1784/177
f 3454/1787/178 3462/1791/178 3458/1790/178 3451/1786/178
f 3457/1735/179 3470/1750/179 3476/1751/179 3461/1736/179
f 3461/1741/180 3476/1756/180 3472/1800/180 3458/1790/180
f 3471/1797/181 3465/1796/181 3468/1794/181 3475/1798/181
f 3475/1798/182 3468/1794/182 3464/1793/182 3472/1800/182
f 3491/1770/183 3463/1742/183 3469/206/183 3494/260/183
f 3494/260/209 3469/212/209 3465/1796/209 3492/1812/209
f 3470/1750/185 3498/1776/185 3504/1816/185 3473/214/185
f 3473/220/210 3504/1816/210 3500/1819/210 3471/1797/210
f 3499/1817/187 3493/1814/187 3496/1813/187 3503/1818/187
f 3503/1818/188 3496/1813/188 3492/1812/188 3500/1819/188
f 3477/1757/189 3491/1770/189 3497/1772/189 3480/1801/189
f 3480/1801/218 3497/1772/218 3493/1814/218 3478/1804/218
f 3498/1776/191 3484/1764/191 3490/1766/191 3501/1777/191
f 3501/1777/220 3490/1766/220 3486/1810/220 3499/1817/220
f 3485/1808/193 3479/1806/193 3482/1805/193 3489/1809/193
f 3489/1809/200 3482/1805/200 3478/1804/200 3486/1810/200
f 3449/1724/195 3477/1757/195 3483/1803/195 3452/180/195
f 3452/186/202 3483/1803/202 3479/1806/202 3450/1783/202
f 3484/1764/197 3457/1735/197 3459/198/197 3487/231/197
f 3487/231/198 3459/192/198 3456/1788/198 3485/1808/198
f 3463/1742/145 3491/1770/145 3477/1757/145 3449/1724/145
f 3451/1786/146 3458/1790/146 3472/1800/146 3464/1793/146
f 3479/1806/147 3485/1808/147 3456/1788/147 3450/1783/147
f 3498/1776/148 3470/1750/148 3457/1735/148 3484/1764/148
f 3465/1796/149 3471/1797/149 3500/1819/149 3492/1812/149
f 3493/1814/150 3499/1817/150 3486/1810/150 3478/1804/150
f 3505/1724/151 3508/180/151 3509/181/151 3511/1725/151
f 3506/1820/152 3510/1821/152 3509/1822/152 3508/186/152
f 3507/1823/153 3511/1730/153 3509/1731/153 3510/1824/153
f 3512/1825/154 3515/192/154 3516/193/154 3518/1826/154
f 3513/1735/155 3517/1736/155 3516/1737/155 3515/198/155
f 3514/1827/156 3518/1828/156 3516/1829/156 3517/1741/156
f 3519/1742/157 3522/1743/157 3523/1744/157 3525/206/157
f 3520/1793/158 3524/1830/158 3523/1831/158 3522/1748/158
f 3521/1832/159 3525/212/159 3523/1831/159 3524/1830/159
f 3526/1750/160 3529/214/160 3530/215/160 3532/1751/160
f 3527/1833/161 3531/1834/161 3530/1835/161 3529/220/161
f 3528/1836/162 3532/1756/162 3530/1835/162 3531/1834/162
f 3533/1757/163 3536/1758/163 3537/1759/163 3539/1760/163
f 3534/1804/164 3538/1837/164 3537/1759/164 3536/1758/164
f 3535/1838/165 3539/1760/165 3537/1759/165 3538/1837/165
f 3540/1764/166 3543/231/166 3544/1839/166 3546/1766/166
f 3541/1840/167 3545/1841/167 3544/1839/167 3543/231/167
f 3542/1842/168 3546/1766/168 3544/1839/168 3545/1841/168
f 3547/1770/169 3550/238/169 3551/1843/169 3553/1772/169
f 3548/1844/170 3552/1845/170 3551/1843/170 3550/238/170
f 3549/1846/171 3553/1772/171 3551/1843/171 3552/1845/171
f 3554/1776/172 3557/1777/172 3558/1847/172 3560/1816/172
f 3555/1848/173 3559/1849/173 3558/1847/173 3557/1777/173
f 3556/1850/174 3560/1816/174 3558/1847/174 3559/1849/174
f 3519/1742/175 3505/1724/175 3511/1725/175 3522/1743/175
f 3522/1748/205 3511/1730/205 3507/1823/205 3520/1793/205
f 3506/1820/177 3512/1825/177 3518/1826/177 3510/1821/177
f 3510/1824/178 3518/1828/178 3514/1827/178 3507/1823/178
f 3513/1735/179 3526/1750/179 3532/1751/179 3517/1736/179
f 3517/1741/180 3532/1756/180 3528/1836/180 3514/1827/180
f 3527/1833/181 3521/1832/181 3524/1830/181 3531/1834/181
f 3531/1834/204 3524/1830/204 3520/1793/204 3528/1836/204
f 3547/1770/183 3519/1742/183 3525/206/183 3550/238/183
f 3550/238/209 3525/212/209 3521/1832/209 3548/1844/209
f 3526/1750/185 3554/1776/185 3560/1816/185 3529/214/185
f 3529/220/186 3560/1816/186 3556/1850/186 3527/1833/186
f 3555/1848/187 3549/1846/187 3552/1845/187 3559/1849/187
f 3559/1849/188 3552/1845/188 3548/1844/188 3556/1850/188
f 3533/1757/189 3547/1770/189 3553/1772/189 3536/1758/189
f 3536/1758/218 3553/1772/218 3549/1846/218 3534/1804/218
f 3554/1776/191 3540/1764/191 3546/1766/191 3557/1777/191
f 3557/1777/192 3546/1766/192 3542/1842/192 3555/1848/192
f 3541/1840/193 3535/1838/193 3538/1837/193 3545/1841/193
f 3545/1841/194 3538/1837/194 3534/1804/194 3542/1842/194
f 3505/1724/195 3533/1757/195 3539/1760/195 3508/180/195
f 3508/186/202 3539/1760/202 3535/1838/202 3506/1820/202
f 3540/1764/197 3513/1735/197 3515/198/197 3543/231/197
f 3543/231/198 3515/192/198 3512/1825/198 3541/1840/198
f 3519/1742/145 3547/1770/145 3533/1757/145 3505/1724/145
f 3507/1823/146 3514/1827/146 3528/1836/146 3520/1793/146
f 3535/1838/147 3541/1840/147 3512/1825/147 3506/1820/147
f 3554/1776/148 3526/1750/148 3513/1735/148 3540/1764/148
f 3521/1832/149 3527/1833/149 3556/1850/149 3548/1844/149
f 3549/1846/150 3555/1848/150 3542/1842/150 3534/1804/150
f 3561/1851/151 3564/180/151 3565/181/151 3567/1852/151
f 3562/1726/152 3566/1727/152 3565/1728/152 3564/186/152
f 3563/1853/153 3567/1854/153 3565/1855/153 3566/1732/153
f 3568/1733/154 3571/192/154 3572/193/154 3574/1734/154
f 3569/1856/155 3573/1857/155 3572/1858/155 3571/198/155
f 3570/1859/156 3574/1739/156 3572/1740/156 3573/1860/156
f 3575/1861/157 3578/1862/157 3579/1863/157 3581/206/157
f 3576/1864/158 3580/1865/158 3579/1747/158 3578/1866/158
f 3577/1749/159 3581/212/159 3579/1747/159 3580/1865/159
f 3582/1867/160 3585/214/160 3586/215/160 3588/1868/160
f 3583/1752/161 3587/1753/161 3586/1869/161 3585/220/161
f 3584/1870/162 3588/1871/162 3586/1869/162 3587/1753/162
f 3589/1872/163 3592/1873/163 3593/1874/163 3595/1803/163
f 3590/1875/164 3594/1762/164 3593/1874/164 3592/1873/164
f 3591/1763/165 3595/1803/165 3593/1874/165 3594/1762/165
f 3596/1876/166 3599/231/166 3600/1765/166 3602/1877/166
f 3597/1767/167 3601/1768/167 3600/1765/167 3599/231/167
f 3598/1878/168 3602/1877/168 3600/1765/168 3601/1768/168
f 3603/1879/169 3606/260/169 3607/1880/169 3609/1881/169
f 3604/1773/170 3608/1774/170 3607/1880/170 3606/260/170
f 3605/1882/171 3609/1881/171 3607/1880/171 3608/1774/171
f 3610/1883/172 3613/1884/172 3614/1778/172 3616/1816/172
f 3611/1885/173 3615/1781/173 3614/1778/173 3613/1884/173
f 3612/1782/174 3616/1816/174 3614/1778/174 3615/1781/174
f 3575/1861/175 3561/1851/175 3567/1852/175 3578/1862/175
f 3578/1866/205 3567/1854/205 3563/1853/205 3576/1864/205
f 3562/1726/177 3568/1733/177 3574/1734/177 3566/1727/177
f 3566/1732/178 3574/1739/178 3570/1859/178 3563/1853/178
f 3569/1856/179 3582/1867/179 3588/1868/179 3573/1857/179
f 3573/1860/242 3588/1871/242 3584/1870/242 3570/1859/242
f 3583/1752/181 3577/1749/181 3580/1865/181 3587/1753/181
f 3587/1753/182 3580/1865/182 3576/1864/182 3584/1870/182
f 3603/1879/183 3575/1861/183 3581/206/183 3606/260/183
f 3606/260/209 3581/212/209 3577/1749/209 3604/1773/209
f 3582/1867/185 3610/1883/185 3616/1816/185 3585/214/185
f 3585/220/210 3616/1816/210 3612/1782/210 3583/1752/210
f 3611/1885/187 3605/1882/187 3608/1774/187 3615/1781/187
f 3615/1781/188 3608/1774/188 3604/1773/188 3612/1782/188
f 3589/1872/189 3603/1879/189 3609/1881/189 3592/1873/189
f 3592/1873/218 3609/1881/218 3605/1882/218 3590/1875/218
f 3610/1883/191 3596/1876/191 3602/1877/191 3613/1884/191
f 3613/1884/220 3602/1877/220 3598/1878/220 3611/1885/220
f 3597/1767/193 3591/1763/193 3594/1762/193 3601/1768/193
f 3601/1768/200 3594/1762/200 3590/1875/200 3598/1878/200
f 3561/1851/195 3589/1872/195 3595/1803/195 3564/180/195
f 3564/186/202 3595/1803/202 3591/1763/202 3562/1726/202
f 3596/1876/197 3569/1856/197 3571/198/197 3599/231/197
f 3599/231/386 3571/192/386 3568/1733/386 3597/1767/386
f 3575/1861/145 3603/1879/145 3589/1872/145 3561/1851/145
f 3563/1853/146 3570/1859/146 3584/1870/146 3576/1864/146
f 3591/1763/147 3597/1767/147 3568/1733/147 3562/1726/147
f 3610/1883/148 3582/1867/148 3569/1856/148 3596/1876/148
f 3577/1749/149 3583/1752/149 3612/1782/149 3604/1773/149
f 3605/1882/150 3611/1885/150 3598/1878/150 3590/1875/150
f 3617/1851/151 3620/180/151 3621/181/151 3623/1852/151
f 3618/1783/152 3622/1784/152 3621/1785/152 3620/186/152
f 3619/1886/153 3623/1854/153 3621/1855/153 3622/1787/153
f 3624/1788/154 3627/192/154 3628/193/154 3630/1789/154
f 3625/1856/155 3629/1857/155 3628/1858/155 3627/198/155
f 3626/1887/156 3630/1791/156 3628/1792/156 3629/1860/156
f 3631/1861/157 3634/1862/157 3635/1863/157 3637/206/157
f 3632/1888/158 3636/1889/158 3635/1795/158 3634/1866/158
f 3633/1796/159 3637/212/159 3635/1795/159 3636/1889/159
f 3638/1867/160 3641/214/160 3642/215/160 3644/1868/160
f 3639/1797/161 3643/1890/161 3642/1891/161 3641/220/161
f 3640/1892/162 3644/1871/162 3642/1891/162 3643/1890/162
f 3645/1872/163 3648/1873/163 3649/1893/163 3651/1760/163
f 3646/1894/164 3650/1805/164 3649/1893/164 3648/1873/164
f 3647/1806/165 3651/1760/165 3649/1893/165 3650/1805/165
f 3652/1876/166 3655/231/166 3656/1807/166 3658/1877/166
f 3653/1808/167 3657/1809/167 3656/1807/167 3655/231/167
f 3654/1878/168 3658/1877/168 3656/1807/168 3657/1809/168
f 3659/1879/169 3662/238/169 3663/1895/169 3665/1881/169
f 3660/1812/170 3664/1813/170 3663/1895/170 3662/238/170
f 3661/1896/171 3665/1881/171 3663/1895/171 3664/1813/171
f 3666/1883/172 3669/1884/172 3670/1897/172 3672/1816/172
f 3667/1898/173 3671/1818/173 3670/1897/173 3669/1884/173
f 3668/1819/174 3672/1816/174 3670/1897/174 3671/1818/174
f 3631/1861/175 3617/1851/175 3623/1852/175 3634/1862/175
f 3634/1866/176 3623/1854/176 3619/1886/176 3632/1888/176
f 3618/1783/177 3624/1788/177 3630/1789/177 3622/1784/177
f 3622/1787/178 3630/1791/178 3626/1887/178 3619/1886/178
f 3625/1856/179 3638/1867/179 3644/1868/179 3629/1857/179
f 3629/1860/242 3644/1871/242 3640/1892/242 3626/1887/242
f 3639/1797/181 3633/1796/181 3636/1889/181 3643/1890/181
f 3643/1890/182 3636/1889/182 3632/1888/182 3640/1892/182
f 3659/1879/183 3631/1861/183 3637/206/183 3662/238/183
f 3662/238/209 3637/212/209 3633/1796/209 3660/1812/209
f 3638/1867/185 3666/1883/185 3672/1816/185 3641/214/185
f 3641/220/186 3672/1816/186 3668/1819/186 3639/1797/186
f 3667/1898/187 3661/1896/187 3664/1813/187 3671/1818/187
f 3671/1818/188 3664/1813/188 3660/1812/188 3668/1819/188
f 3645/1872/189 3659/1879/189 3665/1881/189 3648/1873/189
f 3648/1873/218 3665/1881/218 3661/1896/218 3646/1894/218
f 3666/1883/191 3652/1876/191 3658/1877/191 3669/1884/191
f 3669/1884/220 3658/1877/220 3654/1878/220 3667/1898/220
f 3653/1808/193 3647/1806/193 3650/1805/193 3657/1809/193
f 3657/1809/200 3650/1805/200 3646/1894/200 3654/1878/200
f 3617/1851/195 3645/1872/195 3651/1760/195 3620/180/195
f 3620/186/202 3651/1760/202 3647/1806/202 3618/1783/202
f 3652/1876/197 3625/1856/197 3627/198/197 3655/231/197
f 3655/231/386 3627/192/386 3624/1788/386 3653/1808/386
f 3631/1861/145 3659/1879/145 3645/1872/145 3617/1851/145
f 3619/1886/146 3626/1887/146 3640/1892/146 3632/1888/146
f 3647/1806/147 3653/1808/147 3624/1788/147 3618/1783/147
f 3666/1883/148 3638/1867/148 3625/1856/148 3652/1876/148
f 3633/1796/149 3639/1797/149 3668/1819/149 3660/1812/149
f 3661/1896/150 3667/1898/150 3654/1878/150 3646/1894/150
f 3673/1851/151 3676/180/151 3677/181/151 3679/1852/151
f 3674/1820/152 3678/1821/152 3677/1822/152 3676/186/152
f 3675/1899/153 3679/1854/153 3677/1855/153 3678/1824/153
f 3680/1825/154 3683/192/154 3684/193/154 3686/1826/154
f 3681/1856/155 3685/1857/155 3684/1858/155 3683/198/155
f 3682/1900/156 3686/1828/156 3684/1829/156 3685/1860/156
f 3687/1861/157 3690/1862/157 3691/1863/157 3693/206/157
f 3688/1901/158 3692/1902/158 3691/1831/158 3690/1866/158
f 3689/1832/159 3693/212/159 3691/1831/159 3692/1902/159
f 3694/1867/160 3697/214/160 3698/215/160 3700/1868/160
f 3695/1833/161 3699/1834/161 3698/1903/161 3697/220/161
f 3696/1904/162 3700/1871/162 3698/1903/162 3699/1834/162
f 3701/1872/163 3704/1873/163 3705/1874/163 3707/1803/163
f 3702/1905/164 3706/1837/164 3705/1874/164 3704/1873/164
f 3703/1838/165 3707/1803/165 3705/1874/165 3706/1837/165
f 3708/1876/166 3711/231/166 3712/1839/166 3714/1877/166
f 3709/1840/167 3713/1841/167 3712/1839/167 3711/231/167
f 3710/1906/168 3714/1877/168 3712/1839/168 3713/1841/168
f 3715/1879/169 3718/260/169 3719/1907/169 3721/1881/169
f 3716/1844/170 3720/1845/170 3719/1907/170 3718/260/170
f 3717/1908/171 3721/1881/171 3719/1907/171 3720/1845/171
f 3722/1883/172 3725/1884/172 3726/1847/172 3728/1816/172
f 3723/1909/173 3727/1849/173 3726/1847/173 3725/1884/173
f 3724/1850/174 3728/1816/174 3726/1847/174 3727/1849/174
f 3687/1861/175 3673/1851/175 3679/1852/175 3690/1862/175
f 3690/1866/205 3679/1854/205 3675/1899/205 3688/1901/205
f 3674/1820/177 3680/1825/177 3686/1826/177 3678/1821/177
f 3678/1824/178 3686/1828/178 3682/1900/178 3675/1899/178
f 3681/1856/179 3694/1867/179 3700/1868/179 3685/1857/179
f 3685/1860/180 3700/1871/180 3696/1904/180 3682/1900/180
f 3695/1833/181 3689/1832/181 3692/1902/181 3699/1834/181
f 3699/1834/204 3692/1902/204 3688/1901/204 3696/1904/204
f 3715/1879/183 3687/1861/183 3693/206/183 3718/260/183
f 3718/260/209 3693/212/209 3689/1832/209 3716/1844/209
f 3694/1867/185 3722/1883/185 3728/1816/185 3697/214/185
f 3697/220/186 3728/1816/186 3724/1850/186 3695/1833/186
f 3723/1909/187 3717/1908/187 3720/1845/187 3727/1849/187
f 3727/1849/188 3720/1845/188 3716/1844/188 3724/1850/188
f 3701/1872/189 3715/1879/189 3721/1881/189 3704/1873/189
f 3704/1873/218 3721/1881/218 3717/1908/218 3702/1905/218
f 3722/1883/191 3708/1876/191 3714/1877/191 3725/1884/191
f 3725/1884/192 3714/1877/192 3710/1906/192 3723/1909/192
f 3709/1840/193 3703/1838/193 3706/1837/193 3713/1841/193
f 3713/1841/200 3706/1837/200 3702/1905/200 3710/1906/200
f 3673/1851/195 3701/1872/195 3707/1803/195 3676/180/195
f 3676/186/202 3707/1803/202 3703/1838/202 3674/1820/202
f 3708/1876/197 3681/1856/197 3683/198/197 3711/231/197
f 3711/231/198 3683/192/198 3680/1825/198 3709/1840/198
f 3687/1861/145 3715/1879/145 3701/1872/145 3673/1851/145
f 3675/1899/146 3682/1900/146 3696/1904/146 3688/1901/146
f 3703/1838/147 3709/1840/147 3680/1825/147 3674/1820/147
f 3722/1883/148 3694/1867/148 3681/1856/148 3708/1876/148
f 3689/1832/149 3695/1833/149 3724/1850/149 3716/1844/149
f 3717/1908/150 3723/1909/150 3710/1906/150 3702/1905/150
f 3729/1910/151 3732/180/151 3733/181/151 3735/1852/151
f 3730/1726/152 3734/1727/152 3733/1728/152 3732/186/152
f 3731/1911/153 3735/1730/153 3733/1912/153 3734/1732/153
f 3736/1733/154 3739/192/154 3740/193/154 3742/1734/154
f 3737/1913/155 3741/1857/155 3740/1914/155 3739/198/155
f 3738/1915/156 3742/1739/156 3740/1740/156 3741/1916/156
f 3743/1917/157 3746/1743/157 3747/1863/157 3749/206/157
f 3744/1918/158 3748/1865/158 3747/1747/158 3746/1919/158
f 3745/1749/159 3749/212/159 3747/1747/159 3748/1865/159
f 3750/1750/160 3753/214/160 3754/215/160 3756/1751/160
f 3751/1752/161 3755/1753/161 3754/1920/161 3753/220/161
f 3752/1921/162 3756/1756/162 3754/1920/162 3755/1753/162
f 3757/1872/163 3760/1873/163 3761/1874/163 3763/1803/163
f 3758/1875/164 3762/1762/164 3761/1874/164 3760/1873/164
f 3759/1763/165 3763/1803/165 3761/1874/165 3762/1762/165
f 3764/1922/166 3767/231/166 3768/1765/166 3770/1923/166
f 3765/1767/167 3769/1768/167 3768/1765/167 3767/231/167
f 3766/1924/168 3770/1923/168 3768/1765/168 3769/1768/168
f 3771/1770/169 3774/260/169 3775/1880/169 3777/1772/169
f 3772/1773/170 3776/1774/170 3775/1880/170 3774/260/170
f 3773/1925/171 3777/1772/171 3775/1880/171 3776/1774/171
f 3778/1926/172 3781/1884/172 3782/1778/172 3784/1816/172
f 3779/1927/173 3783/1781/173 3782/1778/173 3781/1884/173
f 3780/1782/174 3784/1816/174 3782/1778/174 3783/1781/174
f 3743/1917/175 3729/1910/175 3735/1852/175 3746/1743/175
f 3746/1919/205 3735/1730/205 3731/1911/205 3744/1918/205
f 3730/1726/177 3736/1733/177 3742/1734/177 3734/1727/177
f 3734/1732/178 3742/1739/178 3738/1915/178 3731/1911/178
f 3737/1913/179 3750/1750/179 3756/1751/179 3741/1857/179
f 3741/1916/242 3756/1756/242 3752/1921/242 3738/1915/242
f 3751/1752/181 3745/1749/181 3748/1865/181 3755/1753/181
f 3755/1753/182 3748/1865/182 3744/1918/182 3752/1921/182
f 3771/1770/183 3743/1917/183 3749/206/183 3774/260/183
f 3774/260/184 3749/212/184 3745/1749/184 3772/1773/184
f 3750/1750/185 3778/1926/185 3784/1816/185 3753/214/185
f 3753/220/210 3784/1816/210 3780/1782/210 3751/1752/210
f 3779/1927/187 3773/1925/187 3776/1774/187 3783/1781/187
f 3783/1781/199 3776/1774/199 3772/1773/199 3780/1782/199
f 3757/1872/189 3771/1770/189 3777/1772/189 3760/1873/189
f 3760/1873/218 3777/1772/218 3773/1925/218 3758/1875/218
f 3778/1926/191 3764/1922/191 3770/1923/191 3781/1884/191
f 3781/1884/220 3770/1923/220 3766/1924/220 3779/1927/220
f 3765/1767/193 3759/1763/193 3762/1762/193 3769/1768/193
f 3769/1768/194 3762/1762/194 3758/1875/194 3766/1924/194
f 3729/1910/195 3757/1872/195 3763/1803/195 3732/180/195
f 3732/186/202 3763/1803/202 3759/1763/202 3730/1726/202
f 3764/1922/197 3737/1913/197 3739/198/197 3767/231/197
f 3767/231/386 3739/192/386 3736/1733/386 3765/1767/386
f 3743/1917/145 3771/1770/145 3757/1872/145 3729/1910/145
f 3731/1911/146 3738/1915/146 3752/1921/146 3744/1918/146
f 3759/1763/147 3765/1767/147 3736/1733/147 3730/1726/147
f 3778/1926/148 3750/1750/148 3737/1913/148 3764/1922/148
f 3745/1749/149 3751/1752/149 3780/1782/149 3772/1773/149
f 3773/1925/150 3779/1927/150 3766/1924/150 3758/1875/150
f 3785/1910/151 3788/180/151 3789/181/151 3791/1852/151
f 3786/1783/152 3790/1784/152 3789/1785/152 3788/186/152
f 3787/1928/153 3791/1730/153 3789/1912/153 3790/1787/153
f 3792/1788/154 3795/192/154 3796/193/154 3798/1789/154
f 3793/1913/155 3797/1857/155 3796/1914/155 3795/198/155
f 3794/1929/156 3798/1791/156 3796/1792/156 3797/1916/156
f 3799/1917/157 3802/1743/157 3803/1863/157 3805/206/157
f 3800/1930/158 3804/1794/158 3803/1795/158 3802/1919/158
f 3801/1796/159 3805/212/159 3803/1795/159 3804/1794/159
f 3806/1750/160 3809/214/160 3810/215/160 3812/1751/160
f 3807/1797/161 3811/1798/161 3810/1931/161 3809/220/161
f 3808/1932/162 3812/1756/162 3810/1931/162 3811/1798/162
f 3813/1872/163 3816/1873/163 3817/1893/163 3819/1803/163
f 3814/1905/164 3818/1805/164 3817/1893/164 3816/1873/164
f 3815/1806/165 3819/1803/165 3817/1893/165 3818/1805/165
f 3820/1922/166 3823/231/166 3824/1807/166 3826/1766/166
f 3821/1808/167 3825/1809/167 3824/1807/167 3823/231/167
f 3822/1933/168 3826/1766/168 3824/1807/168 3825/1809/168
f 3827/1770/169 3830/260/169 3831/1895/169 3833/1772/169
f 3828/1812/170 3832/1813/170 3831/1895/170 3830/260/170
f 3829/1896/171 3833/1772/171 3831/1895/171 3832/1813/171
f 3834/1926/172 3837/1884/172 3838/1897/172 3840/1816/172
f 3835/1898/173 3839/1818/173 3838/1897/173 3837/1884/173
f 3836/1819/174 3840/1816/174 3838/1897/174 3839/1818/174
f 3799/1917/175 3785/1910/175 3791/1852/175 3802/1743/175
f 3802/1919/205 3791/1730/205 3787/1928/205 3800/1930/205
f 3786/1783/177 3792/1788/177 3798/1789/177 3790/1784/177
f 3790/1787/178 3798/1791/178 3794/1929/178 3787/1928/178
f 3793/1913/179 3806/1750/179 3812/1751/179 3797/1857/179
f 3797/1916/180 3812/1756/180 3808/1932/180 3794/1929/180
f 3807/1797/181 3801/1796/181 3804/1794/181 3811/1798/181
f 3811/1798/182 3804/1794/182 3800/1930/182 3808/1932/182
f 3827/1770/183 3799/1917/183 3805/206/183 3830/260/183
f 3830/260/184 3805/212/184 3801/1796/184 3828/1812/184
f 3806/1750/185 3834/1926/185 3840/1816/185 3809/214/185
f 3809/220/186 3840/1816/186 3836/1819/186 3807/1797/186
f 3835/1898/187 3829/1896/187 3832/1813/187 3839/1818/187
f 3839/1818/199 3832/1813/199 3828/1812/199 3836/1819/199
f 3813/1872/189 3827/1770/189 3833/1772/189 3816/1873/189
f 3816/1873/218 3833/1772/218 3829/1896/218 3814/1905/218
f 3834/1926/191 3820/1922/191 3826/1766/191 3837/1884/191
f 3837/1884/220 3826/1766/220 3822/1933/220 3835/1898/220
f 3821/1808/193 3815/1806/193 3818/1805/193 3825/1809/193
f 3825/1809/200 3818/1805/200 3814/1905/200 3822/1933/200
f 3785/1910/195 3813/1872/195 3819/1803/195 3788/180/195
f 3788/186/202 3819/1803/202 3815/1806/202 3786/1783/202
f 3820/1922/197 3793/1913/197 3795/198/197 3823/231/197
f 3823/231/386 3795/192/386 3792/1788/386 3821/1808/386
f 3799/1917/145 3827/1770/145 3813/1872/145 3785/1910/145
f 3787/1928/146 3794/1929/146 3808/1932/146 3800/1930/146
f 3815/1806/147 3821/1808/147 3792/1788/147 3786/1783/147
f 3834/1926/148 3806/1750/148 3793/1913/148 3820/1922/148
f 3801/1796/149 3807/1797/149 3836/1819/149 3828/1812/149
f 3829/1896/150 3835/1898/150 3822/1933/150 3814/1905/150
f 3841/1910/151 3844/180/151 3845/181/151 3847/1852/151
f 3842/1820/152 3846/1821/152 3845/1822/152 3844/186/152
f 3843/1934/153 3847/1730/153 3845/1912/153 3846/1824/153
f 3848/1825/154 3851/192/154 3852/193/154 3854/1826/154
f 3849/1913/155 3853/1857/155 3852/1914/155 3851/198/155
f 3850/1935/156 3854/1828/156 3852/1829/156 3853/1916/156
f 3855/1917/157 3858/1743/157 3859/1863/157 3861/206/157
f 3856/1930/158 3860/1902/158 3859/1831/158 3858/1919/158
f 3857/1832/159 3861/212/159 3859/1831/159 3860/1902/159
f 3862/1750/160 3865/214/160 3866/215/160 3868/1751/160
f 3863/1833/161 3867/1834/161 3866/1936/161 3865/220/161
f 3864/1937/162 3868/1756/162 3866/1936/162 3867/1834/162
f 3869/1872/163 3872/1873/163 3873/1874/163 3875/1803/163
f 3870/1938/164 3874/1837/164 3873/1874/164 3872/1873/164
f 3871/1838/165 3875/1803/165 3873/1874/165 3874/1837/165
f 3876/1922/166 3879/231/166 3880/1839/166 3882/1766/166
f 3877/1840/167 3881/1841/167 3880/1839/167 3879/231/167
f 3878/1842/168 3882/1766/168 3880/1839/168 3881/1841/168
f 3883/1770/169 3886/260/169 3887/1907/169 3889/1772/169
f 3884/1844/170 3888/1845/170 3887/1907/170 3886/260/170
f 3885/1896/171 3889/1772/171 3887/1907/171 3888/1845/171
f 3890/1926/172 3893/1884/172 3894/1847/172 3896/1816/172
f 3891/1909/173 3895/1849/173 3894/1847/173 3893/1884/173
f 3892/1850/174 3896/1816/174 3894/1847/174 3895/1849/174
f 3855/1917/175 3841/1910/175 3847/1852/175 3858/1743/175
f 3858/1919/205 3847/1730/205 3843/1934/205 3856/1930/205
f 3842/1820/177 3848/1825/177 3854/1826/177 3846/1821/177
f 3846/1824/178 3854/1828/178 3850/1935/178 3843/1934/178
f 3849/1913/179 3862/1750/179 3868/1751/179 3853/1857/179
f 3853/1916/180 3868/1756/180 3864/1937/180 3850/1935/180
f 3863/1833/181 3857/1832/181 3860/1902/181 3867/1834/181
f 3867/1834/204 3860/1902/204 3856/1930/204 3864/1937/204
f 3883/1770/183 3855/1917/183 3861/206/183 3886/260/183
f 3886/260/209 3861/212/209 3857/1832/209 3884/1844/209
f 3862/1750/185 3890/1926/185 3896/1816/185 3865/214/185
f 3865/220/186 3896/1816/186 3892/1850/186 3863/1833/186
f 3891/1909/187 3885/1896/187 3888/1845/187 3895/1849/187
f 3895/1849/199 3888/1845/199 3884/1844/199 3892/1850/199
f 3869/1872/189 3883/1770/189 3889/1772/189 3872/1873/189
f 3872/1873/218 3889/1772/218 3885/1896/218 3870/1938/218
f 3890/1926/191 3876/1922/191 3882/1766/191 3893/1884/191
f 3893/1884/192 3882/1766/192 3878/1842/192 3891/1909/192
f 3877/1840/193 3871/1838/193 3874/1837/193 3881/1841/193
f 3881/1841/194 3874/1837/194 3870/1938/194 3878/1842/194
f 3841/1910/195 3869/1872/195 3875/1803/195 3844/180/195
f 3844/186/202 3875/1803/202 3871/1838/202 3842/1820/202
f 3876/1922/197 3849/1913/197 3851/198/197 3879/231/197
f 3879/231/198 3851/192/198 3848/1825/198 3877/1840/198
f 3855/1917/145 3883/1770/145 3869/1872/145 3841/1910/145
f 3843/1934/146 3850/1935/146 3864/1937/146 3856/1930/146
f 3871/1838/147 3877/1840/147 3848/1825/147 3842/1820/147
f 3890/1926/148 3862/1750/148 3849/1913/148 3876/1922/148
f 3857/1832/149 3863/1833/149 3892/1850/149 3884/1844/149
f 3885/1896/150 3891/1909/150 3878/1842/150 3870/1938/150
f 3897/1724/151 3900/323/151 3901/324/151 3903/1725/151
f 3898/1726/152 3902/1727/152 3901/1728/152 3900/326/152
f 3899/1729/153 3903/1730/153 3901/1731/153 3902/1732/153
f 3904/1733/154 3907/328/154 3908/329/154 3910/1734/154
f 3905/1735/155 3909/1736/155 3908/1737/155 3907/331/155
f 3906/1738/156 3910/1739/156 3908/1740/156 3909/1741/156
f 3911/1742/157 3914/1743/157 3915/1744/157 3917/1939/157
f 3912/1745/158 3916/1865/158 3915/1940/158 3914/1748/158
f 3913/1749/159 3917/1941/159 3915/1940/159 3916/1865/159
f 3918/1750/160 3921/338/160 3922/339/160 3924/1751/160
f 3919/1752/161 3923/1753/161 3922/1754/161 3921/341/161
f 3920/1755/162 3924/1756/162 3922/1754/162 3923/1753/162
f 3925/1757/163 3928/1801/163 3929/1874/163 3931/344/163
f 3926/1761/164 3930/1762/164 3929/1874/164 3928/1801/164
f 3927/1763/165 3931/344/165 3929/1874/165 3930/1762/165
f 3932/1764/166 3935/347/166 3936/1807/166 3938/1923/166
f 3933/1767/167 3937/1768/167 3936/1807/167 3935/347/167
f 3934/1769/168 3938/1923/168 3936/1807/168 3937/1768/168
f 3939/1770/169 3942/351/169 3943/1811/169 3945/1772/169
f 3940/1773/170 3944/1774/170 3943/1811/170 3942/351/170
f 3941/1775/171 3945/1772/171 3943/1811/171 3944/1774/171
f 3946/1776/172 3949/1777/172 3950/1778/172 3952/356/172
f 3947/1780/173 3951/1781/173 3950/1778/173 3949/1777/173
f 3948/1782/174 3952/356/174 3950/1778/174 3951/1781/174
f 3911/1742/175 3897/1724/175 3903/1725/175 3914/1743/175
f 3914/1748/205 3903/1730/205 3899/1729/205 3912/1745/205
f 3898/1726/177 3904/1733/177 3910/1734/177 3902/1727/177
f 3902/1732/178 3910/1739/178 3906/1738/178 3899/1729/178
f 3905/1735/179 3918/1750/179 3924/1751/179 3909/1736/179
f 3909/1741/242 3924/1756/242 3920/1755/242 3906/1738/242
f 3919/1752/181 3913/1749/181 3916/1865/181 3923/1753/181
f 3923/1753/182 3916/1865/182 3912/1745/182 3920/1755/182
f 3939/1770/183 3911/1742/183 3917/1939/183 3942/351/183
f 3942/351/209 3917/1941/209 3913/1749/209 3940/1773/209
f 3918/1750/185 3946/1776/185 3952/356/185 3921/338/185
f 3921/341/210 3952/356/210 3948/1782/210 3919/1752/210
f 3947/1780/187 3941/1775/187 3944/1774/187 3951/1781/187
f 3951/1781/188 3944/1774/188 3940/1773/188 3948/1782/188
f 3925/1757/189 3939/1770/189 3945/1772/189 3928/1801/189
f 3928/1801/218 3945/1772/218 3941/1775/218 3926/1761/218
f 3946/1776/191 3932/1764/191 3938/1923/191 3949/1777/191
f 3949/1777/220 3938/1923/220 3934/1769/220 3947/1780/220
f 3933/1767/193 3927/1763/193 3930/1762/193 3937/1768/193
f 3937/1768/194 3930/1762/194 3926/1761/194 3934/1769/194
f 3897/1724/195 3925/1757/195 3931/344/195 3900/323/195
f 3900/326/202 3931/344/202 3927/1763/202 3898/1726/202
f 3932/1764/197 3905/1735/197 3907/331/197 3935/347/197
f 3935/347/386 3907/328/386 3904/1733/386 3933/1767/386
f 3911/1742/145 3939/1770/145 3925/1757/145 3897/1724/145
f 3899/1729/146 3906/1738/146 3920/1755/146 3912/1745/146
f 3927/1763/147 3933/1767/147 3904/1733/147 3898/1726/147
f 3946/1776/148 3918/1750/148 3905/1735/148 3932/1764/148
f 3913/1749/149 3919/1752/149 3948/1782/149 3940/1773/149
f 3941/1775/150 3947/1780/150 3934/1769/150 3926/1761/150
f 3953/1724/151 3956/323/151 3957/324/151 3959/1725/151
f 3954/1783/152 3958/1784/152 3957/1785/152 3956/326/152
f 3955/1786/153 3959/1730/153 3957/1731/153 3958/1787/153
f 3960/1788/154 3963/328/154 3964/329/154 3966/1789/154
f 3961/1735/155 3965/1736/155 3964/1737/155 3963/331/155
f 3962/1790/156 3966/1791/156 3964/1792/156 3965/1741/156
f 3967/1742/157 3970/1743/157 3971/1744/157 3973/1939/157
f 3968/1793/158 3972/1794/158 3971/1942/158 3970/1748/158
f 3969/1796/159 3973/1941/159 3971/1942/159 3972/1794/159
f 3974/1750/160 3977/338/160 3978/339/160 3980/1751/160
f 3975/1797/161 3979/1798/161 3978/1799/161 3977/341/161
f 3976/1800/162 3980/1756/162 3978/1799/162 3979/1798/162
f 3981/1757/163 3984/1801/163 3985/1893/163 3987/344/163
f 3982/1804/164 3986/1805/164 3985/1893/164 3984/1801/164
f 3983/1806/165 3987/344/165 3985/1893/165 3986/1805/165
f 3988/1764/166 3991/347/166 3992/1839/166 3994/1923/166
f 3989/1808/167 3993/1809/167 3992/1839/167 3991/347/167
f 3990/1810/168 3994/1923/168 3992/1839/168 3993/1809/168
f 3995/1770/169 3998/351/169 3999/1943/169 4001/1772/169
f 3996/1812/170 4000/1813/170 3999/1943/170 3998/351/170
f 3997/1814/171 4001/1772/171 3999/1943/171 4000/1813/171
f 4002/1776/172 4005/1777/172 4006/1897/172 4008/356/172
f 4003/1817/173 4007/1818/173 4006/1897/173 4005/1777/173
f 4004/1819/174 4008/356/174 4006/1897/174 4007/1818/174
f 3967/1742/175 3953/1724/175 3959/1725/175 3970/1743/175
f 3970/1748/205 3959/1730/205 3955/1786/205 3968/1793/205
f 3954/1783/177 3960/1788/177 3966/1789/177 3958/1784/177
f 3958/1787/178 3966/1791/178 3962/1790/178 3955/1786/178
f 3961/1735/179 3974/1750/179 3980/1751/179 3965/1736/179
f 3965/1741/180 3980/1756/180 3976/1800/180 3962/1790/180
f 3975/1797/181 3969/1796/181 3972/1794/181 3979/1798/181
f 3979/1798/204 3972/1794/204 3968/1793/204 3976/1800/204
f 3995/1770/183 3967/1742/183 3973/1939/183 3998/351/183
f 3998/351/209 3973/1941/209 3969/1796/209 3996/1812/209
f 3974/1750/185 4002/1776/185 4008/356/185 3977/338/185
f 3977/341/210 4008/356/210 4004/1819/210 3975/1797/210
f 4003/1817/187 3997/1814/187 4000/1813/187 4007/1818/187
f 4007/1818/188 4000/1813/188 3996/1812/188 4004/1819/188
f 3981/1757/189 3995/1770/189 4001/1772/189 3984/1801/189
f 3984/1801/218 4001/1772/218 3997/1814/218 3982/1804/218
f 4002/1776/191 3988/1764/191 3994/1923/191 4005/1777/191
f 4005/1777/192 3994/1923/192 3990/1810/192 4003/1817/192
f 3989/1808/193 3983/1806/193 3986/1805/193 3993/1809/193
f 3993/1809/194 3986/1805/194 3982/1804/194 3990/1810/194
f 3953/1724/195 3981/1757/195 3987/344/195 3956/323/195
f 3956/326/196 3987/344/196 3983/1806/196 3954/1783/196
f 3988/1764/197 3961/1735/197 3963/331/197 3991/347/197
f 3991/347/198 3963/328/198 3960/1788/198 3989/1808/198
f 3967/1742/145 3995/1770/145 3981/1757/145 3953/1724/145
f 3955/1786/146 3962/1790/146 3976/1800/146 3968/1793/146
f 3983/1806/147 3989/1808/147 3960/1788/147 3954/1783/147
f 4002/1776/148 3974/1750/148 3961/1735/148 3988/1764/148
f 3969/1796/149 3975/1797/149 4004/1819/149 3996/1812/149
f 3997/1814/150 4003/1817/150 3990/1810/150 3982/1804/150
f 4009/1724/151 4012/323/151 4013/324/151 4015/1725/151
f 4010/1820/152 4014/1821/152 4013/1822/152 4012/326/152
f 4011/1823/153 4015/1730/153 4013/1731/153 4014/1824/153
f 4016/1825/154 4019/328/154 4020/329/154 4022/1826/154
f 4017/1735/155 4021/1736/155 4020/1737/155 4019/331/155
f 4018/1827/156 4022/1828/156 4020/1829/156 4021/1741/156
f 4023/1742/157 4026/1743/157 4027/1744/157 4029/1939/157
f 4024/1793/158 4028/1902/158 4027/1944/158 4026/1748/158
f 4025/1832/159 4029/1941/159 4027/1944/159 4028/1902/159
f 4030/1750/160 4033/338/160 4034/339/160 4036/1751/160
f 4031/1833/161 4035/1834/161 4034/1835/161 4033/341/161
f 4032/1836/162 4036/1756/162 4034/1835/162 4035/1834/162
f 4037/1757/163 4040/1801/163 4041/1874/163 4043/344/163
f 4038/1804/164 4042/1837/164 4041/1874/164 4040/1801/164
f 4039/1838/165 4043/344/165 4041/1874/165 4042/1837/165
f 4044/1764/166 4047/347/166 4048/1945/166 4050/1923/166
f 4045/1840/167 4049/1841/167 4048/1945/167 4047/347/167
f 4046/1842/168 4050/1923/168 4048/1945/168 4049/1841/168
f 4051/1770/169 4054/351/169 4055/1771/169 4057/1772/169
f 4052/1844/170 4056/1845/170 4055/1771/170 4054/351/170
f 4053/1846/171 4057/1772/171 4055/1771/171 4056/1845/171
f 4058/1776/172 4061/1777/172 4062/1847/172 4064/356/172
f 4059/1848/173 4063/1849/173 4062/1847/173 4061/1777/173
f 4060/1850/174 4064/356/174 4062/1847/174 4063/1849/174
f 4023/1742/175 4009/1724/175 4015/1725/175 4026/1743/175
f 4026/1748/205 4015/1730/205 4011/1823/205 4024/1793/205
f 4010/1820/177 4016/1825/177 4022/1826/177 4014/1821/177
f 4014/1824/178 4022/1828/178 4018/1827/178 4011/1823/178
f 4017/1735/179 4030/1750/179 4036/1751/179 4021/1736/179
f 4021/1741/180 4036/1756/180 4032/1836/180 4018/1827/180
f 4031/1833/181 4025/1832/181 4028/1902/181 4035/1834/181
f 4035/1834/182 4028/1902/182 4024/1793/182 4032/1836/182
f 4051/1770/183 4023/1742/183 4029/1939/183 4054/351/183
f 4054/351/209 4029/1941/209 4025/1832/209 4052/1844/209
f 4030/1750/185 4058/1776/185 4064/356/185 4033/338/185
f 4033/341/186 4064/356/186 4060/1850/186 4031/1833/186
f 4059/1848/187 4053/1846/187 4056/1845/187 4063/1849/187
f 4063/1849/188 4056/1845/188 4052/1844/188 4060/1850/188
f 4037/1757/189 4051/1770/189 4057/1772/189 4040/1801/189
f 4040/1801/218 4057/1772/218 4053/1846/218 4038/1804/218
f 4058/1776/191 4044/1764/191 4050/1923/191 4061/1777/191
f 4061/1777/192 4050/1923/192 4046/1842/192 4059/1848/192
f 4045/1840/193 4039/1838/193 4042/1837/193 4049/1841/193
f 4049/1841/200 4042/1837/200 4038/1804/200 4046/1842/200
f 4009/1724/195 4037/1757/195 4043/344/195 4012/323/195
f 4012/326/202 4043/344/202 4039/1838/202 4010/1820/202
f 4044/1764/197 4017/1735/197 4019/331/197 4047/347/197
f 4047/347/198 4019/328/198 4016/1825/198 4045/1840/198
f 4023/1742/145 4051/1770/145 4037/1757/145 4009/1724/145
f 4011/1823/146 4018/1827/146 4032/1836/146 4024/1793/146
f 4039/1838/147 4045/1840/147 4016/1825/147 4010/1820/147
f 4058/1776/148 4030/1750/148 4017/1735/148 4044/1764/148
f 4025/1832/149 4031/1833/149 4060/1850/149 4052/1844/149
f 4053/1846/150 4059/1848/150 4046/1842/150 4038/1804/150
f 4065/1851/151 4068/323/151 4069/324/151 4071/1852/151
f 4066/1726/152 4070/1727/152 4069/1728/152 4068/326/152
f 4067/1853/153 4071/1854/153 4069/1855/153 4070/1732/153
f 4072/1733/154 4075/328/154 4076/329/154 4078/1734/154
f 4073/1856/155 4077/1857/155 4076/1858/155 4075/331/155
f 4074/1859/156 4078/1739/156 4076/1740/156 4077/1860/156
f 4079/1861/157 4082/1862/157 4083/1863/157 4085/1939/157
f 4080/1864/158 4084/1865/158 4083/1940/158 4082/1866/158
f 4081/1749/159 4085/1941/159 4083/1940/159 4084/1865/159
f 4086/1867/160 4089/338/160 4090/339/160 4092/1868/160
f 4087/1752/161 4091/1753/161 4090/1869/161 4089/341/161
f 4088/1870/162 4092/1871/162 4090/1869/162 4091/1753/162
f 4093/1872/163 4096/1873/163 4097/1946/163 4099/344/163
f 4094/1875/164 4098/1762/164 4097/1946/164 4096/1873/164
f 4095/1763/165 4099/344/165 4097/1946/165 4098/1762/165
f 4100/1876/166 4103/347/166 4104/1807/166 4106/1877/166
f 4101/1767/167 4105/1768/167 4104/1807/167 4103/347/167
f 4102/1878/168 4106/1877/168 4104/1807/168 4105/1768/168
f 4107/1879/169 4110/351/169 4111/1895/169 4113/1881/169
f 4108/1773/170 4112/1774/170 4111/1895/170 4110/351/170
f 4109/1882/171 4113/1881/171 4111/1895/171 4112/1774/171
f 4114/1883/172 4117/1884/172 4118/1947/172 4120/356/172
f 4115/1885/173 4119/1781/173 4118/1947/173 4117/1884/173
f 4116/1782/174 4120/356/174 4118/1947/174 4119/1781/174
f 4079/1861/175 4065/1851/175 4071/1852/175 4082/1862/175
f 4082/1866/205 4071/1854/205 4067/1853/205 4080/1864/205
f 4066/1726/177 4072/1733/177 4078/1734/177 4070/1727/177
f 4070/1732/178 4078/1739/178 4074/1859/178 4067/1853/178
f 4073/1856/179 4086/1867/179 4092/1868/179 4077/1857/179
f 4077/1860/242 4092/1871/242 4088/1870/242 4074/1859/242
f 4087/1752/181 4081/1749/181 4084/1865/181 4091/1753/181
f 4091/1753/182 4084/1865/182 4080/1864/182 4088/1870/182
f 4107/1879/183 4079/1861/183 4085/1939/183 4110/351/183
f 4110/351/209 4085/1941/209 4081/1749/209 4108/1773/209
f 4086/1867/185 4114/1883/185 4120/356/185 4089/338/185
f 4089/341/210 4120/356/210 4116/1782/210 4087/1752/210
f 4115/1885/187 4109/1882/187 4112/1774/187 4119/1781/187
f 4119/1781/188 4112/1774/188 4108/1773/188 4116/1782/188
f 4093/1872/189 4107/1879/189 4113/1881/189 4096/1873/189
f 4096/1873/218 4113/1881/218 4109/1882/218 4094/1875/218
f 4114/1883/191 4100/1876/191 4106/1877/191 4117/1884/191
f 4117/1884/220 4106/1877/220 4102/1878/220 4115/1885/220
f 4101/1767/193 4095/1763/193 4098/1762/193 4105/1768/193
f 4105/1768/200 4098/1762/200 4094/1875/200 4102/1878/200
f 4065/1851/195 4093/1872/195 4099/344/195 4068/323/195
f 4068/326/202 4099/344/202 4095/1763/202 4066/1726/202
f 4100/1876/197 4073/1856/197 4075/331/197 4103/347/197
f 4103/347/386 4075/328/386 4072/1733/386 4101/1767/386
f 4079/1861/145 4107/1879/145 4093/1872/145 4065/1851/145
f 4067/1853/146 4074/1859/146 4088/1870/146 4080/1864/146
f 4095/1763/147 4101/1767/147 4072/1733/147 4066/1726/147
f 4114/1883/148 4086/1867/148 4073/1856/148 4100/1876/148
f 4081/1749/149 4087/1752/149 4116/1782/149 4108/1773/149
f 4109/1882/150 4115/1885/150 4102/1878/150 4094/1875/150
f 4121/1851/151 4124/323/151 4125/324/151 4127/1852/151
f 4122/1783/152 4126/1784/152 4125/1785/152 4124/326/152
f 4123/1886/153 4127/1854/153 4125/1855/153 4126/1787/153
f 4128/1788/154 4131/328/154 4132/329/154 4134/1789/154
f 4129/1856/155 4133/1857/155 4132/1858/155 4131/331/155
f 4130/1887/156 4134/1791/156 4132/1792/156 4133/1860/156
f 4135/1861/157 4138/1862/157 4139/1863/157 4141/1939/157
f 4136/1888/158 4140/1794/158 4139/1942/158 4138/1866/158
f 4137/1796/159 4141/1941/159 4139/1942/159 4140/1794/159
f 4142/1867/160 4145/338/160 4146/339/160 4148/1868/160
f 4143/1797/161 4147/1798/161 4146/1891/161 4145/341/161
f 4144/1892/162 4148/1871/162 4146/1891/162 4147/1798/162
f 4149/1872/163 4152/1873/163 4153/1948/163 4155/344/163
f 4150/1894/164 4154/1805/164 4153/1948/164 4152/1873/164
f 4151/1806/165 4155/344/165 4153/1948/165 4154/1805/165
f 4156/1876/166 4159/347/166 4160/1839/166 4162/1877/166
f 4157/1808/167 4161/1809/167 4160/1839/167 4159/347/167
f 4158/1878/168 4162/1877/168 4160/1839/168 4161/1809/168
f 4163/1879/169 4166/351/169 4167/1949/169 4169/1881/169
f 4164/1812/170 4168/1813/170 4167/1949/170 4166/351/170
f 4165/1896/171 4169/1881/171 4167/1949/171 4168/1813/171
f 4170/1883/172 4173/1884/172 4174/1950/172 4176/356/172
f 4171/1898/173 4175/1818/173 4174/1950/173 4173/1884/173
f 4172/1819/174 4176/356/174 4174/1950/174 4175/1818/174
f 4135/1861/175 4121/1851/175 4127/1852/175 4138/1862/175
f 4138/1866/205 4127/1854/205 4123/1886/205 4136/1888/205
f 4122/1783/177 4128/1788/177 4134/1789/177 4126/1784/177
f 4126/1787/178 4134/1791/178 4130/1887/178 4123/1886/178
f 4129/1856/179 4142/1867/179 4148/1868/179 4133/1857/179
f 4133/1860/242 4148/1871/242 4144/1892/242 4130/1887/242
f 4143/1797/181 4137/1796/181 4140/1794/181 4147/1798/181
f 4147/1798/204 4140/1794/204 4136/1888/204 4144/1892/204
f 4163/1879/183 4135/1861/183 4141/1939/183 4166/351/183
f 4166/351/184 4141/1941/184 4137/1796/184 4164/1812/184
f 4142/1867/185 4170/1883/185 4176/356/185 4145/338/185
f 4145/341/210 4176/356/210 4172/1819/210 4143/1797/210
f 4171/1898/187 4165/1896/187 4168/1813/187 4175/1818/187
f 4175/1818/188 4168/1813/188 4164/1812/188 4172/1819/188
f 4149/1872/189 4163/1879/189 4169/1881/189 4152/1873/189
f 4152/1873/190 4169/1881/190 4165/1896/190 4150/1894/190
f 4170/1883/191 4156/1876/191 4162/1877/191 4173/1884/191
f 4173/1884/220 4162/1877/220 4158/1878/220 4171/1898/220
f 4157/1808/193 4151/1806/193 4154/1805/193 4161/1809/193
f 4161/1809/200 4154/1805/200 4150/1894/200 4158/1878/200
f 4121/1851/195 4149/1872/195 4155/344/195 4124/323/195
f 4124/326/202 4155/344/202 4151/1806/202 4122/1783/202
f 4156/1876/197 4129/1856/197 4131/331/197 4159/347/197
f 4159/347/386 4131/328/386 4128/1788/386 4157/1808/386
f 4135/1861/145 4163/1879/145 4149/1872/145 4121/1851/145
f 4123/1886/146 4130/1887/146 4144/1892/146 4136/1888/146
f 4151/1806/147 4157/1808/147 4128/1788/147 4122/1783/147
f 4170/1883/148 4142/1867/148 4129/1856/148 4156/1876/148
f 4137/1796/149 4143/1797/149 4172/1819/149 4164/1812/149
f 4165/1896/150 4171/1898/150 4158/1878/150 4150/1894/150
f 4177/1851/151 4180/323/151 4181/324/151 4183/1852/151
f 4178/1820/152 4182/1821/152 4181/1822/152 4180/326/152
f 4179/1899/153 4183/1854/153 4181/1855/153 4182/1824/153
f 4184/1825/154 4187/328/154 4188/329/154 4190/1826/154
f 4185/1856/155 4189/1857/155 4188/1858/155 4187/331/155
f 4186/1900/156 4190/1828/156 4188/1829/156 4189/1860/156
f 4191/1861/157 4194/1862/157 4195/1863/157 4197/1939/157
f 4192/1901/158 4196/1902/158 4195/1944/158 4194/1866/158
f 4193/1832/159 4197/1941/159 4195/1944/159 4196/1902/159
f 4198/1867/160 4201/338/160 4202/339/160 4204/1868/160
f 4199/1833/161 4203/1834/161 4202/1903/161 4201/341/161
f 4200/1904/162 4204/1871/162 4202/1903/162 4203/1834/162
f 4205/1872/163 4208/1873/163 4209/1946/163 4211/344/163
f 4206/1905/164 4210/1837/164 4209/1946/164 4208/1873/164
f 4207/1838/165 4211/344/165 4209/1946/165 4210/1837/165
f 4212/1876/166 4215/347/166 4216/1945/166 4218/1877/166
f 4213/1840/167 4217/1841/167 4216/1945/167 4215/347/167
f 4214/1906/168 4218/1877/168 4216/1945/168 4217/1841/168
f 4219/1879/169 4222/351/169 4223/1880/169 4225/1881/169
f 4220/1844/170 4224/1845/170 4223/1880/170 4222/351/170
f 4221/1908/171 4225/1881/171 4223/1880/171 4224/1845/171
f 4226/1883/172 4229/1884/172 4230/1951/172 4232/356/172
f 4227/1909/173 4231/1849/173 4230/1951/173 4229/1884/173
f 4228/1850/174 4232/356/174 4230/1951/174 4231/1849/174
f 4191/1861/175 4177/1851/175 4183/1852/175 4194/1862/175
f 4194/1866/205 4183/1854/205 4179/1899/205 4192/1901/205
f 4178/1820/177 4184/1825/177 4190/1826/177 4182/1821/177
f 4182/1824/178 4190/1828/178 4186/1900/178 4179/1899/178
f 4185/1856/179 4198/1867/179 4204/1868/179 4189/1857/179
f 4189/1860/180 4204/1871/180 4200/1904/180 4186/1900/180
f 4199/1833/181 4193/1832/181 4196/1902/181 4203/1834/181
f 4203/1834/182 4196/1902/182 4192/1901/182 4200/1904/182
f 4219/1879/183 4191/1861/183 4197/1939/183 4222/351/183
f 4222/351/209 4197/1941/209 4193/1832/209 4220/1844/209
f 4198/1867/185 4226/1883/185 4232/356/185 4201/338/185
f 4201/341/186 4232/356/186 4228/1850/186 4199/1833/186
f 4227/1909/187 4221/1908/187 4224/1845/187 4231/1849/187
f 4231/1849/188 4224/1845/188 4220/1844/188 4228/1850/188
f 4205/1872/189 4219/1879/189 4225/1881/189 4208/1873/189
f 4208/1873/218 4225/1881/218 4221/1908/218 4206/1905/218
f 4226/1883/191 4212/1876/191 4218/1877/191 4229/1884/191
f 4229/1884/192 4218/1877/192 4214/1906/192 4227/1909/192
f 4213/1840/193 4207/1838/193 4210/1837/193 4217/1841/193
f 4217/1841/200 4210/1837/200 4206/1905/200 4214/1906/200
f 4177/1851/195 4205/1872/195 4211/344/195 4180/323/195
f 4180/326/202 4211/344/202 4207/1838/202 4178/1820/202
f 4212/1876/197 4185/1856/197 4187/331/197 4215/347/197
f 4215/347/198 4187/328/198 4184/1825/198 4213/1840/198
f 4191/1861/145 4219/1879/145 4205/1872/145 4177/1851/145
f 4179/1899/146 4186/1900/146 4200/1904/146 4192/1901/146
f 4207/1838/147 4213/1840/147 4184/1825/147 4178/1820/147
f 4226/1883/148 4198/1867/148 4185/1856/148 4212/1876/148
f 4193/1832/149 4199/1833/149 4228/1850/149 4220/1844/149
f 4221/1908/150 4227/1909/150 4214/1906/150 4206/1905/150
f 4233/1910/151 4236/323/151 4237/324/151 4239/1852/151
f 4234/1726/152 4238/1727/152 4237/1728/152 4236/326/152
f 4235/1911/153 4239/1730/153 4237/1912/153 4238/1732/153
f 4240/1733/154 4243/328/154 4244/329/154 4246/1734/154
f 4241/1913/155 4245/1857/155 4244/1914/155 4243/331/155
f 4242/1915/156 4246/1739/156 4244/1740/156 4245/1916/156
f 4247/1917/157 4250/1743/157 4251/1863/157 4253/1939/157
f 4248/1918/158 4252/1865/158 4251/1940/158 4250/1919/158
f 4249/1749/159 4253/1941/159 4251/1940/159 4252/1865/159
f 4254/1750/160 4257/338/160 4258/339/160 4260/1751/160
f 4255/1752/161 4259/1753/161 4258/1920/161 4257/341/161
f 4256/1921/162 4260/1756/162 4258/1920/162 4259/1753/162
f 4261/1872/163 4264/1873/163 4265/1874/163 4267/344/163
f 4262/1875/164 4266/1762/164 4265/1874/164 4264/1873/164
f 4263/1763/165 4267/344/165 4265/1874/165 4266/1762/165
f 4268/1922/166 4271/347/166 4272/1807/166 4274/1766/166
f 4269/1767/167 4273/1768/167 4272/1807/167 4271/347/167
f 4270/1924/168 4274/1766/168 4272/1807/168 4273/1768/168
f 4275/1770/169 4278/351/169 4279/1895/169 4281/1772/169
f 4276/1773/170 4280/1774/170 4279/1895/170 4278/351/170
f 4277/1925/171 4281/1772/171 4279/1895/171 4280/1774/171
f 4282/1926/172 4285/1884/172 4286/1947/172 4288/356/172
f 4283/1927/173 4287/1781/173 4286/1947/173 4285/1884/173
f 4284/1782/174 4288/356/174 4286/1947/174 4287/1781/174
f 4247/1917/175 4233/1910/175 4239/1852/175 4250/1743/175
f 4250/1919/205 4239/1730/205 4235/1911/205 4248/1918/205
f 4234/1726/177 4240/1733/177 4246/1734/177 4238/1727/177
f 4238/1732/178 4246/1739/178 4242/1915/178 4235/1911/178
f 4241/1913/179 4254/1750/179 4260/1751/179 4245/1857/179
f 4245/1916/242 4260/1756/242 4256/1921/242 4242/1915/242
f 4255/1752/181 4249/1749/181 4252/1865/181 4259/1753/181
f 4259/1753/182 4252/1865/182 4248/1918/182 4256/1921/182
f 4275/1770/183 4247/1917/183 4253/1939/183 4278/351/183
f 4278/351/184 4253/1941/184 4249/1749/184 4276/1773/184
f 4254/1750/185 4282/1926/185 4288/356/185 4257/338/185
f 4257/341/210 4288/356/210 4284/1782/210 4255/1752/210
f 4283/1927/187 4277/1925/187 4280/1774/187 4287/1781/187
f 4287/1781/199 4280/1774/199 4276/1773/199 4284/1782/199
f 4261/1872/189 4275/1770/189 4281/1772/189 4264/1873/189
f 4264/1873/218 4281/1772/218 4277/1925/218 4262/1875/218
f 4282/1926/191 4268/1922/191 4274/1766/191 4285/1884/191
f 4285/1884/220 4274/1766/220 4270/1924/220 4283/1927/220
f 4269/1767/193 4263/1763/193 4266/1762/193 4273/1768/193
f 4273/1768/194 4266/1762/194 4262/1875/194 4270/1924/194
f 4233/1910/195 4261/1872/195 4267/344/195 4236/323/195
f 4236/326/202 4267/344/202 4263/1763/202 4234/1726/202
f 4268/1922/197 4241/1913/197 4243/331/197 4271/347/197
f 4271/347/386 4243/328/386 4240/1733/386 4269/1767/386
f 4247/1917/145 4275/1770/145 4261/1872/145 4233/1910/145
f 4235/1911/146 4242/1915/146 4256/1921/146 4248/1918/146
f 4263/1763/147 4269/1767/147 4240/1733/147 4234/1726/147
f 4282/1926/148 4254/1750/148 4241/1913/148 4268/1922/148
f 4249/1749/149 4255/1752/149 4284/1782/149 4276/1773/149
f 4277/1925/150 4283/1927/150 4270/1924/150 4262/1875/150
f 4289/1910/151 4292/323/151 4293/324/151 4295/1852/151
f 4290/1783/152 4294/1784/152 4293/1785/152 4292/326/152
f 4291/1928/153 4295/1730/153 4293/1912/153 4294/1787/153
f 4296/1788/154 4299/328/154 4300/329/154 4302/1789/154
f 4297/1913/155 4301/1857/155 4300/1914/155 4299/331/155
f 4298/1929/156 4302/1791/156 4300/1792/156 4301/1916/156
f 4303/1917/157 4306/1743/157 4307/1863/157 4309/1939/157
f 4304/1930/158 4308/1794/158 4307/1942/158 4306/1919/158
f 4305/1796/159 4309/1941/159 4307/1942/159 4308/1794/159
f 4310/1750/160 4313/338/160 4314/339/160 4316/1751/160
f 4311/1797/161 4315/1798/161 4314/1931/161 4313/341/161
f 4312/1932/162 4316/1756/162 4314/1931/162 4315/1798/162
f 4317/1872/163 4320/1873/163 4321/1893/163 4323/344/163
f 4318/1905/164 4322/1805/164 4321/1893/164 4320/1873/164
f 4319/1806/165 4323/344/165 4321/1893/165 4322/1805/165
f 4324/1922/166 4327/347/166 4328/1839/166 4330/1923/166
f 4325/1808/167 4329/1809/167 4328/1839/167 4327/347/167
f 4326/1933/168 4330/1923/168 4328/1839/168 4329/1809/168
f 4331/1770/169 4334/351/169 4335/1949/169 4337/1772/169
f 4332/1812/170 4336/1813/170 4335/1949/170 4334/351/170
f 4333/1896/171 4337/1772/171 4335/1949/171 4336/1813/171
f 4338/1926/172 4341/1884/172 4342/1950/172 4344/356/172
f 4339/1898/173 4343/1818/173 4342/1950/173 4341/1884/173
f 4340/1819/174 4344/356/174 4342/1950/174 4343/1818/174
f 4303/1917/175 4289/1910/175 4295/1852/175 4306/1743/175
f 4306/1919/205 4295/1730/205 4291/1928/205 4304/1930/205
f 4290/1783/177 4296/1788/177 4302/1789/177 4294/1784/177
f 4294/1787/178 4302/1791/178 4298/1929/178 4291/1928/178
f 4297/1913/179 4310/1750/179 4316/1751/179 4301/1857/179
f 4301/1916/180 4316/1756/180 4312/1932/180 4298/1929/180
f 4311/1797/181 4305/1796/181 4308/1794/181 4315/1798/181
f 4315/1798/204 4308/1794/204 4304/1930/204 4312/1932/204
f 4331/1770/183 4303/1917/183 4309/1939/183 4334/351/183
f 4334/351/184 4309/1941/184 4305/1796/184 4332/1812/184
f 4310/1750/185 4338/1926/185 4344/356/185 4313/338/185
f 4313/341/186 4344/356/186 4340/1819/186 4311/1797/186
f 4339/1898/187 4333/1896/187 4336/1813/187 4343/1818/187
f 4343/1818/199 4336/1813/199 4332/1812/199 4340/1819/199
f 4317/1872/189 4331/1770/189 4337/1772/189 4320/1873/189
f 4320/1873/218 4337/1772/218 4333/1896/218 4318/1905/218
f 4338/1926/191 4324/1922/191 4330/1923/191 4341/1884/191
f 4341/1884/192 4330/1923/192 4326/1933/192 4339/1898/192
f 4325/1808/193 4319/1806/193 4322/1805/193 4329/1809/193
f 4329/1809/194 4322/1805/194 4318/1905/194 4326/1933/194
f 4289/1910/195 4317/1872/195 4323/344/195 4292/323/195
f 4292/326/202 4323/344/202 4319/1806/202 4290/1783/202
f 4324/1922/197 4297/1913/197 4299/331/197 4327/347/197
f 4327/347/386 4299/328/386 4296/1788/386 4325/1808/386
f 4303/1917/145 4331/1770/145 4317/1872/145 4289/1910/145
f 4291/1928/146 4298/1929/146 4312/1932/146 4304/1930/146
f 4319/1806/147 4325/1808/147 4296/1788/147 4290/1783/147
f 4338/1926/148 4310/1750/148 4297/1913/148 4324/1922/148
f 4305/1796/149 4311/1797/149 4340/1819/149 4332/1812/149
f 4333/1896/150 4339/1898/150 4326/1933/150 4318/1905/150
f 4345/1910/151 4348/323/151 4349/324/151 4351/1852/151
f 4346/1820/152 4350/1821/152 4349/1822/152 4348/326/152
f 4347/1934/153 4351/1730/153 4349/1912/153 4350/1824/153
f 4352/1825/154 4355/328/154 4356/329/154 4358/1826/154
f 4353/1913/155 4357/1857/155 4356/1914/155 4355/331/155
f 4354/1935/156 4358/1828/156 4356/1829/156 4357/1916/156
f 4359/1917/157 4362/1743/157 4363/1863/157 4365/1939/157
f 4360/1930/158 4364/1902/158 4363/1944/158 4362/1919/158
f 4361/1832/159 4365/1941/159 4363/1944/159 4364/1902/159
f 4366/1750/160 4369/338/160 4370/339/160 4372/1751/160
f 4367/1833/161 4371/1834/161 4370/1936/161 4369/341/161
f 4368/1937/162 4372/1756/162 4370/1936/162 4371/1834/162
f 4373/1872/163 4376/1873/163 4377/1874/163 4379/344/163
f 4374/1938/164 4378/1837/164 4377/1874/164 4376/1873/164
f 4375/1838/165 4379/344/165 4377/1874/165 4378/1837/165
f 4380/1922/166 4383/347/166 4384/1945/166 4386/1923/166
f 4381/1840/167 4385/1841/167 4384/1945/167 4383/347/167
f 4382/1842/168 4386/1923/168 4384/1945/168 4385/1841/168
f 4387/1770/169 4390/351/169 4391/1880/169 4393/1772/169
f 4388/1844/170 4392/1845/170 4391/1880/170 4390/351/170
f 4389/1896/171 4393/1772/171 4391/1880/171 4392/1845/171
f 4394/1926/172 4397/1884/172 4398/1951/172 4400/356/172
f 4395/1909/173 4399/1849/173 4398/1951/173 4397/1884/173
f 4396/1850/174 4400/356/174 4398/1951/174 4399/1849/174
f 4359/1917/175 4345/1910/175 4351/1852/175 4362/1743/175
f 4362/1919/205 4351/1730/205 4347/1934/205 4360/1930/205
f 4346/1820/177 4352/1825/177 4358/1826/177 4350/1821/177
f 4350/1824/178 4358/1828/178 4354/1935/178 4347/1934/178
f 4353/1913/179 4366/1750/179 4372/1751/179 4357/1857/179
f 4357/1916/180 4372/1756/180 4368/1937/180 4354/1935/180
f 4367/1833/181 4361/1832/181 4364/1902/181 4371/1834/181
f 4371/1834/182 4364/1902/182 4360/1930/182 4368/1937/182
f 4387/1770/183 4359/1917/183 4365/1939/183 4390/351/183
f 4390/351/209 4365/1941/209 4361/1832/209 4388/1844/209
f 4366/1750/185 4394/1926/185 4400/356/185 4369/338/185
f 4369/341/186 4400/356/186 4396/1850/186 4367/1833/186
f 4395/1909/187 4389/1896/187 4392/1845/187 4399/1849/187
f 4399/1849/199 4392/1845/199 4388/1844/199 4396/1850/199
f 4373/1872/189 4387/1770/189 4393/1772/189 4376/1873/189
f 4376/1873/218 4393/1772/218 4389/1896/218 4374/1938/218
f 4394/1926/191 4380/1922/191 4386/1923/191 4397/1884/191
f 4397/1884/192 4386/1923/192 4382/1842/192 4395/1909/192
f 4381/1840/193 4375/1838/193 4378/1837/193 4385/1841/193
f 4385/1841/200 4378/1837/200 4374/1938/200 4382/1842/200
f 4345/1910/195 4373/1872/195 4379/344/195 4348/323/195
f 4348/326/202 4379/344/202 4375/1838/202 4346/1820/202
f 4380/1922/197 4353/1913/197 4355/331/197 4383/347/197
f 4383/347/198 4355/328/198 4352/1825/198 4381/1840/198
f 4359/1917/145 4387/1770/145 4373/1872/145 4345/1910/145
f 4347/1934/146 4354/1935/146 4368/1937/146 4360/1930/146
f 4375/1838/147 4381/1840/147 4352/1825/147 4346/1820/147
f 4394/1926/148 4366/1750/148 4353/1913/148 4380/1922/148
f 4361/1832/149 4367/1833/149 4396/1850/149 4388/1844/149
f 4389/1896/150 4395/1909/150 4382/1842/150 4374/1938/150
f 4401/1952/151 4404/1953/151 4405/1954/151 4407/1955/151
f 4402/1956/152 4406/1727/152 4405/1728/152 4404/1957/152
f 4403/1958/153 4407/1959/153 4405/1960/153 4406/1732/153
f 4408/1961/154 4411/1962/154 4412/1963/154 4414/1734/154
f 4409/1964/155 4413/1965/155 4412/1966/155 4411/1967/155
f 4410/1968/156 4414/1739/156 4412/1740/156 4413/1969/156
f 4415/1970/157 4418/1971/157 4419/1972/157 4421/1973/157
f 4416/1974/158 4420/1865/158 4419/1975/158 4418/1976/158
f 4417/1977/159 4421/1978/159 4419/1975/159 4420/1865/159
f 4422/1979/160 4425/1980/160 4426/1981/160 4428/1982/160
f 4423/1983/161 4427/1753/161 4426/1984/161 4425/1985/161
f 4424/1986/162 4428/1987/162 4426/1984/162 4427/1753/162
f 4429/1988/163 4432/1989/163 4433/1990/163 4435/1991/163
f 4430/1992/164 4434/1762/164 4433/1990/164 4432/1989/164
f 4431/1993/165 4435/1991/165 4433/1990/165 4434/1762/165
f 4436/1994/166 4439/1995/166 4440/1996/166 4442/1997/166
f 4437/1998/167 4441/1768/167 4440/1996/167 4439/1995/167
f 4438/1999/168 4442/1997/168 4440/1996/168 4441/1768/168
f 4443/2000/169 4446/2001/169 4447/427/169 4449/2002/169
f 4444/2003/170 4448/1774/170 4447/427/170 4446/2001/170
f 4445/2004/171 4449/2002/171 4447/427/171 4448/1774/171
f 4450/2005/172 4453/2006/172 4454/2007/172 4456/2008/172
f 4451/2009/173 4455/1781/173 4454/2007/173 4453/2006/173
f 4452/2010/174 4456/2008/174 4454/2007/174 4455/1781/174
f 4415/1970/175 4401/1952/175 4407/1955/175 4418/1971/175
f 4418/1976/176 4407/1959/176 4403/1958/176 4416/1974/176
f 4402/1956/206 4408/1961/206 4414/1734/206 4406/1727/206
f 4406/1732/178 4414/1739/178 4410/1968/178 4403/1958/178
f 4409/1964/179 4422/1979/179 4428/1982/179 4413/1965/179
f 4413/1969/180 4428/1987/180 4424/1986/180 4410/1968/180
f 4423/1983/181 4417/1977/181 4420/1865/181 4427/1753/181
f 4427/1753/204 4420/1865/204 4416/1974/204 4424/1986/204
f 4443/2000/183 4415/1970/183 4421/1973/183 4446/2001/183
f 4446/2001/184 4421/1978/184 4417/1977/184 4444/2003/184
f 4422/1979/185 4450/2005/185 4456/2008/185 4425/1980/185
f 4425/1985/186 4456/2008/186 4452/2010/186 4423/1983/186
f 4451/2009/187 4445/2004/187 4448/1774/187 4455/1781/187
f 4455/1781/199 4448/1774/199 4444/2003/199 4452/2010/199
f 4429/1988/189 4443/2000/189 4449/2002/189 4432/1989/189
f 4432/1989/218 4449/2002/218 4445/2004/218 4430/1992/218
f 4450/2005/191 4436/1994/191 4442/1997/191 4453/2006/191
f 4453/2006/220 4442/1997/220 4438/1999/220 4451/2009/220
f 4437/1998/193 4431/1993/193 4434/1762/193 4441/1768/193
f 4441/1768/200 4434/1762/200 4430/1992/200 4438/1999/200
f 4401/1952/195 4429/1988/195 4435/1991/195 4404/1953/195
f 4404/1957/196 4435/1991/196 4431/1993/196 4402/1956/196
f 4436/1994/197 4409/1964/197 4411/1967/197 4439/1995/197
f 4439/1995/198 4411/1962/198 4408/1961/198 4437/1998/198
f 4415/1970/145 4443/2000/145 4429/1988/145 4401/1952/145
f 4403/1958/146 4410/1968/146 4424/1986/146 4416/1974/146
f 4431/1993/147 4437/1998/147 4408/1961/147 4402/1956/147
f 4450/2005/148 4422/1979/148 4409/1964/148 4436/1994/148
f 4417/1977/149 4423/1983/149 4452/2010/149 4444/2003/149
f 4445/2004/150 4451/2009/150 4438/1999/150 4430/1992/150
f 4457/1952/151 4460/1953/151 4461/1954/151 4463/1955/151
f 4458/2011/152 4462/1784/152 4461/1785/152 4460/1957/152
f 4459/2012/153 4463/1959/153 4461/1960/153 4462/1787/153
f 4464/2013/154 4467/1962/154 4468/1963/154 4470/1789/154
f 4465/1964/155 4469/1965/155 4468/1966/155 4467/1967/155
f 4466/2014/156 4470/1791/156 4468/1792/156 4469/1969/156
f 4471/1970/157 4474/1971/157 4475/1972/157 4477/1973/157
f 4472/2015/158 4476/1794/158 4475/2016/158 4474/1976/158
f 4473/2017/159 4477/1978/159 4475/2016/159 4476/1794/159
f 4478/1979/160 4481/1980/160 4482/1981/160 4484/1982/160
f 4479/2018/161 4483/1798/161 4482/2019/161 4481/1985/161
f 4480/2020/162 4484/1987/162 4482/2019/162 4483/1798/162
f 4485/1988/163 4488/1989/163 4489/2021/163 4491/1991/163
f 4486/2022/164 4490/1805/164 4489/2021/164 4488/1989/164
f 4487/2023/165 4491/1991/165 4489/2021/165 4490/1805/165
f 4492/1994/166 4495/1995/166 4496/2024/166 4498/1997/166
f 4493/2025/167 4497/1809/167 4496/2024/167 4495/1995/167
f 4494/2026/168 4498/1997/168 4496/2024/168 4497/1809/168
f 4499/2000/169 4502/2001/169 4503/427/169 4505/2002/169
f 4500/2027/170 4504/1813/170 4503/427/170 4502/2001/170
f 4501/2028/171 4505/2002/171 4503/427/171 4504/1813/171
f 4506/2005/172 4509/2006/172 4510/2029/172 4512/2008/172
f 4507/2030/173 4511/1818/173 4510/2029/173 4509/2006/173
f 4508/2031/174 4512/2008/174 4510/2029/174 4511/1818/174
f 4471/1970/175 4457/1952/175 4463/1955/175 4474/1971/175
f 4474/1976/205 4463/1959/205 4459/2012/205 4472/2015/205
f 4458/2011/206 4464/2013/206 4470/1789/206 4462/1784/206
f 4462/1787/178 4470/1791/178 4466/2014/178 4459/2012/178
f 4465/1964/179 4478/1979/179 4484/1982/179 4469/1965/179
f 4469/1969/180 4484/1987/180 4480/2020/180 4466/2014/180
f 4479/2018/181 4473/2017/181 4476/1794/181 4483/1798/181
f 4483/1798/204 4476/1794/204 4472/2015/204 4480/2020/204
f 4499/2000/183 4471/1970/183 4477/1973/183 4502/2001/183
f 4502/2001/184 4477/1978/184 4473/2017/184 4500/2027/184
f 4478/1979/185 4506/2005/185 4512/2008/185 4481/1980/185
f 4481/1985/186 4512/2008/186 4508/2031/186 4479/2018/186
f 4507/2030/187 4501/2028/187 4504/1813/187 4511/1818/187
f 4511/1818/199 4504/1813/199 4500/2027/199 4508/2031/199
f 4485/1988/189 4499/2000/189 4505/2002/189 4488/1989/189
f 4488/1989/218 4505/2002/218 4501/2028/218 4486/2022/218
f 4506/2005/191 4492/1994/191 4498/1997/191 4509/2006/191
f 4509/2006/220 4498/1997/220 4494/2026/220 4507/2030/220
f 4493/2025/193 4487/2023/193 4490/1805/193 4497/1809/193
f 4497/1809/200 4490/1805/200 4486/2022/200 4494/2026/200
f 4457/1952/195 4485/1988/195 4491/1991/195 4460/1953/195
f 4460/1957/196 4491/1991/196 4487/2023/196 4458/2011/196
f 4492/1994/197 4465/1964/197 4467/1967/197 4495/1995/197
f 4495/1995/198 4467/1962/198 4464/2013/198 4493/2025/198
f 4471/1970/145 4499/2000/145 4485/1988/145 4457/1952/145
f 4459/2012/146 4466/2014/146 4480/2020/146 4472/2015/146
f 4487/2023/147 4493/2025/147 4464/2013/147 4458/2011/147
f 4506/2005/148 4478/1979/148 4465/1964/148 4492/1994/148
f 4473/2017/149 4479/2018/149 4508/2031/149 4500/2027/149
f 4501/2028/150 4507/2030/150 4494/2026/150 4486/2022/150
f 4513/1952/151 4516/1953/151 4517/1954/151 4519/1955/151
f 4514/2032/152 4518/1821/152 4517/1822/152 4516/1957/152
f 4515/2033/153 4519/1959/153 4517/1960/153 4518/1824/153
f 4520/2034/154 4523/1962/154 4524/1963/154 4526/1826/154
f 4521/1964/155 4525/1965/155 4524/1966/155 4523/1967/155
f 4522/2035/156 4526/1828/156 4524/1829/156 4525/1969/156
f 4527/1970/157 4530/1971/157 4531/1972/157 4533/1973/157
f 4528/2036/158 4532/1902/158 4531/2037/158 4530/1976/158
f 4529/2038/159 4533/1978/159 4531/2037/159 4532/1902/159
f 4534/1979/160 4537/1980/160 4538/1981/160 4540/1982/160
f 4535/2039/161 4539/1834/161 4538/2040/161 4537/1985/161
f 4536/2041/162 4540/1987/162 4538/2040/162 4539/1834/162
f 4541/1988/163 4544/1989/163 4545/1990/163 4547/1991/163
f 4542/2042/164 4546/1837/164 4545/1990/164 4544/1989/164
f 4543/2043/165 4547/1991/165 4545/1990/165 4546/1837/165
f 4548/1994/166 4551/1995/166 4552/2044/166 4554/1997/166
f 4549/2045/167 4553/1841/167 4552/2044/167 4551/1995/167
f 4550/2046/168 4554/1997/168 4552/2044/168 4553/1841/168
f 4555/2000/169 4558/2001/169 4559/2047/169 4561/2002/169
f 4556/2048/170 4560/1845/170 4559/2047/170 4558/2001/170
f 4557/2049/171 4561/2002/171 4559/2047/171 4560/1845/171
f 4562/2005/172 4565/2006/172 4566/2050/172 4568/2008/172
f 4563/2051/173 4567/1849/173 4566/2050/173 4565/2006/173
f 4564/2052/174 4568/2008/174 4566/2050/174 4567/1849/174
f 4527/1970/175 4513/1952/175 4519/1955/175 4530/1971/175
f 4530/1976/205 4519/1959/205 4515/2033/205 4528/2036/205
f 4514/2032/206 4520/2034/206 4526/1826/206 4518/1821/206
f 4518/1824/178 4526/1828/178 4522/2035/178 4515/2033/178
f 4521/1964/179 4534/1979/179 4540/1982/179 4525/1965/179
f 4525/1969/180 4540/1987/180 4536/2041/180 4522/2035/180
f 4535/2039/181 4529/2038/181 4532/1902/181 4539/1834/181
f 4539/1834/204 4532/1902/204 4528/2036/204 4536/2041/204
f 4555/2000/183 4527/1970/183 4533/1973/183 4558/2001/183
f 4558/2001/209 4533/1978/209 4529/2038/209 4556/2048/209
f 4534/1979/185 4562/2005/185 4568/2008/185 4537/1980/185
f 4537/1985/186 4568/2008/186 4564/2052/186 4535/2039/186
f 4563/2051/187 4557/2049/187 4560/1845/187 4567/1849/187
f 4567/1849/199 4560/1845/199 4556/2048/199 4564/2052/199
f 4541/1988/189 4555/2000/189 4561/2002/189 4544/1989/189
f 4544/1989/218 4561/2002/218 4557/2049/218 4542/2042/218
f 4562/2005/191 4548/1994/191 4554/1997/191 4565/2006/191
f 4565/2006/192 4554/1997/192 4550/2046/192 4563/2051/192
f 4549/2045/193 4543/2043/193 4546/1837/193 4553/1841/193
f 4553/1841/200 4546/1837/200 4542/2042/200 4550/2046/200
f 4513/1952/195 4541/1988/195 4547/1991/195 4516/1953/195
f 4516/1957/202 4547/1991/202 4543/2043/202 4514/2032/202
f 4548/1994/197 4521/1964/197 4523/1967/197 4551/1995/197
f 4551/1995/198 4523/1962/198 4520/2034/198 4549/2045/198
f 4527/1970/145 4555/2000/145 4541/1988/145 4513/1952/145
f 4515/2033/146 4522/2035/146 4536/2041/146 4528/2036/146
f 4543/2043/147 4549/2045/147 4520/2034/147 4514/2032/147
f 4562/2005/148 4534/1979/148 4521/1964/148 4548/1994/148
f 4529/2038/149 4535/2039/149 4564/2052/149 4556/2048/149
f 4557/2049/150 4563/2051/150 4550/2046/150 4542/2042/150
f 4569/2053/151 4572/2054/151 4573/2055/151 4575/1955/151
f 4570/2056/152 4574/1727/152 4573/1728/152 4572/2057/152
f 4571/1958/153 4575/1959/153 4573/1960/153 4574/1732/153
f 4576/2058/154 4579/1962/154 4580/2059/154 4582/1734/154
f 4577/2060/155 4581/1965/155 4580/1966/155 4579/2061/155
f 4578/1968/156 4582/1739/156 4580/1740/156 4581/1969/156
f 4583/2062/157 4586/1971/157 4587/1972/157 4589/2063/157
f 4584/1974/158 4588/1865/158 4587/2064/158 4586/1976/158
f 4585/2065/159 4589/2066/159 4587/2064/159 4588/1865/159
f 4590/2067/160 4593/1980/160 4594/1981/160 4596/1982/160
f 4591/2068/161 4595/1753/161 4594/1984/161 4593/2069/161
f 4592/1986/162 4596/1987/162 4594/1984/162 4595/1753/162
f 4597/1988/163 4600/1989/163 4601/1990/163 4603/2070/163
f 4598/1992/164 4602/1762/164 4601/1990/164 4600/1989/164
f 4599/2071/165 4603/2070/165 4601/1990/165 4602/1762/165
f 4604/2072/166 4607/1995/166 4608/2073/166 4610/1997/166
f 4605/2074/167 4609/1768/167 4608/2073/167 4607/1995/167
f 4606/1999/168 4610/1997/168 4608/2073/168 4609/1768/168
f 4611/2075/169 4614/2076/169 4615/2077/169 4617/2002/169
f 4612/2003/170 4616/1774/170 4615/2077/170 4614/2076/170
f 4613/2004/171 4617/2002/171 4615/2077/171 4616/1774/171
f 4618/2078/172 4621/2006/172 4622/2007/172 4624/2079/172
f 4619/2009/173 4623/1781/173 4622/2007/173 4621/2006/173
f 4620/2080/174 4624/2079/174 4622/2007/174 4623/1781/174
f 4583/2062/175 4569/2053/175 4575/1955/175 4586/1971/175
f 4586/1976/176 4575/1959/176 4571/1958/176 4584/1974/176
f 4570/2056/206 4576/2058/206 4582/1734/206 4574/1727/206
f 4574/1732/178 4582/1739/178 4578/1968/178 4571/1958/178
f 4577/2060/179 4590/2067/179 4596/1982/179 4581/1965/179
f 4581/1969/180 4596/1987/180 4592/1986/180 4578/1968/180
f 4591/2068/181 4585/2065/181 4588/1865/181 4595/1753/181
f 4595/1753/204 4588/1865/204 4584/1974/204 4592/1986/204
f 4611/2075/183 4583/2062/183 4589/2063/183 4614/2076/183
f 4614/2076/184 4589/2066/184 4585/2065/184 4612/2003/184
f 4590/2067/185 4618/2078/185 4624/2079/185 4593/1980/185
f 4593/2069/186 4624/2079/186 4620/2080/186 4591/2068/186
f 4619/2009/187 4613/2004/187 4616/1774/187 4623/1781/187
f 4623/1781/199 4616/1774/199 4612/2003/199 4620/2080/199
f 4597/1988/189 4611/2075/189 4617/2002/189 4600/1989/189
f 4600/1989/190 4617/2002/190 4613/2004/190 4598/1992/190
f 4618/2078/191 4604/2072/191 4610/1997/191 4621/2006/191
f 4621/2006/192 4610/1997/192 4606/1999/192 4619/2009/192
f 4605/2074/193 4599/2071/193 4602/1762/193 4609/1768/193
f 4609/1768/200 4602/1762/200 4598/1992/200 4606/1999/200
f 4569/2053/195 4597/1988/195 4603/2070/195 4572/2054/195
f 4572/2057/196 4603/2070/196 4599/2071/196 4570/2056/196
f 4604/2072/197 4577/2060/197 4579/2061/197 4607/1995/197
f 4607/1995/198 4579/1962/198 4576/2058/198 4605/2074/198
f 4583/2062/145 4611/2075/145 4597/1988/145 4569/2053/145
f 4571/1958/146 4578/1968/146 4592/1986/146 4584/1974/146
f 4599/2071/147 4605/2074/147 4576/2058/147 4570/2056/147
f 4618/2078/148 4590/2067/148 4577/2060/148 4604/2072/148
f 4585/2065/149 4591/2068/149 4620/2080/149 4612/2003/149
f 4613/2004/150 4619/2009/150 4606/1999/150 4598/1992/150
f 4625/2053/151 4628/2054/151 4629/2055/151 4631/1955/151
f 4626/2011/152 4630/1784/152 4629/1785/152 4628/2057/152
f 4627/2012/153 4631/1959/153 4629/1960/153 4630/1787/153
f 4632/2081/154 4635/1962/154 4636/2059/154 4638/1789/154
f 4633/2060/155 4637/1965/155 4636/1966/155 4635/2061/155
f 4634/2014/156 4638/1791/156 4636/1792/156 4637/1969/156
f 4639/2062/157 4642/1971/157 4643/1972/157 4645/2063/157
f 4640/2015/158 4644/1794/158 4643/2082/158 4642/1976/158
f 4641/2083/159 4645/2066/159 4643/2082/159 4644/1794/159
f 4646/2067/160 4649/1980/160 4650/1981/160 4652/1982/160
f 4647/2084/161 4651/1798/161 4650/2019/161 4649/2069/161
f 4648/2020/162 4652/1987/162 4650/2019/162 4651/1798/162
f 4653/1988/163 4656/1989/163 4657/2021/163 4659/2070/163
f 4654/2022/164 4658/1805/164 4657/2021/164 4656/1989/164
f 4655/2085/165 4659/2070/165 4657/2021/165 4658/1805/165
f 4660/2072/166 4663/1995/166 4664/2024/166 4666/1997/166
f 4661/2086/167 4665/1809/167 4664/2024/167 4663/1995/167
f 4662/2026/168 4666/1997/168 4664/2024/168 4665/1809/168
f 4667/2075/169 4670/2076/169 4671/427/169 4673/2002/169
f 4668/2087/170 4672/1813/170 4671/427/170 4670/2076/170
f 4669/2028/171 4673/2002/171 4671/427/171 4672/1813/171
f 4674/2078/172 4677/2006/172 4678/2029/172 4680/2079/172
f 4675/2030/173 4679/1818/173 4678/2029/173 4677/2006/173
f 4676/2031/174 4680/2079/174 4678/2029/174 4679/1818/174
f 4639/2062/175 4625/2053/175 4631/1955/175 4642/1971/175
f 4642/1976/176 4631/1959/176 4627/2012/176 4640/2015/176
f 4626/2011/206 4632/2081/206 4638/1789/206 4630/1784/206
f 4630/1787/178 4638/1791/178 4634/2014/178 4627/2012/178
f 4633/2060/179 4646/2067/179 4652/1982/179 4637/1965/179
f 4637/1969/242 4652/1987/242 4648/2020/242 4634/2014/242
f 4647/2084/181 4641/2083/181 4644/1794/181 4651/1798/181
f 4651/1798/204 4644/1794/204 4640/2015/204 4648/2020/204
f 4667/2075/183 4639/2062/183 4645/2063/183 4670/2076/183
f 4670/2076/184 4645/2066/184 4641/2083/184 4668/2087/184
f 4646/2067/185 4674/2078/185 4680/2079/185 4649/1980/185
f 4649/2069/186 4680/2079/186 4676/2031/186 4647/2084/186
f 4675/2030/187 4669/2028/187 4672/1813/187 4679/1818/187
f 4679/1818/199 4672/1813/199 4668/2087/199 4676/2031/199
f 4653/1988/189 4667/2075/189 4673/2002/189 4656/1989/189
f 4656/1989/190 4673/2002/190 4669/2028/190 4654/2022/190
f 4674/2078/191 4660/2072/191 4666/1997/191 4677/2006/191
f 4677/2006/220 4666/1997/220 4662/2026/220 4675/2030/220
f 4661/2086/193 4655/2085/193 4658/1805/193 4665/1809/193
f 4665/1809/200 4658/1805/200 4654/2022/200 4662/2026/200
f 4625/2053/195 4653/1988/195 4659/2070/195 4628/2054/195
f 4628/2057/196 4659/2070/196 4655/2085/196 4626/2011/196
f 4660/2072/197 4633/2060/197 4635/2061/197 4663/1995/197
f 4663/1995/198 4635/1962/198 4632/2081/198 4661/2086/198
f 4639/2062/145 4667/2075/145 4653/1988/145 4625/2053/145
f 4627/2012/146 4634/2014/146 4648/2020/146 4640/2015/146
f 4655/2085/147 4661/2086/147 4632/2081/147 4626/2011/147
f 4674/2078/148 4646/2067/148 4633/2060/148 4660/2072/148
f 4641/2083/149 4647/2084/149 4676/2031/149 4668/2087/149
f 4669/2028/150 4675/2030/150 4662/2026/150 4654/2022/150
f 4681/2053/151 4684/2054/151 4685/2055/151 4687/1955/151
f 4682/2088/152 4686/1821/152 4685/1822/152 4684/2057/152
f 4683/2033/153 4687/1959/153 4685/1960/153 4686/1824/153
f 4688/2089/154 4691/1962/154 4692/2059/154 4694/1826/154
f 4689/2060/155 4693/1965/155 4692/1966/155 4691/2061/155
f 4690/2035/156 4694/1828/156 4692/1829/156 4693/1969/156
f 4695/2062/157 4698/1971/157 4699/1972/157 4701/2063/157
f 4696/2036/158 4700/1902/158 4699/2090/158 4698/1976/158
f 4697/2083/159 4701/2066/159 4699/2090/159 4700/1902/159
f 4702/2067/160 4705/1980/160 4706/1981/160 4708/1982/160
f 4703/1983/161 4707/1834/161 4706/2040/161 4705/2069/161
f 4704/2041/162 4708/1987/162 4706/2040/162 4707/1834/162
f 4709/1988/163 4712/1989/163 4713/1990/163 4715/2070/163
f 4710/2042/164 4714/1837/164 4713/1990/164 4712/1989/164
f 4711/2091/165 4715/2070/165 4713/1990/165 4714/1837/165
f 4716/2072/166 4719/1995/166 4720/2044/166 4722/1997/166
f 4717/1998/167 4721/1841/167 4720/2044/167 4719/1995/167
f 4718/2046/168 4722/1997/168 4720/2044/168 4721/1841/168
f 4723/2075/169 4726/2076/169 4727/2047/169 4729/2002/169
f 4724/2092/170 4728/1845/170 4727/2047/170 4726/2076/170
f 4725/2049/171 4729/2002/171 4727/2047/171 4728/1845/171
f 4730/2078/172 4733/2006/172 4734/2050/172 4736/2079/172
f 4731/2051/173 4735/1849/173 4734/2050/173 4733/2006/173
f 4732/2052/174 4736/2079/174 4734/2050/174 4735/1849/174
f 4695/2062/175 4681/2053/175 4687/1955/175 4698/1971/175
f 4698/1976/205 4687/1959/205 4683/2033/205 4696/2036/205
f 4682/2088/206 4688/2089/206 4694/1826/206 4686/1821/206
f 4686/1824/178 4694/1828/178 4690/2035/178 4683/2033/178
f 4689/2060/179 4702/2067/179 4708/1982/179 4693/1965/179
f 4693/1969/180 4708/1987/180 4704/2041/180 4690/2035/180
f 4703/1983/181 4697/2083/181 4700/1902/181 4707/1834/181
f 4707/1834/204 4700/1902/204 4696/2036/204 4704/2041/204
f 4723/2075/183 4695/2062/183 4701/2063/183 4726/2076/183
f 4726/2076/209 4701/2066/209 4697/2083/209 4724/2092/209
f 4702/2067/185 4730/2078/185 4736/2079/185 4705/1980/185
f 4705/2069/186 4736/2079/186 4732/2052/186 4703/1983/186
f 4731/2051/187 4725/2049/187 4728/1845/187 4735/1849/187
f 4735/1849/199 4728/1845/199 4724/2092/199 4732/2052/199
f 4709/1988/189 4723/2075/189 4729/2002/189 4712/1989/189
f 4712/1989/218 4729/2002/218 4725/2049/218 4710/2042/218
f 4730/2078/191 4716/2072/191 4722/1997/191 4733/2006/191
f 4733/2006/192 4722/1997/192 4718/2046/192 4731/2051/192
f 4717/1998/193 4711/2091/193 4714/1837/193 4721/1841/193
f 4721/1841/200 4714/1837/200 4710/2042/200 4718/2046/200
f 4681/2053/195 4709/1988/195 4715/2070/195 4684/2054/195
f 4684/2057/202 4715/2070/202 4711/2091/202 4682/2088/202
f 4716/2072/197 4689/2060/197 4691/2061/197 4719/1995/197
f 4719/1995/198 4691/1962/198 4688/2089/198 4717/1998/198
f 4695/2062/145 4723/2075/145 4709/1988/145 4681/2053/145
f 4683/2033/146 4690/2035/146 4704/2041/146 4696/2036/146
f 4711/2091/147 4717/1998/147 4688/2089/147 4682/2088/147
f 4730/2078/148 4702/2067/148 4689/2060/148 4716/2072/148
f 4697/2083/149 4703/1983/149 4732/2052/149 4724/2092/149
f 4725/2049/150 4731/2051/150 4718/2046/150 4710/2042/150
f 4737/1952/151 4740/2093/151 4741/2094/151 4743/1955/151
f 4738/1956/152 4742/1727/152 4741/1728/152 4740/2095/152
f 4739/1958/153 4743/1959/153 4741/1960/153 4742/1732/153
f 4744/1961/154 4747/2096/154 4748/2059/154 4750/1734/154
f 4745/1964/155 4749/1965/155 4748/1966/155 4747/2097/155
f 4746/1968/156 4750/1739/156 4748/1740/156 4749/1969/156
f 4751/1970/157 4754/1971/157 4755/1972/157 4757/1973/157
f 4752/1974/158 4756/1865/158 4755/1975/158 4754/1976/158
f 4753/1977/159 4757/1978/159 4755/1975/159 4756/1865/159
f 4758/1979/160 4761/2098/160 4762/2099/160 4764/1982/160
f 4759/1983/161 4763/1753/161 4762/1984/161 4761/2069/161
f 4760/1986/162 4764/1987/162 4762/1984/162 4763/1753/162
f 4765/1988/163 4768/1989/163 4769/1990/163 4771/1991/163
f 4766/1992/164 4770/1762/164 4769/1990/164 4768/1989/164
f 4767/1993/165 4771/1991/165 4769/1990/165 4770/1762/165
f 4772/1994/166 4775/2100/166 4776/2073/166 4778/1997/166
f 4773/1998/167 4777/1768/167 4776/2073/167 4775/2100/167
f 4774/1999/168 4778/1997/168 4776/2073/168 4777/1768/168
f 4779/2000/169 4782/2101/169 4783/2077/169 4785/2002/169
f 4780/2003/170 4784/1774/170 4783/2077/170 4782/2101/170
f 4781/2004/171 4785/2002/171 4783/2077/171 4784/1774/171
f 4786/2005/172 4789/2006/172 4790/2007/172 4792/2008/172
f 4787/2009/173 4791/1781/173 4790/2007/173 4789/2006/173
f 4788/2010/174 4792/2008/174 4790/2007/174 4791/1781/174
f 4751/1970/175 4737/1952/175 4743/1955/175 4754/1971/175
f 4754/1976/205 4743/1959/205 4739/1958/205 4752/1974/205
f 4738/1956/206 4744/1961/206 4750/1734/206 4742/1727/206
f 4742/1732/178 4750/1739/178 4746/1968/178 4739/1958/178
f 4745/1964/179 4758/1979/179 4764/1982/179 4749/1965/179
f 4749/1969/242 4764/1987/242 4760/1986/242 4746/1968/242
f 4759/1983/181 4753/1977/181 4756/1865/181 4763/1753/181
f 4763/1753/204 4756/1865/204 4752/1974/204 4760/1986/204
f 4779/2000/183 4751/1970/183 4757/1973/183 4782/2101/183
f 4782/2101/184 4757/1978/184 4753/1977/184 4780/2003/184
f 4758/1979/185 4786/2005/185 4792/2008/185 4761/2098/185
f 4761/2069/186 4792/2008/186 4788/2010/186 4759/1983/186
f 4787/2009/187 4781/2004/187 4784/1774/187 4791/1781/187
f 4791/1781/199 4784/1774/199 4780/2003/199 4788/2010/199
f 4765/1988/189 4779/2000/189 4785/2002/189 4768/1989/189
f 4768/1989/190 4785/2002/190 4781/2004/190 4766/1992/190
f 4786/2005/191 4772/1994/191 4778/1997/191 4789/2006/191
f 4789/2006/192 4778/1997/192 4774/1999/192 4787/2009/192
f 4773/1998/193 4767/1993/193 4770/1762/193 4777/1768/193
f 4777/1768/200 4770/1762/200 4766/1992/200 4774/1999/200
f 4737/1952/195 4765/1988/195 4771/1991/195 4740/2093/195
f 4740/2095/196 4771/1991/196 4767/1993/196 4738/1956/196
f 4772/1994/197 4745/1964/197 4747/2097/197 4775/2100/197
f 4775/2100/198 4747/2096/198 4744/1961/198 4773/1998/198
f 4751/1970/145 4779/2000/145 4765/1988/145 4737/1952/145
f 4739/1958/146 4746/1968/146 4760/1986/146 4752/1974/146
f 4767/1993/147 4773/1998/147 4744/1961/147 4738/1956/147
f 4786/2005/148 4758/1979/148 4745/1964/148 4772/1994/148
f 4753/1977/149 4759/1983/149 4788/2010/149 4780/2003/149
f 4781/2004/150 4787/2009/150 4774/1999/150 4766/1992/150
f 4793/1952/151 4796/2093/151 4797/2094/151 4799/1955/151
f 4794/2011/152 4798/1784/152 4797/1785/152 4796/2095/152
f 4795/2012/153 4799/1959/153 4797/1960/153 4798/1787/153
f 4800/2013/154 4803/2096/154 4804/2059/154 4806/1789/154
f 4801/1964/155 4805/1965/155 4804/1966/155 4803/2097/155
f 4802/2014/156 4806/1791/156 4804/1792/156 4805/1969/156
f 4807/1970/157 4810/1971/157 4811/1972/157 4813/1973/157
f 4808/2015/158 4812/1794/158 4811/2016/158 4810/1976/158
f 4809/2017/159 4813/1978/159 4811/2016/159 4812/1794/159
f 4814/1979/160 4817/2098/160 4818/2099/160 4820/1982/160
f 4815/2018/161 4819/1798/161 4818/2019/161 4817/2069/161
f 4816/2020/162 4820/1987/162 4818/2019/162 4819/1798/162
f 4821/1988/163 4824/1989/163 4825/2021/163 4827/1991/163
f 4822/2022/164 4826/1805/164 4825/2021/164 4824/1989/164
f 4823/2023/165 4827/1991/165 4825/2021/165 4826/1805/165
f 4828/1994/166 4831/2100/166 4832/2024/166 4834/1997/166
f 4829/2025/167 4833/1809/167 4832/2024/167 4831/2100/167
f 4830/2026/168 4834/1997/168 4832/2024/168 4833/1809/168
f 4835/2000/169 4838/2101/169 4839/427/169 4841/2002/169
f 4836/2027/170 4840/1813/170 4839/427/170 4838/2101/170
f 4837/2028/171 4841/2002/171 4839/427/171 4840/1813/171
f 4842/2005/172 4845/2006/172 4846/2029/172 4848/2008/172
f 4843/2030/173 4847/1818/173 4846/2029/173 4845/2006/173
f 4844/2031/174 4848/2008/174 4846/2029/174 4847/1818/174
f 4807/1970/175 4793/1952/175 4799/1955/175 4810/1971/175
f 4810/1976/205 4799/1959/205 4795/2012/205 4808/2015/205
f 4794/2011/206 4800/2013/206 4806/1789/206 4798/1784/206
f 4798/1787/178 4806/1791/178 4802/2014/178 4795/2012/178
f 4801/1964/179 4814/1979/179 4820/1982/179 4805/1965/179
f 4805/1969/242 4820/1987/242 4816/2020/242 4802/2014/242
f 4815/2018/181 4809/2017/181 4812/1794/181 4819/1798/181
f 4819/1798/204 4812/1794/204 4808/2015/204 4816/2020/204
f 4835/2000/183 4807/1970/183 4813/1973/183 4838/2101/183
f 4838/2101/184 4813/1978/184 4809/2017/184 4836/2027/184
f 4814/1979/185 4842/2005/185 4848/2008/185 4817/2098/185
f 4817/2069/186 4848/2008/186 4844/2031/186 4815/2018/186
f 4843/2030/187 4837/2028/187 4840/1813/187 4847/1818/187
f 4847/1818/199 4840/1813/199 4836/2027/199 4844/2031/199
f 4821/1988/189 4835/2000/189 4841/2002/189 4824/1989/189
f 4824/1989/218 4841/2002/218 4837/2028/218 4822/2022/218
f 4842/2005/191 4828/1994/191 4834/1997/191 4845/2006/191
f 4845/2006/192 4834/1997/192 4830/2026/192 4843/2030/192
f 4829/2025/193 4823/2023/193 4826/1805/193 4833/1809/193
f 4833/1809/200 4826/1805/200 4822/2022/200 4830/2026/200
f 4793/1952/195 4821/1988/195 4827/1991/195 4796/2093/195
f 4796/2095/196 4827/1991/196 4823/2023/196 4794/2011/196
f 4828/1994/197 4801/1964/197 4803/2097/197 4831/2100/197
f 4831/2100/198 4803/2096/198 4800/2013/198 4829/2025/198
f 4807/1970/145 4835/2000/145 4821/1988/145 4793/1952/145
f 4795/2012/146 4802/2014/146 4816/2020/146 4808/2015/146
f 4823/2023/147 4829/2025/147 4800/2013/147 4794/2011/147
f 4842/2005/148 4814/1979/148 4801/1964/148 4828/1994/148
f 4809/2017/149 4815/2018/149 4844/2031/149 4836/2027/149
f 4837/2028/150 4843/2030/150 4830/2026/150 4822/2022/150
f 4849/1952/151 4852/2093/151 4853/2094/151 4855/1955/151
f 4850/2032/152 4854/1821/152 4853/1822/152 4852/2095/152
f 4851/2033/153 4855/1959/153 4853/1960/153 4854/1824/153
f 4856/2034/154 4859/2096/154 4860/2059/154 4862/1826/154
f 4857/1964/155 4861/1965/155 4860/1966/155 4859/2097/155
f 4858/2035/156 4862/1828/156 4860/1829/156 4861/1969/156
f 4863/1970/157 4866/1971/157 4867/1972/157 4869/1973/157
f 4864/2036/158 4868/1902/158 4867/2037/158 4866/1976/158
f 4865/2038/159 4869/1978/159 4867/2037/159 4868/1902/159
f 4870/1979/160 4873/2098/160 4874/2099/160 4876/1982/160
f 4871/2039/161 4875/1834/161 4874/2040/161 4873/2069/161
f 4872/2041/162 4876/1987/162 4874/2040/162 4875/1834/162
f 4877/1988/163 4880/1989/163 4881/1990/163 4883/1991/163
f 4878/2042/164 4882/1837/164 4881/1990/164 4880/1989/164
f 4879/2043/165 4883/1991/165 4881/1990/165 4882/1837/165
f 4884/1994/166 4887/2100/166 4888/2044/166 4890/1997/166
f 4885/2045/167 4889/1841/167 4888/2044/167 4887/2100/167
f 4886/2046/168 4890/1997/168 4888/2044/168 4889/1841/168
f 4891/2000/169 4894/2101/169 4895/2047/169 4897/2002/169
f 4892/2048/170 4896/1845/170 4895/2047/170 4894/2101/170
f 4893/2049/171 4897/2002/171 4895/2047/171 4896/1845/171
f 4898/2005/172 4901/2006/172 4902/2050/172 4904/2008/172
f 4899/2051/173 4903/1849/173 4902/2050/173 4901/2006/173
f 4900/2052/174 4904/2008/174 4902/2050/174 4903/1849/174
f 4863/1970/175 4849/1952/175 4855/1955/175 4866/1971/175
f 4866/1976/205 4855/1959/205 4851/2033/205 4864/2036/205
f 4850/2032/206 4856/2034/206 4862/1826/206 4854/1821/206
f 4854/1824/178 4862/1828/178 4858/2035/178 4851/2033/178
f 4857/1964/179 4870/1979/179 4876/1982/179 4861/1965/179
f 4861/1969/180 4876/1987/180 4872/2041/180 4858/2035/180
f 4871/2039/181 4865/2038/181 4868/1902/181 4875/1834/181
f 4875/1834/204 4868/1902/204 4864/2036/204 4872/2041/204
f 4891/2000/183 4863/1970/183 4869/1973/183 4894/2101/183
f 4894/2101/209 4869/1978/209 4865/2038/209 4892/2048/209
f 4870/1979/185 4898/2005/185 4904/2008/185 4873/2098/185
f 4873/2069/186 4904/2008/186 4900/2052/186 4871/2039/186
f 4899/2051/187 4893/2049/187 4896/1845/187 4903/1849/187
f 4903/1849/199 4896/1845/199 4892/2048/199 4900/2052/199
f 4877/1988/189 4891/2000/189 4897/2002/189 4880/1989/189
f 4880/1989/218 4897/2002/218 4893/2049/218 4878/2042/218
f 4898/2005/191 4884/1994/191 4890/1997/191 4901/2006/191
f 4901/2006/192 4890/1997/192 4886/2046/192 4899/2051/192
f 4885/2045/193 4879/2043/193 4882/1837/193 4889/1841/193
f 4889/1841/200 4882/1837/200 4878/2042/200 4886/2046/200
f 4849/1952/195 4877/1988/195 4883/1991/195 4852/2093/195
f 4852/2095/202 4883/1991/202 4879/2043/202 4850/2032/202
f 4884/1994/197 4857/1964/197 4859/2097/197 4887/2100/197
f 4887/2100/198 4859/2096/198 4856/2034/198 4885/2045/198
f 4863/1970/145 4891/2000/145 4877/1988/145 4849/1952/145
f 4851/2033/146 4858/2035/146 4872/2041/146 4864/2036/146
f 4879/2043/147 4885/2045/147 4856/2034/147 4850/2032/147
f 4898/2005/148 4870/1979/148 4857/1964/148 4884/1994/148
f 4865/2038/149 4871/2039/149 4900/2052/149 4892/2048/149
f 4893/2049/150 4899/2051/150 4886/2046/150 4878/2042/150
f 4905/2102/151 4908/1953/151 4909/1954/151 4911/1725/151
f 4906/2103/152 4910/464/152 4909/465/152 4908/1957/152
f 4907/2104/153 4911/1730/153 4909/1731/153 4910/467/153
f 4912/2105/154 4915/1962/154 4916/1963/154 4918/469/154
f 4913/2106/155 4917/1736/155 4916/1737/155 4915/1967/155
f 4914/2107/156 4918/472/156 4916/473/156 4917/1741/156
f 4919/2108/157 4922/1743/157 4923/1744/157 4925/1973/157
f 4920/2109/158 4924/476/158 4923/2110/158 4922/1748/158
f 4921/2111/159 4925/1978/159 4923/2110/159 4924/476/159
f 4926/2112/160 4929/1980/160 4930/1981/160 4932/1751/160
f 4927/2113/161 4931/481/161 4930/2114/161 4929/1985/161
f 4928/2115/162 4932/1756/162 4930/2114/162 4931/481/162
f 4933/2116/163 4936/1758/163 4937/2117/163 4939/2118/163
f 4934/2119/164 4938/487/164 4937/2117/164 4936/1758/164
f 4935/2120/165 4939/2118/165 4937/2117/165 4938/487/165
f 4940/2121/166 4943/1995/166 4944/2122/166 4946/1766/166
f 4941/2123/167 4945/492/167 4944/2122/167 4943/1995/167
f 4942/2124/168 4946/1766/168 4944/2122/168 4945/492/168
f 4947/2125/169 4950/2001/169 4951/2126/169 4953/1772/169
f 4948/2127/170 4952/497/170 4951/2126/170 4950/2001/170
f 4949/2128/171 4953/1772/171 4951/2126/171 4952/497/171
f 4954/2129/172 4957/1777/172 4958/2130/172 4960/2008/172
f 4955/2131/173 4959/502/173 4958/2130/173 4957/1777/173
f 4956/2132/174 4960/2008/174 4958/2130/174 4959/502/174
f 4919/2108/175 4905/2102/175 4911/1725/175 4922/1743/175
f 4922/1748/176 4911/1730/176 4907/2104/176 4920/2109/176
f 4906/2103/206 4912/2105/206 4918/469/206 4910/464/206
f 4910/467/178 4918/472/178 4914/2107/178 4907/2104/178
f 4913/2106/179 4926/2112/179 4932/1751/179 4917/1736/179
f 4917/1741/180 4932/1756/180 4928/2115/180 4914/2107/180
f 4927/2113/181 4921/2111/181 4924/476/181 4931/481/181
f 4931/481/204 4924/476/204 4920/2109/204 4928/2115/204
f 4947/2125/183 4919/2108/183 4925/1973/183 4950/2001/183
f 4950/2001/184 4925/1978/184 4921/2111/184 4948/2127/184
f 4926/2112/185 4954/2129/185 4960/2008/185 4929/1980/185
f 4929/1985/186 4960/2008/186 4956/2132/186 4927/2113/186
f 4955/2131/187 4949/2128/187 4952/497/187 4959/502/187
f 4959/502/188 4952/497/188 4948/2127/188 4956/2132/188
f 4933/2116/189 4947/2125/189 4953/1772/189 4936/1758/189
f 4936/1758/190 4953/1772/190 4949/2128/190 4934/2119/190
f 4954/2129/191 4940/2121/191 4946/1766/191 4957/1777/191
f 4957/1777/192 4946/1766/192 4942/2124/192 4955/2131/192
f 4941/2123/193 4935/2120/193 4938/487/193 4945/492/193
f 4945/492/194 4938/487/194 4934/2119/194 4942/2124/194
f 4905/2102/195 4933/2116/195 4939/2118/195 4908/1953/195
f 4908/1957/196 4939/2118/196 4935/2120/196 4906/2103/196
f 4940/2121/197 4913/2106/197 4915/1967/197 4943/1995/197
f 4943/1995/198 4915/1962/198 4912/2105/198 4941/2123/198
f 4919/2108/145 4947/2125/145 4933/2116/145 4905/2102/145
f 4907/2104/146 4914/2107/146 4928/2115/146 4920/2109/146
f 4935/2120/147 4941/2123/147 4912/2105/147 4906/2103/147
f 4954/2129/148 4926/2112/148 4913/2106/148 4940/2121/148
f 4921/2111/149 4927/2113/149 4956/2132/149 4948/2127/149
f 4949/2128/150 4955/2131/150 4942/2124/150 4934/2119/150
f 4961/2133/151 4964/1953/151 4965/1954/151 4967/1852/151
f 4962/2103/152 4966/464/152 4965/465/152 4964/1957/152
f 4963/2134/153 4967/1854/153 4965/1855/153 4966/467/153
f 4968/2105/154 4971/1962/154 4972/1963/154 4974/469/154
f 4969/2135/155 4973/1857/155 4972/1858/155 4971/1967/155
f 4970/2136/156 4974/472/156 4972/473/156 4973/1860/156
f 4975/2137/157 4978/1862/157 4979/1863/157 4981/1973/157
f 4976/2138/158 4980/476/158 4979/2110/158 4978/1866/158
f 4977/2111/159 4981/1978/159 4979/2110/159 4980/476/159
f 4982/2139/160 4985/1980/160 4986/1981/160 4988/1868/160
f 4983/2113/161 4987/481/161 4986/2140/161 4985/1985/161
f 4984/2141/162 4988/1871/162 4986/2140/162 4987/481/162
f 4989/2142/163 4992/1873/163 4993/485/163 4995/2118/163
f 4990/2143/164 4994/487/164 4993/485/164 4992/1873/164
f 4991/2120/203 4995/2118/203 4993/485/203 4994/487/203
f 4996/2144/166 4999/1995/166 5000/2122/166 5002/1877/166
f 4997/2123/167 5001/492/167 5000/2122/167 4999/1995/167
f 4998/2145/168 5002/1877/168 5000/2122/168 5001/492/168
f 5003/2146/169 5006/2001/169 5007/2147/169 5009/1881/169
f 5004/2127/170 5008/497/170 5007/2147/170 5006/2001/170
f 5005/2148/171 5009/1881/171 5007/2147/171 5008/497/171
f 5010/2149/172 5013/1884/172 5014/500/172 5016/2008/172
f 5011/2150/173 5015/502/173 5014/500/173 5013/1884/173
f 5012/2132/174 5016/2008/174 5014/500/174 5015/502/174
f 4975/2137/175 4961/2133/175 4967/1852/175 4978/1862/175
f 4978/1866/176 4967/1854/176 4963/2134/176 4976/2138/176
f 4962/2103/206 4968/2105/206 4974/469/206 4966/464/206
f 4966/467/178 4974/472/178 4970/2136/178 4963/2134/178
f 4969/2135/179 4982/2139/179 4988/1868/179 4973/1857/179
f 4973/1860/180 4988/1871/180 4984/2141/180 4970/2136/180
f 4983/2113/181 4977/2111/181 4980/476/181 4987/481/181
f 4987/481/204 4980/476/204 4976/2138/204 4984/2141/204
f 5003/2146/183 4975/2137/183 4981/1973/183 5006/2001/183
f 5006/2001/184 4981/1978/184 4977/2111/184 5004/2127/184
f 4982/2139/185 5010/2149/185 5016/2008/185 4985/1980/185
f 4985/1985/186 5016/2008/186 5012/2132/186 4983/2113/186
f 5011/2150/187 5005/2148/187 5008/497/187 5015/502/187
f 5015/502/188 5008/497/188 5004/2127/188 5012/2132/188
f 4989/2142/189 5003/2146/189 5009/1881/189 4992/1873/189
f 4992/1873/190 5009/1881/190 5005/2148/190 4990/2143/190
f 5010/2149/191 4996/2144/191 5002/1877/191 5013/1884/191
f 5013/1884/192 5002/1877/192 4998/2145/192 5011/2150/192
f 4997/2123/193 4991/2120/193 4994/487/193 5001/492/193
f 5001/492/200 4994/487/200 4990/2143/200 4998/2145/200
f 4961/2133/195 4989/2142/195 4995/2118/195 4964/1953/195
f 4964/1957/196 4995/2118/196 4991/2120/196 4962/2103/196
f 4996/2144/197 4969/2135/197 4971/1967/197 4999/1995/197
f 4999/1995/198 4971/1962/198 4968/2105/198 4997/2123/198
f 4975/2137/145 5003/2146/145 4989/2142/145 4961/2133/145
f 4963/2134/146 4970/2136/146 4984/2141/146 4976/2138/146
f 4991/2120/147 4997/2123/147 4968/2105/147 4962/2103/147
f 5010/2149/148 4982/2139/148 4969/2135/148 4996/2144/148
f 4977/2111/149 4983/2113/149 5012/2132/149 5004/2127/149
f 5005/2148/150 5011/2150/150 4998/2145/150 4990/2143/150
f 5017/2151/151 5020/1953/151 5021/1954/151 5023/1852/151
f 5018/2103/152 5022/464/152 5021/465/152 5020/1957/152
f 5019/2152/153 5023/1730/153 5021/1912/153 5022/467/153
f 5024/2105/154 5027/1962/154 5028/1963/154 5030/469/154
f 5025/2135/155 5029/1857/155 5028/1914/155 5027/1967/155
f 5026/2153/156 5030/472/156 5028/473/156 5029/1916/156
f 5031/2154/157 5034/1743/157 5035/1863/157 5037/1973/157
f 5032/2155/158 5036/476/158 5035/2110/158 5034/1919/158
f 5033/2111/159 5037/1978/159 5035/2110/159 5036/476/159
f 5038/2156/160 5041/1980/160 5042/1981/160 5044/1751/160
f 5039/2113/161 5043/481/161 5042/2157/161 5041/1985/161
f 5040/2158/162 5044/1756/162 5042/2157/162 5043/481/162
f 5045/2142/163 5048/1873/163 5049/2117/163 5051/2118/163
f 5046/2159/164 5050/487/164 5049/2117/164 5048/1873/164
f 5047/2120/165 5051/2118/165 5049/2117/165 5050/487/165
f 5052/2144/166 5055/1995/166 5056/2122/166 5058/1766/166
f 5053/2123/167 5057/492/167 5056/2122/167 5055/1995/167
f 5054/2160/168 5058/1766/168 5056/2122/168 5057/492/168
f 5059/2161/169 5062/2001/169 5063/2147/169 5065/1772/169
f 5060/2127/170 5064/497/170 5063/2147/170 5062/2001/170
f 5061/2162/171 5065/1772/171 5063/2147/171 5064/497/171
f 5066/2163/172 5069/1884/172 5070/500/172 5072/2008/172
f 5067/2164/173 5071/502/173 5070/500/173 5069/1884/173
f 5068/2132/174 5072/2008/174 5070/500/174 5071/502/174
f 5031/2154/175 5017/2151/175 5023/1852/175 5034/1743/175
f 5034/1919/176 5023/1730/176 5019/2152/176 5032/2155/176
f 5018/2103/206 5024/2105/206 5030/469/206 5022/464/206
f 5022/467/178 5030/472/178 5026/2153/178 5019/2152/178
f 5025/2135/179 5038/2156/179 5044/1751/179 5029/1857/179
f 5029/1916/180 5044/1756/180 5040/2158/180 5026/2153/180
f 5039/2113/181 5033/2111/181 5036/476/181 5043/481/181
f 5043/481/204 5036/476/204 5032/2155/204 5040/2158/204
f 5059/2161/183 5031/2154/183 5037/1973/183 5062/2001/183
f 5062/2001/184 5037/1978/184 5033/2111/184 5060/2127/184
f 5038/2156/185 5066/2163/185 5072/2008/185 5041/1980/185
f 5041/1985/186 5072/2008/186 5068/2132/186 5039/2113/186
f 5067/2164/187 5061/2162/187 5064/497/187 5071/502/187
f 5071/502/199 5064/497/199 5060/2127/199 5068/2132/199
f 5045/2142/189 5059/2161/189 5065/1772/189 5048/1873/189
f 5048/1873/190 5065/1772/190 5061/2162/190 5046/2159/190
f 5066/2163/191 5052/2144/191 5058/1766/191 5069/1884/191
f 5069/1884/192 5058/1766/192 5054/2160/192 5067/2164/192
f 5053/2123/193 5047/2120/193 5050/487/193 5057/492/193
f 5057/492/200 5050/487/200 5046/2159/200 5054/2160/200
f 5017/2151/195 5045/2142/195 5051/2118/195 5020/1953/195
f 5020/1957/196 5051/2118/196 5047/2120/196 5018/2103/196
f 5052/2144/197 5025/2135/197 5027/1967/197 5055/1995/197
f 5055/1995/198 5027/1962/198 5024/2105/198 5053/2123/198
f 5031/2154/145 5059/2161/145 5045/2142/145 5017/2151/145
f 5019/2152/146 5026/2153/146 5040/2158/146 5032/2155/146
f 5047/2120/147 5053/2123/147 5024/2105/147 5018/2103/147
f 5066/2163/148 5038/2156/148 5025/2135/148 5052/2144/148
f 5033/2111/149 5039/2113/149 5068/2132/149 5060/2127/149
f 5061/2162/150 5067/2164/150 5054/2160/150 5046/2159/150
f 5073/2165/151 5076/2054/151 5077/2055/151 5079/1725/151
f 5074/2166/152 5078/464/152 5077/465/152 5076/2057/152
f 5075/2104/153 5079/1730/153 5077/1731/153 5078/467/153
f 5080/2105/154 5083/1962/154 5084/2059/154 5086/469/154
f 5081/2106/155 5085/1736/155 5084/1737/155 5083/2061/155
f 5082/2107/156 5086/472/156 5084/473/156 5085/1741/156
f 5087/2154/157 5090/1743/157 5091/1744/157 5093/2063/157
f 5088/2109/158 5092/476/158 5091/2167/158 5090/1748/158
f 5089/2168/159 5093/2066/159 5091/2167/159 5092/476/159
f 5094/2169/160 5097/1980/160 5098/1981/160 5100/1751/160
f 5095/2113/161 5099/481/161 5098/2114/161 5097/2069/161
f 5096/2115/162 5100/1756/162 5098/2114/162 5099/481/162
f 5101/2116/163 5104/1758/163 5105/485/163 5107/2070/163
f 5102/2119/164 5106/487/164 5105/485/164 5104/1758/164
f 5103/2170/165 5107/2070/165 5105/485/165 5106/487/165
f 5108/2171/166 5111/1995/166 5112/2172/166 5114/1766/166
f 5109/2123/167 5113/492/167 5112/2172/167 5111/1995/167
f 5110/2124/168 5114/1766/168 5112/2172/168 5113/492/168
f 5115/2173/169 5118/2076/169 5119/2174/169 5121/1772/169
f 5116/2175/170 5120/497/170 5119/2174/170 5118/2076/170
f 5117/2128/171 5121/1772/171 5119/2174/171 5120/497/171
f 5122/2163/172 5125/1777/172 5126/500/172 5128/2079/172
f 5123/2131/173 5127/502/173 5126/500/173 5125/1777/173
f 5124/2132/174 5128/2079/174 5126/500/174 5127/502/174
f 5087/2154/175 5073/2165/175 5079/1725/175 5090/1743/175
f 5090/1748/176 5079/1730/176 5075/2104/176 5088/2109/176
f 5074/2166/177 5080/2105/177 5086/469/177 5078/464/177
f 5078/467/178 5086/472/178 5082/2107/178 5075/2104/178
f 5081/2106/179 5094/2169/179 5100/1751/179 5085/1736/179
f 5085/1741/180 5100/1756/180 5096/2115/180 5082/2107/180
f 5095/2113/181 5089/2168/181 5092/476/181 5099/481/181
f 5099/481/204 5092/476/204 5088/2109/204 5096/2115/204
f 5115/2173/183 5087/2154/183 5093/2063/183 5118/2076/183
f 5118/2076/184 5093/2066/184 5089/2168/184 5116/2175/184
f 5094/2169/185 5122/2163/185 5128/2079/185 5097/1980/185
f 5097/2069/186 5128/2079/186 5124/2132/186 5095/2113/186
f 5123/2131/187 5117/2128/187 5120/497/187 5127/502/187
f 5127/502/199 5120/497/199 5116/2175/199 5124/2132/199
f 5101/2116/189 5115/2173/189 5121/1772/189 5104/1758/189
f 5104/1758/190 5121/1772/190 5117/2128/190 5102/2119/190
f 5122/2163/191 5108/2171/191 5114/1766/191 5125/1777/191
f 5125/1777/192 5114/1766/192 5110/2124/192 5123/2131/192
f 5109/2123/193 5103/2170/193 5106/487/193 5113/492/193
f 5113/492/200 5106/487/200 5102/2119/200 5110/2124/200
f 5073/2165/195 5101/2116/195 5107/2070/195 5076/2054/195
f 5076/2057/196 5107/2070/196 5103/2170/196 5074/2166/196
f 5108/2171/197 5081/2106/197 5083/2061/197 5111/1995/197
f 5111/1995/198 5083/1962/198 5080/2105/198 5109/2123/198
f 5087/2154/145 5115/2173/145 5101/2116/145 5073/2165/145
f 5075/2104/146 5082/2107/146 5096/2115/146 5088/2109/146
f 5103/2170/147 5109/2123/147 5080/2105/147 5074/2166/147
f 5122/2163/148 5094/2169/148 5081/2106/148 5108/2171/148
f 5089/2168/149 5095/2113/149 5124/2132/149 5116/2175/149
f 5117/2128/150 5123/2131/150 5110/2124/150 5102/2119/150
f 5129/2176/151 5132/2054/151 5133/2055/151 5135/1852/151
f 5130/2166/152 5134/464/152 5133/465/152 5132/2057/152
f 5131/2134/153 5135/1854/153 5133/1855/153 5134/467/153
f 5136/2105/154 5139/1962/154 5140/2059/154 5142/469/154
f 5137/2135/155 5141/1857/155 5140/1858/155 5139/2061/155
f 5138/2136/156 5142/472/156 5140/473/156 5141/1860/156
f 5143/2177/157 5146/1862/157 5147/1863/157 5149/2063/157
f 5144/2138/158 5148/476/158 5147/2167/158 5146/1866/158
f 5145/2168/159 5149/2066/159 5147/2167/159 5148/476/159
f 5150/2178/160 5153/1980/160 5154/1981/160 5156/1868/160
f 5151/2113/161 5155/481/161 5154/2140/161 5153/2069/161
f 5152/2141/162 5156/1871/162 5154/2140/162 5155/481/162
f 5157/2142/163 5160/1873/163 5161/485/163 5163/2070/163
f 5158/2143/164 5162/487/164 5161/485/164 5160/1873/164
f 5159/2170/165 5163/2070/165 5161/485/165 5162/487/165
f 5164/2144/166 5167/1995/166 5168/2172/166 5170/1877/166
f 5165/2123/201 5169/492/201 5168/2172/201 5167/1995/201
f 5166/2145/168 5170/1877/168 5168/2172/168 5169/492/168
f 5171/2179/169 5174/2076/169 5175/2180/169 5177/1881/169
f 5172/2175/170 5176/497/170 5175/2180/170 5174/2076/170
f 5173/2148/171 5177/1881/171 5175/2180/171 5176/497/171
f 5178/2149/172 5181/1884/172 5182/500/172 5184/2181/172
f 5179/2150/173 5183/502/173 5182/500/173 5181/1884/173
f 5180/2132/174 5184/2181/174 5182/500/174 5183/502/174
f 5143/2177/175 5129/2176/175 5135/1852/175 5146/1862/175
f 5146/1866/176 5135/1854/176 5131/2134/176 5144/2138/176
f 5130/2166/177 5136/2105/177 5142/469/177 5134/464/177
f 5134/467/178 5142/472/178 5138/2136/178 5131/2134/178
f 5137/2135/179 5150/2178/179 5156/1868/179 5141/1857/179
f 5141/1860/180 5156/1871/180 5152/2141/180 5138/2136/180
f 5151/2113/181 5145/2168/181 5148/476/181 5155/481/181
f 5155/481/204 5148/476/204 5144/2138/204 5152/2141/204
f 5171/2179/183 5143/2177/183 5149/2063/183 5174/2076/183
f 5174/2076/184 5149/2066/184 5145/2168/184 5172/2175/184
f 5150/2178/185 5178/2149/185 5184/2181/185 5153/1980/185
f 5153/2069/186 5184/2181/186 5180/2132/186 5151/2113/186
f 5179/2150/187 5173/2148/187 5176/497/187 5183/502/187
f 5183/502/199 5176/497/199 5172/2175/199 5180/2132/199
f 5157/2142/189 5171/2179/189 5177/1881/189 5160/1873/189
f 5160/1873/190 5177/1881/190 5173/2148/190 5158/2143/190
f 5178/2149/191 5164/2144/191 5170/1877/191 5181/1884/191
f 5181/1884/192 5170/1877/192 5166/2145/192 5179/2150/192
f 5165/2123/193 5159/2170/193 5162/487/193 5169/492/193
f 5169/492/200 5162/487/200 5158/2143/200 5166/2145/200
f 5129/2176/195 5157/2142/195 5163/2070/195 5132/2054/195
f 5132/2057/196 5163/2070/196 5159/2170/196 5130/2166/196
f 5164/2144/197 5137/2135/197 5139/2061/197 5167/1995/197
f 5167/1995/198 5139/1962/198 5136/2105/198 5165/2123/198
f 5143/2177/145 5171/2179/145 5157/2142/145 5129/2176/145
f 5131/2134/146 5138/2136/146 5152/2141/146 5144/2138/146
f 5159/2170/147 5165/2123/147 5136/2105/147 5130/2166/147
f 5178/2149/148 5150/2178/148 5137/2135/148 5164/2144/148
f 5145/2168/149 5151/2113/149 5180/2132/149 5172/2175/149
f 5173/2148/150 5179/2150/150 5166/2145/150 5158/2143/150
f 5185/2182/151 5188/2054/151 5189/2055/151 5191/1852/151
f 5186/2166/152 5190/464/152 5189/465/152 5188/2057/152
f 5187/2152/153 5191/1730/153 5189/1912/153 5190/467/153
f 5192/2105/154 5195/1962/154 5196/2059/154 5198/469/154
f 5193/2183/155 5197/1857/155 5196/1914/155 5195/2061/155
f 5194/2153/156 5198/472/156 5196/473/156 5197/1916/156
f 5199/2184/157 5202/1743/157 5203/1863/157 5205/2063/157
f 5200/2155/158 5204/476/158 5203/2167/158 5202/1919/158
f 5201/2168/159 5205/2066/159 5203/2167/159 5204/476/159
f 5206/2139/160 5209/1980/160 5210/1981/160 5212/1751/160
f 5207/2113/161 5211/481/161 5210/2157/161 5209/2069/161
f 5208/2158/162 5212/1756/162 5210/2157/162 5211/481/162
f 5213/2185/163 5216/1873/163 5217/485/163 5219/2070/163
f 5214/2159/164 5218/487/164 5217/485/164 5216/1873/164
f 5215/2170/165 5219/2070/165 5217/485/165 5218/487/165
f 5220/2121/166 5223/1995/166 5224/2172/166 5226/1766/166
f 5221/2123/167 5225/492/167 5224/2172/167 5223/1995/167
f 5222/2160/168 5226/1766/168 5224/2172/168 5225/492/168
f 5227/2179/169 5230/2076/169 5231/2180/169 5233/1772/169
f 5228/2175/170 5232/497/170 5231/2180/170 5230/2076/170
f 5229/2162/171 5233/1772/171 5231/2180/171 5232/497/171
f 5234/2186/172 5237/1884/172 5238/500/172 5240/2079/172
f 5235/2164/173 5239/502/173 5238/500/173 5237/1884/173
f 5236/2132/174 5240/2079/174 5238/500/174 5239/502/174
f 5199/2184/175 5185/2182/175 5191/1852/175 5202/1743/175
f 5202/1919/176 5191/1730/176 5187/2152/176 5200/2155/176
f 5186/2166/177 5192/2105/177 5198/469/177 5190/464/177
f 5190/467/178 5198/472/178 5194/2153/178 5187/2152/178
f 5193/2183/179 5206/2139/179 5212/1751/179 5197/1857/179
f 5197/1916/180 5212/1756/180 5208/2158/180 5194/2153/180
f 5207/2113/181 5201/2168/181 5204/476/181 5211/481/181
f 5211/481/204 5204/476/204 5200/2155/204 5208/2158/204
f 5227/2179/183 5199/2184/183 5205/2063/183 5230/2076/183
f 5230/2076/184 5205/2066/184 5201/2168/184 5228/2175/184
f 5206/2139/185 5234/2186/185 5240/2079/185 5209/1980/185
f 5209/2069/186 5240/2079/186 5236/2132/186 5207/2113/186
f 5235/2164/187 5229/2162/187 5232/497/187 5239/502/187
f 5239/502/199 5232/497/199 5228/2175/199 5236/2132/199
f 5213/2185/189 5227/2179/189 5233/1772/189 5216/1873/189
f 5216/1873/190 5233/1772/190 5229/2162/190 5214/2159/190
f 5234/2186/191 5220/2121/191 5226/1766/191 5237/1884/191
f 5237/1884/192 5226/1766/192 5222/2160/192 5235/2164/192
f 5221/2123/193 5215/2170/193 5218/487/193 5225/492/193
f 5225/492/200 5218/487/200 5214/2159/200 5222/2160/200
f 5185/2182/195 5213/2185/195 5219/2070/195 5188/2054/195
f 5188/2057/196 5219/2070/196 5215/2170/196 5186/2166/196
f 5220/2121/197 5193/2183/197 5195/2061/197 5223/1995/197
f 5223/1995/198 5195/1962/198 5192/2105/198 5221/2123/198
f 5199/2184/145 5227/2179/145 5213/2185/145 5185/2182/145
f 5187/2152/146 5194/2153/146 5208/2158/146 5200/2155/146
f 5215/2170/147 5221/2123/147 5192/2105/147 5186/2166/147
f 5234/2186/148 5206/2139/148 5193/2183/148 5220/2121/148
f 5201/2168/149 5207/2113/149 5236/2132/149 5228/2175/149
f 5229/2162/150 5235/2164/150 5222/2160/150 5214/2159/150
f 5241/2102/151 5244/2093/151 5245/2094/151 5247/1725/151
f 5242/2103/152 5246/464/152 5245/465/152 5244/2095/152
f 5243/2104/153 5247/1730/153 5245/1731/153 5246/467/153
f 5248/2105/154 5251/2096/154 5252/2059/154 5254/469/154
f 5249/2106/155 5253/1736/155 5252/1737/155 5251/2097/155
f 5250/2107/156 5254/472/156 5252/473/156 5253/1741/156
f 5255/2108/157 5258/1743/157 5259/1744/157 5261/1973/157
f 5256/2109/158 5260/476/158 5259/2110/158 5258/1748/158
f 5257/2111/159 5261/1978/159 5259/2110/159 5260/476/159
f 5262/2112/160 5265/2098/160 5266/2099/160 5268/1751/160
f 5263/2113/161 5267/481/161 5266/2114/161 5265/2069/161
f 5264/2115/162 5268/1756/162 5266/2114/162 5267/481/162
f 5269/2116/163 5272/1758/163 5273/2117/163 5275/2118/163
f 5270/2119/164 5274/487/164 5273/2117/164 5272/1758/164
f 5271/2120/165 5275/2118/165 5273/2117/165 5274/487/165
f 5276/2121/166 5279/2187/166 5280/2172/166 5282/1766/166
f 5277/2123/167 5281/492/167 5280/2172/167 5279/2187/167
f 5278/2124/168 5282/1766/168 5280/2172/168 5281/492/168
f 5283/2125/169 5286/2101/169 5287/2174/169 5289/1772/169
f 5284/2127/170 5288/497/170 5287/2174/170 5286/2101/170
f 5285/2128/171 5289/1772/171 5287/2174/171 5288/497/171
f 5290/2129/172 5293/1777/172 5294/2130/172 5296/2008/172
f 5291/2131/173 5295/502/173 5294/2130/173 5293/1777/173
f 5292/2132/174 5296/2008/174 5294/2130/174 5295/502/174
f 5255/2108/175 5241/2102/175 5247/1725/175 5258/1743/175
f 5258/1748/176 5247/1730/176 5243/2104/176 5256/2109/176
f 5242/2103/177 5248/2105/177 5254/469/177 5246/464/177
f 5246/467/178 5254/472/178 5250/2107/178 5243/2104/178
f 5249/2106/179 5262/2112/179 5268/1751/179 5253/1736/179
f 5253/1741/180 5268/1756/180 5264/2115/180 5250/2107/180
f 5263/2113/181 5257/2111/181 5260/476/181 5267/481/181
f 5267/481/182 5260/476/182 5256/2109/182 5264/2115/182
f 5283/2125/183 5255/2108/183 5261/1973/183 5286/2101/183
f 5286/2101/184 5261/1978/184 5257/2111/184 5284/2127/184
f 5262/2112/185 5290/2129/185 5296/2008/185 5265/2098/185
f 5265/2069/186 5296/2008/186 5292/2132/186 5263/2113/186
f 5291/2131/187 5285/2128/187 5288/497/187 5295/502/187
f 5295/502/199 5288/497/199 5284/2127/199 5292/2132/199
f 5269/2116/189 5283/2125/189 5289/1772/189 5272/1758/189
f 5272/1758/190 5289/1772/190 5285/2128/190 5270/2119/190
f 5290/2129/191 5276/2121/191 5282/1766/191 5293/1777/191
f 5293/1777/192 5282/1766/192 5278/2124/192 5291/2131/192
f 5277/2123/193 5271/2120/193 5274/487/193 5281/492/193
f 5281/492/200 5274/487/200 5270/2119/200 5278/2124/200
f 5241/2102/195 5269/2116/195 5275/2118/195 5244/2093/195
f 5244/2095/196 5275/2118/196 5271/2120/196 5242/2103/196
f 5276/2121/197 5249/2106/197 5251/2097/197 5279/2187/197
f 5279/2187/198 5251/2096/198 5248/2105/198 5277/2123/198
f 5255/2108/145 5283/2125/145 5269/2116/145 5241/2102/145
f 5243/2104/146 5250/2107/146 5264/2115/146 5256/2109/146
f 5271/2120/147 5277/2123/147 5248/2105/147 5242/2103/147
f 5290/2129/148 5262/2112/148 5249/2106/148 5276/2121/148
f 5257/2111/149 5263/2113/149 5292/2132/149 5284/2127/149
f 5285/2128/150 5291/2131/150 5278/2124/150 5270/2119/150
f 5297/2133/151 5300/2093/151 5301/2094/151 5303/1852/151
f 5298/2103/152 5302/464/152 5301/465/152 5300/2095/152
f 5299/2134/153 5303/1854/153 5301/1855/153 5302/467/153
f 5304/2105/154 5307/2096/154 5308/2059/154 5310/469/154
f 5305/2135/155 5309/1857/155 5308/1858/155 5307/2097/155
f 5306/2136/156 5310/472/156 5308/473/156 5309/1860/156
f 5311/2137/157 5314/1862/157 5315/1863/157 5317/1973/157
f 5312/2138/158 5316/476/158 5315/2110/158 5314/1866/158
f 5313/2111/159 5317/1978/159 5315/2110/159 5316/476/159
f 5318/2139/160 5321/2098/160 5322/2099/160 5324/1868/160
f 5319/2113/161 5323/481/161 5322/2140/161 5321/2069/161
f 5320/2141/162 5324/1871/162 5322/2140/162 5323/481/162
f 5325/2142/163 5328/1873/163 5329/485/163 5331/2118/163
f 5326/2143/164 5330/487/164 5329/485/164 5328/1873/164
f 5327/2120/203 5331/2118/203 5329/485/203 5330/487/203
f 5332/2144/166 5335/2187/166 5336/2172/166 5338/1877/166
f 5333/2123/201 5337/492/201 5336/2172/201 5335/2187/201
f 5334/2145/168 5338/1877/168 5336/2172/168 5337/492/168
f 5339/2146/169 5342/2101/169 5343/2180/169 5345/1881/169
f 5340/2127/170 5344/497/170 5343/2180/170 5342/2101/170
f 5341/2148/171 5345/1881/171 5343/2180/171 5344/497/171
f 5346/2149/172 5349/1884/172 5350/500/172 5352/2008/172
f 5347/2150/173 5351/502/173 5350/500/173 5349/1884/173
f 5348/2132/174 5352/2008/174 5350/500/174 5351/502/174
f 5311/2137/175 5297/2133/175 5303/1852/175 5314/1862/175
f 5314/1866/176 5303/1854/176 5299/2134/176 5312/2138/176
f 5298/2103/177 5304/2105/177 5310/469/177 5302/464/177
f 5302/467/178 5310/472/178 5306/2136/178 5299/2134/178
f 5305/2135/179 5318/2139/179 5324/1868/179 5309/1857/179
f 5309/1860/180 5324/1871/180 5320/2141/180 5306/2136/180
f 5319/2113/181 5313/2111/181 5316/476/181 5323/481/181
f 5323/481/182 5316/476/182 5312/2138/182 5320/2141/182
f 5339/2146/183 5311/2137/183 5317/1973/183 5342/2101/183
f 5342/2101/184 5317/1978/184 5313/2111/184 5340/2127/184
f 5318/2139/185 5346/2149/185 5352/2008/185 5321/2098/185
f 5321/2069/186 5352/2008/186 5348/2132/186 5319/2113/186
f 5347/2150/187 5341/2148/187 5344/497/187 5351/502/187
f 5351/502/199 5344/497/199 5340/2127/199 5348/2132/199
f 5325/2142/189 5339/2146/189 5345/1881/189 5328/1873/189
f 5328/1873/190 5345/1881/190 5341/2148/190 5326/2143/190
f 5346/2149/191 5332/2144/191 5338/1877/191 5349/1884/191
f 5349/1884/192 5338/1877/192 5334/2145/192 5347/2150/192
f 5333/2123/193 5327/2120/193 5330/487/193 5337/492/193
f 5337/492/200 5330/487/200 5326/2143/200 5334/2145/200
f 5297/2133/195 5325/2142/195 5331/2118/195 5300/2093/195
f 5300/2095/196 5331/2118/196 5327/2120/196 5298/2103/196
f 5332/2144/197 5305/2135/197 5307/2097/197 5335/2187/197
f 5335/2187/198 5307/2096/198 5304/2105/198 5333/2123/198
f 5311/2137/145 5339/2146/145 5325/2142/145 5297/2133/145
f 5299/2134/146 5306/2136/146 5320/2141/146 5312/2138/146
f 5327/2120/147 5333/2123/147 5304/2105/147 5298/2103/147
f 5346/2149/148 5318/2139/148 5305/2135/148 5332/2144/148
f 5313/2111/149 5319/2113/149 5348/2132/149 5340/2127/149
f 5341/2148/150 5347/2150/150 5334/2145/150 5326/2143/150
f 5353/2151/151 5356/2093/151 5357/2094/151 5359/1852/151
f 5354/2103/152 5358/464/152 5357/465/152 5356/2095/152
f 5355/2152/153 5359/1730/153 5357/1912/153 5358/467/153
f 5360/2105/154 5363/2096/154 5364/2059/154 5366/469/154
f 5361/2135/155 5365/1857/155 5364/1914/155 5363/2097/155
f 5362/2153/156 5366/472/156 5364/473/156 5365/1916/156
f 5367/2154/157 5370/1743/157 5371/1863/157 5373/1973/157
f 5368/2155/158 5372/476/158 5371/2110/158 5370/1919/158
f 5369/2111/159 5373/1978/159 5371/2110/159 5372/476/159
f 5374/2156/160 5377/2098/160 5378/2099/160 5380/1751/160
f 5375/2113/161 5379/481/161 5378/2157/161 5377/2069/161
f 5376/2158/162 5380/1756/162 5378/2157/162 5379/481/162
f 5381/2142/163 5384/1873/163 5385/2117/163 5387/2118/163
f 5382/2159/164 5386/487/164 5385/2117/164 5384/1873/164
f 5383/2120/165 5387/2118/165 5385/2117/165 5386/487/165
f 5388/2144/166 5391/2187/166 5392/2172/166 5394/1766/166
f 5389/2123/167 5393/492/167 5392/2172/167 5391/2187/167
f 5390/2160/168 5394/1766/168 5392/2172/168 5393/492/168
f 5395/2161/169 5398/2101/169 5399/2180/169 5401/1772/169
f 5396/2127/170 5400/497/170 5399/2180/170 5398/2101/170
f 5397/2162/171 5401/1772/171 5399/2180/171 5400/497/171
f 5402/2163/172 5405/1884/172 5406/500/172 5408/2008/172
f 5403/2164/173 5407/502/173 5406/500/173 5405/1884/173
f 5404/2132/174 5408/2008/174 5406/500/174 5407/502/174
f 5367/2154/175 5353/2151/175 5359/1852/175 5370/1743/175
f 5370/1919/176 5359/1730/176 5355/2152/176 5368/2155/176
f 5354/2103/177 5360/2105/177 5366/469/177 5358/464/177
f 5358/467/178 5366/472/178 5362/2153/178 5355/2152/178
f 5361/2135/179 5374/2156/179 5380/1751/179 5365/1857/179
f 5365/1916/180 5380/1756/180 5376/2158/180 5362/2153/180
f 5375/2113/181 5369/2111/181 5372/476/181 5379/481/181
f 5379/481/204 5372/476/204 5368/2155/204 5376/2158/204
f 5395/2161/183 5367/2154/183 5373/1973/183 5398/2101/183
f 5398/2101/184 5373/1978/184 5369/2111/184 5396/2127/184
f 5374/2156/185 5402/2163/185 5408/2008/185 5377/2098/185
f 5377/2069/186 5408/2008/186 5404/2132/186 5375/2113/186
f 5403/2164/187 5397/2162/187 5400/497/187 5407/502/187
f 5407/502/199 5400/497/199 5396/2127/199 5404/2132/199
f 5381/2142/189 5395/2161/189 5401/1772/189 5384/1873/189
f 5384/1873/190 5401/1772/190 5397/2162/190 5382/2159/190
f 5402/2163/191 5388/2144/191 5394/1766/191 5405/1884/191
f 5405/1884/192 5394/1766/192 5390/2160/192 5403/2164/192
f 5389/2123/193 5383/2120/193 5386/487/193 5393/492/193
f 5393/492/200 5386/487/200 5382/2159/200 5390/2160/200
f 5353/2151/195 5381/2142/195 5387/2118/195 5356/2093/195
f 5356/2095/196 5387/2118/196 5383/2120/196 5354/2103/196
f 5388/2144/197 5361/2135/197 5363/2097/197 5391/2187/197
f 5391/2187/198 5363/2096/198 5360/2105/198 5389/2123/198
f 5367/2154/145 5395/2161/145 5381/2142/145 5353/2151/145
f 5355/2152/146 5362/2153/146 5376/2158/146 5368/2155/146
f 5383/2120/147 5389/2123/147 5360/2105/147 5354/2103/147
f 5402/2163/148 5374/2156/148 5361/2135/148 5388/2144/148
f 5369/2111/149 5375/2113/149 5404/2132/149 5396/2127/149
f 5397/2162/150 5403/2164/150 5390/2160/150 5382/2159/150
usemtl ClickyChick_E
f 2169/559/151 2172/560/151 2173/561/151 2175/562/151
f 2170/563/152 2174/564/152 2173/565/152 2172/566/152
f 2171/567/153 2175/568/153 2173/569/153 2174/570/153
f 2176/571/154 2179/572/154 2180/573/154 2182/574/154
f 2177/575/155 2181/576/155 2180/577/155 2179/578/155
f 2178/579/156 2182/580/156 2180/581/156 2181/582/156
f 2183/559/157 2186/562/157 2187/583/157 2189/584/157
f 2184/567/158 2188/585/158 2187/586/158 2186/568/158
f 2185/587/159 2189/588/159 2187/586/159 2188/585/159
f 2190/575/160 2193/589/160 2194/590/160 2196/576/160
f 2191/591/161 2195/592/161 2194/593/161 2193/594/161
f 2192/579/162 2196/582/162 2194/593/162 2195/592/162
f 2197/595/163 2200/596/163 2201/597/163 2203/598/163
f 2198/599/164 2202/600/164 2201/597/164 2200/596/164
f 2199/601/165 2203/598/165 2201/597/165 2202/600/165
f 2204/602/166 2207/603/166 2208/604/166 2210/605/166
f 2205/606/167 2209/607/167 2208/604/167 2207/603/167
f 2206/608/168 2210/605/168 2208/604/168 2209/607/168
f 2211/595/169 2214/609/169 2215/610/169 2217/596/169
f 2212/611/170 2216/612/170 2215/610/170 2214/609/170
f 2213/599/171 2217/596/171 2215/610/171 2216/612/171
f 2218/602/172 2221/605/172 2222/613/172 2224/614/172
f 2219/608/173 2223/615/173 2222/613/173 2221/605/173
f 2220/616/174 2224/614/174 2222/613/174 2223/615/174
f 2183/559/148 2169/559/148 2175/562/148 2186/562/148
f 2186/568/148 2175/568/148 2171/567/148 2184/567/148
f 2170/563/206 2176/571/206 2182/574/206 2174/564/206
f 2174/570/178 2182/580/178 2178/579/178 2171/567/178
f 2177/575/148 2190/575/148 2196/576/148 2181/576/148
f 2181/582/148 2196/582/148 2192/579/148 2178/579/148
f 2191/591/181 2185/587/181 2188/585/181 2195/592/181
f 2195/592/204 2188/585/204 2184/567/204 2192/579/204
f 2211/595/183 2183/559/183 2189/584/183 2214/609/183
f 2214/609/184 2189/588/184 2185/587/184 2212/611/184
f 2190/575/185 2218/602/185 2224/614/185 2193/589/185
f 2193/594/186 2224/614/186 2220/616/186 2191/591/186
f 2219/608/187 2213/599/187 2216/612/187 2223/615/187
f 2223/615/199 2216/612/199 2212/611/199 2220/616/199
f 2197/595/148 2211/595/148 2217/596/148 2200/596/148
f 2200/596/148 2217/596/148 2213/599/148 2198/599/148
f 2218/602/148 2204/602/148 2210/605/148 2221/605/148
f 2221/605/148 2210/605/148 2206/608/148 2219/608/148
f 2205/606/193 2199/601/193 2202/600/193 2209/607/193
f 2209/607/194 2202/600/194 2198/599/194 2206/608/194
f 2169/559/195 2197/595/195 2203/598/195 2172/560/195
f 2172/566/196 2203/598/196 2199/601/196 2170/563/196
f 2204/602/197 2177/575/197 2179/578/197 2207/603/197
f 2207/603/198 2179/572/198 2176/571/198 2205/606/198
f 2183/559/148 2211/595/148 2197/595/148 2169/559/148
f 2171/567/148 2178/579/148 2192/579/148 2184/567/148
f 2199/601/147 2205/606/147 2176/571/147 2170/563/147
f 2218/602/148 2190/575/148 2177/575/148 2204/602/148
f 2185/587/149 2191/591/149 2220/616/149 2212/611/149
f 2213/599/148 2219/608/148 2206/608/148 2198/599/148
f 2225/617/151 2228/618/151 2229/619/151 2231/620/151
f 2226/621/216 2230/622/216 2229/623/216 2228/624/216
f 2227/625/153 2231/626/153 2229/627/153 2230/628/153
f 2232/629/154 2235/630/154 2236/631/154 2238/632/154
f 2233/633/155 2237/634/155 2236/635/155 2235/636/155
f 2234/637/156 2238/638/156 2236/639/156 2237/640/156
f 2239/641/157 2242/642/157 2243/643/157 2245/644/157
f 2240/645/158 2244/646/158 2243/647/158 2242/648/158
f 2241/649/159 2245/650/159 2243/647/159 2244/646/159
f 2246/651/160 2249/652/160 2250/653/160 2252/654/160
f 2247/655/161 2251/656/161 2250/657/161 2249/658/161
f 2248/659/162 2252/660/162 2250/657/162 2251/656/162
f 2253/661/163 2256/662/163 2257/663/163 2259/664/163
f 2254/665/164 2258/666/164 2257/663/164 2256/662/164
f 2255/667/217 2259/664/217 2257/663/217 2258/666/217
f 2260/668/166 2263/669/166 2264/670/166 2266/671/166
f 2261/672/167 2265/673/167 2264/670/167 2263/669/167
f 2262/674/168 2266/671/168 2264/670/168 2265/673/168
f 2267/675/169 2270/676/169 2271/677/169 2273/678/169
f 2268/679/170 2272/680/170 2271/677/170 2270/676/170
f 2269/681/171 2273/678/171 2271/677/171 2272/680/171
f 2274/682/172 2277/683/172 2278/684/172 2280/685/172
f 2275/686/173 2279/687/173 2278/684/173 2277/683/173
f 2276/688/174 2280/685/174 2278/684/174 2279/687/174
f 2239/641/175 2225/617/175 2231/620/175 2242/642/175
f 2242/648/176 2231/626/176 2227/625/176 2240/645/176
f 2226/621/177 2232/629/177 2238/632/177 2230/622/177
f 2230/628/178 2238/638/178 2234/637/178 2227/625/178
f 2233/633/179 2246/651/179 2252/654/179 2237/634/179
f 2237/640/180 2252/660/180 2248/659/180 2234/637/180
f 2247/655/181 2241/649/181 2244/646/181 2251/656/181
f 2251/656/204 2244/646/204 2240/645/204 2248/659/204
f 2267/675/183 2239/641/183 2245/644/183 2270/676/183
f 2270/676/184 2245/650/184 2241/649/184 2268/679/184
f 2246/651/185 2274/682/185 2280/685/185 2249/652/185
f 2249/658/186 2280/685/186 2276/688/186 2247/655/186
f 2275/686/187 2269/681/187 2272/680/187 2279/687/187
f 2279/687/199 2272/680/199 2268/679/199 2276/688/199
f 2253/661/189 2267/675/189 2273/678/189 2256/662/189
f 2256/662/218 2273/678/218 2269/681/218 2254/665/218
f 2274/682/191 2260/668/191 2266/671/191 2277/683/191
f 2277/683/192 2266/671/192 2262/674/192 2275/686/192
f 2261/672/193 2255/667/193 2258/666/193 2265/673/193
f 2265/673/200 2258/666/200 2254/665/200 2262/674/200
f 2225/617/195 2253/661/195 2259/664/195 2228/618/195
f 2228/624/202 2259/664/202 2255/667/202 2226/621/202
f 2260/668/197 2233/633/197 2235/636/197 2263/669/197
f 2263/669/198 2235/630/198 2232/629/198 2261/672/198
f 2239/641/145 2267/675/145 2253/661/145 2225/617/145
f 2227/625/146 2234/637/146 2248/659/146 2240/645/146
f 2255/667/147 2261/672/147 2232/629/147 2226/621/147
f 2274/682/148 2246/651/148 2233/633/148 2260/668/148
f 2241/649/149 2247/655/149 2276/688/149 2268/679/149
f 2269/681/150 2275/686/150 2262/674/150 2254/665/150
f 2361/559/151 2364/560/151 2365/561/151 2367/562/151
f 2362/563/152 2366/564/152 2365/565/152 2364/566/152
f 2363/567/153 2367/568/153 2365/569/153 2366/570/153
f 2368/571/154 2371/572/154 2372/573/154 2374/574/154
f 2369/575/155 2373/576/155 2372/577/155 2371/578/155
f 2370/579/156 2374/580/156 2372/581/156 2373/582/156
f 2375/559/157 2378/562/157 2379/583/157 2381/584/157
f 2376/567/158 2380/585/158 2379/586/158 2378/568/158
f 2377/587/159 2381/588/159 2379/586/159 2380/585/159
f 2382/575/160 2385/589/160 2386/590/160 2388/576/160
f 2383/591/161 2387/592/161 2386/593/161 2385/594/161
f 2384/579/162 2388/582/162 2386/593/162 2387/592/162
f 2389/595/163 2392/596/163 2393/597/163 2395/795/163
f 2390/599/164 2394/600/164 2393/597/164 2392/596/164
f 2391/601/165 2395/795/165 2393/597/165 2394/600/165
f 2396/602/166 2399/796/166 2400/604/166 2402/605/166
f 2397/606/167 2401/607/167 2400/604/167 2399/796/167
f 2398/608/168 2402/605/168 2400/604/168 2401/607/168
f 2403/595/169 2406/609/169 2407/610/169 2409/596/169
f 2404/611/170 2408/612/170 2407/610/170 2406/609/170
f 2405/599/171 2409/596/171 2407/610/171 2408/612/171
f 2410/602/172 2413/605/172 2414/613/172 2416/614/172
f 2411/608/173 2415/615/173 2414/613/173 2413/605/173
f 2412/616/174 2416/614/174 2414/613/174 2415/615/174
f 2375/559/148 2361/559/148 2367/562/148 2378/562/148
f 2378/568/148 2367/568/148 2363/567/148 2376/567/148
f 2362/563/206 2368/571/206 2374/574/206 2366/564/206
f 2366/570/178 2374/580/178 2370/579/178 2363/567/178
f 2369/575/148 2382/575/148 2388/576/148 2373/576/148
f 2373/582/148 2388/582/148 2384/579/148 2370/579/148
f 2383/591/181 2377/587/181 2380/585/181 2387/592/181
f 2387/592/204 2380/585/204 2376/567/204 2384/579/204
f 2403/595/183 2375/559/183 2381/584/183 2406/609/183
f 2406/609/184 2381/588/184 2377/587/184 2404/611/184
f 2382/575/185 2410/602/185 2416/614/185 2385/589/185
f 2385/594/186 2416/614/186 2412/616/186 2383/591/186
f 2411/608/187 2405/599/187 2408/612/187 2415/615/187
f 2415/615/199 2408/612/199 2404/611/199 2412/616/199
f 2389/595/148 2403/595/148 2409/596/148 2392/596/148
f 2392/596/148 2409/596/148 2405/599/148 2390/599/148
f 2410/602/148 2396/602/148 2402/605/148 2413/605/148
f 2413/605/148 2402/605/148 2398/608/148 2411/608/148
f 2397/606/193 2391/601/193 2394/600/193 2401/607/193
f 2401/607/200 2394/600/200 2390/599/200 2398/608/200
f 2361/559/195 2389/595/195 2395/795/195 2364/560/195
f 2364/566/196 2395/795/196 2391/601/196 2362/563/196
f 2396/602/197 2369/575/197 2371/578/197 2399/796/197
f 2399/796/198 2371/572/198 2368/571/198 2397/606/198
f 2375/559/148 2403/595/148 2389/595/148 2361/559/148
f 2363/567/148 2370/579/148 2384/579/148 2376/567/148
f 2391/601/147 2397/606/147 2368/571/147 2362/563/147
f 2410/602/148 2382/575/148 2369/575/148 2396/602/148
f 2377/587/149 2383/591/149 2412/616/149 2404/611/149
f 2405/599/148 2411/608/148 2398/608/148 2390/599/148
f 2417/797/151 2420/798/151 2421/799/151 2423/620/151
f 2418/621/216 2422/622/216 2421/623/216 2420/800/216
f 2419/625/153 2423/626/153 2421/627/153 2422/628/153
f 2424/629/154 2427/630/154 2428/631/154 2430/632/154
f 2425/633/155 2429/634/155 2428/635/155 2427/636/155
f 2426/637/156 2430/638/156 2428/639/156 2429/640/156
f 2431/641/157 2434/642/157 2435/643/157 2437/801/157
f 2432/645/158 2436/646/158 2435/647/158 2434/648/158
f 2433/649/159 2437/650/159 2435/647/159 2436/646/159
f 2438/802/160 2441/803/160 2442/653/160 2444/654/160
f 2439/655/161 2443/804/161 2442/657/161 2441/805/161
f 2440/659/162 2444/660/162 2442/657/162 2443/804/162
f 2445/806/163 2448/662/163 2449/807/163 2451/808/163
f 2446/665/164 2450/666/164 2449/807/164 2448/662/164
f 2447/667/217 2451/808/217 2449/807/217 2450/666/217
f 2452/668/166 2455/809/166 2456/670/166 2458/671/166
f 2453/672/167 2457/673/167 2456/670/167 2455/809/167
f 2454/674/168 2458/671/168 2456/670/168 2457/673/168
f 2459/810/169 2462/811/169 2463/677/169 2465/678/169
f 2460/812/170 2464/680/170 2463/677/170 2462/811/170
f 2461/681/171 2465/678/171 2463/677/171 2464/680/171
f 2466/682/172 2469/683/172 2470/684/172 2472/813/172
f 2467/686/173 2471/687/173 2470/684/173 2469/683/173
f 2468/814/174 2472/813/174 2470/684/174 2471/687/174
f 2431/641/175 2417/797/175 2423/620/175 2434/642/175
f 2434/648/205 2423/626/205 2419/625/205 2432/645/205
f 2418/621/177 2424/629/177 2430/632/177 2422/622/177
f 2422/628/178 2430/638/178 2426/637/178 2419/625/178
f 2425/633/179 2438/802/179 2444/654/179 2429/634/179
f 2429/640/180 2444/660/180 2440/659/180 2426/637/180
f 2439/655/181 2433/649/181 2436/646/181 2443/804/181
f 2443/804/204 2436/646/204 2432/645/204 2440/659/204
f 2459/810/183 2431/641/183 2437/801/183 2462/811/183
f 2462/811/184 2437/650/184 2433/649/184 2460/812/184
f 2438/802/185 2466/682/185 2472/813/185 2441/803/185
f 2441/805/186 2472/813/186 2468/814/186 2439/655/186
f 2467/686/187 2461/681/187 2464/680/187 2471/687/187
f 2471/687/199 2464/680/199 2460/812/199 2468/814/199
f 2445/806/189 2459/810/189 2465/678/189 2448/662/189
f 2448/662/190 2465/678/190 2461/681/190 2446/665/190
f 2466/682/191 2452/668/191 2458/671/191 2469/683/191
f 2469/683/192 2458/671/192 2454/674/192 2467/686/192
f 2453/672/193 2447/667/193 2450/666/193 2457/673/193
f 2457/673/200 2450/666/200 2446/665/200 2454/674/200
f 2417/797/195 2445/806/195 2451/808/195 2420/798/195
f 2420/800/202 2451/808/202 2447/667/202 2418/621/202
f 2452/668/197 2425/633/197 2427/636/197 2455/809/197
f 2455/809/198 2427/630/198 2424/629/198 2453/672/198
f 2431/641/145 2459/810/145 2445/806/145 2417/797/145
f 2419/625/146 2426/637/146 2440/659/146 2432/645/146
f 2447/667/147 2453/672/147 2424/629/147 2418/621/147
f 2466/682/148 2438/802/148 2425/633/148 2452/668/148
f 2433/649/149 2439/655/149 2468/814/149 2460/812/149
f 2461/681/150 2467/686/150 2454/674/150 2446/665/150
usemtl ClickyChick_W
f 2281/689/151 2284/690/151 2285/691/151 2287/692/151
f 2282/693/152 2286/694/152 2285/695/152 2284/696/152
f 2283/697/153 2287/698/153 2285/699/153 2286/700/153
f 2288/701/154 2291/702/154 2292/703/154 2294/704/154
f 2289/705/155 2293/706/155 2292/707/155 2291/708/155
f 2290/709/156 2294/710/156 2292/711/156 2293/712/156
f 2295/713/157 2298/714/157 2299/715/157 2301/716/157
f 2296/717/158 2300/718/158 2299/719/158 2298/720/158
f 2297/721/159 2301/722/159 2299/719/159 2300/718/159
f 2302/723/160 2305/724/160 2306/725/160 2308/726/160
f 2303/727/213 2307/728/213 2306/729/213 2305/730/213
f 2304/731/162 2308/732/162 2306/729/162 2307/728/162
f 2309/733/163 2312/734/163 2313/735/163 2315/736/163
f 2310/737/164 2314/738/164 2313/735/164 2312/734/164
f 2311/739/165 2315/736/165 2313/735/165 2314/738/165
f 2316/740/166 2319/741/166 2320/742/166 2322/743/166
f 2317/744/219 2321/745/219 2320/742/219 2319/741/219
f 2318/746/168 2322/743/168 2320/742/168 2321/745/168
f 2323/747/169 2326/748/169 2327/749/169 2329/750/169
f 2324/751/170 2328/752/170 2327/749/170 2326/748/170
f 2325/753/171 2329/750/171 2327/749/171 2328/752/171
f 2330/754/172 2333/755/172 2334/756/172 2336/757/172
f 2331/758/173 2335/759/173 2334/756/173 2333/755/173
f 2332/760/174 2336/757/174 2334/756/174 2335/759/174
f 2295/713/175 2281/689/175 2287/692/175 2298/714/175
f 2298/720/176 2287/698/176 2283/697/176 2296/717/176
f 2282/693/206 2288/701/206 2294/704/206 2286/694/206
f 2286/700/178 2294/710/178 2290/709/178 2283/697/178
f 2289/705/179 2302/723/179 2308/726/179 2293/706/179
f 2293/712/180 2308/732/180 2304/731/180 2290/709/180
f 2303/727/181 2297/721/181 2300/718/181 2307/728/181
f 2307/728/204 2300/718/204 2296/717/204 2304/731/204
f 2323/747/183 2295/713/183 2301/716/183 2326/748/183
f 2326/748/209 2301/722/209 2297/721/209 2324/751/209
f 2302/723/185 2330/754/185 2336/757/185 2305/724/185
f 2305/730/186 2336/757/186 2332/760/186 2303/727/186
f 2331/758/187 2325/753/187 2328/752/187 2335/759/187
f 2335/759/199 2328/752/199 2324/751/199 2332/760/199
f 2309/733/189 2323/747/189 2329/750/189 2312/734/189
f 2312/734/190 2329/750/190 2325/753/190 2310/737/190
f 2330/754/191 2316/740/191 2322/743/191 2333/755/191
f 2333/755/220 2322/743/220 2318/746/220 2331/758/220
f 2317/744/193 2311/739/193 2314/738/193 2321/745/193
f 2321/745/200 2314/738/200 2310/737/200 2318/746/200
f 2281/689/195 2309/733/195 2315/736/195 2284/690/195
f 2284/696/196 2315/736/196 2311/739/196 2282/693/196
f 2316/740/197 2289/705/197 2291/708/197 2319/741/197
f 2319/741/198 2291/702/198 2288/701/198 2317/744/198
f 2295/713/145 2323/747/145 2309/733/145 2281/689/145
f 2283/697/146 2290/709/146 2304/731/146 2296/717/146
f 2311/739/147 2317/744/147 2288/701/147 2282/693/147
f 2330/754/148 2302/723/148 2289/705/148 2316/740/148
f 2297/721/149 2303/727/149 2332/760/149 2324/751/149
f 2325/753/150 2331/758/150 2318/746/150 2310/737/150
f 2337/761/221 2338/762/221 2339/763/221
f 2340/764/222 2341/765/222 2342/766/222
f 2343/767/223 2344/768/223 2345/769/223
f 2346/770/224 2347/771/224 2348/772/224
f 2349/773/225 2350/774/225 2351/775/225
f 2352/776/226 2353/777/226 2354/778/226
f 2355/779/227 2356/780/227 2357/781/227
f 2358/782/228 2359/783/228 2360/784/228
f 2343/767/229 2337/761/229 2339/763/229 2344/768/229
f 2338/785/230 2340/786/230 2342/787/230 2339/788/230
f 2341/789/231 2346/770/231 2348/772/231 2342/787/231
f 2347/771/232 2345/790/232 2344/791/232 2348/772/232
f 2355/779/233 2343/767/233 2345/769/233 2356/780/233
f 2346/770/234 2358/782/234 2360/784/234 2347/771/234
f 2359/783/235 2357/781/235 2356/780/235 2360/784/235
f 2349/773/236 2355/779/236 2357/781/236 2350/774/236
f 2358/782/237 2352/776/237 2354/778/237 2359/783/237
f 2353/777/238 2351/775/238 2350/774/238 2354/778/238
f 2337/761/239 2349/773/239 2351/775/239 2338/762/239
f 2352/776/240 2341/765/240 2340/764/240 2353/777/240
f 2343/767/145 2355/779/145 2349/773/145 2337/761/145
f 2339/788/146 2342/787/146 2348/772/146 2344/791/146
f 2351/775/147 2353/777/147 2340/764/147 2338/792/147
f 2358/782/148 2346/793/148 2341/794/148 2352/776/148
f 2345/790/149 2347/771/149 2360/784/149 2356/780/149
f 2357/781/150 2359/783/150 2354/778/150 2350/774/150
f 2473/815/151 2476/816/151 2477/817/151 2479/692/151
f 2474/818/152 2478/694/152 2477/695/152 2476/819/152
f 2475/697/153 2479/698/153 2477/699/153 2478/700/153
f 2480/820/154 2483/821/154 2484/822/154 2486/704/154
f 2481/705/155 2485/706/155 2484/707/155 2483/823/155
f 2482/709/156 2486/710/156 2484/711/156 2485/712/156
f 2487/824/157 2490/714/157 2491/715/157 2493/825/157
f 2488/717/158 2492/718/158 2491/826/158 2490/720/158
f 2489/827/159 2493/828/159 2491/826/159 2492/718/159
f 2494/829/160 2497/830/160 2498/831/160 2500/726/160
f 2495/832/213 2499/833/213 2498/729/213 2497/834/213
f 2496/731/162 2500/732/162 2498/729/162 2499/833/162
f 2501/835/163 2504/734/163 2505/836/163 2507/837/163
f 2502/737/211 2506/738/211 2505/836/211 2504/734/211
f 2503/838/165 2507/837/165 2505/836/165 2506/738/165
f 2508/839/166 2511/840/166 2512/742/166 2514/743/166
f 2509/841/219 2513/745/219 2512/742/219 2511/840/219
f 2510/746/168 2514/743/168 2512/742/168 2513/745/168
f 2515/842/169 2518/843/169 2519/749/169 2521/750/169
f 2516/844/214 2520/752/214 2519/749/214 2518/843/214
f 2517/753/171 2521/750/171 2519/749/171 2520/752/171
f 2522/845/172 2525/755/172 2526/846/172 2528/847/172
f 2523/758/241 2527/759/241 2526/846/241 2525/755/241
f 2524/848/215 2528/847/215 2526/846/215 2527/759/215
f 2487/824/175 2473/815/175 2479/692/175 2490/714/175
f 2490/720/176 2479/698/176 2475/697/176 2488/717/176
f 2474/818/206 2480/820/206 2486/704/206 2478/694/206
f 2478/700/178 2486/710/178 2482/709/178 2475/697/178
f 2481/705/179 2494/829/179 2500/726/179 2485/706/179
f 2485/712/242 2500/732/242 2496/731/242 2482/709/242
f 2495/832/181 2489/827/181 2492/718/181 2499/833/181
f 2499/833/204 2492/718/204 2488/717/204 2496/731/204
f 2515/842/183 2487/824/183 2493/825/183 2518/843/183
f 2518/843/209 2493/828/209 2489/827/209 2516/844/209
f 2494/829/185 2522/845/185 2528/847/185 2497/830/185
f 2497/834/210 2528/847/210 2524/848/210 2495/832/210
f 2523/758/187 2517/753/187 2520/752/187 2527/759/187
f 2527/759/199 2520/752/199 2516/844/199 2524/848/199
f 2501/835/189 2515/842/189 2521/750/189 2504/734/189
f 2504/734/190 2521/750/190 2517/753/190 2502/737/190
f 2522/845/191 2508/839/191 2514/743/191 2525/755/191
f 2525/755/220 2514/743/220 2510/746/220 2523/758/220
f 2509/841/193 2503/838/193 2506/738/193 2513/745/193
f 2513/745/200 2506/738/200 2502/737/200 2510/746/200
f 2473/815/195 2501/835/195 2507/837/195 2476/816/195
f 2476/819/196 2507/837/196 2503/838/196 2474/818/196
f 2508/839/197 2481/705/197 2483/823/197 2511/840/197
f 2511/840/198 2483/821/198 2480/820/198 2509/841/198
f 2487/824/145 2515/842/145 2501/835/145 2473/815/145
f 2475/697/146 2482/709/146 2496/731/146 2488/717/146
f 2503/838/147 2509/841/147 2480/820/147 2474/818/147
f 2522/845/148 2494/829/148 2481/705/148 2508/839/148
f 2489/827/149 2495/832/149 2524/848/149 2516/844/149
f 2517/753/150 2523/758/150 2510/746/150 2502/737/150
f 2529/761/243 2530/762/243 2531/763/243
f 2532/764/244 2533/765/244 2534/766/244
f 2535/767/223 2536/768/223 2537/769/223
f 2538/770/224 2539/771/224 2540/772/224
f 2541/773/225 2542/774/225 2543/775/225
f 2544/776/226 2545/777/226 2546/778/226
f 2547/779/227 2548/849/227 2549/781/227
f 2550/782/228 2551/783/228 2552/784/228
f 2535/767/229 2529/761/229 2531/763/229 2536/768/229
f 2530/785/230 2532/786/230 2534/787/230 2531/788/230
f 2533/789/231 2538/770/231 2540/772/231 2534/787/231
f 2539/771/232 2537/790/232 2536/791/232 2540/772/232
f 2547/779/233 2535/767/233 2537/769/233 2548/849/233
f 2538/770/234 2550/782/234 2552/784/234 2539/771/234
f 2551/783/235 2549/781/235 2548/849/235 2552/784/235
f 2541/773/236 2547/779/236 2549/781/236 2542/774/236
f 2550/782/237 2544/776/237 2546/778/237 2551/783/237
f 2545/777/238 2543/775/238 2542/774/238 2546/778/238
f 2529/761/239 2541/773/239 2543/775/239 2530/762/239
f 2544/776/240 2533/765/240 2532/764/240 2545/777/240
f 2535/767/145 2547/779/145 2541/773/145 2529/761/145
f 2531/788/146 2534/787/146 2540/772/146 2536/791/146
f 2543/775/147 2545/777/147 2532/764/147 2530/792/147
f 2550/782/148 2538/793/148 2533/794/148 2544/776/148
f 2537/790/149 2539/771/149 2552/784/149 2548/849/149
f 2549/781/150 2551/783/150 2546/778/150 2542/774/150
f 5825/2596/151 5828/2597/151 5829/2598/151 5831/2599/151
f 5826/2600/152 5830/2601/152 5829/2602/152 5828/2603/152
f 5827/2604/153 5831/2605/153 5829/2606/153 5830/2607/153
f 5832/2608/154 5835/2609/154 5836/2610/154 5838/2611/154
f 5833/2612/155 5837/2613/155 5836/2614/155 5835/2615/155
f 5834/2616/156 5838/2617/156 5836/2618/156 5837/2619/156
f 5839/2620/157 5842/2621/157 5843/2622/157 5845/2623/157
f 5840/2624/158 5844/2625/158 5843/2626/158 5842/2627/158
f 5841/2628/159 5845/2629/159 5843/2626/159 5844/2625/159
f 5846/2630/160 5849/2631/160 5850/2632/160 5852/2633/160
f 5847/2634/161 5851/2635/161 5850/2636/161 5849/2637/161
f 5848/2638/162 5852/2639/162 5850/2636/162 5851/2635/162
f 5853/2640/163 5856/2641/163 5857/2642/163 5859/2643/163
f 5854/2644/164 5858/2645/164 5857/2642/164 5856/2641/164
f 5855/2646/165 5859/2643/165 5857/2642/165 5858/2645/165
f 5860/2647/166 5863/2648/166 5864/2649/166 5866/2650/166
f 5861/2651/167 5865/2652/167 5864/2649/167 5863/2648/167
f 5862/2653/168 5866/2650/168 5864/2649/168 5865/2652/168
f 5867/2654/169 5870/2655/169 5871/2656/169 5873/2657/169
f 5868/2658/170 5872/2659/170 5871/2656/170 5870/2655/170
f 5869/2660/171 5873/2657/171 5871/2656/171 5872/2659/171
f 5874/2661/172 5877/2662/172 5878/2663/172 5880/2664/172
f 5875/2665/173 5879/2666/173 5878/2663/173 5877/2662/173
f 5876/2667/174 5880/2664/174 5878/2663/174 5879/2666/174
f 5839/2620/175 5825/2596/175 5831/2599/175 5842/2621/175
f 5842/2627/176 5831/2605/176 5827/2604/176 5840/2624/176
f 5826/2600/177 5832/2608/177 5838/2611/177 5830/2601/177
f 5830/2607/178 5838/2617/178 5834/2616/178 5827/2604/178
f 5833/2612/179 5846/2630/179 5852/2633/179 5837/2613/179
f 5837/2619/180 5852/2639/180 5848/2638/180 5834/2616/180
f 5847/2634/181 5841/2628/181 5844/2625/181 5851/2635/181
f 5851/2635/182 5844/2625/182 5840/2624/182 5848/2638/182
f 5867/2654/183 5839/2620/183 5845/2623/183 5870/2655/183
f 5870/2655/209 5845/2629/209 5841/2628/209 5868/2658/209
f 5846/2630/185 5874/2661/185 5880/2664/185 5849/2631/185
f 5849/2637/210 5880/2664/210 5876/2667/210 5847/2634/210
f 5875/2665/187 5869/2660/187 5872/2659/187 5879/2666/187
f 5879/2666/188 5872/2659/188 5868/2658/188 5876/2667/188
f 5853/2640/189 5867/2654/189 5873/2657/189 5856/2641/189
f 5856/2641/190 5873/2657/190 5869/2660/190 5854/2644/190
f 5874/2661/191 5860/2647/191 5866/2650/191 5877/2662/191
f 5877/2662/192 5866/2650/192 5862/2653/192 5875/2665/192
f 5861/2651/193 5855/2646/193 5858/2645/193 5865/2652/193
f 5865/2652/200 5858/2645/200 5854/2644/200 5862/2653/200
f 5825/2596/195 5853/2640/195 5859/2643/195 5828/2597/195
f 5828/2603/196 5859/2643/196 5855/2646/196 5826/2600/196
f 5860/2647/197 5833/2612/197 5835/2615/197 5863/2648/197
f 5863/2648/198 5835/2609/198 5832/2608/198 5861/2651/198
f 5839/2620/145 5867/2654/145 5853/2640/145 5825/2596/145
f 5827/2604/146 5834/2616/146 5848/2638/146 5840/2624/146
f 5855/2646/147 5861/2651/147 5832/2608/147 5826/2600/147
f 5874/2661/148 5846/2630/148 5833/2612/148 5860/2647/148
f 5841/2628/149 5847/2634/149 5876/2667/149 5868/2658/149
f 5869/2660/150 5875/2665/150 5862/2653/150 5854/2644/150
f 5881/2668/322 5882/2669/322 5883/2670/322
f 5884/2671/340 5885/2672/340 5886/2673/340
f 5887/2674/263 5888/2675/263 5889/2676/263
f 5890/2677/583 5891/2678/583 5892/2679/583
f 5893/2680/225 5894/2681/225 5895/2682/225
f 5896/2683/584 5897/2684/584 5898/2685/584
f 5899/2686/289 5900/2687/289 5901/2688/289
f 5902/2689/296 5903/2690/296 5904/2691/296
f 5887/2674/229 5881/2668/229 5883/2670/229 5888/2675/229
f 5882/2692/230 5884/2693/230 5886/2694/230 5883/2695/230
f 5885/2696/231 5890/2677/231 5892/2679/231 5886/2694/231
f 5891/2678/232 5889/2697/232 5888/2698/232 5892/2679/232
f 5899/2686/233 5887/2674/233 5889/2676/233 5900/2687/233
f 5890/2677/234 5902/2689/234 5904/2691/234 5891/2678/234
f 5903/2690/235 5901/2688/235 5900/2687/235 5904/2691/235
f 5893/2680/236 5899/2686/236 5901/2688/236 5894/2681/236
f 5902/2689/237 5896/2683/237 5898/2685/237 5903/2690/237
f 5897/2684/238 5895/2682/238 5894/2681/238 5898/2685/238
f 5881/2668/239 5893/2680/239 5895/2682/239 5882/2669/239
f 5896/2683/240 5885/2672/240 5884/2671/240 5897/2684/240
f 5887/2674/145 5899/2686/145 5893/2680/145 5881/2668/145
f 5883/2695/146 5886/2694/146 5892/2679/146 5888/2698/146
f 5895/2682/147 5897/2684/147 5884/2671/147 5882/2699/147
f 5902/2689/148 5890/2700/148 5885/2701/148 5896/2683/148
f 5889/2697/149 5891/2678/149 5904/2691/149 5900/2687/149
f 5901/2688/150 5903/2690/150 5898/2685/150 5894/2681/150
f 5905/2702/243 5906/2703/243 5907/2670/243
f 5908/2704/244 5909/2705/244 5910/2673/244
f 5911/2706/263 5912/2675/263 5913/2707/263
f 5914/2708/583 5915/2678/583 5916/2679/583
f 5917/2709/225 5918/2681/225 5919/2710/225
f 5920/2711/226 5921/2712/226 5922/2685/226
f 5923/2713/349 5924/2714/349 5925/2688/349
f 5926/2715/366 5927/2690/366 5928/2716/366
f 5911/2706/229 5905/2702/229 5907/2670/229 5912/2675/229
f 5906/2692/230 5908/2693/230 5910/2694/230 5907/2695/230
f 5909/2696/231 5914/2708/231 5916/2679/231 5910/2694/231
f 5915/2678/232 5913/2717/232 5912/2698/232 5916/2679/232
f 5923/2713/233 5911/2706/233 5913/2707/233 5924/2714/233
f 5914/2708/234 5926/2715/234 5928/2716/234 5915/2678/234
f 5927/2690/235 5925/2688/235 5924/2714/235 5928/2716/235
f 5917/2709/236 5923/2713/236 5925/2688/236 5918/2681/236
f 5926/2715/237 5920/2711/237 5922/2685/237 5927/2690/237
f 5921/2712/238 5919/2710/238 5918/2681/238 5922/2685/238
f 5905/2702/239 5917/2709/239 5919/2710/239 5906/2703/239
f 5920/2711/240 5909/2705/240 5908/2704/240 5921/2712/240
f 5911/2706/145 5923/2713/145 5917/2709/145 5905/2702/145
f 5907/2695/146 5910/2694/146 5916/2679/146 5912/2698/146
f 5919/2710/147 5921/2712/147 5908/2704/147 5906/2718/147
f 5926/2715/148 5914/2719/148 5909/2720/148 5920/2711/148
f 5913/2717/149 5915/2678/149 5928/2716/149 5924/2714/149
f 5925/2688/150 5927/2690/150 5922/2685/150 5918/2681/150
f 5929/2721/243 5930/2722/243 5931/2670/243
f 5932/2704/244 5933/2705/244 5934/2723/244
f 5935/2706/223 5936/2675/223 5937/2707/223
f 5938/2708/224 5939/2724/224 5940/2725/224
f 5941/2726/585 5942/2681/585 5943/2682/585
f 5944/2683/226 5945/2712/226 5946/2685/226
f 5947/2727/289 5948/2687/289 5949/2688/289
f 5950/2728/296 5951/2690/296 5952/2729/296
f 5935/2706/229 5929/2721/229 5931/2670/229 5936/2675/229
f 5930/2692/230 5932/2693/230 5934/2694/230 5931/2695/230
f 5933/2696/231 5938/2708/231 5940/2725/231 5934/2694/231
f 5939/2724/232 5937/2717/232 5936/2698/232 5940/2725/232
f 5947/2727/233 5935/2706/233 5937/2707/233 5948/2687/233
f 5938/2708/234 5950/2728/234 5952/2729/234 5939/2724/234
f 5951/2690/235 5949/2688/235 5948/2687/235 5952/2729/235
f 5941/2726/236 5947/2727/236 5949/2688/236 5942/2681/236
f 5950/2728/237 5944/2683/237 5946/2685/237 5951/2690/237
f 5945/2712/238 5943/2682/238 5942/2681/238 5946/2685/238
f 5929/2721/239 5941/2726/239 5943/2682/239 5930/2722/239
f 5944/2683/240 5933/2705/240 5932/2704/240 5945/2712/240
f 5935/2706/145 5947/2727/145 5941/2726/145 5929/2721/145
f 5931/2695/146 5934/2694/146 5940/2725/146 5936/2698/146
f 5943/2682/147 5945/2712/147 5932/2704/147 5930/2718/147
f 5950/2728/148 5938/2719/148 5933/2720/148 5944/2683/148
f 5937/2717/149 5939/2724/149 5952/2729/149 5948/2687/149
f 5949/2688/150 5951/2690/150 5946/2685/150 5942/2681/150
f 6065/2774/151 6068/2775/151 6069/2776/151 6071/2599/151
f 6066/2777/152 6070/2601/152 6069/2602/152 6068/2603/152
f 6067/2604/153 6071/2605/153 6069/2606/153 6070/2607/153
f 6072/2778/154 6075/2779/154 6076/2780/154 6078/2611/154
f 6073/2612/155 6077/2613/155 6076/2614/155 6075/2781/155
f 6074/2616/156 6078/2617/156 6076/2618/156 6077/2619/156
f 6079/2782/157 6082/2621/157 6083/2622/157 6085/2783/157
f 6080/2624/158 6084/2625/158 6083/2784/158 6082/2627/158
f 6081/2785/159 6085/2786/159 6083/2784/159 6084/2625/159
f 6086/2787/160 6089/2631/160 6090/2788/160 6092/2633/160
f 6087/2789/161 6091/2635/161 6090/2636/161 6089/2790/161
f 6088/2638/162 6092/2639/162 6090/2636/162 6091/2635/162
f 6093/2640/163 6096/2641/163 6097/2791/163 6099/2792/163
f 6094/2644/164 6098/2645/164 6097/2791/164 6096/2641/164
f 6095/2793/165 6099/2792/165 6097/2791/165 6098/2645/165
f 6100/2794/166 6103/2795/166 6104/2796/166 6106/2650/166
f 6101/2797/167 6105/2652/167 6104/2796/167 6103/2795/167
f 6102/2653/168 6106/2650/168 6104/2796/168 6105/2652/168
f 6107/2798/169 6110/2799/169 6111/2656/169 6113/2657/169
f 6108/2800/170 6112/2659/170 6111/2656/170 6110/2799/170
f 6109/2660/171 6113/2657/171 6111/2656/171 6112/2659/171
f 6114/2801/172 6117/2662/172 6118/2663/172 6120/2802/172
f 6115/2665/173 6119/2666/173 6118/2663/173 6117/2662/173
f 6116/2803/174 6120/2802/174 6118/2663/174 6119/2666/174
f 6079/2782/175 6065/2774/175 6071/2599/175 6082/2621/175
f 6082/2627/176 6071/2605/176 6067/2604/176 6080/2624/176
f 6066/2777/206 6072/2778/206 6078/2611/206 6070/2601/206
f 6070/2607/178 6078/2617/178 6074/2616/178 6067/2604/178
f 6073/2612/179 6086/2787/179 6092/2633/179 6077/2613/179
f 6077/2619/180 6092/2639/180 6088/2638/180 6074/2616/180
f 6087/2789/181 6081/2785/181 6084/2625/181 6091/2635/181
f 6091/2635/182 6084/2625/182 6080/2624/182 6088/2638/182
f 6107/2798/183 6079/2782/183 6085/2783/183 6110/2799/183
f 6110/2799/209 6085/2786/209 6081/2785/209 6108/2800/209
f 6086/2787/185 6114/2801/185 6120/2802/185 6089/2631/185
f 6089/2790/210 6120/2802/210 6116/2803/210 6087/2789/210
f 6115/2665/187 6109/2660/187 6112/2659/187 6119/2666/187
f 6119/2666/188 6112/2659/188 6108/2800/188 6116/2803/188
f 6093/2640/189 6107/2798/189 6113/2657/189 6096/2641/189
f 6096/2641/190 6113/2657/190 6109/2660/190 6094/2644/190
f 6114/2801/191 6100/2794/191 6106/2650/191 6117/2662/191
f 6117/2662/220 6106/2650/220 6102/2653/220 6115/2665/220
f 6101/2797/193 6095/2793/193 6098/2645/193 6105/2652/193
f 6105/2652/194 6098/2645/194 6094/2644/194 6102/2653/194
f 6065/2774/195 6093/2640/195 6099/2792/195 6068/2775/195
f 6068/2603/196 6099/2792/196 6095/2793/196 6066/2777/196
f 6100/2794/197 6073/2612/197 6075/2781/197 6103/2795/197
f 6103/2795/198 6075/2779/198 6072/2778/198 6101/2797/198
f 6079/2782/145 6107/2798/145 6093/2640/145 6065/2774/145
f 6067/2604/146 6074/2616/146 6088/2638/146 6080/2624/146
f 6095/2793/147 6101/2797/147 6072/2778/147 6066/2777/147
f 6114/2801/148 6086/2787/148 6073/2612/148 6100/2794/148
f 6081/2785/149 6087/2789/149 6116/2803/149 6108/2800/149
f 6109/2660/150 6115/2665/150 6102/2653/150 6094/2644/150
f 6121/2804/322 6122/2669/322 6123/2670/322
f 6124/2704/244 6125/2672/244 6126/2723/244
f 6127/2805/263 6128/2675/263 6129/2676/263
f 6130/2677/583 6131/2724/583 6132/2806/583
f 6133/2709/225 6134/2681/225 6135/2710/225
f 6136/2807/226 6137/2808/226 6138/2685/226
f 6139/2713/349 6140/2714/349 6141/2688/349
f 6142/2715/366 6143/2690/366 6144/2809/366
f 6127/2805/229 6121/2804/229 6123/2670/229 6128/2675/229
f 6122/2692/230 6124/2693/230 6126/2694/230 6123/2695/230
f 6125/2696/231 6130/2677/231 6132/2806/231 6126/2694/231
f 6131/2724/232 6129/2697/232 6128/2698/232 6132/2806/232
f 6139/2713/233 6127/2805/233 6129/2676/233 6140/2714/233
f 6130/2677/234 6142/2715/234 6144/2809/234 6131/2724/234
f 6143/2690/235 6141/2688/235 6140/2714/235 6144/2809/235
f 6133/2709/236 6139/2713/236 6141/2688/236 6134/2681/236
f 6142/2715/237 6136/2807/237 6138/2685/237 6143/2690/237
f 6137/2808/238 6135/2710/238 6134/2681/238 6138/2685/238
f 6121/2804/239 6133/2709/239 6135/2710/239 6122/2669/239
f 6136/2807/240 6125/2672/240 6124/2704/240 6137/2808/240
f 6127/2805/145 6139/2713/145 6133/2709/145 6121/2804/145
f 6123/2695/146 6126/2694/146 6132/2806/146 6128/2698/146
f 6135/2710/147 6137/2808/147 6124/2704/147 6122/2699/147
f 6142/2715/148 6130/2700/148 6125/2810/148 6136/2807/148
f 6129/2697/149 6131/2724/149 6144/2809/149 6140/2714/149
f 6141/2688/150 6143/2690/150 6138/2685/150 6134/2681/150
f 6145/2702/243 6146/2703/243 6147/2670/243
f 6148/2704/244 6149/2705/244 6150/2673/244
f 6151/2706/223 6152/2675/223 6153/2707/223
f 6154/2708/224 6155/2678/224 6156/2679/224
f 6157/2709/225 6158/2681/225 6159/2710/225
f 6160/2711/226 6161/2712/226 6162/2685/226
f 6163/2713/289 6164/2714/289 6165/2688/289
f 6166/2715/296 6167/2690/296 6168/2809/296
f 6151/2706/229 6145/2702/229 6147/2670/229 6152/2675/229
f 6146/2692/230 6148/2693/230 6150/2694/230 6147/2695/230
f 6149/2696/231 6154/2708/231 6156/2679/231 6150/2694/231
f 6155/2678/232 6153/2717/232 6152/2698/232 6156/2679/232
f 6163/2713/233 6151/2706/233 6153/2707/233 6164/2714/233
f 6154/2708/234 6166/2715/234 6168/2809/234 6155/2678/234
f 6167/2690/235 6165/2688/235 6164/2714/235 6168/2809/235
f 6157/2709/236 6163/2713/236 6165/2688/236 6158/2681/236
f 6166/2715/237 6160/2711/237 6162/2685/237 6167/2690/237
f 6161/2712/238 6159/2710/238 6158/2681/238 6162/2685/238
f 6145/2702/239 6157/2709/239 6159/2710/239 6146/2703/239
f 6160/2711/240 6149/2705/240 6148/2704/240 6161/2712/240
f 6151/2706/145 6163/2713/145 6157/2709/145 6145/2702/145
f 6147/2695/146 6150/2694/146 6156/2679/146 6152/2698/146
f 6159/2710/147 6161/2712/147 6148/2704/147 6146/2718/147
f 6166/2715/148 6154/2719/148 6149/2720/148 6160/2711/148
f 6153/2717/149 6155/2678/149 6168/2809/149 6164/2714/149
f 6165/2688/150 6167/2690/150 6162/2685/150 6158/2681/150
f 6169/2668/243 6170/2669/243 6171/2670/243
f 6172/2671/340 6173/2672/340 6174/2673/340
f 6175/2674/263 6176/2675/263 6177/2676/263
f 6178/2677/583 6179/2678/583 6180/2679/583
f 6181/2680/585 6182/2681/585 6183/2682/585
f 6184/2683/584 6185/2684/584 6186/2685/584
f 6187/2686/289 6188/2687/289 6189/2688/289
f 6190/2689/296 6191/2690/296 6192/2691/296
f 6175/2674/229 6169/2668/229 6171/2670/229 6176/2675/229
f 6170/2692/230 6172/2693/230 6174/2694/230 6171/2695/230
f 6173/2696/231 6178/2677/231 6180/2679/231 6174/2694/231
f 6179/2678/232 6177/2697/232 6176/2698/232 6180/2679/232
f 6187/2686/233 6175/2674/233 6177/2676/233 6188/2687/233
f 6178/2677/234 6190/2689/234 6192/2691/234 6179/2678/234
f 6191/2690/235 6189/2688/235 6188/2687/235 6192/2691/235
f 6181/2680/236 6187/2686/236 6189/2688/236 6182/2681/236
f 6190/2689/237 6184/2683/237 6186/2685/237 6191/2690/237
f 6185/2684/238 6183/2682/238 6182/2681/238 6186/2685/238
f 6169/2668/239 6181/2680/239 6183/2682/239 6170/2669/239
f 6184/2683/240 6173/2672/240 6172/2671/240 6185/2684/240
f 6175/2674/145 6187/2686/145 6181/2680/145 6169/2668/145
f 6171/2695/146 6174/2694/146 6180/2679/146 6176/2698/146
f 6183/2682/147 6185/2684/147 6172/2671/147 6170/2699/147
f 6190/2689/148 6178/2700/148 6173/2701/148 6184/2683/148
f 6177/2697/149 6179/2678/149 6192/2691/149 6188/2687/149
f 6189/2688/150 6191/2690/150 6186/2685/150 6182/2681/150
usemtl ClickyChick_A
f 2553/850/245 2556/851/245 2558/852/245 2557/853/245
f 2556/851/246 2560/854/246 2561/855/246 2558/852/246
f 2554/856/247 2559/694/247 2561/857/247 2560/858/247
f 2559/700/248 2563/859/248 2564/860/248 2561/861/248
f 2555/862/249 2562/863/249 2564/860/249 2563/859/249
f 2562/864/250 2557/853/250 2558/852/250 2564/865/250
f 2558/852/243 2561/855/243 2564/865/243
f 2565/866/251 2568/867/251 2570/868/251 2569/869/251
f 2568/867/252 2572/870/252 2573/871/252 2570/868/252
f 2566/872/253 2571/873/253 2573/874/253 2572/875/253
f 2571/876/254 2575/877/254 2576/878/254 2573/879/254
f 2567/880/255 2574/881/255 2576/878/255 2575/877/255
f 2574/881/256 2569/882/256 2570/883/256 2576/878/256
f 2570/883/244 2573/879/244 2576/878/244
f 2577/884/257 2580/885/257 2582/886/257 2581/887/257
f 2580/885/258 2584/888/258 2585/889/258 2582/886/258
f 2578/890/259 2583/891/259 2585/892/259 2584/893/259
f 2583/891/260 2587/894/260 2588/895/260 2585/892/260
f 2579/896/261 2586/897/261 2588/895/261 2587/894/261
f 2586/898/262 2581/887/262 2582/886/262 2588/899/262
f 2582/886/263 2585/889/263 2588/899/263
f 2589/900/264 2592/901/264 2594/902/264 2593/903/264
f 2592/904/265 2596/905/265 2597/906/265 2594/907/265
f 2590/908/266 2595/909/266 2597/906/266 2596/905/266
f 2595/909/267 2599/910/267 2600/911/267 2597/906/267
f 2591/912/268 2598/913/268 2600/911/268 2599/910/268
f 2598/913/269 2593/914/269 2594/907/269 2600/911/269
f 2594/907/270 2597/906/270 2600/911/270
f 2601/915/271 2604/916/271 2606/917/271 2605/918/271
f 2604/916/272 2608/919/272 2609/920/272 2606/917/272
f 2602/921/273 2607/922/273 2609/920/273 2608/919/273
f 2607/922/274 2611/923/274 2612/924/274 2609/920/274
f 2603/925/275 2610/926/275 2612/924/275 2611/923/275
f 2610/926/276 2605/918/276 2606/917/276 2612/924/276
f 2606/917/225 2609/920/225 2612/924/225
f 2613/927/277 2616/928/277 2618/929/277 2617/930/277
f 2616/928/278 2620/931/278 2621/932/278 2618/929/278
f 2614/933/279 2619/934/279 2621/932/279 2620/931/279
f 2619/934/280 2623/935/280 2624/936/280 2621/932/280
f 2615/937/281 2622/938/281 2624/936/281 2623/935/281
f 2622/938/282 2617/930/282 2618/929/282 2624/936/282
f 2618/929/226 2621/932/226 2624/936/226
f 2625/939/283 2628/940/283 2630/941/283 2629/942/283
f 2628/940/284 2632/943/284 2633/944/284 2630/941/284
f 2626/945/285 2631/946/285 2633/944/285 2632/943/285
f 2631/946/286 2635/947/286 2636/948/286 2633/944/286
f 2627/949/287 2634/950/287 2636/948/287 2635/947/287
f 2634/950/288 2629/942/288 2630/941/288 2636/948/288
f 2630/941/289 2633/944/289 2636/948/289
f 2637/951/290 2640/952/290 2642/953/290 2641/954/290
f 2640/952/291 2644/955/291 2645/956/291 2642/953/291
f 2638/957/292 2643/958/292 2645/956/292 2644/955/292
f 2643/958/293 2647/959/293 2648/960/293 2645/956/293
f 2639/961/294 2646/962/294 2648/960/294 2647/959/294
f 2646/962/295 2641/954/295 2642/953/295 2648/960/295
f 2642/953/296 2645/956/296 2648/960/296
f 2577/884/297 2553/850/297 2557/853/297 2580/885/297
f 2580/885/229 2557/853/229 2562/864/229 2584/888/229
f 2584/893/298 2562/863/298 2555/862/298 2578/890/298
f 2554/856/299 2565/866/299 2569/869/299 2559/694/299
f 2559/700/230 2569/882/230 2574/881/230 2563/859/230
f 2563/859/300 2574/881/300 2567/880/300 2555/862/300
f 2566/872/301 2589/900/301 2593/903/301 2571/873/301
f 2571/876/231 2593/914/231 2598/913/231 2575/877/231
f 2575/877/302 2598/913/302 2591/912/302 2567/880/302
f 2590/908/303 2579/896/303 2587/894/303 2595/909/303
f 2595/909/232 2587/894/232 2583/891/232 2599/910/232
f 2599/910/304 2583/891/304 2578/890/304 2591/912/304
f 2625/939/305 2577/884/305 2581/887/305 2628/940/305
f 2628/940/233 2581/887/233 2586/898/233 2632/943/233
f 2632/943/306 2586/897/306 2579/896/306 2626/945/306
f 2589/900/307 2637/951/307 2641/954/307 2592/901/307
f 2592/904/234 2641/954/234 2646/962/234 2596/905/234
f 2596/905/308 2646/962/308 2639/961/308 2590/908/308
f 2638/957/309 2627/949/309 2635/947/309 2643/958/309
f 2643/958/235 2635/947/235 2631/946/235 2647/959/235
f 2647/959/310 2631/946/310 2626/945/310 2639/961/310
f 2601/915/311 2625/939/311 2629/942/311 2604/916/311
f 2604/916/236 2629/942/236 2634/950/236 2608/919/236
f 2608/919/312 2634/950/312 2627/949/312 2602/921/312
f 2637/951/313 2613/927/313 2617/930/313 2640/952/313
f 2640/952/237 2617/930/237 2622/938/237 2644/955/237
f 2644/955/314 2622/938/314 2615/937/314 2638/957/314
f 2614/933/315 2603/925/315 2611/923/315 2619/934/315
f 2619/934/238 2611/923/238 2607/922/238 2623/935/238
f 2623/935/316 2607/922/316 2602/921/316 2615/937/316
f 2553/850/317 2601/915/317 2605/918/317 2556/851/317
f 2556/851/239 2605/918/239 2610/926/239 2560/854/239
f 2560/858/318 2610/926/318 2603/925/318 2554/856/318
f 2613/927/319 2566/872/319 2572/875/319 2616/928/319
f 2616/928/240 2572/870/240 2568/867/240 2620/931/240
f 2620/931/320 2568/867/320 2565/866/320 2614/933/320
f 2577/884/145 2625/939/145 2601/915/145 2553/850/145
f 2555/862/146 2567/880/146 2591/912/146 2578/890/146
f 2603/925/147 2614/933/147 2565/866/147 2554/856/147
f 2637/951/148 2589/900/148 2566/872/148 2613/927/148
f 2579/896/149 2590/908/149 2639/961/149 2626/945/149
f 2627/949/150 2638/957/150 2615/937/150 2602/921/150
f 2649/963/151 2652/964/151 2653/965/151 2655/966/151
f 2650/967/152 2654/968/152 2653/969/152 2652/970/152
f 2651/971/153 2655/972/153 2653/973/153 2654/974/153
f 2656/975/154 2659/976/154 2660/977/154 2662/978/154
f 2657/979/155 2661/980/155 2660/981/155 2659/982/155
f 2658/983/156 2662/984/156 2660/985/156 2661/986/156
f 2663/987/157 2666/988/157 2667/989/157 2669/990/157
f 2664/991/158 2668/992/158 2667/993/158 2666/994/158
f 2665/995/159 2669/996/159 2667/993/159 2668/992/159
f 2670/997/160 2673/998/160 2674/999/160 2676/1000/160
f 2671/1001/161 2675/1002/161 2674/1003/161 2673/1004/161
f 2672/1005/162 2676/1006/162 2674/1003/162 2675/1002/162
f 2677/1007/163 2680/1008/163 2681/1009/163 2683/1010/163
f 2678/1011/164 2682/1012/164 2681/1009/164 2680/1008/164
f 2679/1013/165 2683/1010/165 2681/1009/165 2682/1012/165
f 2684/1014/166 2687/1015/166 2688/1016/166 2690/1017/166
f 2685/1018/167 2689/1019/167 2688/1016/167 2687/1015/167
f 2686/1020/168 2690/1017/168 2688/1016/168 2689/1019/168
f 2691/1021/169 2694/1022/169 2695/1023/169 2697/1024/169
f 2692/1025/170 2696/1026/170 2695/1023/170 2694/1022/170
f 2693/1027/171 2697/1024/171 2695/1023/171 2696/1026/171
f 2698/1028/172 2701/1029/172 2702/1030/172 2704/1031/172
f 2699/1032/173 2703/1033/173 2702/1030/173 2701/1029/173
f 2700/1034/174 2704/1031/174 2702/1030/174 2703/1033/174
f 2663/987/175 2649/963/175 2655/966/175 2666/988/175
f 2666/994/176 2655/972/176 2651/971/176 2664/991/176
f 2650/967/206 2656/975/206 2662/978/206 2654/968/206
f 2654/974/178 2662/984/178 2658/983/178 2651/971/178
f 2657/979/179 2670/997/179 2676/1000/179 2661/980/179
f 2661/986/180 2676/1006/180 2672/1005/180 2658/983/180
f 2671/1001/181 2665/995/181 2668/992/181 2675/1002/181
f 2675/1002/204 2668/992/204 2664/991/204 2672/1005/204
f 2691/1021/183 2663/987/183 2669/990/183 2694/1022/183
f 2694/1022/184 2669/996/184 2665/995/184 2692/1025/184
f 2670/997/185 2698/1028/185 2704/1031/185 2673/998/185
f 2673/1004/186 2704/1031/186 2700/1034/186 2671/1001/186
f 2699/1032/187 2693/1027/187 2696/1026/187 2703/1033/187
f 2703/1033/199 2696/1026/199 2692/1025/199 2700/1034/199
f 2677/1007/189 2691/1021/189 2697/1024/189 2680/1008/189
f 2680/1008/190 2697/1024/190 2693/1027/190 2678/1011/190
f 2698/1028/191 2684/1014/191 2690/1017/191 2701/1029/191
f 2701/1029/192 2690/1017/192 2686/1020/192 2699/1032/192
f 2685/1018/193 2679/1013/193 2682/1012/193 2689/1019/193
f 2689/1019/200 2682/1012/200 2678/1011/200 2686/1020/200
f 2649/963/195 2677/1007/195 2683/1010/195 2652/964/195
f 2652/970/196 2683/1010/196 2679/1013/196 2650/967/196
f 2684/1014/197 2657/979/197 2659/982/197 2687/1015/197
f 2687/1015/198 2659/976/198 2656/975/198 2685/1018/198
f 2663/987/145 2691/1021/145 2677/1007/145 2649/963/145
f 2651/971/146 2658/983/146 2672/1005/146 2664/991/146
f 2679/1013/147 2685/1018/147 2656/975/147 2650/967/147
f 2698/1028/148 2670/997/148 2657/979/148 2684/1014/148
f 2665/995/149 2671/1001/149 2700/1034/149 2692/1025/149
f 2693/1027/150 2699/1032/150 2686/1020/150 2678/1011/150
f 2705/1035/245 2708/1036/245 2710/1037/245 2709/1038/245
f 2708/1036/321 2712/1039/321 2713/1040/321 2710/1037/321
f 2706/1041/247 2711/1042/247 2713/1043/247 2712/1044/247
f 2711/1045/248 2715/1046/248 2716/1047/248 2713/861/248
f 2707/1048/249 2714/1049/249 2716/1047/249 2715/1046/249
f 2714/1050/250 2709/1038/250 2710/1037/250 2716/1051/250
f 2710/1037/322 2713/1040/322 2716/1051/322
f 2717/1052/251 2720/1053/251 2722/1054/251 2721/1055/251
f 2720/1053/252 2724/1056/252 2725/871/252 2722/1054/252
f 2718/1057/253 2723/1058/253 2725/1059/253 2724/1060/253
f 2723/1061/254 2727/1062/254 2728/1063/254 2725/1064/254
f 2719/1065/255 2726/1066/255 2728/1063/255 2727/1062/255
f 2726/1066/256 2721/1067/256 2722/1068/256 2728/1063/256
f 2722/1068/323 2725/1064/323 2728/1063/323
f 2729/1069/324 2732/1070/324 2734/1071/324 2733/1072/324
f 2732/1070/325 2736/1073/325 2737/1074/325 2734/1071/325
f 2730/1075/326 2735/1076/326 2737/1077/326 2736/1078/326
f 2735/1076/260 2739/1079/260 2740/1080/260 2737/1077/260
f 2731/1081/261 2738/1082/261 2740/1080/261 2739/1079/261
f 2738/1083/262 2733/1072/262 2734/1071/262 2740/1084/262
f 2734/1071/223 2737/1074/223 2740/1084/223
f 2741/1085/264 2744/1086/264 2746/1087/264 2745/1088/264
f 2744/1089/265 2748/1090/265 2749/1091/265 2746/1092/265
f 2742/1093/266 2747/1094/266 2749/1091/266 2748/1090/266
f 2747/1094/267 2751/1095/267 2752/1096/267 2749/1091/267
f 2743/1097/268 2750/1098/268 2752/1096/268 2751/1095/268
f 2750/1098/269 2745/1099/269 2746/1092/269 2752/1096/269
f 2746/1092/224 2749/1091/224 2752/1096/224
f 2753/1100/271 2756/1101/271 2758/1102/271 2757/1103/271
f 2756/1101/272 2760/1104/272 2761/1105/272 2758/1102/272
f 2754/1106/273 2759/1107/273 2761/1105/273 2760/1104/273
f 2759/1107/274 2763/1108/274 2764/1109/274 2761/1105/274
f 2755/1110/275 2762/1111/275 2764/1109/275 2763/1108/275
f 2762/1111/276 2757/1103/276 2758/1102/276 2764/1109/276
f 2758/1102/225 2761/1105/225 2764/1109/225
f 2765/1112/277 2768/1113/277 2770/1114/277 2769/1115/277
f 2768/1113/278 2772/1116/278 2773/1117/278 2770/1114/278
f 2766/1118/279 2771/1119/279 2773/1117/279 2772/1116/279
f 2771/1119/280 2775/1120/280 2776/1121/280 2773/1117/280
f 2767/1122/327 2774/1123/327 2776/1121/327 2775/1120/327
f 2774/1123/282 2769/1115/282 2770/1114/282 2776/1121/282
f 2770/1114/226 2773/1117/226 2776/1121/226
f 2777/1124/283 2780/1125/283 2782/1126/283 2781/1127/283
f 2780/1125/328 2784/1128/328 2785/1129/328 2782/1126/328
f 2778/1130/329 2783/1131/329 2785/1129/329 2784/1128/329
f 2783/1131/286 2787/1132/286 2788/1133/286 2785/1129/286
f 2779/1134/287 2786/1135/287 2788/1133/287 2787/1132/287
f 2786/1135/288 2781/1127/288 2782/1126/288 2788/1133/288
f 2782/1126/289 2785/1129/289 2788/1133/289
f 2789/1136/290 2792/1137/290 2794/1138/290 2793/1139/290
f 2792/1137/291 2796/1140/291 2797/1141/291 2794/1138/291
f 2790/1142/292 2795/1143/292 2797/1141/292 2796/1140/292
f 2795/1143/293 2799/1144/293 2800/1145/293 2797/1141/293
f 2791/1146/294 2798/1147/294 2800/1145/294 2799/1144/294
f 2798/1147/295 2793/1139/295 2794/1138/295 2800/1145/295
f 2794/1138/296 2797/1141/296 2800/1145/296
f 2729/1069/297 2705/1035/297 2709/1038/297 2732/1070/297
f 2732/1070/229 2709/1038/229 2714/1050/229 2736/1073/229
f 2736/1078/330 2714/1049/330 2707/1048/330 2730/1075/330
f 2706/1041/299 2717/1052/299 2721/1055/299 2711/1042/299
f 2711/1045/230 2721/1067/230 2726/1066/230 2715/1046/230
f 2715/1046/300 2726/1066/300 2719/1065/300 2707/1048/300
f 2718/1057/331 2741/1085/331 2745/1088/331 2723/1058/331
f 2723/1061/231 2745/1099/231 2750/1098/231 2727/1062/231
f 2727/1062/332 2750/1098/332 2743/1097/332 2719/1065/332
f 2742/1093/303 2731/1081/303 2739/1079/303 2747/1094/303
f 2747/1094/232 2739/1079/232 2735/1076/232 2751/1095/232
f 2751/1095/304 2735/1076/304 2730/1075/304 2743/1097/304
f 2777/1124/333 2729/1069/333 2733/1072/333 2780/1125/333
f 2780/1125/233 2733/1072/233 2738/1083/233 2784/1128/233
f 2784/1128/306 2738/1082/306 2731/1081/306 2778/1130/306
f 2741/1085/334 2789/1136/334 2793/1139/334 2744/1086/334
f 2744/1089/234 2793/1139/234 2798/1147/234 2748/1090/234
f 2748/1090/308 2798/1147/308 2791/1146/308 2742/1093/308
f 2790/1142/309 2779/1134/309 2787/1132/309 2795/1143/309
f 2795/1143/235 2787/1132/235 2783/1131/235 2799/1144/235
f 2799/1144/310 2783/1131/310 2778/1130/310 2791/1146/310
f 2753/1100/311 2777/1124/311 2781/1127/311 2756/1101/311
f 2756/1101/236 2781/1127/236 2786/1135/236 2760/1104/236
f 2760/1104/312 2786/1135/312 2779/1134/312 2754/1106/312
f 2789/1136/335 2765/1112/335 2769/1115/335 2792/1137/335
f 2792/1137/237 2769/1115/237 2774/1123/237 2796/1140/237
f 2796/1140/314 2774/1123/314 2767/1122/314 2790/1142/314
f 2766/1118/315 2755/1110/315 2763/1108/315 2771/1119/315
f 2771/1119/238 2763/1108/238 2759/1107/238 2775/1120/238
f 2775/1120/316 2759/1107/316 2754/1106/316 2767/1122/316
f 2705/1035/336 2753/1100/336 2757/1103/336 2708/1036/336
f 2708/1036/239 2757/1103/239 2762/1111/239 2712/1039/239
f 2712/1044/318 2762/1111/318 2755/1110/318 2706/1041/318
f 2765/1112/337 2718/1057/337 2724/1060/337 2768/1113/337
f 2768/1113/240 2724/1056/240 2720/1053/240 2772/1116/240
f 2772/1116/320 2720/1053/320 2717/1052/320 2766/1118/320
f 2729/1069/145 2777/1124/145 2753/1100/145 2705/1035/145
f 2707/1048/146 2719/1065/146 2743/1097/146 2730/1075/146
f 2755/1110/147 2766/1118/147 2717/1052/147 2706/1041/147
f 2789/1136/148 2741/1085/148 2718/1057/148 2765/1112/148
f 2731/1081/149 2742/1093/149 2791/1146/149 2778/1130/149
f 2779/1134/150 2790/1142/150 2767/1122/150 2754/1106/150
f 2801/1148/338 2804/1149/338 2806/1150/338 2805/1151/338
f 2804/1149/246 2808/1152/246 2809/1153/246 2806/1150/246
f 2802/1154/247 2807/1155/247 2809/1156/247 2808/1044/247
f 2807/1157/248 2811/1158/248 2812/1047/248 2809/861/248
f 2803/1159/249 2810/1049/249 2812/1047/249 2811/1158/249
f 2810/1050/250 2805/1151/250 2806/1150/250 2812/1051/250
f 2806/1150/243 2809/1153/243 2812/1051/243
f 2813/1160/339 2816/1161/339 2818/1162/339 2817/1163/339
f 2816/1161/252 2820/1164/252 2821/871/252 2818/1162/252
f 2814/1057/253 2819/1058/253 2821/1059/253 2820/1060/253
f 2819/1061/254 2823/1165/254 2824/1166/254 2821/1064/254
f 2815/1167/255 2822/1168/255 2824/1166/255 2823/1165/255
f 2822/1168/256 2817/1169/256 2818/1170/256 2824/1166/256
f 2818/1170/340 2821/1064/340 2824/1166/340
f 2825/1069/257 2828/1171/257 2830/1172/257 2829/1173/257
f 2828/1171/258 2832/1073/258 2833/1074/258 2830/1172/258
f 2826/1174/326 2831/1175/326 2833/1077/326 2832/1078/326
f 2831/1175/260 2835/1176/260 2836/1177/260 2833/1077/260
f 2827/1178/261 2834/1179/261 2836/1177/261 2835/1176/261
f 2834/1180/262 2829/1173/262 2830/1172/262 2836/1181/262
f 2830/1172/341 2833/1074/341 2836/1181/341
f 2837/1085/264 2840/1182/264 2842/1087/264 2841/1088/264
f 2840/1183/342 2844/1184/342 2845/1185/342 2842/1092/342
f 2838/1186/266 2843/1187/266 2845/1185/266 2844/1184/266
f 2843/1187/267 2847/1188/267 2848/1189/267 2845/1185/267
f 2839/1190/343 2846/1191/343 2848/1189/343 2847/1188/343
f 2846/1191/344 2841/1099/344 2842/1092/344 2848/1189/344
f 2842/1092/224 2845/1185/224 2848/1189/224
f 2849/1192/271 2852/1101/271 2854/1193/271 2853/1194/271
f 2852/1101/272 2856/1195/272 2857/1196/272 2854/1193/272
f 2850/1197/273 2855/1198/273 2857/1196/273 2856/1195/273
f 2855/1198/274 2859/1199/274 2860/1200/274 2857/1196/274
f 2851/1201/275 2858/1111/275 2860/1200/275 2859/1199/275
f 2858/1111/276 2853/1194/276 2854/1193/276 2860/1200/276
f 2854/1193/345 2857/1196/345 2860/1200/345
f 2861/1202/277 2864/1113/277 2866/1114/277 2865/1203/277
f 2864/1113/346 2868/1204/346 2869/1205/346 2866/1114/346
f 2862/1206/279 2867/1207/279 2869/1205/279 2868/1204/279
f 2867/1207/280 2871/1208/280 2872/1209/280 2869/1205/280
f 2863/1210/281 2870/1211/281 2872/1209/281 2871/1208/281
f 2870/1211/347 2865/1203/347 2866/1114/347 2872/1209/347
f 2866/1114/226 2869/1205/226 2872/1209/226
f 2873/1212/348 2876/1125/348 2878/1213/348 2877/1214/348
f 2876/1125/284 2880/1128/284 2881/1215/284 2878/1213/284
f 2874/1216/329 2879/1217/329 2881/1215/329 2880/1128/329
f 2879/1217/286 2883/1218/286 2884/1219/286 2881/1215/286
f 2875/1220/287 2882/1221/287 2884/1219/287 2883/1218/287
f 2882/1221/288 2877/1214/288 2878/1213/288 2884/1219/288
f 2878/1213/349 2881/1215/349 2884/1219/349
f 2885/1136/290 2888/1137/290 2890/1138/290 2889/1139/290
f 2888/1137/291 2892/1222/291 2893/1223/291 2890/1138/291
f 2886/1224/292 2891/1225/292 2893/1223/292 2892/1222/292
f 2891/1225/293 2895/1226/293 2896/1227/293 2893/1223/293
f 2887/1228/350 2894/1229/350 2896/1227/350 2895/1226/350
f 2894/1229/295 2889/1139/295 2890/1138/295 2896/1227/295
f 2890/1138/228 2893/1223/228 2896/1227/228
f 2825/1069/297 2801/1148/297 2805/1151/297 2828/1171/297
f 2828/1171/229 2805/1151/229 2810/1050/229 2832/1073/229
f 2832/1078/298 2810/1049/298 2803/1159/298 2826/1174/298
f 2802/1154/299 2813/1160/299 2817/1163/299 2807/1155/299
f 2807/1157/230 2817/1169/230 2822/1168/230 2811/1158/230
f 2811/1158/300 2822/1168/300 2815/1167/300 2803/1159/300
f 2814/1057/351 2837/1085/351 2841/1088/351 2819/1058/351
f 2819/1061/231 2841/1099/231 2846/1191/231 2823/1165/231
f 2823/1165/302 2846/1191/302 2839/1190/302 2815/1167/302
f 2838/1186/303 2827/1178/303 2835/1176/303 2843/1187/303
f 2843/1187/232 2835/1176/232 2831/1175/232 2847/1188/232
f 2847/1188/304 2831/1175/304 2826/1174/304 2839/1190/304
f 2873/1212/333 2825/1069/333 2829/1173/333 2876/1125/333
f 2876/1125/233 2829/1173/233 2834/1180/233 2880/1128/233
f 2880/1128/306 2834/1179/306 2827/1178/306 2874/1216/306
f 2837/1085/334 2885/1136/334 2889/1139/334 2840/1182/334
f 2840/1183/234 2889/1139/234 2894/1229/234 2844/1184/234
f 2844/1184/308 2894/1229/308 2887/1228/308 2838/1186/308
f 2886/1224/309 2875/1220/309 2883/1218/309 2891/1225/309
f 2891/1225/235 2883/1218/235 2879/1217/235 2895/1226/235
f 2895/1226/310 2879/1217/310 2874/1216/310 2887/1228/310
f 2849/1192/311 2873/1212/311 2877/1214/311 2852/1101/311
f 2852/1101/236 2877/1214/236 2882/1221/236 2856/1195/236
f 2856/1195/352 2882/1221/352 2875/1220/352 2850/1197/352
f 2885/1136/353 2861/1202/353 2865/1203/353 2888/1137/353
f 2888/1137/237 2865/1203/237 2870/1211/237 2892/1222/237
f 2892/1222/314 2870/1211/314 2863/1210/314 2886/1224/314
f 2862/1206/315 2851/1201/315 2859/1199/315 2867/1207/315
f 2867/1207/238 2859/1199/238 2855/1198/238 2871/1208/238
f 2871/1208/316 2855/1198/316 2850/1197/316 2863/1210/316
f 2801/1148/336 2849/1192/336 2853/1194/336 2804/1149/336
f 2804/1149/239 2853/1194/239 2858/1111/239 2808/1152/239
f 2808/1044/318 2858/1111/318 2851/1201/318 2802/1154/318
f 2861/1202/337 2814/1057/337 2820/1060/337 2864/1113/337
f 2864/1113/240 2820/1164/240 2816/1161/240 2868/1204/240
f 2868/1204/320 2816/1161/320 2813/1160/320 2862/1206/320
f 2825/1069/145 2873/1212/145 2849/1192/145 2801/1148/145
f 2803/1159/146 2815/1167/146 2839/1190/146 2826/1174/146
f 2851/1201/147 2862/1206/147 2813/1160/147 2802/1154/147
f 2885/1136/148 2837/1085/148 2814/1057/148 2861/1202/148
f 2827/1178/149 2838/1186/149 2887/1228/149 2874/1216/149
f 2875/1220/150 2886/1224/150 2863/1210/150 2850/1197/150
f 2897/1230/338 2900/1231/338 2902/1232/338 2901/1233/338
f 2900/1231/246 2904/1152/246 2905/1234/246 2902/1232/246
f 2898/1235/247 2903/1236/247 2905/1156/247 2904/1044/247
f 2903/1237/248 2907/1238/248 2908/1047/248 2905/861/248
f 2899/1239/249 2906/1049/249 2908/1047/249 2907/1238/249
f 2906/1050/250 2901/1233/250 2902/1232/250 2908/1051/250
f 2902/1232/243 2905/1234/243 2908/1051/243
f 2909/1240/251 2912/1241/251 2914/1242/251 2913/1243/251
f 2912/1241/252 2916/1164/252 2917/871/252 2914/1242/252
f 2910/1244/354 2915/1058/354 2917/1059/354 2916/1245/354
f 2915/1061/254 2919/1246/254 2920/1247/254 2917/1064/254
f 2911/1248/255 2918/1249/255 2920/1247/255 2919/1246/255
f 2918/1249/256 2913/1250/256 2914/1251/256 2920/1247/256
f 2914/1251/323 2917/1064/323 2920/1247/323
f 2921/1069/257 2924/1171/257 2926/1252/257 2925/1253/257
f 2924/1171/325 2928/1073/325 2929/1074/325 2926/1252/325
f 2922/1254/326 2927/1255/326 2929/1077/326 2928/1078/326
f 2927/1255/260 2931/1256/260 2932/1257/260 2929/1077/260
f 2923/1258/261 2930/1179/261 2932/1257/261 2931/1256/261
f 2930/1259/262 2925/1253/262 2926/1252/262 2932/1260/262
f 2926/1252/223 2929/1074/223 2932/1260/223
f 2933/1085/355 2936/1182/355 2938/1087/355 2937/1088/355
f 2936/1183/265 2940/1261/265 2941/1262/265 2938/1092/265
f 2934/1263/266 2939/1264/266 2941/1262/266 2940/1261/266
f 2939/1264/267 2943/1265/267 2944/1266/267 2941/1262/267
f 2935/1267/268 2942/1268/268 2944/1266/268 2943/1265/268
f 2942/1268/269 2937/1099/269 2938/1092/269 2944/1266/269
f 2938/1092/224 2941/1262/224 2944/1266/224
f 2945/1100/271 2948/1101/271 2950/1102/271 2949/1103/271
f 2948/1101/356 2952/1269/356 2953/1270/356 2950/1102/356
f 2946/1271/273 2951/1272/273 2953/1270/273 2952/1269/273
f 2951/1272/274 2955/1273/274 2956/1109/274 2953/1270/274
f 2947/1274/275 2954/1111/275 2956/1109/275 2955/1273/275
f 2954/1111/276 2949/1103/276 2950/1102/276 2956/1109/276
f 2950/1102/225 2953/1270/225 2956/1109/225
f 2957/1275/357 2960/1113/357 2962/1114/357 2961/1115/357
f 2960/1113/278 2964/1276/278 2965/1277/278 2962/1114/278
f 2958/1278/279 2963/1279/279 2965/1277/279 2964/1276/279
f 2963/1279/280 2967/1280/280 2968/1281/280 2965/1277/280
f 2959/1282/281 2966/1283/281 2968/1281/281 2967/1280/281
f 2966/1283/282 2961/1115/282 2962/1114/282 2968/1281/282
f 2962/1114/226 2965/1277/226 2968/1281/226
f 2969/1124/348 2972/1125/348 2974/1126/348 2973/1127/348
f 2972/1125/328 2976/1128/328 2977/1284/328 2974/1126/328
f 2970/1285/285 2975/1286/285 2977/1284/285 2976/1128/285
f 2975/1286/286 2979/1287/286 2980/1288/286 2977/1284/286
f 2971/1289/287 2978/1290/287 2980/1288/287 2979/1287/287
f 2978/1290/288 2973/1127/288 2974/1126/288 2980/1288/288
f 2974/1126/349 2977/1284/349 2980/1288/349
f 2981/1136/358 2984/1137/358 2986/1138/358 2985/1139/358
f 2984/1137/291 2988/1291/291 2989/1292/291 2986/1138/291
f 2982/1293/292 2987/1294/292 2989/1292/292 2988/1291/292
f 2987/1294/293 2991/1295/293 2992/1296/293 2989/1292/293
f 2983/1297/294 2990/1298/294 2992/1296/294 2991/1295/294
f 2990/1298/295 2985/1139/295 2986/1138/295 2992/1296/295
f 2986/1138/359 2989/1292/359 2992/1296/359
f 2921/1069/297 2897/1230/297 2901/1233/297 2924/1171/297
f 2924/1171/229 2901/1233/229 2906/1050/229 2928/1073/229
f 2928/1078/298 2906/1049/298 2899/1239/298 2922/1254/298
f 2898/1235/299 2909/1240/299 2913/1243/299 2903/1236/299
f 2903/1237/230 2913/1250/230 2918/1249/230 2907/1238/230
f 2907/1238/300 2918/1249/300 2911/1248/300 2899/1239/300
f 2910/1244/301 2933/1085/301 2937/1088/301 2915/1058/301
f 2915/1061/231 2937/1099/231 2942/1268/231 2919/1246/231
f 2919/1246/332 2942/1268/332 2935/1267/332 2911/1248/332
f 2934/1263/303 2923/1258/303 2931/1256/303 2939/1264/303
f 2939/1264/232 2931/1256/232 2927/1255/232 2943/1265/232
f 2943/1265/304 2927/1255/304 2922/1254/304 2935/1267/304
f 2969/1124/333 2921/1069/333 2925/1253/333 2972/1125/333
f 2972/1125/233 2925/1253/233 2930/1259/233 2976/1128/233
f 2976/1128/306 2930/1179/306 2923/1258/306 2970/1285/306
f 2933/1085/307 2981/1136/307 2985/1139/307 2936/1182/307
f 2936/1183/234 2985/1139/234 2990/1298/234 2940/1261/234
f 2940/1261/308 2990/1298/308 2983/1297/308 2934/1263/308
f 2982/1293/309 2971/1289/309 2979/1287/309 2987/1294/309
f 2987/1294/235 2979/1287/235 2975/1286/235 2991/1295/235
f 2991/1295/310 2975/1286/310 2970/1285/310 2983/1297/310
f 2945/1100/311 2969/1124/311 2973/1127/311 2948/1101/311
f 2948/1101/236 2973/1127/236 2978/1290/236 2952/1269/236
f 2952/1269/312 2978/1290/312 2971/1289/312 2946/1271/312
f 2981/1136/313 2957/1275/313 2961/1115/313 2984/1137/313
f 2984/1137/237 2961/1115/237 2966/1283/237 2988/1291/237
f 2988/1291/360 2966/1283/360 2959/1282/360 2982/1293/360
f 2958/1278/315 2947/1274/315 2955/1273/315 2963/1279/315
f 2963/1279/238 2955/1273/238 2951/1272/238 2967/1280/238
f 2967/1280/316 2951/1272/316 2946/1271/316 2959/1282/316
f 2897/1230/336 2945/1100/336 2949/1103/336 2900/1231/336
f 2900/1231/239 2949/1103/239 2954/1111/239 2904/1152/239
f 2904/1044/318 2954/1111/318 2947/1274/318 2898/1235/318
f 2957/1275/361 2910/1244/361 2916/1245/361 2960/1113/361
f 2960/1113/240 2916/1164/240 2912/1241/240 2964/1276/240
f 2964/1276/362 2912/1241/362 2909/1240/362 2958/1278/362
f 2921/1069/145 2969/1124/145 2945/1100/145 2897/1230/145
f 2899/1239/146 2911/1248/146 2935/1267/146 2922/1254/146
f 2947/1274/147 2958/1278/147 2909/1240/147 2898/1235/147
f 2981/1136/148 2933/1085/148 2910/1244/148 2957/1275/148
f 2923/1258/149 2934/1263/149 2983/1297/149 2970/1285/149
f 2971/1289/150 2982/1293/150 2959/1282/150 2946/1271/150
f 2993/1035/245 2996/1299/245 2998/1300/245 2997/1301/245
f 2996/1299/246 3000/1152/246 3001/1153/246 2998/1300/246
f 2994/1302/247 2999/1303/247 3001/1304/247 3000/1044/247
f 2999/1305/248 3003/1306/248 3004/1047/248 3001/861/248
f 2995/1307/249 3002/1049/249 3004/1047/249 3003/1306/249
f 3002/1050/250 2997/1301/250 2998/1300/250 3004/1051/250
f 2998/1300/243 3001/1153/243 3004/1051/243
f 3005/1308/251 3008/1309/251 3010/1310/251 3009/1311/251
f 3008/1309/363 3012/1164/363 3013/871/363 3010/1310/363
f 3006/1057/253 3011/1058/253 3013/1059/253 3012/1060/253
f 3011/1061/254 3015/1312/254 3016/1313/254 3013/1064/254
f 3007/1314/255 3014/1315/255 3016/1313/255 3015/1312/255
f 3014/1315/256 3009/1316/256 3010/1317/256 3016/1313/256
f 3010/1317/340 3013/1064/340 3016/1313/340
f 3017/1069/257 3020/1171/257 3022/1318/257 3021/1173/257
f 3020/1171/325 3024/1073/325 3025/1074/325 3022/1318/325
f 3018/1319/326 3023/1320/326 3025/1077/326 3024/1078/326
f 3023/1320/260 3027/1321/260 3028/1177/260 3025/1077/260
f 3019/1322/261 3026/1179/261 3028/1177/261 3027/1321/261
f 3026/1180/262 3021/1173/262 3022/1318/262 3028/1181/262
f 3022/1318/223 3025/1074/223 3028/1181/223
f 3029/1085/264 3032/1182/264 3034/1087/264 3033/1088/264
f 3032/1183/265 3036/1323/265 3037/1324/265 3034/1092/265
f 3030/1325/266 3035/1326/266 3037/1324/266 3036/1323/266
f 3035/1326/267 3039/1327/267 3040/1328/267 3037/1324/267
f 3031/1329/268 3038/1330/268 3040/1328/268 3039/1327/268
f 3038/1330/269 3033/1099/269 3034/1092/269 3040/1328/269
f 3034/1092/364 3037/1324/364 3040/1328/364
f 3041/1100/271 3044/1331/271 3046/1332/271 3045/1333/271
f 3044/1331/356 3048/1334/356 3049/1335/356 3046/1332/356
f 3042/1336/273 3047/1337/273 3049/1335/273 3048/1334/273
f 3047/1337/274 3051/1338/274 3052/1109/274 3049/1335/274
f 3043/1339/275 3050/1111/275 3052/1109/275 3051/1338/275
f 3050/1111/276 3045/1333/276 3046/1332/276 3052/1109/276
f 3046/1332/225 3049/1335/225 3052/1109/225
f 3053/1112/277 3056/1113/277 3058/1340/277 3057/1203/277
f 3056/1113/278 3060/1341/278 3061/1342/278 3058/1340/278
f 3054/1343/279 3059/1344/279 3061/1342/279 3060/1341/279
f 3059/1344/280 3063/1345/280 3064/1346/280 3061/1342/280
f 3055/1347/281 3062/1348/281 3064/1346/281 3063/1345/281
f 3062/1348/282 3057/1203/282 3058/1340/282 3064/1346/282
f 3058/1340/226 3061/1342/226 3064/1346/226
f 3065/1124/283 3068/1349/283 3070/1350/283 3069/1351/283
f 3068/1349/328 3072/1128/328 3073/1284/328 3070/1350/328
f 3066/1352/285 3071/1353/285 3073/1284/285 3072/1128/285
f 3071/1353/286 3075/1354/286 3076/1355/286 3073/1284/286
f 3067/1356/287 3074/1357/287 3076/1355/287 3075/1354/287
f 3074/1357/288 3069/1351/288 3070/1350/288 3076/1355/288
f 3070/1350/227 3073/1284/227 3076/1355/227
f 3077/1136/290 3080/1358/290 3082/1359/290 3081/1139/290
f 3080/1358/291 3084/1360/291 3085/1361/291 3082/1359/291
f 3078/1362/292 3083/1363/292 3085/1361/292 3084/1360/292
f 3083/1363/293 3087/1364/293 3088/1365/293 3085/1361/293
f 3079/1366/294 3086/1367/294 3088/1365/294 3087/1364/294
f 3086/1367/365 3081/1139/365 3082/1359/365 3088/1365/365
f 3082/1359/296 3085/1361/296 3088/1365/296
f 3017/1069/297 2993/1035/297 2997/1301/297 3020/1171/297
f 3020/1171/229 2997/1301/229 3002/1050/229 3024/1073/229
f 3024/1078/298 3002/1049/298 2995/1307/298 3018/1319/298
f 2994/1302/299 3005/1308/299 3009/1311/299 2999/1303/299
f 2999/1305/230 3009/1316/230 3014/1315/230 3003/1306/230
f 3003/1306/300 3014/1315/300 3007/1314/300 2995/1307/300
f 3006/1057/301 3029/1085/301 3033/1088/301 3011/1058/301
f 3011/1061/231 3033/1099/231 3038/1330/231 3015/1312/231
f 3015/1312/332 3038/1330/332 3031/1329/332 3007/1314/332
f 3030/1325/303 3019/1322/303 3027/1321/303 3035/1326/303
f 3035/1326/232 3027/1321/232 3023/1320/232 3039/1327/232
f 3039/1327/304 3023/1320/304 3018/1319/304 3031/1329/304
f 3065/1124/333 3017/1069/333 3021/1173/333 3068/1349/333
f 3068/1349/233 3021/1173/233 3026/1180/233 3072/1128/233
f 3072/1128/306 3026/1179/306 3019/1322/306 3066/1352/306
f 3029/1085/307 3077/1136/307 3081/1139/307 3032/1182/307
f 3032/1183/234 3081/1139/234 3086/1367/234 3036/1323/234
f 3036/1323/308 3086/1367/308 3079/1366/308 3030/1325/308
f 3078/1362/309 3067/1356/309 3075/1354/309 3083/1363/309
f 3083/1363/235 3075/1354/235 3071/1353/235 3087/1364/235
f 3087/1364/310 3071/1353/310 3066/1352/310 3079/1366/310
f 3041/1100/311 3065/1124/311 3069/1351/311 3044/1331/311
f 3044/1331/236 3069/1351/236 3074/1357/236 3048/1334/236
f 3048/1334/352 3074/1357/352 3067/1356/352 3042/1336/352
f 3077/1136/313 3053/1112/313 3057/1203/313 3080/1358/313
f 3080/1358/237 3057/1203/237 3062/1348/237 3084/1360/237
f 3084/1360/360 3062/1348/360 3055/1347/360 3078/1362/360
f 3054/1343/315 3043/1339/315 3051/1338/315 3059/1344/315
f 3059/1344/238 3051/1338/238 3047/1337/238 3063/1345/238
f 3063/1345/316 3047/1337/316 3042/1336/316 3055/1347/316
f 2993/1035/336 3041/1100/336 3045/1333/336 2996/1299/336
f 2996/1299/239 3045/1333/239 3050/1111/239 3000/1152/239
f 3000/1044/318 3050/1111/318 3043/1339/318 2994/1302/318
f 3053/1112/361 3006/1057/361 3012/1060/361 3056/1113/361
f 3056/1113/240 3012/1164/240 3008/1309/240 3060/1341/240
f 3060/1341/362 3008/1309/362 3005/1308/362 3054/1343/362
f 3017/1069/145 3065/1124/145 3041/1100/145 2993/1035/145
f 2995/1307/146 3007/1314/146 3031/1329/146 3018/1319/146
f 3043/1339/147 3054/1343/147 3005/1308/147 2994/1302/147
f 3077/1136/148 3029/1085/148 3006/1057/148 3053/1112/148
f 3019/1322/149 3030/1325/149 3079/1366/149 3066/1352/149
f 3067/1356/150 3078/1362/150 3055/1347/150 3042/1336/150
f 3089/1368/151 3092/1369/151 3093/1370/151 3095/1371/151
f 3090/1372/152 3094/1373/152 3093/1374/152 3092/1375/152
f 3091/1376/153 3095/1377/153 3093/1378/153 3094/1379/153
f 3096/1380/154 3099/1164/154 3100/1381/154 3102/1382/154
f 3097/1383/155 3101/1384/155 3100/1385/155 3099/1386/155
f 3098/1387/156 3102/1388/156 3100/1389/156 3101/1390/156
f 3103/1391/157 3106/1392/157 3107/1393/157 3109/1180/157
f 3104/1394/158 3108/1395/158 3107/1396/158 3106/1397/158
f 3105/1398/159 3109/1179/159 3107/1396/159 3108/1395/159
f 3110/1399/160 3113/1400/160 3114/1401/160 3116/1402/160
f 3111/1403/161 3115/1404/161 3114/1405/161 3113/1183/161
f 3112/1406/162 3116/1407/162 3114/1405/162 3115/1404/162
f 3117/1192/163 3120/1408/163 3121/1409/163 3123/1410/163
f 3118/1411/164 3122/1412/164 3121/1409/164 3120/1408/164
f 3119/1413/165 3123/1410/165 3121/1409/165 3122/1412/165
f 3124/1202/166 3127/1113/166 3128/1414/166 3130/1415/166
f 3125/1416/167 3129/1417/167 3128/1414/167 3127/1113/167
f 3126/1418/168 3130/1415/168 3128/1414/168 3129/1417/168
f 3131/1419/169 3134/1420/169 3135/1421/169 3137/1422/169
f 3132/1423/170 3136/1424/170 3135/1421/170 3134/1420/170
f 3133/1425/171 3137/1422/171 3135/1421/171 3136/1424/171
f 3138/1426/172 3141/1427/172 3142/1428/172 3144/1429/172
f 3139/1430/173 3143/1431/173 3142/1428/173 3141/1427/173
f 3140/1432/174 3144/1429/174 3142/1428/174 3143/1431/174
f 3103/1391/175 3089/1368/175 3095/1371/175 3106/1392/175
f 3106/1397/176 3095/1377/176 3091/1376/176 3104/1394/176
f 3090/1372/206 3096/1380/206 3102/1382/206 3094/1373/206
f 3094/1379/178 3102/1388/178 3098/1387/178 3091/1376/178
f 3097/1383/179 3110/1399/179 3116/1402/179 3101/1384/179
f 3101/1390/180 3116/1407/180 3112/1406/180 3098/1387/180
f 3111/1403/181 3105/1398/181 3108/1395/181 3115/1404/181
f 3115/1404/182 3108/1395/182 3104/1394/182 3112/1406/182
f 3131/1419/183 3103/1391/183 3109/1180/183 3134/1420/183
f 3134/1420/209 3109/1179/209 3105/1398/209 3132/1423/209
f 3110/1399/185 3138/1426/185 3144/1429/185 3113/1400/185
f 3113/1183/210 3144/1429/210 3140/1432/210 3111/1403/210
f 3139/1430/187 3133/1425/187 3136/1424/187 3143/1431/187
f 3143/1431/188 3136/1424/188 3132/1423/188 3140/1432/188
f 3117/1192/189 3131/1419/189 3137/1422/189 3120/1408/189
f 3120/1408/190 3137/1422/190 3133/1425/190 3118/1411/190
f 3138/1426/191 3124/1202/191 3130/1415/191 3141/1427/191
f 3141/1427/192 3130/1415/192 3126/1418/192 3139/1430/192
f 3125/1416/193 3119/1413/193 3122/1412/193 3129/1417/193
f 3129/1417/200 3122/1412/200 3118/1411/200 3126/1418/200
f 3089/1368/195 3117/1192/195 3123/1410/195 3092/1369/195
f 3092/1375/196 3123/1410/196 3119/1413/196 3090/1372/196
f 3124/1202/197 3097/1383/197 3099/1386/197 3127/1113/197
f 3127/1113/198 3099/1164/198 3096/1380/198 3125/1416/198
f 3103/1391/145 3131/1419/145 3117/1192/145 3089/1368/145
f 3091/1376/146 3098/1387/146 3112/1406/146 3104/1394/146
f 3119/1413/147 3125/1416/147 3096/1380/147 3090/1372/147
f 3138/1426/148 3110/1399/148 3097/1383/148 3124/1202/148
f 3105/1398/149 3111/1403/149 3140/1432/149 3132/1423/149
f 3133/1425/150 3139/1430/150 3126/1418/150 3118/1411/150
f 5409/2188/387 5412/2189/387 5414/2190/387 5413/2191/387
f 5412/2189/388 5416/2192/388 5417/2193/388 5414/2190/388
f 5410/2194/389 5415/2195/389 5417/2196/389 5416/2197/389
f 5415/2195/390 5419/2198/390 5420/2199/390 5417/2196/390
f 5411/2200/391 5418/2201/391 5420/2202/391 5419/2203/391
f 5418/2204/392 5413/2191/392 5414/2190/392 5420/2205/392
f 5414/2190/393 5417/2193/393 5420/2205/393
f 5421/2206/394 5424/2207/394 5426/2208/394 5425/2209/394
f 5424/2207/395 5428/2210/395 5429/2211/395 5426/2208/395
f 5422/2212/396 5427/2213/396 5429/2214/396 5428/2215/396
f 5427/2216/397 5431/2217/397 5432/2218/397 5429/2219/397
f 5423/2220/398 5430/2221/398 5432/2218/398 5431/2217/398
f 5430/2222/399 5425/2209/399 5426/2208/399 5432/2223/399
f 5426/2208/400 5429/2211/400 5432/2223/400
f 5433/2224/401 5436/2225/401 5438/2226/401 5437/2227/401
f 5436/2225/402 5440/2228/402 5441/2229/402 5438/2226/402
f 5434/2230/403 5439/2231/403 5441/2232/403 5440/2233/403
f 5439/2231/404 5443/2234/404 5444/2235/404 5441/2232/404
f 5435/2236/405 5442/2237/405 5444/2235/405 5443/2234/405
f 5442/2238/406 5437/2227/406 5438/2226/406 5444/2239/406
f 5438/2226/407 5441/2229/407 5444/2239/407
f 5445/2240/408 5448/2241/408 5450/2242/408 5449/2243/408
f 5448/2244/409 5452/2245/409 5453/2246/409 5450/2247/409
f 5446/2248/410 5451/2249/410 5453/2246/410 5452/2245/410
f 5451/2249/411 5455/2250/411 5456/2251/411 5453/2246/411
f 5447/2252/412 5454/2253/412 5456/2251/412 5455/2250/412
f 5454/2253/413 5449/2254/413 5450/2247/413 5456/2251/413
f 5450/2247/414 5453/2246/414 5456/2251/414
f 5457/2255/415 5460/2256/415 5462/2257/415 5461/2258/415
f 5460/2256/416 5464/2259/416 5465/2260/416 5462/2257/416
f 5458/2261/417 5463/2262/417 5465/2260/417 5464/2259/417
f 5463/2262/418 5467/2263/418 5468/2264/418 5465/2260/418
f 5459/2265/419 5466/2266/419 5468/2264/419 5467/2263/419
f 5466/2266/420 5461/2258/420 5462/2257/420 5468/2264/420
f 5462/2257/421 5465/2260/421 5468/2264/421
f 5469/2267/422 5472/2268/422 5474/2269/422 5473/2270/422
f 5472/2268/423 5476/2271/423 5477/2272/423 5474/2269/423
f 5470/2273/424 5475/2274/424 5477/2272/424 5476/2271/424
f 5475/2274/425 5479/2275/425 5480/2276/425 5477/2272/425
f 5471/2277/426 5478/2278/426 5480/2276/426 5479/2275/426
f 5478/2278/427 5473/2270/427 5474/2269/427 5480/2276/427
f 5474/2269/428 5477/2272/428 5480/2276/428
f 5481/2279/429 5484/2280/429 5486/2281/429 5485/2282/429
f 5484/2280/430 5488/2283/430 5489/2284/430 5486/2281/430
f 5482/2285/431 5487/2286/431 5489/2284/431 5488/2283/431
f 5487/2286/432 5491/2287/432 5492/2288/432 5489/2284/432
f 5483/2289/433 5490/2290/433 5492/2288/433 5491/2287/433
f 5490/2290/434 5485/2282/434 5486/2281/434 5492/2288/434
f 5486/2281/435 5489/2284/435 5492/2288/435
f 5493/2291/436 5496/2292/436 5498/2293/436 5497/2294/436
f 5496/2292/437 5500/2295/437 5501/2296/437 5498/2293/437
f 5494/2297/438 5499/2298/438 5501/2296/438 5500/2295/438
f 5499/2298/439 5503/2299/439 5504/2300/439 5501/2296/439
f 5495/2301/440 5502/2302/440 5504/2300/440 5503/2299/440
f 5502/2302/441 5497/2294/441 5498/2293/441 5504/2300/441
f 5498/2293/442 5501/2296/442 5504/2300/442
f 5433/2224/443 5409/2188/443 5413/2191/443 5436/2225/443
f 5436/2225/444 5413/2191/444 5418/2204/444 5440/2228/444
f 5440/2233/445 5418/2201/445 5411/2200/445 5434/2230/445
f 5410/2194/446 5421/2206/446 5425/2209/446 5415/2195/446
f 5415/2195/447 5425/2209/447 5430/2222/447 5419/2198/447
f 5419/2203/448 5430/2221/448 5423/2220/448 5411/2200/448
f 5422/2212/449 5445/2240/449 5449/2243/449 5427/2213/449
f 5427/2216/450 5449/2254/450 5454/2253/450 5431/2217/450
f 5431/2217/451 5454/2253/451 5447/2252/451 5423/2220/451
f 5446/2248/452 5435/2236/452 5443/2234/452 5451/2249/452
f 5451/2249/453 5443/2234/453 5439/2231/453 5455/2250/453
f 5455/2250/454 5439/2231/454 5434/2230/454 5447/2252/454
f 5481/2279/455 5433/2224/455 5437/2227/455 5484/2280/455
f 5484/2280/456 5437/2227/456 5442/2238/456 5488/2283/456
f 5488/2283/457 5442/2237/457 5435/2236/457 5482/2285/457
f 5445/2240/458 5493/2291/458 5497/2294/458 5448/2241/458
f 5448/2244/459 5497/2294/459 5502/2302/459 5452/2245/459
f 5452/2245/460 5502/2302/460 5495/2301/460 5446/2248/460
f 5494/2297/461 5483/2289/461 5491/2287/461 5499/2298/461
f 5499/2298/462 5491/2287/462 5487/2286/462 5503/2299/462
f 5503/2299/463 5487/2286/463 5482/2285/463 5495/2301/463
f 5457/2255/464 5481/2279/464 5485/2282/464 5460/2256/464
f 5460/2256/465 5485/2282/465 5490/2290/465 5464/2259/465
f 5464/2259/466 5490/2290/466 5483/2289/466 5458/2261/466
f 5493/2291/467 5469/2267/467 5473/2270/467 5496/2292/467
f 5496/2292/468 5473/2270/468 5478/2278/468 5500/2295/468
f 5500/2295/469 5478/2278/469 5471/2277/469 5494/2297/469
f 5470/2273/470 5459/2265/470 5467/2263/470 5475/2274/470
f 5475/2274/471 5467/2263/471 5463/2262/471 5479/2275/471
f 5479/2275/472 5463/2262/472 5458/2261/472 5471/2277/472
f 5409/2188/473 5457/2255/473 5461/2258/473 5412/2189/473
f 5412/2189/474 5461/2258/474 5466/2266/474 5416/2192/474
f 5416/2197/475 5466/2266/475 5459/2265/475 5410/2194/475
f 5469/2267/476 5422/2212/476 5428/2215/476 5472/2268/476
f 5472/2268/477 5428/2210/477 5424/2207/477 5476/2271/477
f 5476/2271/478 5424/2207/478 5421/2206/478 5470/2273/478
f 5433/2224/479 5481/2279/479 5457/2255/479 5409/2188/479
f 5411/2200/480 5423/2220/480 5447/2252/480 5434/2230/480
f 5459/2265/481 5470/2273/481 5421/2206/481 5410/2194/481
f 5493/2291/482 5445/2240/482 5422/2212/482 5469/2267/482
f 5435/2236/483 5446/2248/483 5495/2301/483 5482/2285/483
f 5483/2289/484 5494/2297/484 5471/2277/484 5458/2261/484
f 5505/2303/151 5508/2304/151 5509/2305/151 5511/2306/151
f 5506/2307/152 5510/2308/152 5509/2309/152 5508/1044/152
f 5507/2310/153 5511/2311/153 5509/2312/153 5510/2313/153
f 5512/2314/154 5515/1056/154 5516/2315/154 5518/1055/154
f 5513/2316/155 5517/2317/155 5516/2318/155 5515/1060/155
f 5514/2319/156 5518/1067/156 5516/2320/156 5517/2321/156
f 5519/2322/157 5522/2323/157 5523/2324/157 5525/1083/157
f 5520/2325/158 5524/2326/158 5523/2327/158 5522/2328/158
f 5521/2329/159 5525/1082/159 5523/2327/159 5524/2326/159
f 5526/2330/160 5529/1086/160 5530/1401/160 5532/2331/160
f 5527/2332/161 5531/2333/161 5530/2334/161 5529/1089/161
f 5528/2335/162 5532/2336/162 5530/2334/162 5531/2333/162
f 5533/2337/163 5536/2338/163 5537/2339/163 5539/1111/163
f 5534/2340/164 5538/2341/164 5537/2339/164 5536/2338/164
f 5535/2342/165 5539/1111/165 5537/2339/165 5538/2341/165
f 5540/2343/166 5543/1113/166 5544/2344/166 5546/2345/166
f 5541/2346/167 5545/2347/167 5544/2344/167 5543/1113/167
f 5542/2348/168 5546/2345/168 5544/2344/168 5545/2347/168
f 5547/2349/169 5550/1128/169 5551/2350/169 5553/2351/169
f 5548/2352/170 5552/2353/170 5551/2350/170 5550/1128/170
f 5549/2354/171 5553/2351/171 5551/2350/171 5552/2353/171
f 5554/2355/172 5557/2356/172 5558/2357/172 5560/1139/172
f 5555/2358/173 5559/2359/173 5558/2357/173 5557/2356/173
f 5556/2360/174 5560/1139/174 5558/2357/174 5559/2359/174
f 5519/2322/175 5505/2303/175 5511/2306/175 5522/2323/175
f 5522/2328/176 5511/2311/176 5507/2310/176 5520/2325/176
f 5506/2307/177 5512/2314/177 5518/1055/177 5510/2308/177
f 5510/2313/178 5518/1067/178 5514/2319/178 5507/2310/178
f 5513/2316/179 5526/2330/179 5532/2331/179 5517/2317/179
f 5517/2321/180 5532/2336/180 5528/2335/180 5514/2319/180
f 5527/2332/181 5521/2329/181 5524/2326/181 5531/2333/181
f 5531/2333/204 5524/2326/204 5520/2325/204 5528/2335/204
f 5547/2349/183 5519/2322/183 5525/1083/183 5550/1128/183
f 5550/1128/184 5525/1082/184 5521/2329/184 5548/2352/184
f 5526/2330/185 5554/2355/185 5560/1139/185 5529/1086/185
f 5529/1089/186 5560/1139/186 5556/2360/186 5527/2332/186
f 5555/2358/187 5549/2354/187 5552/2353/187 5559/2359/187
f 5559/2359/188 5552/2353/188 5548/2352/188 5556/2360/188
f 5533/2337/189 5547/2349/189 5553/2351/189 5536/2338/189
f 5536/2338/190 5553/2351/190 5549/2354/190 5534/2340/190
f 5554/2355/191 5540/2343/191 5546/2345/191 5557/2356/191
f 5557/2356/192 5546/2345/192 5542/2348/192 5555/2358/192
f 5541/2346/193 5535/2342/193 5538/2341/193 5545/2347/193
f 5545/2347/200 5538/2341/200 5534/2340/200 5542/2348/200
f 5505/2303/195 5533/2337/195 5539/1111/195 5508/2304/195
f 5508/1044/202 5539/1111/202 5535/2342/202 5506/2307/202
f 5540/2343/197 5513/2316/197 5515/1060/197 5543/1113/197
f 5543/1113/386 5515/1056/386 5512/2314/386 5541/2346/386
f 5519/2322/145 5547/2349/145 5533/2337/145 5505/2303/145
f 5507/2310/146 5514/2319/146 5528/2335/146 5520/2325/146
f 5535/2342/147 5541/2346/147 5512/2314/147 5506/2307/147
f 5554/2355/148 5526/2330/148 5513/2316/148 5540/2343/148
f 5521/2329/149 5527/2332/149 5556/2360/149 5548/2352/149
f 5549/2354/150 5555/2358/150 5542/2348/150 5534/2340/150
f 5561/2188/485 5564/2361/485 5566/2362/485 5565/2363/485
f 5564/2361/486 5568/2364/486 5569/2365/486 5566/2362/486
f 5562/2194/487 5567/2366/487 5569/2367/487 5568/2368/487
f 5567/2366/488 5571/2369/488 5572/2199/488 5569/2367/488
f 5563/2370/489 5570/2371/489 5572/2372/489 5571/2373/489
f 5570/2204/490 5565/2363/490 5566/2362/490 5572/2374/490
f 5566/2362/491 5569/2365/491 5572/2374/491
f 5573/2375/492 5576/2207/492 5578/2376/492 5577/2377/492
f 5576/2207/493 5580/2378/493 5581/2211/493 5578/2376/493
f 5574/2379/494 5579/2213/494 5581/2214/494 5580/2380/494
f 5579/2381/495 5583/2382/495 5584/2218/495 5581/2383/495
f 5575/2220/496 5582/2221/496 5584/2218/496 5583/2382/496
f 5582/2384/497 5577/2377/497 5578/2376/497 5584/2385/497
f 5578/2376/498 5581/2211/498 5584/2385/498
f 5585/2386/499 5588/2387/499 5590/2388/499 5589/2389/499
f 5588/2387/500 5592/2228/500 5593/2390/500 5590/2388/500
f 5586/2391/501 5591/2392/501 5593/2393/501 5592/2233/501
f 5591/2392/502 5595/2394/502 5596/2395/502 5593/2393/502
f 5587/2396/503 5594/2397/503 5596/2395/503 5595/2394/503
f 5594/2398/504 5589/2389/504 5590/2388/504 5596/2399/504
f 5590/2388/505 5593/2390/505 5596/2399/505
f 5597/2400/506 5600/2401/506 5602/2402/506 5601/2403/506
f 5600/2404/507 5604/2405/507 5605/2406/507 5602/2247/507
f 5598/2407/508 5603/2408/508 5605/2406/508 5604/2405/508
f 5603/2408/509 5607/2409/509 5608/2410/509 5605/2406/509
f 5599/2411/510 5606/2412/510 5608/2410/510 5607/2409/510
f 5606/2412/511 5601/2254/511 5602/2247/511 5608/2410/511
f 5602/2247/512 5605/2406/512 5608/2410/512
f 5609/2413/513 5612/2414/513 5614/2415/513 5613/2416/513
f 5612/2414/514 5616/2417/514 5617/2260/514 5614/2415/514
f 5610/2418/515 5615/2419/515 5617/2260/515 5616/2417/515
f 5615/2419/516 5619/2420/516 5620/2421/516 5617/2260/516
f 5611/2422/517 5618/2423/517 5620/2421/517 5619/2420/517
f 5618/2423/518 5613/2416/518 5614/2415/518 5620/2421/518
f 5614/2415/519 5617/2260/519 5620/2421/519
f 5621/2424/520 5624/2268/520 5626/2425/520 5625/2426/520
f 5624/2268/521 5628/2427/521 5629/2428/521 5626/2425/521
f 5622/2429/522 5627/2430/522 5629/2428/522 5628/2427/522
f 5627/2430/523 5631/2275/523 5632/2431/523 5629/2428/523
f 5623/2277/524 5630/2432/524 5632/2431/524 5631/2275/524
f 5630/2432/525 5625/2426/525 5626/2425/525 5632/2431/525
f 5626/2425/526 5629/2428/526 5632/2431/526
f 5633/2433/527 5636/2434/527 5638/2435/527 5637/2436/527
f 5636/2434/528 5640/2437/528 5641/2438/528 5638/2435/528
f 5634/2439/529 5639/2440/529 5641/2438/529 5640/2437/529
f 5639/2440/530 5643/2441/530 5644/2442/530 5641/2438/530
f 5635/2443/531 5642/2444/531 5644/2442/531 5643/2441/531
f 5642/2444/532 5637/2436/532 5638/2435/532 5644/2442/532
f 5638/2435/533 5641/2438/533 5644/2442/533
f 5645/2445/534 5648/2446/534 5650/2447/534 5649/2448/534
f 5648/2446/535 5652/2449/535 5653/2296/535 5650/2447/535
f 5646/2450/536 5651/2298/536 5653/2296/536 5652/2449/536
f 5651/2298/537 5655/2451/537 5656/2452/537 5653/2296/537
f 5647/2453/538 5654/2454/538 5656/2452/538 5655/2451/538
f 5654/2454/539 5649/2448/539 5650/2447/539 5656/2452/539
f 5650/2447/540 5653/2296/540 5656/2452/540
f 5585/2386/541 5561/2188/541 5565/2363/541 5588/2387/541
f 5588/2387/542 5565/2363/542 5570/2204/542 5592/2228/542
f 5592/2233/543 5570/2371/543 5563/2370/543 5586/2391/543
f 5562/2194/544 5573/2375/544 5577/2377/544 5567/2366/544
f 5567/2366/545 5577/2377/545 5582/2384/545 5571/2369/545
f 5571/2373/546 5582/2221/546 5575/2220/546 5563/2370/546
f 5574/2379/547 5597/2400/547 5601/2403/547 5579/2213/547
f 5579/2381/548 5601/2254/548 5606/2412/548 5583/2382/548
f 5583/2382/549 5606/2412/549 5599/2411/549 5575/2220/549
f 5598/2407/550 5587/2396/550 5595/2394/550 5603/2408/550
f 5603/2408/551 5595/2394/551 5591/2392/551 5607/2409/551
f 5607/2409/552 5591/2392/552 5586/2391/552 5599/2411/552
f 5633/2433/553 5585/2386/553 5589/2389/553 5636/2434/553
f 5636/2434/554 5589/2389/554 5594/2398/554 5640/2437/554
f 5640/2437/555 5594/2397/555 5587/2396/555 5634/2439/555
f 5597/2400/556 5645/2445/556 5649/2448/556 5600/2401/556
f 5600/2404/557 5649/2448/557 5654/2454/557 5604/2405/557
f 5604/2405/558 5654/2454/558 5647/2453/558 5598/2407/558
f 5646/2450/559 5635/2443/559 5643/2441/559 5651/2298/559
f 5651/2298/560 5643/2441/560 5639/2440/560 5655/2451/560
f 5655/2451/561 5639/2440/561 5634/2439/561 5647/2453/561
f 5609/2413/562 5633/2433/562 5637/2436/562 5612/2414/562
f 5612/2414/563 5637/2436/563 5642/2444/563 5616/2417/563
f 5616/2417/564 5642/2444/564 5635/2443/564 5610/2418/564
f 5645/2445/565 5621/2424/565 5625/2426/565 5648/2446/565
f 5648/2446/566 5625/2426/566 5630/2432/566 5652/2449/566
f 5652/2449/567 5630/2432/567 5623/2277/567 5646/2450/567
f 5622/2429/568 5611/2422/568 5619/2420/568 5627/2430/568
f 5627/2430/569 5619/2420/569 5615/2419/569 5631/2275/569
f 5631/2275/570 5615/2419/570 5610/2418/570 5623/2277/570
f 5561/2188/571 5609/2413/571 5613/2416/571 5564/2361/571
f 5564/2361/572 5613/2416/572 5618/2423/572 5568/2364/572
f 5568/2368/573 5618/2423/573 5611/2422/573 5562/2194/573
f 5621/2424/574 5574/2379/574 5580/2380/574 5624/2268/574
f 5624/2268/575 5580/2378/575 5576/2207/575 5628/2427/575
f 5628/2427/576 5576/2207/576 5573/2375/576 5622/2429/576
f 5585/2386/577 5633/2433/577 5609/2413/577 5561/2188/577
f 5563/2370/578 5575/2220/578 5599/2411/578 5586/2391/578
f 5611/2422/579 5622/2429/579 5573/2375/579 5562/2194/579
f 5645/2445/580 5597/2400/580 5574/2379/580 5621/2424/580
f 5587/2396/581 5598/2407/581 5647/2453/581 5634/2439/581
f 5635/2443/582 5646/2450/582 5623/2277/582 5610/2418/582
f 5657/2303/151 5660/2304/151 5661/2305/151 5663/2306/151
f 5658/2307/152 5662/2308/152 5661/2309/152 5660/1044/152
f 5659/2310/153 5663/2311/153 5661/2312/153 5662/2313/153
f 5664/2314/154 5667/1056/154 5668/2315/154 5670/1055/154
f 5665/2316/155 5669/2317/155 5668/2318/155 5667/1060/155
f 5666/2319/156 5670/1067/156 5668/2320/156 5669/2321/156
f 5671/2322/157 5674/2323/157 5675/2324/157 5677/1083/157
f 5672/2325/158 5676/2326/158 5675/2327/158 5674/2328/158
f 5673/2329/159 5677/1082/159 5675/2327/159 5676/2326/159
f 5678/2330/160 5681/1086/160 5682/1401/160 5684/2331/160
f 5679/2332/161 5683/2333/161 5682/2334/161 5681/1089/161
f 5680/2335/162 5684/2336/162 5682/2334/162 5683/2333/162
f 5685/2337/163 5688/2338/163 5689/2339/163 5691/1111/163
f 5686/2340/164 5690/2341/164 5689/2339/164 5688/2338/164
f 5687/2342/165 5691/1111/165 5689/2339/165 5690/2341/165
f 5692/2343/166 5695/1113/166 5696/2344/166 5698/2345/166
f 5693/2346/167 5697/2347/167 5696/2344/167 5695/1113/167
f 5694/2348/168 5698/2345/168 5696/2344/168 5697/2347/168
f 5699/2349/169 5702/1128/169 5703/2350/169 5705/2351/169
f 5700/2352/170 5704/2353/170 5703/2350/170 5702/1128/170
f 5701/2354/171 5705/2351/171 5703/2350/171 5704/2353/171
f 5706/2355/172 5709/2356/172 5710/2357/172 5712/1139/172
f 5707/2358/173 5711/2359/173 5710/2357/173 5709/2356/173
f 5708/2360/174 5712/1139/174 5710/2357/174 5711/2359/174
f 5671/2322/175 5657/2303/175 5663/2306/175 5674/2323/175
f 5674/2328/176 5663/2311/176 5659/2310/176 5672/2325/176
f 5658/2307/177 5664/2314/177 5670/1055/177 5662/2308/177
f 5662/2313/178 5670/1067/178 5666/2319/178 5659/2310/178
f 5665/2316/179 5678/2330/179 5684/2331/179 5669/2317/179
f 5669/2321/180 5684/2336/180 5680/2335/180 5666/2319/180
f 5679/2332/181 5673/2329/181 5676/2326/181 5683/2333/181
f 5683/2333/204 5676/2326/204 5672/2325/204 5680/2335/204
f 5699/2349/183 5671/2322/183 5677/1083/183 5702/1128/183
f 5702/1128/184 5677/1082/184 5673/2329/184 5700/2352/184
f 5678/2330/185 5706/2355/185 5712/1139/185 5681/1086/185
f 5681/1089/186 5712/1139/186 5708/2360/186 5679/2332/186
f 5707/2358/187 5701/2354/187 5704/2353/187 5711/2359/187
f 5711/2359/188 5704/2353/188 5700/2352/188 5708/2360/188
f 5685/2337/189 5699/2349/189 5705/2351/189 5688/2338/189
f 5688/2338/190 5705/2351/190 5701/2354/190 5686/2340/190
f 5706/2355/191 5692/2343/191 5698/2345/191 5709/2356/191
f 5709/2356/192 5698/2345/192 5694/2348/192 5707/2358/192
f 5693/2346/193 5687/2342/193 5690/2341/193 5697/2347/193
f 5697/2347/200 5690/2341/200 5686/2340/200 5694/2348/200
f 5657/2303/195 5685/2337/195 5691/1111/195 5660/2304/195
f 5660/1044/202 5691/1111/202 5687/2342/202 5658/2307/202
f 5692/2343/197 5665/2316/197 5667/1060/197 5695/1113/197
f 5695/1113/386 5667/1056/386 5664/2314/386 5693/2346/386
f 5671/2322/145 5699/2349/145 5685/2337/145 5657/2303/145
f 5659/2310/146 5666/2319/146 5680/2335/146 5672/2325/146
f 5687/2342/147 5693/2346/147 5664/2314/147 5658/2307/147
f 5706/2355/148 5678/2330/148 5665/2316/148 5692/2343/148
f 5673/2329/149 5679/2332/149 5708/2360/149 5700/2352/149
f 5701/2354/150 5707/2358/150 5694/2348/150 5686/2340/150
f 5713/2455/151 5716/2456/151 5717/2457/151 5719/2458/151
f 5714/2459/152 5718/2198/152 5717/2460/152 5716/2461/152
f 5715/2462/153 5719/2463/153 5717/2464/153 5718/2203/153
f 5720/2465/154 5723/2466/154 5724/2467/154 5726/2384/154
f 5721/2468/155 5725/2469/155 5724/2470/155 5723/2471/155
f 5722/2472/156 5726/2473/156 5724/2474/156 5725/2475/156
f 5727/2476/157 5730/2477/157 5731/2478/157 5733/2479/157
f 5728/2480/158 5732/2481/158 5731/2482/158 5730/2483/158
f 5729/2484/159 5733/2485/159 5731/2482/159 5732/2481/159
f 5734/2486/160 5737/2487/160 5738/2488/160 5740/2489/160
f 5735/2490/161 5739/2491/161 5738/2492/161 5737/2493/161
f 5736/2494/162 5740/2495/162 5738/2492/162 5739/2491/162
f 5741/2496/163 5744/2497/163 5745/2498/163 5747/2499/163
f 5742/2500/164 5746/2501/164 5745/2498/164 5744/2497/164
f 5743/2502/165 5747/2499/165 5745/2498/165 5746/2501/165
f 5748/2503/166 5751/2504/166 5752/2505/166 5754/2506/166
f 5749/2507/167 5753/2508/167 5752/2505/167 5751/2504/167
f 5750/2509/168 5754/2506/168 5752/2505/168 5753/2508/168
f 5755/2510/169 5758/2511/169 5759/2512/169 5761/2513/169
f 5756/2514/170 5760/2515/170 5759/2512/170 5758/2511/170
f 5757/2516/171 5761/2513/171 5759/2512/171 5760/2515/171
f 5762/2517/172 5765/2518/172 5766/2519/172 5768/2520/172
f 5763/2521/173 5767/2522/173 5766/2519/173 5765/2518/173
f 5764/2523/174 5768/2520/174 5766/2519/174 5767/2522/174
f 5727/2476/175 5713/2455/175 5719/2458/175 5730/2477/175
f 5730/2483/176 5719/2463/176 5715/2462/176 5728/2480/176
f 5714/2459/177 5720/2465/177 5726/2384/177 5718/2198/177
f 5718/2203/178 5726/2473/178 5722/2472/178 5715/2462/178
f 5721/2468/179 5734/2486/179 5740/2489/179 5725/2469/179
f 5725/2475/180 5740/2495/180 5736/2494/180 5722/2472/180
f 5735/2490/181 5729/2484/181 5732/2481/181 5739/2491/181
f 5739/2491/182 5732/2481/182 5728/2480/182 5736/2494/182
f 5755/2510/183 5727/2476/183 5733/2479/183 5758/2511/183
f 5758/2511/184 5733/2485/184 5729/2484/184 5756/2514/184
f 5734/2486/185 5762/2517/185 5768/2520/185 5737/2487/185
f 5737/2493/186 5768/2520/186 5764/2523/186 5735/2490/186
f 5763/2521/187 5757/2516/187 5760/2515/187 5767/2522/187
f 5767/2522/199 5760/2515/199 5756/2514/199 5764/2523/199
f 5741/2496/189 5755/2510/189 5761/2513/189 5744/2497/189
f 5744/2497/190 5761/2513/190 5757/2516/190 5742/2500/190
f 5762/2517/191 5748/2503/191 5754/2506/191 5765/2518/191
f 5765/2518/192 5754/2506/192 5750/2509/192 5763/2521/192
f 5749/2507/193 5743/2502/193 5746/2501/193 5753/2508/193
f 5753/2508/200 5746/2501/200 5742/2500/200 5750/2509/200
f 5713/2455/195 5741/2496/195 5747/2499/195 5716/2456/195
f 5716/2461/196 5747/2499/196 5743/2502/196 5714/2459/196
f 5748/2503/197 5721/2468/197 5723/2471/197 5751/2504/197
f 5751/2504/198 5723/2466/198 5720/2465/198 5749/2507/198
f 5727/2476/145 5755/2510/145 5741/2496/145 5713/2455/145
f 5715/2462/146 5722/2472/146 5736/2494/146 5728/2480/146
f 5743/2502/147 5749/2507/147 5720/2465/147 5714/2459/147
f 5762/2517/148 5734/2486/148 5721/2468/148 5748/2503/148
f 5729/2484/149 5735/2490/149 5764/2523/149 5756/2514/149
f 5757/2516/150 5763/2521/150 5750/2509/150 5742/2500/150
f 5769/2524/151 5772/2525/151 5773/2526/151 5775/2527/151
f 5770/2528/152 5774/2529/152 5773/2530/152 5772/2531/152
f 5771/2532/153 5775/2533/153 5773/2534/153 5774/2535/153
f 5776/2536/154 5779/2537/154 5780/2538/154 5782/2539/154
f 5777/2540/155 5781/2541/155 5780/2542/155 5779/2543/155
f 5778/2544/156 5782/2545/156 5780/2546/156 5781/2547/156
f 5783/2548/157 5786/2549/157 5787/2550/157 5789/2551/157
f 5784/2552/158 5788/2553/158 5787/2554/158 5786/2555/158
f 5785/2556/159 5789/2557/159 5787/2554/159 5788/2553/159
f 5790/2558/160 5793/2559/160 5794/2560/160 5796/2561/160
f 5791/2562/161 5795/2563/161 5794/2564/161 5793/2565/161
f 5792/2566/162 5796/2567/162 5794/2564/162 5795/2563/162
f 5797/2568/163 5800/2569/163 5801/2570/163 5803/2571/163
f 5798/2572/164 5802/2573/164 5801/2570/164 5800/2569/164
f 5799/2574/165 5803/2571/165 5801/2570/165 5802/2573/165
f 5804/2575/166 5807/2576/166 5808/2577/166 5810/2578/166
f 5805/2579/167 5809/2580/167 5808/2577/167 5807/2576/167
f 5806/2581/168 5810/2578/168 5808/2577/168 5809/2580/168
f 5811/2582/169 5814/2583/169 5815/2584/169 5817/2585/169
f 5812/2586/170 5816/2587/170 5815/2584/170 5814/2583/170
f 5813/2588/171 5817/2585/171 5815/2584/171 5816/2587/171
f 5818/2589/172 5821/2590/172 5822/2591/172 5824/2592/172
f 5819/2593/173 5823/2594/173 5822/2591/173 5821/2590/173
f 5820/2595/174 5824/2592/174 5822/2591/174 5823/2594/174
f 5783/2548/175 5769/2524/175 5775/2527/175 5786/2549/175
f 5786/2555/176 5775/2533/176 5771/2532/176 5784/2552/176
f 5770/2528/177 5776/2536/177 5782/2539/177 5774/2529/177
f 5774/2535/178 5782/2545/178 5778/2544/178 5771/2532/178
f 5777/2540/179 5790/2558/179 5796/2561/179 5781/2541/179
f 5781/2547/180 5796/2567/180 5792/2566/180 5778/2544/180
f 5791/2562/181 5785/2556/181 5788/2553/181 5795/2563/181
f 5795/2563/182 5788/2553/182 5784/2552/182 5792/2566/182
f 5811/2582/183 5783/2548/183 5789/2551/183 5814/2583/183
f 5814/2583/184 5789/2557/184 5785/2556/184 5812/2586/184
f 5790/2558/185 5818/2589/185 5824/2592/185 5793/2559/185
f 5793/2565/186 5824/2592/186 5820/2595/186 5791/2562/186
f 5819/2593/187 5813/2588/187 5816/2587/187 5823/2594/187
f 5823/2594/188 5816/2587/188 5812/2586/188 5820/2595/188
f 5797/2568/189 5811/2582/189 5817/2585/189 5800/2569/189
f 5800/2569/190 5817/2585/190 5813/2588/190 5798/2572/190
f 5818/2589/191 5804/2575/191 5810/2578/191 5821/2590/191
f 5821/2590/192 5810/2578/192 5806/2581/192 5819/2593/192
f 5805/2579/193 5799/2574/193 5802/2573/193 5809/2580/193
f 5809/2580/200 5802/2573/200 5798/2572/200 5806/2581/200
f 5769/2524/195 5797/2568/195 5803/2571/195 5772/2525/195
f 5772/2531/196 5803/2571/196 5799/2574/196 5770/2528/196
f 5804/2575/197 5777/2540/197 5779/2543/197 5807/2576/197
f 5807/2576/198 5779/2537/198 5776/2536/198 5805/2579/198
f 5783/2548/145 5811/2582/145 5797/2568/145 5769/2524/145
f 5771/2532/146 5778/2544/146 5792/2566/146 5784/2552/146
f 5799/2574/147 5805/2579/147 5776/2536/147 5770/2528/147
f 5818/2589/148 5790/2558/148 5777/2540/148 5804/2575/148
f 5785/2556/149 5791/2562/149 5820/2595/149 5812/2586/149
f 5813/2588/150 5819/2593/150 5806/2581/150 5798/2572/150
f 5953/2730/151 5956/2731/151 5957/2732/151 5959/2458/151
f 5954/2733/152 5958/2198/152 5957/2460/152 5956/2734/152
f 5955/2462/153 5959/2463/153 5957/2464/153 5958/2203/153
f 5960/2735/154 5963/2466/154 5964/2467/154 5966/2384/154
f 5961/2736/155 5965/2469/155 5964/2470/155 5963/2737/155
f 5962/2472/156 5966/2473/156 5964/2474/156 5965/2475/156
f 5967/2738/157 5970/2477/157 5971/2478/157 5973/2739/157
f 5968/2480/158 5972/2481/158 5971/2482/158 5970/2483/158
f 5969/2740/159 5973/2741/159 5971/2482/159 5972/2481/159
f 5974/2486/160 5977/2742/160 5978/2743/160 5980/2489/160
f 5975/2744/161 5979/2491/161 5978/2492/161 5977/2745/161
f 5976/2494/162 5980/2495/162 5978/2492/162 5979/2491/162
f 5981/2746/163 5984/2497/163 5985/2498/163 5987/2499/163
f 5982/2500/164 5986/2501/164 5985/2498/164 5984/2497/164
f 5983/2747/165 5987/2499/165 5985/2498/165 5986/2501/165
f 5988/2748/166 5991/2749/166 5992/2505/166 5994/2506/166
f 5989/2750/167 5993/2508/167 5992/2505/167 5991/2749/167
f 5990/2509/168 5994/2506/168 5992/2505/168 5993/2508/168
f 5995/2751/169 5998/2752/169 5999/2512/169 6001/2513/169
f 5996/2753/170 6000/2515/170 5999/2512/170 5998/2752/170
f 5997/2516/171 6001/2513/171 5999/2512/171 6000/2515/171
f 6002/2754/172 6005/2518/172 6006/2519/172 6008/2520/172
f 6003/2521/173 6007/2522/173 6006/2519/173 6005/2518/173
f 6004/2755/174 6008/2520/174 6006/2519/174 6007/2522/174
f 5967/2738/175 5953/2730/175 5959/2458/175 5970/2477/175
f 5970/2483/176 5959/2463/176 5955/2462/176 5968/2480/176
f 5954/2733/206 5960/2735/206 5966/2384/206 5958/2198/206
f 5958/2203/178 5966/2473/178 5962/2472/178 5955/2462/178
f 5961/2736/179 5974/2486/179 5980/2489/179 5965/2469/179
f 5965/2475/180 5980/2495/180 5976/2494/180 5962/2472/180
f 5975/2744/181 5969/2740/181 5972/2481/181 5979/2491/181
f 5979/2491/204 5972/2481/204 5968/2480/204 5976/2494/204
f 5995/2751/183 5967/2738/183 5973/2739/183 5998/2752/183
f 5998/2752/184 5973/2741/184 5969/2740/184 5996/2753/184
f 5974/2486/185 6002/2754/185 6008/2520/185 5977/2742/185
f 5977/2745/186 6008/2520/186 6004/2755/186 5975/2744/186
f 6003/2521/187 5997/2516/187 6000/2515/187 6007/2522/187
f 6007/2522/188 6000/2515/188 5996/2753/188 6004/2755/188
f 5981/2746/189 5995/2751/189 6001/2513/189 5984/2497/189
f 5984/2497/190 6001/2513/190 5997/2516/190 5982/2500/190
f 6002/2754/191 5988/2748/191 5994/2506/191 6005/2518/191
f 6005/2518/192 5994/2506/192 5990/2509/192 6003/2521/192
f 5989/2750/193 5983/2747/193 5986/2501/193 5993/2508/193
f 5993/2508/200 5986/2501/200 5982/2500/200 5990/2509/200
f 5953/2730/195 5981/2746/195 5987/2499/195 5956/2731/195
f 5956/2734/196 5987/2499/196 5983/2747/196 5954/2733/196
f 5988/2748/197 5961/2736/197 5963/2737/197 5991/2749/197
f 5991/2749/198 5963/2466/198 5960/2735/198 5989/2750/198
f 5967/2738/145 5995/2751/145 5981/2746/145 5953/2730/145
f 5955/2462/146 5962/2472/146 5976/2494/146 5968/2480/146
f 5983/2747/147 5989/2750/147 5960/2735/147 5954/2733/147
f 6002/2754/148 5974/2486/148 5961/2736/148 5988/2748/148
f 5969/2740/149 5975/2744/149 6004/2755/149 5996/2753/149
f 5997/2516/150 6003/2521/150 5990/2509/150 5982/2500/150
f 6009/2524/151 6012/2756/151 6013/2757/151 6015/2527/151
f 6010/2528/152 6014/2529/152 6013/2530/152 6012/2758/152
f 6011/2532/153 6015/2533/153 6013/2534/153 6014/2535/153
f 6016/2536/154 6019/2759/154 6020/2760/154 6022/2539/154
f 6017/2540/155 6021/2541/155 6020/2542/155 6019/2761/155
f 6018/2544/156 6022/2545/156 6020/2546/156 6021/2547/156
f 6023/2548/157 6026/2549/157 6027/2550/157 6029/2762/157
f 6024/2552/158 6028/2553/158 6027/2763/158 6026/2555/158
f 6025/2556/159 6029/2764/159 6027/2763/159 6028/2553/159
f 6030/2558/160 6033/2765/160 6034/2766/160 6036/2561/160
f 6031/2562/161 6035/2563/161 6034/2564/161 6033/2767/161
f 6032/2566/162 6036/2567/162 6034/2564/162 6035/2563/162
f 6037/2568/163 6040/2569/163 6041/2570/163 6043/2768/163
f 6038/2572/164 6042/2573/164 6041/2570/164 6040/2569/164
f 6039/2574/165 6043/2768/165 6041/2570/165 6042/2573/165
f 6044/2575/166 6047/2769/166 6048/2770/166 6050/2578/166
f 6045/2579/167 6049/2580/167 6048/2770/167 6047/2769/167
f 6046/2581/168 6050/2578/168 6048/2770/168 6049/2580/168
f 6051/2582/169 6054/2771/169 6055/2772/169 6057/2585/169
f 6052/2586/170 6056/2587/170 6055/2772/170 6054/2771/170
f 6053/2588/171 6057/2585/171 6055/2772/171 6056/2587/171
f 6058/2589/172 6061/2590/172 6062/2773/172 6064/2592/172
f 6059/2593/173 6063/2594/173 6062/2773/173 6061/2590/173
f 6060/2595/174 6064/2592/174 6062/2773/174 6063/2594/174
f 6023/2548/175 6009/2524/175 6015/2527/175 6026/2549/175
f 6026/2555/176 6015/2533/176 6011/2532/176 6024/2552/176
f 6010/2528/206 6016/2536/206 6022/2539/206 6014/2529/206
f 6014/2535/178 6022/2545/178 6018/2544/178 6011/2532/178
f 6017/2540/179 6030/2558/179 6036/2561/179 6021/2541/179
f 6021/2547/180 6036/2567/180 6032/2566/180 6018/2544/180
f 6031/2562/181 6025/2556/181 6028/2553/181 6035/2563/181
f 6035/2563/204 6028/2553/204 6024/2552/204 6032/2566/204
f 6051/2582/183 6023/2548/183 6029/2762/183 6054/2771/183
f 6054/2771/184 6029/2764/184 6025/2556/184 6052/2586/184
f 6030/2558/185 6058/2589/185 6064/2592/185 6033/2765/185
f 6033/2767/186 6064/2592/186 6060/2595/186 6031/2562/186
f 6059/2593/187 6053/2588/187 6056/2587/187 6063/2594/187
f 6063/2594/188 6056/2587/188 6052/2586/188 6060/2595/188
f 6037/2568/189 6051/2582/189 6057/2585/189 6040/2569/189
f 6040/2569/190 6057/2585/190 6053/2588/190 6038/2572/190
f 6058/2589/191 6044/2575/191 6050/2578/191 6061/2590/191
f 6061/2590/192 6050/2578/192 6046/2581/192 6059/2593/192
f 6045/2579/193 6039/2574/193 6042/2573/193 6049/2580/193
f 6049/2580/194 6042/2573/194 6038/2572/194 6046/2581/194
f 6009/2524/195 6037/2568/195 6043/2768/195 6012/2756/195
f 6012/2758/196 6043/2768/196 6039/2574/196 6010/2528/196
f 6044/2575/197 6017/2540/197 6019/2761/197 6047/2769/197
f 6047/2769/198 6019/2759/198 6016/2536/198 6045/2579/198
f 6023/2548/145 6051/2582/145 6037/2568/145 6009/2524/145
f 6011/2532/146 6018/2544/146 6032/2566/146 6024/2552/146
f 6039/2574/147 6045/2579/147 6016/2536/147 6010/2528/147
f 6058/2589/148 6030/2558/148 6017/2540/148 6044/2575/148
f 6025/2556/149 6031/2562/149 6060/2595/149 6052/2586/149
f 6053/2588/150 6059/2593/150 6046/2581/150 6038/2572/150
f 6193/2811/586 6196/2812/586 6197/2813/586 6199/2814/586
f 6194/2815/587 6198/2816/587 6197/2817/587 6196/2818/587
f 6195/2819/588 6199/2820/588 6197/2821/588 6198/2822/588
f 6200/2823/589 6203/2824/589 6204/2825/589 6206/2826/589
f 6201/2827/590 6205/2828/590 6204/2829/590 6203/2830/590
f 6202/2831/591 6206/2832/591 6204/2833/591 6205/2834/591
f 6207/2835/592 6210/2836/592 6211/2837/592 6213/2838/592
f 6208/2839/593 6212/2840/593 6211/2841/593 6210/2842/593
f 6209/2843/594 6213/2844/594 6211/2841/594 6212/2840/594
f 6214/2845/595 6217/2846/595 6218/2847/595 6220/2848/595
f 6215/2849/596 6219/2850/596 6218/2851/596 6217/2852/596
f 6216/2853/597 6220/2854/597 6218/2851/597 6219/2850/597
f 6221/2855/598 6224/2856/598 6225/2857/598 6227/2858/598
f 6222/2859/599 6226/2860/599 6225/2857/599 6224/2856/599
f 6223/2861/600 6227/2858/600 6225/2857/600 6226/2860/600
f 6228/2862/601 6231/2863/601 6232/2864/601 6234/2865/601
f 6229/2866/602 6233/2867/602 6232/2864/602 6231/2863/602
f 6230/2868/603 6234/2865/603 6232/2864/603 6233/2867/603
f 6235/2869/604 6238/2870/604 6239/2871/604 6241/1024/604
f 6236/2872/605 6240/2873/605 6239/2871/605 6238/2870/605
f 6237/2874/606 6241/1024/606 6239/2871/606 6240/2873/606
f 6242/2875/607 6245/2876/607 6246/2877/607 6248/2878/607
f 6243/2879/608 6247/2880/608 6246/2877/608 6245/2876/608
f 6244/2881/609 6248/2878/609 6246/2877/609 6247/2880/609
f 6207/2835/610 6193/2811/610 6199/2814/610 6210/2836/610
f 6210/2842/611 6199/2820/611 6195/2819/611 6208/2839/611
f 6194/2815/612 6200/2823/612 6206/2826/612 6198/2816/612
f 6198/2822/613 6206/2832/613 6202/2831/613 6195/2819/613
f 6201/2827/614 6214/2845/614 6220/2848/614 6205/2828/614
f 6205/2834/615 6220/2854/615 6216/2853/615 6202/2831/615
f 6215/2849/616 6209/2843/616 6212/2840/616 6219/2850/616
f 6219/2850/617 6212/2840/617 6208/2839/617 6216/2853/617
f 6235/2869/618 6207/2835/618 6213/2838/618 6238/2870/618
f 6238/2870/619 6213/2844/619 6209/2843/619 6236/2872/619
f 6214/2845/620 6242/2875/620 6248/2878/620 6217/2846/620
f 6217/2852/621 6248/2878/621 6244/2881/621 6215/2849/621
f 6243/2879/622 6237/2874/622 6240/2873/622 6247/2880/622
f 6247/2880/623 6240/2873/623 6236/2872/623 6244/2881/623
f 6221/2855/624 6235/2869/624 6241/1024/624 6224/2856/624
f 6224/2856/625 6241/1024/625 6237/2874/625 6222/2859/625
f 6242/2875/626 6228/2862/626 6234/2865/626 6245/2876/626
f 6245/2876/627 6234/2865/627 6230/2868/627 6243/2879/627
f 6229/2866/628 6223/2861/628 6226/2860/628 6233/2867/628
f 6233/2867/629 6226/2860/629 6222/2859/629 6230/2868/629
f 6193/2811/630 6221/2855/630 6227/2858/630 6196/2812/630
f 6196/2818/631 6227/2858/631 6223/2861/631 6194/2815/631
f 6228/2862/632 6201/2827/632 6203/2830/632 6231/2863/632
f 6231/2863/633 6203/2824/633 6200/2823/633 6229/2866/633
f 6207/2835/634 6235/2869/634 6221/2855/634 6193/2811/634
f 6195/2819/146 6202/2831/146 6216/2853/146 6208/2839/146
f 6223/2861/635 6229/2866/635 6200/2823/635 6194/2815/635
f 6242/2875/636 6214/2845/636 6201/2827/636 6228/2862/636
f 6209/2843/637 6215/2849/637 6244/2881/637 6236/2872/637
f 6237/2874/150 6243/2879/150 6230/2868/150 6222/2859/150
f 6249/2882/638 6252/2883/638 6253/2884/638 6255/2814/638
f 6250/2885/587 6254/2886/587 6253/2887/587 6252/2888/587
f 6251/2889/588 6255/2890/588 6253/2821/588 6254/2891/588
f 6256/2892/589 6259/2893/589 6260/2894/589 6262/2895/589
f 6257/2896/590 6261/980/590 6260/2897/590 6259/2898/590
f 6258/2899/591 6262/2900/591 6260/2901/591 6261/2902/591
f 6263/2903/592 6266/2904/592 6267/2905/592 6269/2906/592
f 6264/2907/593 6268/2908/593 6267/2909/593 6266/2842/593
f 6265/2910/639 6269/2911/639 6267/2909/639 6268/2908/639
f 6270/2912/640 6273/2913/640 6274/2847/640 6276/1000/640
f 6271/2914/596 6275/2915/596 6274/2916/596 6273/2917/596
f 6272/2918/597 6276/2919/597 6274/2916/597 6275/2915/597
f 6277/2920/641 6280/2921/641 6281/2922/641 6283/2923/641
f 6278/2924/599 6282/2925/599 6281/2922/599 6280/2921/599
f 6279/2926/600 6283/2923/600 6281/2922/600 6282/2925/600
f 6284/2862/601 6287/2927/601 6288/2928/601 6290/2865/601
f 6285/2929/602 6289/2930/602 6288/2928/602 6287/2927/602
f 6286/2931/603 6290/2865/603 6288/2928/603 6289/2930/603
f 6291/2932/604 6294/2933/604 6295/2934/604 6297/2935/604
f 6292/2936/605 6296/2937/605 6295/2934/605 6294/2933/605
f 6293/2938/606 6297/2935/606 6295/2934/606 6296/2937/606
f 6298/2939/607 6301/1029/607 6302/2940/607 6304/2941/607
f 6299/2942/608 6303/2943/608 6302/2940/608 6301/1029/608
f 6300/2944/609 6304/2941/609 6302/2940/609 6303/2943/609
f 6263/2903/610 6249/2882/610 6255/2814/610 6266/2904/610
f 6266/2842/611 6255/2890/611 6251/2889/611 6264/2907/611
f 6250/2885/612 6256/2892/612 6262/2895/612 6254/2886/612
f 6254/2891/613 6262/2900/613 6258/2899/613 6251/2889/613
f 6257/2896/614 6270/2912/614 6276/1000/614 6261/980/614
f 6261/2902/642 6276/2919/642 6272/2918/642 6258/2899/642
f 6271/2914/616 6265/2910/616 6268/2908/616 6275/2915/616
f 6275/2915/617 6268/2908/617 6264/2907/617 6272/2918/617
f 6291/2932/618 6263/2903/618 6269/2906/618 6294/2933/618
f 6294/2933/619 6269/2911/619 6265/2910/619 6292/2936/619
f 6270/2912/620 6298/2939/620 6304/2941/620 6273/2913/620
f 6273/2917/621 6304/2941/621 6300/2944/621 6271/2914/621
f 6299/2942/622 6293/2938/622 6296/2937/622 6303/2943/622
f 6303/2943/623 6296/2937/623 6292/2936/623 6300/2944/623
f 6277/2920/624 6291/2932/624 6297/2935/624 6280/2921/624
f 6280/2921/643 6297/2935/643 6293/2938/643 6278/2924/643
f 6298/2939/626 6284/2862/626 6290/2865/626 6301/1029/626
f 6301/1029/627 6290/2865/627 6286/2931/627 6299/2942/627
f 6285/2929/628 6279/2926/628 6282/2925/628 6289/2930/628
f 6289/2930/629 6282/2925/629 6278/2924/629 6286/2931/629
f 6249/2882/630 6277/2920/630 6283/2923/630 6252/2883/630
f 6252/2888/631 6283/2923/631 6279/2926/631 6250/2885/631
f 6284/2862/632 6257/2896/632 6259/2898/632 6287/2927/632
f 6287/2927/633 6259/2893/633 6256/2892/633 6285/2929/633
f 6263/2903/634 6291/2932/634 6277/2920/634 6249/2882/634
f 6251/2889/146 6258/2899/146 6272/2918/146 6264/2907/146
f 6279/2926/635 6285/2929/635 6256/2892/635 6250/2885/635
f 6298/2939/636 6270/2912/636 6257/2896/636 6284/2862/636
f 6265/2910/637 6271/2914/637 6300/2944/637 6292/2936/637
f 6293/2938/150 6299/2942/150 6286/2931/150 6278/2924/150
f 6305/2945/586 6308/2946/586 6309/2947/586 6311/2814/586
f 6306/2948/587 6310/2949/587 6309/2950/587 6308/2888/587
f 6307/2951/588 6311/2890/588 6309/2821/588 6310/2952/588
f 6312/2953/589 6315/2824/589 6316/2825/589 6318/2954/589
f 6313/2955/590 6317/2956/590 6316/981/590 6315/2957/590
f 6314/2958/591 6318/2959/591 6316/2960/591 6317/2961/591
f 6319/2962/592 6322/2904/592 6323/2905/592 6325/2963/592
f 6320/2964/593 6324/2965/593 6323/2966/593 6322/2842/593
f 6321/2967/639 6325/2968/639 6323/2966/639 6324/2965/639
f 6326/2969/595 6329/2913/595 6330/2847/595 6332/1000/595
f 6327/2970/596 6331/2971/596 6330/2972/596 6329/2917/596
f 6328/2973/597 6332/2919/597 6330/2972/597 6331/2971/597
f 6333/2974/641 6336/2921/641 6337/2975/641 6339/2923/641
f 6334/2976/599 6338/2977/599 6337/2975/599 6336/2921/599
f 6335/2978/600 6339/2923/600 6337/2975/600 6338/2977/600
f 6340/2979/601 6343/2927/601 6344/2980/601 6346/2865/601
f 6341/2981/644 6345/2982/644 6344/2980/644 6343/2927/644
f 6342/2983/603 6346/2865/603 6344/2980/603 6345/2982/603
f 6347/2984/604 6350/2933/604 6351/2985/604 6353/2935/604
f 6348/2986/605 6352/2987/605 6351/2985/605 6350/2933/605
f 6349/2988/606 6353/2935/606 6351/2985/606 6352/2987/606
f 6354/2989/645 6357/1029/645 6358/2990/645 6360/2991/645
f 6355/2992/608 6359/2993/608 6358/2990/608 6357/1029/608
f 6356/2994/609 6360/2991/609 6358/2990/609 6359/2993/609
f 6319/2962/610 6305/2945/610 6311/2814/610 6322/2904/610
f 6322/2842/611 6311/2890/611 6307/2951/611 6320/2964/611
f 6306/2948/612 6312/2953/612 6318/2954/612 6310/2949/612
f 6310/2952/613 6318/2959/613 6314/2958/613 6307/2951/613
f 6313/2955/646 6326/2969/646 6332/1000/646 6317/2956/646
f 6317/2961/642 6332/2919/642 6328/2973/642 6314/2958/642
f 6327/2970/616 6321/2967/616 6324/2965/616 6331/2971/616
f 6331/2971/617 6324/2965/617 6320/2964/617 6328/2973/617
f 6347/2984/618 6319/2962/618 6325/2963/618 6350/2933/618
f 6350/2933/619 6325/2968/619 6321/2967/619 6348/2986/619
f 6326/2969/620 6354/2989/620 6360/2991/620 6329/2913/620
f 6329/2917/621 6360/2991/621 6356/2994/621 6327/2970/621
f 6355/2992/622 6349/2988/622 6352/2987/622 6359/2993/622
f 6359/2993/623 6352/2987/623 6348/2986/623 6356/2994/623
f 6333/2974/624 6347/2984/624 6353/2935/624 6336/2921/624
f 6336/2921/643 6353/2935/643 6349/2988/643 6334/2976/643
f 6354/2989/626 6340/2979/626 6346/2865/626 6357/1029/626
f 6357/1029/627 6346/2865/627 6342/2983/627 6355/2992/627
f 6341/2981/628 6335/2978/628 6338/2977/628 6345/2982/628
f 6345/2982/629 6338/2977/629 6334/2976/629 6342/2983/629
f 6305/2945/630 6333/2974/630 6339/2923/630 6308/2946/630
f 6308/2888/631 6339/2923/631 6335/2978/631 6306/2948/631
f 6340/2979/632 6313/2955/632 6315/2957/632 6343/2927/632
f 6343/2927/633 6315/2824/633 6312/2953/633 6341/2981/633
f 6319/2962/634 6347/2984/634 6333/2974/634 6305/2945/634
f 6307/2951/146 6314/2958/146 6328/2973/146 6320/2964/146
f 6335/2978/635 6341/2981/635 6312/2953/635 6306/2948/635
f 6354/2989/636 6326/2969/636 6313/2955/636 6340/2979/636
f 6321/2967/637 6327/2970/637 6356/2994/637 6348/2986/637
f 6349/2988/150 6355/2992/150 6342/2983/150 6334/2976/150
f 6361/2995/647 6364/2946/647 6365/2884/647 6367/2814/647
f 6362/2996/587 6366/2997/587 6365/2998/587 6364/2888/587
f 6363/2999/588 6367/2890/588 6365/2821/588 6366/3000/588
f 6368/3001/648 6371/2824/648 6372/2825/648 6374/3002/648
f 6369/3003/590 6373/2956/590 6372/2897/590 6371/2898/590
f 6370/3004/591 6374/3005/591 6372/3006/591 6373/3007/591
f 6375/3008/592 6378/3009/592 6379/2837/592 6381/3010/592
f 6376/3011/593 6380/3012/593 6379/3013/593 6378/2842/593
f 6377/3014/639 6381/2844/639 6379/3013/639 6380/3012/639
f 6382/3015/640 6385/2913/640 6386/2847/640 6388/3016/640
f 6383/3017/596 6387/3018/596 6386/3019/596 6385/2917/596
f 6384/3020/597 6388/2919/597 6386/3019/597 6387/3018/597
f 6389/3021/641 6392/2856/641 6393/3022/641 6395/3023/641
f 6390/3024/599 6394/3025/599 6393/3022/599 6392/2856/599
f 6391/3026/600 6395/3023/600 6393/3022/600 6394/3025/600
f 6396/2862/601 6399/3027/601 6400/3028/601 6402/1017/601
f 6397/3029/602 6401/3030/602 6400/3028/602 6399/3027/602
f 6398/3031/603 6402/1017/603 6400/3028/603 6401/3030/603
f 6403/3032/604 6406/3033/604 6407/3034/604 6409/2935/604
f 6404/3035/605 6408/3036/605 6407/3034/605 6406/3033/605
f 6405/3037/606 6409/2935/606 6407/3034/606 6408/3036/606
f 6410/3038/649 6413/3039/649 6414/3040/649 6416/2878/649
f 6411/3041/608 6415/3042/608 6414/3040/608 6413/3039/608
f 6412/3043/609 6416/2878/609 6414/3040/609 6415/3042/609
f 6375/3008/610 6361/2995/610 6367/2814/610 6378/3009/610
f 6378/2842/611 6367/2890/611 6363/2999/611 6376/3011/611
f 6362/2996/612 6368/3001/612 6374/3002/612 6366/2997/612
f 6366/3000/613 6374/3005/613 6370/3004/613 6363/2999/613
f 6369/3003/646 6382/3015/646 6388/3016/646 6373/2956/646
f 6373/3007/642 6388/2919/642 6384/3020/642 6370/3004/642
f 6383/3017/616 6377/3014/616 6380/3012/616 6387/3018/616
f 6387/3018/617 6380/3012/617 6376/3011/617 6384/3020/617
f 6403/3032/618 6375/3008/618 6381/3010/618 6406/3033/618
f 6406/3033/619 6381/2844/619 6377/3014/619 6404/3035/619
f 6382/3015/620 6410/3038/620 6416/2878/620 6385/2913/620
f 6385/2917/621 6416/2878/621 6412/3043/621 6383/3017/621
f 6411/3041/622 6405/3037/622 6408/3036/622 6415/3042/622
f 6415/3042/623 6408/3036/623 6404/3035/623 6412/3043/623
f 6389/3021/650 6403/3032/650 6409/2935/650 6392/2856/650
f 6392/2856/643 6409/2935/643 6405/3037/643 6390/3024/643
f 6410/3038/626 6396/2862/626 6402/1017/626 6413/3039/626
f 6413/3039/627 6402/1017/627 6398/3031/627 6411/3041/627
f 6397/3029/628 6391/3026/628 6394/3025/628 6401/3030/628
f 6401/3030/629 6394/3025/629 6390/3024/629 6398/3031/629
f 6361/2995/630 6389/3021/630 6395/3023/630 6364/2946/630
f 6364/2888/631 6395/3023/631 6391/3026/631 6362/2996/631
f 6396/2862/632 6369/3003/632 6371/2898/632 6399/3027/632
f 6399/3027/633 6371/2824/633 6368/3001/633 6397/3029/633
f 6375/3008/634 6403/3032/634 6389/3021/634 6361/2995/634
f 6363/2999/146 6370/3004/146 6384/3020/146 6376/3011/146
f 6391/3026/635 6397/3029/635 6368/3001/635 6362/2996/635
f 6410/3038/636 6382/3015/636 6369/3003/636 6396/2862/636
f 6377/3014/637 6383/3017/637 6412/3043/637 6404/3035/637
f 6405/3037/150 6411/3041/150 6398/3031/150 6390/3024/150
