# Blender 5.2.2 LTS
# www.blender.org
o DiamondDragon
v -2.125318 2.472157 2.803492
v -2.146724 2.527126 2.854123
v -2.175948 2.527126 2.782086
v -2.146724 6.575389 2.854123
v -2.125318 6.630358 2.803492
v -2.175948 6.575389 2.782086
v -0.821456 2.472157 -0.280431
v -0.872087 2.527126 -0.301837
v -0.800050 2.527126 -0.331061
v -0.821456 6.630358 -0.280431
v -0.800050 6.575389 -0.331061
v -0.872087 6.575389 -0.301837
v 1.280992 2.472157 4.243657
v 1.331623 2.527126 4.265063
v 1.259586 2.527126 4.294287
v 1.280992 6.630358 4.243657
v 1.259586 6.575389 4.294287
v 1.331623 6.575389 4.265063
v 2.584854 2.472157 1.159734
v 2.606260 2.527126 1.109103
v 2.635484 2.527126 1.181140
v 2.584854 6.630358 1.159734
v 2.635484 6.575389 1.181140
v 2.606260 6.575389 1.109103
v 1.419339 3.013863 4.153711
v 1.433777 3.292410 4.164042
v 1.419339 3.288517 4.153711
v 1.526294 3.013863 3.900738
v 1.526295 3.288517 3.900738
v 1.515964 3.292410 3.915176
v 1.490396 3.001184 4.164948
v 1.478713 3.031185 4.192581
v 1.509936 3.009971 4.173209
v 1.499605 3.013863 4.187647
v 1.501675 3.031185 4.192749
v 1.478713 3.271195 4.192581
v 1.499605 3.288517 4.187647
v 1.501675 3.271195 4.192749
v 1.583861 3.001184 3.943883
v 1.595544 3.031185 3.916249
v 1.606560 3.013863 3.934674
v 1.611662 3.031185 3.932604
v 1.603401 3.009971 3.952144
v 1.595544 3.271195 3.916249
v 1.606560 3.288517 3.934674
v 1.611662 3.271195 3.932604
v 1.419339 3.713897 4.153711
v 1.433777 3.992444 4.164042
v 1.419339 3.988551 4.153711
v 1.526294 3.713897 3.900738
v 1.526295 3.988551 3.900738
v 1.515964 3.992444 3.915176
v 1.490396 3.701217 4.164948
v 1.478713 3.731218 4.192581
v 1.509936 3.710005 4.173209
v 1.499605 3.713897 4.187647
v 1.501675 3.731218 4.192749
v 1.478713 3.971230 4.192581
v 1.499605 3.988551 4.187647
v 1.501675 3.971230 4.192749
v 1.583861 3.701217 3.943883
v 1.595544 3.731218 3.916249
v 1.606560 3.713897 3.934674
v 1.611662 3.731218 3.932604
v 1.603401 3.710005 3.952144
v 1.595544 3.971230 3.916249
v 1.606560 3.988551 3.934674
v 1.611662 3.971230 3.932604
v 1.419339 4.413930 4.153711
v 1.419339 4.688584 4.153711
v 1.526294 4.413930 3.900738
v 1.526295 4.688584 3.900738
v 1.490396 4.401250 4.164948
v 1.478713 4.431252 4.192581
v 1.509936 4.410038 4.173209
v 1.499605 4.413930 4.187647
v 1.501675 4.431251 4.192749
v 1.478713 4.671263 4.192581
v 1.482135 4.692477 4.184488
v 1.499605 4.688584 4.187647
v 1.501675 4.671263 4.192749
v 1.583861 4.401250 3.943883
v 1.595544 4.431252 3.916249
v 1.606560 4.413930 3.934674
v 1.611662 4.431251 3.932604
v 1.603401 4.410038 3.952144
v 1.595544 4.671263 3.916249
v 1.603401 4.692477 3.952144
v 1.606560 4.688584 3.934674
v 1.611662 4.671263 3.932604
v 1.433777 5.110071 4.164042
v 1.419339 5.113964 4.153711
v 1.422499 5.110071 4.136241
v 1.433777 5.392510 4.164042
v 1.419339 5.388617 4.153711
v 1.414237 5.371296 4.155781
v 1.526294 5.113964 3.900738
v 1.543764 5.110071 3.903897
v 1.526295 5.388617 3.900738
v 1.524225 5.371296 3.895637
v 1.515964 5.392510 3.915176
v 1.499605 5.113964 4.187647
v 1.499605 5.388617 4.187647
v 1.606560 5.113964 3.934674
v 1.606560 5.388617 3.934674
v 1.419339 5.813998 4.153711
v 1.433777 6.092545 4.164042
v 1.419339 6.088651 4.153711
v 1.526294 5.813998 3.900738
v 1.543764 5.810105 3.903897
v 1.526295 6.088651 3.900738
v 1.524225 6.071330 3.895637
v 1.515964 6.092545 3.915176
v 1.490396 5.801318 4.164948
v 1.509936 5.810105 4.173209
v 1.499605 5.813998 4.187647
v 1.501675 5.831319 4.192749
v 1.482135 6.092545 4.184488
v 1.499605 6.088651 4.187647
v 1.583861 5.801318 3.943883
v 1.606560 5.813998 3.934674
v 1.603401 5.810105 3.952144
v 1.606560 6.088651 3.934674
v 1.691945 3.013863 3.508938
v 1.691945 3.288517 3.508938
v 1.798900 3.013863 3.255964
v 1.798901 3.288517 3.255964
v 1.763002 3.001184 3.520174
v 1.751319 3.031185 3.547807
v 1.782542 3.009971 3.528436
v 1.772211 3.013863 3.542874
v 1.774281 3.031185 3.547975
v 1.763002 3.301197 3.520174
v 1.751319 3.271195 3.547807
v 1.772211 3.288517 3.542874
v 1.774281 3.271195 3.547975
v 1.782542 3.292410 3.528436
v 1.856467 3.001184 3.299109
v 1.868150 3.031185 3.271476
v 1.879166 3.013863 3.289900
v 1.884268 3.031185 3.287831
v 1.876007 3.009971 3.307370
v 1.856467 3.301197 3.299109
v 1.868150 3.271195 3.271476
v 1.876007 3.292410 3.307370
v 1.879166 3.288517 3.289900
v 1.884268 3.271195 3.287831
v 1.691945 3.713897 3.508938
v 1.691945 3.988551 3.508938
v 1.798900 3.713897 3.255964
v 1.798901 3.988551 3.255964
v 1.763002 3.701217 3.520174
v 1.751319 3.731218 3.547807
v 1.782542 3.710005 3.528436
v 1.772211 3.713897 3.542874
v 1.774281 3.731218 3.547975
v 1.763002 4.001231 3.520174
v 1.751319 3.971230 3.547807
v 1.772211 3.988551 3.542874
v 1.774281 3.971230 3.547975
v 1.782542 3.992444 3.528436
v 1.856467 3.701217 3.299109
v 1.868150 3.731218 3.271476
v 1.879166 3.713897 3.289900
v 1.884268 3.731218 3.287831
v 1.876007 3.710005 3.307370
v 1.856467 4.001231 3.299109
v 1.868150 3.971230 3.271476
v 1.876007 3.992444 3.307370
v 1.879166 3.988551 3.289900
v 1.884268 3.971230 3.287831
v 1.691945 4.413930 3.508938
v 1.691945 4.688584 3.508938
v 1.798900 4.413930 3.255964
v 1.798901 4.688584 3.255964
v 1.763002 4.401250 3.520174
v 1.751319 4.431252 3.547807
v 1.782542 4.410038 3.528436
v 1.772211 4.413930 3.542874
v 1.774281 4.431251 3.547975
v 1.763002 4.701264 3.520174
v 1.751319 4.671263 3.547807
v 1.772211 4.688584 3.542874
v 1.774281 4.671263 3.547975
v 1.782542 4.692477 3.528436
v 1.856467 4.401250 3.299109
v 1.868150 4.431252 3.271476
v 1.879166 4.413930 3.289900
v 1.884268 4.431251 3.287831
v 1.876007 4.410038 3.307370
v 1.856467 4.701264 3.299109
v 1.868150 4.671263 3.271476
v 1.876007 4.692477 3.307370
v 1.879166 4.688584 3.289900
v 1.884268 4.671263 3.287831
v 1.691945 5.113964 3.508938
v 1.691945 5.388617 3.508938
v 1.798900 5.113964 3.255964
v 1.816370 5.110071 3.259124
v 1.798901 5.388617 3.255964
v 1.796831 5.371296 3.250863
v 1.763002 5.101284 3.520174
v 1.782542 5.110071 3.528436
v 1.772211 5.113964 3.542874
v 1.754741 5.110071 3.539714
v 1.763002 5.401298 3.520174
v 1.772211 5.388617 3.542874
v 1.774281 5.371296 3.547975
v 1.782542 5.392510 3.528436
v 1.856467 5.101284 3.299109
v 1.879166 5.113964 3.289900
v 1.876007 5.110071 3.307370
v 1.856467 5.401298 3.299109
v 1.876007 5.392510 3.307370
v 1.879166 5.388617 3.289900
v 1.691945 5.813998 3.508938
v 1.691945 6.088651 3.508938
v 1.798900 5.813998 3.255964
v 1.798901 6.088651 3.255964
v 1.763002 5.801318 3.520174
v 1.751319 5.831319 3.547807
v 1.782542 5.810105 3.528436
v 1.772211 5.813998 3.542874
v 1.774281 5.831319 3.547975
v 1.763002 6.101332 3.520174
v 1.751319 6.071330 3.547807
v 1.772211 6.088651 3.542874
v 1.774281 6.071330 3.547975
v 1.782542 6.092545 3.528436
v 1.856467 5.801318 3.299109
v 1.868150 5.831319 3.271476
v 1.879166 5.813998 3.289900
v 1.884268 5.831319 3.287831
v 1.876007 5.810105 3.307370
v 1.856467 6.101332 3.299109
v 1.868150 6.071330 3.271476
v 1.876007 6.092545 3.307370
v 1.879166 6.088651 3.289900
v 1.884268 6.071330 3.287831
v 1.964551 3.013863 2.864164
v 1.964551 3.288517 2.864164
v 2.071506 3.013863 2.611191
v 2.071507 3.288517 2.611191
v 2.035608 3.001184 2.875401
v 2.023925 3.031185 2.903034
v 2.055148 3.009971 2.883662
v 2.044817 3.013863 2.898100
v 2.046887 3.031185 2.903202
v 2.035608 3.301197 2.875401
v 2.023925 3.271195 2.903034
v 2.044817 3.288517 2.898100
v 2.046887 3.271195 2.903202
v 2.055148 3.292410 2.883662
v 2.129073 3.001184 2.654335
v 2.140756 3.031185 2.626702
v 2.151772 3.013863 2.645127
v 2.156874 3.031185 2.643057
v 2.148613 3.009971 2.662597
v 2.129073 3.301197 2.654335
v 2.140756 3.271195 2.626702
v 2.148613 3.292410 2.662597
v 2.151772 3.288517 2.645127
v 2.156874 3.271195 2.643057
v 1.964551 3.713897 2.864164
v 1.964551 3.988551 2.864164
v 2.071506 3.713897 2.611191
v 2.071507 3.988551 2.611191
v 2.035608 3.701217 2.875401
v 2.023925 3.731218 2.903034
v 2.055148 3.710005 2.883662
v 2.044817 3.713897 2.898100
v 2.046887 3.731218 2.903202
v 2.035608 4.001231 2.875401
v 2.023925 3.971230 2.903034
v 2.044817 3.988551 2.898100
v 2.046887 3.971230 2.903202
v 2.055148 3.992444 2.883662
v 2.129073 3.701217 2.654335
v 2.140756 3.731218 2.626702
v 2.151772 3.713897 2.645127
v 2.156874 3.731218 2.643057
v 2.148613 3.710005 2.662597
v 2.129073 4.001231 2.654335
v 2.140756 3.971230 2.626702
v 2.148613 3.992444 2.662597
v 2.151772 3.988551 2.645127
v 2.156874 3.971230 2.643057
v 1.964551 4.413930 2.864164
v 1.964551 4.688584 2.864164
v 2.071506 4.413930 2.611191
v 2.071507 4.688584 2.611191
v 2.035608 4.401250 2.875401
v 2.023925 4.431252 2.903034
v 2.055148 4.410038 2.883662
v 2.044817 4.413930 2.898100
v 2.046887 4.431251 2.903202
v 2.035608 4.701264 2.875401
v 2.023925 4.671263 2.903034
v 2.044817 4.688584 2.898100
v 2.046887 4.671263 2.903202
v 2.055148 4.692477 2.883662
v 2.129073 4.401250 2.654335
v 2.140756 4.431252 2.626702
v 2.151772 4.413930 2.645127
v 2.156874 4.431251 2.643057
v 2.148613 4.410038 2.662597
v 2.129073 4.701264 2.654335
v 2.140756 4.671263 2.626702
v 2.148613 4.692477 2.662597
v 2.151772 4.688584 2.645127
v 2.156874 4.671263 2.643057
v 1.964551 5.113964 2.864164
v 1.964551 5.388617 2.864164
v 2.071506 5.113964 2.611191
v 2.071507 5.388617 2.611191
v 2.035608 5.101284 2.875401
v 2.055148 5.110071 2.883662
v 2.044817 5.113964 2.898100
v 2.027347 5.110071 2.894940
v 2.035608 5.401298 2.875401
v 2.044817 5.388617 2.898100
v 2.046887 5.371296 2.903202
v 2.055148 5.392510 2.883662
v 2.129073 5.101284 2.654335
v 2.137334 5.110071 2.634796
v 2.151772 5.113964 2.645127
v 2.148613 5.110071 2.662597
v 2.129073 5.401298 2.654335
v 2.148613 5.392510 2.662597
v 2.151772 5.388617 2.645127
v 2.156874 5.371296 2.643057
v 1.964551 5.813998 2.864164
v 1.964551 6.088651 2.864164
v 2.071506 5.813998 2.611191
v 2.071507 6.088651 2.611191
v 2.035608 5.801318 2.875401
v 2.055148 5.810105 2.883662
v 2.044817 5.813998 2.898100
v 2.046887 5.831319 2.903202
v 2.035608 6.101332 2.875401
v 2.027347 6.092545 2.894940
v 2.044817 6.088651 2.898100
v 2.055148 6.092545 2.883662
v 2.129073 5.801318 2.654335
v 2.140756 5.831319 2.626702
v 2.151772 5.813998 2.645127
v 2.156874 5.831319 2.643057
v 2.148613 5.810105 2.662597
v 2.129073 6.101332 2.654335
v 2.140756 6.071330 2.626702
v 2.148613 6.092545 2.662597
v 2.151772 6.088651 2.645127
v 2.156874 6.071330 2.643057
v 2.237157 3.013863 2.219390
v 2.237157 3.288517 2.219390
v 2.344112 3.013863 1.966417
v 2.344112 3.288517 1.966417
v 2.308214 3.001184 2.230627
v 2.296531 3.031185 2.258260
v 2.327754 3.009971 2.238888
v 2.317423 3.013863 2.253326
v 2.319493 3.031185 2.258428
v 2.308214 3.301197 2.230627
v 2.296531 3.271195 2.258260
v 2.317423 3.288517 2.253326
v 2.319493 3.271195 2.258428
v 2.327754 3.292410 2.238888
v 2.401679 3.001184 2.009562
v 2.413362 3.031185 1.981929
v 2.424378 3.013863 2.000353
v 2.429480 3.031185 1.998284
v 2.421219 3.009971 2.017823
v 2.401679 3.301197 2.009562
v 2.413362 3.271195 1.981929
v 2.421219 3.292410 2.017823
v 2.424378 3.288517 2.000353
v 2.429480 3.271195 1.998284
v 2.237157 3.713897 2.219390
v 2.237157 3.988551 2.219390
v 2.344112 3.713897 1.966417
v 2.344112 3.988551 1.966417
v 2.308214 3.701217 2.230627
v 2.296531 3.731218 2.258260
v 2.327754 3.710005 2.238888
v 2.317423 3.713897 2.253326
v 2.319493 3.731218 2.258428
v 2.308214 4.001231 2.230627
v 2.296531 3.971230 2.258260
v 2.317423 3.988551 2.253326
v 2.319493 3.971230 2.258428
v 2.327754 3.992444 2.238888
v 2.401679 3.701217 2.009562
v 2.413362 3.731218 1.981929
v 2.424378 3.713897 2.000353
v 2.429480 3.731218 1.998284
v 2.421219 3.710005 2.017823
v 2.401679 4.001231 2.009562
v 2.413362 3.971230 1.981929
v 2.421219 3.992444 2.017823
v 2.424378 3.988551 2.000353
v 2.429480 3.971230 1.998284
v 2.237157 4.413930 2.219390
v 2.237157 4.688584 2.219390
v 2.344112 4.413930 1.966417
v 2.344112 4.688584 1.966417
v 2.308214 4.401250 2.230627
v 2.296531 4.431252 2.258260
v 2.327754 4.410038 2.238888
v 2.317423 4.413930 2.253326
v 2.319493 4.431251 2.258428
v 2.308214 4.701264 2.230627
v 2.296531 4.671263 2.258260
v 2.317423 4.688584 2.253326
v 2.319493 4.671263 2.258428
v 2.327754 4.692477 2.238888
v 2.401679 4.401250 2.009562
v 2.413362 4.431252 1.981929
v 2.424378 4.413930 2.000353
v 2.429480 4.431251 1.998284
v 2.421219 4.410038 2.017823
v 2.401679 4.701264 2.009562
v 2.413362 4.671263 1.981929
v 2.421219 4.692477 2.017823
v 2.424378 4.688584 2.000353
v 2.429480 4.671263 1.998284
v 2.237157 5.113964 2.219390
v 2.237157 5.388617 2.219390
v 2.344112 5.113964 1.966417
v 2.344112 5.388617 1.966417
v 2.308214 5.101284 2.230627
v 2.327754 5.110071 2.238888
v 2.317423 5.113964 2.253326
v 2.299953 5.110071 2.250167
v 2.308214 5.401298 2.230627
v 2.317423 5.388617 2.253326
v 2.319493 5.371296 2.258428
v 2.327754 5.392510 2.238888
v 2.401679 5.101284 2.009562
v 2.413362 5.131286 1.981929
v 2.424378 5.113964 2.000353
v 2.429480 5.131286 1.998284
v 2.421219 5.110071 2.017823
v 2.401679 5.401298 2.009562
v 2.413362 5.371296 1.981929
v 2.421219 5.392510 2.017823
v 2.424378 5.388617 2.000353
v 2.429480 5.371296 1.998284
v 2.237157 5.813998 2.219390
v 2.237157 6.088651 2.219390
v 2.344112 5.813998 1.966417
v 2.344112 6.088651 1.966417
v 2.308214 5.801318 2.230627
v 2.327754 5.810105 2.238888
v 2.317423 5.813998 2.253326
v 2.319493 5.831319 2.258428
v 2.308214 6.101332 2.230627
v 2.299953 6.092545 2.250167
v 2.317423 6.088651 2.253326
v 2.327754 6.092545 2.238888
v 2.401679 5.801318 2.009562
v 2.413362 5.831319 1.981929
v 2.424378 5.813998 2.000353
v 2.429480 5.831319 1.998284
v 2.421219 5.810105 2.017823
v 2.401679 6.101332 2.009562
v 2.413362 6.071330 1.981929
v 2.421219 6.092545 2.017823
v 2.424378 6.088651 2.000353
v 2.429480 6.071330 1.998284
v 2.509763 3.013863 1.574617
v 2.509763 3.288517 1.574617
v 2.616718 3.013863 1.321644
v 2.616718 3.288517 1.321644
v 2.580820 3.001184 1.585853
v 2.569137 3.031185 1.613487
v 2.600360 3.009971 1.594115
v 2.590029 3.013863 1.608553
v 2.592099 3.031185 1.613654
v 2.580820 3.301197 1.585853
v 2.569137 3.271195 1.613487
v 2.590029 3.288517 1.608553
v 2.592099 3.271195 1.613654
v 2.600360 3.292410 1.594115
v 2.674285 3.001184 1.364788
v 2.685968 3.031185 1.337155
v 2.696984 3.013863 1.355580
v 2.702086 3.031185 1.353510
v 2.693825 3.009971 1.373050
v 2.674285 3.301197 1.364788
v 2.685968 3.271195 1.337155
v 2.693825 3.292410 1.373050
v 2.696984 3.288517 1.355580
v 2.702086 3.271195 1.353510
v 2.509763 3.713897 1.574617
v 2.509763 3.988551 1.574617
v 2.616718 3.713897 1.321644
v 2.616718 3.988551 1.321644
v 2.580820 3.701217 1.585853
v 2.569137 3.731218 1.613487
v 2.600360 3.710005 1.594115
v 2.590029 3.713897 1.608553
v 2.592099 3.731218 1.613654
v 2.580820 4.001231 1.585853
v 2.569137 3.971230 1.613487
v 2.590029 3.988551 1.608553
v 2.592099 3.971230 1.613654
v 2.600360 3.992444 1.594115
v 2.674285 3.701217 1.364788
v 2.685968 3.731218 1.337155
v 2.696984 3.713897 1.355580
v 2.702086 3.731218 1.353510
v 2.693825 3.710005 1.373050
v 2.674285 4.001231 1.364788
v 2.685968 3.971230 1.337155
v 2.693825 3.992444 1.373050
v 2.696984 3.988551 1.355580
v 2.702086 3.971230 1.353510
v 2.509763 4.413930 1.574617
v 2.509763 4.688584 1.574617
v 2.616718 4.413930 1.321644
v 2.616718 4.688584 1.321644
v 2.580820 4.401250 1.585853
v 2.569137 4.431252 1.613487
v 2.600360 4.410038 1.594115
v 2.590029 4.413930 1.608553
v 2.592099 4.431251 1.613654
v 2.580820 4.701264 1.585853
v 2.569137 4.671263 1.613487
v 2.590029 4.688584 1.608553
v 2.592099 4.671263 1.613654
v 2.600360 4.692477 1.594115
v 2.674285 4.401250 1.364788
v 2.685968 4.431252 1.337155
v 2.696984 4.413930 1.355580
v 2.702086 4.431251 1.353510
v 2.693825 4.410038 1.373050
v 2.674285 4.701264 1.364788
v 2.685968 4.671263 1.337155
v 2.693825 4.692477 1.373050
v 2.696984 4.688584 1.355580
v 2.702086 4.671263 1.353510
v 2.509763 5.113964 1.574617
v 2.509763 5.388617 1.574617
v 2.616718 5.113964 1.321644
v 2.616718 5.388617 1.321644
v 2.580820 5.101284 1.585853
v 2.600360 5.110071 1.594115
v 2.590029 5.113964 1.608553
v 2.572559 5.110071 1.605393
v 2.580820 5.401298 1.585853
v 2.590029 5.388617 1.608553
v 2.592099 5.371296 1.613654
v 2.600360 5.392510 1.594115
v 2.674285 5.101284 1.364788
v 2.685968 5.131286 1.337155
v 2.696984 5.113964 1.355580
v 2.702086 5.131286 1.353510
v 2.693825 5.110071 1.373050
v 2.674285 5.401298 1.364788
v 2.685968 5.371296 1.337155
v 2.693825 5.392510 1.373050
v 2.696984 5.388617 1.355580
v 2.702086 5.371296 1.353510
v 2.509763 5.813998 1.574617
v 2.509763 6.088651 1.574617
v 2.616718 5.813998 1.321644
v 2.616718 6.088651 1.321644
v 2.580820 5.801318 1.585853
v 2.600360 5.810105 1.594115
v 2.590029 5.813998 1.608553
v 2.592099 5.831319 1.613654
v 2.580820 6.101332 1.585853
v 2.572559 6.092545 1.605393
v 2.590029 6.088651 1.608553
v 2.600360 6.092545 1.594115
v 2.674285 5.801318 1.364788
v 2.696984 5.813998 1.355580
v 2.702086 5.831319 1.353510
v 2.693825 5.810105 1.373050
v 2.674285 6.101332 1.364788
v 2.693825 6.092545 1.373050
v 2.696984 6.088651 1.355580
v 2.682546 6.092545 1.345249
v -2.226432 3.031185 2.626071
v -2.237448 3.013863 2.607646
v -2.242550 3.031185 2.609716
v -2.226432 3.271195 2.626071
v -2.214749 3.301197 2.598438
v -2.237448 3.288517 2.607646
v -2.234289 3.292410 2.590176
v -2.242550 3.271195 2.609716
v -2.109601 3.031185 2.349739
v -2.130493 3.013863 2.354673
v -2.132563 3.031185 2.349571
v -2.121284 3.301197 2.377373
v -2.109601 3.271195 2.349739
v -2.130493 3.288517 2.354673
v -2.132563 3.271195 2.349572
v -2.140824 3.292410 2.369111
v -2.157182 3.013863 2.641582
v -2.174652 3.009971 2.638423
v -2.157182 3.288517 2.641582
v -2.050227 3.013863 2.388609
v -2.053386 3.009971 2.406079
v -2.050226 3.288517 2.388609
v -2.226432 3.731218 2.626071
v -2.223010 3.710005 2.617978
v -2.237448 3.713897 2.607646
v -2.242550 3.731218 2.609716
v -2.226432 3.971230 2.626071
v -2.214749 4.001231 2.598438
v -2.237448 3.988551 2.607646
v -2.234289 3.992444 2.590176
v -2.242550 3.971230 2.609716
v -2.109601 3.731218 2.349739
v -2.140824 3.710005 2.369111
v -2.130493 3.713897 2.354673
v -2.132563 3.731218 2.349571
v -2.121284 4.001231 2.377373
v -2.109601 3.971230 2.349739
v -2.130493 3.988551 2.354673
v -2.132563 3.971230 2.349572
v -2.140824 3.992444 2.369111
v -2.157182 3.713897 2.641582
v -2.157182 3.988551 2.641582
v -2.050227 3.713897 2.388609
v -2.050226 3.988551 2.388609
v -2.226432 4.431252 2.626071
v -2.237448 4.413930 2.607646
v -2.242550 4.431251 2.609716
v -2.226432 4.671263 2.626071
v -2.237448 4.688584 2.607646
v -2.242550 4.671263 2.609716
v -2.109601 4.431252 2.349739
v -2.130493 4.413930 2.354673
v -2.132563 4.431251 2.349571
v -2.109601 4.671263 2.349739
v -2.130493 4.688584 2.354673
v -2.132563 4.671263 2.349572
v -2.157182 4.413930 2.641582
v -2.174652 4.410038 2.638423
v -2.157182 4.688584 2.641582
v -2.146851 4.692477 2.627144
v -2.050227 4.413930 2.388609
v -2.053386 4.410038 2.406079
v -2.050226 4.688584 2.388609
v -2.064665 4.692477 2.378278
v -2.226432 5.131286 2.626071
v -2.237448 5.113964 2.607646
v -2.242550 5.131286 2.609716
v -2.226432 5.371296 2.626071
v -2.214749 5.401298 2.598438
v -2.237448 5.388617 2.607646
v -2.234289 5.392510 2.590176
v -2.242550 5.371296 2.609716
v -2.130493 5.113964 2.354673
v -2.113023 5.110071 2.357833
v -2.121284 5.401298 2.377373
v -2.130493 5.388617 2.354673
v -2.132563 5.371296 2.349572
v -2.140824 5.392510 2.369111
v -2.157182 5.113964 2.641582
v -2.174652 5.110071 2.638423
v -2.157182 5.388617 2.641582
v -2.050227 5.113964 2.388609
v -2.053386 5.110071 2.406079
v -2.050226 5.388617 2.388609
v -2.237448 5.813998 2.607646
v -2.242550 5.831319 2.609716
v -2.223010 6.092545 2.617978
v -2.237448 6.088651 2.607646
v -2.109601 5.831319 2.349739
v -2.130493 5.813998 2.354673
v -2.132563 5.831319 2.349571
v -2.109601 6.071330 2.349739
v -2.130493 6.088651 2.354673
v -2.132563 6.071330 2.349572
v -2.157182 5.813998 2.641582
v -2.174652 5.810105 2.638423
v -2.157182 6.088651 2.641582
v -2.146851 6.092545 2.627144
v -2.050227 5.813998 2.388609
v -2.053386 5.810105 2.406079
v -2.050226 6.088651 2.388609
v -2.064665 6.092545 2.378278
v -1.942143 3.001184 1.953664
v -1.953826 3.031185 1.981297
v -1.964842 3.013863 1.962873
v -1.969944 3.031185 1.964942
v -1.961683 3.009971 1.945403
v -1.953826 3.271195 1.981297
v -1.942143 3.301197 1.953664
v -1.964842 3.288517 1.962873
v -1.961683 3.292410 1.945403
v -1.969944 3.271195 1.964942
v -1.848678 3.001184 1.732599
v -1.836995 3.031185 1.704966
v -1.868218 3.009971 1.724337
v -1.857887 3.013863 1.709899
v -1.859957 3.031185 1.704798
v -1.848678 3.301197 1.732599
v -1.836995 3.271195 1.704966
v -1.857887 3.288517 1.709899
v -1.859957 3.271195 1.704798
v -1.868218 3.292410 1.724337
v -1.884576 3.013863 1.996809
v -1.884576 3.288517 1.996809
v -1.777621 3.013863 1.743835
v -1.777621 3.288517 1.743835
v -1.942143 3.701217 1.953664
v -1.953826 3.731218 1.981297
v -1.964842 3.713897 1.962873
v -1.969944 3.731218 1.964942
v -1.961683 3.710005 1.945403
v -1.953826 3.971230 1.981297
v -1.942143 4.001231 1.953664
v -1.964842 3.988551 1.962873
v -1.961683 3.992444 1.945403
v -1.969944 3.971230 1.964942
v -1.848678 3.701217 1.732599
v -1.836995 3.731218 1.704966
v -1.868218 3.710005 1.724337
v -1.857887 3.713897 1.709899
v -1.859957 3.731218 1.704798
v -1.848678 4.001231 1.732599
v -1.836995 3.971230 1.704966
v -1.857887 3.988551 1.709899
v -1.859957 3.971230 1.704798
v -1.868218 3.992444 1.724337
v -1.884576 3.713897 1.996809
v -1.884576 3.988551 1.996809
v -1.777621 3.713897 1.743835
v -1.777621 3.988551 1.743835
v -1.942143 4.401250 1.953664
v -1.953826 4.431252 1.981297
v -1.964842 4.413930 1.962873
v -1.969944 4.431251 1.964942
v -1.961683 4.410038 1.945403
v -1.953826 4.671263 1.981297
v -1.942143 4.701264 1.953664
v -1.964842 4.688584 1.962873
v -1.961683 4.692477 1.945403
v -1.969944 4.671263 1.964942
v -1.848678 4.401250 1.732599
v -1.836995 4.431252 1.704966
v -1.868218 4.410038 1.724337
v -1.857887 4.413930 1.709899
v -1.859957 4.431251 1.704798
v -1.848678 4.701264 1.732599
v -1.836995 4.671263 1.704966
v -1.857887 4.688584 1.709899
v -1.859957 4.671263 1.704798
v -1.868218 4.692477 1.724337
v -1.884576 4.413930 1.996809
v -1.884576 4.688584 1.996809
v -1.777621 4.413930 1.743835
v -1.777621 4.688584 1.743835
v -1.942143 5.101284 1.953664
v -1.950404 5.110071 1.973204
v -1.964842 5.113964 1.962873
v -1.961683 5.110071 1.945403
v -1.942143 5.401298 1.953664
v -1.964842 5.388617 1.962873
v -1.961683 5.392510 1.945403
v -1.969944 5.371296 1.964942
v -1.848678 5.101284 1.732599
v -1.868218 5.110071 1.724337
v -1.857887 5.113964 1.709899
v -1.840417 5.110071 1.713059
v -1.848678 5.401298 1.732599
v -1.857887 5.388617 1.709899
v -1.859957 5.371296 1.704798
v -1.868218 5.392510 1.724337
v -1.884576 5.113964 1.996809
v -1.884576 5.388617 1.996809
v -1.777621 5.113964 1.743835
v -1.777621 5.388617 1.743835
v -1.942143 5.801318 1.953664
v -1.953826 5.831319 1.981297
v -1.964842 5.813998 1.962873
v -1.969944 5.831319 1.964942
v -1.961683 5.810105 1.945403
v -1.953826 6.071330 1.981297
v -1.942143 6.101332 1.953664
v -1.964842 6.088651 1.962873
v -1.961683 6.092545 1.945403
v -1.969944 6.071330 1.964942
v -1.848678 5.801318 1.732599
v -1.836995 5.831319 1.704966
v -1.868218 5.810105 1.724337
v -1.857887 5.813998 1.709899
v -1.859957 5.831319 1.704798
v -1.848678 6.101332 1.732599
v -1.836995 6.071330 1.704966
v -1.857887 6.088651 1.709899
v -1.859957 6.071330 1.704798
v -1.868218 6.092545 1.724337
v -1.884576 5.813998 1.996809
v -1.884576 6.088651 1.996809
v -1.777621 5.813998 1.743835
v -1.777621 6.088651 1.743835
v -1.669537 3.001184 1.308891
v -1.681220 3.031185 1.336524
v -1.692236 3.013863 1.318099
v -1.697338 3.031185 1.320169
v -1.689077 3.009971 1.300629
v -1.681220 3.271195 1.336524
v -1.669537 3.301197 1.308891
v -1.692236 3.288517 1.318099
v -1.689077 3.292410 1.300629
v -1.697338 3.271195 1.320169
v -1.576072 3.001184 1.087825
v -1.564389 3.031185 1.060192
v -1.595612 3.009971 1.079564
v -1.585281 3.013863 1.065126
v -1.587351 3.031185 1.060024
v -1.576072 3.301197 1.087825
v -1.564389 3.271195 1.060192
v -1.585281 3.288517 1.065126
v -1.587351 3.271195 1.060024
v -1.595612 3.292410 1.079564
v -1.611970 3.013863 1.352035
v -1.611970 3.288517 1.352035
v -1.505015 3.013863 1.099062
v -1.505015 3.288517 1.099062
v -1.669537 3.701217 1.308891
v -1.681220 3.731218 1.336524
v -1.692236 3.713897 1.318099
v -1.697338 3.731218 1.320169
v -1.689077 3.710005 1.300629
v -1.681220 3.971230 1.336524
v -1.669537 4.001231 1.308891
v -1.692236 3.988551 1.318099
v -1.689077 3.992444 1.300629
v -1.697338 3.971230 1.320169
v -1.576072 3.701217 1.087825
v -1.564389 3.731218 1.060192
v -1.595612 3.710005 1.079564
v -1.585281 3.713897 1.065126
v -1.587351 3.731218 1.060024
v -1.576072 4.001231 1.087825
v -1.564389 3.971230 1.060192
v -1.585281 3.988551 1.065126
v -1.587351 3.971230 1.060024
v -1.595612 3.992444 1.079564
v -1.611970 3.713897 1.352035
v -1.611970 3.988551 1.352035
v -1.505015 3.713897 1.099062
v -1.505015 3.988551 1.099062
v -1.669537 4.401250 1.308891
v -1.681220 4.431252 1.336524
v -1.692236 4.413930 1.318099
v -1.697338 4.431251 1.320169
v -1.689077 4.410038 1.300629
v -1.681220 4.671263 1.336524
v -1.669537 4.701264 1.308891
v -1.692236 4.688584 1.318099
v -1.689077 4.692477 1.300629
v -1.697338 4.671263 1.320169
v -1.576072 4.401250 1.087825
v -1.564389 4.431252 1.060192
v -1.595612 4.410038 1.079564
v -1.585281 4.413930 1.065126
v -1.587351 4.431251 1.060024
v -1.576072 4.701264 1.087825
v -1.564389 4.671263 1.060192
v -1.585281 4.688584 1.065126
v -1.587351 4.671263 1.060024
v -1.595612 4.692477 1.079564
v -1.611970 4.413930 1.352035
v -1.611970 4.688584 1.352035
v -1.505015 4.413930 1.099062
v -1.505015 4.688584 1.099062
v -1.669537 5.101284 1.308891
v -1.681220 5.131286 1.336524
v -1.692236 5.113964 1.318099
v -1.697338 5.131286 1.320169
v -1.689077 5.110071 1.300629
v -1.681220 5.371296 1.336524
v -1.669537 5.401298 1.308891
v -1.692236 5.388617 1.318099
v -1.689077 5.392510 1.300629
v -1.697338 5.371296 1.320169
v -1.576072 5.101284 1.087825
v -1.595612 5.110071 1.079564
v -1.585281 5.113964 1.065126
v -1.576072 5.401298 1.087825
v -1.585281 5.388617 1.065126
v -1.595612 5.392510 1.079564
v -1.611970 5.113964 1.352035
v -1.611970 5.388617 1.352035
v -1.519453 5.110071 1.088731
v -1.505015 5.113964 1.099062
v -1.505015 5.388617 1.099062
v -1.499913 5.371296 1.096992
v -1.669537 5.801318 1.308891
v -1.681220 5.831319 1.336524
v -1.692236 5.813998 1.318099
v -1.697338 5.831319 1.320169
v -1.689077 5.810105 1.300629
v -1.681220 6.071330 1.336524
v -1.669537 6.101332 1.308891
v -1.692236 6.088651 1.318099
v -1.689077 6.092545 1.300629
v -1.697338 6.071330 1.320169
v -1.576072 5.801318 1.087825
v -1.564389 5.831319 1.060192
v -1.595612 5.810105 1.079564
v -1.585281 5.813998 1.065126
v -1.587351 5.831319 1.060024
v -1.576072 6.101332 1.087825
v -1.564389 6.071330 1.060192
v -1.585281 6.088651 1.065126
v -1.587351 6.071330 1.060024
v -1.595612 6.092545 1.079564
v -1.611970 5.813998 1.352035
v -1.611970 6.088651 1.352035
v -1.505015 5.813998 1.099062
v -1.505015 6.088651 1.099062
v -1.396931 3.001184 0.664117
v -1.408614 3.031185 0.691750
v -1.419631 3.013863 0.673326
v -1.424732 3.031185 0.675395
v -1.416471 3.009971 0.655856
v -1.408614 3.271195 0.691750
v -1.396931 3.301197 0.664117
v -1.419631 3.288517 0.673326
v -1.416471 3.292410 0.655856
v -1.424732 3.271195 0.675395
v -1.303466 3.001184 0.443052
v -1.291783 3.031185 0.415419
v -1.323006 3.009971 0.434790
v -1.312675 3.013863 0.420352
v -1.314745 3.031185 0.415251
v -1.303466 3.301197 0.443052
v -1.291783 3.271195 0.415419
v -1.312675 3.288517 0.420352
v -1.314745 3.271195 0.415251
v -1.323006 3.292410 0.434790
v -1.339364 3.013863 0.707262
v -1.339365 3.288517 0.707261
v -1.232409 3.013863 0.454288
v -1.232409 3.288517 0.454288
v -1.396931 3.701217 0.664117
v -1.408614 3.731218 0.691750
v -1.419631 3.713897 0.673326
v -1.424732 3.731218 0.675395
v -1.416471 3.710005 0.655856
v -1.408614 3.971230 0.691750
v -1.396931 4.001231 0.664117
v -1.419631 3.988551 0.673326
v -1.416471 3.992444 0.655856
v -1.424732 3.971230 0.675395
v -1.303466 3.701217 0.443052
v -1.291783 3.731218 0.415419
v -1.323006 3.710005 0.434790
v -1.312675 3.713897 0.420352
v -1.314745 3.731218 0.415251
v -1.303466 4.001231 0.443052
v -1.291783 3.971230 0.415419
v -1.312675 3.988551 0.420352
v -1.314745 3.971230 0.415251
v -1.323006 3.992444 0.434790
v -1.339364 3.713897 0.707262
v -1.339365 3.988551 0.707261
v -1.232409 3.713897 0.454288
v -1.232409 3.988551 0.454288
v -1.396931 4.401250 0.664117
v -1.408614 4.431252 0.691750
v -1.419631 4.413930 0.673326
v -1.424732 4.431251 0.675395
v -1.416471 4.410038 0.655856
v -1.408614 4.671263 0.691750
v -1.396931 4.701264 0.664117
v -1.419631 4.688584 0.673326
v -1.416471 4.692477 0.655856
v -1.424732 4.671263 0.675395
v -1.303466 4.401250 0.443052
v -1.291783 4.431252 0.415419
v -1.323006 4.410038 0.434790
v -1.312675 4.413930 0.420352
v -1.314745 4.431251 0.415251
v -1.303466 4.701264 0.443052
v -1.291783 4.671263 0.415419
v -1.312675 4.688584 0.420352
v -1.314745 4.671263 0.415251
v -1.323006 4.692477 0.434790
v -1.339364 4.413930 0.707262
v -1.339365 4.688584 0.707261
v -1.232409 4.413930 0.454288
v -1.232409 4.688584 0.454288
v -1.396931 5.101284 0.664117
v -1.405192 5.110071 0.683657
v -1.419631 5.113964 0.673326
v -1.416471 5.110071 0.655856
v -1.396931 5.401298 0.664117
v -1.419631 5.388617 0.673326
v -1.416471 5.392510 0.655856
v -1.424732 5.371296 0.675395
v -1.303466 5.101284 0.443052
v -1.323006 5.110071 0.434790
v -1.312675 5.113964 0.420352
v -1.295205 5.110071 0.423512
v -1.303466 5.401298 0.443052
v -1.312675 5.388617 0.420352
v -1.314745 5.371296 0.415251
v -1.323006 5.392510 0.434790
v -1.339364 5.113964 0.707262
v -1.339365 5.388617 0.707261
v -1.232409 5.113964 0.454288
v -1.232409 5.388617 0.454288
v -1.396931 5.801318 0.664117
v -1.419631 5.813998 0.673326
v -1.424732 5.831319 0.675395
v -1.416471 5.810105 0.655856
v -1.396931 6.101332 0.664117
v -1.405192 6.092545 0.683657
v -1.419631 6.088651 0.673326
v -1.416471 6.092545 0.655856
v -1.303466 5.801318 0.443052
v -1.323006 5.810105 0.434790
v -1.312675 5.813998 0.420352
v -1.314745 5.831319 0.415251
v -1.303466 6.101332 0.443052
v -1.295205 6.092545 0.423512
v -1.312675 6.088651 0.420352
v -1.323006 6.092545 0.434790
v -1.339364 5.813998 0.707262
v -1.339365 6.088651 0.707261
v -1.232409 5.813998 0.454288
v -1.232409 6.088651 0.454288
v -1.124325 3.001184 0.019343
v -1.136008 3.031185 0.046977
v -1.147025 3.013863 0.028552
v -1.152126 3.031185 0.030622
v -1.143865 3.009971 0.011082
v -1.136008 3.271195 0.046977
v -1.124325 3.301197 0.019343
v -1.147025 3.288517 0.028552
v -1.143865 3.292410 0.011082
v -1.152126 3.271195 0.030622
v -1.030860 3.001184 -0.201722
v -1.019177 3.031185 -0.229355
v -1.050400 3.009971 -0.209983
v -1.040069 3.013863 -0.224421
v -1.042139 3.031185 -0.229523
v -1.030860 3.301197 -0.201722
v -1.019177 3.271195 -0.229355
v -1.040069 3.288517 -0.224421
v -1.042139 3.271195 -0.229523
v -1.050400 3.292410 -0.209983
v -1.066758 3.013863 0.062488
v -1.066759 3.288517 0.062488
v -0.959803 3.013863 -0.190485
v -0.959803 3.288517 -0.190485
v -1.124325 3.701217 0.019343
v -1.136008 3.731218 0.046977
v -1.147025 3.713897 0.028552
v -1.152126 3.731218 0.030622
v -1.143865 3.710005 0.011082
v -1.136008 3.971230 0.046977
v -1.124325 4.001231 0.019343
v -1.147025 3.988551 0.028552
v -1.143865 3.992444 0.011082
v -1.152126 3.971230 0.030622
v -1.030860 3.701217 -0.201722
v -1.019177 3.731218 -0.229355
v -1.050400 3.710005 -0.209983
v -1.040069 3.713897 -0.224421
v -1.042139 3.731218 -0.229523
v -1.030860 4.001231 -0.201722
v -1.019177 3.971230 -0.229355
v -1.040069 3.988551 -0.224421
v -1.042139 3.971230 -0.229523
v -1.050400 3.992444 -0.209983
v -1.066758 3.713897 0.062488
v -1.066759 3.988551 0.062488
v -0.959803 3.713897 -0.190485
v -0.959803 3.988551 -0.190485
v -1.124325 4.401250 0.019343
v -1.136008 4.431252 0.046977
v -1.147025 4.413930 0.028552
v -1.152126 4.431251 0.030622
v -1.143865 4.410038 0.011082
v -1.136008 4.671263 0.046977
v -1.124325 4.701264 0.019343
v -1.147025 4.688584 0.028552
v -1.143865 4.692477 0.011082
v -1.152126 4.671263 0.030622
v -1.030860 4.401250 -0.201722
v -1.019177 4.431252 -0.229355
v -1.050400 4.410038 -0.209983
v -1.040069 4.413930 -0.224421
v -1.042139 4.431251 -0.229523
v -1.030860 4.701264 -0.201722
v -1.019177 4.671263 -0.229355
v -1.040069 4.688584 -0.224421
v -1.042139 4.671263 -0.229523
v -1.050400 4.692477 -0.209983
v -1.066758 4.413930 0.062488
v -1.066759 4.688584 0.062488
v -0.959803 4.413930 -0.190485
v -0.959803 4.688584 -0.190485
v -1.124325 5.101284 0.019343
v -1.147025 5.113964 0.028552
v -1.152126 5.131286 0.030622
v -1.143865 5.110071 0.011082
v -1.124325 5.401298 0.019343
v -1.132586 5.392510 0.038883
v -1.147025 5.388617 0.028552
v -1.143865 5.392510 0.011082
v -1.030860 5.101284 -0.201722
v -1.050400 5.110071 -0.209983
v -1.040069 5.113964 -0.224421
v -1.030860 5.401298 -0.201722
v -1.040069 5.388617 -0.224421
v -1.050400 5.392510 -0.209983
v -1.066758 5.113964 0.062488
v -1.066759 5.388617 0.062488
v -0.974241 5.110071 -0.200816
v -0.959803 5.113964 -0.190485
v -0.959803 5.388617 -0.190485
v -0.954701 5.371296 -0.192555
v -1.124325 5.801318 0.019343
v -1.147025 5.813998 0.028552
v -1.152126 5.831319 0.030622
v -1.143865 5.810105 0.011082
v -1.124325 6.101332 0.019343
v -1.132586 6.092545 0.038883
v -1.147025 6.088651 0.028552
v -1.143865 6.092545 0.011082
v -1.030860 5.801318 -0.201722
v -1.050400 5.810105 -0.209983
v -1.040069 5.813998 -0.224421
v -1.042139 5.831319 -0.229523
v -1.030860 6.101332 -0.201722
v -1.022599 6.092545 -0.221262
v -1.040069 6.088651 -0.224421
v -1.050400 6.092545 -0.209983
v -1.066758 5.813998 0.062488
v -1.066759 6.088651 0.062488
v -0.959803 5.813998 -0.190485
v -0.959803 6.088651 -0.190485
v -0.498353 3.013863 -0.244144
v -0.498353 3.288517 -0.244144
v -0.455208 3.001184 -0.301710
v -0.482842 3.031185 -0.313393
v -0.464417 3.013863 -0.324409
v -0.466486 3.031185 -0.329511
v -0.446947 3.009971 -0.321250
v -0.482842 3.271195 -0.313393
v -0.446947 3.292410 -0.321250
v -0.464417 3.288517 -0.324409
v -0.466486 3.271195 -0.329511
v -0.245380 3.013863 -0.137188
v -0.245380 3.288517 -0.137188
v -0.234143 3.001184 -0.208245
v -0.206510 3.031185 -0.196562
v -0.225882 3.009971 -0.227785
v -0.211444 3.013863 -0.217454
v -0.206342 3.031185 -0.219524
v -0.206510 3.271195 -0.196562
v -0.214604 3.292410 -0.199984
v -0.211444 3.288517 -0.217454
v -0.206342 3.271195 -0.219524
v -0.498353 3.713897 -0.244144
v -0.498353 3.988551 -0.244144
v -0.455208 3.701217 -0.301710
v -0.482842 3.731218 -0.313393
v -0.464417 3.713897 -0.324409
v -0.466486 3.731218 -0.329511
v -0.446947 3.710005 -0.321250
v -0.482842 3.971230 -0.313393
v -0.446947 3.992444 -0.321250
v -0.464417 3.988551 -0.324409
v -0.466486 3.971230 -0.329511
v -0.245380 3.713897 -0.137188
v -0.245380 3.988551 -0.137188
v -0.234143 3.701217 -0.208245
v -0.206510 3.731218 -0.196562
v -0.225882 3.710005 -0.227785
v -0.211444 3.713897 -0.217454
v -0.206342 3.731218 -0.219524
v -0.206510 3.971230 -0.196562
v -0.214604 3.992444 -0.199984
v -0.211444 3.988551 -0.217454
v -0.206342 3.971230 -0.219524
v -0.498353 4.413930 -0.244144
v -0.498353 4.688584 -0.244144
v -0.455208 4.401250 -0.301710
v -0.482842 4.431252 -0.313393
v -0.464417 4.413930 -0.324409
v -0.466486 4.431251 -0.329511
v -0.446947 4.410038 -0.321250
v -0.482842 4.671263 -0.313393
v -0.446947 4.692477 -0.321250
v -0.464417 4.688584 -0.324409
v -0.466486 4.671263 -0.329511
v -0.245380 4.413930 -0.137188
v -0.245380 4.688584 -0.137188
v -0.234143 4.401250 -0.208245
v -0.206510 4.431252 -0.196562
v -0.225882 4.410038 -0.227785
v -0.211444 4.413930 -0.217454
v -0.206342 4.431251 -0.219524
v -0.206510 4.671263 -0.196562
v -0.214604 4.692477 -0.199984
v -0.211444 4.688584 -0.217454
v -0.206342 4.671263 -0.219524
v -0.498353 5.113964 -0.244144
v -0.498353 5.388617 -0.244144
v -0.455208 5.101284 -0.301710
v -0.474748 5.110071 -0.309971
v -0.464417 5.113964 -0.324409
v -0.446947 5.110071 -0.321250
v -0.455208 5.401298 -0.301710
v -0.446947 5.392510 -0.321250
v -0.464417 5.388617 -0.324409
v -0.466486 5.371296 -0.329511
v -0.245380 5.113964 -0.137188
v -0.245380 5.388617 -0.137188
v -0.234143 5.101284 -0.208245
v -0.225882 5.110071 -0.227785
v -0.211444 5.113964 -0.217454
v -0.214603 5.110071 -0.199984
v -0.234143 5.401298 -0.208245
v -0.211444 5.388617 -0.217454
v -0.206342 5.371296 -0.219524
v -0.225882 5.392510 -0.227785
v -0.498353 5.813998 -0.244144
v -0.498353 6.088651 -0.244144
v -0.455208 5.801318 -0.301710
v -0.464417 5.813998 -0.324409
v -0.466486 5.831319 -0.329511
v -0.446947 5.810105 -0.321250
v -0.455208 6.101332 -0.301710
v -0.446947 6.092545 -0.321250
v -0.464417 6.088651 -0.324409
v -0.474748 6.092545 -0.309971
v -0.245380 5.813998 -0.137188
v -0.245380 6.088651 -0.137188
v -0.234143 5.801318 -0.208245
v -0.225882 5.810105 -0.227785
v -0.211444 5.813998 -0.217454
v -0.206342 5.831319 -0.219524
v -0.234143 6.101332 -0.208245
v -0.214604 6.092545 -0.199984
v -0.211444 6.088651 -0.217454
v -0.225882 6.092545 -0.227785
v 0.146421 3.013863 0.028462
v 0.146421 3.288517 0.028462
v 0.189565 3.001184 -0.029104
v 0.161932 3.031185 -0.040787
v 0.180357 3.013863 -0.051804
v 0.178287 3.031185 -0.056905
v 0.197827 3.009971 -0.048644
v 0.189565 3.301197 -0.029104
v 0.161932 3.271195 -0.040787
v 0.197827 3.292410 -0.048644
v 0.180357 3.288517 -0.051804
v 0.178287 3.271195 -0.056905
v 0.399394 3.013863 0.135418
v 0.399394 3.288517 0.135418
v 0.410631 3.001184 0.064360
v 0.438264 3.031185 0.076044
v 0.418892 3.009971 0.044821
v 0.433330 3.013863 0.055152
v 0.438431 3.031185 0.053082
v 0.410631 3.301197 0.064360
v 0.438264 3.271195 0.076044
v 0.433330 3.288517 0.055152
v 0.438431 3.271195 0.053082
v 0.418892 3.292410 0.044821
v 0.146421 3.713897 0.028462
v 0.146421 3.988551 0.028462
v 0.189565 3.701217 -0.029104
v 0.161932 3.731218 -0.040787
v 0.180357 3.713897 -0.051804
v 0.178287 3.731218 -0.056905
v 0.197827 3.710005 -0.048644
v 0.189565 4.001231 -0.029104
v 0.161932 3.971230 -0.040787
v 0.197827 3.992444 -0.048644
v 0.180357 3.988551 -0.051804
v 0.178287 3.971230 -0.056905
v 0.399394 3.713897 0.135418
v 0.399394 3.988551 0.135418
v 0.410631 3.701217 0.064360
v 0.438264 3.731218 0.076044
v 0.418892 3.710005 0.044821
v 0.433330 3.713897 0.055152
v 0.438431 3.731218 0.053082
v 0.410631 4.001231 0.064360
v 0.438264 3.971230 0.076044
v 0.433330 3.988551 0.055152
v 0.438431 3.971230 0.053082
v 0.418892 3.992444 0.044821
v 0.146421 4.413930 0.028462
v 0.146421 4.688584 0.028462
v 0.189565 4.401250 -0.029104
v 0.161932 4.431252 -0.040787
v 0.180357 4.413930 -0.051804
v 0.178287 4.431251 -0.056905
v 0.197827 4.410038 -0.048644
v 0.189565 4.701264 -0.029104
v 0.161932 4.671263 -0.040787
v 0.197827 4.692477 -0.048644
v 0.180357 4.688584 -0.051804
v 0.178287 4.671263 -0.056905
v 0.399394 4.413930 0.135418
v 0.399394 4.688584 0.135418
v 0.410631 4.401250 0.064360
v 0.438264 4.431252 0.076044
v 0.418892 4.410038 0.044821
v 0.433330 4.413930 0.055152
v 0.438431 4.431251 0.053082
v 0.410631 4.701264 0.064360
v 0.438264 4.671263 0.076044
v 0.433330 4.688584 0.055152
v 0.438431 4.671263 0.053082
v 0.418892 4.692477 0.044821
v 0.146421 5.113964 0.028462
v 0.146421 5.388617 0.028462
v 0.189565 5.101284 -0.029104
v 0.170026 5.110071 -0.037366
v 0.180357 5.113964 -0.051804
v 0.197827 5.110071 -0.048644
v 0.189565 5.401298 -0.029104
v 0.197827 5.392510 -0.048644
v 0.180357 5.388617 -0.051804
v 0.178287 5.371296 -0.056905
v 0.399394 5.113964 0.135418
v 0.399394 5.388617 0.135418
v 0.410631 5.101284 0.064360
v 0.418892 5.110071 0.044821
v 0.433330 5.113964 0.055152
v 0.430170 5.110071 0.072622
v 0.410631 5.401298 0.064360
v 0.433330 5.388617 0.055152
v 0.438431 5.371296 0.053082
v 0.418892 5.392510 0.044821
v 0.146421 5.813998 0.028462
v 0.146421 6.088651 0.028462
v 0.189565 5.801318 -0.029104
v 0.180357 5.813998 -0.051804
v 0.178287 5.831319 -0.056905
v 0.197827 5.810105 -0.048644
v 0.189565 6.101332 -0.029104
v 0.197827 6.092545 -0.048644
v 0.180357 6.088651 -0.051804
v 0.170026 6.092545 -0.037366
v 0.399394 5.813998 0.135418
v 0.399394 6.088651 0.135418
v 0.410631 5.801318 0.064360
v 0.418892 5.810105 0.044821
v 0.433330 5.813998 0.055152
v 0.438431 5.831319 0.053082
v 0.410631 6.101332 0.064360
v 0.430170 6.092545 0.072622
v 0.433330 6.088651 0.055152
v 0.418892 6.092545 0.044821
v 0.791194 3.013863 0.301068
v 0.791194 3.288517 0.301068
v 0.834339 3.001184 0.243502
v 0.806706 3.031185 0.231818
v 0.825130 3.013863 0.220802
v 0.823061 3.031185 0.215701
v 0.842600 3.009971 0.223962
v 0.834339 3.301197 0.243502
v 0.806706 3.271195 0.231818
v 0.842600 3.292410 0.223962
v 0.825130 3.288517 0.220802
v 0.823061 3.271195 0.215701
v 1.044168 3.013863 0.408023
v 1.044168 3.288517 0.408023
v 1.055404 3.001184 0.336966
v 1.083037 3.031185 0.348650
v 1.063665 3.009971 0.317427
v 1.078103 3.013863 0.327758
v 1.083205 3.031185 0.325688
v 1.055404 3.301197 0.336966
v 1.083037 3.271195 0.348650
v 1.078103 3.288517 0.327758
v 1.083205 3.271195 0.325688
v 1.063665 3.292410 0.317427
v 0.791194 3.713897 0.301068
v 0.791194 3.988551 0.301068
v 0.834339 3.701217 0.243502
v 0.806706 3.731218 0.231818
v 0.825130 3.713897 0.220802
v 0.823061 3.731218 0.215701
v 0.842600 3.710005 0.223962
v 0.834339 4.001231 0.243502
v 0.806706 3.971230 0.231818
v 0.842600 3.992444 0.223962
v 0.825130 3.988551 0.220802
v 0.823061 3.971230 0.215701
v 1.044168 3.713897 0.408023
v 1.044168 3.988551 0.408023
v 1.055404 3.701217 0.336966
v 1.083037 3.731218 0.348650
v 1.063665 3.710005 0.317427
v 1.078103 3.713897 0.327758
v 1.083205 3.731218 0.325688
v 1.055404 4.001231 0.336966
v 1.083037 3.971230 0.348650
v 1.078103 3.988551 0.327758
v 1.083205 3.971230 0.325688
v 1.063665 3.992444 0.317427
v 0.791194 4.413930 0.301068
v 0.791194 4.688584 0.301068
v 0.834339 4.401250 0.243502
v 0.806706 4.431252 0.231818
v 0.825130 4.413930 0.220802
v 0.823061 4.431251 0.215701
v 0.842600 4.410038 0.223962
v 0.834339 4.701264 0.243502
v 0.806706 4.671263 0.231818
v 0.842600 4.692477 0.223962
v 0.825130 4.688584 0.220802
v 0.823061 4.671263 0.215701
v 1.044168 4.413930 0.408023
v 1.044168 4.688584 0.408023
v 1.055404 4.401250 0.336966
v 1.083037 4.431252 0.348650
v 1.063665 4.410038 0.317427
v 1.078103 4.413930 0.327758
v 1.083205 4.431251 0.325688
v 1.055404 4.701264 0.336966
v 1.083037 4.671263 0.348650
v 1.078103 4.688584 0.327758
v 1.083205 4.671263 0.325688
v 1.063665 4.692477 0.317427
v 0.791194 5.113964 0.301068
v 0.791194 5.388617 0.301068
v 0.834339 5.101284 0.243502
v 0.814799 5.110071 0.235240
v 0.825130 5.113964 0.220802
v 0.842600 5.110071 0.223962
v 0.834339 5.401298 0.243502
v 0.842600 5.392510 0.223962
v 0.825130 5.388617 0.220802
v 0.823061 5.371296 0.215701
v 1.044168 5.113964 0.408023
v 1.044168 5.388617 0.408023
v 1.055404 5.101284 0.336966
v 1.063665 5.110071 0.317427
v 1.078103 5.113964 0.327758
v 1.074944 5.110071 0.345228
v 1.055404 5.401298 0.336966
v 1.078103 5.388617 0.327758
v 1.083205 5.371296 0.325688
v 1.063665 5.392510 0.317427
v 0.791194 5.813998 0.301068
v 0.791194 6.088651 0.301068
v 0.834339 5.801318 0.243502
v 0.825130 5.813998 0.220802
v 0.823061 5.831319 0.215701
v 0.842600 5.810105 0.223962
v 0.834339 6.101332 0.243502
v 0.842600 6.092545 0.223962
v 0.825130 6.088651 0.220802
v 0.814799 6.092545 0.235240
v 1.044168 5.813998 0.408023
v 1.044168 6.088651 0.408023
v 1.055404 5.801318 0.336966
v 1.063665 5.810105 0.317427
v 1.078103 5.813998 0.327758
v 1.083205 5.831319 0.325688
v 1.055404 6.101332 0.336966
v 1.074944 6.092545 0.345228
v 1.078103 6.088651 0.327758
v 1.063665 6.092545 0.317427
v 1.435968 3.013863 0.573674
v 1.435968 3.288517 0.573674
v 1.479113 3.001184 0.516107
v 1.451479 3.031185 0.504424
v 1.469904 3.013863 0.493408
v 1.467834 3.031185 0.488307
v 1.487374 3.009971 0.496568
v 1.479113 3.301197 0.516107
v 1.451479 3.271195 0.504424
v 1.487374 3.292410 0.496568
v 1.469904 3.288517 0.493408
v 1.467834 3.271195 0.488307
v 1.688941 3.013863 0.680629
v 1.688941 3.288517 0.680629
v 1.700178 3.001184 0.609572
v 1.727811 3.031185 0.621255
v 1.708439 3.009971 0.590033
v 1.722877 3.013863 0.600363
v 1.727979 3.031185 0.598294
v 1.700178 3.301197 0.609572
v 1.727811 3.271195 0.621255
v 1.722877 3.288517 0.600363
v 1.727979 3.271195 0.598294
v 1.708439 3.292410 0.590033
v 1.435968 3.713897 0.573674
v 1.435968 3.988551 0.573674
v 1.479113 3.701217 0.516107
v 1.451479 3.731218 0.504424
v 1.469904 3.713897 0.493408
v 1.467834 3.731218 0.488307
v 1.487374 3.710005 0.496568
v 1.479113 4.001231 0.516107
v 1.451479 3.971230 0.504424
v 1.487374 3.992444 0.496568
v 1.469904 3.988551 0.493408
v 1.467834 3.971230 0.488307
v 1.688941 3.713897 0.680629
v 1.688941 3.988551 0.680629
v 1.700178 3.701217 0.609572
v 1.727811 3.731218 0.621255
v 1.708439 3.710005 0.590033
v 1.722877 3.713897 0.600363
v 1.727979 3.731218 0.598294
v 1.700178 4.001231 0.609572
v 1.727811 3.971230 0.621255
v 1.722877 3.988551 0.600363
v 1.727979 3.971230 0.598294
v 1.708439 3.992444 0.590033
v 1.435968 4.413930 0.573674
v 1.435968 4.688584 0.573674
v 1.479113 4.401250 0.516107
v 1.451479 4.431252 0.504424
v 1.469904 4.413930 0.493408
v 1.467834 4.431251 0.488307
v 1.487374 4.410038 0.496568
v 1.479113 4.701264 0.516107
v 1.451479 4.671263 0.504424
v 1.487374 4.692477 0.496568
v 1.469904 4.688584 0.493408
v 1.467834 4.671263 0.488307
v 1.688941 4.413930 0.680629
v 1.688941 4.688584 0.680629
v 1.700178 4.401250 0.609572
v 1.727811 4.431252 0.621255
v 1.708439 4.410038 0.590033
v 1.722877 4.413930 0.600363
v 1.727979 4.431251 0.598294
v 1.700178 4.701264 0.609572
v 1.727811 4.671263 0.621255
v 1.722877 4.688584 0.600363
v 1.727979 4.671263 0.598294
v 1.708439 4.692477 0.590033
v 1.435968 5.113964 0.573674
v 1.435968 5.388617 0.573674
v 1.479113 5.101284 0.516107
v 1.459573 5.110071 0.507846
v 1.469904 5.113964 0.493408
v 1.487374 5.110071 0.496568
v 1.479113 5.401298 0.516107
v 1.487374 5.392510 0.496568
v 1.469904 5.388617 0.493408
v 1.467834 5.371296 0.488307
v 1.688941 5.113964 0.680629
v 1.688941 5.388617 0.680629
v 1.700178 5.101284 0.609572
v 1.708439 5.110071 0.590033
v 1.722877 5.113964 0.600363
v 1.719717 5.110071 0.617833
v 1.700178 5.401298 0.609572
v 1.722877 5.388617 0.600363
v 1.727979 5.371296 0.598294
v 1.708439 5.392510 0.590033
v 1.435968 5.813998 0.573674
v 1.435968 6.088651 0.573674
v 1.479113 5.801318 0.516107
v 1.469904 5.813998 0.493408
v 1.467834 5.831319 0.488307
v 1.487374 5.810105 0.496568
v 1.479113 6.101332 0.516107
v 1.487374 6.092545 0.496568
v 1.469904 6.088651 0.493408
v 1.459573 6.092545 0.507846
v 1.688941 5.813998 0.680629
v 1.688941 6.088651 0.680629
v 1.700178 5.801318 0.609572
v 1.708439 5.810105 0.590033
v 1.722877 5.813998 0.600363
v 1.727979 5.831319 0.598294
v 1.700178 6.101332 0.609572
v 1.719717 6.092545 0.617833
v 1.722877 6.088651 0.600363
v 1.708439 6.092545 0.590033
v 2.080742 3.013863 0.846280
v 2.080742 3.288517 0.846280
v 2.096253 3.031185 0.777030
v 2.104347 3.009971 0.780452
v 2.114678 3.013863 0.766014
v 2.112608 3.031185 0.760912
v 2.123886 3.301197 0.788713
v 2.096253 3.271195 0.777030
v 2.132147 3.292410 0.769174
v 2.114677 3.288517 0.766014
v 2.112608 3.271195 0.760912
v 2.333715 3.013863 0.953235
v 2.333715 3.288517 0.953235
v 2.372585 3.031185 0.893861
v 2.353213 3.009971 0.862638
v 2.367651 3.013863 0.872969
v 2.372752 3.031185 0.870900
v 2.344951 3.301197 0.882178
v 2.372585 3.271195 0.893861
v 2.367651 3.288517 0.872969
v 2.372752 3.271195 0.870900
v 2.353213 3.292410 0.862638
v 2.080742 3.713897 0.846280
v 2.080742 3.988551 0.846280
v 2.123886 3.701217 0.788713
v 2.096253 3.731218 0.777030
v 2.114678 3.713897 0.766014
v 2.112608 3.731218 0.760912
v 2.132148 3.710005 0.769174
v 2.123886 4.001231 0.788713
v 2.096253 3.971230 0.777030
v 2.132147 3.992444 0.769174
v 2.114677 3.988551 0.766014
v 2.112608 3.971230 0.760912
v 2.333715 3.713897 0.953235
v 2.333715 3.988551 0.953235
v 2.344951 3.701217 0.882178
v 2.372585 3.731218 0.893861
v 2.353213 3.710005 0.862638
v 2.367651 3.713897 0.872969
v 2.372752 3.731218 0.870900
v 2.344951 4.001231 0.882178
v 2.372585 3.971230 0.893861
v 2.367651 3.988551 0.872969
v 2.372752 3.971230 0.870900
v 2.353213 3.992444 0.862638
v 2.080742 4.413930 0.846280
v 2.080742 4.688584 0.846280
v 2.096253 4.431252 0.777030
v 2.104347 4.410038 0.780452
v 2.114678 4.413930 0.766014
v 2.112608 4.431251 0.760912
v 2.123886 4.701264 0.788713
v 2.096253 4.671263 0.777030
v 2.132147 4.692477 0.769174
v 2.114677 4.688584 0.766014
v 2.112608 4.671263 0.760912
v 2.333715 4.413930 0.953235
v 2.333715 4.688584 0.953235
v 2.372585 4.431252 0.893861
v 2.353213 4.410038 0.862638
v 2.367651 4.413930 0.872969
v 2.372752 4.431251 0.870900
v 2.344951 4.701264 0.882178
v 2.372585 4.671263 0.893861
v 2.367651 4.688584 0.872969
v 2.372752 4.671263 0.870900
v 2.353213 4.692477 0.862638
v 2.080742 5.113964 0.846280
v 2.080742 5.388617 0.846280
v 2.104347 5.110071 0.780452
v 2.114678 5.113964 0.766014
v 2.123886 5.401298 0.788713
v 2.132147 5.392510 0.769174
v 2.114677 5.388617 0.766014
v 2.112608 5.371296 0.760912
v 2.333715 5.113964 0.953235
v 2.333715 5.388617 0.953235
v 2.353213 5.110071 0.862638
v 2.367651 5.113964 0.872969
v 2.364491 5.110071 0.890439
v 2.344951 5.401298 0.882178
v 2.367651 5.388617 0.872969
v 2.372752 5.371296 0.870900
v 2.353213 5.392510 0.862638
v 2.080742 5.813998 0.846280
v 2.080742 6.088651 0.846280
v 2.123886 5.801318 0.788713
v 2.114678 5.813998 0.766014
v 2.112608 5.831319 0.760912
v 2.132148 5.810105 0.769174
v 2.123886 6.101332 0.788713
v 2.132147 6.092545 0.769174
v 2.114677 6.088651 0.766014
v 2.104347 6.092545 0.780452
v 2.333715 5.813998 0.953235
v 2.333715 6.088651 0.953235
v 2.344951 5.801318 0.882178
v 2.353213 5.810105 0.862638
v 2.367651 5.813998 0.872969
v 2.372752 5.831319 0.870900
v 2.344951 6.101332 0.882178
v 2.364491 6.092545 0.890439
v 2.367651 6.088651 0.872969
v 2.353213 6.092545 0.862638
v -1.773939 6.670109 2.817382
v -1.770517 6.648894 2.809289
v -1.784955 6.652787 2.798957
v -1.784955 6.739932 2.798957
v -1.781796 6.743825 2.781487
v -1.657108 6.670109 2.541050
v -1.678000 6.652787 2.545984
v -1.660530 6.648894 2.549144
v -1.678000 6.739932 2.545984
v -1.680069 6.722611 2.540883
v -1.513558 6.670109 2.894897
v -1.552874 6.670109 2.910846
v -1.521651 6.648894 2.891474
v -1.531982 6.652787 2.905913
v -1.549452 6.648894 2.902753
v -1.531982 6.739932 2.905913
v -1.436043 6.670109 2.634515
v -1.420093 6.670109 2.673831
v -1.439465 6.648894 2.642609
v -1.425027 6.652787 2.652940
v -1.428186 6.648894 2.670409
v -1.425027 6.739932 2.652939
v -1.501333 6.670109 2.172608
v -1.517283 6.670109 2.133292
v -1.497911 6.648894 2.164515
v -1.512349 6.652787 2.154184
v -1.509190 6.648894 2.136714
v -1.512349 6.739932 2.154184
v -1.423819 6.670109 1.912226
v -1.384502 6.670109 1.896277
v -1.415725 6.648894 1.915648
v -1.405394 6.652787 1.901210
v -1.387924 6.648894 1.904370
v -1.405394 6.739932 1.901210
v -1.240952 6.670109 2.250123
v -1.280268 6.670109 2.266073
v -1.249045 6.648894 2.246701
v -1.259376 6.652787 2.261139
v -1.276846 6.648894 2.257979
v -1.259376 6.739932 2.261139
v -1.163437 6.670109 1.989741
v -1.147487 6.670109 2.029058
v -1.166859 6.648894 1.997835
v -1.152421 6.652787 2.008166
v -1.155581 6.648894 2.025636
v -1.152421 6.739932 2.008166
v -1.228727 6.670109 1.527835
v -1.244678 6.670109 1.488518
v -1.225305 6.648894 1.519741
v -1.239743 6.652787 1.509410
v -1.236584 6.648894 1.491940
v -1.239743 6.739932 1.509410
v -1.151213 6.670109 1.267453
v -1.111896 6.670109 1.251503
v -1.143119 6.648894 1.270875
v -1.132788 6.652787 1.256437
v -1.115318 6.648894 1.259597
v -1.132788 6.739932 1.256437
v -0.968346 6.670109 1.605349
v -1.007662 6.670109 1.621300
v -0.976440 6.648894 1.601927
v -0.986771 6.652787 1.616365
v -1.004241 6.648894 1.613206
v -0.986770 6.739932 1.616365
v -0.890831 6.670109 1.344968
v -0.874881 6.670109 1.384284
v -0.894253 6.648894 1.353061
v -0.879815 6.652787 1.363392
v -0.882975 6.648894 1.380862
v -0.879815 6.739932 1.363392
v -0.956121 6.670109 0.883061
v -0.972072 6.670109 0.843745
v -0.952699 6.648894 0.874967
v -0.967138 6.652787 0.864637
v -0.963978 6.648894 0.847167
v -0.967138 6.739932 0.864637
v -0.878607 6.670109 0.622679
v -0.839290 6.670109 0.606729
v -0.870513 6.648894 0.626101
v -0.860182 6.652787 0.611663
v -0.842712 6.648894 0.614823
v -0.860182 6.739932 0.611663
v -0.695740 6.670109 0.960576
v -0.735056 6.670109 0.976526
v -0.703834 6.648894 0.957154
v -0.714165 6.652787 0.971592
v -0.731635 6.648894 0.968432
v -0.714164 6.739932 0.971592
v -0.618225 6.670109 0.700194
v -0.602275 6.670109 0.739511
v -0.621647 6.648894 0.708288
v -0.607209 6.652787 0.718619
v -0.610369 6.648894 0.736089
v -0.607209 6.739932 0.718619
v -0.683516 6.670109 0.238287
v -0.699466 6.670109 0.198971
v -0.680094 6.648894 0.230194
v -0.694532 6.652787 0.219863
v -0.691372 6.648894 0.202393
v -0.694532 6.739932 0.219863
v -0.606001 6.670109 -0.022094
v -0.566684 6.670109 -0.038044
v -0.597907 6.648894 -0.018672
v -0.587576 6.652787 -0.033110
v -0.570106 6.648894 -0.029951
v -0.587576 6.739932 -0.033110
v -0.423134 6.670109 0.315802
v -0.462450 6.670109 0.331752
v -0.431228 6.648894 0.312380
v -0.441559 6.652787 0.326818
v -0.459029 6.648894 0.323659
v -0.441558 6.739932 0.326818
v -0.345619 6.670109 0.055421
v -0.329669 6.670109 0.094737
v -0.349041 6.648894 0.063514
v -0.334603 6.652787 0.073845
v -0.337763 6.648894 0.091315
v -0.334603 6.739932 0.073845
v -1.129166 6.670109 3.089988
v -1.125744 6.648894 3.081894
v -1.140182 6.652787 3.071563
v -1.145283 6.670109 3.073633
v -1.140182 6.739932 3.071563
v -1.012334 6.670109 2.813656
v -1.043557 6.648894 2.833028
v -1.033226 6.652787 2.818590
v -1.015756 6.648894 2.821749
v -1.033226 6.739932 2.818590
v -0.868784 6.670109 3.167502
v -0.908100 6.670109 3.183452
v -0.876878 6.648894 3.164080
v -0.887208 6.652787 3.178519
v -0.904679 6.648894 3.175359
v -0.887208 6.739932 3.178519
v -0.791269 6.670109 2.907121
v -0.775319 6.670109 2.946437
v -0.794691 6.648894 2.915215
v -0.780253 6.652787 2.925546
v -0.783413 6.648894 2.943015
v -0.780253 6.739932 2.925545
v -0.856560 6.670109 2.445214
v -0.872510 6.670109 2.405898
v -0.853138 6.648894 2.437120
v -0.867576 6.652787 2.426790
v -0.864416 6.648894 2.409320
v -0.867576 6.739932 2.426790
v -0.779045 6.670109 2.184833
v -0.739729 6.670109 2.168882
v -0.770951 6.648894 2.188254
v -0.760620 6.652787 2.173816
v -0.743150 6.648894 2.176976
v -0.760620 6.739932 2.173816
v -0.596178 6.670109 2.522729
v -0.635494 6.670109 2.538679
v -0.604272 6.648894 2.519307
v -0.614603 6.652787 2.533745
v -0.632073 6.648894 2.530585
v -0.614603 6.739932 2.533745
v -0.518663 6.670109 2.262347
v -0.502713 6.670109 2.301663
v -0.522085 6.648894 2.270441
v -0.507647 6.652787 2.280772
v -0.510807 6.648894 2.298242
v -0.507647 6.739932 2.280772
v -0.583954 6.670109 1.800440
v -0.599904 6.670109 1.761124
v -0.580532 6.648894 1.792347
v -0.594970 6.652787 1.782016
v -0.591810 6.648894 1.764546
v -0.594970 6.739932 1.782016
v -0.506439 6.670109 1.540059
v -0.467123 6.670109 1.524109
v -0.498345 6.648894 1.543481
v -0.488015 6.652787 1.529043
v -0.470545 6.648894 1.532202
v -0.488015 6.739932 1.529043
v -0.323572 6.670109 1.877955
v -0.362889 6.670109 1.893905
v -0.331666 6.648894 1.874533
v -0.341997 6.652787 1.888971
v -0.359467 6.648894 1.885812
v -0.341997 6.739932 1.888971
v -0.246057 6.670109 1.617574
v -0.230107 6.670109 1.656890
v -0.249479 6.648894 1.625667
v -0.235041 6.652787 1.635998
v -0.238201 6.648894 1.653468
v -0.235041 6.739932 1.635998
v -0.311348 6.670109 1.155667
v -0.327298 6.670109 1.116351
v -0.307926 6.648894 1.147573
v -0.322364 6.652787 1.137242
v -0.319204 6.648894 1.119772
v -0.322364 6.739932 1.137242
v -0.233833 6.670109 0.895285
v -0.194517 6.670109 0.879335
v -0.225739 6.648894 0.898707
v -0.215409 6.652787 0.884269
v -0.197939 6.648894 0.887429
v -0.215409 6.739932 0.884269
v -0.050966 6.670109 1.233182
v -0.090283 6.670109 1.249132
v -0.059060 6.648894 1.229760
v -0.069391 6.652787 1.244198
v -0.086861 6.648894 1.241038
v -0.069391 6.739932 1.244198
v 0.026548 6.670109 0.972800
v 0.042498 6.670109 1.012116
v 0.023127 6.648894 0.980894
v 0.037565 6.652787 0.991225
v 0.034405 6.648894 1.008695
v 0.037565 6.739932 0.991225
v -0.038742 6.670109 0.510893
v -0.054692 6.670109 0.471577
v -0.035320 6.648894 0.502800
v -0.049758 6.652787 0.492469
v -0.046598 6.648894 0.474999
v -0.049758 6.739932 0.492469
v 0.038773 6.670109 0.250512
v 0.078089 6.670109 0.234562
v 0.046866 6.648894 0.253934
v 0.057197 6.652787 0.239496
v 0.074667 6.648894 0.242655
v 0.057197 6.739932 0.239496
v 0.221640 6.670109 0.588408
v 0.182323 6.670109 0.604358
v 0.213546 6.648894 0.584986
v 0.203215 6.652787 0.599424
v 0.185745 6.648894 0.596265
v 0.203215 6.739932 0.599424
v 0.299154 6.670109 0.328027
v 0.315104 6.670109 0.367343
v 0.295732 6.648894 0.336120
v 0.310171 6.652787 0.346451
v 0.307011 6.648894 0.363921
v 0.310171 6.739932 0.346451
v -0.484392 6.670109 3.362593
v -0.480970 6.648894 3.354500
v -0.495408 6.652787 3.344169
v -0.495408 6.739932 3.344169
v -0.500510 6.722611 3.346239
v -0.367561 6.670109 3.086262
v -0.388453 6.652787 3.091196
v -0.370983 6.648894 3.094355
v -0.388453 6.739932 3.091196
v -0.398784 6.743825 3.105634
v -0.224010 6.670109 3.440108
v -0.263327 6.670109 3.456058
v -0.232104 6.648894 3.436686
v -0.242435 6.652787 3.451125
v -0.259905 6.648894 3.447965
v -0.242435 6.739932 3.451125
v -0.146496 6.670109 3.179727
v -0.130546 6.670109 3.219043
v -0.149918 6.648894 3.187820
v -0.135480 6.652787 3.198152
v -0.138639 6.648894 3.215621
v -0.135480 6.739932 3.198151
v -0.211786 6.670109 2.717820
v -0.227736 6.670109 2.678504
v -0.208364 6.648894 2.709726
v -0.222802 6.652787 2.699396
v -0.219643 6.648894 2.681926
v -0.222802 6.739932 2.699396
v -0.134271 6.670109 2.457438
v -0.094955 6.670109 2.441488
v -0.126178 6.648894 2.460860
v -0.115847 6.652787 2.446422
v -0.098377 6.648894 2.449582
v -0.115847 6.739932 2.446422
v 0.048595 6.670109 2.795335
v 0.009279 6.670109 2.811285
v 0.040502 6.648894 2.791913
v 0.030171 6.652787 2.806351
v 0.012701 6.648894 2.803191
v 0.030171 6.739932 2.806351
v 0.126110 6.670109 2.534953
v 0.142060 6.670109 2.574269
v 0.122688 6.648894 2.543047
v 0.137126 6.652787 2.553378
v 0.133967 6.648894 2.570848
v 0.137126 6.739932 2.553378
v 0.060820 6.670109 2.073046
v 0.044870 6.670109 2.033730
v 0.064242 6.648894 2.064953
v 0.049804 6.652787 2.054622
v 0.052963 6.648894 2.037152
v 0.049804 6.739932 2.054622
v 0.138335 6.670109 1.812665
v 0.177651 6.670109 1.796715
v 0.146428 6.648894 1.816087
v 0.156759 6.652787 1.801649
v 0.174229 6.648894 1.804808
v 0.156759 6.739932 1.801649
v 0.321201 6.670109 2.150561
v 0.281885 6.670109 2.166511
v 0.313108 6.648894 2.147139
v 0.302777 6.652787 2.161577
v 0.285307 6.648894 2.158418
v 0.302777 6.739932 2.161577
v 0.398716 6.670109 1.890180
v 0.414666 6.670109 1.929496
v 0.395294 6.648894 1.898273
v 0.409732 6.652787 1.908604
v 0.406573 6.648894 1.926074
v 0.409732 6.739932 1.908604
v 0.333426 6.670109 1.428273
v 0.317476 6.670109 1.388957
v 0.336848 6.648894 1.420179
v 0.322410 6.652787 1.409848
v 0.325569 6.648894 1.392378
v 0.322410 6.739932 1.409848
v 0.410941 6.670109 1.167891
v 0.450257 6.670109 1.151941
v 0.419034 6.648894 1.171313
v 0.429365 6.652787 1.156875
v 0.446835 6.648894 1.160035
v 0.429365 6.739932 1.156875
v 0.593807 6.670109 1.505788
v 0.554491 6.670109 1.521738
v 0.585714 6.648894 1.502366
v 0.575383 6.652787 1.516804
v 0.557913 6.648894 1.513644
v 0.575383 6.739932 1.516804
v 0.671322 6.670109 1.245406
v 0.687272 6.670109 1.284722
v 0.667900 6.648894 1.253500
v 0.682338 6.652787 1.263830
v 0.679179 6.648894 1.281300
v 0.682338 6.739932 1.263830
v 0.606032 6.670109 0.783499
v 0.590082 6.670109 0.744183
v 0.609454 6.648894 0.775405
v 0.595016 6.652787 0.765075
v 0.598175 6.648894 0.747605
v 0.595016 6.739932 0.765075
v 0.683546 6.670109 0.523118
v 0.722863 6.670109 0.507168
v 0.691640 6.648894 0.526540
v 0.701971 6.652787 0.512102
v 0.719441 6.648894 0.515261
v 0.701971 6.739932 0.512102
v 0.866413 6.670109 0.861014
v 0.827097 6.670109 0.876964
v 0.858320 6.648894 0.857592
v 0.847989 6.652787 0.872030
v 0.830519 6.648894 0.868870
v 0.847989 6.739932 0.872030
v 0.943928 6.670109 0.600632
v 0.959878 6.670109 0.639949
v 0.940506 6.648894 0.608726
v 0.954944 6.652787 0.619057
v 0.951784 6.648894 0.636527
v 0.954944 6.739932 0.619057
v 0.160382 6.670109 3.635199
v 0.163803 6.648894 3.627106
v 0.149365 6.652787 3.616775
v 0.149365 6.739932 3.616775
v 0.144264 6.722611 3.618845
v 0.277213 6.670109 3.358868
v 0.256321 6.652787 3.363802
v 0.273791 6.648894 3.366961
v 0.256321 6.739932 3.363802
v 0.245990 6.743825 3.378240
v 0.420763 6.670109 3.712714
v 0.381447 6.670109 3.728664
v 0.412670 6.648894 3.709292
v 0.402339 6.652787 3.723731
v 0.384869 6.648894 3.720571
v 0.402339 6.739932 3.723731
v 0.498278 6.670109 3.452333
v 0.514228 6.670109 3.491649
v 0.494856 6.648894 3.460426
v 0.509294 6.652787 3.470757
v 0.506134 6.648894 3.488227
v 0.509294 6.739932 3.470757
v 0.432987 6.670109 2.990426
v 0.417037 6.670109 2.951109
v 0.436409 6.648894 2.982332
v 0.421971 6.652787 2.972002
v 0.425131 6.648894 2.954531
v 0.421971 6.739932 2.972002
v 0.510502 6.670109 2.730044
v 0.549819 6.670109 2.714094
v 0.518596 6.648894 2.733466
v 0.528927 6.652787 2.719028
v 0.546397 6.648894 2.722188
v 0.528927 6.739932 2.719028
v 0.693369 6.670109 3.067941
v 0.654053 6.670109 3.083891
v 0.685275 6.648894 3.064519
v 0.674945 6.652787 3.078957
v 0.657475 6.648894 3.075797
v 0.674945 6.739932 3.078957
v 0.770884 6.670109 2.807559
v 0.786834 6.670109 2.846875
v 0.767462 6.648894 2.815653
v 0.781900 6.652787 2.825984
v 0.778740 6.648894 2.843453
v 0.781900 6.739932 2.825984
v 0.705593 6.670109 2.345652
v 0.689643 6.670109 2.306336
v 0.709015 6.648894 2.337559
v 0.694577 6.652787 2.327228
v 0.697737 6.648894 2.309758
v 0.694577 6.739932 2.327228
v 0.783108 6.670109 2.085271
v 0.822424 6.670109 2.069321
v 0.791202 6.648894 2.088693
v 0.801533 6.652787 2.074255
v 0.819003 6.648894 2.077414
v 0.801533 6.739932 2.074255
v 0.965975 6.670109 2.423167
v 0.926659 6.670109 2.439117
v 0.957881 6.648894 2.419745
v 0.947550 6.652787 2.434183
v 0.930081 6.648894 2.431024
v 0.947551 6.739932 2.434183
v 1.043490 6.670109 2.162786
v 1.059440 6.670109 2.202102
v 1.040068 6.648894 2.170879
v 1.054506 6.652787 2.181210
v 1.051346 6.648894 2.198680
v 1.054506 6.739932 2.181210
v 0.978199 6.670109 1.700879
v 0.962249 6.670109 1.661562
v 0.981621 6.648894 1.692785
v 0.967183 6.652787 1.682454
v 0.970343 6.648894 1.664984
v 0.967183 6.739932 1.682454
v 1.055714 6.670109 1.440497
v 1.095030 6.670109 1.424547
v 1.063808 6.648894 1.443919
v 1.074139 6.652787 1.429481
v 1.091609 6.648894 1.432641
v 1.074139 6.739932 1.429481
v 1.238581 6.670109 1.778394
v 1.199265 6.670109 1.794343
v 1.230487 6.648894 1.774971
v 1.220156 6.652787 1.789410
v 1.202687 6.648894 1.786250
v 1.220156 6.739932 1.789410
v 1.316096 6.670109 1.518012
v 1.332046 6.670109 1.557328
v 1.312674 6.648894 1.526106
v 1.327112 6.652787 1.536436
v 1.323952 6.648894 1.553906
v 1.327112 6.739932 1.536436
v 1.250805 6.670109 1.056105
v 1.234855 6.670109 1.016789
v 1.254227 6.648894 1.048011
v 1.239789 6.652787 1.037681
v 1.242949 6.648894 1.020211
v 1.239789 6.739932 1.037681
v 1.328320 6.670109 0.795724
v 1.367636 6.670109 0.779773
v 1.336414 6.648894 0.799146
v 1.346744 6.652787 0.784707
v 1.364214 6.648894 0.787867
v 1.346744 6.739932 0.784707
v 1.511187 6.670109 1.133620
v 1.471870 6.670109 1.149570
v 1.503093 6.648894 1.130198
v 1.492762 6.652787 1.144636
v 1.475292 6.648894 1.141476
v 1.492762 6.739932 1.144636
v 1.588702 6.670109 0.873238
v 1.604652 6.670109 0.912555
v 1.585280 6.648894 0.881332
v 1.599718 6.652787 0.891663
v 1.596558 6.648894 0.909133
v 1.599718 6.739932 0.891663
v 0.805155 6.670109 3.907805
v 0.808577 6.648894 3.899712
v 0.794139 6.652787 3.889381
v 0.794139 6.739932 3.889381
v 0.789037 6.722611 3.891451
v 0.901095 6.652787 3.636408
v 0.918564 6.743825 3.639567
v 0.901094 6.739932 3.636408
v 0.890764 6.743825 3.650846
v 1.065537 6.670109 3.985320
v 1.026220 6.670109 4.001270
v 1.057443 6.648894 3.981898
v 1.047112 6.652787 3.996336
v 1.029642 6.648894 3.993177
v 1.047112 6.739932 3.996336
v 1.159002 6.670109 3.764255
v 1.154068 6.652787 3.743363
v 1.150908 6.648894 3.760833
v 1.154068 6.739932 3.743363
v 1.159169 6.722611 3.741293
v 1.077761 6.670109 3.263032
v 1.061811 6.670109 3.223715
v 1.081183 6.648894 3.254938
v 1.066745 6.652787 3.244607
v 1.069905 6.648894 3.227137
v 1.066745 6.739932 3.244607
v 1.155276 6.670109 3.002650
v 1.194592 6.670109 2.986700
v 1.163370 6.648894 3.006072
v 1.173701 6.652787 2.991634
v 1.191170 6.648894 2.994794
v 1.173700 6.739932 2.991634
v 1.338143 6.670109 3.340547
v 1.298826 6.670109 3.356497
v 1.330049 6.648894 3.337125
v 1.319718 6.652787 3.351563
v 1.302248 6.648894 3.348403
v 1.319718 6.739932 3.351563
v 1.415657 6.670109 3.080165
v 1.431608 6.670109 3.119481
v 1.412235 6.648894 3.088259
v 1.426674 6.652787 3.098589
v 1.423514 6.648894 3.116059
v 1.426674 6.739932 3.098589
v 1.350367 6.670109 2.618258
v 1.334417 6.670109 2.578942
v 1.353789 6.648894 2.610165
v 1.339351 6.652787 2.599834
v 1.342510 6.648894 2.582364
v 1.339351 6.739932 2.599834
v 1.427882 6.670109 2.357877
v 1.467198 6.670109 2.341927
v 1.435976 6.648894 2.361299
v 1.446306 6.652787 2.346861
v 1.463776 6.648894 2.350020
v 1.446306 6.739932 2.346860
v 1.610749 6.670109 2.695773
v 1.571432 6.670109 2.711723
v 1.602655 6.648894 2.692351
v 1.592324 6.652787 2.706789
v 1.574854 6.648894 2.703629
v 1.592324 6.739932 2.706789
v 1.688263 6.670109 2.435391
v 1.704214 6.670109 2.474708
v 1.684841 6.648894 2.443485
v 1.699279 6.652787 2.453816
v 1.696120 6.648894 2.471286
v 1.699279 6.739932 2.453816
v 1.622973 6.670109 1.973485
v 1.607023 6.670109 1.934168
v 1.626395 6.648894 1.965391
v 1.611957 6.652787 1.955060
v 1.615116 6.648894 1.937590
v 1.611957 6.739932 1.955060
v 1.700488 6.670109 1.713103
v 1.739804 6.670109 1.697153
v 1.708581 6.648894 1.716525
v 1.718912 6.652787 1.702087
v 1.736382 6.648894 1.705247
v 1.718912 6.739932 1.702087
v 1.883355 6.670109 2.050999
v 1.844038 6.670109 2.066949
v 1.875261 6.648894 2.047577
v 1.864930 6.652787 2.062016
v 1.847460 6.648894 2.058856
v 1.864930 6.739932 2.062016
v 1.960869 6.670109 1.790618
v 1.976820 6.670109 1.829934
v 1.957447 6.648894 1.798711
v 1.971885 6.652787 1.809042
v 1.968726 6.648894 1.826512
v 1.971885 6.739932 1.809042
v 1.895579 6.670109 1.328711
v 1.879629 6.670109 1.289395
v 1.899001 6.648894 1.320617
v 1.884563 6.652787 1.310286
v 1.887722 6.648894 1.292816
v 1.884563 6.739932 1.310286
v 1.973094 6.670109 1.068330
v 2.012410 6.670109 1.052379
v 1.981187 6.648894 1.071751
v 1.991518 6.652787 1.057313
v 2.008988 6.648894 1.060473
v 1.991518 6.739932 1.057313
v 2.155961 6.670109 1.406226
v 2.116644 6.670109 1.422176
v 2.147867 6.648894 1.402804
v 2.137536 6.652787 1.417242
v 2.120066 6.648894 1.414082
v 2.137536 6.739932 1.417242
v 2.233475 6.670109 1.145844
v 2.249425 6.670109 1.185161
v 2.230053 6.648894 1.153938
v 2.244491 6.652787 1.164269
v 2.241332 6.648894 1.181739
v 2.244491 6.739932 1.164269
v -2.207663 4.613012 2.903671
v -2.215211 4.632395 2.921524
v -2.225515 4.632395 2.896123
v -2.215211 5.730180 2.921524
v -2.207663 5.749562 2.903671
v -2.225515 5.730180 2.896123
v -1.761083 4.613012 1.847411
v -1.778936 4.632395 1.839863
v -1.753535 4.632395 1.829558
v -1.761083 5.749562 1.847411
v -1.753535 5.730180 1.829558
v -1.778936 5.730180 1.839863
v 1.266498 4.613012 4.372523
v 1.284351 4.632395 4.380071
v 1.258951 4.632395 4.390375
v 1.266498 5.749562 4.372523
v 1.258951 5.730180 4.390375
v 1.284351 5.730180 4.380071
v 1.713078 4.613012 3.316262
v 1.720626 4.632395 3.298410
v 1.730931 4.632395 3.323810
v 1.713078 5.749562 3.316262
v 1.730931 5.730180 3.323810
v 1.720626 5.730180 3.298410
v -1.815924 4.538010 2.372602
v -1.823472 4.557392 2.390455
v -1.833776 4.557392 2.365054
v -1.823472 5.655177 2.390455
v -1.815924 5.674559 2.372602
v -1.833776 5.655177 2.365054
v -1.369344 4.538010 1.316341
v -1.387197 4.557392 1.308794
v -1.361796 4.557392 1.298489
v -1.369344 5.674559 1.316341
v -1.361796 5.655177 1.298489
v -1.387197 5.655177 1.308794
v 1.374537 4.538010 3.721507
v 1.392390 4.557392 3.729055
v 1.366989 4.557392 3.739360
v 1.374537 5.674559 3.721507
v 1.366989 5.655177 3.739360
v 1.392390 5.655177 3.729055
v 1.821117 4.538010 2.665247
v 1.828665 4.557392 2.647394
v 1.838969 4.557392 2.672795
v 1.821117 5.674559 2.665247
v 1.838969 5.655177 2.672795
v 1.828665 5.655177 2.647394
v -1.424185 4.463006 1.841533
v -1.431733 4.482388 1.859385
v -1.442037 4.482388 1.833985
v -1.431733 5.580173 1.859385
v -1.424185 5.599556 1.841533
v -1.442037 5.580173 1.833985
v -0.977605 4.463006 0.785272
v -0.995458 4.482388 0.777724
v -0.970057 4.482388 0.767420
v -0.977605 5.599556 0.785272
v -0.970057 5.580173 0.767420
v -0.995458 5.580173 0.777724
v 1.482575 4.463006 3.070491
v 1.500428 4.482388 3.078039
v 1.475028 4.482388 3.088344
v 1.482575 5.599556 3.070491
v 1.475028 5.580173 3.088344
v 1.500428 5.580173 3.078039
v 1.929155 4.463006 2.014231
v 1.936703 4.482388 1.996378
v 1.947008 4.482388 2.021779
v 1.929155 5.599556 2.014231
v 1.947008 5.580173 2.021779
v 1.936703 5.580173 1.996378
v -1.032446 4.388002 1.310464
v -1.039994 4.407384 1.328316
v -1.050298 4.407384 1.302916
v -1.039994 5.505169 1.328316
v -1.032446 5.524552 1.310464
v -1.050298 5.505169 1.302916
v -0.585867 4.388002 0.254203
v -0.603719 4.407384 0.246655
v -0.578319 4.407384 0.236351
v -0.585866 5.524552 0.254203
v -0.578319 5.505169 0.236351
v -0.603719 5.505169 0.246655
v 1.590614 4.388002 2.419476
v 1.608466 4.407384 2.427024
v 1.583066 4.407384 2.437328
v 1.590614 5.524552 2.419476
v 1.583066 5.505169 2.437328
v 1.608466 5.505169 2.427024
v 2.037194 4.388002 1.363215
v 2.044742 4.407384 1.345363
v 2.055046 4.407384 1.370763
v 2.037194 5.524552 1.363215
v 2.055046 5.505169 1.370763
v 2.044742 5.505169 1.345363
v -1.985775 5.579059 1.192414
v -1.993322 5.598442 1.210266
v -2.003627 5.598442 1.184866
v -1.993322 6.444213 1.210266
v -1.985775 6.463596 1.192414
v -2.003627 6.444213 1.184866
v -1.607346 5.579059 0.297347
v -1.625199 5.598442 0.289799
v -1.599798 5.598442 0.279494
v -1.607346 6.463596 0.297347
v -1.599798 6.444213 0.279494
v -1.625199 6.444213 0.289799
v -1.064916 5.579059 1.581746
v -1.047064 5.598442 1.589294
v -1.072464 5.598442 1.599599
v -1.064916 6.463596 1.581746
v -1.072464 6.444213 1.599599
v -1.047064 6.444213 1.589294
v -0.686488 5.579059 0.686679
v -0.678940 5.598442 0.668827
v -0.668635 5.598442 0.694227
v -0.686488 6.463596 0.686679
v -0.668635 6.444213 0.694227
v -0.678940 6.444213 0.668827
v -2.126264 3.569626 2.381873
v -2.126264 4.272829 2.381873
v -1.806082 3.569626 1.624569
v -1.806082 4.272829 1.624569
v -1.394751 3.569626 2.691152
v -1.394751 4.272829 2.691152
v -1.074568 3.569626 1.933848
v -1.074568 4.272829 1.933848
v 1.418630 5.579059 2.631773
v 1.411082 5.598442 2.649626
v 1.400777 5.598442 2.624225
v 1.411082 6.444213 2.649626
v 1.418630 6.463596 2.631773
v 1.400777 6.444213 2.624225
v 1.797058 5.579059 1.736706
v 1.779206 5.598442 1.729158
v 1.804606 5.598442 1.718853
v 1.797058 6.463596 1.736706
v 1.804606 6.444213 1.718853
v 1.779206 6.444213 1.729158
v 2.339488 5.579059 3.021106
v 2.357340 5.598442 3.028653
v 2.331940 5.598442 3.038958
v 2.339488 6.463596 3.021106
v 2.331940 6.444213 3.038958
v 2.357340 6.444213 3.028653
v 2.717916 5.579059 2.126039
v 2.725464 5.598442 2.108186
v 2.735769 5.598442 2.133586
v 2.717916 6.463596 2.126039
v 2.735769 6.444213 2.133586
v 2.725464 6.444213 2.108186
v 0.852590 3.569626 3.641312
v 0.852590 4.272829 3.641312
v 1.172772 3.569626 2.884008
v 1.172772 4.272829 2.884008
v 1.584103 3.569626 3.950591
v 1.584103 4.272829 3.950591
v 1.904286 3.569626 3.193287
v 1.904286 4.272829 3.193287
v -0.179640 3.122321 -0.141644
v -0.179640 3.530076 -0.141644
v -0.079269 3.122321 -0.379046
v -0.079269 3.530076 -0.379046
v 2.038137 3.122321 0.796017
v 2.038137 3.530076 0.796017
v 2.138509 3.122321 0.558616
v 2.138509 3.530076 0.558616
v -0.133585 3.682348 -0.122172
v -0.133585 4.090103 -0.122172
v -0.033213 3.682348 -0.359574
v -0.033213 4.090103 -0.359574
v 1.992081 3.682348 0.776545
v 1.992082 4.090103 0.776545
v 2.092453 3.682348 0.539144
v 2.092453 4.090103 0.539144
v -0.087530 4.242375 -0.102700
v -0.087530 4.650130 -0.102700
v 0.012842 4.242375 -0.340102
v 0.012842 4.650130 -0.340102
v 1.946026 4.242375 0.757073
v 1.946026 4.650130 0.757073
v 2.046398 4.242375 0.519672
v 2.046398 4.650130 0.519672
v -0.041474 4.802402 -0.083229
v -0.041474 5.210156 -0.083229
v 0.058897 4.802402 -0.320630
v 0.058897 5.210156 -0.320630
v 1.899971 4.802402 0.737601
v 1.899971 5.210156 0.737601
v 2.000343 4.802402 0.500200
v 2.000343 5.210156 0.500200
v 0.004581 5.362428 -0.063757
v 0.004581 5.770184 -0.063757
v 0.104953 5.362428 -0.301158
v 0.104953 5.770184 -0.301158
v 1.853916 5.362428 0.718129
v 1.853916 5.770184 0.718129
v 1.954288 5.362428 0.480728
v 1.954288 5.770184 0.480728
v -0.291380 2.824220 -0.039079
v -0.300186 2.846832 -0.018251
v -0.312208 2.846832 -0.047885
v -0.300186 5.905666 -0.018251
v -0.291380 5.928279 -0.039079
v -0.312208 5.905666 -0.047885
v -0.083543 2.824220 -0.530661
v -0.104371 2.846832 -0.539467
v -0.074737 2.846832 -0.551489
v -0.083543 5.928279 -0.530661
v -0.074737 5.905666 -0.551489
v -0.104371 5.905666 -0.539467
v 2.042412 2.824220 0.947632
v 2.063240 2.846832 0.956438
v 2.033606 2.846832 0.968460
v 2.042411 5.928279 0.947632
v 2.033606 5.905666 0.968460
v 2.063239 5.905666 0.956438
v 2.250249 2.824220 0.456051
v 2.259055 2.846832 0.435223
v 2.271077 2.846832 0.464857
v 2.250249 5.928279 0.456051
v 2.271077 5.905666 0.464857
v 2.259055 5.905666 0.435223
v 0.908779 4.747399 -0.078372
v 0.908779 5.405166 -0.078372
v 0.849479 4.747399 -0.224544
v 0.849479 5.405166 -0.224544
v 0.854320 5.411654 -0.195354
v 1.518298 4.747399 -0.325645
v 1.526749 4.776268 -0.322072
v 1.518298 5.405166 -0.325645
v 1.513457 5.411654 -0.354836
v 1.458998 4.747399 -0.471817
v 1.458998 5.405166 -0.471817
v 1.429808 5.411654 -0.466977
v 0.162248 4.047366 -0.528356
v 0.465418 4.355116 -0.400178
v 0.465418 4.047366 -0.400178
v 0.162248 4.355116 -0.528356
v 0.593596 4.047366 -0.703348
v 0.593596 4.355116 -0.703348
v 0.290426 4.047366 -0.831526
v 0.290426 4.355116 -0.831526
v 1.774182 4.047366 0.153159
v 2.077352 4.355116 0.281337
v 2.077352 4.047366 0.281337
v 1.774182 4.355116 0.153159
v 2.205530 4.047366 -0.021833
v 2.205530 4.355116 -0.021833
v 1.902360 4.047366 -0.150012
v 1.902360 4.355116 -0.150012
v 0.991382 3.372333 -0.196998
v 1.261986 3.630080 -0.082588
v 1.261986 3.372333 -0.082588
v 0.991382 3.630080 -0.196998
v 1.376395 3.372333 -0.353192
v 1.376395 3.630080 -0.353192
v 1.105791 3.372333 -0.467601
v 1.105791 3.630080 -0.467601
v -0.113805 5.147418 -0.683456
v 0.124233 5.355164 -0.582816
v 0.124233 5.147418 -0.582816
v -0.113805 5.355164 -0.683456
v 0.224874 5.147418 -0.820854
v 0.224874 5.355164 -0.820854
v -0.013164 5.147418 -0.921494
v -0.013164 5.355164 -0.921494
v 2.142903 5.147418 0.270664
v 2.380941 5.355164 0.371305
v 2.380941 5.147418 0.371305
v 2.142903 5.355164 0.270664
v 2.481582 5.147418 0.133267
v 2.481582 5.355164 0.133267
v 2.243544 5.147418 0.032626
v 2.243544 5.355164 0.032626
v -0.393587 6.356096 1.219555
v -0.401135 6.375479 1.237407
v -0.411440 6.375479 1.212007
v -0.401135 7.277255 1.237407
v -0.393587 7.296637 1.219555
v -0.411440 7.277255 1.212007
v 0.121144 6.356096 0.002101
v 0.103292 6.375479 -0.005447
v 0.128692 6.375479 -0.015751
v 0.121144 7.296637 0.002101
v 0.128692 7.277255 -0.015751
v 0.103292 7.277255 -0.005447
v 1.210731 6.356096 1.897850
v 1.228583 6.375479 1.905397
v 1.203183 6.375479 1.915702
v 1.210731 7.296637 1.897850
v 1.203183 7.277255 1.915702
v 1.228583 7.277255 1.905397
v 1.725462 6.356096 0.680395
v 1.733010 6.375479 0.662543
v 1.743315 6.375479 0.687943
v 1.725462 7.296637 0.680395
v 1.743315 7.277255 0.687943
v 1.733010 7.277255 0.662543
v 0.337262 6.287473 0.163759
v 0.337262 7.015244 0.163759
v 0.418162 6.287473 -0.027587
v 0.418162 7.015244 -0.027587
v 1.458924 6.287473 0.637990
v 1.458924 7.015244 0.637990
v 1.539824 6.287473 0.446644
v 1.539824 7.015244 0.446644
v 0.093663 7.087229 1.445414
v 0.093663 7.615554 1.445414
v 0.159206 7.087229 1.290391
v 0.159206 7.615554 1.290391
v 0.709239 7.087229 1.705675
v 0.709239 7.615554 1.705675
v 0.774782 7.087229 1.550652
v 0.774782 7.615554 1.550652
v -0.171164 6.956125 0.833690
v -0.178712 6.975507 0.851542
v -0.189016 6.975507 0.826142
v -0.178712 7.877282 0.851542
v -0.171164 7.896664 0.833690
v -0.189016 7.877282 0.826142
v 0.310855 6.956125 -0.306391
v 0.293002 6.975507 -0.313939
v 0.318403 6.975507 -0.324244
v 0.310855 7.896664 -0.306391
v 0.318403 7.877282 -0.324244
v 0.293002 7.877282 -0.313939
v 1.332570 6.956125 1.469458
v 1.350422 6.975507 1.477006
v 1.325022 6.975507 1.487310
v 1.332570 7.896664 1.469458
v 1.325022 7.877282 1.487310
v 1.350422 7.877282 1.477006
v 1.814588 6.956125 0.329377
v 1.822136 6.975507 0.311525
v 1.832441 6.975507 0.336925
v 1.814588 7.896664 0.329377
v 1.832441 7.877282 0.336925
v 1.822136 7.877282 0.311525
v 0.527855 6.887501 -0.189962
v 0.527855 7.615273 -0.189962
v 0.608755 6.887501 -0.381308
v 0.608755 7.615273 -0.381308
v 1.579881 6.887501 0.254827
v 1.579881 7.615273 0.254827
v 1.660781 6.887501 0.063481
v 1.660781 7.615273 0.063481
v 0.268781 7.687257 1.085150
v 0.268781 8.215585 1.085150
v 0.334324 7.687257 0.930127
v 0.334324 8.215585 0.930127
v 0.845670 7.687257 1.329055
v 0.845670 8.215585 1.329055
v 0.911213 7.687257 1.174031
v 0.911213 8.215585 1.174031
v 0.051260 7.556153 0.447824
v 0.043712 7.575536 0.465677
v 0.033407 7.575536 0.440277
v 0.043712 8.477312 0.465677
v 0.051260 8.496695 0.447824
v 0.033407 8.477312 0.440277
v 0.500565 7.556153 -0.614884
v 0.482713 7.575536 -0.622432
v 0.508113 7.575536 -0.632736
v 0.500566 8.496695 -0.614884
v 0.508113 8.477312 -0.632736
v 0.482713 8.477312 -0.622432
v 1.454409 7.556153 1.041066
v 1.472261 7.575536 1.048614
v 1.446861 7.575536 1.058919
v 1.454409 8.496695 1.041066
v 1.446861 8.477312 1.058919
v 1.472261 8.477312 1.048614
v 1.903714 7.556153 -0.021642
v 1.911262 7.575536 -0.039495
v 1.921567 7.575536 -0.014094
v 1.903714 8.496695 -0.021642
v 1.921567 8.477312 -0.014094
v 1.911262 8.477312 -0.039494
v 0.718447 7.487531 -0.543683
v 0.718447 8.215301 -0.543683
v 0.799347 7.487531 -0.735029
v 0.799347 8.215301 -0.735029
v 1.700838 7.487531 -0.128335
v 1.700838 8.215301 -0.128335
v 1.781738 7.487531 -0.319681
v 1.781738 8.215301 -0.319681
v 0.443899 8.287286 0.724886
v 0.443899 8.815612 0.724886
v 0.509442 8.287286 0.569863
v 0.509442 8.815612 0.569863
v 0.982102 8.287286 0.952435
v 0.982102 8.815612 0.952435
v 1.047645 8.287286 0.797411
v 1.047645 8.815612 0.797411
v 0.273683 8.156183 0.061960
v 0.266135 8.175567 0.079812
v 0.255831 8.175567 0.054412
v 0.266135 9.077340 0.079812
v 0.273683 9.096723 0.061960
v 0.255831 9.077340 0.054412
v 0.690276 8.156183 -0.923376
v 0.672424 8.175567 -0.930924
v 0.697824 8.175567 -0.941228
v 0.690276 9.096723 -0.923376
v 0.697824 9.077340 -0.941228
v 0.672424 9.077340 -0.930924
v 1.576247 8.156183 0.612675
v 1.594100 8.175567 0.620223
v 1.568699 8.175567 0.630527
v 1.576247 9.096723 0.612675
v 1.568699 9.077340 0.630527
v 1.594100 9.077340 0.620223
v 1.992840 8.156183 -0.372661
v 2.000388 8.175567 -0.390513
v 2.010693 8.175567 -0.365113
v 1.992840 9.096723 -0.372661
v 2.010693 9.077340 -0.365113
v 2.000388 9.077340 -0.390513
v 0.909040 8.087560 -0.897405
v 0.909040 8.815329 -0.897405
v 0.989940 8.087560 -1.088751
v 0.989940 8.815329 -1.088751
v 1.821795 8.087560 -0.511498
v 1.821795 8.815329 -0.511498
v 1.902695 8.087560 -0.702844
v 1.902695 8.815329 -0.702844
v 0.619017 8.887314 0.364622
v 0.619017 9.415641 0.364622
v 0.684560 8.887314 0.209599
v 0.684560 9.415641 0.209599
v 1.118534 8.887314 0.575814
v 1.118534 9.415641 0.575814
v 1.184076 8.887314 0.420791
v 1.184076 9.415641 0.420791
v 0.496107 8.756210 -0.323906
v 0.488559 8.775593 -0.306054
v 0.478254 8.775593 -0.331454
v 0.488559 9.677370 -0.306054
v 0.496107 9.696752 -0.323906
v 0.478254 9.677370 -0.331454
v 0.879987 8.756210 -1.231869
v 0.862135 8.775593 -1.239417
v 0.887535 8.775593 -1.249721
v 0.879987 9.696752 -1.231869
v 0.887535 9.677370 -1.249721
v 0.862135 9.677370 -1.239417
v 1.698086 8.756210 0.184283
v 1.715938 8.775593 0.191831
v 1.690538 8.775593 0.202135
v 1.698086 9.696752 0.184283
v 1.690538 9.677370 0.202135
v 1.715938 9.677370 0.191831
v 2.081967 8.756210 -0.723680
v 2.089514 8.775593 -0.741532
v 2.099819 8.775593 -0.716132
v 2.081967 9.696752 -0.723680
v 2.099819 9.677370 -0.716132
v 2.089514 9.677370 -0.741532
v 1.099633 8.687589 -1.251126
v 1.099633 9.415357 -1.251126
v 1.180532 8.687589 -1.442472
v 1.180532 9.415357 -1.442472
v 1.942753 8.687589 -0.894661
v 1.942753 9.415357 -0.894661
v 2.023652 8.687589 -1.086006
v 2.023652 9.415357 -1.086006
v 0.794135 9.487345 0.004358
v 0.794135 10.015670 0.004358
v 0.859678 9.487345 -0.150665
v 0.859678 10.015670 -0.150665
v 1.254965 9.487345 0.199194
v 1.254965 10.015670 0.199194
v 1.320508 9.487345 0.044171
v 1.320508 10.015670 0.044171
v 0.718530 9.356240 -0.709771
v 0.710983 9.375622 -0.691919
v 0.700678 9.375622 -0.717319
v 0.710983 10.277398 -0.691919
v 0.718530 10.296781 -0.709771
v 0.700678 10.277398 -0.717319
v 1.069698 9.356240 -1.540361
v 1.051846 9.375622 -1.547909
v 1.077246 9.375622 -1.558214
v 1.069698 10.296781 -1.540361
v 1.077246 10.277398 -1.558214
v 1.051846 10.277398 -1.547909
v 1.819925 9.356240 -0.244109
v 1.837777 9.375622 -0.236561
v 1.812377 9.375622 -0.226257
v 1.819925 10.296781 -0.244109
v 1.812377 10.277398 -0.226257
v 1.837777 10.277398 -0.236561
v 2.171093 9.356240 -1.074699
v 2.178640 9.375622 -1.092552
v 2.188945 9.375622 -1.067152
v 2.171093 10.296781 -1.074699
v 2.188945 10.277398 -1.067152
v 2.178640 10.277398 -1.092552
v 1.290225 9.287616 -1.604847
v 1.290225 10.015386 -1.604847
v 1.371125 9.287616 -1.796193
v 1.371125 10.015386 -1.796193
v 2.063709 9.287616 -1.277823
v 2.063709 10.015386 -1.277823
v 2.144609 9.287616 -1.469169
v 2.144609 10.015386 -1.469169
v 0.969253 10.087371 -0.355905
v 0.969253 10.615698 -0.355905
v 1.034796 10.087371 -0.510929
v 1.034796 10.615698 -0.510929
v 1.391397 10.087371 -0.177426
v 1.391397 10.615698 -0.177426
v 1.456940 10.087371 -0.332449
v 1.456940 10.615698 -0.332449
v 0.940954 9.956269 -1.095636
v 0.933406 9.975652 -1.077784
v 0.923101 9.975652 -1.103184
v 0.933406 10.877426 -1.077784
v 0.940954 10.896809 -1.095636
v 0.923101 10.877426 -1.103184
v 1.259409 9.956269 -1.848854
v 1.241556 9.975652 -1.856401
v 1.266957 9.975652 -1.866706
v 1.259409 10.896809 -1.848854
v 1.266957 10.877426 -1.866706
v 1.241556 10.877426 -1.856401
v 1.941764 9.956269 -0.672501
v 1.959616 9.975652 -0.664953
v 1.934216 9.975652 -0.654648
v 1.941764 10.896809 -0.672501
v 1.934216 10.877426 -0.654648
v 1.959616 10.877426 -0.664953
v 2.260219 9.956269 -1.425718
v 2.267766 9.975652 -1.443570
v 2.278071 9.975652 -1.418170
v 2.260219 10.896809 -1.425718
v 2.278071 10.877426 -1.418170
v 2.267766 10.877426 -1.443570
v 1.480818 9.887645 -1.958569
v 1.480818 10.615414 -1.958569
v 1.561718 9.887645 -2.149915
v 1.561718 10.615414 -2.149915
v 2.184667 9.887645 -1.660986
v 2.184667 10.615414 -1.660986
v 2.265566 9.887645 -1.852332
v 2.265566 10.615414 -1.852332
v 1.144371 10.687400 -0.716170
v 1.144371 11.215728 -0.716170
v 1.209914 10.687400 -0.871192
v 1.209914 11.215728 -0.871192
v 1.527828 10.687400 -0.554046
v 1.527828 11.215728 -0.554046
v 1.593371 10.687400 -0.709069
v 1.593371 11.215728 -0.709069
v 0.358775 11.307981 -1.743219
v 0.339510 11.357454 -1.697652
v 0.313208 11.357454 -1.762485
v 0.339510 13.495817 -1.697652
v 0.358775 13.545291 -1.743219
v 0.313208 13.495817 -1.762485
v 1.464099 11.307981 -4.357556
v 1.418531 11.357454 -4.376822
v 1.483365 11.357454 -4.403123
v 1.464099 13.545291 -4.357556
v 1.483365 13.495817 -4.403123
v 1.418531 13.495817 -4.376822
v 2.811919 11.307981 -0.706047
v 2.857487 11.357454 -0.686781
v 2.792654 11.357454 -0.660480
v 2.811919 13.545291 -0.706047
v 2.792654 13.495817 -0.660480
v 2.857487 13.495817 -0.686781
v 3.917243 11.307981 -3.320384
v 3.936508 11.357454 -3.365951
v 3.962811 11.357454 -3.301118
v 3.917243 13.545291 -3.320384
v 3.962811 13.495817 -3.301118
v 3.936508 13.495817 -3.365951
v 3.035349 11.404265 -1.042422
v 3.049788 11.632811 -1.032091
v 3.035349 11.628919 -1.042422
v 3.122833 11.404265 -1.249339
v 3.122833 11.628919 -1.249339
v 3.112502 11.632811 -1.234901
v 3.115615 11.404265 -1.008486
v 3.117685 11.421586 -1.003384
v 3.098145 11.632811 -1.011646
v 3.115615 11.628919 -1.008486
v 3.203099 11.404265 -1.215404
v 3.208200 11.421586 -1.217473
v 3.203099 11.628919 -1.215404
v 3.188660 11.632811 -1.225734
v 3.035349 12.314305 -1.042422
v 3.035349 12.538959 -1.042422
v 3.122833 12.314305 -1.249339
v 3.122833 12.538959 -1.249339
v 3.115615 12.314305 -1.008486
v 3.098145 12.310413 -1.011645
v 3.115615 12.538959 -1.008486
v 3.117685 12.521637 -1.003385
v 3.188660 12.310413 -1.225734
v 3.203099 12.314305 -1.215404
v 3.203099 12.538959 -1.215404
v 3.208200 12.521637 -1.217473
v 3.049788 13.220459 -1.032091
v 3.035349 13.224351 -1.042422
v 3.035349 13.449004 -1.042422
v 3.030248 13.431682 -1.040352
v 3.122833 13.224351 -1.249339
v 3.122833 13.449004 -1.249339
v 3.115615 13.224351 -1.008486
v 3.115615 13.449004 -1.008486
v 3.203099 13.224351 -1.215404
v 3.208200 13.241673 -1.217473
v 3.203099 13.449004 -1.215404
v 3.188660 13.452897 -1.225734
v 3.389737 11.404265 -1.880627
v 3.404175 11.632811 -1.870297
v 3.389737 11.628919 -1.880627
v 3.477221 11.404265 -2.087545
v 3.477221 11.628919 -2.087545
v 3.466890 11.632811 -2.073108
v 3.470003 11.404265 -1.846692
v 3.472073 11.421586 -1.841590
v 3.452533 11.632811 -1.849852
v 3.470003 11.628919 -1.846692
v 3.557486 11.404265 -2.053609
v 3.562588 11.421586 -2.055679
v 3.557486 11.628919 -2.053610
v 3.543048 11.632811 -2.063940
v 3.389737 12.314305 -1.880627
v 3.389737 12.538959 -1.880627
v 3.477221 12.314305 -2.087545
v 3.477221 12.538959 -2.087545
v 3.470003 12.314305 -1.846692
v 3.452533 12.310413 -1.849852
v 3.470003 12.538959 -1.846692
v 3.472073 12.521637 -1.841590
v 3.543048 12.310413 -2.063940
v 3.557486 12.314305 -2.053609
v 3.557486 12.538959 -2.053610
v 3.562588 12.521637 -2.055679
v 3.389737 13.224351 -1.880627
v 3.392897 13.220459 -1.898098
v 3.389737 13.449004 -1.880627
v 3.477221 13.224351 -2.087545
v 3.494690 13.220459 -2.084385
v 3.477221 13.449004 -2.087545
v 3.470003 13.224351 -1.846692
v 3.472073 13.241673 -1.841590
v 3.452533 13.452897 -1.849852
v 3.470003 13.449004 -1.846692
v 3.557486 13.224351 -2.053609
v 3.562588 13.241673 -2.055679
v 3.557486 13.449004 -2.053610
v 3.543048 13.452897 -2.063940
v 3.744124 11.404265 -2.718832
v 3.744124 11.628919 -2.718832
v 3.831608 11.404265 -2.925751
v 3.831608 11.628919 -2.925751
v 3.824390 11.404265 -2.684897
v 3.826460 11.421586 -2.679795
v 3.806920 11.632811 -2.688056
v 3.824390 11.628919 -2.684896
v 3.911874 11.404265 -2.891815
v 3.916976 11.421586 -2.893885
v 3.911874 11.628919 -2.891815
v 3.897436 11.632811 -2.902146
v 3.744124 12.314305 -2.718832
v 3.744124 12.538959 -2.718832
v 3.831608 12.314305 -2.925751
v 3.831608 12.538959 -2.925751
v 3.824390 12.314305 -2.684897
v 3.806920 12.310413 -2.688056
v 3.824390 12.538959 -2.684896
v 3.826460 12.521637 -2.679795
v 3.897436 12.310413 -2.902146
v 3.911874 12.314305 -2.891815
v 3.908715 12.310413 -2.874345
v 3.911874 12.538959 -2.891815
v 3.916976 12.521637 -2.893885
v 3.744124 13.224351 -2.718832
v 3.744124 13.449004 -2.718832
v 3.831608 13.224351 -2.925751
v 3.831608 13.449004 -2.925751
v 3.824390 13.224351 -2.684897
v 3.826460 13.241673 -2.679795
v 3.806920 13.452897 -2.688056
v 3.824390 13.449004 -2.684896
v 3.911874 13.224351 -2.891815
v 3.916976 13.241673 -2.893885
v 3.911874 13.449004 -2.891815
v 3.897436 13.452897 -2.902146
v 0.364145 11.404265 -2.171789
v 0.359043 11.421586 -2.169720
v 0.378583 11.632811 -2.161458
v 0.364145 11.628919 -2.171789
v 0.451628 11.404265 -2.378706
v 0.449558 11.421586 -2.383808
v 0.469098 11.632811 -2.375547
v 0.451628 11.628919 -2.378706
v 0.454741 11.400373 -2.152291
v 0.444410 11.404265 -2.137853
v 0.444411 11.628919 -2.137853
v 0.517456 11.400373 -2.355101
v 0.531894 11.404265 -2.344771
v 0.531894 11.628919 -2.344771
v 0.378583 12.310413 -2.161458
v 0.364145 12.314305 -2.171789
v 0.364145 12.538959 -2.171789
v 0.359043 12.521637 -2.169720
v 0.441297 12.310413 -2.364269
v 0.451628 12.314305 -2.378706
v 0.469098 12.310413 -2.375546
v 0.451628 12.538959 -2.378706
v 0.449558 12.521637 -2.383808
v 0.444410 12.314305 -2.137853
v 0.444411 12.538959 -2.137853
v 0.531894 12.314305 -2.344771
v 0.531894 12.538959 -2.344771
v 0.364145 13.224351 -2.171789
v 0.359043 13.241673 -2.169720
v 0.378583 13.452897 -2.161458
v 0.364145 13.449004 -2.171789
v 0.451628 13.224351 -2.378706
v 0.449558 13.241673 -2.383808
v 0.469098 13.452897 -2.375547
v 0.451628 13.449004 -2.378706
v 0.444410 13.224351 -2.137853
v 0.444411 13.449004 -2.137853
v 0.531894 13.224351 -2.344771
v 0.531894 13.449004 -2.344771
v 0.718532 11.404265 -3.009995
v 0.713431 11.421586 -3.007926
v 0.732970 11.632811 -2.999664
v 0.718532 11.628919 -3.009995
v 0.806016 11.404265 -3.216913
v 0.803946 11.421586 -3.222013
v 0.823485 11.632811 -3.213752
v 0.806016 11.628919 -3.216913
v 0.798798 11.404265 -2.976059
v 0.798798 11.628919 -2.976059
v 0.886282 11.404265 -3.182977
v 0.886282 11.628919 -3.182977
v 0.732970 12.310413 -2.999664
v 0.718532 12.314305 -3.009995
v 0.718532 12.538959 -3.009995
v 0.713431 12.521637 -3.007926
v 0.806016 12.314305 -3.216913
v 0.823486 12.310413 -3.213752
v 0.806016 12.538959 -3.216913
v 0.803946 12.521637 -3.222013
v 0.798798 12.314305 -2.976059
v 0.798798 12.538959 -2.976059
v 0.886282 12.314305 -3.182977
v 0.886282 12.538959 -3.182977
v 0.718532 13.224351 -3.009995
v 0.713431 13.241673 -3.007926
v 0.732970 13.452897 -2.999664
v 0.718532 13.449004 -3.009995
v 0.806016 13.224351 -3.216913
v 0.803946 13.241673 -3.222013
v 0.823485 13.452897 -3.213752
v 0.806016 13.449004 -3.216913
v 0.798798 13.224351 -2.976059
v 0.798798 13.449004 -2.976059
v 0.886282 13.224351 -3.182977
v 0.886282 13.449004 -3.182977
v 1.072920 11.404265 -3.848200
v 1.067818 11.421586 -3.846130
v 1.087358 11.632811 -3.837869
v 1.072920 11.628919 -3.848200
v 1.160403 11.404265 -4.055118
v 1.158334 11.421586 -4.060220
v 1.177874 11.632811 -4.051959
v 1.160403 11.628919 -4.055118
v 1.153186 11.404265 -3.814264
v 1.153186 11.628919 -3.814264
v 1.240669 11.404265 -4.021182
v 1.240669 11.628919 -4.021182
v 1.087358 12.310413 -3.837869
v 1.072920 12.314305 -3.848200
v 1.072920 12.538959 -3.848200
v 1.067818 12.521637 -3.846130
v 1.160403 12.314305 -4.055118
v 1.177874 12.310413 -4.051959
v 1.160403 12.538959 -4.055118
v 1.158334 12.521637 -4.060220
v 1.153186 12.314305 -3.814264
v 1.153186 12.538959 -3.814264
v 1.240669 12.314305 -4.021182
v 1.240669 12.538959 -4.021182
v 1.072920 13.224351 -3.848200
v 1.067818 13.241673 -3.846130
v 1.087358 13.452897 -3.837869
v 1.072920 13.449004 -3.848200
v 1.160403 13.224351 -4.055118
v 1.158334 13.241673 -4.060220
v 1.177874 13.452897 -4.051959
v 1.160403 13.449004 -4.055118
v 1.153186 13.224351 -3.814264
v 1.153186 13.449004 -3.814264
v 1.240669 13.224351 -4.021182
v 1.240669 13.449004 -4.021182
v 1.778136 11.404265 -4.305998
v 1.778136 11.628919 -4.305998
v 1.812072 11.404265 -4.386264
v 1.810003 11.421586 -4.391366
v 1.812072 11.628919 -4.386264
v 1.801741 11.632811 -4.371826
v 1.985054 11.404265 -4.218515
v 1.985054 11.628919 -4.218515
v 2.018990 11.404265 -4.298781
v 2.024092 11.421586 -4.300850
v 2.015831 11.632811 -4.281310
v 2.018990 11.628919 -4.298781
v 1.778136 12.314305 -4.305998
v 1.778136 12.538959 -4.305998
v 1.801741 12.310413 -4.371826
v 1.812072 12.314305 -4.386264
v 1.812072 12.538959 -4.386264
v 1.810003 12.521637 -4.391366
v 1.985054 12.314305 -4.218515
v 1.985054 12.538959 -4.218515
v 2.018990 12.314305 -4.298781
v 2.015831 12.310413 -4.281310
v 2.018990 12.538959 -4.298781
v 2.024092 12.521637 -4.300850
v 1.778136 13.224351 -4.305998
v 1.781296 13.220459 -4.323469
v 1.778136 13.449004 -4.305998
v 1.773035 13.431682 -4.303929
v 1.812072 13.224351 -4.386264
v 1.812072 13.449004 -4.386264
v 1.995385 13.220459 -4.232953
v 1.985054 13.224351 -4.218515
v 1.985054 13.449004 -4.218515
v 1.987124 13.431682 -4.213414
v 2.018990 13.224351 -4.298781
v 2.018990 13.449004 -4.298781
v 2.616342 11.404265 -3.951611
v 2.616342 11.628919 -3.951611
v 2.650278 11.404265 -4.031877
v 2.648208 11.421586 -4.036978
v 2.650278 11.628919 -4.031877
v 2.639947 11.632811 -4.017438
v 2.823260 11.404265 -3.864127
v 2.823260 11.628919 -3.864127
v 2.857196 11.404265 -3.944393
v 2.862297 11.421586 -3.946463
v 2.854036 11.632811 -3.926923
v 2.857196 11.628919 -3.944393
v 2.616342 12.314305 -3.951611
v 2.616342 12.538959 -3.951611
v 2.639947 12.310413 -4.017438
v 2.650278 12.314305 -4.031877
v 2.650278 12.538959 -4.031877
v 2.648208 12.521637 -4.036978
v 2.823260 12.314305 -3.864127
v 2.823260 12.538959 -3.864127
v 2.857196 12.314305 -3.944393
v 2.854036 12.310413 -3.926923
v 2.857196 12.538959 -3.944393
v 2.862297 12.521637 -3.946463
v 2.616342 13.224351 -3.951611
v 2.619502 13.220459 -3.969081
v 2.616342 13.449004 -3.951611
v 2.611241 13.431682 -3.949542
v 2.650278 13.224351 -4.031877
v 2.650278 13.449004 -4.031877
v 2.833591 13.220459 -3.878566
v 2.823260 13.224351 -3.864127
v 2.823260 13.449004 -3.864127
v 2.825330 13.431682 -3.859026
v 2.857196 13.224351 -3.944393
v 2.857196 13.449004 -3.944393
v 3.454548 11.404265 -3.597223
v 3.454548 11.628919 -3.597223
v 3.488483 11.404265 -3.677489
v 3.486414 11.421586 -3.682590
v 3.488483 11.628919 -3.677489
v 3.478152 11.632811 -3.663051
v 3.661466 11.404265 -3.509739
v 3.661466 11.628919 -3.509739
v 3.695401 11.404265 -3.590005
v 3.700503 11.421586 -3.592075
v 3.692242 11.632811 -3.572535
v 3.695401 11.628919 -3.590005
v 3.454548 12.314305 -3.597223
v 3.454548 12.538959 -3.597223
v 3.478152 12.310413 -3.663051
v 3.488483 12.314305 -3.677489
v 3.488483 12.538959 -3.677489
v 3.486414 12.521637 -3.682590
v 3.661466 12.314305 -3.509739
v 3.661466 12.538959 -3.509739
v 3.695401 12.314305 -3.590005
v 3.692242 12.310413 -3.572535
v 3.695401 12.538959 -3.590005
v 3.700503 12.521637 -3.592075
v 3.454548 13.224351 -3.597223
v 3.457707 13.220459 -3.614694
v 3.454548 13.449004 -3.597223
v 3.449446 13.431682 -3.595154
v 3.488483 13.224351 -3.677489
v 3.488483 13.449004 -3.677489
v 3.671796 13.220459 -3.524178
v 3.661466 13.224351 -3.509739
v 3.661466 13.449004 -3.509739
v 3.663536 13.431682 -3.504639
v 3.695401 13.224351 -3.590005
v 3.695401 13.449004 -3.590005
v 0.798215 13.558120 -1.988267
v 0.798215 13.645267 -1.988267
v 0.885699 13.558120 -2.195184
v 0.885698 13.645267 -2.195184
v 1.005133 13.558120 -1.900783
v 1.005133 13.645267 -1.900784
v 1.092617 13.558120 -2.107701
v 1.092617 13.645267 -2.107701
v 1.152603 13.558120 -2.826472
v 1.152603 13.645267 -2.826472
v 1.240086 13.558120 -3.033391
v 1.240086 13.645267 -3.033391
v 1.359521 13.558120 -2.738989
v 1.359521 13.645267 -2.738989
v 1.447004 13.558120 -2.945907
v 1.447004 13.645267 -2.945907
v 1.506990 13.558120 -3.664678
v 1.506990 13.645267 -3.664678
v 1.594474 13.558120 -3.871596
v 1.594474 13.645267 -3.871596
v 1.713908 13.558120 -3.577194
v 1.713908 13.645267 -3.577194
v 1.801392 13.558120 -3.784112
v 1.801392 13.645267 -3.784112
v 1.636421 13.558120 -1.633879
v 1.636421 13.645267 -1.633879
v 1.723904 13.558120 -1.840797
v 1.723904 13.645267 -1.840797
v 1.843339 13.558120 -1.546396
v 1.843339 13.645267 -1.546396
v 1.930822 13.558120 -1.753313
v 1.930822 13.645267 -1.753313
v 1.990808 13.558120 -2.472085
v 1.990808 13.645267 -2.472085
v 2.078292 13.558120 -2.679003
v 2.078292 13.645267 -2.679003
v 2.197726 13.558120 -2.384601
v 2.197726 13.645267 -2.384601
v 2.285210 13.558120 -2.591519
v 2.285210 13.645267 -2.591519
v 2.345196 13.558120 -3.310290
v 2.345196 13.645267 -3.310290
v 2.432680 13.558120 -3.517208
v 2.432680 13.645267 -3.517208
v 2.552114 13.558120 -3.222806
v 2.552114 13.645267 -3.222806
v 2.639597 13.558120 -3.429725
v 2.639597 13.645267 -3.429725
v 2.474627 13.558120 -1.279492
v 2.474627 13.645267 -1.279492
v 2.562110 13.558120 -1.486409
v 2.562110 13.645267 -1.486409
v 2.681544 13.558120 -1.192008
v 2.681545 13.645267 -1.192008
v 2.769028 13.558120 -1.398926
v 2.769028 13.645267 -1.398926
v 2.829014 13.558120 -2.117697
v 2.829014 13.645267 -2.117697
v 2.916498 13.558120 -2.324615
v 2.916498 13.645267 -2.324615
v 3.035932 13.558120 -2.030214
v 3.035932 13.645267 -2.030214
v 3.123416 13.558120 -2.237132
v 3.123415 13.645267 -2.237132
v 3.183402 13.558120 -2.955902
v 3.183402 13.645267 -2.955902
v 3.270885 13.558120 -3.162820
v 3.270885 13.645267 -3.162820
v 3.390320 13.558120 -2.868419
v 3.390320 13.645267 -2.868419
v 3.477803 13.558120 -3.075337
v 3.477803 13.645267 -3.075337
v 1.552095 12.598627 -4.166017
v 1.594428 12.410338 -4.266145
v 1.594428 12.192920 -4.266145
v 1.552095 12.004630 -4.166017
v 1.702170 12.410338 -4.199034
v 1.702170 12.192920 -4.199034
v 1.529540 12.707335 -3.948586
v 1.616297 12.665376 -4.000883
v 1.747963 12.511640 -4.080251
v 1.783899 12.410338 -4.101914
v 1.783899 12.192920 -4.101914
v 1.747963 12.091619 -4.080251
v 1.616297 11.937882 -4.000883
v 1.529540 11.895922 -3.948586
v 1.640998 12.665376 -3.939997
v 1.790746 12.511640 -3.974793
v 1.831617 12.410338 -3.984290
v 1.831617 12.192920 -3.984290
v 1.790746 12.091619 -3.974793
v 1.640998 11.937882 -3.939997
v 1.629870 12.665376 -3.810681
v 1.810120 12.410338 -3.734473
v 1.810120 12.192920 -3.734473
v 1.629870 11.937882 -3.810681
v 1.595131 11.937882 -3.754910
v 1.518584 11.895922 -3.821261
v 1.544858 12.665376 -3.712604
v 1.645889 12.410338 -3.545001
v 1.645889 12.192920 -3.545001
v 1.589767 12.004630 -3.638103
v 1.544858 11.937882 -3.712604
v 1.483972 12.665376 -3.687903
v 1.418432 12.665376 -3.683226
v 1.410974 12.598627 -3.596557
v 1.401654 12.410338 -3.488248
v 1.401654 12.192920 -3.488248
v 1.410974 12.004630 -3.596557
v 1.241909 12.598627 -3.668036
v 1.170706 12.410338 -3.585893
v 1.170706 12.192920 -3.585893
v 1.241909 12.004630 -3.668036
v 1.298885 11.937882 -3.733769
v 1.256579 11.937882 -3.784044
v 1.231878 12.665376 -3.844930
v 1.147146 12.598627 -3.825240
v 1.041258 12.410338 -3.800635
v 1.041258 12.192920 -3.800635
v 1.231878 11.937882 -3.844930
v 1.328129 12.707335 -3.901784
v 1.227201 12.665376 -3.910469
v 1.243006 12.665376 -3.974245
v 1.062756 12.410338 -4.050453
v 1.062756 12.192920 -4.050453
v 1.243006 11.937882 -3.974245
v 1.277745 11.937882 -4.030016
v 1.328018 12.665376 -4.072322
v 1.283109 12.598627 -4.146822
v 1.226987 12.410338 -4.239923
v 1.226987 12.192920 -4.239923
v 1.283109 12.004630 -4.146822
v 1.328018 11.937882 -4.072322
v 1.471222 12.410338 -4.296678
v 1.471222 12.192920 -4.296678
v 1.478771 12.707335 -3.992591
v 1.478771 11.895922 -3.992591
v 1.676080 13.055014 -4.094993
v 1.676080 13.198323 -4.094993
v 1.741622 13.055014 -4.250015
v 1.741622 13.198323 -4.250015
v 2.162701 13.055014 -3.889253
v 2.162701 13.198323 -3.889253
v 2.228243 13.055014 -4.044275
v 2.228243 13.198323 -4.044275
v 3.760868 12.410338 -3.350189
v 3.760868 12.192920 -3.350189
v 3.718534 12.004630 -3.250062
v 3.797406 12.598627 -3.200933
v 3.841125 12.511640 -3.251371
v 3.782736 12.665376 -3.084927
v 3.857237 12.598627 -3.129836
v 3.914402 12.511640 -3.164295
v 3.950339 12.410338 -3.185958
v 3.950339 12.192920 -3.185958
v 3.807437 12.665376 -3.024041
v 3.957185 12.511640 -3.058838
v 3.998056 12.192920 -3.068335
v 3.892169 12.004630 -3.043730
v 3.807437 11.937882 -3.024041
v 3.965286 12.511640 -2.945321
v 4.007092 12.410338 -2.941724
v 4.007092 12.192920 -2.941724
v 3.976559 12.192920 -2.818517
v 3.796309 11.937882 -2.894725
v 3.711297 12.665376 -2.796648
v 3.812328 12.410338 -2.629045
v 3.812328 12.192920 -2.629045
v 3.711297 11.937882 -2.796648
v 3.650411 12.665376 -2.771947
v 3.650411 11.937882 -2.771947
v 3.584872 12.665376 -2.767270
v 3.577414 12.598627 -2.680601
v 3.568093 12.410338 -2.572292
v 3.568093 12.192920 -2.572292
v 3.577414 12.004630 -2.680601
v 3.584872 11.937882 -2.767270
v 3.444887 12.410338 -2.602825
v 3.444887 12.192920 -2.602825
v 3.408348 12.598627 -2.752081
v 3.337145 12.410338 -2.669937
v 3.337145 12.192920 -2.669937
v 3.408348 12.004630 -2.752081
v 3.255415 12.410338 -2.767056
v 3.255415 12.192920 -2.767056
v 3.398317 12.665376 -2.928974
v 3.313586 12.598627 -2.909285
v 3.207697 12.410338 -2.884679
v 3.207697 12.192920 -2.884679
v 3.313586 12.004630 -2.909285
v 3.494568 12.707335 -2.985828
v 3.393641 12.665376 -2.994513
v 3.306971 12.004630 -3.001970
v 3.494568 11.895922 -2.985828
v 3.409445 12.665376 -3.058289
v 3.229195 12.410338 -3.134497
v 3.229195 12.192920 -3.134497
v 3.329323 12.004630 -3.092164
v 3.494457 12.665376 -3.156366
v 3.393426 12.410338 -3.323968
v 3.393426 12.192920 -3.323968
v 3.449548 12.004630 -3.230867
v 3.578272 12.707335 -3.082396
v 3.555343 12.665376 -3.181067
v 3.535654 12.598627 -3.265799
v 3.535654 12.004630 -3.265799
v 3.578272 11.895922 -3.082396
v 3.628340 12.598627 -3.272413
v 3.637661 12.410338 -3.380722
v 3.094582 13.055014 -3.495259
v 3.094582 13.198323 -3.495259
v 3.160124 13.055014 -3.650282
v 3.160124 13.198323 -3.650282
v 3.581203 13.055014 -3.289519
v 3.581203 13.198323 -3.289519
v 3.646745 13.055014 -3.444542
v 3.646745 13.198323 -3.444542
v 2.348244 13.114346 -3.895311
v 2.348244 13.238996 -3.895311
v 2.396783 13.114346 -4.010117
v 2.396783 13.238996 -4.010117
v 2.969659 13.114346 -3.632581
v 2.969659 13.238996 -3.632581
v 3.018198 13.114346 -3.747386
v 3.018198 13.238996 -3.747386
v 1.617962 11.224624 -3.656280
v 1.609156 11.247234 -3.635452
v 1.597134 11.247234 -3.665086
v 1.609156 12.555984 -3.635452
v 1.617962 12.578597 -3.656280
v 1.597134 12.555984 -3.665086
v 2.332068 11.224624 -5.345299
v 2.311240 11.247234 -5.354105
v 2.340874 11.247234 -5.366127
v 2.332068 12.578597 -5.345299
v 2.340874 12.555984 -5.366127
v 2.311240 12.555984 -5.354105
v 3.306981 11.224624 -2.942174
v 3.327809 11.247234 -2.933369
v 3.298175 11.247234 -2.921346
v 3.306981 12.578597 -2.942174
v 3.298175 12.555984 -2.921346
v 3.327809 12.555984 -2.933369
v 4.021087 11.224624 -4.631193
v 4.029892 11.247234 -4.652021
v 4.041914 11.247234 -4.622387
v 4.021087 12.578597 -4.631193
v 4.041914 12.555984 -4.622387
v 4.029892 12.555984 -4.652021
v 2.320378 12.472769 -3.807695
v 2.320378 12.730516 -3.807695
v 2.849130 12.472769 -5.058311
v 2.849130 12.730516 -5.058311
v 2.926221 12.472769 -3.551549
v 2.926221 12.730516 -3.551549
v 3.454973 12.472769 -4.802165
v 3.454973 12.730516 -4.802165
v 1.724087 10.661303 -3.699333
v 1.716539 10.680685 -3.681480
v 1.706234 10.680685 -3.706881
v 1.716539 11.372449 -3.681480
v 1.724087 11.391832 -3.699333
v 1.706234 11.372449 -3.706881
v 2.238817 10.661303 -4.916786
v 2.220965 10.680685 -4.924334
v 2.246366 10.680685 -4.934639
v 2.238818 11.391832 -4.916787
v 2.246366 11.372449 -4.934640
v 2.220965 11.372449 -4.924335
v 3.263927 10.661303 -3.048299
v 3.281780 10.680685 -3.040751
v 3.256379 10.680685 -3.030446
v 3.263927 11.391832 -3.048299
v 3.256379 11.372449 -3.030446
v 3.281780 11.372449 -3.040751
v 3.778658 10.661303 -4.265752
v 3.786207 10.680685 -4.283606
v 3.796511 10.680685 -4.258204
v 3.778658 11.391832 -4.265751
v 3.796511 11.372449 -4.258204
v 3.786206 11.372449 -4.283605
v 2.406900 11.197709 -4.911158
v 2.406900 11.555460 -4.911158
v 2.526743 11.197709 -5.194614
v 2.526743 11.555460 -5.194614
v 3.657517 11.197709 -4.382406
v 3.657517 11.555460 -4.382406
v 3.777360 11.197709 -4.665862
v 3.777360 11.555460 -4.665862
v 2.738804 11.217426 -4.900815
v 2.738804 11.335734 -4.900815
v 2.732427 11.314083 -4.898228
v 2.804346 11.217426 -5.055837
v 2.804346 11.335734 -5.055837
v 2.801759 11.314083 -5.062213
v 3.418857 11.217426 -4.613294
v 3.397020 11.340600 -4.617243
v 3.418857 11.335734 -4.613294
v 3.484400 11.217426 -4.768315
v 3.484400 11.335734 -4.768315
v 3.466352 11.340600 -4.781229
v 2.588643 11.412154 -5.053569
v 2.588643 11.641033 -5.053569
v 2.629094 11.412154 -5.149243
v 2.629093 11.641033 -5.149241
v 2.730371 11.412154 -4.993648
v 2.730371 11.641033 -4.993648
v 2.770821 11.412154 -5.089320
v 2.770822 11.641033 -5.089322
v 2.769180 11.412154 -4.977240
v 2.769180 11.641033 -4.977240
v 2.809630 11.412154 -5.072914
v 2.809629 11.641033 -5.072912
v 2.910908 11.412154 -4.917318
v 2.910908 11.641033 -4.917318
v 2.951357 11.412154 -5.012990
v 2.951358 11.641033 -5.012992
v 2.949717 11.412154 -4.900910
v 2.949717 11.641033 -4.900910
v 2.990167 11.412154 -4.996584
v 2.990166 11.641033 -4.996582
v 3.091445 11.412154 -4.840988
v 3.091445 11.641033 -4.840988
v 3.131894 11.412154 -4.936660
v 3.131895 11.641033 -4.936662
v 3.130253 11.412154 -4.824580
v 3.130253 11.641033 -4.824580
v 3.170703 11.412154 -4.920254
v 3.170702 11.641033 -4.920252
v 3.271981 11.412154 -4.764658
v 3.271981 11.641033 -4.764658
v 3.312431 11.412154 -4.860331
v 3.312432 11.641033 -4.860332
v 3.310790 11.412154 -4.748250
v 3.310790 11.641033 -4.748250
v 3.351240 11.412154 -4.843925
v 3.351239 11.641033 -4.843923
v 3.452518 11.412154 -4.688329
v 3.452518 11.641033 -4.688329
v 3.492967 11.412154 -4.784001
v 3.492968 11.641033 -4.784003
v 3.491326 11.412154 -4.671921
v 3.491326 11.641033 -4.671921
v 3.531777 11.412154 -4.767595
v 3.531776 11.641033 -4.767593
v 3.633054 11.412154 -4.611999
v 3.633054 11.641033 -4.611999
v 3.673504 11.412154 -4.707671
v 3.673505 11.641033 -4.707673
v 1.675687 12.589393 -4.410191
v 1.634238 12.634394 -4.427716
v 1.641638 12.608412 -4.396378
v 1.646378 12.602573 -4.422583
v 1.675687 13.313927 -4.410191
v 1.634238 13.268926 -4.427716
v 1.641638 13.294907 -4.396378
v 1.646378 13.300746 -4.422583
v 1.675687 12.589393 -4.410191
v 1.634238 12.634394 -4.427716
v 1.646378 12.602573 -4.422583
v 1.661874 12.608412 -4.444240
v 1.675687 13.313927 -4.410191
v 1.634238 13.268926 -4.427716
v 1.661874 13.294907 -4.444240
v 1.646378 13.300746 -4.422583
v 2.260129 12.589393 -4.163093
v 2.301579 12.634394 -4.145569
v 2.289438 12.602573 -4.150702
v 2.273942 12.608412 -4.129044
v 2.260129 13.313927 -4.163093
v 2.301579 13.268926 -4.145569
v 2.273942 13.294907 -4.129044
v 2.289438 13.300746 -4.150702
v 2.260129 12.589393 -4.163093
v 2.301579 12.634394 -4.145569
v 2.294178 12.608412 -4.176907
v 2.289438 12.602573 -4.150702
v 2.260129 13.313927 -4.163093
v 2.301579 13.268926 -4.145569
v 2.289438 13.300746 -4.150702
v 2.294178 13.294907 -4.176907
v 1.707433 12.636643 -4.383197
v 1.672892 12.674147 -4.397800
v 1.697107 12.647628 -4.358772
v 1.679060 12.652494 -4.371686
v 1.672682 12.674147 -4.369098
v 1.707433 13.266674 -4.383197
v 1.672892 13.229174 -4.397800
v 1.697107 13.255691 -4.358772
v 1.679060 13.250826 -4.371686
v 1.672682 13.229175 -4.369098
v 1.725130 12.652494 -4.480653
v 1.725130 13.250826 -4.480653
v 2.218647 12.636643 -4.167059
v 2.253188 12.674147 -4.152455
v 2.230158 12.652494 -4.138685
v 2.232745 12.674147 -4.132308
v 2.208320 12.647628 -4.142634
v 2.218647 13.266674 -4.167059
v 2.253188 13.229174 -4.152455
v 2.208320 13.255691 -4.142634
v 2.230158 13.250826 -4.138685
v 2.232745 13.229175 -4.132308
v 2.276228 12.652494 -4.247652
v 2.276228 13.250826 -4.247652
v 1.731329 13.016816 -4.368701
v 1.731329 13.201519 -4.368701
v 1.792897 13.016816 -4.514321
v 1.792897 13.201519 -4.514321
v 1.901452 13.016816 -4.296774
v 1.901452 13.201519 -4.296774
v 1.963019 13.016816 -4.442394
v 1.963019 13.201519 -4.442394
v 2.051940 12.768950 -4.242972
v 2.047072 12.781451 -4.231457
v 2.040426 12.781451 -4.247840
v 2.047072 12.844654 -4.231457
v 2.051940 12.857155 -4.242972
v 2.040426 12.844654 -4.247840
v 2.112303 12.768950 -4.385742
v 2.100789 12.781451 -4.390610
v 2.117171 12.781451 -4.397256
v 2.112303 12.857155 -4.385742
v 2.117171 12.844654 -4.397256
v 2.100789 12.844654 -4.390610
v 2.110154 12.768950 -4.218359
v 2.121668 12.781451 -4.213491
v 2.105286 12.781451 -4.206845
v 2.110154 12.857155 -4.218359
v 2.105286 12.844654 -4.206845
v 2.121668 12.844654 -4.213491
v 2.170516 12.768950 -4.361130
v 2.175385 12.781451 -4.372644
v 2.182030 12.781451 -4.356262
v 2.170516 12.857155 -4.361130
v 2.182030 12.844654 -4.356262
v 2.175385 12.844654 -4.372644
v 3.223144 12.589393 -3.755937
v 3.181695 12.634394 -3.773461
v 3.189095 12.608412 -3.742123
v 3.193835 12.602573 -3.768329
v 3.223144 13.313927 -3.755937
v 3.181695 13.268926 -3.773461
v 3.189095 13.294907 -3.742123
v 3.193835 13.300746 -3.768329
v 3.223144 12.589393 -3.755937
v 3.181695 12.634394 -3.773461
v 3.193835 12.602573 -3.768329
v 3.209331 12.608412 -3.789986
v 3.223144 13.313927 -3.755937
v 3.181695 13.268926 -3.773461
v 3.209331 13.294907 -3.789986
v 3.193835 13.300746 -3.768329
v 3.807586 12.589393 -3.508839
v 3.849035 12.634394 -3.491314
v 3.836895 12.602573 -3.496447
v 3.821399 12.608412 -3.474790
v 3.807586 13.313927 -3.508839
v 3.849035 13.268926 -3.491314
v 3.821399 13.294907 -3.474790
v 3.836895 13.300746 -3.496447
v 3.807586 12.589393 -3.508839
v 3.849035 12.634394 -3.491314
v 3.841635 12.608412 -3.522652
v 3.836895 12.602573 -3.496447
v 3.807586 13.313927 -3.508839
v 3.849035 13.268926 -3.491314
v 3.836895 13.300746 -3.496447
v 3.841635 13.294907 -3.522652
v 3.254890 12.636643 -3.728942
v 3.220349 12.674147 -3.743546
v 3.244564 12.647628 -3.704517
v 3.226516 12.652494 -3.717432
v 3.220139 12.674147 -3.714844
v 3.254890 13.266674 -3.728942
v 3.220349 13.229174 -3.743546
v 3.244564 13.255691 -3.704517
v 3.226516 13.250826 -3.717432
v 3.220139 13.229175 -3.714844
v 3.272587 12.652494 -3.826399
v 3.272587 13.250826 -3.826399
v 3.766104 12.636643 -3.512805
v 3.800645 12.674147 -3.498201
v 3.777615 12.652494 -3.484431
v 3.780201 12.674147 -3.478054
v 3.755777 12.647628 -3.488380
v 3.766104 13.266674 -3.512805
v 3.800645 13.229174 -3.498201
v 3.755777 13.255691 -3.488380
v 3.777615 13.250826 -3.484431
v 3.780201 13.229175 -3.478054
v 3.823685 12.652494 -3.593398
v 3.823685 13.250826 -3.593398
v 3.278786 13.016816 -3.714447
v 3.278786 13.201519 -3.714447
v 3.340353 13.016816 -3.860067
v 3.340353 13.201519 -3.860067
v 3.448908 13.016816 -3.642520
v 3.448908 13.201519 -3.642520
v 3.510476 13.016816 -3.788140
v 3.510476 13.201519 -3.788140
v 3.599397 12.768950 -3.588717
v 3.594529 12.781451 -3.577203
v 3.587883 12.781451 -3.593585
v 3.594529 12.844654 -3.577203
v 3.599397 12.857155 -3.588717
v 3.587883 12.844654 -3.593585
v 3.659759 12.768950 -3.731488
v 3.648245 12.781451 -3.736356
v 3.664628 12.781451 -3.743002
v 3.659759 12.857155 -3.731488
v 3.664628 12.844654 -3.743002
v 3.648245 12.844654 -3.736356
v 3.657611 12.768950 -3.564105
v 3.669125 12.781451 -3.559237
v 3.652742 12.781451 -3.552590
v 3.657611 12.857155 -3.564105
v 3.652742 12.844654 -3.552590
v 3.669125 12.844654 -3.559237
v 3.717973 12.768950 -3.706876
v 3.722841 12.781451 -3.718390
v 3.729487 12.781451 -3.702008
v 3.717973 12.857155 -3.706876
v 3.729487 12.844654 -3.702008
v 3.722841 12.844654 -3.718390
v 1.264277 13.080255 -2.657653
v 1.256117 13.086909 -2.642718
v 1.248074 13.088589 -2.659040
v 0.452456 15.070715 -2.042661
v 0.451273 15.087120 -2.050621
v 0.444413 15.072392 -2.058984
v 1.344675 13.192633 -2.921497
v 1.328471 13.200968 -2.922884
v 1.343491 13.209042 -2.929456
v 0.531670 15.199498 -2.314464
v 0.539830 15.192842 -2.329400
v 0.524810 15.184770 -2.322828
v 1.530073 13.153938 -2.545276
v 1.536933 13.168668 -2.536913
v 1.521914 13.160596 -2.530341
v 0.717069 15.160806 -1.938244
v 0.718253 15.144398 -1.930285
v 0.733272 15.152472 -1.936856
v 1.610471 13.266317 -2.809120
v 1.609288 13.282723 -2.817079
v 1.617331 13.281045 -2.800756
v 0.797467 15.273181 -2.202087
v 0.813670 15.264846 -2.200700
v 0.805627 15.266526 -2.217022
v 0.911758 15.004060 -2.349848
v 0.911758 16.149513 -2.349848
v 0.096303 15.004060 -1.815337
v 0.411682 16.149513 -2.561277
v 0.411682 15.004060 -2.561277
v 0.096303 16.149513 -1.815337
v 0.596380 15.004060 -1.603909
v 0.596380 16.149513 -1.603909
v 0.357508 16.105190 -1.883838
v -0.209697 16.105190 -1.505012
v 0.135617 16.105190 -1.359015
v 0.012194 16.798466 -2.029834
v 0.012194 16.105190 -2.029834
v -0.209697 16.798466 -1.505012
v 0.357508 16.798466 -1.883838
v 0.135617 16.798466 -1.359015
v 2.571228 13.153938 -2.105083
v 2.566199 13.160596 -2.088824
v 2.560449 13.168668 -2.104177
v 2.695661 15.144398 -1.094250
v 2.702195 15.160806 -1.098946
v 2.689911 15.152472 -1.109603
v 2.704484 13.266317 -2.346579
v 2.693705 13.281045 -2.345673
v 2.711018 13.282723 -2.351275
v 2.835451 15.273181 -1.340441
v 2.840480 15.266526 -1.356700
v 2.823167 15.264846 -1.351098
v 2.837024 13.080256 -1.992705
v 2.849308 13.088592 -1.982049
v 2.831995 13.086913 -1.976448
v 2.967991 15.087120 -0.986569
v 2.961457 15.070715 -0.981873
v 2.978771 15.072392 -0.987475
v 2.970281 13.192631 -2.234202
v 2.976815 13.209039 -2.238898
v 2.982565 13.200966 -2.223545
v 3.101248 15.199498 -1.228065
v 3.112027 15.184770 -1.228970
v 3.106277 15.192842 -1.244323
v 2.861821 15.004060 -1.525375
v 2.861821 16.149513 -1.525375
v 3.046519 15.004060 -0.568006
v 3.361897 16.149513 -1.313946
v 3.361897 15.004060 -1.313946
v 3.046519 16.149513 -0.568006
v 2.546443 15.004060 -0.779435
v 2.546443 16.149513 -0.779435
v 2.913675 16.105190 -0.803107
v 2.913675 16.798466 -0.803107
v 3.037098 16.105190 -0.132289
v 3.258989 16.798466 -0.657111
v 3.258989 16.105190 -0.657111
v 3.037098 16.798466 -0.132289
v 2.691784 16.105190 -0.278285
v 2.691784 16.798466 -0.278285
v -0.004458 7.042226 2.191103
v -0.004458 7.760562 2.191103
v 0.080557 7.042226 1.990024
v 0.080557 7.760562 1.990024
v 0.242676 7.042226 2.295589
v 0.242676 7.760562 2.295589
v 0.327691 7.042226 2.094511
v 0.327691 7.760562 2.094511
v -0.121289 6.882121 2.467434
v -0.121289 7.650947 2.467434
v -0.036274 6.882121 2.266355
v -0.036274 7.650947 2.266355
v 0.125845 6.882121 2.571920
v 0.125845 7.650947 2.571920
v 0.210860 6.882121 2.370842
v 0.210860 7.650947 2.370842
v -0.238120 6.731299 2.743765
v -0.238120 7.504196 2.743765
v -0.153105 6.731299 2.542687
v -0.153105 7.504196 2.542687
v 0.009014 6.731299 2.848252
v 0.009014 7.504196 2.848252
v 0.094029 6.731299 2.647173
v 0.094029 7.504196 2.647173
v -0.354951 6.590511 3.020097
v -0.354951 7.317315 3.020097
v -0.269936 6.590511 2.819018
v -0.269936 7.317315 2.819018
v -0.107817 6.590511 3.124584
v -0.107817 7.317315 3.124584
v -0.022803 6.590511 2.923505
v -0.022803 7.317315 2.923505
v -0.471782 6.451280 3.296429
v -0.471782 7.124204 3.296429
v -0.386767 6.451280 3.095350
v -0.386767 7.124204 3.095350
v -0.224648 6.451280 3.400915
v -0.224648 7.124204 3.400915
v -0.139634 6.451280 3.199836
v -0.139634 7.124204 3.199836
v -0.588613 6.303698 3.572760
v -0.588613 6.964495 3.572760
v -0.503598 6.303698 3.371681
v -0.503598 6.964495 3.371681
v -0.341480 6.303698 3.677247
v -0.341480 6.964495 3.677247
v -0.256465 6.303698 3.476168
v -0.256465 6.964495 3.476168
v -0.705444 6.145536 3.849092
v -0.705444 6.847106 3.849092
v -0.620430 6.145536 3.648013
v -0.620430 6.847106 3.648013
v -0.458311 6.145536 3.953578
v -0.458311 6.847106 3.953578
v -0.373296 6.145536 3.752500
v -0.373296 6.847106 3.752500
v -0.822276 5.984292 4.125423
v -0.822276 6.742049 4.125423
v -0.737261 5.984292 3.924345
v -0.737261 6.742049 3.924345
v -0.575142 5.984292 4.229910
v -0.575142 6.742049 4.229910
v -0.490127 5.984292 4.028831
v -0.490127 6.742049 4.028831
v -0.939106 5.830296 4.401755
v -0.939106 6.607996 4.401755
v -0.854092 5.830296 4.200676
v -0.854092 6.607996 4.200676
v -0.691973 5.830296 4.506241
v -0.691973 6.607996 4.506241
v -0.606958 5.830296 4.305162
v -0.606958 6.607996 4.305162
v -1.055937 5.687216 4.678086
v -1.055937 6.430280 4.678086
v -0.970923 5.687216 4.477008
v -0.970923 6.430280 4.477008
v -0.808804 5.687216 4.782572
v -0.808804 6.430280 4.782572
v -0.723789 5.687216 4.581494
v -0.723789 6.430280 4.581494
v -1.172768 5.548684 4.954417
v -1.172768 6.234375 4.954417
v -1.087754 5.548684 4.753340
v -1.087754 6.234375 4.753340
v -0.925635 5.548684 5.058904
v -0.925635 6.234375 5.058904
v -0.840620 5.548684 4.857826
v -0.840620 6.234375 4.857826
v -1.289600 5.404149 5.230749
v -1.289600 6.062481 5.230749
v -1.204585 5.404149 5.029671
v -1.204585 6.062481 5.029671
v -1.042466 5.404149 5.335236
v -1.042466 6.062481 5.335236
v -0.957451 5.404149 5.134157
v -0.957451 6.062481 5.134157
v -2.353736 5.774162 0.758846
v -2.420717 6.145807 0.768373
v -2.195322 5.811450 0.417947
v -2.262303 6.183095 0.427474
v -0.891637 6.019567 1.465121
v -0.958617 6.391212 1.474648
v -0.733222 6.056856 1.124222
v -0.800203 6.428501 1.133749
v -2.132174 6.143291 0.529251
v -2.179466 6.619613 0.641107
v -2.053754 6.143291 0.597224
v -2.157761 6.619613 0.659920
v -2.030264 6.143291 0.698311
v -2.151259 6.619613 0.687899
v -2.070678 6.143291 0.793898
v -2.162445 6.619613 0.714355
v -2.159558 6.143291 0.847475
v -2.187045 6.619613 0.729184
v -2.262955 6.143291 0.838578
v -2.215663 6.619613 0.726722
v -2.341375 6.143291 0.770604
v -2.237368 6.619613 0.707908
v -2.364865 6.143291 0.669518
v -2.243870 6.619613 0.679929
v -2.324451 6.143291 0.573930
v -2.232684 6.619613 0.653473
v -2.235571 6.143291 0.520353
v -2.208084 6.619613 0.638644
v -4.155495 6.378165 0.256504
v -4.237075 6.674857 0.251217
v -4.029148 6.407933 -0.022530
v -4.110727 6.704625 -0.027817
v -2.321957 6.898104 1.142204
v -2.403537 7.194798 1.136917
v -2.195609 6.927873 0.863170
v -2.277189 7.224566 0.857883
v -3.940799 6.843324 0.068588
v -3.988091 7.319645 0.180444
v -3.862379 6.843324 0.136562
v -3.966386 7.319645 0.199258
v -3.838889 6.843324 0.237648
v -3.959884 7.319645 0.227236
v -3.879303 6.843324 0.333235
v -3.971070 7.319645 0.253693
v -3.968183 6.843324 0.386813
v -3.995671 7.319645 0.268521
v -4.071580 6.843324 0.377915
v -4.024288 7.319645 0.266059
v -4.150001 6.843324 0.309941
v -4.045994 7.319645 0.247245
v -4.173491 6.843324 0.208855
v -4.052495 7.319645 0.219267
v -4.133077 6.843324 0.113268
v -4.041309 7.319645 0.192811
v -4.044196 6.843324 0.059691
v -4.016709 7.319645 0.177981
v -5.510228 8.184465 -0.033724
v -5.583499 8.410458 -0.042759
v -5.413649 8.207140 -0.249784
v -5.486921 8.433132 -0.258819
v -4.097568 8.669766 0.648668
v -4.170840 8.895760 0.639633
v -4.000988 8.692441 0.432609
v -4.074261 8.918433 0.423574
v -5.347448 8.593410 -0.222122
v -5.394741 9.069729 -0.110266
v -5.269028 8.593410 -0.154148
v -5.373036 9.069729 -0.091452
v -5.245539 8.593410 -0.053062
v -5.366534 9.069729 -0.063474
v -5.285952 8.593410 0.042525
v -5.377720 9.069729 -0.037018
v -5.374832 8.593410 0.096103
v -5.402320 9.069729 -0.022189
v -5.478230 8.593410 0.087205
v -5.430938 9.069729 -0.024651
v -5.556651 8.593410 0.019231
v -5.452642 9.069729 -0.043464
v -5.580139 8.593410 -0.081855
v -5.459144 9.069729 -0.071443
v -5.539725 8.593410 -0.177442
v -5.447958 9.069729 -0.097899
v -5.450847 8.593410 -0.231020
v -5.423357 9.069729 -0.112728
v -6.408027 10.605895 -0.111754
v -6.456471 10.802765 -0.112677
v -6.324258 10.625648 -0.295324
v -6.372703 10.822518 -0.296247
v -5.503219 10.830598 0.325318
v -5.551665 11.027468 0.324394
v -5.419451 10.850350 0.141747
v -5.467897 11.047220 0.140824
v -6.267495 10.868516 -0.307099
v -6.314786 11.344840 -0.195243
v -6.189075 10.868516 -0.239126
v -6.293083 11.344840 -0.176430
v -6.165585 10.868516 -0.138040
v -6.286581 11.344840 -0.148452
v -6.205999 10.868516 -0.042452
v -6.297766 11.344840 -0.121995
v -6.294879 10.868516 0.011125
v -6.322367 11.344840 -0.107166
v -6.398276 10.868516 0.002227
v -6.350984 11.344840 -0.109629
v -6.476696 10.868516 -0.065746
v -6.372689 11.344840 -0.128442
v -6.500185 10.868516 -0.166832
v -6.379190 11.344840 -0.156420
v -6.459772 10.868516 -0.262420
v -6.368004 11.344840 -0.182877
v -6.370892 10.868516 -0.315997
v -6.343404 11.344840 -0.197706
v 1.381567 6.019568 2.426216
v 1.421399 6.391212 2.480902
v 1.515745 6.056856 2.075070
v 1.555576 6.428501 2.129756
v 2.906873 5.774162 2.982996
v 2.946704 6.145807 3.037682
v 3.041049 5.811450 2.631850
v 3.080881 6.183096 2.686536
v 2.917209 6.143291 2.664096
v 2.869917 6.619613 2.775952
v 2.995630 6.143291 2.732069
v 2.891623 6.619613 2.794765
v 3.019120 6.143291 2.833156
v 2.898124 6.619613 2.822744
v 2.978706 6.143291 2.928743
v 2.886938 6.619613 2.849200
v 2.889826 6.143291 2.982320
v 2.862338 6.619613 2.864029
v 2.786428 6.143291 2.973423
v 2.833720 6.619613 2.861567
v 2.708008 6.143291 2.905449
v 2.812015 6.619613 2.842753
v 2.684519 6.143291 2.804363
v 2.805514 6.619613 2.814775
v 2.724932 6.143291 2.708776
v 2.816699 6.619613 2.788318
v 2.813812 6.143291 2.655198
v 2.841300 6.619613 2.773489
v 2.609727 6.898104 3.227287
v 2.670357 7.194798 3.282125
v 2.721866 6.927873 2.942245
v 2.782496 7.224566 2.997084
v 4.522527 6.378165 3.925513
v 4.583158 6.674857 3.980352
v 4.634666 6.407933 3.640472
v 4.695297 6.704625 3.695310
v 4.507750 6.843324 3.640577
v 4.460458 7.319645 3.752433
v 4.586170 6.843324 3.708551
v 4.482163 7.319645 3.771247
v 4.609660 6.843324 3.809638
v 4.488664 7.319645 3.799225
v 4.569246 6.843324 3.905225
v 4.477479 7.319645 3.825682
v 4.480366 6.843324 3.958802
v 4.452879 7.319645 3.840511
v 4.376968 6.843324 3.949904
v 4.424260 7.319645 3.838048
v 4.298549 6.843324 3.881930
v 4.402556 7.319645 3.819235
v 4.275059 6.843324 3.780844
v 4.396054 7.319645 3.791256
v 4.315472 6.843324 3.685257
v 4.407239 7.319645 3.764800
v 4.404353 6.843324 3.631680
v 4.431840 7.319645 3.749971
v 4.200848 8.669766 4.157182
v 4.258379 8.895760 4.203449
v 4.288552 8.692439 3.937371
v 4.346083 8.918433 3.983638
v 5.674576 8.184465 4.695135
v 5.732107 8.410458 4.741402
v 5.762280 8.207140 4.475323
v 5.819811 8.433132 4.521591
v 5.696315 8.593410 4.447106
v 5.649023 9.069729 4.558962
v 5.774735 8.593410 4.515080
v 5.670727 9.069729 4.577775
v 5.798223 8.593410 4.616166
v 5.677229 9.069729 4.605754
v 5.757810 8.593410 4.711753
v 5.666043 9.069729 4.632211
v 5.668931 8.593410 4.765331
v 5.641443 9.069729 4.647039
v 5.565534 8.593410 4.756433
v 5.612825 9.069729 4.644577
v 5.487113 8.593410 4.688459
v 5.591121 9.069729 4.625763
v 5.463624 8.593410 4.587373
v 5.584620 9.069729 4.597785
v 5.587104 9.071726 4.606803
v 5.504037 8.593410 4.491786
v 5.604005 9.071726 4.566829
v 5.595805 9.069729 4.571329
v 5.592916 8.593410 4.438209
v 5.620405 9.069729 4.556499
v 5.412132 10.830598 4.940254
v 5.446548 11.027468 4.974364
v 5.485456 10.850352 4.752268
v 5.519870 11.047220 4.786377
v 6.356054 10.605895 5.284813
v 6.390467 10.802765 5.318922
v 6.429377 10.625648 5.096826
v 6.463790 10.822518 5.130935
v 6.398276 10.868516 5.047903
v 6.350984 11.344840 5.159759
v 6.476696 10.868516 5.115876
v 6.372689 11.344840 5.178572
v 6.500185 10.868516 5.216962
v 6.379190 11.344840 5.206551
v 6.459772 10.868516 5.312550
v 6.368004 11.344840 5.233006
v 6.370892 10.868516 5.366127
v 6.343404 11.344840 5.247836
v 6.267495 10.868516 5.357229
v 6.314787 11.344840 5.245373
v 6.189075 10.868516 5.289256
v 6.293083 11.344840 5.226560
v 6.165585 10.868516 5.188169
v 6.286582 11.344840 5.198582
v 6.205999 10.868516 5.092582
v 6.297767 11.344840 5.172125
v 6.294879 10.868516 5.039005
v 6.322367 11.344840 5.157296
v -1.519444 0.983339 1.185996
v -1.526991 1.002721 1.203849
v -1.537296 1.002721 1.178448
v -1.526991 2.849542 1.203849
v -1.519444 2.868923 1.185996
v -1.537296 2.849542 1.178448
v -1.072864 0.983339 0.129736
v -1.090716 1.002721 0.122188
v -1.065316 1.002721 0.111883
v -1.072864 2.868923 0.129736
v -1.065316 2.849542 0.111883
v -1.090716 2.849542 0.122188
v -0.559899 0.983339 1.591685
v -0.542046 1.002721 1.599233
v -0.567447 1.002721 1.609538
v -0.559899 2.868923 1.591685
v -0.567447 2.849542 1.609538
v -0.542046 2.849542 1.599233
v -0.113319 0.983339 0.535425
v -0.105771 1.002721 0.517572
v -0.095466 1.002721 0.542973
v -0.113319 2.868923 0.535425
v -0.095467 2.849542 0.542973
v -0.105771 2.849542 0.517572
v -1.420254 0.867496 0.918730
v -1.420254 1.584699 0.918730
v -1.059180 0.867496 0.064710
v -1.059180 1.584699 0.064710
v -0.566234 0.867496 1.279803
v -0.566234 1.584699 1.279803
v -0.205160 0.867496 0.425784
v -0.205160 1.584699 0.425784
v -1.350687 0.000000 0.859983
v -1.356977 0.016151 0.874860
v -1.365564 0.016151 0.853693
v -1.356977 1.526000 0.874860
v -1.350687 1.542152 0.859983
v -1.365564 1.526000 0.853693
v -0.994439 0.000000 0.017377
v -1.009316 0.016151 0.011087
v -0.988149 0.016151 0.002500
v -0.994439 1.542152 0.017377
v -0.988149 1.526000 0.002500
v -1.009316 1.526000 0.011087
v -0.572559 0.000000 1.188970
v -0.557682 0.016151 1.195260
v -0.578849 0.016151 1.203847
v -0.572559 1.542152 1.188970
v -0.578849 1.526000 1.203847
v -0.557682 1.526000 1.195260
v -0.216311 0.000000 0.346365
v -0.210021 0.016151 0.331488
v -0.201434 0.016151 0.352654
v -0.216311 1.542152 0.346365
v -0.201434 1.526000 0.352655
v -0.210021 1.526000 0.331488
v -1.190247 0.009672 0.701413
v -1.190247 0.292421 0.701413
v -0.801692 0.009672 -0.217606
v -0.801692 0.292421 -0.217606
v -0.570588 0.009672 0.963401
v -0.570588 0.292421 0.963401
v -0.182033 0.009672 0.044382
v -0.182033 0.292421 0.044382
v -0.963191 0.053542 -0.159540
v -0.972927 0.078543 -0.136512
v -0.986219 0.078543 -0.169276
v -0.972927 0.223550 -0.136512
v -0.963191 0.248551 -0.159540
v -0.986219 0.223550 -0.169276
v -0.805469 0.053542 -0.532588
v -0.828497 0.078543 -0.542324
v -0.795733 0.078543 -0.555615
v -0.805469 0.248551 -0.532588
v -0.795733 0.223550 -0.555615
v -0.828497 0.223550 -0.542324
v -0.829631 0.053542 -0.103072
v -0.806604 0.078543 -0.093336
v -0.839367 0.078543 -0.080044
v -0.829631 0.248551 -0.103072
v -0.839367 0.223550 -0.080044
v -0.806604 0.223550 -0.093336
v -0.671909 0.053542 -0.476119
v -0.662173 0.078543 -0.499147
v -0.648881 0.078543 -0.466383
v -0.671909 0.248551 -0.476119
v -0.648881 0.223550 -0.466383
v -0.662173 0.223550 -0.499147
v -0.723704 0.053542 -0.058286
v -0.733440 0.078543 -0.035259
v -0.746732 0.078543 -0.068022
v -0.733440 0.223550 -0.035259
v -0.723704 0.248551 -0.058286
v -0.746732 0.223550 -0.068022
v -0.565982 0.053542 -0.431334
v -0.589010 0.078543 -0.441070
v -0.556246 0.078543 -0.454362
v -0.565982 0.248551 -0.431334
v -0.556246 0.223550 -0.454362
v -0.589010 0.223550 -0.441070
v -0.590144 0.053542 -0.001818
v -0.567116 0.078543 0.007918
v -0.599880 0.078543 0.021210
v -0.590144 0.248551 -0.001818
v -0.599880 0.223550 0.021210
v -0.567116 0.223550 0.007918
v -0.432422 0.053542 -0.374866
v -0.422686 0.078543 -0.397893
v -0.409394 0.078543 -0.365130
v -0.432422 0.248551 -0.374866
v -0.409394 0.223550 -0.365130
v -0.422686 0.223550 -0.397893
v -0.484217 0.053542 0.042967
v -0.493953 0.078543 0.065995
v -0.507244 0.078543 0.033231
v -0.493953 0.223550 0.065995
v -0.484217 0.248551 0.042967
v -0.507244 0.223550 0.033231
v -0.326495 0.053542 -0.330081
v -0.349522 0.078543 -0.339816
v -0.316759 0.078543 -0.353108
v -0.326495 0.248551 -0.330081
v -0.316759 0.223550 -0.353108
v -0.349522 0.223550 -0.339816
v -0.350657 0.053542 0.099436
v -0.327629 0.078543 0.109172
v -0.360393 0.078543 0.122463
v -0.350657 0.248551 0.099436
v -0.360393 0.223550 0.122463
v -0.327629 0.223550 0.109172
v -0.192935 0.053542 -0.273612
v -0.183199 0.078543 -0.296640
v -0.169907 0.078543 -0.263876
v -0.192935 0.248551 -0.273612
v -0.169907 0.223550 -0.263876
v -0.183199 0.223550 -0.296640
v -0.244729 0.053542 0.144221
v -0.254465 0.078543 0.167248
v -0.267757 0.078543 0.134485
v -0.254465 0.223550 0.167248
v -0.244729 0.248551 0.144221
v -0.267757 0.223550 0.134485
v -0.087007 0.053542 -0.228827
v -0.110035 0.078543 -0.238563
v -0.077271 0.078543 -0.251854
v -0.087007 0.248551 -0.228827
v -0.077271 0.223550 -0.251854
v -0.110035 0.223550 -0.238563
v -0.111169 0.053542 0.200689
v -0.088142 0.078543 0.210425
v -0.120905 0.078543 0.223717
v -0.111169 0.248551 0.200689
v -0.120905 0.223550 0.223717
v -0.088142 0.223550 0.210425
v 0.046553 0.053542 -0.172359
v 0.056289 0.078543 -0.195386
v 0.069580 0.078543 -0.162623
v 0.046553 0.248551 -0.172359
v 0.069580 0.223550 -0.162623
v 0.056289 0.223550 -0.195386
v -0.722661 0.344956 -0.503744
v -0.853699 0.296924 -0.193810
v -0.862384 0.293965 -0.195294
v -0.671821 0.327023 -0.482249
v -0.824859 0.280727 -0.179429
v -0.828864 0.288163 -0.183310
v -0.640401 0.280070 -0.468965
v -0.813516 0.265226 -0.176821
v -0.640401 0.222033 -0.468965
v -0.813516 0.236876 -0.176821
v -0.671822 0.175080 -0.482249
v -0.828864 0.213940 -0.183310
v -0.740388 0.158324 -0.501277
v -0.722661 0.157146 -0.503743
v -0.726346 0.156298 -0.495026
v -0.864233 0.203756 -0.208356
v -0.853698 0.205179 -0.193810
v -0.850192 0.201730 -0.202105
v -0.764760 0.171831 -0.523861
v -0.773500 0.175080 -0.525238
v -0.878533 0.213940 -0.204310
v -0.804920 0.222033 -0.538522
v -0.893882 0.236876 -0.210799
v -0.889633 0.229633 -0.206815
v -0.804490 0.270901 -0.540659
v -0.804920 0.280070 -0.538522
v -0.889633 0.272470 -0.206815
v -0.893882 0.265226 -0.210799
v -0.787885 0.317037 -0.521359
v -0.773500 0.327023 -0.525238
v -0.777645 0.327709 -0.516715
v -0.887134 0.280281 -0.218038
v -0.878533 0.288163 -0.204310
v -0.876894 0.290953 -0.213394
v -0.489729 0.334084 -0.412666
v -0.499710 0.342538 -0.411800
v -0.492384 0.344956 -0.406384
v -0.623422 0.296924 -0.096451
v -0.441546 0.327023 -0.384890
v -0.598588 0.288163 -0.085951
v -0.410125 0.280070 -0.371606
v -0.408892 0.270901 -0.373402
v -0.583239 0.265226 -0.079462
v -0.410125 0.222033 -0.371606
v -0.583239 0.236876 -0.079462
v -0.441545 0.175080 -0.384890
v -0.598588 0.213940 -0.085951
v -0.510111 0.158324 -0.403918
v -0.492384 0.157146 -0.406384
v -0.496070 0.156298 -0.397667
v -0.633957 0.203756 -0.110996
v -0.623422 0.205179 -0.096451
v -0.619915 0.201730 -0.104746
v -0.543224 0.175080 -0.427879
v -0.648257 0.213940 -0.106951
v -0.574644 0.222033 -0.441163
v -0.663606 0.236876 -0.113440
v -0.574214 0.270901 -0.443300
v -0.574644 0.280070 -0.441163
v -0.663606 0.265226 -0.113440
v -0.534708 0.335101 -0.414317
v -0.543224 0.327023 -0.427879
v -0.547368 0.327709 -0.419355
v -0.633956 0.298347 -0.110996
v -0.648257 0.288163 -0.106951
v -0.646617 0.290953 -0.116035
v -0.262108 0.344956 -0.309025
v -0.393146 0.296924 0.000909
v -0.211269 0.327023 -0.287531
v -0.368311 0.288163 0.011408
v -0.179849 0.280070 -0.274246
v -0.352963 0.265226 0.017898
v -0.179849 0.222033 -0.274246
v -0.352963 0.236876 0.017898
v -0.205148 0.182242 -0.287261
v -0.211269 0.175080 -0.287531
v -0.368311 0.213940 0.011408
v -0.251527 0.158324 -0.294590
v -0.262108 0.157146 -0.309025
v -0.265794 0.156298 -0.300308
v -0.375372 0.203756 -0.001669
v -0.393146 0.205179 0.000909
v -0.389639 0.201730 -0.007386
v -0.312947 0.175080 -0.330519
v -0.317405 0.182242 -0.334723
v -0.417981 0.213940 -0.009591
v -0.344368 0.222033 -0.343804
v -0.433329 0.236876 -0.016081
v -0.344368 0.280070 -0.343804
v -0.433329 0.265226 -0.016081
v -0.304431 0.335101 -0.316958
v -0.312947 0.327023 -0.330519
v -0.317092 0.327709 -0.321996
v -0.403680 0.298347 -0.013637
v -0.417981 0.288163 -0.009591
v -0.416341 0.290953 -0.018676
v -0.049559 0.343779 -0.209199
v -0.031832 0.344956 -0.211666
v -0.035518 0.345805 -0.202948
v -0.173404 0.298346 0.083722
v -0.155754 0.293965 0.103464
v -0.162870 0.296924 0.098268
v -0.159363 0.300373 0.089973
v 0.019007 0.327023 -0.190171
v 0.025128 0.319860 -0.189902
v -0.138035 0.288163 0.108768
v 0.050428 0.280070 -0.176887
v -0.122687 0.265226 0.115257
v -0.128504 0.272470 0.114985
v 0.050428 0.222033 -0.176887
v -0.128504 0.229633 0.114985
v -0.122687 0.236876 0.115257
v 0.019007 0.175080 -0.190171
v -0.138035 0.213940 0.108768
v -0.021251 0.158324 -0.197231
v -0.031832 0.157146 -0.211666
v -0.035518 0.156298 -0.202948
v -0.145096 0.203756 0.095690
v -0.162870 0.205179 0.098268
v -0.159363 0.201730 0.089973
v -0.082671 0.175080 -0.233160
v -0.187704 0.213940 0.087768
v -0.114091 0.222033 -0.246444
v -0.203053 0.236876 0.081279
v -0.114091 0.280070 -0.246444
v -0.203053 0.265226 0.081279
v -0.082671 0.327023 -0.233160
v -0.073931 0.330272 -0.231783
v -0.187704 0.288163 0.087768
v -0.193279 0.280727 0.087599
v 1.059651 0.983339 2.276420
v 1.052103 1.002721 2.294272
v 1.041799 1.002721 2.268872
v 1.052103 2.849542 2.294272
v 1.059651 2.868923 2.276420
v 1.041799 2.849542 2.268872
v 1.506231 0.983339 1.220160
v 1.488379 1.002721 1.212612
v 1.513779 1.002721 1.202307
v 1.506231 2.868923 1.220159
v 1.513779 2.849542 1.202307
v 1.488379 2.849542 1.212611
v 2.019196 0.983339 2.682109
v 2.037048 1.002721 2.689657
v 2.011648 1.002721 2.699961
v 2.019196 2.868923 2.682109
v 2.011648 2.849542 2.699961
v 2.037048 2.849542 2.689657
v 2.465776 0.983339 1.625848
v 2.473324 1.002721 1.607996
v 2.483628 1.002721 1.633396
v 2.465776 2.868923 1.625848
v 2.483628 2.849542 1.633396
v 2.473324 2.849542 1.607996
v 1.287795 0.867496 2.063674
v 1.287795 1.584699 2.063674
v 1.648869 0.867496 1.209655
v 1.648869 1.584699 1.209655
v 2.141815 0.867496 2.424748
v 2.141815 1.584699 2.424748
v 2.502889 0.867496 1.570728
v 2.502889 1.584699 1.570728
v 1.357362 0.000000 2.004927
v 1.351072 0.016151 2.019804
v 1.342485 0.016151 1.998637
v 1.351072 1.526000 2.019804
v 1.357362 1.542152 2.004927
v 1.342485 1.526000 1.998637
v 1.713610 0.000000 1.162322
v 1.698733 0.016151 1.156032
v 1.719900 0.016151 1.147445
v 1.713610 1.542152 1.162322
v 1.719900 1.526000 1.147445
v 1.698733 1.526000 1.156032
v 2.135490 0.000000 2.333915
v 2.150367 0.016151 2.340205
v 2.129200 0.016151 2.348792
v 2.135490 1.542152 2.333915
v 2.129200 1.526000 2.348792
v 2.150367 1.526000 2.340204
v 2.491738 0.000000 1.491309
v 2.498028 0.016151 1.476432
v 2.506615 0.016151 1.497599
v 2.491738 1.542152 1.491309
v 2.506615 1.526000 1.497599
v 2.498028 1.526000 1.476432
v 1.517802 0.009672 1.846358
v 1.517802 0.292421 1.846358
v 1.906357 0.009672 0.927339
v 1.906357 0.292421 0.927339
v 2.137462 0.009672 2.108346
v 2.137462 0.292421 2.108346
v 2.526016 0.009672 1.189327
v 2.526016 0.292421 1.189327
v 1.744858 0.053542 0.985405
v 1.735122 0.078543 1.008433
v 1.721830 0.078543 0.975669
v 1.735122 0.223550 1.008433
v 1.744858 0.248551 0.985405
v 1.721830 0.223550 0.975669
v 1.902580 0.053542 0.612357
v 1.879552 0.078543 0.602621
v 1.912316 0.078543 0.589329
v 1.902580 0.248551 0.612357
v 1.912316 0.223550 0.589329
v 1.879552 0.223550 0.602621
v 1.878418 0.053542 1.041873
v 1.901446 0.078543 1.051609
v 1.868682 0.078543 1.064901
v 1.878418 0.248551 1.041873
v 1.868682 0.223550 1.064901
v 1.901446 0.223550 1.051609
v 2.036140 0.053542 0.668825
v 2.045876 0.078543 0.645798
v 2.059168 0.078543 0.678561
v 2.036140 0.248551 0.668825
v 2.059168 0.223550 0.678561
v 2.045876 0.223550 0.645798
v 1.984345 0.053542 1.086658
v 1.974609 0.078543 1.109686
v 1.961317 0.078543 1.076923
v 1.974609 0.223550 1.109686
v 1.984345 0.248551 1.086658
v 1.961317 0.223550 1.076923
v 2.142067 0.053542 0.713611
v 2.119039 0.078543 0.703875
v 2.151803 0.078543 0.690583
v 2.142067 0.248551 0.713611
v 2.151803 0.223550 0.690583
v 2.119039 0.223550 0.703875
v 2.117905 0.053542 1.143127
v 2.140933 0.078543 1.152863
v 2.108169 0.078543 1.166154
v 2.117905 0.248551 1.143127
v 2.108169 0.223550 1.166154
v 2.140933 0.223550 1.152863
v 2.275627 0.053542 0.770079
v 2.285363 0.078543 0.747051
v 2.298655 0.078543 0.779815
v 2.275627 0.248551 0.770079
v 2.298655 0.223550 0.779815
v 2.285363 0.223550 0.747051
v 2.223832 0.053542 1.187912
v 2.214097 0.078543 1.210940
v 2.200805 0.078543 1.178176
v 2.214097 0.223550 1.210940
v 2.223832 0.248551 1.187912
v 2.200805 0.223550 1.178176
v 2.381554 0.053542 0.814864
v 2.358527 0.078543 0.805128
v 2.391290 0.078543 0.791837
v 2.381554 0.248551 0.814864
v 2.391290 0.223550 0.791837
v 2.358527 0.223550 0.805128
v 2.357392 0.053542 1.244380
v 2.380420 0.078543 1.254116
v 2.347656 0.078543 1.267408
v 2.357392 0.248551 1.244380
v 2.347656 0.223550 1.267408
v 2.380420 0.223550 1.254116
v 2.515115 0.053542 0.871333
v 2.524850 0.078543 0.848305
v 2.538142 0.078543 0.881069
v 2.515115 0.248551 0.871333
v 2.538142 0.223550 0.881069
v 2.524850 0.223550 0.848305
v 2.463320 0.053542 1.289166
v 2.453584 0.078543 1.312193
v 2.440292 0.078543 1.279430
v 2.453584 0.223550 1.312193
v 2.463320 0.248551 1.289166
v 2.440292 0.223550 1.279430
v 2.621042 0.053542 0.916118
v 2.598014 0.078543 0.906382
v 2.630778 0.078543 0.893090
v 2.621042 0.248551 0.916118
v 2.630778 0.223550 0.893090
v 2.598014 0.223550 0.906382
v 2.596880 0.053542 1.345634
v 2.619907 0.078543 1.355370
v 2.587144 0.078543 1.368662
v 2.596880 0.248551 1.345634
v 2.587144 0.223550 1.368662
v 2.619907 0.223550 1.355370
v 2.754602 0.053542 0.972586
v 2.764338 0.078543 0.949559
v 2.777629 0.078543 0.982322
v 2.754602 0.248551 0.972586
v 2.777629 0.223550 0.982322
v 2.764338 0.223550 0.949559
v 1.967661 0.343779 0.643668
v 1.985388 0.344956 0.641201
v 1.981703 0.345805 0.649919
v 1.843816 0.298346 0.936589
v 1.854350 0.296924 0.951135
v 1.857857 0.300373 0.942840
v 2.036227 0.327023 0.662696
v 1.879185 0.288163 0.961635
v 2.067648 0.280070 0.675980
v 1.894534 0.265226 0.968124
v 2.067648 0.222033 0.675980
v 1.894534 0.236876 0.968124
v 2.042348 0.182242 0.662965
v 2.036227 0.175080 0.662696
v 1.879185 0.213940 0.961635
v 1.967661 0.158324 0.643668
v 1.985388 0.157146 0.641201
v 1.981703 0.156298 0.649919
v 1.843816 0.203756 0.936589
v 1.854350 0.205179 0.951135
v 1.857857 0.201730 0.942840
v 1.943289 0.171831 0.621083
v 1.934549 0.175080 0.619707
v 1.829516 0.213940 0.940635
v 1.903129 0.222033 0.606422
v 1.814167 0.236876 0.934146
v 1.903129 0.280070 0.606422
v 1.814167 0.265226 0.934146
v 1.934549 0.327023 0.619707
v 1.829516 0.288163 0.940635
v 2.215665 0.344956 0.738560
v 2.084627 0.296924 1.048494
v 2.266504 0.327023 0.760055
v 2.272625 0.319860 0.760325
v 2.109461 0.288163 1.058994
v 2.297924 0.280070 0.773339
v 2.124810 0.265226 1.065483
v 2.297924 0.222033 0.773339
v 2.124810 0.236876 1.065483
v 2.266504 0.175080 0.760055
v 2.109461 0.213940 1.058994
v 2.226246 0.158324 0.752995
v 2.215665 0.157146 0.738560
v 2.211979 0.156298 0.747278
v 2.102400 0.203756 1.045917
v 2.084627 0.205179 1.048494
v 2.088134 0.201730 1.040199
v 2.164825 0.175080 0.717066
v 2.059792 0.213940 1.037994
v 2.133405 0.222033 0.703782
v 2.044444 0.236876 1.031505
v 2.133405 0.280070 0.703782
v 2.044444 0.265226 1.031505
v 2.173342 0.335101 0.730628
v 2.160367 0.319860 0.712863
v 2.164825 0.327023 0.717066
v 2.160681 0.327709 0.725589
v 2.074093 0.298347 1.033948
v 2.059792 0.288163 1.037994
v 2.061432 0.290953 1.028910
v 2.445941 0.344956 0.835920
v 2.314903 0.296924 1.145853
v 2.496780 0.327023 0.857414
v 2.339737 0.288163 1.156353
v 2.528200 0.280070 0.870698
v 2.355086 0.265226 1.162843
v 2.528200 0.222033 0.870698
v 2.355086 0.236876 1.162843
v 2.496780 0.175080 0.857414
v 2.339737 0.213940 1.156353
v 2.456522 0.158324 0.850355
v 2.454929 0.159564 0.837402
v 2.445941 0.157146 0.835920
v 2.442255 0.156298 0.844637
v 2.332677 0.203756 1.143276
v 2.314903 0.205179 1.145853
v 2.318410 0.201730 1.137558
v 2.395102 0.175080 0.814425
v 2.290069 0.213940 1.135354
v 2.363682 0.222033 0.801141
v 2.364111 0.231202 0.799004
v 2.274720 0.236876 1.128864
v 2.363682 0.280070 0.801141
v 2.274720 0.265226 1.128864
v 2.403618 0.335101 0.827987
v 2.395102 0.327023 0.814425
v 2.390957 0.327709 0.822949
v 2.304369 0.298347 1.131308
v 2.290069 0.288163 1.135354
v 2.291708 0.290953 1.126269
v 2.676217 0.344956 0.933279
v 2.545179 0.296924 1.243212
v 2.536494 0.293965 1.241728
v 2.727056 0.327023 0.954773
v 2.570014 0.288163 1.253712
v 2.758476 0.280070 0.968058
v 2.759710 0.270901 0.966261
v 2.584427 0.256155 1.261994
v 2.585362 0.265226 1.260202
v 2.758476 0.222033 0.968058
v 2.585362 0.236876 1.260202
v 2.727056 0.175080 0.954773
v 2.719979 0.171831 0.949463
v 2.570014 0.213940 1.253713
v 2.658490 0.158324 0.935746
v 2.676217 0.157146 0.933279
v 2.672531 0.156298 0.941996
v 2.534645 0.203756 1.228667
v 2.545179 0.205179 1.243213
v 2.548686 0.201730 1.234918
v 2.625378 0.175080 0.911784
v 2.520345 0.213940 1.232713
v 2.593958 0.222033 0.898500
v 2.504996 0.236876 1.226223
v 2.593958 0.280070 0.898500
v 2.504996 0.265226 1.226223
v 2.610992 0.317037 0.915664
v 2.625378 0.327023 0.911785
v 2.621233 0.327709 0.920308
v 2.511744 0.280281 1.218984
v 2.520345 0.288163 1.232713
v 2.521984 0.290953 1.223628
v -4.520471 7.556619 1.026788
v -4.309916 8.546231 0.528781
v -4.157817 7.556619 1.180115
v -4.520471 8.546231 1.026788
v -3.947263 7.556619 0.682108
v -4.157817 8.546231 1.180115
v -4.309916 7.556619 0.528781
v -3.947263 8.546231 0.682108
v 3.804204 7.544796 4.509341
v 3.988171 8.558054 4.074218
v 4.308210 7.544796 4.722431
v 3.804204 8.558054 4.509341
v 3.988171 7.544796 4.074218
v 4.308210 8.558054 4.722431
v 4.492177 7.544796 4.287309
v 4.492177 8.558054 4.287309
v -2.657533 9.653272 -0.160136
v -2.657533 10.649779 -0.160136
v -2.025195 9.653272 0.107212
v -2.500413 10.649779 -0.531760
v -2.500413 9.653272 -0.531760
v -2.025195 10.649779 0.107212
v -1.868075 9.653272 -0.264411
v -1.868075 10.649779 -0.264411
v 3.103348 9.681510 2.239230
v 3.103348 10.621543 2.239230
v 3.845885 9.681510 2.553170
v 3.234431 10.621543 1.929189
v 3.234431 9.681510 1.929189
v 3.845885 10.621543 2.553170
v 3.976968 9.681510 2.243128
v 3.976968 10.621543 2.243128
v -4.900733 6.034909 -0.424120
v -4.237109 6.679432 -0.137954
v -4.854452 6.079858 -0.632681
v -4.190827 6.724380 -0.346515
v -4.748634 5.878302 -0.424121
v -4.085009 6.522826 -0.137954
v -4.702354 5.923250 -0.632682
v -4.038728 6.567773 -0.346515
v 4.726530 6.125847 3.664968
v 5.504973 6.625679 3.951134
v 4.780818 6.160706 3.456407
v 5.559261 6.660538 3.742573
v 4.844484 5.942144 3.664968
v 5.622926 6.441977 3.951133
v 4.898772 5.977002 3.456407
v 5.677215 6.476834 3.742573
v -0.976273 8.470425 3.544684
v -0.051254 8.470425 3.935776
v -0.976273 9.032494 3.544684
v 0.072780 8.470425 3.642409
v -0.852240 8.470425 3.251318
v -0.051254 9.032494 3.935776
v -0.852240 9.032494 3.251318
v 0.072780 9.032494 3.642409
vn -0.6513 0.7071 -0.2754
vn -0.3894 -0.0000 0.9211
vn -0.3759 -0.0000 -0.9266
vn -0.2754 -0.7071 0.6513
vn -0.7566 -0.5773 0.3069
vn 0.6513 0.7071 0.2754
vn -0.9266 -0.0000 0.3759
vn -0.7566 0.5773 0.3069
vn -0.2754 0.7071 0.6513
vn -0.6513 -0.7071 -0.2754
vn 0.9211 -0.0000 0.3894
vn -0.3069 -0.5774 -0.7566
vn -0.0000 1.0000 -0.0000
vn -0.3069 0.5774 -0.7566
vn 0.2754 -0.7071 -0.6513
vn 0.6513 -0.7071 0.2754
vn -0.9211 -0.0000 -0.3894
vn 0.3759 -0.0000 0.9266
vn 0.3069 -0.5774 0.7566
vn 0.3069 0.5774 0.7566
vn -0.0000 -1.0000 -0.0000
vn 0.3894 -0.0000 -0.9211
vn 0.7566 -0.5774 -0.3069
vn 0.7566 0.5773 -0.3069
vn 0.2754 0.7071 -0.6513
vn 0.3871 0.0109 -0.9220
vn -0.8108 -0.0181 -0.5850
vn 0.3847 0.1549 -0.9099
vn -0.2149 0.9744 -0.0665
vn 0.7122 -0.0000 -0.7019
vn 0.3525 -0.9239 0.1490
vn -0.0073 -0.0000 1.0000
vn -0.0603 0.9879 0.1426
vn -0.9381 -0.0094 -0.3462
vn 0.1426 -0.9879 0.0603
vn 0.1036 0.9746 -0.1984
vn -0.1236 -0.3296 -0.9360
vn 0.9288 -0.1494 0.3390
vn -0.3466 -0.0115 0.9380
vn -0.0603 -0.9879 0.1426
vn 0.1740 -0.0181 -0.9846
vn -0.3465 -0.0018 0.9380
vn -0.1740 0.0181 0.9846
vn -0.3847 0.1549 0.9099
vn -0.1382 0.9881 -0.0675
vn 0.1985 -0.9746 0.1036
vn 0.3525 0.9239 0.1490
vn -0.3344 -0.8993 0.2817
vn 0.3803 -0.0465 -0.9237
vn -0.4318 0.0094 0.9019
vn -0.5858 0.0225 0.8102
vn 0.1730 0.0225 -0.9847
vn -0.9099 0.1549 -0.3847
vn -0.1426 0.9879 -0.0603
vn -0.2126 0.9746 -0.0702
vn -0.4318 -0.0094 0.9019
vn 0.1403 -0.9883 0.0593
vn -0.2421 -0.0000 0.9703
vn -0.9703 -0.0000 -0.2421
vn 0.2421 -0.0000 -0.9703
vn 0.5274 -0.0000 -0.8496
vn 0.9183 -0.0000 0.3959
vn 0.7123 -0.0000 -0.7019
vn 0.8496 -0.0000 0.5274
vn -0.9186 -0.0128 -0.3949
vn 0.3552 0.0987 -0.9296
vn -0.1426 -0.9879 -0.0603
vn 0.9187 -0.0000 0.3949
vn -0.9167 0.2182 -0.3346
vn -0.8108 0.0181 -0.5850
vn 0.3524 0.9239 0.1490
vn 0.9099 0.1549 0.3847
vn 0.3925 0.1536 -0.9068
vn -0.8906 0.2231 -0.3962
vn 0.3894 -0.0059 -0.9210
vn 0.5858 0.0225 -0.8102
vn 0.3466 0.0115 -0.9380
vn 0.1447 0.9881 0.0521
vn -0.1740 -0.0181 0.9846
vn -0.9380 -0.0115 -0.3465
vn -0.5850 0.0181 0.8108
vn 0.4318 0.0094 -0.9019
vn 0.4314 0.0115 -0.9021
vn -0.5850 -0.0181 0.8108
vn -0.0118 -0.9999 -0.0050
vn 0.0037 1.0000 0.0092
vn -0.2433 0.0084 0.9699
vn -0.9237 -0.0465 -0.3803
vn 0.0465 0.9989 0.0094
vn 0.9019 -0.0094 0.4318
vn -0.9164 -0.0465 -0.3976
vn 0.3894 0.0059 -0.9210
vn 0.1382 -0.9881 0.0675
vn -0.9210 -0.0128 -0.3894
vn 0.1426 0.9879 0.0603
vn 0.9846 -0.0181 0.1740
vn -0.7122 -0.0000 0.7020
vn -0.3525 0.9239 -0.1490
vn 0.0073 -0.0000 -1.0000
vn 0.9846 0.0181 0.1740
vn -0.7122 -0.0000 0.7019
vn 0.2125 0.9746 0.0702
vn -0.9381 0.0094 -0.3462
vn -0.7651 -0.0000 0.6439
vn -0.1773 0.9838 0.0252
vn -0.9234 -0.0000 -0.3838
vn -0.4106 -0.0967 0.9067
vn -0.3525 -0.9239 -0.1490
vn -0.5274 -0.0000 0.8496
vn -0.2125 0.9746 -0.0702
vn -0.9699 0.0084 -0.2433
vn -0.0391 -0.9989 -0.0268
vn 0.0418 -0.9989 0.0196
vn 0.3894 -0.0060 -0.9210
vn 0.9210 0.0128 0.3894
vn 0.3465 0.0115 -0.9380
vn -0.1731 0.0225 0.9846
vn -0.0268 0.9989 0.0391
vn -0.9177 -0.0000 -0.3973
vn 0.2120 0.2059 -0.9553
vn -0.9021 0.0115 -0.4314
vn 0.9237 -0.0000 0.3831
vn 0.0042 -0.3138 -0.9495
vn 0.3462 0.0094 -0.9381
vn 0.6967 -0.7174 -0.0000
vn -0.9047 -0.2231 -0.3628
vn 0.5850 -0.0181 -0.8108
vn 0.1731 0.0225 -0.9846
vn -0.3771 0.1536 0.9134
vn -0.4312 -0.0169 0.9021
vn -0.4314 -0.0115 0.9021
vn 0.3462 -0.0094 -0.9381
vn -0.9237 -0.0070 -0.3830
vn 0.8102 -0.0225 0.5858
vn -0.9047 0.2231 -0.3628
vn -0.9847 -0.0225 -0.1730
vn 0.3894 -0.0133 -0.9210
vn 0.1740 0.0181 -0.9846
vn -0.1403 -0.9883 -0.0593
vn -0.0593 0.9883 0.1403
vn -0.0593 -0.9883 0.1403
vn -0.0391 -0.9989 -0.0267
vn 0.9237 0.0130 0.3830
vn 0.5851 0.0181 -0.8108
vn -0.3524 0.9239 -0.1490
vn 0.9019 0.0094 0.4318
vn -0.3462 0.0094 0.9381
vn -0.7019 -0.0000 -0.7123
vn 0.1490 -0.9239 -0.3525
vn 1.0000 -0.0000 0.0073
vn -0.3462 -0.0094 0.9381
vn -0.0094 -0.9989 0.0465
vn 0.1984 -0.9746 0.1036
vn 0.8243 -0.3110 -0.4730
vn 0.0178 0.9998 0.0075
vn -0.9210 -0.0059 -0.3894
vn 0.1490 0.9239 -0.3525
vn 0.0465 -0.9989 0.0094
vn 0.1236 -0.3296 0.9360
vn -0.7019 -0.0000 -0.7122
vn 0.3714 -0.0000 0.9285
vn 0.9096 -0.0064 -0.4155
vn -1.0000 -0.0000 -0.0000
vn 0.3644 0.0967 -0.9262
vn -0.1970 -0.9641 -0.1782
vn 0.4318 -0.0094 -0.9019
vn 0.9068 0.1536 0.3925
vn 0.1741 -0.0181 -0.9846
vn -0.9164 0.0465 -0.3976
vn 0.0702 -0.9746 -0.2125
vn 0.0065 1.0000 0.0027
vn -0.9238 -0.0000 -0.3829
vn -0.0465 0.9989 -0.0094
vn -0.9210 0.0086 -0.3894
vn -0.2487 -0.1597 0.9553
vn 0.5857 0.0225 -0.8102
vn 0.3598 -0.3827 -0.8509
vn 0.8510 -0.3827 0.3598
vn -0.3598 -0.3827 0.8510
vn -0.1382 -0.9881 -0.0675
vn 0.4314 -0.0115 -0.9021
vn 0.8503 -0.0084 0.5262
vn -0.8509 -0.3827 -0.3598
vn 0.3598 -0.3827 -0.8510
vn 0.8509 -0.3827 0.3598
vn -0.3598 -0.3827 0.8509
vn -0.9184 -0.0000 -0.3957
vn 0.5858 0.0225 -0.8101
vn -0.1427 0.9879 -0.0603
vn -0.4314 0.0115 0.9021
vn 0.4311 -0.0022 -0.9023
vn -0.8510 -0.3827 -0.3598
vn 0.0429 -0.9990 0.0157
vn -0.5262 -0.0084 0.8503
vn 0.3470 -0.0022 -0.9379
vn 0.0582 -0.9888 -0.1377
vn 0.5262 -0.0084 -0.8503
vn -0.9210 -0.0070 -0.3894
vn -0.0069 -0.9998 -0.0169
vn 0.3962 0.2232 -0.8906
vn -0.3873 0.2210 0.8951
vn -0.3759 -0.0000 -0.9267
vn -0.6513 -0.7071 -0.2753
vn -0.9267 -0.0000 0.3759
vn -0.7566 0.5774 0.3069
vn -0.3070 -0.5773 -0.7566
vn 0.3760 -0.0000 0.9266
vn -0.3070 0.5773 -0.7566
vn 0.3070 -0.5773 0.7566
vn 0.3069 0.5773 0.7566
vn 0.7566 -0.5773 -0.3069
vn 0.7566 0.5774 -0.3069
vn -0.3147 0.4417 -0.8401
vn 0.9267 -0.0000 -0.3759
vn -0.7566 -0.5774 0.3069
vn 0.9266 -0.0000 -0.3759
vn 0.3759 -0.0000 0.9267
vn -0.7489 0.6412 -0.1674
vn -0.2752 0.3643 0.8897
vn 0.3069 -0.5773 0.7566
vn 0.3070 0.5773 0.7566
vn -0.2699 -0.3773 0.8859
vn 0.3070 0.5774 0.7566
vn 0.0647 -0.8978 0.4355
vn 0.3147 -0.4417 0.8401
vn -0.9474 -0.0918 0.3065
vn -0.3069 -0.5773 -0.7566
vn 0.7566 -0.5774 -0.3070
vn 0.7566 0.5774 -0.3070
vn -0.0391 0.9989 -0.0268
vn -0.0648 0.8979 -0.4355
vn -0.3069 0.5773 -0.7566
vn 0.3070 -0.5774 0.7566
vn 0.5899 -0.8060 -0.0496
vn 0.2296 0.9424 0.2431
vn -0.2895 0.1405 0.9468
vn 0.5677 -0.4862 0.6643
vn 0.2651 -0.9641 0.0172
vn -0.0949 0.9750 -0.2010
vn -0.3575 -0.8978 0.2570
vn 0.4474 0.3773 -0.8108
vn 0.2752 -0.3643 -0.8897
vn -0.4635 0.8841 -0.0590
vn 0.9869 0.0123 -0.1609
vn -0.3465 0.0018 0.9380
vn -0.3759 -0.0049 -0.9266
vn 0.9210 0.0070 0.3894
vn -0.9266 -0.0049 0.3759
vn 0.9829 0.1843 -0.0000
vn 0.3982 0.0057 -0.9173
vn -0.9003 -0.4315 0.0574
vn 0.5861 -0.4315 0.6858
vn -0.8903 -0.1494 -0.4301
vn 0.4194 0.0987 -0.9024
vn -0.4194 -0.0987 0.9024
vn -0.8721 -0.4862 0.0556
vn 0.4132 0.0974 -0.9054
vn 0.2126 0.9746 0.0702
vn -0.4043 -0.0224 0.9144
vn -0.8096 0.5697 -0.1411
vn -0.7566 -0.5774 0.3070
vn 0.6712 0.6704 -0.3163
vn -0.9288 0.1494 -0.3390
vn 0.2753 -0.7071 -0.6513
vn -0.0582 -0.8924 -0.4474
vn -0.3689 -0.0954 0.9246
vn -0.9210 -0.0086 -0.3894
vn 0.4402 -0.0919 0.8932
vn -0.3070 -0.5774 -0.7566
vn -0.8219 -0.4417 0.3596
vn -0.5403 0.8415 -0.0000
vn 0.9846 -0.0225 0.1731
vn -0.7566 0.5774 0.3070
vn -0.8924 0.2474 -0.3773
vn 0.4465 -0.3642 -0.8173
vn 0.9995 -0.0312 -0.0000
vn 0.6883 0.6153 0.3843
vn 0.9380 0.0115 0.3466
vn 0.8311 0.5534 0.0551
vn -0.8951 0.2357 -0.3785
vn 0.9021 -0.0115 0.4314
vn 0.3466 -0.0115 -0.9380
vn 0.5857 -0.0225 -0.8102
vn -0.1731 0.0225 0.9847
vn -0.0816 0.4753 0.8761
vn 0.1731 0.0225 -0.9847
vn -0.1975 -0.9743 -0.1079
vn 0.1731 -0.0225 -0.9846
vn 0.9380 0.0115 0.3465
vn -0.1985 -0.9746 -0.1036
vn 0.1427 0.9879 0.0603
vn -0.9380 0.0115 -0.3465
vn 0.3465 -0.0115 -0.9380
vn -0.2151 -0.9743 -0.0665
vn -0.3466 0.0115 0.9380
vn 0.9847 0.0225 0.1731
vn -0.4311 -0.0169 0.9021
vn -0.0033 1.0000 0.0079
vn 0.9021 0.0115 0.4314
vn 0.0448 0.9989 0.0106
vn -0.5858 -0.0225 0.8102
vn 0.0033 -1.0000 -0.0079
vn -0.8102 0.0225 -0.5857
vn -0.0412 -0.9990 -0.0198
vn -0.8102 0.0225 -0.5858
vn -0.8102 -0.0225 -0.5858
vn -0.9846 -0.0225 -0.1731
vn -0.1731 -0.0225 0.9846
vn 0.9847 0.0225 0.1730
vn 0.9847 -0.0225 0.1731
vn -0.9380 -0.0115 -0.3466
vn -0.0469 -0.9989 -0.0074
vn -0.1447 -0.9881 -0.0521
vn -0.4001 0.9162 -0.0201
vn 0.1620 -0.9625 0.2177
vn -0.5857 -0.0225 0.8102
vn 0.3892 -0.0361 -0.9205
vn -0.3616 -0.8780 -0.3135
vn -0.0709 -0.0898 -0.9934
vn 0.6104 0.5895 0.5291
vn 0.2546 0.5697 0.7814
vn -0.0223 -0.8479 -0.5297
vn -0.2652 0.9364 -0.2299
vn 0.8311 -0.5534 0.0551
vn 0.8454 0.0898 0.5266
vn 0.7858 -0.6031 0.1369
vn 0.1984 -0.4813 0.8538
vn 0.2263 -0.0000 0.9740
vn 0.3871 -0.0109 -0.9220
vn -0.3413 -0.4813 0.8074
vn -0.3413 0.4813 0.8074
vn -0.7507 0.4813 0.4525
vn 0.8564 -0.0000 -0.5163
vn 0.3128 -0.1091 -0.9435
vn -0.8564 -0.0000 0.5163
vn 0.2546 -0.5697 0.7814
vn 0.3930 -0.0434 -0.9185
vn 0.6104 -0.5895 0.5291
vn -0.7556 -0.0000 -0.6550
vn -0.0649 -0.4103 -0.9096
vn -0.0601 0.5359 -0.8422
vn 0.9963 -0.0000 0.0857
vn 0.6550 -0.0000 -0.7556
vn -0.7379 -0.5697 0.3618
vn 0.1371 0.9879 0.0723
vn -0.9963 -0.0000 -0.0857
vn 0.6860 -0.5824 0.4361
vn -0.6653 -0.5697 -0.4825
vn 0.7556 -0.0000 0.6550
vn 0.6653 -0.5697 0.4825
vn 0.3497 -0.9364 0.0301
vn 0.0712 -0.0000 0.9975
vn -0.2904 0.8963 0.3351
vn -0.3325 -0.5207 0.7863
vn -0.3325 0.5207 0.7863
vn -0.0380 -0.8963 0.4418
vn -0.7311 -0.5207 0.4407
vn -0.7311 0.5207 0.4407
vn -0.8048 -0.5895 -0.0693
vn -0.8852 -0.4589 -0.0762
vn -0.6624 -0.4813 -0.5741
vn -0.6611 0.5770 -0.4795
vn -0.2350 0.3110 -0.9209
vn 0.9689 -0.0000 0.2473
vn 0.6513 -0.7071 0.2753
vn -0.4465 0.3643 0.8173
vn -0.4402 0.0919 -0.8932
vn -0.3070 0.5774 -0.7566
vn -0.2753 -0.7072 0.6512
vn 0.7567 0.5773 -0.3069
vn -0.4023 -0.0194 0.9153
vn 0.3575 0.8979 -0.2570
vn -0.8867 0.4561 -0.0759
vn 0.2699 0.3773 -0.8859
vn 0.7565 -0.5774 -0.3070
vn -0.6722 -0.4561 -0.5832
vn 0.8219 0.4417 -0.3596
vn 0.3723 0.2210 -0.9014
vn -0.3851 -0.0434 0.9219
vn -0.8102 -0.0225 -0.5857
vn -0.1508 -0.9885 0.0067
vn 0.5243 0.6708 -0.5245
vn 0.8951 0.2357 0.3785
vn 0.5239 -0.0000 0.8518
vn 0.9760 -0.0000 -0.2176
vn -0.2261 -0.8143 0.5347
vn -0.2261 -0.8142 0.5347
vn -0.9760 -0.0000 0.2176
vn 0.2261 -0.8142 -0.5347
vn -0.5239 -0.0000 -0.8518
vn -0.2261 0.8142 0.5347
vn -0.8525 -0.0000 -0.5228
vn 0.0582 0.9888 -0.1377
vn -1.0000 -0.0000 -0.0073
vn 0.7019 -0.0000 0.7122
vn -0.1490 -0.9239 0.3525
vn -0.1490 0.9239 0.3525
vn 0.9663 0.1259 -0.2245
vn 0.2753 0.7071 -0.6513
vn -0.2753 0.7071 0.6513
vn 0.2261 0.8142 -0.5347
vn 0.1984 -0.9746 0.1035
vn 0.0172 0.9991 0.0392
vn -0.0418 -0.9989 -0.0196
vn -0.2125 -0.9746 -0.0702
vn -0.5899 0.8060 0.0496
vn -0.4624 -0.8759 0.1377
vn 0.8867 -0.4561 0.0759
vn 0.3753 0.8060 0.4577
vn -0.8798 0.1546 0.4495
vn -0.1506 -0.4402 -0.8852
vn -0.5681 0.5903 -0.5735
vn 0.6722 0.4561 0.5832
vn 0.5681 -0.5902 0.5735
vn -0.3753 -0.8060 -0.4577
vn 0.1505 0.4402 0.8852
vn 0.8924 0.2474 0.3773
vn 0.8798 -0.1546 -0.4495
vn 0.4625 0.8759 -0.1377
vn 0.5858 -0.0225 -0.8101
vn 0.2295 0.2726 0.9344
vn 0.8301 -0.2726 -0.4864
vn -0.8974 0.2955 -0.3276
vn 0.8102 0.4757 0.3425
vn -0.8102 0.4757 -0.3425
vn -0.9835 -0.0000 0.1810
vn 0.9474 0.0919 -0.3066
vn -0.8072 -0.5902 -0.0080
vn -0.4474 -0.3773 0.8108
vn -0.7398 0.4403 0.5087
vn -0.2906 -0.1546 -0.9443
vn -0.3615 0.8924 0.2699
vn -0.2233 0.8759 -0.4276
vn -0.0601 -0.5359 -0.8422
vn 0.2234 -0.8759 0.4277
vn 0.0582 0.8924 0.4474
vn 0.2906 0.1546 0.9443
vn 0.7399 -0.4402 -0.5087
vn -0.8924 -0.2474 -0.3773
vn 0.8072 0.5902 0.0080
vn -0.2295 0.2726 -0.9344
vn 0.4121 -0.6704 0.6170
vn -0.8243 -0.3110 0.4731
vn 0.2350 0.3110 0.9209
vn -0.9983 -0.0585 -0.0000
vn -0.9923 -0.1240 -0.0000
vn -0.9102 0.2474 -0.3322
vn 0.9738 -0.0000 -0.2274
vn -0.8301 -0.2726 0.4864
vn -0.0432 0.9989 -0.0163
vn 0.5788 -0.4542 0.6773
vn 0.8903 0.1494 0.4301
vn 0.6460 -0.5359 -0.5436
vn -0.2420 -0.9506 -0.1946
vn 0.8725 0.2474 0.4214
vn -0.4316 -0.0139 0.9020
vn -0.8891 -0.4542 0.0567
vn 0.4106 0.0967 -0.9067
vn 0.1773 -0.9838 -0.0252
vn 0.1054 0.9838 0.1448
vn 0.9466 0.2357 -0.2200
vn 0.5017 0.2357 0.8323
vn -0.5017 0.2357 -0.8323
vn -0.0833 0.2357 0.9683
vn 0.6365 0.2357 -0.7344
vn -0.8951 0.2357 -0.3784
vn -0.9466 0.2357 0.2200
vn -0.6365 0.2357 0.7344
vn -0.1403 0.9883 -0.0593
vn -0.8725 -0.2474 -0.4214
vn -0.0833 0.2356 0.9683
vn -0.7908 -0.5824 -0.1880
vn 0.4062 0.0954 -0.9088
vn 0.8787 0.2182 0.4245
vn 0.1975 -0.9743 0.1079
vn -0.8602 -0.2955 -0.4155
vn 0.8602 0.2955 0.4155
vn 0.8951 0.2356 0.3785
vn 0.0833 0.2357 -0.9683
vn 0.3617 0.0974 -0.9272
vn 0.9167 -0.2182 0.3346
vn 0.1697 0.9710 0.1682
vn -0.2390 0.9710 -0.0046
vn -0.8787 -0.2182 -0.4245
vn -0.5017 0.2356 -0.8323
vn -0.9466 0.2356 0.2200
vn 0.6365 0.2356 -0.7344
vn -0.4132 -0.0974 0.9054
vn -0.1054 -0.9838 -0.1448
vn -0.3082 0.9506 -0.0380
vn 0.3615 -0.8924 -0.2699
vn 0.8951 0.2357 0.3784
vn -0.2997 0.9456 -0.1268
vn -0.2651 0.9641 -0.0172
vn -0.4062 -0.0954 0.9088
vn 0.1970 0.9641 0.1782
vn 0.9102 -0.2474 0.3322
vn -0.3552 -0.0987 0.9296
vn 0.8974 -0.2955 0.3276
vn -0.8951 0.2356 -0.3784
vn 0.0833 0.2356 -0.9683
vn -0.2861 0.5273 -0.8001
vn 0.9210 0.0084 0.3894
vn 0.2389 -0.9710 0.0046
vn -0.3617 -0.0974 0.9272
vn -0.1697 -0.9710 -0.1682
vn 0.1403 0.9883 0.0593
vn 0.9210 0.0059 0.3894
vn 0.1984 0.9746 0.1036
vn -0.1731 -0.0225 0.9847
vn 0.2488 -0.8652 -0.4353
vn -0.9981 0.0624 -0.0000
vn -0.0944 0.8971 -0.4317
vn -0.5861 -0.2275 -0.7776
vn -0.5851 -0.0181 0.8108
vn -0.2150 0.9743 -0.0665
vn 0.9210 0.0086 0.3894
vn -0.6104 0.5895 -0.5291
vn -0.0163 -0.9989 0.0432
vn 0.7566 0.5773 -0.3070
vn 0.6860 0.5824 0.4361
vn 0.8603 -0.0000 0.5098
vn 0.3894 0.0133 -0.9210
vn -0.7908 -0.5824 -0.1883
vn 0.3966 0.0108 -0.9179
vn -0.4638 0.3291 0.8225
vn 0.4085 0.1458 -0.9010
vn 0.4071 0.4640 -0.7868
vn 0.3653 -0.8841 0.2914
vn -0.7907 -0.5825 -0.1884
vn 0.4085 -0.1458 -0.9010
vn 0.6859 0.5824 0.4362
vn -0.1925 0.9797 0.0556
vn -0.9651 -0.0000 -0.2620
vn -0.2690 -0.9625 0.0355
vn -0.7491 0.6410 -0.1673
vn 0.2420 0.9506 0.1946
vn 0.6860 -0.5825 0.4360
vn 0.3806 0.0057 -0.9247
vn -0.0467 -0.0000 0.9989
vn 0.1985 0.8604 -0.4694
vn -0.4629 0.8845 -0.0582
vn 0.2355 0.1655 -0.9577
vn 0.6859 -0.5824 0.4363
vn 0.1620 0.9625 0.2177
vn 0.3689 0.0954 -0.9246
vn 0.6859 0.5824 0.4363
vn -0.4635 -0.8841 -0.0590
vn -0.6840 -0.0000 0.7295
vn 0.6860 0.5824 0.4360
vn 0.2646 -0.0692 -0.9619
vn 0.8602 -0.0000 0.5099
vn -0.7908 0.5824 -0.1883
vn 0.9177 -0.0000 0.3973
vn 0.8924 -0.2474 0.3773
vn 0.0380 -0.9989 0.0285
vn -0.7566 0.5773 0.3070
vn -0.1935 0.9795 0.0556
vn 0.5056 -0.0692 -0.8600
vn -0.9651 -0.0000 -0.2617
vn 0.5243 -0.6708 -0.5245
vn -0.3763 -0.0194 0.9263
vn 0.3082 -0.9506 0.0380
vn -0.7908 -0.5825 -0.1883
vn -0.8630 0.4508 -0.2279
vn 0.8602 -0.0000 0.5100
vn -0.7907 0.5824 -0.1884
vn -0.2263 -0.0000 -0.9740
vn 0.3859 0.1349 -0.9126
vn -0.8628 0.4512 -0.2280
vn -0.2669 0.3290 0.9058
vn 0.3643 -0.8845 0.2915
vn -0.4629 -0.8845 -0.0582
vn 0.1194 -0.9894 0.0824
vn 0.5201 0.2165 -0.8262
vn 0.3859 -0.1349 -0.9126
vn -0.3644 -0.0967 0.9262
vn -0.9652 -0.0000 -0.2617
vn 0.1621 -0.9624 0.2179
vn 0.1621 0.9625 0.2176
vn 0.6853 0.6656 0.2955
vn 0.9923 0.1240 -0.0000
vn -0.0042 -0.3138 0.9495
vn -0.2120 -0.2059 0.9553
vn 0.1730 -0.0225 -0.9847
vn -0.8039 -0.5162 -0.2955
vn -0.3465 0.0115 0.9380
vn 0.0480 0.9988 0.0052
vn 0.5716 -0.4753 -0.6689
vn -0.5857 0.0225 0.8102
vn -0.9160 -0.0000 -0.4011
vn 0.2152 -0.9743 0.0665
vn 0.1250 0.9854 0.1159
vn -0.9847 -0.0225 -0.1731
vn 0.8967 -0.0000 -0.4427
vn 0.2487 0.1597 -0.9553
vn -0.6853 -0.6656 -0.2955
vn -0.9210 0.0084 -0.3894
vn -0.6967 0.7174 -0.0000
vn 0.8039 0.5162 0.2955
vn -0.0055 -1.0000 -0.0023
vn 0.5403 -0.8415 -0.0000
vn 0.2896 -0.3328 0.8974
vt 0.870067 0.505426
vt 0.620478 0.244574
vt 0.620478 0.005426
vt 0.870067 0.744574
vt 0.379522 0.995067
vt 0.379522 0.754933
vt 0.620478 0.754933
vt 0.620478 0.995067
vt 0.379522 0.244574
vt 0.620478 0.254933
vt 0.379522 0.254933
vt 0.129933 0.744574
vt 0.370067 0.744574
vt 0.379522 0.005426
vt 0.629933 0.744574
vt 0.620478 0.744574
vt 0.620478 0.505426
vt 0.629933 0.505426
vt 0.868896 0.505745
vt 0.617487 0.244255
vt 0.617487 0.005745
vt 0.868896 0.744255
vt 0.131104 0.744255
vt 0.382513 0.005745
vt 0.382513 0.244255
vt 0.131104 0.505745
vt 0.379522 0.744574
vt 0.379522 0.505426
vt 0.129933 0.505426
vt 0.631104 0.744255
vt 0.631104 0.505745
vt 0.379522 0.495067
vt 0.370067 0.505426
vt 0.620478 0.495067
vt 0.745698 0.488602
vt 0.886767 0.445562
vt 0.975595 0.327824
vt 0.978254 0.180359
vt 0.906662 0.077298
vt 0.634162 0.047638
vt 0.613234 0.054438
vt 0.524405 0.172177
vt 0.521746 0.319641
vt 0.606273 0.440505
vt 0.600000 0.250000
vt 0.380283 0.255283
vt 0.375000 0.183333
vt 0.621569 0.239434
vt 0.622713 0.505048
vt 0.375290 0.507044
vt 0.378430 0.252995
vt 0.610911 0.244717
vt 0.615607 0.500000
vt 0.380870 0.503522
vt 0.362500 0.487500
vt 0.441667 0.475000
vt 0.441667 0.275000
vt 0.375000 0.275000
vt 0.389089 0.255283
vt 0.808333 0.750000
vt 0.875000 0.530000
vt 0.875000 0.737321
vt 0.125000 0.515849
vt 0.371038 0.505283
vt 0.376321 0.750000
vt 0.140850 0.750000
vt 0.400000 0.000000
vt 0.600000 0.000000
vt 0.614434 0.000000
vt 0.625000 0.025000
vt 0.625000 0.225000
vt 0.619717 0.244717
vt 0.600000 0.250000
vt 0.400000 0.250000
vt 0.380283 0.264088
vt 0.375000 0.225000
vt 0.375000 0.025000
vt 0.375000 0.010566
vt 0.600000 0.500000
vt 0.400000 0.500000
vt 0.400000 0.433333
vt 0.600000 0.433333
vt 0.308333 0.725000
vt 0.308333 0.525000
vt 0.375000 0.525000
vt 0.375000 0.725000
vt 0.600000 0.816667
vt 0.400000 0.816667
vt 0.400000 0.750000
vt 0.600000 0.750000
vt 0.875000 0.721823
vt 0.625000 0.740608
vt 0.621478 0.505870
vt 0.637500 0.487500
vt 0.650000 0.566667
vt 0.850000 0.566667
vt 0.850000 0.500000
vt 0.864434 0.500000
vt 0.375000 0.028177
vt 0.614434 0.000000
vt 0.625000 0.183333
vt 0.400000 0.250000
vt 0.380283 0.255283
vt 0.369130 0.503522
vt 0.378522 0.755870
vt 0.153177 0.750000
vt 0.125000 0.725000
vt 0.191667 0.725000
vt 0.191667 0.525000
vt 0.125000 0.525000
vt 0.125000 0.510566
vt 0.625000 0.989434
vt 0.385566 1.000000
vt 0.378522 0.744130
vt 0.625000 0.740608
vt 0.850000 0.500000
vt 0.625000 0.566667
vt 0.621478 0.505870
vt 0.375000 0.275000
vt 0.619717 0.235912
vt 0.625000 0.275000
vt 0.637500 0.487500
vt 0.621478 0.505870
vt 0.600000 0.500000
vt 0.375000 0.509392
vt 0.362500 0.487500
vt 0.637500 0.487500
vt 0.400000 0.500000
vt 0.376981 0.257925
vt 0.375000 0.015849
vt 0.621038 0.000000
vt 0.623019 0.242075
vt 0.400000 0.750000
vt 0.600000 0.750000
vt 0.625000 0.989434
vt 0.378522 0.744130
vt 0.378148 0.504193
vt 0.620807 0.503147
vt 0.621853 0.745807
vt 0.379193 0.746853
vt 0.399999 0.500000
vt 0.399999 0.750000
vt 0.379226 0.755166
vt 0.630166 0.745774
vt 0.625000 0.933333
vt 0.404999 1.000000
vt 0.387678 1.000000
vt 0.369130 0.503522
vt 0.621478 0.494130
vt 0.630870 0.746478
vt 0.378522 0.755870
vt 0.381339 0.264089
vt 0.375000 0.012679
vt 0.404999 0.000000
vt 0.612320 0.000000
vt 0.618660 0.243660
vt 0.404999 0.250000
vt 0.619717 0.244717
vt 0.380283 0.264088
vt 0.400000 0.000000
vt 0.600000 0.000000
vt 0.610911 0.244717
vt 0.362500 0.487500
vt 0.441667 0.475000
vt 0.375000 0.275000
vt 0.135566 0.750000
vt 0.125000 0.528177
vt 0.150000 0.500000
vt 0.150000 0.566667
vt 0.350000 0.566667
vt 0.362500 0.487500
vt 0.125000 0.525000
vt 0.125000 0.510566
vt 0.150000 0.500000
vt 0.375000 0.525000
vt 0.375000 0.725000
vt 0.384392 0.750000
vt 0.362500 0.762500
vt 0.150000 0.750000
vt 0.135566 0.750000
vt 0.125000 0.725000
vt 0.375000 0.316666
vt 0.380283 0.264088
vt 0.341667 0.783333
vt 0.400000 1.000000
vt 0.625000 0.741195
vt 0.380032 0.746226
vt 0.375000 0.508805
vt 0.619968 0.503774
vt 0.619129 0.746478
vt 0.864434 0.500000
vt 0.875000 0.739434
vt 0.385566 1.000000
vt 0.378522 0.744130
vt 0.375000 0.225000
vt 0.375000 0.025000
vt 0.375000 0.010566
vt 0.625000 0.025000
vt 0.625000 0.225000
vt 0.619717 0.244717
vt 0.658333 0.783333
vt 0.624687 0.747484
vt 0.622088 0.499917
vt 0.867203 0.500000
vt 0.875000 0.742453
vt 0.403177 1.000000
vt 0.375000 0.975000
vt 0.441667 0.975000
vt 0.441667 0.775000
vt 0.362500 0.762500
vt 0.384392 0.750000
vt 0.375000 0.508805
vt 0.617956 0.501761
vt 0.625000 0.741195
vt 0.382044 0.748239
vt 0.846823 0.500000
vt 0.875000 0.739434
vt 0.625000 0.725000
vt 0.691667 0.725000
vt 0.691667 0.525000
vt 0.625000 0.525000
vt 0.308333 0.725000
vt 0.308333 0.525000
vt 0.691667 0.525000
vt 0.691667 0.725000
vt 0.625000 0.725000
vt 0.625000 0.525000
vt 0.130990 0.750000
vt 0.125000 0.521133
vt 0.377287 0.744953
vt 0.621569 0.239434
vt 0.378431 0.252759
vt 0.375000 0.021133
vt 0.618139 0.000000
vt 0.200000 0.250000
vt 0.100000 0.250000
vt 0.050000 0.250000
vt 0.050000 0.083333
vt 0.350000 0.166667
vt 0.300000 0.166667
vt 0.300000 0.250000
vt 0.379226 0.755166
vt 0.630166 0.745773
vt 0.405000 1.000000
vt 0.387679 1.000000
vt 0.637500 0.487500
vt 0.650000 0.566667
vt 0.380870 0.503522
vt 0.389089 0.255283
vt 0.610911 0.244717
vt 0.558332 0.500000
vt 0.621478 0.494130
vt 0.405000 0.750000
vt 0.379226 0.755166
vt 0.369834 0.504227
vt 0.405000 0.500000
vt 0.620774 0.494834
vt 0.371038 0.505283
vt 0.376321 0.750000
vt 0.140849 0.750000
vt 0.124999 0.515849
vt 0.625000 0.971823
vt 0.341667 0.783333
vt 0.623679 0.500000
vt 0.859151 0.500000
vt 0.875000 0.734150
vt 0.628962 0.744717
vt 0.625000 0.316667
vt 0.618660 0.243660
vt 0.596822 0.000000
vt 0.441667 0.225000
vt 0.441667 0.025000
vt 0.378522 0.744130
vt 0.135566 0.750000
vt 0.150000 0.500000
vt 0.150000 0.566667
vt 0.350000 0.566667
vt 0.375000 0.509392
vt 0.375000 0.525000
vt 0.369130 0.503522
vt 0.621478 0.494130
vt 0.625000 0.725000
vt 0.630870 0.746478
vt 0.378522 0.755870
vt 0.875000 0.525000
vt 0.191667 0.750000
vt 0.191667 0.725000
vt 0.191667 0.525000
vt 0.191667 0.500000
vt 0.400000 0.433333
vt 0.600000 0.433333
vt 0.600000 0.816667
vt 0.400000 0.816667
vt 0.378522 0.755870
vt 0.600000 1.000000
vt 0.600000 0.933333
vt 0.400000 0.933333
vt 0.399999 1.000000
vt 0.385566 1.000000
vt 0.600000 0.183333
vt 0.400000 0.183333
vt 0.380283 0.264088
vt 0.619717 0.244717
vt 0.369130 0.503522
vt 0.621478 0.494130
vt 0.369130 0.503522
vt 0.400000 0.316667
vt 0.600000 0.316667
vt 0.619717 0.244717
vt 0.308333 0.725000
vt 0.621805 0.744130
vt 0.378913 0.744849
vt 0.378195 0.505870
vt 0.621087 0.505151
vt 0.400000 0.566667
vt 0.600000 0.566667
vt 0.138208 0.750000
vt 0.372512 0.505283
vt 0.376914 0.749119
vt 0.375000 0.010566
vt 0.625000 0.025000
vt 0.625000 0.225000
vt 0.619717 0.244717
vt 0.381289 0.251568
vt 0.618710 0.243711
vt 0.385783 0.252464
vt 0.374999 0.021564
vt 0.603437 0.000000
vt 0.614219 0.239218
vt 0.621478 0.505870
vt 0.375000 0.225000
vt 0.615607 0.500000
vt 0.375000 0.725000
vt 0.441667 0.725000
vt 0.441667 0.525000
vt 0.378522 0.744130
vt 0.375000 0.509392
vt 0.615607 0.500000
vt 0.441667 0.475000
vt 0.441667 0.275000
vt 0.389089 0.255283
vt 0.558332 0.250000
vt 0.600000 1.000000
vt 0.600000 0.933333
vt 0.400000 0.933333
vt 0.378522 0.755870
vt 0.637500 0.487500
vt 0.380283 0.255283
vt 0.399999 0.250000
vt 0.619717 0.235912
vt 0.378522 0.744130
vt 0.379226 0.755166
vt 0.630166 0.745774
vt 0.378962 1.000000
vt 0.628962 0.744717
vt 0.625000 0.984151
vt 0.658334 0.466666
vt 0.381339 0.264088
vt 0.620773 0.494834
vt 0.594999 0.500000
vt 0.341667 0.466667
vt 0.369130 0.503522
vt 0.875000 0.525000
vt 0.808333 0.525000
vt 0.808333 0.725000
vt 0.875000 0.725000
vt 0.875000 0.739434
vt 0.341667 0.783333
vt 0.369834 0.504227
vt 0.620773 0.494834
vt 0.630166 0.745773
vt 0.362500 0.762500
vt 0.150000 0.750000
vt 0.375000 0.028178
vt 0.612321 0.000000
vt 0.625000 0.183334
vt 0.405000 0.250000
vt 0.381340 0.256340
vt 0.375000 0.316667
vt 0.375000 0.509392
vt 0.375000 0.316667
vt 0.594999 0.250000
vt 0.378522 0.755870
vt 0.375000 0.933333
vt 0.691667 0.525000
vt 0.691667 0.725000
vt 0.150000 0.500000
vt 0.362500 0.762500
vt 0.150000 0.750000
vt 0.380283 0.264088
vt 0.375000 0.010566
vt 0.619717 0.244717
vt 0.619717 0.244717
vt 0.610911 0.244717
vt 0.375000 0.275000
vt 0.637500 0.487500
vt 0.650000 0.566667
vt 0.850000 0.566667
vt 0.375000 0.012077
vt 0.614517 0.000000
vt 0.619759 0.243962
vt 0.380241 0.255241
vt 0.558332 0.000000
vt 0.621478 0.502012
vt 0.626510 0.742956
vt 0.378523 0.747987
vt 0.373491 0.507044
vt 0.375000 0.509392
vt 0.625000 0.745974
vt 0.378494 0.749469
vt 0.375000 0.504026
vt 0.621506 0.500531
vt 0.191667 0.725000
vt 0.191667 0.525000
vt 0.875000 0.525000
vt 0.808333 0.525000
vt 0.808333 0.725000
vt 0.875000 0.725000
vt 0.400000 0.316667
vt 0.600000 0.316667
vt 0.375000 0.566667
vt 0.400000 1.000000
vt 0.875000 0.725000
vt 0.621087 0.505011
vt 0.621946 0.744130
vt 0.378913 0.744989
vt 0.378054 0.505870
vt 0.114757 0.446057
vt 0.025347 0.329120
vt 0.021746 0.181962
vt 0.105331 0.060792
vt 0.244174 0.011893
vt 0.385241 0.053943
vt 0.474653 0.170880
vt 0.478254 0.318038
vt 0.394669 0.439209
vt 0.255826 0.488107
vt 0.375214 0.506604
vt 0.378538 0.253216
vt 0.621462 0.240094
vt 0.622641 0.504460
vt 0.658333 0.466667
vt 0.625000 0.725000
vt 0.625000 0.275000
vt 0.372229 0.505283
vt 0.377448 0.256604
vt 0.622552 0.242075
vt 0.623368 0.500880
vt 0.250000 0.583333
vt 0.200000 0.583333
vt 0.150000 0.583333
vt 0.100000 0.583333
vt 0.100000 0.416667
vt 0.150000 0.416667
vt 0.200000 0.416667
vt 0.250000 0.416667
vt 0.621853 0.745807
vt 0.620807 0.503147
vt 0.871863 0.500000
vt 0.875000 0.737421
vt 0.625000 0.275000
vt 0.380031 0.745790
vt 0.620790 0.744968
vt 0.625000 0.997536
vt 0.390095 1.000000
vt 0.625000 0.025000
vt 0.375000 0.509392
vt 0.621569 0.239434
vt 0.378431 0.252557
vt 0.125000 0.725000
vt 0.191666 0.500000
vt 0.380283 0.255283
vt 0.625000 0.025000
vt 0.625000 0.225000
vt 0.375000 0.025000
vt 0.620773 0.494834
vt 0.621462 0.240094
vt 0.378538 0.253724
vt 0.375000 0.019812
vt 0.617924 0.000000
vt 0.377359 0.745879
vt 0.374876 0.506604
vt 0.622641 0.504121
vt 0.625124 0.743396
vt 0.808333 0.725000
vt 0.808333 0.525000
vt 0.875000 0.725000
vt 0.404999 0.750000
vt 0.630166 0.745774
vt 0.375000 0.012680
vt 0.594999 0.000000
vt 0.371038 0.505283
vt 0.376981 0.257925
vt 0.623019 0.242075
vt 0.623679 0.500000
vt 0.618660 0.235912
vt 0.381339 0.256340
vt 0.375000 0.066668
vt 0.623019 0.242075
vt 0.375000 0.015849
vt 0.381339 0.256340
vt 0.628963 0.744717
vt 0.376321 0.750000
vt 0.380283 0.264088
vt 0.441667 0.000000
vt 0.620774 0.494834
vt 0.441667 1.000000
vt 0.375000 0.975000
vt 0.441667 0.975000
vt 0.658333 0.466667
vt 0.380283 0.255283
vt 0.594999 0.750000
vt 0.379226 0.744834
vt 0.375000 0.683332
vt 0.376907 0.749120
vt 0.372505 0.505283
vt 0.623093 0.500880
vt 0.627495 0.744717
vt 0.621478 0.502012
vt 0.373491 0.507044
vt 0.441667 0.725000
vt 0.441667 0.525000
vt 0.558332 1.000000
vt 0.441667 0.975000
vt 0.441667 0.775000
vt 0.893727 0.059495
vt 0.754302 0.011398
vt 0.613233 0.054438
vt 0.524405 0.172176
vt 0.593338 0.422701
vt 0.906662 0.422701
vt 0.975595 0.327823
vt 0.380283 0.255283
vt 0.875000 0.566667
vt 0.441667 0.225000
vt 0.441667 0.025000
vt 0.125000 0.566667
vt 0.150000 0.566667
vt 0.382547 0.745755
vt 0.380188 0.506604
vt 0.617453 0.504245
vt 0.619812 0.743396
vt 0.386320 0.253538
vt 0.613680 0.240094
vt 0.375000 0.021133
vt 0.614435 0.000000
vt 0.619717 0.239433
vt 0.380284 0.257547
vt 0.383805 0.745111
vt 0.382090 0.506604
vt 0.616195 0.504889
vt 0.617910 0.743396
vt 0.380283 0.255283
vt 0.380283 0.255283
vt 0.377059 0.259057
vt 0.375000 0.018112
vt 0.620883 0.000000
vt 0.622942 0.240944
vt 0.051189 0.364689
vt 0.051189 0.135311
vt 0.105859 0.060065
vt 0.245025 0.011617
vt 0.386093 0.054219
vt 0.475179 0.171604
vt 0.478254 0.318934
vt 0.394142 0.439934
vt 0.254975 0.488383
vt 0.113910 0.445782
vt 0.376761 0.749119
vt 0.138208 0.750000
vt 0.125000 0.515849
vt 0.372358 0.505283
vt 0.628963 0.744717
vt 0.376642 0.749120
vt 0.125000 0.515849
vt 0.372239 0.505283
vt 0.379896 1.000000
vt 0.376632 0.749119
vt 0.627771 0.744717
vt 0.625000 0.986792
vt 0.623086 0.500881
vt 0.861792 0.500000
vt 0.875000 0.734151
vt 0.627488 0.744717
vt 0.875000 0.734151
vt 0.377516 0.743711
vt 0.392857 0.750000
vt 0.625000 0.741195
vt 0.625000 0.992453
vt 0.382547 1.000000
vt 0.622484 0.506289
vt 0.625000 0.687500
vt 0.375000 0.508805
vt 0.617453 0.236792
vt 0.382547 0.257547
vt 0.375000 0.026416
vt 0.609905 0.000000
vt 0.875000 0.723584
vt 0.625000 0.741195
vt 0.619130 0.502935
vt 0.857390 0.500000
vt 0.125000 0.519812
vt 0.132448 0.750000
vt 0.603868 0.000000
vt 0.614434 0.236792
vt 0.385566 0.260566
vt 0.382547 0.251232
vt 0.617453 0.242453
vt 0.619968 0.504210
vt 0.379210 0.505032
vt 0.375583 0.507044
vt 0.622713 0.505340
vt 0.624417 0.742956
vt 0.377287 0.744660
vt 0.624786 0.743396
vt 0.377359 0.745540
vt 0.621569 0.239434
vt 0.622713 0.505646
vt 0.375889 0.507044
vt 0.378431 0.252096
vt 0.380032 0.745790
vt 0.127464 0.750000
vt 0.125000 0.515095
vt 0.131739 0.750000
vt 0.125000 0.506739
vt 0.375613 0.502246
vt 0.377859 0.750000
vt 0.621506 0.500532
vt 0.864518 0.500000
vt 0.875000 0.737923
vt 0.441667 0.725000
vt 0.868261 0.500000
vt 0.875000 0.743261
vt 0.624387 0.747754
vt 0.622141 0.500000
vt 0.375000 0.030000
vt 0.628962 0.744717
vt 0.625000 0.984150
vt 0.378962 1.000000
vt 0.376321 0.750000
vt 0.404999 0.500000
vt 0.381340 0.264089
vt 0.441667 0.025000
vt 0.441667 0.225000
vt 0.341666 0.783334
vt 0.125000 0.530000
vt 0.125000 0.512680
vt 0.191667 0.500000
vt 0.399999 0.000000
vt 0.379226 0.744834
vt 0.125000 0.526416
vt 0.375000 0.508806
vt 0.377096 0.743291
vt 0.367560 0.757440
vt 0.360119 0.687500
vt 0.139881 0.687500
vt 0.139881 0.750000
vt 0.131289 0.750000
vt 0.135482 0.750000
vt 0.125000 0.512077
vt 0.378494 0.749469
vt 0.658333 0.466667
vt 0.375000 0.019812
vt 0.602360 0.000000
vt 0.631088 0.756088
vt 0.625000 0.994854
vt 0.562501 1.000000
vt 0.621855 0.744968
vt 0.620597 0.503774
vt 0.871226 0.500000
vt 0.875000 0.734905
vt 0.619918 0.504888
vt 0.629368 0.495632
vt 0.629368 0.754368
vt 0.619918 0.745112
vt 0.616681 0.250898
vt 0.375000 0.252541
vt 0.375000 0.242013
vt 0.616681 0.242013
vt 0.127541 0.507987
vt 0.127541 0.742013
vt 0.125000 0.742013
vt 0.125000 0.507987
vt 0.127541 0.750000
vt 0.130929 0.744071
vt 0.125000 0.744071
vt 0.125000 0.505929
vt 0.130929 0.505929
vt 0.616847 0.000000
vt 0.616847 0.005929
vt 0.375000 0.005929
vt 0.375000 0.000000
vt 0.375000 0.007987
vt 0.616681 0.000000
vt 0.616681 0.007987
vt 0.616681 0.000000
vt 0.625000 0.007987
vt 0.616681 0.007987
vt 0.366265 0.507986
vt 0.377710 0.507987
vt 0.377710 0.742013
vt 0.366265 0.742013
vt 0.625000 0.244454
vt 0.619824 0.241681
vt 0.619824 0.008319
vt 0.625000 0.008319
vt 0.372459 0.742013
vt 0.373729 0.751271
vt 0.127541 0.500000
vt 0.627795 0.752795
vt 0.612294 0.745464
vt 0.612294 0.504536
vt 0.627795 0.497205
vt 0.612294 0.755590
vt 0.372205 0.752795
vt 0.383824 0.743012
vt 0.375000 0.007987
vt 0.128025 0.507987
vt 0.128025 0.742014
vt 0.625000 0.244676
vt 0.626381 0.498619
vt 0.616681 0.497238
vt 0.616681 0.251064
vt 0.380919 0.742013
vt 0.372459 0.507987
vt 0.373729 0.498729
vt 0.373619 0.498619
vt 0.372238 0.507987
vt 0.127762 0.507987
vt 0.127762 0.500000
vt 0.381809 0.743012
vt 0.369624 0.743012
vt 0.369624 0.506988
vt 0.381809 0.506988
vt 0.626271 0.751271
vt 0.616681 0.752541
vt 0.616681 0.744331
vt 0.616681 0.251261
vt 0.616681 0.496975
vt 0.373487 0.498487
vt 0.375000 0.253025
vt 0.629538 0.754538
vt 0.614412 0.744157
vt 0.614412 0.505843
vt 0.629538 0.495462
vt 0.616681 0.000000
vt 0.616681 0.007987
vt 0.380919 0.507987
vt 0.616681 0.497459
vt 0.375000 0.242013
vt 0.373328 0.751672
vt 0.380818 0.742013
vt 0.616681 0.744432
vt 0.616681 0.753344
vt 0.875000 0.507987
vt 0.875000 0.742013
vt 0.626513 0.751513
vt 0.626513 0.498487
vt 0.625000 1.000000
vt 0.616681 1.000000
vt 0.626271 0.498729
vt 0.616681 0.505669
vt 0.375000 0.268636
vt 0.375000 0.231364
vt 0.622133 0.231364
vt 0.622133 0.261625
vt 0.380818 0.507987
vt 0.373328 0.498328
vt 0.616681 0.496656
vt 0.616681 0.505568
vt 0.616847 0.746301
vt 0.380367 0.744071
vt 0.380367 0.505929
vt 0.616847 0.503699
vt 0.127762 0.742013
vt 0.372238 0.742014
vt 0.373619 0.751381
vt 0.127762 0.750000
vt 0.125000 0.742014
vt 0.626381 0.751381
vt 0.875000 0.507987
vt 0.627859 0.752859
vt 0.615017 0.745146
vt 0.615017 0.504854
vt 0.627859 0.497141
vt 0.626672 0.751672
vt 0.626672 0.498328
vt 0.619918 0.007987
vt 0.619918 0.242013
vt 0.625000 0.007987
vt 0.616681 0.007987
vt 0.616681 0.242013
vt 0.128344 0.507987
vt 0.128344 0.742013
vt 0.380858 0.507987
vt 0.616681 0.505608
vt 0.366265 0.507987
vt 0.377709 0.507987
vt 0.366265 0.742013
vt 0.616681 0.242013
vt 0.130376 0.506988
vt 0.130376 0.500000
vt 0.372312 0.497312
vt 0.616681 0.752762
vt 0.380891 0.742013
vt 0.616681 0.744359
vt 0.616681 0.251500
vt 0.615017 0.744815
vt 0.615017 0.756109
vt 0.371946 0.753054
vt 0.381716 0.742059
vt 0.380891 0.507987
vt 0.612294 0.243012
vt 0.375000 0.243012
vt 0.375000 0.006988
vt 0.612294 0.006988
vt 0.616681 0.505641
vt 0.375000 0.258735
vt 0.619918 0.255544
vt 0.619918 0.491265
vt 0.370632 0.495632
vt 0.616681 1.000000
vt 0.616681 0.753025
vt 0.373487 0.751513
vt 0.380858 0.742013
vt 0.616681 0.744392
vt 0.625000 0.007987
vt 0.128025 0.750000
vt 0.202065 0.995723
vt 0.102065 0.995723
vt 0.100000 0.978149
vt 0.050000 0.977151
vt 0.073034 0.522849
vt 0.100000 0.523848
vt 0.098475 0.505384
vt 0.198475 0.505384
vt 0.614412 1.000000
vt 0.614412 0.759076
vt 0.625000 0.007987
vt 0.375000 0.252762
vt 0.371975 0.507987
vt 0.371975 0.742013
vt 0.128025 0.500000
vt 0.134076 0.750000
vt 0.134076 0.740682
vt 0.365924 0.740682
vt 0.370462 0.754538
vt 0.375000 0.253344
vt 0.133735 0.507987
vt 0.133735 0.742013
vt 0.625000 0.981365
vt 0.622133 0.981365
vt 0.622133 0.768636
vt 0.634318 0.759318
vt 0.366041 0.741681
vt 0.133959 0.741681
vt 0.133959 0.508319
vt 0.366041 0.508319
vt 0.614412 0.490924
vt 0.381796 0.509318
vt 0.370462 0.495462
vt 0.377169 0.518263
vt 0.372826 0.497826
vt 0.621377 0.495652
vt 0.621377 0.513148
vt 0.375000 0.996975
vt 0.375000 0.996656
vt 0.381518 0.509983
vt 0.615017 0.506518
vt 0.615017 0.743482
vt 0.381518 0.740017
vt 0.377752 0.508319
vt 0.619824 0.505109
vt 0.619824 0.744891
vt 0.377752 0.741681
vt 0.614412 0.000000
vt 0.614412 0.009318
vt 0.375000 0.009318
vt 0.128344 0.750000
vt 0.621377 0.736852
vt 0.621377 0.754348
vt 0.372826 0.752174
vt 0.377169 0.731737
vt 0.371160 0.496160
vt 0.615017 0.492321
vt 0.375000 0.007987
vt 0.622133 0.981364
vt 0.375000 0.981365
vt 0.365682 0.759318
vt 0.622133 0.768635
vt 0.371656 0.742013
vt 0.371656 0.507987
vt 0.615017 0.743996
vt 0.615017 0.757073
vt 0.371463 0.753537
vt 0.381595 0.740805
vt 0.128344 0.500000
vt 0.625000 0.006988
vt 0.625000 0.245341
vt 0.615017 0.243012
vt 0.615017 0.006988
vt 0.625000 0.018263
vt 0.625000 0.237825
vt 0.621377 0.231737
vt 0.621377 0.018263
vt 0.375000 0.242059
vt 0.375000 0.007941
vt 0.615017 0.007941
vt 0.615017 0.242059
vt 0.125000 0.510919
vt 0.133399 0.510919
vt 0.133399 0.739081
vt 0.125000 0.739081
vt 0.619918 0.745112
vt 0.375000 0.018263
vt 0.621377 0.000000
vt 0.143635 0.731364
vt 0.356364 0.731365
vt 0.143635 0.750000
vt 0.625000 0.243788
vt 0.614412 0.490924
vt 0.614412 0.255631
vt 0.375000 0.259076
vt 0.375000 0.240682
vt 0.614412 0.240682
vt 0.628840 0.496160
vt 0.628840 0.753840
vt 0.134076 0.740682
vt 0.134076 0.750000
vt 0.125000 0.740682
vt 0.365682 0.759318
vt 0.374799 0.731364
vt 0.622133 0.738375
vt 0.366601 0.510919
vt 0.366601 0.739081
vt 0.625000 0.009318
vt 0.381796 0.740682
vt 0.365924 0.509318
vt 0.381796 0.509318
vt 0.375000 0.981364
vt 0.622133 1.000000
vt 0.375000 1.000000
vt 0.365924 0.509318
vt 0.134076 0.509318
vt 0.134076 0.500000
vt 0.125000 0.509318
vt 0.629538 0.495462
vt 0.614412 0.255631
vt 0.134076 0.509318
vt 0.375000 0.259076
vt 0.614412 0.759076
vt 0.365924 0.740682
vt 0.381796 0.740682
vt 0.875000 0.506988
vt 0.875000 0.743012
vt 0.614412 0.744157
vt 0.370462 0.495462
vt 0.132797 0.750000
vt 0.125000 0.507547
vt 0.375313 0.502516
vt 0.377912 0.750083
vt 0.379368 0.253898
vt 0.620632 0.246226
vt 0.375000 0.007547
vt 0.616265 0.000000
vt 0.627174 0.752174
vt 0.621377 1.000000
vt 0.375000 0.990924
vt 0.132073 0.509195
vt 0.132073 0.740805
vt 0.125000 0.740805
vt 0.125000 0.509195
vt 0.875000 0.509318
vt 0.875000 0.740682
vt 0.375000 0.257679
vt 0.615017 0.254500
vt 0.370652 0.731737
vt 0.129348 0.731737
vt 0.129348 0.518263
vt 0.370652 0.518263
vt 0.368444 0.508522
vt 0.381660 0.508522
vt 0.381660 0.741478
vt 0.368444 0.741478
vt 0.622133 0.261625
vt 0.625000 0.237577
vt 0.633594 0.509318
vt 0.622133 0.488375
vt 0.134076 0.500000
vt 0.615017 1.000000
vt 0.375000 0.993891
vt 0.356365 0.518636
vt 0.374799 0.518636
vt 0.356364 0.731364
vt 0.375000 0.995652
vt 0.369281 0.742566
vt 0.130719 0.742566
vt 0.130719 0.507434
vt 0.369281 0.507434
vt 0.125000 0.742566
vt 0.125000 0.507434
vt 0.615017 0.493891
vt 0.615017 0.505185
vt 0.381716 0.507941
vt 0.371946 0.496946
vt 0.130376 0.743012
vt 0.621377 0.250957
vt 0.375000 0.254348
vt 0.375000 0.231737
vt 0.613260 0.000000
vt 0.619130 0.241195
vt 0.380870 0.251124
vt 0.375000 0.017610
vt 0.623125 0.500880
vt 0.372472 0.505283
vt 0.377812 0.256604
vt 0.622188 0.242075
vt 0.902065 0.995723
vt 0.898475 0.505384
vt 0.996950 0.500000
vt 1.000000 0.991446
vt 0.378538 0.254422
vt 0.621462 0.240094
vt 0.622642 0.503656
vt 0.374410 0.506604
vt 0.383735 1.000000
vt 0.625000 0.992203
vt 0.875000 0.734151
vt 0.627642 0.744717
vt 0.623239 0.500881
vt 0.861792 0.500000
vt 0.380870 0.251078
vt 0.127156 0.750000
vt 0.125000 0.517610
vt 0.625000 0.997752
vt 0.386740 1.000000
vt 0.378913 0.744879
vt 0.621836 0.744130
vt 0.872844 0.500000
vt 0.875000 0.732390
vt 0.625000 0.997844
vt 0.386740 1.000000
vt 0.752857 0.010928
vt 0.611789 0.054908
vt 0.523512 0.173405
vt 0.521746 0.321160
vt 0.607166 0.441734
vt 0.747142 0.489071
vt 0.888211 0.445093
vt 0.976487 0.326595
vt 0.978254 0.178840
vt 0.892834 0.058266
vt 0.478254 0.318038
vt 0.394669 0.439208
vt 0.255826 0.488107
vt 0.202762 0.474651
vt 0.478254 0.274495
vt 0.377871 0.256604
vt 0.622129 0.242075
vt 0.380870 0.251174
vt 0.621087 0.505087
vt 0.378131 0.505870
vt 0.621869 0.744130
vt 0.378913 0.744913
vt 0.127348 0.750000
vt 0.621087 0.505121
vt 0.378164 0.505870
vt 0.875000 0.723585
vt 0.859905 0.500000
vt 0.396132 1.000000
vt 0.382044 0.748239
vt 0.625000 0.978868
vt 0.127464 0.750000
vt 0.125000 0.515095
vt 0.379210 0.505032
vt 0.872652 0.500000
vt 0.622139 0.242075
vt 0.377861 0.256604
vt 0.625000 0.997652
vt 0.380870 0.251229
vt 0.619130 0.241195
vt 0.621087 0.505051
vt 0.378094 0.505870
vt 0.875000 0.562500
vt 0.633929 0.491071
vt 0.867453 0.500000
vt 0.379950 1.000000
vt 0.376650 0.749119
vt 0.627753 0.744717
vt 0.625000 0.986792
vt 0.625000 0.997423
vt 0.386740 1.000000
vt 0.378913 0.744949
vt 0.127457 0.750000
vt 0.621906 0.744130
vt 0.625000 0.997543
vt 0.627174 0.497826
vt 0.129348 0.750000
vt 0.125000 0.731737
vt 0.615017 0.000000
vt 0.143635 0.750000
vt 0.143636 0.731365
vt 0.615017 0.504563
vt 0.615017 0.745437
vt 0.622133 0.488375
vt 0.365682 0.490682
vt 0.125000 0.518263
vt 0.615017 0.505564
vt 0.615017 0.744436
vt 0.129348 0.500000
vt 0.143635 0.518635
vt 0.143636 0.500000
vt 0.615017 0.000000
vt 0.615017 0.010919
vt 0.375000 0.010919
vt 0.615017 0.756556
vt 0.615017 1.000000
vt 0.375000 0.993444
vt 0.371722 0.753278
vt 0.381766 0.507434
vt 0.372141 0.497141
vt 0.615017 0.494281
vt 0.050000 0.977151
vt 0.026966 0.522849
vt -0.000000 0.523848
vt -0.000000 0.510768
vt 0.098475 0.505384
vt 0.102065 0.995723
vt 0.004130 1.000000
vt -0.000000 0.978149
vt 0.619918 0.000000
vt 0.375000 0.991041
vt 0.370520 0.754480
vt 0.619823 0.758959
vt 0.619824 1.000000
vt 0.368891 0.742059
vt 0.131109 0.750000
vt 0.131109 0.742059
vt 0.375000 0.258735
vt 0.619918 0.255544
vt 0.130591 0.743012
vt 0.369409 0.743012
vt 0.130591 0.750000
vt 0.378145 0.505032
vt 0.379403 0.746226
vt 0.128774 0.750000
vt 0.125000 0.515095
vt 0.378774 0.253774
vt 0.621226 0.236792
vt 0.380870 0.747065
vt 0.375000 0.508805
vt 0.381604 0.251887
vt 0.618396 0.242453
vt 0.375000 0.026416
vt 0.617453 0.000000
vt 0.625000 0.187500
vt 0.125000 0.526416
vt 0.140095 0.750000
vt 0.868568 0.500000
vt 0.875000 0.730188
vt 0.375000 0.508805
vt 0.619968 0.503774
vt 0.624200 0.742956
vt 0.622713 0.505557
vt 0.870539 0.500000
vt 0.875000 0.728868
vt 0.975595 0.327824
vt 0.978254 0.180359
vt 0.893727 0.059495
vt 0.754302 0.011398
vt 0.634163 0.047638
vt 0.521746 0.297635
vt 0.521746 0.319641
vt 0.606273 0.440504
vt 0.745698 0.488602
vt 0.886767 0.445562
vt 0.625000 0.984905
vt 0.616195 0.236792
vt 0.383805 0.258805
vt 0.607389 0.000000
vt 0.380722 1.000000
vt 0.618710 0.243711
vt 0.381289 0.251568
vt 0.375000 0.012579
vt 0.612421 0.000000
vt 0.378148 0.504193
vt 0.382547 0.257547
vt 0.617453 0.236792
vt 0.625000 0.984905
vt 0.379193 0.746853
vt 0.625000 0.996863
vt 0.387579 1.000000
vt 0.146133 0.750000
vt 0.624111 0.742956
vt 0.377287 0.744353
vt 0.853868 0.500000
vt 0.875000 0.723584
vt 0.375000 0.508805
vt 0.617956 0.501761
vt 0.853868 0.500000
vt 0.875000 0.723584
vt 0.125000 0.519811
vt 0.131432 0.750000
vt 0.385782 0.252464
vt 0.614218 0.239218
vt 0.617812 0.505545
vt 0.380546 0.507188
vt 0.625000 0.978867
vt 0.114758 0.446057
vt 0.025348 0.329121
vt 0.021746 0.181962
vt 0.105331 0.060792
vt 0.244174 0.011893
vt 0.385243 0.053943
vt 0.474653 0.170880
vt 0.615017 0.240805
vt 0.615017 0.254145
vt 0.375000 0.257073
vt 0.375000 0.240805
vt 0.000000 0.833333
vt 0.000000 0.583333
vt 0.100000 0.750000
vt 0.100000 0.833333
vt 0.050000 0.833333
vt 0.130376 0.750000
vt 0.125000 0.743012
vt 0.375000 0.239081
vt 0.615017 0.239081
vt 0.625000 0.245044
vt 0.615016 0.253351
vt 0.627688 0.752688
vt 0.627688 0.497312
vt 0.375000 0.006988
vt 0.125000 0.506988
vt 0.375000 0.992927
vt 0.615017 0.253579
vt 0.375000 0.256109
vt 0.623358 0.500880
vt 0.627761 0.744717
vt 0.628054 0.496946
vt 0.628054 0.753054
vt 0.381428 0.510919
vt 0.381428 0.739081
vt 0.369409 0.506988
vt 0.383824 0.506988
vt 0.615017 0.253150
vt 0.615017 0.494624
vt 0.375000 0.255376
vt 0.375000 0.240017
vt 0.615017 0.240017
vt 0.372312 0.752688
vt 0.625000 0.245341
vt 0.612294 0.494409
vt 0.612294 0.253311
vt 0.615017 0.755376
vt 0.370632 0.495632
vt 0.619918 0.491265
vt 0.600000 0.833333
vt 0.600000 0.666667
vt 0.650000 0.666667
vt 0.700000 0.666667
vt 0.700000 0.750000
vt 0.650000 0.750000
vt 0.650000 0.833333
vt 0.625000 0.007434
vt 0.615017 0.242566
vt 0.615017 0.007434
vt 0.625000 0.995807
vt 0.381861 1.000000
vt 0.378431 0.252382
vt 0.375000 0.021132
vt 0.618139 0.000000
vt 0.621570 0.239434
vt 0.129193 0.750000
vt 0.125000 0.521132
vt 0.612421 0.000000
vt 0.375000 0.012579
vt 0.625590 0.743396
vt 0.377358 0.746344
vt 0.624528 0.743396
vt 0.622641 0.504717
vt 0.869340 0.500000
vt 0.625000 0.994340
vt 0.382076 1.000000
vt 0.377359 0.745283
vt 0.130719 0.500000
vt 0.130719 0.750000
vt 0.615017 0.253841
vt 0.615017 0.493444
vt 0.371722 0.496722
vt 0.375000 0.256556
vt 0.367321 0.509983
vt 0.367321 0.740017
vt 0.625000 0.243345
vt 0.615017 0.000000
vt 0.615017 0.009983
vt 0.375000 0.009983
vt 0.371160 0.753840
vt 0.132679 0.750000
vt 0.132679 0.740017
vt 0.133735 0.742013
vt 0.133735 0.507987
vt 0.615017 0.241478
vt 0.375000 0.241478
vt 0.381766 0.742566
vt 0.372141 0.752859
vt 0.375000 0.241681
vt 0.375000 0.008319
vt 0.615016 0.755719
vt 0.615017 1.000000
vt 0.625000 0.007987
vt 0.369071 0.505929
vt 0.130929 0.500000
vt 0.372035 0.497035
vt 0.625000 0.995539
vt 0.381861 1.000000
vt 0.377287 0.744443
vt 0.130517 0.750000
vt 0.375448 0.507044
vt 0.377287 0.744795
vt 0.385566 0.252264
vt 0.614434 0.239433
vt 0.617956 0.505535
vt 0.380534 0.507045
vt 0.621462 0.240094
vt 0.378538 0.253011
vt 0.375000 0.019812
vt 0.617925 0.000000
vt 0.375472 0.506604
vt 0.130660 0.750000
vt 0.125000 0.519812
vt 0.382076 1.000000
vt 0.377359 0.745403
vt 0.624649 0.743396
vt 0.625000 0.993978
vt 0.125000 0.507941
vt 0.131109 0.507941
vt 0.125000 0.742059
vt 0.367927 0.509195
vt 0.367927 0.740805
vt 0.619824 0.491041
vt 0.370520 0.495520
vt 0.616847 0.755930
vt 0.372035 0.752965
vt 0.368891 0.507941
vt 0.625000 0.007941
vt 0.375000 0.007434
vt 0.370632 0.754368
vt 0.619918 0.758735
vt 0.131109 0.500000
vt 0.625000 0.244706
vt 0.375000 0.243012
vt 0.375000 0.997238
vt 0.619824 0.744891
vt 0.619824 0.758959
vt 0.370520 0.754480
vt 0.131556 0.741478
vt 0.131556 0.508522
vt 0.624942 0.743396
vt 0.625000 0.993097
vt 0.382075 1.000000
vt 0.377358 0.745697
vt 0.375800 0.507044
vt 0.619466 0.742955
vt 0.870472 0.500000
vt 0.875000 0.728866
vt 0.622538 0.242075
vt 0.377462 0.256604
vt 0.624301 0.742956
vt 0.625000 0.995235
vt 0.377287 0.744544
vt 0.622642 0.504597
vt 0.868978 0.500000
vt 0.875000 0.730188
vt 0.381290 0.744756
vt 0.619756 0.743711
vt 0.625000 0.996863
vt 0.393869 1.000000
vt 0.615017 0.009195
vt 0.375000 0.009195
vt 0.125000 0.741478
vt 0.125000 0.508522
vt 0.131556 0.750000
vt 0.625000 0.244319
vt 0.615017 0.008522
vt 0.625000 0.008522
vt 0.375000 0.008522
vt 0.370800 0.495800
vt 0.615017 0.491601
vt 0.615017 0.507129
vt 0.370632 0.754368
vt 0.133735 0.750000
vt 0.615017 0.254922
vt 0.625000 0.242721
vt 0.629200 0.495800
vt 0.131556 0.500000
vt 0.628278 0.753278
vt 0.628278 0.496722
vt 0.875000 0.742566
vt 0.875000 0.507434
vt 0.619824 0.255670
vt 0.375000 0.258959
vt 0.615017 0.757679
vt 0.375000 0.992321
vt 0.619824 0.000000
vt 0.615017 0.492927
vt 0.615017 0.506004
vt 0.381595 0.509195
vt 0.371463 0.496463
vt 0.622443 0.242075
vt 0.623295 0.500881
vt 0.372302 0.505283
vt 0.377557 0.256604
vt 0.622713 0.505456
vt 0.870235 0.500000
vt 0.875000 0.728868
vt 0.130146 0.750000
vt 0.125000 0.519813
vt 0.869887 0.500000
vt 0.875000 0.728867
vt 0.378538 0.253452
vt 0.375000 0.019812
vt 0.617924 0.000000
vt 0.621462 0.240094
vt 0.132679 0.509983
vt 0.132679 0.500000
vt 0.625000 0.009983
vt 0.132073 0.750000
vt 0.625000 0.243870
vt 0.625000 0.009195
vt 0.375000 0.258399
vt 0.125000 0.509983
vt 0.125000 0.740017
vt 0.372205 0.497205
vt 0.130591 0.506988
vt 0.130591 0.500000
vt 0.132073 0.500000
vt 0.370800 0.754200
vt 0.133399 0.750000
vt 0.628537 0.496463
vt 0.375000 0.242566
vt 0.629480 0.495520
vt 0.619823 0.255670
vt 0.628537 0.753537
vt 0.130113 0.750000
vt 0.125000 0.521133
vt 0.622713 0.505205
vt 0.624552 0.742956
vt 0.621569 0.239434
vt 0.378430 0.253276
vt 0.618139 0.000000
vt 0.380166 0.504227
vt 0.384393 0.750000
vt 0.137679 0.750000
vt 0.384393 0.750000
vt 0.618660 0.243660
vt 0.381340 0.264088
vt 0.625000 0.220000
vt 0.859151 0.500000
vt 0.874999 0.734151
vt 0.867552 0.500000
vt 0.875000 0.730188
vt 0.132076 0.750000
vt 0.125000 0.519812
vt 0.625000 0.992552
vt 0.374799 0.731365
vt 0.622133 0.738375
vt 0.375000 0.255719
vt 0.369071 0.744071
vt 0.133735 0.500000
vt 0.622133 1.000000
vt 0.375000 0.255591
vt 0.625000 0.005929
vt 0.625000 0.246047
vt 0.616847 0.244071
vt 0.376981 0.257924
vt 0.375000 0.015849
vt 0.621038 0.000000
vt 0.623019 0.242075
vt 0.375000 0.025000
vt 0.375351 0.506604
vt 0.131022 0.750000
vt 0.125000 0.519812
vt 0.375000 0.021132
vt 0.375000 0.566666
vt 0.374999 0.509392
vt 0.875000 0.728867
vt 0.859905 0.500000
vt 0.622642 0.503909
vt 0.374663 0.506604
vt 0.378537 0.254043
vt 0.133845 0.750000
vt 0.375000 0.019811
vt 0.617925 0.000000
vt 0.133399 0.500000
vt 0.615017 0.758399
vt 0.615017 0.742871
vt 0.629200 0.754200
vt 0.625000 0.010919
vt 0.370520 0.495520
vt 0.375000 0.258959
vt 0.629368 0.754368
vt 0.629368 0.495632
vt 0.375000 0.018635
vt 0.622133 0.000000
vt 0.365682 0.490682
vt 0.356365 0.518636
vt 0.143636 0.518635
vt 0.375000 0.991601
vt 0.629480 0.754480
vt 0.623679 0.500000
vt 0.859151 0.500000
vt 0.628963 0.744717
vt 0.137679 0.750000
vt 0.624897 0.742956
vt 0.625000 0.993448
vt 0.377287 0.745140
vt 0.375103 0.507044
vt 0.622713 0.504860
vt 0.624710 0.742956
vt 0.868448 0.500000
vt 0.550000 0.583333
vt 0.550000 0.666667
vt 0.400000 0.833333
vt 0.400000 0.583333
vt 0.620773 0.505165
vt 0.625000 0.740607
vt 0.375000 0.012679
vt 0.375613 0.502246
vt 0.131739 0.750000
vt 0.500000 0.833333
vt 0.500000 0.583333
vt 0.600000 0.583333
vt 0.650000 0.583333
vt 0.625000 0.991156
vt 0.382075 1.000000
vt 0.382513 0.993896
vt 0.617487 0.756104
vt 0.617487 0.993896
vt 0.382513 0.756104
vt 0.617487 0.256104
vt 0.382513 0.256104
vt 0.368896 0.744255
vt 0.368896 0.505745
vt 0.617487 0.744255
vt 0.617487 0.505745
vt 0.382513 0.744255
vt 0.382513 0.505745
vt 0.617487 0.493896
vt 0.382513 0.493896
vt 0.105857 0.060067
vt 0.245026 0.011616
vt 0.386095 0.054220
vt 0.475180 0.171605
vt 0.478254 0.318934
vt 0.394143 0.439933
vt 0.254974 0.488384
vt 0.113907 0.445781
vt 0.024821 0.328395
vt 0.021746 0.181066
vt 0.298987 0.504199
vt 0.301764 0.997200
vt 0.201763 0.997200
vt 0.198987 0.504200
vt 0.379226 0.755166
vt 0.369834 0.504226
vt 0.625000 0.740607
vt 0.379226 0.744834
vt 0.375000 0.509392
vt 0.625000 0.566666
vt 0.625000 0.220000
vt 0.875000 0.737321
vt 0.389089 0.256340
vt 0.596827 0.000000
vt 0.610914 0.243660
vt 0.875000 0.737320
vt 0.623019 0.242075
vt 0.376981 0.257925
vt 0.625000 0.987321
vt 0.594999 1.000000
vt 0.630166 0.745774
vt 0.620774 0.494834
vt 0.808333 0.500000
vt 0.125000 0.720000
vt 0.625000 0.740607
vt 0.379226 0.744834
vt 0.125000 0.512679
vt 0.379226 0.755166
vt 0.371038 0.505283
vt 0.376321 0.750000
vt 0.140850 0.750000
vt 0.125000 0.515850
vt 0.403178 1.000000
vt 0.619835 0.745773
vt 0.369834 0.504226
vt 0.375000 0.183334
vt 0.618660 0.243660
vt 0.389089 0.256340
vt 0.610914 0.243660
vt 0.615609 0.500000
vt 0.620773 0.494834
vt 0.405000 0.000000
vt 0.620774 0.505165
vt 0.125000 0.526416
vt 0.132547 0.750000
vt 0.621719 0.223584
vt 0.622812 0.515423
vt 0.375000 0.517611
vt 0.378281 0.253281
vt 0.619835 0.745774
vt 0.615609 0.500000
vt 0.862321 0.500000
vt 0.621856 0.236792
vt 0.622904 0.506709
vt 0.378145 0.253145
vt 0.619835 0.745774
vt 0.380284 0.257547
vt 0.620774 0.505165
vt 0.618660 0.235912
vt 0.375000 0.530000
vt 0.620774 0.494834
vt 0.875000 0.721822
vt 0.620773 0.505165
vt 0.125000 0.683332
vt 0.125000 0.528176
vt 0.381340 0.256340
vt 0.125000 0.566666
vt 0.862320 0.500000
vt 0.875000 0.530000
vt 0.875000 0.566666
vt 0.380283 0.255283
vt 0.375000 0.720000
vt 0.615609 0.500000
vt 0.384393 0.750000
vt 0.386320 0.253538
vt 0.617453 0.504245
vt 0.380166 0.504226
vt 0.102065 0.995723
vt 0.033486 1.000000
vt 0.004131 1.000000
vt -0.000000 0.510768
vt 0.126966 0.522850
vt 0.150000 0.977151
vt 0.388207 0.252573
vt 0.375000 0.019813
vt 0.562501 0.000000
vt 0.598585 0.000000
vt 0.611793 0.240094
vt 0.562501 0.250000
vt 0.372247 0.505283
vt 0.752858 0.010929
vt 0.611788 0.054908
vt 0.523512 0.173405
vt 0.521746 0.321160
vt 0.607165 0.441733
vt 0.747143 0.489072
vt 0.888211 0.445093
vt 0.976488 0.326595
vt 0.978254 0.178840
vt 0.892834 0.058267
vt 0.615609 0.500000
vt 0.859905 0.500000
vt 0.875000 0.734151
vt 0.859150 0.500000
vt 0.500000 0.523848
vt 0.498475 0.505384
vt 0.598475 0.505384
vt 0.602065 0.995723
vt 0.502065 0.995723
vt 0.500000 0.978149
vt 0.450000 0.977151
vt 0.473034 0.522849
vt 0.524405 0.172176
vt 0.521746 0.297635
vt 0.750000 0.449267
vt 0.978254 0.297635
vt 0.893727 0.059495
vt 0.613233 0.054438
vt 1.000000 0.250000
vt 0.900000 0.250000
vt 0.850000 0.250000
vt 0.850000 0.083333
vt 0.900000 0.416667
vt 0.900000 0.583333
vt 0.800000 0.583333
vt 0.750000 0.583333
vt 0.750000 0.416667
vt 0.475179 0.171604
vt 0.478254 0.318933
vt 0.394142 0.439934
vt 0.254975 0.488383
vt 0.113907 0.445781
vt 0.024822 0.328397
vt 0.021746 0.181066
vt 0.105858 0.060066
vt 0.245025 0.011617
vt 0.300000 0.750000
vt 0.300000 0.583333
vt 0.350000 0.833333
vt 0.300000 0.833333
vt 0.900000 0.166667
vt 0.750000 0.250000
vt 0.750000 0.083333
vt 0.950000 0.166667
vt 0.050000 0.916667
vt 0.850000 0.916667
vt 0.850000 0.833333
vt 0.900000 0.833333
vt 0.500000 0.416667
vt 0.500000 0.166667
vt 0.600000 0.166667
vt 0.600000 0.333333
vt 0.650000 0.333333
vt 0.650000 0.416667
vt 0.600000 0.416667
vt 0.400000 0.416667
vt 0.550000 0.416667
vt 0.300000 0.416667
vt 0.400000 0.250000
vt 0.606273 0.440505
vt 0.634162 0.452362
vt 0.906662 0.422701
vt 0.893727 0.059495
vt 0.754302 0.011398
vt 0.613233 0.054438
vt 0.200000 0.750000
vt 0.700000 0.416667
vt 0.700000 0.583333
vt 0.613234 0.054438
vt 0.521746 0.202365
vt 0.775231 0.018198
vt 0.400000 0.166667
vt 0.631088 0.493912
vt 0.800000 0.416667
vt 1.000000 0.583333
vt 1.000000 0.416667
vt 0.750000 0.750000
vt 0.900000 0.750000
vt 0.397640 1.000000
vt 0.625000 0.992924
vt 0.619812 0.743396
vt 0.866156 0.500000
vt 0.867924 0.500000
vt 0.100000 0.166667
vt 0.150000 0.166667
vt 0.200000 0.166667
vt 0.000000 0.416667
vt 0.602065 0.995723
vt 0.598475 0.505384
vt 0.698475 0.505384
vt 0.702065 0.995723
vt 1.000000 0.166667
vt 0.450000 0.166667
vt 0.450000 0.083333
vt 0.650000 0.083333
vt 0.650000 0.166667
vt 0.000000 0.166667
vt 0.000000 0.250000
vt 1.000000 0.833333
vt 0.623628 0.499999
vt 0.629665 0.743963
vt 0.376372 0.750000
vt 0.370334 0.506037
vt 0.375000 0.021133
vt 0.618139 0.000000
vt 0.625000 0.741195
vt 0.610120 0.750000
vt 0.610119 0.687500
vt 0.389881 0.687500
vt 0.389881 0.750000
vt 0.132076 0.750000
vt 0.625337 0.743396
vt 0.377358 0.746092
vt 0.382044 0.744465
vt 0.129528 0.750000
vt 0.125000 0.521134
vt 0.375699 0.507044
vt 0.129765 0.750000
vt 0.625000 0.995472
vt 0.396132 1.000000
vt 0.870807 0.500000
vt 0.875000 0.728868
vt 0.385568 1.000000
vt 0.375000 0.021134
vt 0.603868 0.000000
vt 0.130929 0.750000
vt 0.634317 0.759318
vt 0.625000 0.981364
vt 0.622133 0.231365
vt 0.375000 0.268636
vt 0.375000 0.231365
vt 0.616847 0.494071
vt 0.375000 0.255929
vt 0.616847 0.253699
vt 0.875000 0.507941
vt 0.875000 0.742059
vt 0.627965 0.752965
vt 0.627965 0.497035
vt 0.875000 0.505929
vt 0.875000 0.744071
vt 0.375000 0.997459
vt 0.616847 1.000000
vt 0.297239 0.474651
vt 0.079737 0.403981
vt 0.025347 0.329120
vt 0.105331 0.060792
vt 0.244174 0.011893
vt 0.385242 0.053943
vt 0.449059 0.135653
vt 0.449059 0.364347
vt 0.394669 0.439208
vt 0.623679 0.500000
vt 0.621646 0.748742
vt 0.619130 0.498742
vt 0.867453 0.500000
vt 0.875000 0.746226
vt 0.625000 0.992453
vt 0.392610 1.000000
vt 0.380870 0.751258
vt 0.633594 0.509317
vt 0.625000 0.237576
vt 0.125000 0.743012
vt 0.875000 0.509195
vt 0.875000 0.740805
vt 0.612294 0.000000
vt 0.625000 0.006988
vt 0.625000 0.000000
vt 0.125000 0.506988
vt 0.375000 0.994071
vt 0.612294 1.000000
vt 0.375000 0.994409
vt 0.125000 0.518636
vt 0.125000 0.731365
vt 0.374798 0.518636
vt 0.622133 0.518636
vt 0.375000 0.015095
vt 0.611792 0.000000
vt 0.616195 0.248113
vt 0.383805 0.253774
vt 0.375000 0.003774
vt 0.607390 0.000000
vt 0.625000 0.732389
vt 0.625000 0.993437
vt 0.381563 1.000000
vt 0.377188 0.734577
vt 0.622388 0.242075
vt 0.623259 0.500880
vt 0.372339 0.505283
vt 0.377612 0.256604
vt 0.401415 1.000000
vt 0.613260 0.000000
vt 0.380870 0.251289
vt 0.626510 0.742956
vt 0.133086 0.750000
vt 0.140095 0.750000
vt 0.125000 0.521131
vt 0.140095 0.750000
vt 0.380284 0.257547
vt 0.140095 0.750000
vt 0.750000 0.916667
vt 0.650000 0.916667
vt 0.632441 0.757440
vt 0.625000 0.985119
vt 0.625000 0.993711
vt 0.610120 1.000000
vt 0.389881 1.000000
vt 0.381289 1.000000
vt 0.375000 0.985119
vt 0.859905 0.500000
vt 0.360119 0.687499
vt 0.139881 0.687500
vt 0.131289 0.750000
vt 0.701763 0.997200
vt 0.698987 0.504199
vt 0.798987 0.504199
vt 0.801763 0.997200
vt 0.625000 0.989518
vt 0.385483 1.000000
vt 0.375000 0.625000
vt 0.390528 0.625000
vt 0.609472 0.625000
vt 0.625000 0.625000
vt 0.375000 0.517611
vt 0.140528 0.625000
vt 0.359472 0.625000
vt 0.131563 0.750000
vt 0.125000 0.625000
vt 0.131563 0.750000
vt 0.375000 0.052832
vt 0.618437 0.000000
vt 0.625000 0.125000
vt 0.609472 0.125000
vt 0.390528 0.125000
vt 0.375000 0.125000
vt 0.125000 0.552832
vt 0.640528 0.625000
vt 0.859472 0.625000
vt 0.875000 0.625000
vt 0.875000 0.697168
vt 0.378145 0.253145
vt 0.375000 0.026416
vt 0.389881 0.000000
vt 0.389881 0.062500
vt 0.610119 0.062500
vt 0.610120 0.000000
vt 0.618711 0.000000
vt 0.523512 0.173405
vt 0.607166 0.441734
vt 0.747143 0.489072
vt 0.888211 0.445092
vt 0.976488 0.326595
vt 0.892834 0.058267
vt 0.752857 0.010928
vt 0.611789 0.054907
vt 0.868711 0.500000
vt 0.860119 0.750000
vt 0.860119 0.687499
vt 0.639881 0.687500
vt 0.623350 0.500881
vt 0.160431 0.732639
vt 0.160431 0.750000
vt 0.125000 0.732638
vt 0.589569 0.964569
vt 0.625000 0.964569
vt 0.589569 1.000000
vt 0.160431 0.517362
vt 0.125000 0.517362
vt 0.160431 0.500000
vt 0.625000 0.267833
vt 0.589569 0.285431
vt 0.589569 0.236979
vt 0.339569 0.732638
vt 0.401574 0.732638
vt 0.375000 0.767715
vt 0.642715 0.759035
vt 0.589569 0.785431
vt 0.589569 0.736979
vt 0.339569 0.517362
vt 0.375000 0.482285
vt 0.401574 0.517361
vt 0.642715 0.504163
vt 0.589569 0.517361
vt 0.589569 0.473427
vt 0.410431 0.000000
vt 0.589569 0.000000
vt 0.589569 0.017362
vt 0.410431 0.017362
vt 0.625000 0.017362
vt 0.410431 0.285431
vt 0.410431 0.232638
vt 0.410431 0.964569
vt 0.839569 0.517362
vt 0.839569 0.732638
vt 0.868437 0.500000
vt 0.868437 0.500000
vt 0.875000 0.723584
vt 0.625000 0.994483
vt 0.381861 1.000000
vt 0.625000 0.994887
vt 0.625000 0.993711
vt 0.620712 0.246631
vt 0.379288 0.253369
vt 0.639881 0.687500
vt 0.860119 0.687500
vt 0.125000 0.731365
vt 0.142610 0.750000
vt 0.875000 0.518263
vt 0.875000 0.731737
vt 0.125000 0.518635
vt 0.622133 0.518635
vt 0.623383 0.242075
vt 0.623922 0.500000
vt 0.370795 0.505283
vt 0.376617 0.257925
vt 0.375000 0.015850
vt 0.621766 0.000000
vt 0.384434 0.251568
vt 0.375000 0.018868
vt 0.606132 0.000000
vt 0.615566 0.240566
vt 0.629205 0.744717
vt 0.623922 0.500000
vt 0.859151 0.500000
vt 0.875000 0.734151
vt 0.140849 0.750000
vt 0.125000 0.515849
vt 0.370795 0.505283
vt 0.376078 0.750000
vt 0.370335 0.506037
vt 0.377059 0.259057
vt 0.622942 0.240944
vt 0.623628 0.500000
vt 0.629665 0.743962
vt 0.625000 0.981887
vt 0.379116 1.000000
vt 0.376372 0.750000
vt 0.856885 0.500000
vt 0.875000 0.731888
vt 0.143113 0.749999
vt 0.125000 0.518112
vt 0.875000 0.518635
vt 0.856365 0.750000
vt 0.875000 0.518636
vt 0.856365 0.750000
vt 0.140850 0.750000
vt 0.125000 0.515850
vt 0.371037 0.505283
vt 0.378235 1.000000
vt 0.625000 0.984151
vt 0.623383 0.242075
vt 0.376617 0.257924
vt 0.859151 0.500000
vt 0.875000 0.734151
vt 0.629205 0.744717
vt 0.625000 0.981886
vt 0.379116 1.000000
vt 0.620883 0.000000
vt 0.375000 0.018112
vt 0.143115 0.750000
vt 0.125000 0.518114
vt 0.856887 0.500000
vt 0.875000 0.731885
vt 0.376673 0.749120
vt 0.372271 0.505283
vt 0.623327 0.500881
vt 0.627730 0.744717
vt 0.375000 0.015850
vt 0.375000 0.015095
vt 0.609905 0.000000
vt 0.376321 0.750000
vt 0.371038 0.505283
vt 0.872423 0.500000
vt 0.625000 0.996226
vt 0.388208 1.000000
vt 0.378235 1.000000
vt 0.376078 0.750000
vt 0.625000 0.984150
vt 0.378354 0.501258
vt 0.375000 0.019812
vt 0.621462 0.240094
vt 0.378538 0.252830
vt 0.127577 0.750000
vt 0.146133 0.750000
vt 0.125000 0.526416
vt 0.613260 0.000000
vt 0.867924 0.500000
vt 0.875000 0.734151
vt 0.380283 1.000000
vt 0.380115 1.000000
vt 0.376705 0.749119
vt 0.627698 0.744717
vt 0.376841 0.749119
vt 0.627561 0.744717
vt 0.380524 1.000000
vt 0.375000 0.015849
vt 0.619376 0.000000
vt 0.372439 0.505283
vt 0.377762 0.256604
vt 0.622238 0.242075
vt 0.623159 0.500881
vt 0.377475 0.256604
vt 0.375000 0.015849
vt 0.620050 0.000000
vt 0.622525 0.242075
vt 0.627528 0.744717
vt 0.620075 0.000000
vt 0.625000 0.984151
vt 0.376741 0.749120
vt 0.627661 0.744717
vt 0.622358 0.242075
vt 0.377642 0.256604
vt 0.619776 0.000000
vt 0.376875 0.749120
vt 0.380624 1.000000
vt 0.619476 0.000000
vt 0.375000 0.015849
vt 0.625000 0.982390
vt 0.619278 0.000000
vt 0.619717 0.000000
vt 0.380224 1.000000
vt 0.376801 0.749120
vt 0.372399 0.505283
vt 0.627601 0.744717
vt 0.623199 0.500880
vt 0.869483 0.500000
vt 0.129461 0.750000
vt 0.380244 0.506289
vt 0.128136 0.750000
vt 0.125000 0.518868
vt 0.379925 1.000000
vt 0.380019 1.000000
vt 0.375000 0.026416
vt 0.375000 0.005080
vt 0.608744 0.000000
vt 0.616872 0.247460
vt 0.383128 0.253694
vt 0.125000 0.515849
vt 0.375000 0.015849
vt 0.620104 0.000000
vt 0.380404 1.000000
vt 0.619886 0.000000
vt 0.377510 0.256604
vt 0.619981 0.000000
vt 0.622491 0.242075
vt 0.619968 0.504210
vt 0.394142 0.439933
vt 0.113905 0.445780
vt 0.105857 0.060067
vt 0.386093 0.054219
vt 0.622298 0.242075
vt 0.377702 0.256604
vt 0.380743 1.000000
vt 0.619257 0.000000
vt 0.385566 0.260566
vt 0.382547 0.251232
vt 0.617453 0.242453
vt 0.128137 0.750000
vt 0.125000 0.512579
vt 0.871863 0.500000
vt 0.801763 0.997200
vt 0.798987 0.504200
vt 0.898987 0.504199
vt 0.901765 0.997200
vt 0.611789 0.054908
vt 0.523512 0.173406
vt 0.607166 0.441733
vt 0.976488 0.326595
vt 0.892834 0.058267
vt 0.601763 0.997200
vt 0.598987 0.504199
vt 0.698987 0.504200
vt 0.701763 0.997200
vt 0.101762 0.997201
vt 0.098987 0.504199
vt 0.198987 0.504199
vt 0.201763 0.997201
vt 0.501762 0.997200
vt 0.498987 0.504199
vt 0.598987 0.504199
vt 0.601763 0.997200
vt 0.901763 0.997200
vt 0.898987 0.504199
vt 0.997974 0.500000
vt 1.000000 0.994400
vt 0.801763 0.997200
vt 0.798987 0.504199
vt 0.898987 0.504199
vt 0.901762 0.997200
vt 0.997974 0.500000
vt 0.901764 0.997200
vt 0.898987 0.504199
vt 0.201763 0.997200
vt 0.198987 0.504199
vt 0.298987 0.504199
vt 0.301763 0.997200
vt 0.801763 0.997200
vt 0.475178 0.171603
vt 0.394141 0.439935
vt 0.254975 0.488383
vt 0.024820 0.328395
vt 0.021746 0.181066
vt 0.105858 0.060066
vt 0.245025 0.011617
vt 0.386090 0.054218
vt 0.301763 0.997200
vt 0.298987 0.504199
vt 0.398987 0.504199
vt 0.401762 0.997200
vt 0.401764 0.997200
vt 0.501763 0.997200
vt 0.625000 0.994010
vt 0.622044 0.748307
vt 0.380419 0.750770
vt 0.377956 0.501693
vt 0.619581 0.499230
vt 0.375000 0.015095
vt 0.609905 0.000000
vt 0.625000 0.991914
vt 0.382075 1.000000
vt 0.401765 0.997200
vt 0.398987 0.504199
vt 0.501764 0.997200
vt 0.601762 0.997200
vt 0.598987 0.504199
vt 0.698987 0.504199
vt 0.101762 0.997200
vt 0.098987 0.504199
vt 0.198987 0.504199
vt 0.201763 0.997200
vt 0.501763 0.997201
vt 0.498987 0.504198
vt 0.598987 0.504199
vt 0.601762 0.997201
vt 0.101763 0.997200
vt 0.098987 0.504199
vt 1.000000 0.994401
vt 0.901763 0.997201
vt 0.898987 0.504199
vt 0.978254 0.178841
vt 0.892834 0.058266
vt 0.752857 0.010928
vt 0.611788 0.054908
vt 0.523513 0.173405
vt 0.521746 0.321160
vt 0.607165 0.441733
vt 0.747142 0.489071
vt 0.888211 0.445092
vt 0.976488 0.326595
vt 0.701763 0.997200
vt 0.698987 0.504200
vt 0.898987 0.504199
vt 0.901764 0.997200
vt 0.113908 0.445781
vt 0.024821 0.328395
vt 0.021746 0.181066
vt 0.105858 0.060066
vt 0.245025 0.011617
vt 0.386096 0.054220
vt 0.475179 0.171604
vt 0.478254 0.318934
vt 0.394144 0.439931
vt 0.254972 0.488384
vt 0.302065 0.995723
vt 0.298475 0.505384
vt 0.382114 0.500000
vt 0.398475 0.505384
vt 0.402065 0.995723
vt 0.607166 0.441733
vt 0.888211 0.445092
vt 0.892835 0.058267
vt 0.752857 0.010928
vt 0.618710 0.505244
vt 0.380244 0.506289
vt 0.384434 0.251568
vt 0.615566 0.240566
vt 0.382188 0.744455
vt 0.619455 0.742812
vt 0.375000 0.018868
vt 0.606131 0.000000
vt 0.619756 0.743711
vt 0.381290 0.744756
vt 0.501763 0.997200
vt 0.498987 0.504200
vt 0.598987 0.504200
vt 0.601763 0.997200
vt 0.601763 0.997200
vt 0.698987 0.504200
vt 0.798987 0.504199
vt 0.801763 0.997201
vt 0.701763 0.997201
vt 0.698987 0.504199
vt 0.003525 1.000000
vt -0.000000 0.508398
vt 0.101763 0.997200
vt 0.398987 0.504200
vt 0.401763 0.997200
vt 0.301763 0.997200
vt 0.698987 0.504199
vt 0.101763 0.997200
vt 0.098987 0.504199
vt 0.198987 0.504200
vt 0.198987 0.504199
vt 0.611789 0.054907
vt 0.523513 0.173405
vt 0.607166 0.441734
vt 0.892834 0.058266
vt 0.617812 0.505545
vt 0.380545 0.507188
vt 0.382188 0.744455
vt 0.619455 0.742812
vt 0.870071 0.500000
vt 0.875000 0.728436
vt 0.870071 0.500000
vt 0.603436 0.000000
vt 0.375000 0.021563
vt 0.003527 1.000000
vt 0.166230 1.000000
vt 0.101762 0.997200
vt 0.098987 0.504200
vt 0.601762 0.997201
vt 0.892835 0.058267
vt 0.752858 0.010929
vt 0.611789 0.054907
vt 0.523512 0.173405
vt 0.747143 0.489072
vt 0.888212 0.445092
vt 0.976487 0.326595
vt 0.333771 1.000000
vt 0.501763 0.997200
vt 0.498987 0.504199
vt 0.869854 0.500000
vt 0.875000 0.730187
vt 0.601762 0.997200
vt 1.000000 0.994403
vt 0.901762 0.997201
vt 0.898987 0.504199
vt 0.625000 0.995071
vt 0.396563 1.000000
vt 0.128137 0.750000
vt 0.125000 0.512579
vt 0.875000 0.731132
vt 0.198987 0.504200
vt 0.301762 0.997200
vt 0.501762 0.997201
vt 0.801762 0.997200
vt 0.024822 0.328397
vt 0.101762 0.997201
vt 0.098987 0.504199
vt 0.401763 0.997201
vt 0.398987 0.504198
vt 0.901763 0.997200
vt 0.003528 1.000000
vt -0.000000 0.508398
vt 0.003526 1.000000
vt 0.872536 0.500000
vt 0.875000 0.734905
vt 0.625000 0.996864
vt 0.393868 1.000000
vt 0.875000 0.734905
vt 0.003526 1.000000
vt 0.401763 0.997200
vt 0.398987 0.504200
vt 1.000000 0.994400
vt 0.398987 0.504199
vt 0.401764 0.997200
vt 0.301763 0.997200
vt 0.997975 0.500000
vt 0.401763 0.997201
vt 0.398987 0.504198
vt 0.625000 0.993568
vt 0.625000 0.996863
vt 0.387579 1.000000
vt 0.375000 0.019812
vt 0.618710 0.505244
vt 0.801763 0.997201
vt 0.798987 0.504199
vt 0.298987 0.504199
vt 0.301764 0.997201
vt 0.003528 1.000000
vt 0.800000 0.750000
vt 0.850000 0.750000
vt 0.129929 0.750000
vt 0.125000 0.521564
vt 0.625000 0.995071
vt 0.396564 1.000000
vt 0.129929 0.750000
vt 0.125000 0.521564
vt 0.301764 0.997201
vt 0.101762 0.997200
vt 0.024821 0.328396
vt 0.105856 0.060069
vt 0.245028 0.011616
vt 0.386092 0.054219
vt 0.475179 0.171605
vt 0.394142 0.439934
vt 0.254975 0.488383
vt 0.113904 0.445780
vt 0.598475 0.505384
vt 0.698475 0.505384
vt 0.702065 0.995723
vt 0.869010 0.500000
vt 0.875000 0.728868
vt 0.866914 0.500000
vt 0.875000 0.730189
vt 0.867611 0.500000
vt 0.875000 0.744920
vt 0.621570 0.239434
vt 0.378430 0.252230
vt 0.131903 0.750000
vt 0.375057 0.506604
vt 0.127248 0.750000
vt 0.131551 0.750000
vt 0.140850 0.750000
vt 0.125000 0.515850
vt 0.872543 0.500000
vt 0.622641 0.504303
vt 0.868097 0.500000
vt 0.875000 0.730188
vt 0.623019 0.242075
vt 0.376981 0.257925
vt 0.375000 0.021132
vt 0.872752 0.500000
vt 0.625000 0.992611
vt 0.391256 1.000000
vt 0.376981 0.257925
vt 0.623019 0.242075
vt 0.868261 0.500000
vt 0.375000 0.015849
vt 0.375000 0.015849
vt 0.619596 0.000000
vt 0.133735 0.750000
vt 0.375000 0.244071
vt 0.133959 0.750000
vt 0.133735 0.500000
vt 0.366041 0.508319
vt 0.133959 0.508319
vt 0.133959 0.500000
vt 0.619918 1.000000
vt 0.375000 0.991265
vt 0.375000 0.994624
vt 0.619918 0.758735
vt 0.875000 0.509983
vt 0.875000 0.740017
vt 0.375000 0.991041
vt 0.616423 0.000000
vt 0.375000 0.006739
vt 0.625000 0.993261
vt 0.383577 1.000000
vt 0.133959 0.741681
vt 0.133959 0.750000
vt 0.125000 0.741681
vt 0.377752 0.508319
vt 0.875000 0.510919
vt 0.875000 0.739081
vt 0.133959 0.500000
vt 0.125000 0.508319
vt 0.875000 0.741681
vt 0.629480 0.495520
vt 0.875000 0.508319
vt 0.875000 0.741478
vt 0.875000 0.508522
vt 0.366041 0.741681
vt 0.132389 0.750000
vt 0.125000 0.505080
vt 0.157051 0.736264
vt 0.157051 0.750000
vt 0.125000 0.736264
vt 0.592949 0.967949
vt 0.625000 0.967949
vt 0.592949 1.000000
vt 0.157051 0.513736
vt 0.125000 0.513736
vt 0.157051 0.500000
vt 0.625000 0.266789
vt 0.592949 0.282051
vt 0.592949 0.239698
vt 0.342949 0.736264
vt 0.399038 0.736264
vt 0.375000 0.766026
vt 0.641026 0.759158
vt 0.592949 0.782051
vt 0.592949 0.739698
vt 0.342949 0.513736
vt 0.375000 0.483974
vt 0.399038 0.513736
vt 0.641026 0.502289
vt 0.592949 0.513736
vt 0.592949 0.475962
vt 0.407051 0.000000
vt 0.592949 0.000000
vt 0.592949 0.013736
vt 0.407051 0.013736
vt 0.625000 0.013736
vt 0.407051 0.282051
vt 0.407051 0.236264
vt 0.407051 0.967949
vt 0.842949 0.513736
vt 0.842949 0.736264
vt 0.157051 0.736264
vt 0.157051 0.500000
vt 0.592949 0.282051
vt 0.342949 0.736264
vt 0.375000 0.766026
vt 0.592949 0.782051
vt 0.342949 0.513736
vt 0.375000 0.483974
vt 0.592949 0.475961
vt 0.407051 0.967949
vt 0.842949 0.513736
vt 0.842949 0.736264
vt 0.157051 0.736264
vt 0.157051 0.750000
vt 0.592949 0.967949
vt 0.157051 0.513736
vt 0.157051 0.500000
vt 0.625000 0.266789
vt 0.375000 0.766026
vt 0.641026 0.759158
vt 0.375000 0.483974
vt 0.592949 0.475962
vt 0.407051 0.282051
vt 0.842949 0.513736
vt 0.842949 0.736264
vt 0.898475 0.505384
vt 0.902065 0.995723
vt 0.802065 0.995723
vt 0.798475 0.505384
vt 0.996950 0.500000
vt 0.902065 0.995723
vt 0.898475 0.505384
vt 0.802065 0.995723
vt 0.798475 0.505384
vt 0.698475 0.505384
vt 0.593338 0.077299
vt 0.524405 0.172177
vt 0.606273 0.440505
vt 0.745698 0.488602
vt 0.906662 0.077299
vt 0.902065 0.995723
vt 0.398475 0.505384
vt 0.402065 0.995723
vt 0.302065 0.995723
vt 0.394669 0.439208
vt 0.385243 0.053943
vt 0.893727 0.059496
vt 0.606273 0.440505
vt 0.975595 0.327824
vt 0.102065 0.995723
vt 0.033486 1.000000
vt 0.004130 1.000000
vt 0.098475 0.505384
vt 0.126966 0.522849
vt 0.150000 0.977151
vt 0.255826 0.488107
vt 0.114757 0.446057
vt 0.902065 0.995723
vt 0.898475 0.505384
vt 0.996950 0.500000
vt 0.550000 0.977151
vt 0.526966 0.522849
vt 0.500000 0.523848
vt 0.498475 0.505384
vt 0.502065 0.995723
vt 0.500000 0.978149
vt 0.302065 0.995723
vt 0.298475 0.505384
vt 0.398475 0.505384
vt 0.402065 0.995723
vt 0.333486 1.000000
vt 0.893727 0.059495
vt 0.833486 1.000000
vt 0.802065 0.995723
vt 0.882114 0.500000
vt 0.073034 0.522850
vt 0.050000 0.977151
vt 0.100000 0.978149
vt 0.102065 0.995723
vt 0.004130 1.000000
vt 0.098475 0.505384
vt 0.550000 0.977150
vt 0.526966 0.522850
vt 0.500000 0.523848
vt 0.498475 0.505384
vt 0.598475 0.505384
vt 0.602065 0.995723
vt 0.502065 0.995723
vt 0.500000 0.978149
vt 0.298475 0.505384
vt 0.202065 0.995723
vt 0.198475 0.505384
vt 0.050000 0.977151
vt 0.073034 0.522849
vt 0.100000 0.523848
vt 0.098475 0.505384
vt 0.117886 0.500000
vt 0.198475 0.505384
vt 0.875000 0.731132
vt 0.996951 0.500000
vt 0.550000 0.977151
vt 0.526966 0.522850
vt 0.500000 0.523848
vt 0.598475 0.505384
vt 0.602065 0.995723
vt 0.502065 0.995723
vt 0.004130 1.000000
vt -0.000000 0.510768
vt 0.702065 0.995723
vt 0.666514 1.000000
vt 0.524405 0.172177
vt 0.606273 0.440505
vt 0.745698 0.488602
vt 0.975595 0.327824
vt 0.865837 0.047638
vt 0.474653 0.170880
vt 0.702065 0.995723
vt 0.698475 0.505384
vt 0.105331 0.060792
vt 0.385243 0.053943
vt 0.474653 0.170880
vt 0.394669 0.439208
vt 0.255826 0.488107
vt 0.114758 0.446057
vt 0.025347 0.329120
vt 0.026966 0.522850
vt -0.000000 0.523848
vt 0.082114 0.500000
vt 0.098475 0.505384
vt 0.102065 0.995723
vt 0.004130 1.000000
vt 0.050000 0.977151
vt 0.606273 0.440504
vt 0.724769 0.481802
vt 0.617886 0.500000
vt 1.000000 0.978149
vt 0.902065 0.995723
vt 0.798475 0.505384
vt 0.882114 0.500000
vt 0.473034 0.522849
vt 0.450000 0.977150
vt 0.502065 0.995723
vt 0.402065 0.995723
vt 0.398475 0.505384
vt 0.498475 0.505384
vt 0.500000 0.523848
vt 0.025347 0.329120
vt 0.050942 0.135652
vt 0.050941 0.364348
vt 0.302065 0.995723
vt 0.402065 0.995723
vt 0.802065 0.995723
vt 0.866514 1.000000
vt 0.524405 0.172176
vt 0.702065 0.995723
vt 0.782114 0.500000
vt 0.766514 1.000000
vt 0.114759 0.446057
vt 0.105331 0.060792
vt 0.198475 0.505384
vt 0.375000 0.991265
vt 0.875000 0.743012
vt 0.875000 0.506988
vt 0.375000 0.994281
vt 0.132389 0.750000
vt 0.867611 0.500000
vt 0.157051 0.736264
vt 0.157051 0.750000
vt 0.592949 0.967949
vt 0.625000 0.967949
vt 0.157051 0.513736
vt 0.157051 0.500000
vt 0.625000 0.266789
vt 0.592949 0.282051
vt 0.342949 0.736264
vt 0.375000 0.766026
vt 0.641026 0.759157
vt 0.592949 0.782051
vt 0.342949 0.513736
vt 0.407051 0.282051
vt 0.407051 0.967949
vt 0.842949 0.736264
vt 0.898475 0.505384
vt 0.902065 0.995723
vt 0.073034 0.522849
vt 0.049999 0.977150
vt 0.100000 0.978149
vt 0.102065 0.995723
vt 0.004130 1.000000
vt -0.000000 0.510768
vt 0.017885 0.500000
vt 0.098475 0.505384
vt 0.893727 0.059496
vt 0.602065 0.995723
vt 0.202065 0.995723
vt 0.198475 0.505384
vt 0.217885 0.500000
vt 0.996951 0.500000
vt 0.398475 0.505384
vt 0.402065 0.995723
vt 0.114757 0.446057
vt 0.474652 0.170879
vt 0.420263 0.403981
vt 0.500000 0.523848
vt 0.498475 0.505384
vt 0.598475 0.505384
vt 0.602065 0.995723
vt 0.502065 0.995723
vt 0.500000 0.978149
vt 0.450000 0.977150
vt 0.473034 0.522850
vt 0.402066 0.995723
vt 0.298475 0.505384
vt 0.302065 0.995723
vt 0.298475 0.505384
vt 0.198475 0.505384
vt 0.702065 0.995723
vt 0.473034 0.522849
vt 0.450000 0.977151
vt 0.502065 0.995723
vt 0.402065 0.995723
vt 0.398475 0.505384
vt 0.498475 0.505384
vt 0.198475 0.505384
vt 0.133486 1.000000
vt 0.302065 0.995723
vt 0.606273 0.440505
vt 0.166514 1.000000
vt 0.394669 0.439208
vt 0.550000 0.977151
vt 0.526966 0.522849
vt 0.517885 0.500000
vt 0.502065 0.995723
vt 0.417885 0.500000
vt 0.886766 0.445562
vt 0.975595 0.327824
vt 0.625000 0.997535
vt 0.390094 1.000000
vt 0.702065 0.995723
vt 0.698475 0.505384
vt 0.132547 0.750000
vt 0.125000 0.503774
vt 0.282114 0.500000
vt 0.417885 0.500000
vt 0.617885 0.500000
vt 0.202065 0.995723
vt 0.198475 0.505384
vt 0.217885 0.500000
vt 0.582114 0.500000
vt 1.000000 0.991446
vt 0.966513 1.000000
vt 0.996951 0.500000
vt 0.859150 0.500000
vt 0.378962 1.000000
vt 0.140850 0.750000
vt 0.378962 1.000000
vt 0.628962 0.744717
vt 0.625000 0.984151
vt 0.378962 1.000000
vt 0.625000 0.984152
vt 0.371038 0.505283
vt 0.140849 0.750000
vt 0.621038 0.000000
vt 0.859151 0.500000
vt 0.375000 0.015849
vt 0.623679 0.500000
vt 0.125000 0.515849
vt 0.140850 0.750000
vt 0.375000 0.220000
vt 0.375000 0.015849
vt 0.621038 0.000000
vt 0.859151 0.500000
s 0
f 10/1/1 12/2/1 6/3/1 5/4/1
f 2/5/2 15/6/2 17/7/2 4/8/2
f 8/9/3 12/2/3 11/10/3 9/11/3
f 1/12/4 13/13/4 15/6/4 2/5/4
f 3/14/5 1/12/5 2/5/5
f 16/15/6 18/16/6 23/17/6 22/18/6
f 2/5/7 4/8/7 6/3/7 3/14/7
f 5/4/8 6/3/8 4/8/8
f 2844/19/1 2846/20/1 2840/21/1 2839/22/1
f 16/15/9 5/4/9 4/8/9 17/7/9
f 2835/23/10 2837/24/10 2842/25/10 2841/26/10
f 14/27/11 21/28/11 23/17/11 18/16/11
f 9/11/12 7/29/12 8/9/12
f 2839/22/13 2850/30/13 2856/31/13 2844/19/13
f 12/2/14 10/1/14 11/10/14
f 7/29/15 9/11/15 20/32/15 19/33/15
f 19/33/16 21/28/16 14/27/16 13/13/16
f 6/3/17 12/2/17 8/9/17 3/14/17
f 17/7/18 15/6/18 14/27/18 18/16/18
f 15/6/19 13/13/19 14/27/19
f 1/12/10 3/14/10 8/9/10 7/29/10
f 17/7/20 18/16/20 16/15/20
f 19/33/21 13/13/21 1/12/21 7/29/21
f 20/32/22 9/11/22 11/10/22 24/34/22
f 21/28/23 19/33/23 20/32/23
f 16/15/13 22/18/13 10/1/13 5/4/13
f 24/34/24 22/18/24 23/17/24
f 22/18/25 24/34/25 11/10/25 10/1/25
f 4571/35/26 4576/36/26 4578/37/26 4580/38/26 4582/39/26 4591/40/26 4592/41/26 4594/42/26 4596/43/26 4598/44/26
f 1555/45/27 1550/46/27 1549/47/27
f 2782/48/22 2786/49/22 2785/50/22 2781/51/22
f 2032/52/28 2044/53/28 2042/54/28 2041/55/28 2039/56/28 2028/57/28 2031/58/28 2030/59/28
f 2898/60/29 2902/61/29 2899/62/29
f 4710/63/13 4714/64/13 4712/65/13 4708/66/13
f 923/67/17 929/68/17 927/69/17 928/70/17 939/71/17 937/72/17 938/73/17 934/74/17 933/75/17 932/76/17 924/77/17 922/78/17
f 46/79/30 42/80/30 40/81/30 44/82/30
f 31/83/31 39/84/31 43/85/31 33/86/31
f 36/87/32 32/88/32 35/89/32 38/90/32
f 1275/91/33 1287/92/33 1295/93/33 1297/94/33 1293/95/33 1281/96/33 1283/97/33 1284/98/33
f 1230/99/34 1231/100/34 1239/101/34 1234/102/34 1233/103/34
f 1142/104/35 1140/105/35 1125/106/35 1127/107/35 1124/108/35 1132/109/35 1133/110/35 1134/111/35
f 1167/112/2 1166/113/2 1177/114/2 1178/115/2
f 1196/116/36 1207/117/36 1208/118/36
f 1215/119/22 1214/103/22 1219/45/22 1218/120/22 1217/121/22 1229/122/22 1227/123/22 1228/124/22 1224/125/22 1223/126/22
f 1237/121/22 1249/127/22 1248/123/22 1245/128/22 1244/125/22 1243/126/22 1235/119/22 1233/103/22 1234/102/22 1238/120/22
f 4710/129/37 4708/130/37 4709/131/37 4711/132/37
f 68/124/30 64/128/30 62/81/30 66/82/30
f 53/83/31 61/84/31 65/85/31 55/86/31
f 58/87/32 54/88/32 57/133/32 60/134/32
f 1399/92/2 1387/135/2 1386/113/2 1398/136/2
f 4012/137/38 4013/138/38 4011/139/38 4010/140/38
f 90/79/30 85/141/30 83/81/30 87/82/30
f 73/83/31 82/84/31 86/85/31 75/86/31
f 78/87/32 74/88/32 77/142/32 81/90/32
f 3081/143/39 3082/144/39 3075/145/39 3074/146/39 3073/147/39
f 104/148/11 105/149/11 103/150/11 102/151/11
f 3041/152/17 3037/153/17 3038/154/17 3040/155/17 3044/156/17 3042/157/17
f 952/70/17 963/71/17 961/158/17 962/45/17 958/102/17 957/159/17 956/76/17 948/77/17 946/78/17 947/160/17 953/161/17 951/100/17
f 2126/162/28 2138/53/28 2136/54/28 2135/163/28 2133/164/28 2122/57/28 2125/165/28 2124/59/28
f 1352/136/40 1342/166/40 1345/167/40 1347/168/40 1344/169/40 1354/170/40 1355/171/40 1356/125/40
f 1957/172/21 1958/173/21 1959/174/21 1969/55/21 1970/54/21 1971/175/21 1963/176/21 1964/177/21 1965/178/21 1951/179/21 1952/180/21 1953/181/21
f 112/45/41 110/182/41 109/183/41
f 679/184/42 678/105/42 680/150/42 670/145/42 669/185/42 668/113/42
f 2528/186/22 2527/187/22 2529/188/22 2530/189/22
f 2248/190/13 2254/53/13 2242/191/13 2236/192/13
f 1145/112/2 1144/193/2 1155/194/2 1156/115/2
f 1133/195/17 1127/196/17 1125/197/17 1126/160/17 1130/100/17 1131/198/17 1139/199/17 1138/200/17 1135/102/17 1134/159/17
f 573/201/43 571/133/43 574/150/43
f 114/83/31 120/84/31 122/85/31 115/86/31
f 2436/202/13 2438/203/13 2434/204/13 2432/205/13
f 1754/190/44 1742/112/44 1740/206/44 1739/207/44 1737/208/44 1750/209/44 1753/210/44 1752/211/44
f 2553/212/22 2554/213/22 2552/214/22 2551/215/22
f 335/216/45 333/217/45 341/201/45 342/150/45 343/218/45 340/219/45 349/220/45 351/221/45 352/149/45
f 663/184/46 666/85/46 662/105/46
f 147/79/30 141/80/30 139/81/30 144/82/30
f 128/222/31 138/223/31 142/175/31 130/176/31
f 143/224/47 133/225/47 137/226/47 145/227/47
f 134/87/32 129/88/32 132/89/32 136/90/32
f 2779/228/21 2781/229/21 2785/50/21 2783/230/21
f 2742/231/17 2741/232/17 2739/233/17 2740/234/17
f 171/124/30 165/128/30 163/81/30 168/82/30
f 152/222/31 162/223/31 166/175/31 154/176/31
f 167/224/47 157/225/47 161/226/47 169/221/47
f 158/87/32 153/88/32 156/133/32 160/134/32
f 3375/235/48 3382/236/48 3385/237/48 3386/238/48 3363/239/48 3369/240/48 3368/241/48
f 2983/242/39 2984/243/39 2976/145/39 2975/244/39 2974/245/39
f 1662/136/2 1663/115/2 1655/112/2 1654/113/2
f 1387/91/33 1399/92/33 1407/93/33 1409/246/33 1405/247/33 1393/96/33 1395/116/33 1396/98/33
f 2179/248/49 2168/249/49 2170/250/49 2169/121/49 2182/251/49
f 847/150/11 846/105/11 848/104/11 849/252/11
f 2868/243/11 2866/253/11 2865/254/11 2869/255/11 2870/256/11 2871/257/11
f 195/79/30 189/141/30 187/81/30 192/82/30
f 176/222/31 186/223/31 190/175/31 178/176/31
f 191/224/47 181/225/47 185/226/47 193/227/47
f 182/87/32 177/88/32 180/142/32 184/90/32
f 4746/258/17 4744/259/17 4740/260/17 4742/261/17
f 313/262/50 312/113/50 319/263/50 322/134/50 321/150/50
f 4747/264/17 4743/265/17 4741/266/17 4745/267/17
f 2975/244/51 2976/145/51 2977/262/51
f 3079/268/52 3078/157/52 3080/269/52
f 1884/270/53 1890/162/53 1888/59/53 1887/76/53 1885/271/53 1880/272/53 1883/77/53 1882/78/53
f 457/201/43 455/133/43 458/150/43
f 202/222/31 210/223/31 212/175/31 203/176/31
f 213/224/47 206/225/47 209/226/47 214/221/47
f 1009/150/11 1008/105/11 1010/104/11 1011/252/11
f 1199/273/40 1188/274/40 1192/167/40 1194/275/40 1190/276/40 1201/277/40 1203/126/40 1204/278/40
f 476/86/11 488/279/11 486/280/11 487/80/11 493/79/11 492/281/11 491/227/11 483/282/11 481/283/11 482/90/11 478/89/11 477/284/11
f 315/216/54 313/217/54 321/150/54 323/218/54 320/219/54 328/220/54 329/221/54 330/149/54
f 107/60/55 113/285/55 108/192/55
f 565/262/56 564/113/56 570/151/56 571/133/56 573/201/56
f 776/104/57 774/105/57 759/286/57 760/106/57 761/181/57 758/287/57 766/288/57 767/172/57 768/173/57 769/289/57
f 239/124/30 233/128/30 231/290/30 236/291/30
f 220/222/31 230/223/31 234/175/31 222/176/31
f 235/224/47 225/225/47 229/226/47 237/227/47
f 226/292/32 221/293/32 224/133/32 228/134/32
f 1100/294/58 1101/283/58 1087/262/58 1089/295/58 1085/296/58 1081/297/58 1083/298/58 1082/299/58
f 1166/99/59 1167/100/59 1175/120/59 1176/45/59 1173/300/59 1169/301/59 1171/102/59 1170/103/59
f 520/302/60 521/303/60 540/281/60 541/79/60 538/82/60 533/81/60 535/141/60 534/304/60
f 605/305/61 603/306/61 593/75/61 594/74/61 592/307/61 596/308/61 598/73/61 597/309/61
f 1119/150/62 1118/105/62 1121/104/62 1123/124/62 1122/252/62
f 263/79/30 257/80/30 255/81/30 260/82/30
f 244/310/31 254/223/31 258/175/31 246/176/31
f 259/220/47 249/219/47 253/218/47 261/221/47
f 250/87/32 245/88/32 248/89/32 252/90/32
f 1286/136/40 1274/166/40 1278/167/40 1280/168/40 1276/169/40 1288/170/40 1290/171/40 1291/125/40
f 1220/114/2 1221/115/2 1211/112/2 1210/113/2
f 287/124/63 281/128/63 279/81/63 284/82/63
f 268/310/31 278/223/31 282/175/31 270/176/31
f 283/220/47 273/219/47 277/218/47 285/221/47
f 274/87/32 269/88/32 272/133/32 276/134/32
f 2444/311/11 2443/312/11 2445/313/11 2446/314/11
f 1621/115/64 1620/136/64 1625/125/64 1626/128/64 1623/315/64 1628/316/64 1630/124/64 1629/93/64
f 3886/317/21 3888/63/21 3892/318/21 3890/319/21
f 1331/45/27 1326/46/27 1325/47/27
f 311/79/30 305/141/30 303/81/30 308/82/30
f 292/310/31 302/223/31 306/175/31 294/176/31
f 307/220/47 297/219/47 301/218/47 309/221/47
f 298/87/32 293/88/32 296/142/32 300/90/32
f 660/45/65 656/159/65 649/320/65 650/160/65 655/161/65 653/100/65 654/321/65 661/322/65 659/323/65
f 4008/324/66 4009/325/66 4013/138/66 4012/137/66
f 316/310/31 324/223/31 327/175/31 317/176/31
f 328/220/47 320/219/47 323/218/47 329/221/47
f 148/106/67 150/173/67 164/104/67 166/175/67 162/223/67 152/222/67 154/176/67 155/151/67
f 337/176/68 348/175/68 346/104/68 347/128/68 353/124/68 352/149/68 351/221/68 343/218/68 342/150/68 339/133/68 338/151/68
f 4094/326/69 4092/327/69 4093/328/69 4095/329/69
f 1462/120/70 1458/102/70 1463/101/70
f 353/124/30 347/128/30 345/290/30 350/291/30
f 336/310/31 344/223/31 348/175/31 337/176/31
f 349/220/71 340/219/71 343/218/71 351/221/71
f 1523/91/33 1535/115/33 1543/330/33 1545/94/33 1541/95/33 1529/96/33 1531/116/33 1532/98/33
f 2072/270/53 2078/162/53 2076/59/53 2075/331/53 2073/271/53 2068/272/53 2071/77/53 2070/78/53
f 1784/332/72 1778/190/72 1776/211/72 1775/333/72 1773/334/72 1780/335/72 1783/175/72 1782/54/72
f 1487/115/64 1486/336/64 1491/337/64 1492/80/64 1489/315/64 1494/316/64 1496/79/64 1495/330/64
f 1699/250/73 1712/338/73 1710/248/73 1709/126/73 1707/339/73 1696/340/73 1698/119/73 1697/341/73 1700/342/73
f 890/105/58 891/150/58 881/262/58 883/343/58 879/344/58 875/345/58 877/185/58 876/113/58
f 377/79/30 371/80/30 369/81/30 374/82/30
f 358/222/31 368/223/31 372/175/31 360/333/31
f 373/224/47 363/225/47 367/226/47 375/221/47
f 364/87/32 359/88/32 362/89/32 366/90/32
f 399/221/11 391/226/11 389/150/11 390/134/11 386/133/11 385/151/11 384/333/11 396/175/11 394/104/11 395/128/11 401/124/11 400/149/11
f 423/221/11 415/226/11 413/283/11 414/90/11 410/142/11 409/346/11 408/333/11 420/175/11 418/304/11 419/141/11 425/79/11 424/281/11
f 1695/321/74 1699/250/74 1700/342/74
f 1640/121/75 1653/347/75 1651/330/75 1652/79/75 1648/141/75 1647/278/75 1646/126/75 1636/348/75 1637/349/75 1642/73/75 1641/350/75
f 1644/115/2 1633/112/2 1632/299/2 1643/351/2
f 401/124/30 395/128/30 393/81/30 398/82/30
f 382/222/31 392/223/31 396/175/31 384/333/31
f 397/224/47 387/225/47 391/226/47 399/221/47
f 388/87/32 383/88/32 386/133/32 390/134/32
f 3021/352/39 3022/353/39 3015/145/39 3014/244/39 3013/245/39
f 4700/354/2 4704/259/2 4705/355/2 4701/356/2
f 2871/257/76 2870/256/76 2872/357/76
f 2875/358/77 2876/156/77 2883/359/77 2884/360/77 2881/361/77
f 69/106/67 71/111/67 84/362/67 86/85/67 82/84/67 73/83/67 75/86/67 76/346/67
f 1119/150/78 1122/252/78 1116/216/78 1117/363/78 1115/364/78 1108/365/78 1111/366/78 1110/367/78 1109/60/78
f 291/216/54 289/217/54 299/283/54 301/218/54 297/219/54 307/220/54 309/221/54 310/281/54
f 436/134/79 433/368/79 432/151/79
f 2206/53/72 2200/190/72 2198/177/72 2197/176/72 2195/334/72 2202/335/72 2205/175/72 2204/54/72
f 425/79/30 419/141/30 417/81/30 422/82/30
f 406/222/31 416/223/31 420/175/31 408/333/31
f 421/224/47 411/225/47 415/226/47 423/221/47
f 412/87/32 407/88/32 410/142/32 414/90/32
f 333/262/56 332/113/56 338/151/56 339/133/56 341/201/56
f 1802/190/44 1790/112/44 1788/206/44 1787/207/44 1785/208/44 1798/209/44 1801/210/44 1800/211/44
f 3009/143/11 3011/369/11 3012/370/11 3010/371/11
f 100/45/41 98/182/41 97/183/41
f 1907/107/21 1911/110/21 1912/111/21 1913/168/21 1923/171/21 1924/54/21 1925/279/21 1917/86/21 1918/177/21 1919/372/21 1905/373/21 1906/166/21
f 264/106/67 266/173/67 280/104/67 282/175/67 278/223/67 268/310/67 270/176/67 271/151/67
f 447/124/30 441/128/30 439/290/30 444/291/30
f 430/222/31 438/223/31 442/175/31 431/333/31
f 443/224/47 434/225/47 437/226/47 445/221/47
f 453/333/68 464/175/68 462/104/68 463/128/68 469/124/68 468/149/68 467/221/68 459/226/68 458/150/68 455/133/68 454/151/68
f 3074/146/51 3075/145/51 3076/262/51
f 1030/104/35 1028/105/35 1013/106/35 1015/181/35 1012/287/35 1020/288/35 1021/172/35 1022/173/35
f 3157/374/80 3158/375/80 3162/376/80 3160/377/80 3159/378/80
f 1014/185/81 1017/145/81 1018/262/81
f 777/252/82 776/104/82 769/379/82 772/45/82 771/158/82
f 1598/115/64 1597/336/64 1601/380/64 1602/80/64 1599/315/64 1604/316/64 1606/79/64 1605/330/64
f 469/124/30 463/128/30 461/290/30 466/291/30
f 452/222/31 460/223/31 464/175/31 453/333/31
f 465/224/47 456/225/47 459/226/47 467/221/47
f 3036/370/83 3035/369/83 3030/381/83 3032/382/83 3031/156/83
f 1053/283/11 1052/383/11 1054/280/11 1055/305/11
f 993/384/84 999/343/84 994/113/84
f 1993/55/21 1994/54/21 1995/175/21 1987/176/21 1988/177/21 1989/178/21 1975/179/21 1976/180/21 1977/181/21 1981/172/21 1982/173/21 1983/174/21
f 1475/91/33 1487/115/33 1495/330/33 1497/94/33 1493/95/33 1481/96/33 1483/116/33 1484/98/33
f 2046/179/85 2047/180/85 2051/111/85 2052/168/85 2063/163/85 2064/248/85 2065/85/85 2057/86/85 2058/177/85 2059/372/85
f 493/79/30 487/80/30 485/81/30 490/82/30
f 474/83/31 484/84/31 488/279/31 476/86/31
f 489/385/47 479/386/47 483/282/47 491/227/47
f 480/87/32 475/88/32 478/89/32 482/90/32
f 800/104/35 798/105/35 780/106/35 782/181/35 778/287/35 788/288/35 790/172/35 791/173/35
f 730/105/58 731/150/58 717/262/58 719/343/58 715/296/58 711/297/58 713/185/58 712/113/58
f 1040/198/17 1051/199/17 1049/303/17 1050/73/17 1046/74/17 1045/75/17 1044/195/17 1036/196/17 1034/197/17 1035/67/17 1041/68/17 1039/69/17
f 1106/185/81 1109/145/81 1110/262/81
f 517/124/30 511/128/30 509/81/30 514/82/30
f 498/83/31 508/84/31 512/279/31 500/86/31
f 513/385/47 503/386/47 507/282/47 515/227/47
f 504/87/32 499/88/32 502/133/32 506/134/32
f 2177/190/86 2181/53/86 2169/116/86 2170/191/86 2171/285/86 2166/192/86
f 2191/172/21 2192/173/21 2193/387/21 2203/126/21 2204/54/21 2205/175/21 2197/176/21 2198/177/21 2199/388/21 2185/389/21 2186/274/21 2187/181/21
f 641/184/87 640/294/87 642/283/87 632/262/87 633/295/87 631/296/87 628/297/87 630/298/87 629/299/87
f 405/216/54 403/192/54 413/283/54 415/226/54 411/225/54 421/224/54 423/221/54 424/281/54
f 242/390/17 240/391/17 241/69/17 243/392/17
f 266/183/60 267/393/60 286/149/60 287/124/60 284/82/60 279/81/60 281/128/60 280/104/60
f 1697/341/88 1693/320/88 1694/270/88 1695/321/88 1700/342/88
f 2218/394/28 2230/53/28 2228/54/28 2227/126/28 2225/339/28 2214/340/28 2217/395/28 2216/249/28
f 541/79/30 535/141/30 533/81/30 538/82/30
f 522/83/31 532/84/31 536/279/31 524/86/31
f 537/385/47 527/386/47 531/282/47 539/227/47
f 528/87/32 523/88/32 526/142/32 530/90/32
f 1655/91/33 1663/115/33 1668/93/33 1670/396/33 1667/397/33 1658/398/33 1659/116/33 1660/191/33
f 3598/399/17 3599/400/17 3601/401/17 3600/402/17
f 37/283/89 45/281/89 29/216/89 30/285/89 26/60/89
f 552/134/68 548/151/68 547/86/68 558/279/68 556/104/68 557/128/68 563/124/68 562/149/68 561/227/68 553/282/68 551/150/68
f 404/302/60 405/72/60 424/281/60 425/79/60 422/82/60 417/81/60 419/141/60 418/304/60
f 1465/92/90 1464/136/90 1468/125/90 1469/128/90 1471/117/90
f 2168/249/91 2165/320/91 2167/403/91 2171/322/91 2170/250/91
f 1140/105/11 1142/104/11 1143/252/11 1141/150/11
f 3517/404/11 3515/405/11 3514/406/11 3516/407/11
f 563/124/30 557/128/30 555/290/30 560/291/30
f 546/83/31 554/84/31 558/279/31 547/86/31
f 559/385/47 550/386/47 553/282/47 561/227/47
f 1510/136/40 1498/180/40 1502/167/40 1504/168/40 1500/169/40 1512/170/40 1514/163/40 1515/408/40
f 123/149/82 121/148/82 110/182/82 112/45/82 111/323/82
f 3691/409/11 3690/410/11 3692/411/11 3693/412/11
f 569/86/11 579/279/11 577/104/11 578/128/11 582/149/11 581/227/11 575/282/11 574/150/11 571/133/11 570/151/11
f 1174/121/92 1186/123/92 1187/124/92 1183/128/92 1182/125/92 1181/126/92 1172/119/92 1170/103/92 1171/102/92 1176/45/92 1175/120/92
f 285/221/11 277/218/11 275/150/11 276/134/11 272/133/11 271/151/11 270/176/11 282/175/11 280/104/11 281/128/11 287/124/11 286/149/11
f 892/361/93 893/104/93 890/105/93 876/106/93 878/181/93 874/413/93 884/414/93 885/172/93 886/173/93
f 568/83/31 576/84/31 579/279/31 569/86/31
f 580/385/71 572/386/71 575/282/71 581/227/71
f 544/183/60 545/200/60 562/149/60 563/124/60 560/291/60 555/290/60 557/128/60 556/104/60
f 593/75/94 585/320/94 586/67/94 591/68/94 589/69/94 590/321/94 599/322/94 597/309/94 598/73/94 594/74/94
f 707/283/95 709/305/95 703/216/95 705/415/95 701/416/95 692/417/95 694/418/95 693/192/95
f 1219/45/27 1214/103/27 1213/47/27
f 801/252/61 800/104/61 791/159/61 792/102/61 789/419/61 794/420/61 796/45/61 795/158/61
f 1228/124/96 1225/421/96 1224/125/96
f 1644/115/64 1643/351/64 1647/278/64 1648/141/64 1645/315/64 1650/316/64 1652/79/64 1651/330/64
f 584/297/97 587/296/97 591/295/97 586/422/97
f 588/365/98 595/364/98 599/285/98 590/423/98
f 596/308/99 592/307/99 594/74/99 598/73/99
f 2478/424/11 2476/425/11 2475/426/11 2477/427/11
f 1247/117/100 1245/128/100 1248/123/100
f 943/305/61 942/280/61 933/75/61 934/74/61 931/307/61 936/308/61 938/73/61 937/72/61
f 625/150/11 624/105/11 626/148/11 627/252/11
f 4344/428/2 4339/429/2 4336/430/2 4334/431/2 4331/432/2 4326/433/2 4324/434/2 4322/435/2 4319/436/2 4317/437/2
f 142/175/11 140/280/11 141/80/11 147/79/11 146/281/11 145/227/11 137/226/11 135/283/11 136/90/11 132/89/11 131/284/11 130/176/11
f 606/297/101 610/296/101 614/343/101 609/185/101
f 611/365/98 619/364/98 623/285/98 613/423/98
f 620/308/99 615/307/99 618/102/99 622/45/99
f 2673/438/22 2669/439/22 2670/440/22 2674/441/22
f 647/442/102 643/443/102 646/305/102
f 628/297/101 631/296/101 633/295/101 630/298/101
f 637/308/99 634/307/99 636/349/99 639/73/99
f 2090/53/72 2084/190/72 2082/177/72 2081/176/72 2079/334/72 2086/335/72 2089/175/72 2088/54/72
f 660/45/41 657/379/41 656/159/41
f 1654/99/103 1655/100/103 1660/120/103 1661/45/103 1656/47/103
f 1355/171/22 1347/165/22 1345/46/22 1346/102/22 1350/120/22 1349/444/22 1361/94/22 1360/93/22 1357/128/22 1356/125/22
f 3868/445/22 3864/446/22 3865/447/22 3869/448/22
f 3370/449/104 3373/450/104 3376/451/104 3380/452/104 3381/453/104 3377/454/104 3374/455/104 3371/456/104
f 322/134/79 319/263/79 318/151/79
f 648/345/97 651/344/97 655/343/97 650/185/97
f 652/365/98 658/364/98 661/285/98 654/423/98
f 3899/457/105 3901/458/105 3897/459/105 3895/460/105
f 1434/99/103 1435/100/103 1442/120/103 1443/45/103 1437/47/103
f 673/159/106 668/320/106 669/160/106 671/100/106 676/323/106 677/45/106 674/102/106
f 1375/115/2 1363/135/2 1362/193/2 1374/336/2
f 1395/461/22 1409/246/22 1407/93/22 1408/124/22 1404/128/22 1403/125/22 1402/55/22 1392/58/22 1390/46/22 1391/102/22 1397/45/22 1396/120/22
f 3926/462/107 3927/463/107 3923/464/107 3922/465/107
f 718/466/17 729/71/17 727/158/17 728/45/17 724/102/17 723/159/17 722/331/17 714/77/17 712/78/17 713/160/17 719/161/17 717/100/17
f 675/420/99 672/419/99 674/102/99 677/45/99
f 704/73/17 700/74/17 699/75/17 698/331/17 690/77/17 688/78/17 689/67/17 695/68/17 693/69/17 694/466/17 705/71/17 703/72/17
f 1535/115/64 1534/351/64 1539/467/64 1540/141/64 1537/315/64 1542/316/64 1544/79/64 1543/330/64
f 50/183/60 51/323/60 67/149/60 68/124/60 66/82/60 62/81/60 64/128/60 63/148/60
f 696/288/108 686/287/108 690/181/108 698/172/108
f 687/297/101 691/296/101 695/295/101 689/422/101
f 692/417/98 701/416/98 705/415/98 694/418/98
f 702/308/99 697/307/99 700/74/99 704/73/99
f 403/262/109 402/299/109 409/346/109 410/142/109 407/88/109 412/87/109 414/90/109 413/283/109
f 169/221/11 161/226/11 159/150/11 160/134/11 156/133/11 155/151/11 154/176/11 166/175/11 164/104/11 165/128/11 171/124/11 170/149/11
f 28/390/60 29/309/60 45/281/60 46/79/60 44/82/60 40/81/60 42/80/60 41/306/60
f 216/106/67 218/173/67 232/104/67 234/175/67 230/223/67 220/222/67 222/176/67 223/151/67
f 2702/468/17 2701/469/17 2699/233/17 2700/234/17
f 1535/115/2 1523/135/2 1522/299/2 1534/351/2
f 94/60/110 101/285/110 95/192/110
f 1632/99/111 1633/69/111 1641/350/111 1642/73/111 1639/300/111 1634/301/111 1637/349/111 1636/348/111 1635/47/111
f 720/288/108 710/287/108 714/181/108 722/172/108
f 711/297/101 715/296/101 719/343/101 713/185/101
f 716/417/98 725/416/98 729/415/98 718/418/98
f 726/308/99 721/307/99 724/102/99 728/45/99
f 25/106/67 28/111/67 41/306/67 43/85/67 39/84/67 31/83/67 33/86/67 34/284/67
f 1818/250/28 1830/53/28 1828/248/28 1827/171/28 1825/164/28 1814/57/28 1817/165/28 1816/59/28
f 754/294/58 755/283/58 741/262/58 743/295/58 739/296/58 735/297/58 737/298/58 736/299/58
f 629/106/112 635/111/112 644/362/112 645/85/112 641/184/112
f 744/288/108 734/287/108 738/181/108 746/172/108
f 735/297/101 739/296/101 743/295/101 737/298/101
f 740/417/98 749/416/98 753/415/98 742/418/98
f 750/308/99 745/307/99 748/349/99 752/73/99
f 1564/124/96 1561/421/96 1560/408/96
f 104/148/113 102/151/113 91/286/113 92/106/113 93/470/113 98/471/113
f 766/288/108 758/287/108 761/181/108 767/172/108
f 762/417/98 770/416/98 773/415/98 764/418/98
f 1669/124/114 1665/125/114 1664/126/114 1657/472/114 1661/45/114 1660/120/114 1659/121/114 1670/396/114 1668/93/114
f 45/281/115 37/283/115 38/90/115 35/89/115 34/284/115 33/86/115 43/85/115 41/306/115 42/80/115 46/79/115
f 201/45/41 199/182/41 198/183/41
f 788/288/108 778/287/108 782/181/108 790/172/108
f 779/345/101 783/344/101 787/343/101 781/185/101
f 784/417/98 793/416/98 797/415/98 786/418/98
f 794/420/99 789/419/99 792/102/99 796/45/99
f 1262/336/40 1250/166/40 1254/167/40 1256/168/40 1252/169/40 1264/170/40 1266/171/40 1267/380/40
f 805/67/17 811/68/17 809/69/17 810/473/17 821/474/17 819/392/17 820/73/17 816/74/17 815/75/17 814/76/17 806/475/17 804/391/17
f 2951/358/116 2952/269/116 2960/476/116 2961/360/116 2957/361/116
f 825/305/11 823/283/11 822/383/11 824/280/11
f 2750/477/17 2749/478/17 2747/479/17 2748/480/17
f 2751/481/11 2753/482/11 2754/483/11 2752/484/11
f 1010/104/57 1008/105/57 993/286/57 994/106/57 995/181/57 992/287/57 1000/288/57 1001/172/57 1002/173/57 1003/289/57
f 812/414/108 802/413/108 806/181/108 814/172/108
f 803/297/101 807/296/101 811/295/101 805/422/101
f 808/485/98 817/486/98 821/415/98 810/487/98
f 818/308/99 813/307/99 816/74/99 820/73/99
f 1724/191/13 1718/192/13 1730/190/13 1736/332/13
f 2931/201/117 2930/488/117 2932/489/117
f 1189/91/118 1200/115/118 1207/117/118 1196/116/118 1197/191/118
f 664/150/95 667/252/95 659/216/95 661/285/95 658/364/95 652/365/95 654/423/95 653/192/95
f 2889/358/119 2886/490/119 2888/491/119 2887/155/119 2890/156/119
f 836/414/108 826/413/108 830/181/108 838/172/108
f 827/297/101 831/296/101 835/343/101 829/185/101
f 832/485/98 841/486/98 845/415/98 834/487/98
f 842/308/99 837/307/99 840/102/99 844/45/99
f 265/262/109 264/113/109 271/151/109 272/133/109 269/88/109 274/87/109 276/134/109 275/150/109
f 4730/492/120 4726/493/120 4727/494/120 4731/495/120
f 3150/496/121 3149/497/121 3146/498/121 3148/491/121 3147/155/121
f 1721/172/21 1722/173/21 1723/275/21 1733/126/21 1734/54/21 1735/175/21 1727/176/21 1728/211/21 1729/210/21 1715/389/21 1716/274/21 1717/181/21
f 989/283/95 991/305/95 985/216/95 987/415/95 983/416/95 974/417/95 976/487/95 975/192/95
f 212/175/122 211/104/122 215/149/122 214/221/122 209/226/122 207/150/122 208/134/122 204/151/122 203/176/122
f 4717/131/123 4719/499/123 4718/129/123 4716/500/123
f 860/414/108 850/413/108 854/181/108 862/172/108
f 851/297/101 855/296/101 859/295/101 853/298/101
f 856/485/98 865/486/98 869/415/98 858/487/98
f 866/308/99 861/307/99 864/349/99 868/73/99
f 1263/115/64 1262/336/64 1267/380/64 1268/80/64 1265/315/64 1270/316/64 1272/79/64 1271/330/64
f 3114/496/121 3113/501/121 3110/498/121 3112/491/121 3111/155/121
f 1114/159/124 1116/200/124 1122/252/124 1123/124/124 1120/361/124
f 4731/495/125 4729/502/125 4728/503/125 4730/492/125
f 757/305/61 756/304/61 747/504/61 748/349/61 745/307/61 750/308/61 752/73/61 751/72/61
f 426/78/17 427/100/17 429/158/17 428/183/17
f 1815/195/126 1811/320/126 1812/505/126
f 895/124/127 893/104/127 892/361/127
f 2968/201/117 2967/488/117 2969/144/117
f 545/216/54 543/367/54 551/150/54 553/282/54 550/386/54 559/385/54 561/227/54 562/149/54
f 884/414/108 874/413/108 878/181/108 885/172/108
f 875/345/101 879/344/101 883/343/101 877/185/101
f 880/485/98 887/486/98 889/415/98 882/487/98
f 1848/190/13 1854/53/13 1842/98/13 1836/192/13
f 1933/59/91 1929/320/91 1931/403/91 1936/322/91 1935/250/91
f 3043/268/128 3042/157/128 3044/156/128
f 989/283/11 988/294/11 990/304/11 991/305/11
f 908/76/17 900/475/17 898/391/17 899/160/17 905/161/17 903/100/17 904/473/17 915/474/17 913/393/17 914/45/17 910/102/17 909/159/17
f 3023/255/11 3024/506/11 3022/353/11 3021/352/11
f 1824/190/129 1813/135/129 1812/507/129 1811/206/129 1810/508/129 1809/509/129 1820/209/129 1823/372/129 1822/177/129
f 1984/394/28 1996/53/28 1994/54/28 1993/55/28 1991/56/28 1980/57/28 1983/58/28 1982/59/28
f 2242/162/28 2254/53/28 2252/54/28 2251/126/28 2249/339/28 2238/340/28 2241/395/28 2240/249/28
f 906/414/108 896/413/108 900/181/108 908/172/108
f 897/345/101 901/344/101 905/343/101 899/185/101
f 902/485/98 911/486/98 915/415/98 904/487/98
f 912/420/99 907/419/99 910/102/99 914/45/99
f 1375/115/64 1374/336/64 1379/380/64 1380/80/64 1377/315/64 1382/316/64 1384/79/64 1383/330/64
f 940/383/11 942/280/11 943/305/11 941/283/11
f 1960/162/28 1972/53/28 1970/54/28 1969/55/28 1967/56/28 1956/57/28 1959/58/28 1958/59/28
f 2860/145/130 2861/262/130 2859/245/130 2865/254/130 2866/253/130 2867/201/130
f 2925/262/131 2923/147/131 2929/143/131 2930/488/131 2931/201/131
f 1287/92/64 1286/136/64 1291/125/64 1292/128/64 1289/315/64 1294/316/64 1296/124/64 1295/93/64
f 566/183/132 567/200/132 583/510/132 578/128/132 577/104/132
f 930/288/108 920/287/108 924/181/108 932/172/108
f 921/297/101 925/296/101 929/295/101 923/422/101
f 926/417/98 935/416/98 939/415/98 928/487/98
f 936/308/99 931/307/99 934/74/99 938/73/99
f 1920/190/13 1926/53/13 1914/98/13 1908/367/13
f 1298/99/59 1299/69/59 1308/350/59 1309/73/59 1306/300/59 1301/301/59 1303/349/59 1302/511/59
f 965/150/11 964/105/11 966/104/11 967/252/11
f 109/183/133 106/320/133 108/100/133 113/322/133 111/323/133 112/45/133
f 3118/512/134 3116/513/134 3115/514/134
f 1930/270/135 1936/322/135 1931/403/135
f 218/183/17 216/78/17 217/100/17 219/158/17
f 954/288/108 944/287/108 948/181/108 956/172/108
f 945/297/101 949/296/101 953/343/101 947/185/101
f 950/417/98 959/416/98 963/415/98 952/487/98
f 960/308/99 955/307/99 958/102/99 962/45/99
f 3842/515/11 3844/516/11 3845/517/11 3843/518/11
f 994/78/17 999/161/17 997/100/17 998/70/17 1007/71/17 1005/158/17 1006/45/17 1002/159/17 1001/76/17 995/77/17
f 2938/262/131 2937/245/131 2941/254/131 2942/253/131 2943/201/131
f 3145/374/136 3148/491/136 3146/498/136
f 3525/519/11 3523/405/11 3522/406/11 3524/520/11
f 2278/53/72 2272/190/72 2270/177/72 2269/86/72 2267/521/72 2274/522/72 2277/279/72 2276/54/72
f 1942/190/129 1930/135/129 1931/523/129 1929/206/129 1928/508/129 1927/524/129 1938/525/129 1941/178/129 1940/177/129
f 978/288/108 968/287/108 972/181/108 980/172/108
f 969/297/101 973/296/101 977/295/101 971/298/101
f 974/417/98 983/416/98 987/415/98 976/487/98
f 984/308/99 979/307/99 982/349/99 986/73/99
f 4607/38/137 4609/526/137 4612/527/137 4617/528/137 4619/529/137 4621/43/137 4624/530/137 4603/531/137 4605/532/137
f 891/150/95 894/252/95 888/216/95 889/415/95 887/486/95 880/485/95 882/487/95 881/217/95
f 1025/268/138 1023/102/138 1026/158/138
f 2038/190/13 2044/53/13 2032/98/13 2026/367/13
f 798/105/58 799/150/58 785/262/58 787/343/58 783/344/58 779/345/58 781/185/58 780/113/58
f 2053/250/28 2066/53/28 2064/248/28 2063/163/28 2061/164/28 2050/57/28 2052/165/28 2051/59/28
f 1000/288/108 992/287/108 995/181/108 1001/172/108
f 996/417/98 1004/416/98 1007/415/98 998/487/98
f 1028/105/11 1030/104/11 1031/252/11 1029/150/11
f 196/106/139 198/173/139 199/471/139 211/104/139 212/175/139 210/223/139 202/222/139 203/176/139 204/151/139 205/368/139
f 1362/99/59 1363/69/59 1372/350/59 1373/73/59 1370/300/59 1365/301/59 1367/74/59 1366/533/59
f 515/227/11 507/282/11 505/150/11 506/134/11 502/133/11 501/151/11 500/86/11 512/279/11 510/104/11 511/128/11 517/124/11 516/149/11
f 2166/270/135 2171/322/135 2167/403/135
f 1020/288/108 1012/287/108 1015/181/108 1021/172/108
f 1016/417/98 1024/416/98 1027/415/98 1019/487/98
f 624/105/87 625/150/87 612/262/87 614/343/87 610/296/87 606/297/87 609/185/87 608/113/87 607/384/87
f 1567/91/140 1577/92/140 1583/117/140 1584/93/140 1585/94/140 1582/95/140 1572/96/140 1573/116/140 1574/98/140 1575/534/140
f 1120/361/93 1121/104/93 1118/105/93 1105/106/93 1107/107/93 1104/108/93 1112/109/93 1113/110/93 1114/111/93
f 2260/270/53 2266/52/53 2264/249/53 2263/195/53 2261/535/53 2256/536/53 2259/196/53 2258/197/53
f 1042/109/108 1032/108/108 1036/107/108 1044/110/108
f 1033/297/101 1037/296/101 1041/295/101 1035/422/101
f 1038/365/98 1047/364/98 1051/363/98 1040/366/98
f 1048/308/99 1043/307/99 1046/74/99 1050/73/99
f 127/216/54 125/192/54 135/283/54 137/226/54 133/225/54 143/224/54 145/227/54 146/281/54
f 1011/252/82 1010/104/82 1003/379/82 1006/45/82 1005/158/82
f 1332/136/141 1322/166/141 1325/537/141 1326/167/141 1327/168/141 1324/169/141 1334/170/141 1335/171/141 1336/125/141 1337/421/141
f 1422/351/40 1410/180/40 1414/167/40 1416/174/40 1412/538/40 1424/170/40 1426/55/40 1427/278/40
f 48/60/55 52/285/55 49/192/55
f 3334/539/11 3336/540/11 3337/541/11 3335/542/11
f 585/106/142 593/111/142 603/306/142 604/85/142 601/184/142
f 1066/109/108 1056/108/108 1060/107/108 1068/110/108
f 1057/297/101 1061/296/101 1065/343/101 1059/185/101
f 1062/365/98 1071/364/98 1075/363/98 1064/366/98
f 1072/308/99 1067/307/99 1070/102/99 1074/45/99
f 261/221/11 253/218/11 251/283/11 252/90/11 248/89/11 247/284/11 246/176/11 258/175/11 256/280/11 257/80/11 263/79/11 262/281/11
f 3336/540/22 3332/543/22 3333/544/22 3337/541/22
f 3526/545/17 3527/546/17 3529/547/17 3528/548/17
f 47/106/67 50/111/67 63/148/67 65/85/67 61/84/67 53/83/67 55/86/67 56/151/67
f 1090/109/108 1080/108/108 1084/107/108 1092/110/108
f 1081/297/101 1085/296/101 1089/295/101 1083/298/101
f 1086/365/98 1095/364/98 1099/363/98 1088/366/98
f 1096/308/99 1091/307/99 1094/349/99 1098/73/99
f 197/262/50 196/113/50 205/368/50 208/134/50 207/150/50
f 663/184/87 662/105/87 664/150/87 653/262/87 655/343/87 651/344/87 648/345/87 650/185/87 649/113/87
f 552/134/79 549/263/79 548/151/79
f 775/150/95 777/252/95 771/216/95 773/415/95 770/416/95 762/417/95 764/418/95 763/192/95
f 115/86/143 122/85/143 121/148/143 123/149/143 119/150/143 117/133/143 116/151/143
f 1112/109/108 1104/108/108 1107/107/108 1113/110/108
f 1108/365/98 1115/364/98 1117/363/98 1111/366/98
f 566/183/17 564/197/17 565/100/17 567/200/17
f 1307/444/22 1321/94/22 1319/330/22 1320/79/22 1316/141/22 1315/278/22 1314/171/22 1304/165/22 1302/511/22 1303/349/22 1309/73/22 1308/350/22
f 3488/549/11 3491/550/11 3492/551/11 3490/552/11
f 582/149/144 578/128/144 583/510/144
f 917/150/95 919/252/95 913/216/95 915/415/95 911/486/95 902/485/95 904/487/95 903/217/95
f 1132/109/108 1124/108/108 1127/107/108 1133/110/108
f 1128/365/145 1136/364/145 1139/363/145 1131/366/145
f 289/262/109 288/299/109 295/346/109 296/142/109 293/88/109 298/87/109 300/90/109 299/283/109
f 314/183/124 315/393/124 330/149/124 331/124/124 325/361/124
f 1221/115/146 1220/114/146 1225/421/146 1228/124/146 1227/123/146
f 125/262/109 124/193/109 131/284/109 132/89/109 129/88/109 134/87/109 136/90/109 135/283/109
f 1150/119/92 1148/553/92 1149/74/92 1154/73/92 1153/350/92 1152/121/92 1164/118/92 1165/79/92 1161/80/92 1160/380/92 1159/126/92
f 774/105/147 775/150/147 763/262/147 765/343/147 759/384/147
f 1154/73/148 1149/74/148 1147/301/148 1151/300/148
f 1157/277/149 1146/276/149 1150/275/149 1159/126/149
f 1162/316/150 1158/315/150 1161/80/150 1165/79/150
f 1140/105/151 1141/150/151 1129/145/151 1126/185/151 1125/113/151
f 733/252/61 732/104/61 723/159/61 724/102/61 721/307/61 726/308/61 728/45/61 727/158/61
f 1576/136/40 1566/180/40 1569/167/40 1571/168/40 1568/169/40 1578/170/40 1579/163/40 1580/408/40
f 519/262/109 518/299/109 525/346/109 526/142/109 523/88/109 528/87/109 530/90/109 529/283/109
f 1398/136/40 1386/180/40 1390/167/40 1392/174/40 1388/538/40 1400/170/40 1402/55/40 1403/125/40
f 1176/45/148 1171/102/148 1169/301/148 1173/300/148
f 1179/277/149 1168/276/149 1172/275/149 1181/126/149
f 1184/316/150 1180/315/150 1183/128/150 1187/124/150
f 1193/349/92 1198/73/92 1197/350/92 1196/121/92 1208/118/92 1209/79/92 1205/141/92 1204/278/92 1203/126/92 1194/119/92 1192/554/92
f 1643/351/152 1632/274/152 1635/537/152 1646/126/152 1647/278/152
f 641/184/153 645/85/153 640/294/153
f 2406/203/13 2402/204/13 2400/205/13 2404/202/13
f 3792/555/154 3790/556/154 3791/557/154 3793/558/154
f 1310/351/40 1298/166/40 1302/167/40 1304/168/40 1300/169/40 1312/170/40 1314/171/40 1315/278/40
f 1198/73/148 1193/349/148 1191/301/148 1195/300/148
f 1201/277/149 1190/276/149 1194/275/149 1203/126/149
f 1206/316/150 1202/315/150 1205/141/150 1209/79/150
f 4088/559/155 4086/560/155 4083/561/155 4081/562/155 4079/563/155 4077/564/155 4075/565/155 4073/566/155 4071/567/155 4091/568/155
f 3802/569/21 3798/570/21 3800/571/21 3804/572/21
f 613/321/156 623/322/156 621/323/156 622/45/156 618/102/156 617/159/156 616/195/156 608/320/156 609/160/156 614/161/156 612/100/156
f 1222/277/149 1212/276/149 1215/275/149 1223/126/149
f 1216/398/157 1226/397/157 1229/122/157 1217/116/157
f 1188/99/59 1189/69/59 1197/350/59 1198/73/59 1195/300/59 1191/301/59 1193/349/59 1192/554/59
f 626/148/158 624/105/158 607/286/158 616/110/158 617/111/158
f 4715/495/159 4713/573/159 4712/65/159 4714/64/159
f 1242/277/149 1232/276/149 1235/275/149 1243/126/149
f 1236/398/157 1246/397/157 1249/127/157 1237/116/157
f 3818/574/21 3814/317/21 3816/575/21 3820/576/21
f 2150/52/28 2162/53/28 2160/54/28 2159/163/28 2157/164/28 2146/57/28 2149/165/28 2148/59/28
f 1323/91/33 1333/92/33 1339/93/33 1341/94/33 1338/95/33 1328/96/33 1329/97/33 1330/98/33
f 1261/73/160 1255/74/160 1253/301/160 1258/300/160
f 1264/170/149 1252/169/149 1256/168/149 1266/171/149
f 1257/96/157 1269/95/157 1273/94/157 1259/97/157
f 1270/316/150 1265/315/150 1268/80/150 1272/79/150
f 72/309/17 71/302/17 69/320/17 70/69/17
f 1464/136/40 1454/180/40 1457/167/40 1459/174/40 1456/538/40 1466/170/40 1467/55/40 1468/125/40
f 708/280/35 706/383/35 688/106/35 690/181/35 686/287/35 696/288/35 698/172/35 699/173/35
f 1287/92/2 1275/135/2 1274/113/2 1286/136/2
f 1285/45/160 1279/102/160 1277/301/160 1282/300/160
f 1288/170/149 1276/169/149 1280/168/149 1290/171/149
f 1281/96/157 1293/95/157 1297/94/157 1283/97/157
f 1294/316/150 1289/315/150 1292/128/150 1296/124/150
f 3862/577/2 3866/578/2 3867/579/2 3863/580/2
f 873/305/61 872/304/61 863/504/61 864/349/61 861/307/61 866/308/61 868/73/61 867/392/61
f 870/294/58 871/283/58 857/262/58 859/295/58 855/296/58 851/297/58 853/298/58 852/299/58
f 1444/136/141 1434/180/141 1437/537/141 1438/167/141 1439/174/141 1436/538/141 1446/170/141 1447/55/141 1448/125/141 1449/421/141
f 1309/73/148 1303/349/148 1301/301/148 1306/300/148
f 1312/170/149 1300/169/149 1304/168/149 1314/171/149
f 1305/96/157 1317/95/157 1321/94/157 1307/97/157
f 1318/316/150 1313/315/150 1316/141/150 1320/79/150
f 3893/581/13 3889/582/13 3887/583/13 3891/584/13
f 1682/92/90 1681/136/90 1685/125/90 1686/128/90 1688/117/90
f 3890/319/11 3892/318/11 3893/581/11 3891/584/11
f 3863/585/13 3867/579/13 3869/448/13 3865/582/13
f 312/391/17 313/100/17 315/393/17 314/183/17
f 2508/586/161 2509/587/161 2510/588/161 2504/589/161 2503/590/161
f 755/283/95 757/305/95 751/216/95 753/415/95 749/416/95 740/417/95 742/418/95 741/192/95
f 2513/591/162 2511/592/162 2509/587/162 2508/586/162 2512/593/162
f 1587/91/33 1598/115/33 1605/330/33 1607/347/33 1603/397/33 1592/398/33 1594/116/33 1595/191/33
f 1334/170/149 1324/169/149 1327/168/149 1335/171/149
f 1328/96/157 1338/95/157 1341/94/157 1329/97/157
f 2518/594/163 2517/595/163 2515/596/163 2516/597/163
f 1342/113/2 1352/136/2 1353/92/2 1343/135/2
f 1608/99/59 1609/100/59 1618/120/59 1619/45/59 1616/300/59 1611/301/59 1613/102/59 1612/472/59
f 1620/136/40 1608/274/40 1612/167/40 1614/387/40 1610/276/40 1622/277/40 1624/126/40 1625/125/40
f 1566/99/34 1567/100/34 1575/101/34 1570/102/34 1569/46/34
f 2532/598/13 2536/599/13 2538/600/13 2534/601/13
f 2749/602/21 2753/482/21 2751/481/21 2747/603/21
f 1547/91/33 1557/92/33 1563/93/33 1565/94/33 1562/95/33 1552/96/33 1553/116/33 1554/98/33
f 1354/170/149 1344/169/149 1347/168/149 1355/171/149
f 1348/96/157 1358/95/157 1361/94/157 1349/97/157
f 331/124/127 326/104/127 325/361/127
f 1948/53/72 1942/190/72 1940/177/72 1939/86/72 1937/521/72 1944/522/72 1947/85/72 1946/248/72
f 1914/52/28 1926/53/28 1924/54/28 1923/171/28 1921/164/28 1910/57/28 1913/165/28 1912/59/28
f 1872/190/44 1860/135/44 1858/206/44 1857/508/44 1855/509/44 1868/209/44 1871/372/44 1870/177/44
f 1367/74/22 1373/73/22 1372/350/22 1371/461/22 1385/246/22 1383/330/22 1384/79/22 1380/80/22 1379/380/22 1378/55/22 1368/58/22 1366/533/22
f 496/183/60 497/200/60 516/149/60 517/124/60 514/82/60 509/81/60 511/128/60 510/104/60
f 2539/596/13 2540/604/13 2542/605/13 2541/606/13
f 4036/607/164 4037/608/164 4041/609/164 4040/610/164
f 2705/611/11 2706/612/11 2704/613/11 2703/614/11
f 1486/336/40 1474/180/40 1478/167/40 1480/168/40 1476/169/40 1488/170/40 1490/163/40 1491/337/40
f 1101/283/95 1103/305/95 1097/216/95 1099/363/95 1095/364/95 1086/365/95 1088/366/95 1087/367/95
f 1373/73/160 1367/74/160 1365/301/160 1370/300/160
f 1376/170/149 1364/538/149 1368/174/149 1378/55/149
f 1369/96/157 1381/247/157 1385/246/157 1371/116/157
f 1382/316/150 1377/315/150 1380/80/150 1384/79/150
f 1842/162/28 1854/53/28 1852/54/28 1851/171/28 1849/164/28 1838/57/28 1841/165/28 1840/59/28
f 2673/438/11 2674/441/11 2672/615/11 2671/616/11
f 334/183/17 332/391/17 333/100/17 335/393/17
f 1397/45/160 1391/102/160 1389/301/160 1394/300/160
f 1400/170/149 1388/538/149 1392/174/149 1402/55/149
f 1393/96/157 1405/247/157 1409/246/157 1395/116/157
f 1406/316/150 1401/315/150 1404/128/150 1408/124/150
f 2582/617/22 2586/618/22 2585/619/22 2581/620/22
f 378/106/67 380/173/67 394/104/67 396/175/67 392/223/67 382/222/67 384/333/67 385/151/67
f 1443/45/27 1438/46/27 1437/47/27
f 1507/461/22 1521/94/22 1519/93/22 1520/124/22 1516/128/22 1515/408/22 1514/163/22 1504/165/22 1502/46/22 1503/102/22 1509/45/22 1508/120/22
f 174/302/60 175/72/60 194/281/60 195/79/60 192/82/60 187/81/60 189/141/60 188/304/60
f 1421/73/160 1415/349/160 1413/301/160 1418/300/160
f 1424/170/149 1412/538/149 1416/174/149 1426/55/149
f 1417/96/157 1429/247/157 1433/246/157 1419/116/157
f 1430/316/150 1425/315/150 1428/141/150 1432/79/150
f 1028/105/151 1029/150/151 1017/145/151 1014/185/151 1013/113/151
f 4040/610/165 4038/621/165 4034/622/165 4036/623/165
f 1055/305/61 1054/280/61 1045/75/61 1046/74/61 1043/307/61 1048/308/61 1050/73/61 1049/303/61
f 1446/170/149 1436/538/149 1439/174/149 1447/55/149
f 1440/96/157 1450/247/157 1453/246/157 1441/116/157
f 1454/113/2 1464/136/2 1465/92/2 1455/135/2
f 1031/252/166 1030/104/166 1022/159/166 1023/102/166 1025/268/166
f 1471/117/100 1469/128/100 1472/93/100
f 1466/170/149 1456/538/149 1459/174/149 1467/55/149
f 1460/96/157 1470/247/157 1473/246/157 1461/116/157
f 940/383/58 941/283/58 927/262/58 929/295/58 925/296/58 921/297/58 923/422/58 922/193/58
f 1455/91/140 1465/92/140 1471/117/140 1472/93/140 1473/246/140 1470/247/140 1460/96/140 1461/116/140 1462/98/140 1463/534/140
f 1485/73/160 1479/74/160 1477/301/160 1482/300/160
f 1488/170/149 1476/169/149 1480/168/149 1490/163/149
f 1481/96/157 1493/95/157 1497/94/157 1483/116/157
f 1494/316/150 1489/315/150 1492/80/150 1496/79/150
f 448/106/67 450/173/67 462/104/67 464/175/67 460/223/67 452/222/67 453/333/67 454/151/67
f 2236/270/53 2242/162/53 2240/249/53 2239/76/53 2237/271/53 2232/272/53 2235/77/53 2234/78/53
f 1509/45/160 1503/102/160 1501/301/160 1506/300/160
f 1512/170/149 1500/169/149 1504/168/149 1514/163/149
f 1505/96/157 1517/95/157 1521/94/157 1507/116/157
f 1518/316/150 1513/315/150 1516/128/150 1520/124/150
f 2181/53/167 2177/190/167 2175/177/167 2174/86/167 2172/521/167 2178/522/167 2180/85/167 2179/248/167 2182/251/167
f 772/45/17 768/159/17 767/331/17 761/77/17 760/78/17 765/161/17 763/100/17 764/466/17 773/71/17 771/158/17
f 1251/91/33 1263/115/33 1271/330/33 1273/94/33 1269/95/33 1257/96/33 1259/97/33 1260/98/33
f 1533/73/160 1527/349/160 1525/301/160 1530/300/160
f 1536/170/149 1524/169/149 1528/168/149 1538/163/149
f 1529/96/157 1541/95/157 1545/94/157 1531/116/157
f 1542/316/150 1537/315/150 1540/141/150 1544/79/150
f 772/45/168 769/379/168 768/159/168
f 2200/190/44 2188/112/44 2186/206/44 2185/207/44 2183/208/44 2196/209/44 2199/388/44 2198/177/44
f 1813/270/169 1818/250/169 1816/59/169 1815/195/169 1812/505/169
f 1600/126/170 1589/537/170 1590/167/170
f 1558/170/149 1548/169/149 1551/168/149 1559/163/149
f 1552/96/157 1562/95/157 1565/94/157 1553/116/157
f 667/252/82 665/148/82 657/379/82 660/45/82 659/323/82
f 1578/170/149 1568/169/149 1571/168/149 1579/163/149
f 1572/96/157 1582/95/157 1585/94/157 1573/116/157
f 1597/336/2 1598/115/2 1587/112/2 1586/193/2
f 798/105/11 800/104/11 801/252/11 799/150/11
f 941/283/95 943/305/95 937/216/95 939/415/95 935/416/95 926/417/95 928/487/95 927/192/95
f 2008/162/28 2020/53/28 2018/54/28 2017/55/28 2015/56/28 2004/57/28 2007/58/28 2006/59/28
f 756/304/35 754/294/35 736/106/35 738/181/35 734/287/35 744/288/35 746/172/35 747/173/35
f 1596/73/148 1591/74/148 1588/301/148 1593/300/148
f 1592/398/157 1603/397/157 1607/347/157 1594/116/157
f 1604/316/150 1599/315/150 1602/80/150 1606/79/150
f 4144/624/21 4146/625/21 4150/626/21 4148/627/21
f 1706/190/171 1712/338/171 1699/191/171 1695/423/171 1694/192/171
f 1621/115/2 1609/112/2 1608/113/2 1620/136/2
f 201/45/172 198/183/172 196/78/172 197/100/172 200/158/172
f 1688/117/100 1686/128/100 1689/93/100
f 3603/409/13 3605/628/13 3601/629/13 3599/630/13
f 450/183/60 451/158/60 468/149/60 469/124/60 466/291/60 461/290/60 463/128/60 462/104/60
f 1619/45/148 1613/102/148 1611/301/148 1616/300/148
f 1622/277/149 1610/276/149 1614/387/149 1624/126/149
f 1615/398/157 1627/397/157 1631/396/157 1617/116/157
f 1628/316/150 1623/315/150 1626/128/150 1630/124/150
f 1772/191/13 1766/192/13 1778/190/13 1784/332/13
f 1669/124/96 1666/421/96 1665/125/96
f 1664/126/170 1656/537/170 1657/167/170
f 449/262/56 448/113/56 454/151/56 455/133/56 457/201/56
f 1790/270/53 1796/52/53 1794/341/53 1793/195/53 1791/535/53 1786/536/53 1789/196/53 1788/197/53
f 1642/73/148 1637/349/148 1634/301/148 1639/300/148
f 1638/398/157 1649/397/157 1653/347/157 1640/116/157
f 1650/316/150 1645/315/150 1648/141/150 1652/79/150
f 602/283/95 605/305/95 597/216/95 599/285/95 595/364/95 588/365/95 590/423/95 589/192/95
f 638/216/173 632/192/173 642/283/173 643/443/173 647/442/173
f 1454/99/34 1455/100/34 1463/101/34 1458/102/34 1457/46/34
f 312/106/139 314/173/139 325/361/139 326/104/139 327/175/139 324/223/139 316/310/139 317/176/139 318/151/139 319/263/139
f 1155/194/40 1144/274/40 1148/167/40 1150/275/40 1146/276/40 1157/277/40 1159/126/40 1160/380/40
f 1658/398/157 1667/397/157 1670/396/157 1659/116/157
f 1760/332/72 1754/190/72 1752/211/72 1751/176/72 1749/631/72 1756/335/72 1759/175/72 1758/54/72
f 4437/632/13 4435/633/13 4439/634/13 4441/635/13
f 2926/358/174 2924/636/174 2923/153/174 2925/155/174 2928/156/174
f 218/183/60 219/158/60 238/149/60 239/124/60 236/291/60 231/290/60 233/128/60 232/104/60
f 1511/92/64 1510/136/64 1515/408/64 1516/128/64 1513/315/64 1518/316/64 1520/124/64 1519/93/64
f 1683/277/149 1673/276/149 1676/387/149 1684/126/149
f 1677/398/157 1687/397/157 1690/347/157 1678/116/157
f 4737/637/175 4733/638/175 4732/639/175 4736/640/175
f 822/383/58 823/283/58 809/262/58 811/295/58 807/296/58 803/297/58 805/422/58 804/193/58
f 1796/191/13 1790/367/13 1802/190/13 1808/338/13
f 2929/143/11 2933/369/11 2934/641/11 2935/359/11 2932/489/11 2930/488/11
f 2935/359/176 2934/641/176 2936/357/176
f 1709/126/177 1698/119/177 1696/340/177 1707/339/177
f 1703/86/178 1711/85/178 1708/522/178 1701/521/178
f 1692/207/179 1705/210/179 1702/209/179 1691/208/179
f 426/106/180 428/173/180 440/104/180 442/175/180 438/223/180 430/222/180 431/333/180 432/151/180 433/368/180
f 3024/506/181 3023/255/181 3017/642/181 3018/377/181 3019/268/181
f 2051/59/91 2047/320/91 2049/403/91 2054/322/91 2053/250/91
f 2895/359/76 2894/641/76 2896/357/76
f 1078/104/35 1076/105/35 1058/106/35 1060/107/35 1056/108/35 1066/109/35 1068/110/35 1069/111/35
f 1839/172/21 1840/173/21 1841/168/21 1851/171/21 1852/54/21 1853/175/21 1845/176/21 1846/177/21 1847/372/21 1833/373/21 1834/166/21 1835/181/21
f 1156/115/182 1155/194/182 1160/380/182 1161/80/182 1158/315/182 1162/316/182 1165/79/182 1164/118/182 1163/117/182
f 1721/331/183 1717/77/183 1714/272/183 1719/271/183
f 1733/126/184 1723/119/184 1720/340/184 1731/339/184
f 1727/176/185 1735/175/185 1732/335/185 1725/334/185
f 1715/207/186 1729/210/186 1726/209/186 1713/208/186
f 1757/126/21 1758/54/21 1759/175/21 1751/176/21 1752/211/21 1753/210/21 1739/389/21 1740/274/21 1741/181/21 1745/172/21 1746/173/21 1747/275/21
f 1174/116/36 1185/117/36 1186/123/36
f 1106/160/187 1110/100/187 1111/198/187 1117/199/187 1116/200/187 1114/159/187 1113/195/187 1107/196/187 1105/197/187
f 1745/76/183 1741/475/183 1738/643/183 1743/644/183
f 1757/126/184 1747/119/184 1744/340/184 1755/339/184
f 1751/176/178 1759/175/178 1756/335/178 1749/631/178
f 1739/207/186 1753/210/186 1750/209/186 1737/208/186
f 1763/389/21 1764/274/21 1765/181/21 1769/172/21 1770/173/21 1771/275/21 1781/126/21 1782/54/21 1783/175/21 1775/333/21 1776/211/21 1777/210/21
f 1143/252/166 1142/104/166 1134/159/166 1135/102/166 1137/268/166
f 2972/476/188 2971/641/188 2973/357/188
f 919/252/61 918/104/61 909/159/61 910/102/61 907/419/61 912/420/61 914/45/61 913/393/61
f 1423/115/2 1411/135/2 1410/299/2 1422/351/2
f 1769/76/183 1765/77/183 1762/272/183 1767/271/183
f 1781/126/184 1771/119/184 1768/340/184 1779/339/184
f 1775/333/178 1783/175/178 1780/335/178 1773/334/178
f 1763/207/179 1777/210/179 1774/209/179 1761/208/179
f 1878/53/13 1866/98/13 1860/217/13 1872/190/13
f 1966/190/44 1954/135/44 1952/206/44 1951/508/44 1949/524/44 1962/525/44 1965/178/44 1964/177/44
f 3007/268/128 3006/157/128 3008/156/128
f 709/305/61 708/280/61 699/75/61 700/74/61 697/307/61 702/308/61 704/73/61 703/72/61
f 1076/105/58 1077/150/58 1063/262/58 1065/343/58 1061/296/58 1057/297/58 1059/185/58 1058/113/58
f 964/105/58 965/150/58 951/262/58 953/343/58 949/296/58 945/297/58 947/185/58 946/113/58
f 1824/190/13 1830/53/13 1818/98/13 1813/192/13
f 1793/195/183 1789/196/183 1786/536/183 1791/535/183
f 1805/126/184 1795/119/184 1792/340/184 1803/339/184
f 1799/86/178 1807/279/178 1804/522/178 1797/521/178
f 1787/207/179 1801/210/179 1798/209/179 1785/208/179
f 219/216/189 217/192/189 227/150/189 229/226/189 225/225/189 235/224/189 237/227/189 238/149/189
f 1836/270/53 1842/162/53 1840/59/53 1839/331/53 1837/271/53 1832/272/53 1835/77/53 1834/78/53
f 1996/53/72 1990/190/72 1988/177/72 1987/176/72 1985/631/72 1992/335/72 1995/175/72 1994/54/72
f 1942/190/171 1948/53/171 1935/98/171 1936/285/171 1930/192/171
f 1827/171/177 1817/165/177 1814/57/177 1825/164/177
f 1821/86/178 1829/85/178 1826/522/178 1819/521/178
f 1810/508/179 1823/372/179 1820/209/179 1809/509/179
f 2912/262/190 2911/147/190 2916/645/190 2918/512/190 2917/489/190
f 380/183/60 381/158/60 400/149/60 401/124/60 398/82/60 393/81/60 395/128/60 394/104/60
f 2987/506/191 2986/255/191 2985/361/191 2978/642/191 2979/377/191 2980/268/191
f 1863/172/21 1864/173/21 1865/168/21 1875/171/21 1876/54/21 1877/175/21 1869/176/21 1870/177/21 1871/372/21 1857/373/21 1858/166/21 1859/181/21
f 1839/331/192 1835/77/192 1832/272/192 1837/271/192
f 1851/171/177 1841/165/177 1838/57/177 1849/164/177
f 1845/176/185 1853/175/185 1850/335/185 1843/334/185
f 1833/508/179 1847/372/179 1844/209/179 1831/509/179
f 1250/99/59 1251/69/59 1260/350/59 1261/73/59 1258/300/59 1253/301/59 1255/74/59 1254/533/59
f 1902/53/13 1890/98/13 1884/192/13 1896/190/13
f 2999/369/193 2997/143/193 2988/286/193 2992/646/193 2993/647/193 2994/648/193
f 1954/270/53 1960/162/53 1958/59/53 1957/331/53 1955/271/53 1950/272/53 1953/77/53 1952/78/53
f 1399/92/64 1398/136/64 1403/125/64 1404/128/64 1401/315/64 1406/316/64 1408/124/64 1407/93/64
f 1920/190/44 1908/135/44 1906/206/44 1905/508/44 1903/509/44 1916/209/44 1919/372/44 1918/177/44
f 1893/333/21 1894/177/21 1895/372/21 1881/373/21 1882/166/21 1883/181/21 1887/172/21 1888/173/21 1889/168/21 1899/171/21 1900/54/21 1901/175/21
f 2060/190/171 2066/53/171 2053/98/171 2054/285/171 2048/192/171
f 1863/76/192 1859/475/192 1856/643/192 1861/644/192
f 1875/171/184 1865/165/184 1862/57/184 1873/164/184
f 1869/176/178 1877/175/178 1874/335/178 1867/631/178
f 1857/508/186 1871/372/186 1868/209/186 1855/509/186
f 48/145/194 49/262/194 47/113/194 56/151/194 57/133/194 54/88/194 58/87/194 60/134/194 59/150/194
f 2014/190/13 2020/53/13 2008/98/13 2002/192/13
f 1941/178/85 1928/179/85 1929/180/85 1933/111/85 1934/174/85 1945/55/85 1946/248/85 1947/85/85 1939/86/85 1940/177/85
f 1996/53/13 1984/98/13 1978/217/13 1990/190/13
f 823/283/95 825/305/95 819/216/95 821/415/95 817/486/95 808/485/95 810/487/95 809/217/95
f 1887/76/183 1883/77/183 1880/272/183 1885/271/183
f 1899/171/184 1889/165/184 1886/57/184 1897/164/184
f 1893/333/178 1901/175/178 1898/335/178 1891/334/178
f 1881/508/179 1895/372/179 1892/209/179 1879/509/179
f 976/70/17 987/71/17 985/72/17 986/73/17 982/349/17 981/504/17 980/76/17 972/77/17 970/78/17 971/649/17 977/68/17 975/69/17
f 472/390/60 473/303/60 492/281/60 493/79/60 490/82/60 485/81/60 487/80/60 486/280/60
f 2927/379/195 2926/358/195 2928/156/195 2936/357/195 2934/641/195 2933/369/195
f 1911/195/183 1907/196/183 1904/536/183 1909/535/183
f 1923/171/184 1913/165/184 1910/57/184 1921/164/184
f 1917/86/178 1925/279/178 1922/522/178 1915/521/178
f 1905/508/179 1919/372/179 1916/209/179 1903/509/179
f 601/184/87 600/383/87 602/283/87 589/262/87 591/295/87 587/296/87 584/297/87 586/422/87 585/193/87
f 2038/190/44 2026/135/44 2024/206/44 2023/508/44 2021/524/44 2034/525/44 2037/178/44 2036/177/44
f 2108/190/44 2096/135/44 2094/206/44 2093/207/44 2091/509/44 2104/209/44 2107/372/44 2106/177/44
f 334/183/60 335/393/60 352/149/60 353/124/60 350/291/60 345/290/60 347/128/60 346/104/60
f 2048/270/135 2054/322/135 2049/403/135
f 217/262/109 216/113/109 223/151/109 224/133/109 221/293/109 226/292/109 228/134/109 227/150/109
f 2096/270/53 2102/394/53 2100/59/53 2099/76/53 2097/644/53 2092/643/53 2095/475/53 2094/391/53
f 1945/55/184 1934/58/184 1932/57/184 1943/56/184
f 1939/86/178 1947/85/178 1944/522/178 1937/521/178
f 1928/508/179 1941/178/179 1938/525/179 1927/524/179
f 495/262/109 494/113/109 501/151/109 502/133/109 499/88/109 504/87/109 506/134/109 505/150/109
f 1866/394/28 1878/53/28 1876/54/28 1875/171/28 1873/164/28 1862/57/28 1865/165/28 1864/59/28
f 1474/99/59 1475/69/59 1484/350/59 1485/73/59 1482/300/59 1477/301/59 1479/74/59 1478/533/59
f 1966/190/13 1972/53/13 1960/98/13 1954/192/13
f 990/304/35 988/294/35 970/106/35 972/181/35 968/287/35 978/288/35 980/172/35 981/173/35
f 2114/53/72 2108/190/72 2106/177/72 2105/176/72 2103/631/72 2110/335/72 2113/175/72 2112/54/72
f 70/262/194 69/299/194 76/346/194 77/142/194 74/88/194 78/87/194 81/90/194 80/283/194 79/201/194
f 2194/162/28 2206/53/28 2204/54/28 2203/126/28 2201/339/28 2190/340/28 2193/395/28 2192/249/28
f 2075/172/21 2076/173/21 2077/168/21 2087/163/21 2088/54/21 2089/175/21 2081/176/21 2082/177/21 2083/372/21 2069/179/21 2070/180/21 2071/181/21
f 1957/331/192 1953/77/192 1950/272/192 1955/271/192
f 1969/55/177 1959/58/177 1956/57/177 1967/56/177
f 1963/176/185 1971/175/185 1968/335/185 1961/334/185
f 1951/508/186 1965/178/186 1962/525/186 1949/524/186
f 2102/394/28 2114/53/28 2112/54/28 2111/163/28 2109/164/28 2098/57/28 2101/165/28 2100/59/28
f 1908/270/53 1914/52/53 1912/59/53 1911/195/53 1909/535/53 1904/536/53 1907/196/53 1906/197/53
f 1796/52/28 1808/338/28 1806/54/28 1805/126/28 1803/339/28 1792/340/28 1795/119/28 1794/341/28
f 2132/190/44 2120/135/44 2118/206/44 2117/207/44 2115/509/44 2128/209/44 2131/372/44 2130/177/44
f 1981/76/183 1977/475/183 1974/643/183 1979/644/183
f 1993/55/184 1983/58/184 1980/57/184 1991/56/184
f 1987/176/178 1995/175/178 1992/335/178 1985/631/178
f 1975/508/179 1989/178/179 1986/525/179 1973/524/179
f 1978/270/53 1984/394/53 1982/59/53 1981/76/53 1979/644/53 1974/643/53 1977/475/53 1976/391/53
f 1053/283/95 1055/305/95 1049/216/95 1051/363/95 1047/364/95 1038/365/95 1040/366/95 1039/367/95
f 495/100/17 497/200/17 496/183/17 494/197/17
f 243/216/54 241/217/54 251/283/54 253/218/54 249/219/54 259/220/54 261/221/54 262/281/54
f 3190/512/134 3188/650/134 3187/514/134
f 2011/333/21 2012/177/21 2013/178/21 1999/179/21 2000/180/21 2001/181/21 2005/172/21 2006/173/21 2007/174/21 2017/55/21 2018/54/21 2019/175/21
f 2005/76/192 2001/77/192 1998/272/192 2003/271/192
f 2017/55/184 2007/58/184 2004/57/184 2015/56/184
f 2011/333/178 2019/175/178 2016/335/178 2009/334/178
f 1999/508/179 2013/178/179 2010/525/179 1997/524/179
f 1672/91/140 1682/92/140 1688/117/140 1689/93/140 1690/347/140 1687/397/140 1677/398/140 1678/116/140 1679/191/140 1680/534/140
f 1118/105/151 1119/150/151 1109/145/151 1106/185/151 1105/113/151
f 1363/91/33 1375/115/33 1383/330/33 1385/246/33 1381/247/33 1369/96/33 1371/116/33 1372/98/33
f 564/106/67 566/111/67 577/104/67 579/279/67 576/84/67 568/83/67 569/86/67 570/151/67
f 1211/91/33 1221/115/33 1227/123/33 1229/122/33 1226/397/33 1216/398/33 1217/116/33 1218/191/33
f 2029/195/192 2025/196/192 2022/536/192 2027/535/192
f 2041/55/184 2031/58/184 2028/57/184 2039/56/184
f 2035/86/178 2043/279/178 2040/522/178 2033/521/178
f 2023/508/186 2037/178/186 2034/525/186 2021/524/186
f 3584/651/196 3596/652/196 3588/653/196 3590/654/196 3586/655/196 3574/656/196 3576/657/196 3577/658/196
f 1238/120/70 1234/102/70 1239/101/70
f 1021/76/17 1015/77/17 1013/78/17 1014/160/17 1018/100/17 1019/70/17 1027/71/17 1026/158/17 1023/102/17 1022/159/17
f 1902/53/72 1896/190/72 1894/177/72 1893/333/72 1891/334/72 1898/335/72 1901/175/72 1900/54/72
f 2224/190/44 2212/112/44 2210/206/44 2209/207/44 2207/208/44 2220/209/44 2223/388/44 2222/177/44
f 2063/163/184 2052/165/184 2050/57/184 2061/164/184
f 2057/86/178 2065/85/178 2062/522/178 2055/521/178
f 2046/207/179 2059/372/179 2056/209/179 2045/509/179
f 2111/163/21 2112/54/21 2113/175/21 2105/176/21 2106/177/21 2107/372/21 2093/179/21 2094/180/21 2095/181/21 2099/172/21 2100/173/21 2101/168/21
f 2162/53/72 2156/190/72 2154/177/72 2153/86/72 2151/521/72 2158/522/72 2161/279/72 2160/54/72
f 1079/252/61 1078/104/61 1069/159/61 1070/102/61 1067/307/61 1072/308/61 1074/45/61 1073/200/61
f 2156/190/44 2144/135/44 2142/206/44 2141/207/44 2139/509/44 2152/209/44 2155/372/44 2154/177/44
f 2161/279/21 2153/86/21 2154/177/21 2155/372/21 2141/179/21 2142/180/21 2143/107/21 2147/110/21 2148/111/21 2149/168/21 2159/163/21 2160/54/21
f 2002/270/53 2008/162/53 2006/59/53 2005/76/53 2003/271/53 1998/272/53 2001/77/53 2000/78/53
f 2120/270/53 2126/162/53 2124/59/53 2123/76/53 2121/271/53 2116/272/53 2119/77/53 2118/78/53
f 2075/331/192 2071/77/192 2068/272/192 2073/271/192
f 2087/163/177 2077/165/177 2074/57/177 2085/164/177
f 2081/176/185 2089/175/185 2086/335/185 2079/334/185
f 3690/410/21 3686/659/21 3688/660/21 3692/411/21
f 2069/207/186 2083/372/186 2080/209/186 2067/509/186
f 3605/628/11 3603/409/11 3602/661/11 3604/411/11
f 684/252/197 682/148/197 673/159/197 674/102/197 672/419/197 675/420/197 677/45/197 676/323/197 685/662/197
f 2266/52/28 2278/53/28 2276/54/28 2275/126/28 2273/339/28 2262/340/28 2265/395/28 2264/249/28
f 2132/190/13 2138/53/13 2126/98/13 2120/192/13
f 2129/333/21 2130/177/21 2131/372/21 2117/179/21 2118/180/21 2119/181/21 2123/172/21 2124/173/21 2125/168/21 2135/163/21 2136/54/21 2137/175/21
f 332/106/67 334/173/67 346/104/67 348/175/67 344/223/67 336/310/67 337/176/67 338/151/67
f 51/323/198 50/183/198 47/320/198 49/100/198 52/322/198
f 2099/76/183 2095/475/183 2092/643/183 2097/644/183
f 2111/163/184 2101/165/184 2098/57/184 2109/164/184
f 2105/176/185 2113/175/185 2110/335/185 2103/631/185
f 2093/207/179 2107/372/179 2104/209/179 2091/509/179
f 2144/270/53 2150/52/53 2148/59/53 2147/195/53 2145/535/53 2140/536/53 2143/196/53 2142/197/53
f 2251/126/21 2252/54/21 2253/175/21 2245/333/21 2246/177/21 2247/388/21 2233/389/21 2234/274/21 2235/181/21 2239/172/21 2240/173/21 2241/387/21
f 2200/190/13 2206/53/13 2194/191/13 2188/192/13
f 1052/383/58 1053/283/58 1039/262/58 1041/295/58 1037/296/58 1033/297/58 1035/422/58 1034/193/58
f 1064/198/17 1075/199/17 1073/200/17 1074/45/17 1070/102/17 1069/159/17 1068/195/17 1060/196/17 1058/197/17 1059/160/17 1065/161/17 1063/100/17
f 1778/190/44 1766/112/44 1764/206/44 1763/207/44 1761/208/44 1774/209/44 1777/210/44 1776/211/44
f 2123/76/192 2119/77/192 2116/272/192 2121/271/192
f 2135/163/177 2125/165/177 2122/57/177 2133/164/177
f 2129/333/178 2137/175/178 2134/335/178 2127/334/178
f 2117/207/179 2131/372/179 2128/209/179 2115/509/179
f 3332/543/17 3330/663/17 3331/664/17 3333/544/17
f 1101/283/11 1100/294/11 1102/304/11 1103/305/11
f 2275/126/21 2276/54/21 2277/279/21 2269/86/21 2270/177/21 2271/388/21 2257/389/21 2258/274/21 2259/107/21 2263/110/21 2264/111/21 2265/387/21
f 2164/389/199 2165/274/199 2168/111/199 2179/248/199 2180/85/199 2174/86/199 2175/177/199 2176/388/199
f 2169/121/200 2181/53/200 2182/251/200
f 542/106/180 544/111/180 556/104/180 558/279/180 554/84/180 546/83/180 547/86/180 548/151/180 549/263/180
f 706/383/58 707/283/58 693/262/58 695/295/58 691/296/58 687/297/58 689/422/58 688/193/58
f 105/149/82 104/148/82 98/182/82 100/45/82 99/323/82
f 2147/195/192 2143/196/192 2140/536/192 2145/535/192
f 2159/163/184 2149/165/184 2146/57/184 2157/164/184
f 2153/86/178 2161/279/178 2158/522/178 2151/521/178
f 2141/207/186 2155/372/186 2152/209/186 2139/509/186
f 1123/124/127 1121/104/127 1120/361/127
f 1730/190/44 1718/112/44 1716/206/44 1715/207/44 1713/208/44 1726/209/44 1729/210/44 1728/211/44
f 1137/268/138 1135/102/138 1138/200/138
f 1088/198/17 1099/199/17 1097/303/17 1098/73/17 1094/349/17 1093/504/17 1092/195/17 1084/196/17 1082/197/17 1083/649/17 1089/68/17 1087/69/17
f 1706/190/44 1694/112/44 1693/206/44 1692/207/44 1691/208/44 1702/209/44 1705/210/44 1704/211/44
f 1423/115/64 1422/351/64 1427/278/64 1428/141/64 1425/315/64 1430/316/64 1432/79/64 1431/330/64
f 2174/86/185 2180/85/185 2178/522/185 2172/521/185
f 2164/207/179 2176/388/179 2173/209/179 2163/208/179
f 2272/190/44 2260/112/44 2258/206/44 2257/207/44 2255/208/44 2268/209/44 2271/388/44 2270/177/44
f 355/262/109 354/193/109 361/284/109 362/89/109 359/88/109 364/87/109 366/90/109 365/283/109
f 2227/126/21 2228/54/21 2229/175/21 2221/176/21 2222/177/21 2223/388/21 2209/389/21 2210/274/21 2211/181/21 2215/172/21 2216/173/21 2217/387/21
f 1498/99/59 1499/100/59 1508/120/59 1509/45/59 1506/300/59 1501/301/59 1503/102/59 1502/46/59
f 1522/99/59 1523/69/59 1532/350/59 1533/73/59 1530/300/59 1525/301/59 1527/349/59 1526/511/59
f 2078/162/28 2090/53/28 2088/54/28 2087/163/28 2085/164/28 2074/57/28 2077/165/28 2076/59/28
f 2191/331/192 2187/77/192 2184/272/192 2189/271/192
f 2203/126/177 2193/395/177 2190/340/177 2201/339/177
f 2197/176/185 2205/175/185 2202/335/185 2195/334/185
f 2185/207/186 2199/388/186 2196/209/186 2183/208/186
f 1103/305/61 1102/304/61 1093/504/61 1094/349/61 1091/307/61 1096/308/61 1098/73/61 1097/303/61
f 1609/91/33 1621/115/33 1629/93/33 1631/396/33 1627/397/33 1615/398/33 1617/116/33 1618/191/33
f 2230/53/13 2218/191/13 2212/217/13 2224/190/13
f 1435/91/33 1445/92/33 1451/93/33 1453/246/33 1450/247/33 1440/96/33 1441/116/33 1442/98/33
f 2272/190/13 2278/53/13 2266/191/13 2260/367/13
f 172/106/67 174/173/67 188/304/67 190/175/67 186/223/67 176/222/67 178/176/67 179/346/67
f 967/252/61 966/104/61 957/159/61 958/102/61 955/307/61 960/308/61 962/45/61 961/158/61
f 991/305/61 990/304/61 981/504/61 982/349/61 979/307/61 984/308/61 986/73/61 985/72/61
f 2215/76/183 2211/475/183 2208/643/183 2213/644/183
f 2227/126/184 2217/395/184 2214/340/184 2225/339/184
f 2221/176/185 2229/175/185 2226/335/185 2219/631/185
f 2209/207/186 2223/388/186 2220/209/186 2207/208/186
f 1126/185/81 1129/145/81 1130/262/81
f 942/280/35 940/383/35 922/106/35 924/181/35 920/287/35 930/288/35 932/172/35 933/173/35
f 309/221/11 301/218/11 299/283/11 300/90/11 296/142/11 295/346/11 294/176/11 306/175/11 304/304/11 305/141/11 311/79/11 310/281/11
f 494/106/67 496/111/67 510/104/67 512/279/67 508/84/67 498/83/67 500/86/67 501/151/67
f 1748/191/13 1742/217/13 1754/190/13 1760/332/13
f 2239/76/192 2235/77/192 2232/272/192 2237/271/192
f 2251/126/184 2241/395/184 2238/340/184 2249/339/184
f 2245/333/185 2253/175/185 2250/335/185 2243/334/185
f 2233/207/186 2247/388/186 2244/209/186 2231/208/186
f 267/216/54 265/217/54 275/150/54 277/218/54 273/219/54 283/220/54 285/221/54 286/149/54
f 3489/665/201 3483/666/201 3484/667/201
f 918/104/35 916/105/35 898/106/35 900/181/35 896/413/35 906/414/35 908/172/35 909/173/35
f 1374/336/40 1362/180/40 1366/167/40 1368/174/40 1364/538/40 1376/170/40 1378/55/40 1379/380/40
f 118/201/43 117/133/43 119/150/43
f 3479/668/13 3481/669/13 3477/670/13 3475/671/13
f 2263/195/192 2259/196/192 2256/536/192 2261/535/192
f 2275/126/184 2265/395/184 2262/340/184 2273/339/184
f 2269/86/178 2277/279/178 2274/522/178 2267/521/178
f 2257/207/179 2271/388/179 2268/209/179 2255/208/179
f 4432/672/6 4431/673/6 4425/674/6 4427/675/6
f 2289/676/202 2287/677/202 2286/678/202 2290/679/202
f 2285/680/10 2279/681/10 2281/682/10 2286/683/10
f 2279/681/5 2280/684/5 2281/682/5
f 3418/685/203 3420/686/203 3425/687/203 3424/688/203
f 3421/689/204 3423/690/204 3420/691/204 3419/692/204
f 2353/693/204 2352/692/204 2354/694/204 2356/695/204
f 2282/696/205 2283/697/205 2284/698/205
f 4138/699/16 4140/700/16 4133/701/16 4132/702/16
f 4451/703/1 4453/704/1 4447/705/1 4446/706/1
f 2279/681/4 2291/707/4 2293/708/4 2280/684/4
f 2285/680/206 2286/683/206 2287/709/206
f 3465/710/6 3467/711/6 3472/712/6 3471/713/6
f 3467/711/207 3466/714/207 3464/715/207 3463/716/207
f 2290/679/17 2286/678/17 2281/717/17 2284/698/17
f 2333/718/10 2327/719/10 2329/682/10 2334/683/10
f 2288/720/208 2289/676/208 2290/679/208
f 2312/720/25 2324/721/25 2326/722/25 2313/723/25
f 2291/707/209 2292/724/209 2293/708/209
f 2297/725/15 2285/680/15 2287/709/15 2298/726/15
f 2322/727/15 2321/728/15 2309/729/15 2311/730/15
f 2568/731/16 2567/732/16 2573/733/16 2575/734/16
f 2294/735/210 2295/736/210 2296/737/210
f 2337/738/22 2350/739/22 2346/740/22 2335/741/22
f 2422/742/6 2424/743/6 2429/744/6 2428/745/6
f 2328/692/7 2330/746/7 2332/747/7 2329/693/7
f 2297/725/211 2298/726/211 2299/748/211
f 2302/749/22 2298/726/22 2287/677/22 2289/676/22
f 2283/697/1 2288/720/1 2290/679/1 2284/698/1
f 2356/695/17 2362/679/17 2358/750/17 2353/693/17
f 2365/751/18 2364/752/18 2368/753/18 2367/754/18
f 2336/755/13 2331/756/13 2342/757/13 2348/758/13
f 2294/735/9 2283/759/9 2282/760/9 2295/736/9
f 2300/761/212 2301/762/212 2302/749/212
f 3766/763/213 3765/764/213 3769/765/213 3768/766/213
f 2371/767/214 2370/768/214 2374/769/214 2373/770/214
f 3435/771/11 3431/772/11 3438/773/11 3440/774/11
f 2303/775/4 2315/776/4 2317/777/4 2304/778/4
f 2303/775/215 2304/778/215 2305/779/215
f 2307/756/13 2318/780/13 2324/721/13 2312/781/13
f 2610/782/6 2612/783/6 2617/784/6 2616/785/6
f 2366/786/6 2368/753/6 2373/770/6 2372/787/6
f 4122/693/17 4125/788/17 4131/789/17 4127/750/17
f 2306/696/205 2307/790/205 2308/791/205
f 2335/741/3 2334/750/3 2338/792/3 2337/738/3
f 2310/683/10 2309/729/10 2303/775/10 2305/779/10
f 2309/729/12 2310/683/12 2311/730/12
f 2357/793/10 2351/794/10 2353/682/10 2358/683/10
f 2347/795/216 2346/740/216 2350/739/216 2349/796/216
f 2332/747/17 2338/792/17 2334/750/17 2329/693/17
f 4428/797/16 4430/798/16 4423/701/16 4422/799/16
f 2312/720/14 2313/723/14 2314/800/14
f 2573/733/15 2561/801/15 2563/802/15 2574/803/15
f 2319/804/18 2317/777/18 2316/805/18 2320/806/18
f 2360/720/25 2372/787/25 2374/769/25 2361/807/25
f 2315/776/209 2316/805/209 2317/777/209
f 2293/708/217 2292/724/217 2296/737/217 2295/736/217
f 2318/780/20 2319/804/20 2320/806/20
f 2652/808/18 2651/809/18 2649/810/18 2648/811/18
f 2321/728/211 2322/727/211 2323/812/211
f 3461/813/17 3457/814/17 3452/815/17 3455/816/17
f 2326/722/216 2325/817/216 2323/812/216 2322/727/216
f 4128/818/22 4130/819/22 4143/820/22 4139/821/22
f 2319/804/9 2318/780/9 2307/759/9 2306/760/9
f 2324/721/212 2325/817/212 2326/722/212
f 2342/757/9 2331/759/9 2330/822/9 2343/823/9
f 2341/824/217 2340/825/217 2344/826/217 2343/823/217
f 2360/720/1 2362/679/1 2356/695/1 2355/827/1
f 2327/719/5 2328/828/5 2329/682/5
f 4369/829/218 4374/830/218 4375/831/218 4373/832/218 4370/833/218 4372/834/218 4371/835/218 4368/836/218
f 2422/742/9 2411/759/9 2410/837/9 2423/838/9
f 2331/839/1 2336/720/1 2338/792/1 2332/747/1
f 2313/723/3 2311/840/3 2310/750/3 2314/800/3
f 2330/746/8 2331/839/8 2332/747/8
f 2345/841/16 2347/795/16 2340/825/16 2339/842/16
f 2320/806/11 2316/805/11 2323/812/11 2325/817/11
f 2307/790/1 2312/720/1 2314/800/1 2308/791/1
f 2333/718/206 2334/683/206 2335/843/206
f 2408/844/4 2407/845/4 2419/846/4 2421/847/4
f 2359/848/3 2358/750/3 2362/679/3 2361/807/3
f 4127/683/10 4126/849/10 4120/850/10 4122/682/10
f 2336/720/208 2337/738/208 2338/792/208
f 3762/851/219 3761/852/219 3774/853/219 3773/854/219
f 4454/855/21 4442/856/21 4448/857/21 4460/858/21
f 2346/740/15 2345/841/15 2333/718/15 2335/843/15
f 2339/842/220 2340/825/220 2341/824/220
f 2348/758/25 2350/739/25 2337/738/25 2336/720/25
f 2398/859/216 2397/744/216 2395/860/216 2394/861/216
f 2499/862/216 2498/863/216 2502/864/216 2501/865/216
f 2342/757/221 2343/823/221 2344/826/221
f 2343/823/2 2330/822/2 2328/866/2 2341/824/2
f 2367/754/2 2354/760/2 2352/867/2 2365/751/2
f 2373/770/11 2368/753/11 2364/752/11 2371/767/11
f 2345/841/211 2346/740/211 2347/795/211
f 2775/868/11 2777/869/11 2772/870/11 2768/871/11
f 2318/780/6 2320/806/6 2325/817/6 2324/721/6
f 2348/758/24 2349/796/24 2350/739/24
f 2327/719/4 2339/842/4 2341/824/4 2328/828/4
f 4172/872/11 4174/873/11 4169/874/11 4165/875/11
f 2410/876/7 2412/877/7 2409/878/7 2408/692/7
f 2351/794/5 2352/879/5 2353/682/5
f 2496/880/18 2495/881/18 2493/882/18 2492/883/18
f 2775/868/216 2774/884/216 2778/885/216 2777/869/216
f 2304/692/204 2306/696/204 2308/791/204 2305/886/204
f 2354/694/8 2355/827/8 2356/695/8
f 3721/887/222 3719/888/222 3732/889/222 3734/890/222
f 2364/752/16 2363/891/16 2369/892/16 2371/767/16
f 2732/893/18 2731/894/18 2729/895/18 2728/896/18
f 2357/793/206 2358/683/206 2359/897/206
f 2559/898/1 2564/899/1 2566/900/1 2560/901/1
f 2280/692/204 2282/696/204 2284/698/204 2281/717/204
f 2360/720/208 2361/807/208 2362/679/208
f 2363/891/19 2364/752/19 2365/751/19
f 2363/891/4 2365/751/4 2352/879/4 2351/794/4
f 2483/902/1 2488/903/1 2490/904/1 2484/905/1
f 2366/786/223 2367/754/223 2368/753/223
f 2366/786/9 2355/759/9 2354/760/9 2367/754/9
f 2642/906/17 2637/907/17 2640/908/17 2646/909/17
f 2314/800/17 2310/750/17 2305/886/17 2308/791/17
f 2802/910/10 2801/911/10 2795/912/10 2797/913/10
f 2369/892/211 2370/768/211 2371/767/211
f 4133/701/11 4140/700/11 4142/672/11 4137/914/11
f 2481/915/7 2480/692/7 2482/916/7 2484/905/7
f 3718/917/224 3730/918/224 3732/889/224 3719/919/224
f 2369/892/15 2357/793/15 2359/897/15 2370/768/15
f 2372/787/24 2373/770/24 2374/769/24
f 2416/920/25 2428/745/25 2430/921/25 2417/922/25
f 2417/922/202 2415/923/202 2414/924/202 2418/925/202
f 2777/869/6 2776/926/6 2770/927/6 2772/870/6
f 2375/928/5 2376/929/5 2377/930/5
f 3772/931/225 3771/932/225 3775/933/225 3774/853/225
f 2813/934/21 2807/935/21 2795/912/21 2801/911/21
f 2378/876/8 2379/936/8 2380/877/8
f 2420/937/16 2419/846/16 2425/938/16 2427/939/16
f 3759/940/226 3761/852/226 3763/941/226 3760/942/226
f 2394/861/15 2393/943/15 2381/944/15 2383/945/15
f 2381/944/227 2382/946/227 2383/945/227
f 2396/947/25 2398/859/25 2385/948/25 2384/920/25
f 2407/845/10 2409/930/10 2414/946/10 2413/949/10
f 2384/920/208 2385/948/208 2386/925/208
f 2386/925/3 2385/948/3 2383/950/3 2382/924/3
f 2391/951/9 2390/742/9 2379/759/9 2378/837/9
f 2387/952/220 2388/953/220 2389/847/220
f 3459/954/13 3454/955/13 3465/710/13 3471/713/13
f 2392/956/11 2388/953/11 2395/860/11 2397/744/11
f 2390/742/223 2391/951/223 2392/956/223
f 2429/744/214 2427/939/214 2426/957/214 2430/921/214
f 2390/742/6 2392/956/6 2397/744/6 2396/947/6
f 2393/943/228 2394/861/228 2395/860/228
f 2387/952/16 2393/943/16 2395/860/16 2388/953/16
f 2398/859/22 2394/861/22 2383/950/22 2385/948/22
f 2396/947/229 2397/744/229 2398/859/229
f 125/69/17 127/72/17 126/390/17 124/78/17
f 2399/958/21 2401/959/21 2405/960/21 2403/961/21
f 72/216/230 70/192/230 79/201/230 88/227/230 89/281/230
f 2435/961/11 2437/960/11 2438/203/11 2436/202/11
f 2437/960/22 2433/962/22 2434/963/22 2438/203/22
f 2401/962/17 2399/964/17 2400/965/17 2402/963/17
f 2405/960/22 2401/962/22 2402/963/22 2406/203/22
f 2425/938/21 2419/846/21 2407/845/21 2413/949/21
f 2494/966/9 2483/759/9 2482/967/9 2495/881/9
f 2407/845/5 2408/844/5 2409/930/5
f 2378/837/2 2376/968/2 2389/847/2 2391/951/2
f 2721/969/10 2715/970/10 2717/971/10 2722/972/10
f 2422/742/13 2428/745/13 2416/973/13 2411/974/13
f 2381/944/10 2375/928/10 2377/930/10 2382/946/10
f 2424/743/11 2420/937/11 2427/939/11 2429/744/11
f 2410/876/205 2411/936/205 2412/877/205
f 2763/975/22 2765/976/22 2778/885/22 2774/884/22
f 2380/877/1 2379/936/1 2384/920/1 2386/925/1
f 2491/977/21 2479/978/21 2485/979/21 2497/980/21
f 2693/981/16 2695/982/16 2688/983/16 2687/984/16
f 3728/985/231 3727/986/231 3739/987/231 3741/988/231
f 2413/949/227 2414/946/227 2415/989/227
f 2375/928/4 2387/952/4 2389/847/4 2376/929/4
f 2638/990/2 2636/991/2 2649/810/2 2651/809/2
f 2424/743/18 2423/838/18 2421/847/18 2420/937/18
f 2416/920/232 2417/922/232 2418/925/232
f 2419/846/233 2420/937/233 2421/847/233
f 3776/992/234 3778/993/234 3771/932/234 3770/994/234
f 2482/967/2 2480/995/2 2493/882/2 2495/881/2
f 2607/996/21 2595/997/21 2601/998/21 2613/999/21
f 2422/742/223 2423/838/223 2424/743/223
f 2595/997/10 2597/1000/10 2602/1001/10 2601/998/10
f 2425/938/211 2426/957/211 2427/939/211
f 2313/723/22 2326/722/22 2322/727/22 2311/840/22
f 2658/1002/216 2657/1003/216 2655/1004/216 2654/1005/216
f 2378/876/7 2380/877/7 2377/878/7 2376/692/7
f 2555/1006/21 2561/801/21 2573/733/21 2567/732/21
f 2490/904/3 2489/1007/3 2487/1008/3 2486/1009/3
f 2428/745/212 2429/744/212 2430/921/212
f 2448/1010/17 2450/1011/17 2449/1012/17 2447/1013/17
f 3837/1014/22 3836/1015/22 3832/1016/22 3833/1017/22
f 4285/1018/235 4283/1019/235 4280/1020/235 4281/1021/235
f 2403/961/11 2405/960/11 2406/203/11 2404/202/11
f 2829/1022/22 2830/1023/22 2834/1024/22 2833/1025/22
f 2399/1026/2 2403/961/2 2404/202/2 2400/1027/2
f 3866/578/11 3868/445/11 3869/448/11 3867/579/11
f 3799/1028/13 3803/1029/13 3805/1030/13 3801/1031/13
f 1272/79/22 1268/80/22 1267/380/22 1266/171/22 1256/165/22 1254/533/22 1255/74/22 1261/73/22 1260/350/22 1259/444/22 1273/94/22 1271/330/22
f 2439/1013/17 2440/1010/17 2442/1011/17 2441/1032/17
f 2445/313/21 2443/312/21 2439/1033/21 2441/1034/21
f 1411/91/33 1423/115/33 1431/330/33 1433/246/33 1429/247/33 1417/96/33 1419/116/33 1420/98/33
f 2448/1035/2 2447/1036/2 2451/1037/2 2452/1038/2
f 2444/311/13 2446/314/13 2442/1039/13 2440/1040/13
f 1633/91/33 1644/115/33 1651/330/33 1653/347/33 1649/397/33 1638/398/33 1640/116/33 1641/191/33
f 847/150/95 849/252/95 843/216/95 845/415/95 841/486/95 832/485/95 834/487/95 833/217/95
f 2440/1041/2 2439/1042/2 2443/312/2 2444/311/2
f 3996/1043/21 3998/1044/21 4000/1045/21 4002/1046/21 4004/1047/21 3986/1048/21 3988/1049/21 3990/1050/21 3992/1051/21 3994/1052/21
f 2441/1032/22 2442/1011/22 2446/314/22 2445/313/22
f 642/283/11 640/294/11 645/85/11 644/362/11 646/305/11 643/443/11
f 4668/1053/236 4664/1054/236 4661/1055/236 4662/1056/236 4667/1057/236
f 3893/581/22 3892/318/22 3888/1058/22 3889/1059/22
f 2457/1060/22 2458/1011/22 2462/1061/22 2461/1062/22
f 3032/382/17 3029/152/17 3026/153/17 3028/491/17 3027/155/17 3031/156/17
f 2460/1063/11 2459/1064/11 2461/1062/11 2462/1061/11
f 2461/1062/21 2459/1064/21 2455/1065/21 2457/1034/21
f 1663/115/146 1662/136/146 1666/421/146 1669/124/146 1668/93/146
f 2449/1012/22 2450/1011/22 2454/1066/22 2453/1067/22
f 2524/1068/13 2528/186/13 2530/189/13 2526/1069/13
f 2539/1070/237 2543/1071/237 2544/214/237 2540/1072/237
f 3922/1073/238 3924/1074/238 3928/1075/238 3926/462/238
f 2460/1063/13 2462/1061/13 2458/1076/13 2456/1040/13
f 3841/1077/22 3845/517/22 3844/516/22 3840/1078/22
f 2459/1064/2 2460/1063/2 2456/1079/2 2455/1036/2
f 2465/1080/22 2466/1081/22 2470/1082/22 2469/1083/22
f 2507/1084/239 2514/1085/239 2506/1086/239
f 3806/1087/2 3810/1088/2 3811/1089/2 3807/1090/2
f 2455/1013/17 2456/1010/17 2458/1011/17 2457/1060/17
f 2475/426/2 2476/425/2 2472/1091/2 2471/1092/2
f 2469/1083/21 2467/1093/21 2463/1094/21 2465/1034/21
f 150/183/60 151/158/60 170/149/60 171/124/60 168/82/60 163/81/60 165/128/60 164/104/60
f 2467/1093/2 2468/1095/2 2464/1096/2 2463/1092/2
f 2496/880/11 2492/883/11 2499/862/11 2501/865/11
f 2489/1007/25 2488/903/25 2500/1097/25 2502/864/25
f 2494/966/6 2496/880/6 2501/865/6 2500/1097/6
f 2479/978/215 2480/1098/215 2481/1099/215
f 2638/1100/7 2640/908/7 2637/907/7 2636/692/7
f 3759/1101/240 3758/1102/240 3770/994/240 3772/931/240
f 2577/1103/11 2572/1104/11 2568/731/11 2575/734/11
f 2482/916/205 2483/902/205 2484/905/205
f 3768/766/241 3781/1105/241 3777/1106/241 3766/763/241
f 2485/979/10 2479/978/10 2481/1099/10 2486/1107/10
f 2688/983/11 2695/982/11 2697/1108/11 2692/1109/11
f 2497/980/15 2485/979/15 2487/1110/15 2498/863/15
f 2485/979/12 2486/1107/12 2487/1110/12
f 2490/904/17 2486/1009/17 2481/915/17 2484/905/17
f 3764/1111/242 3766/1112/242 3777/1106/242 3776/992/242
f 2488/903/14 2489/1007/14 2490/904/14
f 2796/692/7 2798/1113/7 2800/1114/7 2797/1115/7
f 4128/818/3 4127/750/3 4131/789/3 4130/819/3
f 2691/1116/2 2678/1117/2 2676/1118/2 2689/1119/2
f 2615/1120/216 2614/1121/216 2618/1122/216 2617/784/216
f 2491/977/19 2492/883/19 2493/882/19
f 4573/1123/243 4570/1124/243 4572/1125/243 4571/1126/243 4598/1127/243 4599/1128/243 4574/1129/243 4575/1130/243
f 2479/978/4 2491/977/4 2493/882/4 2480/1098/4
f 2494/966/223 2495/881/223 2496/880/223
f 4122/693/204 4121/692/204 4123/1131/204 4125/788/204
f 4153/1132/2 4166/1133/2 4168/1134/2 4155/1135/2
f 2497/980/23 2498/863/23 2499/862/23
f 2647/1136/4 2649/810/4 2636/1137/4 2635/1138/4
f 2418/925/17 2414/924/17 2409/878/17 2412/877/17
f 4418/1139/3 4417/750/3 4421/789/3 4420/1140/3
f 3450/1141/4 3462/1142/4 3464/715/4 3451/1143/4
f 2500/1097/212 2501/865/212 2502/864/212
f 354/106/67 356/173/67 370/280/67 372/175/67 368/223/67 358/222/67 360/333/67 361/284/67
f 3480/1144/21 3478/1145/21 3474/1146/21 3476/1147/21
f 1353/92/90 1352/136/90 1356/125/90 1357/128/90 1359/117/90
f 1415/349/22 1421/73/22 1420/350/22 1419/461/22 1433/246/22 1431/330/22 1432/79/22 1428/141/22 1427/278/22 1426/55/22 1416/58/22 1414/511/22
f 2510/588/244 2509/587/244 2511/592/244
f 102/151/245 103/150/245 94/145/245 95/262/245 96/343/245 91/384/245
f 2505/1148/246 2506/1149/246 2514/1085/246 2513/591/246 2512/593/246
f 667/252/247 664/150/247 662/105/247 666/85/247 665/148/247
f 2536/599/22 2535/1150/22 2537/1151/22 2538/600/22
f 3481/669/22 3480/1144/22 3476/1152/22 3477/1153/22
f 215/149/82 211/104/82 199/182/82 201/45/82 200/158/82
f 2506/1149/248 2505/1148/248 2503/1154/248 2504/1155/248 2507/1156/248
f 1736/332/72 1730/190/72 1728/211/72 1727/176/72 1725/334/72 1732/335/72 1735/175/72 1734/54/72
f 2525/1157/249 2529/188/249 2527/187/249 2523/1158/249
f 2672/615/13 2674/441/13 2670/1159/13 2668/1160/13
f 2520/186/22 2519/187/22 2521/1161/22 2522/1162/22
f 680/150/11 678/105/11 683/85/11 682/148/11 684/252/11 681/443/11
f 2624/1163/13 2626/1164/13 2622/1165/13 2620/1166/13
f 4286/1167/250 4288/1168/250 4290/1169/250 4293/1170/250 4298/1171/250 4304/1172/250 4305/1173/250 4309/1174/250 4280/1175/250 4283/1176/250
f 2521/1161/251 2517/595/251 2518/594/251 2522/1162/251
f 2515/465/252 2519/187/252 2520/186/252 2516/1177/252
f 2534/1178/163 2533/1179/163 2531/1154/163 2532/1180/163
f 709/305/11 707/283/11 706/383/11 708/280/11
f 240/106/67 242/173/67 256/280/67 258/175/67 254/223/67 244/310/67 246/176/67 247/284/67
f 103/150/89 105/149/89 99/216/89 101/285/89 94/60/89
f 669/185/81 670/145/81 671/262/81
f 3838/1181/2 3842/515/2 3843/518/2 3839/580/2
f 3897/1182/253 3896/1183/253 3894/1184/253 3895/1185/253
f 3896/1183/254 3897/1182/254 3901/458/254 3900/1186/254
f 2529/188/251 2525/1187/251 2526/1188/251 2530/189/251
f 2523/465/252 2527/187/252 2528/186/252 2524/1189/252
f 3898/1190/255 3899/457/255 3895/1191/255 3894/1192/255
f 151/158/17 150/183/17 148/78/17 149/100/17
f 2549/1157/13 2553/212/13 2551/215/13 2547/1193/13
f 2584/1194/11 2583/1195/11 2585/619/11 2586/618/11
f 2554/213/13 2550/1196/13 2548/1197/13 2552/214/13
f 2545/1198/256 2541/606/256 2542/605/256 2546/1199/256
f 2546/1199/13 2542/1200/13 2540/1201/13 2544/214/13
f 1556/136/141 1546/180/141 1549/537/141 1550/167/141 1551/168/141 1548/169/141 1558/170/141 1559/163/141 1560/408/141 1561/421/141
f 2669/1202/21 2673/438/21 2671/616/21 2667/1203/21
f 3980/1204/257 3981/1205/257 3985/1206/257 3984/1207/257
f 685/662/258 681/443/258 684/252/258
f 2547/1070/237 2551/215/237 2552/214/237 2548/1208/237
f 175/216/54 173/192/54 183/283/54 185/226/54 181/225/54 191/224/54 193/227/54 194/281/54
f 4662/1056/259 4690/1209/259 4685/1210/259 4683/1211/259 4681/1212/259 4678/1213/259 4673/1214/259 4670/1215/259 4667/1057/259
f 2726/1216/202 2725/1217/202 2723/1218/202 2722/1219/202
f 3387/1220/260 3388/1221/260 3380/452/260 3379/1222/260 3378/1223/260 3384/1224/260
f 2555/1006/261 2556/1225/261 2557/1226/261
f 2802/1227/17 2797/1115/17 2800/1114/17 2806/1228/17
f 2604/1229/25 2616/785/25 2618/1122/25 2605/1230/25
f 2570/1231/6 2572/1104/6 2577/1103/6 2576/1232/6
f 2557/1233/7 2556/692/7 2558/1113/7 2560/901/7
f 2558/1113/205 2559/898/205 2560/901/205
f 2555/1006/10 2557/1226/10 2562/1234/10 2561/801/10
f 2718/1117/2 2716/1235/2 2729/895/2 2731/894/2
f 2646/909/202 2645/1236/202 2643/1237/202 2642/906/202
f 3821/1238/11 3819/1239/11 3818/574/11 3820/576/11
f 2657/1003/6 2656/1240/6 2650/1241/6 2652/808/6
f 2561/801/227 2562/1234/227 2563/802/227
f 2813/934/16 2815/1242/16 2808/1243/16 2807/935/16
f 2430/921/22 2426/957/22 2415/923/22 2417/922/22
f 3462/1142/16 3468/1244/16 3470/1245/16 3463/716/16
f 2564/899/14 2565/1246/14 2566/900/14
f 2565/1246/22 2578/1247/22 2574/803/22 2563/1248/22
f 2765/976/202 2763/975/202 2762/1249/202 2766/1250/202
f 2564/899/25 2576/1232/25 2578/1247/25 2565/1246/25
f 2567/732/220 2568/731/220 2569/1251/220
f 3459/1252/25 3471/713/25 3473/1253/25 3460/1254/25
f 2570/1231/20 2571/1255/20 2572/1104/20
f 2555/1006/4 2567/732/4 2569/1251/4 2556/1225/4
f 4430/798/216 4429/1256/216 4433/1257/216 4432/672/216
f 3348/1258/262 3349/1259/262 3345/1260/262 3342/1261/262 3341/1262/262 3344/1263/262 3343/1264/262
f 2573/733/211 2574/803/211 2575/734/211
f 2599/1265/1 2604/1229/1 2606/1266/1 2600/1267/1
f 2570/1231/9 2559/759/9 2558/1117/9 2571/1255/9
f 2576/1232/212 2577/1103/212 2578/1247/212
f 2584/1194/2 2580/1268/2 2579/1269/2 2583/1195/2
f 849/252/61 848/104/61 839/159/61 840/102/61 837/307/61 842/308/61 844/45/61 843/393/61
f 2661/1270/17 2659/1271/17 2660/1272/17 2662/1273/17
f 2585/619/21 2583/1195/21 2579/1274/21 2581/1275/21
f 4007/1276/263 4009/325/263 4008/324/263 4006/1277/263
f 1748/394/28 1760/332/28 1758/54/28 1757/126/28 1755/339/28 1744/340/28 1747/119/28 1746/341/28
f 2833/1025/11 2834/1024/11 2832/1278/11 2831/1279/11
f 2592/1280/13 2594/1281/13 2590/1282/13 2588/1160/13
f 2592/1280/2 2588/1283/2 2587/1284/2 2591/1285/2
f 2300/761/6 2294/735/6 2296/737/6 2301/762/6
f 2613/999/15 2601/998/15 2603/1286/15 2614/1121/15
f 2595/997/5 2596/1287/5 2597/1000/5
f 2685/1288/22 2698/1289/22 2694/1290/22 2683/1291/22
f 2773/1292/16 2775/868/16 2768/871/16 2767/1293/16
f 2384/973/13 2379/974/13 2390/742/13 2396/947/13
f 2764/1294/25 2776/926/25 2778/885/25 2765/976/25
f 2598/1295/205 2599/1265/205 2600/1267/205
f 2760/1296/17 2766/1250/17 2762/1249/17 2757/1297/17
f 2692/1109/18 2691/1116/18 2689/1119/18 2688/983/18
f 2767/1293/4 2769/1298/4 2756/1299/4 2755/1300/4
f 2601/998/206 2602/1001/206 2603/1286/206
f 2416/920/1 2418/925/1 2412/877/1 2411/936/1
f 2604/1229/14 2605/1230/14 2606/1266/14
f 4410/1301/10 4412/682/10 4417/683/10 4416/1302/10
f 2686/1303/202 2685/1288/202 2683/1291/202 2682/1304/202
f 2607/996/209 2608/1305/209 2609/1306/209
f 4159/1307/17 4154/1308/17 4157/705/17 4163/704/17
f 2610/782/20 2611/1309/20 2612/783/20
f 2386/925/17 2382/924/17 2377/878/17 2380/877/17
f 2611/1309/9 2610/782/9 2599/759/9 2598/1310/9
f 2617/784/11 2612/783/11 2608/1305/11 2615/1120/11
f 2613/999/211 2614/1121/211 2615/1120/211
f 4425/674/13 4431/673/13 4419/781/13 4414/756/13
f 4419/720/1 4421/789/1 4415/788/1 4414/1311/1
f 3436/1312/264 3424/688/264 3426/1313/264 3437/1314/264
f 2616/785/229 2617/784/229 2618/1122/229
f 2624/1163/2 2620/1315/2 2619/1316/2 2623/1317/2
f 2739/1318/21 2741/229/21 2745/1319/21 2743/1320/21
f 731/150/11 730/105/11 732/104/11 733/252/11
f 3412/1321/22 3413/1322/22 3417/1323/22 3416/1324/22
f 2630/1325/17 2629/1326/17 2627/1327/17 2628/1328/17
f 2593/1329/21 2591/1285/21 2587/1330/21 2589/1331/21
f 3048/370/181 3047/369/181 3041/152/181 3042/157/181 3043/268/181
f 2627/1332/2 2631/1333/2 2632/1334/2 2628/1335/2
f 2642/1336/10 2641/1337/10 2635/1138/10 2637/1338/10
f 2733/1339/21 2727/1340/21 2715/970/21 2721/969/21
f 4175/1341/216 4174/873/216 4172/872/216 4171/1342/216
f 2635/1138/5 2636/1137/5 2637/1338/5
f 2648/811/11 2655/1004/11 2657/1003/11 2652/808/11
f 3435/771/18 3434/1343/18 3432/1344/18 3431/772/18
f 2653/1345/16 2655/1004/16 2648/811/16 2647/1136/16
f 2638/1100/8 2639/1346/8 2640/908/8
f 2598/1295/7 2600/1267/7 2597/1347/7 2596/692/7
f 4424/1348/18 4423/701/18 4427/675/18 4426/1349/18
f 2641/1337/206 2642/1336/206 2643/1350/206
f 2658/1002/22 2654/1005/22 2643/1237/22 2645/1236/22
f 2644/1351/208 2645/1236/208 2646/909/208
f 2321/728/16 2323/812/16 2316/805/16 2315/776/16
f 2698/1289/216 2697/1108/216 2695/982/216 2694/1290/216
f 2647/1136/209 2648/811/209 2649/810/209
f 4427/675/11 4423/701/11 4430/798/11 4432/672/11
f 2654/1005/15 2653/1345/15 2641/1337/15 2643/1350/15
f 2560/901/17 2566/900/17 2562/1352/17 2557/1233/17
f 3758/1102/265 3764/1111/265 3776/992/265 3770/994/265
f 2650/1241/221 2651/809/221 2652/808/221
f 2319/804/2 2306/760/2 2304/1353/2 2317/777/2
f 4459/1354/217 4458/1355/217 4456/1356/217 4455/875/217
f 2687/984/21 2675/1357/21 2681/1358/21 2693/981/21
f 2653/1345/228 2654/1005/228 2655/1004/228
f 2502/864/22 2498/863/22 2487/1008/22 2489/1007/22
f 2650/1241/9 2639/759/9 2638/990/9 2651/809/9
f 2656/1240/229 2657/1003/229 2658/1002/229
f 1511/92/2 1499/135/2 1498/113/2 1510/136/2
f 2712/1359/2 2708/1360/2 2707/1361/2 2711/1362/2
f 966/104/35 964/105/35 946/106/35 948/181/35 944/287/35 954/288/35 956/172/35 957/173/35
f 2624/1163/11 2623/1317/11 2625/1363/11 2626/1164/11
f 3415/1364/13 3417/1323/13 3413/1365/13 3411/1366/13
f 124/106/67 126/173/67 140/280/67 142/175/67 138/223/67 128/222/67 130/176/67 131/284/67
f 3817/1367/22 3821/1238/22 3820/576/22 3816/1368/22
f 2664/1369/2 2660/1370/2 2659/1269/2 2663/1371/2
f 2592/1280/11 2591/1285/11 2593/1329/11 2594/1281/11
f 470/106/67 472/111/67 486/280/67 488/279/67 484/84/67 474/83/67 476/86/67 477/284/67
f 1299/91/33 1311/115/33 1319/330/33 1321/94/33 1317/95/33 1305/96/33 1307/97/33 1308/98/33
f 2632/1334/13 2634/1372/13 2630/1373/13 2628/1374/13
f 4066/1375/266 4067/1376/266 4063/1377/266 4062/1378/266
f 2716/692/7 2718/1113/7 2720/1379/7 2717/1380/7
f 2288/781/13 2283/756/13 2294/735/13 2300/761/13
f 2681/1358/10 2675/1357/10 2677/1381/10 2682/1382/10
f 2675/1357/5 2676/1383/5 2677/1381/5
f 2684/1384/1 2686/1303/1 2680/1385/1 2679/1386/1
f 2682/1304/17 2677/1387/17 2680/1385/17 2686/1303/17
f 2815/1242/216 2814/1388/216 2818/1389/216 2817/1390/216
f 2678/1113/205 2679/1386/205 2680/1385/205
f 2349/796/11 2344/826/11 2340/825/11 2347/795/11
f 4120/850/4 4132/702/4 4134/1391/4 4121/1392/4
f 2757/1297/7 2756/692/7 2758/1113/7 2760/1296/7
f 2805/1393/25 2804/1394/25 2816/1395/25 2818/1389/25
f 2681/1358/227 2682/1382/227 2683/1396/227
f 2684/1384/208 2685/1288/208 2686/1303/208
f 2690/1397/6 2692/1109/6 2697/1108/6 2696/1398/6
f 2599/1399/13 2610/782/13 2616/785/13 2604/1400/13
f 4163/704/202 4162/1401/202 4160/1402/202 4159/1307/202
f 2687/984/209 2688/983/209 2689/1119/209
f 2690/1397/20 2691/1116/20 2692/1109/20
f 2769/1298/2 2771/1403/2 2758/1117/2 2756/1404/2
f 2675/1357/4 2687/984/4 2689/1119/4 2676/1383/4
f 4445/1405/204 4447/705/204 4444/1308/204 4443/692/204
f 2693/981/211 2694/1290/211 2695/982/211
f 4428/797/21 4422/799/21 4410/1301/21 4416/1302/21
f 2738/1406/216 2737/1407/216 2735/1408/216 2734/1409/216
f 2696/1398/229 2697/1108/229 2698/1289/229
f 200/216/54 197/192/54 207/150/54 209/226/54 206/225/54 213/224/54 214/221/54 215/149/54
f 759/384/84 765/343/84 760/113/84
f 3873/1410/22 3877/1411/22 3876/1412/22 3872/1413/22
f 2664/1369/13 2666/1414/13 2662/1415/13 2660/1416/13
f 3491/550/21 3488/549/21 3482/1417/21 3485/1418/21
f 2702/1419/13 2700/1420/13 2704/613/13 2706/612/13
f 2702/468/22 2706/612/22 2705/611/22 2701/469/22
f 403/69/17 405/72/17 404/302/17 402/78/17
f 2709/1421/17 2707/1422/17 2708/1423/17 2710/1424/17
f 428/183/60 429/158/60 446/149/60 447/124/60 444/291/60 439/290/60 441/128/60 440/104/60
f 2774/884/15 2773/1292/15 2761/1425/15 2763/1426/15
f 2769/1298/217 2768/871/217 2772/870/217 2771/1403/217
f 2759/1427/1 2764/1294/1 2766/1250/1 2760/1296/1
f 2715/970/261 2716/1428/261 2717/971/261
f 2644/1351/1 2646/909/1 2640/908/1 2639/1346/1
f 2724/1429/1 2726/1216/1 2720/1379/1 2719/1430/1
f 2803/1431/202 2802/1227/202 2806/1228/202 2805/1393/202
f 2718/1113/8 2719/1430/8 2720/1379/8
f 2727/1340/16 2733/1339/16 2735/1408/16 2728/896/16
f 2762/1432/10 2761/1425/10 2755/1300/10 2757/1433/10
f 3469/1434/15 3468/1244/15 3456/1435/15 3458/1436/15
f 2721/969/227 2722/972/227 2723/1437/227
f 2357/793/21 2369/892/21 2363/891/21 2351/794/21
f 2795/912/4 2807/935/4 2809/1438/4 2796/1439/4
f 2726/1216/17 2722/1219/17 2717/1380/17 2720/1379/17
f 2724/1429/14 2725/1217/14 2726/1216/14
f 2733/1339/15 2721/969/15 2723/1437/15 2734/1409/15
f 2727/1340/19 2728/896/19 2729/895/19
f 2724/1429/25 2736/1440/25 2738/1406/25 2725/1217/25
f 2600/1267/17 2606/1266/17 2602/1441/17 2597/1347/17
f 4463/1442/25 4465/1341/25 4452/1443/25 4451/703/25
f 2730/1444/20 2731/894/20 2732/893/20
f 2738/1406/22 2734/1409/22 2723/1218/22 2725/1217/22
f 2730/1444/9 2719/759/9 2718/1117/9 2731/894/9
f 2676/692/7 2678/1113/7 2680/1385/7 2677/1387/7
f 2737/1407/6 2736/1440/6 2730/1444/6 2732/893/6
f 2733/1339/228 2734/1409/228 2735/1408/228
f 2613/999/16 2615/1120/16 2608/1305/16 2607/996/16
f 2736/1440/212 2737/1407/212 2738/1406/212
f 1583/117/100 1581/128/100 1584/93/100
f 2705/611/21 2703/614/21 2699/1445/21 2701/1446/21
f 1240/114/40 1230/274/40 1233/167/40 1235/275/40 1232/276/40 1242/277/40 1243/126/40 1244/125/40
f 625/150/95 627/252/95 621/216/95 623/285/95 619/364/95 611/365/95 613/423/95 612/192/95
f 2745/1319/11 2746/1447/11 2744/1448/11 2743/1320/11
f 2822/1449/17 2821/1450/17 2819/233/17 2820/1451/17
f 2742/231/22 2746/1447/22 2745/1319/22 2741/232/22
f 2750/477/22 2754/483/22 2753/482/22 2749/478/22
f 3227/647/21 3231/1452/21 3229/1453/21 3225/1454/21
f 3221/1455/21 3217/1454/21 3219/647/21 3223/1452/21
f 2901/1456/267 2900/1457/267 2897/153/267 2899/375/267 2902/1458/267
f 4711/1459/13 4709/1460/13 4713/573/13 4715/495/13
f 2754/483/13 2750/1461/13 2748/1462/13 2752/484/13
f 3406/539/21 3402/1463/21 3404/1464/21 3408/540/21
f 2751/481/2 2752/484/2 2748/1465/2 2747/1284/2
f 2426/957/15 2425/938/15 2413/949/15 2415/989/15
f 2392/956/18 2391/951/18 2389/847/18 2388/953/18
f 2755/1300/5 2756/1299/5 2757/1433/5
f 3732/889/268 3731/1466/268 3735/1467/268 3734/890/268
f 4138/699/21 4132/702/21 4120/850/21 4126/849/21
f 2606/1266/202 2605/1230/202 2603/1468/202 2602/1441/202
f 2758/1113/8 2759/1427/8 2760/1296/8
f 3418/685/21 3424/688/21 3436/1312/21 3430/1469/21
f 2566/900/202 2565/1246/202 2563/1248/202 2562/1352/202
f 4429/1256/15 4428/797/15 4416/1302/15 4418/1470/15
f 2761/1425/269 2762/1432/269 2763/1426/269
f 3721/887/270 3723/1471/270 3720/942/270 3719/888/270
f 2572/1104/18 2571/1255/18 2569/1251/18 2568/731/18
f 2578/1247/216 2577/1103/216 2575/734/216 2574/803/216
f 2764/1294/14 2765/976/14 2766/1250/14
f 4420/1140/25 4419/720/25 4431/673/25 4433/1257/25
f 3473/1253/22 3469/1434/22 3458/1472/22 3460/1254/22
f 2767/1293/233 2768/871/233 2769/1298/233
f 2770/927/221 2771/1403/221 2772/870/221
f 2773/1292/211 2774/884/211 2775/868/211
f 3422/1473/1 3427/1474/1 3429/1475/1 3423/690/1
f 2771/1403/9 2770/927/9 2759/759/9 2758/1117/9
f 2776/926/24 2777/869/24 2778/885/24
f 4734/1476/271 4732/1477/271 4733/1478/271 4735/1479/271
f 71/302/60 72/309/60 89/281/60 90/79/60 87/82/60 83/81/60 85/141/60 84/362/60
f 1646/126/170 1635/537/170 1636/167/170
f 97/183/17 93/1480/17 92/320/17 96/161/17 95/100/17 101/322/17 99/323/17 100/45/17
f 2633/1481/21 2631/1333/21 2627/1482/21 2629/1483/21
f 2906/353/11 2904/253/11 2903/242/11 2907/255/11 2908/256/11 2909/257/11
f 175/72/17 174/302/17 172/78/17 173/69/17
f 2782/48/17 2781/51/17 2779/1484/17 2780/1451/17
f 3180/360/272 3178/1485/272 3177/1486/272
f 3511/1487/13 3515/405/13 3517/404/13 3513/1488/13
f 2794/1489/22 2793/1490/22 2789/1491/22 2790/1023/22
f 2827/1492/21 2829/1464/21 2833/1025/21 2831/1279/21
f 2790/1023/17 2789/1491/17 2787/1493/17 2788/1494/17
f 2296/737/11 2292/724/11 2299/748/11 2301/762/11
f 2813/934/15 2801/911/15 2803/1495/15 2814/1388/15
f 2811/1496/18 2809/1438/18 2808/1243/18 2812/1497/18
f 2605/1230/22 2618/1122/22 2614/1121/22 2603/1468/22
f 2817/1390/6 2816/1395/6 2810/1498/6 2812/1497/6
f 2795/912/5 2796/1439/5 2797/913/5
f 2798/1113/273 2799/1499/273 2800/1114/273
f 4461/1500/22 4450/1501/22 4452/1443/22 4465/1341/22
f 2799/759/9 2798/1117/9 2811/1496/9 2810/1498/9
f 2801/911/12 2802/910/12 2803/1495/12
f 4135/1502/13 4141/1503/13 4129/781/13 4124/756/13
f 2804/1394/232 2805/1393/232 2806/1228/232
f 2612/783/18 2611/1309/18 2609/1306/18 2608/1305/18
f 4129/720/1 4131/789/1 4125/788/1 4124/1311/1
f 2807/935/19 2808/1243/19 2809/1438/19
f 2804/1394/1 2806/1228/1 2800/1114/1 2799/1499/1
f 3760/1504/274 3763/1505/274 3769/765/274 3765/764/274
f 3737/1506/275 3736/1507/275 3724/1508/275 3726/1112/275
f 2810/1498/20 2811/1496/20 2812/1497/20
f 2811/1496/2 2798/1117/2 2796/1509/2 2809/1438/2
f 4464/873/6 4463/1442/6 4457/1510/6 4459/1354/6
f 2817/1390/11 2812/1497/11 2808/1243/11 2815/1242/11
f 2813/934/228 2814/1388/228 2815/1242/228
f 2732/893/11 2728/896/11 2735/1408/11 2737/1407/11
f 2816/1395/229 2817/1390/229 2818/1389/229
f 1712/338/72 1706/190/72 1704/211/72 1703/86/72 1701/521/72 1708/522/72 1711/85/72 1710/248/72
f 4699/1511/276 4695/1512/276 4693/583/276 4697/1513/276
f 381/216/54 379/192/54 389/150/54 391/226/54 387/225/54 397/224/54 399/221/54 400/149/54
f 1671/113/2 1681/136/2 1682/92/2 1672/112/2
f 1178/115/182 1177/114/182 1182/125/182 1183/128/182 1180/315/182 1184/316/182 1187/124/182 1186/123/182 1185/117/182
f 3195/647/21 3199/1452/21 3197/1455/21 3193/1514/21
f 1684/126/22 1676/395/22 1674/472/22 1675/102/22 1679/120/22 1678/121/22 1690/347/22 1689/93/22 1686/128/22 1685/125/22
f 838/76/17 830/475/17 828/391/17 829/160/17 835/161/17 833/100/17 834/473/17 845/474/17 843/393/17 844/45/17 840/102/17 839/159/17
f 2824/1515/2 2820/1516/2 2819/1316/2 2823/1517/2
f 2825/1518/11 2826/1519/11 2824/1515/11 2823/1517/11
f 2822/1449/22 2826/1519/22 2825/1518/22 2821/1450/22
f 2785/50/11 2786/49/11 2784/1520/11 2783/230/11
f 2826/1519/13 2822/1521/13 2820/1420/13 2824/1515/13
f 3354/1522/277 3353/1523/277 3349/1259/277 3348/1258/277 3358/1524/277 3359/1525/277
f 2212/270/53 2218/394/53 2216/249/53 2215/76/53 2213/644/53 2208/643/53 2211/475/53 2210/391/53
f 3155/1486/278 3156/1526/278 3153/1527/278 3154/512/278 3151/514/278
f 3080/269/17 3078/157/17 3077/152/17 3073/1528/17 3074/154/17 3076/155/17
f 4440/1529/21 4438/627/21 4434/1530/21 4436/625/21
f 3285/1531/279 3286/1532/279 3281/1533/279 3274/1534/279 3273/1260/279 3280/1259/279 3279/1258/279
f 2831/1279/2 2832/1278/2 2828/1535/2 2827/1536/2
f 2837/24/261 2835/23/261 2836/1537/261
f 2851/1538/2 2838/1539/2 2836/1537/2 2849/1540/2
f 2845/1541/3 2843/1542/3 2842/25/3 2846/20/3
f 2836/1537/7 2838/1539/7 2840/21/7 2837/24/7
f 2840/21/8 2838/1539/8 2839/22/8
f 2847/1543/21 2835/23/21 2841/26/21 2853/1544/21
f 2850/30/6 2852/1545/6 2857/1546/6 2856/31/6
f 2842/25/12 2843/1542/12 2841/26/12
f 2857/1546/11 2852/1545/11 2848/1547/11 2855/1548/11
f 2844/19/25 2856/31/25 2858/1549/25 2845/1541/25
f 2851/1538/217 2849/1540/217 2848/1547/217 2852/1545/217
f 2846/20/14 2844/19/14 2845/1541/14
f 2853/1544/16 2855/1548/16 2848/1547/16 2847/1543/16
f 2838/1539/9 2851/1538/9 2850/30/9 2839/22/9
f 2848/1547/220 2849/1540/220 2847/1543/220
f 2840/21/17 2846/20/17 2842/25/17 2837/24/17
f 2857/1546/216 2855/1548/216 2854/1550/216 2858/1549/216
f 2852/1545/210 2850/30/210 2851/1538/210
f 2841/26/15 2843/1542/15 2854/1550/15 2853/1544/15
f 2855/1548/228 2853/1544/228 2854/1550/228
f 2845/1541/22 2858/1549/22 2854/1550/22 2843/1542/22
f 3915/1551/13 3913/1552/13 3911/1553/13 3909/1554/13 3907/1555/13 3905/1556/13 3903/1557/13 3921/1558/13 3919/1559/13 3917/1560/13
f 2847/1543/4 2849/1540/4 2836/1537/4 2835/23/4
f 2857/1546/24 2858/1549/24 2856/31/24
f 4084/1561/280 4085/1562/280 4089/1563/280 4087/1564/280
f 1102/304/35 1100/294/35 1082/106/35 1084/107/35 1080/108/35 1090/109/35 1092/110/35 1093/111/35
f 2971/641/11 2972/476/11 2969/144/11 2967/488/11 2966/1565/11 2970/1566/11
f 3128/1567/281 3127/1568/281 3129/1569/281 3130/256/281 3131/1570/281
f 2900/1457/282 2901/1456/282 2910/357/282 2908/256/282 2907/255/282
f 2884/360/283 2882/369/283 2881/361/283
f 2867/201/284 2866/253/284 2868/243/284
f 1200/115/182 1199/273/182 1204/278/182 1205/141/182 1202/315/182 1206/316/182 1209/79/182 1208/118/182 1207/117/182
f 2862/1457/267 2859/490/267 2861/375/267 2864/1571/267 2863/1456/267
f 2965/216/13 2963/1572/13 2968/201/13 2969/144/13 2972/476/13 2973/357/13
f 2998/371/11 2997/143/11 2999/369/11 3000/370/11
f 3186/496/121 3185/497/121 3182/498/121 3184/491/121 3183/155/121
f 3211/1573/17 3209/1528/17 3210/1574/17 3212/1575/17
f 2998/371/13 3000/370/13 2995/216/13 2990/1576/13
f 1718/270/53 1724/162/53 1722/341/53 1721/331/53 1719/271/53 1714/272/53 1717/77/53 1716/78/53
f 4743/1577/285 4747/264/285 4746/258/285 4742/1578/285
f 4714/64/37 4710/129/37 4711/132/37 4715/495/37
f 1231/91/140 1241/115/140 1247/117/140 1248/123/140 1249/127/140 1246/397/140 1236/398/140 1237/116/140 1238/191/140 1239/534/140
f 2980/268/286 2979/377/286 2981/1456/286
f 3002/146/51 3003/145/51 3004/262/51
f 3109/147/2 3116/513/2 3118/512/2 3117/1527/2 3111/1579/2 3112/1580/2
f 3001/106/21 3005/647/21 3011/369/21 3009/143/21
f 3058/1581/13 3060/1582/13 3055/1583/13 3056/216/13 3052/1572/13 3051/60/13
f 2927/289/287 2924/1584/287 2926/647/287
f 3012/370/181 3011/369/181 3005/152/181 3006/157/181 3007/268/181
f 2996/382/288 2994/381/288 2993/152/288
f 3164/1585/281 3163/1586/281 3165/1569/281 3166/256/281 3167/1570/281
f 3119/1486/289 3120/1526/289 3117/1527/289 3118/512/289 3115/514/289
f 2962/106/21 2964/1587/21 2970/1566/21 2966/1565/21
f 3035/369/11 3036/370/11 3034/489/11 3033/1588/11
f 3032/382/288 3030/381/288 3029/152/288
f 3119/1486/22 3113/501/22 3114/496/22 3120/1526/22
f 3035/369/21 3033/1588/21 3025/286/21 3026/106/21 3029/647/21 3030/648/21
f 2876/216/13 2874/1576/13 2879/371/13 2883/359/13
f 98/471/290 93/470/290 97/111/290
f 4722/1589/13 4720/1590/13 4716/1591/13 4718/1592/13
f 799/150/291 801/252/291 795/216/291 797/415/291 793/416/291 784/417/291 786/418/291 785/192/291
f 2963/262/131 2962/147/131 2966/1565/131 2967/488/131 2968/201/131
f 3193/1593/2 3197/1455/2 3198/1594/2 3194/1579/2
f 3058/1581/11 3057/242/11 3059/1595/11 3060/1582/11
f 1926/53/72 1920/190/72 1918/177/72 1917/86/72 1915/521/72 1922/522/72 1925/279/72 1924/54/72
f 1077/150/95 1079/252/95 1073/216/95 1075/363/95 1071/364/95 1062/365/95 1064/366/95 1063/367/95
f 3133/374/292 3134/155/292 3137/496/292 3138/382/292 3135/1596/292
f 2939/1457/293 2940/1597/293 2948/357/293 2946/256/293 2945/1595/293
f 3247/1452/22 3243/1598/22 3244/1599/22 3248/1600/22
f 3022/353/13 3024/506/13 3019/1583/13 3020/216/13 3016/62/13 3015/60/13
f 2992/646/294 2988/286/294 2989/106/294
f 1854/53/72 1848/190/72 1846/177/72 1845/176/72 1843/334/72 1850/335/72 1853/175/72 1852/54/72
f 3070/144/13 3072/1601/13 3067/216/13 3063/1572/13
f 3083/1566/11 3084/1601/11 3082/144/11 3081/143/11
f 208/134/79 205/368/79 204/151/79
f 3069/143/295 3070/144/295 3063/262/295 3064/1580/295 3061/384/295
f 436/134/68 432/151/68 431/333/68 442/175/68 440/104/68 441/128/68 447/124/68 446/149/68 445/221/68 437/226/68 435/150/68
f 3023/255/21 3021/352/21 3013/106/21 3017/647/21
f 3047/369/21 3045/1588/21 3037/106/21 3041/647/21
f 356/390/60 357/72/60 376/281/60 377/79/60 374/82/60 369/81/60 371/80/60 370/280/60
f 1009/150/95 1011/252/95 1005/216/95 1007/415/95 1004/416/95 996/417/95 998/487/95 997/192/95
f 3033/1588/295 3034/489/295 3027/262/295 3028/1580/295 3025/384/295
f 3687/630/13 3691/409/13 3693/412/13 3689/629/13
f 2897/106/21 2900/647/21 2907/255/21 2903/242/21
f 2978/642/17 2974/490/17 2975/1602/17 2977/375/17 2981/1456/17 2979/377/17
f 3050/1602/17 3052/375/17 3056/1597/17 3054/377/17 3053/642/17 3049/1528/17
f 3019/268/128 3018/377/128 3020/1456/128
f 3095/1570/296 3094/256/296 3096/1603/296
f 3072/1601/83 3071/1566/83 3066/381/83 3068/382/83 3067/269/83
f 3062/1528/17 3064/491/17 3063/155/17 3067/269/17 3068/382/17 3065/152/17
f 2505/1604/21 2512/593/21 2508/586/21 2503/1605/21
f 3501/404/11 3499/405/11 3498/406/11 3500/520/11
f 3556/1606/22 3573/1607/22 3568/1608/22 3553/1609/22
f 2997/143/295 2998/371/295 2990/262/295 2991/1580/295 2988/384/295
f 2898/145/297 2899/262/297 2897/245/297 2903/242/297 2904/253/297 2905/201/297
f 3217/1593/2 3221/1455/2 3222/1594/2 3218/1579/2
f 2890/216/298 2887/1576/298 2892/371/298 2895/359/298 2896/357/298
f 1860/270/53 1866/394/53 1864/59/53 1863/76/53 1861/644/53 1856/643/53 1859/475/53 1858/391/53
f 2950/262/190 2949/147/190 2954/645/190 2956/512/190 2955/144/190
f 241/262/109 240/193/109 247/284/109 248/89/109 245/88/109 250/87/109 252/90/109 251/283/109
f 3020/1456/17 3018/377/17 3017/642/17 3013/153/17 3014/1602/17 3016/375/17
f 3140/1527/299 3139/513/299 3142/1485/299 3144/360/299 3143/1526/299
f 450/183/17 448/78/17 449/100/17 451/158/17
f 3083/1566/21 3081/143/21 3073/106/21 3077/1587/21
f 2984/243/13 2987/506/13 2980/1583/13 2981/216/13 2977/1576/13 2976/60/13
f 3202/62/13 3206/1610/13 3208/1611/13 3204/1612/13
f 2906/353/300 2909/257/300 2910/357/300 2901/216/300 2902/61/300 2898/60/300 2905/201/300
f 3585/1613/22 3597/1614/22 3596/652/22 3584/1615/22
f 3201/1514/21 3203/647/21 3207/1452/21 3205/1453/21
f 3155/1486/22 3149/497/22 3150/496/22 3156/1526/22
f 3061/384/301 3064/1580/301 3062/147/301
f 3209/1593/2 3213/1455/2 3214/1616/2 3210/1579/2
f 2914/216/13 2912/62/13 2917/489/13 2921/359/13
f 3502/545/17 3503/546/17 3505/547/17 3504/1617/17
f 1935/250/28 1948/53/28 1946/248/28 1945/55/28 1943/56/28 1932/57/28 1934/58/28 1933/59/28
f 3518/545/17 3519/546/17 3521/547/17 3520/1617/17
f 2885/286/302 2886/106/302 2889/647/302 2893/369/302 2891/1565/302
f 2928/216/13 2925/62/13 2931/201/13 2932/489/13 2935/359/13 2936/357/13
f 3167/1570/296 3166/256/296 3168/1618/296
f 26/145/194 27/262/194 25/193/194 34/284/194 35/89/194 32/88/194 36/87/194 38/90/194 37/283/194
f 3125/1619/303 3124/377/303 3126/376/303
f 1006/45/41 1003/379/41 1002/159/41
f 2949/106/304 2951/1587/304 2957/361/304 2958/1566/304 2959/1620/304 2954/645/304
f 3082/144/13 3084/1601/13 3079/1583/13 3080/216/13 3076/1572/13 3075/60/13
f 2940/216/13 2938/1572/13 2943/201/13 2944/1581/13 2947/1621/13 2948/357/13
f 3070/144/11 3069/143/11 3071/1566/11 3072/1601/11
f 2874/262/190 2873/147/190 2878/645/190 2880/512/190 2879/371/190
f 2873/106/21 2875/647/21 2881/361/21 2882/369/21 2877/1565/21 2878/645/21
f 3034/489/13 3036/370/13 3031/216/13 3027/62/13
f 2254/53/72 2248/190/72 2246/177/72 2245/333/72 2243/334/72 2250/335/72 2253/175/72 2252/54/72
f 3144/360/22 3141/1486/22 3136/497/22 3138/382/22 3137/496/22 3143/1526/22
f 3092/1585/281 3091/1568/281 3093/1569/281 3094/256/281 3095/1570/281
f 3170/1622/13 3176/1527/13 3179/1623/13 3173/1612/13
f 2937/106/21 2939/1587/21 2945/1595/21 2941/254/21
f 3108/360/22 3105/1486/22 3100/501/22 3102/382/22 3101/496/22 3107/1526/22
f 473/303/17 472/390/17 470/197/17 471/69/17
f 1054/280/35 1052/383/35 1034/106/35 1036/107/35 1032/108/35 1042/109/35 1044/110/35 1045/111/35
f 3115/514/21 3116/513/21 3109/1514/21 3110/1624/21 3113/1625/21 3119/1486/21
f 3111/1622/13 3117/1527/13 3120/1526/13 3114/1612/13
f 3093/1569/22 3087/1626/22 3088/377/22 3089/1619/22 3096/1603/22 3094/256/22
f 3085/245/2 3091/1568/2 3092/1585/2 3086/1579/2
f 3161/1619/305 3160/377/305 3162/376/305
f 3170/1579/2 3169/147/2 3175/650/2 3176/1527/2
f 3174/382/306 3172/497/306 3171/1596/306
f 2913/358/77 2914/156/77 2921/359/77 2922/360/77 2919/361/77
f 3045/1588/39 3046/489/39 3039/145/39 3038/146/39 3037/147/39
f 3139/513/21 3133/1454/21 3135/1627/21 3136/1625/21 3141/1486/21 3142/1485/21
f 3134/1622/13 3140/1527/13 3143/1526/13 3137/1628/13
f 3145/147/2 3152/513/2 3154/512/2 3153/1527/2 3147/1579/2 3148/1580/2
f 2044/53/72 2038/190/72 2036/177/72 2035/86/72 2033/521/72 2040/522/72 2043/279/72 2042/54/72
f 3104/1527/299 3103/513/299 3106/1485/299 3108/360/299 3107/1526/299
f 3181/374/307 3184/491/307 3182/498/307
f 2868/243/300 2871/257/300 2872/357/300 2863/216/300 2864/1629/300 2860/60/300 2867/201/300
f 2918/512/308 2916/645/308 2915/143/308
f 3122/1622/13 3128/1567/13 3131/1570/13 3132/1603/13 3125/1628/13 3126/1630/13
f 3091/1568/21 3085/1514/21 3087/1625/21 3093/1569/21
f 3176/1527/299 3175/650/299 3178/1485/299 3180/360/299 3179/1623/299
f 3131/1570/309 3130/256/309 3132/1603/309
f 886/159/124 888/393/124 894/252/124 895/124/124 892/361/124
f 3151/514/21 3152/513/21 3145/1454/21 3146/1624/21 3149/1625/21 3155/1486/21
f 3127/1568/21 3121/1454/21 3123/1625/21 3129/1569/21
f 3129/1569/22 3123/378/22 3124/377/22 3125/1619/22 3132/1603/22 3130/256/22
f 3121/245/2 3127/1568/2 3128/1567/2 3122/1579/2
f 3169/374/292 3170/155/292 3173/496/292 3174/382/292 3171/1596/292
f 3139/513/2 3140/1527/2 3134/1579/2 3133/147/2
f 3144/360/310 3142/1485/310 3141/1486/310
f 3121/374/311 3122/375/311 3126/376/311 3124/377/311 3123/378/311
f 3693/412/22 3692/411/22 3688/402/22 3689/401/22
f 2911/106/21 2913/647/21 2919/361/21 2920/369/21 2915/143/21 2916/645/21
f 2952/216/13 2950/1572/13 2955/144/13 2960/476/13
f 1586/99/111 1587/69/111 1595/350/111 1596/73/111 1593/300/111 1588/301/111 1591/74/111 1590/1631/111 1589/47/111
f 3154/512/134 3152/513/134 3151/514/134
f 2974/106/312 2978/647/312 2985/361/312 2982/1632/312 2983/242/312
f 3250/62/13 3254/1610/13 3256/1600/13 3252/1612/13
f 3541/404/11 3539/405/11 3538/406/11 3540/520/11
f 473/216/54 471/367/54 481/283/54 483/282/54 479/386/54 489/385/54 491/227/54 492/281/54
f 2922/360/283 2920/369/283 2919/361/283
f 2026/270/53 2032/52/53 2030/59/53 2029/195/53 2027/535/53 2022/536/53 2025/196/53 2024/197/53
f 3147/1622/13 3153/1527/13 3156/1526/13 3150/1628/13
f 3163/1586/21 3157/1514/21 3159/1625/21 3165/1569/21
f 2060/190/129 2048/135/129 2049/523/129 2047/206/129 2046/207/129 2045/509/129 2056/209/129 2059/372/129 2058/177/129
f 471/262/109 470/193/109 477/284/109 478/89/109 475/88/109 480/87/109 482/90/109 481/283/109
f 106/106/313 109/111/313 110/471/313 121/148/313 122/85/313 120/84/313 114/83/313 115/86/313 116/151/313
f 3158/1622/13 3164/1585/13 3167/1570/13 3168/1618/13 3161/1612/13 3162/1630/13
f 3187/514/21 3188/650/21 3181/1514/21 3182/1624/21 3185/1625/21 3191/1486/21
f 3165/1569/22 3159/378/22 3160/377/22 3161/1619/22 3168/1618/22 3166/256/22
f 3157/245/2 3163/1586/2 3164/1585/2 3158/1579/2
f 3494/545/17 3495/546/17 3497/547/17 3496/1617/17
f 1145/91/118 1156/115/118 1163/117/118 1152/116/118 1153/191/118
f 222/176/11 234/175/11 232/104/11 233/128/11 239/124/11 238/149/11 237/227/11 229/226/11 227/150/11 228/134/11 224/133/11 223/151/11
f 3103/513/21 3097/1514/21 3099/1627/21 3100/1625/21 3105/1486/21 3106/1485/21
f 3098/1622/13 3104/1527/13 3107/1526/13 3101/1612/13
f 2043/279/21 2035/86/21 2036/177/21 2037/178/21 2023/179/21 2024/180/21 2025/107/21 2029/110/21 2030/111/21 2031/174/21 2041/55/21 2042/54/21
f 518/106/67 520/111/67 534/304/67 536/279/67 532/84/67 522/83/67 524/86/67 525/346/67
f 3214/1616/13 3216/1633/13 3212/1612/13 3210/1572/13
f 1724/162/28 1736/332/28 1734/54/28 1733/126/28 1731/339/28 1720/340/28 1723/119/28 1722/341/28
f 3183/1622/13 3189/1527/13 3192/1623/13 3186/1612/13
f 3046/489/13 3048/370/13 3043/1583/13 3044/216/13 3040/62/13 3039/60/13
f 536/279/11 534/304/11 535/141/11 541/79/11 540/281/11 539/227/11 531/282/11 529/283/11 530/90/11 526/142/11 525/346/11 524/86/11
f 3203/1573/17 3201/153/17 3202/1574/17 3204/1599/17
f 2859/106/21 2862/647/21 2869/255/21 2865/254/21
f 3205/1453/11 3207/1452/11 3208/1611/11 3206/1610/11
f 3010/371/13 3012/370/13 3007/1583/13 3008/216/13 3004/1576/13 3003/60/13
f 3249/1514/21 3251/647/21 3255/1452/21 3253/1634/21
f 3235/1598/17 3233/1528/17 3234/1574/17 3236/1575/17
f 3241/1593/2 3245/1455/2 3246/1594/2 3242/1579/2
f 3243/1598/17 3241/490/17 3242/1574/17 3244/1599/17
f 3225/1593/2 3229/1453/2 3230/1610/2 3226/1579/2
f 3404/1635/22 3405/544/22 3409/1636/22 3408/540/22
f 3195/1573/17 3193/490/17 3194/1574/17 3196/1599/17
f 3213/1455/21 3209/1514/21 3211/1587/21 3215/1637/21
f 3239/1637/22 3235/1598/22 3236/1575/22 3240/1633/22
f 3219/1598/17 3217/490/17 3218/1574/17 3220/1599/17
f 3233/1593/2 3237/1455/2 3238/1616/2 3234/1579/2
f 4691/831/314 4690/1638/314 4662/1639/314 4661/1640/314 4660/1641/314 4687/1127/314 4688/834/314 4686/1642/314 4689/1643/314
f 1597/336/152 1586/274/152 1589/537/152 1600/126/152 1601/380/152
f 3535/1487/13 3539/405/13 3541/404/13 3537/1488/13
f 3221/1455/11 3223/1452/11 3224/1611/11 3222/1594/11
f 3199/1452/22 3195/1573/22 3196/1599/22 3200/1611/22
f 3253/1634/11 3255/1452/11 3256/1600/11 3254/1610/11
f 3059/1595/21 3057/242/21 3049/106/21 3053/1587/21
f 519/69/17 521/303/17 520/302/17 518/197/17
f 3528/548/22 3529/547/22 3533/404/22 3532/520/22
f 3485/1644/17 3482/1645/17 3484/1646/17 3483/1647/17 3486/1648/17 3487/1649/17
f 3533/404/11 3531/405/11 3530/406/11 3532/520/11
f 3232/1611/13 3228/1628/13 3226/62/13 3230/1610/13
f 3089/1619/303 3088/377/303 3090/376/303
f 3237/1455/11 3239/1637/11 3240/1633/11 3238/1616/11
f 3207/1452/22 3203/1573/22 3204/1599/22 3208/1611/22
f 3227/1598/17 3225/153/17 3226/1574/17 3228/1599/17
f 3249/1593/2 3253/1634/2 3254/1610/2 3250/1579/2
f 3005/152/17 3001/490/17 3002/154/17 3004/155/17 3008/156/17 3006/157/17
f 2150/98/13 2144/367/13 2156/190/13 2162/53/13
f 1311/115/64 1310/351/64 1315/278/64 1316/141/64 1313/315/64 1318/316/64 1320/79/64 1319/330/64
f 3810/1088/21 3806/317/21 3808/571/21 3812/1650/21
f 3940/1651/21 3942/1652/21 3944/1653/21 3946/1654/21 3948/1655/21 3930/1656/21 3932/1657/21 3934/1658/21 3936/1659/21 3938/1660/21
f 3259/1598/17 3257/1528/17 3258/1574/17 3260/1575/17
f 3237/1455/21 3233/1454/21 3235/1587/21 3239/1637/21
f 3234/1572/13 3238/1616/13 3240/1633/13 3236/1628/13
f 3263/1637/22 3259/1598/22 3260/1575/22 3264/1661/22
f 3261/1455/11 3263/1637/11 3264/1661/11 3262/1616/11
f 3257/1593/2 3261/1455/2 3262/1616/2 3258/1579/2
f 2882/369/11 2884/360/11 2883/359/11 2879/371/11 2880/512/11 2877/1565/11
f 2937/1528/17 2938/375/17 2940/1597/17 2939/1457/17
f 3531/405/13 3533/404/13 3529/1662/13 3527/1487/13
f 3255/1452/22 3251/1598/22 3252/1599/22 3256/1600/22
f 3223/1452/22 3219/1598/22 3220/1599/22 3224/1611/22
f 3241/1514/21 3243/647/21 3247/1452/21 3245/1455/21
f 3251/1598/17 3249/153/17 3250/1574/17 3252/1599/17
f 3086/1622/13 3092/1585/13 3095/1570/13 3096/1603/13 3089/1612/13 3090/1630/13
f 2102/98/13 2096/217/13 2108/190/13 2114/53/13
f 4701/1663/163 4705/355/163 4707/264/163 4703/1664/163
f 4294/1665/315 4293/1666/315 4290/1667/315 4291/1668/315 4296/1669/315 4297/1670/315 4295/1671/315 4292/1672/315
f 2914/156/17 2913/358/17 2911/153/17 2912/155/17
f 3025/384/316 3028/1580/316 3026/147/316
f 3197/1455/11 3199/1452/11 3200/1611/11 3198/1594/11
f 3201/1593/2 3205/1453/2 3206/1610/2 3202/1579/2
f 3245/1455/11 3247/1452/11 3248/1600/11 3246/1594/11
f 3231/1452/22 3227/1598/22 3228/1599/22 3232/1611/22
f 1077/150/11 1076/105/11 1078/104/11 1079/252/11
f 1144/99/59 1145/69/59 1153/350/59 1154/73/59 1151/300/59 1147/301/59 1149/74/59 1148/553/59
f 3229/1453/11 3231/1452/11 3232/1611/11 3230/1610/11
f 3261/1455/21 3257/1514/21 3259/1587/21 3263/1637/21
f 3258/1572/13 3262/1616/13 3264/1661/13 3260/1612/13
f 3175/650/21 3169/1514/21 3171/1627/21 3172/1625/21 3177/1486/21 3178/1485/21
f 3213/1455/11 3215/1637/11 3216/1633/11 3214/1616/11
f 3071/1566/21 3069/143/21 3061/286/21 3062/106/21 3065/1587/21 3066/648/21
f 4335/1673/317 4337/1674/317 4314/1675/317 4321/1676/317 4323/38/317 4325/1677/317 4328/527/317 4333/1678/317
f 3390/1679/318 3394/1680/318 3398/1681/318 3399/1682/318 3386/238/318 3385/237/318
f 3393/1683/319 3392/1684/319 3401/1685/319 3338/1686/319 3339/1687/319
f 4107/1688/13 4105/1689/13 4103/1690/13 4101/1691/13 4119/1692/13 4117/1693/13 4115/1694/13 4113/1695/13 4111/1696/13 4109/563/13
f 2497/980/16 2499/862/16 2492/883/16 2491/977/16
f 3291/1524/320 3292/1525/320 3286/1532/320 3285/1531/320
f 3365/1697/321 3366/1698/321 3359/1525/321 3358/1524/321 3362/1699/321 3364/1700/321
f 3325/1701/322 3324/1680/322 3268/1702/322 3329/1703/322 3319/1704/322
f 3383/1705/323 3395/1706/323 3396/1707/323 3391/1708/323 3387/1220/323 3384/1224/323
f 3287/1709/324 3288/1710/324 3284/1711/324 3283/1712/324 3276/1713/324 3275/1714/324 3282/1715/324
f 3354/1522/325 3359/1525/325 3360/1716/325 3356/1709/325 3355/1717/325
f 3355/1717/326 3356/1709/326 3357/1710/326 3352/1711/326 3351/73/326 3350/1715/326
f 3293/1716/327 3300/1718/327 3301/241/327 3294/1719/327
f 3293/1716/328 3292/1525/328 3299/1698/328 3300/1718/328
f 4402/42/329 4404/43/329 4406/1720/329 4407/1721/329 4384/1722/329 4386/37/329 4389/38/329 4392/1723/329 4395/1724/329 4400/1725/329
f 3300/1718/330 3304/455/330 3305/235/330 3301/241/330
f 3302/1726/331 3303/450/331 3299/1698/331 3298/1697/331
f 3309/1222/332 3310/452/332 3303/450/332 3302/1726/332
f 3274/1534/333 3281/1533/333 3282/1715/333 3275/1714/333 3270/1727/333 3269/1728/333
f 4647/1729/334 4649/529/334 4650/1730/334 4641/1731/334 4642/527/334
f 3304/455/335 3303/450/335 3310/452/335 3311/453/335
f 3360/1716/336 3367/1718/336 3368/241/336 3369/240/336 3363/239/336 3361/1732/336
f 3491/550/337 3485/1644/337 3487/1649/337 3493/1733/337 3492/551/337
f 3266/1686/22 3269/1728/22 3270/1727/22 3267/1687/22 3327/1734/22 3326/1685/22
f 3356/1709/338 3360/1716/338 3361/1732/338 3357/1710/338
f 3316/1735/339 3322/1684/339 3323/1683/339 3317/1736/339
f 3393/1683/340 3339/1687/340 3340/1702/340 3398/1681/340 3394/1680/340
f 3265/1737/341 3266/1686/341 3326/1685/341 3322/1684/341 3321/1738/341
f 3281/1533/342 3286/1532/342 3287/1709/342 3282/1715/342
f 2288/720/25 2300/761/25 2302/749/25 2289/676/25
f 3339/1687/343 3338/1686/343 3346/1534/343 3347/1714/343
f 3330/1739/2 3334/539/2 3335/542/2 3331/1740/2
f 3406/539/11 3408/540/11 3409/1636/11 3407/1741/11
f 2873/490/17 2874/155/17 2876/156/17 2875/358/17
f 3404/1635/17 3402/663/17 3403/664/17 3405/544/17
f 2832/1278/13 2834/1024/13 2830/1742/13 2828/1462/13
f 3403/1462/13 3407/1741/13 3409/1636/13 3405/1743/13
f 3304/455/344 3311/453/344 3312/1744/344 3307/1745/344 3306/1746/344 3305/235/344
f 3362/1699/345 3358/1524/345 3348/1258/345 3343/1264/345 3395/1706/345 3383/1705/345
f 3315/1220/260 3316/1221/260 3310/452/260 3309/1222/260 3308/1223/260 3314/1224/260
f 3311/453/346 3310/452/346 3316/1221/346 3317/1747/346
f 4610/1748/347 4609/1749/347 4607/1750/347 4608/1751/347
f 3317/1736/348 3323/1683/348 3324/1680/348 3325/1701/348 3319/1704/348 3318/1752/348
f 3388/1735/339 3392/1684/339 3393/1683/339 3389/1736/339
f 3286/1532/349 3292/1525/349 3293/1716/349 3287/1709/349
f 3287/1709/350 3293/1716/350 3294/1719/350 3295/1732/350 3289/1753/350 3288/1710/350
f 3284/1711/351 3288/1710/351 3289/1753/351 3290/1754/351 3278/1755/351 3277/1756/351
f 3359/1525/352 3366/1698/352 3370/449/352 3371/456/352 3367/1718/352 3360/1716/352
f 3372/1726/353 3365/1697/353 3364/1700/353 3362/1699/353 3383/1705/353 3384/1224/353 3378/1223/353 3379/1222/353
f 3371/456/354 3374/455/354 3375/235/354 3368/241/354 3367/1718/354
f 3372/1726/355 3373/450/355 3370/449/355 3366/1698/355 3365/1697/355
f 3301/241/356 3305/235/356 3306/1746/356 3307/1745/356 3290/1754/356 3289/1753/356 3295/1732/356 3294/1719/356
f 3377/454/357 3381/453/357 3382/236/357 3375/235/357 3374/455/357
f 3379/1222/358 3380/452/358 3376/451/358 3373/450/358 3372/1726/358
f 3311/453/359 3317/1747/359 3318/1757/359 3312/1744/359
f 3381/453/360 3389/1747/360 3390/1758/360 3385/237/360 3382/236/360
f 3380/452/346 3388/1221/346 3389/1747/346 3381/453/346
f 3298/1697/321 3299/1698/321 3292/1525/321 3291/1524/321 3296/1699/321 3297/1700/321
f 3389/1736/361 3393/1683/361 3394/1680/361 3390/1679/361
f 3299/1698/2 3303/450/2 3304/455/2 3300/1718/2
f 3321/1738/362 3322/1684/362 3316/1735/362 3315/1759/362 3320/1708/362
f 3797/1760/363 3795/1761/363 3794/1762/363 3796/1763/363
f 2579/1764/17 2580/1765/17 2582/617/17 2581/620/17
f 3055/268/52 3054/377/52 3056/1597/52
f 3596/652/364 3597/1614/364 3594/1766/364 3595/1767/364 3592/1768/364 3587/1769/364 3589/1770/364 3588/653/364
f 3334/539/21 3330/1771/21 3332/1464/21 3336/540/21
f 2793/1490/11 2794/1489/11 2792/1772/11 2791/1773/11
f 2014/190/44 2002/135/44 2000/206/44 1999/508/44 1997/524/44 2010/525/44 2013/178/44 2012/177/44
f 3416/1324/21 3414/1774/21 3410/1775/21 3412/1776/21
f 2665/1777/21 2663/1371/21 2659/1778/21 2661/229/21
f 3411/1779/2 3410/1780/2 3414/1774/2 3415/1364/2
f 2584/1194/13 2586/618/13 2582/1781/13 2580/1782/13
f 3531/405/2 3527/1189/2 3526/1783/2 3530/406/2
f 3412/1321/17 3410/1784/17 3411/1785/17 3413/1322/17
f 3414/1774/11 3416/1324/11 3417/1323/11 3415/1364/11
f 2301/762/216 2299/748/216 2298/726/216 2302/749/216
f 3418/685/215 3419/1786/215 3420/686/215
f 2653/1345/21 2647/1136/21 2635/1138/21 2641/1337/21
f 3430/1469/365 3436/1312/365 3438/773/365 3431/772/365
f 2644/1351/25 2656/1240/25 2658/1002/25 2645/1236/25
f 3421/689/8 3422/1473/8 3423/690/8
f 3734/890/366 3733/1787/366 3722/1788/366 3721/887/366
f 3424/688/12 3425/687/12 3426/1313/12
f 3729/1789/367 3728/985/367 3726/1790/367 3725/1791/367
f 3441/1792/214 3440/774/214 3438/773/214 3437/1314/214
f 3441/1792/22 3437/1314/22 3426/1793/22 3428/1794/22
f 3427/1474/368 3428/1794/368 3429/1475/368
f 2644/1795/13 2639/1796/13 2650/1241/13 2656/1240/13
f 3433/1797/6 3435/771/6 3440/774/6 3439/1798/6
f 3430/1469/19 3431/772/19 3432/1344/19
f 3433/1797/13 3439/1798/13 3427/1799/13 3422/1800/13
f 3430/1469/369 3432/1344/369 3419/1786/369 3418/685/369
f 3433/1797/221 3434/1343/221 3435/771/221
f 2282/760/2 2280/1801/2 2293/708/2 2295/736/2
f 3427/1474/25 3439/1798/25 3441/1792/25 3428/1794/25
f 3436/1312/23 3437/1314/23 3438/773/23
f 3433/1797/9 3422/759/9 3421/1802/9 3434/1343/9
f 3439/1798/370 3440/774/370 3441/1792/370
f 542/197/17 543/100/17 545/200/17 544/183/17
f 4380/1803/371 4409/1804/371 4405/1805/371 4403/1211/371 4401/1806/371 4398/1807/371 4393/1808/371 4390/1809/371 4388/1810/371 4385/1811/371
f 4719/499/123 4723/1812/123 4722/1589/123 4718/129/123
f 3447/1813/13 3449/1814/13 3445/1815/13 3443/1816/13
f 3447/1813/2 3443/1817/2 3442/1818/2 3446/1819/2
f 3779/1820/372 3781/1105/372 3768/766/372 3767/1821/372
f 2715/970/4 2727/1340/4 2729/895/4 2716/1428/4
f 3450/1141/261 3451/1143/261 3452/1822/261
f 2724/1823/13 2719/1824/13 2730/1444/13 2736/1440/13
f 3453/1825/8 3454/1826/8 3455/816/8
f 4412/693/17 4415/788/17 4421/789/17 4417/750/17
f 3722/1827/373 3727/986/373 3729/1789/373 3723/1505/373
f 3453/1825/204 3455/816/204 3452/815/204 3451/692/204
f 3456/1435/269 3457/1828/269 3458/1436/269
f 3432/1344/2 3434/1343/2 3421/1802/2 3419/1829/2
f 3466/714/9 3465/710/9 3454/759/9 3453/1830/9
f 3470/1245/214 3469/1434/214 3473/1253/214 3472/712/214
f 3459/1252/208 3460/1254/208 3461/813/208
f 3456/1435/10 3450/1141/10 3452/1822/10 3457/1828/10
f 2607/996/4 2609/1306/4 2596/1287/4 2595/997/4
f 3462/1142/19 3463/716/19 3464/715/19
f 3453/1830/2 3451/1831/2 3464/715/2 3466/714/2
f 3467/711/11 3463/716/11 3470/1245/11 3472/712/11
f 3465/710/221 3466/714/221 3467/711/221
f 3737/1506/374 3726/1790/374 3728/985/374 3741/988/374
f 3468/1244/375 3469/1434/375 3470/1245/375
f 3765/1832/376 3764/1111/376 3758/1102/376 3760/1833/376
f 3738/1834/377 3737/1506/377 3741/988/377 3740/1835/377
f 3471/713/212 3472/712/212 3473/1253/212
f 3515/405/2 3511/1177/2 3510/1783/2 3514/406/2
f 3474/1836/17 3475/1837/17 3477/1153/17 3476/1152/17
f 2469/1083/11 2470/1082/11 2468/1095/11 2467/1093/11
f 3479/668/11 3478/1145/11 3480/1144/11 3481/669/11
f 3402/1739/2 3406/539/2 3407/1741/2 3403/1740/2
f 1772/162/28 1784/332/28 1782/54/28 1781/126/28 1779/339/28 1768/340/28 1771/119/28 1770/341/28
f 3445/1838/17 3444/1839/17 3442/1840/17 3443/1841/17
f 3486/1648/378 3493/1733/378 3487/1649/378
f 2519/187/276 2515/1158/276 2517/1157/276 2521/1161/276
f 265/100/17 267/393/17 266/183/17 264/391/17
f 3564/1842/2 3548/1843/2 3544/1844/2 3561/1845/2
f 3825/1846/22 3829/1847/22 3828/1848/22 3824/1849/22
f 3482/1850/379 3488/549/379 3490/552/379 3489/665/379 3484/667/379
f 2472/1851/17 2474/1081/17 2473/1852/17 2471/1013/17
f 2633/1481/22 2629/1326/22 2630/1325/22 2634/1372/22
f 3507/1853/2 3503/1177/2 3502/1783/2 3506/406/2
f 3534/545/17 3535/546/17 3537/547/17 3536/1617/17
f 1152/116/36 1163/117/36 1164/118/36
f 2793/1490/21 2791/1773/21 2787/1854/21 2789/1464/21
f 3103/513/2 3104/1527/2 3098/1579/2 3097/147/2
f 3499/405/2 3495/1177/2 3494/1783/2 3498/406/2
f 3537/547/22 3541/404/22 3540/520/22 3536/1617/22
f 3522/406/21 3518/1855/21 3520/1856/21 3524/520/21
f 3102/382/380 3100/501/380 3099/1596/380
f 3539/405/2 3535/1177/2 3534/1783/2 3538/406/2
f 3496/1617/22 3497/547/22 3501/404/22 3500/520/22
f 3502/1857/21 3504/1856/21 3508/407/21 3506/406/21
f 3510/545/17 3511/546/17 3513/547/17 3512/1858/17
f 3530/406/21 3526/1859/21 3528/1856/21 3532/520/21
f 3499/405/13 3501/404/13 3497/1488/13 3495/1487/13
f 3318/1752/381 3319/1704/381 3329/1703/381 3278/1755/381 3290/1754/381 3307/1745/381 3312/1744/381
f 3523/405/2 3519/1177/2 3518/1783/2 3522/406/2
f 3509/519/11 3507/1853/11 3506/406/11 3508/407/11
f 3279/1258/382 3280/1259/382 3273/1260/382 3274/1534/382 3269/1728/382 3266/1686/382 3265/1737/382 3328/1860/382 3271/1861/382 3272/1264/382
f 290/302/60 291/392/60 310/281/60 311/79/60 308/82/60 303/81/60 305/141/60 304/304/60
f 3593/1862/2 3581/1863/2 3582/1864/2 3583/1865/2 3578/1866/2 3577/1867/2 3576/1868/2 3590/654/2 3588/653/2 3589/1770/2 3595/1767/2 3594/1766/2
f 3513/547/22 3517/404/22 3516/407/22 3512/1858/22
f 3520/1617/22 3521/547/22 3525/519/22 3524/520/22
f 3519/1487/13 3523/405/13 3525/519/13 3521/1869/13
f 1200/115/2 1189/112/2 1188/299/2 1199/273/2
f 602/283/247 600/383/247 604/85/247 603/306/247 605/305/247
f 3138/382/380 3136/497/380 3135/1596/380
f 126/390/60 127/72/60 146/281/60 147/79/60 144/82/60 139/81/60 141/80/60 140/280/60
f 3672/651/196 3684/652/196 3676/653/196 3678/654/196 3674/1870/196 3662/1871/196 3664/657/196 3665/1872/196
f 1262/336/2 1263/115/2 1251/135/2 1250/193/2
f 4021/1873/383 4020/1874/383 4018/1875/383 4019/1876/383
f 3690/410/2 3691/409/2 3687/1877/2 3686/1878/2
f 3652/1842/384 3649/1845/384 3648/1879/384 3647/1880/384 3651/1881/384 3653/1882/384
f 3644/1606/22 3661/1607/22 3656/1883/22 3641/1609/22
f 3571/1881/385 3567/1880/385 3569/1879/385 3568/1608/385 3573/1607/385 3572/1882/385
f 3630/1884/386 3646/1885/386 3648/1879/386 3649/1845/386 3632/1886/386 3633/1887/386
f 3542/1884/387 3558/1885/387 3560/1879/387 3561/1845/387 3544/1888/387 3545/1887/387
f 3544/1889/388 3548/1890/388 3549/1891/388 3547/1892/388 3543/1893/388 3545/1894/388
f 3632/1889/388 3636/1890/388 3637/1891/388 3635/1892/388 3631/1893/388 3633/1894/388
f 3654/1885/389 3638/1884/389 3640/1887/389 3641/1895/389 3656/1883/389 3657/1879/389
f 151/216/54 149/192/54 159/150/54 161/226/54 157/225/54 167/224/54 169/221/54 170/149/54
f 3566/1885/389 3550/1884/389 3552/1887/389 3553/1895/389 3568/1608/389 3569/1879/389
f 3644/1606/390 3641/1609/390 3640/1894/390 3639/1893/390 3643/1892/390 3645/1891/390
f 3650/1896/391 3634/1897/391 3637/1898/391 3636/1899/391 3652/1842/391 3653/1882/391
f 3550/1884/13 3542/1884/13 3545/1887/13 3552/1887/13
f 3552/1894/13 3545/1894/13 3543/1893/13 3551/1893/13
f 3546/1897/13 3554/1897/13 3557/1898/13 3549/1898/13
f 3549/1891/13 3557/1891/13 3555/1892/13 3547/1892/13
f 3558/1885/13 3566/1885/13 3569/1879/13 3560/1879/13
f 3560/1879/13 3569/1879/13 3567/1880/13 3559/1880/13
f 3570/1896/13 3562/1896/13 3565/1882/13 3572/1882/13
f 3572/1882/13 3565/1882/13 3563/1881/13 3571/1881/13
f 3550/1884/13 3566/1885/13 3558/1885/13 3542/1884/13
f 3543/1893/13 3547/1892/13 3555/1892/13 3551/1893/13
f 3570/1896/13 3554/1897/13 3546/1897/13 3562/1896/13
f 3567/1880/13 3571/1881/13 3563/1881/13 3559/1880/13
f 3673/1613/392 3672/1900/392 3665/1901/392 3666/1902/392 3663/1903/392 3668/1904/392 3671/1905/392 3670/1906/392
f 4028/1907/21 4030/1654/21 4032/1908/21 4014/1909/21 4016/1910/21 4018/1911/21 4020/1659/21 4022/1912/21 4024/1913/21 4026/1914/21
f 3585/1613/392 3584/1615/392 3577/1901/392 3578/1902/392 3575/1903/392 3580/1904/392 3583/1905/392 3582/1906/392
f 3597/1614/393 3585/1915/393 3582/1201/393 3581/1916/393 3579/1917/393 3591/1918/393 3593/1862/393 3594/1766/393
f 3652/1842/2 3636/1843/2 3632/1844/2 3649/1845/2
f 3578/1902/394 3583/1905/394 3580/1904/394 3575/1903/394
f 3595/1767/395 3589/1770/395 3587/1769/395 3592/1768/395
f 3574/656/396 3586/655/396 3590/654/396 3576/657/396
f 3591/1918/397 3579/1917/397 3581/1916/397 3593/1862/397
f 3601/401/22 3605/628/22 3604/411/22 3600/402/22
f 3813/1919/11 3811/1089/11 3810/1088/11 3812/1650/11
f 3354/1522/398 3355/1717/398 3350/1715/398 3347/1714/398 3346/1534/398 3345/1260/398 3349/1259/398 3353/1523/398
f 3673/1613/22 3685/1614/22 3684/652/22 3672/1900/22
f 3606/1920/215 3607/1921/215 3608/1922/215
f 3609/1923/8 3610/1924/8 3611/1925/8
f 3612/1926/227 3613/1927/227 3614/1928/227
f 3615/1929/232 3616/1930/232 3617/1931/232
f 3618/1932/209 3619/1933/209 3620/1934/209
f 3621/1935/221 3622/1936/221 3623/1937/221
f 3624/1938/228 3625/1939/228 3626/1940/228
f 3627/1941/24 3628/1942/24 3629/1943/24
f 3612/1926/10 3606/1920/10 3608/1922/10 3613/1927/10
f 3607/1944/204 3609/1945/204 3611/1946/204 3608/1947/204
f 3610/1948/1 3615/1929/1 3617/1931/1 3611/1946/1
f 3616/1930/3 3614/1949/3 3613/1950/3 3617/1931/3
f 3624/1938/15 3612/1926/15 3614/1928/15 3625/1939/15
f 3615/1929/399 3627/1941/399 3629/1943/399 3616/1930/399
f 3628/1942/214 3626/1940/214 3625/1939/214 3629/1943/214
f 3618/1932/16 3624/1938/16 3626/1940/16 3619/1933/16
f 3627/1941/6 3621/1935/6 3623/1937/6 3628/1942/6
f 3622/1936/207 3620/1934/207 3619/1933/207 3623/1937/207
f 3606/1920/4 3618/1932/4 3620/1934/4 3607/1921/4
f 3621/1935/400 3610/1924/400 3609/1923/400 3622/1936/400
f 3612/1926/21 3624/1938/21 3618/1932/21 3606/1920/21
f 3608/1947/17 3611/1946/17 3617/1931/17 3613/1950/17
f 3620/1934/2 3622/1936/2 3609/1923/2 3607/1951/2
f 3627/1941/13 3615/1952/13 3610/1953/13 3621/1935/13
f 3614/1949/22 3616/1930/22 3629/1943/22 3625/1939/22
f 3626/1940/11 3628/1942/11 3623/1937/11 3619/1933/11
f 3642/1897/401 3658/1896/401 3660/1882/401 3661/1607/401 3644/1954/401 3645/1898/401
f 3562/1896/391 3546/1897/391 3549/1898/391 3548/1899/391 3564/1842/391 3565/1882/391
f 3659/1881/385 3655/1880/385 3657/1879/385 3656/1883/385 3661/1607/385 3660/1882/385
f 3554/1897/401 3570/1896/401 3572/1882/401 3573/1607/401 3556/1955/401 3557/1898/401
f 1410/99/59 1411/69/59 1420/350/59 1421/73/59 1418/300/59 1413/301/59 1415/349/59 1414/511/59
f 3564/1842/384 3561/1845/384 3560/1879/384 3559/1880/384 3563/1881/384 3565/1882/384
f 601/184/402 604/85/402 600/383/402
f 2507/1084/403 2504/1956/403 2510/588/403 2511/592/403 2513/591/403 2514/1085/403
f 3556/1606/390 3553/1609/390 3552/1894/390 3551/1893/390 3555/1892/390 3557/1891/390
f 3638/1884/13 3630/1884/13 3633/1887/13 3640/1887/13
f 3640/1894/13 3633/1894/13 3631/1893/13 3639/1893/13
f 3634/1897/13 3642/1897/13 3645/1898/13 3637/1898/13
f 3637/1891/13 3645/1891/13 3643/1892/13 3635/1892/13
f 2744/1448/2 2740/1957/2 2739/1958/2 2743/1320/2
f 3646/1885/13 3654/1885/13 3657/1879/13 3648/1879/13
f 3648/1879/13 3657/1879/13 3655/1880/13 3647/1880/13
f 3658/1896/13 3650/1896/13 3653/1882/13 3660/1882/13
f 3660/1882/13 3653/1882/13 3651/1881/13 3659/1881/13
f 2704/613/2 2700/1959/2 2699/1958/2 2703/614/2
f 3638/1884/13 3654/1885/13 3646/1885/13 3630/1884/13
f 3631/1893/13 3635/1892/13 3643/1892/13 3639/1893/13
f 3658/1896/13 3642/1897/13 3634/1897/13 3650/1896/13
f 3655/1880/13 3659/1881/13 3651/1881/13 3647/1880/13
f 3681/1862/2 3669/1863/2 3670/1960/2 3671/1865/2 3666/1866/2 3665/1867/2 3664/1868/2 3678/654/2 3676/653/2 3677/1770/2 3683/1767/2 3682/1766/2
f 4437/1961/22 4441/635/22 4440/1529/22 4436/1962/22
f 2248/190/44 2236/112/44 2234/206/44 2233/207/44 2231/208/44 2244/209/44 2247/388/44 2246/177/44
f 1333/92/146 1332/136/146 1337/421/146 1340/124/146 1339/93/146
f 3503/1487/13 3507/1853/13 3509/519/13 3505/1488/13
f 646/305/197 644/362/197 635/504/197 636/349/197 634/307/197 637/308/197 639/73/197 638/309/197 647/442/197
f 649/106/404 656/111/404 657/289/404 665/148/404 666/85/404 663/184/404
f 3666/1902/394 3671/1905/394 3668/1904/394 3663/1903/394
f 3683/1767/395 3677/1770/395 3675/1769/395 3680/1768/395
f 3662/1871/396 3674/1870/396 3678/654/396 3664/657/396
f 3679/1963/397 3667/1964/397 3669/1916/397 3681/1862/397
f 3602/661/2 3603/409/2 3599/1877/2 3598/1878/2
f 3686/399/17 3687/400/17 3689/401/17 3688/402/17
f 1830/53/72 1824/190/72 1822/177/72 1821/86/72 1819/521/72 1826/522/72 1829/85/72 1828/248/72
f 616/110/405 607/286/405 608/106/405
f 3694/1920/215 3695/1921/215 3696/1922/215
f 3697/1923/8 3698/1924/8 3699/1925/8
f 3700/1926/227 3701/1927/227 3702/1928/227
f 3703/1929/232 3704/1930/232 3705/1931/232
f 3706/1932/233 3707/1933/233 3708/1934/233
f 3709/1935/221 3710/1936/221 3711/1937/221
f 3712/1938/228 3713/1939/228 3714/1940/228
f 3715/1941/229 3716/1942/229 3717/1943/229
f 3700/1926/10 3694/1920/10 3696/1922/10 3701/1927/10
f 3695/1944/204 3697/1945/204 3699/1946/204 3696/1947/204
f 3698/1948/1 3703/1929/1 3705/1931/1 3699/1946/1
f 3704/1930/3 3702/1949/3 3701/1950/3 3705/1931/3
f 3712/1938/15 3700/1926/15 3702/1928/15 3713/1939/15
f 3703/1929/25 3715/1941/25 3717/1943/25 3704/1930/25
f 3716/1942/214 3714/1940/214 3713/1939/214 3717/1943/214
f 3706/1932/16 3712/1938/16 3714/1940/16 3707/1933/16
f 3715/1941/6 3709/1935/6 3711/1937/6 3716/1942/6
f 3710/1936/207 3708/1934/207 3707/1933/207 3711/1937/207
f 3694/1920/4 3706/1932/4 3708/1934/4 3695/1921/4
f 3709/1935/400 3698/1924/400 3697/1923/400 3710/1936/400
f 3700/1926/21 3712/1938/21 3706/1932/21 3694/1920/21
f 3696/1947/17 3699/1946/17 3705/1931/17 3701/1950/17
f 3708/1934/2 3710/1936/2 3697/1923/2 3695/1951/2
f 3715/1941/13 3703/1952/13 3698/1953/13 3709/1935/13
f 3702/1949/22 3704/1930/22 3717/1943/22 3713/1939/22
f 3714/1940/11 3716/1942/11 3711/1937/11 3707/1933/11
f 3763/1505/406 3762/1827/406 3767/1821/406 3769/765/406
f 3718/917/407 3719/919/407 3720/1965/407
f 3736/1507/408 3738/1834/408 3731/1466/408 3730/918/408
f 2533/651/21 2537/1151/21 2535/1150/21 2531/1966/21
f 3739/987/409 3733/1787/409 3735/1467/409 3740/1835/409
f 2488/1967/13 2483/1968/13 2494/966/13 2500/1097/13
f 3721/887/410 3722/1788/410 3723/1471/410
f 3724/1508/411 3725/1969/411 3726/1112/411
f 3727/986/412 3728/985/412 3729/1789/412
f 3773/854/413 3775/933/413 3780/1970/413 3779/1820/413
f 3730/918/414 3731/1466/414 3732/889/414
f 2410/837/2 2408/968/2 2421/847/2 2423/838/2
f 3724/1508/415 3718/917/415 3720/1965/415 3725/1969/415
f 3733/1787/416 3734/890/416 3735/1467/416
f 3740/1835/417 3735/1467/417 3731/1466/417 3738/1834/417
f 3736/1507/418 3737/1506/418 3738/1834/418
f 4161/703/1 4163/704/1 4157/705/1 4156/706/1
f 3739/987/419 3740/1835/419 3741/988/419
f 149/262/109 148/113/109 155/151/109 156/133/109 153/88/109 158/87/109 160/134/109 159/150/109
f 67/149/115 59/150/115 60/134/115 57/133/115 56/151/115 55/86/115 65/85/115 63/148/115 64/128/115 68/124/115
f 2961/360/420 2958/1566/420 2957/361/420
f 3785/1971/421 3789/1972/421 3788/1973/421 3784/1974/421
f 3784/1974/422 3782/1975/422 3783/1976/422 3785/1971/422
f 4064/1977/423 4062/1978/423 4063/1979/423 4065/1980/423
f 3060/1582/181 3059/1595/181 3053/642/181 3054/377/181 3055/268/181
f 3747/1981/13 3749/1982/13 3745/1983/13 3743/1984/13
f 3742/1985/21 3744/1986/21 3748/1987/21 3746/1988/21
f 3756/1989/22 3752/1990/22 3753/1991/22 3757/1992/22
f 3685/1614/393 3673/1915/393 3670/1201/393 3669/1916/393 3667/1964/393 3679/1963/393 3681/1862/393 3682/1766/393
f 3755/1993/424 3751/1994/424 3750/1995/424 3754/1996/424
f 3755/1993/425 3757/1992/425 3753/1997/425 3751/1998/425
f 3750/1999/426 3752/2000/426 3756/1989/426 3754/1996/426
f 3781/1105/427 3780/1970/427 3778/993/427 3777/1106/427
f 3758/1102/428 3759/1101/428 3760/1833/428
f 3759/940/429 3772/931/429 3774/853/429 3761/852/429
f 3761/852/430 3762/851/430 3763/941/430
f 3764/1111/431 3765/1832/431 3766/1112/431
f 2345/841/21 2339/842/21 2327/719/21 2333/718/21
f 3733/1787/432 3739/987/432 3727/2001/432 3722/2002/432
f 3767/1821/433 3768/766/433 3769/765/433
f 3327/1734/434 3267/1687/434 3268/1702/434 3324/1680/434 3323/1683/434
f 3770/994/435 3771/932/435 3772/931/435
f 3773/854/436 3779/1820/436 3767/2003/436 3762/2004/436
f 3773/854/437 3774/853/437 3775/933/437
f 3776/992/438 3777/1106/438 3778/993/438
f 3725/1791/439 3720/1504/439 3723/1505/439 3729/1789/439
f 3456/1435/21 3468/1244/21 3462/1142/21 3450/1141/21
f 3779/1820/440 3780/1970/440 3781/1105/440
f 4700/2005/13 4702/2006/13 4706/2007/13 4704/259/13
f 3742/2008/441 3746/1988/441 3747/1981/441 3743/2009/441
f 3745/2010/422 3749/1982/422 3748/1987/422 3744/2011/422
f 2437/960/21 2435/961/21 2431/958/21 2433/959/21
f 289/69/17 291/392/17 290/302/17 288/391/17
f 3785/2012/13 3783/2013/13 3787/2014/13 3789/1972/13
f 3754/1996/442 3756/1989/442 3757/1992/442 3755/1993/442
f 3795/1761/443 3791/2015/443 3790/2016/443 3794/1762/443
f 3841/582/13 3839/1028/13 3843/518/13 3845/517/13
f 3793/558/444 3797/1760/444 3796/1763/444 3792/555/444
f 3751/2017/22 3753/1991/22 3752/1990/22 3750/2018/22
f 3796/1763/445 3794/1762/445 3790/2019/445 3792/2020/445
f 3793/2021/446 3791/2022/446 3795/1761/446 3797/1760/446
f 3858/2023/11 3860/2024/11 3861/2025/11 3859/2026/11
f 632/69/17 638/309/17 639/73/17 636/349/17 635/504/17 629/320/17 630/649/17 633/68/17
f 3534/1857/21 3536/1856/21 3540/520/21 3538/406/21
f 3744/2011/421 3742/2027/421 3743/1976/421 3745/2010/421
f 3604/411/21 3602/661/21 3598/659/21 3600/660/21
f 2360/781/13 2355/756/13 2366/786/13 2372/787/13
f 4037/608/447 4036/607/447 4034/2028/447 4035/2029/447
f 3498/406/21 3494/1857/21 3496/1856/21 3500/520/21
f 3510/1857/21 3512/1856/21 3516/407/21 3514/406/21
f 4696/2030/448 4698/2031/448 4699/1511/448 4697/1513/448
f 679/184/46 683/85/46 678/105/46
f 2476/425/13 2478/424/13 2474/2032/13 2472/1040/13
f 3478/1145/2 3479/668/2 3475/2033/2 3474/2034/2
f 3746/1988/449 3748/1987/449 3749/1982/449 3747/1981/449
f 871/283/291 873/305/291 867/216/291 869/415/291 865/486/291 856/485/291 858/487/291 857/217/291
f 3782/2035/449 3786/2036/449 3787/2014/449 3783/2037/449
f 3445/1838/22 3449/1814/22 3448/2038/22 3444/1839/22
f 1343/91/140 1353/92/140 1359/117/140 1360/93/140 1361/94/140 1358/95/140 1348/96/140 1349/97/140 1350/98/140 1351/534/140
f 2587/2039/17 2588/480/17 2590/2040/17 2589/2041/17
f 2477/427/21 2475/426/21 2471/2042/21 2473/1034/21
f 1311/115/2 1299/135/2 1298/299/2 1310/351/2
f 2543/1071/13 2539/2043/13 2541/2044/13 2545/1198/13
f 2466/1081/17 2465/1080/17 2463/1013/17 2464/2045/17
f 676/216/450 671/192/450 670/60/450 680/150/450 681/443/450 685/662/450
f 3448/2038/11 3449/1814/11 3447/1813/11 3446/1819/11
f 1283/444/22 1297/94/22 1295/93/22 1296/124/22 1292/128/22 1291/125/22 1290/171/22 1280/165/22 1278/46/22 1279/102/22 1285/45/22 1284/120/22
f 2454/1066/11 2452/1038/11 2451/1037/11 2453/1067/11
f 1445/92/146 1444/136/146 1449/421/146 1452/124/146 1451/93/146
f 3331/1462/13 3335/542/13 3337/541/13 3333/2046/13
f 3807/2047/13 3811/1089/13 3813/1919/13 3809/582/13
f 3798/2048/2 3802/569/2 3803/1029/2 3799/1090/2
f 732/104/35 730/105/35 712/106/35 714/181/35 710/287/35 720/288/35 722/172/35 723/173/35
f 3870/2049/2 3874/2050/2 3875/2051/2 3871/580/2
f 3882/2052/2 3883/2053/2 3879/580/2 3878/2054/2
f 3832/1016/17 3830/2055/17 3831/2056/17 3833/1017/17
f 2662/1273/22 2666/1414/22 2665/1777/22 2661/1270/22
f 3884/2057/22 3880/2058/22 3881/2059/22 3885/2060/22
f 3808/2061/17 3806/2062/17 3807/2063/17 3809/2064/17
f 3815/1028/13 3819/1239/13 3821/1238/13 3817/582/13
f 543/262/50 542/113/50 549/263/50 552/134/50 551/150/50
f 379/262/109 378/113/109 385/151/109 386/133/109 383/88/109 388/87/109 390/134/109 389/150/109
f 3837/1014/13 3833/582/13 3831/1028/13 3835/2065/13
f 357/216/54 355/192/54 365/283/54 367/226/54 363/225/54 373/224/54 375/221/54 376/281/54
f 3815/2066/17 3817/1367/17 3816/1368/17 3814/2055/17
f 3812/1650/22 3808/2061/22 3809/2064/22 3813/1919/22
f 322/134/11 318/151/11 317/176/11 327/175/11 326/104/11 331/124/11 330/149/11 329/221/11 323/218/11 321/150/11
f 4692/354/2 4696/2030/2 4697/1513/2 4693/2067/2
f 3824/575/21 3828/1848/21 3826/2068/21 3822/317/21
f 3877/1411/11 3875/2051/11 3874/2050/11 3876/1412/11
f 3829/1847/13 3825/582/13 3823/1028/13 3827/2069/13
f 3801/2070/22 3805/1030/22 3804/572/22 3800/2071/22
f 3823/2072/17 3825/1846/17 3824/1849/17 3822/2055/17
f 3829/1847/11 3827/2069/11 3826/2068/11 3828/1848/11
f 3832/575/21 3836/1015/21 3834/2073/21 3830/317/21
f 3834/2073/2 3835/2065/2 3831/580/2 3830/2074/2
f 3879/2075/17 3881/2059/17 3880/2058/17 3878/2076/17
f 1340/124/22 1336/125/22 1335/171/22 1327/165/22 1326/46/22 1331/45/22 1330/120/22 1329/444/22 1341/94/22 1339/93/22
f 1332/136/2 1333/92/2 1323/135/2 1322/113/2
f 3834/2073/11 3836/1015/11 3837/1014/11 3835/2065/11
f 3840/575/21 3844/516/21 3842/515/21 3838/317/21
f 2532/2077/451 2531/1818/451 2535/1150/451 2536/599/451
f 1340/124/96 1337/421/96 1336/125/96
f 3839/2078/17 3841/1077/17 3840/1078/17 3838/2055/17
f 3799/2079/17 3801/2070/17 3800/2071/17 3798/1477/17
f 3827/2069/2 3823/580/2 3822/2080/2 3826/2068/2
f 3850/2081/21 3846/317/21 3848/575/21 3852/2082/21
f 3847/1663/13 3851/2083/13 3853/2084/13 3849/582/13
f 2744/1448/13 2746/1447/13 2742/2085/13 2740/1420/13
f 3901/458/452 3899/457/452 3898/1190/452 3900/1186/452
f 2619/2086/21 2621/1275/21 2625/1363/21 2623/1317/21
f 3339/1687/453 3347/1714/453 3350/1715/453 3351/73/453 3340/1702/453
f 4068/2087/454 4066/1375/454 4062/2088/454 4064/2089/454
f 3858/2023/21 3854/317/21 3856/63/21 3860/2024/21
f 3855/1028/13 3859/2026/13 3861/2025/13 3857/582/13
f 3819/1239/2 3815/580/2 3814/2090/2 3818/574/2
f 3854/2091/2 3858/2023/2 3859/2026/2 3855/580/2
f 2526/1188/163 2525/1187/163 2523/2092/163 2524/597/163
f 4176/2093/17 4177/2094/17 4179/2095/17 4178/2096/17
f 3866/578/21 3862/317/21 3864/2097/21 3868/445/21
f 451/216/45 449/192/45 457/201/45 458/150/45 459/226/45 456/225/45 465/224/45 467/221/45 468/149/45
f 2516/1197/13 2520/186/13 2522/1162/13 2518/1069/13
f 3864/446/17 3862/2098/17 3863/2099/17 3865/447/17
f 3846/2100/2 3850/2081/2 3851/2083/2 3847/580/2
f 3872/63/21 3876/1412/21 3874/2050/21 3870/317/21
f 1350/120/70 1346/102/70 1351/101/70
f 427/262/50 426/113/50 433/368/50 436/134/50 435/150/50
f 3871/2101/17 3873/1410/17 3872/1413/17 3870/2076/17
f 3877/1411/13 3873/582/13 3871/583/13 3875/2051/13
f 3856/2102/17 3854/2055/17 3855/2103/17 3857/2104/17
f 3929/2105/455 3927/463/455 3926/462/455 3928/1075/455
f 3860/2024/22 3856/2102/22 3857/2104/22 3861/2025/22
f 4019/1555/13 4017/2106/13 4015/1557/13 4033/2107/13 4031/1559/13 4029/1560/13 4027/2108/13 4025/1552/13 4023/2109/13 4021/1554/13
f 3850/2081/11 3852/2082/11 3853/2084/11 3851/2083/11
f 3882/2052/21 3878/317/21 3880/63/21 3884/2057/21
f 3879/583/13 3883/2053/13 3885/2060/13 3881/582/13
f 3849/2110/22 3853/2084/22 3852/2082/22 3848/2111/22
f 3885/2060/11 3883/2053/11 3882/2052/11 3884/2057/11
f 1359/117/100 1357/128/100 1360/93/100
f 107/145/456 108/262/456 106/113/456 116/151/456 117/133/456 118/201/456
f 3890/319/2 3891/584/2 3887/580/2 3886/2112/2
f 3888/1058/17 3886/2076/17 3887/2113/17 3889/1059/17
f 3802/569/11 3804/572/11 3805/1030/11 3803/1029/11
f 2550/605/163 2549/2114/163 2547/1154/163 2548/604/163
f 2534/1178/457 2538/600/457 2537/1151/457 2533/1179/457
f 3929/2105/458 3928/1075/458 3924/2115/458 3925/2116/458
f 1444/136/2 1445/92/2 1435/135/2 1434/113/2
f 3900/1186/459 3898/1190/459 3894/2117/459 3896/2118/459
f 4009/2119/460 4007/460/460 4011/139/460 4013/138/460
f 29/309/198 28/390/198 25/320/198 27/69/198 30/322/198
f 3963/2120/461 3962/2121/461 3960/2122/461 3961/2123/461
f 3912/1913/21 3914/2124/21 3916/2125/21 3918/1654/21 3920/2126/21 3902/1909/21 3904/1657/21 3906/2127/21 3908/1659/21 3910/2128/21
f 3911/2129/462 3910/2130/462 3908/2131/462 3909/2132/462
f 4119/2133/463 4118/2134/463 4116/2135/463 4117/2136/463
f 4053/2137/464 4052/2138/464 4050/2139/464 4051/2140/464
f 4017/2141/465 4016/2142/465 4014/2143/465 4015/2144/465
f 4047/2145/461 4046/2146/461 4044/2147/461 4045/2148/461
f 4070/2149/465 4071/2144/465 4073/2150/465 4072/2151/465
f 3919/2152/466 3918/2153/466 3916/2154/466 3917/2155/466
f 3909/2132/383 3908/2131/383 3906/2146/383 3907/2156/383
f 3965/2157/13 3963/565/13 3961/2158/13 3959/2159/13 3977/1692/13 3975/2160/13 3973/2161/13 3971/2162/13 3969/2163/13 3967/2164/13
f 3945/2165/467 3944/2166/467 3942/2167/467 3943/2168/467
f 3971/2169/468 3970/2167/468 3968/2138/468 3969/2170/468
f 2784/1520/2 2780/2171/2 2779/1316/2 2783/230/2
f 4471/2172/11 4470/2173/11 4472/2174/11 4473/2175/11
f 567/216/469 565/367/469 573/201/469 574/150/469 575/282/469 572/386/469 580/385/469 581/227/469 582/149/469 583/510/469
f 2544/214/22 2543/1071/22 2545/1198/22 2546/1199/22
f 1452/124/96 1449/421/96 1448/125/96
f 2550/605/256 2554/213/256 2553/212/256 2549/2114/256
f 3924/2115/470 3922/2176/470 3923/2177/470 3925/2116/470
f 2791/1773/2 2792/1772/2 2788/2178/2 2787/2179/2
f 4083/2180/468 4082/2181/468 4080/2138/468 4081/2182/468
f 3939/2183/462 3938/2184/462 3936/2185/462 3937/1873/462
f 3296/1699/353 3313/1705/353 3314/1224/353 3308/1223/353 3309/1222/353 3302/1726/353 3298/1697/353 3297/1700/353
f 4061/2186/463 4060/2187/463 4058/2188/463 4059/2189/463
f 3997/2190/471 3996/2191/471 3994/2192/471 3995/2193/471
f 3921/2194/463 3920/2195/463 3918/2153/463 3919/2152/463
f 4100/2149/465 4101/2196/465 4103/2197/465 4102/2198/465
f 3964/2199/21 3966/2200/21 3968/2201/21 3970/2202/21 3972/2203/21 3974/2204/21 3976/2205/21 3958/2206/21 3960/2207/21 3962/2208/21
f 3965/2209/383 3964/2210/383 3962/2121/383 3963/2120/383
f 3935/2120/461 3934/2146/461 3932/2211/461 3933/2212/461
f 4061/2213/13 4059/2214/13 4057/2215/13 4055/2216/13 4053/2217/13 4051/2218/13 4049/2219/13 4047/2220/13 4045/2221/13 4043/2222/13
f 4367/2223/472 4366/2224/472 4364/2225/472 4363/2226/472 4365/2227/472
f 4054/1914/21 4056/1653/21 4058/1654/21 4060/2228/21 4042/1048/21 4044/2229/21 4046/1658/21 4048/1659/21 4050/2230/21 4052/2231/21
f 3191/1486/22 3185/497/22 3186/496/22 3192/1623/22
f 3786/2036/441 3788/1973/441 3789/1972/441 3787/2014/441
f 3957/2232/473 3956/2233/473 3952/2234/473 3953/2235/473
f 3982/2236/474 3984/1207/474 3985/1206/474 3983/2237/474
f 824/280/35 822/383/35 804/106/35 806/181/35 802/413/35 812/414/35 814/172/35 815/173/35
f 848/104/35 846/105/35 828/106/35 830/181/35 826/413/35 836/414/35 838/172/35 839/173/35
f 1534/351/40 1522/180/40 1526/167/40 1528/168/40 1524/169/40 1536/170/40 1538/163/40 1539/467/40
f 2954/645/475 2959/1620/475 2953/1565/475
f 3952/2234/476 3950/2238/476 3951/2239/476 3953/2235/476
f 3956/2233/477 3957/2232/477 3955/2240/477 3954/2241/477
f 4025/2242/464 4024/2243/464 4022/2244/464 4023/2245/464
f 4079/2246/462 4078/2139/462 4076/2247/462 4077/2209/462
f 4104/2248/478 4105/2249/478 4107/2250/478 4106/2251/478
f 3987/1691/13 4005/1692/13 4003/1693/13 4001/1694/13 3999/1695/13 3997/1696/13 3995/563/13 3993/1688/13 3991/1689/13 3989/1690/13
f 4016/2142/461 4017/2141/461 4019/1876/461 4018/1875/461
f 3931/2252/479 3930/2253/479 3948/2187/479 3949/2254/479
f 4026/2255/467 4027/2256/467 4029/2257/467 4028/2166/467
f 3995/2193/462 3994/2192/462 3992/2258/462 3993/2250/462
f 4033/2259/463 4032/2260/463 4030/2261/463 4031/2152/463
f 4023/2245/462 4022/2244/462 4020/1874/462 4021/1873/462
f 3947/2189/280 3946/2262/280 3944/2166/280 3945/2165/280
f 4112/2263/21 4114/2264/21 4116/1046/21 4118/2265/21 4100/1048/21 4102/2207/21 4104/1658/21 4106/1051/21 4108/2266/21 4110/1043/21
f 4099/2267/480 4098/2268/480 4094/326/480 4095/329/480
f 2965/269/17 2964/358/17 2962/1528/17 2963/155/17
f 4096/2269/481 4098/2268/481 4099/2267/481 4097/2270/481
f 4095/2271/482 4093/2272/482 4097/2270/482 4099/2267/482
f 3983/2237/483 3985/1206/483 3981/2273/483 3979/2272/483
f 26/60/110 30/285/110 27/192/110
f 288/106/67 290/173/67 304/304/67 306/175/67 302/223/67 292/310/67 294/176/67 295/346/67
f 916/105/58 917/150/58 903/262/58 905/343/58 901/344/58 897/345/58 899/185/58 898/113/58
f 3979/2274/484 3981/1205/484 3980/1204/484 3978/2275/484
f 4043/2276/479 4042/2253/479 4060/2187/479 4061/2186/479
f 3937/1873/383 3936/2185/383 3934/2146/383 3935/2120/383
f 4087/1564/485 4089/1563/485 4088/2277/485 4091/2278/485 4090/2279/485
f 4109/2280/462 4108/2139/462 4106/2251/462 4107/2250/462
f 4076/2199/21 4078/2281/21 4080/2282/21 4082/2283/21 4084/2284/21 4087/2204/21 4090/1047/21 4070/2285/21 4072/2286/21 4074/2287/21
f 4085/1562/486 4084/1561/486 4082/2181/486 4083/2180/486 4086/2288/486
f 3941/2289/464 3940/2290/464 3938/2184/464 3939/2183/464
f 3490/552/13 3492/551/13 3493/1733/13 3486/2291/13 3483/2292/13 3489/665/13
f 3969/2170/464 3968/2138/464 3966/2139/464 3967/2293/464
f 4105/2249/461 4104/2248/461 4102/2198/461 4103/2197/461
f 3986/2149/487 3987/2294/487 3989/2295/487 3988/2296/487
f 3979/2297/488 3978/2298/488 3982/2236/488 3983/2237/488
f 4006/2299/489 4008/2300/489 4012/137/489 4010/140/489
f 521/216/54 519/367/54 529/283/54 531/282/54 527/386/54 537/385/54 539/227/54 540/281/54
f 3955/2240/490 3957/2232/490 3953/459/490 3951/2301/490
f 755/283/11 754/294/11 756/304/11 757/305/11
f 1671/99/34 1672/100/34 1680/101/34 1675/102/34 1674/472/34
f 2691/1116/9 2690/1397/9 2679/759/9 2678/1117/9
f 3975/1563/466 3974/2302/466 3972/1561/466 3973/2303/466
f 4108/2139/471 4109/2280/471 4111/2304/471 4110/2191/471
f 3736/1507/491 3730/918/491 3718/917/491 3724/1508/491
f 4077/2209/492 4076/2247/492 4074/2121/492 4075/2305/492
f 4089/2306/493 4085/2161/493 4086/560/493 4088/559/493
f 4002/2188/463 4003/2136/463 4005/2307/463 4004/2308/463
f 3973/2303/467 3972/1561/467 3970/2167/467 3971/2169/467
f 3967/2293/462 3966/2139/462 3964/2210/462 3965/2209/462
f 2696/1398/25 2698/1289/25 2685/1288/25 2684/1384/25
f 3999/2309/468 3998/2310/468 3996/2191/468 3997/2190/468
f 3907/2156/461 3906/2146/461 3904/2211/461 3905/2311/461
f 3987/2312/479 3986/2313/479 4004/2308/479 4005/2307/479
f 3920/2195/479 3921/2194/479 3903/2314/479 3902/2253/479
f 2433/962/17 2431/964/17 2432/965/17 2434/963/17
f 1480/165/22 1478/533/22 1479/74/22 1485/73/22 1484/350/22 1483/461/22 1497/94/22 1495/330/22 1496/79/22 1492/80/22 1491/337/22 1490/163/22
f 1467/55/22 1459/58/22 1457/46/22 1458/102/22 1462/120/22 1461/461/22 1473/246/22 1472/93/22 1469/128/22 1468/125/22
f 2947/1621/188 2946/256/188 2948/357/188
f 1439/58/22 1438/46/22 1443/45/22 1442/120/22 1441/461/22 1453/246/22 1451/93/22 1452/124/22 1448/125/22 1447/55/22
f 402/106/67 404/173/67 418/304/67 420/175/67 416/223/67 406/222/67 408/333/67 409/346/67
f 3927/463/494 3929/2105/494 3925/2315/494 3923/2316/494
f 341/201/43 339/133/43 342/150/43
f 3951/2317/495 3950/2318/495 3954/2241/495 3955/2240/495
f 4037/2315/496 4035/2319/496 4039/463/496 4041/609/496
f 4039/463/497 4038/621/497 4040/610/497 4041/609/497
f 3913/2242/464 3912/2243/464 3910/2130/464 3911/2129/464
f 4015/2320/479 4014/2253/479 4032/2260/479 4033/2259/479
f 2693/981/15 2681/1358/15 2683/1396/15 2694/1290/15
f 3940/2290/468 3941/2289/468 3943/2168/468 3942/2167/468
f 4081/2182/464 4080/2138/464 4078/2139/464 4079/2246/464
f 3915/2321/468 3914/2322/468 3912/2243/468 3913/2242/468
f 3933/2212/465 3932/2211/465 3930/2149/465 3931/2323/465
f 4054/2324/467 4055/2325/467 4057/2326/467 4056/2154/467
f 3455/816/1 3454/1826/1 3459/1252/1 3461/813/1
f 3917/2155/467 3916/2154/467 3914/2322/467 3915/2321/467
f 4045/2148/465 4044/2147/465 4042/2327/465 4043/2323/465
f 4113/2328/468 4112/2329/468 4110/2191/468 4111/2304/468
f 2668/2330/2 2667/1332/2 2671/616/2 2672/615/2
f 4007/2331/498 4006/2332/498 4010/140/498 4011/139/498
f 2944/1581/11 2942/253/11 2941/254/11 2945/1595/11 2946/256/11 2947/1621/11
f 2668/1423/17 2670/440/17 2669/439/17 2667/2333/17
f 2905/201/117 2904/253/117 2906/353/117
f 1681/136/40 1671/274/40 1674/167/40 1676/387/40 1673/276/40 1683/277/40 1684/126/40 1685/125/40
f 1546/99/103 1547/100/103 1554/120/103 1555/45/103 1549/47/103
f 4066/1375/499 4068/2087/499 4069/2334/499 4067/1376/499
f 3460/1254/3 3458/1472/3 3457/814/3 3461/813/3
f 3991/2335/461 3990/2336/461 3988/2296/461 3989/2295/461
f 3949/2254/463 3948/2187/463 3946/2262/463 3947/2189/463
f 3905/2311/465 3904/2211/465 3902/2143/465 3903/2144/465
f 4117/2136/500 4116/2135/500 4114/2337/500 4115/2338/500
f 4118/2134/501 4119/2133/501 4101/2339/501 4100/2313/501
f 4075/2305/461 4074/2121/461 4072/2151/461 4073/2150/461
f 4052/2138/468 4053/2137/468 4055/2325/468 4054/2324/468
f 3400/2340/502 3401/1685/502 3392/1684/502 3391/1708/502 3396/1707/502 3397/2341/502
f 4051/2140/462 4050/2139/462 4048/2185/462 4049/1873/462
f 4049/1873/492 4048/2185/492 4046/2146/492 4047/2145/492
f 2431/1026/2 2435/961/2 2436/202/2 2432/1027/2
f 2956/512/503 2953/1565/503 2959/1620/503 2958/1566/503 2961/360/503 2960/476/503 2955/144/503
f 1848/190/44 1836/135/44 1834/206/44 1833/508/44 1831/509/44 1844/209/44 1847/372/44 1846/177/44
f 3978/2342/504 3980/2343/504 3984/1207/504 3982/2236/504
f 4096/2269/505 4097/2270/505 4093/2344/505 4092/2345/505
f 4098/2268/506 4096/2269/506 4092/2346/506 4094/2347/506
f 4056/2154/280 4057/2326/280 4059/2189/280 4058/2188/280
f 1141/150/507 1143/252/507 1137/1583/507 1138/216/507 1139/363/507 1136/364/507 1128/365/507 1131/366/507 1130/367/507 1129/60/507
f 3961/2123/465 3960/2122/465 3958/2149/465 3959/2144/465
f 4001/2348/467 4000/2337/467 3998/2310/467 3999/2309/467
f 3959/2312/479 3958/2253/479 3976/2187/479 3977/2349/479
f 4090/2279/479 4091/2278/479 4071/2320/479 4070/2253/479
f 3947/2350/13 3945/2215/13 3943/2351/13 3941/2352/13 3939/2353/13 3937/2354/13 3935/2220/13 3933/2355/13 3931/2356/13 3949/2357/13
f 4112/2329/467 4113/2328/467 4115/2338/467 4114/2337/467
f 3993/2250/383 3992/2258/383 3990/2336/383 3991/2335/383
f 4639/1748/347 4638/2358/347 4636/2359/347 4637/2360/347
f 4031/2152/280 4030/2261/280 4028/2166/280 4029/2257/280
f 3977/2349/463 3976/2187/463 3974/2302/463 3975/1563/463
f 4003/2136/280 4002/2188/280 4000/2337/280 4001/2348/280
f 1499/91/33 1511/92/33 1519/93/33 1521/94/33 1517/95/33 1505/96/33 1507/116/33 1508/98/33
f 1475/135/2 1474/193/2 1486/336/2 1487/115/2
f 88/227/508 80/283/508 81/90/508 77/142/508 76/346/508 75/86/508 86/85/508 84/362/508 85/141/508 90/79/508 89/281/508
f 354/78/17 355/69/17 357/72/17 356/390/17
f 2784/1520/13 2786/49/13 2782/2361/13 2780/2362/13
f 242/390/60 243/392/60 262/281/60 263/79/60 260/82/60 255/81/60 257/80/60 256/280/60
f 3180/360/22 3177/1486/22 3172/497/22 3174/382/22 3173/496/22 3179/1623/22
f 2633/1481/11 2634/1372/11 2632/1334/11 2631/1333/11
f 2949/1528/17 2950/155/17 2952/269/17 2951/358/17
f 742/466/17 753/71/17 751/72/17 752/73/17 748/349/17 747/504/17 746/331/17 738/77/17 736/78/17 737/649/17 743/68/17 741/69/17
f 1547/135/2 1546/113/2 1556/136/2 1557/92/2
f 965/150/95 967/252/95 961/216/95 963/415/95 959/416/95 950/417/95 952/487/95 951/192/95
f 2666/1414/11 2664/1369/11 2663/1371/11 2665/1777/11
f 2943/201/284 2942/253/284 2944/1581/284
f 2790/2363/13 2788/2364/13 2792/1772/13 2794/1489/13
f 4471/2172/13 4473/2175/13 4469/2365/13 4467/2366/13
f 2622/2367/22 2626/1164/22 2625/1363/22 2621/2368/22
f 3097/374/292 3098/155/292 3101/496/292 3102/382/292 3099/1596/292
f 3057/242/39 3058/1581/39 3051/145/39 3050/244/39 3049/245/39
f 1544/79/22 1540/141/22 1539/467/22 1538/163/22 1528/165/22 1526/511/22 1527/349/22 1533/73/22 1532/350/22 1531/461/22 1545/94/22 1543/330/22
f 3108/360/310 3106/1485/310 3105/1486/310
f 2707/2369/21 2709/1331/21 2713/2370/21 2711/1362/21
f 2453/1067/21 2451/1037/21 2447/2371/21 2449/1034/21
f 88/227/509 79/201/509 80/283/509
f 366/90/11 362/89/11 361/284/11 360/333/11 372/175/11 370/280/11 371/80/11 377/79/11 376/281/11 375/221/11 367/226/11 365/283/11
f 2880/512/510 2878/645/510 2877/1565/510
f 2821/1446/21 2825/1518/21 2823/1517/21 2819/2372/21
f 3340/1702/511 3351/73/511 3352/1711/511 3399/1682/511 3398/1681/511
f 1220/114/141 1210/274/141 1213/537/141 1214/167/141 1215/275/141 1212/276/141 1222/277/141 1223/126/141 1224/125/141 1225/421/141
f 1551/165/22 1550/46/22 1555/45/22 1554/120/22 1553/461/22 1565/94/22 1563/93/22 1564/124/22 1560/408/22 1559/163/22
f 3786/2036/512 3782/2373/512 3784/2374/512 3788/1973/512
f 3328/1860/513 3265/1737/513 3321/1738/513 3320/1708/513 3315/1220/513 3314/1224/513 3313/1705/513
f 2909/257/176 2908/256/176 2910/357/176
f 2468/1095/13 2470/1082/13 2466/2375/13 2464/1040/13
f 3222/1594/13 3224/1611/13 3220/1628/13 3218/1576/13
f 2714/2376/13 2710/2377/13 2708/2378/13 2712/1359/13
f 4703/2379/514 4707/264/514 4706/2007/514 4702/2380/514
f 1577/92/90 1576/136/90 1580/408/90 1581/128/90 1583/117/90
f 2622/2367/17 2621/2368/17 2619/2381/17 2620/1272/17
f 1579/163/22 1571/165/22 1569/46/22 1570/102/22 1574/120/22 1573/461/22 1585/94/22 1584/93/22 1581/128/22 1580/408/22
f 2452/1038/13 2454/1066/13 2450/2382/13 2448/1040/13
f 1177/114/40 1166/274/40 1170/167/40 1172/275/40 1168/276/40 1179/277/40 1181/126/40 1182/125/40
f 1557/92/146 1556/136/146 1561/421/146 1564/124/146 1563/93/146
f 4471/2172/2 4467/2383/2 4466/2384/2 4470/2173/2
f 1566/113/2 1576/136/2 1577/92/2 1567/135/2
f 3009/143/39 3010/371/39 3003/145/39 3002/146/39 3001/147/39
f 2709/1421/22 2710/1424/22 2714/2376/22 2713/2370/22
f 1574/120/70 1570/102/70 1575/101/70
f 627/252/61 626/148/61 617/159/61 618/102/61 615/307/61 620/308/61 622/45/61 621/323/61
f 1342/99/34 1343/100/34 1351/101/34 1346/102/34 1345/46/34
f 4698/2031/17 4694/2385/17 4695/2386/17 4699/1511/17
f 91/384/515 96/343/515 92/113/515
f 1878/53/72 1872/190/72 1870/177/72 1869/176/72 1867/631/72 1874/335/72 1877/175/72 1876/54/72
f 3000/370/83 2999/369/83 2994/381/83 2996/382/83 2995/156/83
f 1274/99/59 1275/100/59 1284/120/59 1285/45/59 1282/300/59 1277/301/59 1279/102/59 1278/46/59
f 4149/634/13 4151/635/13 4147/2387/13 4145/633/13
f 2830/1023/17 2829/1022/17 2827/663/17 2828/1494/17
f 497/216/54 495/367/54 505/150/54 507/282/54 503/386/54 513/385/54 515/227/54 516/149/54
f 2020/53/72 2014/190/72 2012/177/72 2011/333/72 2009/334/72 2016/335/72 2019/175/72 2018/54/72
f 1972/53/72 1966/190/72 1964/177/72 1963/176/72 1961/334/72 1968/335/72 1971/175/72 1970/54/72
f 2138/53/72 2132/190/72 2130/177/72 2129/333/72 2127/334/72 2134/335/72 2137/175/72 2136/54/72
f 775/150/11 774/105/11 776/104/11 777/252/11
f 1617/121/22 1631/396/22 1629/93/22 1630/124/22 1626/128/22 1625/125/22 1624/126/22 1614/395/22 1612/472/22 1613/102/22 1619/45/22 1618/120/22
f 429/216/54 427/192/54 435/150/54 437/226/54 434/225/54 443/224/54 445/221/54 446/149/54
f 173/262/109 172/299/109 179/346/109 180/142/109 177/88/109 182/87/109 184/90/109 183/283/109
f 1241/115/90 1240/114/90 1244/125/90 1245/128/90 1247/117/90
f 2090/53/13 2078/98/13 2072/192/13 2084/190/13
f 2860/60/516 2864/1629/516 2861/1576/516
f 2711/1362/11 2713/2370/11 2714/2376/11 2712/1359/11
f 4694/2385/448 4692/2388/448 4693/131/448 4695/2386/448
f 2885/384/301 2888/1580/301 2886/147/301
f 1386/99/59 1387/100/59 1396/120/59 1397/45/59 1394/300/59 1389/301/59 1391/102/59 1390/46/59
f 3181/147/2 3188/650/2 3190/512/2 3189/1527/2 3183/1579/2 3184/1580/2
f 1606/79/75 1602/80/75 1601/380/75 1600/126/75 1590/1631/75 1591/74/75 1596/73/75 1595/350/75 1594/121/75 1607/347/75 1605/330/75
f 1167/91/118 1178/115/118 1185/117/118 1174/116/118 1175/191/118
f 2984/243/517 2983/242/517 2982/1632/517 2986/255/517 2987/506/517
f 668/106/112 673/111/112 682/148/112 683/85/112 679/184/112
f 379/100/17 381/158/17 380/183/17 378/78/17
f 1679/120/70 1675/102/70 1680/101/70
f 3505/547/22 3509/519/22 3508/407/22 3504/1617/22
f 790/331/17 782/77/17 780/78/17 781/160/17 787/161/17 785/100/17 786/466/17 797/71/17 795/158/17 796/45/17 792/102/17 791/159/17
f 846/105/58 847/150/58 833/262/58 835/343/58 831/296/58 827/297/58 829/185/58 828/113/58
f 2920/369/11 2922/360/11 2921/359/11 2917/489/11 2918/512/11 2915/143/11
f 3848/2111/17 3846/2389/17 3847/2390/17 3849/2110/17
f 4422/799/4 4424/1348/4 4411/2391/4 4410/1301/4
f 2805/1393/22 2818/1389/22 2814/1388/22 2803/1431/22
f 2761/1425/21 2773/1292/21 2767/1293/21 2755/1300/21
f 4412/693/7 4411/692/7 4413/1131/7 4415/788/7
f 4120/850/5 4121/1392/5 4122/682/5
f 3428/1794/3 3426/1793/3 3425/2392/3 3429/1475/3
f 4454/855/4 4456/1356/4 4443/2393/4 4442/856/4
f 4123/1131/205 4124/1311/205 4125/788/205
f 4126/849/12 4127/683/12 4128/2394/12
f 4170/2395/15 4158/2396/15 4160/2397/15 4171/1342/15
f 4129/720/14 4130/819/14 4131/789/14
f 4424/1348/2 4426/1349/2 4413/2398/2 4411/2399/2
f 4166/1133/18 4165/875/18 4169/874/18 4168/1134/18
f 4132/702/19 4133/701/19 4134/1391/19
f 2571/1255/2 2558/1117/2 2556/2400/2 2569/1251/2
f 4140/700/216 4139/821/216 4143/820/216 4142/672/216
f 4135/1502/20 4136/2401/20 4137/914/20
f 4138/699/211 4139/821/211 4140/700/211
f 2776/926/13 2764/2402/13 2759/2403/13 2770/927/13
f 4443/2404/2 4456/1356/2 4458/1355/2 4445/1135/2
f 2297/725/21 2291/707/21 2279/681/21 2285/680/21
f 4141/1503/212 4142/672/212 4143/820/212
f 3391/1708/518 3392/1684/518 3388/1735/518 3387/1759/518
f 1210/99/103 1211/100/103 1218/120/103 1219/45/103 1213/47/103
f 4435/2405/17 4437/1961/17 4436/1962/17 4434/2406/17
f 4149/634/2 4145/2407/2 4144/2408/2 4148/627/2
f 4441/635/11 4439/634/11 4438/627/11 4440/1529/11
f 4156/759/9 4155/1135/9 4168/1134/9 4167/1510/9
f 4129/720/25 4141/1503/25 4143/820/25 4130/819/25
f 4152/2409/215 4153/2410/215 4154/2411/215
f 4460/858/16 4462/2412/16 4455/875/16 4454/855/16
f 4155/1405/273 4156/706/273 4157/705/273
f 2804/2413/13 2799/2414/13 2810/1498/13 2816/1395/13
f 4429/1256/22 4418/1139/22 4420/1140/22 4433/1257/22
f 4155/1405/7 4157/705/7 4154/1308/7 4153/692/7
f 4461/1500/15 4460/858/15 4448/857/15 4450/2415/15
f 4158/2396/12 4159/2416/12 4160/2397/12
f 4156/2417/13 4167/1510/13 4173/2418/13 4161/2419/13
f 4162/1401/22 4175/1341/22 4171/1342/22 4160/1402/22
f 4161/703/14 4162/1401/14 4163/704/14
f 2679/2420/13 2690/1397/13 2696/1398/13 2684/2421/13
f 4173/2418/6 4167/1510/6 4169/874/6 4174/873/6
f 4164/2422/19 4165/875/19 4166/1133/19
f 4135/1502/6 4137/914/6 4142/672/6 4141/1503/6
f 4139/821/15 4138/699/15 4126/849/15 4128/2394/15
f 4164/2422/16 4170/2395/16 4172/872/16 4165/875/16
f 4167/1510/20 4168/1134/20 4169/874/20
f 4136/2401/9 4135/1502/9 4124/759/9 4123/2398/9
f 4450/1501/3 4449/1307/3 4453/704/3 4452/1443/3
f 4458/1355/9 4457/1510/9 4446/759/9 4445/1135/9
f 4170/2395/23 4171/1342/23 4172/872/23
f 4449/2416/10 4448/857/10 4442/856/10 4444/2411/10
f 4173/2418/212 4174/873/212 4175/1341/212
f 193/227/11 185/226/11 183/283/11 184/90/11 180/142/11 179/346/11 178/176/11 190/175/11 188/304/11 189/141/11 195/79/11 194/281/11
f 1766/270/53 1772/162/53 1770/341/53 1769/76/53 1767/271/53 1762/272/53 1765/77/53 1764/78/53
f 1662/136/519 1654/274/519 1656/537/519 1664/126/519 1665/125/519 1666/421/519
f 1661/45/27 1657/472/27 1656/47/27
f 2188/270/53 2194/162/53 2192/249/53 2191/331/53 2189/271/53 2184/272/53 2187/77/53 2186/78/53
f 1808/338/72 1802/190/72 1800/211/72 1799/86/72 1797/521/72 1804/522/72 1807/279/72 1806/54/72
f 4469/2095/22 4473/2175/22 4472/2174/22 4468/2096/22
f 4472/2174/21 4470/2173/21 4466/2423/21 4468/2424/21
f 4179/2095/22 4183/2175/22 4182/2174/22 4178/2096/22
f 4184/2425/215 4185/2426/215 4186/2427/215
f 4187/2428/8 4188/2429/8 4189/2430/8
f 4190/2431/12 4191/2432/12 4192/2433/12
f 4193/2434/232 4194/2435/232 4195/2436/232
f 4196/2437/19 4197/2438/19 4198/2439/19
f 4199/2440/210 4200/2441/210 4201/2442/210
f 4202/2443/23 4203/2444/23 4204/2445/23
f 4205/2446/520 4206/2447/520 4207/2448/520
f 4190/2431/10 4184/2425/10 4186/2427/10 4191/2432/10
f 4185/2449/7 4187/2450/7 4189/2451/7 4186/2452/7
f 4188/2453/1 4193/2434/1 4195/2436/1 4189/2451/1
f 4194/2435/3 4192/2454/3 4191/2455/3 4195/2436/3
f 4202/2443/15 4190/2431/15 4192/2433/15 4203/2444/15
f 4193/2434/25 4205/2446/25 4207/2448/25 4194/2435/25
f 4206/2447/216 4204/2445/216 4203/2444/216 4207/2448/216
f 4196/2437/16 4202/2443/16 4204/2445/16 4197/2438/16
f 4205/2446/6 4199/2440/6 4201/2442/6 4206/2447/6
f 4200/2441/217 4198/2439/217 4197/2438/217 4201/2442/217
f 4184/2425/4 4196/2437/4 4198/2439/4 4185/2426/4
f 4199/2440/9 4188/2429/9 4187/2428/9 4200/2441/9
f 4190/2431/21 4202/2443/21 4196/2437/21 4184/2425/21
f 4186/2452/17 4189/2451/17 4195/2436/17 4191/2455/17
f 4198/2439/2 4200/2441/2 4187/2428/2 4185/2456/2
f 4205/2446/13 4193/2457/13 4188/2458/13 4199/2440/13
f 4192/2454/22 4194/2435/22 4207/2448/22 4203/2444/22
f 4204/2445/11 4206/2447/11 4201/2442/11 4197/2438/11
f 4208/2425/215 4209/2426/215 4210/2427/215
f 4211/2428/8 4212/2429/8 4213/2430/8
f 4214/2431/12 4215/2432/12 4216/2433/12
f 4217/2434/232 4218/2435/232 4219/2436/232
f 4220/2437/19 4221/2438/19 4222/2439/19
f 4223/2440/210 4224/2441/210 4225/2442/210
f 4226/2443/23 4227/2444/23 4228/2445/23
f 4229/2446/24 4230/2447/24 4231/2448/24
f 4214/2431/10 4208/2425/10 4210/2427/10 4215/2432/10
f 4209/2449/7 4211/2450/7 4213/2451/7 4210/2452/7
f 4212/2453/1 4217/2434/1 4219/2436/1 4213/2451/1
f 4218/2435/3 4216/2454/3 4215/2455/3 4219/2436/3
f 4226/2443/15 4214/2431/15 4216/2433/15 4227/2444/15
f 4217/2434/25 4229/2446/25 4231/2448/25 4218/2435/25
f 4230/2447/216 4228/2445/216 4227/2444/216 4231/2448/216
f 4220/2437/16 4226/2443/16 4228/2445/16 4221/2438/16
f 4229/2446/6 4223/2440/6 4225/2442/6 4230/2447/6
f 4224/2441/18 4222/2439/18 4221/2438/18 4225/2442/18
f 4208/2425/4 4220/2437/4 4222/2439/4 4209/2426/4
f 4223/2440/9 4212/2429/9 4211/2428/9 4224/2441/9
f 4214/2431/21 4226/2443/21 4220/2437/21 4208/2425/21
f 4210/2452/17 4213/2451/17 4219/2436/17 4215/2455/17
f 4222/2439/2 4224/2441/2 4211/2428/2 4209/2456/2
f 4229/2446/13 4217/2457/13 4212/2458/13 4223/2440/13
f 4216/2454/22 4218/2435/22 4231/2448/22 4227/2444/22
f 4228/2445/11 4230/2447/11 4225/2442/11 4221/2438/11
f 4232/2459/215 4233/2426/215 4234/2427/215
f 4235/2428/8 4236/2429/8 4237/2430/8
f 4238/2431/12 4239/2432/12 4240/2460/12
f 4241/2434/208 4242/2461/208 4243/2436/208
f 4244/2462/19 4245/2438/19 4246/2463/19
f 4247/2440/210 4248/2464/210 4249/2442/210
f 4250/2465/23 4251/2466/23 4252/2445/23
f 4253/2446/24 4254/2447/24 4255/2467/24
f 4238/2431/10 4232/2459/10 4234/2427/10 4239/2432/10
f 4233/2449/204 4235/2450/204 4237/2451/204 4234/2452/204
f 4236/2453/1 4241/2434/1 4243/2436/1 4237/2451/1
f 4242/2461/3 4240/2454/3 4239/2455/3 4243/2436/3
f 4250/2465/15 4238/2431/15 4240/2460/15 4251/2466/15
f 4241/2434/25 4253/2446/25 4255/2467/25 4242/2461/25
f 4254/2447/216 4252/2445/216 4251/2466/216 4255/2467/216
f 4244/2462/16 4250/2465/16 4252/2445/16 4245/2438/16
f 4253/2446/6 4247/2440/6 4249/2442/6 4254/2447/6
f 4248/2464/18 4246/2463/18 4245/2438/18 4249/2442/18
f 4232/2459/4 4244/2462/4 4246/2463/4 4233/2426/4
f 4247/2440/9 4236/2429/9 4235/2428/9 4248/2464/9
f 4238/2431/21 4250/2465/21 4244/2462/21 4232/2459/21
f 4234/2452/17 4237/2451/17 4243/2436/17 4239/2455/17
f 4246/2463/2 4248/2464/2 4235/2428/2 4233/2468/2
f 4253/2446/13 4241/2469/13 4236/2470/13 4247/2440/13
f 4240/2454/22 4242/2461/22 4255/2467/22 4251/2466/22
f 4252/2445/11 4254/2447/11 4249/2442/11 4245/2438/11
f 4256/2471/215 4257/2472/215 4258/2427/215
f 4259/2473/8 4260/2429/8 4261/2430/8
f 4262/2474/12 4263/2432/12 4264/2475/12
f 4265/2476/232 4266/2435/232 4267/2436/232
f 4268/2437/19 4269/2438/19 4270/2477/19
f 4271/2478/210 4272/2441/210 4273/2442/210
f 4274/2443/23 4275/2479/23 4276/2445/23
f 4277/2446/24 4278/2447/24 4279/2480/24
f 4262/2474/10 4256/2471/10 4258/2427/10 4263/2432/10
f 4257/2449/7 4259/2450/7 4261/2451/7 4258/2452/7
f 4260/2453/1 4265/2476/1 4267/2436/1 4261/2451/1
f 4266/2435/202 4264/2481/202 4263/2455/202 4267/2436/202
f 4274/2443/15 4262/2474/15 4264/2475/15 4275/2479/15
f 4265/2476/25 4277/2446/25 4279/2480/25 4266/2435/25
f 4278/2447/216 4276/2445/216 4275/2479/216 4279/2480/216
f 4268/2437/16 4274/2443/16 4276/2445/16 4269/2438/16
f 4277/2446/6 4271/2478/6 4273/2442/6 4278/2447/6
f 4272/2441/18 4270/2477/18 4269/2438/18 4273/2442/18
f 4256/2471/4 4268/2437/4 4270/2477/4 4257/2472/4
f 4271/2478/9 4260/2429/9 4259/2473/9 4272/2441/9
f 4262/2474/21 4274/2443/21 4268/2437/21 4256/2471/21
f 4258/2452/17 4261/2451/17 4267/2436/17 4263/2455/17
f 4270/2477/2 4272/2441/2 4259/2473/2 4257/2456/2
f 4277/2446/13 4265/2482/13 4260/2483/13 4271/2478/13
f 4264/2481/22 4266/2435/22 4279/2480/22 4275/2479/22
f 4276/2445/11 4278/2447/11 4273/2442/11 4269/2438/11
f 4576/2484/521 4577/2485/521 4579/2486/521 4578/2487/521
f 4660/2488/235 4661/1021/235 4664/2489/235 4663/2490/235
f 4668/2491/521 4665/2492/521 4663/2490/521 4664/2489/521
f 4353/1751/522 4352/2493/522 4350/2492/522 4351/2491/522
f 1029/150/507 1031/252/507 1025/1583/507 1026/216/507 1027/415/507 1024/416/507 1016/417/507 1019/487/507 1018/192/507 1017/60/507
f 4364/2494/523 4366/2495/523 4368/43/523 4371/2496/523 4346/2497/523 4348/36/523 4350/1167/523 4352/38/523 4354/2498/523
f 4351/2491/521 4350/2492/521 4348/2490/521 4349/2499/521
f 4617/2500/524 4618/2501/524 4620/2502/524 4619/2224/524
f 4608/434/2 4606/435/2 4604/2503/2 4601/437/2 4628/428/2 4622/429/2 4620/430/2 4618/431/2 4615/432/2 4610/2504/2
f 4636/38/525 4638/2505/525 4641/1731/525 4650/1730/525 4652/43/525 4655/2506/525 4630/2497/525 4632/1176/525 4634/2507/525
f 4313/831/314 4312/2508/314 4282/2509/314 4281/2510/314 4280/1641/314 4309/2511/314 4310/834/314 4308/2512/314 4311/2513/314
f 4381/2514/526 4408/2515/526 4409/1804/526 4380/1803/526
f 4377/35/527 4383/36/527 4384/1722/527 4407/1721/527
f 3400/2340/528 3341/1262/528 3342/1261/528 3345/1260/528 3346/1534/528 3338/1686/528 3401/1685/528
f 4319/2516/235 4318/2517/235 4316/2518/235 4317/1021/235
f 4614/2519/529 4611/2520/529 4613/2521/529 4612/2522/529 4609/1749/529 4610/1748/529 4615/2523/529 4616/2524/529
f 4302/2525/530 4301/2526/530 4299/2527/530 4300/2528/530 4303/2529/530
f 4583/2530/531 4586/1724/531 4591/40/531 4582/39/531
f 4383/2484/532 4385/1018/532 4388/2531/532 4387/2532/532 4386/2487/532 4384/2533/532
f 4356/2504/2 4353/434/2 4351/435/2 4349/2503/2 4347/437/2 4374/428/2 4369/429/2 4367/430/2 4365/431/2 4361/432/2
f 4654/2534/533 4657/2535/533 4659/2536/533 4658/2537/533 4631/2538/533 4630/1641/533 4655/2539/533 4656/834/533
f 4397/2540/529 4394/2541/529 4396/2542/529 4395/2543/529 4392/2544/529 4393/2545/529 4398/2546/529 4399/2547/529
f 4594/2548/534 4595/2223/534 4597/2549/534 4596/2550/534
f 4616/2524/535 4615/2523/535 4618/2501/535 4617/2500/535 4612/2522/535 4613/2521/535 4611/2520/535 4614/2519/535
f 4622/829/536 4628/830/536 4629/831/536 4627/2551/536 4623/2552/536 4626/2553/536 4625/2554/536 4624/2555/536 4621/2556/536
f 4065/2119/537 4063/2557/537 4067/1376/537 4069/2334/537
f 4349/2499/235 4348/2490/235 4346/2558/235 4347/1021/235
f 4360/2559/529 4357/2560/529 4359/2561/529 4358/2543/529 4355/2562/529 4356/2563/529 4361/2564/529 4362/2524/529
f 4370/833/533 4373/832/533 4375/831/533 4374/830/533 4347/2565/533 4346/2566/533 4371/835/533 4372/834/533
f 4393/2545/538 4392/2544/538 4389/1750/538 4391/2567/538 4390/2568/538
f 4680/1678/539 4682/2569/539 4684/1173/539 4687/2570/539 4660/2571/539 4663/36/539 4665/2572/539 4666/1676/539 4672/2573/539 4675/1170/539
f 4391/2574/540 4387/1053/540 4388/1810/540 4390/1809/540
f 3343/1264/541 3344/1263/541 3341/1262/541 3400/2340/541 3397/2341/541 3396/1707/541 3395/1706/541
f 4581/2575/522 4580/2576/522 4578/2487/522 4579/2486/522
f 4369/829/534 4368/836/534 4366/2224/534 4367/2223/534
f 4593/2577/2 4589/1807/2 4584/2578/2 4581/2579/2 4579/1053/2 4577/2580/2 4574/2581/2 4599/2582/2 4597/2583/2 4595/1211/2
f 4376/2584/542 4378/2585/542 4377/1641/542 4407/2586/542 4406/2587/542 4408/2588/542 4381/2589/542 4382/1130/542 4379/2590/542
f 4341/2591/543 4315/2592/543 4314/1675/543 4337/1674/543 4338/43/543
f 4356/2563/544 4355/2562/544 4354/2593/544 4352/2493/544 4353/1751/544
f 2375/928/21 2381/944/21 2393/943/21 2387/952/21
f 4575/2594/545 4574/1021/545 4577/2485/545 4576/2484/545 4571/2558/545 4572/1125/545 4570/1124/545 4573/1123/545
f 4069/2334/546 4068/2087/546 4064/1977/546 4065/1980/546
f 4602/2490/547 4604/2595/547 4606/2491/547 4605/2596/547 4603/2597/547
f 4327/2598/548 4330/2599/548 4332/2547/548 4331/2600/548 4334/2601/548 4333/2602/548 4328/2603/548 4329/2604/548
f 4307/2605/549 4302/1211/549 4303/2606/549 4306/2607/549
f 4403/2608/524 4402/2526/524 4400/2602/524 4401/2609/524
f 4287/2610/550 4286/2487/550 4283/1019/550 4285/1018/550 4284/2611/550
f 4301/2612/551 4304/1172/551 4298/1171/551 4299/528/551
f 4670/2613/552 4669/2359/552 4666/2614/552 4665/2492/552 4668/2491/552 4667/2615/552
f 4599/1128/553 4598/1127/553 4596/2550/553 4597/2549/553
f 4637/434/2 4635/435/2 4633/2503/2 4631/437/2 4658/2616/2 4653/429/2 4651/430/2 4648/2617/2 4645/432/2 4639/2504/2
f 4623/2552/533 4627/2551/533 4629/831/533 4628/830/533 4601/2538/533 4600/1126/533 4625/2554/533 4626/2553/533
f 4449/1307/17 4444/1308/17 4447/705/17 4453/704/17
f 4656/834/218 4655/2539/218 4652/2618/218 4653/829/218 4658/2537/218 4659/2536/218 4657/2535/218 4654/2534/218
f 1890/162/28 1902/53/28 1900/54/28 1899/171/28 1897/164/28 1886/57/28 1889/165/28 1888/59/28
f 2297/725/16 2299/748/16 2292/724/16 2291/707/16
f 4123/2398/2 4121/2619/2 4134/1391/2 4136/2401/2
f 4410/1301/215 4411/2391/215 4412/682/215
f 4152/2409/4 4164/2422/4 4166/1133/4 4153/2410/4
f 2559/2620/13 2570/1231/13 2576/1232/13 2564/2621/13
f 2349/796/6 2348/758/6 2342/757/6 2344/826/6
f 4413/1131/205 4414/1311/205 4415/788/205
f 4134/1391/18 4133/701/18 4137/914/18 4136/2401/18
f 4416/1302/12 4417/683/12 4418/1470/12
f 4426/1349/9 4425/674/9 4414/759/9 4413/2398/9
f 4419/720/14 4420/1140/14 4421/789/14
f 2309/729/21 2321/728/21 2315/776/21 2303/775/21
f 4422/799/220 4423/701/220 4424/1348/220
f 4425/674/20 4426/1349/20 4427/675/20
f 4428/797/211 4429/1256/211 4430/798/211
f 4431/673/212 4432/672/212 4433/1257/212
f 2891/1565/554 2893/369/554 2894/641/554 2895/359/554 2892/371/554
f 2230/53/72 2224/190/72 2222/177/72 2221/176/72 2219/631/72 2226/335/72 2229/175/72 2228/54/72
f 59/150/89 67/149/89 51/216/89 52/285/89 48/60/89
f 1692/389/85 1693/274/85 1697/111/85 1698/275/85 1709/126/85 1710/248/85 1711/85/85 1703/86/85 1704/211/85 1705/210/85
f 4151/635/11 4149/634/11 4148/627/11 4150/626/11
f 4439/634/2 4435/2407/2 4434/2408/2 4438/627/2
f 4145/2405/17 4147/1961/17 4146/1962/17 4144/2406/17
f 4147/1961/22 4151/635/22 4150/626/22 4146/1962/22
f 2590/2040/22 2594/1281/22 2593/1329/22 2589/2041/22
f 4162/1401/25 4161/703/25 4173/2418/25 4175/1341/25
f 2611/1309/2 2598/1310/2 2596/2622/2 2609/1306/2
f 4465/1341/216 4464/873/216 4462/2412/216 4461/1500/216
f 4442/856/215 4443/2393/215 4444/2411/215
f 4159/2416/10 4158/2396/10 4152/2409/10 4154/2411/10
f 2361/807/22 2374/769/22 2370/768/22 2359/848/22
f 4445/1405/205 4446/706/205 4447/705/205
f 4448/857/12 4449/2416/12 4450/2415/12
f 4451/703/14 4452/1443/14 4453/704/14
f 4454/855/19 4455/875/19 4456/1356/19
f 3771/932/555 3778/993/555 3780/1970/555 3775/933/555
f 4457/1510/20 4458/1355/20 4459/1354/20
f 4451/2419/13 4446/2417/13 4457/1510/13 4463/1442/13
f 3420/691/17 3423/690/17 3429/1475/17 3425/2392/17
f 4460/858/23 4461/1500/23 4462/2412/23
f 4170/2395/21 4164/2422/21 4152/2409/21 4158/2396/21
f 4464/873/11 4459/1354/11 4455/875/11 4462/2412/11
f 4463/1442/212 4464/873/212 4465/1341/212
f 872/304/35 870/294/35 852/106/35 854/181/35 850/413/35 860/414/35 862/172/35 863/173/35
f 858/473/17 869/474/17 867/392/17 868/73/17 864/349/17 863/504/17 862/76/17 854/475/17 852/391/17 853/649/17 859/68/17 857/69/17
f 2933/369/556 2929/143/556 2923/106/556 2924/1584/556 2927/289/556
f 731/150/95 733/252/95 727/216/95 729/415/95 725/416/95 716/417/95 718/418/95 717/192/95
f 4466/2093/17 4467/2094/17 4469/2095/17 4468/2096/17
f 4181/2172/11 4180/2173/11 4182/2174/11 4183/2175/11
f 4176/2623/21 4178/2424/21 4182/2174/21 4180/2173/21
f 4179/2624/13 4177/2366/13 4181/2172/13 4183/2175/13
f 4181/2172/2 4177/2383/2 4176/2384/2 4180/2173/2
f 4474/2471/215 4475/2472/215 4476/2427/215
f 4477/2473/8 4478/2429/8 4479/2430/8
f 4480/2474/12 4481/2432/12 4482/2475/12
f 4483/2476/232 4484/2435/232 4485/2436/232
f 4486/2437/19 4487/2438/19 4488/2477/19
f 4489/2478/210 4490/2441/210 4491/2442/210
f 4492/2443/23 4493/2479/23 4494/2445/23
f 4495/2446/24 4496/2447/24 4497/2480/24
f 4480/2474/10 4474/2471/10 4476/2427/10 4481/2432/10
f 4475/2449/7 4477/2450/7 4479/2451/7 4476/2452/7
f 4478/2453/1 4483/2476/1 4485/2436/1 4479/2451/1
f 4484/2435/3 4482/2481/3 4481/2455/3 4485/2436/3
f 4492/2443/15 4480/2474/15 4482/2475/15 4493/2479/15
f 4483/2476/25 4495/2446/25 4497/2480/25 4484/2435/25
f 4496/2447/216 4494/2445/216 4493/2479/216 4497/2480/216
f 4486/2437/16 4492/2443/16 4494/2445/16 4487/2438/16
f 4495/2446/6 4489/2478/6 4491/2442/6 4496/2447/6
f 4490/2441/18 4488/2477/18 4487/2438/18 4491/2442/18
f 4474/2471/4 4486/2437/4 4488/2477/4 4475/2472/4
f 4489/2478/9 4478/2429/9 4477/2473/9 4490/2441/9
f 4480/2474/21 4492/2443/21 4486/2437/21 4474/2471/21
f 4476/2452/17 4479/2451/17 4485/2436/17 4481/2455/17
f 4488/2477/2 4490/2441/2 4477/2473/2 4475/2456/2
f 4495/2446/13 4483/2482/13 4478/2483/13 4489/2478/13
f 4482/2481/22 4484/2435/22 4497/2480/22 4493/2479/22
f 4494/2445/11 4496/2447/11 4491/2442/11 4487/2438/11
f 4498/2625/215 4499/2626/215 4500/2427/215
f 4501/2627/8 4502/2628/8 4503/2430/8
f 4504/2629/12 4505/2432/12 4506/2630/12
f 4507/2631/14 4508/2632/14 4509/2436/14
f 4510/2633/19 4511/2438/19 4512/2634/19
f 4513/2635/210 4514/2636/210 4515/2442/210
f 4516/2637/23 4517/2444/23 4518/2445/23
f 4519/2446/520 4520/2447/520 4521/2448/520
f 4504/2629/10 4498/2625/10 4500/2427/10 4505/2432/10
f 4499/2449/7 4501/2450/7 4503/2451/7 4500/2452/7
f 4502/2453/1 4507/2631/1 4509/2436/1 4503/2451/1
f 4508/2632/202 4506/2638/202 4505/2455/202 4509/2436/202
f 4516/2637/15 4504/2629/15 4506/2630/15 4517/2444/15
f 4507/2631/25 4519/2446/25 4521/2448/25 4508/2632/25
f 4520/2447/216 4518/2445/216 4517/2444/216 4521/2448/216
f 4510/2633/16 4516/2637/16 4518/2445/16 4511/2438/16
f 4519/2446/6 4513/2635/6 4515/2442/6 4520/2447/6
f 4514/2636/18 4512/2634/18 4511/2438/18 4515/2442/18
f 4498/2625/4 4510/2633/4 4512/2634/4 4499/2626/4
f 4513/2635/9 4502/2628/9 4501/2627/9 4514/2636/9
f 4504/2629/21 4516/2637/21 4510/2633/21 4498/2625/21
f 4500/2452/17 4503/2451/17 4509/2436/17 4505/2455/17
f 4512/2634/2 4514/2636/2 4501/2627/2 4499/2639/2
f 4519/2446/13 4507/2457/13 4502/2640/13 4513/2635/13
f 4506/2638/22 4508/2632/22 4521/2448/22 4517/2444/22
f 4518/2445/11 4520/2447/11 4515/2442/11 4511/2438/11
f 4522/2425/261 4523/2426/261 4524/2427/261
f 4525/2428/557 4526/2429/557 4527/2430/557
f 4528/2431/12 4529/2432/12 4530/2433/12
f 4531/2434/232 4532/2435/232 4533/2436/232
f 4534/2437/19 4535/2438/19 4536/2439/19
f 4537/2440/20 4538/2441/20 4539/2442/20
f 4540/2443/228 4541/2444/228 4542/2445/228
f 4543/2446/520 4544/2447/520 4545/2448/520
f 4528/2431/10 4522/2425/10 4524/2427/10 4529/2432/10
f 4523/2449/7 4525/2450/7 4527/2451/7 4524/2452/7
f 4526/2453/1 4531/2434/1 4533/2436/1 4527/2451/1
f 4532/2435/3 4530/2454/3 4529/2455/3 4533/2436/3
f 4540/2443/15 4528/2431/15 4530/2433/15 4541/2444/15
f 4531/2434/25 4543/2446/25 4545/2448/25 4532/2435/25
f 4544/2447/216 4542/2445/216 4541/2444/216 4545/2448/216
f 4534/2437/16 4540/2443/16 4542/2445/16 4535/2438/16
f 4543/2446/6 4537/2440/6 4539/2442/6 4544/2447/6
f 4538/2441/18 4536/2439/18 4535/2438/18 4539/2442/18
f 4522/2425/4 4534/2437/4 4536/2439/4 4523/2426/4
f 4537/2440/9 4526/2429/9 4525/2428/9 4538/2441/9
f 4528/2431/21 4540/2443/21 4534/2437/21 4522/2425/21
f 4524/2452/17 4527/2451/17 4533/2436/17 4529/2455/17
f 4536/2439/2 4538/2441/2 4525/2428/2 4523/2456/2
f 4543/2446/13 4531/2457/13 4526/2458/13 4537/2440/13
f 4530/2454/22 4532/2435/22 4545/2448/22 4541/2444/22
f 4542/2445/11 4544/2447/11 4539/2442/11 4535/2438/11
f 4546/2425/215 4547/2426/215 4548/2427/215
f 4549/2428/205 4550/2429/205 4551/2430/205
f 4552/2431/12 4553/2432/12 4554/2433/12
f 4555/2434/232 4556/2435/232 4557/2436/232
f 4558/2437/19 4559/2438/19 4560/2439/19
f 4561/2440/210 4562/2441/210 4563/2442/210
f 4564/2443/23 4565/2444/23 4566/2445/23
f 4567/2446/520 4568/2447/520 4569/2448/520
f 4552/2431/10 4546/2425/10 4548/2427/10 4553/2432/10
f 4547/2449/7 4549/2450/7 4551/2451/7 4548/2452/7
f 4550/2453/1 4555/2434/1 4557/2436/1 4551/2451/1
f 4556/2435/3 4554/2454/3 4553/2455/3 4557/2436/3
f 4564/2443/15 4552/2431/15 4554/2433/15 4565/2444/15
f 4555/2434/25 4567/2446/25 4569/2448/25 4556/2435/25
f 4568/2447/216 4566/2445/216 4565/2444/216 4569/2448/216
f 4558/2437/16 4564/2443/16 4566/2445/16 4559/2438/16
f 4567/2446/6 4561/2440/6 4563/2442/6 4568/2447/6
f 4562/2441/18 4560/2439/18 4559/2438/18 4563/2442/18
f 4546/2425/4 4558/2437/4 4560/2439/4 4547/2426/4
f 4561/2440/9 4550/2429/9 4549/2428/9 4562/2441/9
f 4552/2431/21 4564/2443/21 4558/2437/21 4546/2425/21
f 4548/2452/17 4551/2451/17 4557/2436/17 4553/2455/17
f 4560/2439/2 4562/2441/2 4549/2428/2 4547/2456/2
f 4567/2446/13 4555/2457/13 4550/2458/13 4561/2440/13
f 4554/2454/22 4556/2435/22 4569/2448/22 4565/2444/22
f 4566/2445/11 4568/2447/11 4563/2442/11 4559/2438/11
f 4632/2641/521 4633/2642/521 4635/2491/521 4634/2596/521
f 4340/2643/558 4343/2644/558 4345/2645/558 4344/2646/558 4317/2647/558 4316/2648/558 4315/2649/558 4341/2650/558 4342/834/558
f 4669/1168/559 4671/2651/559 4672/2573/559 4666/1676/559
f 4673/2652/347 4671/2358/347 4669/2359/347 4670/2613/347
f 4307/2653/560 4305/2654/560 4304/2655/560 4301/2526/560 4302/2525/560
f 4600/2656/235 4601/1021/235 4604/2595/235 4602/2490/235
f 3276/1713/561 3283/1712/561 3284/1711/561 3277/1756/561 3278/1755/561 3329/1703/561 3268/1702/561 3267/1687/561 3270/1727/561 3275/1714/561
f 4592/2657/524 4593/2658/524 4595/2223/524 4594/2548/524
f 4282/1056/562 4312/2659/562 4306/2607/562 4303/2606/562 4300/431/562 4296/1213/562 4291/1808/562 4289/2660/562 4287/1053/562 4284/2661/562
f 4587/2662/315 4586/2663/315 4583/2664/315 4584/2665/315 4589/2666/315 4590/2667/315 4588/2668/315 4585/2669/315
f 3950/2299/563 3952/2089/563 3956/2233/563 3954/2241/563
f 4619/2224/534 4620/2502/534 4622/829/534 4621/2556/534
f 2478/424/22 2477/427/22 2473/1852/22 2474/1081/22
f 4647/2226/564 4648/2670/564 4651/2502/564 4649/2671/564
f 4336/2672/524 4335/2673/524 4333/2602/524 4334/2601/524
f 4689/1643/565 4686/1642/565 4688/834/565 4687/1127/565 4684/2674/565 4685/2549/565 4690/1638/565 4691/831/565
f 4324/2675/566 4323/1750/566 4321/2614/566 4320/2596/566 4322/2486/566
f 4674/2676/548 4677/2677/548 4679/1670/548 4678/2678/548 4681/2679/548 4680/2680/548 4675/2681/548 4676/2542/548
f 4408/2588/567 4406/2587/567 4404/2682/567 4405/2549/567 4409/2683/567
f 3215/1637/22 3211/1573/22 3212/1575/22 3216/1633/22
f 4685/2549/534 4684/2674/534 4682/2526/534 4683/2684/534
f 3323/1683/568 3322/1684/568 3326/1685/568 3327/1734/568
f 4322/2486/521 4320/2596/521 4318/2517/521 4319/2516/521
f 4624/530/569 4625/2685/569 4600/2497/569 4602/36/569 4603/531/569
f 4311/2513/570 4308/2512/570 4310/834/570 4309/2511/570 4305/2654/570 4307/2653/570 4306/2686/570 4312/2508/570 4313/831/570
f 4329/2604/315 4328/2603/315 4325/2562/315 4326/1668/315 4331/2600/315 4332/2547/315 4330/2599/315 4327/2598/315
f 4362/2524/535 4361/2564/535 4365/2227/535 4363/2226/535 4358/2543/535 4359/2561/535 4357/2560/535 4360/2559/535
f 2066/53/72 2060/190/72 2058/177/72 2057/86/72 2055/521/72 2062/522/72 2065/85/72 2064/248/72
f 4285/2687/571 4281/1055/571 4282/1056/571 4284/2661/571
f 4637/2360/522 4636/2359/522 4634/2596/522 4635/2491/522
f 4633/2642/235 4632/2641/235 4630/2656/235 4631/1021/235
f 4644/2688/572 4640/2689/572 4643/2662/572 4642/2663/572 4641/2690/572 4638/2358/572 4639/1748/572 4645/2691/572 4646/2667/572
f 4585/2669/573 4588/2668/573 4590/2667/573 4589/2666/573 4593/2658/573 4592/2657/573 4591/2692/573 4586/2663/573 4587/2662/573
f 4608/1751/522 4607/1750/522 4605/2596/522 4606/2491/522
f 3352/1711/574 3357/1710/574 3361/1732/574 3363/239/574 3386/238/574 3399/1682/574
f 4316/2497/575 4318/2693/575 4320/2694/575 4321/1676/575 4314/1675/575 4315/2592/575
f 4326/1668/347 4325/2562/347 4323/1750/347 4324/2675/347
f 4355/1677/576 4358/527/576 4363/528/576 4364/2494/576 4354/2498/576
f 4400/2602/535 4395/2543/535 4396/2542/535 4394/2541/535 4397/2540/535 4399/2547/535 4398/2546/535 4401/2609/535
f 4646/2667/535 4645/2691/535 4648/2670/535 4647/2226/535 4642/2663/535 4643/2662/535 4640/2689/535 4644/2688/535
f 4038/621/577 4039/463/577 4035/2695/577 4034/2696/577
f 4027/2256/468 4026/2255/468 4024/2243/468 4025/2242/468
f 4289/2697/522 4288/2698/522 4286/2487/522 4287/2610/522
f 4291/1668/347 4290/1667/347 4288/2698/347 4289/2697/347
f 3448/2038/21 3446/1819/21 3442/2699/21 3444/2700/21
f 4680/2680/524 4681/2679/524 4683/2684/524 4682/2526/524
f 4653/829/560 4652/2618/560 4650/2701/560 4649/2671/560 4651/2502/560
f 4292/1672/573 4295/1671/573 4297/1670/573 4296/1669/573 4300/2528/573 4299/2527/573 4298/2702/573 4293/1666/573 4294/1665/573
f 4391/2567/522 4389/1750/522 4386/2487/522 4387/2532/522
f 4584/2665/544 4583/2664/544 4582/2703/544 4580/2576/544 4581/2575/544
f 4339/2704/578 4338/2705/578 4337/2706/578 4335/2673/578 4336/2672/578
f 4405/2549/534 4404/2682/534 4402/2526/534 4403/2608/534
f 4676/2542/579 4675/2681/579 4672/2707/579 4671/2358/579 4673/2652/579 4678/2678/579 4679/1670/579 4677/2677/579 4674/2676/579
f 4382/2594/580 4381/2708/580 4380/2709/580 4385/1018/580 4383/2484/580 4377/2710/580 4378/2585/580 4376/2584/580 4379/2590/580
f 3684/652/364 3685/1614/364 3682/1766/364 3683/1767/364 3680/1768/364 3675/1769/364 3677/1770/364 3676/653/364
f 4725/583/581 4729/502/581 4731/495/581 4727/2711/581
f 4713/573/159 4709/2037/159 4708/2712/159 4712/65/159
f 4342/834/218 4341/2650/218 4338/2705/218 4339/2704/218 4344/2646/218 4345/2645/218 4343/2644/218 4340/2643/218
f 4694/63/582 4698/2031/582 4696/2030/582 4692/2713/582
f 4716/2714/583 4720/1590/583 4721/2715/583 4717/2716/583
f 4724/2717/584 4728/503/584 4729/502/584 4725/2718/584
f 3068/382/585 3066/381/585 3065/152/585
f 4738/2719/586 4736/640/586 4732/2720/586 4734/575/586
f 1742/270/53 1748/394/53 1746/341/53 1745/76/53 1743/644/53 1738/643/53 1741/475/53 1740/391/53
f 2891/1565/587 2892/371/587 2887/262/587 2888/1580/587 2885/384/587
f 119/150/588 123/149/588 111/216/588 113/285/588 107/60/588 118/201/588
f 4741/2721/285 4743/1577/285 4742/1578/285 4740/2098/285
f 4740/639/589 4744/259/589 4745/267/589 4741/2009/589
f 3038/146/590 3039/145/590 3040/262/590
f 877/160/591 883/161/591 881/100/591 882/473/591 889/474/591 888/393/591 886/159/591 885/76/591 878/475/591 876/391/591
f 2862/1457/282 2863/1456/282 2872/357/282 2870/256/282 2869/255/282
f 988/294/58 989/283/58 975/262/58 977/295/58 973/296/58 969/297/58 971/298/58 970/299/58
f 2964/358/293 2965/269/293 2973/357/293 2971/641/293 2970/1566/293
f 2982/1632/592 2985/361/592 2986/255/592
f 3296/1699/593 3291/1524/593 3285/1531/593 3279/1258/593 3272/1264/593 3271/1861/593 3328/1860/593 3313/1705/593
f 1896/190/44 1884/135/44 1882/206/44 1881/508/44 1879/509/44 1892/209/44 1895/372/44 1894/177/44
f 2177/190/129 2166/112/129 2167/523/129 2165/206/129 2164/207/129 2163/208/129 2173/209/129 2176/388/129 2175/177/129
f 3050/244/51 3051/145/51 3052/262/51
f 3084/1601/181 3083/1566/181 3077/152/181 3078/157/181 3079/268/181
f 3196/1612/13 3194/1576/13 3198/1594/13 3200/1611/13
f 3109/374/594 3112/491/594 3110/498/594
f 4719/2722/13 4717/1028/13 4721/2715/13 4723/1812/13
f 4702/2380/595 4700/2723/595 4701/131/595 4703/2379/595
f 1230/113/2 1240/114/2 1241/115/2 1231/112/2
f 2889/358/282 2890/156/282 2896/357/282 2894/641/282 2893/369/282
f 3014/244/590 3015/145/590 3016/262/590
f 2956/512/510 2954/645/510 2953/1565/510
f 871/283/11 870/294/11 872/304/11 873/305/11
f 4747/264/589 4745/267/589 4744/259/589 4746/258/589
f 3246/1594/13 3248/1600/13 3244/1612/13 3242/1576/13
f 4738/2719/596 4734/1476/596 4735/1479/596 4739/2724/596
f 2084/190/44 2072/135/44 2070/206/44 2069/207/44 2067/509/44 2080/209/44 2083/372/44 2082/177/44
f 4726/2725/597 4730/492/597 4728/503/597 4724/2726/597
f 1787/389/21 1788/274/21 1789/107/21 1793/110/21 1794/111/21 1795/275/21 1805/126/21 1806/54/21 1807/279/21 1799/86/21 1800/211/21 1801/210/21
f 1008/105/147 1009/150/147 997/262/147 999/343/147 993/384/147
f 2988/384/301 2991/1580/301 2989/147/301
f 891/150/62 890/105/62 893/104/62 895/124/62 894/252/62
f 1990/190/44 1978/135/44 1976/206/44 1975/508/44 1973/524/44 1986/525/44 1989/178/44 1988/177/44
f 2989/490/598 2991/491/598 2990/155/598 2995/156/598 2996/382/598 2993/152/598 2992/2727/598
f 4720/1590/583 4722/1589/583 4723/1812/583 4721/2715/583
f 4726/493/599 4724/2728/599 4725/2729/599 4727/494/599
f 4735/2730/600 4733/1984/600 4737/637/600 4739/2724/600
f 1322/99/103 1323/100/103 1330/120/103 1331/45/103 1325/47/103
f 1810/373/601 1811/166/601 1815/110/601 1816/111/601 1817/168/601 1827/171/601 1828/248/601 1829/85/601 1821/86/601 1822/177/601 1823/372/601
f 916/105/11 918/104/11 919/252/11 917/150/11
f 3085/374/311 3086/375/311 3090/376/311 3088/377/311 3087/1626/311
f 3045/1588/11 3047/369/11 3048/370/11 3046/489/11
f 4736/640/602 4738/2719/602 4739/2724/602 4737/637/602
f 4707/264/603 4705/355/603 4704/259/603 4706/2007/603
f 825/305/61 824/280/61 815/75/61 816/74/61 813/307/61 818/308/61 820/73/61 819/392/61
f 3191/1486/289 3192/1623/289 3189/1527/289 3190/512/289 3187/514/289
f 23/17/216 21/28/216 20/32/216 24/34/216
