# Blender 5.2.2 LTS
# www.blender.org
o LaserLynx
v -1.903178 0.554779 1.408757
v -1.924726 0.604317 1.453364
v -1.947785 0.604317 1.387210
v -1.924726 2.344970 1.453364
v -1.903178 2.394508 1.408757
v -1.947785 2.344970 1.387210
v -0.764936 0.554779 -0.947583
v -0.809543 0.604317 -0.969131
v -0.743389 0.604317 -0.992190
v -0.764936 2.394508 -0.947583
v -0.743389 2.344970 -0.992190
v -0.809543 2.344970 -0.969131
v 0.002320 0.554779 2.329218
v 0.046926 0.604317 2.350765
v -0.019228 0.604317 2.373825
v 0.002320 2.394508 2.329218
v -0.019228 2.344970 2.373825
v 0.046926 2.344970 2.350765
v 1.140562 0.554779 -0.027123
v 1.162109 0.604317 -0.071730
v 1.185168 0.604317 -0.005575
v 1.140562 2.394508 -0.027123
v 1.185168 2.344970 -0.005575
v 1.162109 2.344970 -0.071730
v 0.262354 0.598619 1.974618
v 0.257148 0.615964 1.976433
v 0.266388 0.594721 1.957305
v 0.276276 0.852502 1.985672
v 0.262354 0.848604 1.974618
v 0.371088 0.598619 1.749520
v 0.388401 0.594721 1.753555
v 0.371088 0.848604 1.749520
v 0.340927 0.598619 2.012574
v 0.323614 0.852502 2.008539
v 0.340927 0.848604 2.012574
v 0.449662 0.598619 1.787476
v 0.454868 0.615964 1.785661
v 0.445628 0.852502 1.804789
v 0.449662 0.848604 1.787476
v 0.435740 0.852502 1.776422
v 0.285515 1.086610 1.966545
v 0.276276 1.095409 1.985672
v 0.262354 1.099307 1.974618
v 0.266388 1.095409 1.957305
v 0.285515 1.361988 1.966545
v 0.262354 1.349291 1.974618
v 0.266388 1.353190 1.957305
v 0.257148 1.331947 1.976433
v 0.379162 1.086610 1.772682
v 0.360034 1.095409 1.763442
v 0.371088 1.099307 1.749520
v 0.388401 1.095409 1.753555
v 0.379162 1.361988 1.772682
v 0.371088 1.349291 1.749520
v 0.369274 1.331947 1.744315
v 0.360034 1.353190 1.763442
v 0.340927 1.099307 2.012574
v 0.340927 1.349291 2.012574
v 0.449662 1.099307 1.787476
v 0.449662 1.349291 1.787476
v 0.285515 1.587298 1.966545
v 0.262354 1.599995 1.974618
v 0.257148 1.617339 1.976433
v 0.266388 1.596097 1.957305
v 0.285515 1.862676 1.966545
v 0.276276 1.853877 1.985672
v 0.262354 1.849979 1.974618
v 0.266388 1.853877 1.957305
v 0.379162 1.587298 1.772682
v 0.360034 1.596097 1.763442
v 0.371088 1.599995 1.749520
v 0.369274 1.617339 1.744315
v 0.379162 1.862676 1.772682
v 0.388401 1.853877 1.753555
v 0.371088 1.849979 1.749520
v 0.360034 1.853877 1.763442
v 0.340927 1.599995 2.012574
v 0.340927 1.849979 2.012574
v 0.449662 1.599995 1.787476
v 0.449662 1.849979 1.787476
v 0.285515 2.087986 1.966545
v 0.262354 2.100682 1.974618
v 0.257148 2.118027 1.976433
v 0.266388 2.096784 1.957305
v 0.285515 2.363364 1.966545
v 0.276276 2.354565 1.985672
v 0.262354 2.350667 1.974618
v 0.266388 2.354565 1.957305
v 0.379162 2.087986 1.772682
v 0.360034 2.096784 1.763442
v 0.371088 2.100682 1.749520
v 0.369274 2.118027 1.744315
v 0.379162 2.363364 1.772682
v 0.388401 2.354565 1.753555
v 0.371088 2.350667 1.749520
v 0.360034 2.354565 1.763442
v 0.340927 2.100682 2.012574
v 0.340927 2.350667 2.012574
v 0.449662 2.100682 1.787476
v 0.449662 2.350667 1.787476
v 0.503297 0.585922 1.515702
v 0.480136 0.598619 1.523775
v 0.474930 0.615964 1.525590
v 0.484170 0.594721 1.506462
v 0.503297 0.861301 1.515702
v 0.494058 0.852502 1.534829
v 0.480136 0.848604 1.523775
v 0.484170 0.852502 1.506462
v 0.596944 0.585922 1.321839
v 0.577816 0.594721 1.312600
v 0.588870 0.598619 1.298678
v 0.587056 0.615964 1.293472
v 0.596944 0.861301 1.321839
v 0.606183 0.852502 1.302712
v 0.588870 0.848604 1.298678
v 0.577816 0.852502 1.312600
v 0.558709 0.598619 1.561731
v 0.558709 0.848604 1.561731
v 0.667444 0.598619 1.336633
v 0.667444 0.848604 1.336633
v 0.503297 1.086610 1.515702
v 0.494058 1.095409 1.534829
v 0.480136 1.099307 1.523775
v 0.484170 1.095409 1.506462
v 0.503297 1.361988 1.515702
v 0.480136 1.349291 1.523775
v 0.484170 1.353190 1.506462
v 0.474930 1.331947 1.525590
v 0.596944 1.086610 1.321839
v 0.577816 1.095409 1.312600
v 0.588870 1.099307 1.298678
v 0.606183 1.095409 1.302712
v 0.596944 1.361988 1.321839
v 0.588870 1.349291 1.298678
v 0.587056 1.331947 1.293472
v 0.577816 1.353190 1.312600
v 0.558709 1.099307 1.561731
v 0.558709 1.349291 1.561731
v 0.667444 1.099307 1.336633
v 0.667444 1.349291 1.336633
v 0.503297 1.587298 1.515702
v 0.480136 1.599995 1.523775
v 0.474930 1.617339 1.525590
v 0.484170 1.596097 1.506462
v 0.494058 1.853877 1.534829
v 0.480136 1.849979 1.523775
v 0.484170 1.853877 1.506462
v 0.596944 1.587298 1.321839
v 0.577816 1.596097 1.312600
v 0.588870 1.599995 1.298678
v 0.587056 1.617339 1.293472
v 0.606183 1.853877 1.302712
v 0.588870 1.849979 1.298678
v 0.558709 1.599995 1.561731
v 0.558709 1.849979 1.561731
v 0.667444 1.599995 1.336633
v 0.667444 1.849979 1.336633
v 0.503297 2.087986 1.515702
v 0.480136 2.100682 1.523775
v 0.474930 2.118027 1.525590
v 0.484170 2.096784 1.506462
v 0.494058 2.354565 1.534829
v 0.480136 2.350667 1.523775
v 0.596944 2.087986 1.321839
v 0.577816 2.096784 1.312600
v 0.588870 2.100682 1.298678
v 0.587056 2.118027 1.293472
v 0.606183 2.354565 1.302712
v 0.588870 2.350667 1.298678
v 0.558709 2.100682 1.561731
v 0.541396 2.354565 1.557696
v 0.558709 2.350667 1.561731
v 0.667444 2.100682 1.336633
v 0.663410 2.354565 1.353946
v 0.667444 2.350667 1.336633
v 0.721079 0.585922 1.064859
v 0.697917 0.598619 1.072932
v 0.692712 0.615964 1.074747
v 0.701952 0.594721 1.055619
v 0.721079 0.861301 1.064859
v 0.711840 0.852502 1.083987
v 0.697917 0.848604 1.072932
v 0.701952 0.852502 1.055619
v 0.814726 0.585922 0.870997
v 0.795598 0.594721 0.861757
v 0.806652 0.598619 0.847835
v 0.804837 0.615964 0.842629
v 0.814726 0.861301 0.870997
v 0.823965 0.852502 0.851869
v 0.806652 0.848604 0.847835
v 0.795598 0.852502 0.861757
v 0.776491 0.598619 1.110888
v 0.776491 0.848604 1.110888
v 0.885226 0.598619 0.885790
v 0.885226 0.848604 0.885790
v 0.721079 1.086610 1.064859
v 0.711840 1.095409 1.083987
v 0.697917 1.099307 1.072932
v 0.701952 1.095409 1.055619
v 0.721079 1.361988 1.064859
v 0.697917 1.349291 1.072932
v 0.701952 1.353190 1.055619
v 0.692712 1.331947 1.074747
v 0.814726 1.086610 0.870997
v 0.795598 1.095409 0.861757
v 0.806652 1.099307 0.847835
v 0.823965 1.095409 0.851869
v 0.814726 1.361988 0.870997
v 0.806652 1.349291 0.847835
v 0.804837 1.331947 0.842629
v 0.795598 1.353190 0.861757
v 0.776491 1.099307 1.110888
v 0.776491 1.349291 1.110888
v 0.885226 1.099307 0.885790
v 0.885226 1.349291 0.885790
v 0.721079 1.587298 1.064859
v 0.697917 1.599995 1.072932
v 0.692712 1.617339 1.074747
v 0.701952 1.596097 1.055619
v 0.721079 1.862676 1.064859
v 0.711840 1.853877 1.083987
v 0.697917 1.849979 1.072932
v 0.701952 1.853877 1.055619
v 0.814726 1.587298 0.870997
v 0.795598 1.596097 0.861757
v 0.806652 1.599995 0.847835
v 0.814726 1.862676 0.870997
v 0.806652 1.849979 0.847835
v 0.795598 1.853877 0.861757
v 0.776491 1.599995 1.110888
v 0.776491 1.849979 1.110888
v 0.885226 1.599995 0.885790
v 0.890431 1.617339 0.883976
v 0.885226 1.849979 0.885790
v 0.871304 1.853877 0.874736
v 0.721079 2.087986 1.064859
v 0.697917 2.100682 1.072932
v 0.692712 2.118027 1.074747
v 0.701952 2.096784 1.055619
v 0.721079 2.363364 1.064859
v 0.711840 2.354565 1.083987
v 0.697917 2.350667 1.072932
v 0.701952 2.354565 1.055619
v 0.814726 2.087986 0.870997
v 0.795598 2.096784 0.861757
v 0.806652 2.100682 0.847835
v 0.804837 2.118027 0.842629
v 0.814726 2.363364 0.870997
v 0.823965 2.354565 0.851869
v 0.806652 2.350667 0.847835
v 0.795598 2.354565 0.861757
v 0.776491 2.100682 1.110888
v 0.776491 2.350667 1.110888
v 0.885226 2.100682 0.885790
v 0.885226 2.350667 0.885790
v 0.929622 0.594721 0.633144
v 0.915699 0.598619 0.622090
v 0.938861 0.861301 0.614016
v 0.915699 0.848604 0.622090
v 0.919733 0.852502 0.604776
v 1.013380 0.594721 0.410914
v 1.024434 0.598619 0.396992
v 1.022619 0.615964 0.391786
v 1.032507 0.861301 0.420154
v 1.041747 0.852502 0.401026
v 1.024434 0.848604 0.396992
v 1.013380 0.852502 0.410914
v 0.994273 0.598619 0.660045
v 0.996088 0.615964 0.665251
v 0.976960 0.852502 0.656011
v 0.994273 0.848604 0.660045
v 1.103008 0.598619 0.434947
v 1.103008 0.848604 0.434947
v 0.929622 1.095409 0.633144
v 0.915699 1.099307 0.622090
v 0.938861 1.361988 0.614016
v 0.915699 1.349291 0.622090
v 0.919733 1.353190 0.604776
v 0.910494 1.331947 0.623904
v 1.024434 1.099307 0.396992
v 1.022619 1.116651 0.391786
v 1.032507 1.361988 0.420154
v 1.041747 1.353190 0.401026
v 1.024434 1.349291 0.396992
v 1.013380 1.353190 0.410914
v 1.005327 1.095409 0.646123
v 0.994273 1.099307 0.660045
v 0.994273 1.349291 0.660045
v 1.089086 1.095409 0.423893
v 1.103008 1.099307 0.434947
v 1.103008 1.349291 0.434947
v 0.915699 1.599995 0.622090
v 0.938861 1.862676 0.614016
v 0.915699 1.849979 0.622090
v 0.919733 1.853877 0.604776
v 1.024434 1.599995 0.396992
v 1.022619 1.617339 0.391786
v 1.032507 1.862676 0.420154
v 1.041747 1.853877 0.401026
v 1.024434 1.849979 0.396992
v 1.013380 1.853877 0.410914
v 1.005327 1.596097 0.646123
v 0.994273 1.599995 0.660045
v 0.996088 1.617339 0.665251
v 0.976960 1.853877 0.656011
v 0.994273 1.849979 0.660045
v 1.089086 1.596097 0.423893
v 1.103008 1.599995 0.434947
v 1.103008 1.849979 0.434947
v 0.929622 2.096784 0.633144
v 0.915699 2.100682 0.622090
v 0.938861 2.363364 0.614016
v 0.915699 2.350667 0.622090
v 0.919733 2.354565 0.604776
v 1.013380 2.096784 0.410914
v 1.024434 2.100682 0.396992
v 1.022619 2.118027 0.391786
v 1.032507 2.363364 0.420154
v 1.041747 2.354565 0.401026
v 1.024434 2.350667 0.396992
v 1.013380 2.354565 0.410914
v 0.994273 2.100682 0.660045
v 0.996088 2.118027 0.665251
v 0.976960 2.354565 0.656011
v 0.994273 2.350667 0.660045
v 1.103008 2.100682 0.434947
v 1.103008 2.350667 0.434947
v -1.842463 0.585922 0.938614
v -1.865625 0.598619 0.946688
v -1.870830 0.615964 0.948502
v -1.861590 0.594721 0.929374
v -1.842463 0.861301 0.938614
v -1.851702 0.852502 0.957742
v -1.865625 0.848604 0.946688
v -1.861590 0.852502 0.929374
v -1.748816 0.585922 0.744751
v -1.767944 0.594721 0.735512
v -1.756890 0.598619 0.721590
v -1.758704 0.615964 0.716384
v -1.748816 0.861301 0.744751
v -1.739577 0.852502 0.725624
v -1.756890 0.848604 0.721590
v -1.767944 0.852502 0.735512
v -1.787051 0.598619 0.984643
v -1.787051 0.848604 0.984643
v -1.678316 0.598619 0.759545
v -1.678316 0.848604 0.759545
v -1.865625 1.099307 0.946688
v -1.842463 1.361988 0.938614
v -1.865625 1.349291 0.946688
v -1.861590 1.353190 0.929374
v -1.756890 1.099307 0.721590
v -1.739577 1.095409 0.725624
v -1.748816 1.361988 0.744751
v -1.756890 1.349291 0.721590
v -1.758704 1.331947 0.716384
v -1.767944 1.353190 0.735512
v -1.775996 1.095409 0.970721
v -1.787051 1.099307 0.984643
v -1.785236 1.116651 0.989849
v -1.804364 1.353190 0.980609
v -1.787051 1.349291 0.984643
v -1.692238 1.095409 0.748491
v -1.678316 1.099307 0.759545
v -1.678316 1.349291 0.759545
v -1.842463 1.587298 0.938614
v -1.865625 1.599995 0.946688
v -1.870830 1.617339 0.948502
v -1.861590 1.596097 0.929374
v -1.842463 1.862676 0.938614
v -1.851702 1.853877 0.957742
v -1.865625 1.849979 0.946688
v -1.861590 1.853877 0.929374
v -1.748816 1.587298 0.744751
v -1.767944 1.596097 0.735512
v -1.756890 1.599995 0.721590
v -1.758704 1.617339 0.716384
v -1.748816 1.862676 0.744751
v -1.739577 1.853877 0.725624
v -1.756890 1.849979 0.721590
v -1.767944 1.853877 0.735512
v -1.787051 1.599995 0.984643
v -1.787051 1.849979 0.984643
v -1.678316 1.599995 0.759545
v -1.678316 1.849979 0.759545
v -1.842463 2.087986 0.938614
v -1.865625 2.100682 0.946688
v -1.870830 2.118027 0.948502
v -1.861590 2.096784 0.929374
v -1.842463 2.363364 0.938614
v -1.851702 2.354565 0.957742
v -1.865625 2.350667 0.946688
v -1.861590 2.354565 0.929374
v -1.748816 2.087986 0.744751
v -1.767944 2.096784 0.735512
v -1.756890 2.100682 0.721590
v -1.758704 2.118027 0.716384
v -1.748816 2.363364 0.744751
v -1.739577 2.354565 0.725624
v -1.756890 2.350667 0.721590
v -1.767944 2.354565 0.735512
v -1.787051 2.100682 0.984643
v -1.787051 2.350667 0.984643
v -1.678316 2.100682 0.759545
v -1.678316 2.350667 0.759545
v -1.624681 0.585922 0.487771
v -1.647843 0.598619 0.495845
v -1.653048 0.615964 0.497659
v -1.643808 0.594721 0.478531
v -1.624681 0.861301 0.487771
v -1.633920 0.852502 0.506899
v -1.647843 0.848604 0.495845
v -1.643808 0.852502 0.478531
v -1.531035 0.585922 0.293909
v -1.550162 0.594721 0.284669
v -1.539108 0.598619 0.270747
v -1.540923 0.615964 0.265541
v -1.531035 0.861301 0.293909
v -1.521795 0.852502 0.274781
v -1.539108 0.848604 0.270747
v -1.550162 0.852502 0.284669
v -1.569269 0.598619 0.533800
v -1.569269 0.848604 0.533800
v -1.460534 0.598619 0.308702
v -1.460534 0.848604 0.308702
v -1.624681 1.086610 0.487771
v -1.633920 1.095409 0.506899
v -1.647843 1.099307 0.495845
v -1.643808 1.095409 0.478531
v -1.624681 1.361988 0.487771
v -1.647843 1.349291 0.495845
v -1.643808 1.353190 0.478531
v -1.653048 1.331947 0.497659
v -1.531035 1.086610 0.293909
v -1.550162 1.095409 0.284669
v -1.539108 1.099307 0.270747
v -1.540923 1.116651 0.265541
v -1.531035 1.361988 0.293909
v -1.521795 1.353190 0.274781
v -1.539108 1.349291 0.270747
v -1.550162 1.353190 0.284669
v -1.569269 1.099307 0.533800
v -1.569269 1.349291 0.533800
v -1.460534 1.099307 0.308702
v -1.460534 1.349291 0.308702
v -1.647843 1.599995 0.495845
v -1.653048 1.617339 0.497659
v -1.633920 1.853877 0.506899
v -1.647843 1.849979 0.495845
v -1.539108 1.599995 0.270747
v -1.540923 1.617339 0.265541
v -1.521795 1.853877 0.274781
v -1.539108 1.849979 0.270747
v -1.558214 1.596097 0.519878
v -1.569269 1.599995 0.533800
v -1.586582 1.853877 0.529766
v -1.569269 1.849979 0.533800
v -1.474457 1.596097 0.297648
v -1.460534 1.599995 0.308702
v -1.464568 1.853877 0.326016
v -1.460534 1.849979 0.308702
v -1.624681 2.087986 0.487771
v -1.647843 2.100682 0.495845
v -1.653048 2.118027 0.497659
v -1.643808 2.096784 0.478531
v -1.624681 2.363364 0.487771
v -1.633920 2.354565 0.506899
v -1.647843 2.350667 0.495845
v -1.643808 2.354565 0.478531
v -1.531035 2.087986 0.293909
v -1.550162 2.096784 0.284669
v -1.539108 2.100682 0.270747
v -1.540923 2.118027 0.265541
v -1.531035 2.363364 0.293909
v -1.521795 2.354565 0.274781
v -1.539108 2.350667 0.270747
v -1.550162 2.354565 0.284669
v -1.569269 2.100682 0.533800
v -1.569269 2.350667 0.533800
v -1.460534 2.100682 0.308702
v -1.460534 2.350667 0.308702
v -1.406899 0.585922 0.036928
v -1.430061 0.598619 0.045002
v -1.435266 0.615964 0.046816
v -1.426027 0.594721 0.027689
v -1.406899 0.861301 0.036928
v -1.416139 0.852502 0.056056
v -1.430061 0.848604 0.045002
v -1.426027 0.852502 0.027689
v -1.313253 0.585922 -0.156934
v -1.332380 0.594721 -0.166174
v -1.321326 0.598619 -0.180096
v -1.323141 0.615964 -0.185301
v -1.313253 0.861301 -0.156934
v -1.304013 0.852502 -0.176062
v -1.321326 0.848604 -0.180096
v -1.332380 0.852502 -0.166174
v -1.351487 0.598619 0.082957
v -1.351487 0.848604 0.082957
v -1.242752 0.598619 -0.142140
v -1.242752 0.848604 -0.142140
v -1.406899 1.086610 0.036928
v -1.416139 1.095409 0.056056
v -1.430061 1.099307 0.045002
v -1.426027 1.095409 0.027689
v -1.406899 1.361988 0.036928
v -1.430061 1.349291 0.045002
v -1.426027 1.353190 0.027689
v -1.435266 1.331947 0.046816
v -1.313253 1.086610 -0.156934
v -1.332380 1.095409 -0.166174
v -1.321326 1.099307 -0.180096
v -1.313253 1.361988 -0.156934
v -1.321326 1.349291 -0.180096
v -1.332380 1.353190 -0.166174
v -1.351487 1.099307 0.082957
v -1.351487 1.349291 0.082957
v -1.242752 1.099307 -0.142140
v -1.237547 1.116651 -0.143955
v -1.242752 1.349291 -0.142140
v -1.256675 1.353190 -0.153195
v -1.406899 1.587298 0.036928
v -1.430061 1.599995 0.045002
v -1.435266 1.617339 0.046816
v -1.426027 1.596097 0.027689
v -1.406899 1.862676 0.036928
v -1.416139 1.853877 0.056056
v -1.430061 1.849979 0.045002
v -1.426027 1.853877 0.027689
v -1.313253 1.587298 -0.156934
v -1.332380 1.596097 -0.166174
v -1.321326 1.599995 -0.180096
v -1.323141 1.617339 -0.185301
v -1.313253 1.862676 -0.156934
v -1.304013 1.853877 -0.176062
v -1.321326 1.849979 -0.180096
v -1.332380 1.853877 -0.166174
v -1.351487 1.599995 0.082957
v -1.351487 1.849979 0.082957
v -1.242752 1.599995 -0.142140
v -1.242752 1.849979 -0.142140
v -1.406899 2.087986 0.036928
v -1.430061 2.100682 0.045002
v -1.435266 2.118027 0.046816
v -1.426027 2.096784 0.027689
v -1.406899 2.363364 0.036928
v -1.416139 2.354565 0.056056
v -1.430061 2.350667 0.045002
v -1.426027 2.354565 0.027689
v -1.313253 2.087986 -0.156934
v -1.332380 2.096784 -0.166174
v -1.321326 2.100682 -0.180096
v -1.323141 2.118027 -0.185301
v -1.313253 2.363364 -0.156934
v -1.304013 2.354565 -0.176062
v -1.321326 2.350667 -0.180096
v -1.332380 2.354565 -0.166174
v -1.351487 2.100682 0.082957
v -1.351487 2.350667 0.082957
v -1.242752 2.100682 -0.142140
v -1.242752 2.350667 -0.142140
v -1.198357 0.594721 -0.394787
v -1.212279 0.598619 -0.405841
v -1.189117 0.861301 -0.413914
v -1.212279 0.848604 -0.405841
v -1.208245 0.852502 -0.423154
v -1.114599 0.594721 -0.617017
v -1.103544 0.598619 -0.630939
v -1.105359 0.615964 -0.636144
v -1.095471 0.861301 -0.607777
v -1.086231 0.852502 -0.626905
v -1.103544 0.848604 -0.630939
v -1.114599 0.852502 -0.617017
v -1.133705 0.598619 -0.367886
v -1.131891 0.615964 -0.362680
v -1.151018 0.852502 -0.371920
v -1.133705 0.848604 -0.367885
v -1.024970 0.598619 -0.592983
v -1.024970 0.848604 -0.592983
v -1.212279 1.099307 -0.405841
v -1.189117 1.361988 -0.413914
v -1.212279 1.349291 -0.405841
v -1.208245 1.353190 -0.423154
v -1.103544 1.099307 -0.630939
v -1.105359 1.116651 -0.636144
v -1.095471 1.361988 -0.607777
v -1.086231 1.353190 -0.626905
v -1.103544 1.349291 -0.630939
v -1.114599 1.353190 -0.617017
v -1.122651 1.095409 -0.381808
v -1.133705 1.099307 -0.367886
v -1.131891 1.116651 -0.362680
v -1.151018 1.353190 -0.371920
v -1.133705 1.349291 -0.367885
v -1.038893 1.095409 -0.604038
v -1.024970 1.099307 -0.592983
v -1.024970 1.349291 -0.592983
v -1.212279 1.599995 -0.405841
v -1.189117 1.862676 -0.413914
v -1.212279 1.849979 -0.405841
v -1.208245 1.853877 -0.423154
v -1.103544 1.599995 -0.630939
v -1.105359 1.617339 -0.636144
v -1.095471 1.862676 -0.607777
v -1.086231 1.853877 -0.626905
v -1.103544 1.849979 -0.630939
v -1.114599 1.853877 -0.617017
v -1.122651 1.596097 -0.381808
v -1.133705 1.599995 -0.367886
v -1.131891 1.617339 -0.362680
v -1.151018 1.853877 -0.371920
v -1.133705 1.849979 -0.367885
v -1.038893 1.596097 -0.604038
v -1.024970 1.599995 -0.592983
v -1.024970 1.849979 -0.592983
v -1.198357 2.096784 -0.394787
v -1.212279 2.100682 -0.405841
v -1.189117 2.363364 -0.413914
v -1.212279 2.350667 -0.405841
v -1.208245 2.354565 -0.423154
v -1.114599 2.096784 -0.617017
v -1.103544 2.100682 -0.630939
v -1.105359 2.118027 -0.636144
v -1.095471 2.363364 -0.607777
v -1.086231 2.354565 -0.626905
v -1.103544 2.350667 -0.630939
v -1.114599 2.354565 -0.617017
v -1.133705 2.100682 -0.367886
v -1.131891 2.118027 -0.362680
v -1.151018 2.354565 -0.371920
v -1.133705 2.350667 -0.367885
v -1.024970 2.100682 -0.592983
v -1.024970 2.350667 -0.592983
v -0.543081 0.585922 -0.948420
v -0.570132 0.615964 -0.961487
v -0.552321 0.594721 -0.929292
v -0.566243 0.598619 -0.940347
v -0.571449 0.615964 -0.938532
v -0.543081 0.861301 -0.948420
v -0.570132 0.831259 -0.961487
v -0.552321 0.852502 -0.929292
v -0.566243 0.848604 -0.940347
v -0.571449 0.831259 -0.938532
v -0.528288 0.598619 -1.018920
v -0.528288 0.848604 -1.018920
v -0.349219 0.585922 -0.854774
v -0.322168 0.615964 -0.841707
v -0.341145 0.598619 -0.831612
v -0.339331 0.615964 -0.826406
v -0.358458 0.594721 -0.835646
v -0.349219 0.861301 -0.854774
v -0.322168 0.831259 -0.841707
v -0.358458 0.852502 -0.835646
v -0.341145 0.848604 -0.831612
v -0.339331 0.831259 -0.826406
v -0.303190 0.598619 -0.910186
v -0.303190 0.848604 -0.910185
v -0.552321 1.095409 -0.929292
v -0.566243 1.099307 -0.940347
v -0.562209 1.095409 -0.957660
v -0.543081 1.361988 -0.948420
v -0.552321 1.353190 -0.929292
v -0.566243 1.349291 -0.940347
v -0.571449 1.331947 -0.938532
v -0.528288 1.099307 -1.018920
v -0.528288 1.349291 -1.018920
v -0.330091 1.095409 -0.845534
v -0.341145 1.099307 -0.831612
v -0.349219 1.361988 -0.854774
v -0.358458 1.353190 -0.835646
v -0.341145 1.349291 -0.831612
v -0.303190 1.099307 -0.910186
v -0.297984 1.116651 -0.912000
v -0.307224 1.353190 -0.892872
v -0.303190 1.349291 -0.910185
v -0.543081 1.587298 -0.948420
v -0.552321 1.596097 -0.929292
v -0.566243 1.599995 -0.940347
v -0.552321 1.853877 -0.929292
v -0.566243 1.849979 -0.940347
v -0.539342 1.596097 -1.004998
v -0.528288 1.599995 -1.018920
v -0.528288 1.849979 -1.018920
v -0.530102 1.832635 -1.024126
v -0.349219 1.587298 -0.854774
v -0.341145 1.599995 -0.831612
v -0.358458 1.596097 -0.835646
v -0.341145 1.849979 -0.831612
v -0.330091 1.853877 -0.845534
v -0.303190 1.599995 -0.910186
v -0.297984 1.617339 -0.912000
v -0.307224 1.853877 -0.892872
v -0.303190 1.849979 -0.910185
v -0.552321 2.096784 -0.929292
v -0.566243 2.100682 -0.940347
v -0.562209 2.096784 -0.957660
v -0.552321 2.354565 -0.929292
v -0.566243 2.350667 -0.940347
v -0.571449 2.333323 -0.938532
v -0.528288 2.100682 -1.018920
v -0.528288 2.350667 -1.018920
v -0.330091 2.096784 -0.845534
v -0.341145 2.100682 -0.831612
v -0.341145 2.350667 -0.831612
v -0.339331 2.333323 -0.826406
v -0.330091 2.354565 -0.845534
v -0.303190 2.100682 -0.910186
v -0.303190 2.350667 -0.910185
v -0.115400 0.598619 -0.722565
v -0.120606 0.615964 -0.720750
v -0.092238 0.861301 -0.730638
v -0.101478 0.852502 -0.711510
v -0.115400 0.848604 -0.722565
v -0.111366 0.852502 -0.739878
v -0.077445 0.598619 -0.801138
v -0.060132 0.594721 -0.797104
v -0.077445 0.848604 -0.801138
v 0.128675 0.615964 -0.623925
v 0.109698 0.598619 -0.613830
v 0.111512 0.615964 -0.608624
v 0.101624 0.861301 -0.636992
v 0.128675 0.831259 -0.623925
v 0.092384 0.852502 -0.617864
v 0.109698 0.848604 -0.613830
v 0.111512 0.831259 -0.608624
v 0.147653 0.598619 -0.692404
v 0.143619 0.594721 -0.675090
v 0.147653 0.848604 -0.692404
v -0.092238 1.086610 -0.730638
v -0.101478 1.095409 -0.711510
v -0.115400 1.099307 -0.722565
v -0.092238 1.361988 -0.730638
v -0.101478 1.353190 -0.711510
v -0.115400 1.349291 -0.722565
v -0.077445 1.099307 -0.801138
v -0.079259 1.116651 -0.806344
v -0.077445 1.349291 -0.801138
v -0.088499 1.353190 -0.787216
v 0.101624 1.086610 -0.636992
v 0.128675 1.116651 -0.623925
v 0.109698 1.099307 -0.613830
v 0.111512 1.116651 -0.608624
v 0.092384 1.095409 -0.617864
v 0.101624 1.361988 -0.636992
v 0.128675 1.331947 -0.623925
v 0.092384 1.353190 -0.617864
v 0.109698 1.349291 -0.613830
v 0.111512 1.331947 -0.608624
v 0.147653 1.099307 -0.692404
v 0.147653 1.349291 -0.692404
v -0.092238 1.587298 -0.730638
v -0.101478 1.596097 -0.711510
v -0.115400 1.599995 -0.722565
v -0.120606 1.617339 -0.720750
v -0.092238 1.862676 -0.730638
v -0.101478 1.853877 -0.711510
v -0.115400 1.849979 -0.722565
v -0.111366 1.853877 -0.739878
v -0.077445 1.599995 -0.801138
v -0.077445 1.849979 -0.801138
v 0.101624 1.587298 -0.636992
v 0.109698 1.599995 -0.613830
v 0.111512 1.617339 -0.608624
v 0.092384 1.596097 -0.617864
v 0.101624 1.862676 -0.636992
v 0.092384 1.853877 -0.617864
v 0.109698 1.849979 -0.613830
v 0.120752 1.853877 -0.627752
v 0.147653 1.599995 -0.692404
v 0.147653 1.849979 -0.692404
v -0.092238 2.087986 -0.730638
v -0.101478 2.096784 -0.711510
v -0.115400 2.100682 -0.722565
v -0.111366 2.096784 -0.739878
v -0.092238 2.363364 -0.730638
v -0.101478 2.354565 -0.711510
v -0.115400 2.350667 -0.722565
v -0.120606 2.333323 -0.720750
v -0.077445 2.100682 -0.801138
v -0.077445 2.350667 -0.801138
v 0.101624 2.087986 -0.636992
v 0.128675 2.118027 -0.623925
v 0.109698 2.100682 -0.613830
v 0.111512 2.118027 -0.608624
v 0.092384 2.096784 -0.617864
v 0.101624 2.363364 -0.636992
v 0.128675 2.333323 -0.623925
v 0.092384 2.354565 -0.617864
v 0.109698 2.350667 -0.613830
v 0.111512 2.333323 -0.608624
v 0.147653 2.100682 -0.692404
v 0.147653 2.350667 -0.692404
v 0.358605 0.585922 -0.512856
v 0.331554 0.615964 -0.525923
v 0.349365 0.594721 -0.493728
v 0.335443 0.598619 -0.504783
v 0.330237 0.615964 -0.502968
v 0.358605 0.861301 -0.512856
v 0.331554 0.831259 -0.525923
v 0.349365 0.852502 -0.493728
v 0.335443 0.848604 -0.504783
v 0.330237 0.831259 -0.502968
v 0.373398 0.598619 -0.583356
v 0.373398 0.848604 -0.583356
v 0.552467 0.585922 -0.419210
v 0.560540 0.598619 -0.396048
v 0.562355 0.615964 -0.390842
v 0.543227 0.594721 -0.400082
v 0.552467 0.861301 -0.419210
v 0.543227 0.852502 -0.400082
v 0.560540 0.848604 -0.396048
v 0.571595 0.852502 -0.409970
v 0.598496 0.598619 -0.474622
v 0.598496 0.848604 -0.474622
v 0.358605 1.086610 -0.512856
v 0.349365 1.095409 -0.493728
v 0.335443 1.099307 -0.504783
v 0.358605 1.361988 -0.512856
v 0.349365 1.353190 -0.493728
v 0.335443 1.349291 -0.504783
v 0.373398 1.099307 -0.583356
v 0.371584 1.116651 -0.588562
v 0.373398 1.349291 -0.583356
v 0.362344 1.353190 -0.569434
v 0.552467 1.086610 -0.419210
v 0.560540 1.099307 -0.396048
v 0.562355 1.116651 -0.390842
v 0.543227 1.095409 -0.400082
v 0.552467 1.361988 -0.419210
v 0.543227 1.353190 -0.400082
v 0.560540 1.349291 -0.396048
v 0.571595 1.353190 -0.409970
v 0.598496 1.099307 -0.474622
v 0.598496 1.349291 -0.474622
v 0.358605 1.587298 -0.512856
v 0.349365 1.596097 -0.493728
v 0.335443 1.599995 -0.504783
v 0.330237 1.617339 -0.502968
v 0.358605 1.862676 -0.512856
v 0.349365 1.853877 -0.493728
v 0.335443 1.849979 -0.504783
v 0.339477 1.853877 -0.522096
v 0.373398 1.599995 -0.583356
v 0.373398 1.849979 -0.583356
v 0.552467 1.587298 -0.419210
v 0.560540 1.599995 -0.396048
v 0.562355 1.617339 -0.390842
v 0.543227 1.596097 -0.400082
v 0.552467 1.862676 -0.419210
v 0.543227 1.853877 -0.400082
v 0.560540 1.849979 -0.396048
v 0.571595 1.853877 -0.409970
v 0.598496 1.599995 -0.474622
v 0.598496 1.849979 -0.474622
v 0.358605 2.087986 -0.512856
v 0.331554 2.118027 -0.525923
v 0.349365 2.096784 -0.493728
v 0.335443 2.100682 -0.504783
v 0.330237 2.118027 -0.502968
v 0.331554 2.333323 -0.525923
v 0.335443 2.350667 -0.504783
v 0.330237 2.333323 -0.502968
v 0.373398 2.100682 -0.583356
v 0.373398 2.350667 -0.583356
v 0.362344 2.354565 -0.569434
v 0.552467 2.087986 -0.419210
v 0.560540 2.100682 -0.396048
v 0.543227 2.096784 -0.400082
v 0.560540 2.350667 -0.396048
v 0.598496 2.100682 -0.474622
v 0.594462 2.096784 -0.457309
v 0.598496 2.350667 -0.474622
v 0.603701 2.333323 -0.476436
v 0.584574 2.354565 -0.485676
v 0.809447 0.585922 -0.295074
v 0.800208 0.594721 -0.275947
v 0.786285 0.598619 -0.287001
v 0.781080 0.615964 -0.285186
v 0.786285 0.848604 -0.287001
v 0.790320 0.852502 -0.304314
v 0.824241 0.598619 -0.365574
v 0.824241 0.848604 -0.365574
v 1.003310 0.585922 -0.201428
v 1.022438 0.594721 -0.192188
v 1.011383 0.598619 -0.178266
v 0.994070 0.594721 -0.182300
v 0.994070 0.852502 -0.182300
v 1.011383 0.848604 -0.178266
v 1.013198 0.831259 -0.173061
v 1.049339 0.598619 -0.256840
v 1.049339 0.848604 -0.256840
v 0.809447 1.086610 -0.295074
v 0.800208 1.095409 -0.275947
v 0.786285 1.099307 -0.287001
v 0.781080 1.116651 -0.285186
v 0.809447 1.361988 -0.295074
v 0.800208 1.353190 -0.275947
v 0.786285 1.349291 -0.287001
v 0.790320 1.353190 -0.304314
v 0.824241 1.099307 -0.365574
v 0.824241 1.349291 -0.365574
v 1.003310 1.086610 -0.201428
v 1.011383 1.099307 -0.178266
v 1.013198 1.116651 -0.173061
v 0.994070 1.095409 -0.182300
v 1.003310 1.361988 -0.201428
v 0.994070 1.353190 -0.182300
v 1.011383 1.349291 -0.178266
v 1.022438 1.353190 -0.192188
v 1.049339 1.099307 -0.256840
v 1.049339 1.349291 -0.256840
v 0.786285 1.599995 -0.287001
v 0.790320 1.596097 -0.304314
v 0.809447 1.862676 -0.295074
v 0.800208 1.853877 -0.275947
v 0.786285 1.849979 -0.287001
v 0.824241 1.599995 -0.365574
v 0.822426 1.617339 -0.370780
v 0.824241 1.849979 -0.365574
v 0.813187 1.853877 -0.351652
v 1.011383 1.599995 -0.178266
v 1.013198 1.617339 -0.173061
v 0.994070 1.596097 -0.182300
v 1.003310 1.862676 -0.201428
v 0.994070 1.853877 -0.182300
v 1.011383 1.849979 -0.178266
v 1.022438 1.853877 -0.192188
v 1.049339 1.599995 -0.256840
v 1.049339 1.849979 -0.256840
v 0.809447 2.087986 -0.295074
v 0.782397 2.118027 -0.308141
v 0.800208 2.096784 -0.275947
v 0.786285 2.100682 -0.287001
v 0.781080 2.118027 -0.285186
v 0.782397 2.333323 -0.308141
v 0.786285 2.350667 -0.287001
v 0.781080 2.333323 -0.285186
v 0.824241 2.100682 -0.365574
v 0.832314 2.363364 -0.342413
v 0.841554 2.354565 -0.361540
v 0.824241 2.350667 -0.365574
v 1.003310 2.087986 -0.201428
v 1.011383 2.100682 -0.178266
v 0.994070 2.096784 -0.182300
v 1.011383 2.350667 -0.178266
v 1.049339 2.100682 -0.256840
v 1.054544 2.118027 -0.258654
v 1.026177 2.363364 -0.248766
v 1.045305 2.354565 -0.239527
v 1.049339 2.350667 -0.256840
v 1.035417 2.354565 -0.267894
v -1.541067 2.428453 1.117567
v -1.555051 2.428453 1.077450
v -1.537240 2.407211 1.109645
v -1.551162 2.411109 1.098590
v -1.547128 2.407211 1.081277
v -1.551162 2.498370 1.098590
v -1.461404 2.428453 0.883587
v -1.421287 2.428453 0.869604
v -1.453481 2.407211 0.887415
v -1.442427 2.411109 0.873492
v -1.425114 2.407211 0.877527
v -1.442427 2.498370 0.873492
v -1.307087 2.428453 1.197230
v -1.347204 2.428453 1.211214
v -1.315010 2.407211 1.193403
v -1.326064 2.411109 1.207325
v -1.343377 2.407211 1.203291
v -1.326064 2.498370 1.207325
v -1.227424 2.428453 0.963250
v -1.213441 2.428453 1.003367
v -1.231251 2.407211 0.971173
v -1.217329 2.411109 0.982227
v -1.221364 2.407211 0.999540
v -1.217329 2.498370 0.982227
v -1.323285 2.428453 0.666725
v -1.337269 2.428453 0.626607
v -1.319458 2.407211 0.658802
v -1.333380 2.411109 0.647748
v -1.329346 2.407211 0.630434
v -1.333380 2.498370 0.647748
v -1.243622 2.428453 0.432745
v -1.203505 2.428453 0.418761
v -1.235699 2.407211 0.436572
v -1.224645 2.411109 0.422650
v -1.207332 2.407211 0.426684
v -1.224645 2.498370 0.422650
v -1.089305 2.428453 0.746387
v -1.129422 2.428453 0.760371
v -1.097228 2.407211 0.742560
v -1.108282 2.411109 0.756482
v -1.125595 2.407211 0.752448
v -1.108282 2.498370 0.756482
v -1.009642 2.428453 0.512407
v -0.995659 2.428453 0.552525
v -1.013470 2.407211 0.520330
v -0.999547 2.411109 0.531384
v -1.003582 2.407211 0.548698
v -0.999547 2.498370 0.531384
v -1.105503 2.428453 0.215882
v -1.119487 2.428453 0.175764
v -1.101676 2.407211 0.207959
v -1.115598 2.411109 0.196905
v -1.111564 2.407211 0.179591
v -1.115598 2.498370 0.196905
v -1.025841 2.428453 -0.018098
v -0.985723 2.428453 -0.032082
v -1.017918 2.407211 -0.014271
v -1.006863 2.411109 -0.028193
v -0.989550 2.407211 -0.024159
v -1.006863 2.498370 -0.028193
v -0.871523 2.428453 0.295544
v -0.911641 2.428453 0.309528
v -0.879446 2.407211 0.291717
v -0.890500 2.411109 0.305639
v -0.907813 2.407211 0.301605
v -0.890500 2.498370 0.305639
v -0.791861 2.428453 0.061564
v -0.777877 2.428453 0.101682
v -0.795688 2.407211 0.069487
v -0.781766 2.411109 0.080542
v -0.785800 2.407211 0.097855
v -0.781766 2.498370 0.080542
v -0.887721 2.428453 -0.234961
v -0.901705 2.428453 -0.275079
v -0.883894 2.407211 -0.242884
v -0.897816 2.411109 -0.253938
v -0.893782 2.407211 -0.271251
v -0.897816 2.498370 -0.253938
v -0.808059 2.428453 -0.468941
v -0.767941 2.428453 -0.482925
v -0.800136 2.407211 -0.465114
v -0.789081 2.411109 -0.479036
v -0.771768 2.407211 -0.475002
v -0.789081 2.498370 -0.479036
v -0.653741 2.428453 -0.155298
v -0.693859 2.428453 -0.141315
v -0.661664 2.407211 -0.159126
v -0.672718 2.411109 -0.145203
v -0.690031 2.407211 -0.149238
v -0.672718 2.498370 -0.145203
v -0.574079 2.428453 -0.389278
v -0.560095 2.428453 -0.349161
v -0.577906 2.407211 -0.381356
v -0.563984 2.411109 -0.370301
v -0.568018 2.407211 -0.352988
v -0.563984 2.498370 -0.370301
v -1.090224 2.428453 1.335349
v -1.104208 2.428453 1.295232
v -1.086397 2.407211 1.327427
v -1.100319 2.411109 1.316373
v -1.096285 2.407211 1.299059
v -1.100319 2.498370 1.316373
v -1.010561 2.428453 1.101369
v -0.970444 2.428453 1.087386
v -1.002638 2.407211 1.105197
v -0.991584 2.411109 1.091274
v -0.974271 2.407211 1.095309
v -0.991584 2.498370 1.091274
v -0.856244 2.428453 1.415012
v -0.896362 2.428453 1.428996
v -0.864167 2.407211 1.411185
v -0.875221 2.411109 1.425107
v -0.892534 2.407211 1.421073
v -0.875221 2.498370 1.425107
v -0.776581 2.428453 1.181032
v -0.762598 2.428453 1.221149
v -0.780409 2.407211 1.188955
v -0.766487 2.411109 1.200009
v -0.770521 2.407211 1.217322
v -0.766487 2.498370 1.200009
v -0.872442 2.428453 0.884507
v -0.886426 2.428453 0.844389
v -0.868615 2.407211 0.876584
v -0.882537 2.411109 0.865529
v -0.878503 2.407211 0.848216
v -0.882537 2.498370 0.865529
v -0.792780 2.428453 0.650527
v -0.752662 2.428453 0.636543
v -0.784857 2.407211 0.654354
v -0.773802 2.411109 0.640432
v -0.756489 2.407211 0.644466
v -0.773802 2.498370 0.640432
v -0.638462 2.428453 0.964169
v -0.678580 2.428453 0.978153
v -0.646385 2.407211 0.960342
v -0.657439 2.411109 0.974264
v -0.674752 2.407211 0.970230
v -0.657439 2.498370 0.974264
v -0.558800 2.428453 0.730189
v -0.544816 2.428453 0.770307
v -0.562627 2.407211 0.738112
v -0.548705 2.411109 0.749166
v -0.552739 2.407211 0.766480
v -0.548705 2.498370 0.749166
v -0.654660 2.428453 0.433664
v -0.668644 2.428453 0.393546
v -0.650833 2.407211 0.425741
v -0.664755 2.411109 0.414687
v -0.660721 2.407211 0.397373
v -0.664755 2.498370 0.414687
v -0.574998 2.428453 0.199684
v -0.534880 2.428453 0.185700
v -0.567075 2.407211 0.203511
v -0.556020 2.411109 0.189589
v -0.538707 2.407211 0.193623
v -0.556020 2.498370 0.189589
v -0.420680 2.428453 0.513326
v -0.460798 2.428453 0.527310
v -0.428603 2.407211 0.509499
v -0.439657 2.411109 0.523421
v -0.456971 2.407211 0.519387
v -0.439657 2.498370 0.523421
v -0.341018 2.428453 0.279346
v -0.327034 2.428453 0.319464
v -0.344845 2.407211 0.287269
v -0.330923 2.411109 0.298323
v -0.334957 2.407211 0.315637
v -0.330923 2.498370 0.298323
v -0.436878 2.428453 -0.017179
v -0.450862 2.428453 -0.057297
v -0.433051 2.407211 -0.025102
v -0.446973 2.411109 -0.036156
v -0.442939 2.407211 -0.053469
v -0.446973 2.498370 -0.036156
v -0.357216 2.428453 -0.251159
v -0.317098 2.428453 -0.265143
v -0.349293 2.407211 -0.247332
v -0.338239 2.411109 -0.261254
v -0.320925 2.407211 -0.257220
v -0.338239 2.498370 -0.261254
v -0.202898 2.428453 0.062483
v -0.243016 2.428453 0.076467
v -0.210821 2.407211 0.058656
v -0.221875 2.411109 0.072578
v -0.239189 2.407211 0.068544
v -0.221875 2.498370 0.072578
v -0.123236 2.428453 -0.171497
v -0.109252 2.428453 -0.131379
v -0.127063 2.407211 -0.163574
v -0.113141 2.411109 -0.152519
v -0.117175 2.407211 -0.135206
v -0.113141 2.498370 -0.152519
v -0.639381 2.428453 1.553131
v -0.653365 2.428453 1.513014
v -0.635554 2.407211 1.545208
v -0.649476 2.411109 1.534154
v -0.645442 2.407211 1.516841
v -0.649476 2.498370 1.534154
v -0.559718 2.428453 1.319151
v -0.519601 2.428453 1.305168
v -0.551796 2.407211 1.322978
v -0.540741 2.411109 1.309056
v -0.523428 2.407211 1.313091
v -0.540741 2.498370 1.309056
v -0.405401 2.428453 1.632794
v -0.445519 2.428453 1.646778
v -0.413324 2.407211 1.628967
v -0.424378 2.411109 1.642889
v -0.441692 2.407211 1.638855
v -0.424378 2.498370 1.642889
v -0.325739 2.428453 1.398814
v -0.311755 2.428453 1.438931
v -0.329566 2.407211 1.406737
v -0.315644 2.411109 1.417791
v -0.319678 2.407211 1.435104
v -0.315644 2.498370 1.417791
v -0.421599 2.428453 1.102288
v -0.435583 2.428453 1.062171
v -0.417772 2.407211 1.094365
v -0.431694 2.411109 1.083311
v -0.427660 2.407211 1.065998
v -0.431694 2.498370 1.083311
v -0.341937 2.428453 0.868309
v -0.301819 2.428453 0.854325
v -0.334014 2.407211 0.872136
v -0.322960 2.411109 0.858214
v -0.305646 2.407211 0.862248
v -0.322960 2.498370 0.858214
v -0.187619 2.428453 1.181951
v -0.227737 2.428453 1.195935
v -0.195542 2.407211 1.178124
v -0.206596 2.411109 1.192046
v -0.223909 2.407211 1.188012
v -0.206596 2.498370 1.192046
v -0.107957 2.428453 0.947971
v -0.093973 2.428453 0.988089
v -0.111784 2.407211 0.955894
v -0.097862 2.411109 0.966948
v -0.101896 2.407211 0.984261
v -0.097862 2.498370 0.966948
v -0.203817 2.428453 0.651446
v -0.217801 2.428453 0.611328
v -0.199990 2.407211 0.643523
v -0.213912 2.411109 0.632468
v -0.209878 2.407211 0.615155
v -0.213912 2.498370 0.632468
v -0.124155 2.428453 0.417466
v -0.084037 2.428453 0.403482
v -0.116232 2.407211 0.421293
v -0.105178 2.411109 0.407371
v -0.087864 2.407211 0.411405
v -0.105178 2.498370 0.407371
v 0.030163 2.428453 0.731108
v -0.009955 2.428453 0.745092
v 0.022240 2.407211 0.727281
v 0.011186 2.411109 0.741203
v -0.006128 2.407211 0.737169
v 0.011186 2.498370 0.741203
v 0.109825 2.428453 0.497128
v 0.123809 2.428453 0.537246
v 0.105998 2.407211 0.505051
v 0.119920 2.411109 0.516105
v 0.115886 2.407211 0.533419
v 0.119920 2.498370 0.516105
v 0.013965 2.428453 0.200603
v -0.000019 2.428453 0.160485
v 0.017792 2.407211 0.192680
v 0.003870 2.411109 0.181626
v 0.007904 2.407211 0.164313
v 0.003870 2.498370 0.181626
v 0.093627 2.428453 -0.033377
v 0.133745 2.428453 -0.047361
v 0.101550 2.407211 -0.029550
v 0.112604 2.411109 -0.043472
v 0.129918 2.407211 -0.039438
v 0.112604 2.498370 -0.043472
v 0.247944 2.428453 0.280265
v 0.207827 2.428453 0.294249
v 0.240022 2.407211 0.276438
v 0.228967 2.411109 0.290360
v 0.211654 2.407211 0.286326
v 0.228967 2.498370 0.290360
v 0.327607 2.428453 0.046285
v 0.341591 2.428453 0.086403
v 0.323780 2.407211 0.054208
v 0.337702 2.411109 0.065262
v 0.333668 2.407211 0.082576
v 0.337702 2.498370 0.065262
v -0.188538 2.428453 1.770913
v -0.202522 2.428453 1.730796
v -0.184711 2.407211 1.762990
v -0.198633 2.411109 1.751936
v -0.194599 2.407211 1.734623
v -0.198633 2.498370 1.751936
v -0.108876 2.428453 1.536933
v -0.068758 2.428453 1.522950
v -0.100953 2.407211 1.540760
v -0.089899 2.411109 1.526838
v -0.072585 2.407211 1.530872
v -0.089899 2.498370 1.526838
v 0.045442 2.428453 1.850576
v 0.005324 2.428453 1.864560
v 0.037519 2.407211 1.846749
v 0.026465 2.411109 1.860671
v 0.009151 2.407211 1.856637
v 0.026465 2.498370 1.860671
v 0.125104 2.428453 1.616596
v 0.139088 2.428453 1.656713
v 0.121277 2.407211 1.624519
v 0.135199 2.411109 1.635573
v 0.131165 2.407211 1.652886
v 0.135199 2.498370 1.635573
v 0.029244 2.428453 1.320070
v 0.015260 2.428453 1.279953
v 0.033071 2.407211 1.312147
v 0.019149 2.411109 1.301093
v 0.023183 2.407211 1.283780
v 0.019149 2.498370 1.301093
v 0.108906 2.428453 1.086091
v 0.149024 2.428453 1.072107
v 0.116829 2.407211 1.089918
v 0.127883 2.411109 1.075995
v 0.145196 2.407211 1.080030
v 0.127883 2.498370 1.075996
v 0.263224 2.428453 1.399733
v 0.223106 2.428453 1.413717
v 0.255301 2.407211 1.395906
v 0.244247 2.411109 1.409828
v 0.226933 2.407211 1.405794
v 0.244247 2.498370 1.409828
v 0.342886 2.428453 1.165753
v 0.356870 2.428453 1.205871
v 0.339059 2.407211 1.173676
v 0.352981 2.411109 1.184730
v 0.348947 2.407211 1.202043
v 0.352981 2.498370 1.184730
v 0.247026 2.428453 0.869228
v 0.233042 2.428453 0.829110
v 0.250853 2.407211 0.861305
v 0.236931 2.411109 0.850250
v 0.240965 2.407211 0.832937
v 0.236931 2.498370 0.850250
v 0.326688 2.428453 0.635248
v 0.366806 2.428453 0.621264
v 0.334611 2.407211 0.639075
v 0.345665 2.411109 0.625153
v 0.362978 2.407211 0.629187
v 0.345665 2.498370 0.625153
v 0.481005 2.428453 0.948890
v 0.440888 2.428453 0.962874
v 0.473083 2.407211 0.945063
v 0.462028 2.411109 0.958985
v 0.444715 2.407211 0.954951
v 0.462028 2.498370 0.958985
v 0.560668 2.428453 0.714910
v 0.574652 2.428453 0.755028
v 0.556841 2.407211 0.722833
v 0.570763 2.411109 0.733887
v 0.566729 2.407211 0.751200
v 0.570763 2.498370 0.733887
v 0.464807 2.428453 0.418385
v 0.450824 2.428453 0.378267
v 0.468635 2.407211 0.410462
v 0.454712 2.411109 0.399408
v 0.458747 2.407211 0.382094
v 0.454712 2.498370 0.399408
v 0.544470 2.428453 0.184405
v 0.584588 2.428453 0.170421
v 0.552393 2.407211 0.188232
v 0.563447 2.411109 0.174310
v 0.580760 2.407211 0.178344
v 0.563447 2.498370 0.174310
v 0.698787 2.428453 0.498047
v 0.658670 2.428453 0.512031
v 0.690865 2.407211 0.494220
v 0.679810 2.411109 0.508142
v 0.662497 2.407211 0.504108
v 0.679810 2.498370 0.508142
v 0.778450 2.428453 0.264067
v 0.792434 2.428453 0.304185
v 0.774623 2.407211 0.271990
v 0.788545 2.411109 0.283044
v 0.784511 2.407211 0.300358
v 0.788545 2.498370 0.283044
v -1.972218 1.513199 1.484376
v -1.980660 1.532607 1.501852
v -1.989694 1.532607 1.475934
v -1.980660 1.979953 1.501852
v -1.972218 1.999361 1.484376
v -1.989694 1.979953 1.475934
v -1.587079 1.513199 0.687076
v -1.604555 1.532607 0.678635
v -1.578637 1.532607 0.669600
v -1.587079 1.999361 0.687076
v -1.578637 1.979953 0.669600
v -1.604555 1.979953 0.678635
v -0.013999 1.513199 2.430303
v 0.003478 1.532607 2.438745
v -0.022440 1.532607 2.447779
v -0.013999 1.999361 2.430303
v -0.022440 1.979953 2.447779
v 0.003478 1.979953 2.438745
v 0.371141 1.513199 1.633004
v 0.379583 1.532607 1.615528
v 0.388617 1.532607 1.641446
v 0.371141 1.999361 1.633004
v 0.388617 1.979953 1.641446
v 0.379583 1.979953 1.615528
v -1.561671 1.438095 0.841677
v -1.570113 1.457504 0.859153
v -1.579147 1.457504 0.833235
v -1.570113 1.904850 0.859153
v -1.561671 1.924258 0.841677
v -1.579147 1.904850 0.833235
v -1.176532 1.438095 0.044377
v -1.194008 1.457504 0.035936
v -1.168090 1.457504 0.026901
v -1.176532 1.924258 0.044377
v -1.168090 1.904850 0.026901
v -1.194008 1.904850 0.035935
v 0.234245 1.438095 1.709203
v 0.251721 1.457504 1.717645
v 0.225803 1.457504 1.726679
v 0.234245 1.924258 1.709203
v 0.225803 1.904850 1.726679
v 0.251721 1.904850 1.717645
v 0.619384 1.438095 0.911904
v 0.627826 1.457504 0.894428
v 0.636860 1.457504 0.920346
v 0.619384 1.924258 0.911904
v 0.636860 1.904850 0.920346
v 0.627826 1.904850 0.894428
v -1.151124 1.362992 0.198977
v -1.159566 1.382400 0.216453
v -1.168600 1.382400 0.190536
v -1.159566 1.829747 0.216453
v -1.151124 1.849155 0.198977
v -1.168600 1.829747 0.190536
v -0.765985 1.362992 -0.598322
v -0.783461 1.382400 -0.606764
v -0.757543 1.382400 -0.615798
v -0.765985 1.849155 -0.598322
v -0.757543 1.829747 -0.615798
v -0.783461 1.829747 -0.606764
v 0.482488 1.362992 0.988102
v 0.499964 1.382400 0.996544
v 0.474046 1.382400 1.005578
v 0.482488 1.849155 0.988102
v 0.474046 1.829747 1.005578
v 0.499964 1.829747 0.996544
v 0.867628 1.362992 0.190803
v 0.876070 1.382400 0.173327
v 0.885104 1.382400 0.199245
v 0.867628 1.849155 0.190803
v 0.885104 1.829747 0.199245
v 0.876069 1.829747 0.173327
v -1.646718 1.945042 0.188946
v -1.655160 1.964450 0.206423
v -1.664194 1.964450 0.180505
v -1.655160 2.299142 0.206423
v -1.646718 2.318550 0.188946
v -1.664194 2.299142 0.180505
v -1.321468 1.945042 -0.484371
v -1.338944 1.964450 -0.492813
v -1.313026 1.964450 -0.501847
v -1.321468 2.318550 -0.484371
v -1.313026 2.299142 -0.501847
v -1.338944 2.299142 -0.492813
v -1.149229 1.945042 0.429261
v -1.131753 1.964450 0.437703
v -1.157671 1.964450 0.446737
v -1.149229 2.318550 0.429261
v -1.157671 2.299142 0.446737
v -1.131753 2.299142 0.437703
v -0.823980 1.945042 -0.244056
v -0.815538 1.964450 -0.261533
v -0.806504 1.964450 -0.235615
v -0.823980 2.318550 -0.244056
v -0.806504 2.299142 -0.235615
v -0.815538 2.299142 -0.261533
v -1.870420 1.050476 1.088958
v -1.870420 1.335536 1.088958
v -1.593981 1.050476 0.516686
v -1.593981 1.335536 0.516686
v -1.471722 1.050476 1.281551
v -1.471722 1.335536 1.281551
v -1.195284 1.050476 0.709279
v -1.195284 1.335536 0.709279
v 0.300923 1.945042 1.129764
v 0.292481 1.964450 1.147240
v 0.283447 1.964450 1.121322
v 0.292481 2.299142 1.147240
v 0.300923 2.318550 1.129764
v 0.283447 2.299142 1.121322
v 0.626172 1.945042 0.456447
v 0.608696 1.964450 0.448005
v 0.634614 1.964450 0.438971
v 0.626172 2.318550 0.456447
v 0.634614 2.299142 0.438971
v 0.608696 2.299142 0.448005
v 0.798412 1.945042 1.370079
v 0.815888 1.964450 1.378521
v 0.789970 1.964450 1.387555
v 0.798412 2.318550 1.370078
v 0.789970 2.299142 1.387555
v 0.815888 2.299142 1.378520
v 1.123661 1.945042 0.696761
v 1.132103 1.964450 0.679285
v 1.141137 1.964450 0.705203
v 1.123661 2.318550 0.696761
v 1.141137 2.299142 0.705203
v 1.132103 2.299142 0.679285
v -0.166234 1.050476 1.912174
v -0.166234 1.335536 1.912174
v 0.110205 1.050476 1.339902
v 0.110205 1.335536 1.339902
v 0.232464 1.050476 2.104766
v 0.232464 1.335536 2.104766
v 0.508902 1.050476 1.532495
v 0.508902 1.335536 1.532495
v -1.433784 0.633866 1.146722
v -1.442225 0.653274 1.164198
v -1.451260 0.653274 1.138280
v -1.442225 1.044293 1.164198
v -1.433784 1.063701 1.146722
v -1.451260 1.044293 1.138280
v -0.569524 0.633866 -0.642431
v -0.587000 0.653274 -0.650873
v -0.561082 0.653274 -0.659907
v -0.569524 1.063701 -0.642431
v -0.561082 1.044293 -0.659907
v -0.587000 1.044293 -0.650873
v -0.084202 0.633866 1.798644
v -0.066726 0.653274 1.807086
v -0.092644 0.653274 1.816121
v -0.084202 1.063701 1.798644
v -0.092644 1.044293 1.816121
v -0.066726 1.044293 1.807086
v 0.780058 0.633866 0.009491
v 0.788500 0.653274 -0.007985
v 0.797534 0.653274 0.017933
v 0.780058 1.063701 0.009491
v 0.797534 1.044293 0.017933
v 0.788500 1.044293 -0.007985
v -1.223163 1.869084 -0.286756
v -1.244710 1.918622 -0.242149
v -1.267770 1.918622 -0.308303
v -1.244710 4.285134 -0.242149
v -1.223163 4.334673 -0.286756
v -1.267770 4.285134 -0.308303
v -0.280924 1.869084 -2.237338
v -0.325531 1.918622 -2.258885
v -0.259377 1.918622 -2.281945
v -0.280924 4.334673 -2.237338
v -0.259377 4.285134 -2.281944
v -0.325531 4.285134 -2.258885
v 0.907756 1.869084 0.742595
v 0.952363 1.918622 0.764143
v 0.886209 1.918622 0.787202
v 0.907756 4.334673 0.742595
v 0.886209 4.285134 0.787202
v 0.952363 4.285134 0.764143
v 1.849994 1.869084 -1.207986
v 1.871542 1.918622 -1.252593
v 1.894601 1.918622 -1.186439
v 1.849995 4.334673 -1.207987
v 1.894601 4.285134 -1.186439
v 1.871542 4.285134 -1.252593
v 0.995743 2.055621 0.744161
v 0.995743 2.305605 0.744161
v 1.104477 2.055621 0.519064
v 1.104477 2.305605 0.519064
v 1.066243 2.042924 0.758955
v 1.085371 2.051723 0.768195
v 1.074317 2.055621 0.782117
v 1.057003 2.051723 0.778083
v 1.066243 2.318302 0.758955
v 1.074317 2.305605 0.782117
v 1.076131 2.288260 0.787322
v 1.085371 2.309503 0.768195
v 1.159889 2.042924 0.565093
v 1.169129 2.051723 0.545965
v 1.183051 2.055621 0.557019
v 1.179017 2.051723 0.574332
v 1.159889 2.318302 0.565093
v 1.179017 2.309503 0.574332
v 1.183051 2.305605 0.557019
v 1.188257 2.288260 0.555205
v 0.995743 2.669798 0.744161
v 0.995743 2.919782 0.744161
v 1.104477 2.669798 0.519064
v 1.104477 2.919782 0.519064
v 1.066243 2.657101 0.758955
v 1.053176 2.687142 0.786006
v 1.085371 2.665900 0.768195
v 1.074317 2.669798 0.782117
v 1.076131 2.687142 0.787322
v 1.066243 2.932479 0.758955
v 1.053176 2.902438 0.786006
v 1.074317 2.919782 0.782117
v 1.076131 2.902438 0.787322
v 1.085371 2.923680 0.768195
v 1.159889 2.657101 0.565093
v 1.172956 2.687142 0.538042
v 1.183051 2.669798 0.557019
v 1.188257 2.687142 0.555205
v 1.179017 2.665900 0.574332
v 1.159889 2.932479 0.565093
v 1.172956 2.902438 0.538042
v 1.179017 2.923680 0.574332
v 1.183051 2.919782 0.557019
v 1.188257 2.902438 0.555205
v 0.995743 3.283975 0.744161
v 0.995743 3.533959 0.744161
v 1.104477 3.283975 0.519064
v 1.104477 3.533959 0.519064
v 1.066243 3.271278 0.758955
v 1.053176 3.301319 0.786006
v 1.085371 3.280077 0.768195
v 1.074317 3.283975 0.782117
v 1.076131 3.301319 0.787322
v 1.066243 3.546656 0.758955
v 1.053176 3.516615 0.786006
v 1.074317 3.533959 0.782117
v 1.076131 3.516614 0.787322
v 1.085371 3.537857 0.768195
v 1.159889 3.271278 0.565093
v 1.172956 3.301319 0.538042
v 1.183051 3.283975 0.557019
v 1.188257 3.301319 0.555205
v 1.179017 3.280077 0.574332
v 1.159889 3.546656 0.565093
v 1.172956 3.516615 0.538042
v 1.179017 3.537857 0.574332
v 1.183051 3.533959 0.557019
v 1.188257 3.516614 0.555205
v 0.995743 3.898152 0.744161
v 0.995743 4.148136 0.744161
v 1.104477 3.898152 0.519064
v 1.104477 4.148136 0.519064
v 1.066243 3.885455 0.758955
v 1.053176 3.915496 0.786006
v 1.085371 3.894254 0.768195
v 1.074317 3.898152 0.782117
v 1.076131 3.915496 0.787322
v 1.066243 4.160832 0.758955
v 1.053176 4.130792 0.786006
v 1.074317 4.148136 0.782117
v 1.076131 4.130792 0.787322
v 1.085371 4.152034 0.768195
v 1.159889 3.885455 0.565093
v 1.172956 3.915496 0.538042
v 1.183051 3.898152 0.557019
v 1.188257 3.915496 0.555205
v 1.179017 3.894254 0.574332
v 1.159889 4.160832 0.565093
v 1.172956 4.130792 0.538042
v 1.179017 4.152034 0.574332
v 1.183051 4.148136 0.557019
v 1.188257 4.130792 0.555205
v 1.276811 2.051723 0.202182
v 1.262888 2.055621 0.191128
v 1.276811 2.309503 0.202182
v 1.262888 2.305605 0.191128
v 1.257683 2.288260 0.192942
v 1.371623 2.055621 -0.033970
v 1.388936 2.051723 -0.029936
v 1.371623 2.305605 -0.033970
v 1.369809 2.288260 -0.039176
v 1.360569 2.309503 -0.020048
v 1.333389 2.042924 0.205921
v 1.352516 2.051723 0.215161
v 1.341462 2.055621 0.229083
v 1.341462 2.305605 0.229083
v 1.427035 2.042924 0.012059
v 1.450197 2.055621 0.003985
v 1.446163 2.051723 0.021299
v 1.450197 2.305605 0.003985
v 1.262888 2.669798 0.191128
v 1.262888 2.919782 0.191128
v 1.371623 2.669798 -0.033970
v 1.371623 2.919782 -0.033970
v 1.333389 2.657101 0.205921
v 1.320322 2.687142 0.232972
v 1.352516 2.665900 0.215161
v 1.341462 2.669798 0.229083
v 1.343277 2.687142 0.234289
v 1.333389 2.932479 0.205921
v 1.320322 2.902438 0.232972
v 1.341462 2.919782 0.229083
v 1.343277 2.902438 0.234289
v 1.352516 2.923680 0.215161
v 1.427035 2.657101 0.012059
v 1.440102 2.687142 -0.014992
v 1.450197 2.669798 0.003985
v 1.455403 2.687142 0.002171
v 1.446163 2.665900 0.021299
v 1.427035 2.932479 0.012059
v 1.440102 2.902438 -0.014992
v 1.446163 2.923680 0.021299
v 1.450197 2.919782 0.003985
v 1.455403 2.902438 0.002171
v 1.262888 3.283975 0.191128
v 1.262888 3.533959 0.191128
v 1.371623 3.283975 -0.033970
v 1.371623 3.533959 -0.033970
v 1.333389 3.271278 0.205921
v 1.320322 3.301319 0.232972
v 1.352516 3.280077 0.215161
v 1.341462 3.283975 0.229083
v 1.343277 3.301319 0.234289
v 1.333389 3.546656 0.205921
v 1.320322 3.516615 0.232972
v 1.341462 3.533959 0.229083
v 1.343277 3.516614 0.234289
v 1.352516 3.537857 0.215161
v 1.427035 3.271278 0.012059
v 1.440102 3.301319 -0.014992
v 1.450197 3.283975 0.003985
v 1.455403 3.301319 0.002171
v 1.446163 3.280077 0.021299
v 1.427035 3.546656 0.012059
v 1.440102 3.516615 -0.014992
v 1.446163 3.537857 0.021299
v 1.450197 3.533959 0.003985
v 1.455403 3.516614 0.002171
v 1.262888 3.898152 0.191128
v 1.262888 4.148136 0.191128
v 1.371623 3.898152 -0.033970
v 1.371623 4.148136 -0.033970
v 1.333389 3.885455 0.205921
v 1.320322 3.915496 0.232972
v 1.352516 3.894254 0.215161
v 1.341462 3.898152 0.229083
v 1.343277 3.915496 0.234289
v 1.333389 4.160832 0.205921
v 1.320322 4.130792 0.232972
v 1.341462 4.148136 0.229083
v 1.343277 4.130792 0.234289
v 1.352516 4.152034 0.215161
v 1.427035 3.885455 0.012059
v 1.440102 3.915496 -0.014992
v 1.450197 3.898152 0.003985
v 1.455403 3.915496 0.002171
v 1.446163 3.894254 0.021299
v 1.427035 4.160832 0.012059
v 1.440102 4.130792 -0.014992
v 1.446163 4.152034 0.021299
v 1.450197 4.148136 0.003985
v 1.455403 4.130792 0.002171
v 1.530034 2.055621 -0.361906
v 1.530034 2.305605 -0.361906
v 1.638769 2.055621 -0.587004
v 1.638769 2.305605 -0.587004
v 1.619662 2.051723 -0.337873
v 1.608608 2.055621 -0.323951
v 1.591295 2.051723 -0.327985
v 1.608608 2.305605 -0.323951
v 1.610423 2.288260 -0.318745
v 1.619662 2.309503 -0.337873
v 1.703421 2.051723 -0.560103
v 1.717343 2.055621 -0.549048
v 1.717343 2.305605 -0.549048
v 1.722548 2.288260 -0.550863
v 1.703421 2.309503 -0.560103
v 1.530034 2.669798 -0.361906
v 1.530034 2.919782 -0.361906
v 1.638769 2.669798 -0.587004
v 1.638769 2.919782 -0.587004
v 1.587468 2.687142 -0.320062
v 1.619662 2.665900 -0.337873
v 1.608608 2.669798 -0.323951
v 1.610423 2.687142 -0.318745
v 1.587468 2.902438 -0.320062
v 1.608608 2.919782 -0.323951
v 1.610423 2.902438 -0.318745
v 1.619662 2.923680 -0.337873
v 1.707248 2.687142 -0.568026
v 1.703421 2.665900 -0.560103
v 1.717343 2.669798 -0.549048
v 1.722548 2.687142 -0.550863
v 1.707248 2.902438 -0.568026
v 1.717343 2.919782 -0.549048
v 1.722548 2.902438 -0.550863
v 1.703421 2.923680 -0.560103
v 1.530034 3.283975 -0.361906
v 1.530034 3.533959 -0.361906
v 1.638769 3.283975 -0.587004
v 1.638769 3.533959 -0.587004
v 1.587468 3.301319 -0.320062
v 1.619662 3.280077 -0.337873
v 1.608608 3.283975 -0.323951
v 1.610423 3.301319 -0.318745
v 1.587468 3.516615 -0.320062
v 1.608608 3.533959 -0.323951
v 1.610423 3.516614 -0.318745
v 1.619662 3.537857 -0.337873
v 1.707248 3.301319 -0.568026
v 1.703421 3.280077 -0.560103
v 1.717343 3.283975 -0.549048
v 1.722548 3.301319 -0.550863
v 1.707248 3.516615 -0.568026
v 1.717343 3.533959 -0.549048
v 1.722548 3.516614 -0.550863
v 1.703421 3.537857 -0.560103
v 1.530034 3.898152 -0.361906
v 1.530034 4.148136 -0.361906
v 1.638769 3.898152 -0.587004
v 1.638769 4.148136 -0.587004
v 1.587468 3.915496 -0.320062
v 1.619662 3.894254 -0.337873
v 1.608608 3.898152 -0.323951
v 1.610423 3.915496 -0.318745
v 1.587468 4.130792 -0.320062
v 1.608608 4.148136 -0.323951
v 1.610423 4.130792 -0.318745
v 1.619662 4.152034 -0.337873
v 1.707248 3.915496 -0.568026
v 1.703421 3.894254 -0.560103
v 1.717343 3.898152 -0.549048
v 1.722548 3.915496 -0.550863
v 1.707248 4.130792 -0.568026
v 1.717343 4.148136 -0.549048
v 1.722548 4.130792 -0.550863
v 1.703421 4.152034 -0.560103
v 1.797180 2.055621 -0.914940
v 1.797180 2.305605 -0.914940
v 1.905915 2.055621 -1.140038
v 1.905915 2.305605 -1.140038
v 1.867681 2.042924 -0.900147
v 1.886808 2.051723 -0.890907
v 1.875754 2.055621 -0.876985
v 1.858441 2.051723 -0.881019
v 1.867681 2.318302 -0.900147
v 1.875754 2.305605 -0.876985
v 1.877568 2.288260 -0.871779
v 1.886808 2.309503 -0.890907
v 1.961327 2.042924 -1.094009
v 1.970566 2.051723 -1.113136
v 1.984488 2.055621 -1.102083
v 1.980454 2.051723 -1.084769
v 1.961327 2.318302 -1.094009
v 1.980454 2.309503 -1.084769
v 1.984488 2.305605 -1.102083
v 1.989694 2.288260 -1.103897
v 1.797180 2.669798 -0.914940
v 1.797180 2.919782 -0.914940
v 1.905915 2.669798 -1.140038
v 1.905915 2.919782 -1.140038
v 1.867681 2.657101 -0.900147
v 1.854614 2.687142 -0.873096
v 1.886808 2.665900 -0.890907
v 1.875754 2.669798 -0.876985
v 1.877568 2.687142 -0.871779
v 1.867681 2.932479 -0.900147
v 1.854614 2.902438 -0.873096
v 1.875754 2.919782 -0.876985
v 1.877568 2.902438 -0.871779
v 1.886808 2.923680 -0.890907
v 1.961327 2.657101 -1.094009
v 1.974394 2.687142 -1.121060
v 1.984488 2.669798 -1.102083
v 1.989694 2.687142 -1.103897
v 1.980454 2.665900 -1.084769
v 1.961327 2.932479 -1.094009
v 1.974394 2.902438 -1.121060
v 1.980454 2.923680 -1.084769
v 1.984488 2.919782 -1.102083
v 1.989694 2.902438 -1.103897
v 1.797180 3.283975 -0.914940
v 1.797180 3.533959 -0.914940
v 1.905915 3.283975 -1.140038
v 1.905915 3.533959 -1.140038
v 1.867681 3.271278 -0.900147
v 1.854614 3.301319 -0.873096
v 1.886808 3.280077 -0.890907
v 1.875754 3.283975 -0.876985
v 1.877568 3.301319 -0.871779
v 1.867681 3.546656 -0.900147
v 1.854614 3.516615 -0.873096
v 1.875754 3.533959 -0.876985
v 1.877568 3.516614 -0.871779
v 1.886808 3.537857 -0.890907
v 1.961327 3.271278 -1.094009
v 1.974394 3.301319 -1.121060
v 1.984488 3.283975 -1.102083
v 1.989694 3.301319 -1.103897
v 1.980454 3.280077 -1.084769
v 1.961327 3.546656 -1.094009
v 1.974394 3.516615 -1.121060
v 1.980454 3.537857 -1.084769
v 1.984488 3.533959 -1.102083
v 1.989694 3.516614 -1.103897
v 1.797180 3.898152 -0.914940
v 1.797180 4.148136 -0.914940
v 1.905915 3.898152 -1.140038
v 1.905915 4.148136 -1.140038
v 1.867681 3.885455 -0.900147
v 1.854614 3.915496 -0.873096
v 1.886808 3.894254 -0.890907
v 1.875754 3.898152 -0.876985
v 1.877568 3.915496 -0.871779
v 1.867681 4.160832 -0.900147
v 1.854614 4.130792 -0.873096
v 1.875754 4.148136 -0.876985
v 1.877568 4.130792 -0.871779
v 1.886808 4.152034 -0.890907
v 1.961327 3.885455 -1.094009
v 1.974394 3.915496 -1.121060
v 1.984488 3.898152 -1.102083
v 1.989694 3.915496 -1.103897
v 1.980454 3.894254 -1.084769
v 1.961327 4.160832 -1.094009
v 1.974394 4.130792 -1.121060
v 1.980454 4.152034 -1.084769
v 1.984488 4.148136 -1.102083
v 1.989694 4.130792 -1.103897
v -1.334495 2.042924 -0.400734
v -1.343735 2.051723 -0.381606
v -1.357657 2.055621 -0.392660
v -1.353623 2.051723 -0.409973
v -1.334495 2.318302 -0.400734
v -1.357657 2.305605 -0.392660
v -1.353623 2.309503 -0.409973
v -1.362862 2.288260 -0.390846
v -1.240849 2.042924 -0.594596
v -1.259976 2.051723 -0.603836
v -1.248922 2.055621 -0.617758
v -1.240849 2.318302 -0.594596
v -1.248922 2.305605 -0.617758
v -1.259976 2.309503 -0.603836
v -1.279083 2.055621 -0.354705
v -1.279083 2.305605 -0.354705
v -1.184271 2.051723 -0.590857
v -1.170348 2.055621 -0.579802
v -1.170348 2.305605 -0.579802
v -1.165143 2.288260 -0.581617
v -1.334495 2.657101 -0.400734
v -1.347562 2.687142 -0.373683
v -1.357657 2.669798 -0.392660
v -1.362862 2.687142 -0.390846
v -1.353623 2.665900 -0.409973
v -1.347562 2.902438 -0.373683
v -1.334495 2.932479 -0.400734
v -1.357657 2.919782 -0.392660
v -1.353623 2.923680 -0.409973
v -1.362862 2.902438 -0.390846
v -1.240849 2.657101 -0.594596
v -1.227782 2.687142 -0.621647
v -1.259976 2.665900 -0.603836
v -1.248922 2.669798 -0.617758
v -1.250737 2.687142 -0.622963
v -1.240849 2.932479 -0.594596
v -1.227782 2.902438 -0.621647
v -1.248922 2.919782 -0.617758
v -1.250737 2.902438 -0.622963
v -1.259976 2.923680 -0.603836
v -1.279083 2.669798 -0.354705
v -1.279083 2.919782 -0.354705
v -1.170348 2.669798 -0.579802
v -1.170348 2.919782 -0.579802
v -1.334495 3.271278 -0.400734
v -1.347562 3.301319 -0.373683
v -1.357657 3.283975 -0.392660
v -1.362862 3.301319 -0.390846
v -1.353623 3.280077 -0.409973
v -1.347562 3.516615 -0.373683
v -1.334495 3.546656 -0.400734
v -1.357657 3.533959 -0.392660
v -1.353623 3.537857 -0.409973
v -1.362862 3.516614 -0.390846
v -1.240849 3.271278 -0.594596
v -1.227782 3.301319 -0.621647
v -1.259976 3.280077 -0.603836
v -1.248922 3.283975 -0.617758
v -1.250737 3.301319 -0.622963
v -1.240849 3.546656 -0.594596
v -1.227782 3.516615 -0.621647
v -1.248922 3.533959 -0.617758
v -1.250737 3.516614 -0.622963
v -1.259976 3.537857 -0.603836
v -1.279083 3.283975 -0.354705
v -1.279083 3.533959 -0.354705
v -1.170348 3.283975 -0.579802
v -1.170348 3.533959 -0.579802
v -1.334495 3.885455 -0.400734
v -1.347562 3.915496 -0.373683
v -1.357657 3.898152 -0.392660
v -1.362862 3.915496 -0.390846
v -1.353623 3.894254 -0.409973
v -1.347562 4.130792 -0.373683
v -1.334495 4.160832 -0.400734
v -1.357657 4.148136 -0.392660
v -1.353623 4.152034 -0.409973
v -1.362862 4.130792 -0.390846
v -1.240849 3.885455 -0.594596
v -1.227782 3.915496 -0.621647
v -1.259976 3.894254 -0.603836
v -1.248922 3.898152 -0.617758
v -1.250737 3.915496 -0.622963
v -1.240849 4.160832 -0.594596
v -1.227782 4.130792 -0.621647
v -1.248922 4.148136 -0.617758
v -1.250737 4.130792 -0.622963
v -1.259976 4.152034 -0.603836
v -1.279083 3.898152 -0.354705
v -1.279083 4.148136 -0.354705
v -1.170348 3.898152 -0.579802
v -1.170348 4.148136 -0.579802
v -1.067349 2.042924 -0.953767
v -1.090511 2.055621 -0.945694
v -1.095717 2.072965 -0.943879
v -1.086477 2.051723 -0.963007
v -1.067349 2.318302 -0.953767
v -1.076589 2.309503 -0.934640
v -1.090511 2.305605 -0.945694
v -1.086477 2.309503 -0.963007
v -0.973703 2.042924 -1.147630
v -0.992831 2.051723 -1.156870
v -0.981776 2.055621 -1.170792
v -0.983591 2.072965 -1.175997
v -0.973703 2.318302 -1.147630
v -0.964463 2.309503 -1.166757
v -0.981776 2.305605 -1.170792
v -0.992831 2.309503 -1.156870
v -1.011937 2.055621 -0.907738
v -1.011937 2.305605 -0.907738
v -0.903203 2.055621 -1.132836
v -0.903203 2.305605 -1.132836
v -1.067349 2.657101 -0.953767
v -1.080416 2.687142 -0.926717
v -1.090511 2.669798 -0.945694
v -1.095717 2.687142 -0.943879
v -1.086477 2.665900 -0.963007
v -1.080416 2.902438 -0.926717
v -1.067349 2.932479 -0.953767
v -1.090511 2.919782 -0.945694
v -1.086477 2.923680 -0.963007
v -1.095717 2.902438 -0.943879
v -0.973703 2.657101 -1.147630
v -0.960636 2.687142 -1.174680
v -0.992831 2.665900 -1.156870
v -0.981776 2.669798 -1.170792
v -0.983591 2.687142 -1.175997
v -0.973703 2.932479 -1.147630
v -0.960636 2.902438 -1.174680
v -0.981776 2.919782 -1.170792
v -0.983591 2.902438 -1.175997
v -0.992831 2.923680 -1.156870
v -1.011937 2.669798 -0.907738
v -1.011937 2.919782 -0.907738
v -0.903203 2.669798 -1.132836
v -0.903203 2.919782 -1.132836
v -1.067349 3.271278 -0.953767
v -1.080416 3.301319 -0.926717
v -1.090511 3.283975 -0.945694
v -1.095717 3.301319 -0.943879
v -1.086477 3.280077 -0.963007
v -1.080416 3.516615 -0.926717
v -1.067349 3.546656 -0.953767
v -1.090511 3.533959 -0.945694
v -1.086477 3.537857 -0.963007
v -1.095717 3.516614 -0.943879
v -0.973703 3.271278 -1.147630
v -0.960636 3.301319 -1.174680
v -0.992831 3.280077 -1.156870
v -0.981776 3.283975 -1.170792
v -0.983591 3.301319 -1.175997
v -0.973703 3.546656 -1.147630
v -0.960636 3.516615 -1.174680
v -0.981776 3.533959 -1.170792
v -0.983591 3.516614 -1.175997
v -0.992831 3.537857 -1.156870
v -1.011937 3.283975 -0.907738
v -1.011937 3.533959 -0.907738
v -0.903203 3.283975 -1.132836
v -0.903203 3.533959 -1.132836
v -1.067349 3.885455 -0.953767
v -1.080416 3.915496 -0.926717
v -1.090511 3.898152 -0.945694
v -1.095717 3.915496 -0.943879
v -1.086477 3.894254 -0.963007
v -1.080416 4.130792 -0.926717
v -1.067349 4.160832 -0.953767
v -1.090511 4.148136 -0.945694
v -1.086477 4.152034 -0.963007
v -1.095717 4.130792 -0.943879
v -0.973703 3.885455 -1.147630
v -0.960636 3.915496 -1.174680
v -0.992831 3.894254 -1.156870
v -0.981776 3.898152 -1.170792
v -0.983591 3.915496 -1.175997
v -0.973703 4.160832 -1.147630
v -0.960636 4.130792 -1.174680
v -0.981776 4.148136 -1.170792
v -0.983591 4.130792 -1.175997
v -0.992831 4.152034 -1.156870
v -1.011937 3.898152 -0.907738
v -1.011937 4.148136 -0.907738
v -0.903203 3.898152 -1.132836
v -0.903203 4.148136 -1.132836
v -0.809443 2.051723 -1.487674
v -0.823365 2.055621 -1.498728
v -0.823365 2.305605 -1.498728
v -0.819331 2.309503 -1.516041
v -0.828571 2.288260 -1.496913
v -0.714631 2.055621 -1.723825
v -0.697317 2.051723 -1.719791
v -0.697317 2.309503 -1.719791
v -0.714631 2.305605 -1.723825
v -0.716445 2.288260 -1.729031
v -0.744791 2.055621 -1.460772
v -0.762105 2.051723 -1.464806
v -0.744791 2.305605 -1.460772
v -0.636057 2.055621 -1.685870
v -0.640091 2.051723 -1.668557
v -0.636057 2.305605 -1.685870
v -0.813270 2.687142 -1.479751
v -0.823365 2.669798 -1.498728
v -0.828571 2.687142 -1.496913
v -0.819331 2.665900 -1.516041
v -0.813270 2.902438 -1.479751
v -0.823365 2.919782 -1.498728
v -0.819331 2.923680 -1.516041
v -0.828571 2.902438 -1.496913
v -0.693490 2.687142 -1.727714
v -0.714631 2.669798 -1.723825
v -0.716445 2.687142 -1.729031
v -0.697317 2.665900 -1.719791
v -0.693490 2.902438 -1.727714
v -0.697317 2.923680 -1.719791
v -0.714631 2.919782 -1.723825
v -0.716445 2.902438 -1.729031
v -0.744791 2.669798 -1.460772
v -0.744791 2.919782 -1.460772
v -0.636057 2.669798 -1.685870
v -0.636057 2.919782 -1.685870
v -0.813270 3.301319 -1.479751
v -0.823365 3.283975 -1.498728
v -0.828571 3.301319 -1.496913
v -0.819331 3.280077 -1.516041
v -0.813270 3.516615 -1.479751
v -0.823365 3.533959 -1.498728
v -0.819331 3.537857 -1.516041
v -0.828571 3.516614 -1.496913
v -0.693490 3.301319 -1.727714
v -0.714631 3.283975 -1.723825
v -0.716445 3.301319 -1.729031
v -0.697317 3.280077 -1.719791
v -0.693490 3.516615 -1.727714
v -0.697317 3.537857 -1.719791
v -0.714631 3.533959 -1.723825
v -0.716445 3.516614 -1.729031
v -0.744791 3.283975 -1.460772
v -0.744791 3.533959 -1.460772
v -0.636057 3.283975 -1.685870
v -0.636057 3.533959 -1.685870
v -0.813270 3.915496 -1.479751
v -0.823365 3.898152 -1.498728
v -0.828571 3.915496 -1.496913
v -0.819331 3.894254 -1.516041
v -0.813270 4.130792 -1.479751
v -0.823365 4.148136 -1.498728
v -0.819331 4.152034 -1.516041
v -0.828571 4.130792 -1.496913
v -0.693490 3.915496 -1.727714
v -0.714631 3.898152 -1.723825
v -0.716445 3.915496 -1.729031
v -0.697317 3.894254 -1.719791
v -0.693490 4.130792 -1.727714
v -0.697317 4.152034 -1.719791
v -0.714631 4.148136 -1.723825
v -0.716445 4.130792 -1.729031
v -0.744791 3.898152 -1.460772
v -0.744791 4.148136 -1.460772
v -0.636057 3.898152 -1.685870
v -0.636057 4.148136 -1.685870
v -0.533058 2.042924 -2.059835
v -0.542297 2.051723 -2.040708
v -0.556219 2.055621 -2.051762
v -0.552185 2.051723 -2.069075
v -0.533058 2.318302 -2.059835
v -0.556219 2.305605 -2.051762
v -0.552185 2.309503 -2.069075
v -0.561425 2.288260 -2.049947
v -0.439411 2.042924 -2.253697
v -0.458539 2.051723 -2.262938
v -0.447485 2.055621 -2.276859
v -0.430172 2.051723 -2.272825
v -0.439411 2.318302 -2.253697
v -0.447485 2.305605 -2.276859
v -0.449299 2.288260 -2.282065
v -0.458539 2.309503 -2.262938
v -0.477646 2.055621 -2.013806
v -0.477646 2.305605 -2.013806
v -0.368911 2.055621 -2.238904
v -0.368911 2.305605 -2.238904
v -0.533058 2.657101 -2.059835
v -0.546124 2.687142 -2.032784
v -0.556219 2.669798 -2.051762
v -0.561425 2.687142 -2.049947
v -0.552185 2.665900 -2.069075
v -0.546124 2.902438 -2.032784
v -0.533058 2.932479 -2.059835
v -0.556219 2.919782 -2.051762
v -0.552185 2.923680 -2.069075
v -0.561425 2.902438 -2.049947
v -0.439411 2.657101 -2.253697
v -0.426344 2.687142 -2.280748
v -0.458539 2.665900 -2.262938
v -0.447485 2.669798 -2.276859
v -0.449299 2.687142 -2.282065
v -0.439411 2.932479 -2.253697
v -0.426344 2.902438 -2.280748
v -0.447485 2.919782 -2.276859
v -0.449299 2.902438 -2.282065
v -0.458539 2.923680 -2.262938
v -0.477646 2.669798 -2.013806
v -0.477646 2.919782 -2.013806
v -0.368911 2.669798 -2.238904
v -0.368911 2.919782 -2.238904
v -0.533058 3.271278 -2.059835
v -0.546124 3.301319 -2.032784
v -0.556219 3.283975 -2.051762
v -0.561425 3.301319 -2.049947
v -0.552185 3.280077 -2.069075
v -0.546124 3.516615 -2.032784
v -0.533058 3.546656 -2.059835
v -0.556219 3.533959 -2.051762
v -0.552185 3.537857 -2.069075
v -0.561425 3.516614 -2.049947
v -0.439411 3.271278 -2.253697
v -0.426344 3.301319 -2.280748
v -0.458539 3.280077 -2.262938
v -0.447485 3.283975 -2.276859
v -0.449299 3.301319 -2.282065
v -0.439411 3.546656 -2.253697
v -0.426344 3.516615 -2.280748
v -0.447485 3.533959 -2.276859
v -0.449299 3.516614 -2.282065
v -0.458539 3.537857 -2.262938
v -0.477646 3.283975 -2.013806
v -0.477646 3.533959 -2.013806
v -0.368911 3.283975 -2.238904
v -0.368911 3.533959 -2.238904
v -0.533058 3.885455 -2.059835
v -0.546124 3.915496 -2.032784
v -0.556219 3.898152 -2.051762
v -0.561425 3.915496 -2.049947
v -0.552185 3.894254 -2.069075
v -0.546124 4.130792 -2.032784
v -0.533058 4.160832 -2.059835
v -0.556219 4.148136 -2.051762
v -0.552185 4.152034 -2.069075
v -0.561425 4.130792 -2.049947
v -0.439411 3.885455 -2.253697
v -0.426344 3.915496 -2.280748
v -0.458539 3.894254 -2.262938
v -0.447485 3.898152 -2.276859
v -0.449299 3.915496 -2.282065
v -0.439411 4.160832 -2.253697
v -0.426344 4.130792 -2.280748
v -0.447485 4.148136 -2.276859
v -0.449299 4.130792 -2.282065
v -0.458539 4.152034 -2.262938
v -0.477646 3.898152 -2.013806
v -0.477646 4.148136 -2.013806
v -0.368911 3.898152 -2.238904
v -0.368911 4.148136 -2.238904
v -0.108885 2.051723 -2.238647
v -0.122807 2.055621 -2.249701
v -0.108885 2.309503 -2.238647
v -0.122807 2.305605 -2.249701
v -0.095906 2.051723 -2.314353
v -0.084852 2.055621 -2.328276
v -0.084852 2.305605 -2.328276
v -0.086666 2.288260 -2.333481
v 0.113345 2.051723 -2.154889
v 0.102290 2.055621 -2.140967
v 0.102290 2.305605 -2.140967
v 0.113345 2.309503 -2.154889
v 0.140246 2.055621 -2.219541
v 0.136212 2.051723 -2.202228
v 0.140246 2.305605 -2.219541
v 0.145452 2.288260 -2.221355
v -0.126696 2.687142 -2.270842
v -0.108885 2.665900 -2.238647
v -0.122807 2.669798 -2.249701
v -0.128013 2.687142 -2.247887
v -0.126696 2.902438 -2.270842
v -0.108885 2.923680 -2.238647
v -0.122807 2.919782 -2.249701
v -0.128013 2.902438 -2.247887
v -0.084852 2.669798 -2.328276
v -0.084852 2.919782 -2.328276
v 0.121267 2.687142 -2.151062
v 0.113345 2.665900 -2.154889
v 0.102290 2.669798 -2.140967
v 0.104105 2.687142 -2.135761
v 0.121267 2.902438 -2.151062
v 0.102290 2.919782 -2.140967
v 0.104105 2.902438 -2.135761
v 0.113345 2.923680 -2.154889
v 0.140246 2.669798 -2.219541
v 0.140246 2.919782 -2.219541
v -0.108885 3.280077 -2.238647
v -0.122807 3.283975 -2.249701
v -0.128013 3.301319 -2.247887
v -0.108885 3.537857 -2.238647
v -0.122807 3.533959 -2.249701
v -0.118773 3.537857 -2.267015
v -0.084852 3.283975 -2.328276
v -0.084852 3.533959 -2.328276
v 0.113345 3.280077 -2.154889
v 0.102290 3.283975 -2.140967
v 0.104105 3.301319 -2.135761
v 0.102290 3.533959 -2.140967
v 0.113345 3.537857 -2.154889
v 0.140246 3.283975 -2.219541
v 0.140246 3.533959 -2.219541
v -0.108885 3.894254 -2.238647
v -0.122807 3.898152 -2.249701
v -0.128013 3.915496 -2.247887
v -0.108885 4.152034 -2.238647
v -0.122807 4.148136 -2.249701
v -0.118773 4.152034 -2.267015
v -0.084852 3.898152 -2.328276
v -0.084852 4.148136 -2.328276
v 0.113345 3.894254 -2.154889
v 0.102290 3.898152 -2.140967
v 0.104105 3.915496 -2.135761
v 0.102290 4.148136 -2.140967
v 0.113345 4.152034 -2.154889
v 0.140246 3.898152 -2.219541
v 0.140246 4.148136 -2.219541
v 0.430227 2.055621 -1.982556
v 0.434261 2.051723 -1.999869
v 0.430227 2.305605 -1.982556
v 0.434261 2.309503 -1.999869
v 0.425021 2.288260 -1.980741
v 0.468182 2.055621 -2.061130
v 0.468182 2.305605 -2.061130
v 0.655324 2.055621 -1.873821
v 0.657139 2.072965 -1.868616
v 0.638011 2.051723 -1.877855
v 0.638011 2.309503 -1.877855
v 0.655324 2.305605 -1.873821
v 0.666378 2.309503 -1.887743
v 0.693280 2.055621 -1.952395
v 0.693280 2.305605 -1.952395
v 0.426338 2.687142 -2.003696
v 0.430227 2.669798 -1.982556
v 0.425021 2.687142 -1.980741
v 0.434261 2.665900 -1.999869
v 0.426338 2.902438 -2.003696
v 0.430227 2.919782 -1.982556
v 0.434261 2.923680 -1.999869
v 0.425021 2.902438 -1.980741
v 0.468182 2.669798 -2.061130
v 0.468182 2.919782 -2.061130
v 0.674301 2.687142 -1.883916
v 0.655324 2.669798 -1.873821
v 0.657139 2.687142 -1.868616
v 0.638011 2.665900 -1.877855
v 0.674301 2.902438 -1.883916
v 0.638011 2.923680 -1.877855
v 0.655324 2.919782 -1.873821
v 0.657139 2.902438 -1.868616
v 0.693280 2.669798 -1.952395
v 0.693280 2.919782 -1.952395
v 0.430227 3.283975 -1.982556
v 0.425021 3.301319 -1.980741
v 0.434261 3.280077 -1.999869
v 0.430227 3.533959 -1.982556
v 0.434261 3.537857 -1.999869
v 0.468182 3.283975 -2.061130
v 0.468182 3.533959 -2.061130
v 0.655324 3.283975 -1.873821
v 0.657139 3.301319 -1.868616
v 0.638011 3.280077 -1.877855
v 0.638011 3.537857 -1.877855
v 0.655324 3.533959 -1.873821
v 0.666378 3.537857 -1.887743
v 0.693280 3.283975 -1.952395
v 0.693280 3.533959 -1.952395
v 0.430227 3.898152 -1.982556
v 0.425021 3.915496 -1.980741
v 0.434261 3.894254 -1.999869
v 0.430227 4.148136 -1.982556
v 0.434261 4.152034 -1.999869
v 0.468182 3.898152 -2.061130
v 0.468182 4.148136 -2.061130
v 0.655324 3.898152 -1.873821
v 0.657139 3.915496 -1.868616
v 0.638011 3.894254 -1.877855
v 0.638011 4.152034 -1.877855
v 0.655324 4.148136 -1.873821
v 0.666378 4.152034 -1.887743
v 0.693280 3.898152 -1.952395
v 0.693280 4.148136 -1.952395
v 0.997183 2.051723 -1.704356
v 0.983260 2.055621 -1.715410
v 0.978055 2.072965 -1.713595
v 0.997183 2.309503 -1.704356
v 0.983260 2.305605 -1.715410
v 0.987295 2.309503 -1.732723
v 1.021216 2.055621 -1.793984
v 1.021216 2.305605 -1.793984
v 1.219412 2.051723 -1.620597
v 1.208358 2.055621 -1.606675
v 1.208358 2.305605 -1.606675
v 1.219412 2.309503 -1.620597
v 1.246314 2.055621 -1.685249
v 1.242280 2.051723 -1.667936
v 1.246314 2.305605 -1.685249
v 1.251519 2.288260 -1.687064
v 0.979372 2.687142 -1.736550
v 0.997183 2.665900 -1.704356
v 0.983260 2.669798 -1.715410
v 0.978055 2.687142 -1.713595
v 0.979372 2.902438 -1.736550
v 0.983260 2.919782 -1.715410
v 0.987295 2.923680 -1.732723
v 0.978055 2.902438 -1.713595
v 1.021216 2.669798 -1.793984
v 1.021216 2.919782 -1.793984
v 1.227335 2.687142 -1.616770
v 1.219412 2.665900 -1.620597
v 1.208358 2.669798 -1.606675
v 1.210173 2.687142 -1.601470
v 1.227335 2.902438 -1.616770
v 1.191045 2.923680 -1.610710
v 1.208358 2.919782 -1.606675
v 1.210173 2.902438 -1.601470
v 1.246314 2.669798 -1.685249
v 1.246314 2.919782 -1.685249
v 0.983260 3.283975 -1.715410
v 0.978055 3.301319 -1.713595
v 0.987295 3.280077 -1.732723
v 0.997183 3.537857 -1.704356
v 0.983260 3.533959 -1.715410
v 0.987295 3.537857 -1.732723
v 1.021216 3.283975 -1.793984
v 1.021216 3.533959 -1.793984
v 1.208358 3.283975 -1.606675
v 1.210173 3.301319 -1.601470
v 1.191045 3.280077 -1.610710
v 1.208358 3.533959 -1.606675
v 1.219412 3.537857 -1.620597
v 1.246314 3.283975 -1.685249
v 1.246314 3.533959 -1.685249
v 0.983260 3.898152 -1.715410
v 0.978055 3.915496 -1.713595
v 0.987295 3.894254 -1.732723
v 0.983260 4.148136 -1.715410
v 0.987295 4.152034 -1.732723
v 1.021216 3.898152 -1.793984
v 1.021216 4.148136 -1.793984
v 1.208358 3.898152 -1.606675
v 1.210173 3.915496 -1.601470
v 1.191045 3.894254 -1.610710
v 1.191045 4.152034 -1.610710
v 1.208358 4.148136 -1.606675
v 1.219412 4.152034 -1.620597
v 1.246314 3.898152 -1.685249
v 1.246314 4.148136 -1.685249
v 1.536294 2.055621 -1.448264
v 1.540329 2.051723 -1.465577
v 1.536294 2.305605 -1.448264
v 1.540329 2.309503 -1.465577
v 1.531089 2.288260 -1.446450
v 1.574250 2.055621 -1.526838
v 1.574250 2.305605 -1.526838
v 1.772446 2.051723 -1.353451
v 1.761392 2.055621 -1.339529
v 1.744079 2.051723 -1.343564
v 1.744079 2.309503 -1.343564
v 1.761392 2.305605 -1.339529
v 1.763206 2.288260 -1.334324
v 1.799348 2.055621 -1.418103
v 1.799348 2.305605 -1.418103
v 1.532406 2.687142 -1.469404
v 1.536294 2.669798 -1.448264
v 1.531089 2.687142 -1.446450
v 1.540329 2.665900 -1.465577
v 1.532406 2.902438 -1.469404
v 1.536294 2.919782 -1.448264
v 1.540329 2.923680 -1.465577
v 1.531089 2.902438 -1.446450
v 1.574250 2.669798 -1.526838
v 1.574250 2.919782 -1.526838
v 1.780369 2.687142 -1.349624
v 1.761392 2.669798 -1.339529
v 1.763206 2.687142 -1.334324
v 1.744079 2.665900 -1.343564
v 1.780369 2.902438 -1.349624
v 1.744079 2.923680 -1.343564
v 1.761392 2.919782 -1.339529
v 1.763206 2.902438 -1.334324
v 1.799348 2.669798 -1.418103
v 1.799348 2.919782 -1.418103
v 1.536294 3.283975 -1.448264
v 1.531089 3.301319 -1.446450
v 1.540329 3.280077 -1.465577
v 1.536294 3.533959 -1.448264
v 1.540329 3.537857 -1.465577
v 1.574250 3.283975 -1.526838
v 1.574250 3.533959 -1.526838
v 1.761392 3.283975 -1.339529
v 1.763206 3.301319 -1.334324
v 1.744079 3.280077 -1.343564
v 1.744079 3.537857 -1.343564
v 1.761392 3.533959 -1.339529
v 1.772446 3.537857 -1.353451
v 1.799348 3.283975 -1.418103
v 1.799348 3.533959 -1.418103
v 1.536294 3.898152 -1.448264
v 1.531089 3.915496 -1.446450
v 1.540329 3.894254 -1.465577
v 1.536294 4.148136 -1.448264
v 1.540329 4.152034 -1.465577
v 1.574250 3.898152 -1.526838
v 1.574250 4.148136 -1.526838
v 1.761392 3.898152 -1.339529
v 1.763206 3.915496 -1.334324
v 1.744079 3.894254 -1.343564
v 1.744079 4.152034 -1.343564
v 1.761392 4.148136 -1.339529
v 1.772446 4.152034 -1.353451
v 1.799348 3.898152 -1.418103
v 1.799348 4.148136 -1.418103
v -1.069848 4.347376 -0.249303
v -1.083770 4.351274 -0.260358
v -1.079736 4.347376 -0.277671
v -1.083770 4.438535 -0.260358
v -0.975035 4.351274 -0.485455
v -0.976850 4.368618 -0.490661
v -0.957722 4.347376 -0.481421
v -0.975035 4.438535 -0.485455
v -0.847618 4.347376 -0.165545
v -0.858672 4.351274 -0.151623
v -0.856858 4.368618 -0.146417
v -0.858672 4.438535 -0.151623
v -0.749938 4.351274 -0.376721
v -0.744732 4.368618 -0.378535
v -0.749938 4.438535 -0.376721
v -0.802702 4.347376 -0.802337
v -0.816624 4.351274 -0.813391
v -0.821830 4.368618 -0.811577
v -0.816624 4.438535 -0.813391
v -0.718944 4.347376 -1.024567
v -0.707889 4.351274 -1.038489
v -0.690576 4.347376 -1.034455
v -0.707889 4.438535 -1.038489
v -0.591526 4.351274 -0.704657
v -0.589712 4.368618 -0.699451
v -0.591526 4.438535 -0.704657
v -0.482792 4.351274 -0.929755
v -0.477586 4.368618 -0.931569
v -0.486826 4.347376 -0.912441
v -0.482792 4.438535 -0.929755
v -0.535556 4.347376 -1.355371
v -0.549478 4.351274 -1.366425
v -0.554684 4.368618 -1.364611
v -0.549478 4.438535 -1.366425
v -0.451798 4.347376 -1.577601
v -0.440744 4.351274 -1.591523
v -0.423431 4.347376 -1.587489
v -0.440744 4.438535 -1.591523
v -0.324381 4.351274 -1.257691
v -0.322566 4.368618 -1.252485
v -0.324381 4.438535 -1.257691
v -0.215646 4.351274 -1.482788
v -0.210440 4.368618 -1.484603
v -0.219680 4.347376 -1.465475
v -0.215646 4.438535 -1.482788
v -0.286221 4.368618 -1.940600
v -0.268410 4.347376 -1.908405
v -0.282332 4.351274 -1.919459
v -0.278298 4.347376 -1.936772
v -0.282332 4.438535 -1.919459
v -0.192575 4.368618 -2.134462
v -0.184652 4.347376 -2.130635
v -0.173598 4.351274 -2.144557
v -0.156285 4.347376 -2.140522
v -0.173598 4.438535 -2.144557
v -0.038258 4.368618 -1.820819
v -0.046180 4.347376 -1.824647
v -0.057235 4.351274 -1.810725
v -0.055420 4.368618 -1.805519
v -0.057235 4.438535 -1.810725
v 0.055389 4.368618 -2.014682
v 0.051500 4.351274 -2.035822
v 0.056705 4.368618 -2.037637
v 0.047466 4.347376 -2.018509
v 0.051500 4.438535 -2.035822
v -0.516814 4.347376 0.017842
v -0.530736 4.351274 0.006788
v -0.526702 4.347376 -0.010525
v -0.530736 4.438535 0.006788
v -0.422001 4.351274 -0.218310
v -0.423816 4.368618 -0.223515
v -0.422001 4.438535 -0.218310
v -0.294584 4.347376 0.101601
v -0.305638 4.351274 0.115523
v -0.303824 4.368618 0.120728
v -0.305638 4.438535 0.115523
v -0.210826 4.347376 -0.120629
v -0.196904 4.351274 -0.109575
v -0.191698 4.368618 -0.111389
v -0.196904 4.438535 -0.109575
v -0.263590 4.351274 -0.546246
v -0.268796 4.368618 -0.544431
v -0.263590 4.438535 -0.546246
v -0.268796 4.421190 -0.544431
v -0.133715 4.368618 -0.775232
v -0.165910 4.347376 -0.757421
v -0.154856 4.351274 -0.771343
v -0.137542 4.347376 -0.767309
v -0.154856 4.438535 -0.771343
v -0.038492 4.351274 -0.437511
v -0.036678 4.368618 -0.432305
v -0.055806 4.442432 -0.441545
v -0.038492 4.438535 -0.437511
v 0.060147 4.368618 -0.681586
v 0.056320 4.347376 -0.673663
v 0.070242 4.351274 -0.662609
v 0.066208 4.347376 -0.645296
v 0.070242 4.438535 -0.662609
v 0.013651 4.368618 -1.080302
v 0.017478 4.347376 -1.088225
v 0.003556 4.351274 -1.099280
v 0.007590 4.347376 -1.116593
v 0.003556 4.438535 -1.099280
v 0.112290 4.351274 -1.324377
v 0.110476 4.368618 -1.329583
v 0.129603 4.442432 -1.320343
v 0.112290 4.438535 -1.324377
v 0.207513 4.368618 -0.986656
v 0.239708 4.347376 -1.004467
v 0.228653 4.351274 -0.990545
v 0.211340 4.347376 -0.994579
v 0.228653 4.438535 -0.990545
v 0.337388 4.351274 -1.215643
v 0.342593 4.368618 -1.217457
v 0.337388 4.438535 -1.215643
v 0.342593 4.421190 -1.217457
v 0.280796 4.368618 -1.633336
v 0.266813 4.368618 -1.673454
v 0.284624 4.347376 -1.641259
v 0.270701 4.351274 -1.652313
v 0.274736 4.347376 -1.669627
v 0.270701 4.438535 -1.652313
v 0.360459 4.368618 -1.867316
v 0.400576 4.368618 -1.881300
v 0.368382 4.347376 -1.863489
v 0.379436 4.351274 -1.877411
v 0.396749 4.347376 -1.873377
v 0.379436 4.438535 -1.877411
v 0.514776 4.368618 -1.553674
v 0.474659 4.368618 -1.539690
v 0.506853 4.347376 -1.557501
v 0.495799 4.351274 -1.543579
v 0.478486 4.347376 -1.547613
v 0.495799 4.438535 -1.543579
v 0.594439 4.368618 -1.787654
v 0.608423 4.368618 -1.747536
v 0.590612 4.347376 -1.779731
v 0.604534 4.351274 -1.768677
v 0.600500 4.347376 -1.751363
v 0.604534 4.438535 -1.768677
v 0.022298 4.351274 0.273934
v 0.017092 4.368618 0.275748
v 0.026332 4.347376 0.256621
v 0.022298 4.438535 0.273934
v 0.131033 4.351274 0.048836
v 0.129218 4.368618 0.043631
v 0.148346 4.347376 0.052870
v 0.131033 4.438535 0.048836
v 0.258450 4.347376 0.368746
v 0.247396 4.351274 0.382669
v 0.230082 4.347376 0.378634
v 0.247396 4.438535 0.382669
v 0.356130 4.351274 0.157571
v 0.361336 4.368618 0.155756
v 0.356130 4.438535 0.157571
v 0.299539 4.368618 -0.260123
v 0.303366 4.347376 -0.268046
v 0.289444 4.351274 -0.279100
v 0.284238 4.368618 -0.277285
v 0.289444 4.438535 -0.279100
v 0.419319 4.368618 -0.508086
v 0.387124 4.347376 -0.490275
v 0.398178 4.351274 -0.504198
v 0.415491 4.347376 -0.500163
v 0.398178 4.438535 -0.504198
v 0.493401 4.368618 -0.166477
v 0.514541 4.351274 -0.170365
v 0.516356 4.368618 -0.165160
v 0.497228 4.347376 -0.174399
v 0.514541 4.438535 -0.170365
v 0.613181 4.368618 -0.414440
v 0.609354 4.347376 -0.406517
v 0.623276 4.351274 -0.395463
v 0.619242 4.347376 -0.378150
v 0.623276 4.438535 -0.395463
v 0.566684 4.368618 -0.813157
v 0.570512 4.347376 -0.821079
v 0.556590 4.351274 -0.832134
v 0.560624 4.347376 -0.849447
v 0.556590 4.438535 -0.832134
v 0.665324 4.351274 -1.057231
v 0.663510 4.368618 -1.062437
v 0.682637 4.442432 -1.053197
v 0.665324 4.438535 -1.057231
v 0.760547 4.368618 -0.719510
v 0.792741 4.347376 -0.737321
v 0.781687 4.351274 -0.723399
v 0.764374 4.347376 -0.727433
v 0.781687 4.438535 -0.723399
v 0.890422 4.351274 -0.948497
v 0.895627 4.368618 -0.950311
v 0.890422 4.438535 -0.948497
v 0.895627 4.421190 -0.950311
v 0.833830 4.368618 -1.366191
v 0.819847 4.368618 -1.406308
v 0.837658 4.347376 -1.374114
v 0.823735 4.351274 -1.385168
v 0.827770 4.347376 -1.402481
v 0.823735 4.438535 -1.385168
v 0.913493 4.368618 -1.600170
v 0.953610 4.368618 -1.614154
v 0.921416 4.347376 -1.596343
v 0.932470 4.351274 -1.610265
v 0.949783 4.347376 -1.606231
v 0.932470 4.438535 -1.610265
v 1.067810 4.368618 -1.286528
v 1.027693 4.368618 -1.272544
v 1.059887 4.347376 -1.290355
v 1.048833 4.351274 -1.276433
v 1.031520 4.347376 -1.280467
v 1.048833 4.438535 -1.276433
v 1.147473 4.368618 -1.520508
v 1.161456 4.368618 -1.480390
v 1.143646 4.347376 -1.512585
v 1.157568 4.351274 -1.501531
v 1.153533 4.347376 -1.484218
v 1.157568 4.438535 -1.501531
v 0.575332 4.351274 0.541080
v 0.570126 4.368618 0.542894
v 0.579366 4.347376 0.523767
v 0.575332 4.438535 0.541080
v 0.684066 4.351274 0.315982
v 0.682252 4.368618 0.310777
v 0.684066 4.438535 0.315982
v 0.811484 4.347376 0.635892
v 0.800430 4.351274 0.649814
v 0.783116 4.347376 0.645780
v 0.800430 4.438535 0.649814
v 0.895242 4.347376 0.413662
v 0.909164 4.351274 0.424717
v 0.914370 4.368618 0.422902
v 0.909164 4.438535 0.424717
v 0.842478 4.351274 -0.011954
v 0.837272 4.368618 -0.010139
v 0.842478 4.438535 -0.011954
v 0.940158 4.347376 -0.223130
v 0.951212 4.351274 -0.237052
v 0.949398 4.368618 -0.242257
v 0.951212 4.438535 -0.237052
v 1.067575 4.351274 0.096781
v 1.069390 4.368618 0.101986
v 1.050262 4.347376 0.092746
v 1.067575 4.438535 0.096781
v 1.162388 4.347376 -0.139371
v 1.176310 4.351274 -0.128317
v 1.172276 4.347376 -0.111004
v 1.176310 4.438535 -0.128317
v 1.109623 4.351274 -0.564988
v 1.104418 4.368618 -0.563173
v 1.109623 4.438535 -0.564988
v 1.207304 4.347376 -0.776163
v 1.218358 4.351274 -0.790086
v 1.216543 4.368618 -0.795291
v 1.218358 4.438535 -0.790086
v 1.334721 4.351274 -0.456253
v 1.336535 4.368618 -0.451048
v 1.317408 4.347376 -0.460287
v 1.334721 4.438535 -0.456253
v 1.429534 4.347376 -0.692405
v 1.443456 4.351274 -0.681351
v 1.439421 4.347376 -0.664038
v 1.443456 4.438535 -0.681351
v 1.372880 4.368618 -1.139162
v 1.376769 4.351274 -1.118022
v 1.371564 4.368618 -1.116207
v 1.380803 4.347376 -1.135335
v 1.376769 4.438535 -1.118022
v 1.466527 4.368618 -1.333025
v 1.474450 4.347376 -1.329197
v 1.485504 4.351274 -1.343120
v 1.483689 4.368618 -1.348325
v 1.485504 4.438535 -1.343120
v 1.620844 4.368618 -1.019382
v 1.612921 4.347376 -1.023209
v 1.601867 4.351274 -1.009287
v 1.584554 4.347376 -1.013322
v 1.601867 4.438535 -1.009287
v 1.714490 4.368618 -1.213245
v 1.696679 4.347376 -1.245439
v 1.710602 4.351274 -1.234385
v 1.706567 4.347376 -1.217072
v 1.710602 4.438535 -1.234385
v -0.198436 3.266883 -2.049823
v -0.105253 3.189130 -2.147051
v -0.105253 2.764282 -2.147051
v -0.198436 2.686530 -2.049823
v 0.003457 3.054459 -2.130887
v 0.003457 2.898954 -2.130887
v -0.043180 3.189130 -2.031367
v 0.033339 3.054459 -2.045158
v 0.033339 2.898954 -2.045158
v -0.043180 2.764282 -2.031367
v 0.035267 3.054459 -1.954391
v 0.035267 2.898954 -1.954391
v -0.041769 2.764282 -1.964921
v -0.175200 2.686530 -1.983159
v 0.009053 3.054459 -1.867471
v 0.009053 2.898954 -1.867471
v -0.196101 3.266883 -1.939889
v -0.098873 3.189130 -1.846706
v -0.042739 3.054459 -1.792906
v -0.042739 2.898954 -1.792906
v -0.098873 2.764282 -1.846706
v -0.115037 3.054459 -1.737995
v -0.115037 2.898954 -1.737995
v -0.214557 3.189130 -1.784633
v -0.206089 3.126913 -1.737648
v -0.206089 2.826500 -1.737648
v -0.214557 2.764282 -1.784633
v -0.238445 2.686530 -1.917168
v -0.287468 3.126913 -1.735920
v -0.291532 3.054459 -1.706185
v -0.291532 2.898954 -1.706185
v -0.287468 2.826500 -1.735920
v -0.344633 3.189130 -1.802412
v -0.365399 3.126913 -1.759423
v -0.365399 2.826500 -1.759423
v -0.344633 2.764282 -1.802412
v -0.306035 3.266883 -1.937554
v -0.399218 3.189130 -1.840326
v -0.432252 3.126913 -1.805858
v -0.453018 3.054459 -1.784191
v -0.453018 2.898954 -1.784191
v -0.432252 2.826500 -1.805858
v -0.399218 2.764282 -1.840326
v -0.439416 3.189130 -1.893252
v -0.481484 3.126913 -1.870679
v -0.508275 3.126913 -1.947541
v -0.537811 3.054459 -1.942218
v -0.537811 2.898954 -1.942218
v -0.508275 2.826500 -1.947541
v -0.329272 3.266883 -2.004218
v -0.462703 3.189130 -2.022455
v -0.510004 3.126913 -2.028921
v -0.510004 2.826500 -2.028921
v -0.462703 2.764282 -2.022455
v -0.486501 3.126913 -2.106851
v -0.513524 3.054459 -2.119905
v -0.513524 2.898954 -2.119905
v -0.486501 2.826500 -2.106851
v -0.405598 3.189130 -2.140671
v -0.440066 3.126913 -2.173704
v -0.461733 3.054459 -2.194470
v -0.461733 2.898954 -2.194470
v -0.440066 2.826500 -2.173704
v -0.405598 2.764282 -2.140671
v -0.288998 3.266883 -2.062201
v -0.352672 3.189130 -2.180868
v -0.389434 3.054459 -2.249382
v -0.389434 2.898954 -2.249382
v -0.352672 2.764282 -2.180868
v -0.289914 3.189130 -2.202744
v -0.303706 3.054459 -2.279263
v -0.303706 2.898954 -2.279263
v -0.289914 2.764282 -2.202744
v -0.159839 3.189130 -2.184965
v -0.126019 3.054459 -2.254977
v -0.126019 2.898954 -2.254977
v -0.159839 2.764282 -2.184965
v 0.137466 3.731092 -2.073286
v 0.137466 3.874590 -2.073286
v 0.210772 3.731092 -2.225041
v 0.210772 3.874590 -2.225041
v 0.469558 3.731092 -1.912867
v 0.469558 3.874590 -1.912867
v 0.542864 3.731092 -2.064622
v 0.542864 3.874590 -2.064622
v 1.745236 3.236871 -1.187448
v 1.788287 3.189130 -1.232367
v 1.842086 3.054459 -1.288501
v 1.842086 2.898954 -1.288501
v 1.788287 2.764282 -1.232367
v 1.745236 2.716542 -1.187448
v 1.695103 2.686530 -1.135139
v 1.896997 3.054459 -1.216203
v 1.896997 2.898954 -1.216203
v 1.828484 2.764282 -1.179440
v 1.773660 2.716542 -1.150023
v 1.789129 3.236871 -1.105647
v 1.926879 3.054459 -1.130474
v 1.926879 2.898954 -1.130474
v 1.850359 2.764282 -1.116683
v 1.790127 3.236871 -1.058663
v 1.851771 3.189130 -1.050237
v 1.928807 3.054459 -1.039708
v 1.851771 2.764282 -1.050237
v 1.790127 2.716542 -1.058663
v 1.902592 3.054459 -0.952787
v 1.902592 2.898954 -0.952787
v 1.776557 2.716542 -1.013669
v 1.711316 2.686530 -1.045184
v 1.850801 2.898954 -0.878222
v 1.794667 2.764282 -0.932022
v 1.749748 2.716542 -0.975072
v 1.741740 3.189130 -0.891824
v 1.778503 3.054459 -0.823311
v 1.778503 2.898954 -0.823311
v 1.630774 3.266883 -1.001968
v 1.612537 3.189130 -0.868537
v 1.602007 3.054459 -0.791501
v 1.602007 2.898954 -0.791501
v 1.612537 2.764282 -0.868537
v 1.537372 3.236871 -0.970561
v 1.494322 3.189130 -0.925642
v 1.440522 3.054459 -0.869507
v 1.440522 2.898954 -0.869507
v 1.461288 2.826500 -0.891174
v 1.494322 2.764282 -0.925642
v 1.537372 2.716542 -0.970561
v 1.493479 3.236871 -1.052361
v 1.432249 3.189130 -1.041325
v 1.355729 3.054459 -1.027534
v 1.355729 2.898954 -1.027534
v 1.385264 2.826500 -1.032857
v 1.432249 2.764282 -1.041325
v 1.492481 3.236871 -1.099346
v 1.430837 3.189130 -1.107771
v 1.353801 3.054459 -1.118301
v 1.353801 2.898954 -1.118301
v 1.430837 2.764282 -1.107771
v 1.492481 2.716542 -1.099346
v 1.380016 3.054459 -1.205221
v 1.380016 2.898954 -1.205221
v 1.532861 3.236871 -1.182937
v 1.431807 3.054459 -1.279786
v 1.431807 2.898954 -1.279786
v 1.532861 2.716542 -1.182937
v 1.570285 3.236871 -1.211361
v 1.540868 3.189130 -1.266184
v 1.540868 2.764282 -1.266184
v 1.570285 2.716542 -1.211361
v 1.603625 3.189130 -1.288060
v 1.589834 3.054459 -1.364580
v 1.589834 2.898954 -1.364580
v 1.603625 2.764282 -1.288060
v 1.767521 3.054459 -1.340293
v 1.767521 2.898954 -1.340293
v 1.733701 2.764282 -1.270280
v 1.129321 3.731092 -1.594166
v 1.129321 3.874590 -1.594166
v 1.202626 3.731092 -1.745921
v 1.202626 3.874590 -1.745921
v 1.461413 3.731092 -1.433747
v 1.461413 3.874590 -1.433747
v 1.534719 3.731092 -1.585502
v 1.534719 3.874590 -1.585502
v 0.616738 3.790504 -1.921653
v 0.616738 3.915316 -1.921653
v 0.671027 3.790504 -2.034040
v 0.671027 3.915316 -2.034040
v 1.044714 3.790504 -1.714917
v 1.044714 3.915316 -1.714917
v 1.099004 3.790504 -1.827304
v 1.099004 3.915316 -1.827304
v -0.028781 3.035537 -2.274978
v -0.069356 3.080599 -2.294578
v -0.063523 3.054583 -2.262867
v -0.057472 3.048735 -2.288837
v -0.028781 3.668907 -2.274978
v -0.069356 3.623845 -2.294578
v -0.063523 3.649861 -2.262867
v -0.057472 3.655709 -2.288837
v -0.028781 3.035537 -2.274978
v -0.069356 3.080599 -2.294578
v -0.057472 3.048735 -2.288837
v -0.040891 3.054583 -2.309721
v -0.028781 3.668907 -2.274978
v -0.069356 3.623845 -2.294578
v -0.040891 3.649861 -2.309721
v -0.057472 3.655709 -2.288837
v 0.460384 3.035537 -2.038684
v 0.500960 3.080599 -2.019084
v 0.489075 3.048735 -2.024825
v 0.472494 3.054583 -2.003941
v 0.460384 3.668907 -2.038684
v 0.500960 3.623845 -2.019084
v 0.472494 3.649861 -2.003941
v 0.489075 3.655709 -2.024825
v 0.460384 3.035537 -2.038684
v 0.500960 3.080599 -2.019084
v 0.495127 3.054583 -2.050795
v 0.489075 3.048735 -2.024825
v 0.460384 3.668907 -2.038684
v 0.500960 3.623845 -2.019084
v 0.489075 3.655709 -2.024825
v 0.495127 3.649861 -2.050795
v -0.032746 3.092715 -2.238914
v -0.032746 3.611730 -2.238914
v 0.018782 3.092715 -2.345585
v 0.018782 3.611730 -2.345585
v 0.434599 3.092715 -2.013161
v 0.434599 3.611730 -2.013161
v 0.486127 3.092715 -2.119832
v 0.486127 3.611730 -2.119832
v 0.012886 3.410255 -2.236448
v 0.012886 3.569568 -2.236448
v 0.081746 3.410255 -2.378999
v 0.081746 3.569568 -2.378999
v 0.156339 3.410255 -2.167153
v 0.156339 3.569568 -2.167153
v 0.225199 3.410255 -2.309704
v 0.225199 3.569568 -2.309704
v 0.288276 3.192502 -2.113481
v 0.282832 3.205020 -2.102210
v 0.277005 3.205020 -2.118926
v 0.282832 3.257092 -2.102210
v 0.288276 3.269608 -2.113481
v 0.277005 3.257092 -2.118926
v 0.355789 3.192502 -2.253242
v 0.344518 3.205020 -2.258687
v 0.361233 3.205020 -2.264513
v 0.355789 3.269608 -2.253242
v 0.361233 3.257092 -2.264513
v 0.344518 3.257092 -2.258687
v 0.335164 3.192502 -2.090831
v 0.346435 3.205020 -2.085387
v 0.329719 3.205020 -2.079560
v 0.335164 3.269608 -2.090831
v 0.329719 3.257092 -2.079560
v 0.346435 3.257092 -2.085387
v 0.402677 3.192502 -2.230593
v 0.408121 3.205020 -2.241864
v 0.413948 3.205020 -2.225148
v 0.402677 3.269608 -2.230593
v 0.413948 3.257092 -2.225148
v 0.408121 3.257092 -2.241864
v 1.233579 3.035537 -1.665188
v 1.193003 3.080599 -1.684789
v 1.198836 3.054583 -1.653078
v 1.204888 3.048735 -1.679048
v 1.233579 3.668907 -1.665188
v 1.193003 3.623845 -1.684789
v 1.198836 3.649861 -1.653078
v 1.204888 3.655709 -1.679048
v 1.233579 3.035537 -1.665188
v 1.193003 3.080599 -1.684789
v 1.204888 3.048735 -1.679048
v 1.221469 3.054583 -1.699931
v 1.233579 3.668907 -1.665188
v 1.193003 3.623845 -1.684789
v 1.221469 3.649861 -1.699931
v 1.204888 3.655709 -1.679048
v 1.722744 3.035537 -1.428895
v 1.763319 3.080599 -1.409294
v 1.751435 3.048735 -1.415035
v 1.734854 3.054583 -1.394152
v 1.722744 3.668907 -1.428895
v 1.763319 3.623845 -1.409294
v 1.734854 3.649861 -1.394152
v 1.751435 3.655709 -1.415035
v 1.722744 3.035537 -1.428895
v 1.763319 3.080599 -1.409294
v 1.757486 3.054583 -1.441005
v 1.751435 3.048735 -1.415035
v 1.722744 3.668907 -1.428895
v 1.763319 3.623845 -1.409294
v 1.751435 3.655709 -1.415035
v 1.757486 3.649861 -1.441005
v 1.229614 3.092715 -1.629125
v 1.229614 3.611730 -1.629125
v 1.281142 3.092715 -1.735795
v 1.281142 3.611730 -1.735795
v 1.696959 3.092715 -1.403372
v 1.696959 3.611730 -1.403372
v 1.748487 3.092715 -1.510042
v 1.748487 3.611730 -1.510042
v 1.275246 3.410255 -1.626659
v 1.275246 3.569568 -1.626659
v 1.344106 3.410255 -1.769210
v 1.344106 3.569568 -1.769210
v 1.418699 3.410255 -1.557364
v 1.418699 3.569568 -1.557364
v 1.487559 3.410255 -1.699914
v 1.487559 3.569568 -1.699914
v 1.550636 3.192502 -1.503691
v 1.545192 3.205020 -1.492420
v 1.539365 3.205020 -1.509136
v 1.545192 3.257092 -1.492420
v 1.550636 3.269608 -1.503691
v 1.539365 3.257092 -1.509136
v 1.618149 3.192502 -1.643453
v 1.606878 3.205020 -1.648897
v 1.623593 3.205020 -1.654724
v 1.618149 3.269608 -1.643453
v 1.623593 3.257092 -1.654724
v 1.606878 3.257092 -1.648897
v 1.597524 3.192502 -1.481042
v 1.608795 3.205020 -1.475598
v 1.592079 3.205020 -1.469771
v 1.597524 3.269608 -1.481042
v 1.592079 3.257092 -1.469771
v 1.608795 3.257092 -1.475598
v 1.665036 3.192502 -1.620804
v 1.670481 3.205020 -1.632074
v 1.676307 3.205020 -1.615359
v 1.665036 3.269608 -1.620804
v 1.676307 3.257092 -1.615359
v 1.670481 3.257092 -1.632074
v 0.216744 2.420695 -1.838468
v 0.208302 2.440103 -1.820992
v 0.199268 2.440103 -1.846910
v 0.208302 3.162828 -1.820992
v 0.216744 3.182236 -1.838468
v 0.199268 3.162828 -1.846910
v 0.596439 2.420695 -2.624496
v 0.578963 2.440103 -2.632938
v 0.604881 2.440103 -2.641972
v 0.596439 3.182236 -2.624496
v 0.604881 3.162828 -2.641972
v 0.578963 3.162828 -2.632938
v 1.228193 2.420695 -1.349882
v 1.245669 2.440103 -1.341440
v 1.219751 2.440103 -1.332406
v 1.228193 3.182236 -1.349882
v 1.219751 3.162828 -1.332406
v 1.245669 3.162828 -1.341440
v 1.607888 2.420695 -2.135911
v 1.616330 2.440103 -2.153387
v 1.625364 2.440103 -2.127469
v 1.607888 3.182236 -2.135911
v 1.625364 3.162828 -2.127469
v 1.616330 3.162828 -2.153387
v 0.615502 2.592639 -2.333647
v 0.608467 2.608813 -2.319083
v 0.600939 2.608813 -2.340682
v 0.608467 3.094256 -2.319083
v 0.615502 3.110430 -2.333647
v 0.600939 3.094256 -2.340682
v 0.826653 2.592639 -2.770762
v 0.812090 2.608813 -2.777798
v 0.833688 2.608813 -2.785326
v 0.826653 3.110430 -2.770762
v 0.833688 3.094256 -2.785326
v 0.812090 3.094256 -2.777798
v 1.368208 2.592639 -1.970048
v 1.382771 2.608813 -1.963013
v 1.361173 2.608813 -1.955485
v 1.368208 3.110430 -1.970048
v 1.361173 3.094256 -1.955485
v 1.382771 3.094256 -1.963013
v 1.579359 2.592639 -2.407164
v 1.586394 2.608813 -2.421728
v 1.593923 2.608813 -2.400129
v 1.579359 3.110430 -2.407164
v 1.593923 3.094256 -2.400129
v 1.586394 3.094256 -2.421728
v 1.246689 3.219574 -2.679393
v 1.165955 3.219574 -2.512261
v 1.353507 3.170437 -2.627794
v 1.272773 3.170437 -2.460662
v 1.386253 3.116010 -2.611976
v 1.305519 3.116010 -2.444844
v 1.386253 2.987609 -2.611976
v 1.305519 2.987609 -2.444844
v 1.353507 2.933182 -2.627794
v 1.272773 2.933182 -2.460662
v 1.246689 2.884045 -2.679393
v 1.165955 2.884045 -2.512261
v 1.139871 2.933182 -2.730992
v 1.059137 2.933182 -2.563860
v 1.107124 2.987609 -2.746810
v 1.026390 2.987609 -2.579678
v 1.107124 3.116010 -2.746810
v 1.026390 3.116010 -2.579678
v 1.139871 3.170437 -2.730992
v 1.059137 3.170437 -2.563860
v 0.645236 2.221802 -2.306517
v 0.645236 2.580029 -2.306517
v 0.779274 2.221802 -2.583998
v 0.779274 2.580029 -2.583998
v 1.328474 2.221802 -1.976475
v 1.328474 2.580029 -1.976475
v 1.462513 2.221802 -2.253956
v 1.462513 2.580029 -2.253956
v 0.854920 2.241546 -2.338365
v 0.848413 2.263226 -2.336096
v 0.854920 2.360010 -2.338365
v 0.928226 2.241546 -2.490119
v 0.925958 2.263226 -2.496626
v 0.928226 2.360010 -2.490119
v 1.223079 2.241546 -2.160523
v 1.201438 2.236673 -2.165566
v 1.223079 2.360010 -2.160523
v 1.278983 2.236673 -2.326096
v 1.296385 2.241546 -2.312278
v 1.296385 2.360010 -2.312278
v 0.752968 2.436530 -2.479045
v 0.752968 2.665713 -2.479045
v 0.798209 2.436530 -2.572701
v 0.798209 2.665713 -2.572701
v 0.891708 2.436530 -2.412025
v 0.891708 2.665713 -2.412025
v 0.936949 2.436530 -2.505682
v 0.936949 2.665713 -2.505682
v 0.921283 2.436530 -2.397739
v 0.921283 2.665713 -2.397739
v 0.966524 2.436530 -2.491396
v 0.966524 2.665713 -2.491396
v 1.060023 2.436530 -2.330720
v 1.060023 2.665713 -2.330720
v 1.105264 2.436530 -2.424377
v 1.105264 2.665713 -2.424377
v 1.089597 2.436530 -2.316434
v 1.089597 2.665713 -2.316434
v 1.134839 2.436530 -2.410091
v 1.134839 2.665713 -2.410091
v 1.228338 2.436530 -2.249415
v 1.228338 2.665713 -2.249415
v 1.273579 2.436530 -2.343071
v 1.273579 2.665713 -2.343071
v 1.257912 2.436530 -2.235129
v 1.257912 2.665713 -2.235129
v 1.303153 2.436530 -2.328785
v 1.303153 2.665713 -2.328785
v 1.396652 2.436530 -2.168110
v 1.396652 2.665713 -2.168110
v 1.441893 2.436530 -2.261766
v 1.441893 2.665713 -2.261766
v -0.969933 3.763669 -1.216204
v -0.982698 3.782474 -1.200817
v -0.991189 3.777673 -1.226472
v -1.232935 4.870829 -1.321695
v -1.228817 4.889633 -1.341259
v -1.241426 4.866027 -1.347350
v -0.851576 3.763669 -1.461221
v -0.872832 3.777673 -1.471489
v -0.847458 3.782474 -1.480786
v -1.110460 4.889633 -1.586277
v -1.097694 4.870829 -1.601664
v -1.123069 4.866027 -1.592367
v -0.426754 3.917700 -0.953819
v -0.414145 3.941306 -0.947728
v -0.439520 3.936505 -0.938432
v -0.685638 5.043664 -1.078874
v -0.689756 5.024859 -1.059310
v -0.664382 5.029661 -1.068606
v -0.308397 3.917699 -1.198836
v -0.304279 3.936504 -1.218401
v -0.295788 3.941306 -1.192745
v -0.567281 5.043664 -1.323891
v -0.546025 5.029661 -1.313623
v -0.554516 5.024859 -1.339279
v -0.883429 4.069057 -1.398744
v -0.883429 4.738276 -1.398744
v -0.845719 4.064183 -1.488012
v -0.831902 4.069057 -1.505414
v -0.831902 4.738276 -1.505414
v -0.834170 4.716597 -1.511921
v -0.596421 4.069057 -1.260103
v -0.596421 4.738276 -1.260103
v -0.544894 4.069057 -1.366774
v -0.538387 4.090736 -1.369042
v -0.549937 4.743150 -1.345132
v -0.544894 4.738276 -1.366774
v 0.935229 3.917699 -0.295906
v 0.931111 3.936504 -0.276342
v 0.922620 3.941306 -0.301997
v 1.181347 5.024859 -0.155464
v 1.194113 5.043664 -0.170851
v 1.172857 5.029661 -0.181119
v 1.053586 3.917700 -0.540923
v 1.040977 3.941306 -0.547014
v 1.066351 3.936505 -0.556311
v 1.312470 5.043664 -0.415868
v 1.316588 5.024859 -0.435433
v 1.291213 5.029661 -0.426136
v 1.478408 3.763669 -0.033521
v 1.499664 3.777673 -0.023253
v 1.474289 3.782474 -0.013957
v 1.737292 4.889633 0.091534
v 1.724526 4.870829 0.106921
v 1.749901 4.866027 0.097625
v 1.596764 3.763669 -0.278538
v 1.609530 3.782474 -0.293926
v 1.618021 3.777673 -0.268270
v 1.855648 4.889633 -0.153483
v 1.868257 4.866027 -0.147392
v 1.859766 4.870828 -0.173048
v 1.280617 4.069057 -0.353391
v 1.280617 4.738276 -0.353391
v 1.318327 4.064183 -0.442658
v 1.332144 4.069057 -0.460061
v 1.332144 4.738276 -0.460061
v 1.329876 4.716597 -0.466568
v 1.567624 4.069057 -0.214750
v 1.567624 4.738276 -0.214750
v 1.619152 4.069057 -0.321420
v 1.625659 4.090736 -0.323688
v 1.614109 4.743150 -0.299779
v 1.619152 4.738276 -0.321420
v -1.090756 0.589888 -0.355404
v -1.097791 0.606062 -0.340841
v -1.105320 0.606062 -0.362439
v -1.097791 1.241711 -0.340841
v -1.090756 1.257885 -0.355404
v -1.105320 1.241711 -0.362439
v -0.879605 0.589888 -0.792520
v -0.894169 0.606062 -0.799555
v -0.872571 0.606062 -0.807084
v -0.879605 1.257885 -0.792520
v -0.872571 1.241711 -0.807084
v -0.894169 1.241711 -0.799555
v -0.653641 0.589888 -0.144253
v -0.639077 0.606062 -0.137218
v -0.660675 0.606062 -0.129690
v -0.653641 1.257885 -0.144253
v -0.660675 1.241711 -0.129690
v -0.639077 1.241711 -0.137218
v -0.442489 0.589888 -0.581369
v -0.435455 0.606062 -0.595933
v -0.427926 0.606062 -0.574334
v -0.442489 1.257885 -0.581369
v -0.427926 1.241711 -0.574334
v -0.435455 1.241711 -0.595933
v -1.017466 0.093879 -0.418444
v -1.017466 0.752519 -0.418444
v -0.839872 0.093879 -0.786093
v -0.839872 0.752519 -0.786093
v -0.649818 0.093879 -0.240849
v -0.649818 0.752519 -0.240849
v -0.472223 0.093879 -0.608498
v -0.472223 0.752519 -0.608498
v -1.074109 0.000000 -0.384640
v -1.074109 0.195504 -0.384640
v -0.761489 0.000000 -1.031812
v -0.761489 0.195504 -1.031812
v -0.641087 0.000000 -0.175468
v -0.641088 0.195504 -0.175467
v -0.328468 0.000000 -0.822639
v -0.328468 0.195504 -0.822639
v -0.789632 0.026404 -0.964649
v -0.800521 0.051438 -0.942107
v -0.812174 0.051438 -0.975538
v -0.800521 0.144065 -0.942107
v -0.789632 0.169100 -0.964649
v -0.812174 0.144065 -0.975538
v -0.666585 0.026404 -1.219375
v -0.689127 0.051438 -1.230264
v -0.655696 0.051438 -1.241917
v -0.666585 0.169100 -1.219375
v -0.655696 0.144065 -1.241917
v -0.689127 0.144065 -1.230264
v -0.706226 0.026404 -0.924359
v -0.683684 0.051438 -0.913470
v -0.717115 0.051438 -0.901817
v -0.706226 0.169100 -0.924359
v -0.717115 0.144065 -0.901817
v -0.683684 0.144065 -0.913470
v -0.583179 0.026404 -1.179086
v -0.572290 0.051438 -1.201628
v -0.560637 0.051438 -1.168197
v -0.583179 0.169100 -1.179086
v -0.560637 0.144065 -1.168197
v -0.572290 0.144065 -1.201628
v -0.618311 0.026404 -0.881892
v -0.629200 0.051438 -0.859350
v -0.640853 0.051438 -0.892781
v -0.629200 0.144065 -0.859350
v -0.618311 0.169100 -0.881892
v -0.640853 0.144065 -0.892781
v -0.495264 0.026404 -1.136618
v -0.517807 0.051438 -1.147507
v -0.484375 0.051438 -1.159160
v -0.495264 0.169100 -1.136618
v -0.484375 0.144065 -1.159160
v -0.517807 0.144065 -1.147507
v -0.534905 0.026404 -0.841602
v -0.512363 0.051438 -0.830713
v -0.545794 0.051438 -0.819060
v -0.534905 0.169100 -0.841602
v -0.545794 0.144065 -0.819060
v -0.512363 0.144065 -0.830713
v -0.411858 0.026404 -1.096328
v -0.400969 0.051438 -1.118870
v -0.389316 0.051438 -1.085439
v -0.411858 0.169100 -1.096328
v -0.389316 0.144065 -1.085439
v -0.400969 0.144065 -1.118870
v -0.446991 0.026404 -0.799135
v -0.457880 0.051438 -0.776593
v -0.469533 0.051438 -0.810024
v -0.457880 0.144065 -0.776593
v -0.446991 0.169100 -0.799135
v -0.469533 0.144065 -0.810024
v -0.323944 0.026404 -1.053861
v -0.346486 0.051438 -1.064750
v -0.313055 0.051438 -1.076403
v -0.323944 0.169100 -1.053861
v -0.313055 0.144065 -1.076403
v -0.346486 0.144065 -1.064750
v -0.363585 0.026404 -0.758845
v -0.341043 0.051438 -0.747956
v -0.374474 0.051438 -0.736303
v -0.363585 0.169100 -0.758845
v -0.374474 0.144065 -0.736303
v -0.341043 0.144065 -0.747956
v -0.240538 0.026404 -1.013571
v -0.229649 0.051438 -1.036113
v -0.217996 0.051438 -1.002682
v -0.240538 0.169100 -1.013571
v -0.217996 0.144065 -1.002682
v -0.229649 0.144065 -1.036113
v 0.442109 0.589888 0.385054
v 0.435074 0.606062 0.399618
v 0.427546 0.606062 0.378019
v 0.435074 1.241711 0.399618
v 0.442109 1.257885 0.385054
v 0.427546 1.241711 0.378019
v 0.653260 0.589888 -0.052062
v 0.638697 0.606062 -0.059097
v 0.660295 0.606062 -0.066625
v 0.653260 1.257885 -0.052062
v 0.660295 1.241711 -0.066625
v 0.638697 1.241711 -0.059097
v 0.879225 0.589888 0.596205
v 0.893789 0.606062 0.603240
v 0.872190 0.606062 0.610769
v 0.879225 1.257885 0.596205
v 0.872190 1.241711 0.610769
v 0.893789 1.241711 0.603240
v 1.090376 0.589888 0.159089
v 1.097411 0.606062 0.144526
v 1.104939 0.606062 0.166124
v 1.090376 1.257885 0.159089
v 1.104939 1.241711 0.166124
v 1.097411 1.241711 0.144526
v 0.515399 0.093879 0.322014
v 0.515399 0.752519 0.322014
v 0.692994 0.093879 -0.045634
v 0.692994 0.752519 -0.045634
v 0.883048 0.093879 0.499609
v 0.883048 0.752519 0.499609
v 1.060642 0.093879 0.131960
v 1.060642 0.752519 0.131960
v 0.458757 0.000000 0.355818
v 0.458757 0.195504 0.355818
v 0.771376 0.000000 -0.291353
v 0.771376 0.195504 -0.291353
v 0.891778 0.000000 0.564991
v 0.891778 0.195504 0.564991
v 1.204397 0.000000 -0.082180
v 1.204397 0.195504 -0.082180
v 0.743234 0.026404 -0.224191
v 0.732345 0.051438 -0.201648
v 0.720692 0.051438 -0.235080
v 0.732345 0.144065 -0.201648
v 0.743234 0.169100 -0.224191
v 0.720692 0.144065 -0.235080
v 0.866281 0.026404 -0.478917
v 0.843739 0.051438 -0.489806
v 0.877170 0.051438 -0.501459
v 0.866281 0.169100 -0.478917
v 0.877170 0.144065 -0.501459
v 0.843739 0.144065 -0.489806
v 0.826640 0.026404 -0.183901
v 0.849182 0.051438 -0.173012
v 0.815751 0.051438 -0.161359
v 0.826640 0.169100 -0.183901
v 0.815751 0.144065 -0.161359
v 0.849182 0.144065 -0.173012
v 0.949687 0.026404 -0.438627
v 0.960576 0.051438 -0.461169
v 0.972229 0.051438 -0.427738
v 0.949687 0.169100 -0.438627
v 0.972229 0.144065 -0.427738
v 0.960576 0.144065 -0.461169
v 0.914554 0.026404 -0.141433
v 0.903665 0.051438 -0.118891
v 0.892012 0.051438 -0.152323
v 0.903665 0.144065 -0.118891
v 0.914554 0.169100 -0.141433
v 0.892012 0.144065 -0.152323
v 1.037601 0.026404 -0.396160
v 1.015059 0.051438 -0.407049
v 1.048490 0.051438 -0.418702
v 1.037601 0.169100 -0.396160
v 1.048490 0.144065 -0.418702
v 1.015059 0.144065 -0.407049
v 0.997960 0.026404 -0.101144
v 1.020502 0.051438 -0.090255
v 0.987071 0.051438 -0.078602
v 0.997960 0.169100 -0.101144
v 0.987071 0.144065 -0.078602
v 1.020502 0.144065 -0.090255
v 1.121007 0.026404 -0.355870
v 1.131896 0.051438 -0.378412
v 1.143549 0.051438 -0.344981
v 1.121007 0.169100 -0.355870
v 1.143549 0.144065 -0.344981
v 1.131896 0.144065 -0.378412
v 1.085875 0.026404 -0.058676
v 1.074986 0.051438 -0.036134
v 1.063333 0.051438 -0.069565
v 1.074986 0.144065 -0.036134
v 1.085875 0.169100 -0.058676
v 1.063333 0.144065 -0.069565
v 1.208921 0.026404 -0.313403
v 1.186379 0.051438 -0.324292
v 1.219810 0.051438 -0.335945
v 1.208921 0.169100 -0.313403
v 1.219810 0.144065 -0.335945
v 1.186379 0.144065 -0.324292
v 1.169281 0.026404 -0.018387
v 1.191823 0.051438 -0.007498
v 1.158391 0.051438 0.004155
v 1.169281 0.169100 -0.018387
v 1.158391 0.144065 0.004155
v 1.191823 0.144065 -0.007498
v 1.292327 0.026404 -0.273113
v 1.303216 0.051438 -0.295655
v 1.314870 0.051438 -0.262224
v 1.292327 0.169100 -0.273113
v 1.314870 0.144065 -0.262224
v 1.303216 0.144065 -0.295655
v -1.852993 0.589888 1.222546
v -1.860028 0.606062 1.237109
v -1.867556 0.606062 1.215511
v -1.860028 1.241711 1.237109
v -1.852993 1.257885 1.222546
v -1.867556 1.241711 1.215511
v -1.641842 0.589888 0.785430
v -1.656405 0.606062 0.778395
v -1.634807 0.606062 0.770866
v -1.641842 1.257885 0.785430
v -1.634807 1.241711 0.770866
v -1.656405 1.241711 0.778395
v -1.415877 0.589888 1.433697
v -1.401314 0.606062 1.440732
v -1.422912 0.606062 1.448260
v -1.415877 1.257885 1.433697
v -1.422912 1.241711 1.448260
v -1.401314 1.241711 1.440732
v -1.204726 0.589888 0.996581
v -1.197691 0.606062 0.982017
v -1.190163 0.606062 1.003616
v -1.204726 1.257885 0.996581
v -1.190163 1.241711 1.003616
v -1.197691 1.241711 0.982017
v -1.779703 0.093879 1.159506
v -1.779703 0.752519 1.159506
v -1.602108 0.093879 0.791857
v -1.602108 0.752519 0.791857
v -1.412054 0.093879 1.337101
v -1.412054 0.752519 1.337101
v -1.234460 0.093879 0.969452
v -1.234460 0.752519 0.969452
v -1.836345 0.000000 1.193309
v -1.836345 0.195504 1.193309
v -1.523726 0.000000 0.546138
v -1.523726 0.195504 0.546138
v -1.403324 0.000000 1.402482
v -1.403324 0.195504 1.402482
v -1.090705 0.000000 0.755311
v -1.090705 0.195504 0.755311
v -1.551868 0.026404 0.613301
v -1.562757 0.051438 0.635843
v -1.574410 0.051438 0.602412
v -1.562757 0.144065 0.635843
v -1.551868 0.169100 0.613301
v -1.574410 0.144065 0.602412
v -1.428821 0.026404 0.358575
v -1.451364 0.051438 0.347686
v -1.417932 0.051438 0.336032
v -1.428821 0.169100 0.358575
v -1.417932 0.144065 0.336032
v -1.451364 0.144065 0.347686
v -1.468462 0.026404 0.653590
v -1.445920 0.051438 0.664479
v -1.479351 0.051438 0.676133
v -1.468462 0.169100 0.653590
v -1.479351 0.144065 0.676133
v -1.445920 0.144065 0.664479
v -1.345415 0.026404 0.398864
v -1.334526 0.051438 0.376322
v -1.322873 0.051438 0.409753
v -1.345415 0.169100 0.398864
v -1.322873 0.144065 0.409753
v -1.334526 0.144065 0.376322
v -1.380548 0.026404 0.696058
v -1.391437 0.051438 0.718600
v -1.403090 0.051438 0.685169
v -1.391437 0.144065 0.718600
v -1.380548 0.169100 0.696058
v -1.403090 0.144065 0.685169
v -1.257501 0.026404 0.441332
v -1.280043 0.051438 0.430443
v -1.246612 0.051438 0.418790
v -1.257501 0.169100 0.441332
v -1.246612 0.144065 0.418790
v -1.280043 0.144065 0.430443
v -1.297142 0.026404 0.736348
v -1.274600 0.051438 0.747237
v -1.308031 0.051438 0.758890
v -1.297142 0.169100 0.736348
v -1.308031 0.144065 0.758890
v -1.274600 0.144065 0.747237
v -1.174095 0.026404 0.481621
v -1.163206 0.051438 0.459079
v -1.151553 0.051438 0.492510
v -1.174095 0.169100 0.481621
v -1.151553 0.144065 0.492510
v -1.163206 0.144065 0.459079
v -1.209228 0.026404 0.778815
v -1.220117 0.051438 0.801357
v -1.231770 0.051438 0.767926
v -1.220117 0.144065 0.801357
v -1.209228 0.169100 0.778815
v -1.231770 0.144065 0.767926
v -1.086181 0.026404 0.524089
v -1.108723 0.051438 0.513200
v -1.075292 0.051438 0.501547
v -1.086181 0.169100 0.524089
v -1.075292 0.144065 0.501547
v -1.108723 0.144065 0.513200
v -1.125822 0.026404 0.819105
v -1.103279 0.051438 0.829994
v -1.136711 0.051438 0.841647
v -1.125822 0.169100 0.819105
v -1.136711 0.144065 0.841647
v -1.103279 0.144065 0.829994
v -1.002775 0.026404 0.564378
v -0.991886 0.051438 0.541836
v -0.980233 0.051438 0.575268
v -1.002775 0.169100 0.564378
v -0.980233 0.144065 0.575268
v -0.991886 0.144065 0.541836
v -0.320127 0.589888 1.963004
v -0.327162 0.606062 1.977567
v -0.334691 0.606062 1.955969
v -0.327162 1.241711 1.977567
v -0.320127 1.257885 1.963004
v -0.334691 1.241711 1.955969
v -0.108976 0.589888 1.525888
v -0.123540 0.606062 1.518853
v -0.101941 0.606062 1.511325
v -0.108976 1.257885 1.525888
v -0.101941 1.241711 1.511325
v -0.123540 1.241711 1.518853
v 0.116989 0.589888 2.174155
v 0.131552 0.606062 2.181190
v 0.109954 0.606062 2.188718
v 0.116989 1.257885 2.174155
v 0.109954 1.241711 2.188718
v 0.131552 1.241711 2.181190
v 0.328140 0.589888 1.737039
v 0.335175 0.606062 1.722476
v 0.342703 0.606062 1.744074
v 0.328140 1.257885 1.737039
v 0.342703 1.241711 1.744074
v 0.335175 1.241711 1.722476
v -0.246838 0.093879 1.899964
v -0.246838 0.752519 1.899964
v -0.069243 0.093879 1.532316
v -0.069243 0.752519 1.532316
v 0.120811 0.093879 2.077559
v 0.120811 0.752519 2.077559
v 0.298406 0.093879 1.709910
v 0.298406 0.752519 1.709910
v -0.303480 0.000000 1.933768
v -0.303480 0.195504 1.933768
v 0.009140 0.000000 1.286597
v 0.009140 0.195504 1.286597
v 0.129541 0.000000 2.142941
v 0.129541 0.195504 2.142941
v 0.442161 0.000000 1.495770
v 0.442161 0.195504 1.495770
v -0.019002 0.026404 1.353759
v -0.029892 0.051438 1.376301
v -0.041545 0.051438 1.342870
v -0.029892 0.144065 1.376301
v -0.019002 0.169100 1.353759
v -0.041545 0.144065 1.342870
v 0.104044 0.026404 1.099033
v 0.081502 0.051438 1.088144
v 0.114933 0.051438 1.076491
v 0.104044 0.169100 1.099033
v 0.114933 0.144065 1.076491
v 0.081502 0.144065 1.088144
v 0.064403 0.026404 1.394049
v 0.086946 0.051438 1.404938
v 0.053514 0.051438 1.416591
v 0.064403 0.169100 1.394049
v 0.053514 0.144065 1.416591
v 0.086946 0.144065 1.404938
v 0.187450 0.026404 1.139323
v 0.198339 0.051438 1.116781
v 0.209992 0.051438 1.150212
v 0.187450 0.169100 1.139323
v 0.209992 0.144065 1.150212
v 0.198339 0.144065 1.116781
v 0.152318 0.026404 1.436516
v 0.141429 0.051438 1.459059
v 0.129776 0.051438 1.425627
v 0.141429 0.144065 1.459059
v 0.152318 0.169100 1.436516
v 0.129776 0.144065 1.425627
v 0.275365 0.026404 1.181790
v 0.252822 0.051438 1.170901
v 0.286254 0.051438 1.159248
v 0.275365 0.169100 1.181790
v 0.286254 0.144065 1.159248
v 0.252822 0.144065 1.170901
v 0.235724 0.026404 1.476806
v 0.258266 0.051438 1.487695
v 0.224835 0.051438 1.499348
v 0.235724 0.169100 1.476806
v 0.224835 0.144065 1.499348
v 0.258266 0.144065 1.487695
v 0.358770 0.026404 1.222080
v 0.369660 0.051438 1.199538
v 0.381313 0.051438 1.232969
v 0.358770 0.169100 1.222080
v 0.381313 0.144065 1.232969
v 0.369660 0.144065 1.199538
v 0.323638 0.026404 1.519274
v 0.312749 0.051438 1.541816
v 0.301096 0.051438 1.508384
v 0.312749 0.144065 1.541816
v 0.323638 0.169100 1.519274
v 0.301096 0.144065 1.508384
v 0.446685 0.026404 1.264547
v 0.424143 0.051438 1.253658
v 0.457574 0.051438 1.242005
v 0.446685 0.169100 1.264547
v 0.457574 0.144065 1.242005
v 0.424143 0.144065 1.253658
v 0.407044 0.026404 1.559563
v 0.429586 0.051438 1.570452
v 0.396155 0.051438 1.582105
v 0.407044 0.169100 1.559563
v 0.396155 0.144065 1.582105
v 0.429586 0.144065 1.570452
v 0.530091 0.026404 1.304837
v 0.540980 0.051438 1.282295
v 0.552633 0.051438 1.315726
v 0.530091 0.169100 1.304837
v 0.552633 0.144065 1.315726
v 0.540980 0.144065 1.282295
v -1.628502 1.569526 2.672140
v -1.636943 1.588934 2.689616
v -1.645978 1.588934 2.663698
v -1.636943 2.111384 2.689616
v -1.628502 2.130792 2.672140
v -1.645978 2.111384 2.663698
v -1.281474 1.569526 1.953737
v -1.298950 1.588934 1.945296
v -1.273032 1.588934 1.936261
v -1.281474 2.130792 1.953737
v -1.273032 2.111384 1.936261
v -1.298950 2.111384 1.945296
v -1.158064 1.569526 2.899387
v -1.140588 1.588934 2.907829
v -1.166505 1.588934 2.916863
v -1.158064 2.130792 2.899387
v -1.166505 2.111384 2.916863
v -1.140588 2.111384 2.907829
v -0.811036 1.569526 2.180985
v -0.802594 1.588934 2.163509
v -0.793560 1.588934 2.189427
v -0.811036 2.130792 2.180985
v -0.793560 2.111384 2.189427
v -0.802594 2.111384 2.163509
v -1.795665 1.901645 3.161578
v -1.795665 2.299361 3.161578
v -1.600894 1.901645 2.758372
v -1.600894 2.299361 2.758372
v -1.437543 1.901645 3.334570
v -1.437543 2.299361 3.334570
v -1.242773 1.901645 2.931364
v -1.242773 2.299361 2.931364
v -0.838718 1.945961 -0.204028
v -0.897650 1.618871 -0.082031
v -0.807186 2.027179 -0.113564
v -0.752453 1.850159 -0.162357
v -0.807186 1.673139 -0.113564
v -0.843675 2.081447 0.009721
v -0.762591 2.027179 0.014372
v -0.689388 1.850159 0.018571
v -0.762591 1.673139 0.014372
v -0.843675 1.618871 0.009721
v -0.875569 2.081447 0.075745
v -0.821523 2.027179 0.136369
v -0.785410 1.945961 0.176877
v -0.772729 1.850159 0.191101
v -0.785410 1.754357 0.176877
v -0.821523 1.673139 0.136369
v -0.875569 1.618871 0.075745
v -0.881055 2.027179 0.171390
v -0.863193 1.945961 0.222634
v -0.856921 1.850159 0.240629
v -0.863193 1.754357 0.222634
v -0.881055 1.673139 0.171390
v -0.980991 2.081447 0.090499
v -1.016318 2.027179 0.163631
v -1.039923 1.945961 0.212496
v -1.048212 1.850159 0.229656
v -1.039923 1.754357 0.212496
v -1.016318 1.673139 0.163631
v -0.980991 1.618871 0.090499
v -1.071455 2.027179 0.122032
v -1.111963 1.945961 0.158145
v -1.126188 1.850159 0.170826
v -1.111963 1.754357 0.158145
v -1.071455 1.673139 0.122032
v -1.034966 2.081447 -0.001252
v -1.116050 2.027179 -0.005904
v -1.189254 1.850159 -0.010103
v -1.170228 1.754357 -0.009012
v -1.116050 1.673139 -0.005904
v -1.034966 1.618871 -0.001252
v -1.098717 2.027179 -0.072763
v -1.164742 1.850159 -0.104657
v -1.105912 1.850159 -0.182633
v -1.093231 1.754357 -0.168409
v -1.057118 1.673139 -0.127901
v -1.003072 1.618871 -0.067277
v -0.997586 2.027179 -0.162922
v -1.021720 1.850159 -0.232160
v -1.015448 1.754357 -0.214166
v -0.997586 1.673139 -0.162922
v -0.933834 2.081447 -0.091411
v -0.929183 2.027179 -0.172495
v -0.926075 1.945961 -0.226674
v -0.924983 1.850159 -0.245699
v -0.926075 1.754357 -0.226674
v -0.929183 1.673139 -0.172495
v -0.862323 2.027179 -0.155163
v -0.862323 1.673139 -0.155163
v 0.177776 2.071133 1.260071
v 0.186065 1.975331 1.242912
v 0.177776 1.879529 1.260071
v 0.118845 1.744043 1.382068
v 0.249817 2.071133 1.314423
v 0.249817 1.879529 1.314423
v 0.172819 2.206619 1.473820
v 0.308082 2.071133 1.481579
v 0.327107 1.975331 1.482670
v 0.308082 1.879529 1.481579
v 0.253903 1.798311 1.478471
v 0.172819 1.744043 1.473820
v 0.140926 2.206619 1.539844
v 0.231084 2.071133 1.640976
v 0.243765 1.975331 1.655200
v 0.231084 1.879529 1.640976
v 0.194972 1.798311 1.600468
v 0.140926 1.744043 1.539844
v 0.153301 2.071133 1.686733
v 0.159573 1.975331 1.704728
v 0.153301 1.879529 1.686733
v 0.135439 1.798311 1.635489
v 0.071687 2.206619 1.563978
v 0.063928 2.071133 1.699241
v -0.023428 2.071133 1.676595
v -0.031717 1.975331 1.693754
v -0.023428 1.879529 1.676595
v 0.000176 1.798311 1.627730
v 0.035503 1.744043 1.554598
v -0.054961 2.152351 1.586131
v -0.095469 2.071133 1.622244
v -0.109693 1.975331 1.634925
v -0.095469 1.879529 1.622244
v -0.054961 1.798311 1.586131
v -0.013290 2.206619 1.499866
v -0.089982 2.152351 1.526598
v -0.089982 1.798311 1.526598
v -0.013290 1.744043 1.499866
v -0.099555 2.152351 1.458195
v -0.153734 2.071133 1.455087
v -0.172759 1.975331 1.453996
v -0.153734 1.879529 1.455087
v -0.099555 1.798311 1.458195
v -0.131088 2.071133 1.367731
v -0.131088 1.879529 1.367731
v -0.076736 2.071133 1.295690
v 0.045641 2.206619 1.377869
v 0.018909 2.152351 1.301177
v 0.001047 2.071133 1.249933
v -0.005225 1.975331 1.231939
v 0.001047 1.879529 1.249933
v 0.018909 1.798311 1.301177
v 0.045641 1.744043 1.377869
v 0.118845 2.206619 1.382068
v 0.154172 1.798311 1.308936
v 0.213123 1.570446 -0.251974
v 0.221412 1.474643 -0.269133
v 0.213123 1.378841 -0.251974
v 0.154191 1.243356 -0.129977
v 0.184032 1.705931 -0.107464
v 0.244656 1.651663 -0.161510
v 0.285163 1.570446 -0.197623
v 0.330921 1.570446 -0.119839
v 0.330921 1.378841 -0.119839
v 0.208166 1.705931 -0.038225
v 0.343429 1.570446 -0.030466
v 0.343429 1.378841 -0.030466
v 0.208166 1.243356 -0.038225
v 0.320783 1.570446 0.056890
v 0.320783 1.378841 0.056890
v 0.144053 1.705931 0.046752
v 0.170786 1.651663 0.123444
v 0.188648 1.570446 0.174688
v 0.194920 1.474643 0.192682
v 0.188648 1.378841 0.174688
v 0.170786 1.297623 0.123444
v 0.144053 1.243356 0.046752
v 0.035523 1.651663 0.115685
v 0.011918 1.570446 0.164550
v 0.003630 1.474643 0.181709
v 0.011918 1.378841 0.164550
v 0.035523 1.297623 0.115685
v 0.041010 1.705931 0.020040
v -0.019614 1.651663 0.074086
v -0.060122 1.570446 0.110198
v -0.074347 1.474643 0.122879
v -0.060122 1.378841 0.110198
v -0.019614 1.297623 0.074086
v 0.041010 1.243356 0.020040
v -0.064209 1.651663 -0.053850
v -0.118387 1.570446 -0.056958
v -0.137412 1.474643 -0.058049
v -0.118387 1.378841 -0.056958
v -0.064209 1.297623 -0.053850
v 0.026256 1.705931 -0.085383
v -0.046876 1.651663 -0.120710
v -0.095742 1.570446 -0.144314
v -0.112901 1.474643 -0.152603
v -0.095742 1.378841 -0.144314
v -0.046876 1.297623 -0.120710
v -0.005277 1.297623 -0.175847
v 0.048769 1.243356 -0.115223
v 0.080988 1.705931 -0.134176
v 0.054255 1.651663 -0.210868
v 0.036394 1.570446 -0.262112
v 0.030121 1.474643 -0.280107
v 0.054255 1.297623 -0.210868
v 0.189518 1.651663 -0.203109
v 0.189518 1.297623 -0.203109
v -1.004443 1.994387 1.117480
v -0.974603 2.456962 1.139994
v -0.873471 2.321477 1.049835
v -0.859246 2.225675 1.037154
v -0.873471 2.129872 1.049835
v -0.913978 2.048655 1.085947
v -0.950468 2.456962 1.209232
v -0.869384 2.402694 1.213883
v -0.815206 2.321477 1.216991
v -0.796180 2.225675 1.218082
v -0.815206 2.129872 1.216991
v -0.869384 2.048655 1.213883
v -0.950468 1.994387 1.209232
v -0.928316 2.402694 1.335880
v -0.879522 2.225675 1.390612
v -0.892203 2.129872 1.376388
v -0.982362 1.994387 1.275256
v -1.051600 2.456962 1.299390
v -1.056251 2.402694 1.380475
v -1.059359 2.321477 1.434653
v -1.060451 2.225675 1.453678
v -1.059359 2.129872 1.434653
v -1.051600 1.994387 1.299390
v -1.218756 2.321477 1.357656
v -1.218756 2.129872 1.357656
v -1.213270 2.402694 1.262011
v -1.264513 2.321477 1.279872
v -1.264513 2.129872 1.279872
v -1.136578 1.994387 1.235278
v -1.141759 2.456962 1.198259
v -1.222843 2.402694 1.193607
v -1.277021 2.321477 1.190499
v -1.277021 2.129872 1.190499
v -1.109865 2.456962 1.132234
v -1.163911 2.402694 1.071610
v -1.200024 2.321477 1.031102
v -1.212705 2.225675 1.016878
v -1.200024 2.129872 1.031102
v -1.163911 2.048655 1.071610
v -1.104379 2.048655 1.036589
v -1.077646 1.994387 1.113281
v -1.040627 2.456962 1.108100
v -1.035975 2.402694 1.027016
v -1.032867 2.321477 0.972837
v -1.031776 2.225675 0.953812
v -1.032867 2.129872 0.972837
v -1.035975 2.048655 1.027016
v -0.969116 2.048655 1.044348
v 0.287316 2.350847 0.457756
v 0.249936 2.582134 0.619426
v 0.310560 2.527867 0.565380
v 0.351068 2.255044 0.529267
v 0.310560 2.173827 0.565380
v 0.249936 2.119559 0.619426
v 0.345582 2.527867 0.624913
v 0.396825 2.446649 0.607051
v 0.414820 2.350847 0.600778
v 0.396825 2.255044 0.607051
v 0.274071 2.582134 0.688664
v 0.355155 2.527867 0.693316
v 0.409333 2.446649 0.696424
v 0.428358 2.350847 0.697515
v 0.409333 2.255044 0.696424
v 0.355155 2.173827 0.693316
v 0.274071 2.119559 0.688664
v 0.296223 2.527867 0.815313
v 0.345017 2.350847 0.870045
v 0.296223 2.173827 0.815313
v 0.260825 2.350847 0.919572
v 0.236691 2.173827 0.850334
v 0.209958 2.119559 0.773642
v 0.172939 2.582134 0.778823
v 0.168287 2.527867 0.859907
v 0.165180 2.446649 0.914086
v 0.164088 2.350847 0.933111
v 0.101428 2.527867 0.842575
v 0.077823 2.446649 0.891440
v 0.069534 2.350847 0.908599
v 0.077823 2.255044 0.891440
v 0.101428 2.173827 0.842575
v 0.136755 2.119559 0.769443
v 0.005783 2.446649 0.837088
v 0.005783 2.255044 0.837088
v 0.087961 2.582134 0.714711
v -0.039975 2.446649 0.759305
v -0.039975 2.255044 0.759305
v 0.087961 2.119559 0.714711
v -0.052483 2.446649 0.669932
v -0.052483 2.255044 0.669932
v 0.092160 2.582134 0.641507
v 0.019028 2.527867 0.606180
v -0.029837 2.446649 0.582576
v -0.046996 2.350847 0.574287
v -0.029837 2.255044 0.582576
v 0.092160 2.119559 0.641507
v 0.146892 2.582134 0.592714
v 0.120160 2.527867 0.516022
v 0.096026 2.350847 0.446783
v 0.102298 2.255044 0.464778
v 0.120160 2.173827 0.516022
v 0.146892 2.119559 0.592714
v 0.255423 2.527867 0.523781
v 0.255423 2.173827 0.523781
v -0.844260 1.445274 0.210328
v -0.835971 1.349471 0.193169
v -0.844260 1.253669 0.210328
v -0.903191 1.118184 0.332325
v -0.777706 1.526491 0.360325
v -0.726462 1.445274 0.342463
v -0.708467 1.349471 0.336191
v -0.726462 1.253669 0.342463
v -0.777706 1.172451 0.360325
v -0.849217 1.580759 0.424077
v -0.768133 1.526491 0.428728
v -0.768133 1.172451 0.428728
v -0.849217 1.118184 0.424077
v -0.785465 1.526491 0.495588
v -0.736600 1.445274 0.519192
v -0.719441 1.349471 0.527481
v -0.736600 1.253669 0.519192
v -0.785465 1.172451 0.495588
v -0.790952 1.445274 0.591233
v -0.778271 1.349471 0.605457
v -0.790952 1.253669 0.591233
v -0.827064 1.172451 0.550725
v -0.950349 1.580759 0.514235
v -0.958108 1.445274 0.649498
v -0.959199 1.349471 0.668523
v -0.955000 1.172451 0.595319
v -0.950349 1.118184 0.514235
v -1.016373 1.580759 0.482342
v -1.117505 1.445274 0.572500
v -1.131729 1.349471 0.585181
v -1.076997 1.172451 0.536388
v -1.040507 1.580759 0.413104
v -1.175770 1.445274 0.405344
v -1.194795 1.349471 0.404253
v -1.175770 1.253669 0.405344
v -1.121591 1.172451 0.408452
v -1.040507 1.118184 0.413104
v -1.153124 1.445274 0.317988
v -1.153124 1.253669 0.317988
v -1.098772 1.253669 0.245947
v -1.062660 1.172451 0.286455
v -1.008614 1.118184 0.347079
v -1.003127 1.526491 0.251434
v -1.020989 1.445274 0.200190
v -1.027261 1.349471 0.182195
v -1.020989 1.253669 0.200190
v -1.003127 1.172451 0.251434
v -0.939375 1.580759 0.322945
v -0.934724 1.526491 0.241861
v -0.867864 1.526491 0.259193
v -0.867864 1.172451 0.259193
v 1.587294 3.249966 -3.243477
v 0.892260 3.249966 -1.804647
v 0.964004 3.225792 -1.809309
v 0.939084 3.215219 -1.782028
v 1.665405 3.163218 -3.205745
v 0.998210 3.168940 -1.792786
v 1.010221 3.101878 -1.786983
v 0.981358 3.101878 -1.761608
v 1.665405 3.040538 -3.205745
v 0.970371 3.040538 -1.766915
v 1.587294 2.953791 -3.243477
v 0.892259 2.953791 -1.804647
v 1.476827 2.953791 -3.296838
v 0.781793 2.953791 -1.858008
v 1.398716 3.040538 -3.334570
v 0.703682 3.040538 -1.895740
v 0.694631 3.101878 -1.939431
v 0.692695 3.101878 -1.901048
v 1.398716 3.163218 -3.334570
v 0.706642 3.168940 -1.933629
v 0.740848 3.225792 -1.917105
v 0.734969 3.215219 -1.880627
v 1.476827 3.249966 -3.296838
v 0.781793 3.249966 -1.858008
v 1.015877 3.149690 -2.201578
v 0.985366 3.465141 -2.012652
v 1.051265 3.429583 -2.035622
v 1.137141 3.304410 -2.065556
v 1.137141 3.149690 -2.065556
v 1.051265 3.024518 -2.035622
v 1.059223 3.429583 -1.978762
v 1.150016 3.304410 -1.973553
v 1.059223 3.024518 -1.978762
v 0.989550 2.988959 -1.982759
v 1.126704 3.304410 -1.883628
v 1.126704 3.149690 -1.883628
v 0.963796 3.465141 -1.929444
v 1.010236 3.429583 -1.877351
v 1.070754 3.304410 -1.809467
v 1.070754 3.149690 -1.809467
v 0.963796 2.988959 -1.929444
v 0.907886 3.465141 -1.909955
v 0.898681 3.304410 -1.749488
v 0.898681 3.149690 -1.749488
v 0.907886 2.988959 -1.909955
v 0.854571 3.465141 -1.935709
v 0.734595 3.304410 -1.828751
v 0.734595 3.149690 -1.828751
v 0.854571 2.988959 -1.935709
v 0.835083 3.465141 -1.991619
v 0.674616 3.304410 -2.000824
v 0.674616 3.149690 -2.000824
v 0.835083 2.988959 -1.991619
v 0.697927 3.304410 -2.090750
v 0.697927 3.149690 -2.090750
v 0.860836 3.465141 -2.044934
v 0.814396 3.429583 -2.097027
v 0.814396 3.024518 -2.097027
v 0.860836 2.988959 -2.044934
v 0.863883 3.429583 -2.126138
v 0.833950 3.304410 -2.212013
v 0.833950 3.149690 -2.212013
v 0.863883 3.024518 -2.126138
v 0.945965 3.465141 -2.056848
v 0.976321 3.429583 -2.119688
v 1.015877 3.304410 -2.201578
v 0.976321 3.024518 -2.119688
vn 0.3076 0.7071 -0.6367
vn -0.7710 -0.5774 0.2687
vn -0.6367 -0.7071 -0.3076
vn -0.4350 -0.0000 0.9004
vn -0.3076 -0.7071 0.6367
vn -0.3291 -0.0000 -0.9443
vn -0.7710 0.5774 0.2687
vn 0.6367 0.7071 0.3076
vn -0.2076 0.8829 0.4211
vn 0.9004 -0.0000 0.4350
vn -0.2687 -0.5774 -0.7710
vn 0.4350 -0.0000 -0.9004
vn 0.3292 -0.0000 0.9443
vn -0.2687 0.5774 -0.7710
vn -0.6298 -0.7241 0.2810
vn -0.0000 -1.0000 -0.0000
vn 0.2688 -0.5774 0.7710
vn -0.9004 -0.0000 -0.4350
vn 0.2687 0.5774 0.7710
vn -0.9443 -0.0000 0.3291
vn -0.3076 0.7071 0.6367
vn 0.7710 -0.5774 -0.2687
vn -0.6367 0.7071 -0.3076
vn -0.0000 1.0000 -0.0000
vn 0.9443 -0.0000 -0.3291
vn 0.7710 0.5774 -0.2687
vn -0.6251 0.0201 0.7803
vn -0.4762 0.0103 0.8793
vn 0.1349 0.9887 0.0652
vn 0.9563 -0.0000 0.2925
vn 0.2925 -0.0000 -0.9563
vn 0.2226 0.0201 -0.9747
vn -0.3446 -0.9239 -0.1665
vn -0.3446 0.9239 -0.1665
vn -0.1153 0.9745 0.1925
vn -0.4438 0.0463 0.8949
vn 0.0182 -0.9989 -0.0422
vn 0.2100 -0.9745 0.0792
vn 0.0061 -0.9999 -0.0127
vn 0.8793 0.0103 0.4762
vn 0.9747 0.0201 0.2226
vn -0.8793 -0.0103 -0.4762
vn 0.5672 -0.0000 -0.8236
vn 0.1374 -0.9883 0.0664
vn -0.5672 -0.0000 0.8236
vn -0.3446 0.9239 -0.1664
vn -0.2925 -0.0000 0.9563
vn 0.1374 0.9883 0.0664
vn 0.2226 -0.0201 -0.9747
vn 0.0740 0.9885 -0.1321
vn 0.4299 0.1526 -0.8899
vn 0.0740 -0.9885 -0.1321
vn 0.8899 0.1526 0.4299
vn 0.1349 -0.9887 0.0652
vn 0.0664 -0.9883 -0.1374
vn -0.9747 0.0201 -0.2226
vn -0.9004 -0.0141 -0.4349
vn 0.4758 -0.0020 -0.8795
vn 0.8687 -0.2235 0.4420
vn 0.0294 0.9989 -0.0372
vn 0.4419 0.2235 -0.8687
vn 0.8928 0.0461 0.4482
vn 0.4762 -0.0103 -0.8793
vn -0.8952 -0.0578 -0.4420
vn -0.8899 0.1526 -0.4299
vn 0.8971 -0.0077 0.4419
vn -0.9747 -0.0201 -0.2226
vn -0.3928 -0.0103 0.9196
vn 0.7803 0.0201 0.6251
vn -0.0462 0.9989 -0.0108
vn 0.2100 -0.9745 0.0791
vn -0.8972 -0.0000 -0.4417
vn 0.4419 -0.0000 -0.8971
vn -0.7803 0.0201 -0.6251
vn 0.0294 -0.9989 -0.0372
vn -0.8795 0.0020 -0.4758
vn 0.9004 0.0077 0.4350
vn 0.4283 -0.0457 -0.9025
vn -0.4299 0.1526 0.8899
vn -0.4283 -0.0457 0.9025
vn 0.0218 0.9989 -0.0405
vn 0.9038 -0.0000 0.4280
vn -0.8949 0.0463 -0.4438
vn -0.9036 -0.0142 -0.4280
vn -0.8795 -0.0020 -0.4758
vn -0.8862 -0.2235 -0.4058
vn 0.4420 -0.2235 -0.8687
vn 0.4058 -0.2235 -0.8862
vn -0.8243 -0.0092 -0.5661
vn 0.8862 -0.2235 0.4058
vn 0.8687 -0.2235 0.4419
vn 0.0108 -0.9989 -0.0462
vn -0.7803 -0.0201 -0.6251
vn 0.1925 0.9745 0.1153
vn 0.0652 0.9887 -0.1349
vn 0.1153 -0.9745 -0.1925
vn 0.9037 0.0077 0.4280
vn 0.0575 -0.9885 -0.1401
vn -0.1374 0.9883 -0.0664
vn 0.0068 -1.0000 0.0033
vn 0.0063 0.9988 -0.0481
vn -0.6251 -0.0201 0.7803
vn -0.8236 -0.0000 -0.5672
vn -0.0381 0.9989 -0.0261
vn -0.6251 -0.0201 0.7802
vn 0.4299 0.1525 -0.8899
vn -0.1374 -0.9883 -0.0664
vn 0.9039 0.0463 0.4252
vn -0.1153 -0.9745 0.1925
vn -0.4758 -0.0020 0.8795
vn 0.9196 -0.0103 0.3928
vn -0.8687 -0.2235 -0.4420
vn -0.9037 -0.0065 -0.4281
vn 0.0462 -0.9989 0.0108
vn -0.0462 -0.9989 -0.0108
vn -0.8928 0.0461 -0.4482
vn -0.9004 0.0459 -0.4327
vn 0.8688 -0.2235 0.4419
vn -0.2226 0.0201 0.9747
vn -0.4419 -0.2235 0.8687
vn 0.7803 -0.0201 0.6251
vn -0.9984 -0.0000 -0.0573
vn 0.6655 -0.0000 0.7464
vn -0.1665 -0.9239 0.3446
vn -0.1664 0.9239 0.3446
vn 0.3928 0.0103 -0.9196
vn -0.0792 0.9745 0.2100
vn -0.8793 0.0103 -0.4762
vn 0.6689 -0.5426 -0.5080
vn -0.1665 0.9239 0.3446
vn 0.6251 0.0201 -0.7803
vn -0.3932 0.0020 0.9195
vn -0.2100 0.9745 -0.0792
vn 0.0791 0.9745 -0.2100
vn -0.4363 0.0459 0.8986
vn 0.6251 -0.0201 -0.7803
vn 0.1321 0.9885 0.0740
vn -0.9196 -0.0103 -0.3928
vn 0.4280 -0.0077 -0.9037
vn 0.7487 0.5556 0.3617
vn -0.4350 0.0065 0.9004
vn 0.9554 -0.0000 0.2952
vn -0.4762 -0.0103 0.8793
vn -0.4252 0.0463 0.9039
vn 0.7802 0.0201 0.6251
vn 0.4280 -0.0142 -0.9036
vn 0.8971 -0.0000 0.4419
vn 0.8793 -0.0103 0.4762
vn -0.0108 0.9989 0.0462
vn 0.1665 0.9239 -0.3446
vn -0.8319 -0.3827 -0.4019
vn 0.4019 -0.3827 -0.8319
vn 0.8319 -0.3827 0.4019
vn -0.4019 -0.3827 0.8319
vn -0.1925 0.9745 -0.1153
vn 0.1926 -0.9745 0.1153
vn 0.1401 -0.9885 0.0575
vn 0.1401 0.9885 0.0575
vn -0.2100 -0.9745 -0.0791
vn -0.8795 -0.0020 -0.4759
vn 0.4762 0.0103 -0.8793
vn 0.0372 0.9989 0.0294
vn 0.0664 0.9883 -0.1374
vn -0.4281 -0.0000 0.9037
vn -0.1153 -0.9745 0.1926
vn -0.3928 0.0103 0.9196
vn -0.9039 0.0463 -0.4252
vn 0.4419 -0.2235 -0.8687
vn 0.4363 0.0459 -0.8986
vn -0.8971 0.0077 -0.4419
vn -0.8688 -0.2235 -0.4419
vn -0.4301 0.1498 0.8903
vn 0.8899 0.1525 0.4299
vn 0.3291 -0.0000 0.9443
vn 0.6367 -0.7071 0.3076
vn 0.2687 -0.5773 0.7710
vn 0.3076 -0.7071 -0.6367
vn 0.2687 0.5773 0.7710
vn -0.2687 0.5773 -0.7710
vn 0.2687 -0.5774 0.7710
vn 0.7710 0.5773 -0.2687
vn 0.9245 0.1749 -0.3387
vn -0.2687 -0.5773 -0.7710
vn 0.4536 -0.8874 -0.0818
vn 0.7710 -0.5774 -0.2688
vn -0.7710 -0.5773 0.2688
vn -0.2688 -0.5774 -0.7710
vn -0.7744 0.5102 -0.3741
vn -0.4350 0.0066 0.9004
vn -0.7744 -0.5102 -0.3741
vn -0.3094 0.1749 -0.9347
vn 0.2688 0.5774 0.7710
vn 0.3094 -0.1749 0.9347
vn -0.7710 -0.5773 0.2687
vn -0.7710 0.5773 0.2687
vn 0.7710 -0.5773 -0.2687
vn 0.8986 0.0459 0.4363
vn 0.3932 -0.0020 -0.9195
vn 0.3446 -0.9239 0.1665
vn 0.3446 0.9239 0.1665
vn -0.1349 -0.9887 -0.0652
vn 0.7464 -0.0000 -0.6655
vn -0.0573 -0.0000 0.9984
vn 0.4287 -0.8030 0.4139
vn 0.9004 0.0143 0.4349
vn 0.3446 0.9239 0.1664
vn -0.9004 -0.0076 -0.4350
vn -0.8986 0.0459 -0.4363
vn -0.4292 -0.0000 0.9032
vn -0.4417 -0.0000 0.8972
vn 0.9743 0.0090 0.2250
vn 0.8807 -0.0048 0.4736
vn -0.7819 -0.0090 -0.6234
vn 0.7464 -0.0000 -0.6654
vn 0.0575 0.9885 -0.1401
vn -0.3930 0.0152 0.9194
vn -0.7819 -0.0090 -0.6233
vn -0.9184 0.0048 -0.3955
vn -0.2226 -0.0201 0.9747
vn 0.2100 0.9745 0.0791
vn -0.1925 -0.9745 -0.1153
vn 0.9747 -0.0201 0.2226
vn 0.4438 0.0463 -0.8949
vn -0.3930 -0.0152 0.9194
vn -0.4418 -0.0065 0.8971
vn -0.3003 -0.9523 -0.0549
vn -0.0422 -0.9989 -0.0182
vn -0.0957 0.4364 -0.8946
vn -0.3195 -0.6786 0.6614
vn 0.2788 0.8876 0.3667
vn -0.7464 -0.0000 0.6655
vn 0.0573 -0.0000 -0.9984
vn 0.9195 -0.0020 0.3932
vn 0.2952 -0.0000 -0.9554
vn 0.9558 0.0092 0.2938
vn 0.8949 0.0463 0.4438
vn 0.0372 -0.9989 0.0294
vn 0.0182 0.9989 -0.0422
vn -0.0061 -0.9999 0.0127
vn -0.4222 0.0141 0.9064
vn -0.4407 -0.0000 0.8977
vn 0.0462 0.9989 0.0108
vn -0.0792 -0.9745 0.2100
vn -0.9195 -0.0020 -0.3932
vn 0.0063 -0.9988 -0.0481
vn 0.9004 0.0459 0.4327
vn -0.7464 -0.0000 0.6654
vn 0.5650 -0.0000 -0.8251
vn 0.9196 0.0103 0.3928
vn -0.8251 -0.0000 -0.5650
vn 0.4252 0.0463 -0.9039
vn -0.0791 0.9745 0.2100
vn 0.6654 -0.0000 0.7464
vn -0.0791 -0.9745 0.2100
vn 0.0218 -0.9989 -0.0405
vn 0.3928 -0.0103 -0.9196
vn 0.4280 -0.0000 -0.9038
vn 0.0136 -0.9989 -0.0442
vn 0.4327 0.0459 -0.9004
vn 0.3932 0.0020 -0.9195
vn 0.6654 -0.0000 0.7465
vn -0.0481 -0.9988 -0.0063
vn -0.9196 0.0103 -0.3928
vn -0.4058 -0.2235 0.8862
vn -0.9004 0.0065 -0.4350
vn -0.4420 0.2235 0.8687
vn 0.8794 -0.0152 0.4759
vn 0.4758 0.0020 -0.8795
vn -0.2100 -0.9745 -0.0792
vn 0.4419 -0.2235 -0.8688
vn 0.8903 0.1498 0.4301
vn 0.0405 0.9989 0.0218
vn 0.0034 1.0000 -0.0070
vn -0.4327 0.0459 0.9004
vn -0.8903 0.1498 -0.4301
vn -0.0034 1.0000 0.0070
vn -0.3821 -0.8590 0.3406
vn -0.4420 -0.2235 0.8687
vn -0.4281 -0.0065 0.9037
vn 0.8796 0.0069 0.4756
vn 0.0108 0.9989 -0.0462
vn -0.9004 0.0141 -0.4349
vn 0.0099 0.8859 0.4637
vn -0.0294 -0.9989 0.0372
vn -0.9908 -0.0000 -0.1354
vn 0.7929 -0.5514 0.2594
vn 0.6918 -0.4954 -0.5254
vn 0.0648 0.8780 -0.4742
vn 0.1774 -0.0000 0.9841
vn 0.4712 -0.8666 -0.1642
vn 0.7212 0.0456 0.6912
vn -0.7196 0.6013 0.3473
vn 0.6934 0.5359 0.4816
vn 0.9998 -0.0000 -0.0212
vn -0.7219 0.4549 0.5215
vn 0.3571 0.4640 0.8107
vn -0.8812 -0.0000 0.4728
vn -0.8472 -0.4772 -0.2335
vn 0.1354 -0.0000 -0.9908
vn -0.2738 0.4772 0.8351
vn -0.2738 -0.4772 0.8351
vn 0.4885 0.8725 -0.0104
vn 0.0918 -0.9775 -0.1900
vn 0.6919 -0.0000 -0.7220
vn 0.3571 -0.4640 0.8107
vn -0.1477 -0.9890 -0.0075
vn 0.7220 -0.0000 0.6919
vn 0.1187 -0.4813 -0.8685
vn 0.1187 0.4813 -0.8685
vn 0.9004 -0.0077 0.4350
vn -0.4728 -0.0000 -0.8812
vn -0.5199 0.7972 -0.3069
vn 0.0690 -0.8604 -0.5050
vn -0.4737 0.4791 -0.7390
vn 0.3531 -0.8722 0.3384
vn 0.7557 0.5996 -0.2634
vn -0.7503 -0.5823 -0.3130
vn 0.2779 -0.5359 0.7973
vn -0.8788 0.4772 -0.0024
vn 0.0271 -0.8805 0.4733
vn 0.8167 -0.5218 0.2463
vn -0.7530 0.5869 -0.2974
vn 0.1555 0.4813 0.8627
vn -0.6048 -0.0000 -0.7964
vn -0.4712 0.8666 0.1642
vn -0.1398 -0.8750 0.4635
vn 0.7964 -0.0000 -0.6048
vn -0.3538 -0.4768 0.8047
vn -0.3813 0.4813 0.7893
vn -0.4850 0.5273 -0.6976
vn 0.8725 0.2474 0.4214
vn 0.7931 0.5601 0.2392
vn 0.0607 -0.8938 -0.4443
vn -0.4850 -0.5273 -0.6976
vn -0.4407 -0.0140 0.8975
vn 0.8795 -0.0020 0.4758
vn 0.9026 -0.0578 0.4265
vn -0.8968 0.3764 -0.2325
vn -0.2518 -0.8153 0.5213
vn -0.2518 0.8153 0.5213
vn 0.4823 -0.0000 0.8760
vn 0.2518 0.8153 -0.5213
vn -0.4823 -0.0000 -0.8760
vn 0.9860 -0.0000 -0.1667
vn -0.9860 -0.0000 0.1667
vn 0.4350 0.0077 -0.9004
vn -0.4474 -0.0000 0.8943
vn 0.4759 0.0152 -0.8794
vn -0.0381 -0.9989 -0.0261
vn 0.9443 -0.0000 -0.3292
vn -0.2518 -0.8154 0.5213
vn 0.2518 -0.8153 -0.5213
vn 0.4105 -0.2225 -0.8843
vn -0.2688 -0.5773 -0.7710
vn -0.2688 0.5773 -0.7710
vn 0.9245 -0.1749 -0.3387
vn 0.4651 0.6851 -0.5606
vn -0.8725 -0.2474 -0.4214
vn 0.2688 -0.5773 0.7710
vn 0.4594 0.8601 0.2219
vn -0.4651 -0.6851 0.5606
vn -0.3292 -0.0000 -0.9443
vn -0.7710 0.5773 0.2688
vn -0.4594 -0.8601 -0.2219
vn -0.4594 0.8601 -0.2219
vn 0.1500 -0.6851 -0.7128
vn 0.7744 -0.5102 0.3741
vn 0.2438 0.5359 -0.8083
vn -0.5907 -0.8030 -0.0786
vn -0.7487 0.5556 -0.3617
vn 0.8458 -0.3429 0.4086
vn 0.7487 -0.5556 0.3617
vn -0.9376 0.3300 0.1092
vn -0.7487 -0.5556 -0.3617
vn -0.4276 0.0428 0.9030
vn 0.2309 0.7126 0.6625
vn -0.5061 0.6492 -0.5677
vn -0.4376 -0.2225 0.8712
vn 0.0099 0.9686 -0.2486
vn 0.4415 0.0428 -0.8962
vn -0.6462 -0.6551 -0.3915
vn 0.2445 -0.6554 -0.7146
vn -0.7354 0.6383 -0.2273
vn -0.0740 0.9885 0.1321
vn -0.5686 0.7584 -0.3188
vn 0.4931 0.7507 -0.4396
vn 0.9195 0.0020 0.3932
vn -0.4651 0.6851 0.5606
vn 0.7744 0.5102 0.3741
vn -0.6262 -0.7022 0.3387
vn 0.1500 0.6851 -0.7128
vn -0.9245 0.1749 0.3387
vn -0.8835 0.4166 0.2144
vn 0.2228 -0.9689 0.1076
vn -0.1240 -0.7022 -0.7011
vn -0.1500 0.6851 0.7128
vn -0.3094 -0.1749 -0.9347
vn -0.3812 0.4166 -0.8253
vn 0.4594 -0.8601 0.2219
vn 0.3093 0.1749 0.9347
vn 0.3812 -0.4166 0.8253
vn -0.1500 -0.6851 0.7128
vn 0.1240 0.7022 0.7011
vn -0.9245 -0.1749 0.3387
vn -0.2228 0.9689 -0.1076
vn 0.8835 -0.4166 -0.2144
vn -0.2228 -0.9689 -0.1076
vn 0.6262 0.7022 -0.3387
vn 0.6918 0.4954 -0.5254
vn 0.2100 0.9745 0.0792
vn -0.8835 -0.4166 0.2144
vn -0.6262 0.7022 0.3387
vn -0.4737 -0.4791 -0.7390
vn 0.4651 -0.6851 -0.5606
vn -0.3812 -0.4166 -0.8253
vn -0.1240 0.7022 -0.7011
vn 0.1240 -0.7022 0.7011
vn 0.3812 0.4166 0.8253
vn 0.6262 -0.7022 -0.3387
vn 0.8725 -0.2474 0.4214
vn 0.8835 0.4165 -0.2144
vn -0.0068 1.0000 -0.0033
vn 0.2228 0.9689 0.1076
vn -0.0877 -0.7744 -0.6266
vn -0.7252 -0.5681 0.3891
vn -0.8899 0.1525 -0.4299
vn 0.7710 0.5773 -0.2688
vn 0.7710 -0.5773 -0.2688
vn 0.7710 0.5774 -0.2688
vn -0.9574 -0.0000 -0.2887
vn -0.9443 -0.0000 0.3292
vn -0.8725 0.2474 -0.4214
vn -0.3121 -0.3176 -0.8954
vn 0.8819 0.3574 -0.3074
vn -0.5497 -0.6620 -0.5095
vn 0.5277 0.8103 0.2549
vn -0.6545 0.1807 -0.7341
vn -0.4062 -0.3574 0.8410
vn 0.0004 -0.3495 -0.9369
vn 0.4241 -0.5481 0.7209
vn 0.5070 -0.0000 0.8619
vn -0.0748 -0.8419 -0.5344
vn 0.4241 0.5481 0.7209
vn 0.3237 0.1807 0.9287
vn -0.5037 0.5481 0.6677
vn -0.5037 -0.5481 0.6677
vn -0.6023 -0.0000 0.7983
vn 0.0748 -0.8419 0.5344
vn 0.4651 -0.8419 -0.2736
vn -0.6466 -0.7411 -0.1808
vn 0.9287 0.1807 -0.3237
vn -0.8954 -0.3176 0.3121
vn 0.3679 0.8701 -0.3280
vn 0.4698 -0.3764 0.7985
vn -0.4582 -0.7323 0.5038
vn 0.8191 0.3495 0.4548
vn -0.6078 0.4071 -0.6818
vn -0.1354 -0.8419 0.5223
vn 0.8819 -0.3574 -0.3074
vn -0.5490 0.0673 0.8331
vn 0.5277 -0.8103 0.2549
vn -0.9205 -0.0000 -0.3906
vn 0.0748 0.8419 0.5344
vn -0.4234 -0.7112 0.5612
vn 0.5976 -0.6963 0.3977
vn 0.7983 -0.0000 0.6023
vn -0.9377 -0.0000 -0.3474
vn -0.4506 0.7281 0.5165
vn 0.3887 0.6620 -0.6408
vn -0.1354 0.8419 0.5223
vn 0.6630 0.7323 -0.1557
vn 0.6798 -0.0000 -0.7334
vn -0.9680 -0.0000 -0.2509
vn -0.4241 0.5481 -0.7209
vn -0.7003 0.0449 -0.7125
vn -0.6566 -0.6843 -0.3172
vn -0.3228 -0.1951 -0.9261
vn 0.1354 0.8419 -0.5223
vn 0.5037 0.5481 -0.6677
vn 0.0336 -0.8103 -0.5851
vn -0.8655 -0.2760 -0.4181
vn 0.8870 -0.3429 -0.3092
vn 0.9984 -0.0000 0.0573
vn -0.5784 -0.6967 0.4243
vn -0.5344 0.8419 0.0748
vn 0.7772 -0.0449 -0.6277
vn 0.6391 -0.6963 -0.3267
vn 0.5976 0.6963 0.3977
vn 0.8856 -0.1807 0.4278
vn -0.0538 0.3429 0.9378
vn 0.0535 0.3574 -0.9324
vn 0.3581 0.3495 0.8658
vn 0.8191 -0.3495 0.4548
vn 0.1354 -0.8419 -0.5223
vn 0.1682 0.9848 0.0436
vn -0.8096 0.5481 -0.2099
vn -0.7169 0.6967 0.0272
vn 0.8856 0.1807 0.4278
vn 0.3513 0.7411 0.5721
vn -0.5282 0.7411 -0.4145
vn 0.6968 0.6967 -0.1706
vn -0.8870 -0.3429 0.3092
vn -0.0570 0.0951 0.9938
vn -0.0538 -0.3429 0.9378
vn -0.4651 -0.8419 0.2736
vn -0.6352 -0.6383 -0.4348
vn 0.9467 0.3176 0.0543
vn -0.6936 0.6786 0.2418
vn -0.4278 0.1807 0.8856
vn 0.4592 -0.3239 -0.8272
vn 0.3237 -0.1807 0.9287
vn -0.5827 0.3495 -0.7336
vn -0.6655 -0.0000 -0.7464
vn 0.1139 0.6620 -0.7408
vn 0.6297 -0.6829 -0.3704
vn 0.9967 -0.0585 0.0572
vn -0.8658 -0.3495 0.3581
vn -0.0336 -0.8103 0.5851
vn 0.5280 0.2446 -0.8132
vn -0.1929 0.8103 -0.5534
vn 0.3406 0.8590 0.3821
vn -0.3280 0.8701 -0.3679
vn -0.4783 -0.0000 0.8782
vn -0.6545 -0.1807 -0.7341
vn 0.0538 -0.3429 -0.9378
vn -0.9884 -0.0000 -0.1519
vn -0.0004 -0.3985 0.9172
vn 0.2418 -0.6786 0.6936
vn -0.8748 -0.1198 0.4694
vn 0.0543 0.3176 -0.9467
vn -0.5885 -0.3239 -0.7408
vn -0.5019 0.7424 0.4438
vn -0.4651 0.8419 0.2736
vn -0.8954 0.3176 0.3121
vn 0.2576 -0.3495 0.9008
vn 0.9903 -0.0000 -0.1386
vn -0.9008 0.3495 0.2576
vn 0.6614 0.6786 0.3195
vn -0.9287 0.1807 0.3237
vn 0.4307 -0.8419 0.3250
vn 0.6811 0.6620 -0.3129
vn 0.0538 0.3429 -0.9378
vn 0.9271 -0.0000 -0.3747
vn -0.3900 0.8103 -0.4374
vn -0.7003 -0.0449 -0.7125
vn 0.8654 -0.3495 0.3590
vn 0.9467 -0.3176 0.0543
vn 0.2491 0.4391 0.8632
vn 0.0563 0.1807 -0.9819
vn -0.4241 -0.5481 -0.7209
vn 0.6408 -0.6620 0.3887
vn 0.6370 -0.2446 -0.7310
vn 0.8654 0.3495 0.3590
vn -0.2889 0.7424 0.6045
vn -0.5951 0.7468 -0.2970
vn 0.6025 0.7468 0.2815
vn 0.4973 0.3300 0.8024
vn 0.6059 0.7112 -0.3564
vn 0.1586 0.6562 0.7377
vn -0.3195 0.6786 0.6614
vn 0.6886 -0.6843 -0.2400
vn 0.1067 -0.3495 -0.9308
vn -0.6936 -0.6786 0.2418
vn 0.6198 -0.5573 -0.5525
vn -0.3092 0.3429 -0.8870
vn 0.7083 -0.6551 0.2628
vn 0.7167 0.6054 0.3462
vn 0.9898 -0.0456 0.1353
vn 0.6693 0.3239 -0.6687
vn -0.8870 0.3429 0.3092
vn 0.5646 -0.7045 -0.4300
vn -0.6462 0.6551 -0.3915
vn -0.0611 0.8977 -0.4365
vn 0.7010 -0.0000 0.7132
vn 0.6564 0.6372 -0.4040
vn -0.5751 -0.7281 -0.3729
vn 0.0476 -0.5573 -0.8289
vn 0.0476 0.5573 -0.8289
vn -0.7004 -0.7126 -0.0402
vt 0.632597 0.506215
vt 0.615884 0.492403
vt 0.615884 0.257597
vt 0.867403 0.506215
vt 0.384116 0.006215
vt 0.132597 0.743785
vt 0.384116 0.992403
vt 0.132597 0.506215
vt 0.384116 0.243785
vt 0.615884 0.992403
vt 0.384116 0.757597
vt 0.615884 0.757597
vt 0.367403 0.743785
vt 0.615884 0.243785
vt 0.384116 0.257597
vt 0.615884 0.006215
vt 0.867403 0.743785
vt 0.868163 0.507432
vt 0.631837 0.507431
vt 0.618163 0.493163
vt 0.618163 0.256837
vt 0.632597 0.743785
vt 0.615884 0.743785
vt 0.615884 0.506215
vt 0.300000 0.916667
vt 0.100000 0.833333
vt 0.200000 0.833333
vt 0.200000 0.750000
vt 0.300000 0.750000
vt 0.384116 0.743785
vt 0.384116 0.506215
vt 0.601282 0.506935
vt 0.601282 0.743065
vt 0.390829 0.738141
vt 0.390829 0.511859
vt 0.384116 0.492403
vt 0.200000 0.333333
vt 0.100000 0.333333
vt 0.100000 0.250000
vt 0.050000 0.250000
vt 0.050000 0.166667
vt 0.200000 0.166667
vt 0.200000 0.250000
vt 0.367403 0.506215
vt 0.028989 0.158454
vt 0.158454 0.028989
vt 0.341546 0.028989
vt 0.471011 0.158454
vt 0.489221 0.250000
vt 0.419155 0.419154
vt 0.341546 0.471011
vt 0.158454 0.471011
vt 0.080845 0.419154
vt 0.010779 0.250000
vt 0.868163 0.742569
vt 0.618163 0.242569
vt 0.618163 0.007431
vt 0.312500 0.125000
vt 0.062500 0.125000
vt 0.937500 0.125000
vt 0.750000 0.125000
vt 0.562500 0.125000
vt 0.152273 0.750000
vt 0.136527 0.750000
vt 0.125000 0.722727
vt 0.125000 0.527273
vt 0.125000 0.511527
vt 0.152273 0.500000
vt 0.361364 0.486364
vt 0.380550 0.503842
vt 0.375000 0.527273
vt 0.375000 0.722727
vt 0.384392 0.750000
vt 0.361364 0.763636
vt 0.402273 1.000000
vt 0.625000 0.933333
vt 0.625000 0.971823
vt 0.375000 0.222727
vt 0.375000 0.027273
vt 0.375000 0.011527
vt 0.402273 0.000000
vt 0.613473 0.000000
vt 0.625000 0.027273
vt 0.625000 0.222727
vt 0.619237 0.244237
vt 0.402273 0.250000
vt 0.380763 0.264088
vt 0.402273 0.250000
vt 0.380764 0.264088
vt 0.402273 0.000000
vt 0.613473 0.000000
vt 0.386527 1.000000
vt 0.341667 0.783333
vt 0.597727 0.750000
vt 0.630550 0.746158
vt 0.630550 0.746158
vt 0.621158 0.494450
vt 0.808333 0.500000
vt 0.846823 0.500000
vt 0.875000 0.527273
vt 0.808333 0.527273
vt 0.808333 0.722727
vt 0.875000 0.722727
vt 0.875000 0.738473
vt 0.808333 0.750000
vt 0.375000 0.509392
vt 0.621158 0.505550
vt 0.625000 0.740608
vt 0.597727 0.750000
vt 0.597727 0.683334
vt 0.402273 0.683334
vt 0.402273 0.750000
vt 0.378842 0.744450
vt 0.619236 0.244237
vt 0.621158 0.494450
vt 0.597727 0.500000
vt 0.597727 0.433333
vt 0.402273 0.433333
vt 0.402273 0.500000
vt 0.369450 0.503842
vt 0.625000 0.316667
vt 0.619237 0.244237
vt 0.375000 0.509392
vt 0.621158 0.505550
vt 0.625000 0.740608
vt 0.597727 0.750000
vt 0.597727 0.683333
vt 0.402273 0.683333
vt 0.402273 0.750000
vt 0.378842 0.744450
vt 0.191667 0.527273
vt 0.191667 0.722727
vt 0.125000 0.722727
vt 0.125000 0.527273
vt 0.638636 0.763636
vt 0.875000 0.683334
vt 0.875000 0.721824
vt 0.619450 0.746158
vt 0.625000 0.988473
vt 0.403177 1.000000
vt 0.375000 0.972727
vt 0.441667 0.750000
vt 0.125000 0.528177
vt 0.375000 0.683333
vt 0.152273 0.750000
vt 0.136527 0.750000
vt 0.125000 0.683333
vt 0.619237 0.244237
vt 0.341667 0.466667
vt 0.369450 0.503842
vt 0.375000 0.722727
vt 0.384392 0.750000
vt 0.152273 0.750000
vt 0.136527 0.750000
vt 0.125000 0.511527
vt 0.380550 0.503842
vt 0.615216 0.245197
vt 0.618478 0.498755
vt 0.377075 0.503202
vt 0.384784 0.256671
vt 0.625000 0.740608
vt 0.375000 0.566667
vt 0.597727 0.500000
vt 0.621158 0.505550
vt 0.625000 0.566667
vt 0.402273 0.500000
vt 0.619237 0.244237
vt 0.402273 0.250000
vt 0.380763 0.264088
vt 0.402273 0.000000
vt 0.613473 0.000000
vt 0.619237 0.235912
vt 0.380763 0.255763
vt 0.375000 0.028177
vt 0.625000 0.066667
vt 0.630550 0.746158
vt 0.621158 0.494450
vt 0.369450 0.503842
vt 0.380764 0.264088
vt 0.402273 0.316667
vt 0.597727 0.316667
vt 0.597727 0.250000
vt 0.619237 0.244237
vt 0.402273 1.000000
vt 0.369450 0.503842
vt 0.378842 0.755550
vt 0.153177 0.750000
vt 0.386527 1.000000
vt 0.378842 0.755550
vt 0.402273 0.816667
vt 0.597727 0.816667
vt 0.378842 0.755550
vt 0.630550 0.746158
vt 0.625000 0.971823
vt 0.597727 1.000000
vt 0.597727 0.933333
vt 0.402273 0.933333
vt 0.402273 1.000000
vt 0.386527 1.000000
vt 0.630550 0.746158
vt 0.621158 0.494450
vt 0.846823 0.500000
vt 0.875000 0.527273
vt 0.808333 0.527273
vt 0.808333 0.722727
vt 0.875000 0.722727
vt 0.875000 0.738473
vt 0.621158 0.494450
vt 0.369450 0.503842
vt 0.380763 0.264088
vt 0.402273 0.250000
vt 0.597727 0.250000
vt 0.597727 0.250000
vt 0.375000 0.316667
vt 0.378842 0.755550
vt 0.369450 0.503842
vt 0.863473 0.500000
vt 0.875000 0.683333
vt 0.875000 0.721823
vt 0.847727 0.750000
vt 0.847727 0.683333
vt 0.652273 0.683333
vt 0.610912 0.244237
vt 0.615608 0.500000
vt 0.380550 0.503842
vt 0.361364 0.486364
vt 0.441667 0.472727
vt 0.441667 0.277273
vt 0.375000 0.277273
vt 0.389088 0.255763
vt 0.191667 0.527273
vt 0.191667 0.722727
vt 0.808333 0.527273
vt 0.875000 0.527273
vt 0.875000 0.722727
vt 0.347727 0.683333
vt 0.152273 0.683333
vt 0.152273 0.750000
vt 0.619450 0.746158
vt 0.441667 0.722727
vt 0.441667 0.527273
vt 0.375000 0.527273
vt 0.369450 0.503842
vt 0.378842 0.755550
vt 0.191667 0.750000
vt 0.191667 0.500000
vt 0.378842 0.744450
vt 0.361364 0.763636
vt 0.347727 0.683333
vt 0.152273 0.683333
vt 0.402273 0.000000
vt 0.613473 0.000000
vt 0.625000 0.066666
vt 0.441667 0.722727
vt 0.441667 0.527273
vt 0.597727 0.000000
vt 0.375000 0.527273
vt 0.621158 0.505550
vt 0.625000 0.740608
vt 0.625000 0.277273
vt 0.615608 0.500000
vt 0.558333 0.500000
vt 0.441667 0.500000
vt 0.622170 0.236792
vt 0.623113 0.505032
vt 0.388393 0.500000
vt 0.373113 0.508805
vt 0.377830 0.255660
vt 0.611607 0.250000
vt 0.250000 0.984615
vt 0.187500 0.984615
vt 0.187500 0.500000
vt 0.312500 0.500000
vt 0.312500 1.000000
vt 0.250000 1.000000
vt 0.596824 0.000000
vt 0.610912 0.244237
vt 0.389088 0.255763
vt 0.441667 0.222727
vt 0.441667 0.027273
vt 0.375000 0.027273
vt 0.375000 0.011527
vt 0.875000 0.527273
vt 0.808333 0.722727
vt 0.875000 0.738473
vt 0.369450 0.503842
vt 0.402273 0.500000
vt 0.625000 0.527273
vt 0.597727 0.000000
vt 0.375000 0.066667
vt 0.402273 0.750000
vt 0.625000 0.683333
vt 0.191667 0.527273
vt 0.125000 0.722727
vt 0.613473 0.000000
vt 0.619236 0.244236
vt 0.375000 0.011527
vt 0.626398 0.746087
vt 0.377516 0.750000
vt 0.373602 0.503914
vt 0.622484 0.500000
vt 0.625000 0.722727
vt 0.658333 0.466667
vt 0.380763 0.264088
vt 0.625000 0.316667
vt 0.369450 0.503842
vt 0.597727 0.500000
vt 0.378842 0.755550
vt 0.341667 0.466667
vt 0.375000 0.722727
vt 0.369450 0.503842
vt 0.621158 0.494450
vt 0.625000 0.722727
vt 0.375000 0.011527
vt 0.597727 0.000000
vt 0.625000 0.027273
vt 0.625000 0.222727
vt 0.375000 0.027273
vt 0.375000 0.509392
vt 0.380764 0.255763
vt 0.625000 0.183333
vt 0.125000 0.528176
vt 0.375000 0.509392
vt 0.378842 0.744450
vt 0.125000 0.683334
vt 0.630550 0.746158
vt 0.619236 0.244237
vt 0.619236 0.235912
vt 0.380763 0.255763
vt 0.375000 0.066666
vt 0.369450 0.503842
vt 0.621158 0.494450
vt 0.389089 0.255763
vt 0.441667 0.250000
vt 0.610911 0.244236
vt 0.619450 0.746158
vt 0.403177 1.000000
vt 0.441667 0.972727
vt 0.441667 0.777273
vt 0.619237 0.244237
vt 0.125000 0.527273
vt 0.125000 0.511527
vt 0.380550 0.503842
vt 0.375000 0.527273
vt 0.625000 0.027273
vt 0.625000 0.222727
vt 0.441667 0.972727
vt 0.375000 0.028176
vt 0.375000 0.222727
vt 0.441667 0.222727
vt 0.441667 0.027273
vt 0.375000 0.027273
vt 0.375000 0.011527
vt 0.619450 0.746158
vt 0.558333 1.000000
vt 0.441667 1.000000
vt 0.863473 0.500000
vt 0.625000 0.683334
vt 0.630550 0.746158
vt 0.619450 0.746158
vt 0.375000 0.722727
vt 0.596823 0.000000
vt 0.610911 0.244237
vt 0.375000 0.222727
vt 0.441667 0.000000
vt 0.613473 0.000000
vt 0.621158 0.494450
vt 0.619237 0.235912
vt 0.375000 0.222727
vt 0.619450 0.746158
vt 0.441666 0.972727
vt 0.441666 0.777273
vt 0.619237 0.235912
vt 0.402273 0.066667
vt 0.597727 0.066667
vt 0.610912 0.244237
vt 0.441667 0.472727
vt 0.375000 0.277273
vt 0.875000 0.566667
vt 0.375000 0.527273
vt 0.373491 0.507044
vt 0.380283 0.257547
vt 0.619717 0.239434
vt 0.621478 0.502012
vt 0.375000 0.509392
vt 0.375000 0.683334
vt 0.375000 0.183333
vt 0.658333 0.783333
vt 0.386321 0.254953
vt 0.613679 0.240094
vt 0.617453 0.503302
vt 0.379246 0.506604
vt 0.847727 0.683333
vt 0.652273 0.683333
vt 0.638636 0.763636
vt 0.152273 0.500000
vt 0.375000 0.509392
vt 0.862993 0.500000
vt 0.875000 0.737924
vt 0.625000 0.745975
vt 0.620998 0.500023
vt 0.379002 0.749977
vt 0.375000 0.504025
vt 0.347727 0.683333
vt 0.152273 0.683333
vt 0.597727 0.000000
vt 0.625000 0.027273
vt 0.619237 0.244236
vt 0.375000 0.027273
vt 0.691667 0.722727
vt 0.691667 0.527273
vt 0.621158 0.494450
vt 0.630550 0.746158
vt 0.625000 0.933333
vt 0.380550 0.503842
vt 0.361364 0.486364
vt 0.378842 0.744450
vt 0.125000 0.526415
vt 0.373113 0.508805
vt 0.376887 0.744968
vt 0.136321 0.750000
vt 0.125000 0.562500
vt 0.625000 0.027273
vt 0.625000 0.222727
vt 0.136740 0.750000
vt 0.125000 0.511740
vt 0.863260 0.500000
vt 0.875000 0.738260
vt 0.397245 1.000000
vt 0.382415 0.751053
vt 0.620955 0.747683
vt 0.625000 0.989889
vt 0.373602 0.503913
vt 0.863473 0.500000
vt 0.847727 0.750000
vt 0.378774 0.255870
vt 0.375000 0.011740
vt 0.617453 0.000000
vt 0.621226 0.244130
vt 0.610911 0.244237
vt 0.375000 0.222727
vt 0.441666 0.222727
vt 0.441666 0.027273
vt 0.375000 0.027273
vt 0.375000 0.933333
vt 0.597727 1.000000
vt 0.441666 0.777273
vt 0.610325 0.000000
vt 0.617662 0.243396
vt 0.382338 0.257338
vt 0.375000 0.013208
vt 0.380764 0.255763
vt 0.402273 0.066666
vt 0.597727 0.066666
vt 0.658333 0.466667
vt 0.615608 0.500000
vt 0.441667 0.277273
vt 0.375000 0.277273
vt 0.615608 0.500000
vt 0.153177 0.750000
vt 0.308333 0.527273
vt 0.308333 0.722727
vt 0.619237 0.244237
vt 0.375000 0.316667
vt 0.615608 0.500000
vt 0.619450 0.746158
vt 0.380550 0.503842
vt 0.597727 0.000000
vt 0.625000 0.027273
vt 0.625000 0.222727
vt 0.619236 0.244237
vt 0.402273 0.250000
vt 0.619237 0.244237
vt 0.597727 0.683333
vt 0.375000 0.933333
vt 0.875000 0.738473
vt 0.152273 0.500000
vt 0.621158 0.505550
vt 0.625000 0.740608
vt 0.153177 0.750000
vt 0.191667 0.722727
vt 0.191667 0.527273
vt 0.402273 0.750000
vt 0.378842 0.744450
vt 0.441666 0.472727
vt 0.441666 0.277273
vt 0.375000 0.222727
vt 0.558333 0.000000
vt 0.610911 0.244237
vt 0.378842 0.744450
vt 0.441667 0.777273
vt 0.378842 0.755550
vt 0.380763 0.255763
vt 0.597727 0.750000
vt 0.378842 0.744450
vt 0.402273 0.066667
vt 0.597727 0.066667
vt 0.597727 0.000000
vt 0.378842 0.744450
vt 0.380763 0.255763
vt 0.375000 0.509392
vt 0.619450 0.746158
vt 0.620755 0.743396
vt 0.382548 0.746698
vt 0.379246 0.506604
vt 0.626510 0.742956
vt 0.378522 0.747988
vt 0.625000 0.972727
vt 0.625000 0.988473
vt 0.597727 1.000000
vt 0.375000 0.972727
vt 0.622925 0.746798
vt 0.381522 0.751245
vt 0.378522 0.747988
vt 0.382044 0.745069
vt 0.131340 0.750000
vt 0.125000 0.521132
vt 0.379931 0.507044
vt 0.847727 0.750000
vt 0.652273 0.683333
vt 0.650000 0.416667
vt 0.600000 0.416667
vt 0.600000 0.250000
vt 0.650000 0.250000
vt 0.650000 0.166667
vt 0.700000 0.166667
vt 0.700000 0.250000
vt 0.750000 0.250000
vt 0.750000 0.416667
vt 0.700000 0.416667
vt 0.625000 0.722727
vt 0.378842 0.755550
vt 0.625000 0.933333
vt 0.375000 0.933333
vt 0.808333 0.500000
vt 0.875000 0.527273
vt 0.808333 0.527273
vt 0.808333 0.722727
vt 0.808333 0.750000
vt 0.808333 0.750000
vt 0.638636 0.486364
vt 0.402273 0.683333
vt 0.597727 1.000000
vt 0.341667 0.466667
vt 0.369450 0.503842
vt 0.875000 0.500000
vt 0.875000 1.000000
vt 0.812500 1.000000
vt 0.812500 0.500000
vt 0.619237 0.244237
vt 0.369450 0.503842
vt 0.191667 0.722727
vt 0.191667 0.527273
vt 0.378774 0.255870
vt 0.621226 0.244130
vt 0.386122 0.255056
vt 0.375000 0.006951
vt 0.602755 0.000000
vt 0.613878 0.246524
vt 0.402273 0.500000
vt 0.847727 0.566667
vt 0.652273 0.566667
vt 0.847727 0.500000
vt 0.441667 0.027273
vt 0.875000 0.722727
vt 0.378842 0.755550
vt 0.341667 0.783333
vt 0.615608 0.500000
vt 0.380550 0.503842
vt 0.625000 0.972727
vt 0.441666 0.277273
vt 0.626887 0.741195
vt 0.625000 0.988679
vt 0.380661 1.000000
vt 0.625000 0.722727
vt 0.691667 0.722727
vt 0.691667 0.527273
vt 0.625000 0.527273
vt 0.441666 0.722727
vt 0.441666 0.527273
vt 0.604128 0.493788
vt 0.604128 0.502774
vt 0.389870 0.504744
vt 0.371894 0.496894
vt 0.388323 0.510165
vt 0.372412 0.497412
vt 0.606365 0.494824
vt 0.606365 0.506970
vt 0.606365 0.742925
vt 0.606365 0.754348
vt 0.372826 0.752174
vt 0.388428 0.739835
vt 0.129348 0.739835
vt 0.129348 0.750000
vt 0.125000 0.739835
vt 0.606365 0.010165
vt 0.606365 0.239835
vt 0.375000 0.239835
vt 0.375000 0.010165
vt 0.625000 0.243224
vt 0.627174 0.497826
vt 0.606365 0.495652
vt 0.606365 0.251979
vt 0.625000 0.010298
vt 0.625000 0.243134
vt 0.612771 0.239702
vt 0.612771 0.010298
vt 0.606365 0.000000
vt 0.625000 0.010165
vt 0.606365 0.010165
vt 0.370652 0.510165
vt 0.388428 0.510165
vt 0.370652 0.739835
vt 0.375000 0.000000
vt 0.606365 0.000000
vt 0.606365 0.010165
vt 0.629076 0.754076
vt 0.625000 1.000000
vt 0.612771 1.000000
vt 0.612771 0.758153
vt 0.129348 0.510165
vt 0.125000 0.510165
vt 0.129348 0.500000
vt 0.125000 0.514824
vt 0.139824 0.514824
vt 0.139824 0.735177
vt 0.125000 0.735177
vt 0.606365 0.507075
vt 0.372826 0.497826
vt 0.606365 0.742973
vt 0.388380 0.739835
vt 0.388380 0.510165
vt 0.606365 0.507027
vt 0.606365 0.239835
vt 0.627174 0.752174
vt 0.130176 0.510165
vt 0.130176 0.739835
vt 0.125000 0.739835
vt 0.606365 1.000000
vt 0.375000 0.004744
vt 0.604128 0.004744
vt 0.604128 0.245256
vt 0.375000 0.245256
vt 0.375000 0.254348
vt 0.875000 0.510165
vt 0.875000 0.739835
vt 0.368788 0.504744
vt 0.131212 0.504744
vt 0.131212 0.500000
vt 0.370274 0.510165
vt 0.370274 0.739835
vt 0.129726 0.739835
vt 0.129726 0.510165
vt 0.606365 0.754726
vt 0.372637 0.752363
vt 0.625000 0.986659
vt 0.394567 1.000000
vt 0.627363 0.752363
vt 0.606365 1.000000
vt 0.627363 0.497637
vt 0.606365 0.252262
vt 0.625000 0.243224
vt 0.606365 0.495274
vt 0.129726 0.750000
vt 0.375000 0.995274
vt 0.627588 0.497412
vt 0.627588 0.752588
vt 0.606365 0.743030
vt 0.372637 0.497637
vt 0.625000 0.010165
vt 0.375000 0.995652
vt 0.375000 0.239835
vt 0.375000 0.010165
vt 0.369824 0.510165
vt 0.388323 0.739835
vt 0.369823 0.739835
vt 0.129726 0.500000
vt 0.606365 0.252600
vt 0.625000 0.246838
vt 0.625000 0.004744
vt 0.375000 0.254726
vt 0.375000 0.239835
vt 0.368788 0.745256
vt 0.371894 0.753106
vt 0.131212 0.750000
vt 0.131212 0.745256
vt 0.632765 0.757765
vt 0.632765 0.492235
vt 0.616847 0.486024
vt 0.616847 0.519201
vt 0.379351 0.527953
vt 0.368012 0.493012
vt 0.372412 0.752588
vt 0.130176 0.750000
vt 0.875000 0.511859
vt 0.875000 0.738141
vt 0.606365 0.755176
vt 0.601283 0.484471
vt 0.367235 0.492235
vt 0.625000 0.010165
vt 0.601282 0.011859
vt 0.625000 0.011859
vt 0.625000 0.242094
vt 0.601283 0.238141
vt 0.130176 0.500000
vt 0.140529 0.738141
vt 0.125000 0.738141
vt 0.125000 0.511859
vt 0.140529 0.511859
vt 0.375000 0.255176
vt 0.375000 0.991847
vt 0.370924 0.754076
vt 0.359471 0.511859
vt 0.140529 0.511859
vt 0.140529 0.500000
vt 0.550000 0.166667
vt 0.500000 0.166667
vt 0.500000 0.083333
vt 0.700000 0.083333
vt 0.550000 0.250000
vt 0.381865 0.514824
vt 0.367588 0.492588
vt 0.613353 0.485177
vt 0.613353 0.509247
vt 0.601283 0.765529
vt 0.367235 0.757765
vt 0.390829 0.738141
vt 0.375000 0.238141
vt 0.375000 0.011859
vt 0.601282 0.260151
vt 0.601282 0.765529
vt 0.601283 1.000000
vt 0.375000 0.984471
vt 0.359471 0.738141
vt 0.359471 0.511859
vt 0.140529 0.750000
vt 0.601282 0.260151
vt 0.601283 0.484471
vt 0.601283 0.000000
vt 0.360176 0.735177
vt 0.360177 0.514824
vt 0.140529 0.500000
vt 0.367235 0.492235
vt 0.875000 0.511181
vt 0.875000 0.738819
vt 0.633153 0.758153
vt 0.633153 0.491847
vt 0.375000 0.265529
vt 0.140529 0.738141
vt 0.632765 0.757765
vt 0.625000 0.231365
vt 0.616847 0.222047
vt 0.616847 0.027953
vt 0.625000 0.027953
vt 0.375000 0.265529
vt 0.375000 0.984471
vt 0.359471 0.738141
vt 0.865094 0.500000
vt 0.875000 0.730189
vt 0.377075 0.503202
vt 0.375000 0.019811
vt 0.602358 0.000000
vt 0.861659 0.500000
vt 0.875000 0.740394
vt 0.138977 0.722047
vt 0.125000 0.722047
vt 0.125000 0.527953
vt 0.138976 0.527953
vt 0.140529 0.750000
vt 0.612771 0.254815
vt 0.612771 0.491847
vt 0.370924 0.495924
vt 0.375000 0.258153
vt 0.610177 0.014824
vt 0.610176 0.235176
vt 0.375000 0.235176
vt 0.375000 0.014824
vt 0.616847 0.230799
vt 0.616847 0.263976
vt 0.375000 0.263976
vt 0.375000 0.222047
vt 0.604128 0.756212
vt 0.628106 0.753106
vt 0.604128 1.000000
vt 0.875000 0.510165
vt 0.875000 0.739835
vt 0.375000 0.010298
vt 0.612771 0.000000
vt 0.628106 0.496894
vt 0.604128 0.747226
vt 0.389870 0.745256
vt 0.375000 0.009606
vt 0.605433 0.000000
vt 0.138341 0.750000
vt 0.125000 0.509606
vt 0.368012 0.756988
vt 0.379351 0.722047
vt 0.616847 0.722047
vt 0.616847 0.756955
vt 0.604128 0.000000
vt 0.125000 0.504744
vt 0.125000 0.745256
vt 0.629529 0.754529
vt 0.610177 1.000000
vt 0.610176 0.759059
vt 0.604128 0.254060
vt 0.375000 0.256212
vt 0.629076 0.495924
vt 0.358694 0.511181
vt 0.358694 0.738819
vt 0.141306 0.738819
vt 0.141306 0.511181
vt 0.375000 0.990941
vt 0.370471 0.754529
vt 0.370471 0.495471
vt 0.365941 0.514824
vt 0.134059 0.514823
vt 0.134059 0.500000
vt 0.613353 0.764824
vt 0.613353 1.000000
vt 0.375000 0.985176
vt 0.367588 0.757412
vt 0.383143 0.510298
vt 0.612771 0.506695
vt 0.366847 0.510298
vt 0.383143 0.739702
vt 0.366847 0.739702
vt 0.631837 0.742569
vt 0.618163 0.742569
vt 0.618163 0.507431
vt 0.381837 0.993163
vt 0.381837 0.007431
vt 0.131837 0.742569
vt 0.618163 0.993163
vt 0.381837 0.756837
vt 0.618163 0.756837
vt 0.381837 0.507432
vt 0.381837 0.493163
vt 0.368163 0.742569
vt 0.131837 0.507431
vt 0.368163 0.507432
vt 0.381837 0.242569
vt 0.381837 0.256837
vt 0.381837 0.742569
vt 0.308333 0.722727
vt 0.308333 0.527273
vt 0.691667 0.527273
vt 0.562500 0.250000
vt 0.500000 0.250000
vt 0.500000 0.375000
vt 0.437500 0.375000
vt 0.437500 0.250000
vt 0.312500 0.250000
vt 0.625000 0.222727
vt 0.375000 0.316667
vt 0.597727 1.000000
vt 0.308333 0.527273
vt 0.625000 0.988679
vt 0.376887 0.744968
vt 0.626887 0.741195
vt 0.625000 0.562500
vt 0.623113 0.505031
vt 0.377830 0.255660
vt 0.375000 0.187500
vt 0.375000 0.026416
vt 0.619339 0.000000
vt 0.625000 0.988260
vt 0.382547 1.000000
vt 0.620955 0.747683
vt 0.808333 0.527273
vt 0.191667 0.500000
vt 0.625000 0.972727
vt 0.402273 1.000000
vt 0.950000 0.250000
vt 0.900000 0.250000
vt 0.550000 0.083333
vt 0.350000 0.083333
vt 0.812500 0.750000
vt 0.750000 0.750000
vt 0.750000 0.625000
vt 0.812500 0.625000
vt 0.875000 0.750000
vt 0.312500 0.400000
vt 0.187500 0.400000
vt 0.187500 0.100000
vt 0.312500 0.100000
vt 0.620108 0.499511
vt 0.860325 0.500000
vt 0.875000 0.736792
vt 0.625000 0.745597
vt 0.400000 0.750000
vt 0.550000 0.750000
vt 0.550000 0.833333
vt 0.600000 0.833333
vt 0.379892 0.750489
vt 0.139675 0.750000
vt 0.125000 0.513208
vt 0.375000 0.504403
vt 0.369450 0.503842
vt 0.369450 0.503842
vt 0.621158 0.494450
vt 0.152273 0.500000
vt 0.625000 0.987993
vt 0.387007 1.000000
vt 0.625000 0.277273
vt 0.137007 0.750000
vt 0.125000 0.512076
vt 0.125000 0.527273
vt 0.603867 0.000000
vt 0.614434 0.239434
vt 0.385566 0.253170
vt 0.375000 0.021132
vt 0.381604 0.253302
vt 0.375000 0.015095
vt 0.611792 0.000000
vt 0.618396 0.242453
vt 0.375000 0.566666
vt 0.375000 0.183334
vt 0.140095 0.750000
vt 0.125000 0.521132
vt 0.125000 0.566667
vt 0.125000 0.566666
vt 0.625000 0.984905
vt 0.385566 1.000000
vt 0.618996 0.243962
vt 0.381004 0.256004
vt 0.187500 0.250000
vt 0.062500 0.250000
vt 0.847727 0.500000
vt 0.191667 0.750000
vt 0.450000 0.916667
vt 0.200000 0.916667
vt 0.250000 0.750000
vt 0.350000 0.750000
vt 0.450000 0.750000
vt 0.379045 0.502317
vt 0.617585 0.498947
vt 0.620956 0.747683
vt 0.138341 0.750000
vt 0.620069 0.742956
vt 0.625000 0.993660
vt 0.396133 1.000000
vt 0.134906 0.750000
vt 0.125000 0.519812
vt 0.100000 0.416667
vt 0.100000 0.583333
vt 0.000000 0.583333
vt 0.000000 0.416667
vt 0.500000 0.416667
vt 0.450000 0.416667
vt 0.450000 0.250000
vt 0.450000 0.166667
vt 0.700000 0.916667
vt 0.900000 0.916667
vt 0.050000 0.916667
vt 0.700000 0.750000
vt 0.750000 0.750000
vt 0.850000 0.750000
vt 0.900000 0.750000
vt 0.400000 0.583333
vt 0.300000 0.583333
vt 0.300000 0.416667
vt 0.400000 0.416667
vt 0.500000 0.583333
vt 0.100000 0.750000
vt 0.200000 0.583333
vt 0.050000 0.833333
vt 0.050000 0.750000
vt 0.550000 0.583333
vt 0.550000 0.416667
vt 0.650000 0.583333
vt 0.600000 0.583333
vt 0.150000 0.666667
vt 0.100000 0.666667
vt 0.200000 0.666667
vt 0.250000 0.666667
vt 0.150000 0.750000
vt 0.350000 0.666667
vt 0.300000 0.666667
vt 0.450000 0.583333
vt 0.200000 0.416667
vt 1.000000 0.333333
vt 0.950000 0.333333
vt 0.050000 0.333333
vt 0.850000 0.416667
vt 0.850000 0.583333
vt 0.750000 0.583333
vt 0.250000 0.333333
vt 0.250000 0.250000
vt 0.350000 0.250000
vt 0.350000 0.333333
vt 0.300000 0.333333
vt 0.600000 0.750000
vt 0.937500 0.100000
vt 0.937500 0.200000
vt 0.875000 0.200000
vt 0.750000 0.200000
vt 0.625000 0.200000
vt 0.562500 0.200000
vt 0.562500 0.100000
vt 0.437500 0.100000
vt 0.062500 0.100000
vt 0.950000 0.166667
vt 0.900000 0.166667
vt 0.386122 0.255056
vt 0.375000 0.006951
vt 0.613878 0.246524
vt 0.850000 0.250000
vt 0.625000 0.990094
vt 0.397643 1.000000
vt 0.865094 0.500000
vt 0.950000 0.583333
vt 0.950000 0.416667
vt 0.950000 0.750000
vt 0.950000 0.666667
vt 0.000000 0.666667
vt 0.050000 0.666667
vt 0.900000 0.583333
vt 1.000000 0.583333
vt 1.000000 0.666667
vt 0.700000 0.583333
vt 0.700000 0.833333
vt 0.375000 0.994824
vt 1.000000 0.416667
vt 0.050000 0.416667
vt 0.300000 0.250000
vt 0.950000 0.833333
vt 0.050000 0.583333
vt 0.900000 0.416667
vt 0.125000 0.625000
vt 0.062500 0.625000
vt 0.062500 0.375000
vt 0.125000 0.375000
vt 0.187500 0.375000
vt 0.187500 0.625000
vt 0.900000 0.833333
vt 0.616847 0.730799
vt 0.379351 0.722047
vt 0.366847 0.758153
vt 0.141306 0.750000
vt 0.622599 0.506404
vt 0.867796 0.500000
vt 0.875000 0.723584
vt 0.625000 0.741195
vt 0.616847 0.986024
vt 0.375000 0.986023
vt 0.625000 0.992483
vt 0.382517 1.000000
vt 0.377506 0.734895
vt 0.625000 0.732390
vt 0.364347 0.489347
vt 0.380803 0.506604
vt 0.383805 0.746398
vt 0.364347 0.760653
vt 0.134005 0.750000
vt 0.617956 0.504931
vt 0.868660 0.500000
vt 0.875000 0.728868
vt 0.750000 0.984615
vt 0.750000 1.000000
vt 0.687500 1.000000
vt 0.687500 0.500000
vt 0.812500 0.500000
vt 0.812500 0.984615
vt 0.062500 0.500000
vt 0.062500 0.750000
vt 0.000000 0.750000
vt 0.000000 0.500000
vt 0.142787 0.625000
vt 0.357213 0.625000
vt 0.375000 0.625000
vt 0.132517 0.750000
vt 0.125000 0.625000
vt 0.642787 0.625000
vt 0.857213 0.625000
vt 0.875000 0.625000
vt 0.875000 0.697169
vt 0.625000 0.625000
vt 0.392787 0.625000
vt 0.607213 0.625000
vt 0.622494 0.515105
vt 0.867483 0.500000
vt 0.382204 1.000000
vt 0.377401 0.743596
vt 0.625000 0.992796
vt 0.621241 0.223584
vt 0.378759 0.253759
vt 0.375000 0.125000
vt 0.392787 0.125000
vt 0.607213 0.125000
vt 0.625000 0.125000
vt 0.375000 0.517610
vt 0.375000 0.052831
vt 0.617482 0.000000
vt 0.378602 0.253602
vt 0.621398 0.236792
vt 0.375000 0.508805
vt 0.375000 0.012075
vt 0.612993 0.000000
vt 0.617796 0.000000
vt 0.125000 0.526416
vt 0.132204 0.750000
vt 0.134906 0.750000
vt 0.165584 0.732639
vt 0.165584 0.750000
vt 0.125000 0.732639
vt 0.584416 0.959416
vt 0.625000 0.959416
vt 0.584416 1.000000
vt 0.165584 0.517361
vt 0.125000 0.517361
vt 0.165584 0.500000
vt 0.625000 0.271269
vt 0.584416 0.290584
vt 0.584416 0.236979
vt 0.334416 0.732639
vt 0.405438 0.732639
vt 0.375000 0.770292
vt 0.645292 0.761612
vt 0.584416 0.790584
vt 0.584416 0.736979
vt 0.334416 0.517361
vt 0.375000 0.479708
vt 0.405438 0.517361
vt 0.645292 0.502875
vt 0.584416 0.517361
vt 0.584416 0.469562
vt 0.415584 0.000000
vt 0.584416 0.000000
vt 0.584416 0.017361
vt 0.415584 0.017361
vt 0.625000 0.017361
vt 0.415584 0.290584
vt 0.415584 0.232639
vt 0.415584 0.959416
vt 0.834416 0.517361
vt 0.834416 0.732639
vt 0.132517 0.750000
vt 0.125000 0.552831
vt 0.867482 0.500000
vt 0.388208 0.254503
vt 0.437500 0.250000
vt 0.380283 0.257547
vt 0.375000 0.021132
vt 0.614434 0.000000
vt 0.620597 0.502830
vt 0.377201 0.505032
vt 0.375000 0.479708
vt 0.612771 0.743305
vt 0.608694 0.506328
vt 0.608694 0.743672
vt 0.133153 0.739702
vt 0.133153 0.750000
vt 0.125000 0.739702
vt 0.608694 0.260819
vt 0.608694 0.483694
vt 0.366847 0.491847
vt 0.375000 0.266306
vt 0.125000 0.510298
vt 0.133153 0.510298
vt 0.133153 0.500000
vt 0.616847 0.493045
vt 0.616847 0.527953
vt 0.379351 0.527953
vt 0.368012 0.493012
vt 0.375000 0.239702
vt 0.629931 0.517470
vt 0.625000 0.259318
vt 0.632412 0.492588
vt 0.632412 0.757412
vt 0.613353 0.740753
vt 0.375000 0.027953
vt 0.875000 0.510298
vt 0.875000 0.739702
vt 0.631988 0.756988
vt 0.631988 0.493012
vt 0.138976 0.750000
vt 0.361024 0.722047
vt 0.616847 0.763976
vt 0.616847 1.000000
vt 0.375000 0.986024
vt 0.368012 0.756988
vt 0.629529 0.495471
vt 0.875000 0.514824
vt 0.875000 0.735176
vt 0.365941 0.735176
vt 0.134059 0.750000
vt 0.134059 0.735176
vt 0.360176 0.514824
vt 0.381865 0.514823
vt 0.381865 0.735176
vt 0.360176 0.735176
vt 0.125000 0.735176
vt 0.610176 0.254924
vt 0.375000 0.259059
vt 0.625000 0.240118
vt 0.625000 0.014824
vt 0.610177 0.509975
vt 0.610176 0.740025
vt 0.384975 0.735176
vt 0.384975 0.514824
vt 0.610177 0.000000
vt 0.138977 0.527953
vt 0.138976 0.722047
vt 0.616847 0.000000
vt 0.625000 0.000000
vt 0.610176 0.490941
vt 0.361024 0.527953
vt 0.138976 0.500000
vt 0.613353 0.259247
vt 0.375000 0.264824
vt 0.361024 0.527953
vt 0.361024 0.722047
vt 0.875000 0.735177
vt 0.125000 0.500000
vt 0.125000 1.000000
vt 0.001333 1.000000
vt 0.001333 0.500000
vt 1.000000 0.250000
vt 0.937500 0.250000
vt 0.187500 0.125000
vt 0.000000 0.375000
vt 0.187500 0.500000
vt 0.187500 1.000000
vt 0.500000 1.000000
vt 0.500000 0.500000
vt 0.625000 0.500000
vt 0.187500 0.600000
vt 0.062500 0.600000
vt 0.062500 0.400000
vt 0.419430 0.419430
vt 0.250000 0.489610
vt 0.080570 0.419430
vt 0.028629 0.341695
vt 0.028629 0.158305
vt 0.080570 0.080570
vt 0.250000 0.010390
vt 0.419430 0.080570
vt 0.471371 0.158305
vt 0.471371 0.341695
vt 0.375000 1.000000
vt 0.375000 0.500000
vt 0.998667 0.500000
vt 0.998667 1.000000
vt 0.562500 0.500000
vt 0.437500 0.500000
vt 0.562500 0.375000
vt 0.687500 0.500000
vt 0.687500 1.000000
vt 0.125000 0.984615
vt 0.312500 1.000000
vt 0.312500 0.500000
vt 0.619197 0.743396
vt 0.625000 0.990995
vt 0.437500 1.000000
vt 0.312500 0.875000
vt 0.312500 0.625000
vt 0.375000 0.625000
vt 0.437500 0.625000
vt 0.437500 0.875000
vt 0.875000 0.625000
vt 1.000000 0.625000
vt 1.000000 0.750000
vt 1.000000 0.875000
vt 0.875000 0.875000
vt 0.191667 0.750000
vt 0.191667 0.500000
vt 0.379403 0.747170
vt 0.622799 0.744968
vt 0.616195 0.503602
vt 0.401415 1.000000
vt 0.625000 0.993396
vt 0.388208 1.000000
vt 0.868396 0.500000
vt 0.875000 0.734905
vt 0.611792 0.240094
vt 1.000000 0.400000
vt 0.875000 0.400000
vt 0.437500 1.000000
vt 0.437500 0.500000
vt 0.562500 0.500000
vt 0.562500 1.000000
vt 0.865995 0.500000
vt 0.875000 0.730188
vt 0.812500 0.250000
vt 0.812500 0.375000
vt 0.687500 0.375000
vt 0.687500 0.250000
vt 0.750000 0.250000
vt 0.875000 0.125000
vt 0.875000 0.250000
vt 0.140095 0.750000
vt 0.062500 0.875000
vt 0.937500 0.875000
vt 0.937500 0.750000
vt 0.937500 0.625000
vt 0.125000 0.750000
vt 0.859905 0.500000
vt 0.875000 0.728868
vt 0.125000 0.875000
vt 0.000000 0.625000
vt 0.812500 0.875000
vt 0.562500 0.875000
vt 0.562500 0.750000
vt 0.625000 0.750000
vt 0.625000 0.625000
vt 0.859905 0.500000
vt 0.140095 0.750000
vt 0.139824 0.500000
vt 0.629931 0.732530
vt 0.138977 0.750000
vt 0.616847 0.256955
vt 0.616847 0.000000
vt 0.138976 0.500000
vt 0.625000 0.986024
vt 0.375000 0.263976
vt 0.375000 0.993788
vt 0.608694 0.766306
vt 0.608694 1.000000
vt 0.375000 0.983694
vt 0.875000 0.527953
vt 0.875000 0.722047
vt 0.136321 0.750000
vt 0.625000 0.240118
vt 0.613353 0.235176
vt 0.613353 0.014824
vt 0.625000 0.014824
vt 0.139824 0.514823
vt 0.139824 0.735177
vt 0.613353 0.235176
vt 0.613353 0.000000
vt 0.613353 0.014824
vt 0.375000 0.014824
vt 0.625000 0.014824
vt 0.863679 0.500000
vt 0.381865 0.735176
vt 0.367588 0.757412
vt 0.139824 0.750000
vt 0.861024 0.500000
vt 0.861023 0.750000
vt 0.613353 0.509247
vt 0.381865 0.735176
vt 0.375000 0.235176
vt 0.875000 0.514823
vt 0.875000 0.375000
vt 0.135111 0.750000
vt 0.125000 0.506952
vt 0.168860 0.731203
vt 0.168860 0.750000
vt 0.125000 0.731203
vt 0.581140 0.956140
vt 0.625000 0.956140
vt 0.581140 1.000000
vt 0.168860 0.518797
vt 0.125000 0.518797
vt 0.168860 0.500000
vt 0.625000 0.272974
vt 0.581140 0.293860
vt 0.581140 0.235902
vt 0.331140 0.731203
vt 0.407895 0.731203
vt 0.375000 0.771930
vt 0.646930 0.762531
vt 0.581140 0.793860
vt 0.581140 0.735902
vt 0.331140 0.518797
vt 0.375000 0.478070
vt 0.407895 0.518797
vt 0.646930 0.503133
vt 0.581140 0.518797
vt 0.581140 0.467105
vt 0.418860 0.000000
vt 0.581140 0.000000
vt 0.581140 0.018797
vt 0.418860 0.018797
vt 0.625000 0.018797
vt 0.418860 0.293860
vt 0.418860 0.231203
vt 0.418860 0.956140
vt 0.831140 0.518797
vt 0.831140 0.731203
vt 0.581140 0.235902
vt 0.168860 0.731203
vt 0.168860 0.750000
vt 0.581140 1.000000
vt 0.168860 0.500000
vt 0.625000 0.272974
vt 0.581140 0.293860
vt 0.331140 0.731203
vt 0.375000 0.771930
vt 0.646930 0.762531
vt 0.581140 0.793860
vt 0.331140 0.518797
vt 0.375000 0.478070
vt 0.646930 0.503133
vt 0.581140 0.467105
vt 0.418860 0.293860
vt 0.418860 0.956140
vt 0.831140 0.518797
vt 0.831140 0.731203
vt 0.375000 0.011740
vt 0.864889 0.500000
vt 0.875000 0.743049
vt 0.864889 0.500000
vt 0.875000 0.743048
vt 0.168860 0.731203
vt 0.168860 0.750000
vt 0.581140 0.956140
vt 0.625000 0.956140
vt 0.168860 0.518797
vt 0.168860 0.500000
vt 0.625000 0.272974
vt 0.581140 0.293860
vt 0.581140 0.235902
vt 0.331140 0.731203
vt 0.581140 0.793860
vt 0.331140 0.518797
vt 0.375000 0.478070
vt 0.646930 0.503133
vt 0.581140 0.467105
vt 0.418860 0.293860
vt 0.831140 0.518797
vt 0.831140 0.731203
vt 0.620956 0.747683
vt 0.625000 0.989889
vt 0.135111 0.750000
vt 0.168860 0.731203
vt 0.168860 0.518797
vt 0.581140 0.235902
vt 0.331140 0.731203
vt 0.646930 0.762531
vt 0.581140 0.735902
vt 0.331140 0.518797
vt 0.581140 0.518797
vt 0.581140 0.018797
vt 0.418860 0.018797
vt 0.625000 0.018797
vt 0.418860 0.231203
vt 0.831140 0.518797
vt 0.831140 0.731203
vt 0.646930 0.503133
vt 0.168860 0.731203
vt 0.168860 0.518797
vt 0.331140 0.518797
vt 0.375000 0.478070
vt 0.141306 0.500000
vt 0.608694 0.238819
vt 0.375000 0.238819
vt 0.385172 0.511181
vt 0.385172 0.738819
vt 0.861659 0.500000
vt 0.617585 0.498947
vt 0.125000 0.506951
vt 0.168860 0.731203
vt 0.168860 0.518797
vt 0.331140 0.731203
vt 0.581140 0.467105
vt 0.831140 0.518797
vt 0.125000 0.738819
vt 0.125000 0.511181
vt 0.608694 0.000000
vt 0.608694 0.011181
vt 0.375000 0.011181
vt 0.625000 0.011181
vt 0.625000 0.242546
vt 0.875000 0.504744
vt 0.875000 0.745256
vt 0.125000 0.515095
vt 0.131604 0.750000
vt 0.625000 0.985325
vt 0.389675 1.000000
vt 0.937500 0.500000
vt 0.937500 0.375000
vt 0.375000 0.125000
vt 0.687500 0.500000
vt 0.687500 0.750000
vt 1.000000 0.375000
vt 1.000000 0.125000
vt 0.437500 0.750000
vt 1.000000 0.500000
vt 0.312500 0.500000
vt 0.187500 0.500000
vt 0.750000 0.500000
vt 0.750000 0.375000
vt 0.250000 0.125000
vt 0.437500 0.125000
vt 0.375000 0.375000
vt 0.375000 0.250000
vt 0.375000 0.500000
vt 0.375000 0.750000
vt 0.250000 0.625000
vt 0.250000 0.750000
vt 0.187500 0.750000
vt 0.250000 0.250000
vt 0.250000 0.375000
vt 0.250000 0.500000
vt 0.125000 0.125000
vt 0.687500 0.625000
vt 0.562500 0.625000
vt 0.125000 0.250000
vt 0.187500 0.875000
vt 0.687500 0.875000
vt 0.000000 0.875000
vt 0.750000 0.875000
vt 0.250000 0.875000
vt 0.312500 0.375000
vt 0.500000 0.500000
vt 0.500000 0.625000
vt 0.312500 0.600000
vt 0.312500 0.750000
vt 0.580570 0.419430
vt 0.750000 0.489610
vt 0.919430 0.419430
vt 0.971371 0.341695
vt 0.971371 0.158305
vt 0.919430 0.080570
vt 0.750000 0.010390
vt 0.580570 0.080570
vt 0.528629 0.158305
vt 0.528629 0.341695
vt 0.375000 0.875000
vt 0.750000 0.400000
vt 0.750000 0.600000
vt 0.625000 0.600000
vt 0.625000 0.400000
vt 0.625000 0.375000
vt 0.528989 0.158454
vt 0.528989 0.341546
vt 0.658454 0.471011
vt 0.841546 0.471011
vt 0.971011 0.341546
vt 0.971011 0.158454
vt 0.841546 0.028989
vt 0.658454 0.028989
vt 0.598584 0.000000
vt 0.375000 0.019812
vt 0.437500 0.000000
vt 0.687500 0.125000
vt 0.437500 0.900000
vt 0.437500 0.800000
vt 0.562500 0.800000
vt 0.625000 0.800000
vt 0.625000 0.900000
vt 0.750000 0.900000
vt 0.937500 0.900000
vt 0.062500 0.900000
vt 0.187500 0.900000
vt 0.312500 0.900000
vt 0.500000 0.750000
vt 1.000000 0.600000
vt 0.875000 0.600000
vt 0.562500 0.600000
vt 0.500000 0.600000
vt 0.500000 0.400000
vt 0.437500 0.600000
vt 0.437500 0.400000
vt 0.863679 0.500000
vt 0.625000 0.250000
vt 0.062500 1.000000
vt 0.062500 0.500000
vt 0.937500 1.000000
vt 0.937500 0.500000
vt 0.875000 0.984615
vt 0.000000 0.600000
vt 0.000000 0.400000
vt 0.937500 0.800000
vt 0.875000 0.800000
vt 0.750000 0.800000
vt 0.000000 0.125000
s 0
f 22/1/1 24/2/1 11/3/1 10/4/1
f 3/5/2 1/6/2 2/7/2
f 7/8/3 1/6/3 3/5/3 8/9/3
f 4/10/4 2/7/4 15/11/4 17/12/4
f 13/13/5 15/11/5 2/7/5 1/6/5
f 8/9/6 12/14/6 11/3/6 9/15/6
f 6/16/7 4/10/7 5/17/7
f 1505/18/1 1517/19/1 1519/20/1 1506/21/1
f 22/1/8 16/22/8 18/23/8 23/24/8
f 2880/25/9 2892/26/9 2885/27/9 2886/28/9 2881/29/9
f 18/23/10 14/30/10 21/31/10 23/24/10
f 9/15/11 7/8/11 8/9/11
f 1430/32/10 1425/33/10 1421/34/10 1428/35/10
f 24/2/12 20/36/12 9/15/12 11/3/12
f 14/30/13 18/23/13 17/12/13 15/11/13
f 12/14/14 10/4/14 11/3/14
f 2889/37/15 2896/38/15 2897/39/15 2902/40/15 2903/41/15 2891/42/15 2890/43/15
f 7/8/16 19/44/16 13/13/16 1/6/16
f 14/30/17 15/11/17 13/13/17
f 12/14/18 8/9/18 3/5/18 6/16/18
f 18/23/19 16/22/19 17/12/19
f 2/7/20 4/10/20 6/16/20 3/5/20
f 4089/45/4 4087/46/4 4085/47/4 4083/48/4 4081/49/4 4077/50/4 4075/51/4 4097/52/4 4095/53/4 4091/54/4
f 4/10/21 17/12/21 16/22/21 5/17/21
f 21/31/22 19/44/22 20/36/22
f 1500/55/23 1505/18/23 1507/56/23 1501/57/23
f 5/17/24 16/22/24 22/1/24 10/4/24
f 10/4/23 12/14/23 6/16/23 5/17/23
f 23/24/25 21/31/25 20/36/25 24/2/25
f 24/2/26 22/1/26 23/24/26
f 4049/58/16 4059/59/16 4064/60/16 4026/61/16 4035/62/16
f 1266/63/16 1267/64/16 1268/65/16 1272/66/16 1273/67/16 1274/68/16 1284/69/16 1285/70/16 1286/71/16 1278/72/16 1279/73/16 1280/74/16
f 330/75/27 333/76/27 334/77/27
f 337/78/18 331/79/18 329/80/18 330/81/18 334/82/18 335/83/18 343/84/18 342/85/18 339/86/18 338/87/18
f 380/85/18 377/88/18 376/89/18 375/78/18 369/79/18 367/80/18 368/90/18 372/91/18 373/83/18 381/84/18
f 1703/77/28 1702/92/28 1708/93/28 1710/94/28 1709/95/28
f 78/96/29 80/97/29 74/98/29 75/99/29 76/100/29 73/101/29 65/102/29 68/103/29 67/104/29 66/105/29
f 2451/106/30 2452/107/30 2449/108/30 2450/109/30 2447/110/30 2443/111/30 2445/112/30 2444/113/30
f 1566/87/31 1567/114/31 1586/115/31 1587/116/31 1584/117/31 1579/118/31 1581/119/31 1580/120/31
f 495/121/32 493/86/32 496/122/32
f 749/123/30 750/124/30 747/125/30 748/126/30 745/127/30 740/128/30 742/129/30 741/130/30
f 75/85/18 72/88/18 71/89/18 70/78/18 64/79/18 62/80/18 63/90/18 67/91/18 68/83/18 76/84/18
f 49/131/33 41/132/33 44/133/33 50/134/33
f 45/102/34 53/101/34 56/100/34 47/103/34
f 2463/135/35 2457/136/35 2456/137/35
f 2494/138/36 2486/139/36 2484/140/36 2483/141/36 2493/142/36
f 665/143/37 672/123/37 667/144/37 658/145/37 659/146/37 660/147/37
f 152/121/32 151/88/32 153/148/32
f 302/72/38 307/149/38 308/150/38
f 2668/151/39 2669/152/39 2670/74/39 2659/153/39 2660/154/39 2661/65/39 2663/155/39 2672/156/39
f 1435/157/12 1439/158/12 1438/159/12 1434/160/12
f 869/161/40 867/130/40 871/162/40 873/163/40 872/164/40
f 674/165/41 673/119/41 675/124/41
f 692/165/41 691/166/41 693/124/41
f 69/131/33 61/132/33 64/133/33 70/134/33
f 65/102/34 73/101/34 76/100/34 68/103/34
f 95/167/18 92/168/18 91/169/18 90/78/18 84/79/18 82/80/18 83/170/18 87/171/18 88/83/18 96/84/18
f 717/172/42 715/173/42 709/174/42 710/81/42 714/175/42
f 94/121/32 92/168/32 95/167/32
f 403/176/29 405/177/29 399/98/29 400/99/29 401/100/29 398/101/29 390/102/29 393/103/29 392/104/29 391/105/29
f 379/121/32 377/88/32 380/85/32
f 2004/97/43 2003/178/43 1994/179/43 1995/88/43 1992/180/43 1997/181/43 1999/182/43 1998/183/43
f 388/184/27 391/76/27 392/77/27
f 99/185/44 97/186/44 82/187/44 84/133/44 81/132/44 89/131/44 90/134/44 91/67/44
f 1679/77/45 1678/188/45 1685/189/45 1686/129/45 1683/190/45 1688/191/45 1690/109/45 1689/176/45
f 89/131/33 81/132/33 84/133/33 90/134/33
f 85/102/46 93/101/46 96/100/46 88/103/46
f 1909/192/47 1910/193/47 1896/194/47 1898/195/47 1894/196/47 1890/197/47 1892/198/47 1891/199/47
f 452/121/32 451/88/32 453/148/32
f 2218/200/48 2220/201/48 2214/202/48 2216/203/48 2212/204/48 2203/205/48 2205/206/48 2204/207/48
f 1936/208/43 1935/209/43 1926/210/43 1927/211/43 1924/180/43 1929/181/43 1931/212/43 1930/114/43
f 55/213/49 52/214/49 51/169/49
f 117/215/10 119/216/10 120/97/10 118/95/10
f 728/124/50 717/217/50 714/218/50 713/219/50 712/220/50 711/221/50 721/222/50 723/135/50 724/125/50
f 1083/223/51 1095/224/51 1093/225/51 1092/226/51 1090/227/51 1079/228/51 1082/229/51 1081/230/51
f 109/231/33 101/232/33 104/65/33 110/66/33
f 105/102/46 113/233/46 116/234/46 108/235/46
f 779/143/52 791/123/52 783/130/52 785/74/52 781/236/52 771/237/52 772/238/52 773/64/52 774/147/52
f 1215/224/53 1209/239/53 1207/73/53 1206/72/53 1204/240/53 1211/241/53 1214/242/53 1213/225/53
f 139/243/54 137/244/54 122/245/54 123/187/54 124/65/54 121/232/54 129/231/54 130/66/54 131/67/54 132/246/54
f 644/143/55 656/123/55 648/247/55 650/248/55 646/249/55 634/250/55 636/145/55 637/146/55
f 2323/251/56 2325/252/56 2326/253/56
f 138/95/10 137/244/10 139/243/10 140/97/10
f 1191/224/53 1185/239/53 1183/73/53 1182/72/53 1180/254/53 1187/255/53 1190/71/53 1189/225/53
f 275/80/57 279/256/57 277/91/57 278/83/57 285/84/57 284/85/57 281/211/57 280/169/57
f 129/231/33 121/232/33 124/65/33 130/66/33
f 125/102/34 133/233/34 136/234/34 127/235/34
f 309/201/58 308/150/58 307/149/58 296/89/58 297/88/58 299/121/58
f 2521/152/59 2526/257/59 2522/142/59
f 2432/258/60 2424/217/60 2421/136/60 2428/135/60 2429/259/60
f 424/216/44 422/215/44 407/187/44 409/65/44 406/232/44 414/231/44 415/66/44 416/67/44
f 2588/260/61 2597/261/61 2598/262/61
f 2597/261/62 2594/138/62 2592/152/62 2591/151/62 2596/263/62 2598/262/62
f 148/231/33 141/232/33 144/65/33 149/66/33
f 3265/264/12 3272/265/12 3270/266/12 3269/267/12 3264/268/12 3266/269/12
f 425/97/63 424/216/63 416/87/63 417/86/63 419/121/63
f 445/97/63 444/243/63 436/169/63 437/211/63 439/121/63
f 4090/270/64 4093/271/64 4092/272/64 4088/273/64 4089/274/64 4091/275/64
f 164/231/33 158/232/33 161/65/33 165/66/33
f 1005/276/65 1011/277/65 1009/278/65 1008/78/65 1006/279/65 1001/280/65 1004/281/65 1003/282/65
f 499/193/29 501/97/29 495/98/29 496/99/29 497/283/29 494/101/29 486/284/29 489/235/29 488/285/29 487/105/29
f 33/215/66 36/286/66 37/287/66 39/97/66 38/288/66 35/96/66
f 773/174/67 778/289/67 774/290/67
f 402/186/68 403/176/68 391/76/68 388/184/68 387/92/68
f 811/125/69 807/291/69 812/292/69
f 184/293/33 176/132/33 179/294/33 185/134/33
f 180/284/46 188/101/46 191/283/46 183/235/46
f 1703/295/18 1705/296/18 1704/169/18 1702/297/18
f 3302/298/10 3301/299/10 3303/300/10 3304/301/10
f 1720/99/70 1718/207/70 1726/200/70 1728/302/70 1736/303/70
f 1980/208/63 1979/216/63 1971/304/63 1972/168/63 1974/305/63
f 1762/151/10 1771/306/10 1772/119/10 1775/307/10 1774/97/10 1768/302/10 1766/200/10 1767/109/10 1764/129/10 1763/308/10
f 1742/151/71 1750/309/71 1751/306/71
f 1827/310/10 1839/242/10 1837/311/10 1838/119/10 1844/116/10 1843/312/10 1842/288/10 1834/313/10 1832/95/10 1833/94/10 1829/129/10 1828/308/10
f 117/215/68 118/95/68 106/76/68 103/75/68 102/188/68
f 204/293/33 196/132/33 199/294/33 205/134/33
f 200/284/34 208/101/34 211/283/34 202/235/34
f 1871/314/72 1876/315/72 1874/295/72 1875/316/72 1882/317/72 1881/114/72 1879/304/72 1878/78/72 1872/318/72
f 929/124/73 928/319/73 917/320/73 918/88/73 919/172/73
f 919/172/74 918/88/74 920/321/74
f 100/177/63 99/185/63 91/169/63 92/168/63 94/121/63
f 2327/322/75 2335/323/75 2329/324/75 2331/74/75 2324/325/75
f 539/95/29 541/97/29 535/98/29 536/99/29 537/283/29 534/101/29 526/284/29 529/235/29 528/285/29 527/105/29
f 1933/215/10 1935/209/10 1936/208/10 1934/326/10
f 2028/208/43 2027/209/43 2018/210/43 2019/211/43 2016/180/43 2021/181/43 2023/212/43 2022/327/43
f 2293/328/76 2292/329/76 2288/330/76 2291/315/76 2289/295/76 2290/253/76
f 224/293/33 216/132/33 219/294/33 225/134/33
f 220/284/34 227/101/34 229/283/34 223/235/34
f 2065/326/77 2063/244/77 2067/257/77 2066/331/77 2068/332/77
f 2595/156/78 2586/333/78 2587/334/78 2589/335/78 2588/260/78 2598/262/78 2596/263/78
f 1305/336/79 1293/139/79 1291/337/79 1290/141/79 1288/338/79 1301/339/79 1304/74/79 1303/73/79
f 559/200/29 561/177/29 555/98/29 556/99/29 557/283/29 554/101/29 546/284/29 549/235/29 548/285/29 547/105/29
f 249/121/32 247/168/32 250/340/32
f 1026/145/16 1027/146/16 1028/133/16 1032/341/16 1033/342/16 1034/68/16 1044/226/16 1045/343/16 1046/344/16 1038/72/16 1039/73/16 1040/74/16
f 514/122/72 512/169/72 511/78/72 505/281/72 504/282/72 509/256/72 507/91/72 508/345/72 515/346/72
f 244/293/33 236/132/33 239/294/33 245/134/33
f 240/284/46 248/101/46 251/283/46 243/235/46
f 1209/239/79 1197/139/79 1195/337/79 1194/141/79 1192/347/79 1205/339/79 1208/74/79 1207/73/79
f 135/213/49 132/214/49 131/169/49
f 615/201/58 614/150/58 613/149/58 602/89/58 603/88/58 605/121/58
f 265/121/32 263/86/32 266/85/32
f 2287/348/67 2291/315/67 2288/330/67
f 1269/276/65 1275/223/65 1273/278/65 1272/349/65 1270/350/65 1265/351/65 1268/352/65 1267/353/65
f 2563/140/80 2572/152/80 2573/142/80 2575/354/80 2574/135/80 2566/355/80 2564/356/80
f 258/102/46 264/101/46 267/100/46 260/103/46
f 2417/107/81 2409/357/81 2407/136/81 2413/135/81 2414/108/81 2415/358/81
f 574/215/82 578/286/82 579/201/82 577/359/82 575/291/82
f 1167/224/53 1161/360/53 1159/73/53 1158/361/53 1156/254/53 1163/241/53 1166/344/53 1165/343/53
f 2501/362/83 2505/363/83 2503/333/83 2502/364/83 2500/365/83
f 286/72/77 290/185/77 291/201/77 288/96/77 287/244/77
f 347/97/63 346/286/63 338/87/63 339/86/63 341/121/63
f 2404/251/56 2406/366/56 2407/253/56
f 590/72/38 595/149/38 596/185/38
f 580/80/84 582/91/84 583/83/84 589/84/84 588/85/84 585/211/84 584/169/84
f 633/367/63 632/185/63 622/169/63 623/168/63 625/121/63
f 276/102/34 282/101/34 285/100/34 278/103/34
f 193/95/29 195/97/29 189/98/29 190/99/29 191/283/29 188/101/29 180/284/29 183/235/29 182/285/29 181/105/29
f 2343/368/85 2342/173/85 2339/330/85 2337/348/85 2338/251/85 2341/253/85
f 2517/369/86 2514/297/86 2515/365/86
f 2568/364/86 2563/80/86 2564/365/86
f 2671/370/79 2662/139/79 2660/140/79 2659/141/79 2658/371/79 2667/372/79 2670/74/79 2669/152/79
f 2524/156/87 2519/229/87 2525/263/87
f 2559/226/88 2552/333/88 2553/334/88
f 154/192/68 155/95/68 145/76/68 143/198/68 142/199/68
f 864/373/89 863/329/89 858/174/89 859/170/89 856/374/89 860/375/89 862/289/89 861/171/89 865/321/89
f 1035/376/51 1047/224/51 1045/343/51 1044/226/51 1042/377/51 1031/228/51 1034/378/51 1033/278/51
f 293/102/34 298/101/34 301/100/34 295/103/34
f 2644/364/86 2640/80/86 2641/365/86
f 2668/151/90 2672/156/90 2673/263/90
f 750/124/50 737/217/50 738/379/50 734/219/50 733/220/50 732/221/50 744/222/50 746/135/50 747/125/50
f 659/174/67 664/256/67 660/290/67
f 2722/152/91 2728/380/91 2723/142/91
f 3183/381/12 3179/382/12 3180/383/12 3184/384/12
f 2263/322/92 2270/385/92 2265/386/92 2257/63/92 2258/64/92
f 312/102/46 318/101/46 321/100/46 314/103/46
f 684/213/93 682/320/93 681/387/93
f 341/121/32 339/86/32 342/85/32
f 270/388/29 271/96/29 273/201/29 265/98/29 266/99/29 267/100/29 264/101/29 258/102/29 260/103/29 259/104/29
f 2923/389/12 2924/390/12 2928/391/12 2927/392/12
f 682/320/12 684/213/12 683/172/12 693/124/12 691/166/12 690/319/12
f 344/215/10 346/286/10 347/97/10 345/96/10
f 38/288/94 34/388/94 35/96/94
f 336/131/33 328/132/33 331/133/33 337/134/33
f 332/102/46 340/101/46 343/100/46 335/103/46
f 356/213/49 353/214/49 352/169/49
f 356/213/84 352/169/84 348/80/84 350/91/84 351/83/84 357/84/84 355/85/84
f 58/96/48 60/97/48 54/99/48 56/100/48 53/101/48 45/102/48 47/103/48 46/104/48
f 911/124/95 901/217/95 899/218/95 898/219/95 897/220/95 896/393/95 906/394/95 907/395/95 908/125/95 909/292/95
f 727/162/96 716/396/96 726/397/96
f 385/97/63 384/150/63 376/89/63 377/88/63 379/121/63
f 364/185/97 365/97/97 362/96/97 360/129/97 359/186/97 358/361/97
f 358/361/38 363/149/38 364/185/38
f 3052/398/24 3050/399/24 3054/400/24 3056/401/24
f 2981/402/10 2983/403/10 2984/401/10 2982/400/10
f 349/102/34 354/101/34 357/100/34 351/103/34
f 384/150/10 385/97/10 383/96/10 382/192/10
f 754/90/56 757/91/56 758/175/56
f 863/143/98 870/123/98 871/162/98 867/130/98 868/74/98 866/404/98 855/405/98 857/153/98 858/154/98
f 2111/251/18 2116/406/18 2114/366/18 2115/407/18 2123/408/18 2124/182/18 2119/211/18 2118/210/18 2112/409/18 2110/297/18
f 1848/99/99 1846/207/99 1856/200/99 1858/313/99 1854/410/99 1864/411/99 1866/288/99 1867/412/99
f 374/131/33 366/132/33 369/133/33 375/134/33
f 370/102/34 378/101/34 381/100/34 373/103/34
f 400/167/18 397/168/18 396/169/18 395/78/18 389/79/18 387/80/18 388/170/18 392/171/18 393/83/18 401/84/18
f 1977/244/68 1978/413/68 1966/414/68 1963/184/68 1962/92/68
f 99/185/10 100/177/10 98/176/10 97/186/10
f 399/121/32 397/168/32 400/167/32
f 1323/376/51 1335/224/51 1333/415/51 1332/416/51 1330/377/51 1319/228/51 1322/378/51 1321/278/51
f 803/143/55 813/123/55 806/417/55 808/74/55 805/404/55 793/405/55 795/153/55 796/154/55
f 3228/418/100 3233/419/100 3231/420/100 3225/421/100 3227/422/100
f 394/131/33 386/132/33 389/133/33 395/134/33
f 390/102/46 398/101/46 401/100/46 393/103/46
f 419/121/32 417/86/32 420/148/32
f 415/349/18 409/352/18 407/353/18 408/81/18 412/82/18 413/423/18 421/424/18 420/148/18 417/86/18 416/87/18
f 3303/300/16 3301/299/16 3297/425/16 3299/426/16
f 851/125/69 847/112/69 852/292/69
f 210/213/49 207/214/49 206/169/49
f 439/121/32 437/211/32 440/148/32
f 414/231/33 406/232/33 409/65/33 415/66/33
f 410/102/46 418/233/46 421/234/46 413/235/46
f 3412/427/24 3410/428/24 3414/298/24 3416/301/24
f 887/395/35 880/218/35 879/219/35
f 3305/429/4 3309/430/4 3310/431/4 3306/432/4
f 895/251/56 898/91/56 899/175/56
f 3527/433/16 3525/299/16 3521/425/16 3523/426/16
f 693/124/101 683/434/101 680/219/101 679/435/101 689/292/101 692/165/101
f 3299/436/18 3297/437/18 3298/438/18 3300/439/18
f 2532/362/65 2537/440/65 2535/333/65 2534/441/65 2533/442/65 2528/443/65 2531/444/65 2530/297/65
f 434/231/33 426/232/33 429/65/33 435/66/33
f 430/102/34 438/233/34 441/234/34 432/235/34
f 2001/192/10 2003/178/10 2004/97/10 2002/359/10
f 1870/445/102 1876/446/102 1871/92/102
f 2616/138/79 2604/139/79 2602/140/79 2601/141/79 2599/371/79 2612/447/79 2615/74/79 2614/152/79
f 1680/87/31 1681/183/31 1700/201/31 1701/307/31 1698/117/31 1693/118/31 1695/119/31 1694/120/31
f 457/95/10 455/192/10 454/72/10 459/178/10 461/97/10 460/288/10
f 3746/448/18 3748/449/18 3747/450/18 3745/451/18
f 2246/368/103 2245/452/103 2239/348/103 2240/90/103 2237/453/103 2241/454/103 2244/406/103 2243/366/103
f 561/177/63 560/243/63 552/169/63 553/168/63 555/121/63
f 32/99/104 29/104/104 28/105/104 34/388/104 38/288/104 39/97/104 40/455/104
f 2053/445/105 2057/446/105 2054/92/105
f 273/201/63 272/286/63 262/87/63 263/86/63 265/121/63
f 1131/376/51 1143/456/51 1141/343/51 1140/226/51 1138/227/51 1127/228/51 1130/229/51 1129/230/51
f 1227/376/51 1239/456/51 1237/343/51 1236/226/51 1234/377/51 1223/457/51 1226/458/51 1225/230/51
f 470/231/33 462/232/33 465/65/33 471/66/33
f 466/102/46 474/233/46 477/234/46 469/235/46
f 1011/277/51 1023/459/51 1021/225/51 1020/226/51 1018/377/51 1007/228/51 1010/378/51 1009/278/51
f 1155/376/106 1167/224/106 1165/343/106 1164/226/106 1162/377/106 1151/457/106 1154/458/106 1153/230/106
f 1821/460/107 1823/342/107 1837/311/107 1839/242/107 1835/461/107 1825/462/107 1827/310/107 1828/308/107
f 1912/97/43 1911/178/43 1902/179/43 1903/88/43 1900/180/43 1905/181/43 1907/182/43 1906/463/43
f 490/293/33 482/132/33 485/294/33 491/134/33
f 486/284/46 494/101/46 497/283/46 489/235/46
f 2143/212/49 2140/464/49 2139/304/49
f 1050/238/16 1051/64/16 1052/133/16 1056/134/16 1057/67/16 1058/396/16 1068/226/16 1069/343/16 1070/344/16 1062/361/16 1063/73/16 1064/74/16
f 59/185/10 60/97/10 58/96/10 57/186/10
f 1095/224/53 1089/239/53 1087/73/53 1086/72/53 1084/254/53 1091/255/53 1094/71/53 1093/225/53
f 1098/238/16 1099/64/16 1100/294/16 1104/134/16 1105/67/16 1106/396/16 1116/226/16 1117/225/16 1118/242/16 1110/72/16 1111/73/16 1112/74/16
f 2729/465/108 2725/466/108 2723/142/108 2728/380/108 2727/467/108
f 2185/441/18 2177/444/18 2175/297/18 2176/251/18 2182/468/18 2180/252/18 2181/469/18 2192/470/18 2190/471/18 2191/212/18 2187/472/18 2186/210/18
f 2209/441/18 2201/444/18 2199/297/18 2200/251/18 2206/406/18 2204/366/18 2205/469/18 2216/470/18 2214/473/18 2215/182/18 2211/472/18 2210/210/18
f 1074/238/16 1075/64/16 1076/65/16 1080/66/16 1081/67/16 1082/396/16 1092/226/16 1093/225/16 1094/71/16 1086/72/16 1087/73/16 1088/74/16
f 510/293/33 502/132/33 505/294/33 511/134/33
f 506/284/34 513/101/34 515/283/34 508/235/34
f 2125/215/47 2126/193/47 2114/194/47 2116/195/47 2113/196/47 2109/197/47 2111/75/47 2110/188/47
f 230/192/68 231/95/68 221/76/68 218/198/68 217/199/68
f 540/178/10 541/97/10 539/95/10 538/192/10
f 535/121/32 533/88/32 536/122/32
f 2305/325/109 2315/74/109 2303/64/109
f 173/243/44 170/244/44 159/187/44 161/65/44 158/232/44 164/231/44 165/66/44 166/67/44
f 656/123/30 657/124/30 654/125/30 655/109/30 652/474/30 647/128/30 649/291/30 648/247/30
f 565/77/110 563/188/110 562/475/110 574/215/110 575/291/110 576/388/110
f 530/293/33 522/132/33 525/294/33 531/134/33
f 526/284/34 534/101/34 537/283/34 529/235/34
f 214/243/54 212/244/54 197/245/54 198/187/54 199/294/54 196/132/54 204/293/54 205/134/54 206/67/54 207/246/54
f 2297/135/35 2290/136/35 2289/137/35
f 479/200/29 481/177/29 475/98/29 476/99/29 477/234/29 474/233/29 466/102/29 469/235/29 468/476/29 467/105/29
f 1167/224/24 1155/357/24 1149/104/24 1161/360/24
f 1212/226/16 1213/225/16 1214/242/16 1206/72/16 1207/73/16 1208/74/16 1194/153/16 1195/154/16 1196/294/16 1200/134/16 1201/67/16 1202/477/16
f 1260/69/16 1261/415/16 1262/344/16 1254/361/16 1255/73/16 1256/74/16 1242/63/16 1243/64/16 1244/133/16 1248/134/16 1249/67/16 1250/68/16
f 2351/478/81 2343/217/81 2341/136/81 2347/135/81 2348/479/81 2349/358/81
f 550/293/33 542/132/33 545/294/33 551/134/33
f 546/284/46 554/101/46 557/283/46 549/235/46
f 2354/170/56 2356/295/56 2357/253/56
f 2027/209/44 2025/215/44 2007/480/44 2009/133/44 2005/481/44 2015/482/44 2017/66/44 2018/67/44
f 571/121/32 569/86/32 572/85/32
f 283/121/32 281/211/32 284/85/32
f 2390/325/109 2398/74/109 2388/154/109
f 2300/385/111 2301/258/111 2299/358/111 2295/483/111 2294/484/111
f 587/121/32 585/211/32 588/85/32
f 564/102/46 570/101/46 573/100/46 566/103/46
f 2491/72/90 2495/467/90 2496/263/90
f 2647/363/51 2657/465/51 2655/467/51 2654/226/51 2653/485/51 2643/486/51 2646/458/51 2645/333/51
f 2454/251/56 2456/252/56 2457/253/56
f 2487/333/112 2485/318/112 2488/334/112
f 2594/138/79 2585/139/79 2583/140/79 2582/141/79 2581/371/79 2590/447/79 2593/74/79 2592/152/79
f 80/97/63 79/150/63 71/89/63 72/88/63 74/121/63
f 2394/322/75 2401/385/75 2396/324/75 2398/74/75 2390/325/75
f 617/80/113 619/171/113 620/83/113 627/84/113 626/167/113 623/168/113 622/169/113 621/487/113
f 581/102/34 586/101/34 589/100/34 583/103/34
f 1299/277/51 1311/459/51 1309/70/51 1308/69/51 1306/377/51 1295/228/51 1298/378/51 1297/278/51
f 292/80/84 294/91/84 295/83/84 301/84/84 300/85/84 297/88/84 296/89/84
f 272/286/114 268/215/114 256/245/114 261/341/114 262/342/114
f 213/95/48 215/97/48 209/99/48 211/283/48 208/101/48 200/284/48 202/235/48 201/285/48
f 598/187/115 602/342/115 613/149/115 608/72/115 609/192/115
f 2565/362/116 2571/363/116 2569/333/116 2568/364/116 2564/365/116 2566/488/116
f 2474/368/85 2473/173/85 2470/330/85 2468/348/85 2469/251/85 2472/253/85
f 194/216/44 192/215/44 177/187/44 179/294/44 176/132/44 184/293/44 185/134/44 186/67/44
f 299/121/32 297/88/32 300/85/32
f 599/102/34 604/101/34 607/100/34 601/103/34
f 2626/362/117 2630/489/117 2628/334/117 2625/318/117 2623/314/117 2624/365/117
f 345/96/29 347/97/29 341/98/29 342/99/29 343/100/29 340/101/29 332/102/29 335/103/29 334/104/29 333/105/29
f 2572/152/118 2579/380/118 2573/142/118
f 928/319/111 929/124/111 927/292/111 922/112/111 921/490/111
f 324/388/29 325/176/29 327/367/29 319/98/29 320/99/29 321/100/29 318/101/29 312/102/29 314/103/29 313/104/29
f 2586/333/112 2584/409/112 2587/334/112
f 1113/239/79 1101/139/79 1099/337/79 1098/141/79 1096/338/79 1109/491/79 1112/74/79 1111/73/79
f 324/388/119 323/483/119 325/176/119
f 2627/333/112 2625/318/112 2628/334/112
f 1631/77/45 1630/199/45 1637/492/45 1638/112/45 1635/190/45 1640/191/45 1642/109/45 1641/176/45
f 319/121/32 317/168/32 320/167/32
f 618/102/46 624/101/46 627/100/46 620/103/46
f 2649/152/59 2656/380/59 2650/142/59
f 644/493/12 645/172/12 657/124/12 656/123/12
f 160/184/27 162/76/27 163/77/27
f 2718/364/86 2715/80/86 2716/365/86
f 2715/140/120 2724/74/120 2716/356/120
f 705/494/121 703/495/121 702/144/121
f 79/150/10 80/97/10 78/96/10 77/192/10
f 804/172/103 803/173/103 796/174/103 797/81/103 794/496/103 799/497/103 802/498/103 801/82/103
f 638/81/122 643/498/122 640/497/122 635/496/122
f 655/109/123 649/291/123 647/128/123 652/474/123
f 634/250/124 646/249/124 650/248/124 636/145/124
f 651/394/125 639/393/125 641/435/125 653/135/125
f 769/319/111 770/124/111 768/292/111 763/112/111 762/499/111
f 2733/369/86 2730/297/86 2731/365/86
f 452/98/104 453/99/104 449/476/104 448/105/104 456/388/104 460/288/104 461/97/104
f 901/172/42 900/500/42 894/174/42 895/251/42 899/175/42
f 669/394/125 661/393/125 662/435/125 670/135/125
f 77/192/68 78/96/68 66/76/68 63/198/68 62/199/68
f 1522/169/126 1523/114/126 1538/115/126 1539/116/126 1533/309/126
f 910/501/111 911/124/111 909/292/111 904/129/111 903/495/111
f 1335/224/53 1329/502/53 1327/73/53 1326/72/53 1324/254/53 1331/241/53 1334/344/53 1333/415/53
f 2928/391/10 2926/503/10 2925/504/10 2927/392/10
f 676/250/124 685/249/124 687/248/124 677/145/124
f 2844/389/12 2845/390/12 2849/391/12 2848/505/12
f 3191/381/10 3192/384/10 3190/506/10 3189/507/10
f 708/164/12 707/123/12 700/500/12 701/373/12
f 118/95/29 120/97/29 114/98/29 115/99/29 116/234/29 113/233/29 105/102/29 108/235/29 107/476/29 106/105/29
f 706/292/127 697/435/127 704/161/127
f 697/508/4 698/509/4 699/510/4 695/92/4 694/511/4 703/495/4 705/494/4 704/161/4
f 1438/159/10 1439/158/10 1437/512/10 1436/513/10
f 3199/381/10 3200/384/10 3198/506/10 3197/514/10
f 891/124/60 882/217/60 880/218/60 887/395/60 888/125/60
f 2933/515/16 2929/516/16 2931/517/16 2935/518/16
f 710/81/56 713/82/56 714/175/56
f 666/172/128 665/500/128 660/290/128 664/256/128 663/91/128
f 834/124/95 823/357/95 824/379/95 820/219/95 819/519/95 818/393/95 829/520/95 830/135/95 831/125/95 832/292/95
f 2858/521/129 2863/522/129 2864/523/129 2859/524/129 2860/525/129 2855/526/129 2854/527/129 2920/528/129 2919/529/129 2853/530/129
f 361/388/119 360/129/119 362/96/119
f 993/239/79 981/509/79 979/337/79 978/511/79 976/338/79 989/339/79 992/74/79 991/73/79
f 725/109/123 720/291/123 718/128/123 722/474/123
f 721/222/125 711/221/125 712/220/125 723/135/125
f 481/177/63 480/243/63 472/169/63 473/168/63 475/121/63
f 833/123/111 834/124/111 832/292/111 827/129/111 826/130/111
f 737/172/74 736/211/74 738/321/74
f 821/143/55 833/123/55 826/130/55 828/74/55 825/404/55 815/405/55 816/153/55 817/154/55
f 735/329/73 736/211/73 737/172/73 750/124/73 749/123/73
f 748/126/123 742/129/123 740/128/123 745/127/123
f 729/237/124 739/236/124 743/74/124 730/238/124
f 744/222/130 732/221/130 733/220/130 746/135/130
f 39/97/131 37/287/131 40/455/131
f 759/452/12 760/172/12 770/124/12 769/319/12
f 2172/201/43 2171/150/43 2162/179/43 2163/88/43 2160/180/43 2165/181/43 2167/182/43 2166/473/43
f 1570/72/10 1582/242/10 1580/120/10 1581/119/10 1587/116/10 1586/115/10 1585/288/10 1577/531/10 1575/95/10 1576/94/10 1572/129/10 1571/308/10
f 189/121/32 187/86/32 190/122/32
f 1624/532/132 1625/96/132 1614/533/132 1615/77/132 1616/446/132 1612/534/132
f 751/237/124 761/236/124 764/74/124 752/238/124
f 765/222/130 755/221/130 756/220/130 766/135/130
f 1978/413/29 1980/208/29 1974/535/29 1975/202/29 1976/536/29 1973/537/29 1965/538/29 1968/103/29 1967/104/29 1966/539/29
f 1614/540/133 1621/536/133 1615/104/133
f 779/329/12 780/373/12 792/164/12 791/123/12
f 865/379/134 874/541/134 864/357/134
f 2052/97/43 2051/209/43 2042/210/43 2043/211/43 2040/180/43 2045/181/43 2047/182/43 2046/183/43
f 790/494/123 784/483/123 782/542/123 787/127/123
f 771/237/124 781/236/124 785/74/124 772/238/124
f 786/222/125 775/221/125 776/220/125 788/135/125
f 1590/87/31 1591/463/31 1610/201/31 1611/307/31 1608/117/31 1603/118/31 1605/119/31 1604/120/31
f 408/75/27 411/76/27 412/77/27
f 797/81/122 802/498/122 799/497/122 794/496/122
f 793/405/124 805/404/124 808/74/124 795/153/124
f 809/520/125 798/393/125 800/519/125 810/135/125
f 1656/87/18 1654/80/18 1655/252/18 1657/327/18
f 2523/138/135 2516/139/135 2515/356/135 2514/140/135 2513/141/135 2522/142/135
f 823/172/74 822/211/74 824/321/74
f 834/124/73 833/123/73 821/329/73 822/211/73 823/172/73
f 197/475/102 203/543/102 198/92/102
f 2050/359/48 2052/97/48 2046/202/48 2048/536/48 2044/537/48 2035/538/48 2037/103/48 2036/104/48
f 1879/304/126 1881/114/126 1887/208/126 1888/116/126 1885/544/126
f 815/405/124 825/404/124 828/74/124 816/153/124
f 829/520/130 818/393/130 819/519/130 830/135/130
f 1719/89/18 1717/297/18 1718/366/18 1720/408/18
f 1706/151/38 1712/309/38 1713/545/38
f 854/124/12 853/319/12 843/452/12 844/172/12
f 461/97/58 459/178/58 458/149/58 450/89/58 451/88/58 452/121/58
f 1715/116/136 1713/545/136 1712/309/136
f 443/95/137 445/97/137 439/98/137 440/99/137 441/234/137 438/233/137 430/102/137 432/235/137 431/476/137
f 817/174/138 820/91/138 824/321/138 822/211/138 821/329/138
f 835/405/124 845/404/124 848/74/124 836/153/124
f 849/520/130 839/393/130 840/519/130 850/135/130
f 215/97/10 213/95/10 212/244/10 214/243/10
f 2321/478/60 2311/217/60 2308/136/60 2317/135/60 2318/479/60
f 168/98/104 169/99/104 163/476/104 162/105/104 171/388/104 174/288/104 175/177/104
f 873/163/139 870/123/139 863/329/139 864/373/139 874/541/139 872/164/139
f 3131/546/140 3132/547/140 3134/548/140 3133/549/140
f 886/74/141 885/247/141 889/109/141 888/125/141 887/395/141 879/139/141 878/75/141 877/188/141 876/141/141
f 475/121/32 473/168/32 476/550/32
f 878/81/56 879/82/56 880/175/56
f 630/388/29 631/176/29 633/367/29 625/98/29 626/99/29 627/100/29 624/101/29 618/102/29 620/103/29 619/104/29
f 859/170/122 862/289/122 860/375/122 856/374/122
f 855/405/124 866/404/124 868/74/124 857/153/124
f 480/243/44 478/244/44 463/187/44 465/65/44 462/232/44 470/231/44 471/66/44 472/67/44
f 1065/360/79 1053/139/79 1051/337/79 1050/141/79 1048/338/79 1061/491/79 1064/74/79 1063/73/79
f 1847/87/31 1848/473/31 1867/412/31 1868/307/31 1865/117/31 1860/118/31 1862/119/31 1861/311/31
f 2219/551/44 2217/215/44 2199/480/44 2201/65/44 2197/552/44 2207/553/44 2209/341/44 2210/342/44
f 889/109/121 885/247/121 884/144/121
f 2255/106/142 2256/478/142 2254/358/142 2252/479/142 2253/109/142 2251/110/142 2247/111/142 2250/112/142 2249/113/142 2248/386/142
f 780/373/128 779/329/128 774/290/128 778/289/128 777/171/128
f 597/201/58 596/185/58 595/149/58 584/169/58 585/211/58 587/121/58
f 875/250/124 883/249/124 886/74/124 876/63/124
f 3639/433/12 3635/554/12 3636/555/12 3640/301/12
f 103/75/27 106/76/27 107/77/27
f 1823/87/18 1821/297/18 1822/252/18 1824/471/18
f 600/77/143 598/199/143 609/192/143 610/112/143 611/388/143
f 911/124/12 910/501/12 900/500/12 901/172/12
f 1089/239/79 1077/139/79 1075/337/79 1074/141/79 1072/338/79 1085/491/79 1088/74/79 1087/73/79
f 3643/556/18 3641/557/18 3642/558/18 3644/559/18
f 2278/322/92 2285/385/92 2280/386/92 2272/63/92 2273/64/92
f 1847/87/18 1845/297/18 1846/366/18 1848/473/18
f 423/193/29 425/97/29 419/98/29 420/99/29 421/234/29 418/233/29 410/102/29 413/235/29 412/476/29 411/105/29
f 892/250/124 902/249/124 905/74/124 893/63/124
f 906/394/130 896/393/130 897/220/130 907/395/130
f 2759/370/144 2749/139/144 2747/356/144 2758/74/144 2757/152/144
f 1925/78/18 1917/318/18 1915/314/18 1916/251/18 1922/468/18 1920/252/18 1921/316/18 1932/317/18 1930/114/18 1931/212/18 1927/211/18 1926/210/18
f 447/90/18 449/91/18 453/148/18 451/88/18 450/89/18 446/353/18
f 110/349/18 104/352/18 102/353/18 103/81/18 107/82/18 108/423/18 116/424/18 115/148/18 112/86/18 111/87/18
f 1911/178/44 1909/192/44 1891/480/44 1893/65/44 1889/481/44 1899/482/44 1901/134/44 1902/67/44
f 926/125/145 922/112/145 927/292/145
f 924/394/130 914/393/130 915/220/130 925/395/130
f 234/97/131 233/166/131 235/455/131
f 950/164/146 947/560/146 946/501/146 938/500/146 941/373/146 940/260/146 951/541/146
f 232/178/147 233/166/147 234/97/147 231/95/147 230/192/147
f 945/161/148 943/495/148 946/501/148 947/560/148 949/165/148
f 861/219/149 869/161/149 872/164/149 874/541/149 865/379/149
f 1029/104/24 1041/360/24 1047/224/24 1035/434/24
f 934/170/122 937/289/122 935/375/122 931/374/122
f 939/561/150 948/562/150 951/541/150 940/563/150
f 930/250/124 942/249/124 944/74/124 932/63/124
f 500/216/44 498/215/44 483/187/44 485/294/44 482/132/44 490/293/44 491/134/44 492/67/44
f 981/476/24 993/239/24 999/459/24 987/434/24
f 963/434/24 957/104/24 969/360/24 975/459/24
f 938/143/55 946/501/55 943/495/55 944/74/55 942/249/55 930/250/55 932/63/55 933/64/55
f 1023/459/53 1017/239/53 1015/73/53 1014/72/53 1012/240/53 1019/241/53 1022/242/53 1021/225/53
f 941/373/103 938/500/103 933/174/103 934/170/103 931/374/103 935/375/103 937/289/103 936/171/103
f 960/78/151 956/79/151 953/564/151 958/279/151
f 972/226/152 962/378/152 959/228/152 970/377/152
f 966/361/153 974/344/153 971/241/153 964/254/153
f 954/511/154 968/74/154 965/339/154 952/338/154
f 1311/459/53 1305/336/53 1303/73/53 1302/72/53 1300/240/53 1307/241/53 1310/242/53 1309/70/53
f 1221/276/65 1227/376/65 1225/230/65 1224/487/65 1222/279/65 1217/564/65 1220/79/65 1219/80/65
f 1059/217/24 1053/104/24 1065/360/24 1071/224/24
f 2075/565/155 2082/535/155 2083/202/155
f 1329/502/79 1317/139/79 1315/337/79 1314/141/79 1312/338/79 1325/339/79 1328/248/79 1327/73/79
f 1281/336/79 1269/139/79 1267/337/79 1266/141/79 1264/338/79 1277/339/79 1280/74/79 1279/73/79
f 987/223/51 999/459/51 997/225/51 996/226/51 994/377/51 983/228/51 986/378/51 985/278/51
f 984/349/151 980/352/151 977/351/151 982/350/151
f 996/226/152 986/378/152 983/228/152 994/377/152
f 990/72/153 998/71/153 995/255/153 988/254/153
f 978/511/154 992/74/154 989/339/154 976/338/154
f 1718/77/45 1717/199/45 1723/566/45 1724/112/45 1721/190/45 1725/191/45 1727/109/45 1726/200/45
f 1041/360/79 1029/509/79 1027/337/79 1026/511/79 1024/338/79 1037/339/79 1040/74/79 1039/73/79
f 1011/434/24 1005/285/24 1017/239/24 1023/459/24
f 2064/567/156 2067/257/156 2063/244/156
f 2558/138/36 2551/139/36 2549/140/36 2548/141/36 2557/142/36
f 1077/276/65 1083/223/65 1081/230/65 1080/349/65 1078/350/65 1073/351/65 1076/352/65 1075/353/65
f 254/243/10 255/177/10 253/200/10 252/244/10
f 1008/78/151 1004/281/151 1001/280/151 1006/279/151
f 1020/226/152 1010/378/152 1007/228/152 1018/377/152
f 1014/72/153 1022/242/153 1019/241/153 1012/240/153
f 1002/511/154 1016/74/154 1013/339/154 1000/338/154
f 2115/565/155 2122/535/155 2123/202/155
f 518/243/157 516/244/157 503/245/157 504/187/157 505/294/157 502/132/157 510/293/157 511/134/157 512/67/157
f 1032/487/151 1028/79/151 1025/564/151 1030/279/151
f 1044/226/152 1034/378/152 1031/228/152 1042/377/152
f 1038/72/153 1046/344/153 1043/241/153 1036/254/153
f 1026/511/154 1040/74/154 1037/339/154 1024/338/154
f 361/388/158 362/96/158 365/97/158 355/99/158 357/100/158 354/101/158 349/102/158 351/103/158 350/104/158
f 1149/276/65 1155/376/65 1153/230/65 1152/78/65 1150/279/65 1145/564/65 1148/79/65 1147/80/65
f 2085/192/47 2086/193/47 2074/194/47 2076/195/47 2073/196/47 2069/197/47 2071/198/47 2070/199/47
f 1119/224/53 1113/239/53 1111/73/53 1110/72/53 1108/240/53 1115/241/53 1118/242/53 1117/225/53
f 520/97/147 517/95/147 516/244/147 518/243/147 519/119/147
f 520/97/131 519/119/131 521/455/131
f 1077/476/24 1089/239/24 1095/224/24 1083/217/24
f 1056/78/151 1052/79/151 1049/564/151 1054/279/151
f 1068/226/152 1058/229/152 1055/228/152 1066/227/152
f 1062/361/153 1070/344/153 1067/241/153 1060/254/153
f 1050/141/154 1064/74/154 1061/491/154 1048/338/154
f 2049/215/47 2050/359/47 2036/194/47 2038/195/47 2034/196/47 2030/197/47 2032/75/47 2031/188/47
f 2687/440/51 2699/568/51 2697/569/51 2696/226/51 2694/485/51 2683/486/51 2686/458/51 2685/333/51
f 1101/285/24 1113/239/24 1119/224/24 1107/217/24
f 536/122/18 533/88/18 532/89/18 531/78/18 525/281/18 523/282/18 524/90/18 528/91/18 529/345/18 537/346/18
f 1125/104/24 1137/360/24 1143/456/24 1131/217/24
f 261/341/159 256/245/159 257/187/159
f 1251/376/51 1263/459/51 1261/415/51 1260/69/51 1258/377/51 1247/228/51 1250/378/51 1249/278/51
f 1080/349/151 1076/352/151 1073/351/151 1078/350/151
f 1092/226/152 1082/229/152 1079/228/152 1090/227/152
f 1086/72/153 1094/71/153 1091/255/153 1084/254/153
f 1074/141/154 1088/74/154 1085/491/154 1072/338/154
f 2409/368/160 2408/173/160 2405/330/160 2403/348/160 2404/251/160 2407/253/160
f 576/388/29 577/359/29 579/201/29 571/98/29 572/99/29 573/100/29 570/101/29 564/102/29 566/103/29 565/104/29
f 261/487/113 257/80/113 259/82/113 260/83/113 267/84/113 266/85/113 263/86/113 262/87/113
f 2025/215/47 2026/413/47 2012/194/47 2014/446/47 2010/196/47 2006/197/47 2008/75/47 2007/188/47
f 2681/362/65 2687/440/65 2685/333/65 2684/441/65 2682/442/65 2677/443/65 2680/444/65 2679/297/65
f 1104/78/151 1100/281/151 1097/280/151 1102/279/151
f 1116/226/152 1106/229/152 1103/228/152 1114/227/152
f 1110/72/153 1118/242/153 1115/241/153 1108/240/153
f 1098/141/154 1112/74/154 1109/491/154 1096/338/154
f 270/388/119 269/291/119 271/96/119
f 60/97/161 59/185/161 52/214/161 55/213/161 54/85/161
f 2274/251/56 2276/366/56 2277/253/56
f 1233/360/24 1239/456/24 1227/357/24 1221/104/24
f 2065/326/162 2068/332/162 2060/535/162 2056/565/162 2055/207/162
f 657/124/163 645/434/163 642/219/163 641/435/163 639/393/163 651/394/163 653/135/163 654/125/163
f 268/215/82 272/286/82 273/201/82 271/96/82 269/291/82
f 1128/487/151 1124/79/151 1121/564/151 1126/279/151
f 1140/226/152 1130/229/152 1127/228/152 1138/227/152
f 1134/72/153 1142/344/153 1139/241/153 1132/254/153
f 1122/141/154 1136/74/154 1133/491/154 1120/338/154
f 556/340/18 553/168/18 552/169/18 551/78/18 545/281/18 543/282/18 544/170/18 548/171/18 549/345/18 557/346/18
f 2298/259/69 2295/483/69 2299/358/69
f 1173/276/65 1179/223/65 1177/230/65 1176/349/65 1174/350/65 1169/351/65 1172/352/65 1171/353/65
f 1197/276/65 1203/277/65 1201/230/65 1200/78/65 1198/279/65 1193/280/65 1196/281/65 1195/282/65
f 560/243/10 561/177/10 559/200/10 558/244/10
f 1317/276/65 1323/376/65 1321/278/65 1320/487/65 1318/279/65 1313/564/65 1316/79/65 1315/80/65
f 969/360/79 957/509/79 955/337/79 954/511/79 952/338/79 965/339/79 968/74/79 967/73/79
f 555/121/32 553/168/32 556/340/32
f 1137/360/79 1125/139/79 1123/337/79 1122/141/79 1120/338/79 1133/491/79 1136/74/79 1135/73/79
f 1152/78/151 1148/79/151 1145/564/151 1150/279/151
f 1164/226/152 1154/458/152 1151/457/152 1162/377/152
f 1158/361/153 1166/344/153 1163/241/153 1156/254/153
f 1146/141/154 1160/74/154 1157/339/154 1144/347/154
f 2361/484/164 2362/259/164 2355/570/164 2356/139/164 2354/184/164 2353/92/164 2352/141/164
f 2322/188/4 2331/74/4 2329/324/4 2330/129/4 2333/259/4 2332/135/4 2325/139/4 2323/75/4
f 2508/466/135 2501/139/135 2500/356/135 2499/140/135 2498/141/135 2507/142/135
f 2348/479/69 2345/129/69 2349/358/69
f 957/276/65 963/376/65 961/278/65 960/78/65 958/279/65 953/564/65 956/79/65 955/80/65
f 1173/476/24 1185/239/24 1191/224/24 1179/357/24
f 963/376/51 975/459/51 973/343/51 972/226/51 970/377/51 959/228/51 962/378/51 961/278/51
f 2337/188/4 2346/74/4 2344/324/4 2345/129/4 2348/479/4 2347/135/4 2340/139/4 2338/75/4
f 2338/251/56 2340/366/56 2341/253/56
f 274/475/102 279/543/102 275/92/102
f 1209/239/24 1215/224/24 1203/357/24 1197/285/24
f 1257/502/24 1263/459/24 1251/217/24 1245/104/24
f 1176/349/151 1172/352/151 1169/351/151 1174/350/151
f 1188/226/152 1178/458/152 1175/457/152 1186/377/152
f 1182/72/153 1190/71/153 1187/255/153 1180/254/153
f 1170/141/154 1184/74/154 1181/339/154 1168/347/154
f 2419/325/165 2427/74/165 2418/64/165
f 2383/135/35 2374/136/35 2373/137/35
f 286/72/38 289/149/38 290/185/38
f 327/367/63 326/185/63 316/169/63 317/168/63 319/121/63
f 770/124/95 760/217/95 758/218/95 757/219/95 756/220/95 755/221/95 765/222/95 766/135/95 767/125/95 768/292/95
f 1200/78/151 1196/281/151 1193/280/151 1198/279/151
f 1212/226/152 1202/458/152 1199/457/152 1210/377/152
f 1206/72/153 1214/242/153 1211/241/153 1204/240/153
f 1194/141/154 1208/74/154 1205/339/154 1192/347/154
f 2388/188/4 2398/74/4 2396/324/4 2397/129/4 2399/259/4 2391/570/4 2392/139/4 2389/75/4
f 2571/363/51 2580/465/51 2578/467/51 2577/226/51 2576/485/51 2567/571/51 2570/229/51 2569/333/51
f 1329/502/24 1335/224/24 1323/217/24 1317/104/24
f 2427/74/4 2426/484/4 2430/94/4 2429/259/4 2428/135/4 2420/139/4 2422/446/4 2418/92/4
f 63/198/27 66/76/27 67/77/27
f 2405/325/109 2412/74/109 2403/154/109
f 1287/459/53 1281/336/53 1279/73/53 1278/72/53 1276/254/53 1283/255/53 1286/71/53 1285/70/53
f 1224/487/151 1220/79/151 1217/564/151 1222/279/151
f 1236/226/152 1226/458/152 1223/457/152 1234/377/152
f 1230/72/153 1238/344/153 1235/241/153 1228/254/153
f 1218/141/154 1232/74/154 1229/339/154 1216/347/154
f 442/244/166 443/95/166 431/77/166 433/543/166 427/475/166
f 2469/251/56 2471/366/56 2472/253/56
f 2434/199/4 2446/74/4 2444/113/4 2445/112/4 2450/109/4 2449/108/4 2448/135/4 2438/139/4 2440/195/4 2435/198/4
f 2502/364/86 2499/80/86 2500/365/86
f 611/388/29 612/96/29 615/201/29 605/98/29 606/99/29 607/100/29 604/101/29 599/102/29 601/103/29 600/104/29
f 288/96/137 291/201/137 283/98/137 284/99/137 285/100/137 282/101/137 276/102/137 278/103/137 277/104/137
f 645/172/103 644/493/103 637/174/103 638/81/103 635/496/103 640/497/103 643/498/103 642/82/103
f 2642/362/83 2647/363/83 2645/333/83 2644/364/83 2641/365/83
f 1248/78/151 1244/79/151 1241/564/151 1246/279/151
f 1260/69/152 1250/378/152 1247/228/152 1258/377/152
f 1254/361/153 1262/344/153 1259/241/153 1252/254/153
f 1242/141/154 1256/74/154 1253/339/154 1240/338/154
f 305/388/29 306/96/29 309/201/29 299/98/29 300/99/29 301/100/29 298/101/29 293/102/29 295/103/29 294/104/29
f 791/123/30 792/164/30 789/161/30 790/494/30 787/127/30 782/542/30 784/483/30 783/130/30
f 2662/362/167 2666/335/167 2664/334/167 2661/409/167 2660/297/167
f 1293/285/24 1305/336/24 1311/459/24 1299/217/24
f 292/187/115 296/342/115 307/149/115 302/72/115 303/192/115
f 143/198/27 145/76/27 146/77/27
f 1269/476/24 1281/336/24 1287/459/24 1275/217/24
f 579/201/63 578/286/63 568/87/63 569/86/63 571/121/63
f 611/388/119 610/112/119 612/96/119
f 605/121/32 603/88/32 606/85/32
f 625/121/32 623/168/32 626/167/32
f 1272/349/151 1268/352/151 1265/351/151 1270/350/151
f 1284/69/152 1274/378/152 1271/228/152 1282/377/152
f 1278/72/153 1286/71/153 1283/255/153 1276/254/153
f 1266/141/154 1280/74/154 1277/339/154 1264/338/154
f 2495/467/168 2489/229/168 2496/263/168
f 2706/489/169 2714/465/169 2713/263/169 2712/467/169 2711/226/169 2705/334/169
f 405/177/63 404/185/63 396/169/63 397/168/63 399/121/63
f 1053/276/65 1059/376/65 1057/230/65 1056/78/65 1054/279/65 1049/564/65 1052/79/65 1051/80/65
f 1332/416/16 1333/415/16 1334/344/16 1326/72/16 1327/73/16 1328/248/16 1314/63/16 1315/64/16 1316/133/16 1320/341/16 1321/342/16 1322/68/16
f 598/80/84 600/91/84 601/83/84 607/84/84 606/85/84 603/88/84 602/89/84
f 2506/152/91 2511/380/91 2507/142/91
f 30/87/170 27/79/170 25/80/170 26/81/170 29/82/170 32/85/170
f 3231/420/4 3232/572/4 3226/573/4 3225/574/4
f 1296/78/151 1292/281/151 1289/280/151 1294/279/151
f 1308/69/152 1298/378/152 1295/228/152 1306/377/152
f 1302/72/153 1310/242/153 1307/241/153 1300/240/153
f 1290/141/154 1304/74/154 1301/339/154 1288/338/154
f 2552/333/171 2550/318/171 2553/334/171
f 74/121/32 72/88/32 75/85/32
f 147/235/155 152/98/155 153/99/155
f 630/388/119 629/483/119 631/176/119
f 1263/459/53 1257/502/53 1255/73/53 1254/361/53 1252/254/53 1259/241/53 1262/344/53 1261/415/53
f 1681/99/99 1679/104/99 1689/176/99 1691/575/99 1687/576/99 1697/577/99 1699/578/99 1700/201/99
f 305/388/119 304/112/119 306/96/119
f 2652/354/172 2642/139/172 2641/356/172 2640/140/172 2639/141/172 2638/371/172 2648/372/172 2651/74/172 2649/152/172 2650/142/172
f 306/96/97 304/112/97 303/192/97 302/72/97 308/150/97 309/201/97
f 2699/568/173 2693/138/173 2691/152/173 2690/310/173 2688/579/173 2695/580/173 2698/242/173 2697/569/173
f 168/121/32 167/168/32 169/550/32
f 174/288/94 171/388/94 172/200/94
f 1320/487/151 1316/79/151 1313/564/151 1318/279/151
f 1332/416/152 1322/378/152 1319/228/152 1330/377/152
f 1326/72/153 1334/344/153 1331/241/153 1324/254/153
f 1314/141/154 1328/248/154 1325/339/154 1312/338/154
f 1495/581/25 1494/582/25 1492/583/25 1491/584/25
f 1404/585/25 1403/586/25 1407/587/25 1406/588/25
f 1353/589/174 1352/590/174 1350/591/174 1349/592/174
f 1336/593/2 1337/594/2 1338/595/2
f 1389/596/18 1395/597/18 1391/598/18 1386/599/18
f 1345/600/1 1357/601/1 1359/602/1 1346/603/1
f 3085/604/23 3090/605/23 3092/606/23 3086/607/23
f 1339/608/7 1340/609/7 1341/610/7
f 1354/611/175 1356/612/175 1349/592/175 1348/613/175
f 1361/614/20 1363/615/20 1365/616/20 1362/599/20
f 3096/617/21 3085/618/21 3084/619/21 3097/620/21
f 1342/621/11 1343/622/11 1344/623/11
f 3392/624/3 3391/625/3 3385/626/3 3387/627/3
f 1359/602/25 1358/628/25 1356/612/25 1355/629/25
f 1377/630/10 1373/631/10 1380/632/10 1382/633/10
f 1340/609/23 1345/600/23 1347/634/23 1341/610/23
f 1345/600/14 1346/603/14 1347/634/14
f 1351/635/8 1353/589/8 1358/628/8 1357/601/8
f 1391/622/3 1390/636/3 1384/637/3 1386/638/3
f 1351/635/21 1340/618/21 1339/639/21 1352/590/21
f 1348/613/176 1349/592/176 1350/591/176
f 1355/629/177 1354/611/177 1342/621/177 1344/623/177
f 1474/640/18 1477/641/18 1483/642/18 1479/643/18
f 1359/602/12 1355/629/12 1344/644/12 1346/603/12
f 1351/635/178 1352/590/178 1353/589/178
f 1345/645/24 1340/646/24 1351/635/24 1357/601/24
f 1491/584/177 1490/647/177 1478/648/177 1480/649/177
f 1354/611/22 1355/629/22 1356/612/22
f 1378/650/16 1372/651/16 1360/652/16 1366/653/16
f 1376/654/174 1374/655/174 1373/631/174 1377/630/174
f 1353/589/10 1349/592/10 1356/612/10 1358/628/10
f 1433/656/4 1432/657/4 1436/513/4 1437/512/4
f 1375/658/21 1364/618/21 1363/659/21 1376/654/21
f 1357/601/26 1358/628/26 1359/602/26
f 1382/633/8 1381/660/8 1375/658/8 1377/630/8
f 1370/661/1 1369/662/1 1381/660/1 1383/663/1
f 1378/650/175 1380/632/175 1373/631/175 1372/651/175
f 1360/652/2 1361/664/2 1362/638/2
f 1376/654/4 1363/659/4 1361/665/4 1374/655/4
f 1406/588/8 1405/666/8 1399/667/8 1401/668/8
f 1367/622/3 1366/653/3 1360/652/3 1362/638/3
f 1383/663/25 1382/633/25 1380/632/25 1379/669/25
f 1363/615/7 1364/670/7 1365/616/7
f 1352/590/4 1339/639/4 1337/671/4 1350/591/4
f 1347/634/18 1343/672/18 1338/673/18 1341/610/18
f 1402/674/175 1404/585/175 1397/675/175 1396/676/175
f 1379/669/177 1378/650/177 1366/653/177 1368/677/177
f 1366/653/11 1367/622/11 1368/677/11
f 1369/662/179 1370/661/179 1371/597/179
f 1405/666/1 1407/587/1 1394/678/1 1393/662/1
f 1481/679/23 1483/642/23 1477/641/23 1476/680/23
f 1379/669/12 1368/681/12 1370/661/12 1383/663/12
f 1372/651/180 1373/631/180 1374/655/180
f 1372/651/5 1374/655/5 1361/664/5 1360/652/5
f 1371/597/6 1370/661/6 1368/681/6 1367/682/6
f 1385/614/20 1387/615/20 1389/596/20 1386/599/20
f 1375/658/19 1376/654/19 1377/630/19
f 1484/683/5 1486/684/5 1473/685/5 1472/686/5
f 1378/650/22 1379/669/22 1380/632/22
f 1455/687/8 1457/33/8 1462/32/8 1461/688/8
f 1381/660/181 1382/633/181 1383/663/181
f 3224/689/182 3223/690/182 3221/691/182 3220/692/182
f 1396/676/5 1398/693/5 1385/694/5 1384/637/5
f 1455/687/24 1461/688/24 1449/695/24 1444/696/24
f 1400/697/21 1399/667/21 1388/618/21 1387/659/21
f 1384/637/2 1385/694/2 1386/638/2
f 1463/698/25 1462/32/25 1460/35/25 1459/699/25
f 1342/621/3 1336/593/3 1338/595/3 1343/622/3
f 1400/697/174 1398/693/174 1397/675/174 1401/668/174
f 1387/615/7 1388/700/7 1389/596/7
f 1369/662/23 1371/597/23 1365/616/23 1364/670/23
f 1413/701/23 1412/702/23 1417/703/23 1419/704/23
f 1390/636/183 1391/622/183 1392/705/183
f 1408/706/3 1410/707/3 1415/708/3 1414/709/3
f 1393/662/14 1394/678/14 1395/597/14
f 1395/597/6 1394/678/6 1392/710/6 1391/598/6
f 3097/620/4 3084/619/4 3082/711/4 3095/712/4
f 1459/699/177 1458/713/177 1446/714/177 1448/715/177
f 1396/676/180 1397/675/180 1398/693/180
f 2869/716/184 2872/717/184 2873/718/184 2856/719/184 2855/526/184 2860/525/184 2859/524/184 2864/523/184 2868/720/184
f 1346/603/6 1344/644/6 1343/672/6 1347/634/6
f 3405/721/25 3404/722/25 3408/723/25 3407/724/25
f 1399/667/19 1400/697/19 1401/668/19
f 1402/674/185 1403/586/185 1404/585/185
f 1457/33/174 1456/725/174 1454/726/174 1453/727/174
f 1405/666/181 1406/588/181 1407/587/181
f 1413/701/18 1419/704/18 1415/728/18 1410/729/18
f 1461/688/1 1463/698/1 1450/730/1 1449/703/1
f 1424/731/4 1411/732/4 1409/733/4 1422/726/4
f 1420/734/175 1426/735/175 1428/35/175 1421/34/175
f 1408/706/186 1409/736/186 1410/707/186
f 1418/737/1 1417/703/1 1429/688/1 1431/738/1
f 1411/739/7 1412/702/7 1413/701/7
f 3397/740/16 3385/626/16 3391/625/16 3403/741/16
f 1414/709/177 1416/742/177 1427/743/177 1426/735/177
f 1414/709/187 1415/708/187 1416/742/187
f 3730/744/24 3725/745/24 3736/746/24 3742/747/24
f 1448/748/6 1447/728/6 1451/704/6 1450/730/6
f 1417/703/14 1418/737/14 1419/704/14
f 1447/708/3 1446/714/3 1440/749/3 1442/707/3
f 1411/739/20 1413/701/20 1410/729/20 1409/614/20
f 1420/734/17 1421/34/17 1422/726/17
f 1456/725/21 1455/687/21 1444/618/21 1443/732/21
f 1423/750/19 1424/731/19 1425/33/19
f 3210/751/188 3212/752/188 3206/753/188 3205/754/188
f 1419/704/6 1418/737/6 1416/755/6 1415/728/6
f 1456/725/4 1443/732/4 1441/756/4 1454/726/4
f 1408/706/5 1420/734/5 1422/726/5 1409/736/5
f 1426/735/22 1427/743/22 1428/35/22
f 1440/749/16 1446/714/16 1458/713/16 1452/757/16
f 1423/750/21 1412/618/21 1411/732/21 1424/731/21
f 1429/688/26 1430/32/26 1431/738/26
f 679/508/189 680/509/189 678/199/189 677/511/189 687/248/189 686/490/189 688/125/189
f 97/186/68 98/176/68 86/76/68 83/184/68 82/92/68
f 2849/391/24 2845/758/24 2843/759/24 2847/503/24
f 1467/157/12 1471/158/12 1470/760/12 1466/160/12
f 2844/389/18 2842/761/18 2843/762/18 2845/390/18
f 700/143/37 707/123/37 702/144/37 694/145/37 695/146/37 696/147/37
f 1437/512/24 1439/158/24 1435/763/24 1433/764/24
f 3237/765/190 3239/766/190 3244/767/190 3243/768/190
f 1453/727/175 1452/757/175 1458/713/175 1460/35/175
f 1445/701/18 1451/704/18 1447/728/18 1442/729/18
f 1443/739/20 1445/701/20 1442/729/20 1441/614/20
f 1440/749/2 1441/769/2 1442/707/2
f 1445/701/23 1444/702/23 1449/703/23 1451/704/23
f 1443/739/7 1444/702/7 1445/701/7
f 3091/770/12 3104/771/12 3100/772/12 3089/773/12
f 3110/774/18 3116/775/18 3112/776/18 3107/777/18
f 3248/778/191 3247/779/191 3245/780/191 3244/781/191
f 1446/714/187 1447/708/187 1448/715/187
f 1431/738/25 1430/32/25 1428/35/25 1427/743/25
f 1488/782/21 1487/783/21 1476/618/21 1475/784/21
f 1449/703/14 1450/730/14 1451/704/14
f 1381/660/24 1369/785/24 1364/786/24 1375/658/24
f 3083/787/20 3082/614/20 3084/788/20 3086/607/20
f 1418/737/12 1431/738/12 1427/743/12 1416/755/12
f 1452/757/17 1453/727/17 1454/726/17
f 1455/687/192 1456/725/192 1457/33/192
f 1494/582/8 1493/789/8 1487/783/8 1489/790/8
f 1458/713/22 1459/699/22 1460/35/22
f 1489/790/174 1488/782/174 1486/684/174 1485/791/174
f 1461/688/26 1462/32/26 1463/698/26
f 2982/400/24 2984/401/24 2980/398/24 2978/399/24
f 1435/157/18 1434/160/18 1432/792/18 1433/793/18
f 1465/656/4 1464/657/4 1468/513/4 1469/512/4
f 178/75/27 181/76/27 182/77/27
f 1438/159/16 1436/513/16 1432/794/16 1434/795/16
f 3251/796/193 3250/797/193 3254/798/193 3253/799/193
f 1475/800/20 1477/641/20 1474/640/20 1473/614/20
f 1479/801/3 1478/648/3 1472/686/3 1474/802/3
f 1472/686/194 1473/685/194 1474/802/194
f 3120/803/21 3109/618/21 3108/804/21 3121/805/21
f 1490/647/175 1492/583/175 1485/791/175 1484/683/175
f 1475/800/195 1476/680/195 1477/641/195
f 1483/642/6 1482/806/6 1480/807/6 1479/643/6
f 3102/808/1 3104/771/1 3091/770/1 3090/605/1
f 1478/648/11 1479/801/11 1480/649/11
f 1493/789/1 1495/581/1 1482/806/1 1481/679/1
f 3739/809/16 3733/810/16 3721/811/16 3727/812/16
f 1481/679/14 1482/806/14 1483/642/14
f 3121/805/4 3108/804/4 3106/813/4 3119/814/4
f 3124/815/177 3123/816/177 3111/817/177 3113/818/177
f 3289/819/4 3276/820/4 3274/821/4 3287/822/4
f 3101/823/25 3100/772/25 3104/771/25 3103/824/25
f 1484/683/176 1485/791/176 1486/684/176
f 1403/586/177 1402/674/177 1390/636/177 1392/705/177
f 1487/783/19 1488/782/19 1489/790/19
f 1362/599/18 1365/616/18 1371/597/18 1367/682/18
f 3099/825/175 3101/823/175 3094/826/175 3093/827/175
f 1485/791/10 1492/583/10 1494/582/10 1489/790/10
f 1490/647/196 1491/584/196 1492/583/196
f 1493/789/26 1494/582/26 1495/581/26
f 1517/19/8 1511/828/8 1513/829/8 1518/830/8
f 1497/831/194 1498/832/194 1496/833/194
f 1499/834/4 1497/831/4 1510/835/4 1512/836/4
f 1518/830/25 1516/837/25 1515/838/25 1519/20/25
f 1501/57/7 1499/834/7 1500/55/7
f 1505/18/24 1500/55/24 1511/828/24 1517/19/24
f 1508/839/5 1510/835/5 1497/831/5 1496/833/5
f 7/8/177 9/15/177 20/36/177 19/44/177
f 1496/833/16 1502/840/16 1514/841/16 1508/839/16
f 1503/842/183 1504/843/183 1502/840/183
f 1508/839/175 1514/841/175 1516/837/175 1509/844/175
f 1506/21/6 1504/843/6 1503/842/6 1507/56/6
f 1507/56/179 1505/18/179 1506/21/179
f 1512/836/174 1510/835/174 1509/844/174 1513/829/174
f 1499/834/20 1501/57/20 1498/832/20 1497/831/20
f 1510/835/176 1508/839/176 1509/844/176
f 1511/828/21 1500/55/21 1499/834/21 1512/836/21
f 1502/840/177 1504/843/177 1515/838/177 1514/841/177
f 1513/829/178 1511/828/178 1512/836/178
f 1502/840/3 1496/833/3 1498/832/3 1503/842/3
f 1516/837/196 1514/841/196 1515/838/196
f 1503/842/18 1498/832/18 1501/57/18 1507/56/18
f 1518/830/181 1519/20/181 1517/19/181
f 1518/830/10 1513/829/10 1509/844/10 1516/837/10
f 1519/20/12 1515/838/12 1504/843/12 1506/21/12
f 882/172/42 881/493/42 877/174/42 878/81/42 880/175/42
f 1520/314/18 1521/295/18 1523/114/18 1522/169/18
f 1539/116/136 1534/209/136 1533/309/136
f 1565/77/45 1564/188/45 1571/308/45 1572/129/45 1569/190/45 1574/191/45 1576/94/45 1575/95/45
f 2497/465/197 2494/138/197 2493/142/197 2492/152/197 2491/72/197 2496/263/197
f 31/214/198 30/87/198 32/85/198 40/455/198 37/287/198 36/286/198
f 1780/99/99 1778/207/99 1786/95/99 1788/313/99 1785/410/99 1793/411/99 1794/288/99 1795/312/99
f 1524/845/199 1532/846/199 1535/242/199 1525/72/199
f 1536/847/200 1528/576/200 1531/531/200 1537/288/200
f 231/95/29 234/97/29 235/455/29 228/99/29 229/283/29 227/101/29 220/284/29 223/235/29 222/285/29 221/105/29
f 1589/77/45 1588/188/45 1595/308/45 1596/129/45 1593/190/45 1598/191/45 1600/109/45 1599/200/45
f 1798/77/45 1797/199/45 1804/566/45 1805/112/45 1802/190/45 1807/191/45 1809/109/45 1808/200/45
f 1656/87/31 1657/327/31 1676/115/31 1677/116/31 1674/117/31 1669/118/31 1671/119/31 1670/120/31
f 1901/78/18 1893/318/18 1891/314/18 1892/90/18 1898/406/18 1896/366/18 1897/316/18 1908/317/18 1906/463/18 1907/182/18 1903/88/18 1902/179/18
f 2194/326/48 2196/115/48 2190/202/48 2192/203/48 2188/204/48 2179/205/48 2181/206/48 2180/207/48
f 2105/215/10 2107/545/10 2108/332/10 2106/326/10
f 1777/460/201 1779/342/201 1790/309/201 1791/551/201 1792/242/201 1789/461/201 1781/462/201 1782/310/201 1783/186/201 1784/93/201
f 1563/307/202 1557/166/202 1555/118/202 1560/117/202
f 1544/845/199 1554/846/199 1558/242/199 1546/72/199
f 1559/847/200 1549/576/200 1553/531/200 1561/288/200
f 1550/191/203 1545/190/203 1548/112/203 1552/109/203
f 1591/99/99 1589/285/99 1599/200/99 1601/531/99 1597/576/99 1607/847/99 1609/288/99 1610/201/99
f 1740/99/70 1738/207/70 1746/95/70 1748/302/70 1756/303/70
f 1935/209/44 1933/215/44 1915/480/44 1917/65/44 1913/481/44 1923/482/44 1925/134/44 1926/67/44
f 4035/62/204 4034/848/204 4040/849/204 4039/850/204 4043/851/204 4044/852/204 4048/853/204 4049/58/204
f 346/286/44 344/215/44 329/187/44 331/133/44 328/132/44 336/131/44 337/134/44 338/67/44
f 1587/116/202 1581/119/202 1579/118/202 1584/117/202
f 1568/845/199 1578/846/199 1582/242/199 1570/72/199
f 1583/847/200 1573/576/200 1577/531/200 1585/288/200
f 1574/191/203 1569/190/203 1572/129/203 1576/94/203
f 900/143/55 910/501/55 903/495/55 905/74/55 902/249/55 892/250/55 893/63/55 894/64/55
f 1633/99/99 1631/104/99 1641/176/99 1643/575/99 1639/576/99 1649/577/99 1651/578/99 1652/201/99
f 1594/72/10 1606/242/10 1604/120/10 1605/119/10 1611/307/10 1610/201/10 1609/288/10 1601/531/10 1599/200/10 1600/109/10 1596/129/10 1595/308/10
f 1628/380/205 1627/209/205 1629/115/205 1625/96/205 1624/532/205 1623/361/205
f 1611/307/202 1605/119/202 1603/118/202 1608/117/202
f 1592/845/199 1602/846/199 1606/242/199 1594/72/199
f 1607/847/206 1597/576/206 1601/531/206 1609/288/206
f 1598/191/203 1593/190/203 1596/129/203 1600/109/203
f 1620/212/207 1617/169/207 1613/80/207 1616/315/207 1615/295/207 1621/854/207 1619/327/207
f 2732/362/208 2736/335/208 2735/334/208 2734/333/208 2733/369/208 2731/365/208
f 192/215/10 194/216/10 195/97/10 193/95/10
f 1620/212/49 1618/855/49 1617/169/49
f 795/141/209 808/74/209 806/417/209 807/291/209 811/125/209 810/135/209 800/570/209 801/139/209 802/856/209 797/75/209 796/188/209
f 2328/328/85 2327/173/85 2324/330/85 2322/348/85 2323/251/85 2326/253/85
f 1245/276/65 1251/376/65 1249/278/65 1248/78/65 1246/279/65 1241/564/65 1244/79/65 1243/80/65
f 404/185/10 405/177/10 403/176/10 402/186/10
f 814/124/12 813/123/12 803/173/12 804/172/12
f 828/74/210 826/130/210 827/129/210 831/125/210 830/135/210 819/570/210 820/139/210 817/92/210 816/141/210
f 1622/845/199 1626/857/199 1628/380/199 1623/361/199
f 1567/99/99 1565/285/99 1575/95/99 1577/531/99 1573/576/99 1583/847/99 1585/288/99 1586/115/99
f 1799/89/31 1800/473/31 1819/412/31 1820/307/31 1817/117/31 1812/118/31 1814/166/31 1813/185/31
f 1653/307/202 1647/166/202 1645/118/202 1650/117/202
f 1634/845/199 1644/857/199 1648/380/199 1636/361/199
f 1649/577/200 1639/576/200 1643/575/200 1651/578/200
f 1640/191/203 1635/190/203 1638/112/203 1642/109/203
f 2610/440/106 2622/568/106 2620/569/106 2619/226/106 2617/485/106 2606/571/106 2609/229/106 2608/333/106
f 3262/858/4 3261/574/4 3267/859/4 3268/860/4
f 3235/861/211 3234/266/211 3236/862/211
f 3271/861/212 3268/860/212 3267/859/212 3269/267/212 3270/266/212
f 3230/269/213 3228/863/213 3227/864/213
f 1632/89/31 1633/183/31 1652/201/31 1653/307/31 1650/117/31 1645/118/31 1647/166/31 1646/243/31
f 1680/87/18 1678/80/18 1679/366/18 1681/183/18
f 1677/116/214 1671/119/214 1669/118/214 1674/117/214
f 1658/845/199 1668/857/199 1672/380/199 1660/361/199
f 1673/577/200 1663/576/200 1667/575/200 1675/578/200
f 1664/191/203 1659/190/203 1662/129/203 1666/94/203
f 2764/568/53 2759/370/53 2757/152/53 2756/310/53 2755/579/53 2760/580/53 2763/242/53 2762/569/53
f 814/124/215 804/357/215 801/219/215 800/519/215 798/393/215 809/520/215 810/135/215 811/125/215 812/292/215
f 2064/567/216 2063/244/216 2065/326/216 2055/194/216 2057/446/216 2053/445/216
f 3266/269/217 3264/268/217 3263/864/217
f 3261/865/218 3262/866/218 3265/264/218 3266/269/218 3263/864/218
f 3271/861/211 3270/266/211 3272/265/211
f 2604/362/65 2610/440/65 2608/333/65 2607/441/65 2605/442/65 2600/443/65 2603/444/65 2602/297/65
f 540/178/44 538/192/44 523/187/44 525/294/44 522/132/44 530/293/44 531/134/44 532/67/44
f 1684/361/10 1696/380/10 1694/120/10 1695/119/10 1701/307/10 1700/201/10 1699/578/10 1691/575/10 1689/176/10 1690/109/10 1686/129/10 1685/189/10
f 1701/307/202 1695/119/202 1693/118/202 1698/117/202
f 1682/845/199 1692/857/199 1696/380/199 1684/361/199
f 1697/577/206 1687/576/206 1691/575/206 1699/578/206
f 1688/191/203 1683/190/203 1686/129/203 1690/109/203
f 1710/94/219 1708/93/219 1707/186/219
f 212/244/166 213/95/166 201/77/166 203/543/166 197/475/166
f 2710/370/144 2703/139/144 2701/356/144 2709/74/144 2708/152/144
f 1714/208/10 1711/302/10 1709/95/10 1710/94/10 1707/186/10 1706/151/10 1713/545/10 1715/116/10
f 210/213/18 206/169/18 205/78/18 199/281/18 198/282/18 203/256/18 201/91/18 202/345/18 211/346/18 209/122/18
f 2193/215/47 2194/326/47 2180/194/47 2182/446/47 2178/196/47 2174/197/47 2176/75/47 2175/188/47
f 1792/242/10 1791/551/10 1796/116/10 1795/312/10 1794/288/10 1788/313/10 1786/95/10 1787/94/10 1783/186/10 1782/310/10
f 3637/299/4 3638/298/4 3634/867/4 3633/868/4
f 1737/297/18 1738/252/18 1740/296/18 1739/87/18
f 517/95/137 520/97/137 521/455/137 514/99/137 515/283/137 513/101/137 506/284/137 508/235/137 507/285/137
f 2376/322/92 2386/106/92 2379/386/92 2369/153/92 2370/154/92
f 3529/429/4 3533/430/4 3534/869/4 3530/432/4
f 1756/303/220 1748/302/220 1754/208/220
f 2026/413/48 2028/208/48 2022/202/48 2024/536/48 2020/537/48 2011/538/48 2013/103/48 2012/104/48
f 2071/90/18 2076/406/18 2074/366/18 2075/407/18 2083/408/18 2084/182/18 2079/88/18 2078/179/18 2072/409/18 2070/297/18
f 2170/193/48 2172/201/48 2166/202/48 2168/203/48 2164/204/48 2155/205/48 2157/206/48 2156/207/48
f 1735/307/214 1732/166/214 1729/118/214 1733/117/214
f 1725/191/203 1721/190/203 1724/112/203 1727/109/203
f 446/187/115 450/67/115 458/149/115 454/72/115 455/192/115
f 913/147/109 923/74/109 912/64/109
f 1934/326/48 1936/208/48 1930/202/48 1932/283/48 1928/870/48 1919/538/48 1921/206/48 1920/285/48
f 1776/303/220 1768/302/220 1774/97/220
f 1823/87/31 1824/471/31 1843/312/31 1844/116/31 1841/117/31 1836/118/31 1838/119/31 1837/311/31
f 2080/871/221 2072/65/221 2078/155/221
f 2481/385/111 2482/107/111 2480/358/111 2476/129/111 2475/324/111
f 1755/116/214 1752/119/214 1749/118/214 1753/117/214
f 1745/191/203 1741/190/203 1744/129/203 1747/94/203
f 873/163/222 871/162/222 870/123/222
f 252/244/68 253/200/68 241/76/68 238/184/68 237/92/68
f 427/475/102 433/543/102 428/92/102
f 478/244/68 479/200/68 467/76/68 464/184/68 463/92/68
f 1884/326/48 1887/208/48 1881/202/48 1882/283/48 1880/870/48 1873/538/48 1875/206/48 1874/285/48
f 2754/440/223 2764/568/223 2762/569/223 2761/226/223 2753/334/223
f 1762/151/71 1770/309/71 1771/306/71
f 1775/307/202 1772/119/202 1769/118/202 1773/117/202
f 1765/191/203 1761/190/203 1764/129/203 1767/109/203
f 2554/489/169 2562/465/169 2561/263/169 2560/467/169 2559/226/169 2553/334/169
f 2145/244/166 2146/326/166 2134/194/166 2136/446/166 2130/445/166
f 228/122/72 226/89/72 225/78/72 219/281/72 217/282/72 218/90/72 222/91/72 223/345/72 229/346/72
f 905/74/4 903/495/4 904/129/4 908/125/4 907/395/4 897/872/4 898/139/4 895/873/4 894/92/4 893/141/4
f 428/353/18 433/256/18 431/91/18 432/423/18 441/424/18 440/148/18 437/211/18 436/169/18 435/349/18 429/352/18
f 1781/462/199 1789/461/199 1792/242/199 1782/310/199
f 1793/411/200 1785/410/200 1788/313/200 1794/288/200
f 516/244/166 517/95/166 507/77/166 509/543/166 503/475/166
f 1993/364/18 1985/79/18 1983/80/18 1984/90/18 1990/406/18 1988/366/18 1989/83/18 2000/854/18 1998/183/18 1999/182/18 1995/88/18 1994/179/18
f 1799/89/18 1797/297/18 1798/366/18 1800/473/18
f 1630/460/107 1632/67/107 1646/243/107 1648/380/107 1644/857/107 1634/845/107 1636/361/107 1637/492/107
f 455/192/224 457/95/224 456/388/224 448/76/224 447/198/224 446/199/224
f 1803/310/10 1815/242/10 1813/185/10 1814/166/10 1820/307/10 1819/412/10 1818/288/10 1810/313/10 1808/200/10 1809/109/10 1805/112/10 1804/566/10
f 2146/326/48 2148/115/48 2142/202/48 2144/203/48 2141/204/48 2133/205/48 2135/206/48 2134/207/48
f 2171/150/44 2169/192/44 2151/480/44 2153/65/44 2149/552/44 2159/553/44 2161/341/44 2162/342/44
f 1820/307/214 1814/166/214 1812/118/214 1817/117/214
f 1801/462/199 1811/461/199 1815/242/199 1803/310/199
f 1816/411/200 1806/410/200 1810/313/200 1818/288/200
f 1807/191/203 1802/190/203 1805/112/203 1809/109/203
f 923/74/225 921/490/225 922/112/225 926/125/225 925/395/225 915/872/225 916/139/225 912/199/225
f 2818/40/226 2828/874/226 2833/875/226 2768/719/226 2778/876/226 2792/877/226 2807/43/226
f 3639/433/10 3640/301/10 3638/298/10 3637/299/10
f 447/198/27 448/76/27 449/77/27
f 1047/224/53 1041/360/53 1039/73/53 1038/72/53 1036/254/53 1043/241/53 1046/344/53 1045/343/53
f 1797/460/107 1799/342/107 1813/185/107 1815/242/107 1811/461/107 1801/462/107 1803/310/107 1804/566/107
f 2693/138/79 2681/139/79 2679/140/79 2678/141/79 2676/371/79 2689/372/79 2692/74/79 2691/152/79
f 1844/116/214 1838/119/214 1836/118/214 1841/117/214
f 1825/462/199 1835/461/199 1839/242/199 1827/310/199
f 1840/411/200 1830/410/200 1834/313/200 1842/288/200
f 1831/191/203 1826/190/203 1829/129/203 1833/94/203
f 274/245/227 275/187/227 280/342/227 289/149/227 286/72/227 287/244/227
f 218/198/27 221/76/27 222/77/27
f 479/200/10 478/244/10 480/243/10 481/177/10
f 498/215/68 499/193/68 487/76/68 484/75/68 483/188/68
f 2195/551/44 2193/215/44 2175/480/44 2177/65/44 2173/552/44 2183/553/44 2185/341/44 2186/342/44
f 1868/307/214 1862/119/214 1860/118/214 1865/117/214
f 1849/462/199 1859/461/199 1863/242/199 1851/310/199
f 1864/411/206 1854/410/206 1858/313/206 1866/288/206
f 1855/191/203 1850/190/203 1853/129/203 1857/109/203
f 3804/878/228 3809/879/228 3753/880/228 3805/881/228 3806/549/228 3800/546/228 3799/882/228
f 120/97/63 119/216/63 111/87/63 112/86/63 114/121/63
f 3415/300/12 3411/554/12 3412/439/12 3416/301/12
f 1884/326/147 1883/244/147 1886/216/147 1888/116/147 1887/208/147
f 1877/482/33 1869/481/33 1872/65/33 1878/134/33
f 1873/538/34 1880/870/34 1882/283/34 1875/206/34
f 2169/192/47 2170/193/47 2156/194/47 2158/195/47 2154/196/47 2150/197/47 2152/198/47 2151/199/47
f 460/288/94 456/388/94 457/95/94
f 4117/883/229 4121/884/229 4122/885/229 4118/886/229
f 3752/887/24 3748/888/24 3746/889/24 3750/890/24
f 2001/192/47 2002/359/47 1988/194/47 1990/195/47 1986/196/47 1982/197/47 1984/198/47 1983/199/47
f 2877/891/230 2866/892/230 2865/893/230 2861/894/230 2880/25/230 2881/29/230
f 454/72/38 458/149/38 459/178/38
f 593/388/29 594/96/29 597/201/29 587/98/29 588/99/29 589/100/29 586/101/29 581/102/29 583/103/29 582/104/29
f 156/178/44 154/192/44 142/187/44 144/65/44 141/232/44 148/231/44 149/66/44 150/67/44
f 1899/482/33 1889/481/33 1893/65/33 1901/134/33
f 1890/197/231 1894/196/231 1898/195/231 1892/198/231
f 1895/538/34 1904/870/34 1908/283/34 1897/206/34
f 1905/181/232 1900/180/232 1903/88/232 1907/182/232
f 55/213/18 51/169/18 50/78/18 44/79/18 43/80/18 48/256/18 46/91/18 47/83/18 56/84/18 54/85/18
f 2017/364/18 2009/79/18 2007/80/18 2008/251/18 2014/468/18 2012/252/18 2013/83/18 2024/854/18 2022/327/18 2023/212/18 2019/211/18 2018/210/18
f 1029/276/65 1035/376/65 1033/278/65 1032/487/65 1030/279/65 1025/564/65 1028/79/65 1027/80/65
f 2056/565/155 2060/535/155 2061/202/155
f 1717/460/115 1719/155/115 1730/309/115 1722/151/115 1723/566/115
f 192/215/68 193/95/68 181/76/68 178/75/68 177/188/68
f 1923/482/33 1913/481/33 1917/65/33 1925/134/33
f 1914/197/231 1918/196/231 1922/446/231 1916/75/231
f 1919/538/34 1928/870/34 1932/283/34 1921/206/34
f 1929/181/232 1924/180/232 1927/211/232 1931/212/232
f 1957/215/47 1958/193/47 1944/194/47 1946/195/47 1942/196/47 1938/197/47 1940/75/47 1939/188/47
f 1845/460/107 1847/342/107 1861/311/107 1863/242/107 1859/461/107 1849/462/107 1851/310/107 1852/308/107
f 3749/895/16 3745/896/16 3747/897/16 3751/898/16
f 1071/224/53 1065/360/53 1063/73/53 1062/361/53 1060/254/53 1067/241/53 1070/344/53 1069/343/53
f 1949/78/18 1941/318/18 1939/314/18 1940/251/18 1946/406/18 1944/366/18 1945/316/18 1956/317/18 1954/463/18 1955/182/18 1951/211/18 1950/210/18
f 291/201/58 290/185/58 289/149/58 280/169/58 281/211/58 283/121/58
f 1963/184/27 1966/414/27 1967/194/27
f 2120/871/221 2112/65/221 2118/155/221
f 1975/327/18 1972/168/18 1971/304/18 1970/364/18 1964/79/18 1962/80/18 1963/170/18 1967/295/18 1968/83/18 1976/854/18
f 1979/216/10 1980/208/10 1978/413/10 1977/244/10
f 1957/215/10 1959/209/10 1960/97/10 1958/193/10
f 1947/482/33 1937/481/33 1941/65/33 1949/134/33
f 1938/197/231 1942/196/231 1946/195/231 1940/75/231
f 1943/538/46 1952/870/46 1956/283/46 1945/206/46
f 1953/181/232 1948/180/232 1951/211/232 1955/182/232
f 404/185/44 402/186/44 387/187/44 389/133/44 386/132/44 394/131/44 395/134/44 396/67/44
f 464/170/18 468/171/18 469/423/18 477/424/18 476/550/18 473/168/18 472/169/18 471/349/18 465/352/18 463/353/18
f 1179/223/51 1191/224/51 1189/225/51 1188/226/51 1186/377/51 1175/457/51 1178/458/51 1177/230/51
f 1974/305/32 1972/168/32 1975/327/32
f 2025/215/10 2027/209/10 2028/208/10 2026/413/10
f 2285/385/233 2286/478/233 2284/358/233 2282/129/233 2281/324/233 2280/386/233
f 2359/328/42 2358/329/42 2353/348/42 2354/170/42 2357/253/42
f 1969/482/33 1961/481/33 1964/133/33 1970/66/33
f 1965/538/34 1973/537/34 1976/536/34 1968/103/34
f 975/459/53 969/360/53 967/73/53 966/361/53 964/254/53 971/241/53 974/344/53 973/343/53
f 1719/89/234 1720/408/234 1736/303/234 1734/97/234 1735/307/234 1733/117/234 1729/118/234 1732/166/234 1731/899/234 1730/309/234
f 2105/215/47 2106/326/47 2094/194/47 2096/446/47 2093/196/47 2089/197/47 2091/75/47 2090/188/47
f 2622/568/53 2616/138/53 2614/152/53 2613/310/53 2611/579/53 2618/580/53 2621/242/53 2620/569/53
f 1991/482/33 1981/481/33 1985/133/33 1993/66/33
f 1982/197/231 1986/196/231 1990/195/231 1984/198/231
f 1987/538/34 1996/537/34 2000/536/34 1989/103/34
f 1997/181/232 1992/180/232 1995/88/232 1999/182/232
f 2049/215/10 2051/209/10 2052/97/10 2050/359/10
f 2085/192/10 2087/900/10 2088/901/10 2086/193/10
f 1933/215/47 1934/326/47 1920/194/47 1922/446/47 1918/196/47 1914/197/47 1916/75/47 1915/188/47
f 2041/364/18 2033/79/18 2031/80/18 2032/251/18 2038/406/18 2036/366/18 2037/83/18 2048/854/18 2046/183/18 2047/182/18 2043/211/18 2042/210/18
f 2147/286/10 2148/115/10 2146/326/10 2145/244/10
f 2062/212/49 2059/464/49 2058/304/49
f 727/162/235 726/397/235 728/124/235 724/125/235 725/109/235 722/474/235 718/128/235 720/291/235 719/417/235
f 978/145/16 979/146/16 980/65/16 984/66/16 985/67/16 986/68/16 996/226/16 997/225/16 998/71/16 990/72/16 991/73/16 992/74/16
f 2098/210/18 2092/409/18 2090/297/18 2091/251/18 2096/468/18 2094/252/18 2095/407/18 2103/296/18 2104/212/18 2099/211/18
f 2015/482/33 2005/481/33 2009/133/33 2017/66/33
f 2006/197/231 2010/196/231 2014/446/231 2008/75/231
f 2011/538/34 2020/537/34 2024/536/34 2013/103/34
f 2021/181/232 2016/180/232 2019/211/232 2023/212/232
f 1520/460/201 1522/67/201 1533/309/201 1534/209/201 1535/242/201 1532/846/201 1524/845/201 1525/72/201 1526/186/201 1527/93/201
f 491/78/18 485/281/18 483/282/18 484/81/18 488/82/18 489/345/18 497/346/18 496/122/18 493/86/18 492/87/18
f 1959/209/44 1957/215/44 1939/480/44 1941/65/44 1937/481/44 1947/482/44 1949/134/44 1950/67/44
f 2744/261/108 2740/370/108 2738/142/108 2743/257/108 2742/156/108
f 1059/376/51 1071/224/51 1069/343/51 1068/226/51 1066/227/51 1055/228/51 1058/229/51 1057/230/51
f 1020/226/16 1021/225/16 1022/242/16 1014/72/16 1015/73/16 1016/74/16 1002/145/16 1003/146/16 1004/294/16 1008/134/16 1009/67/16 1010/68/16
f 2039/482/33 2029/481/33 2033/133/33 2041/66/33
f 2030/197/231 2034/196/231 2038/195/231 2032/75/231
f 2035/538/46 2044/537/46 2048/536/46 2037/103/46
f 2045/181/232 2040/180/232 2043/211/232 2047/182/232
f 250/340/18 247/168/18 246/169/18 245/78/18 239/281/18 237/282/18 238/170/18 242/171/18 243/345/18 251/346/18
f 484/75/27 487/76/27 488/77/27
f 157/97/63 156/178/63 150/89/63 151/88/63 152/121/63
f 2056/407/207 2061/296/207 2062/212/207 2058/304/207 2054/297/207 2057/315/207 2055/295/207
f 2143/212/18 2139/304/18 2138/441/18 2132/444/18 2131/297/18 2136/315/18 2134/295/18 2135/469/18 2144/470/18 2142/471/18
f 2106/326/162 2108/332/162 2102/535/162 2095/565/162 2094/207/162
f 1702/460/227 1704/155/227 1712/309/227 1706/151/227 1707/186/227 1708/93/227
f 2714/465/236 2710/370/236 2708/152/236 2707/72/236 2713/263/236
f 2130/445/102 2136/446/102 2131/92/102
f 2220/201/43 2219/551/43 2210/210/43 2211/472/43 2208/180/43 2213/181/43 2215/182/43 2214/473/43
f 2401/385/111 2402/258/111 2400/358/111 2397/129/111 2396/324/111
f 138/95/48 140/97/48 134/99/48 136/234/48 133/233/48 125/102/48 127/235/48 126/476/48
f 2087/900/237 2085/192/237 2070/480/237 2072/65/237 2080/871/237
f 1705/99/70 1703/207/70 1709/95/70 1711/302/70 1716/303/70
f 2534/341/16 2535/342/16 2536/902/16 2544/569/16 2546/242/16 2539/310/16 2540/152/16 2529/63/16 2530/64/16 2531/65/16
f 2095/565/155 2102/535/155 2103/202/155
f 3050/903/4 3049/904/4 3053/402/4 3054/400/4
f 2100/871/221 2092/65/221 2098/155/221
f 2672/156/78 2663/333/78 2664/334/78 2666/335/78 2665/905/78 2675/262/78 2673/263/78
f 3053/402/16 3049/906/16 3051/907/16 3055/403/16
f 2069/197/231 2073/196/231 2076/195/231 2071/198/231
f 2081/181/232 2077/180/232 2079/88/232 2084/182/232
f 2286/478/238 2279/217/238 2277/136/238 2276/137/238 2275/220/238 2284/358/238
f 2003/178/44 2001/192/44 1983/480/44 1985/133/44 1981/481/44 1991/482/44 1993/66/44 1994/67/44
f 1739/87/234 1740/296/234 1756/303/234 1754/208/234 1755/116/234 1753/117/234 1749/118/234 1752/119/234 1751/306/234 1750/309/234
f 2577/226/239 2578/467/239 2579/380/239 2572/152/239 2563/64/239 2568/66/239 2569/67/239 2570/396/239
f 1958/193/48 1960/97/48 1954/202/48 1956/283/48 1952/870/48 1943/538/48 1945/206/48 1944/285/48
f 944/74/240 943/495/240 945/161/240 936/139/240 937/510/240 934/184/240 933/92/240 932/141/240
f 776/872/241 777/139/241 778/510/241 773/92/241 772/141/241 785/74/241 783/130/241 784/483/241 790/494/241 789/161/241 788/135/241
f 2128/901/10 2126/193/10 2125/215/10 2127/545/10
f 2521/152/16 2513/63/16 2514/64/16 2517/908/16 2518/155/16 2519/902/16 2524/156/16 2526/257/16
f 2930/909/18 2932/910/18 2931/911/18 2929/912/18
f 2089/197/231 2093/196/231 2096/446/231 2091/75/231
f 2101/181/232 2097/180/232 2099/211/232 2104/212/232
f 1625/96/242 1629/115/242 1619/99/242 1621/536/242 1614/540/242
f 1758/77/45 1757/188/45 1763/308/45 1764/129/45 1761/190/45 1765/191/45 1767/109/45 1766/200/45
f 2736/335/223 2744/261/223 2742/156/223 2741/226/223 2735/334/223
f 503/475/102 509/543/102 504/92/102
f 3151/913/18 3149/914/18 3150/915/18 3152/916/18
f 2238/63/243 2248/386/243 2249/113/243
f 384/150/44 382/192/44 367/187/44 369/133/44 366/132/44 374/131/44 375/134/44 376/67/44
f 1107/277/51 1119/224/51 1117/225/51 1116/226/51 1114/227/51 1103/228/51 1106/229/51 1105/230/51
f 122/475/102 128/543/102 123/92/102
f 2109/197/231 2113/196/231 2116/195/231 2111/75/231
f 2121/181/232 2117/180/232 2119/211/232 2124/182/232
f 2562/465/197 2558/138/197 2557/142/197 2556/152/197 2555/72/197 2561/263/197
f 255/177/63 254/243/63 246/169/63 247/168/63 249/121/63
f 2386/106/235 2387/107/235 2384/108/235 2385/109/235 2382/110/235 2378/111/235 2381/112/235 2380/113/235 2379/386/235
f 1101/276/65 1107/277/65 1105/230/65 1104/78/65 1102/279/65 1097/280/65 1100/281/65 1099/282/65
f 2703/362/117 2706/489/117 2705/334/117 2702/318/117 2700/314/117 2701/365/117
f 912/174/244 916/91/244 920/321/244 918/88/244 917/320/244 913/290/244
f 254/243/44 252/244/44 237/187/44 239/294/44 236/132/44 244/293/44 245/134/44 246/67/44
f 2137/553/33 2129/552/33 2132/65/33 2138/341/33
f 2133/205/34 2141/204/34 2144/203/34 2135/206/34
f 2358/322/245 2364/385/245 2365/917/245 2360/386/245 2352/153/245 2353/154/245
f 1540/460/107 1542/67/107 1556/243/107 1558/242/107 1554/846/107 1544/845/107 1546/72/107 1547/566/107
f 2161/441/18 2153/444/18 2151/297/18 2152/90/18 2158/406/18 2156/366/18 2157/469/18 2168/470/18 2166/473/18 2167/182/18 2163/88/18 2162/179/18
f 2217/215/47 2218/200/47 2204/194/47 2206/195/47 2202/196/47 2198/197/47 2200/75/47 2199/188/47
f 232/178/44 230/192/44 217/187/44 219/294/44 216/132/44 224/293/44 225/134/44 226/67/44
f 1846/77/45 1845/188/45 1852/308/45 1853/129/45 1850/190/45 1855/191/45 1857/109/45 1856/200/45
f 1824/99/99 1822/207/99 1832/95/99 1834/313/99 1830/410/99 1840/411/99 1842/288/99 1843/312/99
f 2527/261/246 2523/138/246 2522/142/246 2526/257/246 2524/156/246 2525/263/246
f 2169/192/10 2171/150/10 2172/201/10 2170/193/10
f 2159/553/33 2149/552/33 2153/65/33 2161/341/33
f 2150/197/247 2154/196/247 2158/195/247 2152/198/247
f 2155/205/34 2164/204/34 2168/203/34 2157/206/34
f 2165/181/232 2160/180/232 2163/88/232 2167/182/232
f 2088/901/248 2087/900/248 2080/464/248 2078/179/248 2079/88/248 2077/180/248 2081/181/248 2084/182/248 2083/408/248 2082/305/248
f 2674/261/62 2671/370/62 2669/152/62 2668/151/62 2673/263/62 2675/262/62
f 560/243/44 558/244/44 543/187/44 545/294/44 542/132/44 550/293/44 551/134/44 552/67/44
f 1759/87/234 1760/408/234 1776/303/234 1774/97/234 1775/307/234 1773/117/234 1769/118/234 1772/119/234 1771/306/234 1770/309/234
f 2466/385/111 2467/258/111 2465/358/111 2461/129/111 2460/324/111
f 2193/215/10 2195/551/10 2196/115/10 2194/326/10
f 2183/553/33 2173/552/33 2177/65/33 2185/341/33
f 2174/197/247 2178/196/247 2182/446/247 2176/75/247
f 2179/205/34 2188/204/34 2192/203/34 2181/206/34
f 2189/181/232 2184/180/232 2187/472/232 2191/212/232
f 2268/259/69 2267/129/69 2269/358/69
f 2217/215/10 2219/551/10 2220/201/10 2218/200/10
f 2288/325/165 2296/74/165 2287/64/165
f 1543/99/99 1541/285/99 1551/200/99 1553/531/99 1549/576/99 1559/847/99 1561/288/99 1562/201/99
f 2342/322/75 2350/323/75 2344/324/75 2346/74/75 2339/325/75
f 2221/63/243 2229/386/243 2230/484/243
f 170/244/224 172/200/224 171/388/224 162/76/224 160/184/224 159/92/224
f 2264/328/42 2263/173/42 2258/348/42 2259/251/42 2262/253/42
f 1185/239/79 1173/139/79 1171/337/79 1170/141/79 1168/347/79 1181/339/79 1184/74/79 1183/73/79
f 524/198/27 527/76/27 528/77/27
f 2207/553/33 2197/552/33 2201/65/33 2209/341/33
f 2198/197/247 2202/196/247 2206/195/247 2200/75/247
f 2203/205/46 2212/204/46 2216/203/46 2205/206/46
f 2213/181/232 2208/180/232 2211/472/232 2215/182/232
f 2232/358/127 2223/220/127 2231/259/127
f 2431/385/249 2432/258/249 2429/259/249 2430/94/249 2425/386/249
f 2228/212/93 2226/329/93 2225/918/93
f 2238/141/4 2249/113/4 2250/112/4 2253/109/4 2252/479/4 2242/872/4 2243/139/4 2244/195/4 2240/198/4 2239/199/4
f 287/244/166 288/96/166 277/77/166 279/543/166 274/475/166
f 2221/141/4 2230/484/4 2231/259/4 2223/872/4 2224/139/4 2222/92/4
f 2236/116/222 2234/917/222 2233/385/222
f 2226/329/12 2228/212/12 2227/328/12 2235/258/12 2236/116/12 2233/385/12
f 2442/368/250 2441/452/250 2436/330/250 2434/348/250 2435/90/250 2433/453/250 2437/454/250 2440/406/250 2438/366/250 2439/253/250
f 3177/919/16 3179/920/16 3183/381/16 3181/514/16
f 2537/440/251 2547/568/251 2545/263/251 2536/229/251 2535/333/251
f 2317/135/4 2307/139/4 2309/195/4 2304/198/4 2303/199/4 2315/74/4 2313/113/4 2314/112/4 2319/109/4 2318/479/4
f 1542/89/31 1543/463/31 1562/201/31 1563/307/31 1560/117/31 1555/118/31 1557/166/31 1556/243/31
f 2255/106/12 2245/452/12 2246/368/12 2256/478/12
f 2254/358/252 2242/220/252 2252/479/252
f 2257/141/4 2266/324/4 2267/129/4 2268/259/4 2260/872/4 2261/139/4 2259/75/4 2258/188/4
f 2269/358/252 2260/220/252 2268/259/252
f 382/192/68 383/96/68 371/76/68 368/198/68 367/199/68
f 2240/90/122 2244/406/122 2241/454/122 2237/453/122
f 2253/109/253 2250/112/253 2247/111/253 2251/110/253
f 2387/107/60 2377/357/60 2374/136/60 2383/135/60 2384/108/60
f 2259/251/56 2261/252/56 2262/253/56
f 2467/258/81 2459/217/81 2457/136/81 2463/135/81 2464/259/81 2465/358/81
f 2459/328/85 2458/173/85 2455/330/85 2453/348/85 2454/251/85 2457/253/85
f 2257/63/254 2265/386/254 2266/324/254
f 2270/385/12 2263/173/12 2264/328/12 2271/258/12
f 2272/63/254 2280/386/254 2281/324/254
f 2436/325/109 2446/74/109 2434/64/109
f 123/353/18 128/256/18 126/91/18 127/423/18 136/424/18 134/148/18 135/213/18 131/169/18 130/349/18 124/352/18
f 1122/238/16 1123/64/16 1124/133/16 1128/341/16 1129/342/16 1130/396/16 1140/226/16 1141/343/16 1142/344/16 1134/72/16 1135/73/16 1136/74/16
f 1778/77/28 1777/92/28 1784/93/28 1787/94/28 1786/95/28
f 2424/328/76 2423/329/76 2419/330/76 2422/315/76 2420/295/76 2421/253/76
f 2283/479/69 2282/129/69 2284/358/69
f 2272/141/4 2281/324/4 2282/129/4 2283/479/4 2275/872/4 2276/139/4 2274/75/4 2273/188/4
f 2296/74/4 2294/484/4 2295/483/4 2298/259/4 2297/135/4 2289/139/4 2291/446/4 2287/92/4
f 2284/358/252 2275/220/252 2283/479/252
f 2285/385/12 2278/173/12 2279/368/12 2286/478/12
f 544/184/27 547/76/27 548/77/27
f 2301/258/12 2300/385/12 2292/329/12 2293/328/12
f 558/244/68 559/200/68 547/76/68 544/184/68 543/92/68
f 1164/226/16 1165/343/16 1166/344/16 1158/361/16 1159/73/16 1160/74/16 1146/153/16 1147/154/16 1148/133/16 1152/134/16 1153/67/16 1154/477/16
f 57/186/166 58/96/166 46/77/166 48/543/166 42/475/166
f 2423/322/255 2431/385/255 2425/386/255 2426/484/255 2427/74/255 2419/325/255
f 215/97/161 214/243/161 207/214/161 210/213/161 209/122/161
f 2317/135/35 2308/136/35 2307/137/35
f 2486/362/167 2490/489/167 2488/334/167 2485/318/167 2484/314/167
f 2332/135/35 2326/136/35 2325/137/35
f 2383/135/4 2373/139/4 2375/195/4 2371/198/4 2370/199/4 2369/141/4 2380/113/4 2381/112/4 2385/109/4 2384/108/4
f 512/169/256 514/122/256 521/455/256 519/119/256 518/243/256
f 2402/258/238 2395/357/238 2393/136/238 2392/137/238 2391/519/238 2400/358/238
f 681/921/52 682/143/52 690/319/52 686/490/52 687/248/52 685/249/52 676/250/52 677/145/52 678/146/52
f 2458/322/75 2466/385/75 2460/324/75 2462/74/75 2455/325/75
f 2310/452/12 2311/368/12 2321/478/12 2320/106/12
f 2551/362/167 2554/489/167 2553/334/167 2550/318/167 2549/314/167
f 2304/90/122 2309/406/122 2306/454/122 2302/453/122
f 2319/109/253 2314/112/253 2312/111/253 2316/110/253
f 2324/325/109 2331/74/109 2322/64/109
f 2333/259/69 2330/129/69 2334/358/69
f 2339/325/109 2346/74/109 2337/64/109
f 2369/153/243 2379/386/243 2380/113/243
f 2399/259/69 2397/129/69 2400/358/69
f 1188/226/16 1189/225/16 1190/71/16 1182/72/16 1183/73/16 1184/74/16 1170/153/16 1171/154/16 1172/65/16 1176/66/16 1177/67/16 1178/477/16
f 2416/385/111 2417/107/111 2415/358/111 2411/129/111 2410/324/111
f 2245/322/92 2255/106/92 2248/386/92 2238/63/92 2239/64/92
f 2335/323/12 2327/173/12 2328/328/12 2336/258/12
f 1779/169/126 1780/471/126 1795/312/126 1796/116/126 1790/309/126
f 578/286/114 574/215/114 562/245/114 567/341/114 568/342/114
f 2350/323/12 2342/173/12 2343/368/12 2351/478/12
f 2347/135/35 2341/136/35 2340/137/35
f 2717/362/208 2721/363/208 2720/334/208 2719/333/208 2718/364/208 2716/365/208
f 2452/107/60 2442/217/60 2439/136/60 2448/135/60 2449/108/60
f 2352/153/243 2360/386/243 2361/484/243
f 2363/358/127 2355/519/127 2362/259/127
f 567/341/159 562/245/159 563/187/159
f 1655/77/45 1654/188/45 1661/189/45 1662/129/45 1659/190/45 1664/191/45 1666/94/45 1665/96/45
f 2367/116/257 2364/385/257 2358/329/257 2359/328/257 2366/258/257
f 1541/77/45 1540/199/45 1547/566/45 1548/112/45 1545/190/45 1550/191/45 1552/109/45 1551/200/45
f 2225/922/258 2226/322/258 2233/385/258 2234/917/258 2229/386/258 2221/63/258 2222/64/258
f 2637/465/236 2634/370/236 2632/152/236 2631/72/236 2636/263/236
f 567/487/113 563/80/113 565/82/113 566/83/113 573/84/113 572/85/113 569/86/113 568/87/113
f 2367/116/222 2365/917/222 2364/385/222
f 1239/456/53 1233/360/53 1231/73/53 1230/72/53 1228/254/53 1235/241/53 1238/344/53 1237/343/53
f 2408/322/75 2416/385/75 2410/324/75 2412/74/75 2405/325/75
f 2271/258/238 2264/217/238 2262/136/238 2261/137/238 2260/220/238 2269/358/238
f 1800/99/99 1798/207/99 1808/200/99 1810/313/99 1806/410/99 1816/411/99 1818/288/99 1819/412/99
f 853/319/111 854/124/111 852/292/111 847/112/111 846/499/111
f 2377/368/89 2376/452/89 2370/348/89 2371/90/89 2368/453/89 2372/454/89 2375/406/89 2373/366/89 2374/253/89
f 1757/460/115 1759/155/115 1770/309/115 1762/151/115 1763/308/115
f 2376/452/12 2377/368/12 2387/107/12 2386/106/12
f 1257/502/79 1245/139/79 1243/337/79 1242/141/79 1240/338/79 1253/339/79 1256/74/79 1255/73/79
f 2389/251/56 2392/252/56 2393/253/56
f 2400/358/252 2391/519/252 2399/259/252
f 2502/66/16 2503/67/16 2504/902/16 2509/467/16 2511/380/16 2506/152/16 2498/63/16 2499/64/16
f 580/187/115 584/342/115 595/149/115 590/72/115 591/244/115
f 576/388/119 575/291/119 577/359/119
f 2371/90/122 2375/406/122 2372/454/122 2368/453/122
f 2385/109/253 2381/112/253 2378/111/253 2382/110/253
f 2542/370/36 2532/139/36 2530/140/36 2529/141/36 2541/142/36
f 2490/489/259 2497/465/259 2496/263/259 2489/229/259 2487/333/259 2488/334/259
f 226/89/256 228/122/256 235/455/256 233/166/256 232/178/256
f 2473/322/75 2481/385/75 2475/324/75 2477/74/75 2470/325/75
f 1704/169/260 1705/296/260 1716/303/260 1714/208/260 1715/116/260 1712/309/260
f 2401/385/12 2394/173/12 2395/328/12 2402/258/12
f 1125/276/65 1131/376/65 1129/230/65 1128/487/65 1126/279/65 1121/564/65 1124/79/65 1123/80/65
f 2413/135/35 2407/136/35 2406/137/35
f 2086/193/162 2088/901/162 2082/535/162 2075/565/162 2074/207/162
f 2413/135/4 2406/139/4 2404/75/4 2403/188/4 2412/74/4 2410/324/4 2411/129/4 2414/108/4
f 2418/348/67 2422/315/67 2419/330/67
f 1737/460/115 1739/155/115 1750/309/115 1742/151/115 1743/308/115
f 2409/368/12 2417/107/12 2416/385/12 2408/173/12
f 881/143/98 890/123/98 884/144/98 885/247/98 886/74/98 883/249/98 875/250/98 876/63/98 877/64/98
f 344/215/68 345/96/68 333/76/68 330/75/68 329/188/68
f 2414/108/69 2411/129/69 2415/358/69
f 854/124/95 844/357/95 842/218/95 841/219/95 840/519/95 839/393/95 849/520/95 850/135/95 851/125/95 852/292/95
f 2428/135/35 2421/136/35 2420/137/35
f 2509/467/168 2504/229/168 2510/263/168
f 2432/258/12 2431/385/12 2423/329/12 2424/328/12
f 2430/94/121 2426/484/121 2425/386/121
f 1521/77/28 1520/92/28 1527/93/28 1530/94/28 1529/95/28
f 1293/276/65 1299/277/65 1297/278/65 1296/78/65 1294/279/65 1289/280/65 1292/281/65 1291/282/65
f 2512/465/246 2508/466/246 2507/142/246 2511/380/246 2509/467/246 2510/263/246
f 2395/328/160 2394/173/160 2390/330/160 2388/348/160 2389/251/160 2393/253/160
f 2448/135/35 2439/136/35 2438/137/35
f 2451/106/12 2441/452/12 2442/368/12 2452/107/12
f 2453/188/4 2462/74/4 2460/324/4 2461/129/4 2464/259/4 2463/135/4 2456/139/4 2454/75/4
f 2002/359/48 2004/97/48 1998/202/48 2000/536/48 1996/537/48 1987/538/48 1989/103/48 1988/104/48
f 2482/107/81 2474/217/81 2472/136/81 2478/135/81 2479/108/81 2480/358/81
f 593/388/119 592/129/119 594/96/119
f 2336/258/81 2328/217/81 2326/136/81 2332/135/81 2333/259/81 2334/358/81
f 3186/923/4 3185/924/4 3189/507/4 3190/506/4
f 619/77/110 617/92/110 616/475/110 628/244/110 629/483/110 630/388/110
f 2335/323/111 2336/258/111 2334/358/111 2330/129/111 2329/324/111
f 2435/90/122 2440/406/122 2437/454/122 2433/453/122
f 2450/109/261 2445/112/261 2443/111/261 2447/110/261
f 2455/325/109 2462/74/109 2453/64/109
f 2466/385/12 2458/173/12 2459/328/12 2467/258/12
f 348/187/262 352/67/262 353/246/262 363/149/262 358/361/262 359/186/262
f 2470/325/109 2477/74/109 2468/64/109
f 608/72/38 613/149/38 614/150/38
f 590/72/97 596/185/97 597/201/97 594/96/97 592/129/97 591/244/97
f 2301/258/81 2293/217/81 2290/136/81 2297/135/81 2298/259/81 2299/358/81
f 1629/115/161 1627/209/161 1618/855/161 1620/212/161 1619/327/161
f 2980/925/12 2984/401/12 2983/403/12 2979/926/12
f 2464/259/69 2461/129/69 2465/358/69
f 2468/188/4 2477/74/4 2475/324/4 2476/129/4 2479/108/4 2478/135/4 2471/139/4 2469/75/4
f 2478/135/35 2472/136/35 2471/137/35
f 2481/385/12 2473/173/12 2474/368/12 2482/107/12
f 2479/108/69 2476/129/69 2480/358/69
f 2520/335/251 2527/261/251 2525/263/251 2519/229/251 2518/333/251
f 2222/348/263 2224/295/263 2227/328/263 2228/212/263 2225/918/263
f 1308/69/16 1309/70/16 1310/242/16 1302/72/16 1303/73/16 1304/74/16 1290/63/16 1291/64/16 1292/294/16 1296/134/16 1297/67/16 1298/68/16
f 26/75/27 28/76/27 29/77/27
f 2483/141/264 2492/152/264 2493/142/264
f 2366/258/238 2359/357/238 2357/136/238 2356/137/238 2355/519/238 2363/358/238
f 143/90/265 146/91/265 147/423/265 153/148/265 151/88/265 150/89/265 149/349/265 144/352/265 142/353/265
f 2490/217/24 2486/285/24 2494/138/24 2497/465/24
f 2491/72/16 2492/152/16 2483/63/16 2484/64/16 2485/65/16 2487/67/16 2489/902/16 2495/467/16
f 2548/141/264 2556/152/264 2557/142/264
f 2513/141/264 2521/152/264 2522/142/264
f 2657/465/108 2652/354/108 2650/142/108 2656/380/108 2655/467/108
f 2721/363/223 2729/465/223 2727/467/223 2726/226/223 2720/334/223
f 2728/380/16 2722/152/16 2724/74/16 2715/64/16 2718/66/16 2719/67/16 2726/226/16 2727/467/16
f 2574/135/266 2565/139/266 2566/355/266
f 2498/141/264 2506/152/264 2507/142/264
f 688/125/267 686/490/267 690/319/267 691/166/267 692/165/267 689/292/267
f 2505/217/24 2501/104/24 2508/466/24 2512/465/24
f 2726/226/88 2719/333/88 2720/334/88
f 612/96/97 610/112/97 609/192/97 608/72/97 614/150/97 615/201/97
f 2516/207/24 2523/138/24 2527/261/24 2520/217/24
f 2516/362/83 2520/335/83 2518/333/83 2517/369/83 2515/365/83
f 2737/152/16 2739/74/16 2730/64/16 2733/908/16 2734/155/16 2741/226/16 2742/156/16 2743/257/16
f 2068/332/268 2066/331/268 2059/464/268 2062/212/268 2061/296/268 2060/305/268
f 2741/226/88 2734/333/88 2735/334/88
f 621/341/269 616/245/269 617/187/269
f 2544/569/270 2536/229/270 2545/263/270
f 2547/568/271 2542/370/271 2541/142/271 2540/152/271 2539/310/271 2538/579/271 2543/580/271 2546/242/271 2544/569/271 2545/263/271
f 2547/568/24 2537/217/24 2532/207/24 2542/370/24
f 2591/151/90 2595/156/90 2596/263/90
f 2555/72/16 2556/152/16 2548/238/16 2549/64/16 2550/65/16 2552/67/16 2559/226/16 2560/467/16
f 2529/141/264 2540/152/264 2541/142/264
f 2127/545/237 2125/215/237 2110/480/237 2112/65/237 2120/871/237
f 735/143/55 749/123/55 741/130/55 743/74/55 739/236/55 729/237/55 730/238/55 731/64/55
f 582/77/143 580/92/143 591/244/143 592/129/143 593/388/143
f 2534/441/151 2531/444/151 2528/443/151 2533/442/151
f 2539/310/153 2546/242/153 2543/580/153 2538/579/153
f 294/77/143 292/199/143 303/192/143 304/112/143 305/388/143
f 2558/138/24 2562/465/24 2554/217/24 2551/285/24
f 2591/151/39 2592/152/39 2593/74/39 2582/238/39 2583/64/39 2584/65/39 2586/155/39 2595/156/39
f 326/185/114 322/244/114 310/245/114 315/341/114 316/342/114
f 631/176/82 629/483/82 628/244/82 632/185/82 633/367/82
f 155/95/272 157/97/272 152/98/272 147/235/272 146/476/272 145/105/272
f 2630/489/259 2637/465/259 2636/263/259 2629/458/259 2627/333/259 2628/334/259
f 2555/72/90 2560/467/90 2561/263/90
f 2607/341/16 2608/342/16 2609/396/16 2619/226/16 2620/569/16 2621/242/16 2613/310/16 2614/152/16 2615/74/16 2601/238/16 2602/64/16 2603/65/16
f 2574/135/273 2575/354/273 2580/465/273 2571/217/273 2565/104/273
f 31/246/221 27/133/221 30/67/221
f 636/511/4 650/248/4 648/247/4 649/291/4 655/109/4 654/125/4 653/135/4 641/508/4 642/509/4 643/856/4 638/75/4 637/188/4
f 2654/226/16 2655/467/16 2656/380/16 2649/152/16 2651/74/16 2639/153/16 2640/154/16 2644/66/16 2645/67/16 2646/477/16
f 2725/466/274 2717/139/274 2716/356/274 2724/74/274 2722/152/274 2723/142/274
f 383/96/29 385/97/29 379/98/29 380/99/29 381/100/29 378/101/29 370/102/29 373/103/29 372/104/29 371/105/29
f 2749/362/275 2754/440/275 2753/334/275 2752/333/275 2751/441/275 2750/442/275 2745/443/275 2748/444/275 2746/297/275 2747/365/275
f 674/165/215 675/124/215 666/434/215 663/219/215 662/435/215 661/393/215 669/394/215 670/135/215 671/125/215
f 2623/140/120 2633/74/120 2624/356/120
f 2577/226/152 2570/229/152 2567/571/152 2576/485/152
f 2594/138/276 2597/261/276 2588/563/276 2589/217/276 2585/207/276
f 259/77/110 257/188/110 256/475/110 268/215/110 269/291/110 270/388/110
f 315/341/269 310/245/269 311/187/269
f 1233/360/79 1221/139/79 1219/337/79 1218/141/79 1216/347/79 1229/339/79 1232/74/79 1231/73/79
f 2107/545/237 2105/215/237 2090/480/237 2092/65/237 2100/871/237
f 155/95/10 154/192/10 156/178/10 157/97/10
f 2582/141/154 2593/74/154 2590/447/154 2581/371/154
f 2622/568/24 2610/217/24 2604/207/24 2616/138/24
f 2663/333/171 2661/409/171 2664/334/171
f 1523/99/99 1521/285/99 1529/95/99 1531/531/99 1528/576/99 1536/847/99 1537/288/99 1538/115/99
f 2631/72/16 2632/152/16 2633/74/16 2623/154/16 2625/65/16 2627/67/16 2629/477/16 2635/467/16
f 2126/193/162 2128/901/162 2122/535/162 2115/565/162 2114/207/162
f 632/185/114 628/244/114 616/245/114 621/341/114 622/342/114
f 2631/72/90 2635/467/90 2636/263/90
f 2680/65/16 2684/341/16 2685/342/16 2686/477/16 2696/226/16 2697/569/16 2698/242/16 2690/310/16 2691/152/16 2692/74/16 2678/153/16 2679/154/16
f 844/172/42 843/452/42 837/174/42 838/90/42 842/175/42
f 1564/460/107 1566/67/107 1580/120/107 1582/242/107 1578/846/107 1568/845/107 1570/72/107 1571/308/107
f 4048/853/277 4053/927/277 4058/928/277 4059/59/277 4049/58/277
f 2635/467/168 2629/458/168 2636/263/168
f 311/80/113 313/171/113 314/83/113 321/84/113 320/167/113 317/168/113 316/169/113 315/487/113
f 2607/441/151 2603/444/151 2600/443/151 2605/442/151
f 2619/226/152 2609/229/152 2606/571/152 2617/485/152
f 2613/310/153 2621/242/153 2618/580/153 2611/579/153
f 2601/141/154 2615/74/154 2612/447/154 2599/371/154
f 2580/465/108 2575/354/108 2573/142/108 2579/380/108 2578/467/108
f 140/97/161 139/243/161 132/214/161 135/213/161 134/148/161
f 2585/362/167 2589/335/167 2587/334/167 2584/409/167 2583/297/167
f 2740/370/274 2732/139/274 2731/356/274 2739/74/274 2737/152/274 2738/142/274
f 2630/357/24 2626/285/24 2634/370/24 2637/465/24
f 33/215/224 35/96/224 34/388/224 28/76/224 26/75/224 25/188/224
f 2652/354/24 2657/465/24 2647/357/24 2642/104/24
f 36/286/237 33/215/237 25/187/237 27/133/237 31/246/237
f 2700/140/278 2709/74/278 2701/356/278
f 668/495/279 671/125/279 670/135/279 662/508/279 663/509/279 664/543/279 659/92/279 658/511/279
f 59/185/54 57/186/54 42/245/54 43/187/54 44/133/54 41/132/54 49/131/54 50/134/54 51/67/54 52/246/54
f 2231/259/280 2230/484/280 2229/386/280 2234/917/280 2236/116/280 2235/258/280 2232/358/280
f 2654/226/152 2646/458/152 2643/486/152 2653/485/152
f 2639/141/154 2651/74/154 2648/372/154 2638/371/154
f 2662/207/276 2671/370/276 2674/261/276 2665/929/276 2666/357/276
f 917/143/75 928/319/75 921/490/75 923/74/75 913/147/75
f 2751/341/16 2752/342/16 2761/226/16 2762/569/16 2763/242/16 2756/310/16 2757/152/16 2758/74/16 2746/64/16 2748/65/16
f 2707/72/90 2712/467/90 2713/263/90
f 2665/905/61 2674/261/61 2675/262/61
f 2147/286/54 2145/244/54 2130/930/54 2131/480/54 2132/65/54 2129/552/54 2137/553/54 2138/341/54 2139/342/54 2140/871/54
f 2256/478/281 2246/217/281 2243/137/281 2242/220/281 2254/358/281
f 2659/141/154 2670/74/154 2667/372/154 2658/371/154
f 2699/568/24 2687/357/24 2681/207/24 2693/138/24
f 2704/333/112 2702/318/112 2705/334/112
f 2711/226/16 2712/467/16 2707/72/16 2708/152/16 2709/74/16 2700/64/16 2702/65/16 2704/67/16
f 731/174/138 734/91/138 738/321/138 736/211/138 735/329/138
f 160/170/282 163/171/282 169/550/282 167/168/282 166/169/282 165/349/282 161/352/282 159/353/282
f 175/177/63 173/243/63 166/169/63 167/168/63 168/121/63
f 760/172/42 759/452/42 753/174/42 754/90/42 758/175/42
f 2978/903/4 2977/904/4 2981/402/4 2982/400/4
f 195/97/63 194/216/63 186/87/63 187/86/63 189/121/63
f 325/176/82 323/483/82 322/244/82 326/185/82 327/367/82
f 813/123/111 814/124/111 812/292/111 807/291/111 806/417/111
f 2711/226/88 2704/333/88 2705/334/88
f 2684/441/151 2680/444/151 2677/443/151 2682/442/151
f 2696/226/152 2686/458/152 2683/486/152 2694/485/152
f 2690/310/153 2698/242/153 2695/580/153 2688/579/153
f 2678/141/154 2692/74/154 2689/372/154 2676/371/154
f 2710/370/24 2714/465/24 2706/217/24 2703/285/24
f 2737/152/59 2743/257/59 2738/142/59
f 137/244/166 138/95/166 126/77/166 128/543/166 122/475/166
f 2781/931/283 2801/932/283 2802/28/283 2797/933/283 2788/934/283 2782/935/283
f 2730/140/120 2739/74/120 2731/356/120
f 3421/430/10 3423/936/10 3424/937/10 3422/938/10
f 672/123/257 665/500/257 666/172/257 675/124/257 673/119/257
f 719/417/284 709/64/284 715/143/284 716/396/284 727/162/284
f 658/145/243 667/144/243 668/495/243
f 2761/226/88 2752/333/88 2753/334/88
f 2725/466/24 2729/465/24 2721/217/24 2717/104/24
f 2634/370/144 2626/139/144 2624/356/144 2633/74/144 2632/152/144
f 1464/939/16 1466/795/16 1470/760/16 1468/513/16
f 1465/793/18 1467/157/18 1466/160/18 1464/792/18
f 929/124/95 919/217/95 920/379/95 916/219/95 915/220/95 914/393/95 924/394/95 925/395/95 926/125/95 927/292/95
f 2746/140/278 2758/74/278 2747/356/278
f 2740/370/24 2744/261/24 2736/217/24 2732/207/24
f 2148/115/161 2147/286/161 2140/464/161 2143/212/161 2142/471/161
f 2849/391/10 2847/503/10 2846/504/10 2848/505/10
f 2923/389/18 2921/761/18 2922/762/18 2924/390/18
f 2933/515/4 2934/940/4 2930/941/4 2929/942/4
f 2764/568/24 2754/217/24 2749/207/24 2759/370/24
f 2842/943/16 2844/944/16 2848/505/16 2846/504/16
f 1654/460/107 1656/67/107 1670/120/107 1672/380/107 1668/857/107 1658/845/107 1660/361/107 1661/189/107
f 843/143/55 853/319/55 846/499/55 848/74/55 845/404/55 835/405/55 836/153/55 837/154/55
f 1722/151/71 1730/309/71 1731/899/71
f 541/97/63 540/178/63 532/89/63 533/88/63 535/121/63
f 2751/441/151 2748/444/151 2745/443/151 2750/442/151
f 2756/310/153 2763/242/153 2760/580/153 2755/579/153
f 2812/945/285 2811/946/285 2820/947/285 2821/948/285
f 2871/949/286 2874/950/286 2875/951/286 2876/952/286 2872/717/286 2869/716/286 2868/720/286 2864/523/286 2863/522/286
f 2781/931/24 2765/953/24 2829/954/24 2814/955/24 2801/932/24
f 2770/521/287 2773/522/287 2774/523/287 2767/527/287 2841/528/287 2840/529/287
f 2829/954/288 2765/953/288 2766/956/288 2838/957/288 2834/958/288 2830/959/288
f 2878/960/289 2882/961/289 2883/962/289 2879/963/289
f 2774/523/290 2777/720/290 2778/876/290 2768/719/290 2767/527/290
f 2870/964/291 2878/960/291 2879/963/291 2874/950/291 2871/949/291
f 2893/965/292 2894/946/292 2887/966/292 2886/28/292 2885/27/292 2892/26/292 2898/967/292 2899/968/292
f 2870/964/293 2867/969/293 2866/892/293 2877/891/293 2878/960/293
f 1336/593/5 1348/613/5 1350/591/5 1337/594/5
f 2775/969/294 2779/964/294 2780/949/294 2776/970/294 2773/522/294 2770/521/294 2769/971/294 2772/972/294
f 2809/973/295 2810/974/295 2811/946/295 2804/966/295 2803/975/295 2798/976/295 2797/933/295 2802/28/295 2808/977/295
f 2782/935/296 2788/934/296 2789/978/296 2793/979/296 2794/961/296 2786/960/296 2783/980/296
f 2804/966/297 2811/946/297 2812/945/297 2805/981/297
f 2812/945/298 2821/948/298 2822/982/298 2827/983/298 2828/874/298 2818/40/298 2817/984/298 2813/38/298
f 2916/985/299 2915/986/299 2918/987/299 2919/529/299
f 2798/976/300 2803/975/300 2804/966/300 2794/961/300 2793/979/300 2789/978/300 2788/934/300 2797/933/300
f 2795/962/301 2805/981/301 2806/37/301 2799/988/301 2800/989/301 2791/990/301 2790/991/301 2796/992/301
f 2765/953/302 2781/931/302 2782/935/302 2771/993/302 2766/956/302
f 4132/994/303 4131/995/303 4136/996/303 4140/997/303 4103/998/303 4106/999/303 4107/1000/303 4114/1001/303 4118/886/303 4122/885/303 4126/1002/303
f 2769/971/304 2770/521/304 2840/529/304 2839/987/304
f 2790/991/305 2791/990/305 2785/951/305 2784/950/305 2787/963/305 2795/962/305 2796/992/305
f 2903/41/306 2909/1003/306 2913/1004/306 2856/719/306 2873/718/306 2891/42/306
f 2780/949/307 2779/964/307 2783/980/307 2786/960/307 2787/963/307 2784/950/307
f 3307/1005/18 3305/1006/18 3306/558/18 3308/1007/18
f 2836/985/308 2840/529/308 2841/528/308 2837/1008/308
f 2838/957/309 2839/987/309 2835/986/309 2834/958/309
f 1566/87/18 1564/314/18 1565/252/18 1567/114/18
f 2843/1009/4 2842/1010/4 2846/504/4 2847/503/4
f 172/200/310 170/244/310 173/243/310 175/177/310 174/288/310
f 708/164/281 701/434/281 698/219/281 697/435/281 706/292/281
f 2311/368/250 2310/452/250 2305/330/250 2303/348/250 2304/90/250 2302/453/250 2306/454/250 2309/406/250 2307/366/250 2308/253/250
f 695/174/67 699/289/67 696/290/67
f 694/145/243 702/144/243 703/495/243
f 2928/391/24 2924/1011/24 2922/759/24 2926/503/24
f 2907/1012/311 2915/986/311 2916/985/311 2908/1013/311
f 2815/968/312 2814/955/312 2829/954/312 2830/959/312 2823/1014/312 2824/1015/312 2819/1016/312 2816/1017/312
f 1424/731/174 1422/726/174 1421/34/174 1425/33/174
f 2917/1008/313 2920/528/313 2854/527/313 2855/526/313 2856/719/313 2913/1004/313 2912/875/313
f 2830/959/314 2834/958/314 2835/986/314 2831/1018/314 2825/1012/314 2820/1019/314 2819/1020/314 2824/1015/314 2823/1014/314
f 2778/876/315 2777/720/315 2785/951/315 2791/990/315 2792/877/315
f 2862/972/316 2857/971/316 2852/1021/316 2851/956/316 2850/1022/316 2861/894/316 2865/893/316 2866/892/316 2867/969/316
f 2786/960/289 2794/961/289 2795/962/289 2787/963/289
f 1400/697/4 1387/659/4 1385/1023/4 1398/693/4
f 2883/962/4 2882/961/4 2887/966/4 2888/981/4
f 2905/1024/317 2908/1013/317 2909/1003/317 2903/41/317 2902/40/317 2897/39/317 2896/38/317 2895/945/317 2901/1025/317
f 2879/963/318 2883/962/318 2884/1026/318 2875/951/318 2874/950/318
f 2816/1017/319 2819/1016/319 2820/947/319 2811/946/319 2810/974/319 2809/973/319 2808/977/319 2815/968/319
f 2884/1026/320 2890/43/320 2891/42/320 2873/718/320 2872/717/320 2876/952/320 2875/951/320
f 3177/924/4 3181/514/4 3182/506/4 3178/923/4
f 2780/949/321 2784/950/321 2785/951/321 2777/720/321 2774/523/321 2773/522/321 2776/970/321
f 2906/1027/322 2907/1012/322 2904/947/322 2900/1028/322 2894/946/322 2893/965/322 2899/968/322 2898/967/322
f 2881/29/323 2882/961/323 2878/960/323 2877/891/323
f 2821/1024/324 2820/1019/324 2825/1012/324 2831/1018/324 2835/986/324 2836/985/324 2832/1029/324 2826/1013/324
f 2795/962/4 2794/961/4 2804/966/4 2805/981/4
f 2801/932/325 2814/955/325 2815/968/325 2808/977/325 2802/28/325
f 2807/43/326 2792/877/326 2791/990/326 2800/989/326
f 2852/1021/327 2857/971/327 2862/972/327 2863/522/327 2858/521/327 2853/530/327 2919/529/327 2918/987/327
f 2883/962/328 2888/981/328 2889/37/328 2890/43/328 2884/1026/328
f 2886/28/329 2887/966/329 2882/961/329 2881/29/329
f 2836/985/299 2835/986/299 2839/987/299 2840/529/299
f 4004/1030/20 4007/1031/20 4008/1032/20 4005/1033/20 4002/1034/20 4001/1035/20
f 2914/958/330 2915/986/330 2907/1012/330 2906/1027/330 2910/1036/330 2911/959/330
f 3223/690/331 3218/1037/331 3214/1038/331 3221/691/331
f 3733/810/5 3735/1039/5 3722/1040/5 3721/811/5
f 2782/935/332 2783/980/332 2779/964/332 2775/969/332 2772/972/332 2771/993/332
f 3048/1041/24 3044/1042/24 3042/1043/24 3046/1044/24
f 3253/799/4 3240/1045/4 3238/1046/4 3251/796/4
f 2837/1008/333 2841/528/333 2767/527/333 2768/719/333 2833/875/333
f 2916/985/308 2919/529/308 2920/528/308 2917/1008/308
f 2908/1013/334 2916/985/334 2917/1008/334 2912/875/334 2913/1004/334 2909/1003/334
f 756/872/4 757/139/4 754/198/4 753/199/4 752/141/4 764/74/4 762/499/4 763/112/4 767/125/4 766/135/4
f 2943/1047/4 2939/1048/4 2956/1049/4 2959/1050/4
f 1727/109/10 1724/112/10 1723/566/10 1722/151/10 1731/899/10 1732/166/10 1735/307/10 1734/97/10 1728/302/10 1726/200/10
f 1883/244/166 1884/326/166 1874/194/166 1876/446/166 1870/445/166
f 2270/385/233 2271/258/233 2269/358/233 2267/129/233 2266/324/233 2265/386/233
f 709/188/335 719/417/335 720/291/335 725/109/335 724/125/335 723/135/335 712/872/335 713/139/335 710/75/335
f 3160/944/16 3166/1051/16 3167/1052/16 3163/1053/16 3164/1054/16 3157/1055/16
f 2936/1056/10 2934/940/10 2933/515/10 2935/518/10
f 1657/99/99 1655/104/99 1665/96/99 1667/575/99 1663/576/99 1673/577/99 1675/578/99 1676/115/99
f 671/125/336 668/495/336 667/144/336 672/123/336 673/119/336 674/165/336
f 2922/1009/4 2921/1010/4 2925/504/4 2926/503/4
f 3535/936/12 3531/1005/12 3532/559/12 3536/937/12
f 1542/89/18 1540/314/18 1541/366/18 1543/463/18
f 3052/925/12 3056/401/12 3055/403/12 3051/926/12
f 2934/940/24 2936/1056/24 2932/1057/24 2930/1058/24
f 4080/1059/337 4081/1060/337 4083/1061/337 4082/1062/337 4078/1063/337 4079/1064/337
f 3789/1065/338 3788/1066/338 3793/1067/338 3794/1068/338
f 3009/1069/339 3025/1070/339 3027/1071/339 3028/1049/339 3011/1072/339 3012/1073/339
f 3029/1074/340 3013/1075/340 3016/1076/340 3015/1077/340 3031/1050/340 3032/1078/340
f 2959/1050/341 2956/1049/341 2955/1071/341 2954/1079/341 2958/1080/341 2960/1078/341
f 3021/1075/342 3037/1074/342 3039/1078/342 3040/1081/342 3023/1082/342 3024/1076/342
f 2969/1083/4 2973/1084/4 2974/1044/4 2970/1085/4
f 2957/1074/340 2941/1075/340 2944/1076/340 2943/1077/340 2959/1050/340 2960/1078/340
f 3023/1086/343 3020/1087/343 3019/1088/343 3018/1089/343 3022/1090/343 3024/1091/343
f 2948/1087/12 2951/1086/12 2968/1081/12 2963/1092/12
f 2966/1080/344 2962/1079/344 2964/1071/344 2963/1092/344 2968/1081/344 2967/1078/344
f 3011/1093/345 3015/1094/345 3016/1091/345 3014/1090/345 3010/1089/345 3012/1088/345
f 716/229/346 715/173/346 717/172/346 728/124/346 726/397/346
f 2945/1069/24 2937/1069/24 2940/1073/24 2947/1073/24
f 2947/1088/24 2940/1088/24 2938/1089/24 2946/1089/24
f 2941/1075/24 2949/1075/24 2952/1076/24 2944/1076/24
f 2944/1091/24 2952/1091/24 2950/1090/24 2942/1090/24
f 2953/1070/24 2961/1070/24 2964/1071/24 2955/1071/24
f 2955/1071/24 2964/1071/24 2962/1079/24 2954/1079/24
f 2965/1074/24 2957/1074/24 2960/1078/24 2967/1078/24
f 2967/1078/24 2960/1078/24 2958/1080/24 2966/1080/24
f 2945/1069/24 2961/1070/24 2953/1070/24 2937/1069/24
f 2938/1089/24 2942/1090/24 2950/1090/24 2946/1089/24
f 2965/1074/24 2949/1075/24 2941/1075/24 2957/1074/24
f 2962/1079/24 2966/1080/24 2958/1080/24 2954/1079/24
f 733/872/347 734/139/347 731/92/347 730/141/347 743/74/347 741/130/347 742/129/347 748/126/347 747/125/347 746/135/347
f 365/97/348 364/185/348 363/149/348 353/214/348 356/213/348 355/85/348
f 3028/1049/4 3031/1050/4 3015/1047/4 3011/1048/4
f 2971/1095/12 2972/1096/12 2976/1041/12 2975/1097/12
f 2979/926/18 2977/1098/18 2978/1099/18 2980/925/18
f 3047/1097/10 3048/1041/10 3046/1044/10 3045/1084/10
f 3044/1096/18 3043/1095/18 3041/865/18 3042/1100/18
f 3043/1101/16 3047/1097/16 3045/1084/16 3041/1102/16
f 2975/1097/10 2976/1041/10 2974/1044/10 2973/1084/10
f 1546/72/10 1558/242/10 1556/243/10 1557/166/10 1563/307/10 1562/201/10 1561/288/10 1553/531/10 1551/200/10 1552/109/10 1548/112/10 1547/566/10
f 98/176/29 100/177/29 94/98/29 95/99/29 96/100/29 93/101/29 85/102/29 88/103/29 87/104/29 86/105/29
f 890/123/249 891/124/249 888/125/249 889/109/249 884/144/249
f 1612/534/102 1616/446/102 1613/92/102
f 2981/402/16 2977/906/16 2979/907/16 2983/403/16
f 2310/322/75 2320/106/75 2313/113/75 2315/74/75 2305/325/75
f 2921/1103/16 2923/944/16 2927/392/16 2925/504/16
f 2054/480/349 2058/155/349 2059/871/349 2066/331/349 2067/257/349 2064/567/349 2053/930/349
f 2985/1104/194 2986/1105/194 2987/1106/194
f 2988/1107/7 2989/1108/7 2990/1109/7
f 2991/1110/11 2992/1111/11 2993/1112/11
f 2994/1113/14 2995/1114/14 2996/1115/14
f 2997/1116/176 2998/1117/176 2999/1118/176
f 3000/1119/19 3001/1120/19 3002/1121/19
f 3003/1122/196 3004/1123/196 3005/1124/196
f 3006/1125/26 3007/1126/26 3008/1127/26
f 2991/1110/3 2985/1104/3 2987/1106/3 2992/1111/3
f 2986/1128/20 2988/1129/20 2990/1130/20 2987/1131/20
f 2989/1132/23 2994/1113/23 2996/1115/23 2990/1130/23
f 2995/1114/6 2993/1133/6 2992/1134/6 2996/1115/6
f 3003/1122/177 2991/1110/177 2993/1112/177 3004/1123/177
f 2994/1113/1 3006/1125/1 3008/1127/1 2995/1114/1
f 3007/1126/350 3005/1124/350 3004/1123/350 3008/1127/350
f 2997/1116/175 3003/1122/175 3005/1124/175 2998/1117/175
f 3006/1125/8 3000/1119/8 3002/1121/8 3007/1126/8
f 3001/1120/174 2999/1118/174 2998/1117/174 3002/1121/174
f 2985/1104/5 2997/1116/5 2999/1118/5 2986/1105/5
f 3000/1119/21 2989/1108/21 2988/1107/21 3001/1120/21
f 2991/1110/16 3003/1122/16 2997/1116/16 2985/1104/16
f 2987/1131/18 2990/1130/18 2996/1115/18 2992/1134/18
f 2999/1118/4 3001/1120/4 2988/1107/4 2986/1135/4
f 3006/1125/24 2994/1136/24 2989/1137/24 3000/1119/24
f 2993/1133/12 2995/1114/12 3008/1127/12 3004/1123/12
f 3005/1124/10 3007/1126/10 3002/1121/10 2998/1117/10
f 3040/1081/12 3035/1092/12 3020/1087/12 3023/1086/12
f 2937/1069/351 2953/1070/351 2955/1071/351 2956/1049/351 2939/1138/351 2940/1073/351
f 501/97/63 500/216/63 492/87/63 493/86/63 495/121/63
f 79/150/44 77/192/44 62/187/44 64/133/44 61/132/44 69/131/44 70/134/44 71/67/44
f 1885/544/54 1886/216/54 1883/244/54 1870/930/54 1871/480/54 1872/65/54 1869/481/54 1877/482/54 1878/134/54 1879/67/54
f 3031/1050/341 3028/1049/341 3027/1071/341 3026/1079/341 3030/1080/341 3032/1078/341
f 3033/1070/352 3017/1069/352 3019/1073/352 3020/1139/352 3035/1092/352 3036/1071/352
f 3038/1080/344 3034/1079/344 3036/1071/344 3035/1092/344 3040/1081/344 3039/1078/344
f 2939/1093/345 2943/1094/345 2944/1091/345 2942/1090/345 2938/1089/345 2940/1088/345
f 2961/1070/352 2945/1069/352 2947/1073/352 2948/1139/352 2963/1092/352 2964/1071/352
f 3041/1083/4 3045/1084/4 3046/1044/4 3042/1085/4
f 185/78/18 179/281/18 177/282/18 178/81/18 182/82/18 183/345/18 191/346/18 190/122/18 187/86/18 186/87/18
f 2949/1075/342 2965/1074/342 2967/1078/342 2968/1081/342 2951/1140/342 2952/1076/342
f 2951/1086/343 2948/1087/343 2947/1088/343 2946/1089/343 2950/1090/343 2952/1091/343
f 3017/1069/24 3009/1069/24 3012/1073/24 3019/1073/24
f 3019/1088/24 3012/1088/24 3010/1089/24 3018/1089/24
f 3013/1075/24 3021/1075/24 3024/1076/24 3016/1076/24
f 3016/1091/24 3024/1091/24 3022/1090/24 3014/1090/24
f 3025/1070/24 3033/1070/24 3036/1071/24 3027/1071/24
f 3027/1071/24 3036/1071/24 3034/1079/24 3026/1079/24
f 3037/1074/24 3029/1074/24 3032/1078/24 3039/1078/24
f 3039/1078/24 3032/1078/24 3030/1080/24 3038/1080/24
f 3017/1069/24 3033/1070/24 3025/1070/24 3009/1069/24
f 3010/1089/24 3014/1090/24 3022/1090/24 3018/1089/24
f 3037/1074/24 3021/1075/24 3013/1075/24 3029/1074/24
f 3034/1079/24 3038/1080/24 3030/1080/24 3026/1079/24
f 3048/1041/12 3047/1097/12 3043/1095/12 3044/1096/12
f 368/198/27 371/76/27 372/77/27
f 767/125/69 763/112/69 768/292/69
f 3053/402/10 3055/403/10 3056/401/10 3054/400/10
f 3051/926/18 3049/1098/18 3050/1099/18 3052/925/18
f 2292/322/75 2300/385/75 2294/484/75 2296/74/75 2288/325/75
f 2972/1096/18 2971/1095/18 2969/865/18 2970/1100/18
f 2971/1101/16 2975/1097/16 2973/1084/16 2969/1102/16
f 2976/1041/24 2972/1042/24 2970/1043/24 2974/1044/24
f 3166/1051/353 3160/1141/353 3161/1142/353
f 83/184/27 86/76/27 87/77/27
f 1530/94/219 1527/93/219 1526/186/219
f 1632/89/18 1630/80/18 1631/366/18 1633/183/18
f 3172/383/18 3171/1143/18 3169/1144/18 3170/1145/18
f 2441/322/75 2451/106/75 2444/113/75 2446/74/75 2436/325/75
f 1530/94/10 1526/186/10 1525/72/10 1535/242/10 1534/209/10 1539/116/10 1538/115/10 1537/288/10 1531/531/10 1529/95/10
f 3156/1146/12 3155/1147/12 3151/913/12 3152/916/12
f 3057/1104/194 3058/1105/194 3059/1106/194
f 3060/1107/7 3061/1108/7 3062/1109/7
f 3063/1110/354 3064/1111/354 3065/1112/354
f 3066/1113/355 3067/1114/355 3068/1115/355
f 3069/1116/176 3070/1117/176 3071/1118/176
f 3072/1119/178 3073/1120/178 3074/1121/178
f 3075/1122/196 3076/1148/196 3077/1124/196
f 3078/1125/26 3079/1126/26 3080/1127/26
f 3063/1110/3 3057/1104/3 3059/1106/3 3064/1111/3
f 3058/1128/20 3060/1129/20 3062/1130/20 3059/1131/20
f 3061/1132/23 3066/1113/23 3068/1115/23 3062/1130/23
f 3067/1114/6 3065/1133/6 3064/1134/6 3068/1115/6
f 3075/1122/177 3063/1110/177 3065/1112/177 3076/1148/177
f 3066/1113/1 3078/1125/1 3080/1127/1 3067/1114/1
f 3079/1126/25 3077/1124/25 3076/1148/25 3080/1127/25
f 3069/1116/175 3075/1122/175 3077/1124/175 3070/1117/175
f 3078/1125/8 3072/1119/8 3074/1121/8 3079/1126/8
f 3073/1120/174 3071/1118/174 3070/1117/174 3074/1121/174
f 3057/1104/5 3069/1116/5 3071/1118/5 3058/1105/5
f 3072/1119/21 3061/1108/21 3060/1107/21 3073/1120/21
f 3063/1110/16 3075/1122/16 3069/1116/16 3057/1104/16
f 3059/1131/18 3062/1130/18 3068/1115/18 3064/1134/18
f 3071/1118/4 3073/1120/4 3060/1107/4 3058/1135/4
f 3078/1125/24 3066/1136/24 3061/1137/24 3072/1119/24
f 3065/1133/12 3067/1114/12 3080/1127/12 3076/1148/12
f 3077/1124/10 3079/1126/10 3074/1121/10 3070/1117/10
f 3098/1149/10 3094/826/10 3101/823/10 3103/824/10
f 3095/712/174 3094/826/174 3098/1149/174 3097/620/174
f 1414/709/16 1426/735/16 1420/734/16 1408/706/16
f 1402/674/16 1396/676/16 1384/637/16 1390/636/16
f 3743/1150/8 3742/747/8 3736/746/8 3738/1151/8
f 3081/1152/194 3082/1153/194 3083/1154/194
f 3731/1155/12 3744/1156/12 3740/1157/12 3729/1158/12
f 3093/827/5 3095/712/5 3082/1153/5 3081/1152/5
f 3088/1159/3 3087/1160/3 3081/1152/3 3083/1154/3
f 3100/772/177 3099/825/177 3087/1160/177 3089/1161/177
f 3084/788/7 3085/604/7 3086/607/7
f 3260/1162/356 3259/1163/356 3257/1164/356 3256/1165/356
f 3087/1160/183 3088/1159/183 3089/1161/183
f 3089/773/6 3088/1166/6 3092/606/6 3091/770/6
f 3258/1167/357 3260/1162/357 3247/779/357 3246/1168/357
f 3103/824/8 3102/808/8 3096/617/8 3098/1149/8
f 3090/605/355 3091/770/355 3092/606/355
f 3407/724/8 3406/1169/8 3400/1170/8 3402/1171/8
f 3206/753/358 3212/752/358 3208/781/358 3203/1172/358
f 3093/827/359 3094/826/359 3095/712/359
f 3096/617/24 3102/808/24 3090/1173/24 3085/1174/24
f 3216/1175/360 3218/1037/360 3223/690/360 3222/1176/360
f 3238/1177/361 3237/765/361 3249/1178/361 3251/796/361
f 3096/617/19 3097/620/19 3098/1149/19
f 3217/1179/4 3204/1180/4 3202/1181/4 3215/1182/4
f 3099/825/22 3100/772/22 3101/823/22
f 3126/1183/24 3114/1184/24 3109/1185/24 3120/803/24
f 3117/1186/5 3119/814/5 3106/1187/5 3105/1188/5
f 3102/808/181 3103/824/181 3104/771/181
f 3289/819/21 3288/1170/21 3277/618/21 3276/820/21
f 3515/1189/175 3517/1190/175 3510/1191/175 3509/1192/175
f 3288/1170/8 3290/1171/8 3295/724/8 3294/1169/8
f 3105/1188/194 3106/1187/194 3107/1193/194
f 3115/1194/362 3113/1195/362 3112/776/362 3116/775/362
f 3114/1196/23 3116/775/23 3110/774/23 3109/1197/23
f 3127/1198/10 3122/1199/10 3118/1200/10 3125/1201/10
f 3108/1202/363 3109/1197/363 3110/774/363
f 1452/757/5 1454/726/5 1441/769/5 1440/749/5
f 3208/767/364 3207/1203/364 3201/1204/364 3203/766/364
f 3111/817/187 3112/624/187 3113/818/187
f 3246/1168/365 3248/778/365 3242/1205/365 3241/1206/365
f 3128/1207/25 3127/1198/25 3125/1201/25 3124/815/25
f 3114/1196/355 3115/1194/355 3116/775/355
f 3255/1208/366 3243/768/366 3245/1209/366 3256/1165/366
f 3507/1210/12 3520/723/12 3516/722/12 3505/1211/12
f 3117/1186/180 3118/1200/180 3119/814/180
f 3126/1183/1 3128/1207/1 3115/1194/1 3114/1196/1
f 3219/1212/367 3221/691/367 3214/1038/367 3213/1213/367
f 3120/803/178 3121/805/178 3122/1199/178
f 2918/987/368 2915/986/368 2914/958/368 2851/956/368 2852/1021/368
f 3105/1188/16 3111/817/16 3123/816/16 3117/1186/16
f 1393/662/23 1395/597/23 1389/596/23 1388/700/23
f 3123/816/196 3124/815/196 3125/1201/196
f 1394/678/12 1407/587/12 1403/586/12 1392/710/12
f 3282/1184/24 3277/1214/24 3288/1170/24 3294/1169/24
f 3126/1183/26 3127/1198/26 3128/1207/26
f 3147/1215/34 3148/1216/34 3130/1217/34 3129/1218/34
f 3910/1219/369 3911/1220/369 3912/60/369 3899/1221/369 3898/927/369 3904/928/369 3903/1032/369 3909/1222/369
f 3145/1223/370 3146/1224/370 3148/1216/370 3147/1215/370
f 3140/1225/199 3139/1226/199 3137/1227/199 3138/618/199
f 4120/1228/20 4124/1229/20 4125/1230/20 4121/884/20
f 3132/1231/4 3130/1232/4 3148/1233/4 3146/1234/4 3144/1235/4 3142/1236/4 3140/1237/4 3138/1238/4 3136/1239/4 3134/1240/4
f 3142/1241/33 3141/1242/33 3139/1226/33 3140/1225/33
f 3132/547/200 3131/546/200 3129/1243/200 3130/1244/200
f 3819/1245/371 3825/1246/371 3826/851/371 3827/852/371 3821/848/371 3820/1247/371
f 3135/1248/372 3136/1249/372 3138/618/372 3137/1227/372
f 3136/1249/10 3135/1248/10 3133/549/10 3134/548/10
f 4094/1250/373 4093/271/373 4090/270/373 4091/275/373 4095/1216/373
f 1491/584/12 1480/807/12 1482/806/12 1495/581/12
f 3141/1242/374 3142/1241/374 3144/1251/374 3143/1252/374
f 3165/1253/375 3159/1254/375 3158/1255/375 3164/1054/375 3163/1053/375
f 3833/1256/376 3834/1257/376 3829/1258/376 3824/1259/376 3823/1260/376
f 3914/882/377 3915/1261/377 3907/1262/377 3906/1263/377 3905/1264/377 3913/1265/377
f 1612/1266/201 1613/460/201 1617/67/201 1618/1267/201 1627/209/201 1628/380/201 1626/857/201 1622/845/201 1623/361/201 1624/532/201
f 1636/361/10 1648/380/10 1646/243/10 1647/166/10 1653/307/10 1652/201/10 1651/578/10 1643/575/10 1641/176/10 1642/109/10 1638/112/10 1637/492/10
f 3153/1268/10 3155/1147/10 3156/1146/10 3154/1269/10
f 3168/1270/10 3165/1253/10 3163/1053/10 3167/1052/10
f 3157/1271/378 3164/1054/378 3158/1255/378
f 1909/192/10 1911/178/10 1912/97/10 1910/193/10
f 1660/361/10 1672/380/10 1670/120/10 1671/119/10 1677/116/10 1676/115/10 1675/578/10 1667/575/10 1665/96/10 1666/94/10 1662/129/10 1661/189/10
f 3153/1268/4 3154/1269/4 3150/1272/4 3149/1273/4
f 1678/460/107 1680/67/107 1694/120/107 1696/380/107 1692/857/107 1682/845/107 1684/361/107 1685/189/107
f 3156/1146/24 3152/1274/24 3150/1275/24 3154/1269/24
f 759/143/55 769/319/55 762/499/55 764/74/55 761/236/55 751/237/55 752/238/55 753/64/55
f 2861/894/379 2850/1022/379 2851/956/379 2914/958/379 2911/959/379 2910/1036/379 2906/1027/379 2898/967/379 2892/26/379 2880/25/379
f 3162/1276/380 3168/1270/380 3167/1052/380 3166/1051/380 3161/1142/380
f 4128/1277/381 4135/1278/381 4136/996/381 4131/995/381 4132/994/381 4126/1002/381 4125/1230/381
f 1590/87/18 1588/314/18 1589/366/18 1591/463/18
f 350/77/143 348/92/143 359/186/143 360/129/143 361/388/143
f 999/459/53 993/239/53 991/73/53 990/72/53 988/254/53 995/255/53 998/71/53 997/225/53
f 4087/1279/16 4086/1280/16 4084/1281/16 4085/1282/16
f 3168/1270/24 3162/1283/24 3159/1284/24 3165/1253/24
f 1470/760/10 1471/158/10 1469/512/10 1468/513/10
f 1161/360/79 1149/139/79 1147/337/79 1146/141/79 1144/347/79 1157/339/79 1160/74/79 1159/73/79
f 3966/1285/382 3965/1286/382 3924/1287/382 3925/1288/382 3967/1289/382 3920/61/382 3960/1290/382 3959/1291/382
f 3183/381/10 3184/384/10 3182/506/10 3181/514/10
f 3195/920/16 3199/381/16 3197/514/16 3193/1292/16
f 253/200/29 255/177/29 249/98/29 250/99/29 251/283/29 248/101/29 240/284/29 243/235/29 242/285/29 241/105/29
f 3949/1293/383 3953/1294/383 3954/1295/383 3955/1296/383 3951/1031/383 3946/1030/383 3945/1297/383 3950/1066/383
f 3175/381/12 3171/1143/12 3172/383/12 3176/384/12
f 3188/383/18 3187/1143/18 3185/1144/18 3186/1145/18
f 3171/920/16 3175/381/16 3173/514/16 3169/919/16
f 2932/910/12 2936/1056/12 2935/518/12 2931/911/12
f 3176/384/24 3172/1298/24 3170/1299/24 3174/506/24
f 3180/1298/24 3178/1299/24 3182/506/24 3184/384/24
f 3175/381/10 3176/384/10 3174/506/10 3173/514/10
f 936/219/384 945/161/384 949/165/384 950/164/384 951/541/384 948/562/384 939/561/384 940/563/384 941/217/384
f 701/373/128 700/500/128 696/290/128 699/289/128 698/171/128
f 3845/1300/385 3857/1265/385 3858/882/385 3856/1296/385 3854/1301/385 3850/1031/385 3849/1066/385 3846/1297/385
f 3196/383/18 3195/1143/18 3193/1144/18 3194/1145/18
f 4070/1302/386 4032/1303/386 4033/1304/386 4027/1305/386 4028/1306/386 4023/880/386 4072/879/386 4071/878/386
f 3225/865/218 3226/866/218 3229/264/218 3230/269/218 3227/864/218
f 3197/514/4 3198/506/4 3194/923/4 3193/924/4
f 3200/384/24 3196/1307/24 3194/1299/24 3198/506/24
f 3169/924/4 3173/514/4 3174/506/4 3170/923/4
f 3191/381/16 3189/507/16 3185/1308/16 3187/920/16
f 3188/1307/24 3186/1299/24 3190/506/24 3192/384/24
f 3180/383/18 3179/382/18 3177/1144/18 3178/1145/18
f 792/164/163 780/217/163 777/219/163 776/220/163 775/221/163 786/222/163 788/135/163 789/161/163
f 707/123/387 708/164/387 706/292/387 704/161/387 705/494/387 702/144/387
f 3200/384/12 3199/381/12 3195/1143/12 3196/383/12
f 3192/384/12 3191/381/12 3187/1143/12 3188/383/12
f 3216/1175/388 3205/618/388 3204/1180/388 3217/1179/388
f 3292/722/177 3291/741/177 3279/625/177 3281/1309/177
f 3252/1310/389 3254/798/389 3259/1163/389 3258/1167/389
f 3201/1204/390 3202/1311/390 3203/766/390
f 3210/751/391 3222/1176/391 3224/689/391 3211/1312/391
f 3240/1045/392 3242/1180/392 3239/1241/392 3238/1046/392
f 1484/683/16 1472/686/16 1478/648/16 1490/647/16
f 3204/1313/393 3205/754/393 3206/753/393
f 3219/1212/394 3213/1213/394 3201/1204/394 3207/1203/394
f 3513/819/21 3512/1170/21 3501/618/21 3500/820/21
f 3207/1203/395 3208/767/395 3209/1314/395
f 3253/799/396 3252/1310/396 3241/1315/396 3240/1045/396
f 3209/1316/397 3208/781/397 3212/752/397 3211/1312/397
f 3210/751/398 3211/1312/398 3212/752/398
f 1475/784/4 1473/1317/4 1486/684/4 1488/782/4
f 3255/1208/399 3257/1164/399 3250/797/399 3249/1178/399
f 3218/1037/400 3217/1179/400 3215/1182/400 3214/1038/400
f 3737/1318/4 3724/1319/4 3722/1320/4 3735/1039/4
f 3213/1213/401 3214/1038/401 3215/1182/401
f 3213/1213/402 3215/1182/402 3202/1311/402 3201/1204/402
f 3216/1175/403 3217/1179/403 3218/1037/403
f 3204/1313/404 3206/753/404 3203/1172/404 3202/614/404
f 3216/1175/405 3222/1176/405 3210/1321/405 3205/1322/405
f 3219/1212/406 3220/692/406 3221/691/406
f 3249/1178/407 3237/765/407 3243/768/407 3255/1208/407
f 3222/1176/408 3223/690/408 3224/689/408
f 3264/418/100 3269/267/100 3267/859/100 3261/1323/100 3263/422/100
f 119/216/44 117/215/44 102/187/44 104/65/44 101/232/44 109/231/44 110/66/44 111/67/44
f 2771/993/409 2772/972/409 2769/971/409 2839/987/409 2838/957/409 2766/956/409
f 444/243/157 442/244/157 427/245/157 428/187/157 429/65/157 426/232/157 434/231/157 435/66/157 436/67/157
f 3236/862/12 3234/266/12 3233/419/12 3228/863/12 3230/269/12 3229/264/12
f 831/125/145 827/129/145 832/292/145
f 1716/303/410 1711/302/410 1714/208/410
f 3235/861/212 3232/572/212 3231/420/212 3233/419/212 3234/266/212
f 3628/722/12 3617/1211/12 3619/1210/12 3632/723/12
f 3294/1169/1 3296/723/1 3283/1210/1 3282/1196/1
f 3237/765/411 3238/1177/411 3239/766/411
f 3240/1045/412 3241/1315/412 3242/1180/412
f 3618/1324/23 3620/1325/23 3614/1326/23 3613/1327/23
f 2836/985/413 2837/1008/413 2833/875/413 2828/874/413 2827/983/413 2822/982/413 2821/1024/413 2826/1013/413 2832/1029/413
f 3506/1324/23 3508/1325/23 3502/1326/23 3501/1327/23
f 3247/779/12 3260/1162/12 3256/1165/12 3245/780/12
f 3220/692/414 3219/1212/414 3207/1203/414 3209/1314/414
f 3243/768/415 3244/767/415 3245/1209/415
f 3246/1168/416 3247/779/416 3248/778/416
f 3616/624/3 3615/1328/3 3609/1329/3 3611/1193/3
f 3211/1312/12 3224/689/12 3220/692/12 3209/1316/12
f 3511/822/174 3510/1191/174 3514/1171/174 3513/819/174
f 3249/1178/417 3250/797/417 3251/796/417
f 3393/1211/6 3392/776/6 3396/1330/6 3395/1210/6
f 3252/1310/418 3253/799/418 3254/798/418
f 3274/614/20 3276/1331/20 3278/1332/20 3275/1333/20
f 3255/1208/419 3256/1165/419 3257/1164/419
f 3083/787/18 3086/607/18 3092/606/18 3088/1166/18
f 3390/1332/23 3389/1334/23 3394/1196/23 3396/1330/23
f 3259/1163/420 3254/798/420 3250/797/420 3257/1164/420
f 3258/1167/421 3259/1163/421 3260/1162/421
f 3235/861/422 3236/862/422 3229/1335/422 3226/1043/422 3232/572/422
f 422/215/68 423/193/68 411/76/68 408/75/68 407/188/68
f 848/74/4 846/499/4 847/112/4 851/125/4 850/135/4 840/570/4 841/139/4 838/198/4 837/199/4 836/141/4
f 678/174/263 680/91/263 683/172/263 684/213/263 681/387/263
f 538/192/68 539/95/68 527/76/68 524/198/68 523/199/68
f 838/90/56 841/91/56 842/175/56
f 1760/99/70 1758/207/70 1766/200/70 1768/302/70 1776/303/70
f 1742/151/10 1751/306/10 1752/119/10 1755/116/10 1754/208/10 1748/302/10 1746/95/10 1747/94/10 1744/129/10 1743/308/10
f 2350/323/111 2351/478/111 2349/358/111 2345/129/111 2344/324/111
f 498/215/10 500/216/10 501/97/10 499/193/10
f 949/165/41 947/560/41 950/164/41
f 3291/741/175 3293/721/175 3286/1336/175 3285/740/175
f 3401/819/174 3399/1337/174 3398/1336/174 3402/1171/174
f 3273/626/194 3274/1338/194 3275/627/194
f 3273/626/16 3279/625/16 3291/741/16 3285/740/16
f 3398/1336/175 3397/740/175 3403/741/175 3405/721/175
f 3509/1192/5 3511/822/5 3498/1338/5 3497/1329/5
f 3611/777/20 3610/614/20 3612/1331/20 3614/1326/20
f 3276/1331/195 3277/1334/195 3278/1332/195
f 3618/1324/1 3630/1169/1 3632/723/1 3619/1210/1
f 3246/1339/423 3241/1340/423 3252/1310/423 3258/1167/423
f 3391/625/177 3393/1309/177 3404/722/177 3403/741/177
f 3279/625/183 3280/624/183 3281/1309/183
f 3401/819/21 3400/1170/21 3389/618/21 3388/820/21
f 3282/1196/355 3283/1210/355 3284/1330/355
f 3504/624/3 3503/1328/3 3497/1329/3 3499/1193/3
f 3631/1341/10 3626/1171/10 3622/1342/10 3629/1190/10
f 3285/740/176 3286/1336/176 3287/822/176
f 3505/1211/6 3504/1343/6 3508/1325/6 3507/1210/6
f 3288/1170/178 3289/819/178 3290/1171/178
f 3390/1332/18 3396/1330/18 3392/776/18 3387/1333/18
f 3291/741/196 3292/722/196 3293/721/196
f 3506/1344/24 3501/1185/24 3512/1170/24 3518/1169/24
f 3395/1210/1 3394/1196/1 3406/1169/1 3408/723/1
f 3617/1211/6 3616/1343/6 3620/1325/6 3619/1210/6
f 3294/1169/26 3295/724/26 3296/723/26
f 3413/299/4 3414/298/4 3410/867/4 3409/868/4
f 1588/460/107 1590/67/107 1604/120/107 1606/242/107 1602/846/107 1592/845/107 1594/72/107 1595/308/107
f 1736/303/220 1728/302/220 1734/97/220
f 3300/427/24 3298/428/24 3302/298/24 3304/301/24
f 3808/1285/424 3810/1289/424 3754/61/424 3798/60/424 3797/1220/424 3802/1291/424 3801/1345/424 3807/1286/424
f 3297/868/4 3301/299/4 3302/298/4 3298/867/4
f 3423/936/12 3419/556/12 3420/1007/12 3424/937/12
f 2108/332/248 2107/545/248 2100/464/248 2098/210/248 2099/211/248 2097/180/248 2101/181/248 2104/212/248 2103/296/248 2102/305/248
f 2235/258/281 2227/217/281 2224/137/281 2223/220/281 2232/358/281
f 3413/299/10 3415/300/10 3416/301/10 3414/298/10
f 1757/297/18 1758/366/18 1760/408/18 1759/87/18
f 3521/868/4 3525/299/4 3526/298/4 3522/867/4
f 423/193/10 422/215/10 424/216/10 425/97/10
f 1275/223/51 1287/459/51 1285/70/51 1284/69/51 1282/377/51 1271/228/51 1274/378/51 1273/278/51
f 2051/209/44 2049/215/44 2031/480/44 2033/133/44 2029/481/44 2039/482/44 2041/66/44 2042/67/44
f 868/74/240 867/130/240 869/161/240 861/139/240 862/510/240 859/184/240 858/92/240 857/141/240
f 3417/1346/16 3419/1347/16 3423/936/16 3421/430/16
f 3531/1005/18 3529/557/18 3530/558/18 3532/559/18
f 3419/556/18 3417/1006/18 3418/558/18 3420/1007/18
f 3313/1348/194 3314/1349/194 3315/1350/194
f 3316/1351/195 3317/1352/195 3318/1353/195
f 3319/1354/11 3320/1355/11 3321/1356/11
f 3322/1357/179 3323/1358/179 3324/1359/179
f 3325/1360/176 3326/1361/176 3327/1362/176
f 3328/1363/178 3329/1364/178 3330/1365/178
f 3331/1366/196 3332/1367/196 3333/1368/196
f 3334/1369/181 3335/1370/181 3336/1371/181
f 3319/1354/3 3313/1348/3 3315/1350/3 3320/1355/3
f 3314/1372/20 3316/1373/20 3318/1374/20 3315/1375/20
f 3317/1376/23 3322/1357/23 3324/1359/23 3318/1374/23
f 3323/1358/6 3321/1377/6 3320/1378/6 3324/1359/6
f 3331/1366/177 3319/1354/177 3321/1356/177 3332/1367/177
f 3322/1357/1 3334/1369/1 3336/1371/1 3323/1358/1
f 3335/1370/25 3333/1368/25 3332/1367/25 3336/1371/25
f 3325/1360/175 3331/1366/175 3333/1368/175 3326/1361/175
f 3334/1369/8 3328/1363/8 3330/1365/8 3335/1370/8
f 3329/1364/174 3327/1362/174 3326/1361/174 3330/1365/174
f 3313/1348/5 3325/1360/5 3327/1362/5 3314/1349/5
f 3328/1363/21 3317/1352/21 3316/1351/21 3329/1364/21
f 3319/1354/16 3331/1366/16 3325/1360/16 3313/1348/16
f 3315/1375/18 3318/1374/18 3324/1359/18 3320/1378/18
f 3327/1362/4 3329/1364/4 3316/1351/4 3314/1379/4
f 3334/1369/24 3322/1380/24 3317/1381/24 3328/1363/24
f 3321/1377/12 3323/1358/12 3336/1371/12 3332/1367/12
f 3333/1368/10 3335/1370/10 3330/1365/10 3326/1361/10
f 3337/1348/194 3338/1349/194 3339/1350/194
f 3340/1351/195 3341/1352/195 3342/1353/195
f 3343/1354/183 3344/1355/183 3345/1356/183
f 3346/1357/179 3347/1358/179 3348/1382/179
f 3349/1360/176 3350/1361/176 3351/1362/176
f 3352/1363/178 3353/1364/178 3354/1365/178
f 3355/1366/196 3356/1367/196 3357/1368/196
f 3358/1369/181 3359/1370/181 3360/1371/181
f 3343/1354/3 3337/1348/3 3339/1350/3 3344/1355/3
f 3338/1372/20 3340/1373/20 3342/1374/20 3339/1375/20
f 3341/1376/23 3346/1357/23 3348/1382/23 3342/1374/23
f 3347/1358/6 3345/1377/6 3344/1378/6 3348/1382/6
f 3355/1366/177 3343/1354/177 3345/1356/177 3356/1367/177
f 3346/1357/1 3358/1369/1 3360/1371/1 3347/1358/1
f 3359/1370/25 3357/1368/25 3356/1367/25 3360/1371/25
f 3349/1360/175 3355/1366/175 3357/1368/175 3350/1361/175
f 3358/1369/8 3352/1363/8 3354/1365/8 3359/1370/8
f 3353/1364/174 3351/1362/174 3350/1361/174 3354/1365/174
f 3337/1348/5 3349/1360/5 3351/1362/5 3338/1349/5
f 3352/1363/21 3341/1352/21 3340/1351/21 3353/1364/21
f 3343/1354/16 3355/1366/16 3349/1360/16 3337/1348/16
f 3339/1375/18 3342/1374/18 3348/1382/18 3344/1378/18
f 3351/1362/4 3353/1364/4 3340/1351/4 3338/1379/4
f 3358/1369/24 3346/1380/24 3341/1381/24 3352/1363/24
f 3345/1377/12 3347/1358/12 3360/1371/12 3356/1367/12
f 3357/1368/10 3359/1370/10 3354/1365/10 3350/1361/10
f 3361/1383/194 3362/1384/194 3363/1350/194
f 3364/1351/195 3365/1352/195 3366/1385/195
f 3367/1354/11 3368/1355/11 3369/1386/11
f 3370/1387/179 3371/1388/179 3372/1359/179
f 3373/1389/176 3374/1361/176 3375/1390/176
f 3376/1391/178 3377/1392/178 3378/1365/178
f 3379/1393/196 3380/1394/196 3381/1368/196
f 3382/1395/181 3383/1370/181 3384/1396/181
f 3367/1354/3 3361/1383/3 3363/1350/3 3368/1355/3
f 3362/1372/20 3364/1373/20 3366/1374/20 3363/1375/20
f 3365/1376/23 3370/1387/23 3372/1359/23 3366/1374/23
f 3371/1388/6 3369/1397/6 3368/1378/6 3372/1359/6
f 3379/1393/177 3367/1354/177 3369/1386/177 3380/1394/177
f 3370/1387/1 3382/1395/1 3384/1396/1 3371/1388/1
f 3383/1370/25 3381/1368/25 3380/1394/25 3384/1396/25
f 3373/1389/175 3379/1393/175 3381/1368/175 3374/1361/175
f 3382/1395/8 3376/1391/8 3378/1365/8 3383/1370/8
f 3377/1392/174 3375/1390/174 3374/1361/174 3378/1365/174
f 3361/1383/5 3373/1389/5 3375/1390/5 3362/1384/5
f 3376/1391/21 3365/1352/21 3364/1351/21 3377/1392/21
f 3367/1354/16 3379/1393/16 3373/1389/16 3361/1383/16
f 3363/1375/18 3366/1374/18 3372/1359/18 3368/1378/18
f 3375/1390/4 3377/1392/4 3364/1351/4 3362/1398/4
f 3382/1395/24 3370/1399/24 3365/1400/24 3376/1391/24
f 3369/1397/12 3371/1388/12 3384/1396/12 3380/1394/12
f 3381/1368/10 3383/1370/10 3378/1365/10 3374/1361/10
f 3515/1189/177 3503/1328/177 3505/1309/177 3516/722/177
f 3517/1190/25 3516/722/25 3520/723/25 3519/1341/25
f 3385/626/5 3397/740/5 3399/1337/5 3386/1338/5
f 3385/626/2 3386/1338/2 3387/627/2
f 3123/816/175 3125/1201/175 3118/1200/175 3117/1186/175
f 3394/1184/24 3389/1214/24 3400/1170/24 3406/1169/24
f 3388/1331/7 3389/1334/7 3390/1332/7
f 3616/1343/18 3611/777/18 3614/1326/18 3620/1325/18
f 3519/1341/10 3514/1171/10 3510/1191/10 3517/1190/10
f 3391/625/183 3392/624/183 3393/1309/183
f 3518/1169/1 3520/723/1 3507/1210/1 3506/1324/1
f 3394/1196/14 3395/1210/14 3396/1330/14
f 3293/721/25 3292/722/25 3296/723/25 3295/724/25
f 3615/1328/177 3617/1309/177 3628/722/177 3627/1189/177
f 3397/740/180 3398/1336/180 3399/1337/180
f 3623/822/174 3622/1342/174 3626/1171/174 3625/819/174
f 3292/722/12 3281/1211/12 3283/1210/12 3296/723/12
f 3400/1170/19 3401/819/19 3402/1171/19
f 3627/1189/16 3621/1192/16 3609/1329/16 3615/1328/16
f 3407/724/10 3402/1171/10 3398/1336/10 3405/721/10
f 3631/1341/8 3630/1169/8 3624/1170/8 3626/1171/8
f 3403/741/196 3404/722/196 3405/721/196
f 3610/1338/5 3609/1329/5 3621/1192/5 3623/822/5
f 3406/1169/181 3407/724/181 3408/723/181
f 3636/555/18 3635/554/18 3633/1401/18 3634/438/18
f 1143/456/53 1137/360/53 1135/73/53 1134/72/53 1132/254/53 1139/241/53 1142/344/53 1141/343/53
f 3533/430/10 3535/936/10 3536/937/10 3534/869/10
f 3415/300/16 3413/299/16 3409/425/16 3411/426/16
f 3299/436/12 3300/439/12 3304/301/12 3303/300/12
f 1780/471/18 1779/169/18 1777/297/18 1778/295/18
f 3525/299/10 3527/433/10 3528/301/10 3526/298/10
f 1787/94/219 1784/93/219 1783/186/219
f 2805/981/425 2812/945/425 2813/38/425 2817/984/425 2818/40/425 2807/43/425 2800/989/425 2799/988/425 2806/37/425
f 464/184/27 467/76/27 468/77/27
f 2279/368/42 2278/173/42 2273/348/42 2274/251/42 2277/253/42
f 891/124/12 890/123/12 881/493/12 882/172/12
f 908/125/145 904/129/145 909/292/145
f 1979/216/44 1977/244/44 1962/480/44 1964/133/44 1961/481/44 1969/482/44 1970/66/44 1971/67/44
f 981/276/426 987/223/426 985/278/426 984/349/426 982/350/426 977/351/426 980/352/426 979/353/426
f 1796/116/136 1791/551/136 1790/309/136
f 3420/1402/24 3418/1403/24 3422/938/24 3424/937/24
f 3534/869/24 3536/937/24 3532/1404/24 3530/1405/24
f 3425/1406/194 3426/1407/194 3427/1350/194
f 3428/1408/195 3429/1409/195 3430/1385/195
f 3431/1410/183 3432/1355/183 3433/1411/183
f 3434/1412/179 3435/1413/179 3436/1414/179
f 3437/1415/180 3438/1361/180 3439/1362/180
f 3440/1363/178 3441/1416/178 3442/1365/178
f 3443/1417/22 3444/1418/22 3445/1368/22
f 3446/1419/427 3447/1370/427 3448/1420/427
f 3431/1410/3 3425/1406/3 3427/1350/3 3432/1355/3
f 3426/1372/20 3428/1373/20 3430/1374/20 3427/1375/20
f 3429/1376/23 3434/1412/23 3436/1414/23 3430/1374/23
f 3435/1413/6 3433/1421/6 3432/1378/6 3436/1414/6
f 3443/1417/177 3431/1410/177 3433/1411/177 3444/1418/177
f 3434/1412/1 3446/1419/1 3448/1420/1 3435/1413/1
f 3447/1370/25 3445/1368/25 3444/1418/25 3448/1420/25
f 3437/1415/175 3443/1417/175 3445/1368/175 3438/1361/175
f 3446/1419/8 3440/1363/8 3442/1365/8 3447/1370/8
f 3441/1416/174 3439/1362/174 3438/1361/174 3442/1365/174
f 3425/1406/5 3437/1415/5 3439/1362/5 3426/1407/5
f 3440/1363/21 3429/1409/21 3428/1408/21 3441/1416/21
f 3431/1410/16 3443/1417/16 3437/1415/16 3425/1406/16
f 3427/1375/18 3430/1374/18 3436/1414/18 3432/1378/18
f 3439/1362/4 3441/1416/4 3428/1408/4 3426/1379/4
f 3446/1419/24 3434/1422/24 3429/1423/24 3440/1363/24
f 3433/1421/12 3435/1413/12 3448/1420/12 3444/1418/12
f 3445/1368/10 3447/1370/10 3442/1365/10 3438/1361/10
f 3449/1348/194 3450/1349/194 3451/1350/194
f 3452/1351/195 3453/1352/195 3454/1353/195
f 3455/1354/183 3456/1355/183 3457/1356/183
f 3458/1357/179 3459/1358/179 3460/1359/179
f 3461/1360/176 3462/1361/176 3463/1362/176
f 3464/1363/178 3465/1364/178 3466/1365/178
f 3467/1366/196 3468/1367/196 3469/1368/196
f 3470/1369/181 3471/1370/181 3472/1371/181
f 3455/1354/3 3449/1348/3 3451/1350/3 3456/1355/3
f 3450/1372/20 3452/1373/20 3454/1374/20 3451/1375/20
f 3453/1376/23 3458/1357/23 3460/1359/23 3454/1374/23
f 3459/1358/6 3457/1377/6 3456/1378/6 3460/1359/6
f 3467/1366/177 3455/1354/177 3457/1356/177 3468/1367/177
f 3458/1357/1 3470/1369/1 3472/1371/1 3459/1358/1
f 3471/1370/25 3469/1368/25 3468/1367/25 3472/1371/25
f 3461/1360/175 3467/1366/175 3469/1368/175 3462/1361/175
f 3470/1369/8 3464/1363/8 3466/1365/8 3471/1370/8
f 3465/1364/174 3463/1362/174 3462/1361/174 3466/1365/174
f 3449/1348/5 3461/1360/5 3463/1362/5 3450/1349/5
f 3464/1363/21 3453/1352/21 3452/1351/21 3465/1364/21
f 3455/1354/16 3467/1366/16 3461/1360/16 3449/1348/16
f 3451/1375/18 3454/1374/18 3460/1359/18 3456/1378/18
f 3463/1362/4 3465/1364/4 3452/1351/4 3450/1379/4
f 3470/1369/24 3458/1380/24 3453/1381/24 3464/1363/24
f 3457/1377/12 3459/1358/12 3472/1371/12 3468/1367/12
f 3469/1368/10 3471/1370/10 3466/1365/10 3462/1361/10
f 3473/1348/2 3474/1349/2 3475/1350/2
f 3476/1351/195 3477/1352/195 3478/1353/195
f 3479/1354/183 3480/1355/183 3481/1356/183
f 3482/1357/179 3483/1358/179 3484/1382/179
f 3485/1360/180 3486/1361/180 3487/1362/180
f 3488/1363/178 3489/1364/178 3490/1365/178
f 3491/1366/428 3492/1367/428 3493/1368/428
f 3494/1369/181 3495/1370/181 3496/1371/181
f 3479/1354/3 3473/1348/3 3475/1350/3 3480/1355/3
f 3474/1372/20 3476/1373/20 3478/1374/20 3475/1375/20
f 3477/1376/23 3482/1357/23 3484/1382/23 3478/1374/23
f 3483/1358/6 3481/1377/6 3480/1378/6 3484/1382/6
f 3491/1366/177 3479/1354/177 3481/1356/177 3492/1367/177
f 3482/1357/1 3494/1369/1 3496/1371/1 3483/1358/1
f 3495/1370/350 3493/1368/350 3492/1367/350 3496/1371/350
f 3485/1360/175 3491/1366/175 3493/1368/175 3486/1361/175
f 3494/1369/8 3488/1363/8 3490/1365/8 3495/1370/8
f 3489/1364/174 3487/1362/174 3486/1361/174 3490/1365/174
f 3473/1348/5 3485/1360/5 3487/1362/5 3474/1349/5
f 3488/1363/21 3477/1352/21 3476/1351/21 3489/1364/21
f 3479/1354/16 3491/1366/16 3485/1360/16 3473/1348/16
f 3475/1375/18 3478/1374/18 3484/1382/18 3480/1378/18
f 3487/1362/4 3489/1364/4 3476/1351/4 3474/1379/4
f 3494/1369/24 3482/1380/24 3477/1381/24 3488/1363/24
f 3481/1377/12 3483/1358/12 3496/1371/12 3492/1367/12
f 3493/1368/10 3495/1370/10 3490/1365/10 3486/1361/10
f 3629/1190/25 3628/722/25 3632/723/25 3631/1341/25
f 3119/814/174 3118/1200/174 3122/1199/174 3121/805/174
f 3497/1329/194 3498/1338/194 3499/1193/194
f 3499/777/20 3498/614/20 3500/1331/20 3502/1326/20
f 3285/740/5 3287/822/5 3274/1338/5 3273/626/5
f 3624/1170/21 3613/618/21 3612/820/21 3625/819/21
f 3500/1331/7 3501/1327/7 3502/1326/7
f 3113/1195/12 3115/1194/12 3128/1207/12 3124/815/12
f 3627/1189/175 3629/1190/175 3622/1342/175 3621/1192/175
f 3503/1328/183 3504/624/183 3505/1309/183
f 1430/32/8 1429/688/8 1423/750/8 1425/33/8
f 3112/624/3 3111/817/3 3105/1188/3 3107/1193/3
f 3506/1324/355 3507/1210/355 3508/1325/355
f 3127/1198/8 3126/1183/8 3120/803/8 3122/1199/8
f 3513/819/4 3500/820/4 3498/821/4 3511/822/4
f 3509/1192/176 3510/1191/176 3511/822/176
f 3281/1211/6 3280/776/6 3284/1330/6 3283/1210/6
f 3519/1341/8 3518/1169/8 3512/1170/8 3514/1171/8
f 3512/1170/178 3513/819/178 3514/1171/178
f 3515/1189/16 3509/1192/16 3497/1329/16 3503/1328/16
f 3108/1202/20 3110/774/20 3107/777/20 3106/614/20
f 3295/724/10 3290/1171/10 3286/1336/10 3293/721/10
f 1423/750/24 1429/688/24 1417/695/24 1412/696/24
f 3515/1189/428 3516/722/428 3517/1190/428
f 3386/614/20 3388/1331/20 3390/1332/20 3387/1333/20
f 3386/821/4 3399/1337/4 3401/819/4 3388/820/4
f 3518/1169/429 3519/1341/429 3520/723/429
f 3411/554/18 3409/437/18 3410/438/18 3412/439/18
f 3528/301/24 3524/427/24 3522/428/24 3526/298/24
f 42/475/102 48/543/102 43/92/102
f 1851/310/10 1863/242/10 1861/311/10 1862/119/10 1868/307/10 1867/412/10 1866/288/10 1858/313/10 1856/200/10 1857/109/10 1853/129/10 1852/308/10
f 3647/936/12 3643/556/12 3644/559/12 3648/937/12
f 443/95/10 442/244/10 444/243/10 445/97/10
f 1888/116/136 1886/216/136 1885/544/136
f 3641/429/4 3645/430/4 3646/1424/4 3642/1425/4
f 2196/115/43 2195/551/43 2186/210/43 2187/472/43 2184/180/43 2189/181/43 2191/212/43 2190/471/43
f 3639/433/16 3637/299/16 3633/425/16 3635/426/16
f 1822/77/45 1821/188/45 1828/308/45 1829/129/45 1826/190/45 1831/191/45 1833/94/45 1832/95/45
f 3311/936/16 3309/430/16 3305/1426/16 3307/1347/16
f 3644/1402/24 3642/1405/24 3646/1424/24 3648/937/24
f 3645/430/10 3647/936/10 3648/937/10 3646/1424/10
f 3537/1427/2 3538/1349/2 3539/1350/2
f 3540/1351/195 3541/1352/195 3542/1353/195
f 3543/1428/183 3544/1355/183 3545/1356/183
f 3546/1357/179 3547/1358/179 3548/1429/179
f 3549/1430/176 3550/1361/176 3551/1362/176
f 3552/1431/178 3553/1364/178 3554/1432/178
f 3555/1433/196 3556/1367/196 3557/1368/196
f 3558/1395/181 3559/1434/181 3560/1371/181
f 3543/1428/3 3537/1427/3 3539/1350/3 3544/1355/3
f 3538/1372/20 3540/1373/20 3542/1435/20 3539/1436/20
f 3541/1437/23 3546/1357/23 3548/1429/23 3542/1435/23
f 3547/1358/6 3545/1377/6 3544/1438/6 3548/1429/6
f 3555/1433/177 3543/1428/177 3545/1356/177 3556/1367/177
f 3546/1357/1 3558/1395/1 3560/1371/1 3547/1358/1
f 3559/1434/25 3557/1368/25 3556/1367/25 3560/1371/25
f 3549/1430/175 3555/1433/175 3557/1368/175 3550/1361/175
f 3558/1395/8 3552/1431/8 3554/1432/8 3559/1434/8
f 3553/1364/174 3551/1362/174 3550/1361/174 3554/1432/174
f 3537/1427/5 3549/1430/5 3551/1362/5 3538/1349/5
f 3552/1431/21 3541/1352/21 3540/1351/21 3553/1364/21
f 3543/1428/16 3555/1433/16 3549/1430/16 3537/1427/16
f 3539/1436/18 3542/1435/18 3548/1429/18 3544/1438/18
f 3551/1362/4 3553/1364/4 3540/1351/4 3538/1379/4
f 3558/1395/24 3546/1439/24 3541/1440/24 3552/1431/24
f 3545/1377/12 3547/1358/12 3560/1371/12 3556/1367/12
f 3557/1368/10 3559/1434/10 3554/1432/10 3550/1361/10
f 3561/1427/194 3562/1349/194 3563/1350/194
f 3564/1351/195 3565/1352/195 3566/1353/195
f 3567/1428/11 3568/1355/11 3569/1356/11
f 3570/1357/179 3571/1358/179 3572/1429/179
f 3573/1430/176 3574/1361/176 3575/1362/176
f 3576/1431/178 3577/1364/178 3578/1432/178
f 3579/1433/22 3580/1367/22 3581/1368/22
f 3582/1441/181 3583/1434/181 3584/1371/181
f 3567/1428/3 3561/1427/3 3563/1350/3 3568/1355/3
f 3562/1372/20 3564/1373/20 3566/1435/20 3563/1436/20
f 3565/1437/23 3570/1357/23 3572/1429/23 3566/1435/23
f 3571/1358/6 3569/1377/6 3568/1438/6 3572/1429/6
f 3579/1433/177 3567/1428/177 3569/1356/177 3580/1367/177
f 3570/1357/1 3582/1441/1 3584/1371/1 3571/1358/1
f 3583/1434/25 3581/1368/25 3580/1367/25 3584/1371/25
f 3573/1430/175 3579/1433/175 3581/1368/175 3574/1361/175
f 3582/1441/8 3576/1431/8 3578/1432/8 3583/1434/8
f 3577/1364/174 3575/1362/174 3574/1361/174 3578/1432/174
f 3561/1427/5 3573/1430/5 3575/1362/5 3562/1349/5
f 3576/1431/21 3565/1352/21 3564/1351/21 3577/1364/21
f 3567/1428/16 3579/1433/16 3573/1430/16 3561/1427/16
f 3563/1436/18 3566/1435/18 3572/1429/18 3568/1438/18
f 3575/1362/4 3577/1364/4 3564/1351/4 3562/1379/4
f 3582/1441/24 3570/1439/24 3565/1440/24 3576/1431/24
f 3569/1377/12 3571/1358/12 3584/1371/12 3580/1367/12
f 3581/1368/10 3583/1434/10 3578/1432/10 3574/1361/10
f 3585/1442/194 3586/1384/194 3587/1350/194
f 3588/1351/195 3589/1352/195 3590/1385/195
f 3591/1443/183 3592/1355/183 3593/1386/183
f 3594/1387/179 3595/1388/179 3596/1429/179
f 3597/1360/180 3598/1361/180 3599/1390/180
f 3600/1391/178 3601/1392/178 3602/1432/178
f 3603/1444/22 3604/1445/22 3605/1368/22
f 3606/1395/181 3607/1434/181 3608/1396/181
f 3591/1443/3 3585/1442/3 3587/1350/3 3592/1355/3
f 3586/1372/20 3588/1373/20 3590/1435/20 3587/1436/20
f 3589/1437/23 3594/1387/23 3596/1429/23 3590/1435/23
f 3595/1388/6 3593/1397/6 3592/1438/6 3596/1429/6
f 3603/1444/177 3591/1443/177 3593/1386/177 3604/1445/177
f 3594/1387/1 3606/1395/1 3608/1396/1 3595/1388/1
f 3607/1434/25 3605/1368/25 3604/1445/25 3608/1396/25
f 3597/1360/175 3603/1444/175 3605/1368/175 3598/1361/175
f 3606/1395/8 3600/1391/8 3602/1432/8 3607/1434/8
f 3601/1392/174 3599/1390/174 3598/1361/174 3602/1432/174
f 3585/1442/5 3597/1360/5 3599/1390/5 3586/1384/5
f 3600/1391/21 3589/1352/21 3588/1351/21 3601/1392/21
f 3591/1443/16 3603/1444/16 3597/1360/16 3585/1442/16
f 3587/1436/18 3590/1435/18 3596/1429/18 3592/1438/18
f 3599/1390/4 3601/1392/4 3588/1351/4 3586/1398/4
f 3606/1395/24 3594/1439/24 3589/1400/24 3600/1391/24
f 3593/1397/12 3595/1388/12 3608/1396/12 3604/1445/12
f 3605/1368/10 3607/1434/10 3602/1432/10 3598/1361/10
f 3609/1329/2 3610/1338/2 3611/1193/2
f 3282/1196/23 3284/1330/23 3278/1332/23 3277/1334/23
f 3404/722/12 3393/1211/12 3395/1210/12 3408/723/12
f 3740/1157/177 3739/809/177 3727/812/177 3729/1446/177
f 3612/1331/7 3613/1327/7 3614/1326/7
f 1460/35/10 1462/32/10 1457/33/10 1453/727/10
f 3615/1328/11 3616/624/11 3617/1309/11
f 3273/626/3 3275/627/3 3280/624/3 3279/625/3
f 3504/1343/18 3499/777/18 3502/1326/18 3508/1325/18
f 3618/1324/14 3619/1210/14 3620/1325/14
f 1406/588/10 1401/668/10 1397/675/10 1404/585/10
f 3287/822/174 3286/1336/174 3290/1171/174 3289/819/174
f 3621/1192/176 3622/1342/176 3623/822/176
f 3732/1447/6 3731/1155/6 3729/1158/6 3728/1448/6
f 3613/1185/24 3624/1170/24 3630/1169/24 3618/1344/24
f 3744/1156/25 3743/1150/25 3741/1449/25 3740/1157/25
f 3624/1170/178 3625/819/178 3626/1171/178
f 3627/1189/196 3628/722/196 3629/1190/196
f 3743/1150/10 3738/1151/10 3734/1450/10 3741/1449/10
f 3630/1169/26 3631/1341/26 3632/723/26
f 3524/555/18 3523/436/18 3521/1401/18 3522/438/18
f 3640/301/24 3636/427/24 3634/428/24 3638/298/24
f 3527/433/12 3523/436/12 3524/555/12 3528/301/12
f 2900/1028/430 2904/1019/430 2907/1012/430 2908/1013/430 2905/948/430 2901/1025/430 2895/945/430 2894/946/430
f 1203/277/51 1215/224/51 1213/225/51 1212/226/51 1210/377/51 1199/457/51 1202/458/51 1201/230/51
f 1236/226/16 1237/343/16 1238/344/16 1230/72/16 1231/73/16 1232/74/16 1218/153/16 1219/154/16 1220/133/16 1224/341/16 1225/342/16 1226/477/16
f 2320/106/30 2321/478/30 2318/479/30 2319/109/30 2316/110/30 2312/111/30 2314/112/30 2313/113/30
f 1471/158/24 1467/1451/24 1465/764/24 1469/512/24
f 3421/430/4 3422/938/4 3418/1425/4 3417/429/4
f 3311/936/12 3307/1005/12 3308/1007/12 3312/1452/12
f 689/292/252 679/435/252 688/125/252
f 1017/239/79 1005/509/79 1003/337/79 1002/511/79 1000/338/79 1013/339/79 1016/74/79 1015/73/79
f 2362/259/280 2361/484/280 2360/386/280 2365/917/280 2367/116/280 2366/258/280 2363/358/280
f 114/121/32 112/86/32 115/148/32
f 238/184/27 241/76/27 242/77/27
f 1738/77/45 1737/188/45 1743/308/45 1744/129/45 1741/190/45 1745/191/45 1747/94/45 1746/95/45
f 3535/936/16 3533/430/16 3529/1426/16 3531/1453/16
f 3310/431/24 3312/1452/24 3308/1404/24 3306/1403/24
f 3309/430/10 3311/936/10 3312/1452/10 3310/431/10
f 3649/1454/194 3650/1407/194 3651/1350/194
f 3652/1408/195 3653/1409/195 3654/1385/195
f 3655/1455/11 3656/1355/11 3657/1411/11
f 3658/1412/14 3659/1413/14 3660/1429/14
f 3661/1456/176 3662/1361/176 3663/1362/176
f 3664/1363/178 3665/1416/178 3666/1432/178
f 3667/1433/22 3668/1418/22 3669/1368/22
f 3670/1419/181 3671/1434/181 3672/1457/181
f 3655/1455/3 3649/1454/3 3651/1350/3 3656/1355/3
f 3650/1372/20 3652/1373/20 3654/1435/20 3651/1436/20
f 3653/1437/23 3658/1412/23 3660/1429/23 3654/1435/23
f 3659/1413/6 3657/1421/6 3656/1438/6 3660/1429/6
f 3667/1433/177 3655/1455/177 3657/1411/177 3668/1418/177
f 3658/1412/1 3670/1419/1 3672/1457/1 3659/1413/1
f 3671/1434/25 3669/1368/25 3668/1418/25 3672/1457/25
f 3661/1456/175 3667/1433/175 3669/1368/175 3662/1361/175
f 3670/1419/8 3664/1363/8 3666/1432/8 3671/1434/8
f 3665/1416/174 3663/1362/174 3662/1361/174 3666/1432/174
f 3649/1454/5 3661/1456/5 3663/1362/5 3650/1407/5
f 3664/1363/21 3653/1409/21 3652/1408/21 3665/1416/21
f 3655/1455/16 3667/1433/16 3661/1456/16 3649/1454/16
f 3651/1436/18 3654/1435/18 3660/1429/18 3656/1438/18
f 3663/1362/4 3665/1416/4 3652/1408/4 3650/1379/4
f 3670/1419/24 3658/1458/24 3653/1400/24 3664/1363/24
f 3657/1421/12 3659/1413/12 3672/1457/12 3668/1418/12
f 3669/1368/10 3671/1434/10 3666/1432/10 3662/1361/10
f 3673/1427/2 3674/1349/2 3675/1350/2
f 3676/1351/195 3677/1352/195 3678/1353/195
f 3679/1428/11 3680/1355/11 3681/1356/11
f 3682/1357/14 3683/1358/14 3684/1429/14
f 3685/1430/176 3686/1361/176 3687/1362/176
f 3688/1431/178 3689/1364/178 3690/1432/178
f 3691/1433/22 3692/1367/22 3693/1368/22
f 3694/1395/181 3695/1434/181 3696/1371/181
f 3679/1428/3 3673/1427/3 3675/1350/3 3680/1355/3
f 3674/1372/20 3676/1373/20 3678/1435/20 3675/1436/20
f 3677/1437/23 3682/1357/23 3684/1429/23 3678/1435/23
f 3683/1358/6 3681/1377/6 3680/1438/6 3684/1429/6
f 3691/1433/177 3679/1428/177 3681/1356/177 3692/1367/177
f 3682/1357/1 3694/1395/1 3696/1371/1 3683/1358/1
f 3695/1434/25 3693/1368/25 3692/1367/25 3696/1371/25
f 3685/1430/175 3691/1433/175 3693/1368/175 3686/1361/175
f 3694/1395/8 3688/1431/8 3690/1432/8 3695/1434/8
f 3689/1364/174 3687/1362/174 3686/1361/174 3690/1432/174
f 3673/1427/5 3685/1430/5 3687/1362/5 3674/1349/5
f 3688/1431/21 3677/1352/21 3676/1351/21 3689/1364/21
f 3679/1428/16 3691/1433/16 3685/1430/16 3673/1427/16
f 3675/1436/18 3678/1435/18 3684/1429/18 3680/1438/18
f 3687/1362/4 3689/1364/4 3676/1351/4 3674/1379/4
f 3694/1395/24 3682/1439/24 3677/1440/24 3688/1431/24
f 3681/1377/12 3683/1358/12 3696/1371/12 3692/1367/12
f 3693/1368/10 3695/1434/10 3690/1432/10 3686/1361/10
f 3697/1427/194 3698/1349/194 3699/1350/194
f 3700/1351/195 3701/1352/195 3702/1353/195
f 3703/1428/183 3704/1355/183 3705/1356/183
f 3706/1357/179 3707/1358/179 3708/1429/179
f 3709/1430/180 3710/1361/180 3711/1362/180
f 3712/1431/178 3713/1364/178 3714/1432/178
f 3715/1433/196 3716/1367/196 3717/1368/196
f 3718/1441/181 3719/1434/181 3720/1371/181
f 3703/1428/3 3697/1427/3 3699/1350/3 3704/1355/3
f 3698/1372/20 3700/1373/20 3702/1435/20 3699/1436/20
f 3701/1437/23 3706/1357/23 3708/1429/23 3702/1435/23
f 3707/1358/6 3705/1377/6 3704/1438/6 3708/1429/6
f 3715/1433/177 3703/1428/177 3705/1356/177 3716/1367/177
f 3706/1357/1 3718/1441/1 3720/1371/1 3707/1358/1
f 3719/1434/25 3717/1368/25 3716/1367/25 3720/1371/25
f 3709/1430/175 3715/1433/175 3717/1368/175 3710/1361/175
f 3718/1441/8 3712/1431/8 3714/1432/8 3719/1434/8
f 3713/1364/174 3711/1362/174 3710/1361/174 3714/1432/174
f 3697/1427/5 3709/1430/5 3711/1362/5 3698/1349/5
f 3712/1431/21 3701/1352/21 3700/1351/21 3713/1364/21
f 3703/1428/16 3715/1433/16 3709/1430/16 3697/1427/16
f 3699/1436/18 3702/1435/18 3708/1429/18 3704/1438/18
f 3711/1362/4 3713/1364/4 3700/1351/4 3698/1379/4
f 3718/1441/24 3706/1439/24 3701/1440/24 3712/1431/24
f 3705/1377/12 3707/1358/12 3720/1371/12 3716/1367/12
f 3717/1368/10 3719/1434/10 3714/1432/10 3710/1361/10
f 3738/1151/174 3737/1318/174 3735/1039/174 3734/1450/174
f 3739/809/175 3741/1449/175 3734/1450/175 3733/810/175
f 3721/811/186 3722/1040/186 3723/1459/186
f 1450/730/12 1463/698/12 1459/699/12 1448/748/12
f 3737/1318/21 3736/746/21 3725/618/21 3724/1319/21
f 3728/1460/3 3727/812/3 3721/811/3 3723/1459/3
f 3722/614/431 3724/1461/431 3726/1462/431 3723/1463/431
f 3724/1461/7 3725/1464/7 3726/1462/7
f 3726/1462/18 3732/1447/18 3728/1448/18 3723/1463/18
f 3742/747/1 3744/1156/1 3731/1155/1 3730/1465/1
f 3727/812/183 3728/1460/183 3729/1446/183
f 3730/1465/179 3731/1155/179 3732/1447/179
f 1405/666/24 1393/785/24 1388/786/24 1399/667/24
f 3730/1465/23 3732/1447/23 3726/1462/23 3725/1464/23
f 3733/810/359 3734/1450/359 3735/1039/359
f 3081/1152/16 3087/1160/16 3099/825/16 3093/827/16
f 3736/746/19 3737/1318/19 3738/1151/19
f 3242/1205/432 3248/778/432 3244/781/432 3239/1172/432
f 3739/809/196 3740/1157/196 3741/1449/196
f 1493/789/24 1481/1466/24 1476/1467/24 1487/783/24
f 3742/747/181 3743/1150/181 3744/1156/181
f 2505/363/251 2512/465/251 2510/263/251 2504/229/251 2503/333/251
f 2128/901/248 2127/545/248 2120/464/248 2118/210/248 2119/211/248 2117/180/248 2121/181/248 2124/182/248 2123/408/248 2122/305/248
f 1910/193/48 1912/97/48 1906/202/48 1908/283/48 1904/870/48 1895/538/48 1897/206/48 1896/285/48
f 1960/97/43 1959/209/43 1950/210/43 1951/211/43 1948/180/43 1953/181/43 1955/182/43 1954/463/43
f 3752/887/10 3750/890/10 3749/895/10 3751/898/10
f 313/77/110 311/92/110 310/475/110 322/244/110 323/483/110 324/388/110
f 972/226/16 973/343/16 974/344/16 966/361/16 967/73/16 968/74/16 954/145/16 955/146/16 956/133/16 960/134/16 961/67/16 962/68/16
f 3151/1468/16 3155/1147/16 3153/1268/16 3149/1469/16
f 3749/895/4 3750/890/4 3746/1470/4 3745/1471/4
f 3748/449/12 3752/887/12 3751/898/12 3747/450/12
f 3956/1472/433 3964/549/433 3965/1286/433 3966/1285/433 3959/1291/433 3958/1220/433 3957/1473/433
f 3878/62/16 3887/1474/16 3899/1221/16 3912/60/16 3869/61/16
f 3759/1304/434 3760/1245/434 3756/1475/434 3755/1476/434
f 4013/1477/435 4018/1345/435 4019/1291/435 4020/1290/435 4014/1478/435
f 3758/1303/436 3763/1260/436 3764/1479/436 3759/1304/436
f 3907/1262/437 3915/1261/437 3916/546/437 3908/1480/437
f 4047/1481/438 4052/1482/438 4053/927/438 4048/853/438
f 3916/546/439 3867/1483/439 3868/1484/439 3919/1289/439 3917/1291/439
f 3781/1485/16 3792/59/16 3798/60/16 3754/61/16 3762/62/16 3769/1486/16
f 3768/852/440 3767/851/440 3773/1487/440 3774/1488/440
f 3826/851/441 3825/1246/441 3824/1259/441 3829/1258/441 3830/1489/441 3831/1487/441
f 4069/1291/442 4073/1289/442 4026/61/442 4064/60/442 4063/1220/442
f 3765/1259/443 3764/1479/443 3770/1490/443 3771/1258/443
f 4041/1259/444 4046/1257/444 4047/1481/444 4042/1246/444
f 3777/1491/445 3776/1492/445 3782/1493/445 3783/1035/445
f 3780/1494/446 3779/1495/446 3785/1034/446 3786/927/446
f 3837/1495/447 3836/1496/447 3835/1491/447 3841/1035/447 3842/1482/447 3843/1034/447
f 3832/1488/448 3838/1494/448 3839/1485/448 3828/1486/448 3827/852/448
f 3757/1288/449 3761/848/449 3762/62/449 3754/61/449 3810/1289/449
f 3958/1220/450 3959/1291/450 3960/1290/450 3948/1497/450 3947/1033/450 3952/1032/450 3957/1473/450
f 3922/1498/451 3928/1499/451 3929/1245/451 3923/1475/451
f 3842/1482/452 3851/1065/452 3852/1032/452 3853/928/452 3847/1500/452 3844/927/452 3843/1034/452
f 4032/1303/24 4070/1302/24 4054/1293/24 4050/1501/24 4045/1256/24
f 3804/878/453 3803/1302/453 3758/1303/453 3759/1304/453 3755/1476/453 3809/879/453
f 3987/852/454 3986/1246/454 3988/1489/454 3989/1488/454
f 4003/1300/24 3991/1256/24 3978/1303/24 3969/1502/24 4015/1265/24 4009/1503/24
f 3844/927/455 3847/1500/455 3848/1497/455 3839/1485/455 3838/1494/455 3837/1495/455 3843/1034/455
f 3933/1479/456 3934/1246/456 3929/1245/456 3928/1499/456 3927/1304/456
f 3799/882/457 3800/546/457 3795/1472/457 3794/1480/457 3793/1263/457
f 3886/1488/458 3892/1494/458 3898/927/458 3899/1221/458 3887/1474/458
f 3756/1475/459 3760/1245/459 3761/848/459 3757/1288/459
f 3641/1346/16 3643/1453/16 3647/936/16 3645/430/16
f 3996/1491/460 4001/1035/460 4002/1034/460 3998/1495/460 3997/1496/460 3994/1481/460 3993/1257/460
f 3891/1495/447 3890/1496/447 3889/1491/447 3895/1035/447 3896/1482/447 3897/1034/447
f 3864/1504/24 3857/1265/24 3845/1300/24 3833/1256/24 3823/1260/24 3817/1303/24
f 3761/848/461 3768/852/461 3769/1486/461 3762/62/461
f 3948/1497/16 3960/1290/16 3920/61/16 3932/62/16 3936/1486/16 3942/58/16
f 3956/1472/462 3957/1473/462 3952/1032/462 3951/1031/462 3955/1296/462
f 3763/1260/463 3775/1505/463 3776/1492/463 3770/1490/463 3764/1479/463
f 3941/1506/464 3944/1034/464 3947/1033/464 3948/1497/464 3942/58/464
f 3803/1302/24 3787/1293/24 3775/1505/24 3763/1260/24 3758/1303/24
f 3880/850/465 3885/1487/465 3886/1488/465 3887/1474/465 3878/62/465 3877/1247/465
f 4038/1507/466 4037/1508/466 4041/1259/466 4042/1246/466 4043/851/466 4039/850/466
f 4116/1509/4 4120/1228/4 4121/884/4 4117/883/4
f 3827/852/440 3826/851/440 3831/1487/440 3832/1488/440
f 3852/1032/467 3851/1065/467 3850/1031/467 3854/1301/467 3855/1222/467
f 3965/1286/12 3964/549/12 3963/881/12 3922/1498/12 3923/1475/12 3924/1287/12
f 3937/1256/468 3949/1293/468 3950/1066/468 3945/1297/468 3946/1030/468 3943/1035/468 3939/1257/468 3938/1510/468
f 3963/881/469 3962/878/469 3961/1302/469 3921/1502/469 3922/1498/469
f 3147/1511/12 3129/1512/12 3131/1513/12 3133/1514/12 3135/1515/12 3137/1516/12 3139/1517/12 3141/1518/12 3143/1519/12 3145/1520/12
f 3881/1521/470 3893/1501/470 3894/1493/470 3888/1492/470 3882/1490/470
f 3969/1502/471 3978/1303/471 3979/1304/471 3980/1499/471 3975/1306/471 3974/1305/471 3970/1476/471
f 3812/1483/472 3811/880/472 3815/1498/472 3816/1287/472 3813/1484/472
f 3848/1497/16 3863/1290/16 3814/61/16 3822/62/16 3828/1486/16 3839/1485/16
f 3903/1032/473 3902/1065/473 3901/1031/473 3907/1301/473 3908/1068/473 3909/1222/473
f 3856/1296/474 3858/882/474 3859/1261/474
f 4060/1262/475 4066/1261/475 4067/546/475 4068/1345/475 4062/1473/475 4061/1477/475
f 4061/1477/476 4062/1473/476 4063/1220/476 4064/60/476 4059/59/476 4058/928/476 4057/1032/476
f 3800/546/477 3806/549/477 3807/1286/477 3801/1345/477 3796/1473/477 3795/1472/477
f 4015/1265/478 3969/1502/478 3970/1476/478 4021/879/478 4016/882/478
f 3866/880/479 3918/879/479 3871/1476/479 3872/1498/479
f 3862/1291/480 3865/1289/480 3814/61/480 3863/1290/480
f 4098/1522/202 4139/1523/202 4101/1524/202 4102/1525/202
f 3794/1480/481 3795/1472/481 3796/1473/481 3790/1032/481 3789/1065/481
f 3923/1475/482 3929/1245/482 3930/1247/482 3931/848/482 3925/1288/482 3924/1287/482
f 3876/1499/483 3879/1508/483 3880/850/483 3877/1247/483 3874/1526/483 3873/1306/483
f 4088/1527/12 4092/1528/12 4096/1529/12 4074/1530/12 4078/1531/12 4082/1532/12 4084/1533/12 4086/1534/12
f 4002/1034/484 4005/1033/484 4006/1497/484 4000/1485/484 3999/1494/484 3998/1495/484
f 3893/1501/485 3905/1503/485 3906/1067/485 3900/1066/485 3894/1493/485
f 3873/1306/486 3874/1526/486 3868/1484/486 3867/1483/486 3866/880/486 3872/1498/486
f 3159/1535/18 3162/1276/18 3161/1142/18 3160/1141/18 3157/1536/18 3158/1537/18
f 3874/1526/487 3877/1247/487 3878/62/487 3869/61/487 3919/1289/487 3868/1484/487
f 3879/1508/488 3876/1499/488 3875/1303/488 3881/1521/488 3882/1490/488 3883/1258/488
f 3929/1245/489 3934/1246/489 3935/851/489 3930/1247/489
f 3777/1491/490 3778/1496/490 3772/1489/490 3771/1258/490 3770/1490/490 3776/1492/490
f 3968/1483/491 4017/546/491 4016/882/491 4021/879/491
f 3905/1503/24 3893/1501/24 3881/1521/24 3875/1303/24 3870/1502/24 3913/1265/24
f 3892/1494/446 3891/1495/446 3897/1034/446 3898/927/446
f 3925/1288/449 3931/848/449 3932/62/449 3920/61/449 3967/1289/449
f 3889/1491/445 3888/1492/445 3894/1493/445 3895/1035/445
f 3939/1257/492 3940/1481/492 3934/1246/492 3933/1479/492 3938/1510/492
f 3981/1245/493 3986/1246/493 3987/852/493 3983/848/493 3982/1247/493
f 4056/1065/467 4055/1031/467 4060/1301/467 4061/1222/467 4057/1032/467
f 4019/1291/494 4022/1289/494 3972/1288/494 3973/1538/494 4020/1290/494
f 4110/1539/495 4111/1540/495 4104/1541/495 4100/1542/495 4099/1543/495 4137/1544/495 4129/1545/495 4123/1546/495 4119/1547/495 4115/1548/495
f 3901/1031/496 3900/1066/496 3906/1067/496 3907/1301/496
f 4010/1067/497 4011/1301/497 4007/1031/497 4004/1030/497 4003/1300/497 4009/1503/497
f 3818/1499/498 3824/1259/498 3825/1246/498 3819/1245/498
f 3985/1479/456 3986/1246/456 3981/1245/456 3980/1499/456 3979/1304/456
f 3889/1491/490 3890/1496/490 3884/1489/490 3883/1258/490 3882/1490/490 3888/1492/490
f 3913/1265/478 3870/1502/478 3871/1476/478 3918/879/478 3914/882/478
f 3926/1303/24 3921/1502/24 3961/1302/24 3953/1294/24 3949/1293/24 3937/1256/24
f 4032/1303/499 4045/1256/499 4046/1257/499 4041/1259/499 4037/1508/499 4036/1549/499 4033/1304/499
f 4054/1293/500 4070/1302/500 4071/878/500 4065/882/500 4066/1261/500 4060/1301/500 4055/1031/500
f 3875/1303/501 3876/1499/501 3873/1306/501 3872/1498/501 3871/1476/501 3870/1502/501
f 3784/1482/502 3789/1065/502 3790/1032/502 3791/928/502 3786/927/502 3785/1034/502
f 3834/1257/503 3835/1491/503 3836/1496/503 3830/1489/503 3829/1258/503
f 3830/1489/504 3836/1496/504 3837/1495/504 3838/1494/504 3832/1488/504 3831/1487/504
f 3786/927/505 3791/928/505 3792/59/505 3781/1485/505 3780/1494/505
f 3797/1220/506 3798/60/506 3792/59/506 3791/928/506 3790/1032/506 3796/1473/506 3801/1345/506 3802/1291/506
f 4037/1508/507 4038/1507/507 4029/1227/507 4028/1306/507 4027/1305/507 4033/1304/507 4036/1549/507
f 4054/1293/508 4055/1031/508 4051/1035/508 4050/1501/508
f 4046/1257/509 4051/1035/509 4052/1482/509 4047/1481/509
f 3807/1286/510 3806/549/510 3756/1475/510 3757/1288/510 3810/1289/510 3808/1285/510
f 4023/880/202 4028/1306/202 4029/1227/202 4030/1526/202 4025/1484/202 4024/1483/202
f 3934/1246/511 3940/1481/511 3941/1506/511 3935/851/511
f 4016/882/512 4017/546/512 4012/1480/512 4011/1262/512 4010/1263/512
f 3821/848/461 3827/852/461 3828/1486/461 3822/62/461
f 4128/1277/513 4127/1550/513 4134/1551/513 4135/1278/513
f 3864/1504/514 3811/880/514 3859/1261/514 3858/882/514 3857/1265/514
f 1339/608/20 1341/610/20 1338/673/20 1337/614/20
f 3816/1287/515 3820/1247/515 3821/848/515 3822/62/515 3814/61/515 3865/1289/515 3813/1484/515
f 4105/1552/516 4108/1553/516 4109/1554/516 4102/1525/516 4101/1524/516
f 4052/1482/517 4056/1065/517 4057/1032/517 4058/928/517 4053/927/517
f 3989/1488/518 3999/1494/518 4000/1485/518 3990/1474/518
f 3806/549/519 3805/881/519 3753/880/519 3809/879/519 3755/1476/519 3756/1475/519
f 3953/1294/520 3961/1302/520 3962/878/520 3954/1295/520
f 3978/1303/521 3991/1256/521 3992/1510/521 3985/1479/521 3979/1304/521
f 4112/1555/174 4116/1509/174 4117/883/174 4113/1556/174
f 3772/1489/504 3778/1496/504 3779/1495/504 3780/1494/504 3774/1488/504 3773/1487/504
f 3917/1291/442 3919/1289/442 3869/61/442 3912/60/442 3911/1220/442
f 3271/861/422 3272/265/422 3265/1557/422 3262/1043/422 3268/860/422
f 4000/1485/16 4006/1497/16 4014/1478/16 4020/1290/16 3973/1538/16 3984/62/16 3990/1474/16
f 3787/1293/522 3803/1302/522 3804/878/522 3799/882/522 3793/1067/522 3788/1066/522
f 3943/1035/523 3944/1034/523 3941/1506/523 3940/1481/523 3939/1257/523
f 4012/1480/524 4017/546/524 4018/1345/524 4013/1477/524
f 4067/546/525 4024/1483/525 4025/1484/525 4073/1289/525 4069/1291/525 4068/1345/525
f 4007/1031/526 4011/1301/526 4012/1068/526 4013/1222/526 4008/1032/526
f 3994/1481/527 3997/1496/527 3998/1495/527 3999/1494/527 3989/1488/527 3988/1489/527
f 3774/1488/448 3780/1494/448 3781/1485/448 3769/1486/448 3768/852/448
f 3896/1482/502 3902/1065/502 3903/1032/502 3904/928/502 3898/927/502 3897/1034/502
f 3935/851/528 3941/1506/528 3942/58/528 3936/1486/528
f 2887/966/529 2894/946/529 2895/945/529 2896/38/529 2889/37/529 2888/981/529
f 3767/851/441 3766/1246/441 3765/1259/441 3771/1258/441 3772/1489/441 3773/1487/441
f 4023/880/530 4024/1483/530 4067/546/530 4066/1261/530 4065/882/530 4071/878/530 4072/879/530
f 3908/1480/531 3916/546/531 3917/1291/531 3911/1220/531 3910/1219/531 3909/1477/531
f 4003/1300/532 4004/1030/532 4001/1035/532 3996/1491/532 3995/1492/532 3992/1510/532 3991/1256/532
f 3775/1505/533 3787/1293/533 3788/1066/533 3782/1493/533 3776/1492/533
f 3850/1031/534 3851/1065/534 3842/1482/534 3841/1035/534 3840/1493/534 3846/1297/534 3849/1066/534
f 3951/1031/20 3952/1032/20 3947/1033/20 3944/1034/20 3943/1035/20 3946/1030/20
f 4042/1246/535 4047/1481/535 4048/853/535 4044/852/535 4043/851/535
f 3977/1526/536 3976/1227/536 3975/1306/536 3980/1499/536 3981/1245/536 3982/1247/536
f 3788/1066/537 3789/1065/537 3784/1482/537 3783/1035/537 3782/1493/537
f 3823/1260/538 3824/1259/538 3818/1499/538 3817/1303/538
f 4051/1035/539 4055/1031/539 4056/1065/539 4052/1482/539
f 3987/852/540 3989/1488/540 3990/1474/540 3984/62/540 3983/848/540
f 3927/1304/541 3928/1499/541 3922/1498/541 3921/1502/541 3926/1303/541
f 3779/1495/447 3778/1496/447 3777/1491/447 3783/1035/447 3784/1482/447 3785/1034/447
f 3866/880/542 3867/1483/542 3916/546/542 3915/1261/542 3914/882/542 3918/879/542
f 3815/1498/543 3818/1499/543 3819/1245/543 3820/1247/543 3816/1287/543
f 4009/1264/544 4015/1265/544 4016/882/544 4010/1263/544
f 3860/546/545 3861/1345/545 3855/1477/545 3854/1262/545 3856/1296/545 3859/1261/545
f 3760/1245/546 3766/1246/546 3767/851/546 3768/852/546 3761/848/546
f 4029/1227/547 4038/1507/547 4039/850/547 4040/849/547 4034/848/547 4031/1558/547 4030/1526/547
f 3993/1257/548 3994/1481/548 3988/1489/548 3986/1246/548 3985/1479/548 3992/1510/548 3995/1492/548 3996/1491/548
f 3926/1303/521 3937/1256/521 3938/1510/521 3933/1479/521 3927/1304/521
f 3860/546/525 3812/1483/525 3813/1484/525 3865/1289/525 3862/1291/525 3861/1345/525
f 3884/1489/504 3890/1496/504 3891/1495/504 3892/1494/504 3886/1488/504 3885/1487/504
f 1336/593/16 1342/621/16 1354/611/16 1348/613/16
f 3859/1261/549 3811/880/549 3812/1483/549 3860/546/549
f 4063/1220/550 4062/1473/550 4068/1345/550 4069/1291/550
f 3930/1247/551 3935/851/551 3936/1486/551 3932/62/551 3931/848/551
f 3968/1483/552 3976/1227/552 3977/1526/552 3971/1287/552 3972/1288/552 4022/1289/552
f 3765/1259/553 3766/1246/553 3760/1245/553 3759/1304/553 3764/1479/553
f 3840/1493/554 3841/1035/554 3835/1491/554 3834/1257/554 3833/1256/554 3845/1300/554 3846/1297/554
f 4097/1559/555 4096/1560/555 4092/272/555 4093/271/555 4094/1250/555 4095/1216/555
f 4096/1560/24 4097/1559/24 4075/1561/24 4074/1562/24
f 4089/274/3 4088/273/3 4086/1280/3 4087/1279/3
f 4085/1282/175 4084/1281/175 4082/1062/175 4083/1061/175
f 4076/1563/556 4079/1064/556 4078/1063/556 4074/1562/556 4075/1561/556 4077/547/556
f 4080/1059/557 4079/1064/557 4076/1563/557 4077/547/557 4081/1060/557
f 3815/1498/558 3811/880/558 3864/1504/558 3817/1303/558 3818/1499/558
f 4115/1548/559 4116/1509/559 4112/1555/559 4111/1540/559 4110/1539/559
f 4050/1501/560 4051/1035/560 4046/1257/560 4045/1256/560
f 3977/1526/561 3982/1247/561 3983/848/561 3984/62/561 3973/1538/561 3972/1288/561 3971/1287/561
f 4017/546/562 3968/1483/562 4022/1289/562 4019/1291/562 4018/1345/562
f 4121/884/563 4125/1230/563 4126/1002/563 4122/885/563
f 4098/1522/564 4102/1525/564 4103/998/564 4140/997/564
f 3963/881/565 3964/549/565 3956/1472/565 3955/1296/565 3954/1295/565 3962/878/565
f 4109/1554/566 4113/1556/566 4114/1001/566 4107/1000/566 4106/999/566 4103/998/566 4102/1525/566
f 4108/1553/466 4112/1555/466 4113/1556/466 4109/1554/466
f 4111/1540/567 4112/1555/567 4108/1553/567 4105/1552/567 4104/1541/567
f 2867/969/568 2870/964/568 2871/949/568 2863/522/568 2862/972/568
f 4125/1230/473 4124/1229/473 4127/1564/473 4128/1565/473
f 3146/1224/18 3145/1223/18 3143/1252/18 3144/1251/18
f 4113/1556/528 4117/883/528 4118/886/528 4114/1001/528
f 3975/1306/569 3976/1227/569 3968/1483/569 4021/879/569 3970/1476/569 3974/1305/569
f 4123/1546/508 4124/1229/508 4120/1228/508 4119/1547/508
f 4119/1547/560 4120/1228/560 4116/1509/560 4115/1548/560
f 3901/1031/570 3902/1065/570 3896/1482/570 3895/1035/570 3894/1493/570 3900/1066/570
f 4025/1484/571 4030/1526/571 4031/1558/571 4034/848/571 4035/62/571 4026/61/571 4073/1289/571
f 4127/1564/572 4124/1229/572 4123/1546/572 4129/1545/572 4130/1566/572 4133/1567/572 4134/1551/572
f 4130/1566/573 4129/1545/573 4137/1544/573 4138/1568/573 4133/1567/573
f 3610/821/4 3623/822/4 3625/819/4 3612/820/4
f 3879/1508/574 3883/1258/574 3884/1489/574 3885/1487/574 3880/850/574
f 4101/1524/575 4139/1523/575 4138/1568/575 4137/1544/575 4099/1543/575 4100/1542/575 4104/1541/575 4105/1552/575
f 3862/1291/576 3863/1290/576 3848/1497/576 3847/1500/576 3853/928/576 3852/1032/576 3855/1477/576 3861/1345/576
f 4134/1551/232 4139/1523/232 4098/1522/232 4135/1278/232
f 4135/1278/577 4098/1522/577 4140/997/577 4136/996/577
f 4138/1568/578 4139/1523/578 4134/1551/578 4133/1567/578
f 3280/776/18 3275/1333/18 3278/1332/18 3284/1330/18
f 4008/1032/579 4013/1222/579 4014/1569/579 4006/1497/579 4005/1033/579
f 13/13/175 19/44/175 21/31/175 14/30/175
