# Blender 5.2.2 LTS
# www.blender.org
mtllib ThockPup.mtl
o ThockPup
v 9.676342 0.235717 -14.897906
v 9.694906 0.283390 -14.941816
v 9.720251 0.283390 -14.879342
v 9.683446 0.239346 -14.914710
v 9.689469 0.249680 -14.928955
v 9.693146 0.239346 -14.890802
v 9.700849 0.243726 -14.907848
v 9.704876 0.252104 -14.919809
v 9.712412 0.255866 -14.912539
v 9.710297 0.283390 -14.931370
v 9.720518 0.283390 -14.915829
v 9.693493 0.265146 -14.938474
v 9.709013 0.264689 -14.927157
v 9.717341 0.265638 -14.914539
v 9.716909 0.265146 -14.880755
v 9.707391 0.249680 -14.884779
v 9.724013 0.283390 -14.897558
v 9.720158 0.264689 -14.899685
v 9.712070 0.252104 -14.902074
v 9.694906 0.982596 -14.941816
v 9.676342 1.030269 -14.897906
v 9.720251 0.982596 -14.879342
v 9.693493 1.000839 -14.938474
v 9.689469 1.016305 -14.928955
v 9.710297 0.982596 -14.931370
v 9.709013 1.001296 -14.927157
v 9.704876 1.013881 -14.919809
v 9.712412 1.010120 -14.912539
v 9.693146 1.026640 -14.890802
v 9.707391 1.016305 -14.884779
v 9.683446 1.026640 -14.914710
v 9.700849 1.022260 -14.907848
v 9.712070 1.013881 -14.902074
v 9.724013 0.982596 -14.897558
v 9.720518 0.982596 -14.915829
v 9.716909 1.000839 -14.880755
v 9.720158 1.001296 -14.899685
v 9.717341 1.000347 -14.914539
v 9.259665 0.235717 -13.912374
v 9.303576 0.283390 -13.893810
v 9.241100 0.283390 -13.868465
v 9.276469 0.239346 -13.905271
v 9.290714 0.249680 -13.899247
v 9.252562 0.239346 -13.895572
v 9.269608 0.243726 -13.887868
v 9.281569 0.252104 -13.883841
v 9.274299 0.255866 -13.876305
v 9.293129 0.283390 -13.878420
v 9.277587 0.283390 -13.868198
v 9.300233 0.265146 -13.895224
v 9.288917 0.264689 -13.879704
v 9.276299 0.265638 -13.871376
v 9.242514 0.265146 -13.871807
v 9.246538 0.249680 -13.881326
v 9.259317 0.283390 -13.864703
v 9.261444 0.264689 -13.868559
v 9.263833 0.252104 -13.876646
v 9.259665 1.030269 -13.912374
v 9.241100 0.982596 -13.868465
v 9.303576 0.982596 -13.893810
v 9.252562 1.026640 -13.895572
v 9.246538 1.016305 -13.881326
v 9.276469 1.026640 -13.905271
v 9.269608 1.022260 -13.887868
v 9.263833 1.013881 -13.876646
v 9.274299 1.010120 -13.876305
v 9.259317 0.982596 -13.864703
v 9.277587 0.982596 -13.868198
v 9.242514 1.000839 -13.871807
v 9.261444 1.001296 -13.868559
v 9.276299 1.000347 -13.871376
v 9.300233 1.000839 -13.895224
v 9.290714 1.016305 -13.899247
v 9.293129 0.982596 -13.878420
v 9.288917 1.001296 -13.879704
v 9.281569 1.013881 -13.883841
v 8.885964 0.235717 -15.232073
v 8.842055 0.283390 -15.250637
v 8.904530 0.283390 -15.275983
v 8.869162 0.239346 -15.239177
v 8.854916 0.249680 -15.245200
v 8.893069 0.239346 -15.248877
v 8.876022 0.243726 -15.256579
v 8.864061 0.252104 -15.260607
v 8.871332 0.255866 -15.268143
v 8.852502 0.283390 -15.266027
v 8.868043 0.283390 -15.276249
v 8.845397 0.265146 -15.249225
v 8.856713 0.264689 -15.264744
v 8.869332 0.265638 -15.273072
v 8.903116 0.265146 -15.272640
v 8.899092 0.249680 -15.263122
v 8.886312 0.283390 -15.279744
v 8.884186 0.264689 -15.275888
v 8.881797 0.252104 -15.267801
v 8.885964 1.030269 -15.232073
v 8.904530 0.982596 -15.275983
v 8.842055 0.982596 -15.250637
v 8.893069 1.026640 -15.248877
v 8.899092 1.016305 -15.263122
v 8.869162 1.026640 -15.239177
v 8.876022 1.022260 -15.256579
v 8.881797 1.013881 -15.267801
v 8.871332 1.010120 -15.268143
v 8.886312 0.982596 -15.279744
v 8.868043 0.982596 -15.276249
v 8.903116 1.000839 -15.272640
v 8.884186 1.001296 -15.275888
v 8.869332 1.000347 -15.273072
v 8.845397 1.000839 -15.249225
v 8.854916 1.016305 -15.245200
v 8.852502 0.982596 -15.266027
v 8.856713 1.001296 -15.264744
v 8.864061 1.013881 -15.260607
v 8.469289 0.235717 -14.246541
v 8.450724 0.283390 -14.202631
v 8.425379 0.283390 -14.265105
v 8.462184 0.239346 -14.229737
v 8.456161 0.249680 -14.215492
v 8.452485 0.239346 -14.253645
v 8.444781 0.243726 -14.236599
v 8.440755 0.252104 -14.224638
v 8.433219 0.255866 -14.231908
v 8.435333 0.283390 -14.213078
v 8.425113 0.283390 -14.228620
v 8.452137 0.265146 -14.205974
v 8.436618 0.264689 -14.217290
v 8.428289 0.265638 -14.229908
v 8.428721 0.265146 -14.263693
v 8.438240 0.249680 -14.259668
v 8.421617 0.283390 -14.246889
v 8.425472 0.264689 -14.244762
v 8.433559 0.252104 -14.242373
v 8.469289 1.030269 -14.246541
v 8.425379 0.982596 -14.265105
v 8.450724 0.982596 -14.202631
v 8.452485 1.026640 -14.253645
v 8.438240 1.016305 -14.259668
v 8.462184 1.026640 -14.229737
v 8.444781 1.022260 -14.236599
v 8.433559 1.013881 -14.242373
v 8.433219 1.010120 -14.231908
v 8.421617 0.982596 -14.246889
v 8.425113 0.982596 -14.228620
v 8.428721 1.000839 -14.263693
v 8.425472 1.001296 -14.244762
v 8.428289 1.000347 -14.229908
v 8.452137 1.000839 -14.205974
v 8.456161 1.016305 -14.215492
v 8.435333 0.982596 -14.213078
v 8.436618 1.001296 -14.217290
v 8.440755 1.013881 -14.224638
v 8.764000 0.256905 -15.097306
v 8.768951 0.269618 -15.109015
v 8.775710 0.269618 -15.092356
v 8.767501 0.260628 -15.105586
v 8.773619 0.262278 -15.101209
v 8.775781 0.269618 -15.102085
v 8.772280 0.260628 -15.093805
v 8.768951 0.360726 -15.109015
v 8.764000 0.373439 -15.097306
v 8.775710 0.360726 -15.092356
v 8.767501 0.369716 -15.105586
v 8.773619 0.368066 -15.101209
v 8.772280 0.369716 -15.093805
v 8.775781 0.360726 -15.102085
v 8.728521 0.256905 -15.013390
v 8.740231 0.269618 -15.008439
v 8.723571 0.269618 -15.001680
v 8.736801 0.260628 -15.009890
v 8.732423 0.262278 -15.003771
v 8.733300 0.269618 -15.001610
v 8.725020 0.260628 -15.005110
v 8.728521 0.373439 -15.013390
v 8.723571 0.360726 -15.001680
v 8.740231 0.360726 -15.008439
v 8.725020 0.369716 -15.005110
v 8.732423 0.368066 -15.003771
v 8.733300 0.360726 -15.001610
v 8.736801 0.369716 -15.009890
v 8.743509 0.256905 -15.105970
v 8.731800 0.269618 -15.110921
v 8.748460 0.269618 -15.117680
v 8.735229 0.260628 -15.109470
v 8.739607 0.262278 -15.115588
v 8.738730 0.269618 -15.117750
v 8.747009 0.260628 -15.114249
v 8.743509 0.373439 -15.105970
v 8.748460 0.360726 -15.117680
v 8.731800 0.360726 -15.110921
v 8.747009 0.369716 -15.114249
v 8.739607 0.368066 -15.115588
v 8.738730 0.360726 -15.117750
v 8.735229 0.369716 -15.109470
v 8.708030 0.256905 -15.022054
v 8.703079 0.269618 -15.010344
v 8.696321 0.269618 -15.027004
v 8.704529 0.260628 -15.013774
v 8.698411 0.262278 -15.018151
v 8.696249 0.269618 -15.017274
v 8.699750 0.260628 -15.025554
v 8.708030 0.373439 -15.022054
v 8.696321 0.360726 -15.027004
v 8.703079 0.360726 -15.010344
v 8.699750 0.369716 -15.025554
v 8.698411 0.368066 -15.018151
v 8.696249 0.360726 -15.017274
v 8.704529 0.369716 -15.013774
v 8.764000 0.574726 -15.097306
v 8.768951 0.587439 -15.109015
v 8.775710 0.587439 -15.092356
v 8.767501 0.578449 -15.105586
v 8.773619 0.580099 -15.101209
v 8.775781 0.587439 -15.102085
v 8.772280 0.578449 -15.093805
v 8.768951 0.678547 -15.109015
v 8.764000 0.691260 -15.097306
v 8.775710 0.678547 -15.092356
v 8.767501 0.687536 -15.105586
v 8.773619 0.685887 -15.101209
v 8.772280 0.687536 -15.093805
v 8.775781 0.678547 -15.102085
v 8.728521 0.574726 -15.013390
v 8.740231 0.587439 -15.008439
v 8.723571 0.587439 -15.001680
v 8.736801 0.578449 -15.009890
v 8.732423 0.580099 -15.003771
v 8.733300 0.587439 -15.001610
v 8.725020 0.578449 -15.005110
v 8.728521 0.691260 -15.013390
v 8.723571 0.678547 -15.001680
v 8.740231 0.678547 -15.008439
v 8.725020 0.687536 -15.005110
v 8.732423 0.685887 -15.003771
v 8.733300 0.678547 -15.001610
v 8.736801 0.687536 -15.009890
v 8.743509 0.574726 -15.105970
v 8.731800 0.587439 -15.110921
v 8.748460 0.587439 -15.117680
v 8.735229 0.578449 -15.109470
v 8.739607 0.580099 -15.115588
v 8.738730 0.587439 -15.117750
v 8.747009 0.578449 -15.114249
v 8.743509 0.691260 -15.105970
v 8.748460 0.678547 -15.117680
v 8.731800 0.678547 -15.110921
v 8.747009 0.687536 -15.114249
v 8.739607 0.685887 -15.115588
v 8.738730 0.678547 -15.117750
v 8.735229 0.687536 -15.109470
v 8.708030 0.574726 -15.022054
v 8.703079 0.587439 -15.010344
v 8.696321 0.587439 -15.027004
v 8.704529 0.578449 -15.013774
v 8.698411 0.580099 -15.018151
v 8.696249 0.587439 -15.017274
v 8.699750 0.578449 -15.025554
v 8.708030 0.691260 -15.022054
v 8.696321 0.678547 -15.027004
v 8.703079 0.678547 -15.010344
v 8.699750 0.687536 -15.025554
v 8.698411 0.685887 -15.018151
v 8.696249 0.678547 -15.017274
v 8.704529 0.687536 -15.013774
v 8.764000 0.892546 -15.097306
v 8.768951 0.905259 -15.109015
v 8.775710 0.905259 -15.092356
v 8.767501 0.896270 -15.105586
v 8.773619 0.897919 -15.101209
v 8.775781 0.905259 -15.102085
v 8.772280 0.896270 -15.093805
v 8.768951 0.996368 -15.109015
v 8.764000 1.009081 -15.097306
v 8.775710 0.996368 -15.092356
v 8.767501 1.005357 -15.105586
v 8.773619 1.003708 -15.101209
v 8.772280 1.005357 -15.093805
v 8.775781 0.996368 -15.102085
v 8.728521 0.892546 -15.013390
v 8.740231 0.905259 -15.008439
v 8.723571 0.905259 -15.001680
v 8.736801 0.896270 -15.009890
v 8.732423 0.897919 -15.003771
v 8.733300 0.905259 -15.001610
v 8.725020 0.896270 -15.005110
v 8.728521 1.009081 -15.013390
v 8.723571 0.996368 -15.001680
v 8.740231 0.996368 -15.008439
v 8.725020 1.005357 -15.005110
v 8.732423 1.003708 -15.003771
v 8.733300 0.996368 -15.001610
v 8.736801 1.005357 -15.009890
v 8.743509 0.892546 -15.105970
v 8.731800 0.905259 -15.110921
v 8.748460 0.905259 -15.117680
v 8.735229 0.896270 -15.109470
v 8.739607 0.897919 -15.115588
v 8.738730 0.905259 -15.117750
v 8.747009 0.896270 -15.114249
v 8.743509 1.009081 -15.105970
v 8.748460 0.996368 -15.117680
v 8.731800 0.996368 -15.110921
v 8.747009 1.005357 -15.114249
v 8.739607 1.003708 -15.115588
v 8.738730 0.996368 -15.117750
v 8.735229 1.005357 -15.109470
v 8.708030 0.892546 -15.022054
v 8.703079 0.905259 -15.010344
v 8.696321 0.905259 -15.027004
v 8.704529 0.896270 -15.013774
v 8.698411 0.897919 -15.018151
v 8.696249 0.905259 -15.017274
v 8.699750 0.896270 -15.025554
v 8.708030 1.009081 -15.022054
v 8.696321 0.996368 -15.027004
v 8.703079 0.996368 -15.010344
v 8.699750 1.005357 -15.025554
v 8.698411 1.003708 -15.018151
v 8.696249 0.996368 -15.017274
v 8.704529 1.005357 -15.013774
v 8.640235 0.256905 -14.804574
v 8.645185 0.269618 -14.816283
v 8.651944 0.269618 -14.799623
v 8.643736 0.260628 -14.812854
v 8.649854 0.262278 -14.808476
v 8.652016 0.269618 -14.809353
v 8.648515 0.260628 -14.801073
v 8.645185 0.360726 -14.816283
v 8.640235 0.373439 -14.804574
v 8.651944 0.360726 -14.799623
v 8.643736 0.369716 -14.812854
v 8.649854 0.368066 -14.808476
v 8.648515 0.369716 -14.801073
v 8.652016 0.360726 -14.809353
v 8.604755 0.256905 -14.720657
v 8.616465 0.269618 -14.715707
v 8.599805 0.269618 -14.708948
v 8.613035 0.260628 -14.717157
v 8.608658 0.262278 -14.711039
v 8.609535 0.269618 -14.708878
v 8.601255 0.260628 -14.712378
v 8.604755 0.373439 -14.720657
v 8.599805 0.360726 -14.708948
v 8.616465 0.360726 -14.715707
v 8.601255 0.369716 -14.712378
v 8.608658 0.368066 -14.711039
v 8.609535 0.360726 -14.708878
v 8.613035 0.369716 -14.717157
v 8.619744 0.256905 -14.813238
v 8.608034 0.269618 -14.818189
v 8.624695 0.269618 -14.824947
v 8.611465 0.260628 -14.816738
v 8.615842 0.262278 -14.822856
v 8.614964 0.269618 -14.825018
v 8.623244 0.260628 -14.821517
v 8.619744 0.373439 -14.813238
v 8.624695 0.360726 -14.824947
v 8.608034 0.360726 -14.818189
v 8.623244 0.369716 -14.821517
v 8.615842 0.368066 -14.822856
v 8.614964 0.360726 -14.825018
v 8.611465 0.369716 -14.816738
v 8.584265 0.256905 -14.729321
v 8.579314 0.269618 -14.717612
v 8.572556 0.269618 -14.734272
v 8.580764 0.260628 -14.721042
v 8.574646 0.262278 -14.725419
v 8.572484 0.269618 -14.724542
v 8.575985 0.260628 -14.732821
v 8.584265 0.373439 -14.729321
v 8.572556 0.360726 -14.734272
v 8.579314 0.360726 -14.717612
v 8.575985 0.369716 -14.732821
v 8.574646 0.368066 -14.725419
v 8.572484 0.360726 -14.724542
v 8.580764 0.369716 -14.721042
v 8.640235 0.574726 -14.804574
v 8.645185 0.587439 -14.816283
v 8.651944 0.587439 -14.799623
v 8.643736 0.578449 -14.812854
v 8.649854 0.580099 -14.808476
v 8.652016 0.587439 -14.809353
v 8.648515 0.578449 -14.801073
v 8.645185 0.678547 -14.816283
v 8.640235 0.691260 -14.804574
v 8.651944 0.678547 -14.799623
v 8.643736 0.687536 -14.812854
v 8.649854 0.685887 -14.808476
v 8.648515 0.687536 -14.801073
v 8.652016 0.678547 -14.809353
v 8.604755 0.574726 -14.720657
v 8.616465 0.587439 -14.715707
v 8.599805 0.587439 -14.708948
v 8.613035 0.578449 -14.717157
v 8.608658 0.580099 -14.711039
v 8.609535 0.587439 -14.708878
v 8.601255 0.578449 -14.712378
v 8.604755 0.691260 -14.720657
v 8.599805 0.678547 -14.708948
v 8.616465 0.678547 -14.715707
v 8.601255 0.687536 -14.712378
v 8.608658 0.685887 -14.711039
v 8.609535 0.678547 -14.708878
v 8.613035 0.687536 -14.717157
v 8.619744 0.574726 -14.813238
v 8.608034 0.587439 -14.818189
v 8.624695 0.587439 -14.824947
v 8.611465 0.578449 -14.816738
v 8.615842 0.580099 -14.822856
v 8.614964 0.587439 -14.825018
v 8.623244 0.578449 -14.821517
v 8.619744 0.691260 -14.813238
v 8.624695 0.678547 -14.824947
v 8.608034 0.678547 -14.818189
v 8.623244 0.687536 -14.821517
v 8.615842 0.685887 -14.822856
v 8.614964 0.678547 -14.825018
v 8.611465 0.687536 -14.816738
v 8.584265 0.574726 -14.729321
v 8.579314 0.587439 -14.717612
v 8.572556 0.587439 -14.734272
v 8.580764 0.578449 -14.721042
v 8.574646 0.580099 -14.725419
v 8.572484 0.587439 -14.724542
v 8.575985 0.578449 -14.732821
v 8.584265 0.691260 -14.729321
v 8.572556 0.678547 -14.734272
v 8.579314 0.678547 -14.717612
v 8.575985 0.687536 -14.732821
v 8.574646 0.685887 -14.725419
v 8.572484 0.678547 -14.724542
v 8.580764 0.687536 -14.721042
v 8.640235 0.892546 -14.804574
v 8.645185 0.905259 -14.816283
v 8.651944 0.905259 -14.799623
v 8.643736 0.896270 -14.812854
v 8.649854 0.897919 -14.808476
v 8.652016 0.905259 -14.809353
v 8.648515 0.896270 -14.801073
v 8.645185 0.996368 -14.816283
v 8.640235 1.009081 -14.804574
v 8.651944 0.996368 -14.799623
v 8.643736 1.005357 -14.812854
v 8.649854 1.003708 -14.808476
v 8.648515 1.005357 -14.801073
v 8.652016 0.996368 -14.809353
v 8.604755 0.892546 -14.720657
v 8.616465 0.905259 -14.715707
v 8.599805 0.905259 -14.708948
v 8.613035 0.896270 -14.717157
v 8.608658 0.897919 -14.711039
v 8.609535 0.905259 -14.708878
v 8.601255 0.896270 -14.712378
v 8.604755 1.009081 -14.720657
v 8.599805 0.996368 -14.708948
v 8.616465 0.996368 -14.715707
v 8.601255 1.005357 -14.712378
v 8.608658 1.003708 -14.711039
v 8.609535 0.996368 -14.708878
v 8.613035 1.005357 -14.717157
v 8.619744 0.892546 -14.813238
v 8.608034 0.905259 -14.818189
v 8.624695 0.905259 -14.824947
v 8.611465 0.896270 -14.816738
v 8.615842 0.897919 -14.822856
v 8.614964 0.905259 -14.825018
v 8.623244 0.896270 -14.821517
v 8.619744 1.009081 -14.813238
v 8.624695 0.996368 -14.824947
v 8.608034 0.996368 -14.818189
v 8.623244 1.005357 -14.821517
v 8.615842 1.003708 -14.822856
v 8.614964 0.996368 -14.825018
v 8.611465 1.005357 -14.816738
v 8.584265 0.892546 -14.729321
v 8.579314 0.905259 -14.717612
v 8.572556 0.905259 -14.734272
v 8.580764 0.896270 -14.721042
v 8.574646 0.897919 -14.725419
v 8.572484 0.905259 -14.724542
v 8.575985 0.896270 -14.732821
v 8.584265 1.009081 -14.729321
v 8.572556 0.996368 -14.734272
v 8.579314 0.996368 -14.717612
v 8.575985 1.005357 -14.732821
v 8.574646 1.003708 -14.725419
v 8.572484 0.996368 -14.724542
v 8.580764 1.005357 -14.721042
v 8.516470 0.256905 -14.511842
v 8.521420 0.269618 -14.523551
v 8.528179 0.269618 -14.506891
v 8.519971 0.260628 -14.520122
v 8.526089 0.262278 -14.515744
v 8.528251 0.269618 -14.516621
v 8.524750 0.260628 -14.508341
v 8.521420 0.360726 -14.523551
v 8.516470 0.373439 -14.511842
v 8.528179 0.360726 -14.506891
v 8.519971 0.369716 -14.520122
v 8.526089 0.368066 -14.515744
v 8.524750 0.369716 -14.508341
v 8.528251 0.360726 -14.516621
v 8.480990 0.256905 -14.427925
v 8.492700 0.269618 -14.422975
v 8.476040 0.269618 -14.416216
v 8.489270 0.260628 -14.424425
v 8.484893 0.262278 -14.418306
v 8.485769 0.269618 -14.416145
v 8.477489 0.260628 -14.419645
v 8.480990 0.373439 -14.427925
v 8.476040 0.360726 -14.416216
v 8.492700 0.360726 -14.422975
v 8.477489 0.369716 -14.419645
v 8.484893 0.368066 -14.418306
v 8.485769 0.360726 -14.416145
v 8.489270 0.369716 -14.424425
v 8.495978 0.256905 -14.520506
v 8.484269 0.269618 -14.525456
v 8.500929 0.269618 -14.532215
v 8.487699 0.260628 -14.524006
v 8.492077 0.262278 -14.530124
v 8.491199 0.269618 -14.532286
v 8.499479 0.260628 -14.528785
v 8.495978 0.373439 -14.520506
v 8.500929 0.360726 -14.532215
v 8.484269 0.360726 -14.525456
v 8.499479 0.369716 -14.528785
v 8.492077 0.368066 -14.530124
v 8.491199 0.360726 -14.532286
v 8.487699 0.369716 -14.524006
v 8.460499 0.256905 -14.436589
v 8.455548 0.269618 -14.424880
v 8.448790 0.269618 -14.441540
v 8.456999 0.260628 -14.428309
v 8.450881 0.262278 -14.432687
v 8.448719 0.269618 -14.431809
v 8.452220 0.260628 -14.440089
v 8.460499 0.373439 -14.436589
v 8.448790 0.360726 -14.441540
v 8.455548 0.360726 -14.424880
v 8.452220 0.369716 -14.440089
v 8.450881 0.368066 -14.432687
v 8.448719 0.360726 -14.431809
v 8.456999 0.369716 -14.428309
v 8.516470 0.574726 -14.511842
v 8.521420 0.587439 -14.523551
v 8.528179 0.587439 -14.506891
v 8.519971 0.578449 -14.520122
v 8.526089 0.580099 -14.515744
v 8.528251 0.587439 -14.516621
v 8.524750 0.578449 -14.508341
v 8.521420 0.678547 -14.523551
v 8.516470 0.691260 -14.511842
v 8.528179 0.678547 -14.506891
v 8.519971 0.687536 -14.520122
v 8.526089 0.685887 -14.515744
v 8.524750 0.687536 -14.508341
v 8.528251 0.678547 -14.516621
v 8.480990 0.574726 -14.427925
v 8.492700 0.587439 -14.422975
v 8.476040 0.587439 -14.416216
v 8.489270 0.578449 -14.424425
v 8.484893 0.580099 -14.418306
v 8.485769 0.587439 -14.416145
v 8.477489 0.578449 -14.419645
v 8.480990 0.691260 -14.427925
v 8.476040 0.678547 -14.416216
v 8.492700 0.678547 -14.422975
v 8.477489 0.687536 -14.419645
v 8.484893 0.685887 -14.418306
v 8.485769 0.678547 -14.416145
v 8.489270 0.687536 -14.424425
v 8.495978 0.574726 -14.520506
v 8.484269 0.587439 -14.525456
v 8.500929 0.587439 -14.532215
v 8.487699 0.578449 -14.524006
v 8.492077 0.580099 -14.530124
v 8.491199 0.587439 -14.532286
v 8.499479 0.578449 -14.528785
v 8.495978 0.691260 -14.520506
v 8.500929 0.678547 -14.532215
v 8.484269 0.678547 -14.525456
v 8.499479 0.687536 -14.528785
v 8.492077 0.685887 -14.530124
v 8.491199 0.678547 -14.532286
v 8.487699 0.687536 -14.524006
v 8.460499 0.574726 -14.436589
v 8.455548 0.587439 -14.424880
v 8.448790 0.587439 -14.441540
v 8.456999 0.578449 -14.428309
v 8.450881 0.580099 -14.432687
v 8.448719 0.587439 -14.431809
v 8.452220 0.578449 -14.440089
v 8.460499 0.691260 -14.436589
v 8.448790 0.678547 -14.441540
v 8.455548 0.678547 -14.424880
v 8.452220 0.687536 -14.440089
v 8.450881 0.685887 -14.432687
v 8.448719 0.678547 -14.431809
v 8.456999 0.687536 -14.428309
v 8.516470 0.892546 -14.511842
v 8.521420 0.905259 -14.523551
v 8.528179 0.905259 -14.506891
v 8.519971 0.896270 -14.520122
v 8.526089 0.897919 -14.515744
v 8.528251 0.905259 -14.516621
v 8.524750 0.896270 -14.508341
v 8.521420 0.996368 -14.523551
v 8.516470 1.009081 -14.511842
v 8.528179 0.996368 -14.506891
v 8.519971 1.005357 -14.520122
v 8.526089 1.003708 -14.515744
v 8.524750 1.005357 -14.508341
v 8.528251 0.996368 -14.516621
v 8.480990 0.892546 -14.427925
v 8.492700 0.905259 -14.422975
v 8.476040 0.905259 -14.416216
v 8.489270 0.896270 -14.424425
v 8.484893 0.897919 -14.418306
v 8.485769 0.905259 -14.416145
v 8.477489 0.896270 -14.419645
v 8.480990 1.009081 -14.427925
v 8.476040 0.996368 -14.416216
v 8.492700 0.996368 -14.422975
v 8.477489 1.005357 -14.419645
v 8.484893 1.003708 -14.418306
v 8.485769 0.996368 -14.416145
v 8.489270 1.005357 -14.424425
v 8.495978 0.892546 -14.520506
v 8.484269 0.905259 -14.525456
v 8.500929 0.905259 -14.532215
v 8.487699 0.896270 -14.524006
v 8.492077 0.897919 -14.530124
v 8.491199 0.905259 -14.532286
v 8.499479 0.896270 -14.528785
v 8.495978 1.009081 -14.520506
v 8.500929 0.996368 -14.532215
v 8.484269 0.996368 -14.525456
v 8.499479 1.005357 -14.528785
v 8.492077 1.003708 -14.530124
v 8.491199 0.996368 -14.532286
v 8.487699 1.005357 -14.524006
v 8.460499 0.892546 -14.436589
v 8.455548 0.905259 -14.424880
v 8.448790 0.905259 -14.441540
v 8.456999 0.896270 -14.428309
v 8.450881 0.897919 -14.432687
v 8.448719 0.905259 -14.431809
v 8.452220 0.896270 -14.440089
v 8.460499 1.009081 -14.436589
v 8.448790 0.996368 -14.441540
v 8.455548 0.996368 -14.424880
v 8.452220 1.005357 -14.440089
v 8.450881 1.003708 -14.432687
v 8.448719 0.996368 -14.431809
v 8.456999 1.005357 -14.428309
v 9.685131 0.256905 -14.707859
v 9.690082 0.269618 -14.719568
v 9.696840 0.269618 -14.702908
v 9.688632 0.260628 -14.716138
v 9.694750 0.262278 -14.711761
v 9.696912 0.269618 -14.712638
v 9.693411 0.260628 -14.704358
v 9.690082 0.360726 -14.719568
v 9.685131 0.373439 -14.707859
v 9.696840 0.360726 -14.702908
v 9.688632 0.369716 -14.716138
v 9.694750 0.368066 -14.711761
v 9.693411 0.369716 -14.704358
v 9.696912 0.360726 -14.712638
v 9.649652 0.256905 -14.623942
v 9.661361 0.269618 -14.618991
v 9.644701 0.269618 -14.612232
v 9.657931 0.260628 -14.620441
v 9.653554 0.262278 -14.614324
v 9.654430 0.269618 -14.612162
v 9.646151 0.260628 -14.615663
v 9.649652 0.373439 -14.623942
v 9.644701 0.360726 -14.612232
v 9.661361 0.360726 -14.618991
v 9.646151 0.369716 -14.615663
v 9.653554 0.368066 -14.614324
v 9.654430 0.360726 -14.612162
v 9.657931 0.369716 -14.620441
v 9.664639 0.256905 -14.716522
v 9.652930 0.269618 -14.721473
v 9.669590 0.269618 -14.728231
v 9.656360 0.260628 -14.720023
v 9.660738 0.262278 -14.726141
v 9.659861 0.269618 -14.728302
v 9.668140 0.260628 -14.724802
v 9.664639 0.373439 -14.716522
v 9.669590 0.360726 -14.728231
v 9.652930 0.360726 -14.721473
v 9.668140 0.369716 -14.724802
v 9.660738 0.368066 -14.726141
v 9.659861 0.360726 -14.728302
v 9.656360 0.369716 -14.720023
v 9.629160 0.256905 -14.632606
v 9.624209 0.269618 -14.620896
v 9.617451 0.269618 -14.637556
v 9.625660 0.260628 -14.624326
v 9.619542 0.262278 -14.628703
v 9.617380 0.269618 -14.627827
v 9.620881 0.260628 -14.636106
v 9.629160 0.373439 -14.632606
v 9.617451 0.360726 -14.637556
v 9.624209 0.360726 -14.620896
v 9.620881 0.369716 -14.636106
v 9.619542 0.368066 -14.628703
v 9.617380 0.360726 -14.627827
v 9.625660 0.369716 -14.624326
v 9.685131 0.574726 -14.707859
v 9.690082 0.587439 -14.719568
v 9.696840 0.587439 -14.702908
v 9.688632 0.578449 -14.716138
v 9.694750 0.580099 -14.711761
v 9.696912 0.587439 -14.712638
v 9.693411 0.578449 -14.704358
v 9.690082 0.678547 -14.719568
v 9.685131 0.691260 -14.707859
v 9.696840 0.678547 -14.702908
v 9.688632 0.687536 -14.716138
v 9.694750 0.685887 -14.711761
v 9.693411 0.687536 -14.704358
v 9.696912 0.678547 -14.712638
v 9.649652 0.574726 -14.623942
v 9.661361 0.587439 -14.618991
v 9.644701 0.587439 -14.612232
v 9.657931 0.578449 -14.620441
v 9.653554 0.580099 -14.614324
v 9.654430 0.587439 -14.612162
v 9.646151 0.578449 -14.615663
v 9.649652 0.691260 -14.623942
v 9.644701 0.678547 -14.612232
v 9.661361 0.678547 -14.618991
v 9.646151 0.687536 -14.615663
v 9.653554 0.685887 -14.614324
v 9.654430 0.678547 -14.612162
v 9.657931 0.687536 -14.620441
v 9.664639 0.574726 -14.716522
v 9.652930 0.587439 -14.721473
v 9.669590 0.587439 -14.728231
v 9.656360 0.578449 -14.720023
v 9.660738 0.580099 -14.726141
v 9.659861 0.587439 -14.728302
v 9.668140 0.578449 -14.724802
v 9.664639 0.691260 -14.716522
v 9.669590 0.678547 -14.728231
v 9.652930 0.678547 -14.721473
v 9.668140 0.687536 -14.724802
v 9.660738 0.685887 -14.726141
v 9.659861 0.678547 -14.728302
v 9.656360 0.687536 -14.720023
v 9.629160 0.574726 -14.632606
v 9.624209 0.587439 -14.620896
v 9.617451 0.587439 -14.637556
v 9.625660 0.578449 -14.624326
v 9.619542 0.580099 -14.628703
v 9.617380 0.587439 -14.627827
v 9.620881 0.578449 -14.636106
v 9.629160 0.691260 -14.632606
v 9.617451 0.678547 -14.637556
v 9.624209 0.678547 -14.620896
v 9.620881 0.687536 -14.636106
v 9.619542 0.685887 -14.628703
v 9.617380 0.678547 -14.627827
v 9.625660 0.687536 -14.624326
v 9.685131 0.892546 -14.707859
v 9.690082 0.905259 -14.719568
v 9.696840 0.905259 -14.702908
v 9.688632 0.896270 -14.716138
v 9.694750 0.897919 -14.711761
v 9.696912 0.905259 -14.712638
v 9.693411 0.896270 -14.704358
v 9.690082 0.996368 -14.719568
v 9.685131 1.009081 -14.707859
v 9.696840 0.996368 -14.702908
v 9.688632 1.005357 -14.716138
v 9.694750 1.003708 -14.711761
v 9.693411 1.005357 -14.704358
v 9.696912 0.996368 -14.712638
v 9.649652 0.892546 -14.623942
v 9.661361 0.905259 -14.618991
v 9.644701 0.905259 -14.612232
v 9.657931 0.896270 -14.620441
v 9.653554 0.897919 -14.614324
v 9.654430 0.905259 -14.612162
v 9.646151 0.896270 -14.615663
v 9.649652 1.009081 -14.623942
v 9.644701 0.996368 -14.612232
v 9.661361 0.996368 -14.618991
v 9.646151 1.005357 -14.615663
v 9.653554 1.003708 -14.614324
v 9.654430 0.996368 -14.612162
v 9.657931 1.005357 -14.620441
v 9.664639 0.892546 -14.716522
v 9.652930 0.905259 -14.721473
v 9.669590 0.905259 -14.728231
v 9.656360 0.896270 -14.720023
v 9.660738 0.897919 -14.726141
v 9.659861 0.905259 -14.728302
v 9.668140 0.896270 -14.724802
v 9.664639 1.009081 -14.716522
v 9.669590 0.996368 -14.728231
v 9.652930 0.996368 -14.721473
v 9.668140 1.005357 -14.724802
v 9.660738 1.003708 -14.726141
v 9.659861 0.996368 -14.728302
v 9.656360 1.005357 -14.720023
v 9.629160 0.892546 -14.632606
v 9.624209 0.905259 -14.620896
v 9.617451 0.905259 -14.637556
v 9.625660 0.896270 -14.624326
v 9.619542 0.897919 -14.628703
v 9.617380 0.905259 -14.627827
v 9.620881 0.896270 -14.636106
v 9.629160 1.009081 -14.632606
v 9.617451 0.996368 -14.637556
v 9.624209 0.996368 -14.620896
v 9.620881 1.005357 -14.636106
v 9.619542 1.003708 -14.628703
v 9.617380 0.996368 -14.627827
v 9.625660 1.005357 -14.624326
v 9.561366 0.256905 -14.415126
v 9.566317 0.269618 -14.426836
v 9.573075 0.269618 -14.410175
v 9.564866 0.260628 -14.423406
v 9.570985 0.262278 -14.419028
v 9.573146 0.269618 -14.419906
v 9.569646 0.260628 -14.411626
v 9.566317 0.360726 -14.426836
v 9.561366 0.373439 -14.415126
v 9.573075 0.360726 -14.410175
v 9.564866 0.369716 -14.423406
v 9.570985 0.368066 -14.419028
v 9.569646 0.369716 -14.411626
v 9.573146 0.360726 -14.419906
v 9.525887 0.256905 -14.331210
v 9.537596 0.269618 -14.326259
v 9.520936 0.269618 -14.319500
v 9.534166 0.260628 -14.327709
v 9.529789 0.262278 -14.321591
v 9.530665 0.269618 -14.319429
v 9.522386 0.260628 -14.322930
v 9.525887 0.373439 -14.331210
v 9.520936 0.360726 -14.319500
v 9.537596 0.360726 -14.326259
v 9.522386 0.369716 -14.322930
v 9.529789 0.368066 -14.321591
v 9.530665 0.360726 -14.319429
v 9.534166 0.369716 -14.327709
v 9.540874 0.256905 -14.423790
v 9.529165 0.269618 -14.428741
v 9.545825 0.269618 -14.435499
v 9.532595 0.260628 -14.427291
v 9.536972 0.262278 -14.433409
v 9.536096 0.269618 -14.435570
v 9.544375 0.260628 -14.432070
v 9.540874 0.373439 -14.423790
v 9.545825 0.360726 -14.435499
v 9.529165 0.360726 -14.428741
v 9.544375 0.369716 -14.432070
v 9.536972 0.368066 -14.433409
v 9.536096 0.360726 -14.435570
v 9.532595 0.369716 -14.427291
v 9.505395 0.256905 -14.339873
v 9.500444 0.269618 -14.328164
v 9.493686 0.269618 -14.344824
v 9.501895 0.260628 -14.331594
v 9.495776 0.262278 -14.335971
v 9.493615 0.269618 -14.335094
v 9.497115 0.260628 -14.343374
v 9.505395 0.373439 -14.339873
v 9.493686 0.360726 -14.344824
v 9.500444 0.360726 -14.328164
v 9.497115 0.369716 -14.343374
v 9.495776 0.368066 -14.335971
v 9.493615 0.360726 -14.335094
v 9.501895 0.369716 -14.331594
v 9.561366 0.574726 -14.415126
v 9.566317 0.587439 -14.426836
v 9.573075 0.587439 -14.410175
v 9.564866 0.578449 -14.423406
v 9.570985 0.580099 -14.419028
v 9.573146 0.587439 -14.419906
v 9.569646 0.578449 -14.411626
v 9.566317 0.678547 -14.426836
v 9.561366 0.691260 -14.415126
v 9.573075 0.678547 -14.410175
v 9.564866 0.687536 -14.423406
v 9.570985 0.685887 -14.419028
v 9.569646 0.687536 -14.411626
v 9.573146 0.678547 -14.419906
v 9.525887 0.574726 -14.331210
v 9.537596 0.587439 -14.326259
v 9.520936 0.587439 -14.319500
v 9.534166 0.578449 -14.327709
v 9.529789 0.580099 -14.321591
v 9.530665 0.587439 -14.319429
v 9.522386 0.578449 -14.322930
v 9.525887 0.691260 -14.331210
v 9.520936 0.678547 -14.319500
v 9.537596 0.678547 -14.326259
v 9.522386 0.687536 -14.322930
v 9.529789 0.685887 -14.321591
v 9.530665 0.678547 -14.319429
v 9.534166 0.687536 -14.327709
v 9.540874 0.574726 -14.423790
v 9.529165 0.587439 -14.428741
v 9.545825 0.587439 -14.435499
v 9.532595 0.578449 -14.427291
v 9.536972 0.580099 -14.433409
v 9.536096 0.587439 -14.435570
v 9.544375 0.578449 -14.432070
v 9.540874 0.691260 -14.423790
v 9.545825 0.678547 -14.435499
v 9.529165 0.678547 -14.428741
v 9.544375 0.687536 -14.432070
v 9.536972 0.685887 -14.433409
v 9.536096 0.678547 -14.435570
v 9.532595 0.687536 -14.427291
v 9.505395 0.574726 -14.339873
v 9.500444 0.587439 -14.328164
v 9.493686 0.587439 -14.344824
v 9.501895 0.578449 -14.331594
v 9.495776 0.580099 -14.335971
v 9.493615 0.587439 -14.335094
v 9.497115 0.578449 -14.343374
v 9.505395 0.691260 -14.339873
v 9.493686 0.678547 -14.344824
v 9.500444 0.678547 -14.328164
v 9.497115 0.687536 -14.343374
v 9.495776 0.685887 -14.335971
v 9.493615 0.678547 -14.335094
v 9.501895 0.687536 -14.331594
v 9.561366 0.892546 -14.415126
v 9.566317 0.905259 -14.426836
v 9.573075 0.905259 -14.410175
v 9.564866 0.896270 -14.423406
v 9.570985 0.897919 -14.419028
v 9.573146 0.905259 -14.419906
v 9.569646 0.896270 -14.411626
v 9.566317 0.996368 -14.426836
v 9.561366 1.009081 -14.415126
v 9.573075 0.996368 -14.410175
v 9.564866 1.005357 -14.423406
v 9.570985 1.003708 -14.419028
v 9.569646 1.005357 -14.411626
v 9.573146 0.996368 -14.419906
v 9.525887 0.892546 -14.331210
v 9.537596 0.905259 -14.326259
v 9.520936 0.905259 -14.319500
v 9.534166 0.896270 -14.327709
v 9.529789 0.897919 -14.321591
v 9.530665 0.905259 -14.319429
v 9.522386 0.896270 -14.322930
v 9.525887 1.009081 -14.331210
v 9.520936 0.996368 -14.319500
v 9.537596 0.996368 -14.326259
v 9.522386 1.005357 -14.322930
v 9.529789 1.003708 -14.321591
v 9.530665 0.996368 -14.319429
v 9.534166 1.005357 -14.327709
v 9.540874 0.892546 -14.423790
v 9.529165 0.905259 -14.428741
v 9.545825 0.905259 -14.435499
v 9.532595 0.896270 -14.427291
v 9.536972 0.897919 -14.433409
v 9.536096 0.905259 -14.435570
v 9.544375 0.896270 -14.432070
v 9.540874 1.009081 -14.423790
v 9.545825 0.996368 -14.435499
v 9.529165 0.996368 -14.428741
v 9.544375 1.005357 -14.432070
v 9.536972 1.003708 -14.433409
v 9.536096 0.996368 -14.435570
v 9.532595 1.005357 -14.427291
v 9.505395 0.892546 -14.339873
v 9.500444 0.905259 -14.328164
v 9.493686 0.905259 -14.344824
v 9.501895 0.896270 -14.331594
v 9.495776 0.897919 -14.335971
v 9.493615 0.905259 -14.335094
v 9.497115 0.896270 -14.343374
v 9.505395 1.009081 -14.339873
v 9.493686 0.996368 -14.344824
v 9.500444 0.996368 -14.328164
v 9.497115 1.005357 -14.343374
v 9.495776 1.003708 -14.335971
v 9.493615 0.996368 -14.335094
v 9.501895 1.005357 -14.331594
v 9.437601 0.256905 -14.122395
v 9.442552 0.269618 -14.134104
v 9.449310 0.269618 -14.117443
v 9.441101 0.260628 -14.130673
v 9.447219 0.262278 -14.126296
v 9.449381 0.269618 -14.127173
v 9.445880 0.260628 -14.118894
v 9.442552 0.360726 -14.134104
v 9.437601 0.373439 -14.122395
v 9.449310 0.360726 -14.117443
v 9.441101 0.369716 -14.130673
v 9.447219 0.368066 -14.126296
v 9.445880 0.369716 -14.118894
v 9.449381 0.360726 -14.127173
v 9.402122 0.256905 -14.038478
v 9.413831 0.269618 -14.033526
v 9.397171 0.269618 -14.026768
v 9.410401 0.260628 -14.034977
v 9.406023 0.262278 -14.028859
v 9.406900 0.269618 -14.026697
v 9.398621 0.260628 -14.030198
v 9.402122 0.373439 -14.038478
v 9.397171 0.360726 -14.026768
v 9.413831 0.360726 -14.033526
v 9.398621 0.369716 -14.030198
v 9.406023 0.368066 -14.028859
v 9.406900 0.360726 -14.026697
v 9.410401 0.369716 -14.034977
v 9.417109 0.256905 -14.131058
v 9.405400 0.269618 -14.136008
v 9.422060 0.269618 -14.142767
v 9.408830 0.260628 -14.134559
v 9.413207 0.262278 -14.140676
v 9.412331 0.269618 -14.142838
v 9.420610 0.260628 -14.139338
v 9.417109 0.373439 -14.131058
v 9.422060 0.360726 -14.142767
v 9.405400 0.360726 -14.136008
v 9.420610 0.369716 -14.139338
v 9.413207 0.368066 -14.140676
v 9.412331 0.360726 -14.142838
v 9.408830 0.369716 -14.134559
v 9.381630 0.256905 -14.047141
v 9.376679 0.269618 -14.035432
v 9.369921 0.269618 -14.052092
v 9.378129 0.260628 -14.038861
v 9.372011 0.262278 -14.043239
v 9.369849 0.269618 -14.042362
v 9.373350 0.260628 -14.050642
v 9.381630 0.373439 -14.047141
v 9.369921 0.360726 -14.052092
v 9.376679 0.360726 -14.035432
v 9.373350 0.369716 -14.050642
v 9.372011 0.368066 -14.043239
v 9.369849 0.360726 -14.042362
v 9.378129 0.369716 -14.038861
v 9.437601 0.574726 -14.122395
v 9.442552 0.587439 -14.134104
v 9.449310 0.587439 -14.117443
v 9.441101 0.578449 -14.130673
v 9.447219 0.580099 -14.126296
v 9.449381 0.587439 -14.127173
v 9.445880 0.578449 -14.118894
v 9.442552 0.678547 -14.134104
v 9.437601 0.691260 -14.122395
v 9.449310 0.678547 -14.117443
v 9.441101 0.687536 -14.130673
v 9.447219 0.685887 -14.126296
v 9.445880 0.687536 -14.118894
v 9.449381 0.678547 -14.127173
v 9.402122 0.574726 -14.038478
v 9.413831 0.587439 -14.033526
v 9.397171 0.587439 -14.026768
v 9.410401 0.578449 -14.034977
v 9.406023 0.580099 -14.028859
v 9.406900 0.587439 -14.026697
v 9.398621 0.578449 -14.030198
v 9.402122 0.691260 -14.038478
v 9.397171 0.678547 -14.026768
v 9.413831 0.678547 -14.033526
v 9.398621 0.687536 -14.030198
v 9.406023 0.685887 -14.028859
v 9.406900 0.678547 -14.026697
v 9.410401 0.687536 -14.034977
v 9.417109 0.574726 -14.131058
v 9.405400 0.587439 -14.136008
v 9.422060 0.587439 -14.142767
v 9.408830 0.578449 -14.134559
v 9.413207 0.580099 -14.140676
v 9.412331 0.587439 -14.142838
v 9.420610 0.578449 -14.139338
v 9.417109 0.691260 -14.131058
v 9.422060 0.678547 -14.142767
v 9.405400 0.678547 -14.136008
v 9.420610 0.687536 -14.139338
v 9.413207 0.685887 -14.140676
v 9.412331 0.678547 -14.142838
v 9.408830 0.687536 -14.134559
v 9.381630 0.574726 -14.047141
v 9.376679 0.587439 -14.035432
v 9.369921 0.587439 -14.052092
v 9.378129 0.578449 -14.038861
v 9.372011 0.580099 -14.043239
v 9.369849 0.587439 -14.042362
v 9.373350 0.578449 -14.050642
v 9.381630 0.691260 -14.047141
v 9.369921 0.678547 -14.052092
v 9.376679 0.678547 -14.035432
v 9.373350 0.687536 -14.050642
v 9.372011 0.685887 -14.043239
v 9.369849 0.678547 -14.042362
v 9.378129 0.687536 -14.038861
v 9.437601 0.892546 -14.122395
v 9.442552 0.905259 -14.134104
v 9.449310 0.905259 -14.117443
v 9.441101 0.896270 -14.130673
v 9.447219 0.897919 -14.126296
v 9.449381 0.905259 -14.127173
v 9.445880 0.896270 -14.118894
v 9.442552 0.996368 -14.134104
v 9.437601 1.009081 -14.122395
v 9.449310 0.996368 -14.117443
v 9.441101 1.005357 -14.130673
v 9.447219 1.003708 -14.126296
v 9.445880 1.005357 -14.118894
v 9.449381 0.996368 -14.127173
v 9.402122 0.892546 -14.038478
v 9.413831 0.905259 -14.033526
v 9.397171 0.905259 -14.026768
v 9.410401 0.896270 -14.034977
v 9.406023 0.897919 -14.028859
v 9.406900 0.905259 -14.026697
v 9.398621 0.896270 -14.030198
v 9.402122 1.009081 -14.038478
v 9.397171 0.996368 -14.026768
v 9.413831 0.996368 -14.033526
v 9.398621 1.005357 -14.030198
v 9.406023 1.003708 -14.028859
v 9.406900 0.996368 -14.026697
v 9.410401 1.005357 -14.034977
v 9.417109 0.892546 -14.131058
v 9.405400 0.905259 -14.136008
v 9.422060 0.905259 -14.142767
v 9.408830 0.896270 -14.134559
v 9.413207 0.897919 -14.140676
v 9.412331 0.905259 -14.142838
v 9.420610 0.896270 -14.139338
v 9.417109 1.009081 -14.131058
v 9.422060 0.996368 -14.142767
v 9.405400 0.996368 -14.136008
v 9.420610 1.005357 -14.139338
v 9.413207 1.003708 -14.140676
v 9.412331 0.996368 -14.142838
v 9.408830 1.005357 -14.134559
v 9.381630 0.892546 -14.047141
v 9.376679 0.905259 -14.035432
v 9.369921 0.905259 -14.052092
v 9.378129 0.896270 -14.038861
v 9.372011 0.897919 -14.043239
v 9.369849 0.905259 -14.042362
v 9.373350 0.896270 -14.050642
v 9.381630 1.009081 -14.047141
v 9.369921 0.996368 -14.052092
v 9.376679 0.996368 -14.035432
v 9.373350 1.005357 -14.050642
v 9.372011 1.003708 -14.043239
v 9.369849 0.996368 -14.042362
v 9.378129 1.005357 -14.038861
v 9.175858 0.256905 -13.882822
v 9.180809 0.269618 -13.894531
v 9.187568 0.269618 -13.877871
v 9.179359 0.260628 -13.891102
v 9.185477 0.262278 -13.886724
v 9.187639 0.269618 -13.887601
v 9.184138 0.260628 -13.879321
v 9.180809 0.360726 -13.894531
v 9.175858 0.373439 -13.882822
v 9.187568 0.360726 -13.877871
v 9.179359 0.369716 -13.891102
v 9.185477 0.368066 -13.886724
v 9.184138 0.369716 -13.879321
v 9.187639 0.360726 -13.887601
v 9.167195 0.256905 -13.862330
v 9.178905 0.269618 -13.857380
v 9.162245 0.269618 -13.850621
v 9.175475 0.260628 -13.858829
v 9.171097 0.262278 -13.852712
v 9.171974 0.269618 -13.850550
v 9.163694 0.260628 -13.854051
v 9.167195 0.373439 -13.862330
v 9.162245 0.360726 -13.850621
v 9.178905 0.360726 -13.857380
v 9.163694 0.369716 -13.854051
v 9.171097 0.368066 -13.852712
v 9.171974 0.360726 -13.850550
v 9.175475 0.369716 -13.858829
v 9.091942 0.256905 -13.918301
v 9.080233 0.269618 -13.923251
v 9.096892 0.269618 -13.930010
v 9.083662 0.260628 -13.921802
v 9.088039 0.262278 -13.927919
v 9.087163 0.269618 -13.930081
v 9.095443 0.260628 -13.926580
v 9.091942 0.373439 -13.918301
v 9.096892 0.360726 -13.930010
v 9.080233 0.360726 -13.923251
v 9.095443 0.369716 -13.926580
v 9.088039 0.368066 -13.927919
v 9.087163 0.360726 -13.930081
v 9.083662 0.369716 -13.921802
v 9.083279 0.256905 -13.897810
v 9.078328 0.269618 -13.886101
v 9.071569 0.269618 -13.902761
v 9.079778 0.260628 -13.889530
v 9.073660 0.262278 -13.893908
v 9.071498 0.269618 -13.893031
v 9.074999 0.260628 -13.901310
v 9.083279 0.373439 -13.897810
v 9.071569 0.360726 -13.902761
v 9.078328 0.360726 -13.886101
v 9.074999 0.369716 -13.901310
v 9.073660 0.368066 -13.893908
v 9.071498 0.360726 -13.893031
v 9.079778 0.369716 -13.889530
v 9.175858 0.574726 -13.882822
v 9.180809 0.587439 -13.894531
v 9.187568 0.587439 -13.877871
v 9.179359 0.578449 -13.891102
v 9.185477 0.580099 -13.886724
v 9.187639 0.587439 -13.887601
v 9.184138 0.578449 -13.879321
v 9.180809 0.678547 -13.894531
v 9.175858 0.691260 -13.882822
v 9.187568 0.678547 -13.877871
v 9.179359 0.687536 -13.891102
v 9.185477 0.685887 -13.886724
v 9.184138 0.687536 -13.879321
v 9.187639 0.678547 -13.887601
v 9.167195 0.574726 -13.862330
v 9.178905 0.587439 -13.857380
v 9.162245 0.587439 -13.850621
v 9.175475 0.578449 -13.858829
v 9.171097 0.580099 -13.852712
v 9.171974 0.587439 -13.850550
v 9.163694 0.578449 -13.854051
v 9.167195 0.691260 -13.862330
v 9.162245 0.678547 -13.850621
v 9.178905 0.678547 -13.857380
v 9.163694 0.687536 -13.854051
v 9.171097 0.685887 -13.852712
v 9.171974 0.678547 -13.850550
v 9.175475 0.687536 -13.858829
v 9.091942 0.574726 -13.918301
v 9.080233 0.587439 -13.923251
v 9.096892 0.587439 -13.930010
v 9.083662 0.578449 -13.921802
v 9.088039 0.580099 -13.927919
v 9.087163 0.587439 -13.930081
v 9.095443 0.578449 -13.926580
v 9.091942 0.691260 -13.918301
v 9.096892 0.678547 -13.930010
v 9.080233 0.678547 -13.923251
v 9.095443 0.687536 -13.926580
v 9.088039 0.685887 -13.927919
v 9.087163 0.678547 -13.930081
v 9.083662 0.687536 -13.921802
v 9.083279 0.574726 -13.897810
v 9.078328 0.587439 -13.886101
v 9.071569 0.587439 -13.902761
v 9.079778 0.578449 -13.889530
v 9.073660 0.580099 -13.893908
v 9.071498 0.587439 -13.893031
v 9.074999 0.578449 -13.901310
v 9.083279 0.691260 -13.897810
v 9.071569 0.678547 -13.902761
v 9.078328 0.678547 -13.886101
v 9.074999 0.687536 -13.901310
v 9.073660 0.685887 -13.893908
v 9.071498 0.678547 -13.893031
v 9.079778 0.687536 -13.889530
v 9.175858 0.892546 -13.882822
v 9.180809 0.905259 -13.894531
v 9.187568 0.905259 -13.877871
v 9.179359 0.896270 -13.891102
v 9.185477 0.897919 -13.886724
v 9.187639 0.905259 -13.887601
v 9.184138 0.896270 -13.879321
v 9.180809 0.996368 -13.894531
v 9.175858 1.009081 -13.882822
v 9.187568 0.996368 -13.877871
v 9.179359 1.005357 -13.891102
v 9.185477 1.003708 -13.886724
v 9.184138 1.005357 -13.879321
v 9.187639 0.996368 -13.887601
v 9.167195 0.892546 -13.862330
v 9.178905 0.905259 -13.857380
v 9.162245 0.905259 -13.850621
v 9.175475 0.896270 -13.858829
v 9.171097 0.897919 -13.852712
v 9.171974 0.905259 -13.850550
v 9.163694 0.896270 -13.854051
v 9.167195 1.009081 -13.862330
v 9.162245 0.996368 -13.850621
v 9.178905 0.996368 -13.857380
v 9.163694 1.005357 -13.854051
v 9.171097 1.003708 -13.852712
v 9.171974 0.996368 -13.850550
v 9.175475 1.005357 -13.858829
v 9.091942 0.892546 -13.918301
v 9.080233 0.905259 -13.923251
v 9.096892 0.905259 -13.930010
v 9.083662 0.896270 -13.921802
v 9.088039 0.897919 -13.927919
v 9.087163 0.905259 -13.930081
v 9.095443 0.896270 -13.926580
v 9.091942 1.009081 -13.918301
v 9.096892 0.996368 -13.930010
v 9.080233 0.996368 -13.923251
v 9.095443 1.005357 -13.926580
v 9.088039 1.003708 -13.927919
v 9.087163 0.996368 -13.930081
v 9.083662 1.005357 -13.921802
v 9.083279 0.892546 -13.897810
v 9.078328 0.905259 -13.886101
v 9.071569 0.905259 -13.902761
v 9.079778 0.896270 -13.889530
v 9.073660 0.897919 -13.893908
v 9.071498 0.905259 -13.893031
v 9.074999 0.896270 -13.901310
v 9.083279 1.009081 -13.897810
v 9.071569 0.996368 -13.902761
v 9.078328 0.996368 -13.886101
v 9.074999 1.005357 -13.901310
v 9.073660 1.003708 -13.893908
v 9.071498 0.996368 -13.893031
v 9.079778 1.005357 -13.889530
v 8.883126 0.256905 -14.006587
v 8.888077 0.269618 -14.018296
v 8.894835 0.269618 -14.001637
v 8.886627 0.260628 -14.014867
v 8.892745 0.262278 -14.010489
v 8.894907 0.269618 -14.011366
v 8.891406 0.260628 -14.003086
v 8.888077 0.360726 -14.018296
v 8.883126 0.373439 -14.006587
v 8.894835 0.360726 -14.001637
v 8.886627 0.369716 -14.014867
v 8.892745 0.368066 -14.010489
v 8.891406 0.369716 -14.003086
v 8.894907 0.360726 -14.011366
v 8.874463 0.256905 -13.986095
v 8.886172 0.269618 -13.981145
v 8.869513 0.269618 -13.974386
v 8.882743 0.260628 -13.982595
v 8.878365 0.262278 -13.976477
v 8.879242 0.269618 -13.974316
v 8.870962 0.260628 -13.977816
v 8.874463 0.373439 -13.986095
v 8.869513 0.360726 -13.974386
v 8.886172 0.360726 -13.981145
v 8.870962 0.369716 -13.977816
v 8.878365 0.368066 -13.976477
v 8.879242 0.360726 -13.974316
v 8.882743 0.369716 -13.982595
v 8.799210 0.256905 -14.042067
v 8.787500 0.269618 -14.047017
v 8.804160 0.269618 -14.053776
v 8.790930 0.260628 -14.045567
v 8.795307 0.262278 -14.051684
v 8.794431 0.269618 -14.053846
v 8.802711 0.260628 -14.050346
v 8.799210 0.373439 -14.042067
v 8.804160 0.360726 -14.053776
v 8.787500 0.360726 -14.047017
v 8.802711 0.369716 -14.050346
v 8.795307 0.368066 -14.051684
v 8.794431 0.360726 -14.053846
v 8.790930 0.369716 -14.045567
v 8.790546 0.256905 -14.021575
v 8.785596 0.269618 -14.009866
v 8.778837 0.269618 -14.026525
v 8.787045 0.260628 -14.013295
v 8.780928 0.262278 -14.017673
v 8.778766 0.269618 -14.016796
v 8.782267 0.260628 -14.025076
v 8.790546 0.373439 -14.021575
v 8.778837 0.360726 -14.026525
v 8.785596 0.360726 -14.009866
v 8.782267 0.369716 -14.025076
v 8.780928 0.368066 -14.017673
v 8.778766 0.360726 -14.016796
v 8.787045 0.369716 -14.013295
v 8.883126 0.574726 -14.006587
v 8.888077 0.587439 -14.018296
v 8.894835 0.587439 -14.001637
v 8.886627 0.578449 -14.014867
v 8.892745 0.580099 -14.010489
v 8.894907 0.587439 -14.011366
v 8.891406 0.578449 -14.003086
v 8.888077 0.678547 -14.018296
v 8.883126 0.691260 -14.006587
v 8.894835 0.678547 -14.001637
v 8.886627 0.687536 -14.014867
v 8.892745 0.685887 -14.010489
v 8.891406 0.687536 -14.003086
v 8.894907 0.678547 -14.011366
v 8.874463 0.574726 -13.986095
v 8.886172 0.587439 -13.981145
v 8.869513 0.587439 -13.974386
v 8.882743 0.578449 -13.982595
v 8.878365 0.580099 -13.976477
v 8.879242 0.587439 -13.974316
v 8.870962 0.578449 -13.977816
v 8.874463 0.691260 -13.986095
v 8.869513 0.678547 -13.974386
v 8.886172 0.678547 -13.981145
v 8.870962 0.687536 -13.977816
v 8.878365 0.685887 -13.976477
v 8.879242 0.678547 -13.974316
v 8.882743 0.687536 -13.982595
v 8.799210 0.574726 -14.042067
v 8.787500 0.587439 -14.047017
v 8.804160 0.587439 -14.053776
v 8.790930 0.578449 -14.045567
v 8.795307 0.580099 -14.051684
v 8.794431 0.587439 -14.053846
v 8.802711 0.578449 -14.050346
v 8.799210 0.691260 -14.042067
v 8.804160 0.678547 -14.053776
v 8.787500 0.678547 -14.047017
v 8.802711 0.687536 -14.050346
v 8.795307 0.685887 -14.051684
v 8.794431 0.678547 -14.053846
v 8.790930 0.687536 -14.045567
v 8.790546 0.574726 -14.021575
v 8.785596 0.587439 -14.009866
v 8.778837 0.587439 -14.026525
v 8.787045 0.578449 -14.013295
v 8.780928 0.580099 -14.017673
v 8.778766 0.587439 -14.016796
v 8.782267 0.578449 -14.025076
v 8.790546 0.691260 -14.021575
v 8.778837 0.678547 -14.026525
v 8.785596 0.678547 -14.009866
v 8.782267 0.687536 -14.025076
v 8.780928 0.685887 -14.017673
v 8.778766 0.678547 -14.016796
v 8.787045 0.687536 -14.013295
v 8.883126 0.892546 -14.006587
v 8.888077 0.905259 -14.018296
v 8.894835 0.905259 -14.001637
v 8.886627 0.896270 -14.014867
v 8.892745 0.897919 -14.010489
v 8.894907 0.905259 -14.011366
v 8.891406 0.896270 -14.003086
v 8.888077 0.996368 -14.018296
v 8.883126 1.009081 -14.006587
v 8.894835 0.996368 -14.001637
v 8.886627 1.005357 -14.014867
v 8.892745 1.003708 -14.010489
v 8.891406 1.005357 -14.003086
v 8.894907 0.996368 -14.011366
v 8.874463 0.892546 -13.986095
v 8.886172 0.905259 -13.981145
v 8.869513 0.905259 -13.974386
v 8.882743 0.896270 -13.982595
v 8.878365 0.897919 -13.976477
v 8.879242 0.905259 -13.974316
v 8.870962 0.896270 -13.977816
v 8.874463 1.009081 -13.986095
v 8.869513 0.996368 -13.974386
v 8.886172 0.996368 -13.981145
v 8.870962 1.005357 -13.977816
v 8.878365 1.003708 -13.976477
v 8.879242 0.996368 -13.974316
v 8.882743 1.005357 -13.982595
v 8.799210 0.892546 -14.042067
v 8.787500 0.905259 -14.047017
v 8.804160 0.905259 -14.053776
v 8.790930 0.896270 -14.045567
v 8.795307 0.897919 -14.051684
v 8.794431 0.905259 -14.053846
v 8.802711 0.896270 -14.050346
v 8.799210 1.009081 -14.042067
v 8.804160 0.996368 -14.053776
v 8.787500 0.996368 -14.047017
v 8.802711 1.005357 -14.050346
v 8.795307 1.003708 -14.051684
v 8.794431 0.996368 -14.053846
v 8.790930 1.005357 -14.045567
v 8.790546 0.892546 -14.021575
v 8.785596 0.905259 -14.009866
v 8.778837 0.905259 -14.026525
v 8.787045 0.896270 -14.013295
v 8.780928 0.897919 -14.017673
v 8.778766 0.905259 -14.016796
v 8.782267 0.896270 -14.025076
v 8.790546 1.009081 -14.021575
v 8.778837 0.996368 -14.026525
v 8.785596 0.996368 -14.009866
v 8.782267 1.005357 -14.025076
v 8.780928 1.003708 -14.017673
v 8.778766 0.996368 -14.016796
v 8.787045 1.005357 -14.013295
v 8.590394 0.256905 -14.130352
v 8.595345 0.269618 -14.142061
v 8.602103 0.269618 -14.125401
v 8.593895 0.260628 -14.138632
v 8.600013 0.262278 -14.134254
v 8.602175 0.269618 -14.135131
v 8.598674 0.260628 -14.126851
v 8.595345 0.360726 -14.142061
v 8.590394 0.373439 -14.130352
v 8.602103 0.360726 -14.125401
v 8.593895 0.369716 -14.138632
v 8.600013 0.368066 -14.134254
v 8.598674 0.369716 -14.126851
v 8.602175 0.360726 -14.135131
v 8.581731 0.256905 -14.109860
v 8.593440 0.269618 -14.104910
v 8.576780 0.269618 -14.098151
v 8.590011 0.260628 -14.106360
v 8.585632 0.262278 -14.100243
v 8.586510 0.269618 -14.098081
v 8.578230 0.260628 -14.101582
v 8.581731 0.373439 -14.109860
v 8.576780 0.360726 -14.098151
v 8.593440 0.360726 -14.104910
v 8.578230 0.369716 -14.101582
v 8.585632 0.368066 -14.100243
v 8.586510 0.360726 -14.098081
v 8.590011 0.369716 -14.106360
v 8.506477 0.256905 -14.165832
v 8.494768 0.269618 -14.170782
v 8.511428 0.269618 -14.177541
v 8.498198 0.260628 -14.169332
v 8.502575 0.262278 -14.175450
v 8.501698 0.269618 -14.177611
v 8.509978 0.260628 -14.174111
v 8.506477 0.373439 -14.165832
v 8.511428 0.360726 -14.177541
v 8.494768 0.360726 -14.170782
v 8.509978 0.369716 -14.174111
v 8.502575 0.368066 -14.175450
v 8.501698 0.360726 -14.177611
v 8.498198 0.369716 -14.169332
v 8.497814 0.256905 -14.145340
v 8.492864 0.269618 -14.133631
v 8.486105 0.269618 -14.150290
v 8.494313 0.260628 -14.137060
v 8.488195 0.262278 -14.141438
v 8.486033 0.269618 -14.140561
v 8.489534 0.260628 -14.148841
v 8.497814 0.373439 -14.145340
v 8.486105 0.360726 -14.150290
v 8.492864 0.360726 -14.133631
v 8.489534 0.369716 -14.148841
v 8.488195 0.368066 -14.141438
v 8.486033 0.360726 -14.140561
v 8.494313 0.369716 -14.137060
v 8.590394 0.574726 -14.130352
v 8.595345 0.587439 -14.142061
v 8.602103 0.587439 -14.125401
v 8.593895 0.578449 -14.138632
v 8.600013 0.580099 -14.134254
v 8.602175 0.587439 -14.135131
v 8.598674 0.578449 -14.126851
v 8.595345 0.678547 -14.142061
v 8.590394 0.691260 -14.130352
v 8.602103 0.678547 -14.125401
v 8.593895 0.687536 -14.138632
v 8.600013 0.685887 -14.134254
v 8.598674 0.687536 -14.126851
v 8.602175 0.678547 -14.135131
v 8.581731 0.574726 -14.109860
v 8.593440 0.587439 -14.104910
v 8.576780 0.587439 -14.098151
v 8.590011 0.578449 -14.106360
v 8.585632 0.580099 -14.100243
v 8.586510 0.587439 -14.098081
v 8.578230 0.578449 -14.101582
v 8.581731 0.691260 -14.109860
v 8.576780 0.678547 -14.098151
v 8.593440 0.678547 -14.104910
v 8.578230 0.687536 -14.101582
v 8.585632 0.685887 -14.100243
v 8.586510 0.678547 -14.098081
v 8.590011 0.687536 -14.106360
v 8.506477 0.574726 -14.165832
v 8.494768 0.587439 -14.170782
v 8.511428 0.587439 -14.177541
v 8.498198 0.578449 -14.169332
v 8.502575 0.580099 -14.175450
v 8.501698 0.587439 -14.177611
v 8.509978 0.578449 -14.174111
v 8.506477 0.691260 -14.165832
v 8.511428 0.678547 -14.177541
v 8.494768 0.678547 -14.170782
v 8.509978 0.687536 -14.174111
v 8.502575 0.685887 -14.175450
v 8.501698 0.678547 -14.177611
v 8.498198 0.687536 -14.169332
v 8.497814 0.574726 -14.145340
v 8.492864 0.587439 -14.133631
v 8.486105 0.587439 -14.150290
v 8.494313 0.578449 -14.137060
v 8.488195 0.580099 -14.141438
v 8.486033 0.587439 -14.140561
v 8.489534 0.578449 -14.148841
v 8.497814 0.691260 -14.145340
v 8.486105 0.678547 -14.150290
v 8.492864 0.678547 -14.133631
v 8.489534 0.687536 -14.148841
v 8.488195 0.685887 -14.141438
v 8.486033 0.678547 -14.140561
v 8.494313 0.687536 -14.137060
v 8.590394 0.892546 -14.130352
v 8.595345 0.905259 -14.142061
v 8.602103 0.905259 -14.125401
v 8.593895 0.896270 -14.138632
v 8.600013 0.897919 -14.134254
v 8.602175 0.905259 -14.135131
v 8.598674 0.896270 -14.126851
v 8.595345 0.996368 -14.142061
v 8.590394 1.009081 -14.130352
v 8.602103 0.996368 -14.125401
v 8.593895 1.005357 -14.138632
v 8.600013 1.003708 -14.134254
v 8.598674 1.005357 -14.126851
v 8.602175 0.996368 -14.135131
v 8.581731 0.892546 -14.109860
v 8.593440 0.905259 -14.104910
v 8.576780 0.905259 -14.098151
v 8.590011 0.896270 -14.106360
v 8.585632 0.897919 -14.100243
v 8.586510 0.905259 -14.098081
v 8.578230 0.896270 -14.101582
v 8.581731 1.009081 -14.109860
v 8.576780 0.996368 -14.098151
v 8.593440 0.996368 -14.104910
v 8.578230 1.005357 -14.101582
v 8.585632 1.003708 -14.100243
v 8.586510 0.996368 -14.098081
v 8.590011 1.005357 -14.106360
v 8.506477 0.892546 -14.165832
v 8.494768 0.905259 -14.170782
v 8.511428 0.905259 -14.177541
v 8.498198 0.896270 -14.169332
v 8.502575 0.897919 -14.175450
v 8.501698 0.905259 -14.177611
v 8.509978 0.896270 -14.174111
v 8.506477 1.009081 -14.165832
v 8.511428 0.996368 -14.177541
v 8.494768 0.996368 -14.170782
v 8.509978 1.005357 -14.174111
v 8.502575 1.003708 -14.175450
v 8.501698 0.996368 -14.177611
v 8.498198 1.005357 -14.169332
v 8.497814 0.892546 -14.145340
v 8.492864 0.905259 -14.133631
v 8.486105 0.905259 -14.150290
v 8.494313 0.896270 -14.137060
v 8.488195 0.897919 -14.141438
v 8.486033 0.905259 -14.140561
v 8.489534 0.896270 -14.148841
v 8.497814 1.009081 -14.145340
v 8.486105 0.996368 -14.150290
v 8.492864 0.996368 -14.133631
v 8.489534 1.005357 -14.148841
v 8.488195 1.003708 -14.141438
v 8.486033 0.996368 -14.140561
v 8.494313 1.005357 -14.137060
v 9.549010 1.023912 -14.765409
v 9.553961 1.036625 -14.777119
v 9.560719 1.036625 -14.760459
v 9.552511 1.027636 -14.773689
v 9.558629 1.029285 -14.769312
v 9.560791 1.036625 -14.770188
v 9.557290 1.027636 -14.761909
v 9.553961 1.058873 -14.777119
v 9.549010 1.071585 -14.765409
v 9.560719 1.058873 -14.760459
v 9.552511 1.067862 -14.773689
v 9.558629 1.066212 -14.769312
v 9.557290 1.067862 -14.761909
v 9.560791 1.058873 -14.770188
v 9.513531 1.023912 -14.681493
v 9.525241 1.036625 -14.676542
v 9.508580 1.036625 -14.669784
v 9.521811 1.027636 -14.677992
v 9.517433 1.029285 -14.671874
v 9.518311 1.036625 -14.669712
v 9.510031 1.027636 -14.673213
v 9.513531 1.071585 -14.681493
v 9.508580 1.058873 -14.669784
v 9.525241 1.058873 -14.676542
v 9.510031 1.067862 -14.673213
v 9.517433 1.066212 -14.671874
v 9.518311 1.058873 -14.669712
v 9.521811 1.067862 -14.677992
v 9.465094 1.023912 -14.800889
v 9.453384 1.036625 -14.805840
v 9.470044 1.036625 -14.812598
v 9.456814 1.027636 -14.804389
v 9.461192 1.029285 -14.810508
v 9.460315 1.036625 -14.812669
v 9.468595 1.027636 -14.809169
v 9.465094 1.071585 -14.800889
v 9.470044 1.058873 -14.812598
v 9.453384 1.058873 -14.805840
v 9.468595 1.067862 -14.809169
v 9.461192 1.066212 -14.810507
v 9.460315 1.058873 -14.812669
v 9.456814 1.067862 -14.804389
v 9.429615 1.023912 -14.716972
v 9.424664 1.036625 -14.705263
v 9.417906 1.036625 -14.721923
v 9.426114 1.027636 -14.708693
v 9.419996 1.029285 -14.713070
v 9.417834 1.036625 -14.712193
v 9.421335 1.027636 -14.720472
v 9.429615 1.071585 -14.716972
v 9.417906 1.058873 -14.721923
v 9.424664 1.058873 -14.705263
v 9.421335 1.067862 -14.720472
v 9.419996 1.066212 -14.713070
v 9.417834 1.058873 -14.712193
v 9.426114 1.067862 -14.708693
v 9.425245 1.023912 -14.472677
v 9.430196 1.036625 -14.484386
v 9.436954 1.036625 -14.467727
v 9.428746 1.027636 -14.480957
v 9.434864 1.029285 -14.476580
v 9.437026 1.036625 -14.477456
v 9.433525 1.027636 -14.469176
v 9.430196 1.058873 -14.484386
v 9.425245 1.071585 -14.472677
v 9.436954 1.058873 -14.467727
v 9.428746 1.067862 -14.480957
v 9.434864 1.066212 -14.476580
v 9.433525 1.067862 -14.469176
v 9.437026 1.058873 -14.477456
v 9.389766 1.023912 -14.388761
v 9.401475 1.036625 -14.383810
v 9.384815 1.036625 -14.377051
v 9.398046 1.027636 -14.385260
v 9.393668 1.029285 -14.379142
v 9.394546 1.036625 -14.376980
v 9.386266 1.027636 -14.380481
v 9.389766 1.071585 -14.388761
v 9.384815 1.058873 -14.377051
v 9.401475 1.058873 -14.383810
v 9.386266 1.067862 -14.380481
v 9.393668 1.066212 -14.379142
v 9.394546 1.058873 -14.376980
v 9.398046 1.067862 -14.385260
v 9.341329 1.023912 -14.508157
v 9.329619 1.036625 -14.513107
v 9.346279 1.036625 -14.519866
v 9.333049 1.027636 -14.511657
v 9.337426 1.029285 -14.517776
v 9.336550 1.036625 -14.519937
v 9.344830 1.027636 -14.516437
v 9.341329 1.071585 -14.508157
v 9.346279 1.058873 -14.519866
v 9.329619 1.058873 -14.513107
v 9.344830 1.067862 -14.516437
v 9.337427 1.066212 -14.517776
v 9.336550 1.058873 -14.519937
v 9.333049 1.067862 -14.511657
v 9.305849 1.023912 -14.424240
v 9.300899 1.036625 -14.412531
v 9.294140 1.036625 -14.429191
v 9.302349 1.027636 -14.415960
v 9.296231 1.029285 -14.420338
v 9.294069 1.036625 -14.419461
v 9.297569 1.027636 -14.427740
v 9.305849 1.071585 -14.424240
v 9.294140 1.058873 -14.429191
v 9.300899 1.058873 -14.412531
v 9.297569 1.067862 -14.427740
v 9.296230 1.066212 -14.420338
v 9.294069 1.058873 -14.419461
v 9.302349 1.067862 -14.415960
v 9.301480 1.023912 -14.179945
v 9.306431 1.036625 -14.191654
v 9.313190 1.036625 -14.174994
v 9.304981 1.027636 -14.188225
v 9.311099 1.029285 -14.183847
v 9.313260 1.036625 -14.184724
v 9.309760 1.027636 -14.176444
v 9.306431 1.058873 -14.191654
v 9.301480 1.071585 -14.179945
v 9.313190 1.058873 -14.174994
v 9.304981 1.067862 -14.188225
v 9.311099 1.066212 -14.183847
v 9.309760 1.067862 -14.176444
v 9.313260 1.058873 -14.184724
v 9.266001 1.023912 -14.096028
v 9.277710 1.036625 -14.091078
v 9.261050 1.036625 -14.084319
v 9.274281 1.027636 -14.092527
v 9.269903 1.029285 -14.086410
v 9.270780 1.036625 -14.084248
v 9.262500 1.027636 -14.087749
v 9.266001 1.071585 -14.096028
v 9.261050 1.058873 -14.084319
v 9.277710 1.058873 -14.091078
v 9.262500 1.067862 -14.087749
v 9.269903 1.066212 -14.086410
v 9.270780 1.058873 -14.084248
v 9.274281 1.067862 -14.092527
v 9.217564 1.023912 -14.215425
v 9.205854 1.036625 -14.220375
v 9.222514 1.036625 -14.227134
v 9.209284 1.027636 -14.218925
v 9.213661 1.029285 -14.225043
v 9.212785 1.036625 -14.227204
v 9.221065 1.027636 -14.223704
v 9.217564 1.071585 -14.215425
v 9.222514 1.058873 -14.227134
v 9.205854 1.058873 -14.220375
v 9.221065 1.067862 -14.223704
v 9.213661 1.066212 -14.225043
v 9.212785 1.058873 -14.227204
v 9.209284 1.067862 -14.218925
v 9.182084 1.023912 -14.131508
v 9.177134 1.036625 -14.119799
v 9.170375 1.036625 -14.136458
v 9.178583 1.027636 -14.123228
v 9.172465 1.029285 -14.127605
v 9.170304 1.036625 -14.126728
v 9.173804 1.027636 -14.135008
v 9.182084 1.071585 -14.131508
v 9.170375 1.058873 -14.136458
v 9.177134 1.058873 -14.119799
v 9.173804 1.067862 -14.135008
v 9.172465 1.066212 -14.127605
v 9.170304 1.058873 -14.126728
v 9.178583 1.067862 -14.123228
v 9.256278 1.023912 -14.889174
v 9.261229 1.036625 -14.900884
v 9.267987 1.036625 -14.884224
v 9.259779 1.027636 -14.897454
v 9.265897 1.029285 -14.893077
v 9.268059 1.036625 -14.893953
v 9.264558 1.027636 -14.885674
v 9.261229 1.058873 -14.900884
v 9.256278 1.071585 -14.889174
v 9.267987 1.058873 -14.884224
v 9.259779 1.067862 -14.897454
v 9.265897 1.066212 -14.893077
v 9.264558 1.067862 -14.885674
v 9.268059 1.058873 -14.893953
v 9.220799 1.023912 -14.805258
v 9.232509 1.036625 -14.800307
v 9.215848 1.036625 -14.793549
v 9.229078 1.027636 -14.801758
v 9.224701 1.029285 -14.795639
v 9.225578 1.036625 -14.793478
v 9.217299 1.027636 -14.796978
v 9.220799 1.071585 -14.805258
v 9.215848 1.058873 -14.793549
v 9.232509 1.058873 -14.800307
v 9.217299 1.067862 -14.796978
v 9.224701 1.066212 -14.795639
v 9.225578 1.058873 -14.793478
v 9.229078 1.067862 -14.801758
v 9.172361 1.023912 -14.924654
v 9.160652 1.036625 -14.929605
v 9.177313 1.036625 -14.936363
v 9.164083 1.027636 -14.928155
v 9.168460 1.029285 -14.934273
v 9.167583 1.036625 -14.936434
v 9.175862 1.027636 -14.932934
v 9.172361 1.071585 -14.924654
v 9.177313 1.058873 -14.936363
v 9.160652 1.058873 -14.929605
v 9.175862 1.067862 -14.932934
v 9.168460 1.066212 -14.934273
v 9.167583 1.058873 -14.936434
v 9.164083 1.067862 -14.928155
v 9.136883 1.023912 -14.840737
v 9.131932 1.036625 -14.829028
v 9.125174 1.036625 -14.845688
v 9.133382 1.027636 -14.832458
v 9.127264 1.029285 -14.836835
v 9.125102 1.036625 -14.835958
v 9.128603 1.027636 -14.844238
v 9.136883 1.071585 -14.840737
v 9.125174 1.058873 -14.845688
v 9.131932 1.058873 -14.829028
v 9.128603 1.067862 -14.844238
v 9.127264 1.066212 -14.836835
v 9.125102 1.058873 -14.835958
v 9.133382 1.067862 -14.832458
v 9.132513 1.023912 -14.596442
v 9.137464 1.036625 -14.608151
v 9.144222 1.036625 -14.591492
v 9.136014 1.027636 -14.604722
v 9.142132 1.029285 -14.600345
v 9.144294 1.036625 -14.601221
v 9.140793 1.027636 -14.592941
v 9.137464 1.058873 -14.608151
v 9.132513 1.071585 -14.596442
v 9.144222 1.058873 -14.591492
v 9.136014 1.067862 -14.604722
v 9.142132 1.066212 -14.600345
v 9.140793 1.067862 -14.592941
v 9.144294 1.058873 -14.601221
v 9.097034 1.023912 -14.512526
v 9.108743 1.036625 -14.507575
v 9.092083 1.036625 -14.500816
v 9.105313 1.027636 -14.509026
v 9.100936 1.029285 -14.502907
v 9.101813 1.036625 -14.500746
v 9.093534 1.027636 -14.504246
v 9.097034 1.071585 -14.512526
v 9.092083 1.058873 -14.500816
v 9.108743 1.058873 -14.507575
v 9.093534 1.067862 -14.504246
v 9.100936 1.066212 -14.502907
v 9.101813 1.058873 -14.500746
v 9.105313 1.067862 -14.509026
v 9.048596 1.023912 -14.631922
v 9.036887 1.036625 -14.636872
v 9.053547 1.036625 -14.643631
v 9.040317 1.027636 -14.635423
v 9.044695 1.029285 -14.641541
v 9.043818 1.036625 -14.643702
v 9.052097 1.027636 -14.640202
v 9.048596 1.071585 -14.631922
v 9.053547 1.058873 -14.643631
v 9.036887 1.058873 -14.636872
v 9.052097 1.067862 -14.640202
v 9.044695 1.066212 -14.641541
v 9.043818 1.058873 -14.643702
v 9.040317 1.067862 -14.635423
v 9.013117 1.023912 -14.548005
v 9.008166 1.036625 -14.536296
v 9.001408 1.036625 -14.552956
v 9.009617 1.027636 -14.539725
v 9.003499 1.029285 -14.544103
v 9.001337 1.036625 -14.543226
v 9.004837 1.027636 -14.551506
v 9.013117 1.071585 -14.548005
v 9.001408 1.058873 -14.552956
v 9.008166 1.058873 -14.536296
v 9.004837 1.067862 -14.551506
v 9.003499 1.066212 -14.544103
v 9.001337 1.058873 -14.543226
v 9.009617 1.067862 -14.539725
v 9.008748 1.023912 -14.303710
v 9.013699 1.036625 -14.315419
v 9.020457 1.036625 -14.298759
v 9.012249 1.027636 -14.311990
v 9.018367 1.029285 -14.307612
v 9.020528 1.036625 -14.308489
v 9.017028 1.027636 -14.300209
v 9.013699 1.058873 -14.315419
v 9.008748 1.071585 -14.303710
v 9.020457 1.058873 -14.298759
v 9.012249 1.067862 -14.311990
v 9.018367 1.066212 -14.307612
v 9.017028 1.067862 -14.300209
v 9.020528 1.058873 -14.308489
v 8.973269 1.023912 -14.219793
v 8.984978 1.036625 -14.214843
v 8.968318 1.036625 -14.208084
v 8.981548 1.027636 -14.216292
v 8.977171 1.029285 -14.210175
v 8.978047 1.036625 -14.208014
v 8.969768 1.027636 -14.211514
v 8.973269 1.071585 -14.219793
v 8.968318 1.058873 -14.208084
v 8.984978 1.058873 -14.214843
v 8.969768 1.067862 -14.211514
v 8.977171 1.066212 -14.210175
v 8.978047 1.058873 -14.208014
v 8.981548 1.067862 -14.216292
v 8.924831 1.023912 -14.339190
v 8.913122 1.036625 -14.344140
v 8.929782 1.036625 -14.350899
v 8.916552 1.027636 -14.342690
v 8.920929 1.029285 -14.348808
v 8.920053 1.036625 -14.350969
v 8.928332 1.027636 -14.347469
v 8.924831 1.071585 -14.339190
v 8.929782 1.058873 -14.350899
v 8.913122 1.058873 -14.344140
v 8.928332 1.067862 -14.347469
v 8.920929 1.066212 -14.348808
v 8.920053 1.058873 -14.350970
v 8.916552 1.067862 -14.342690
v 8.889352 1.023912 -14.255273
v 8.884401 1.036625 -14.243564
v 8.877643 1.036625 -14.260223
v 8.885851 1.027636 -14.246993
v 8.879733 1.029285 -14.251370
v 8.877572 1.036625 -14.250494
v 8.881072 1.027636 -14.258774
v 8.889352 1.071585 -14.255273
v 8.877643 1.058873 -14.260223
v 8.884401 1.058873 -14.243564
v 8.881072 1.067862 -14.258774
v 8.879733 1.066212 -14.251370
v 8.877572 1.058873 -14.250494
v 8.885851 1.067862 -14.246993
v 8.963546 1.023912 -15.012939
v 8.968496 1.036625 -15.024649
v 8.975255 1.036625 -15.007989
v 8.967047 1.027636 -15.021219
v 8.973165 1.029285 -15.016842
v 8.975327 1.036625 -15.017719
v 8.971826 1.027636 -15.009439
v 8.968496 1.058873 -15.024649
v 8.963546 1.071585 -15.012939
v 8.975255 1.058873 -15.007989
v 8.967047 1.067862 -15.021219
v 8.973165 1.066212 -15.016842
v 8.971826 1.067862 -15.009439
v 8.975327 1.058873 -15.017719
v 8.928067 1.023912 -14.929023
v 8.939776 1.036625 -14.924072
v 8.923116 1.036625 -14.917314
v 8.936346 1.027636 -14.925523
v 8.931969 1.029285 -14.919405
v 8.932846 1.036625 -14.917243
v 8.924566 1.027636 -14.920743
v 8.928067 1.071585 -14.929023
v 8.923116 1.058873 -14.917314
v 8.939776 1.058873 -14.924072
v 8.924566 1.067862 -14.920743
v 8.931969 1.066212 -14.919405
v 8.932846 1.058873 -14.917243
v 8.936346 1.067862 -14.925523
v 8.879629 1.023912 -15.048419
v 8.867920 1.036625 -15.053370
v 8.884581 1.036625 -15.060128
v 8.871350 1.027636 -15.051920
v 8.875728 1.029285 -15.058038
v 8.874850 1.036625 -15.060200
v 8.883130 1.027636 -15.056699
v 8.879629 1.071585 -15.048419
v 8.884581 1.058873 -15.060128
v 8.867920 1.058873 -15.053370
v 8.883130 1.067862 -15.056699
v 8.875728 1.066212 -15.058038
v 8.874850 1.058873 -15.060200
v 8.871350 1.067862 -15.051920
v 8.844151 1.023912 -14.964502
v 8.839200 1.036625 -14.952793
v 8.832441 1.036625 -14.969453
v 8.840650 1.027636 -14.956223
v 8.834532 1.029285 -14.960600
v 8.832370 1.036625 -14.959723
v 8.835871 1.027636 -14.968003
v 8.844151 1.071585 -14.964502
v 8.832441 1.058873 -14.969453
v 8.839200 1.058873 -14.952793
v 8.835871 1.067862 -14.968003
v 8.834532 1.066212 -14.960600
v 8.832370 1.058873 -14.959723
v 8.840650 1.067862 -14.956223
v 8.839781 1.023912 -14.720207
v 8.844731 1.036625 -14.731916
v 8.851490 1.036625 -14.715257
v 8.843282 1.027636 -14.728487
v 8.849400 1.029285 -14.724110
v 8.851562 1.036625 -14.724987
v 8.848061 1.027636 -14.716707
v 8.844731 1.058873 -14.731916
v 8.839781 1.071585 -14.720207
v 8.851490 1.058873 -14.715257
v 8.843282 1.067862 -14.728487
v 8.849400 1.066212 -14.724110
v 8.848061 1.067862 -14.716707
v 8.851562 1.058873 -14.724987
v 8.804301 1.023912 -14.636291
v 8.816010 1.036625 -14.631340
v 8.799351 1.036625 -14.624581
v 8.812581 1.027636 -14.632791
v 8.808204 1.029285 -14.626673
v 8.809081 1.036625 -14.624511
v 8.800801 1.027636 -14.628011
v 8.804301 1.071585 -14.636291
v 8.799351 1.058873 -14.624581
v 8.816010 1.058873 -14.631340
v 8.800801 1.067862 -14.628011
v 8.808204 1.066212 -14.626673
v 8.809081 1.058873 -14.624511
v 8.812581 1.067862 -14.632791
v 8.755864 1.023912 -14.755687
v 8.744155 1.036625 -14.760637
v 8.760815 1.036625 -14.767396
v 8.747584 1.027636 -14.759188
v 8.751962 1.029285 -14.765306
v 8.751085 1.036625 -14.767467
v 8.759365 1.027636 -14.763967
v 8.755864 1.071585 -14.755687
v 8.760815 1.058873 -14.767396
v 8.744155 1.058873 -14.760637
v 8.759365 1.067862 -14.763967
v 8.751962 1.066212 -14.765306
v 8.751085 1.058873 -14.767467
v 8.747584 1.067862 -14.759188
v 8.720385 1.023912 -14.671770
v 8.715434 1.036625 -14.660061
v 8.708675 1.036625 -14.676721
v 8.716885 1.027636 -14.663490
v 8.710767 1.029285 -14.667869
v 8.708605 1.036625 -14.666991
v 8.712105 1.027636 -14.675271
v 8.720385 1.071585 -14.671770
v 8.708675 1.058873 -14.676721
v 8.715434 1.058873 -14.660061
v 8.712105 1.067862 -14.675271
v 8.710767 1.066212 -14.667869
v 8.708605 1.058873 -14.666991
v 8.716885 1.067862 -14.663490
v 8.716016 1.023912 -14.427475
v 8.720966 1.036625 -14.439184
v 8.727725 1.036625 -14.422524
v 8.719517 1.027636 -14.435755
v 8.725635 1.029285 -14.431377
v 8.727796 1.036625 -14.432255
v 8.724296 1.027636 -14.423975
v 8.720966 1.058873 -14.439184
v 8.716016 1.071585 -14.427475
v 8.727725 1.058873 -14.422524
v 8.719517 1.067862 -14.435755
v 8.725635 1.066212 -14.431377
v 8.724296 1.067862 -14.423975
v 8.727796 1.058873 -14.432255
v 8.680536 1.023912 -14.343558
v 8.692245 1.036625 -14.338608
v 8.675586 1.036625 -14.331849
v 8.688816 1.027636 -14.340058
v 8.684439 1.029285 -14.333941
v 8.685315 1.036625 -14.331779
v 8.677035 1.027636 -14.335279
v 8.680536 1.071585 -14.343558
v 8.675586 1.058873 -14.331849
v 8.692245 1.058873 -14.338608
v 8.677035 1.067862 -14.335279
v 8.684439 1.066212 -14.333941
v 8.685315 1.058873 -14.331779
v 8.688816 1.067862 -14.340058
v 8.632099 1.023912 -14.462955
v 8.620390 1.036625 -14.467905
v 8.637050 1.036625 -14.474664
v 8.623819 1.027636 -14.466455
v 8.628197 1.029285 -14.472573
v 8.627320 1.036625 -14.474735
v 8.635600 1.027636 -14.471234
v 8.632099 1.071585 -14.462955
v 8.637050 1.058873 -14.474664
v 8.620390 1.058873 -14.467905
v 8.635600 1.067862 -14.471234
v 8.628197 1.066212 -14.472573
v 8.627320 1.058873 -14.474735
v 8.623819 1.067862 -14.466455
v 8.596620 1.023912 -14.379038
v 8.591669 1.036625 -14.367329
v 8.584910 1.036625 -14.383988
v 8.593119 1.027636 -14.370758
v 8.587001 1.029285 -14.375136
v 8.584840 1.036625 -14.374259
v 8.588340 1.027636 -14.382539
v 8.596620 1.071585 -14.379038
v 8.584910 1.058873 -14.383988
v 8.591669 1.058873 -14.367329
v 8.588340 1.067862 -14.382539
v 8.587001 1.066212 -14.375136
v 8.584840 1.058873 -14.374259
v 8.593119 1.067862 -14.370758
v 9.708511 0.640938 -14.933188
v 9.720888 0.672720 -14.962461
v 9.737785 0.672720 -14.920813
v 9.714692 0.645184 -14.947806
v 9.723129 0.645184 -14.927009
v 9.728429 0.649309 -14.941269
v 9.733852 0.672720 -14.952371
v 9.719234 0.656850 -14.958551
v 9.731627 0.657522 -14.948833
v 9.733874 0.656850 -14.922465
v 9.740054 0.672720 -14.937083
v 9.735994 0.657522 -14.938070
v 9.720888 0.831631 -14.962461
v 9.708511 0.863413 -14.933188
v 9.737785 0.831631 -14.920813
v 9.719234 0.847501 -14.958551
v 9.733852 0.831631 -14.952371
v 9.731627 0.846829 -14.948833
v 9.723129 0.859167 -14.927009
v 9.714692 0.859167 -14.947806
v 9.728429 0.855042 -14.941269
v 9.740054 0.831631 -14.937083
v 9.733874 0.847501 -14.922465
v 9.735994 0.846829 -14.938070
v 9.574432 0.640938 -14.616062
v 9.603706 0.672720 -14.603685
v 9.562057 0.672720 -14.586789
v 9.589050 0.645184 -14.609882
v 9.568253 0.645184 -14.601445
v 9.582513 0.649309 -14.596145
v 9.593615 0.672720 -14.590722
v 9.599795 0.656850 -14.605339
v 9.590077 0.657522 -14.592946
v 9.563709 0.656850 -14.590700
v 9.578327 0.672720 -14.584519
v 9.579314 0.657522 -14.588580
v 9.574432 0.863413 -14.616062
v 9.562057 0.831631 -14.586789
v 9.603706 0.831631 -14.603685
v 9.568253 0.859167 -14.601445
v 9.589050 0.859167 -14.609882
v 9.582513 0.855042 -14.596145
v 9.578327 0.831631 -14.584519
v 9.563709 0.847501 -14.590700
v 9.579314 0.846829 -14.588580
v 9.599795 0.847501 -14.605339
v 9.593615 0.831631 -14.590722
v 9.590077 0.846829 -14.592946
v 8.888862 0.640938 -15.279732
v 8.859589 0.672720 -15.292108
v 8.901238 0.672720 -15.309005
v 8.874244 0.645184 -15.285912
v 8.895041 0.645184 -15.294349
v 8.880781 0.649309 -15.299648
v 8.869679 0.672720 -15.305072
v 8.863499 0.656850 -15.290454
v 8.873217 0.657522 -15.302847
v 8.899585 0.656850 -15.305094
v 8.884967 0.672720 -15.311274
v 8.883980 0.657522 -15.307214
v 8.888862 0.863413 -15.279732
v 8.901238 0.831631 -15.309005
v 8.859589 0.831631 -15.292108
v 8.895041 0.859167 -15.294349
v 8.874244 0.859167 -15.285912
v 8.880781 0.855042 -15.299648
v 8.884967 0.831631 -15.311274
v 8.899585 0.847501 -15.305094
v 8.883980 0.846829 -15.307214
v 8.863499 0.847501 -15.290454
v 8.869679 0.831631 -15.305072
v 8.873217 0.846829 -15.302847
v 8.754783 0.640938 -14.962605
v 8.742406 0.672720 -14.933331
v 8.725510 0.672720 -14.974981
v 8.748603 0.645184 -14.947988
v 8.740165 0.645184 -14.968784
v 8.734865 0.649309 -14.954525
v 8.729443 0.672720 -14.943422
v 8.744060 0.656850 -14.937243
v 8.731667 0.657522 -14.946959
v 8.729420 0.656850 -14.973328
v 8.723240 0.672720 -14.958711
v 8.727301 0.657522 -14.957723
v 8.754783 0.863413 -14.962605
v 8.725510 0.831631 -14.974981
v 8.742406 0.831631 -14.933331
v 8.740165 0.859167 -14.968784
v 8.748603 0.859167 -14.947988
v 8.734865 0.855042 -14.954525
v 8.723240 0.831631 -14.958711
v 8.729420 0.847501 -14.973328
v 8.727301 0.846829 -14.957723
v 8.744060 0.847501 -14.937243
v 8.729443 0.831631 -14.943422
v 8.731667 0.846829 -14.946959
v 9.423791 0.609156 -14.357697
v 9.436168 0.640938 -14.386971
v 9.453064 0.640938 -14.345321
v 9.429971 0.613402 -14.372314
v 9.438408 0.613402 -14.351517
v 9.443708 0.617527 -14.365777
v 9.449131 0.640938 -14.376880
v 9.434514 0.625068 -14.383060
v 9.446906 0.625740 -14.373343
v 9.449153 0.625068 -14.346974
v 9.455334 0.640938 -14.361591
v 9.451273 0.625740 -14.362579
v 9.436168 0.799849 -14.386971
v 9.423791 0.831631 -14.357697
v 9.453064 0.799849 -14.345321
v 9.434514 0.815719 -14.383060
v 9.449131 0.799849 -14.376880
v 9.446906 0.815047 -14.373343
v 9.438408 0.827385 -14.351517
v 9.429971 0.827385 -14.372314
v 9.443708 0.823260 -14.365777
v 9.455334 0.799849 -14.361591
v 9.449153 0.815719 -14.346974
v 9.451273 0.815047 -14.362579
v 9.289712 0.609156 -14.040570
v 9.318985 0.640938 -14.028194
v 9.277335 0.640938 -14.011297
v 9.304329 0.613402 -14.034390
v 9.283531 0.613402 -14.025953
v 9.297792 0.617527 -14.020654
v 9.308894 0.640938 -14.015230
v 9.315074 0.625068 -14.029848
v 9.305357 0.625740 -14.017455
v 9.278989 0.625068 -14.015208
v 9.293606 0.640938 -14.009028
v 9.294594 0.625740 -14.013088
v 9.289712 0.831631 -14.040570
v 9.277335 0.799849 -14.011297
v 9.318985 0.799849 -14.028194
v 9.283531 0.827385 -14.025953
v 9.304329 0.827385 -14.034390
v 9.297792 0.823260 -14.020654
v 9.293606 0.799849 -14.009028
v 9.278989 0.815719 -14.015208
v 9.294594 0.815047 -14.013088
v 9.315074 0.815719 -14.029848
v 9.308894 0.799849 -14.015230
v 9.305357 0.815047 -14.017455
v 8.674397 0.609156 -14.674536
v 8.645123 0.640938 -14.686913
v 8.686772 0.640938 -14.703810
v 8.659779 0.613402 -14.680717
v 8.680576 0.613402 -14.689154
v 8.666316 0.617527 -14.694453
v 8.655214 0.640938 -14.699877
v 8.649034 0.625068 -14.685259
v 8.658751 0.625740 -14.697652
v 8.685120 0.625068 -14.699899
v 8.670502 0.640938 -14.706079
v 8.669515 0.625740 -14.702019
v 8.674397 0.831631 -14.674536
v 8.686772 0.799849 -14.703810
v 8.645123 0.799849 -14.686913
v 8.680576 0.827385 -14.689154
v 8.659779 0.827385 -14.680717
v 8.666316 0.823260 -14.694453
v 8.670502 0.799849 -14.706079
v 8.685120 0.815719 -14.699899
v 8.669515 0.815047 -14.702019
v 8.649034 0.815719 -14.685259
v 8.655214 0.799849 -14.699877
v 8.658751 0.815047 -14.697652
v 8.540318 0.609156 -14.357409
v 8.527941 0.640938 -14.328136
v 8.511045 0.640938 -14.369786
v 8.534137 0.613402 -14.342793
v 8.525700 0.613402 -14.363589
v 8.520400 0.617527 -14.349329
v 8.514977 0.640938 -14.338227
v 8.529594 0.625068 -14.332047
v 8.517201 0.625740 -14.341764
v 8.514955 0.625068 -14.368133
v 8.508775 0.640938 -14.353516
v 8.512836 0.625740 -14.352528
v 8.540318 0.831631 -14.357409
v 8.511045 0.799849 -14.369786
v 8.527941 0.799849 -14.328136
v 8.525700 0.827385 -14.363589
v 8.534138 0.827385 -14.342793
v 8.520400 0.823260 -14.349329
v 8.508775 0.799849 -14.353516
v 8.514955 0.815719 -14.368133
v 8.512836 0.815047 -14.352528
v 8.529594 0.815719 -14.332047
v 8.514977 0.799849 -14.338227
v 8.517201 0.815047 -14.341764
v 9.598338 0.823685 -14.378791
v 9.610714 0.855467 -14.408065
v 9.627611 0.855467 -14.366415
v 9.604518 0.827931 -14.393409
v 9.612955 0.827931 -14.372611
v 9.618255 0.832056 -14.386871
v 9.623678 0.855467 -14.397974
v 9.609060 0.839597 -14.404154
v 9.621453 0.840269 -14.394436
v 9.623700 0.839597 -14.368069
v 9.629880 0.855467 -14.382686
v 9.625820 0.840269 -14.383673
v 9.610714 0.966704 -14.408065
v 9.598338 0.998487 -14.378791
v 9.627611 0.966704 -14.366415
v 9.609060 0.982575 -14.404154
v 9.623678 0.966705 -14.397974
v 9.621453 0.981903 -14.394436
v 9.612955 0.994241 -14.372611
v 9.604518 0.994241 -14.393409
v 9.618255 0.990116 -14.386871
v 9.629880 0.966705 -14.382686
v 9.623700 0.982575 -14.368069
v 9.625820 0.981903 -14.383673
v 9.486949 0.823685 -14.115333
v 9.516222 0.855467 -14.102956
v 9.474572 0.855467 -14.086059
v 9.501566 0.827931 -14.109152
v 9.480769 0.827931 -14.100715
v 9.495029 0.832056 -14.095415
v 9.506131 0.855467 -14.089992
v 9.512311 0.839597 -14.104609
v 9.502594 0.840269 -14.092216
v 9.476226 0.839597 -14.089970
v 9.490843 0.855467 -14.083790
v 9.491831 0.840269 -14.087851
v 9.486949 0.998487 -14.115333
v 9.474572 0.966704 -14.086059
v 9.516222 0.966704 -14.102956
v 9.480769 0.994241 -14.100715
v 9.501566 0.994241 -14.109152
v 9.495029 0.990116 -14.095415
v 9.490843 0.966705 -14.083790
v 9.476226 0.982575 -14.089970
v 9.491831 0.981903 -14.087851
v 9.512311 0.982575 -14.104609
v 9.506131 0.966705 -14.089992
v 9.502594 0.981903 -14.092216
v 9.410989 0.823685 -14.458001
v 9.381716 0.855467 -14.470378
v 9.423366 0.855467 -14.487274
v 9.396372 0.827931 -14.464181
v 9.417170 0.827931 -14.472618
v 9.402908 0.832056 -14.477919
v 9.391807 0.855467 -14.483341
v 9.385627 0.839597 -14.468724
v 9.395344 0.840269 -14.481117
v 9.421712 0.839597 -14.483363
v 9.407095 0.855467 -14.489544
v 9.406107 0.840269 -14.485483
v 9.410989 0.998487 -14.458001
v 9.423366 0.966704 -14.487274
v 9.381716 0.966704 -14.470378
v 9.417170 0.994241 -14.472618
v 9.396372 0.994241 -14.464181
v 9.402908 0.990116 -14.477919
v 9.407095 0.966705 -14.489544
v 9.421712 0.982575 -14.483363
v 9.406107 0.981903 -14.485483
v 9.385627 0.982575 -14.468724
v 9.391807 0.966705 -14.483341
v 9.395344 0.981903 -14.481117
v 9.299601 0.823685 -14.194542
v 9.287224 0.855467 -14.165269
v 9.270328 0.855467 -14.206919
v 9.293420 0.827931 -14.179925
v 9.284983 0.827931 -14.200722
v 9.279683 0.832056 -14.186461
v 9.274260 0.855467 -14.175360
v 9.288877 0.839597 -14.169180
v 9.276484 0.840269 -14.178897
v 9.274238 0.839597 -14.205265
v 9.268058 0.855467 -14.190648
v 9.272119 0.840269 -14.189660
v 9.299601 0.998487 -14.194542
v 9.270328 0.966704 -14.206919
v 9.287224 0.966704 -14.165269
v 9.284983 0.994241 -14.200722
v 9.293420 0.994241 -14.179925
v 9.279683 0.990116 -14.186461
v 9.268058 0.966705 -14.190648
v 9.274238 0.982575 -14.205265
v 9.272119 0.981903 -14.189660
v 9.288877 0.982575 -14.169180
v 9.274260 0.966705 -14.175360
v 9.276484 0.981903 -14.178897
v 9.673729 0.442300 -14.763864
v 9.684042 0.468785 -14.788258
v 9.698123 0.468785 -14.753550
v 9.681022 0.450058 -14.781113
v 9.693768 0.453494 -14.771993
v 9.698271 0.468785 -14.773820
v 9.690978 0.450058 -14.756571
v 9.684042 0.558835 -14.788258
v 9.673729 0.585320 -14.763864
v 9.698123 0.558835 -14.753550
v 9.681022 0.577562 -14.781113
v 9.693768 0.574126 -14.771993
v 9.690978 0.577562 -14.756571
v 9.698271 0.558835 -14.773820
v 9.580905 0.442300 -14.544314
v 9.605299 0.468785 -14.534000
v 9.570591 0.468785 -14.519919
v 9.598154 0.450058 -14.537022
v 9.589034 0.453494 -14.524276
v 9.590861 0.468785 -14.519772
v 9.573611 0.450058 -14.527064
v 9.580905 0.585320 -14.544314
v 9.570591 0.558835 -14.519919
v 9.605299 0.558835 -14.534000
v 9.573611 0.577562 -14.527064
v 9.589034 0.574126 -14.524276
v 9.590861 0.558835 -14.519772
v 9.598154 0.577562 -14.537022
v 9.529314 0.442300 -14.824921
v 9.504919 0.468785 -14.835235
v 9.539628 0.468785 -14.849316
v 9.512064 0.450058 -14.832213
v 9.521185 0.453494 -14.844959
v 9.519358 0.468785 -14.849463
v 9.536607 0.450058 -14.842170
v 9.529314 0.585320 -14.824921
v 9.539628 0.558835 -14.849316
v 9.504919 0.558835 -14.835235
v 9.536607 0.577562 -14.842170
v 9.521185 0.574126 -14.844959
v 9.519358 0.558835 -14.849463
v 9.512064 0.577562 -14.832213
v 9.436490 0.442300 -14.605371
v 9.426176 0.468785 -14.580977
v 9.412096 0.468785 -14.615685
v 9.429197 0.450058 -14.588122
v 9.416451 0.453494 -14.597242
v 9.411947 0.468785 -14.595415
v 9.419241 0.450058 -14.612664
v 9.436490 0.585320 -14.605371
v 9.412096 0.558835 -14.615685
v 9.426176 0.558835 -14.580977
v 9.419241 0.577562 -14.612664
v 9.416451 0.574126 -14.597242
v 9.411947 0.558835 -14.595415
v 9.429197 0.577562 -14.588122
v 8.755269 0.823685 -14.735235
v 8.767646 0.855467 -14.764508
v 8.784542 0.855467 -14.722858
v 8.761449 0.827931 -14.749852
v 8.769886 0.827931 -14.729055
v 8.775187 0.832056 -14.743316
v 8.780609 0.855467 -14.754417
v 8.765992 0.839597 -14.760597
v 8.778384 0.840269 -14.750880
v 8.780631 0.839597 -14.724512
v 8.786812 0.855467 -14.739129
v 8.782751 0.840269 -14.740117
v 8.767646 0.966704 -14.764508
v 8.755269 0.998487 -14.735235
v 8.784542 0.966704 -14.722858
v 8.765992 0.982575 -14.760597
v 8.780609 0.966705 -14.754417
v 8.778384 0.981903 -14.750880
v 8.769886 0.994241 -14.729055
v 8.761449 0.994241 -14.749852
v 8.775187 0.990116 -14.743316
v 8.786812 0.966705 -14.739129
v 8.780631 0.982575 -14.724512
v 8.782751 0.981903 -14.740117
v 8.643880 0.823685 -14.471776
v 8.673153 0.855467 -14.459399
v 8.631504 0.855467 -14.442503
v 8.658498 0.827931 -14.465596
v 8.637700 0.827931 -14.457159
v 8.651960 0.832056 -14.451859
v 8.663062 0.855467 -14.446436
v 8.669243 0.839597 -14.461053
v 8.659525 0.840269 -14.448660
v 8.633157 0.839597 -14.446414
v 8.647775 0.855467 -14.440233
v 8.648762 0.840269 -14.444294
v 8.643880 0.998487 -14.471776
v 8.631504 0.966704 -14.442503
v 8.673153 0.966704 -14.459399
v 8.637700 0.994241 -14.457159
v 8.658498 0.994241 -14.465596
v 8.651960 0.990116 -14.451859
v 8.647775 0.966705 -14.440233
v 8.633157 0.982575 -14.446414
v 8.648762 0.981903 -14.444294
v 8.669243 0.982575 -14.461053
v 8.663062 0.966705 -14.446436
v 8.659525 0.981903 -14.448660
v 8.567920 0.823685 -14.814445
v 8.538647 0.855467 -14.826821
v 8.580297 0.855467 -14.843718
v 8.553303 0.827931 -14.820625
v 8.574100 0.827931 -14.829062
v 8.559840 0.832056 -14.834362
v 8.548738 0.855467 -14.839786
v 8.542558 0.839597 -14.825168
v 8.552276 0.840269 -14.837561
v 8.578643 0.839597 -14.839808
v 8.564026 0.855467 -14.845987
v 8.563038 0.840269 -14.841927
v 8.567920 0.998487 -14.814445
v 8.580297 0.966704 -14.843718
v 8.538647 0.966704 -14.826821
v 8.574100 0.994241 -14.829062
v 8.553303 0.994241 -14.820625
v 8.559840 0.990116 -14.834362
v 8.564026 0.966705 -14.845987
v 8.578643 0.982575 -14.839808
v 8.563038 0.981903 -14.841927
v 8.542558 0.982575 -14.825168
v 8.548738 0.966705 -14.839786
v 8.552276 0.981903 -14.837561
v 8.456532 0.823685 -14.550986
v 8.444155 0.855467 -14.521712
v 8.427258 0.855467 -14.563362
v 8.450352 0.827931 -14.536368
v 8.441915 0.827931 -14.557166
v 8.436614 0.832056 -14.542906
v 8.431191 0.855467 -14.531803
v 8.445808 0.839597 -14.525623
v 8.433415 0.840269 -14.535341
v 8.431170 0.839597 -14.561708
v 8.424989 0.855467 -14.547091
v 8.429049 0.840269 -14.546104
v 8.456532 0.998487 -14.550986
v 8.427258 0.966704 -14.563362
v 8.444155 0.966704 -14.521712
v 8.441915 0.994241 -14.557166
v 8.450352 0.994241 -14.536368
v 8.436614 0.990116 -14.542906
v 8.424989 0.966705 -14.547091
v 8.431170 0.982575 -14.561708
v 8.429049 0.981903 -14.546104
v 8.445808 0.982575 -14.525623
v 8.431191 0.966705 -14.531803
v 8.433415 0.981903 -14.535341
v 8.936044 0.442300 -15.075751
v 8.946357 0.468785 -15.100146
v 8.960438 0.468785 -15.065438
v 8.943336 0.450058 -15.093001
v 8.956082 0.453494 -15.083881
v 8.960586 0.468785 -15.085708
v 8.953293 0.450058 -15.068459
v 8.946357 0.558835 -15.100146
v 8.936044 0.585320 -15.075751
v 8.960438 0.558835 -15.065438
v 8.943336 0.577562 -15.093001
v 8.956082 0.574126 -15.083881
v 8.953293 0.577562 -15.068459
v 8.960586 0.558835 -15.085708
v 8.843220 0.442300 -14.856202
v 8.867614 0.468785 -14.845889
v 8.832906 0.468785 -14.831808
v 8.860469 0.450058 -14.848909
v 8.851349 0.453494 -14.836164
v 8.853176 0.468785 -14.831660
v 8.835926 0.450058 -14.838953
v 8.843220 0.585320 -14.856202
v 8.832906 0.558835 -14.831808
v 8.867614 0.558835 -14.845889
v 8.835926 0.577562 -14.838953
v 8.851349 0.574126 -14.836164
v 8.853176 0.558835 -14.831660
v 8.860469 0.577562 -14.848909
v 8.791629 0.442300 -15.136809
v 8.767235 0.468785 -15.147123
v 8.801943 0.468785 -15.161203
v 8.774380 0.450058 -15.144102
v 8.783499 0.453494 -15.156848
v 8.781672 0.468785 -15.161351
v 8.798922 0.450058 -15.154058
v 8.791629 0.585320 -15.136809
v 8.801943 0.558835 -15.161203
v 8.767235 0.558835 -15.147123
v 8.798922 0.577562 -15.154058
v 8.783499 0.574126 -15.156848
v 8.781672 0.558835 -15.161351
v 8.774380 0.577562 -15.144102
v 8.698805 0.442300 -14.917260
v 8.688491 0.468785 -14.892865
v 8.674411 0.468785 -14.927574
v 8.691512 0.450058 -14.900010
v 8.678766 0.453494 -14.909130
v 8.674262 0.468785 -14.907304
v 8.681556 0.450058 -14.924553
v 8.698805 0.585320 -14.917260
v 8.674411 0.558835 -14.927574
v 8.688491 0.558835 -14.892865
v 8.681556 0.577562 -14.924553
v 8.678766 0.574126 -14.909130
v 8.674262 0.558835 -14.907304
v 8.691512 0.577562 -14.900010
v 9.488084 0.268823 -14.779092
v 9.500461 0.300605 -14.808365
v 9.517357 0.300605 -14.766715
v 9.494264 0.273069 -14.793709
v 9.502701 0.273069 -14.772911
v 9.508001 0.277194 -14.787171
v 9.513424 0.300605 -14.798274
v 9.498807 0.284735 -14.804454
v 9.511200 0.285407 -14.794737
v 9.513446 0.284735 -14.768369
v 9.519627 0.300605 -14.782986
v 9.515566 0.285407 -14.783974
v 9.500461 0.435679 -14.808365
v 9.488084 0.467461 -14.779092
v 9.517357 0.435679 -14.766715
v 9.498807 0.451549 -14.804454
v 9.513424 0.435679 -14.798274
v 9.511200 0.450878 -14.794737
v 9.502701 0.463215 -14.772911
v 9.494264 0.463215 -14.793709
v 9.508001 0.459091 -14.787171
v 9.519627 0.435679 -14.782986
v 9.513446 0.451549 -14.768369
v 9.515566 0.450878 -14.783974
v 9.172482 0.268823 -14.032624
v 9.201756 0.300605 -14.020248
v 9.160106 0.300605 -14.003351
v 9.187100 0.273069 -14.026444
v 9.166303 0.273069 -14.018007
v 9.180563 0.277194 -14.012707
v 9.191665 0.300605 -14.007284
v 9.197845 0.284735 -14.021901
v 9.188128 0.285407 -14.009509
v 9.161759 0.284735 -14.007262
v 9.176377 0.300605 -14.001081
v 9.177364 0.285407 -14.005142
v 9.172482 0.467461 -14.032624
v 9.160106 0.435679 -14.003351
v 9.201756 0.435679 -14.020248
v 9.166303 0.463215 -14.018007
v 9.187100 0.463215 -14.026444
v 9.180563 0.459091 -14.012707
v 9.176377 0.435679 -14.001081
v 9.161759 0.451549 -14.007262
v 9.177364 0.450878 -14.005142
v 9.197845 0.451549 -14.021901
v 9.191665 0.435679 -14.007284
v 9.188128 0.450878 -14.009509
v 8.931892 0.268823 -15.014245
v 8.902619 0.300605 -15.026622
v 8.944269 0.300605 -15.043519
v 8.917275 0.273069 -15.020426
v 8.938073 0.273069 -15.028863
v 8.923813 0.277194 -15.034163
v 8.912710 0.300605 -15.039586
v 8.906530 0.284735 -15.024968
v 8.916247 0.285407 -15.037361
v 8.942616 0.284735 -15.039608
v 8.927999 0.300605 -15.045788
v 8.927011 0.285407 -15.041728
v 8.931892 0.467461 -15.014245
v 8.944269 0.435679 -15.043519
v 8.902619 0.435679 -15.026622
v 8.938073 0.463215 -15.028863
v 8.917275 0.463215 -15.020426
v 8.923813 0.459091 -15.034163
v 8.927999 0.435679 -15.045788
v 8.942616 0.451549 -15.039608
v 8.927011 0.450878 -15.041728
v 8.906530 0.451549 -15.024968
v 8.912710 0.435679 -15.039586
v 8.916247 0.450878 -15.037361
v 8.616291 0.268823 -14.267778
v 8.603915 0.300605 -14.238505
v 8.587018 0.300605 -14.280155
v 8.610111 0.273069 -14.253160
v 8.601674 0.273069 -14.273958
v 8.596374 0.277194 -14.259698
v 8.590951 0.300605 -14.248596
v 8.605568 0.284735 -14.242416
v 8.593176 0.285407 -14.252133
v 8.590929 0.284735 -14.278502
v 8.584749 0.300605 -14.263884
v 8.588809 0.285407 -14.262897
v 8.616291 0.467461 -14.267778
v 8.587018 0.435679 -14.280155
v 8.603915 0.435679 -14.238505
v 8.601674 0.463215 -14.273958
v 8.610111 0.463215 -14.253160
v 8.596374 0.459091 -14.259698
v 8.584749 0.435679 -14.263884
v 8.590929 0.451549 -14.278502
v 8.588809 0.450878 -14.262897
v 8.605568 0.451549 -14.242416
v 8.590951 0.435679 -14.248596
v 8.593176 0.450878 -14.252133
v 9.424793 0.791903 -14.166916
v 9.443358 0.839576 -14.210825
v 9.468703 0.839576 -14.148351
v 9.431898 0.795532 -14.183719
v 9.437921 0.805866 -14.197965
v 9.441597 0.795532 -14.159811
v 9.449301 0.799912 -14.176858
v 9.453327 0.808291 -14.188819
v 9.460863 0.812052 -14.181548
v 9.458749 0.839576 -14.200378
v 9.468969 0.839576 -14.184837
v 9.441945 0.821333 -14.207483
v 9.457464 0.820875 -14.196167
v 9.465793 0.821824 -14.183548
v 9.465361 0.821333 -14.149764
v 9.455843 0.805866 -14.153789
v 9.472466 0.839576 -14.166568
v 9.468610 0.820875 -14.168694
v 9.460523 0.808291 -14.171083
v 9.443358 1.803632 -14.210825
v 9.424793 1.851305 -14.166916
v 9.468703 1.803632 -14.148351
v 9.441945 1.821876 -14.207483
v 9.437921 1.837342 -14.197965
v 9.458749 1.803632 -14.200378
v 9.457464 1.822333 -14.196167
v 9.453327 1.834918 -14.188819
v 9.460863 1.831156 -14.181548
v 9.441597 1.847676 -14.159811
v 9.455843 1.837342 -14.153789
v 9.431898 1.847676 -14.183719
v 9.449301 1.843297 -14.176858
v 9.460523 1.834918 -14.171083
v 9.472466 1.803632 -14.166568
v 9.468969 1.803632 -14.184837
v 9.465361 1.821876 -14.149764
v 9.468610 1.822333 -14.168694
v 9.465793 1.821384 -14.183548
v 9.082376 0.791903 -13.357023
v 9.126287 0.839576 -13.338458
v 9.063811 0.839576 -13.313113
v 9.099180 0.795532 -13.349918
v 9.113425 0.805866 -13.343896
v 9.075272 0.795532 -13.340219
v 9.092319 0.799912 -13.332516
v 9.104280 0.808291 -13.328489
v 9.097010 0.812052 -13.320953
v 9.115839 0.839576 -13.323068
v 9.100298 0.839576 -13.312847
v 9.122944 0.821333 -13.339871
v 9.111628 0.820875 -13.324352
v 9.099010 0.821824 -13.316024
v 9.065225 0.821333 -13.316456
v 9.069249 0.805866 -13.325974
v 9.082028 0.839576 -13.309351
v 9.084155 0.820875 -13.313208
v 9.086544 0.808291 -13.321294
v 9.082376 1.851305 -13.357023
v 9.063811 1.803632 -13.313113
v 9.126287 1.803632 -13.338458
v 9.075272 1.847676 -13.340219
v 9.069249 1.837342 -13.325974
v 9.099180 1.847676 -13.349918
v 9.092319 1.843297 -13.332516
v 9.086544 1.834918 -13.321294
v 9.097010 1.831156 -13.320953
v 9.082028 1.803632 -13.309351
v 9.100298 1.803632 -13.312847
v 9.065225 1.821876 -13.316456
v 9.084155 1.822333 -13.313208
v 9.099010 1.821384 -13.316024
v 9.122944 1.821876 -13.339871
v 9.113425 1.837342 -13.343896
v 9.115839 1.803632 -13.323068
v 9.111628 1.822333 -13.324352
v 9.104280 1.834918 -13.328489
v 8.536839 0.791903 -14.542336
v 8.492929 0.839576 -14.560902
v 8.555404 0.839576 -14.586246
v 8.520036 0.795532 -14.549441
v 8.505790 0.805866 -14.555464
v 8.543943 0.795532 -14.559140
v 8.526897 0.799912 -14.566844
v 8.514936 0.808291 -14.570870
v 8.522206 0.812052 -14.578406
v 8.503376 0.839576 -14.576292
v 8.518917 0.839576 -14.586513
v 8.496272 0.821333 -14.559488
v 8.507588 0.820875 -14.575007
v 8.520206 0.821824 -14.583336
v 8.553990 0.821333 -14.582904
v 8.549967 0.805866 -14.573385
v 8.537188 0.839576 -14.590009
v 8.535061 0.820875 -14.586153
v 8.532672 0.808291 -14.578066
v 8.536839 1.851305 -14.542336
v 8.555404 1.803632 -14.586246
v 8.492929 1.803632 -14.560902
v 8.543943 1.847676 -14.559140
v 8.549967 1.837342 -14.573385
v 8.520036 1.847676 -14.549441
v 8.526897 1.843297 -14.566844
v 8.532672 1.834918 -14.578066
v 8.522206 1.831156 -14.578406
v 8.537188 1.803632 -14.590009
v 8.518917 1.803632 -14.586513
v 8.553990 1.821876 -14.582904
v 8.535061 1.822333 -14.586153
v 8.520206 1.821384 -14.583336
v 8.496272 1.821876 -14.559488
v 8.505790 1.837342 -14.555464
v 8.503376 1.803632 -14.576292
v 8.507588 1.822333 -14.575007
v 8.514936 1.834918 -14.570870
v 8.194422 0.791903 -13.732444
v 8.175858 0.839576 -13.688534
v 8.150513 0.839576 -13.751009
v 8.187318 0.795532 -13.715641
v 8.181295 0.805866 -13.701395
v 8.177619 0.795532 -13.739549
v 8.169915 0.799912 -13.722502
v 8.165888 0.808291 -13.710541
v 8.158353 0.812052 -13.717812
v 8.160467 0.839576 -13.698981
v 8.150246 0.839576 -13.714522
v 8.177271 0.821333 -13.691876
v 8.161752 0.820875 -13.703194
v 8.153423 0.821824 -13.715812
v 8.153854 0.821333 -13.749596
v 8.163373 0.805866 -13.745571
v 8.146750 0.839576 -13.732792
v 8.150606 0.820875 -13.730665
v 8.158693 0.808291 -13.728277
v 8.194422 1.851305 -13.732444
v 8.150513 1.803632 -13.751009
v 8.175858 1.803632 -13.688534
v 8.177618 1.847676 -13.739549
v 8.163373 1.837342 -13.745571
v 8.187318 1.847676 -13.715640
v 8.169915 1.843297 -13.722502
v 8.158693 1.834918 -13.728276
v 8.158353 1.831156 -13.717812
v 8.146750 1.803632 -13.732792
v 8.150246 1.803632 -13.714522
v 8.153854 1.821876 -13.749596
v 8.150606 1.822333 -13.730665
v 8.153423 1.821384 -13.715811
v 8.177271 1.821876 -13.691876
v 8.181294 1.837342 -13.701395
v 8.160467 1.803632 -13.698981
v 8.161752 1.822333 -13.703193
v 8.165888 1.834918 -13.710541
v 8.480058 0.873477 -14.561743
v 8.485008 0.886190 -14.573452
v 8.491767 0.886190 -14.556792
v 8.483559 0.877201 -14.570023
v 8.489676 0.878850 -14.565645
v 8.491838 0.886190 -14.566522
v 8.488338 0.877201 -14.558242
v 8.485008 0.977298 -14.573452
v 8.480058 0.990011 -14.561743
v 8.491767 0.977298 -14.556792
v 8.483559 0.986288 -14.570023
v 8.489676 0.984638 -14.565645
v 8.488338 0.986288 -14.558242
v 8.491838 0.977298 -14.566522
v 8.444578 0.873477 -14.477826
v 8.456287 0.886190 -14.472876
v 8.439628 0.886190 -14.466117
v 8.452858 0.877201 -14.474325
v 8.448481 0.878850 -14.468207
v 8.449357 0.886190 -14.466045
v 8.441078 0.877201 -14.469546
v 8.444578 0.990011 -14.477826
v 8.439628 0.977298 -14.466117
v 8.456287 0.977298 -14.472876
v 8.441078 0.986288 -14.469546
v 8.448481 0.984638 -14.468207
v 8.449357 0.977298 -14.466045
v 8.452858 0.986288 -14.474325
v 8.459566 0.873477 -14.570406
v 8.447857 0.886190 -14.575356
v 8.464518 0.886190 -14.582115
v 8.451286 0.877201 -14.573907
v 8.455665 0.878850 -14.580025
v 8.454787 0.886190 -14.582187
v 8.463067 0.877201 -14.578686
v 8.459566 0.990011 -14.570406
v 8.464518 0.977298 -14.582115
v 8.447857 0.977298 -14.575356
v 8.463067 0.986288 -14.578686
v 8.455665 0.984638 -14.580025
v 8.454787 0.977298 -14.582187
v 8.451286 0.986288 -14.573907
v 8.424088 0.873477 -14.486489
v 8.419136 0.886190 -14.474780
v 8.412378 0.886190 -14.491440
v 8.420587 0.877201 -14.478209
v 8.414469 0.878850 -14.482588
v 8.412307 0.886190 -14.481710
v 8.415808 0.877201 -14.489990
v 8.424088 0.990011 -14.486489
v 8.412378 0.977298 -14.491440
v 8.419136 0.977298 -14.474780
v 8.415808 0.986288 -14.489990
v 8.414469 0.984638 -14.482588
v 8.412307 0.977298 -14.481710
v 8.420587 0.986288 -14.478209
v 8.480058 1.263337 -14.561743
v 8.485008 1.276050 -14.573452
v 8.491767 1.276050 -14.556792
v 8.483559 1.267061 -14.570023
v 8.489676 1.268710 -14.565645
v 8.491838 1.276050 -14.566522
v 8.488338 1.267061 -14.558242
v 8.485008 1.367159 -14.573452
v 8.480058 1.379871 -14.561743
v 8.491767 1.367159 -14.556792
v 8.483559 1.376148 -14.570023
v 8.489676 1.374498 -14.565645
v 8.488338 1.376148 -14.558242
v 8.491838 1.367159 -14.566522
v 8.444578 1.263337 -14.477826
v 8.456287 1.276050 -14.472876
v 8.439628 1.276050 -14.466117
v 8.452858 1.267061 -14.474325
v 8.448481 1.268710 -14.468207
v 8.449357 1.276050 -14.466045
v 8.441078 1.267061 -14.469546
v 8.444578 1.379871 -14.477826
v 8.439628 1.367159 -14.466117
v 8.456287 1.367159 -14.472876
v 8.441078 1.376148 -14.469546
v 8.448481 1.374498 -14.468207
v 8.449357 1.367159 -14.466045
v 8.452858 1.376148 -14.474325
v 8.459566 1.263337 -14.570406
v 8.447857 1.276050 -14.575356
v 8.464518 1.276050 -14.582115
v 8.451286 1.267061 -14.573907
v 8.455665 1.268710 -14.580025
v 8.454787 1.276050 -14.582187
v 8.463067 1.267061 -14.578686
v 8.459566 1.379871 -14.570406
v 8.464518 1.367159 -14.582115
v 8.447857 1.367159 -14.575356
v 8.463067 1.376148 -14.578686
v 8.455665 1.374498 -14.580025
v 8.454787 1.367159 -14.582187
v 8.451286 1.376148 -14.573907
v 8.424088 1.263337 -14.486489
v 8.419136 1.276050 -14.474780
v 8.412378 1.276050 -14.491440
v 8.420587 1.267061 -14.478209
v 8.414469 1.268710 -14.482588
v 8.412307 1.276050 -14.481710
v 8.415808 1.267061 -14.489990
v 8.424088 1.379871 -14.486489
v 8.412378 1.367159 -14.491440
v 8.419136 1.367159 -14.474780
v 8.415808 1.376148 -14.489990
v 8.414469 1.374498 -14.482588
v 8.412307 1.367159 -14.481710
v 8.420587 1.376148 -14.478209
v 8.480058 1.653197 -14.561743
v 8.485008 1.665910 -14.573452
v 8.491767 1.665910 -14.556792
v 8.483559 1.656921 -14.570023
v 8.489676 1.658570 -14.565645
v 8.491838 1.665910 -14.566522
v 8.488338 1.656921 -14.558242
v 8.485008 1.757019 -14.573452
v 8.480058 1.769731 -14.561743
v 8.491767 1.757019 -14.556792
v 8.483559 1.766008 -14.570023
v 8.489676 1.764358 -14.565645
v 8.488338 1.766008 -14.558242
v 8.491838 1.757019 -14.566522
v 8.444578 1.653197 -14.477826
v 8.456287 1.665910 -14.472876
v 8.439628 1.665910 -14.466117
v 8.452858 1.656921 -14.474325
v 8.448481 1.658570 -14.468207
v 8.449357 1.665910 -14.466045
v 8.441078 1.656921 -14.469546
v 8.444578 1.769731 -14.477826
v 8.439628 1.757019 -14.466117
v 8.456287 1.757019 -14.472876
v 8.441078 1.766008 -14.469546
v 8.448481 1.764358 -14.468207
v 8.449357 1.757019 -14.466045
v 8.452858 1.766008 -14.474325
v 8.459566 1.653197 -14.570406
v 8.447857 1.665910 -14.575356
v 8.464518 1.665910 -14.582115
v 8.451286 1.656921 -14.573907
v 8.455665 1.658570 -14.580025
v 8.454787 1.665910 -14.582187
v 8.463067 1.656921 -14.578686
v 8.459566 1.769731 -14.570406
v 8.464518 1.757019 -14.582115
v 8.447857 1.757019 -14.575356
v 8.463067 1.766008 -14.578686
v 8.455665 1.764358 -14.580025
v 8.454787 1.757019 -14.582187
v 8.451286 1.766008 -14.573907
v 8.424088 1.653197 -14.486489
v 8.419136 1.665910 -14.474780
v 8.412378 1.665910 -14.491440
v 8.420587 1.656921 -14.478209
v 8.414469 1.658570 -14.482588
v 8.412307 1.665910 -14.481710
v 8.415808 1.656921 -14.489990
v 8.424088 1.769731 -14.486489
v 8.412378 1.757019 -14.491440
v 8.419136 1.757019 -14.474780
v 8.415808 1.766008 -14.489990
v 8.414469 1.764358 -14.482588
v 8.412307 1.757019 -14.481710
v 8.420587 1.766008 -14.478209
v 8.328239 0.873477 -14.202658
v 8.333190 0.886190 -14.214367
v 8.339949 0.886190 -14.197707
v 8.331739 0.877201 -14.210938
v 8.337858 0.878850 -14.206560
v 8.340019 0.886190 -14.207437
v 8.336519 0.877201 -14.199157
v 8.333190 0.977298 -14.214367
v 8.328239 0.990011 -14.202658
v 8.339949 0.977298 -14.197707
v 8.331739 0.986288 -14.210938
v 8.337858 0.984638 -14.206560
v 8.336519 0.986288 -14.199157
v 8.340019 0.977298 -14.207437
v 8.292760 0.873477 -14.118741
v 8.304469 0.886190 -14.113791
v 8.287809 0.886190 -14.107032
v 8.301040 0.877201 -14.115241
v 8.296662 0.878850 -14.109122
v 8.297539 0.886190 -14.106961
v 8.289259 0.877201 -14.110461
v 8.292760 0.990011 -14.118741
v 8.287809 0.977298 -14.107032
v 8.304469 0.977298 -14.113791
v 8.289259 0.986288 -14.110461
v 8.296662 0.984638 -14.109122
v 8.297539 0.977298 -14.106961
v 8.301040 0.986288 -14.115241
v 8.307748 0.873477 -14.211321
v 8.296039 0.886190 -14.216272
v 8.312698 0.886190 -14.223031
v 8.299468 0.877201 -14.214822
v 8.303845 0.878850 -14.220940
v 8.302969 0.886190 -14.223102
v 8.311249 0.877201 -14.219601
v 8.307748 0.990011 -14.211321
v 8.312698 0.977298 -14.223031
v 8.296039 0.977298 -14.216272
v 8.311249 0.986288 -14.219601
v 8.303845 0.984638 -14.220940
v 8.302969 0.977298 -14.223102
v 8.299468 0.986288 -14.214822
v 8.272268 0.873477 -14.127405
v 8.267318 0.886190 -14.115696
v 8.260559 0.886190 -14.132356
v 8.268768 0.877201 -14.119125
v 8.262650 0.878850 -14.123503
v 8.260489 0.886190 -14.122625
v 8.263988 0.877201 -14.130905
v 8.272268 0.990011 -14.127405
v 8.260559 0.977298 -14.132356
v 8.267318 0.977298 -14.115696
v 8.263988 0.986288 -14.130905
v 8.262650 0.984638 -14.123503
v 8.260489 0.977298 -14.122625
v 8.268768 0.986288 -14.119125
v 8.328239 1.263337 -14.202658
v 8.333190 1.276050 -14.214367
v 8.339949 1.276050 -14.197707
v 8.331739 1.267061 -14.210938
v 8.337858 1.268710 -14.206560
v 8.340019 1.276050 -14.207437
v 8.336519 1.267061 -14.199157
v 8.333190 1.367159 -14.214367
v 8.328239 1.379871 -14.202658
v 8.339949 1.367159 -14.197707
v 8.331739 1.376148 -14.210938
v 8.337858 1.374498 -14.206560
v 8.336519 1.376148 -14.199157
v 8.340019 1.367159 -14.207437
v 8.292760 1.263337 -14.118741
v 8.304469 1.276050 -14.113791
v 8.287809 1.276050 -14.107032
v 8.301040 1.267061 -14.115241
v 8.296662 1.268710 -14.109122
v 8.297539 1.276050 -14.106961
v 8.289259 1.267061 -14.110461
v 8.292760 1.379871 -14.118741
v 8.287809 1.367159 -14.107032
v 8.304469 1.367159 -14.113791
v 8.289259 1.376148 -14.110461
v 8.296662 1.374498 -14.109122
v 8.297539 1.367159 -14.106961
v 8.301040 1.376148 -14.115241
v 8.307748 1.263337 -14.211321
v 8.296039 1.276050 -14.216272
v 8.312698 1.276050 -14.223031
v 8.299468 1.267061 -14.214822
v 8.303845 1.268710 -14.220940
v 8.302969 1.276050 -14.223102
v 8.311249 1.267061 -14.219601
v 8.307748 1.379871 -14.211321
v 8.312698 1.367159 -14.223031
v 8.296039 1.367159 -14.216272
v 8.311249 1.376148 -14.219601
v 8.303845 1.374498 -14.220940
v 8.302969 1.367159 -14.223102
v 8.299468 1.376148 -14.214822
v 8.272268 1.263337 -14.127405
v 8.267318 1.276050 -14.115696
v 8.260559 1.276050 -14.132356
v 8.268768 1.267061 -14.119125
v 8.262650 1.268710 -14.123503
v 8.260489 1.276050 -14.122625
v 8.263988 1.267061 -14.130905
v 8.272268 1.379871 -14.127405
v 8.260559 1.367159 -14.132356
v 8.267318 1.367159 -14.115696
v 8.263988 1.376148 -14.130905
v 8.262650 1.374498 -14.123503
v 8.260489 1.367159 -14.122625
v 8.268768 1.376148 -14.119125
v 8.328239 1.653197 -14.202658
v 8.333190 1.665910 -14.214367
v 8.339949 1.665910 -14.197707
v 8.331739 1.656921 -14.210938
v 8.337858 1.658570 -14.206560
v 8.340019 1.665910 -14.207437
v 8.336519 1.656921 -14.199157
v 8.333190 1.757019 -14.214367
v 8.328239 1.769731 -14.202658
v 8.339949 1.757019 -14.197707
v 8.331739 1.766008 -14.210938
v 8.337858 1.764358 -14.206560
v 8.336519 1.766008 -14.199157
v 8.340019 1.757019 -14.207437
v 8.292760 1.653197 -14.118741
v 8.304469 1.665910 -14.113791
v 8.287809 1.665910 -14.107032
v 8.301040 1.656921 -14.115241
v 8.296662 1.658570 -14.109122
v 8.297539 1.665910 -14.106961
v 8.289259 1.656921 -14.110461
v 8.292760 1.769731 -14.118741
v 8.287809 1.757019 -14.107032
v 8.304469 1.757019 -14.113791
v 8.289259 1.766008 -14.110461
v 8.296662 1.764358 -14.109122
v 8.297539 1.757019 -14.106961
v 8.301040 1.766008 -14.115241
v 8.307748 1.653197 -14.211321
v 8.296039 1.665910 -14.216272
v 8.312698 1.665910 -14.223031
v 8.299468 1.656921 -14.214822
v 8.303845 1.658570 -14.220940
v 8.302969 1.665910 -14.223102
v 8.311249 1.656921 -14.219601
v 8.307748 1.769731 -14.211321
v 8.312698 1.757019 -14.223031
v 8.296039 1.757019 -14.216272
v 8.311249 1.766008 -14.219601
v 8.303845 1.764358 -14.220940
v 8.302969 1.757019 -14.223102
v 8.299468 1.766008 -14.214822
v 8.272268 1.653197 -14.127405
v 8.267318 1.665910 -14.115696
v 8.260559 1.665910 -14.132356
v 8.268768 1.656921 -14.119125
v 8.262650 1.658570 -14.123503
v 8.260489 1.665910 -14.122625
v 8.263988 1.656921 -14.130905
v 8.272268 1.769731 -14.127405
v 8.260559 1.757019 -14.132356
v 8.267318 1.757019 -14.115696
v 8.263988 1.766008 -14.130905
v 8.262650 1.764358 -14.123503
v 8.260489 1.757019 -14.122625
v 8.268768 1.766008 -14.119125
v 8.176420 0.873477 -13.843573
v 8.181371 0.886190 -13.855282
v 8.188129 0.886190 -13.838622
v 8.179921 0.877201 -13.851852
v 8.186039 0.878850 -13.847475
v 8.188201 0.886190 -13.848352
v 8.184700 0.877201 -13.840073
v 8.181371 0.977298 -13.855282
v 8.176420 0.990011 -13.843573
v 8.188129 0.977298 -13.838622
v 8.179921 0.986288 -13.851852
v 8.186039 0.984638 -13.847475
v 8.184700 0.986288 -13.840073
v 8.188201 0.977298 -13.848352
v 8.140942 0.873477 -13.759656
v 8.152651 0.886190 -13.754705
v 8.135990 0.886190 -13.747947
v 8.149220 0.877201 -13.756156
v 8.144843 0.878850 -13.750038
v 8.145720 0.886190 -13.747876
v 8.137441 0.877201 -13.751377
v 8.140942 0.990011 -13.759656
v 8.135990 0.977298 -13.747947
v 8.152651 0.977298 -13.754705
v 8.137441 0.986288 -13.751377
v 8.144843 0.984638 -13.750038
v 8.145720 0.977298 -13.747876
v 8.149220 0.986288 -13.756156
v 8.155930 0.873477 -13.852237
v 8.144220 0.886190 -13.857187
v 8.160880 0.886190 -13.863946
v 8.147650 0.877201 -13.855737
v 8.152027 0.878850 -13.861856
v 8.151150 0.886190 -13.864017
v 8.159430 0.877201 -13.860517
v 8.155930 0.990011 -13.852237
v 8.160880 0.977298 -13.863946
v 8.144220 0.977298 -13.857187
v 8.159430 0.986288 -13.860517
v 8.152027 0.984638 -13.861856
v 8.151150 0.977298 -13.864017
v 8.147650 0.986288 -13.855737
v 8.120450 0.873477 -13.768320
v 8.115499 0.886190 -13.756611
v 8.108741 0.886190 -13.773271
v 8.116949 0.877201 -13.760040
v 8.110831 0.878850 -13.764418
v 8.108669 0.886190 -13.763541
v 8.112170 0.877201 -13.771820
v 8.120450 0.990011 -13.768320
v 8.108741 0.977298 -13.773271
v 8.115499 0.977298 -13.756611
v 8.112170 0.986288 -13.771820
v 8.110831 0.984638 -13.764418
v 8.108669 0.977298 -13.763541
v 8.116949 0.986288 -13.760040
v 8.176420 1.263337 -13.843573
v 8.181371 1.276050 -13.855282
v 8.188129 1.276050 -13.838622
v 8.179921 1.267061 -13.851852
v 8.186039 1.268710 -13.847475
v 8.188201 1.276050 -13.848352
v 8.184700 1.267061 -13.840073
v 8.181371 1.367159 -13.855282
v 8.176420 1.379871 -13.843573
v 8.188129 1.367159 -13.838622
v 8.179921 1.376148 -13.851852
v 8.186039 1.374498 -13.847475
v 8.184700 1.376148 -13.840073
v 8.188201 1.367159 -13.848352
v 8.140942 1.263337 -13.759656
v 8.152651 1.276050 -13.754705
v 8.135990 1.276050 -13.747947
v 8.149220 1.267061 -13.756156
v 8.144843 1.268710 -13.750038
v 8.145720 1.276050 -13.747876
v 8.137441 1.267061 -13.751377
v 8.140942 1.379871 -13.759656
v 8.135990 1.367159 -13.747947
v 8.152651 1.367159 -13.754705
v 8.137441 1.376148 -13.751377
v 8.144843 1.374498 -13.750038
v 8.145720 1.367159 -13.747876
v 8.149220 1.376148 -13.756156
v 8.155930 1.263337 -13.852237
v 8.144220 1.276050 -13.857187
v 8.160880 1.276050 -13.863946
v 8.147650 1.267061 -13.855737
v 8.152027 1.268710 -13.861856
v 8.151150 1.276050 -13.864017
v 8.159430 1.267061 -13.860517
v 8.155930 1.379871 -13.852237
v 8.160880 1.367159 -13.863946
v 8.144220 1.367159 -13.857187
v 8.159430 1.376148 -13.860517
v 8.152027 1.374498 -13.861856
v 8.151150 1.367159 -13.864017
v 8.147650 1.376148 -13.855737
v 8.120450 1.263337 -13.768320
v 8.115499 1.276050 -13.756611
v 8.108741 1.276050 -13.773271
v 8.116949 1.267061 -13.760040
v 8.110831 1.268710 -13.764418
v 8.108669 1.276050 -13.763541
v 8.112170 1.267061 -13.771820
v 8.120450 1.379871 -13.768320
v 8.108741 1.367159 -13.773271
v 8.115499 1.367159 -13.756611
v 8.112170 1.376148 -13.771820
v 8.110831 1.374498 -13.764418
v 8.108669 1.367159 -13.763541
v 8.116949 1.376148 -13.760040
v 8.176420 1.653197 -13.843573
v 8.181371 1.665910 -13.855282
v 8.188129 1.665910 -13.838622
v 8.179921 1.656921 -13.851852
v 8.186039 1.658570 -13.847475
v 8.188201 1.665910 -13.848352
v 8.184700 1.656921 -13.840073
v 8.181371 1.757019 -13.855282
v 8.176420 1.769731 -13.843573
v 8.188129 1.757019 -13.838622
v 8.179921 1.766008 -13.851852
v 8.186039 1.764358 -13.847475
v 8.184700 1.766008 -13.840073
v 8.188201 1.757019 -13.848352
v 8.140942 1.653197 -13.759656
v 8.152651 1.665910 -13.754705
v 8.135990 1.665910 -13.747947
v 8.149220 1.656921 -13.756156
v 8.144843 1.658570 -13.750038
v 8.145720 1.665910 -13.747876
v 8.137441 1.656921 -13.751377
v 8.140942 1.769731 -13.759656
v 8.135990 1.757019 -13.747947
v 8.152651 1.757019 -13.754705
v 8.137441 1.766008 -13.751377
v 8.144843 1.764358 -13.750038
v 8.145720 1.757019 -13.747876
v 8.149220 1.766008 -13.756156
v 8.155930 1.653197 -13.852237
v 8.144220 1.665910 -13.857187
v 8.160880 1.665910 -13.863946
v 8.147650 1.656921 -13.855737
v 8.152027 1.658570 -13.861856
v 8.151150 1.665910 -13.864017
v 8.159430 1.656921 -13.860517
v 8.155930 1.769731 -13.852237
v 8.160880 1.757019 -13.863946
v 8.144220 1.757019 -13.857187
v 8.159430 1.766008 -13.860517
v 8.152027 1.764358 -13.861856
v 8.151150 1.757019 -13.864017
v 8.147650 1.766008 -13.855737
v 8.120450 1.653197 -13.768320
v 8.115499 1.665910 -13.756611
v 8.108741 1.665910 -13.773271
v 8.116949 1.656921 -13.760040
v 8.110831 1.658570 -13.764418
v 8.108669 1.665910 -13.763541
v 8.112170 1.656921 -13.771820
v 8.120450 1.769731 -13.768320
v 8.108741 1.757019 -13.773271
v 8.115499 1.757019 -13.756611
v 8.112170 1.766008 -13.771820
v 8.110831 1.764358 -13.764418
v 8.108669 1.757019 -13.763541
v 8.116949 1.766008 -13.760040
v 9.498766 0.873477 -14.131040
v 9.503716 0.886190 -14.142749
v 9.510475 0.886190 -14.126089
v 9.502267 0.877201 -14.139319
v 9.508385 0.878850 -14.134942
v 9.510546 0.886190 -14.135818
v 9.507046 0.877201 -14.127539
v 9.503716 0.977298 -14.142749
v 9.498766 0.990011 -14.131040
v 9.510475 0.977298 -14.126089
v 9.502267 0.986288 -14.139319
v 9.508385 0.984638 -14.134942
v 9.507046 0.986288 -14.127539
v 9.510546 0.977298 -14.135818
v 9.463286 0.873477 -14.047123
v 9.474996 0.886190 -14.042172
v 9.458336 0.886190 -14.035414
v 9.471566 0.877201 -14.043623
v 9.467189 0.878850 -14.037504
v 9.468065 0.886190 -14.035343
v 9.459785 0.877201 -14.038843
v 9.463286 0.990011 -14.047123
v 9.458336 0.977298 -14.035414
v 9.474996 0.977298 -14.042172
v 9.459785 0.986288 -14.038843
v 9.467189 0.984638 -14.037504
v 9.468065 0.977298 -14.035343
v 9.471566 0.986288 -14.043623
v 9.478274 0.873477 -14.139704
v 9.466565 0.886190 -14.144654
v 9.483225 0.886190 -14.151413
v 9.469995 0.877201 -14.143204
v 9.474373 0.878850 -14.149322
v 9.473495 0.886190 -14.151484
v 9.481775 0.877201 -14.147983
v 9.478274 0.990011 -14.139704
v 9.483225 0.977298 -14.151413
v 9.466565 0.977298 -14.144654
v 9.481775 0.986288 -14.147983
v 9.474373 0.984638 -14.149322
v 9.473495 0.977298 -14.151484
v 9.469995 0.986288 -14.143204
v 9.442795 0.873477 -14.055787
v 9.437844 0.886190 -14.044078
v 9.431086 0.886190 -14.060738
v 9.439295 0.877201 -14.047507
v 9.433177 0.878850 -14.051885
v 9.431015 0.886190 -14.051007
v 9.434516 0.877201 -14.059287
v 9.442795 0.990011 -14.055787
v 9.431086 0.977298 -14.060738
v 9.437844 0.977298 -14.044078
v 9.434516 0.986288 -14.059287
v 9.433177 0.984638 -14.051885
v 9.431015 0.977298 -14.051007
v 9.439295 0.986288 -14.047507
v 9.498766 1.263337 -14.131040
v 9.503716 1.276050 -14.142749
v 9.510475 1.276050 -14.126089
v 9.502267 1.267061 -14.139319
v 9.508385 1.268710 -14.134942
v 9.510546 1.276050 -14.135818
v 9.507046 1.267061 -14.127539
v 9.503716 1.367159 -14.142749
v 9.498766 1.379871 -14.131040
v 9.510475 1.367159 -14.126089
v 9.502267 1.376148 -14.139319
v 9.508385 1.374498 -14.134942
v 9.507046 1.376148 -14.127539
v 9.510546 1.367159 -14.135818
v 9.463286 1.263337 -14.047123
v 9.474996 1.276050 -14.042172
v 9.458336 1.276050 -14.035414
v 9.471566 1.267061 -14.043623
v 9.467189 1.268710 -14.037504
v 9.468065 1.276050 -14.035343
v 9.459785 1.267061 -14.038843
v 9.463286 1.379871 -14.047123
v 9.458336 1.367159 -14.035414
v 9.474996 1.367159 -14.042172
v 9.459785 1.376148 -14.038843
v 9.467189 1.374498 -14.037504
v 9.468065 1.367159 -14.035343
v 9.471566 1.376148 -14.043623
v 9.478274 1.263337 -14.139704
v 9.466565 1.276050 -14.144654
v 9.483225 1.276050 -14.151413
v 9.469995 1.267061 -14.143204
v 9.474373 1.268710 -14.149322
v 9.473495 1.276050 -14.151484
v 9.481775 1.267061 -14.147983
v 9.478274 1.379871 -14.139704
v 9.483225 1.367159 -14.151413
v 9.466565 1.367159 -14.144654
v 9.481775 1.376148 -14.147983
v 9.474373 1.374498 -14.149322
v 9.473495 1.367159 -14.151484
v 9.469995 1.376148 -14.143204
v 9.442795 1.263337 -14.055787
v 9.437844 1.276050 -14.044078
v 9.431086 1.276050 -14.060738
v 9.439295 1.267061 -14.047507
v 9.433177 1.268710 -14.051885
v 9.431015 1.276050 -14.051007
v 9.434516 1.267061 -14.059287
v 9.442795 1.379871 -14.055787
v 9.431086 1.367159 -14.060738
v 9.437844 1.367159 -14.044078
v 9.434516 1.376148 -14.059287
v 9.433177 1.374498 -14.051885
v 9.431015 1.367159 -14.051007
v 9.439295 1.376148 -14.047507
v 9.498766 1.653197 -14.131040
v 9.503716 1.665910 -14.142749
v 9.510475 1.665910 -14.126089
v 9.502267 1.656921 -14.139319
v 9.508385 1.658570 -14.134942
v 9.510546 1.665910 -14.135818
v 9.507046 1.656921 -14.127539
v 9.503716 1.757019 -14.142749
v 9.498766 1.769731 -14.131040
v 9.510475 1.757019 -14.126089
v 9.502267 1.766008 -14.139319
v 9.508385 1.764358 -14.134942
v 9.507046 1.766008 -14.127539
v 9.510546 1.757019 -14.135818
v 9.463286 1.653197 -14.047123
v 9.474996 1.665910 -14.042172
v 9.458336 1.665910 -14.035414
v 9.471566 1.656921 -14.043623
v 9.467189 1.658570 -14.037504
v 9.468065 1.665910 -14.035343
v 9.459785 1.656921 -14.038843
v 9.463286 1.769731 -14.047123
v 9.458336 1.757019 -14.035414
v 9.474996 1.757019 -14.042172
v 9.459785 1.766008 -14.038843
v 9.467189 1.764358 -14.037504
v 9.468065 1.757019 -14.035343
v 9.471566 1.766008 -14.043623
v 9.478274 1.653197 -14.139704
v 9.466565 1.665910 -14.144654
v 9.483225 1.665910 -14.151413
v 9.469995 1.656921 -14.143204
v 9.474373 1.658570 -14.149322
v 9.473495 1.665910 -14.151484
v 9.481775 1.656921 -14.147983
v 9.478274 1.769731 -14.139704
v 9.483225 1.757019 -14.151413
v 9.466565 1.757019 -14.144654
v 9.481775 1.766008 -14.147983
v 9.474373 1.764358 -14.149322
v 9.473495 1.757019 -14.151484
v 9.469995 1.766008 -14.143204
v 9.442795 1.653197 -14.055787
v 9.437844 1.665910 -14.044078
v 9.431086 1.665910 -14.060738
v 9.439295 1.656921 -14.047507
v 9.433177 1.658570 -14.051885
v 9.431015 1.665910 -14.051007
v 9.434516 1.656921 -14.059287
v 9.442795 1.769731 -14.055787
v 9.431086 1.757019 -14.060738
v 9.437844 1.757019 -14.044078
v 9.434516 1.766008 -14.059287
v 9.433177 1.764358 -14.051885
v 9.431015 1.757019 -14.051007
v 9.439295 1.766008 -14.047507
v 9.346947 0.873477 -13.771955
v 9.351898 0.886190 -13.783665
v 9.358657 0.886190 -13.767004
v 9.350448 0.877201 -13.780234
v 9.356565 0.878850 -13.775857
v 9.358727 0.886190 -13.776734
v 9.355227 0.877201 -13.768455
v 9.351898 0.977298 -13.783665
v 9.346947 0.990011 -13.771955
v 9.358657 0.977298 -13.767004
v 9.350448 0.986288 -13.780234
v 9.356565 0.984638 -13.775857
v 9.355227 0.986288 -13.768455
v 9.358727 0.977298 -13.776734
v 9.311468 0.873477 -13.688038
v 9.323177 0.886190 -13.683087
v 9.306518 0.886190 -13.676329
v 9.319748 0.877201 -13.684538
v 9.315370 0.878850 -13.678420
v 9.316247 0.886190 -13.676258
v 9.307967 0.877201 -13.679759
v 9.311468 0.990011 -13.688038
v 9.306518 0.977298 -13.676329
v 9.323177 0.977298 -13.683087
v 9.307967 0.986288 -13.679759
v 9.315370 0.984638 -13.678420
v 9.316247 0.977298 -13.676258
v 9.319748 0.986288 -13.684538
v 9.326456 0.873477 -13.780619
v 9.314747 0.886190 -13.785569
v 9.331407 0.886190 -13.792328
v 9.318176 0.877201 -13.784119
v 9.322554 0.878850 -13.790237
v 9.321677 0.886190 -13.792398
v 9.329957 0.877201 -13.788898
v 9.326456 0.990011 -13.780619
v 9.331407 0.977298 -13.792328
v 9.314747 0.977298 -13.785569
v 9.329957 0.986288 -13.788898
v 9.322554 0.984638 -13.790237
v 9.321677 0.977298 -13.792398
v 9.318176 0.986288 -13.784119
v 9.290977 0.873477 -13.696702
v 9.286026 0.886190 -13.684993
v 9.279267 0.886190 -13.701653
v 9.287476 0.877201 -13.688422
v 9.281358 0.878850 -13.692800
v 9.279197 0.886190 -13.691923
v 9.282697 0.877201 -13.700203
v 9.290977 0.990011 -13.696702
v 9.279267 0.977298 -13.701653
v 9.286026 0.977298 -13.684993
v 9.282697 0.986288 -13.700203
v 9.281358 0.984638 -13.692800
v 9.279197 0.977298 -13.691923
v 9.287476 0.986288 -13.688422
v 9.346947 1.263337 -13.771955
v 9.351898 1.276050 -13.783665
v 9.358657 1.276050 -13.767004
v 9.350448 1.267061 -13.780234
v 9.356565 1.268710 -13.775857
v 9.358727 1.276050 -13.776734
v 9.355227 1.267061 -13.768455
v 9.351898 1.367159 -13.783665
v 9.346947 1.379871 -13.771955
v 9.358657 1.367159 -13.767004
v 9.350448 1.376148 -13.780234
v 9.356565 1.374498 -13.775857
v 9.355227 1.376148 -13.768455
v 9.358727 1.367159 -13.776734
v 9.311468 1.263337 -13.688038
v 9.323177 1.276050 -13.683087
v 9.306518 1.276050 -13.676329
v 9.319748 1.267061 -13.684538
v 9.315370 1.268710 -13.678420
v 9.316247 1.276050 -13.676258
v 9.307967 1.267061 -13.679759
v 9.311468 1.379871 -13.688038
v 9.306518 1.367159 -13.676329
v 9.323177 1.367159 -13.683087
v 9.307967 1.376148 -13.679759
v 9.315370 1.374498 -13.678420
v 9.316247 1.367159 -13.676258
v 9.319748 1.376148 -13.684538
v 9.326456 1.263337 -13.780619
v 9.314747 1.276050 -13.785569
v 9.331407 1.276050 -13.792328
v 9.318176 1.267061 -13.784119
v 9.322554 1.268710 -13.790237
v 9.321677 1.276050 -13.792398
v 9.329957 1.267061 -13.788898
v 9.326456 1.379871 -13.780619
v 9.331407 1.367159 -13.792328
v 9.314747 1.367159 -13.785569
v 9.329957 1.376148 -13.788898
v 9.322554 1.374498 -13.790237
v 9.321677 1.367159 -13.792398
v 9.318176 1.376148 -13.784119
v 9.290977 1.263337 -13.696702
v 9.286026 1.276050 -13.684993
v 9.279267 1.276050 -13.701653
v 9.287476 1.267061 -13.688422
v 9.281358 1.268710 -13.692800
v 9.279197 1.276050 -13.691923
v 9.282697 1.267061 -13.700203
v 9.290977 1.379871 -13.696702
v 9.279267 1.367159 -13.701653
v 9.286026 1.367159 -13.684993
v 9.282697 1.376148 -13.700203
v 9.281358 1.374498 -13.692800
v 9.279197 1.367159 -13.691923
v 9.287476 1.376148 -13.688422
v 9.346947 1.653197 -13.771955
v 9.351898 1.665910 -13.783665
v 9.358657 1.665910 -13.767004
v 9.350448 1.656921 -13.780234
v 9.356565 1.658570 -13.775857
v 9.358727 1.665910 -13.776734
v 9.355227 1.656921 -13.768455
v 9.351898 1.757019 -13.783665
v 9.346947 1.769731 -13.771955
v 9.358657 1.757019 -13.767004
v 9.350448 1.766008 -13.780234
v 9.356565 1.764358 -13.775857
v 9.355227 1.766008 -13.768455
v 9.358727 1.757019 -13.776734
v 9.311468 1.653197 -13.688038
v 9.323177 1.665910 -13.683087
v 9.306518 1.665910 -13.676329
v 9.319748 1.656921 -13.684538
v 9.315370 1.658570 -13.678420
v 9.316247 1.665910 -13.676258
v 9.307967 1.656921 -13.679759
v 9.311468 1.769731 -13.688038
v 9.306518 1.757019 -13.676329
v 9.323177 1.757019 -13.683087
v 9.307967 1.766008 -13.679759
v 9.315370 1.764358 -13.678420
v 9.316247 1.757019 -13.676258
v 9.319748 1.766008 -13.684538
v 9.326456 1.653197 -13.780619
v 9.314747 1.665910 -13.785569
v 9.331407 1.665910 -13.792328
v 9.318176 1.656921 -13.784119
v 9.322554 1.658570 -13.790237
v 9.321677 1.665910 -13.792398
v 9.329957 1.656921 -13.788898
v 9.326456 1.769731 -13.780619
v 9.331407 1.757019 -13.792328
v 9.314747 1.757019 -13.785569
v 9.329957 1.766008 -13.788898
v 9.322554 1.764358 -13.790237
v 9.321677 1.757019 -13.792398
v 9.318176 1.766008 -13.784119
v 9.290977 1.653197 -13.696702
v 9.286026 1.665910 -13.684993
v 9.279267 1.665910 -13.701653
v 9.287476 1.656921 -13.688422
v 9.281358 1.658570 -13.692800
v 9.279197 1.665910 -13.691923
v 9.282697 1.656921 -13.700203
v 9.290977 1.769731 -13.696702
v 9.279267 1.757019 -13.701653
v 9.286026 1.757019 -13.684993
v 9.282697 1.766008 -13.700203
v 9.281358 1.764358 -13.692800
v 9.279197 1.757019 -13.691923
v 9.287476 1.766008 -13.688422
v 9.195128 0.873477 -13.412870
v 9.200079 0.886190 -13.424580
v 9.206838 0.886190 -13.407919
v 9.198629 0.877201 -13.421150
v 9.204747 0.878850 -13.416772
v 9.206909 0.886190 -13.417649
v 9.203408 0.877201 -13.409369
v 9.200079 0.977298 -13.424580
v 9.195128 0.990011 -13.412870
v 9.206838 0.977298 -13.407919
v 9.198629 0.986288 -13.421150
v 9.204747 0.984638 -13.416772
v 9.203408 0.986288 -13.409369
v 9.206909 0.977298 -13.417649
v 9.159649 0.873477 -13.328954
v 9.171358 0.886190 -13.324003
v 9.154698 0.886190 -13.317245
v 9.167929 0.877201 -13.325453
v 9.163551 0.878850 -13.319335
v 9.164429 0.886190 -13.317173
v 9.156149 0.877201 -13.320674
v 9.159649 0.990011 -13.328954
v 9.154698 0.977298 -13.317245
v 9.171358 0.977298 -13.324003
v 9.156149 0.986288 -13.320674
v 9.163551 0.984638 -13.319335
v 9.164429 0.977298 -13.317173
v 9.167929 0.986288 -13.325453
v 9.174637 0.873477 -13.421534
v 9.162928 0.886190 -13.426484
v 9.179588 0.886190 -13.433243
v 9.166358 0.877201 -13.425035
v 9.170735 0.878850 -13.431152
v 9.169858 0.886190 -13.433314
v 9.178138 0.877201 -13.429813
v 9.174637 0.990011 -13.421534
v 9.179588 0.977298 -13.433243
v 9.162928 0.977298 -13.426484
v 9.178138 0.986288 -13.429813
v 9.170735 0.984638 -13.431152
v 9.169858 0.977298 -13.433314
v 9.166358 0.986288 -13.425035
v 9.139158 0.873477 -13.337617
v 9.134208 0.886190 -13.325908
v 9.127449 0.886190 -13.342567
v 9.135657 0.877201 -13.329337
v 9.129539 0.878850 -13.333715
v 9.127378 0.886190 -13.332838
v 9.130878 0.877201 -13.341118
v 9.139158 0.990011 -13.337617
v 9.127449 0.977298 -13.342567
v 9.134208 0.977298 -13.325908
v 9.130878 0.986288 -13.341118
v 9.129539 0.984638 -13.333715
v 9.127378 0.977298 -13.332838
v 9.135657 0.986288 -13.329337
v 9.195128 1.263337 -13.412870
v 9.200079 1.276050 -13.424580
v 9.206838 1.276050 -13.407919
v 9.198629 1.267061 -13.421150
v 9.204747 1.268710 -13.416772
v 9.206909 1.276050 -13.417649
v 9.203408 1.267061 -13.409369
v 9.200079 1.367159 -13.424580
v 9.195128 1.379871 -13.412870
v 9.206838 1.367159 -13.407919
v 9.198629 1.376148 -13.421150
v 9.204747 1.374498 -13.416772
v 9.203408 1.376148 -13.409369
v 9.206909 1.367159 -13.417649
v 9.159649 1.263337 -13.328954
v 9.171358 1.276050 -13.324003
v 9.154698 1.276050 -13.317245
v 9.167929 1.267061 -13.325453
v 9.163551 1.268710 -13.319335
v 9.164429 1.276050 -13.317173
v 9.156149 1.267061 -13.320674
v 9.159649 1.379871 -13.328954
v 9.154698 1.367159 -13.317245
v 9.171358 1.367159 -13.324003
v 9.156149 1.376148 -13.320674
v 9.163551 1.374498 -13.319335
v 9.164429 1.367159 -13.317173
v 9.167929 1.376148 -13.325453
v 9.174637 1.263337 -13.421534
v 9.162928 1.276050 -13.426484
v 9.179588 1.276050 -13.433243
v 9.166358 1.267061 -13.425035
v 9.170735 1.268710 -13.431152
v 9.169858 1.276050 -13.433314
v 9.178138 1.267061 -13.429813
v 9.174637 1.379871 -13.421534
v 9.179588 1.367159 -13.433243
v 9.162928 1.367159 -13.426484
v 9.178138 1.376148 -13.429813
v 9.170735 1.374498 -13.431152
v 9.169858 1.367159 -13.433314
v 9.166358 1.376148 -13.425035
v 9.139158 1.263337 -13.337617
v 9.134208 1.276050 -13.325908
v 9.127449 1.276050 -13.342567
v 9.135657 1.267061 -13.329337
v 9.129539 1.268710 -13.333715
v 9.127378 1.276050 -13.332838
v 9.130878 1.267061 -13.341118
v 9.139158 1.379871 -13.337617
v 9.127449 1.367159 -13.342567
v 9.134208 1.367159 -13.325908
v 9.130878 1.376148 -13.341118
v 9.129539 1.374498 -13.333715
v 9.127378 1.367159 -13.332838
v 9.135657 1.376148 -13.329337
v 9.195128 1.653197 -13.412870
v 9.200079 1.665910 -13.424580
v 9.206838 1.665910 -13.407919
v 9.198629 1.656921 -13.421150
v 9.204747 1.658570 -13.416772
v 9.206909 1.665910 -13.417649
v 9.203408 1.656921 -13.409369
v 9.200079 1.757019 -13.424580
v 9.195128 1.769731 -13.412870
v 9.206838 1.757019 -13.407919
v 9.198629 1.766008 -13.421150
v 9.204747 1.764358 -13.416772
v 9.203408 1.766008 -13.409369
v 9.206909 1.757019 -13.417649
v 9.159649 1.653197 -13.328954
v 9.171358 1.665910 -13.324003
v 9.154698 1.665910 -13.317245
v 9.167929 1.656921 -13.325453
v 9.163551 1.658570 -13.319335
v 9.164429 1.665910 -13.317173
v 9.156149 1.656921 -13.320674
v 9.159649 1.769731 -13.328954
v 9.154698 1.757019 -13.317245
v 9.171358 1.757019 -13.324003
v 9.156149 1.766008 -13.320674
v 9.163551 1.764358 -13.319335
v 9.164429 1.757019 -13.317173
v 9.167929 1.766008 -13.325453
v 9.174637 1.653197 -13.421534
v 9.162928 1.665910 -13.426484
v 9.179588 1.665910 -13.433243
v 9.166358 1.656921 -13.425035
v 9.170735 1.658570 -13.431152
v 9.169858 1.665910 -13.433314
v 9.178138 1.656921 -13.429813
v 9.174637 1.769731 -13.421534
v 9.179588 1.757019 -13.433243
v 9.162928 1.757019 -13.426484
v 9.178138 1.766008 -13.429813
v 9.170735 1.764358 -13.431152
v 9.169858 1.757019 -13.433314
v 9.166358 1.766008 -13.425035
v 9.139158 1.653197 -13.337617
v 9.134208 1.665910 -13.325908
v 9.127449 1.665910 -13.342567
v 9.135657 1.656921 -13.329337
v 9.129539 1.658570 -13.333715
v 9.127378 1.665910 -13.332838
v 9.130878 1.656921 -13.341118
v 9.139158 1.769731 -13.337617
v 9.127449 1.757019 -13.342567
v 9.134208 1.757019 -13.325908
v 9.130878 1.766008 -13.341118
v 9.129539 1.764358 -13.333715
v 9.127378 1.757019 -13.332838
v 9.135657 1.766008 -13.329337
v 9.016133 0.873477 -13.320045
v 9.021084 0.886190 -13.331754
v 9.027843 0.886190 -13.315094
v 9.019634 0.877201 -13.328323
v 9.025752 0.878850 -13.323946
v 9.027914 0.886190 -13.324823
v 9.024413 0.877201 -13.316544
v 9.021084 0.977298 -13.331754
v 9.016133 0.990011 -13.320045
v 9.027843 0.977298 -13.315094
v 9.019634 0.986288 -13.328323
v 9.025752 0.984638 -13.323946
v 9.024413 0.986288 -13.316544
v 9.027914 0.977298 -13.324823
v 9.007470 0.873477 -13.299553
v 9.019179 0.886190 -13.294602
v 9.002520 0.886190 -13.287844
v 9.015750 0.877201 -13.296052
v 9.011372 0.878850 -13.289934
v 9.012249 0.886190 -13.287772
v 9.003969 0.877201 -13.291273
v 9.007470 0.990011 -13.299553
v 9.002520 0.977298 -13.287844
v 9.019179 0.977298 -13.294602
v 9.003969 0.986288 -13.291273
v 9.011372 0.984638 -13.289934
v 9.012249 0.977298 -13.287772
v 9.015750 0.986288 -13.296052
v 8.932217 0.873477 -13.355523
v 8.920507 0.886190 -13.360474
v 8.937167 0.886190 -13.367233
v 8.923937 0.877201 -13.359024
v 8.928314 0.878850 -13.365142
v 8.927438 0.886190 -13.367304
v 8.935718 0.877201 -13.363803
v 8.932217 0.990011 -13.355523
v 8.937167 0.977298 -13.367233
v 8.920507 0.977298 -13.360474
v 8.935718 0.986288 -13.363803
v 8.928314 0.984638 -13.365142
v 8.927438 0.977298 -13.367304
v 8.923937 0.986288 -13.359024
v 8.923553 0.873477 -13.335032
v 8.918603 0.886190 -13.323322
v 8.911844 0.886190 -13.339983
v 8.920053 0.877201 -13.326753
v 8.913935 0.878850 -13.331130
v 8.911773 0.886190 -13.330254
v 8.915274 0.877201 -13.338532
v 8.923553 0.990011 -13.335032
v 8.911844 0.977298 -13.339983
v 8.918603 0.977298 -13.323322
v 8.915274 0.986288 -13.338532
v 8.913935 0.984638 -13.331130
v 8.911773 0.977298 -13.330254
v 8.920053 0.986288 -13.326753
v 9.016133 1.263337 -13.320045
v 9.021084 1.276050 -13.331754
v 9.027843 1.276050 -13.315094
v 9.019634 1.267061 -13.328323
v 9.025752 1.268710 -13.323946
v 9.027914 1.276050 -13.324823
v 9.024413 1.267061 -13.316544
v 9.021084 1.367159 -13.331754
v 9.016133 1.379871 -13.320045
v 9.027843 1.367159 -13.315094
v 9.019634 1.376148 -13.328323
v 9.025752 1.374498 -13.323946
v 9.024413 1.376148 -13.316544
v 9.027914 1.367159 -13.324823
v 9.007470 1.263337 -13.299553
v 9.019179 1.276050 -13.294602
v 9.002520 1.276050 -13.287844
v 9.015750 1.267061 -13.296052
v 9.011372 1.268710 -13.289934
v 9.012249 1.276050 -13.287772
v 9.003969 1.267061 -13.291273
v 9.007470 1.379871 -13.299553
v 9.002520 1.367159 -13.287844
v 9.019179 1.367159 -13.294602
v 9.003969 1.376148 -13.291273
v 9.011372 1.374498 -13.289934
v 9.012249 1.367159 -13.287772
v 9.015750 1.376148 -13.296052
v 8.932217 1.263337 -13.355523
v 8.920507 1.276050 -13.360474
v 8.937167 1.276050 -13.367233
v 8.923937 1.267061 -13.359024
v 8.928314 1.268710 -13.365142
v 8.927438 1.276050 -13.367304
v 8.935718 1.267061 -13.363803
v 8.932217 1.379871 -13.355523
v 8.937167 1.367159 -13.367233
v 8.920507 1.367159 -13.360474
v 8.935718 1.376148 -13.363803
v 8.928314 1.374498 -13.365142
v 8.927438 1.367159 -13.367304
v 8.923937 1.376148 -13.359024
v 8.923553 1.263337 -13.335032
v 8.918603 1.276050 -13.323322
v 8.911844 1.276050 -13.339983
v 8.920053 1.267061 -13.326753
v 8.913935 1.268710 -13.331130
v 8.911773 1.276050 -13.330254
v 8.915274 1.267061 -13.338532
v 8.923553 1.379871 -13.335032
v 8.911844 1.367159 -13.339983
v 8.918603 1.367159 -13.323322
v 8.915274 1.376148 -13.338532
v 8.913935 1.374498 -13.331130
v 8.911773 1.367159 -13.330254
v 8.920053 1.376148 -13.326753
v 9.016133 1.653197 -13.320045
v 9.021084 1.665910 -13.331754
v 9.027843 1.665910 -13.315094
v 9.019634 1.656921 -13.328323
v 9.025752 1.658570 -13.323946
v 9.027914 1.665910 -13.324823
v 9.024413 1.656921 -13.316544
v 9.021084 1.757019 -13.331754
v 9.016133 1.769731 -13.320045
v 9.027843 1.757019 -13.315094
v 9.019634 1.766008 -13.328323
v 9.025752 1.764358 -13.323946
v 9.024413 1.766008 -13.316544
v 9.027914 1.757019 -13.324823
v 9.007470 1.653197 -13.299553
v 9.019179 1.665910 -13.294602
v 9.002520 1.665910 -13.287844
v 9.015750 1.656921 -13.296052
v 9.011372 1.658570 -13.289934
v 9.012249 1.665910 -13.287772
v 9.003969 1.656921 -13.291273
v 9.007470 1.769731 -13.299553
v 9.002520 1.757019 -13.287844
v 9.019179 1.757019 -13.294602
v 9.003969 1.766008 -13.291273
v 9.011372 1.764358 -13.289934
v 9.012249 1.757019 -13.287772
v 9.015750 1.766008 -13.296052
v 8.932217 1.653197 -13.355523
v 8.920507 1.665910 -13.360474
v 8.937167 1.665910 -13.367233
v 8.923937 1.656921 -13.359024
v 8.928314 1.658570 -13.365142
v 8.927438 1.665910 -13.367304
v 8.935718 1.656921 -13.363803
v 8.932217 1.769731 -13.355523
v 8.937167 1.757019 -13.367233
v 8.920507 1.757019 -13.360474
v 8.935718 1.766008 -13.363803
v 8.928314 1.764358 -13.365142
v 8.927438 1.757019 -13.367304
v 8.923937 1.766008 -13.359024
v 8.923553 1.653197 -13.335032
v 8.918603 1.665910 -13.323322
v 8.911844 1.665910 -13.339983
v 8.920053 1.656921 -13.326753
v 8.913935 1.658570 -13.331130
v 8.911773 1.665910 -13.330254
v 8.915274 1.656921 -13.338532
v 8.923553 1.769731 -13.335032
v 8.911844 1.757019 -13.339983
v 8.918603 1.757019 -13.323322
v 8.915274 1.766008 -13.338532
v 8.913935 1.764358 -13.331130
v 8.911773 1.757019 -13.330254
v 8.920053 1.766008 -13.326753
v 8.657048 0.873477 -13.471863
v 8.661999 0.886190 -13.483572
v 8.668757 0.886190 -13.466912
v 8.660549 0.877201 -13.480143
v 8.666667 0.878850 -13.475765
v 8.668829 0.886190 -13.476642
v 8.665328 0.877201 -13.468362
v 8.661999 0.977298 -13.483572
v 8.657048 0.990011 -13.471863
v 8.668757 0.977298 -13.466912
v 8.660549 0.986288 -13.480143
v 8.666667 0.984638 -13.475765
v 8.665328 0.986288 -13.468362
v 8.668829 0.977298 -13.476642
v 8.648385 0.873477 -13.451371
v 8.660094 0.886190 -13.446421
v 8.643435 0.886190 -13.439662
v 8.656665 0.877201 -13.447871
v 8.652287 0.878850 -13.441752
v 8.653164 0.886190 -13.439591
v 8.644884 0.877201 -13.443091
v 8.648385 0.990011 -13.451371
v 8.643435 0.977298 -13.439662
v 8.660094 0.977298 -13.446421
v 8.644884 0.986288 -13.443091
v 8.652287 0.984638 -13.441752
v 8.653164 0.977298 -13.439591
v 8.656665 0.986288 -13.447871
v 8.573132 0.873477 -13.507342
v 8.561422 0.886190 -13.512293
v 8.578083 0.886190 -13.519052
v 8.564852 0.877201 -13.510842
v 8.569230 0.878850 -13.516961
v 8.568353 0.886190 -13.519122
v 8.576632 0.877201 -13.515622
v 8.573132 0.990011 -13.507342
v 8.578083 0.977298 -13.519052
v 8.561422 0.977298 -13.512293
v 8.576632 0.986288 -13.515622
v 8.569230 0.984638 -13.516961
v 8.568353 0.977298 -13.519122
v 8.564852 0.986288 -13.510842
v 8.564468 0.873477 -13.486851
v 8.559518 0.886190 -13.475142
v 8.552759 0.886190 -13.491801
v 8.560967 0.877201 -13.478571
v 8.554850 0.878850 -13.482948
v 8.552688 0.886190 -13.482072
v 8.556189 0.877201 -13.490352
v 8.564468 0.990011 -13.486851
v 8.552759 0.977298 -13.491801
v 8.559518 0.977298 -13.475142
v 8.556189 0.986288 -13.490352
v 8.554850 0.984638 -13.482948
v 8.552688 0.977298 -13.482072
v 8.560967 0.986288 -13.478571
v 8.657048 1.263337 -13.471863
v 8.661999 1.276050 -13.483572
v 8.668757 1.276050 -13.466912
v 8.660549 1.267061 -13.480143
v 8.666667 1.268710 -13.475765
v 8.668829 1.276050 -13.476642
v 8.665328 1.267061 -13.468362
v 8.661999 1.367159 -13.483572
v 8.657048 1.379871 -13.471863
v 8.668757 1.367159 -13.466912
v 8.660549 1.376148 -13.480143
v 8.666667 1.374498 -13.475765
v 8.665328 1.376148 -13.468362
v 8.668829 1.367159 -13.476642
v 8.648385 1.263337 -13.451371
v 8.660094 1.276050 -13.446421
v 8.643435 1.276050 -13.439662
v 8.656665 1.267061 -13.447871
v 8.652287 1.268710 -13.441752
v 8.653164 1.276050 -13.439591
v 8.644884 1.267061 -13.443091
v 8.648385 1.379871 -13.451371
v 8.643435 1.367159 -13.439662
v 8.660094 1.367159 -13.446421
v 8.644884 1.376148 -13.443091
v 8.652287 1.374498 -13.441752
v 8.653164 1.367159 -13.439591
v 8.656665 1.376148 -13.447871
v 8.573132 1.263337 -13.507342
v 8.561422 1.276050 -13.512293
v 8.578083 1.276050 -13.519052
v 8.564852 1.267061 -13.510842
v 8.569230 1.268710 -13.516961
v 8.568353 1.276050 -13.519122
v 8.576632 1.267061 -13.515622
v 8.573132 1.379871 -13.507342
v 8.578083 1.367159 -13.519052
v 8.561422 1.367159 -13.512293
v 8.576632 1.376148 -13.515622
v 8.569230 1.374498 -13.516961
v 8.568353 1.367159 -13.519122
v 8.564852 1.376148 -13.510842
v 8.564468 1.263337 -13.486851
v 8.559518 1.276050 -13.475142
v 8.552759 1.276050 -13.491801
v 8.560967 1.267061 -13.478571
v 8.554850 1.268710 -13.482948
v 8.552688 1.276050 -13.482072
v 8.556189 1.267061 -13.490352
v 8.564468 1.379871 -13.486851
v 8.552759 1.367159 -13.491801
v 8.559518 1.367159 -13.475142
v 8.556189 1.376148 -13.490352
v 8.554850 1.374498 -13.482948
v 8.552688 1.367159 -13.482072
v 8.560967 1.376148 -13.478571
v 8.657048 1.653197 -13.471863
v 8.661999 1.665910 -13.483572
v 8.668757 1.665910 -13.466912
v 8.660549 1.656921 -13.480143
v 8.666667 1.658570 -13.475765
v 8.668829 1.665910 -13.476642
v 8.665328 1.656921 -13.468362
v 8.661999 1.757019 -13.483572
v 8.657048 1.769731 -13.471863
v 8.668757 1.757019 -13.466912
v 8.660549 1.766008 -13.480143
v 8.666667 1.764358 -13.475765
v 8.665328 1.766008 -13.468362
v 8.668829 1.757019 -13.476642
v 8.648385 1.653197 -13.451371
v 8.660094 1.665910 -13.446421
v 8.643435 1.665910 -13.439662
v 8.656665 1.656921 -13.447871
v 8.652287 1.658570 -13.441752
v 8.653164 1.665910 -13.439591
v 8.644884 1.656921 -13.443091
v 8.648385 1.769731 -13.451371
v 8.643435 1.757019 -13.439662
v 8.660094 1.757019 -13.446421
v 8.644884 1.766008 -13.443091
v 8.652287 1.764358 -13.441752
v 8.653164 1.757019 -13.439591
v 8.656665 1.766008 -13.447871
v 8.573132 1.653197 -13.507342
v 8.561422 1.665910 -13.512293
v 8.578083 1.665910 -13.519052
v 8.564852 1.656921 -13.510842
v 8.569230 1.658570 -13.516961
v 8.568353 1.665910 -13.519122
v 8.576632 1.656921 -13.515622
v 8.573132 1.769731 -13.507342
v 8.578083 1.757019 -13.519052
v 8.561422 1.757019 -13.512293
v 8.576632 1.766008 -13.515622
v 8.569230 1.764358 -13.516961
v 8.568353 1.757019 -13.519122
v 8.564852 1.766008 -13.510842
v 8.564468 1.653197 -13.486851
v 8.559518 1.665910 -13.475142
v 8.552759 1.665910 -13.491801
v 8.560967 1.656921 -13.478571
v 8.554850 1.658570 -13.482948
v 8.552688 1.665910 -13.482072
v 8.556189 1.656921 -13.490352
v 8.564468 1.769731 -13.486851
v 8.552759 1.757019 -13.491801
v 8.559518 1.757019 -13.475142
v 8.556189 1.766008 -13.490352
v 8.554850 1.764358 -13.482948
v 8.552688 1.757019 -13.482072
v 8.560967 1.766008 -13.478571
v 8.297964 0.873477 -13.623681
v 8.302915 0.886190 -13.635390
v 8.309673 0.886190 -13.618731
v 8.301464 0.877201 -13.631961
v 8.307582 0.878850 -13.627584
v 8.309744 0.886190 -13.628461
v 8.306244 0.877201 -13.620181
v 8.302915 0.977298 -13.635390
v 8.297964 0.990011 -13.623681
v 8.309673 0.977298 -13.618731
v 8.301464 0.986288 -13.631961
v 8.307582 0.984638 -13.627584
v 8.306244 0.986288 -13.620181
v 8.309744 0.977298 -13.628461
v 8.289300 0.873477 -13.603190
v 8.301009 0.886190 -13.598240
v 8.284349 0.886190 -13.591480
v 8.297580 0.877201 -13.599689
v 8.293202 0.878850 -13.593572
v 8.294079 0.886190 -13.591410
v 8.285799 0.877201 -13.594911
v 8.289300 0.990011 -13.603190
v 8.284349 0.977298 -13.591480
v 8.301009 0.977298 -13.598240
v 8.285799 0.986288 -13.594911
v 8.293202 0.984638 -13.593572
v 8.294079 0.977298 -13.591410
v 8.297580 0.986288 -13.599689
v 8.214047 0.873477 -13.659161
v 8.202338 0.886190 -13.664111
v 8.218998 0.886190 -13.670870
v 8.205768 0.877201 -13.662662
v 8.210145 0.878850 -13.668779
v 8.209268 0.886190 -13.670941
v 8.217547 0.877201 -13.667440
v 8.214047 0.990011 -13.659161
v 8.218998 0.977298 -13.670870
v 8.202338 0.977298 -13.664111
v 8.217547 0.986288 -13.667440
v 8.210145 0.984638 -13.668779
v 8.209268 0.977298 -13.670941
v 8.205768 0.986288 -13.662662
v 8.205383 0.873477 -13.638669
v 8.200433 0.886190 -13.626960
v 8.193674 0.886190 -13.643620
v 8.201883 0.877201 -13.630390
v 8.195765 0.878850 -13.634768
v 8.193604 0.886190 -13.633890
v 8.197104 0.877201 -13.642170
v 8.205383 0.990011 -13.638669
v 8.193674 0.977298 -13.643620
v 8.200433 0.977298 -13.626960
v 8.197104 0.986288 -13.642170
v 8.195765 0.984638 -13.634768
v 8.193604 0.977298 -13.633890
v 8.201883 0.986288 -13.630390
v 8.297964 1.263337 -13.623681
v 8.302915 1.276050 -13.635390
v 8.309673 1.276050 -13.618731
v 8.301464 1.267061 -13.631961
v 8.307582 1.268710 -13.627584
v 8.309744 1.276050 -13.628461
v 8.306244 1.267061 -13.620181
v 8.302915 1.367159 -13.635390
v 8.297964 1.379871 -13.623681
v 8.309673 1.367159 -13.618731
v 8.301464 1.376148 -13.631961
v 8.307582 1.374498 -13.627584
v 8.306244 1.376148 -13.620181
v 8.309744 1.367159 -13.628461
v 8.289300 1.263337 -13.603190
v 8.301009 1.276050 -13.598240
v 8.284349 1.276050 -13.591480
v 8.297580 1.267061 -13.599689
v 8.293202 1.268710 -13.593572
v 8.294079 1.276050 -13.591410
v 8.285799 1.267061 -13.594911
v 8.289300 1.379871 -13.603190
v 8.284349 1.367159 -13.591480
v 8.301009 1.367159 -13.598240
v 8.285799 1.376148 -13.594911
v 8.293202 1.374498 -13.593572
v 8.294079 1.367159 -13.591410
v 8.297580 1.376148 -13.599689
v 8.214047 1.263337 -13.659161
v 8.202338 1.276050 -13.664111
v 8.218998 1.276050 -13.670870
v 8.205768 1.267061 -13.662662
v 8.210145 1.268710 -13.668779
v 8.209268 1.276050 -13.670941
v 8.217547 1.267061 -13.667440
v 8.214047 1.379871 -13.659161
v 8.218998 1.367159 -13.670870
v 8.202338 1.367159 -13.664111
v 8.217547 1.376148 -13.667440
v 8.210145 1.374498 -13.668779
v 8.209268 1.367159 -13.670941
v 8.205768 1.376148 -13.662662
v 8.205383 1.263337 -13.638669
v 8.200433 1.276050 -13.626960
v 8.193674 1.276050 -13.643620
v 8.201883 1.267061 -13.630390
v 8.195765 1.268710 -13.634768
v 8.193604 1.276050 -13.633890
v 8.197104 1.267061 -13.642170
v 8.205383 1.379871 -13.638669
v 8.193674 1.367159 -13.643620
v 8.200433 1.367159 -13.626960
v 8.197104 1.376148 -13.642170
v 8.195765 1.374498 -13.634768
v 8.193604 1.367159 -13.633890
v 8.201883 1.376148 -13.630390
v 8.297964 1.653197 -13.623681
v 8.302915 1.665910 -13.635390
v 8.309673 1.665910 -13.618731
v 8.301464 1.656921 -13.631961
v 8.307582 1.658570 -13.627584
v 8.309744 1.665910 -13.628461
v 8.306244 1.656921 -13.620181
v 8.302915 1.757019 -13.635390
v 8.297964 1.769731 -13.623681
v 8.309673 1.757019 -13.618731
v 8.301464 1.766008 -13.631961
v 8.307582 1.764358 -13.627584
v 8.306244 1.766008 -13.620181
v 8.309744 1.757019 -13.628461
v 8.289300 1.653197 -13.603190
v 8.301009 1.665910 -13.598240
v 8.284349 1.665910 -13.591480
v 8.297580 1.656921 -13.599689
v 8.293202 1.658570 -13.593572
v 8.294079 1.665910 -13.591410
v 8.285799 1.656921 -13.594911
v 8.289300 1.769731 -13.603190
v 8.284349 1.757019 -13.591480
v 8.301009 1.757019 -13.598240
v 8.285799 1.766008 -13.594911
v 8.293202 1.764358 -13.593572
v 8.294079 1.757019 -13.591410
v 8.297580 1.766008 -13.599689
v 8.214047 1.653197 -13.659161
v 8.202338 1.665910 -13.664111
v 8.218998 1.665910 -13.670870
v 8.205768 1.656921 -13.662662
v 8.210145 1.658570 -13.668779
v 8.209268 1.665910 -13.670941
v 8.217547 1.656921 -13.667440
v 8.214047 1.769731 -13.659161
v 8.218998 1.757019 -13.670870
v 8.202338 1.757019 -13.664111
v 8.217547 1.766008 -13.667440
v 8.210145 1.764358 -13.668779
v 8.209268 1.757019 -13.670941
v 8.205768 1.766008 -13.662662
v 8.205383 1.653197 -13.638669
v 8.200433 1.665910 -13.626960
v 8.193674 1.665910 -13.643620
v 8.201883 1.656921 -13.630390
v 8.195765 1.658570 -13.634768
v 8.193604 1.665910 -13.633890
v 8.197104 1.656921 -13.642170
v 8.205383 1.769731 -13.638669
v 8.193674 1.757019 -13.643620
v 8.200433 1.757019 -13.626960
v 8.197104 1.766008 -13.642170
v 8.195765 1.764358 -13.634768
v 8.193604 1.757019 -13.633890
v 8.201883 1.766008 -13.630390
v 9.380209 1.844949 -14.181165
v 9.385160 1.857662 -14.192874
v 9.391918 1.857662 -14.176214
v 9.383710 1.848673 -14.189445
v 9.389828 1.850322 -14.185067
v 9.391990 1.857662 -14.185944
v 9.388489 1.848673 -14.177664
v 9.385160 1.879909 -14.192874
v 9.380209 1.892622 -14.181165
v 9.391918 1.879909 -14.176214
v 9.383710 1.888898 -14.189445
v 9.389828 1.887249 -14.185067
v 9.388489 1.888898 -14.177664
v 9.391990 1.879909 -14.185944
v 9.344730 1.844949 -14.097248
v 9.356440 1.857662 -14.092298
v 9.339779 1.857662 -14.085539
v 9.353009 1.848673 -14.093747
v 9.348632 1.850322 -14.087629
v 9.349509 1.857662 -14.085467
v 9.341229 1.848673 -14.088968
v 9.344730 1.892622 -14.097248
v 9.339779 1.879909 -14.085539
v 9.356440 1.879909 -14.092298
v 9.341229 1.888898 -14.088968
v 9.348632 1.887249 -14.087629
v 9.349509 1.879909 -14.085467
v 9.353009 1.888898 -14.093747
v 9.296292 1.844949 -14.216644
v 9.284583 1.857662 -14.221595
v 9.301244 1.857662 -14.228354
v 9.288013 1.848673 -14.220144
v 9.292391 1.850322 -14.226263
v 9.291513 1.857662 -14.228424
v 9.299793 1.848673 -14.224924
v 9.296292 1.892622 -14.216644
v 9.301244 1.879909 -14.228354
v 9.284583 1.879909 -14.221595
v 9.299793 1.888898 -14.224924
v 9.292391 1.887249 -14.226263
v 9.291513 1.879909 -14.228424
v 9.288013 1.888898 -14.220144
v 9.260814 1.844949 -14.132728
v 9.255863 1.857662 -14.121018
v 9.249104 1.857662 -14.137678
v 9.257313 1.848673 -14.124448
v 9.251195 1.850322 -14.128825
v 9.249033 1.857662 -14.127949
v 9.252534 1.848673 -14.136228
v 9.260814 1.892622 -14.132728
v 9.249104 1.879909 -14.137678
v 9.255863 1.879909 -14.121018
v 9.252534 1.888898 -14.136228
v 9.251195 1.887249 -14.128825
v 9.249033 1.879909 -14.127949
v 9.257313 1.888898 -14.124448
v 9.228391 1.844949 -13.822080
v 9.233341 1.857662 -13.833789
v 9.240100 1.857662 -13.817129
v 9.231892 1.848673 -13.830359
v 9.238009 1.850322 -13.825982
v 9.240171 1.857662 -13.826859
v 9.236670 1.848673 -13.818579
v 9.233341 1.879909 -13.833789
v 9.228391 1.892622 -13.822080
v 9.240100 1.879909 -13.817129
v 9.231892 1.888898 -13.830359
v 9.238009 1.887249 -13.825982
v 9.236670 1.888898 -13.818579
v 9.240171 1.879909 -13.826859
v 9.192911 1.844949 -13.738163
v 9.204620 1.857662 -13.733212
v 9.187961 1.857662 -13.726454
v 9.201191 1.848673 -13.734663
v 9.196814 1.850322 -13.728544
v 9.197690 1.857662 -13.726383
v 9.189411 1.848673 -13.729883
v 9.192911 1.892622 -13.738163
v 9.187961 1.879909 -13.726454
v 9.204620 1.879909 -13.733212
v 9.189411 1.888898 -13.729883
v 9.196814 1.887249 -13.728544
v 9.197690 1.879909 -13.726383
v 9.201191 1.888898 -13.734663
v 9.144474 1.844949 -13.857559
v 9.132765 1.857662 -13.862510
v 9.149425 1.857662 -13.869268
v 9.136194 1.848673 -13.861060
v 9.140572 1.850322 -13.867178
v 9.139695 1.857662 -13.869340
v 9.147975 1.848673 -13.865839
v 9.144474 1.892622 -13.857559
v 9.149425 1.879909 -13.869268
v 9.132765 1.879909 -13.862510
v 9.147975 1.888898 -13.865839
v 9.140572 1.887249 -13.867178
v 9.139695 1.879909 -13.869340
v 9.136194 1.888898 -13.861060
v 9.108994 1.844949 -13.773643
v 9.104044 1.857662 -13.761933
v 9.097285 1.857662 -13.778593
v 9.105494 1.848673 -13.765363
v 9.099376 1.850322 -13.769740
v 9.097215 1.857662 -13.768864
v 9.100715 1.848673 -13.777143
v 9.108994 1.892622 -13.773643
v 9.097285 1.879909 -13.778593
v 9.104044 1.879909 -13.761933
v 9.100715 1.888898 -13.777143
v 9.099376 1.887249 -13.769740
v 9.097215 1.879909 -13.768864
v 9.105494 1.888898 -13.765363
v 9.076572 1.844949 -13.462995
v 9.081523 1.857662 -13.474704
v 9.088282 1.857662 -13.458044
v 9.080072 1.848673 -13.471274
v 9.086190 1.850322 -13.466897
v 9.088352 1.857662 -13.467774
v 9.084852 1.848673 -13.459495
v 9.081523 1.879909 -13.474704
v 9.076572 1.892622 -13.462995
v 9.088282 1.879909 -13.458044
v 9.080072 1.888898 -13.471274
v 9.086190 1.887249 -13.466897
v 9.084852 1.888898 -13.459495
v 9.088352 1.879909 -13.467774
v 9.041093 1.844949 -13.379078
v 9.052802 1.857662 -13.374127
v 9.036142 1.857662 -13.367369
v 9.049373 1.848673 -13.375578
v 9.044994 1.850322 -13.369460
v 9.045872 1.857662 -13.367298
v 9.037592 1.848673 -13.370799
v 9.041093 1.892622 -13.379078
v 9.036142 1.879909 -13.367369
v 9.052802 1.879909 -13.374127
v 9.037592 1.888898 -13.370799
v 9.044994 1.887249 -13.369460
v 9.045872 1.879909 -13.367298
v 9.049373 1.888898 -13.375578
v 8.992656 1.844949 -13.498474
v 8.980947 1.857662 -13.503425
v 8.997606 1.857662 -13.510183
v 8.984376 1.848673 -13.501975
v 8.988753 1.850322 -13.508093
v 8.987876 1.857662 -13.510255
v 8.996156 1.848673 -13.506754
v 8.992656 1.892622 -13.498474
v 8.997606 1.879909 -13.510183
v 8.980947 1.879909 -13.503425
v 8.996156 1.888898 -13.506754
v 8.988753 1.887249 -13.508093
v 8.987876 1.879909 -13.510255
v 8.984376 1.888898 -13.501975
v 8.957176 1.844949 -13.414557
v 8.952226 1.857662 -13.402848
v 8.945467 1.857662 -13.419508
v 8.953675 1.848673 -13.406279
v 8.947557 1.850322 -13.410656
v 8.945395 1.857662 -13.409779
v 8.948896 1.848673 -13.418058
v 8.957176 1.892622 -13.414557
v 8.945467 1.879909 -13.419508
v 8.952226 1.879909 -13.402848
v 8.948896 1.888898 -13.418058
v 8.947557 1.887249 -13.410656
v 8.945395 1.879909 -13.409779
v 8.953675 1.888898 -13.406279
v 9.021125 1.844949 -14.332983
v 9.026075 1.857662 -14.344692
v 9.032834 1.857662 -14.328032
v 9.024625 1.848673 -14.341263
v 9.030743 1.850322 -14.336885
v 9.032905 1.857662 -14.337763
v 9.029405 1.848673 -14.329483
v 9.026075 1.879909 -14.344692
v 9.021125 1.892622 -14.332983
v 9.032834 1.879909 -14.328032
v 9.024625 1.888898 -14.341263
v 9.030743 1.887249 -14.336885
v 9.029405 1.888898 -14.329483
v 9.032905 1.879909 -14.337763
v 8.985645 1.844949 -14.249066
v 8.997355 1.857662 -14.244116
v 8.980695 1.857662 -14.237357
v 8.993925 1.848673 -14.245566
v 8.989547 1.850322 -14.239449
v 8.990424 1.857662 -14.237287
v 8.982144 1.848673 -14.240787
v 8.985645 1.892622 -14.249066
v 8.980695 1.879909 -14.237357
v 8.997355 1.879909 -14.244116
v 8.982144 1.888898 -14.240787
v 8.989547 1.887249 -14.239449
v 8.990424 1.879909 -14.237287
v 8.993925 1.888898 -14.245566
v 8.937208 1.844949 -14.368463
v 8.925499 1.857662 -14.373413
v 8.942159 1.857662 -14.380172
v 8.928928 1.848673 -14.371964
v 8.933306 1.850322 -14.378081
v 8.932428 1.857662 -14.380243
v 8.940708 1.848673 -14.376742
v 8.937208 1.892622 -14.368463
v 8.942159 1.879909 -14.380172
v 8.925499 1.879909 -14.373413
v 8.940708 1.888898 -14.376742
v 8.933306 1.887249 -14.378081
v 8.932428 1.879909 -14.380243
v 8.928928 1.888898 -14.371964
v 8.901729 1.844949 -14.284546
v 8.896778 1.857662 -14.272837
v 8.890019 1.857662 -14.289496
v 8.898228 1.848673 -14.276266
v 8.892110 1.850322 -14.280644
v 8.889948 1.857662 -14.279767
v 8.893449 1.848673 -14.288047
v 8.901729 1.892622 -14.284546
v 8.890019 1.879909 -14.289496
v 8.896778 1.879909 -14.272837
v 8.893449 1.888898 -14.288047
v 8.892110 1.887249 -14.280644
v 8.889948 1.879909 -14.279767
v 8.898228 1.888898 -14.276266
v 8.869306 1.844949 -13.973898
v 8.874256 1.857662 -13.985608
v 8.881015 1.857662 -13.968947
v 8.872807 1.848673 -13.982178
v 8.878924 1.850322 -13.977800
v 8.881086 1.857662 -13.978678
v 8.877585 1.848673 -13.970398
v 8.874256 1.879909 -13.985608
v 8.869306 1.892622 -13.973898
v 8.881015 1.879909 -13.968947
v 8.872807 1.888898 -13.982178
v 8.878924 1.887249 -13.977800
v 8.877585 1.888898 -13.970398
v 8.881086 1.879909 -13.978678
v 8.833826 1.844949 -13.889982
v 8.845535 1.857662 -13.885032
v 8.828876 1.857662 -13.878273
v 8.842106 1.848673 -13.886481
v 8.837729 1.850322 -13.880363
v 8.838606 1.857662 -13.878201
v 8.830326 1.848673 -13.881702
v 8.833826 1.892622 -13.889982
v 8.828876 1.879909 -13.878273
v 8.845535 1.879909 -13.885032
v 8.830326 1.888898 -13.881702
v 8.837729 1.887249 -13.880363
v 8.838606 1.879909 -13.878201
v 8.842106 1.888898 -13.886481
v 8.785389 1.844949 -14.009377
v 8.773680 1.857662 -14.014328
v 8.790339 1.857662 -14.021087
v 8.777109 1.848673 -14.012878
v 8.781487 1.850322 -14.018996
v 8.780610 1.857662 -14.021158
v 8.788890 1.848673 -14.017657
v 8.785389 1.892622 -14.009377
v 8.790339 1.879909 -14.021087
v 8.773680 1.879909 -14.014328
v 8.788890 1.888898 -14.017657
v 8.781487 1.887249 -14.018996
v 8.780610 1.879909 -14.021158
v 8.777109 1.888898 -14.012878
v 8.749910 1.844949 -13.925461
v 8.744959 1.857662 -13.913752
v 8.738200 1.857662 -13.930412
v 8.746409 1.848673 -13.917182
v 8.740292 1.850322 -13.921559
v 8.738130 1.857662 -13.920682
v 8.741631 1.848673 -13.928962
v 8.749910 1.892622 -13.925461
v 8.738200 1.879909 -13.930412
v 8.744959 1.879909 -13.913752
v 8.741631 1.888898 -13.928962
v 8.740292 1.887249 -13.921559
v 8.738130 1.879909 -13.920682
v 8.746409 1.888898 -13.917182
v 8.717487 1.844949 -13.614814
v 8.722438 1.857662 -13.626523
v 8.729197 1.857662 -13.609863
v 8.720987 1.848673 -13.623094
v 8.727106 1.850322 -13.618715
v 8.729267 1.857662 -13.619593
v 8.725767 1.848673 -13.611313
v 8.722438 1.879909 -13.626523
v 8.717487 1.892622 -13.614814
v 8.729197 1.879909 -13.609863
v 8.720987 1.888898 -13.623094
v 8.727106 1.887249 -13.618715
v 8.725767 1.888898 -13.611313
v 8.729267 1.879909 -13.619593
v 8.682008 1.844949 -13.530897
v 8.693717 1.857662 -13.525947
v 8.677057 1.857662 -13.519188
v 8.690288 1.848673 -13.527396
v 8.685910 1.850322 -13.521278
v 8.686787 1.857662 -13.519116
v 8.678507 1.848673 -13.522617
v 8.682008 1.892622 -13.530897
v 8.677057 1.879909 -13.519188
v 8.693717 1.879909 -13.525947
v 8.678507 1.888898 -13.522617
v 8.685910 1.887249 -13.521278
v 8.686787 1.879909 -13.519116
v 8.690288 1.888898 -13.527396
v 8.633571 1.844949 -13.650293
v 8.621861 1.857662 -13.655244
v 8.638521 1.857662 -13.662003
v 8.625291 1.848673 -13.653793
v 8.629668 1.850322 -13.659911
v 8.628792 1.857662 -13.662073
v 8.637072 1.848673 -13.658572
v 8.633571 1.892622 -13.650293
v 8.638521 1.879909 -13.662003
v 8.621861 1.879909 -13.655244
v 8.637072 1.888898 -13.658572
v 8.629668 1.887249 -13.659911
v 8.628792 1.879909 -13.662073
v 8.625291 1.888898 -13.653793
v 8.598091 1.844949 -13.566377
v 8.593141 1.857662 -13.554667
v 8.586382 1.857662 -13.571327
v 8.594591 1.848673 -13.558097
v 8.588472 1.850322 -13.562474
v 8.586311 1.857662 -13.561598
v 8.589811 1.848673 -13.569877
v 8.598091 1.892622 -13.566377
v 8.586382 1.879909 -13.571327
v 8.593141 1.879909 -13.554667
v 8.589811 1.888898 -13.569877
v 8.588472 1.887249 -13.562474
v 8.586311 1.879909 -13.561598
v 8.594591 1.888898 -13.558097
v 8.662040 1.844949 -14.484802
v 8.666990 1.857662 -14.496511
v 8.673749 1.857662 -14.479852
v 8.665541 1.848673 -14.493082
v 8.671659 1.850322 -14.488704
v 8.673820 1.857662 -14.489581
v 8.670320 1.848673 -14.481301
v 8.666990 1.879909 -14.496511
v 8.662040 1.892622 -14.484802
v 8.673749 1.879909 -14.479852
v 8.665541 1.888898 -14.493082
v 8.671659 1.887249 -14.488704
v 8.670320 1.888898 -14.481301
v 8.673820 1.879909 -14.489581
v 8.626560 1.844949 -14.400886
v 8.638269 1.857662 -14.395935
v 8.621610 1.857662 -14.389176
v 8.634840 1.848673 -14.397385
v 8.630463 1.850322 -14.391267
v 8.631339 1.857662 -14.389105
v 8.623059 1.848673 -14.392606
v 8.626560 1.892622 -14.400886
v 8.621610 1.879909 -14.389176
v 8.638269 1.879909 -14.395935
v 8.623059 1.888898 -14.392606
v 8.630463 1.887249 -14.391267
v 8.631339 1.879909 -14.389105
v 8.634840 1.888898 -14.397385
v 8.578123 1.844949 -14.520282
v 8.566414 1.857662 -14.525232
v 8.583074 1.857662 -14.531991
v 8.569843 1.848673 -14.523782
v 8.574221 1.850322 -14.529900
v 8.573344 1.857662 -14.532062
v 8.581624 1.848673 -14.528561
v 8.578123 1.892622 -14.520282
v 8.583074 1.879909 -14.531991
v 8.566414 1.879909 -14.525232
v 8.581624 1.888898 -14.528561
v 8.574221 1.887249 -14.529900
v 8.573344 1.879909 -14.532062
v 8.569843 1.888898 -14.523782
v 8.542644 1.844949 -14.436365
v 8.537693 1.857662 -14.424656
v 8.530934 1.857662 -14.441316
v 8.539143 1.848673 -14.428085
v 8.533025 1.850322 -14.432463
v 8.530864 1.857662 -14.431585
v 8.534364 1.848673 -14.439865
v 8.542644 1.892622 -14.436365
v 8.530934 1.879909 -14.441316
v 8.537693 1.879909 -14.424656
v 8.534364 1.888898 -14.439865
v 8.533025 1.887249 -14.432463
v 8.530864 1.879909 -14.431585
v 8.539143 1.888898 -14.428085
v 8.510221 1.844949 -14.125717
v 8.515172 1.857662 -14.137426
v 8.521931 1.857662 -14.120767
v 8.513721 1.848673 -14.133997
v 8.519839 1.850322 -14.129620
v 8.522001 1.857662 -14.130496
v 8.518500 1.848673 -14.122216
v 8.515172 1.879909 -14.137426
v 8.510221 1.892622 -14.125717
v 8.521931 1.879909 -14.120767
v 8.513721 1.888898 -14.133997
v 8.519839 1.887249 -14.129620
v 8.518500 1.888898 -14.122216
v 8.522001 1.879909 -14.130496
v 8.474742 1.844949 -14.041800
v 8.486451 1.857662 -14.036850
v 8.469791 1.857662 -14.030091
v 8.483022 1.848673 -14.038300
v 8.478643 1.850322 -14.032182
v 8.479521 1.857662 -14.030020
v 8.471241 1.848673 -14.033521
v 8.474742 1.892622 -14.041800
v 8.469791 1.879909 -14.030091
v 8.486451 1.879909 -14.036850
v 8.471241 1.888898 -14.033521
v 8.478643 1.887249 -14.032182
v 8.479521 1.879909 -14.030020
v 8.483022 1.888898 -14.038300
v 8.426304 1.844949 -14.161197
v 8.414595 1.857662 -14.166147
v 8.431255 1.857662 -14.172906
v 8.418025 1.848673 -14.164697
v 8.422402 1.850322 -14.170815
v 8.421525 1.857662 -14.172976
v 8.429805 1.848673 -14.169477
v 8.426304 1.892622 -14.161197
v 8.431255 1.879909 -14.172906
v 8.414595 1.879909 -14.166147
v 8.429805 1.888898 -14.169477
v 8.422402 1.887249 -14.170815
v 8.421525 1.879909 -14.172976
v 8.418025 1.888898 -14.164697
v 8.390825 1.844949 -14.077280
v 8.385875 1.857662 -14.065571
v 8.379116 1.857662 -14.082231
v 8.387324 1.848673 -14.069000
v 8.381207 1.850322 -14.073378
v 8.379045 1.857662 -14.072501
v 8.382545 1.848673 -14.080780
v 8.390825 1.892622 -14.077280
v 8.379116 1.879909 -14.082231
v 8.385875 1.879909 -14.065571
v 8.382545 1.888898 -14.080780
v 8.381207 1.887249 -14.073378
v 8.379045 1.879909 -14.072501
v 8.387324 1.888898 -14.069000
v 8.358402 1.844949 -13.766632
v 8.363353 1.857662 -13.778341
v 8.370111 1.857662 -13.761682
v 8.361903 1.848673 -13.774912
v 8.368021 1.850322 -13.770535
v 8.370183 1.857662 -13.771411
v 8.366682 1.848673 -13.763131
v 8.363353 1.879909 -13.778341
v 8.358402 1.892622 -13.766632
v 8.370111 1.879909 -13.761682
v 8.361903 1.888898 -13.774912
v 8.368021 1.887249 -13.770535
v 8.366682 1.888898 -13.763131
v 8.370183 1.879909 -13.771411
v 8.322923 1.844949 -13.682715
v 8.334632 1.857662 -13.677765
v 8.317972 1.857662 -13.671006
v 8.331203 1.848673 -13.679215
v 8.326825 1.850322 -13.673097
v 8.327703 1.857662 -13.670936
v 8.319423 1.848673 -13.674437
v 8.322923 1.892622 -13.682715
v 8.317972 1.879909 -13.671006
v 8.334632 1.879909 -13.677765
v 8.319423 1.888898 -13.674437
v 8.326825 1.887249 -13.673097
v 8.327703 1.879909 -13.670936
v 8.331203 1.888898 -13.679215
v 8.274486 1.844949 -13.802112
v 8.262776 1.857662 -13.807062
v 8.279436 1.857662 -13.813821
v 8.266206 1.848673 -13.805613
v 8.270584 1.850322 -13.811730
v 8.269707 1.857662 -13.813892
v 8.277987 1.848673 -13.810391
v 8.274486 1.892622 -13.802112
v 8.279436 1.879909 -13.813821
v 8.262776 1.879909 -13.807062
v 8.277987 1.888898 -13.810391
v 8.270584 1.887249 -13.811730
v 8.269707 1.879909 -13.813892
v 8.266206 1.888898 -13.805613
v 8.239006 1.844949 -13.718195
v 8.234056 1.857662 -13.706486
v 8.227297 1.857662 -13.723145
v 8.235506 1.848673 -13.709915
v 8.229387 1.850322 -13.714293
v 8.227226 1.857662 -13.713416
v 8.230726 1.848673 -13.721696
v 8.239006 1.892622 -13.718195
v 8.227297 1.879909 -13.723145
v 8.234056 1.879909 -13.706486
v 8.230726 1.888898 -13.721696
v 8.229387 1.887249 -13.714293
v 8.227226 1.879909 -13.713416
v 8.235506 1.888898 -13.709915
v 9.075040 1.395762 -13.434888
v 9.050287 1.378731 -13.376341
v 9.025534 1.268634 -13.317795
v 9.050287 1.158538 -13.376341
v 9.075040 1.141506 -13.434888
v 9.053489 1.391431 -13.410025
v 9.033407 1.378731 -13.386856
v 9.016162 1.358527 -13.366961
v 9.002929 1.332198 -13.351694
v 8.994611 1.301537 -13.342097
v 8.991774 1.268634 -13.338824
v 8.994611 1.235731 -13.342097
v 9.002929 1.205070 -13.351694
v 9.016162 1.178741 -13.366961
v 9.033407 1.158538 -13.386856
v 9.053489 1.145838 -13.410025
v 9.046861 1.391431 -13.417901
v 9.020602 1.378731 -13.402072
v 8.998053 1.358527 -13.388479
v 8.980750 1.332198 -13.378050
v 8.969873 1.301537 -13.371492
v 8.966164 1.268634 -13.369256
v 8.969873 1.235731 -13.371492
v 8.980750 1.205070 -13.378050
v 8.998053 1.178741 -13.388479
v 9.020602 1.158538 -13.402072
v 9.046861 1.145838 -13.417901
v 9.042991 1.391431 -13.427441
v 9.013125 1.378731 -13.420501
v 8.987480 1.358527 -13.414541
v 8.967801 1.332198 -13.409968
v 8.955430 1.301537 -13.407094
v 8.951211 1.268634 -13.406114
v 8.955430 1.235731 -13.407094
v 8.967801 1.205070 -13.409968
v 8.987480 1.178741 -13.414541
v 9.013125 1.158538 -13.420501
v 9.042991 1.145838 -13.427441
v 9.042258 1.391431 -13.437709
v 9.011710 1.378731 -13.440337
v 8.985478 1.358527 -13.442595
v 8.965349 1.332198 -13.444326
v 8.952696 1.301537 -13.445415
v 8.948380 1.268634 -13.445787
v 8.952696 1.235731 -13.445415
v 8.965349 1.205070 -13.444326
v 8.985478 1.178741 -13.442595
v 9.011710 1.158538 -13.440337
v 9.042258 1.145838 -13.437709
v 9.044734 1.391431 -13.447701
v 9.016494 1.378731 -13.459641
v 8.992243 1.358527 -13.469893
v 8.973635 1.332198 -13.477761
v 8.961937 1.301537 -13.482707
v 8.957948 1.268634 -13.484394
v 8.961937 1.235731 -13.482707
v 8.973635 1.205070 -13.477761
v 8.992243 1.178741 -13.469893
v 9.016494 1.158538 -13.459641
v 9.044734 1.145838 -13.447701
v 9.050178 1.391431 -13.456439
v 9.027008 1.378731 -13.476521
v 9.007113 1.358527 -13.493766
v 8.991847 1.332198 -13.506999
v 8.982250 1.301537 -13.515317
v 8.978976 1.268634 -13.518154
v 8.982250 1.235731 -13.515317
v 8.991847 1.205070 -13.506999
v 9.007113 1.178741 -13.493766
v 9.027008 1.158538 -13.476521
v 9.050178 1.145838 -13.456439
v 9.058054 1.391431 -13.463067
v 9.042225 1.378731 -13.489326
v 9.028632 1.358527 -13.511875
v 9.018202 1.332198 -13.529178
v 9.011645 1.301537 -13.540054
v 9.009409 1.268634 -13.543764
v 9.011645 1.235731 -13.540054
v 9.018202 1.205070 -13.529178
v 9.028632 1.178741 -13.511875
v 9.042225 1.158538 -13.489326
v 9.058054 1.145838 -13.463067
v 9.067593 1.391431 -13.466937
v 9.060653 1.378731 -13.496802
v 9.054694 1.358527 -13.522448
v 9.050121 1.332198 -13.542127
v 9.047246 1.301537 -13.554498
v 9.046266 1.268634 -13.558717
v 9.047246 1.235731 -13.554498
v 9.050121 1.205070 -13.542127
v 9.054694 1.178741 -13.522448
v 9.060653 1.158538 -13.496802
v 9.067593 1.145838 -13.466937
v 9.077861 1.391431 -13.467669
v 9.080490 1.378731 -13.498218
v 9.082747 1.358527 -13.524450
v 9.084479 1.332198 -13.544579
v 9.085568 1.301537 -13.557232
v 9.085939 1.268634 -13.561548
v 9.085568 1.235731 -13.557232
v 9.084479 1.205070 -13.544579
v 9.082747 1.178741 -13.524450
v 9.080490 1.158538 -13.498218
v 9.077861 1.145838 -13.467669
v 9.087853 1.391431 -13.465194
v 9.099793 1.378731 -13.493434
v 9.110046 1.358527 -13.517685
v 9.117914 1.332198 -13.536293
v 9.122859 1.301537 -13.547991
v 9.124546 1.268634 -13.551981
v 9.122859 1.235731 -13.547991
v 9.117914 1.205070 -13.536293
v 9.110046 1.178741 -13.517685
v 9.099793 1.158538 -13.493434
v 9.087853 1.145838 -13.465194
v 9.096591 1.391431 -13.459751
v 9.116673 1.378731 -13.482920
v 9.133919 1.358527 -13.502815
v 9.147151 1.332198 -13.518082
v 9.155470 1.301537 -13.527678
v 9.158307 1.268634 -13.530951
v 9.155470 1.235731 -13.527678
v 9.147151 1.205070 -13.518082
v 9.133919 1.178741 -13.502815
v 9.116673 1.158538 -13.482920
v 9.096591 1.145838 -13.459751
v 9.103220 1.391431 -13.451874
v 9.129478 1.378731 -13.467703
v 9.152028 1.358527 -13.481296
v 9.169331 1.332198 -13.491726
v 9.180207 1.301537 -13.498282
v 9.183917 1.268634 -13.500519
v 9.180207 1.235731 -13.498282
v 9.169331 1.205070 -13.491726
v 9.152028 1.178741 -13.481296
v 9.129478 1.158538 -13.467703
v 9.103220 1.145838 -13.451874
v 9.107090 1.391431 -13.442335
v 9.136955 1.378731 -13.449275
v 9.162601 1.358527 -13.455235
v 9.182280 1.332198 -13.459806
v 9.194650 1.301537 -13.462682
v 9.198870 1.268634 -13.463662
v 9.194650 1.235731 -13.462682
v 9.182280 1.205070 -13.459806
v 9.162601 1.178741 -13.455235
v 9.136955 1.158538 -13.449275
v 9.107090 1.145838 -13.442335
v 9.107822 1.391431 -13.432067
v 9.138371 1.378731 -13.429438
v 9.164602 1.358527 -13.427180
v 9.184731 1.332198 -13.425448
v 9.197385 1.301537 -13.424359
v 9.201700 1.268634 -13.423988
v 9.197385 1.235731 -13.424359
v 9.184731 1.205070 -13.425448
v 9.164602 1.178741 -13.427180
v 9.138371 1.158538 -13.429438
v 9.107822 1.145838 -13.432067
v 9.105346 1.391431 -13.422074
v 9.133587 1.378731 -13.410134
v 9.157837 1.358527 -13.399881
v 9.176446 1.332198 -13.392015
v 9.188144 1.301537 -13.387069
v 9.192133 1.268634 -13.385382
v 9.188144 1.235731 -13.387069
v 9.176446 1.205070 -13.392015
v 9.157837 1.178741 -13.399881
v 9.133587 1.158538 -13.410134
v 9.105346 1.145838 -13.422074
v 9.099903 1.391431 -13.413337
v 9.123072 1.378731 -13.393254
v 9.142967 1.358527 -13.376009
v 9.158234 1.332198 -13.362777
v 9.167830 1.301537 -13.354458
v 9.171104 1.268634 -13.351621
v 9.167830 1.235731 -13.354458
v 9.158234 1.205070 -13.362777
v 9.142967 1.178741 -13.376009
v 9.123072 1.158538 -13.393254
v 9.099903 1.145838 -13.413337
v 9.092027 1.391431 -13.406708
v 9.107856 1.378731 -13.380449
v 9.121449 1.358527 -13.357901
v 9.131879 1.332198 -13.340597
v 9.138435 1.301537 -13.329720
v 9.140672 1.268634 -13.326011
v 9.138435 1.235731 -13.329720
v 9.131879 1.205070 -13.340597
v 9.121449 1.178741 -13.357901
v 9.107856 1.158538 -13.380449
v 9.092027 1.145838 -13.406708
v 9.082488 1.391431 -13.402839
v 9.089427 1.378731 -13.372973
v 9.095387 1.358527 -13.347327
v 9.099959 1.332198 -13.327648
v 9.102834 1.301537 -13.315278
v 9.103814 1.268634 -13.311058
v 9.102834 1.235731 -13.315278
v 9.099959 1.205070 -13.327648
v 9.095387 1.178741 -13.347327
v 9.089427 1.158538 -13.372973
v 9.082488 1.145838 -13.402839
v 9.072219 1.391431 -13.402105
v 9.069591 1.378731 -13.371557
v 9.067333 1.358527 -13.345325
v 9.065601 1.332198 -13.325197
v 9.064512 1.301537 -13.312544
v 9.064141 1.268634 -13.308228
v 9.064512 1.235731 -13.312544
v 9.065601 1.205070 -13.325197
v 9.067333 1.178741 -13.345325
v 9.069591 1.158538 -13.371557
v 9.072219 1.145838 -13.402105
v 9.062227 1.391431 -13.404582
v 9.040034 1.358527 -13.352091
v 9.032166 1.332198 -13.333483
v 9.027221 1.301537 -13.321785
v 9.027221 1.235731 -13.321785
v 9.032166 1.205070 -13.333483
v 9.040034 1.178741 -13.352091
v 9.062227 1.145838 -13.404582
v 8.899993 1.581158 -13.388125
v 8.906181 1.597049 -13.402762
v 8.914630 1.597049 -13.381937
v 8.904368 1.585812 -13.398476
v 8.912016 1.587874 -13.393003
v 8.914719 1.597049 -13.394100
v 8.910342 1.585812 -13.383750
v 8.906181 1.639425 -13.402762
v 8.899993 1.655316 -13.388125
v 8.914630 1.639425 -13.381937
v 8.904368 1.650662 -13.398476
v 8.912016 1.648600 -13.393003
v 8.910342 1.650662 -13.383750
v 8.914719 1.639425 -13.394100
v 8.879365 1.581158 -13.339337
v 8.894002 1.597049 -13.333149
v 8.873178 1.597049 -13.324700
v 8.889715 1.585812 -13.334961
v 8.884243 1.587874 -13.327314
v 8.885340 1.597049 -13.324612
v 8.874990 1.585812 -13.328987
v 8.879365 1.655316 -13.339337
v 8.873178 1.639425 -13.324700
v 8.894002 1.639425 -13.333149
v 8.874990 1.650662 -13.328987
v 8.884243 1.648600 -13.327313
v 8.885339 1.639425 -13.324612
v 8.889715 1.650662 -13.334961
v 8.773142 1.581158 -13.441757
v 8.758506 1.597049 -13.447946
v 8.779330 1.597049 -13.456394
v 8.762793 1.585812 -13.446133
v 8.768265 1.587874 -13.453780
v 8.767168 1.597049 -13.456483
v 8.777518 1.585812 -13.452106
v 8.773142 1.655316 -13.441757
v 8.779330 1.639425 -13.456394
v 8.758506 1.639425 -13.447946
v 8.777518 1.650662 -13.452107
v 8.768265 1.648600 -13.453780
v 8.767168 1.639425 -13.456483
v 8.762793 1.650662 -13.446133
v 8.752515 1.581158 -13.392969
v 8.746326 1.597049 -13.378332
v 8.737878 1.597049 -13.399157
v 8.748139 1.585812 -13.382619
v 8.740492 1.587874 -13.388091
v 8.737789 1.597049 -13.386994
v 8.742165 1.585812 -13.397345
v 8.752515 1.655316 -13.392969
v 8.737878 1.639425 -13.399157
v 8.746326 1.639425 -13.378332
v 8.742166 1.650662 -13.397345
v 8.740492 1.648600 -13.388091
v 8.737789 1.639425 -13.386994
v 8.748139 1.650662 -13.382619
v 8.255390 1.395762 -13.781430
v 8.230637 1.378731 -13.722884
v 8.205884 1.268634 -13.664337
v 8.230637 1.158538 -13.722884
v 8.255390 1.141506 -13.781430
v 8.233839 1.391431 -13.756567
v 8.213757 1.378731 -13.733398
v 8.196511 1.358527 -13.713503
v 8.183279 1.332198 -13.698236
v 8.174960 1.301537 -13.688640
v 8.172123 1.268634 -13.685367
v 8.174960 1.235731 -13.688640
v 8.183279 1.205070 -13.698236
v 8.196511 1.178741 -13.713503
v 8.213757 1.158538 -13.733398
v 8.233839 1.145838 -13.756567
v 8.227211 1.391431 -13.764443
v 8.200952 1.378731 -13.748614
v 8.178403 1.358527 -13.735022
v 8.161100 1.332198 -13.724592
v 8.150223 1.301537 -13.718036
v 8.146513 1.268634 -13.715799
v 8.150223 1.235731 -13.718036
v 8.161100 1.205070 -13.724592
v 8.178403 1.178741 -13.735022
v 8.200952 1.158538 -13.748614
v 8.227211 1.145838 -13.764443
v 8.223341 1.391431 -13.773983
v 8.193476 1.378731 -13.767043
v 8.167830 1.358527 -13.761084
v 8.148150 1.332198 -13.756511
v 8.135780 1.301537 -13.753636
v 8.131561 1.268634 -13.752656
v 8.135780 1.235731 -13.753636
v 8.148150 1.205070 -13.756511
v 8.167830 1.178741 -13.761084
v 8.193476 1.158538 -13.767043
v 8.223341 1.145838 -13.773983
v 8.222608 1.391431 -13.784251
v 8.192060 1.378731 -13.786880
v 8.165828 1.358527 -13.789137
v 8.145700 1.332198 -13.790870
v 8.133045 1.301537 -13.791958
v 8.128730 1.268634 -13.792330
v 8.133045 1.235731 -13.791958
v 8.145700 1.205070 -13.790870
v 8.165828 1.178741 -13.789137
v 8.192060 1.158538 -13.786880
v 8.222608 1.145838 -13.784251
v 8.225084 1.391431 -13.794243
v 8.196844 1.378731 -13.806183
v 8.172593 1.358527 -13.816437
v 8.153985 1.332198 -13.824304
v 8.142287 1.301537 -13.829249
v 8.138297 1.268634 -13.830936
v 8.142287 1.235731 -13.829249
v 8.153985 1.205070 -13.824304
v 8.172593 1.178741 -13.816437
v 8.196844 1.158538 -13.806183
v 8.225084 1.145838 -13.794243
v 8.230527 1.391431 -13.802981
v 8.207358 1.378731 -13.823064
v 8.187463 1.358527 -13.840309
v 8.172196 1.332198 -13.853541
v 8.162600 1.301537 -13.861860
v 8.159327 1.268634 -13.864697
v 8.162600 1.235731 -13.861860
v 8.172196 1.205070 -13.853541
v 8.187463 1.178741 -13.840309
v 8.207358 1.158538 -13.823064
v 8.230527 1.145838 -13.802981
v 8.238403 1.391431 -13.809609
v 8.222574 1.378731 -13.835869
v 8.208982 1.358527 -13.858418
v 8.198552 1.332198 -13.875720
v 8.191996 1.301537 -13.886597
v 8.189759 1.268634 -13.890306
v 8.191996 1.235731 -13.886597
v 8.198552 1.205070 -13.875720
v 8.208982 1.178741 -13.858418
v 8.222574 1.158538 -13.835869
v 8.238403 1.145838 -13.809609
v 8.247943 1.391431 -13.813479
v 8.241003 1.378731 -13.843345
v 8.235044 1.358527 -13.868991
v 8.230471 1.332198 -13.888669
v 8.227596 1.301537 -13.901040
v 8.226616 1.268634 -13.905259
v 8.227596 1.235731 -13.901040
v 8.230471 1.205070 -13.888669
v 8.235044 1.178741 -13.868991
v 8.241003 1.158538 -13.843345
v 8.247943 1.145838 -13.813479
v 8.258211 1.391431 -13.814213
v 8.260839 1.378731 -13.844760
v 8.263097 1.358527 -13.870993
v 8.264830 1.332198 -13.891121
v 8.265918 1.301537 -13.903774
v 8.266290 1.268634 -13.908091
v 8.265918 1.235731 -13.903774
v 8.264830 1.205070 -13.891121
v 8.263097 1.178741 -13.870993
v 8.260839 1.158538 -13.844760
v 8.258211 1.145838 -13.814213
v 8.268203 1.391431 -13.811736
v 8.280143 1.378731 -13.839976
v 8.290396 1.358527 -13.864227
v 8.298264 1.332198 -13.882835
v 8.303209 1.301537 -13.894533
v 8.304896 1.268634 -13.898523
v 8.303209 1.235731 -13.894533
v 8.298264 1.205070 -13.882835
v 8.290396 1.178741 -13.864227
v 8.280143 1.158538 -13.839976
v 8.268203 1.145838 -13.811736
v 8.276941 1.391431 -13.806293
v 8.297024 1.378731 -13.829462
v 8.314268 1.358527 -13.849358
v 8.327501 1.332198 -13.864624
v 8.335819 1.301537 -13.874221
v 8.338656 1.268634 -13.877494
v 8.335819 1.235731 -13.874221
v 8.327501 1.205070 -13.864624
v 8.314268 1.178741 -13.849358
v 8.297024 1.158538 -13.829462
v 8.276941 1.145838 -13.806293
v 8.283569 1.391431 -13.798417
v 8.309829 1.378731 -13.814246
v 8.332377 1.358527 -13.827839
v 8.349680 1.332198 -13.838268
v 8.360557 1.301537 -13.844825
v 8.364266 1.268634 -13.847061
v 8.360557 1.235731 -13.844825
v 8.349680 1.205070 -13.838268
v 8.332377 1.178741 -13.827839
v 8.309829 1.158538 -13.814246
v 8.283569 1.145838 -13.798417
v 8.287439 1.391431 -13.788877
v 8.317305 1.378731 -13.795817
v 8.342951 1.358527 -13.801777
v 8.362629 1.332198 -13.806350
v 8.375000 1.301537 -13.809224
v 8.379219 1.268634 -13.810205
v 8.375000 1.235731 -13.809224
v 8.362629 1.205070 -13.806350
v 8.342951 1.178741 -13.801777
v 8.317305 1.158538 -13.795817
v 8.287439 1.145838 -13.788877
v 8.288172 1.391431 -13.778609
v 8.318720 1.378731 -13.775981
v 8.344953 1.358527 -13.773724
v 8.365081 1.332198 -13.771991
v 8.377734 1.301537 -13.770903
v 8.382051 1.268634 -13.770531
v 8.377734 1.235731 -13.770903
v 8.365081 1.205070 -13.771991
v 8.344953 1.178741 -13.773724
v 8.318720 1.158538 -13.775981
v 8.288172 1.145838 -13.778609
v 8.285696 1.391431 -13.768617
v 8.313936 1.378731 -13.756678
v 8.338187 1.358527 -13.746424
v 8.356795 1.332198 -13.738557
v 8.368493 1.301537 -13.733611
v 8.372483 1.268634 -13.731924
v 8.368493 1.235731 -13.733611
v 8.356795 1.205070 -13.738557
v 8.338187 1.178741 -13.746424
v 8.313936 1.158538 -13.756678
v 8.285696 1.145838 -13.768617
v 8.280253 1.391431 -13.759879
v 8.303422 1.378731 -13.739797
v 8.323318 1.358527 -13.722551
v 8.338584 1.332198 -13.709319
v 8.348181 1.301537 -13.701000
v 8.351454 1.268634 -13.698164
v 8.348181 1.235731 -13.701000
v 8.338584 1.205070 -13.709319
v 8.323318 1.178741 -13.722551
v 8.303422 1.158538 -13.739797
v 8.280253 1.145838 -13.759879
v 8.272377 1.391431 -13.753251
v 8.288206 1.378731 -13.726992
v 8.301798 1.358527 -13.704443
v 8.312228 1.332198 -13.687140
v 8.318785 1.301537 -13.676263
v 8.321021 1.268634 -13.672553
v 8.318785 1.235731 -13.676263
v 8.312228 1.205070 -13.687140
v 8.301798 1.178741 -13.704443
v 8.288206 1.158538 -13.726992
v 8.272377 1.145838 -13.753251
v 8.262837 1.391431 -13.749381
v 8.269777 1.378731 -13.719516
v 8.275737 1.358527 -13.693870
v 8.280310 1.332198 -13.674191
v 8.283184 1.301537 -13.661820
v 8.284164 1.268634 -13.657601
v 8.283184 1.235731 -13.661820
v 8.280310 1.205070 -13.674191
v 8.275737 1.178741 -13.693870
v 8.269777 1.158538 -13.719516
v 8.262837 1.145838 -13.749381
v 8.252569 1.391431 -13.748648
v 8.249940 1.378731 -13.718101
v 8.247683 1.358527 -13.691868
v 8.245951 1.332198 -13.671740
v 8.244862 1.301537 -13.659086
v 8.244491 1.268634 -13.654770
v 8.244862 1.235731 -13.659086
v 8.245951 1.205070 -13.671740
v 8.247683 1.178741 -13.691868
v 8.249940 1.158538 -13.718101
v 8.252569 1.145838 -13.748648
v 8.242577 1.391431 -13.751124
v 8.220384 1.358527 -13.698633
v 8.212517 1.332198 -13.680025
v 8.207571 1.301537 -13.668327
v 8.207571 1.235731 -13.668327
v 8.212517 1.205070 -13.680025
v 8.220384 1.178741 -13.698633
v 8.242577 1.145838 -13.751124
v 8.470653 1.581158 -13.569648
v 8.476841 1.597049 -13.584285
v 8.485289 1.597049 -13.563459
v 8.475028 1.585812 -13.579998
v 8.482676 1.587874 -13.574526
v 8.485378 1.597049 -13.575622
v 8.481002 1.585812 -13.565272
v 8.476841 1.639425 -13.584285
v 8.470653 1.655316 -13.569648
v 8.485289 1.639425 -13.563459
v 8.475028 1.650662 -13.579998
v 8.482676 1.648600 -13.574526
v 8.481002 1.650662 -13.565272
v 8.485378 1.639425 -13.575622
v 8.450025 1.581158 -13.520860
v 8.464662 1.597049 -13.514671
v 8.443836 1.597049 -13.506223
v 8.460375 1.585812 -13.516483
v 8.454903 1.587874 -13.508836
v 8.455998 1.597049 -13.506134
v 8.445649 1.585812 -13.510509
v 8.450025 1.655316 -13.520860
v 8.443836 1.639425 -13.506223
v 8.464662 1.639425 -13.514671
v 8.445649 1.650662 -13.510509
v 8.454903 1.648600 -13.508836
v 8.455998 1.639425 -13.506134
v 8.460375 1.650662 -13.516483
v 8.343801 1.581158 -13.623280
v 8.329165 1.597049 -13.629468
v 8.349990 1.597049 -13.637917
v 8.333452 1.585812 -13.627655
v 8.338924 1.587874 -13.635303
v 8.337828 1.597049 -13.638005
v 8.348177 1.585812 -13.633629
v 8.343801 1.655316 -13.623280
v 8.349990 1.639425 -13.637917
v 8.329165 1.639425 -13.629468
v 8.348178 1.650662 -13.633630
v 8.338924 1.648600 -13.635303
v 8.337828 1.639425 -13.638005
v 8.333452 1.650662 -13.627655
v 8.323174 1.581158 -13.574491
v 8.316986 1.597049 -13.559855
v 8.308537 1.597049 -13.580679
v 8.318798 1.585812 -13.564141
v 8.311151 1.587874 -13.569613
v 8.308449 1.597049 -13.568517
v 8.312824 1.585812 -13.578867
v 8.323174 1.655316 -13.574491
v 8.308537 1.639425 -13.580679
v 8.316986 1.639425 -13.559855
v 8.312824 1.650662 -13.578867
v 8.311151 1.648600 -13.569613
v 8.308449 1.639425 -13.568517
v 8.318798 1.650662 -13.564141
v 8.696627 1.607643 -13.443052
v 8.701577 1.620356 -13.454762
v 8.708336 1.620356 -13.438102
v 8.700127 1.611367 -13.451332
v 8.706245 1.613016 -13.446955
v 8.708406 1.620356 -13.447831
v 8.704906 1.611367 -13.439551
v 8.701577 1.658494 -13.454762
v 8.696627 1.671207 -13.443052
v 8.708336 1.658494 -13.438102
v 8.700127 1.667483 -13.451332
v 8.706245 1.665834 -13.446955
v 8.704906 1.667483 -13.439551
v 8.708406 1.658494 -13.447831
v 8.681775 1.607643 -13.407925
v 8.693484 1.620356 -13.402974
v 8.676825 1.620356 -13.396215
v 8.690055 1.611367 -13.404424
v 8.685677 1.613016 -13.398306
v 8.686554 1.620356 -13.396144
v 8.678274 1.611367 -13.399645
v 8.681775 1.671207 -13.407925
v 8.676825 1.658494 -13.396215
v 8.693484 1.658494 -13.402974
v 8.678274 1.667483 -13.399645
v 8.685677 1.665834 -13.398306
v 8.686554 1.658494 -13.396144
v 8.690055 1.667483 -13.404424
v 8.524890 1.607643 -13.515661
v 8.513181 1.620356 -13.520612
v 8.529840 1.620356 -13.527370
v 8.516611 1.611367 -13.519162
v 8.520988 1.613016 -13.525280
v 8.520111 1.620356 -13.527441
v 8.528391 1.611367 -13.523941
v 8.524890 1.671207 -13.515661
v 8.529840 1.658494 -13.527370
v 8.513181 1.658494 -13.520612
v 8.528391 1.667483 -13.523941
v 8.520988 1.665834 -13.525280
v 8.520111 1.658494 -13.527441
v 8.516611 1.667483 -13.519162
v 8.510038 1.607643 -13.480534
v 8.505088 1.620356 -13.468824
v 8.498329 1.620356 -13.485484
v 8.506538 1.611367 -13.472254
v 8.500420 1.613016 -13.476631
v 8.498259 1.620356 -13.475755
v 8.501759 1.611367 -13.484034
v 8.510038 1.671207 -13.480534
v 8.498329 1.658494 -13.485484
v 8.505088 1.658494 -13.468824
v 8.501759 1.667483 -13.484034
v 8.500420 1.665834 -13.476631
v 8.498259 1.658494 -13.475755
v 8.506538 1.667483 -13.472254
v 8.986547 1.293530 -13.311275
v 8.993972 1.312599 -13.328838
v 9.004110 1.312599 -13.303848
v 8.991797 1.299115 -13.323694
v 9.000974 1.301590 -13.317128
v 9.004217 1.312599 -13.318443
v 8.998966 1.299115 -13.306024
v 8.993972 1.542490 -13.328838
v 8.986547 1.561559 -13.311275
v 9.004110 1.542490 -13.303848
v 8.991797 1.555974 -13.323694
v 9.000974 1.553499 -13.317128
v 8.998966 1.555974 -13.306024
v 9.004217 1.542490 -13.318443
v 8.986547 1.293530 -13.311275
v 9.004110 1.312599 -13.303848
v 8.979120 1.312599 -13.293711
v 8.998966 1.299115 -13.306024
v 8.992399 1.301590 -13.296846
v 8.993715 1.312599 -13.293604
v 8.981296 1.299115 -13.298855
v 8.986547 1.561559 -13.311275
v 8.979120 1.542490 -13.293711
v 9.004110 1.542490 -13.303848
v 8.981296 1.555974 -13.298855
v 8.992399 1.553499 -13.296846
v 8.993715 1.542490 -13.293604
v 8.998966 1.555974 -13.306024
v 8.774803 1.293530 -13.400798
v 8.757239 1.312599 -13.408224
v 8.782229 1.312599 -13.418362
v 8.762383 1.299115 -13.406049
v 8.768950 1.301590 -13.415226
v 8.767634 1.312599 -13.418468
v 8.780054 1.299115 -13.413218
v 8.774803 1.561559 -13.400798
v 8.782229 1.542490 -13.418362
v 8.757239 1.542490 -13.408224
v 8.780054 1.555974 -13.413218
v 8.768950 1.553499 -13.415226
v 8.767634 1.542490 -13.418468
v 8.762383 1.555974 -13.406049
v 8.774803 1.293530 -13.400798
v 8.767378 1.312599 -13.383234
v 8.757239 1.312599 -13.408224
v 8.769552 1.299115 -13.388378
v 8.760375 1.301590 -13.394945
v 8.757133 1.312599 -13.393629
v 8.762383 1.299115 -13.406049
v 8.774803 1.561559 -13.400798
v 8.757239 1.542490 -13.408224
v 8.767378 1.542490 -13.383234
v 8.762383 1.555974 -13.406049
v 8.760375 1.553499 -13.394945
v 8.757133 1.542490 -13.393629
v 8.769552 1.555974 -13.388378
v 8.975436 1.311010 -13.321723
v 8.981625 1.326901 -13.336359
v 8.990072 1.326901 -13.315535
v 8.979812 1.315665 -13.332072
v 8.987459 1.317727 -13.326601
v 8.990162 1.326901 -13.327697
v 8.985785 1.315665 -13.317348
v 8.981625 1.528188 -13.336359
v 8.975436 1.544079 -13.321723
v 8.990072 1.528188 -13.315535
v 8.979812 1.539425 -13.332072
v 8.987459 1.537362 -13.326601
v 8.985785 1.539425 -13.317348
v 8.990162 1.528188 -13.327697
v 8.963059 1.311010 -13.292450
v 8.977696 1.326901 -13.286262
v 8.956871 1.326901 -13.277813
v 8.973410 1.315665 -13.288074
v 8.967937 1.317727 -13.280427
v 8.969033 1.326901 -13.277724
v 8.958684 1.315665 -13.282100
v 8.963059 1.544079 -13.292450
v 8.956871 1.528188 -13.277813
v 8.977696 1.528188 -13.286262
v 8.958684 1.539425 -13.282100
v 8.967937 1.537362 -13.280427
v 8.969033 1.528188 -13.277724
v 8.973410 1.539425 -13.288074
v 8.790039 1.311010 -13.400107
v 8.775402 1.326901 -13.406296
v 8.796227 1.326901 -13.414744
v 8.779690 1.315665 -13.404484
v 8.785161 1.317727 -13.412130
v 8.784065 1.326901 -13.414833
v 8.794415 1.315665 -13.410458
v 8.790039 1.544079 -13.400107
v 8.796227 1.528188 -13.414744
v 8.775402 1.528188 -13.406296
v 8.794415 1.539425 -13.410458
v 8.785161 1.537362 -13.412130
v 8.784065 1.528188 -13.414833
v 8.779690 1.539425 -13.404484
v 8.777662 1.311010 -13.370834
v 8.771474 1.326901 -13.356197
v 8.763026 1.326901 -13.377023
v 8.773287 1.315665 -13.360485
v 8.765639 1.317727 -13.365957
v 8.762938 1.326901 -13.364861
v 8.767313 1.315665 -13.375210
v 8.777662 1.544079 -13.370834
v 8.763026 1.528188 -13.377023
v 8.771474 1.528188 -13.356197
v 8.767313 1.539425 -13.375210
v 8.765639 1.537362 -13.365957
v 8.762938 1.528188 -13.364861
v 8.773287 1.539425 -13.360485
v 8.961708 1.448521 -13.324076
v 8.965009 1.456996 -13.331882
v 8.969515 1.456996 -13.320776
v 8.964043 1.451003 -13.329597
v 8.968121 1.452103 -13.326677
v 8.969563 1.456996 -13.327263
v 8.967228 1.451003 -13.321743
v 8.965009 1.514627 -13.331882
v 8.961708 1.523103 -13.324076
v 8.969515 1.514627 -13.320776
v 8.964043 1.520620 -13.329597
v 8.968121 1.519520 -13.326677
v 8.967228 1.520620 -13.321743
v 8.969563 1.514627 -13.327263
v 8.939431 1.448521 -13.271384
v 8.947237 1.456996 -13.268085
v 8.936131 1.456996 -13.263578
v 8.944950 1.451003 -13.269051
v 8.942032 1.452103 -13.264972
v 8.942616 1.456996 -13.263531
v 8.937098 1.451003 -13.265864
v 8.939431 1.523103 -13.271384
v 8.936131 1.514627 -13.263578
v 8.947237 1.514627 -13.268085
v 8.937098 1.520620 -13.265864
v 8.942032 1.519520 -13.264972
v 8.942616 1.514627 -13.263531
v 8.944950 1.520620 -13.269051
v 8.908627 1.448521 -13.346519
v 8.900820 1.456996 -13.349819
v 8.911927 1.456996 -13.354325
v 8.903107 1.451003 -13.348852
v 8.906025 1.452103 -13.352931
v 8.905440 1.456996 -13.354372
v 8.910960 1.451003 -13.352038
v 8.908627 1.523103 -13.346519
v 8.911927 1.514627 -13.354325
v 8.900820 1.514627 -13.349819
v 8.910960 1.520620 -13.352039
v 8.906025 1.519520 -13.352932
v 8.905440 1.514627 -13.354373
v 8.903107 1.520620 -13.348853
v 8.886349 1.448521 -13.293827
v 8.883048 1.456996 -13.286021
v 8.878543 1.456996 -13.297128
v 8.884015 1.451003 -13.288307
v 8.879936 1.452103 -13.291225
v 8.878495 1.456996 -13.290641
v 8.880829 1.451003 -13.296161
v 8.886349 1.523103 -13.293827
v 8.878543 1.514627 -13.297128
v 8.883048 1.514627 -13.286021
v 8.880829 1.520620 -13.296161
v 8.879936 1.519520 -13.291225
v 8.878495 1.514627 -13.290641
v 8.884015 1.520620 -13.288307
v 8.849127 1.359954 -13.372826
v 8.851190 1.365252 -13.377705
v 8.854005 1.365252 -13.370763
v 8.851190 1.387287 -13.377705
v 8.849127 1.392584 -13.372826
v 8.854005 1.387287 -13.370763
v 8.823548 1.359954 -13.312327
v 8.828427 1.365252 -13.310265
v 8.821486 1.365252 -13.307448
v 8.823548 1.392584 -13.312327
v 8.821486 1.387287 -13.307448
v 8.828427 1.387287 -13.310265
v 8.828831 1.359954 -13.381407
v 8.823952 1.365252 -13.383470
v 8.830894 1.365252 -13.386286
v 8.828831 1.392584 -13.381407
v 8.830894 1.387287 -13.386286
v 8.823952 1.387287 -13.383470
v 8.803252 1.359954 -13.320909
v 8.801189 1.365252 -13.316030
v 8.798373 1.365252 -13.322971
v 8.803252 1.392584 -13.320909
v 8.798373 1.387287 -13.322971
v 8.801189 1.387287 -13.316030
v 8.440113 1.293530 -13.542303
v 8.447538 1.312599 -13.559867
v 8.457677 1.312599 -13.534877
v 8.445364 1.299115 -13.554723
v 8.454540 1.301590 -13.548156
v 8.457784 1.312599 -13.549472
v 8.452533 1.299115 -13.537052
v 8.447538 1.542490 -13.559867
v 8.440113 1.561559 -13.542303
v 8.457677 1.542490 -13.534877
v 8.445364 1.555974 -13.554723
v 8.454540 1.553499 -13.548156
v 8.452533 1.555974 -13.537052
v 8.457784 1.542490 -13.549472
v 8.440113 1.293530 -13.542303
v 8.457677 1.312599 -13.534877
v 8.432687 1.312599 -13.524739
v 8.452533 1.299115 -13.537052
v 8.445966 1.301590 -13.527875
v 8.447282 1.312599 -13.524632
v 8.434862 1.299115 -13.529883
v 8.440113 1.561559 -13.542303
v 8.432687 1.542490 -13.524739
v 8.457677 1.542490 -13.534877
v 8.434862 1.555974 -13.529883
v 8.445966 1.553499 -13.527875
v 8.447282 1.542490 -13.524632
v 8.452533 1.555974 -13.537052
v 8.228370 1.293530 -13.631826
v 8.210806 1.312599 -13.639253
v 8.235796 1.312599 -13.649390
v 8.215950 1.299115 -13.637077
v 8.222517 1.301590 -13.646255
v 8.221201 1.312599 -13.649497
v 8.233621 1.299115 -13.644246
v 8.228370 1.561559 -13.631826
v 8.235796 1.542490 -13.649390
v 8.210806 1.542490 -13.639253
v 8.233621 1.555974 -13.644246
v 8.222517 1.553499 -13.646255
v 8.221201 1.542490 -13.649497
v 8.215950 1.555974 -13.637077
v 8.228370 1.293530 -13.631826
v 8.220943 1.312599 -13.614263
v 8.210806 1.312599 -13.639253
v 8.223119 1.299115 -13.619407
v 8.213942 1.301590 -13.625973
v 8.210699 1.312599 -13.624658
v 8.215950 1.299115 -13.637077
v 8.228370 1.561559 -13.631826
v 8.210806 1.542490 -13.639253
v 8.220943 1.542490 -13.614263
v 8.215950 1.555974 -13.637077
v 8.213942 1.553499 -13.625973
v 8.210699 1.542490 -13.624658
v 8.223119 1.555974 -13.619407
v 8.429003 1.311010 -13.552752
v 8.435191 1.326901 -13.567388
v 8.443639 1.326901 -13.546563
v 8.433378 1.315665 -13.563101
v 8.441026 1.317727 -13.557629
v 8.443728 1.326901 -13.558725
v 8.439352 1.315665 -13.548375
v 8.435191 1.528188 -13.567388
v 8.429003 1.544079 -13.552752
v 8.443639 1.528188 -13.546563
v 8.433378 1.539425 -13.563101
v 8.441026 1.537362 -13.557629
v 8.439352 1.539425 -13.548375
v 8.443728 1.528188 -13.558725
v 8.416626 1.311010 -13.523478
v 8.431263 1.326901 -13.517290
v 8.410438 1.326901 -13.508842
v 8.426975 1.315665 -13.519102
v 8.421504 1.317727 -13.511455
v 8.422600 1.326901 -13.508753
v 8.412251 1.315665 -13.513128
v 8.416626 1.544079 -13.523478
v 8.410438 1.528188 -13.508842
v 8.431263 1.528188 -13.517290
v 8.412251 1.539425 -13.513128
v 8.421504 1.537362 -13.511455
v 8.422600 1.528188 -13.508753
v 8.426975 1.539425 -13.519102
v 8.243606 1.311010 -13.631136
v 8.228969 1.326901 -13.637324
v 8.249794 1.326901 -13.645773
v 8.233255 1.315665 -13.635511
v 8.238728 1.317727 -13.643159
v 8.237632 1.326901 -13.645862
v 8.247981 1.315665 -13.641485
v 8.243606 1.544079 -13.631136
v 8.249794 1.528188 -13.645773
v 8.228969 1.528188 -13.637324
v 8.247981 1.539425 -13.641485
v 8.238728 1.537362 -13.643159
v 8.237632 1.528188 -13.645862
v 8.233255 1.539425 -13.635511
v 8.231229 1.311010 -13.601863
v 8.225040 1.326901 -13.587226
v 8.216593 1.326901 -13.608051
v 8.226853 1.315665 -13.591513
v 8.219206 1.317727 -13.596985
v 8.216503 1.326901 -13.595889
v 8.220880 1.315665 -13.606238
v 8.231229 1.544079 -13.601863
v 8.216593 1.528188 -13.608051
v 8.225040 1.528188 -13.587226
v 8.220880 1.539425 -13.606238
v 8.219206 1.537362 -13.596985
v 8.216503 1.528188 -13.595889
v 8.226853 1.539425 -13.591513
v 8.415275 1.448521 -13.555104
v 8.418575 1.456996 -13.562911
v 8.423081 1.456996 -13.551805
v 8.417609 1.451003 -13.560624
v 8.421687 1.452103 -13.557706
v 8.423128 1.456996 -13.558290
v 8.420794 1.451003 -13.552771
v 8.418575 1.514627 -13.562911
v 8.415275 1.523103 -13.555104
v 8.423081 1.514627 -13.551805
v 8.417609 1.520620 -13.560624
v 8.421687 1.519520 -13.557706
v 8.420794 1.520620 -13.552771
v 8.423128 1.514627 -13.558290
v 8.392998 1.448521 -13.502413
v 8.400804 1.456996 -13.499112
v 8.389697 1.456996 -13.494607
v 8.398518 1.451003 -13.500079
v 8.395598 1.452103 -13.496000
v 8.396183 1.456996 -13.494559
v 8.390663 1.451003 -13.496893
v 8.392998 1.523103 -13.502413
v 8.389697 1.514627 -13.494607
v 8.400804 1.514627 -13.499112
v 8.390663 1.520620 -13.496893
v 8.395598 1.519520 -13.496000
v 8.396183 1.514627 -13.494559
v 8.398518 1.520620 -13.500079
v 8.362193 1.448521 -13.577547
v 8.354386 1.456996 -13.580848
v 8.365494 1.456996 -13.585354
v 8.356673 1.451003 -13.579881
v 8.359591 1.452103 -13.583960
v 8.359007 1.456996 -13.585401
v 8.364527 1.451003 -13.583067
v 8.362193 1.523103 -13.577547
v 8.365494 1.514627 -13.585354
v 8.354386 1.514627 -13.580848
v 8.364527 1.520620 -13.583067
v 8.359591 1.519520 -13.583960
v 8.359007 1.514627 -13.585401
v 8.356673 1.520620 -13.579882
v 8.339915 1.448521 -13.524856
v 8.336615 1.456996 -13.517050
v 8.332109 1.456996 -13.528156
v 8.337582 1.451003 -13.519336
v 8.333503 1.452103 -13.522254
v 8.332062 1.456996 -13.521669
v 8.334395 1.451003 -13.527189
v 8.339915 1.523103 -13.524856
v 8.332109 1.514627 -13.528156
v 8.336615 1.514627 -13.517050
v 8.334395 1.520620 -13.527189
v 8.333503 1.519520 -13.522254
v 8.332062 1.514627 -13.521669
v 8.337582 1.520620 -13.519336
v 8.302693 1.359954 -13.603854
v 8.304756 1.365252 -13.608732
v 8.307571 1.365252 -13.601791
v 8.304756 1.387287 -13.608732
v 8.302693 1.392584 -13.603854
v 8.307571 1.387287 -13.601791
v 8.277115 1.359954 -13.543356
v 8.281994 1.365252 -13.541293
v 8.275052 1.365252 -13.538477
v 8.277115 1.392584 -13.543356
v 8.275052 1.387287 -13.538477
v 8.281994 1.387287 -13.541293
v 8.282397 1.359954 -13.612434
v 8.277518 1.365252 -13.614498
v 8.284460 1.365252 -13.617313
v 8.282397 1.392584 -13.612434
v 8.284460 1.387287 -13.617313
v 8.277518 1.387287 -13.614498
v 8.256819 1.359954 -13.551937
v 8.254756 1.365252 -13.547058
v 8.251940 1.365252 -13.554000
v 8.256819 1.392584 -13.551937
v 8.251940 1.387287 -13.554000
v 8.254756 1.387287 -13.547058
v 8.853625 1.024972 -13.482492
v 8.866002 1.056754 -13.511765
v 8.882899 1.056754 -13.470116
v 8.859806 1.029218 -13.497109
v 8.868243 1.029218 -13.476313
v 8.873543 1.033342 -13.490573
v 8.878966 1.056754 -13.501675
v 8.864348 1.040883 -13.507854
v 8.876741 1.041555 -13.498137
v 8.878988 1.040883 -13.471769
v 8.885168 1.056754 -13.486386
v 8.881108 1.041555 -13.487374
v 8.866002 1.332198 -13.511765
v 8.853625 1.363980 -13.482492
v 8.882899 1.332198 -13.470116
v 8.864348 1.348068 -13.507854
v 8.878966 1.332198 -13.501675
v 8.876741 1.347397 -13.498137
v 8.868243 1.359734 -13.476313
v 8.859806 1.359734 -13.497109
v 8.873543 1.355610 -13.490573
v 8.885168 1.332198 -13.486386
v 8.878988 1.348068 -13.471769
v 8.881108 1.347397 -13.487374
v 8.721609 1.024972 -13.170244
v 8.750883 1.056754 -13.157868
v 8.709233 1.056754 -13.140971
v 8.736227 1.029218 -13.164064
v 8.715429 1.029218 -13.155627
v 8.729690 1.033342 -13.150327
v 8.740791 1.056754 -13.144904
v 8.746972 1.040883 -13.159521
v 8.737254 1.041555 -13.147129
v 8.710886 1.040883 -13.144882
v 8.725504 1.056754 -13.138702
v 8.726491 1.041555 -13.142762
v 8.721609 1.363980 -13.170244
v 8.709233 1.332198 -13.140971
v 8.750883 1.332198 -13.157868
v 8.715429 1.359734 -13.155627
v 8.736227 1.359734 -13.164064
v 8.729690 1.355610 -13.150327
v 8.725504 1.332198 -13.138702
v 8.710886 1.348068 -13.144882
v 8.726491 1.347397 -13.142762
v 8.746972 1.348068 -13.159521
v 8.740791 1.332198 -13.144904
v 8.737254 1.347397 -13.147129
v 8.443801 1.024972 -13.655764
v 8.414527 1.056754 -13.668140
v 8.456177 1.056754 -13.685037
v 8.429183 1.029218 -13.661943
v 8.449981 1.029218 -13.670381
v 8.435720 1.033342 -13.675681
v 8.424619 1.056754 -13.681104
v 8.418438 1.040883 -13.666487
v 8.428156 1.041555 -13.678880
v 8.454524 1.040883 -13.681126
v 8.439906 1.056754 -13.687306
v 8.438919 1.041555 -13.683246
v 8.443801 1.363980 -13.655764
v 8.456177 1.332198 -13.685037
v 8.414527 1.332198 -13.668140
v 8.449981 1.359734 -13.670381
v 8.429183 1.359734 -13.661943
v 8.435720 1.355610 -13.675681
v 8.439906 1.332198 -13.687306
v 8.454524 1.348068 -13.681126
v 8.438919 1.347397 -13.683246
v 8.418438 1.348068 -13.666487
v 8.424619 1.332198 -13.681104
v 8.428156 1.347397 -13.678880
v 8.311785 1.024972 -13.343515
v 8.299408 1.056754 -13.314242
v 8.282511 1.056754 -13.355892
v 8.305604 1.029218 -13.328898
v 8.297167 1.029218 -13.349696
v 8.291867 1.033342 -13.335436
v 8.286444 1.056754 -13.324333
v 8.301062 1.040883 -13.318153
v 8.288669 1.041555 -13.327870
v 8.286422 1.040883 -13.354239
v 8.280242 1.056754 -13.339622
v 8.284302 1.041555 -13.338634
v 8.311785 1.363980 -13.343515
v 8.282511 1.332198 -13.355892
v 8.299408 1.332198 -13.314242
v 8.297167 1.359734 -13.349696
v 8.305604 1.359734 -13.328898
v 8.291867 1.355610 -13.335436
v 8.280242 1.332198 -13.339622
v 8.286422 1.348068 -13.354239
v 8.284302 1.347397 -13.338634
v 8.301062 1.348068 -13.318153
v 8.286444 1.332198 -13.324333
v 8.288669 1.347397 -13.327870
v 8.698883 1.099130 -13.266118
v 8.709197 1.125615 -13.290512
v 8.723277 1.125615 -13.255804
v 8.704033 1.102668 -13.278299
v 8.711064 1.102668 -13.260968
v 8.715481 1.106105 -13.272852
v 8.720000 1.125615 -13.282104
v 8.707819 1.112390 -13.287253
v 8.718146 1.112949 -13.279156
v 8.720018 1.112390 -13.257182
v 8.725168 1.125615 -13.269363
v 8.721785 1.112949 -13.270186
v 8.709197 1.305713 -13.290512
v 8.698883 1.332198 -13.266118
v 8.723277 1.305713 -13.255804
v 8.707819 1.318938 -13.287253
v 8.720000 1.305713 -13.282104
v 8.718146 1.318379 -13.279156
v 8.711064 1.328660 -13.260968
v 8.704033 1.328660 -13.278299
v 8.715481 1.325223 -13.272852
v 8.725168 1.305713 -13.269363
v 8.720018 1.318938 -13.257182
v 8.721785 1.318379 -13.270186
v 8.628750 1.099130 -13.100236
v 8.653144 1.125615 -13.089922
v 8.618436 1.125615 -13.075842
v 8.640931 1.102668 -13.095086
v 8.623599 1.102668 -13.088056
v 8.635483 1.106105 -13.083638
v 8.644734 1.125615 -13.079120
v 8.649885 1.112390 -13.091300
v 8.641787 1.112949 -13.080973
v 8.619814 1.112390 -13.079101
v 8.631995 1.125615 -13.073951
v 8.632818 1.112949 -13.077334
v 8.628750 1.332198 -13.100236
v 8.618436 1.305713 -13.075842
v 8.653144 1.305713 -13.089922
v 8.623599 1.328660 -13.088056
v 8.640931 1.328660 -13.095086
v 8.635483 1.325223 -13.083638
v 8.631995 1.305713 -13.073951
v 8.619814 1.318938 -13.079101
v 8.632818 1.318379 -13.077334
v 8.649885 1.318938 -13.091300
v 8.644734 1.305713 -13.079120
v 8.641787 1.318379 -13.080973
v 8.396393 1.099130 -13.394009
v 8.371999 1.125615 -13.404323
v 8.406707 1.125615 -13.418403
v 8.384212 1.102668 -13.399158
v 8.401544 1.102668 -13.406190
v 8.389660 1.106105 -13.410606
v 8.380408 1.125615 -13.415126
v 8.375257 1.112390 -13.402945
v 8.383356 1.112949 -13.413272
v 8.405329 1.112390 -13.415144
v 8.393148 1.125615 -13.420294
v 8.392325 1.112949 -13.416910
v 8.396393 1.332198 -13.394009
v 8.406707 1.305713 -13.418403
v 8.371999 1.305713 -13.404323
v 8.401544 1.328660 -13.406190
v 8.384212 1.328660 -13.399158
v 8.389660 1.325223 -13.410606
v 8.393148 1.305713 -13.420294
v 8.405329 1.318938 -13.415144
v 8.392325 1.318379 -13.416910
v 8.375257 1.318938 -13.402945
v 8.380408 1.305713 -13.415126
v 8.383356 1.318379 -13.413272
v 8.326260 1.099130 -13.228127
v 8.315946 1.125615 -13.203732
v 8.301866 1.125615 -13.238441
v 8.321110 1.102668 -13.215946
v 8.314078 1.102668 -13.233277
v 8.309662 1.106105 -13.221394
v 8.305142 1.125615 -13.212142
v 8.317324 1.112390 -13.206991
v 8.306996 1.112949 -13.215090
v 8.305124 1.112390 -13.237062
v 8.299974 1.125615 -13.224882
v 8.303358 1.112949 -13.224059
v 8.326260 1.332198 -13.228127
v 8.301866 1.305713 -13.238441
v 8.315946 1.305713 -13.203732
v 8.314078 1.328660 -13.233277
v 8.321110 1.328660 -13.215946
v 8.309662 1.325223 -13.221394
v 8.299974 1.305713 -13.224882
v 8.305124 1.318938 -13.237062
v 8.303358 1.318379 -13.224059
v 8.317324 1.318938 -13.206991
v 8.305142 1.305713 -13.212142
v 8.306996 1.318379 -13.215090
v 8.454814 1.363773 -13.110515
v 8.458940 1.374574 -13.120272
v 8.456022 1.371411 -13.113372
v 8.487819 1.363773 -13.188576
v 8.483693 1.374574 -13.178819
v 8.486610 1.371411 -13.185719
v 8.432483 1.358950 -13.119956
v 8.432801 1.368929 -13.131323
v 8.430999 1.366006 -13.123952
v 8.465487 1.358950 -13.198018
v 8.457554 1.368929 -13.189870
v 8.461586 1.366006 -13.196298
v 8.413551 1.345216 -13.127960
v 8.410642 1.352854 -13.140692
v 8.409784 1.350617 -13.132921
v 8.446555 1.345216 -13.206022
v 8.435394 1.352854 -13.199239
v 8.440372 1.350617 -13.205267
v 8.400901 1.324662 -13.133308
v 8.395835 1.328795 -13.146953
v 8.395610 1.327585 -13.138914
v 8.433905 1.324662 -13.211370
v 8.420588 1.328795 -13.205499
v 8.426197 1.327585 -13.211260
v 8.396459 1.300416 -13.135186
v 8.390635 1.300416 -13.149151
v 8.390633 1.300416 -13.141019
v 8.429463 1.300416 -13.213248
v 8.415389 1.300416 -13.207697
v 8.421220 1.300416 -13.213365
v 8.400901 1.276171 -13.133308
v 8.395835 1.272037 -13.146953
v 8.395610 1.273248 -13.138914
v 8.433905 1.276171 -13.211370
v 8.420588 1.272037 -13.205499
v 8.426197 1.273248 -13.211260
v 8.413551 1.255616 -13.127960
v 8.410642 1.247978 -13.140692
v 8.409784 1.250215 -13.132921
v 8.446555 1.255616 -13.206022
v 8.435394 1.247978 -13.199239
v 8.440372 1.250215 -13.205267
v 8.432483 1.241882 -13.119956
v 8.432801 1.231903 -13.131323
v 8.430999 1.234826 -13.123952
v 8.465487 1.241882 -13.198018
v 8.457554 1.231903 -13.189870
v 8.461586 1.234826 -13.196298
v 8.454814 1.237059 -13.110515
v 8.458940 1.226258 -13.120272
v 8.456022 1.229422 -13.113372
v 8.487819 1.237059 -13.188576
v 8.483693 1.226258 -13.178819
v 8.486610 1.229422 -13.185719
v 8.477146 1.241882 -13.101072
v 8.485079 1.231903 -13.109221
v 8.481047 1.234826 -13.102793
v 8.510150 1.241882 -13.179134
v 8.509831 1.231903 -13.167767
v 8.511634 1.234826 -13.175138
v 8.496078 1.255616 -13.093068
v 8.507238 1.247978 -13.099852
v 8.502260 1.250215 -13.093823
v 8.529081 1.255616 -13.171130
v 8.531991 1.247978 -13.158398
v 8.532848 1.250215 -13.166169
v 8.508728 1.276171 -13.087720
v 8.522045 1.272037 -13.093592
v 8.516436 1.273248 -13.087830
v 8.541732 1.276171 -13.165782
v 8.546798 1.272037 -13.152138
v 8.547023 1.273248 -13.160176
v 8.513169 1.300416 -13.085842
v 8.527244 1.300416 -13.091393
v 8.521413 1.300416 -13.085726
v 8.546174 1.300416 -13.163904
v 8.551997 1.300416 -13.149940
v 8.552000 1.300416 -13.158072
v 8.508728 1.324662 -13.087720
v 8.522045 1.328795 -13.093592
v 8.516436 1.327585 -13.087830
v 8.541732 1.324662 -13.165782
v 8.546798 1.328795 -13.152138
v 8.547023 1.327585 -13.160176
v 8.496078 1.345216 -13.093068
v 8.507238 1.352854 -13.099852
v 8.502260 1.350617 -13.093823
v 8.529081 1.345216 -13.171130
v 8.531991 1.352854 -13.158398
v 8.532848 1.350617 -13.166169
v 8.477146 1.358950 -13.101072
v 8.485079 1.368929 -13.109221
v 8.481047 1.366006 -13.102793
v 8.510150 1.358950 -13.179134
v 8.509831 1.368929 -13.167767
v 8.511634 1.366006 -13.175138
v 8.686310 0.940219 -13.277185
v 8.694560 0.961407 -13.296700
v 8.705825 0.961407 -13.268934
v 8.692143 0.946425 -13.290985
v 8.702340 0.949175 -13.283689
v 8.705943 0.961407 -13.285151
v 8.700109 0.946425 -13.271351
v 8.694560 1.088536 -13.296700
v 8.686310 1.109724 -13.277185
v 8.705825 1.088536 -13.268934
v 8.692143 1.103518 -13.290985
v 8.702340 1.100769 -13.283689
v 8.700109 1.103518 -13.271351
v 8.705943 1.088536 -13.285151
v 8.645054 0.940219 -13.179607
v 8.664570 0.961407 -13.171356
v 8.636804 0.961407 -13.160092
v 8.658854 0.946425 -13.173773
v 8.651558 0.949175 -13.163576
v 8.653019 0.961407 -13.159974
v 8.639220 0.946425 -13.165808
v 8.645054 1.109724 -13.179607
v 8.636804 1.088536 -13.160092
v 8.664570 1.088536 -13.171356
v 8.639220 1.103518 -13.165808
v 8.651558 1.100769 -13.163576
v 8.653019 1.088536 -13.159974
v 8.658854 1.103518 -13.173773
v 8.413093 0.940219 -13.392699
v 8.393578 0.961407 -13.400950
v 8.421344 0.961407 -13.412215
v 8.399293 0.946425 -13.398534
v 8.406590 0.949175 -13.408731
v 8.405128 0.961407 -13.412333
v 8.418927 0.946425 -13.406499
v 8.413093 1.109724 -13.392699
v 8.421344 1.088536 -13.412215
v 8.393578 1.088536 -13.400950
v 8.418927 1.103518 -13.406499
v 8.406590 1.100769 -13.408731
v 8.405128 1.088536 -13.412333
v 8.399293 1.103518 -13.398534
v 8.371838 0.940219 -13.295122
v 8.363586 0.961407 -13.275606
v 8.352322 0.961407 -13.303373
v 8.366003 0.946425 -13.281322
v 8.355806 0.949175 -13.288618
v 8.352203 0.961407 -13.287157
v 8.358038 0.946425 -13.300957
v 8.371838 1.109724 -13.295122
v 8.352322 1.088536 -13.303373
v 8.363586 1.088536 -13.275606
v 8.358038 1.103518 -13.300957
v 8.355806 1.100769 -13.288618
v 8.352203 1.088536 -13.287157
v 8.366003 1.103518 -13.281322
v 8.602367 0.950813 -13.260916
v 8.608556 0.966704 -13.275553
v 8.617004 0.966704 -13.254728
v 8.606744 0.955468 -13.271266
v 8.614391 0.957530 -13.265794
v 8.617093 0.966704 -13.266890
v 8.612718 0.955468 -13.256540
v 8.608556 0.998487 -13.275553
v 8.602367 1.014378 -13.260916
v 8.617004 0.998487 -13.254728
v 8.606744 1.009723 -13.271266
v 8.614391 1.007661 -13.265794
v 8.612718 1.009723 -13.256540
v 8.617093 0.998486 -13.266890
v 8.581740 0.950813 -13.212128
v 8.596376 0.966704 -13.205939
v 8.575552 0.966704 -13.197491
v 8.592090 0.955468 -13.207752
v 8.586617 0.957530 -13.200104
v 8.587714 0.966704 -13.197402
v 8.577364 0.955468 -13.201777
v 8.581740 1.014378 -13.212128
v 8.575552 0.998487 -13.197491
v 8.596376 0.998487 -13.205939
v 8.577364 1.009723 -13.201777
v 8.586617 1.007661 -13.200104
v 8.587714 0.998486 -13.197402
v 8.592090 1.009723 -13.207752
v 8.459905 0.950813 -13.321149
v 8.445268 0.966704 -13.327337
v 8.466093 0.966704 -13.335785
v 8.449555 0.955468 -13.325524
v 8.455027 0.957530 -13.333172
v 8.453931 0.966704 -13.335874
v 8.464280 0.955468 -13.331498
v 8.459905 1.014378 -13.321149
v 8.466093 0.998487 -13.335785
v 8.445268 0.998487 -13.327337
v 8.464280 1.009723 -13.331498
v 8.455027 1.007661 -13.333172
v 8.453931 0.998486 -13.335874
v 8.449555 1.009723 -13.325524
v 8.439277 0.950813 -13.272360
v 8.433089 0.966704 -13.257723
v 8.424641 0.966704 -13.278548
v 8.434901 0.955468 -13.262011
v 8.427254 0.957530 -13.267483
v 8.424552 0.966704 -13.266386
v 8.428927 0.955468 -13.276735
v 8.439277 1.014378 -13.272360
v 8.424641 0.998487 -13.278548
v 8.433089 0.998487 -13.257723
v 8.428927 1.009723 -13.276735
v 8.427254 1.007661 -13.267483
v 8.424552 0.998486 -13.266386
v 8.434901 1.009723 -13.262011
v 8.652441 1.035566 -13.205240
v 8.656567 1.046160 -13.214997
v 8.662198 1.046160 -13.201115
v 8.655357 1.038668 -13.212139
v 8.660457 1.040043 -13.208491
v 8.662257 1.046160 -13.209223
v 8.659341 1.038668 -13.202323
v 8.656567 1.130912 -13.214997
v 8.652441 1.141506 -13.205240
v 8.662198 1.130912 -13.201115
v 8.655357 1.138403 -13.212139
v 8.660457 1.137028 -13.208491
v 8.659341 1.138403 -13.202323
v 8.662257 1.130912 -13.209223
v 8.640064 1.035566 -13.175966
v 8.649822 1.046160 -13.171841
v 8.635939 1.046160 -13.166209
v 8.646964 1.038668 -13.173049
v 8.643316 1.040043 -13.167951
v 8.644047 1.046160 -13.166149
v 8.637147 1.038668 -13.169066
v 8.640064 1.141506 -13.175966
v 8.635939 1.130912 -13.166209
v 8.649822 1.130912 -13.171841
v 8.637147 1.138403 -13.169066
v 8.643316 1.137028 -13.167951
v 8.644047 1.130912 -13.166149
v 8.646964 1.138403 -13.173049
v 8.603652 1.035566 -13.225867
v 8.593894 1.046160 -13.229993
v 8.607778 1.046160 -13.235625
v 8.596752 1.038668 -13.228785
v 8.600400 1.040043 -13.233883
v 8.599669 1.046160 -13.235684
v 8.606569 1.038668 -13.232767
v 8.603652 1.141506 -13.225867
v 8.607778 1.130912 -13.235625
v 8.593894 1.130912 -13.229993
v 8.606569 1.138403 -13.232767
v 8.600400 1.137028 -13.233883
v 8.599669 1.130912 -13.235684
v 8.596752 1.138403 -13.228785
v 8.591275 1.035566 -13.196594
v 8.587150 1.046160 -13.186836
v 8.581518 1.046160 -13.200720
v 8.588358 1.038668 -13.189694
v 8.583260 1.040043 -13.193342
v 8.581458 1.046160 -13.192612
v 8.584375 1.038668 -13.199512
v 8.591275 1.141506 -13.196594
v 8.581518 1.130912 -13.200720
v 8.587150 1.130912 -13.186836
v 8.584375 1.138403 -13.199512
v 8.583260 1.137028 -13.193342
v 8.581458 1.130912 -13.192612
v 8.588358 1.138403 -13.189694
v 8.579583 1.035566 -13.236044
v 8.583709 1.046160 -13.245801
v 8.589340 1.046160 -13.231918
v 8.582500 1.038668 -13.242943
v 8.587599 1.040043 -13.239295
v 8.589399 1.046160 -13.240026
v 8.586483 1.038668 -13.233127
v 8.583709 1.130912 -13.245801
v 8.579583 1.141506 -13.236044
v 8.589340 1.130912 -13.231918
v 8.582500 1.138403 -13.242943
v 8.587599 1.137028 -13.239295
v 8.586483 1.138403 -13.233127
v 8.589399 1.130912 -13.240026
v 8.567206 1.035566 -13.206770
v 8.576964 1.046160 -13.202644
v 8.563081 1.046160 -13.197013
v 8.574106 1.038668 -13.203853
v 8.570458 1.040043 -13.198754
v 8.571189 1.046160 -13.196953
v 8.564289 1.038668 -13.199870
v 8.567206 1.141506 -13.206770
v 8.563081 1.130912 -13.197013
v 8.576964 1.130912 -13.202644
v 8.564289 1.138403 -13.199870
v 8.570458 1.137028 -13.198754
v 8.571189 1.130912 -13.196953
v 8.574106 1.138403 -13.203853
v 8.530794 1.035566 -13.256671
v 8.521036 1.046160 -13.260797
v 8.534920 1.046160 -13.266429
v 8.523894 1.038668 -13.259588
v 8.527542 1.040043 -13.264687
v 8.526812 1.046160 -13.266488
v 8.533711 1.038668 -13.263571
v 8.530794 1.141506 -13.256671
v 8.534920 1.130912 -13.266429
v 8.521036 1.130912 -13.260797
v 8.533711 1.138403 -13.263571
v 8.527542 1.137028 -13.264687
v 8.526812 1.130912 -13.266488
v 8.523894 1.138403 -13.259588
v 8.518417 1.035566 -13.227398
v 8.514292 1.046160 -13.217640
v 8.508660 1.046160 -13.231524
v 8.515500 1.038668 -13.220498
v 8.510402 1.040043 -13.224146
v 8.508600 1.046160 -13.223415
v 8.511518 1.038668 -13.230315
v 8.518417 1.141506 -13.227398
v 8.508660 1.130912 -13.231524
v 8.514292 1.130912 -13.217640
v 8.511518 1.138403 -13.230315
v 8.510402 1.137028 -13.224146
v 8.508600 1.130912 -13.223415
v 8.515500 1.138403 -13.220498
v 8.506725 1.035566 -13.266848
v 8.510851 1.046160 -13.276605
v 8.516483 1.046160 -13.262722
v 8.509643 1.038668 -13.273746
v 8.514741 1.040043 -13.270100
v 8.516542 1.046160 -13.270830
v 8.513625 1.038668 -13.263930
v 8.510851 1.130912 -13.276605
v 8.506725 1.141506 -13.266848
v 8.516483 1.130912 -13.262722
v 8.509643 1.138403 -13.273746
v 8.514741 1.137028 -13.270100
v 8.513625 1.138403 -13.263930
v 8.516542 1.130912 -13.270830
v 8.494349 1.035566 -13.237574
v 8.504107 1.046160 -13.233448
v 8.490223 1.046160 -13.227817
v 8.501248 1.038668 -13.234657
v 8.497601 1.040043 -13.229559
v 8.498331 1.046160 -13.227757
v 8.491431 1.038668 -13.230674
v 8.494349 1.141506 -13.237574
v 8.490223 1.130912 -13.227817
v 8.504107 1.130912 -13.233448
v 8.491431 1.138403 -13.230674
v 8.497601 1.137028 -13.229559
v 8.498331 1.130912 -13.227757
v 8.501248 1.138403 -13.234657
v 8.457936 1.035566 -13.287475
v 8.448178 1.046160 -13.291600
v 8.462062 1.046160 -13.297233
v 8.451036 1.038668 -13.290392
v 8.454684 1.040043 -13.295490
v 8.453954 1.046160 -13.297292
v 8.460854 1.038668 -13.294374
v 8.457936 1.141506 -13.287475
v 8.462062 1.130912 -13.297233
v 8.448178 1.130912 -13.291600
v 8.460854 1.138403 -13.294374
v 8.454684 1.137028 -13.295490
v 8.453954 1.130912 -13.297292
v 8.451036 1.138403 -13.290392
v 8.445560 1.035566 -13.258202
v 8.441435 1.046160 -13.248444
v 8.435802 1.046160 -13.262327
v 8.442642 1.038668 -13.251302
v 8.437544 1.040043 -13.254950
v 8.435743 1.046160 -13.254219
v 8.438660 1.038668 -13.261119
v 8.445560 1.141506 -13.258202
v 8.435802 1.130912 -13.262327
v 8.441435 1.130912 -13.248444
v 8.438660 1.138403 -13.261119
v 8.437544 1.137028 -13.254950
v 8.435743 1.130912 -13.254219
v 8.442642 1.138403 -13.251302
v 8.433867 1.035566 -13.297651
v 8.437993 1.046160 -13.307409
v 8.443625 1.046160 -13.293526
v 8.436785 1.038668 -13.304551
v 8.441883 1.040043 -13.300903
v 8.443685 1.046160 -13.301634
v 8.440767 1.038668 -13.294734
v 8.437993 1.130912 -13.307409
v 8.433867 1.141506 -13.297651
v 8.443625 1.130912 -13.293526
v 8.436785 1.138403 -13.304551
v 8.441883 1.137028 -13.300903
v 8.440767 1.138403 -13.294734
v 8.443685 1.130912 -13.301634
v 8.421491 1.035566 -13.268377
v 8.431249 1.046160 -13.264253
v 8.417365 1.046160 -13.258620
v 8.428391 1.038668 -13.265461
v 8.424743 1.040043 -13.260363
v 8.425473 1.046160 -13.258561
v 8.418573 1.038668 -13.261478
v 8.421491 1.141506 -13.268377
v 8.417365 1.130912 -13.258620
v 8.431249 1.130912 -13.264253
v 8.418573 1.138403 -13.261478
v 8.424743 1.137028 -13.260363
v 8.425473 1.130912 -13.258561
v 8.428391 1.138403 -13.265461
v 8.385078 1.035566 -13.318278
v 8.375320 1.046160 -13.322404
v 8.389204 1.046160 -13.328036
v 8.378179 1.038668 -13.321196
v 8.381826 1.040043 -13.326294
v 8.381096 1.046160 -13.328095
v 8.387996 1.038668 -13.325178
v 8.385078 1.141506 -13.318278
v 8.389204 1.130912 -13.328036
v 8.375320 1.130912 -13.322404
v 8.387996 1.138403 -13.325178
v 8.381826 1.137028 -13.326294
v 8.381096 1.130912 -13.328095
v 8.378179 1.138403 -13.321196
v 8.372702 1.035566 -13.289005
v 8.368577 1.046160 -13.279247
v 8.362945 1.046160 -13.293131
v 8.369785 1.038668 -13.282105
v 8.364687 1.040043 -13.285753
v 8.362885 1.046160 -13.285023
v 8.365803 1.038668 -13.291923
v 8.372702 1.141506 -13.289005
v 8.362945 1.130912 -13.293131
v 8.368577 1.130912 -13.279247
v 8.365803 1.138403 -13.291923
v 8.364687 1.137028 -13.285753
v 8.362885 1.130912 -13.285023
v 8.369785 1.138403 -13.282105
v 8.714793 1.321604 -13.426170
v 8.723044 1.342792 -13.445685
v 8.734308 1.342792 -13.417919
v 8.720628 1.327810 -13.439969
v 8.730824 1.330559 -13.432673
v 8.734427 1.342792 -13.434135
v 8.728593 1.327810 -13.420336
v 8.723044 1.724177 -13.445685
v 8.714793 1.745365 -13.426170
v 8.734308 1.724177 -13.417919
v 8.720628 1.739159 -13.439969
v 8.730824 1.736410 -13.432673
v 8.728593 1.739159 -13.420336
v 8.734427 1.724177 -13.434135
v 8.706542 1.321604 -13.406654
v 8.726058 1.342792 -13.398403
v 8.698291 1.342792 -13.387139
v 8.720342 1.327810 -13.400820
v 8.713046 1.330559 -13.390623
v 8.714507 1.342792 -13.387021
v 8.700707 1.327810 -13.392855
v 8.706542 1.745365 -13.406654
v 8.698291 1.724177 -13.387139
v 8.726058 1.724177 -13.398403
v 8.700707 1.739159 -13.392855
v 8.713046 1.736410 -13.390623
v 8.714507 1.724177 -13.387021
v 8.720342 1.739159 -13.400820
v 8.500123 1.321604 -13.516932
v 8.480607 1.342792 -13.525182
v 8.508374 1.342792 -13.536447
v 8.486323 1.327810 -13.522765
v 8.493619 1.330559 -13.532962
v 8.492158 1.342792 -13.536565
v 8.505958 1.327810 -13.530730
v 8.500123 1.745365 -13.516932
v 8.508374 1.724177 -13.536447
v 8.480607 1.724177 -13.525182
v 8.505958 1.739159 -13.530730
v 8.493619 1.736410 -13.532962
v 8.492158 1.724177 -13.536565
v 8.486323 1.739159 -13.522765
v 8.491872 1.321604 -13.497416
v 8.483621 1.342792 -13.477901
v 8.472357 1.342792 -13.505667
v 8.486037 1.327810 -13.483616
v 8.475841 1.330559 -13.490912
v 8.472238 1.342792 -13.489450
v 8.478072 1.327810 -13.503250
v 8.491872 1.745365 -13.497416
v 8.472357 1.724177 -13.505667
v 8.483621 1.724177 -13.477901
v 8.478072 1.739159 -13.503250
v 8.475841 1.736410 -13.490912
v 8.472238 1.724177 -13.489450
v 8.486037 1.739159 -13.483616
v 9.306292 1.527473 -13.748582
v 9.324075 1.529032 -13.789831
v 9.347673 1.543950 -13.754607
v 9.310530 1.519916 -13.762540
v 9.322313 1.527365 -13.744950
v 9.325789 1.520303 -13.758607
v 9.337721 1.528716 -13.780689
v 9.317058 1.520488 -13.777680
v 9.330384 1.520706 -13.769267
v 9.337503 1.533413 -13.747162
v 9.346383 1.534192 -13.767759
v 9.336483 1.524561 -13.760164
v 9.573676 1.977256 -14.146873
v 9.581276 2.021279 -14.141932
v 9.597275 1.992174 -14.111649
v 9.579333 1.991473 -14.152853
v 9.587322 1.976940 -14.137731
v 9.592124 1.990727 -14.143672
v 9.593906 2.015081 -14.133451
v 9.582123 2.007632 -14.151040
v 9.594089 2.002104 -14.142395
v 9.595984 1.982415 -14.124802
v 9.599779 2.004398 -14.122334
v 9.598223 1.994583 -14.134569
v 9.292714 1.584092 -13.686996
v 9.334096 1.600569 -13.693020
v 9.300314 1.628115 -13.682055
v 9.308736 1.583984 -13.683364
v 9.291867 1.597739 -13.677889
v 9.307342 1.597228 -13.674932
v 9.327721 1.612015 -13.683108
v 9.323925 1.590032 -13.685575
v 9.318036 1.601486 -13.676489
v 9.294657 1.613898 -13.676075
v 9.315321 1.622126 -13.679084
v 9.309306 1.608605 -13.673656
v 9.567698 2.077898 -14.080346
v 9.549915 2.076339 -14.039097
v 9.583697 2.048793 -14.050062
v 9.563461 2.085455 -14.066389
v 9.580330 2.071700 -14.071864
v 9.575642 2.079029 -14.058721
v 9.564922 2.070349 -14.036125
v 9.556933 2.084883 -14.051248
v 9.571046 2.078626 -14.048060
v 9.586202 2.061017 -14.060748
v 9.577322 2.060238 -14.040150
v 9.579776 2.071508 -14.050894
v 9.153280 1.561149 -13.813274
v 9.137282 1.590254 -13.843558
v 9.171063 1.562708 -13.854524
v 9.140650 1.567346 -13.821756
v 9.157518 1.553591 -13.827232
v 9.145338 1.560017 -13.834901
v 9.143658 1.578808 -13.853471
v 9.134777 1.578030 -13.832872
v 9.141204 1.567538 -13.842727
v 9.164045 1.554163 -13.842373
v 9.156057 1.568697 -13.857495
v 9.149933 1.560420 -13.845560
v 9.428265 2.054955 -14.206625
v 9.420665 2.010931 -14.211566
v 9.386884 2.038478 -14.200601
v 9.429111 2.041307 -14.215733
v 9.412243 2.055063 -14.210257
v 9.413637 2.041818 -14.218689
v 9.405659 2.016921 -14.214537
v 9.426322 2.025148 -14.217546
v 9.411674 2.030442 -14.219965
v 9.397054 2.049015 -14.208045
v 9.393259 2.027032 -14.210512
v 9.402944 2.037560 -14.217132
v 9.139703 1.617767 -13.751688
v 9.147303 1.661790 -13.746748
v 9.123705 1.646873 -13.781972
v 9.138856 1.631414 -13.742580
v 9.127072 1.623965 -13.760170
v 9.126890 1.636943 -13.751225
v 9.133657 1.662107 -13.755890
v 9.141645 1.647573 -13.740767
v 9.128855 1.648319 -13.749949
v 9.121200 1.634648 -13.771286
v 9.124995 1.656631 -13.768820
v 9.122756 1.644464 -13.759051
v 9.414687 2.111573 -14.145039
v 9.373306 2.095097 -14.139014
v 9.396904 2.110014 -14.103789
v 9.398665 2.111681 -14.148670
v 9.410449 2.119131 -14.131081
v 9.395190 2.118744 -14.135014
v 9.374597 2.104855 -14.125861
v 9.383476 2.105633 -14.146459
v 9.384496 2.114486 -14.133457
v 9.403921 2.118558 -14.115940
v 9.383258 2.110331 -14.112931
v 9.390594 2.118341 -14.124354
v 9.300832 1.615714 -13.770344
v 9.309723 1.616493 -13.790968
v 9.321523 1.623952 -13.773355
v 9.304490 1.611545 -13.781167
v 9.313266 1.612578 -13.777346
v 9.319121 1.617370 -13.783298
v 9.312834 1.616819 -13.768713
v 9.466253 1.897583 -14.014875
v 9.470053 1.919594 -14.012405
v 9.478052 1.905042 -13.997263
v 9.469995 1.908750 -14.017912
v 9.477122 1.906826 -14.011734
v 9.478337 1.914024 -14.005458
v 9.475651 1.898460 -14.007205
v 9.295740 1.636946 -13.747249
v 9.316431 1.645184 -13.750261
v 9.299541 1.658957 -13.744779
v 9.307742 1.638051 -13.745619
v 9.305235 1.646068 -13.740916
v 9.310429 1.653615 -13.743872
v 9.295798 1.647790 -13.741742
v 9.464961 1.940826 -13.989310
v 9.456070 1.940047 -13.968686
v 9.472960 1.926274 -13.974169
v 9.461303 1.944995 -13.978487
v 9.469091 1.940317 -13.975306
v 9.466959 1.934705 -13.967779
v 9.473246 1.935256 -13.982364
v 9.214763 1.634656 -13.806733
v 9.206763 1.649209 -13.821875
v 9.223654 1.635436 -13.827357
v 9.206478 1.640226 -13.813680
v 9.210632 1.635166 -13.820738
v 9.212765 1.640778 -13.828264
v 9.218421 1.630487 -13.817556
v 9.383984 1.938537 -14.048795
v 9.380184 1.916525 -14.051265
v 9.363294 1.930298 -14.045782
v 9.383925 1.927692 -14.054301
v 9.374490 1.929414 -14.055127
v 9.369295 1.921867 -14.052172
v 9.371982 1.937431 -14.050425
v 9.209671 1.655888 -13.783638
v 9.213471 1.677900 -13.781168
v 9.201672 1.670441 -13.798780
v 9.209729 1.666733 -13.778131
v 9.202601 1.668656 -13.784309
v 9.204073 1.677023 -13.788838
v 9.201386 1.661458 -13.790585
v 9.378892 1.959769 -14.025700
v 9.358202 1.951530 -14.022688
v 9.370001 1.958989 -14.005075
v 9.366890 1.958664 -14.027329
v 9.366459 1.962904 -14.018698
v 9.360603 1.958112 -14.012746
v 9.375234 1.963938 -14.014876
v 8.472318 1.561149 -14.101180
v 8.489519 1.562708 -14.142676
v 8.505188 1.590254 -14.110804
v 8.479378 1.553591 -14.113945
v 8.487203 1.567346 -14.098030
v 8.493365 1.560017 -14.110550
v 8.502106 1.568697 -14.133982
v 8.485691 1.554163 -14.129176
v 8.497810 1.560420 -14.121274
v 8.499268 1.578030 -14.101562
v 8.507857 1.578808 -14.122283
v 8.501860 1.567538 -14.113037
v 8.571746 2.010931 -14.570482
v 8.562907 2.054955 -14.572493
v 8.587416 2.038478 -14.538610
v 8.572094 2.025148 -14.578708
v 8.584332 2.016921 -14.561789
v 8.584036 2.030442 -14.569885
v 8.576674 2.055063 -14.563530
v 8.568850 2.041307 -14.579445
v 8.581752 2.041818 -14.570404
v 8.590084 2.027032 -14.550089
v 8.585670 2.049015 -14.551093
v 8.588085 2.037560 -14.561648
v 8.437598 1.617767 -14.048532
v 8.470469 1.646873 -14.058156
v 8.428759 1.661790 -14.050543
v 8.452482 1.623965 -14.045382
v 8.431655 1.631414 -14.041580
v 8.446193 1.636943 -14.039020
v 8.460135 1.656631 -14.049918
v 8.464548 1.634648 -14.048914
v 8.454687 1.644464 -14.041507
v 8.428411 1.647573 -14.042318
v 8.444824 1.662107 -14.047124
v 8.443909 1.648319 -14.039539
v 8.528187 2.111573 -14.519845
v 8.510986 2.110014 -14.478350
v 8.552695 2.095097 -14.485962
v 8.521127 2.119131 -14.507080
v 8.541954 2.111682 -14.510882
v 8.534579 2.118744 -14.498874
v 8.527052 2.110331 -14.474930
v 8.514813 2.118558 -14.491849
v 8.530134 2.118341 -14.488151
v 8.550951 2.105634 -14.498446
v 8.542361 2.104855 -14.477724
v 8.540913 2.114486 -14.490118
v 8.319305 1.527473 -14.165873
v 8.294797 1.543950 -14.199756
v 8.336507 1.529032 -14.207369
v 8.305538 1.527365 -14.174836
v 8.326365 1.519916 -14.178638
v 8.312914 1.520303 -14.186844
v 8.305132 1.534192 -14.207994
v 8.296542 1.533413 -14.187273
v 8.306580 1.524561 -14.195600
v 8.332680 1.520488 -14.193869
v 8.320441 1.528716 -14.210788
v 8.317359 1.520706 -14.197567
v 8.409895 2.021279 -14.637185
v 8.418734 1.977256 -14.635175
v 8.377025 1.992174 -14.627562
v 8.415838 2.007632 -14.644137
v 8.395011 2.015081 -14.640336
v 8.401300 2.002104 -14.646698
v 8.402669 1.976940 -14.638595
v 8.419083 1.991473 -14.643399
v 8.403584 1.990727 -14.646178
v 8.382945 2.004398 -14.636804
v 8.387359 1.982415 -14.635799
v 8.392806 1.994583 -14.644211
v 8.284586 1.584092 -14.113225
v 8.275747 1.628115 -14.115235
v 8.260077 1.600569 -14.147108
v 8.278644 1.597739 -14.106273
v 8.270819 1.583984 -14.122189
v 8.265741 1.597228 -14.115314
v 8.263161 1.622126 -14.123930
v 8.275399 1.613898 -14.107011
v 8.263457 1.608605 -14.115833
v 8.261823 1.590032 -14.134625
v 8.257409 1.612015 -14.135629
v 8.259408 1.601486 -14.124069
v 8.375175 2.077898 -14.584538
v 8.342304 2.048793 -14.574914
v 8.357974 2.076339 -14.543041
v 8.360291 2.071700 -14.587688
v 8.368115 2.085455 -14.571773
v 8.354128 2.079029 -14.575168
v 8.339636 2.060238 -14.563436
v 8.348225 2.061017 -14.584156
v 8.345634 2.071508 -14.572681
v 8.361801 2.084883 -14.556541
v 8.345387 2.070349 -14.551736
v 8.349683 2.078626 -14.564445
v 8.424789 1.634656 -14.140728
v 8.433391 1.635436 -14.161476
v 8.441225 1.649209 -14.145539
v 8.430005 1.630487 -14.150893
v 8.437714 1.635166 -14.147522
v 8.441628 1.640777 -14.154296
v 8.435546 1.640226 -14.139625
v 8.484957 1.916525 -14.429761
v 8.480537 1.938537 -14.430766
v 8.492791 1.930298 -14.413825
v 8.484528 1.927692 -14.434561
v 8.491694 1.929414 -14.428367
v 8.490068 1.937431 -14.423292
v 8.493193 1.921867 -14.422582
v 8.411770 1.655888 -14.120985
v 8.428205 1.670441 -14.125796
v 8.407351 1.677900 -14.121990
v 8.422525 1.661458 -14.119882
v 8.417177 1.668657 -14.116381
v 8.419400 1.677023 -14.120593
v 8.407779 1.666733 -14.117190
v 8.467517 1.959769 -14.411023
v 8.458917 1.958989 -14.390275
v 8.479772 1.951530 -14.394082
v 8.462301 1.963938 -14.400858
v 8.471157 1.962904 -14.397225
v 8.470966 1.958112 -14.388878
v 8.477048 1.958663 -14.403549
v 8.338720 1.615714 -14.177117
v 8.326467 1.623952 -14.194058
v 8.347322 1.616493 -14.197865
v 8.329189 1.616819 -14.184591
v 8.335081 1.612578 -14.190915
v 8.335271 1.617370 -14.199263
v 8.343936 1.611545 -14.187284
v 8.394468 1.919594 -14.467155
v 8.398888 1.897583 -14.466150
v 8.378033 1.905042 -14.462344
v 8.398458 1.908750 -14.470950
v 8.389061 1.906826 -14.471760
v 8.386837 1.898460 -14.467547
v 8.383713 1.914024 -14.468259
v 8.325701 1.636946 -14.157374
v 8.321281 1.658957 -14.158380
v 8.313446 1.645184 -14.174315
v 8.321710 1.647790 -14.153580
v 8.314544 1.646069 -14.159774
v 8.313045 1.653616 -14.165560
v 8.316170 1.638051 -14.164848
v 8.381448 1.940826 -14.447412
v 8.365013 1.926274 -14.442601
v 8.372848 1.940047 -14.426664
v 8.370692 1.935256 -14.448516
v 8.368524 1.940316 -14.440619
v 8.364611 1.934705 -14.433845
v 8.376232 1.944995 -14.437247
v 9.378193 0.251608 -14.138309
v 9.388507 0.278093 -14.162704
v 9.402588 0.278093 -14.127995
v 9.383344 0.255146 -14.150491
v 9.390374 0.255146 -14.133160
v 9.394791 0.258583 -14.145043
v 9.399310 0.278093 -14.154295
v 9.387129 0.264868 -14.159445
v 9.397456 0.265428 -14.151347
v 9.399328 0.264868 -14.129374
v 9.404479 0.278093 -14.141555
v 9.401095 0.265428 -14.142378
v 9.388507 0.521756 -14.162704
v 9.378193 0.548241 -14.138309
v 9.402588 0.521756 -14.127995
v 9.387129 0.534981 -14.159445
v 9.399310 0.521756 -14.154295
v 9.397456 0.534421 -14.151347
v 9.390374 0.544702 -14.133160
v 9.383344 0.544702 -14.150491
v 9.394791 0.541265 -14.145043
v 9.404479 0.521756 -14.141555
v 9.399328 0.534981 -14.129374
v 9.401095 0.534421 -14.142378
v 9.308060 0.251608 -13.972428
v 9.332454 0.278093 -13.962114
v 9.297746 0.278093 -13.948033
v 9.320241 0.255146 -13.967278
v 9.302910 0.255146 -13.960247
v 9.314793 0.258583 -13.955831
v 9.324045 0.278093 -13.951311
v 9.329195 0.264868 -13.963492
v 9.321097 0.265428 -13.953165
v 9.299124 0.264868 -13.951293
v 9.311305 0.278093 -13.946142
v 9.312128 0.265428 -13.949526
v 9.308060 0.548241 -13.972428
v 9.297746 0.521756 -13.948033
v 9.332454 0.521756 -13.962114
v 9.302910 0.544702 -13.960247
v 9.320241 0.544702 -13.967278
v 9.314793 0.541265 -13.955831
v 9.311305 0.521756 -13.946142
v 9.299124 0.534981 -13.951293
v 9.312128 0.534421 -13.949526
v 9.329195 0.534981 -13.963492
v 9.324045 0.521756 -13.951311
v 9.321097 0.534421 -13.953165
v 9.212312 0.251608 -14.208444
v 9.187918 0.278093 -14.218757
v 9.222626 0.278093 -14.232838
v 9.200130 0.255146 -14.213593
v 9.217462 0.255146 -14.220624
v 9.205578 0.258583 -14.225041
v 9.196326 0.278093 -14.229560
v 9.191176 0.264868 -14.217379
v 9.199274 0.265428 -14.227706
v 9.221248 0.264868 -14.229579
v 9.209066 0.278093 -14.234729
v 9.208243 0.265428 -14.231345
v 9.212312 0.548241 -14.208444
v 9.222626 0.521756 -14.232838
v 9.187918 0.521756 -14.218757
v 9.217462 0.544702 -14.220624
v 9.200130 0.544702 -14.213593
v 9.205578 0.541265 -14.225041
v 9.209066 0.521756 -14.234729
v 9.221248 0.534981 -14.229579
v 9.208243 0.534421 -14.231345
v 9.191176 0.534981 -14.217379
v 9.196326 0.521756 -14.229560
v 9.199274 0.534421 -14.227706
v 9.142178 0.251608 -14.042562
v 9.131865 0.278093 -14.018167
v 9.117784 0.278093 -14.052876
v 9.137028 0.255146 -14.030380
v 9.129997 0.255146 -14.047711
v 9.125580 0.258583 -14.035828
v 9.121061 0.278093 -14.026576
v 9.133243 0.264868 -14.021426
v 9.122915 0.265428 -14.029524
v 9.121042 0.264868 -14.051497
v 9.115892 0.278093 -14.039316
v 9.119276 0.265428 -14.038493
v 9.142178 0.548241 -14.042562
v 9.117784 0.521756 -14.052876
v 9.131865 0.521756 -14.018167
v 9.129997 0.544702 -14.047711
v 9.137028 0.544702 -14.030380
v 9.125580 0.541265 -14.035828
v 9.115892 0.521756 -14.039316
v 9.121042 0.534981 -14.051497
v 9.119276 0.534421 -14.038493
v 9.133243 0.534981 -14.021426
v 9.121061 0.521756 -14.026576
v 9.122915 0.534421 -14.029524
v 9.349117 0.039728 -14.110346
v 9.357368 0.060916 -14.129861
v 9.368633 0.060916 -14.102095
v 9.354952 0.045933 -14.124146
v 9.365149 0.048683 -14.116849
v 9.368752 0.060916 -14.118311
v 9.362917 0.045933 -14.104511
v 9.357368 0.315172 -14.129861
v 9.349117 0.336360 -14.110346
v 9.368633 0.315172 -14.102095
v 9.354952 0.330154 -14.124146
v 9.365149 0.327405 -14.116849
v 9.362917 0.330154 -14.104511
v 9.368752 0.315172 -14.118311
v 9.291360 0.039728 -13.973738
v 9.310876 0.060916 -13.965487
v 9.283110 0.060916 -13.954222
v 9.305160 0.045933 -13.967903
v 9.297864 0.048683 -13.957706
v 9.299325 0.060916 -13.954103
v 9.285526 0.045933 -13.959938
v 9.291360 0.336360 -13.973738
v 9.283110 0.315172 -13.954222
v 9.310876 0.315172 -13.965487
v 9.285526 0.330154 -13.959938
v 9.297864 0.327405 -13.957706
v 9.299326 0.315172 -13.954103
v 9.305160 0.330154 -13.967903
v 9.212509 0.039728 -14.168103
v 9.192993 0.060916 -14.176353
v 9.220760 0.060916 -14.187618
v 9.198709 0.045933 -14.173937
v 9.206005 0.048683 -14.184134
v 9.204544 0.060916 -14.187737
v 9.218344 0.045933 -14.181902
v 9.212509 0.336360 -14.168103
v 9.220760 0.315172 -14.187618
v 9.192993 0.315172 -14.176353
v 9.218344 0.330154 -14.181902
v 9.206005 0.327405 -14.184134
v 9.204544 0.315172 -14.187737
v 9.198709 0.330154 -14.173937
v 9.154752 0.039728 -14.031494
v 9.146501 0.060916 -14.011979
v 9.135237 0.060916 -14.039745
v 9.148917 0.045933 -14.017694
v 9.138721 0.048683 -14.024991
v 9.135118 0.060916 -14.023529
v 9.140952 0.045933 -14.037329
v 9.154752 0.336360 -14.031494
v 9.135237 0.315172 -14.039745
v 9.146501 0.315172 -14.011979
v 9.140952 0.330154 -14.037329
v 9.138721 0.327405 -14.024991
v 9.135118 0.315172 -14.023529
v 9.148917 0.330154 -14.017694
v 9.372342 0.000000 -14.125831
v 9.380593 0.021188 -14.145347
v 9.391857 0.021188 -14.117579
v 9.378177 0.006206 -14.139630
v 9.388373 0.008955 -14.132335
v 9.391976 0.021188 -14.133796
v 9.386142 0.006206 -14.119996
v 9.380593 0.079455 -14.145347
v 9.372342 0.100643 -14.125831
v 9.391857 0.079455 -14.117579
v 9.378177 0.094437 -14.139630
v 9.388373 0.091688 -14.132335
v 9.386142 0.094437 -14.119996
v 9.391976 0.079455 -14.133796
v 9.263429 0.000000 -13.868226
v 9.282945 0.021188 -13.859976
v 9.255177 0.021188 -13.848711
v 9.277228 0.006206 -13.862392
v 9.269933 0.008955 -13.852196
v 9.271394 0.021188 -13.848593
v 9.257594 0.006206 -13.854427
v 9.263429 0.100643 -13.868226
v 9.255177 0.079455 -13.848711
v 9.282945 0.079455 -13.859976
v 9.257594 0.094437 -13.854427
v 9.269933 0.091688 -13.852196
v 9.271394 0.079455 -13.848593
v 9.277228 0.094437 -13.862392
v 9.207437 0.000000 -14.195552
v 9.187921 0.021188 -14.203803
v 9.215688 0.021188 -14.215067
v 9.193637 0.006206 -14.201386
v 9.200933 0.008955 -14.211583
v 9.199471 0.021188 -14.215186
v 9.213271 0.006206 -14.209352
v 9.207437 0.100643 -14.195552
v 9.215688 0.079455 -14.215067
v 9.187921 0.079455 -14.203803
v 9.213271 0.094437 -14.209352
v 9.200933 0.091688 -14.211583
v 9.199471 0.079455 -14.215186
v 9.193637 0.094437 -14.201386
v 9.098523 0.000000 -13.937947
v 9.090272 0.021188 -13.918432
v 9.079007 0.021188 -13.946198
v 9.092689 0.006206 -13.924148
v 9.082492 0.008955 -13.931444
v 9.078889 0.021188 -13.929982
v 9.084723 0.006206 -13.943782
v 9.098523 0.100643 -13.937947
v 9.079007 0.079455 -13.946198
v 9.090272 0.079455 -13.918432
v 9.084723 0.094437 -13.943782
v 9.082492 0.091688 -13.931444
v 9.078889 0.079455 -13.929982
v 9.092689 0.094437 -13.924148
v 9.280406 0.020129 -13.881177
v 9.284532 0.030723 -13.890935
v 9.290164 0.030723 -13.877051
v 9.284532 0.069920 -13.890935
v 9.280406 0.080515 -13.881177
v 9.290164 0.069920 -13.877051
v 9.233788 0.020129 -13.770914
v 9.243546 0.030723 -13.766788
v 9.229663 0.030723 -13.761157
v 9.233788 0.080515 -13.770914
v 9.229663 0.069920 -13.761157
v 9.243546 0.069920 -13.766788
v 9.244303 0.020129 -13.896441
v 9.234545 0.030723 -13.900567
v 9.248428 0.030723 -13.906199
v 9.244303 0.080515 -13.896441
v 9.248428 0.069920 -13.906199
v 9.234545 0.069920 -13.900567
v 9.197684 0.020129 -13.786179
v 9.193559 0.030723 -13.776422
v 9.187926 0.030723 -13.790304
v 9.197684 0.080515 -13.786179
v 9.187926 0.069920 -13.790304
v 9.193559 0.069920 -13.776422
v 9.206247 0.020129 -13.912531
v 9.210373 0.030723 -13.922289
v 9.216005 0.030723 -13.908405
v 9.210373 0.069920 -13.922289
v 9.206247 0.080515 -13.912531
v 9.216005 0.069920 -13.908405
v 9.159629 0.020129 -13.802268
v 9.169387 0.030723 -13.798142
v 9.155503 0.030723 -13.792511
v 9.159629 0.080515 -13.802268
v 9.155503 0.069920 -13.792511
v 9.169387 0.069920 -13.798142
v 9.170144 0.020129 -13.927795
v 9.160386 0.030723 -13.931921
v 9.174270 0.030723 -13.937553
v 9.170144 0.080515 -13.927795
v 9.174270 0.069920 -13.937553
v 9.160386 0.069920 -13.931921
v 9.123526 0.020129 -13.817533
v 9.119400 0.030723 -13.807775
v 9.113768 0.030723 -13.821658
v 9.123526 0.080515 -13.817533
v 9.113768 0.069920 -13.821658
v 9.119400 0.069920 -13.807775
v 9.132089 0.020129 -13.943885
v 9.136214 0.030723 -13.953643
v 9.141847 0.030723 -13.939759
v 9.136214 0.069920 -13.953643
v 9.132089 0.080515 -13.943885
v 9.141847 0.069920 -13.939759
v 9.085470 0.020129 -13.833622
v 9.095228 0.030723 -13.829496
v 9.081345 0.030723 -13.823864
v 9.085470 0.080515 -13.833622
v 9.081345 0.069920 -13.823864
v 9.095228 0.069920 -13.829496
v 9.095984 0.020129 -13.959149
v 9.086227 0.030723 -13.963275
v 9.100110 0.030723 -13.968906
v 9.095984 0.080515 -13.959149
v 9.100110 0.069920 -13.968906
v 9.086227 0.069920 -13.963275
v 9.049367 0.020129 -13.848886
v 9.045241 0.030723 -13.839128
v 9.039609 0.030723 -13.853012
v 9.049367 0.080515 -13.848886
v 9.039609 0.069920 -13.853012
v 9.045241 0.069920 -13.839128
v 8.714667 0.251608 -14.418844
v 8.724980 0.278093 -14.443238
v 8.739061 0.278093 -14.408530
v 8.719817 0.255146 -14.431026
v 8.726848 0.255146 -14.413693
v 8.731265 0.258583 -14.425577
v 8.735784 0.278093 -14.434830
v 8.723602 0.264868 -14.439980
v 8.733930 0.265428 -14.431882
v 8.735803 0.264868 -14.409908
v 8.740952 0.278093 -14.422090
v 8.737569 0.265428 -14.422913
v 8.724980 0.521756 -14.443238
v 8.714667 0.548241 -14.418844
v 8.739061 0.521756 -14.408530
v 8.723602 0.534981 -14.439980
v 8.735784 0.521756 -14.434830
v 8.733930 0.534421 -14.431882
v 8.726848 0.544702 -14.413693
v 8.719817 0.544702 -14.431026
v 8.731265 0.541265 -14.425577
v 8.740952 0.521756 -14.422090
v 8.735803 0.534981 -14.409908
v 8.737569 0.534421 -14.422913
v 8.644533 0.251608 -14.252962
v 8.668927 0.278093 -14.242649
v 8.634219 0.278093 -14.228568
v 8.656714 0.255146 -14.247812
v 8.639383 0.255146 -14.240781
v 8.651267 0.258583 -14.236364
v 8.660519 0.278093 -14.231846
v 8.665668 0.264868 -14.244026
v 8.657571 0.265428 -14.233700
v 8.635597 0.264868 -14.231827
v 8.647779 0.278093 -14.226677
v 8.648602 0.265428 -14.230061
v 8.644533 0.548241 -14.252962
v 8.634219 0.521756 -14.228568
v 8.668927 0.521756 -14.242649
v 8.639383 0.544702 -14.240781
v 8.656714 0.544702 -14.247812
v 8.651267 0.541265 -14.236364
v 8.647779 0.521756 -14.226677
v 8.635597 0.534981 -14.231827
v 8.648602 0.534421 -14.230061
v 8.665668 0.534981 -14.244026
v 8.660519 0.521756 -14.231846
v 8.657571 0.534421 -14.233700
v 8.548785 0.251608 -14.488977
v 8.524391 0.278093 -14.499291
v 8.559099 0.278093 -14.513372
v 8.536604 0.255146 -14.494127
v 8.553935 0.255146 -14.501159
v 8.542051 0.258583 -14.505575
v 8.532800 0.278093 -14.510095
v 8.527650 0.264868 -14.497913
v 8.535748 0.265428 -14.508241
v 8.557721 0.264868 -14.510113
v 8.545540 0.278093 -14.515263
v 8.544717 0.265428 -14.511879
v 8.548785 0.548241 -14.488977
v 8.559099 0.521756 -14.513372
v 8.524391 0.521756 -14.499291
v 8.553935 0.544702 -14.501159
v 8.536604 0.544702 -14.494127
v 8.542051 0.541265 -14.505575
v 8.545540 0.521756 -14.515263
v 8.557721 0.534981 -14.510113
v 8.544717 0.534421 -14.511879
v 8.527650 0.534981 -14.497913
v 8.532800 0.521756 -14.510095
v 8.535748 0.534421 -14.508241
v 8.478652 0.251608 -14.323096
v 8.468338 0.278093 -14.298701
v 8.454257 0.278093 -14.333410
v 8.473501 0.255146 -14.310915
v 8.466471 0.255146 -14.328246
v 8.462054 0.258583 -14.316362
v 8.457535 0.278093 -14.307111
v 8.469716 0.264868 -14.301961
v 8.459389 0.265428 -14.310059
v 8.457517 0.264868 -14.332032
v 8.452366 0.278093 -14.319851
v 8.455750 0.265428 -14.319028
v 8.478652 0.548241 -14.323096
v 8.454257 0.521756 -14.333410
v 8.468338 0.521756 -14.298701
v 8.466471 0.544702 -14.328246
v 8.473501 0.544702 -14.310915
v 8.462054 0.541265 -14.316362
v 8.452366 0.521756 -14.319851
v 8.457517 0.534981 -14.332032
v 8.455750 0.534421 -14.319028
v 8.469716 0.534981 -14.301961
v 8.457535 0.521756 -14.307111
v 8.459389 0.534421 -14.310059
v 8.685591 0.039728 -14.390881
v 8.693842 0.060916 -14.410396
v 8.705107 0.060916 -14.382629
v 8.691425 0.045933 -14.404679
v 8.701622 0.048683 -14.397384
v 8.705225 0.060916 -14.398846
v 8.699390 0.045933 -14.385046
v 8.693842 0.315172 -14.410396
v 8.685591 0.336360 -14.390881
v 8.705107 0.315172 -14.382629
v 8.691425 0.330154 -14.404679
v 8.701622 0.327405 -14.397384
v 8.699390 0.330154 -14.385046
v 8.705225 0.315172 -14.398846
v 8.627834 0.039728 -14.254272
v 8.647349 0.060916 -14.246021
v 8.619583 0.060916 -14.234756
v 8.641633 0.045933 -14.248438
v 8.634337 0.048683 -14.238241
v 8.635799 0.060916 -14.234638
v 8.622000 0.045933 -14.240472
v 8.627834 0.336360 -14.254272
v 8.619583 0.315172 -14.234756
v 8.647349 0.315172 -14.246021
v 8.622000 0.330154 -14.240472
v 8.634337 0.327405 -14.238241
v 8.635799 0.315172 -14.234638
v 8.641633 0.330154 -14.248438
v 8.548983 0.039728 -14.448637
v 8.529468 0.060916 -14.456888
v 8.557234 0.060916 -14.468153
v 8.535183 0.045933 -14.454472
v 8.542480 0.048683 -14.464668
v 8.541018 0.060916 -14.468271
v 8.554817 0.045933 -14.462437
v 8.548983 0.336360 -14.448637
v 8.557234 0.315172 -14.468153
v 8.529468 0.315172 -14.456888
v 8.554817 0.330154 -14.462437
v 8.542480 0.327405 -14.464668
v 8.541018 0.315172 -14.468271
v 8.535183 0.330154 -14.454472
v 8.491225 0.039728 -14.312029
v 8.482975 0.060916 -14.292513
v 8.471710 0.060916 -14.320280
v 8.485392 0.045933 -14.298229
v 8.475195 0.048683 -14.305526
v 8.471592 0.060916 -14.304064
v 8.477426 0.045933 -14.317863
v 8.491225 0.336360 -14.312029
v 8.471710 0.315172 -14.320280
v 8.482975 0.315172 -14.292513
v 8.477426 0.330154 -14.317863
v 8.475195 0.327405 -14.305526
v 8.471592 0.315172 -14.304064
v 8.485392 0.330154 -14.298229
v 8.708816 0.000000 -14.406365
v 8.717067 0.021188 -14.425880
v 8.728332 0.021188 -14.398114
v 8.714650 0.006206 -14.420165
v 8.724847 0.008955 -14.412868
v 8.728450 0.021188 -14.414330
v 8.722615 0.006206 -14.400531
v 8.717067 0.079455 -14.425880
v 8.708816 0.100643 -14.406365
v 8.728332 0.079455 -14.398114
v 8.714650 0.094437 -14.420165
v 8.724847 0.091688 -14.412868
v 8.722615 0.094437 -14.400531
v 8.728450 0.079455 -14.414330
v 8.599902 0.000000 -14.148761
v 8.619418 0.021188 -14.140510
v 8.591651 0.021188 -14.129246
v 8.613702 0.006206 -14.142926
v 8.606406 0.008955 -14.132730
v 8.607867 0.021188 -14.129128
v 8.594069 0.006206 -14.134961
v 8.599902 0.100643 -14.148761
v 8.591651 0.079455 -14.129246
v 8.619418 0.079455 -14.140510
v 8.594069 0.094437 -14.134961
v 8.606406 0.091688 -14.132730
v 8.607867 0.079455 -14.129128
v 8.613702 0.094437 -14.142926
v 8.543910 0.000000 -14.476087
v 8.524395 0.021188 -14.484337
v 8.552161 0.021188 -14.495602
v 8.530110 0.006206 -14.481920
v 8.537407 0.008955 -14.492117
v 8.535945 0.021188 -14.495720
v 8.549745 0.006206 -14.489885
v 8.543910 0.100643 -14.476087
v 8.552161 0.079455 -14.495602
v 8.524395 0.079455 -14.484337
v 8.549745 0.094437 -14.489885
v 8.537407 0.091688 -14.492117
v 8.535945 0.079455 -14.495720
v 8.530110 0.094437 -14.481920
v 8.434997 0.000000 -14.218482
v 8.426745 0.021188 -14.198966
v 8.415482 0.021188 -14.226733
v 8.429162 0.006206 -14.204682
v 8.418965 0.008955 -14.211979
v 8.415362 0.021188 -14.210517
v 8.421197 0.006206 -14.224317
v 8.434997 0.100643 -14.218482
v 8.415482 0.079455 -14.226733
v 8.426745 0.079455 -14.198966
v 8.421197 0.094437 -14.224317
v 8.418965 0.091688 -14.211979
v 8.415362 0.079455 -14.210517
v 8.429162 0.094437 -14.204682
v 8.616879 0.020129 -14.161712
v 8.621005 0.030723 -14.171469
v 8.626637 0.030723 -14.157586
v 8.621005 0.069920 -14.171469
v 8.616879 0.080515 -14.161712
v 8.626637 0.069920 -14.157586
v 8.570262 0.020129 -14.051449
v 8.580019 0.030723 -14.047323
v 8.566136 0.030723 -14.041691
v 8.570262 0.080515 -14.051449
v 8.566136 0.069920 -14.041691
v 8.580019 0.069920 -14.047323
v 8.580776 0.020129 -14.176976
v 8.571018 0.030723 -14.181101
v 8.584902 0.030723 -14.186733
v 8.580776 0.080515 -14.176976
v 8.584902 0.069920 -14.186733
v 8.571018 0.069920 -14.181101
v 8.534158 0.020129 -14.066713
v 8.530032 0.030723 -14.056955
v 8.524401 0.030723 -14.070839
v 8.534158 0.080515 -14.066713
v 8.524401 0.069920 -14.070839
v 8.530032 0.069920 -14.056955
v 8.542721 0.020129 -14.193066
v 8.546846 0.030723 -14.202823
v 8.552479 0.030723 -14.188940
v 8.546846 0.069920 -14.202823
v 8.542721 0.080515 -14.193066
v 8.552479 0.069920 -14.188940
v 8.496103 0.020129 -14.082803
v 8.505860 0.030723 -14.078677
v 8.491978 0.030723 -14.073045
v 8.496103 0.080515 -14.082803
v 8.491978 0.069920 -14.073045
v 8.505860 0.069920 -14.078677
v 8.506618 0.020129 -14.208329
v 8.496860 0.030723 -14.212455
v 8.510743 0.030723 -14.218087
v 8.506618 0.080515 -14.208329
v 8.510743 0.069920 -14.218087
v 8.496860 0.069920 -14.212455
v 8.459999 0.020129 -14.098067
v 8.455873 0.030723 -14.088309
v 8.450241 0.030723 -14.102193
v 8.459999 0.080515 -14.098067
v 8.450241 0.069920 -14.102193
v 8.455873 0.069920 -14.088309
v 8.468562 0.020129 -14.224420
v 8.472688 0.030723 -14.234177
v 8.478320 0.030723 -14.220294
v 8.472688 0.069920 -14.234177
v 8.468562 0.080515 -14.224420
v 8.478320 0.069920 -14.220294
v 8.421944 0.020129 -14.114157
v 8.431702 0.030723 -14.110031
v 8.417818 0.030723 -14.104399
v 8.421944 0.080515 -14.114157
v 8.417818 0.069920 -14.104399
v 8.431702 0.069920 -14.110031
v 8.432459 0.020129 -14.239683
v 8.422701 0.030723 -14.243809
v 8.436584 0.030723 -14.249441
v 8.432459 0.080515 -14.239683
v 8.436584 0.069920 -14.249441
v 8.422701 0.069920 -14.243809
v 8.385840 0.020129 -14.129421
v 8.381715 0.030723 -14.119663
v 8.376082 0.030723 -14.133547
v 8.385840 0.080515 -14.129421
v 8.376082 0.069920 -14.133547
v 8.381715 0.069920 -14.119663
v 9.666979 0.251608 -14.821351
v 9.677292 0.278093 -14.845746
v 9.691373 0.278093 -14.811037
v 9.672129 0.255146 -14.833532
v 9.679160 0.255146 -14.816201
v 9.683577 0.258583 -14.828085
v 9.688096 0.278093 -14.837337
v 9.675915 0.264868 -14.842486
v 9.686242 0.265428 -14.834389
v 9.688114 0.264868 -14.812415
v 9.693264 0.278093 -14.824596
v 9.689880 0.265428 -14.825419
v 9.677292 0.521756 -14.845746
v 9.666979 0.548241 -14.821351
v 9.691373 0.521756 -14.811037
v 9.675915 0.534981 -14.842486
v 9.688096 0.521756 -14.837337
v 9.686242 0.534421 -14.834389
v 9.679160 0.544702 -14.816201
v 9.672129 0.544702 -14.833532
v 9.683577 0.541265 -14.828085
v 9.693264 0.521756 -14.824596
v 9.688114 0.534981 -14.812415
v 9.689880 0.534421 -14.825419
v 9.596845 0.251608 -14.655470
v 9.621240 0.278093 -14.645156
v 9.586532 0.278093 -14.631076
v 9.609026 0.255146 -14.650320
v 9.591695 0.255146 -14.643289
v 9.603579 0.258583 -14.638872
v 9.612830 0.278093 -14.634353
v 9.617980 0.264868 -14.646534
v 9.609882 0.265428 -14.636207
v 9.587909 0.264868 -14.634335
v 9.600090 0.278093 -14.629185
v 9.600913 0.265428 -14.632568
v 9.596845 0.548241 -14.655470
v 9.586532 0.521756 -14.631076
v 9.621240 0.521756 -14.645156
v 9.591695 0.544702 -14.643289
v 9.609026 0.544702 -14.650320
v 9.603579 0.541265 -14.638872
v 9.600090 0.521756 -14.629185
v 9.587909 0.534981 -14.634335
v 9.600913 0.534421 -14.632568
v 9.617980 0.534981 -14.646534
v 9.612830 0.521756 -14.634353
v 9.609882 0.534421 -14.636207
v 9.501097 0.251608 -14.891485
v 9.476703 0.278093 -14.901798
v 9.511411 0.278093 -14.915879
v 9.488916 0.255146 -14.896635
v 9.506248 0.255146 -14.903666
v 9.494364 0.258583 -14.908083
v 9.485112 0.278093 -14.912601
v 9.479961 0.264868 -14.900421
v 9.488060 0.265428 -14.910748
v 9.510033 0.264868 -14.912621
v 9.497851 0.278093 -14.917770
v 9.497029 0.265428 -14.914387
v 9.501097 0.548241 -14.891485
v 9.511411 0.521756 -14.915879
v 9.476703 0.521756 -14.901798
v 9.506248 0.544702 -14.903666
v 9.488916 0.544702 -14.896635
v 9.494364 0.541265 -14.908083
v 9.497851 0.521756 -14.917770
v 9.510033 0.534981 -14.912621
v 9.497029 0.534421 -14.914387
v 9.479961 0.534981 -14.900421
v 9.485112 0.521756 -14.912601
v 9.488060 0.534421 -14.910748
v 9.430964 0.251608 -14.725603
v 9.420650 0.278093 -14.701209
v 9.406569 0.278093 -14.735917
v 9.425814 0.255146 -14.713422
v 9.418782 0.255146 -14.730754
v 9.414366 0.258583 -14.718870
v 9.409846 0.278093 -14.709619
v 9.422028 0.264868 -14.704468
v 9.411700 0.265428 -14.712566
v 9.409828 0.264868 -14.734539
v 9.404678 0.278093 -14.722358
v 9.408062 0.265428 -14.721535
v 9.430964 0.548241 -14.725603
v 9.406569 0.521756 -14.735917
v 9.420650 0.521756 -14.701209
v 9.418782 0.544702 -14.730754
v 9.425814 0.544702 -14.713422
v 9.414366 0.541265 -14.718870
v 9.404678 0.521756 -14.722358
v 9.409828 0.534981 -14.734539
v 9.408062 0.534421 -14.721535
v 9.422028 0.534981 -14.704468
v 9.409846 0.521756 -14.709619
v 9.411700 0.534421 -14.712566
v 9.637903 0.039728 -14.793387
v 9.646153 0.060916 -14.812903
v 9.657418 0.060916 -14.785136
v 9.643737 0.045933 -14.807187
v 9.653934 0.048683 -14.799891
v 9.657537 0.060916 -14.801353
v 9.651702 0.045933 -14.787553
v 9.646153 0.315172 -14.812903
v 9.637903 0.336360 -14.793387
v 9.657418 0.315172 -14.785136
v 9.643737 0.330154 -14.807187
v 9.653934 0.327405 -14.799891
v 9.651702 0.330154 -14.787553
v 9.657537 0.315172 -14.801353
v 9.580146 0.039728 -14.656779
v 9.599661 0.060916 -14.648528
v 9.571895 0.060916 -14.637263
v 9.593946 0.045933 -14.650945
v 9.586649 0.048683 -14.640748
v 9.588111 0.060916 -14.637145
v 9.574311 0.045933 -14.642980
v 9.580146 0.336360 -14.656779
v 9.571895 0.315172 -14.637263
v 9.599661 0.315172 -14.648528
v 9.574311 0.330154 -14.642980
v 9.586649 0.327405 -14.640748
v 9.588111 0.315172 -14.637145
v 9.593946 0.330154 -14.650945
v 9.501294 0.039728 -14.851145
v 9.481779 0.060916 -14.859396
v 9.509545 0.060916 -14.870660
v 9.487494 0.045933 -14.856979
v 9.494791 0.048683 -14.867176
v 9.493329 0.060916 -14.870778
v 9.507129 0.045933 -14.864944
v 9.501294 0.336360 -14.851145
v 9.509545 0.315172 -14.870660
v 9.481779 0.315172 -14.859396
v 9.507129 0.330154 -14.864944
v 9.494791 0.327405 -14.867176
v 9.493329 0.315172 -14.870778
v 9.487494 0.330154 -14.856979
v 9.443538 0.039728 -14.714537
v 9.435287 0.060916 -14.695021
v 9.424022 0.060916 -14.722787
v 9.437703 0.045933 -14.700737
v 9.427506 0.048683 -14.708033
v 9.423903 0.060916 -14.706572
v 9.429738 0.045933 -14.720370
v 9.443538 0.336360 -14.714537
v 9.424022 0.315172 -14.722787
v 9.435287 0.315172 -14.695021
v 9.429738 0.330154 -14.720370
v 9.427506 0.327405 -14.708033
v 9.423903 0.315172 -14.706572
v 9.437703 0.330154 -14.700737
v 9.661127 0.000000 -14.808872
v 9.669378 0.021188 -14.828388
v 9.680643 0.021188 -14.800621
v 9.666962 0.006206 -14.822672
v 9.677158 0.008955 -14.815376
v 9.680761 0.021188 -14.816837
v 9.674927 0.006206 -14.803039
v 9.669378 0.079455 -14.828388
v 9.661127 0.100643 -14.808872
v 9.680643 0.079455 -14.800621
v 9.666962 0.094437 -14.822672
v 9.677158 0.091688 -14.815376
v 9.674927 0.094437 -14.803039
v 9.680761 0.079455 -14.816837
v 9.552215 0.000000 -14.551269
v 9.571730 0.021188 -14.543017
v 9.543963 0.021188 -14.531753
v 9.566013 0.006206 -14.545434
v 9.558718 0.008955 -14.535237
v 9.560180 0.021188 -14.531634
v 9.546380 0.006206 -14.537469
v 9.552215 0.100643 -14.551269
v 9.543963 0.079455 -14.531753
v 9.571730 0.079455 -14.543017
v 9.546380 0.094437 -14.537469
v 9.558718 0.091688 -14.535237
v 9.560180 0.079455 -14.531634
v 9.566013 0.094437 -14.545434
v 9.496222 0.000000 -14.878593
v 9.476707 0.021188 -14.886845
v 9.504473 0.021188 -14.898109
v 9.482422 0.006206 -14.884428
v 9.489718 0.008955 -14.894625
v 9.488256 0.021188 -14.898228
v 9.502056 0.006206 -14.892393
v 9.496222 0.100643 -14.878593
v 9.504473 0.079455 -14.898109
v 9.476707 0.079455 -14.886845
v 9.502056 0.094437 -14.892393
v 9.489718 0.091688 -14.894625
v 9.488256 0.079455 -14.898228
v 9.482422 0.094437 -14.884428
v 9.387308 0.000000 -14.620989
v 9.379058 0.021188 -14.601474
v 9.367793 0.021188 -14.629240
v 9.381474 0.006206 -14.607190
v 9.371278 0.008955 -14.614486
v 9.367675 0.021188 -14.613024
v 9.373508 0.006206 -14.626823
v 9.387308 0.100643 -14.620989
v 9.367793 0.079455 -14.629240
v 9.379058 0.079455 -14.601474
v 9.373508 0.094437 -14.626823
v 9.371278 0.091688 -14.614486
v 9.367675 0.079455 -14.613024
v 9.381474 0.094437 -14.607190
v 9.569192 0.020129 -14.564219
v 9.573318 0.030723 -14.573977
v 9.578949 0.030723 -14.560093
v 9.573318 0.069920 -14.573977
v 9.569192 0.080515 -14.564219
v 9.578949 0.069920 -14.560093
v 9.522573 0.020129 -14.453957
v 9.532331 0.030723 -14.449831
v 9.518448 0.030723 -14.444199
v 9.522573 0.080515 -14.453957
v 9.518448 0.069920 -14.444199
v 9.532331 0.069920 -14.449831
v 9.533088 0.020129 -14.579483
v 9.523331 0.030723 -14.583609
v 9.537213 0.030723 -14.589241
v 9.533088 0.080515 -14.579483
v 9.537213 0.069920 -14.589241
v 9.523331 0.069920 -14.583609
v 9.486470 0.020129 -14.469221
v 9.482345 0.030723 -14.459463
v 9.476712 0.030723 -14.473346
v 9.486470 0.080515 -14.469221
v 9.476712 0.069920 -14.473346
v 9.482345 0.069920 -14.459463
v 9.495033 0.020129 -14.595572
v 9.499158 0.030723 -14.605330
v 9.504790 0.030723 -14.591447
v 9.499158 0.069920 -14.605330
v 9.495033 0.080515 -14.595572
v 9.504790 0.069920 -14.591447
v 9.448415 0.020129 -14.485311
v 9.458172 0.030723 -14.481185
v 9.444289 0.030723 -14.475553
v 9.448415 0.080515 -14.485311
v 9.444289 0.069920 -14.475553
v 9.458172 0.069920 -14.481185
v 9.458929 0.020129 -14.610837
v 9.449171 0.030723 -14.614963
v 9.463055 0.030723 -14.620595
v 9.458929 0.080515 -14.610837
v 9.463055 0.069920 -14.620595
v 9.449171 0.069920 -14.614963
v 9.412311 0.020129 -14.500574
v 9.408185 0.030723 -14.490817
v 9.402554 0.030723 -14.504700
v 9.412311 0.080515 -14.500574
v 9.402554 0.069920 -14.504700
v 9.408185 0.069920 -14.490817
v 9.420874 0.020129 -14.626926
v 9.424999 0.030723 -14.636684
v 9.430632 0.030723 -14.622801
v 9.424999 0.069920 -14.636684
v 9.420874 0.080515 -14.626926
v 9.430632 0.069920 -14.622801
v 9.374256 0.020129 -14.516665
v 9.384013 0.030723 -14.512539
v 9.370131 0.030723 -14.506907
v 9.374256 0.080515 -14.516665
v 9.370131 0.069920 -14.506907
v 9.384013 0.069920 -14.512539
v 9.384770 0.020129 -14.642191
v 9.375012 0.030723 -14.646317
v 9.388896 0.030723 -14.651949
v 9.384770 0.080515 -14.642191
v 9.388896 0.069920 -14.651949
v 9.375012 0.069920 -14.646317
v 9.338152 0.020129 -14.531928
v 9.334026 0.030723 -14.522171
v 9.328394 0.030723 -14.536054
v 9.338152 0.080515 -14.531928
v 9.328394 0.069920 -14.536054
v 9.334026 0.069920 -14.522171
v 9.003452 0.251608 -15.101886
v 9.013766 0.278093 -15.126280
v 9.027846 0.278093 -15.091572
v 9.008602 0.255146 -15.114067
v 9.015634 0.255146 -15.096736
v 9.020050 0.258583 -15.108620
v 9.024570 0.278093 -15.117871
v 9.012388 0.264868 -15.123021
v 9.022716 0.265428 -15.114923
v 9.024588 0.264868 -15.092950
v 9.029737 0.278093 -15.105131
v 9.026354 0.265428 -15.105954
v 9.013766 0.521756 -15.126280
v 9.003452 0.548241 -15.101886
v 9.027846 0.521756 -15.091572
v 9.012388 0.534981 -15.123021
v 9.024570 0.521756 -15.117871
v 9.022716 0.534421 -15.114923
v 9.015634 0.544702 -15.096736
v 9.008602 0.544702 -15.114067
v 9.020050 0.541265 -15.108620
v 9.029737 0.521756 -15.105131
v 9.024588 0.534981 -15.092950
v 9.026354 0.534421 -15.105954
v 8.933319 0.251608 -14.936005
v 8.957713 0.278093 -14.925691
v 8.923005 0.278093 -14.911610
v 8.945499 0.255146 -14.930854
v 8.928168 0.255146 -14.923823
v 8.940052 0.258583 -14.919407
v 8.949304 0.278093 -14.914887
v 8.954454 0.264868 -14.927069
v 8.946356 0.265428 -14.916741
v 8.924383 0.264868 -14.914869
v 8.936564 0.278093 -14.909719
v 8.937387 0.265428 -14.913102
v 8.933319 0.548241 -14.936005
v 8.923005 0.521756 -14.911610
v 8.957713 0.521756 -14.925691
v 8.928168 0.544702 -14.923823
v 8.945499 0.544702 -14.930854
v 8.940052 0.541265 -14.919407
v 8.936564 0.521756 -14.909719
v 8.924383 0.534981 -14.914869
v 8.937387 0.534421 -14.913102
v 8.954454 0.534981 -14.927069
v 8.949304 0.521756 -14.914887
v 8.946356 0.534421 -14.916741
v 8.837571 0.251608 -15.172019
v 8.813176 0.278093 -15.182333
v 8.847884 0.278093 -15.196414
v 8.825390 0.255146 -15.177170
v 8.842721 0.255146 -15.184200
v 8.830837 0.258583 -15.188618
v 8.821586 0.278093 -15.193136
v 8.816436 0.264868 -15.180955
v 8.824533 0.265428 -15.191282
v 8.846507 0.264868 -15.193154
v 8.834326 0.278093 -15.198305
v 8.833503 0.265428 -15.194921
v 8.837571 0.548241 -15.172019
v 8.847884 0.521756 -15.196414
v 8.813176 0.521756 -15.182333
v 8.842721 0.544702 -15.184200
v 8.825390 0.544702 -15.177170
v 8.830837 0.541265 -15.188618
v 8.834326 0.521756 -15.198305
v 8.846507 0.534981 -15.193154
v 8.833503 0.534421 -15.194921
v 8.816436 0.534981 -15.180955
v 8.821586 0.521756 -15.193136
v 8.824533 0.534421 -15.191282
v 8.767437 0.251608 -15.006138
v 8.757123 0.278093 -14.981744
v 8.743043 0.278093 -15.016452
v 8.762287 0.255146 -14.993957
v 8.755256 0.255146 -15.011288
v 8.750839 0.258583 -14.999404
v 8.746320 0.278093 -14.990152
v 8.758501 0.264868 -14.985003
v 8.748174 0.265428 -14.993100
v 8.746302 0.264868 -15.015074
v 8.741152 0.278093 -15.002892
v 8.744535 0.265428 -15.002069
v 8.767437 0.548241 -15.006138
v 8.743043 0.521756 -15.016452
v 8.757123 0.521756 -14.981744
v 8.755256 0.544702 -15.011288
v 8.762287 0.544702 -14.993957
v 8.750839 0.541265 -14.999404
v 8.741152 0.521756 -15.002892
v 8.746302 0.534981 -15.015074
v 8.744535 0.534421 -15.002069
v 8.758501 0.534981 -14.985003
v 8.746320 0.521756 -14.990152
v 8.748174 0.534421 -14.993100
v 8.974377 0.039728 -15.073922
v 8.982628 0.060916 -15.093437
v 8.993892 0.060916 -15.065671
v 8.980211 0.045933 -15.087722
v 8.990407 0.048683 -15.080425
v 8.994010 0.060916 -15.081887
v 8.988176 0.045933 -15.068088
v 8.982628 0.315172 -15.093437
v 8.974377 0.336360 -15.073922
v 8.993892 0.315172 -15.065671
v 8.980211 0.330154 -15.087722
v 8.990407 0.327405 -15.080425
v 8.988176 0.330154 -15.068088
v 8.994010 0.315172 -15.081887
v 8.916619 0.039728 -14.937314
v 8.936135 0.060916 -14.929063
v 8.908368 0.060916 -14.917798
v 8.930419 0.045933 -14.931479
v 8.923123 0.048683 -14.921283
v 8.924584 0.060916 -14.917680
v 8.910785 0.045933 -14.923514
v 8.916619 0.336360 -14.937314
v 8.908368 0.315172 -14.917798
v 8.936135 0.315172 -14.929063
v 8.910785 0.330154 -14.923514
v 8.923122 0.327405 -14.921283
v 8.924584 0.315172 -14.917680
v 8.930419 0.330154 -14.931479
v 8.837768 0.039728 -15.131680
v 8.818253 0.060916 -15.139930
v 8.846019 0.060916 -15.151195
v 8.823969 0.045933 -15.137513
v 8.831264 0.048683 -15.147710
v 8.829803 0.060916 -15.151313
v 8.843602 0.045933 -15.145478
v 8.837768 0.336360 -15.131680
v 8.846019 0.315172 -15.151195
v 8.818253 0.315172 -15.139930
v 8.843602 0.330154 -15.145478
v 8.831264 0.327405 -15.147710
v 8.829803 0.315172 -15.151313
v 8.823969 0.330154 -15.137513
v 8.780011 0.039728 -14.995070
v 8.771760 0.060916 -14.975555
v 8.760495 0.060916 -15.003322
v 8.774177 0.045933 -14.981271
v 8.763980 0.048683 -14.988567
v 8.760377 0.060916 -14.987105
v 8.766212 0.045933 -15.000905
v 8.780011 0.336360 -14.995070
v 8.760495 0.315172 -15.003322
v 8.771760 0.315172 -14.975555
v 8.766212 0.330154 -15.000905
v 8.763980 0.327405 -14.988567
v 8.760377 0.315172 -14.987105
v 8.774177 0.330154 -14.981271
v 8.997602 0.000000 -15.089407
v 9.005853 0.021188 -15.108923
v 9.017117 0.021188 -15.081156
v 9.003435 0.006206 -15.103207
v 9.013632 0.008955 -15.095911
v 9.017235 0.021188 -15.097372
v 9.011401 0.006206 -15.083572
v 9.005853 0.079455 -15.108923
v 8.997602 0.100643 -15.089407
v 9.017117 0.079455 -15.081156
v 9.003435 0.094437 -15.103207
v 9.013632 0.091688 -15.095911
v 9.011401 0.094437 -15.083572
v 9.017235 0.079455 -15.097372
v 8.888688 0.000000 -14.831802
v 8.908203 0.021188 -14.823552
v 8.880437 0.021188 -14.812287
v 8.902488 0.006206 -14.825969
v 8.895191 0.008955 -14.815772
v 8.896653 0.021188 -14.812169
v 8.882854 0.006206 -14.818003
v 8.888688 0.100643 -14.831802
v 8.880437 0.079455 -14.812287
v 8.908203 0.079455 -14.823552
v 8.882854 0.094437 -14.818003
v 8.895191 0.091688 -14.815772
v 8.896653 0.079455 -14.812169
v 8.902488 0.094437 -14.825969
v 8.832695 0.000000 -15.159128
v 8.813180 0.021188 -15.167379
v 8.840946 0.021188 -15.178643
v 8.818896 0.006206 -15.164963
v 8.826192 0.008955 -15.175159
v 8.824730 0.021188 -15.178762
v 8.838530 0.006206 -15.172928
v 8.832695 0.100643 -15.159128
v 8.840946 0.079455 -15.178643
v 8.813180 0.079455 -15.167379
v 8.838530 0.094437 -15.172928
v 8.826192 0.091688 -15.175159
v 8.824730 0.079455 -15.178762
v 8.818896 0.094437 -15.164963
v 8.723783 0.000000 -14.901524
v 8.715531 0.021188 -14.882009
v 8.704267 0.021188 -14.909775
v 8.717948 0.006206 -14.887724
v 8.707751 0.008955 -14.895020
v 8.704148 0.021188 -14.893559
v 8.709983 0.006206 -14.907358
v 8.723783 0.100643 -14.901524
v 8.704267 0.079455 -14.909775
v 8.715531 0.079455 -14.882009
v 8.709983 0.094437 -14.907358
v 8.707751 0.091688 -14.895020
v 8.704148 0.079455 -14.893559
v 8.717948 0.094437 -14.887724
v 8.905665 0.020129 -14.844753
v 8.909791 0.030723 -14.854511
v 8.915423 0.030723 -14.840628
v 8.909791 0.069920 -14.854511
v 8.905665 0.080515 -14.844753
v 8.915423 0.069920 -14.840628
v 8.859047 0.020129 -14.734490
v 8.868805 0.030723 -14.730366
v 8.854921 0.030723 -14.724733
v 8.859047 0.080515 -14.734490
v 8.854921 0.069920 -14.724733
v 8.868805 0.069920 -14.730366
v 8.869561 0.020129 -14.860018
v 8.859804 0.030723 -14.864143
v 8.873687 0.030723 -14.869776
v 8.869561 0.080515 -14.860018
v 8.873687 0.069920 -14.869776
v 8.859804 0.069920 -14.864143
v 8.822944 0.020129 -14.749755
v 8.818818 0.030723 -14.739998
v 8.813186 0.030723 -14.753881
v 8.822944 0.080515 -14.749755
v 8.813186 0.069920 -14.753881
v 8.818818 0.069920 -14.739998
v 8.831507 0.020129 -14.876107
v 8.835632 0.030723 -14.885865
v 8.841264 0.030723 -14.871982
v 8.835632 0.069920 -14.885865
v 8.831507 0.080515 -14.876107
v 8.841264 0.069920 -14.871982
v 8.784888 0.020129 -14.765844
v 8.794646 0.030723 -14.761719
v 8.780763 0.030723 -14.756087
v 8.784888 0.080515 -14.765844
v 8.780763 0.069920 -14.756087
v 8.794646 0.069920 -14.761719
v 8.795403 0.020129 -14.891372
v 8.785645 0.030723 -14.895497
v 8.799528 0.030723 -14.901129
v 8.795403 0.080515 -14.891372
v 8.799528 0.069920 -14.901129
v 8.785645 0.069920 -14.895497
v 8.748785 0.020129 -14.781109
v 8.744659 0.030723 -14.771351
v 8.739027 0.030723 -14.785234
v 8.748785 0.080515 -14.781109
v 8.739027 0.069920 -14.785234
v 8.744659 0.069920 -14.771351
v 8.757348 0.020129 -14.907461
v 8.761473 0.030723 -14.917219
v 8.767105 0.030723 -14.903336
v 8.761473 0.069920 -14.917219
v 8.757348 0.080515 -14.907461
v 8.767105 0.069920 -14.903336
v 8.710730 0.020129 -14.797198
v 8.720488 0.030723 -14.793073
v 8.706604 0.030723 -14.787440
v 8.710730 0.080515 -14.797198
v 8.706604 0.069920 -14.787440
v 8.720488 0.069920 -14.793073
v 8.721244 0.020129 -14.922726
v 8.711486 0.030723 -14.926851
v 8.725369 0.030723 -14.932483
v 8.721244 0.080515 -14.922726
v 8.725369 0.069920 -14.932483
v 8.711486 0.069920 -14.926851
v 8.674625 0.020129 -14.812463
v 8.670500 0.030723 -14.802705
v 8.664868 0.030723 -14.816588
v 8.674625 0.080515 -14.812463
v 8.664868 0.069920 -14.816588
v 8.670500 0.069920 -14.802705
v 9.538118 0.664775 -15.427928
v 9.550495 0.696557 -15.457201
v 9.567392 0.696557 -15.415551
v 9.544299 0.669021 -15.442545
v 9.552736 0.669021 -15.421747
v 9.558036 0.673145 -15.436007
v 9.563459 0.696557 -15.447110
v 9.548841 0.680687 -15.453290
v 9.561234 0.681358 -15.443573
v 9.563481 0.680687 -15.417205
v 9.569661 0.696557 -15.431822
v 9.565601 0.681358 -15.432809
v 9.550495 0.887249 -15.457201
v 9.538118 0.919031 -15.427928
v 9.567392 0.887249 -15.415551
v 9.548841 0.903120 -15.453290
v 9.563459 0.887249 -15.447110
v 9.561234 0.902448 -15.443573
v 9.552736 0.914786 -15.421747
v 9.544299 0.914786 -15.442545
v 9.558036 0.910661 -15.436007
v 9.569661 0.887249 -15.431822
v 9.563481 0.903120 -15.417205
v 9.565601 0.902448 -15.432809
v 9.418479 0.664775 -15.144953
v 9.447752 0.696557 -15.132576
v 9.406102 0.696557 -15.115680
v 9.433096 0.669021 -15.138773
v 9.412299 0.669021 -15.130336
v 9.426559 0.673145 -15.125035
v 9.437661 0.696557 -15.119613
v 9.443841 0.680687 -15.134230
v 9.434124 0.681358 -15.121837
v 9.407756 0.680687 -15.119591
v 9.422373 0.696557 -15.113410
v 9.423361 0.681358 -15.117471
v 9.418479 0.919031 -15.144953
v 9.406102 0.887249 -15.115680
v 9.447752 0.887249 -15.132576
v 9.412299 0.914786 -15.130336
v 9.433096 0.914786 -15.138773
v 9.426559 0.910661 -15.125035
v 9.422373 0.887249 -15.113410
v 9.407756 0.903120 -15.119591
v 9.423361 0.902448 -15.117471
v 9.443841 0.903120 -15.134230
v 9.437661 0.887249 -15.119613
v 9.434124 0.902448 -15.121837
v 9.362479 0.664775 -15.502187
v 9.333206 0.696557 -15.514564
v 9.374856 0.696557 -15.531460
v 9.347862 0.669021 -15.508367
v 9.368660 0.669021 -15.516804
v 9.354399 0.673145 -15.522104
v 9.343297 0.696557 -15.527527
v 9.337117 0.680687 -15.512910
v 9.346834 0.681358 -15.525302
v 9.373202 0.680687 -15.527549
v 9.358585 0.696557 -15.533730
v 9.357597 0.681358 -15.529669
v 9.362479 0.919031 -15.502187
v 9.374856 0.887249 -15.531460
v 9.333206 0.887249 -15.514564
v 9.368660 0.914786 -15.516804
v 9.347862 0.914786 -15.508367
v 9.354399 0.910661 -15.522104
v 9.358585 0.887249 -15.533730
v 9.373202 0.903120 -15.527549
v 9.357597 0.902448 -15.529669
v 9.337117 0.903120 -15.512910
v 9.343297 0.887249 -15.527527
v 9.346834 0.902448 -15.525302
v 9.242840 0.664775 -15.219212
v 9.230463 0.696557 -15.189939
v 9.213567 0.696557 -15.231588
v 9.236659 0.669021 -15.204595
v 9.228222 0.669021 -15.225392
v 9.222922 0.673145 -15.211132
v 9.217499 0.696557 -15.200029
v 9.232117 0.680687 -15.193850
v 9.219724 0.681358 -15.203567
v 9.217477 0.680687 -15.229935
v 9.211297 0.696557 -15.215318
v 9.215358 0.681358 -15.214330
v 9.242840 0.919031 -15.219212
v 9.213567 0.887249 -15.231588
v 9.230463 0.887249 -15.189939
v 9.228222 0.914786 -15.225392
v 9.236659 0.914786 -15.204595
v 9.222922 0.910661 -15.211132
v 9.211297 0.887249 -15.215318
v 9.217477 0.903120 -15.229935
v 9.215358 0.902448 -15.214330
v 9.232117 0.903120 -15.193850
v 9.217499 0.887249 -15.200029
v 9.219724 0.902448 -15.203567
v 9.598297 0.802497 -15.638275
v 9.608611 0.828982 -15.662669
v 9.622692 0.828982 -15.627961
v 9.605590 0.810254 -15.655524
v 9.618336 0.813691 -15.646404
v 9.622840 0.828982 -15.648232
v 9.615546 0.810254 -15.630981
v 9.608611 0.966705 -15.662669
v 9.598297 0.993190 -15.638275
v 9.622692 0.966705 -15.627961
v 9.605590 0.985432 -15.655524
v 9.618336 0.981996 -15.646404
v 9.615546 0.985432 -15.630981
v 9.622840 0.966705 -15.648232
v 9.536414 0.802497 -15.491909
v 9.560809 0.828982 -15.481595
v 9.526101 0.828982 -15.467514
v 9.553664 0.810254 -15.484615
v 9.544544 0.813691 -15.471870
v 9.546371 0.828982 -15.467366
v 9.529121 0.810254 -15.474659
v 9.536414 0.993190 -15.491909
v 9.526101 0.966705 -15.467514
v 9.560809 0.966705 -15.481595
v 9.529121 0.985432 -15.474659
v 9.544544 0.981996 -15.471870
v 9.546371 0.966705 -15.467366
v 9.553664 0.985432 -15.484615
v 9.471447 0.802497 -15.691906
v 9.447052 0.828982 -15.702220
v 9.481760 0.828982 -15.716301
v 9.454197 0.810254 -15.699200
v 9.463317 0.813691 -15.711946
v 9.461490 0.828982 -15.716449
v 9.478740 0.810254 -15.709156
v 9.471447 0.993190 -15.691906
v 9.481760 0.966705 -15.716301
v 9.447052 0.966705 -15.702220
v 9.478740 0.985432 -15.709156
v 9.463317 0.981996 -15.711945
v 9.461490 0.966705 -15.716449
v 9.454197 0.985432 -15.699200
v 9.409564 0.802497 -15.545540
v 9.399250 0.828982 -15.521146
v 9.385170 0.828982 -15.555854
v 9.402271 0.810254 -15.528291
v 9.389525 0.813691 -15.537411
v 9.385021 0.828982 -15.535583
v 9.392315 0.810254 -15.552834
v 9.409564 0.993190 -15.545540
v 9.385170 0.966705 -15.555854
v 9.399250 0.966705 -15.521146
v 9.392315 0.985432 -15.552834
v 9.389525 0.981996 -15.537411
v 9.385021 0.966705 -15.535583
v 9.402271 0.985432 -15.528291
v 8.611654 0.728339 -13.481477
v 8.603333 0.749527 -13.461793
v 8.605770 0.734545 -13.467558
v 8.611654 0.855467 -13.481477
v 8.603333 0.834279 -13.461793
v 8.605770 0.849261 -13.467558
v 8.485295 0.728339 -13.555666
v 8.472162 0.749527 -13.538807
v 8.476008 0.734545 -13.543744
v 8.485295 0.855467 -13.555666
v 8.472162 0.834279 -13.538807
v 8.476008 0.849261 -13.543744
v 8.382443 0.728339 -13.660030
v 8.365394 0.749527 -13.647145
v 8.370387 0.734545 -13.650919
v 8.382443 0.855467 -13.660030
v 8.365394 0.834279 -13.647145
v 8.370387 0.849261 -13.650919
v 8.310107 0.728339 -13.787460
v 8.290304 0.749527 -13.779426
v 8.296104 0.734545 -13.781779
v 8.310107 0.855467 -13.787460
v 8.290304 0.834279 -13.779426
v 8.296104 0.849261 -13.781779
v 8.273217 0.728339 -13.929269
v 8.252009 0.749527 -13.926634
v 8.258221 0.734545 -13.927406
v 8.273217 0.855467 -13.929269
v 8.252009 0.834279 -13.926634
v 8.258221 0.849261 -13.927406
v 8.274287 0.728339 -14.075794
v 8.253119 0.749527 -14.078738
v 8.259319 0.734545 -14.077875
v 8.274287 0.855467 -14.075794
v 8.253119 0.834279 -14.078738
v 8.259319 0.849261 -14.077875
v 8.313244 0.728339 -14.217050
v 8.293560 0.749527 -14.225371
v 8.299325 0.734545 -14.222934
v 8.313244 0.855467 -14.217050
v 8.293560 0.834279 -14.225371
v 8.299325 0.849261 -14.222934
v 8.387432 0.728339 -14.343409
v 8.370573 0.749527 -14.356542
v 8.375511 0.734545 -14.352695
v 8.387432 0.855467 -14.343409
v 8.370573 0.834279 -14.356542
v 8.375511 0.849261 -14.352695
v 8.491797 0.728339 -14.446260
v 8.478912 0.749527 -14.463310
v 8.482686 0.734545 -14.458317
v 8.491797 0.855467 -14.446260
v 8.478912 0.834279 -14.463310
v 8.482686 0.849261 -14.458317
v 8.619226 0.728339 -14.518597
v 8.611193 0.749527 -14.538401
v 8.613546 0.734545 -14.532600
v 8.619226 0.855467 -14.518597
v 8.611193 0.834279 -14.538401
v 8.613546 0.849261 -14.532600
v 8.761036 0.728339 -14.555487
v 8.758401 0.749527 -14.576694
v 8.759172 0.734545 -14.570483
v 8.761036 0.855467 -14.555487
v 8.758401 0.834279 -14.576694
v 8.759172 0.849261 -14.570483
v 8.907560 0.728339 -14.554418
v 8.910504 0.749527 -14.575584
v 8.909642 0.734545 -14.569385
v 8.907560 0.855467 -14.554418
v 8.910504 0.834279 -14.575584
v 8.909642 0.849261 -14.569385
v 9.048816 0.728339 -14.515460
v 9.057138 0.749527 -14.535144
v 9.054701 0.734545 -14.529379
v 9.048816 0.855467 -14.515460
v 9.057138 0.834279 -14.535144
v 9.054701 0.849261 -14.529379
v 9.175176 0.728339 -14.441272
v 9.188309 0.749527 -14.458131
v 9.184462 0.734545 -14.453193
v 9.175176 0.855467 -14.441272
v 9.188309 0.834279 -14.458131
v 9.184462 0.849261 -14.453193
v 9.278028 0.728339 -14.336906
v 9.295077 0.749527 -14.349792
v 9.290083 0.734545 -14.346018
v 9.278028 0.855467 -14.336906
v 9.295077 0.834279 -14.349792
v 9.290083 0.849261 -14.346018
v 9.350364 0.728339 -14.209477
v 9.370167 0.749527 -14.217511
v 9.364367 0.734545 -14.215158
v 9.350364 0.855467 -14.209477
v 9.370167 0.834279 -14.217511
v 9.364367 0.849261 -14.215158
v 9.387254 0.728339 -14.067668
v 9.408462 0.749527 -14.070303
v 9.402250 0.734545 -14.069531
v 9.387254 0.855467 -14.067668
v 9.408462 0.834279 -14.070303
v 9.402250 0.849261 -14.069531
v 9.386184 0.728339 -13.921144
v 9.407351 0.749527 -13.918200
v 9.401152 0.734545 -13.919062
v 9.386184 0.855467 -13.921144
v 9.407351 0.834279 -13.918200
v 9.401152 0.849261 -13.919062
v 9.347227 0.728339 -13.779888
v 9.366911 0.749527 -13.771565
v 9.361146 0.734545 -13.774003
v 9.347227 0.855467 -13.779888
v 9.366911 0.834279 -13.771565
v 9.361146 0.849261 -13.774003
v 9.273038 0.728339 -13.653528
v 9.289898 0.749527 -13.640395
v 9.284960 0.734545 -13.644242
v 9.273038 0.855467 -13.653528
v 9.289898 0.834279 -13.640395
v 9.284960 0.849261 -13.644242
v 9.168674 0.728339 -13.550676
v 9.181559 0.749527 -13.533627
v 9.177785 0.734545 -13.538621
v 9.168674 0.855467 -13.550676
v 9.181559 0.834279 -13.533627
v 9.177785 0.849261 -13.538621
v 9.041245 0.728339 -13.478340
v 9.049278 0.749527 -13.458537
v 9.046925 0.734545 -13.464337
v 9.041245 0.855467 -13.478340
v 9.049278 0.834279 -13.458537
v 9.046925 0.849261 -13.464337
v 8.899435 0.728339 -13.441450
v 8.902070 0.749527 -13.420242
v 8.901298 0.734545 -13.426454
v 8.899435 0.855467 -13.441450
v 8.902070 0.834279 -13.420242
v 8.901298 0.849261 -13.426454
v 8.752911 0.728339 -13.442520
v 8.749966 0.749527 -13.421352
v 8.750829 0.734545 -13.427552
v 8.752911 0.855467 -13.442520
v 8.749966 0.834279 -13.421352
v 8.750829 0.849261 -13.427552
v 8.725071 0.643587 -13.600105
v 8.731259 0.659478 -13.614742
v 8.739708 0.659478 -13.593917
v 8.729446 0.648241 -13.610455
v 8.737094 0.650303 -13.604983
v 8.739797 0.659478 -13.606079
v 8.735420 0.648241 -13.595730
v 8.731259 0.818388 -13.614742
v 8.725071 0.834279 -13.600105
v 8.739708 0.818388 -13.593917
v 8.729446 0.829625 -13.610455
v 8.737094 0.827563 -13.604983
v 8.735420 0.829625 -13.595730
v 8.739797 0.818388 -13.606079
v 8.712694 0.643587 -13.570832
v 8.727331 0.659478 -13.564644
v 8.706506 0.659478 -13.556195
v 8.723044 0.648241 -13.566456
v 8.717572 0.650303 -13.558809
v 8.718668 0.659478 -13.556107
v 8.708319 0.648241 -13.560482
v 8.712694 0.834279 -13.570832
v 8.706506 0.818388 -13.556195
v 8.727331 0.818388 -13.564644
v 8.708319 0.829625 -13.560482
v 8.717572 0.827563 -13.558809
v 8.718668 0.818388 -13.556107
v 8.723044 0.829625 -13.566456
v 8.617736 0.643587 -13.645486
v 8.603099 0.659478 -13.651674
v 8.623924 0.659478 -13.660123
v 8.607387 0.648241 -13.649861
v 8.612858 0.650303 -13.657509
v 8.611762 0.659478 -13.660212
v 8.622111 0.648241 -13.655835
v 8.617736 0.834279 -13.645486
v 8.623924 0.818388 -13.660123
v 8.603099 0.818388 -13.651674
v 8.622111 0.829625 -13.655835
v 8.612858 0.827563 -13.657509
v 8.611762 0.818388 -13.660212
v 8.607387 0.829625 -13.649861
v 8.605359 0.643587 -13.616213
v 8.599171 0.659478 -13.601576
v 8.590723 0.659478 -13.622401
v 8.600984 0.648241 -13.605863
v 8.593336 0.650303 -13.611335
v 8.590633 0.659478 -13.610239
v 8.595010 0.648241 -13.620588
v 8.605359 0.834279 -13.616213
v 8.590723 0.818388 -13.622401
v 8.599171 0.818388 -13.601576
v 8.595010 0.829625 -13.620588
v 8.593336 0.827563 -13.611335
v 8.590633 0.818388 -13.610239
v 8.600984 0.829625 -13.605863
vn 0.2686 -0.9571 -0.1090
vn 0.3816 -0.8152 -0.4357
vn 0.5773 -0.8152 0.0467
vn 0.6462 -0.7167 -0.2622
vn 0.5615 -0.2049 -0.8017
vn 0.8240 -0.1818 -0.5367
vn 0.4849 -0.5500 -0.6800
vn 0.7333 -0.4931 -0.4681
vn 0.9613 -0.2049 0.1839
vn 0.8216 -0.5500 0.1500
vn 0.9650 -0.1818 -0.1891
vn 0.8522 -0.4931 -0.1751
vn 0.5615 0.2049 -0.8017
vn 0.4849 0.5500 -0.6800
vn 0.8240 0.1818 -0.5367
vn 0.7333 0.4931 -0.4681
vn 0.2686 0.9571 -0.1089
vn 0.5773 0.8152 0.0467
vn 0.3816 0.8152 -0.4357
vn 0.6462 0.7167 -0.2621
vn 0.9613 0.2049 0.1839
vn 0.9650 0.1818 -0.1891
vn 0.8216 0.5500 0.1500
vn 0.8522 0.4931 -0.1751
vn 0.1090 -0.9571 0.2686
vn 0.4357 -0.8152 0.3816
vn -0.0467 -0.8152 0.5773
vn 0.2622 -0.7167 0.6462
vn 0.8017 -0.2049 0.5615
vn 0.5367 -0.1818 0.8240
vn 0.6800 -0.5500 0.4849
vn 0.4681 -0.4931 0.7333
vn -0.1840 -0.2049 0.9613
vn -0.1500 -0.5500 0.8216
vn 0.1891 -0.1818 0.9650
vn 0.1751 -0.4931 0.8522
vn 0.1090 0.9571 0.2686
vn -0.0467 0.8152 0.5773
vn 0.4357 0.8152 0.3816
vn 0.2622 0.7167 0.6462
vn -0.1840 0.2049 0.9613
vn 0.1891 0.1818 0.9650
vn -0.1500 0.5500 0.8216
vn 0.1751 0.4931 0.8522
vn 0.8017 0.2049 0.5615
vn 0.6800 0.5500 0.4849
vn 0.5367 0.1818 0.8240
vn 0.4681 0.4931 0.7333
vn -0.1090 -0.9571 -0.2686
vn -0.4357 -0.8152 -0.3816
vn 0.0467 -0.8152 -0.5773
vn -0.2622 -0.7167 -0.6462
vn -0.8017 -0.2049 -0.5615
vn -0.5367 -0.1818 -0.8240
vn -0.6800 -0.5500 -0.4849
vn -0.4681 -0.4931 -0.7333
vn 0.1840 -0.2049 -0.9613
vn 0.1500 -0.5500 -0.8216
vn -0.1891 -0.1818 -0.9650
vn -0.1751 -0.4931 -0.8522
vn -0.1090 0.9571 -0.2686
vn 0.0467 0.8152 -0.5773
vn -0.4357 0.8152 -0.3816
vn -0.2622 0.7167 -0.6462
vn 0.1840 0.2049 -0.9613
vn -0.1891 0.1818 -0.9650
vn 0.1500 0.5500 -0.8216
vn -0.1751 0.4931 -0.8522
vn -0.8017 0.2049 -0.5615
vn -0.6800 0.5500 -0.4849
vn -0.5367 0.1818 -0.8240
vn -0.4681 0.4931 -0.7333
vn -0.2686 -0.9571 0.1090
vn -0.3816 -0.8152 0.4357
vn -0.5773 -0.8152 -0.0467
vn -0.6462 -0.7167 0.2622
vn -0.5615 -0.2049 0.8017
vn -0.8240 -0.1818 0.5367
vn -0.4849 -0.5500 0.6800
vn -0.7333 -0.4931 0.4681
vn -0.9613 -0.2049 -0.1839
vn -0.8216 -0.5500 -0.1500
vn -0.9650 -0.1818 0.1891
vn -0.8522 -0.4931 0.1751
vn -0.2686 0.9571 0.1090
vn -0.5773 0.8152 -0.0467
vn -0.3816 0.8152 0.4357
vn -0.6462 0.7167 0.2621
vn -0.9613 0.2049 -0.1839
vn -0.9650 0.1818 0.1891
vn -0.8216 0.5500 -0.1500
vn -0.8522 0.4931 0.1751
vn -0.5615 0.2049 0.8017
vn -0.4849 0.5500 0.6800
vn -0.8240 0.1818 0.5367
vn -0.7333 0.4931 0.4681
vn 0.1797 -0.9808 0.0760
vn 0.5117 -0.8315 0.2163
vn 0.7658 -0.5556 0.3238
vn 0.9034 -0.1951 0.3819
vn 0.5616 -0.0000 -0.8274
vn 0.8355 -0.0000 -0.5495
vn 0.9822 -0.0000 -0.1879
vn 0.9793 -0.0000 0.2022
vn 0.1797 0.9808 0.0760
vn 0.5117 0.8315 0.2163
vn 0.7658 0.5556 0.3238
vn 0.9034 0.1951 0.3819
vn -0.2022 -0.0000 0.9793
vn 0.1879 -0.0000 0.9822
vn 0.5495 -0.0000 0.8355
vn 0.8274 -0.0000 0.5616
vn -0.0760 -0.9808 0.1797
vn -0.2163 -0.8315 0.5117
vn -0.3238 -0.5556 0.7658
vn -0.3819 -0.1951 0.9034
vn -0.0760 0.9808 0.1797
vn -0.2163 0.8315 0.5117
vn -0.3238 0.5556 0.7658
vn -0.3819 0.1951 0.9034
vn -0.9793 -0.0000 -0.2022
vn -0.9822 -0.0000 0.1879
vn -0.8355 -0.0000 0.5495
vn -0.5616 -0.0000 0.8274
vn -0.1797 -0.9808 -0.0760
vn -0.5117 -0.8315 -0.2163
vn -0.7658 -0.5556 -0.3238
vn -0.9034 -0.1951 -0.3819
vn -0.1797 0.9808 -0.0760
vn -0.5117 0.8315 -0.2163
vn -0.7658 0.5556 -0.3238
vn -0.9034 0.1951 -0.3819
vn 0.2022 -0.0000 -0.9793
vn -0.1879 -0.0000 -0.9822
vn -0.5495 -0.0000 -0.8355
vn -0.8274 -0.0000 -0.5616
vn 0.0760 -0.9808 -0.1797
vn 0.2163 -0.8315 -0.5117
vn 0.3238 -0.5556 -0.7658
vn 0.3819 -0.1951 -0.9034
vn 0.0760 0.9808 -0.1797
vn 0.2163 0.8315 -0.5117
vn 0.3238 0.5556 -0.7658
vn 0.3819 0.1951 -0.9034
vn -0.0000 -1.0000 -0.0000
vn 0.9211 -0.0000 0.3894
vn 0.3894 -0.0000 -0.9211
vn -0.0000 1.0000 -0.0000
vn -0.3894 -0.0000 0.9211
vn -0.9211 -0.0000 -0.3894
vn 0.4260 -0.8881 -0.1728
vn 0.6452 -0.3251 -0.6914
vn 0.9446 -0.3251 0.0464
vn 0.6452 0.3250 -0.6914
vn 0.4260 0.8881 -0.1728
vn 0.9446 0.3251 0.0464
vn 0.1728 -0.8881 0.4260
vn 0.6914 -0.3251 0.6452
vn -0.0464 -0.3251 0.9446
vn 0.1728 0.8881 0.4260
vn -0.0464 0.3251 0.9446
vn 0.6914 0.3251 0.6452
vn -0.1728 -0.8881 -0.4260
vn -0.6914 -0.3251 -0.6452
vn 0.0464 -0.3251 -0.9446
vn -0.1728 0.8881 -0.4260
vn 0.0464 0.3251 -0.9446
vn -0.6914 0.3251 -0.6452
vn -0.4260 -0.8881 0.1728
vn -0.6452 -0.3251 0.6914
vn -0.9446 -0.3251 -0.0464
vn -0.4260 0.8881 0.1728
vn -0.9446 0.3251 -0.0464
vn -0.6452 0.3251 0.6914
vn 0.3525 -0.9239 0.1490
vn 0.8509 -0.3827 0.3598
vn 0.7122 -0.0000 -0.7019
vn 1.0000 -0.0000 0.0073
vn 0.3525 0.9239 0.1490
vn 0.8509 0.3827 0.3598
vn -0.0073 -0.0000 1.0000
vn 0.7019 -0.0000 0.7123
vn -0.1490 -0.9239 0.3525
vn -0.3598 -0.3827 0.8509
vn -0.1490 0.9239 0.3525
vn -0.3598 0.3827 0.8510
vn -1.0000 -0.0000 -0.0073
vn -0.7122 -0.0000 0.7019
vn -0.3525 -0.9239 -0.1490
vn -0.8509 -0.3827 -0.3598
vn -0.3525 0.9239 -0.1490
vn -0.8509 0.3827 -0.3598
vn 0.0073 -0.0000 -1.0000
vn -0.7019 -0.0000 -0.7122
vn 0.1490 -0.9239 -0.3525
vn 0.3598 -0.3827 -0.8510
vn 0.1490 0.9239 -0.3525
vn 0.3598 0.3827 -0.8510
vn 0.8510 -0.3827 0.3598
vn 0.7019 -0.0000 0.7122
vn -0.3598 -0.3827 0.8510
vn -0.3598 0.3827 0.8509
vn -0.7123 -0.0000 0.7019
vn -0.8510 -0.3827 -0.3598
vn -0.7019 -0.0000 -0.7123
vn 0.8510 0.3827 0.3598
vn -0.8510 0.3827 -0.3598
vn 0.6452 0.3251 -0.6914
vn 0.7123 -0.0000 -0.7019
vn 0.3598 -0.3827 -0.8509
vn 0.3598 0.3827 -0.8509
vn 0.0464 -0.3250 -0.9446
vn -0.6452 -0.3250 0.6914
vn 0.9446 -0.3250 0.0464
vn 0.6452 -0.3250 -0.6914
vn -0.9446 -0.3250 -0.0464
vn 0.3363 -0.9318 -0.1364
vn 0.4693 -0.6901 -0.5509
vn 0.5992 -0.2566 -0.7584
vn 0.9044 -0.2178 -0.3669
vn 0.9582 -0.2566 0.1265
vn 0.7205 -0.6901 0.0682
vn 0.7566 -0.5774 -0.3069
vn 0.5992 0.2566 -0.7584
vn 0.4693 0.6901 -0.5509
vn 0.3363 0.9318 -0.1364
vn 0.7205 0.6901 0.0682
vn 0.9582 0.2566 0.1265
vn 0.9044 0.2178 -0.3669
vn 0.7566 0.5774 -0.3069
vn 0.1364 -0.9318 0.3363
vn 0.5508 -0.6901 0.4693
vn 0.7584 -0.2566 0.5992
vn 0.3669 -0.2178 0.9044
vn -0.1265 -0.2566 0.9582
vn -0.0682 -0.6901 0.7205
vn 0.3069 -0.5774 0.7566
vn 0.1364 0.9318 0.3363
vn -0.0682 0.6901 0.7205
vn -0.1265 0.2566 0.9582
vn 0.3669 0.2178 0.9044
vn 0.7584 0.2566 0.5992
vn 0.5509 0.6901 0.4693
vn 0.3069 0.5774 0.7566
vn -0.1364 -0.9318 -0.3363
vn -0.5508 -0.6901 -0.4693
vn -0.7584 -0.2566 -0.5992
vn -0.3669 -0.2178 -0.9044
vn 0.1265 -0.2566 -0.9582
vn 0.0682 -0.6901 -0.7205
vn -0.3069 -0.5774 -0.7566
vn -0.1364 0.9318 -0.3363
vn 0.0682 0.6901 -0.7205
vn 0.1265 0.2566 -0.9582
vn -0.3669 0.2178 -0.9044
vn -0.7584 0.2566 -0.5992
vn -0.5509 0.6901 -0.4693
vn -0.3069 0.5774 -0.7566
vn -0.3363 -0.9318 0.1364
vn -0.4693 -0.6901 0.5508
vn -0.5992 -0.2566 0.7584
vn -0.9044 -0.2178 0.3669
vn -0.9582 -0.2566 -0.1265
vn -0.7205 -0.6901 -0.0682
vn -0.7566 -0.5774 0.3069
vn -0.3363 0.9318 0.1364
vn -0.7205 0.6901 -0.0682
vn -0.9582 0.2566 -0.1265
vn -0.9044 0.2178 0.3669
vn -0.5992 0.2566 0.7584
vn -0.4693 0.6901 0.5509
vn -0.7566 0.5774 0.3069
vn 0.2381 -0.9660 0.1006
vn 0.6513 -0.7071 0.2754
vn 0.8898 -0.2585 0.3762
vn 0.6142 -0.0000 -0.7891
vn 0.9266 -0.0000 -0.3759
vn 0.9904 -0.0000 0.1381
vn 0.2381 0.9660 0.1006
vn 0.6513 0.7071 0.2754
vn 0.8898 0.2585 0.3762
vn -0.1381 -0.0000 0.9904
vn 0.3759 -0.0000 0.9266
vn 0.7891 -0.0000 0.6142
vn -0.1006 -0.9660 0.2381
vn -0.2754 -0.7071 0.6513
vn -0.3762 -0.2585 0.8898
vn -0.1006 0.9660 0.2381
vn -0.2754 0.7071 0.6513
vn -0.3762 0.2585 0.8898
vn -0.9904 -0.0000 -0.1381
vn -0.9266 -0.0000 0.3759
vn -0.6142 -0.0000 0.7891
vn -0.2381 -0.9660 -0.1006
vn -0.6513 -0.7071 -0.2754
vn -0.8898 -0.2585 -0.3762
vn -0.2381 0.9660 -0.1006
vn -0.6513 0.7071 -0.2754
vn -0.8898 0.2585 -0.3762
vn 0.1381 -0.0000 -0.9904
vn -0.3759 -0.0000 -0.9267
vn -0.7891 -0.0000 -0.6142
vn 0.1006 -0.9660 -0.2381
vn 0.2754 -0.7071 -0.6513
vn 0.3762 -0.2585 -0.8898
vn 0.1006 0.9660 -0.2381
vn 0.2754 0.7071 -0.6513
vn 0.3762 0.2585 -0.8898
vn 0.4693 0.6901 -0.5508
vn 0.5509 -0.6901 0.4693
vn 0.5508 0.6901 0.4693
vn -0.5509 -0.6901 -0.4693
vn -0.5508 0.6901 -0.4693
vn -0.4693 -0.6901 0.5509
vn -0.4693 0.6901 0.5508
vn 0.2380 -0.9660 0.1006
vn 0.2380 0.9660 0.1006
vn -0.1006 -0.9660 0.2380
vn -0.1006 0.9660 0.2380
vn -0.2380 -0.9660 -0.1006
vn -0.2380 0.9660 -0.1006
vn -0.3759 -0.0000 -0.9266
vn 0.1006 -0.9660 -0.2380
vn 0.1006 0.9660 -0.2380
vn 0.4693 -0.6901 -0.5508
vn -0.8898 0.2584 -0.3762
vn 0.8898 0.2584 0.3762
vn 0.7566 -0.5773 -0.3069
vn 0.3069 -0.5773 0.7566
vn -0.3069 -0.5773 -0.7566
vn -0.7566 -0.5773 0.3069
vn 0.3762 -0.2584 -0.8898
vn 0.3762 0.2584 -0.8898
vn 0.2686 0.9571 -0.1090
vn 0.6462 0.7167 -0.2622
vn 0.9613 0.2049 0.1840
vn 0.8216 0.5499 0.1500
vn -0.1839 -0.2049 0.9613
vn -0.1500 -0.5499 0.8216
vn 0.1089 0.9571 0.2686
vn -0.1839 0.2049 0.9613
vn 0.6800 0.5499 0.4849
vn 0.1839 -0.2049 -0.9613
vn -0.1089 0.9571 -0.2686
vn 0.1839 0.2049 -0.9613
vn 0.1500 0.5499 -0.8216
vn -0.6800 0.5499 -0.4849
vn -0.2686 0.9571 0.1089
vn -0.9613 0.2049 -0.1840
vn -0.4849 0.5499 0.6800
vn 0.0464 0.3250 -0.9446
vn -0.0464 0.3250 0.9446
vn -0.0464 -0.3250 0.9446
vn -0.6452 0.3250 0.6914
vn 0.0464 0.3251 -0.9445
vn -0.5243 -0.1289 0.8417
vn -0.4214 0.6040 0.6765
vn -0.2045 -0.9222 0.3283
vn -0.0699 0.9912 0.1121
vn -0.4893 -0.3787 0.7856
vn -0.4893 0.3787 0.7856
vn -0.0699 -0.9912 0.1121
vn -0.2045 0.9222 0.3283
vn -0.4214 -0.6040 0.6765
vn -0.5243 0.1289 0.8417
vn -0.3244 0.7897 0.5207
vn -0.3244 -0.7897 0.5207
vn -0.7082 0.3787 0.5959
vn -0.1011 -0.9912 0.0851
vn -0.2959 0.9222 0.2490
vn -0.6098 -0.6040 0.5132
vn -0.7587 0.1289 0.6385
vn -0.4694 0.7897 0.3950
vn -0.4694 -0.7897 0.3950
vn -0.7587 -0.1289 0.6385
vn -0.6098 0.6040 0.5132
vn -0.2959 -0.9222 0.2490
vn -0.1011 0.9912 0.0851
vn -0.7082 -0.3787 0.5959
vn -0.7385 0.6040 0.2996
vn -0.3584 -0.9222 0.1454
vn -0.1224 0.9912 0.0497
vn -0.8576 -0.3787 0.3479
vn -0.8576 0.3787 0.3479
vn -0.1224 -0.9912 0.0497
vn -0.3584 0.9222 0.1454
vn -0.7385 -0.6040 0.2996
vn -0.9189 0.1289 0.3728
vn -0.5685 0.7897 0.2306
vn -0.5685 -0.7897 0.2306
vn -0.9189 -0.1289 0.3728
vn -0.9891 0.1289 0.0706
vn -0.6119 0.7897 0.0437
vn -0.6119 -0.7897 0.0437
vn -0.9891 -0.1289 0.0706
vn -0.7950 0.6040 0.0567
vn -0.3858 -0.9222 0.0275
vn -0.1318 0.9912 0.0094
vn -0.9232 -0.3787 0.0659
vn -0.9232 0.3787 0.0659
vn -0.1318 -0.9912 0.0094
vn -0.3858 0.9222 0.0275
vn -0.7950 -0.6040 0.0567
vn -0.8984 0.3787 -0.2226
vn -0.1282 -0.9912 -0.0318
vn -0.3754 0.9222 -0.0930
vn -0.7736 -0.6040 -0.1917
vn -0.9625 0.1289 -0.2385
vn -0.5955 0.7897 -0.1476
vn -0.5955 -0.7897 -0.1476
vn -0.9625 -0.1289 -0.2385
vn -0.7736 0.6040 -0.1917
vn -0.3754 -0.9222 -0.0930
vn -0.1283 0.9912 -0.0318
vn -0.8984 -0.3787 -0.2226
vn -0.8417 -0.1289 -0.5243
vn -0.6765 0.6040 -0.4214
vn -0.3283 -0.9222 -0.2045
vn -0.1122 0.9912 -0.0699
vn -0.7856 -0.3787 -0.4893
vn -0.7856 0.3787 -0.4893
vn -0.1121 -0.9912 -0.0699
vn -0.3283 0.9222 -0.2045
vn -0.6765 -0.6040 -0.4214
vn -0.8417 0.1289 -0.5243
vn -0.5207 0.7897 -0.3244
vn -0.5207 -0.7897 -0.3244
vn -0.6385 0.1289 -0.7587
vn -0.3950 0.7897 -0.4694
vn -0.3950 -0.7897 -0.4694
vn -0.6385 -0.1289 -0.7587
vn -0.5132 0.6040 -0.6098
vn -0.2490 -0.9222 -0.2959
vn -0.0851 0.9912 -0.1011
vn -0.5959 -0.3787 -0.7082
vn -0.5959 0.3787 -0.7082
vn -0.0851 -0.9912 -0.1011
vn -0.2490 0.9222 -0.2959
vn -0.5132 -0.6040 -0.6098
vn -0.3479 -0.3787 -0.8576
vn -0.3479 0.3787 -0.8576
vn -0.0497 -0.9912 -0.1224
vn -0.1454 0.9222 -0.3584
vn -0.2996 -0.6040 -0.7385
vn -0.3728 0.1289 -0.9189
vn -0.2306 0.7897 -0.5685
vn -0.2306 -0.7897 -0.5685
vn -0.3728 -0.1289 -0.9189
vn -0.2996 0.6040 -0.7385
vn -0.1454 -0.9222 -0.3584
vn -0.0497 0.9912 -0.1224
vn -0.0706 -0.1289 -0.9891
vn -0.0567 0.6040 -0.7950
vn -0.0275 -0.9222 -0.3858
vn -0.0094 0.9912 -0.1318
vn -0.0659 -0.3787 -0.9232
vn -0.0659 0.3786 -0.9232
vn -0.0094 -0.9912 -0.1318
vn -0.0275 0.9222 -0.3858
vn -0.0567 -0.6040 -0.7950
vn -0.0706 0.1289 -0.9891
vn -0.0437 0.7897 -0.6120
vn -0.0437 -0.7897 -0.6119
vn 0.1917 -0.6040 -0.7736
vn 0.2385 0.1289 -0.9625
vn 0.1476 0.7897 -0.5955
vn 0.1476 -0.7897 -0.5955
vn 0.2385 -0.1289 -0.9625
vn 0.1917 0.6040 -0.7736
vn 0.0930 -0.9222 -0.3754
vn 0.0318 0.9912 -0.1282
vn 0.2226 -0.3787 -0.8984
vn 0.2226 0.3787 -0.8984
vn 0.0318 -0.9912 -0.1283
vn 0.0930 0.9222 -0.3754
vn 0.0699 0.9912 -0.1122
vn 0.4893 -0.3787 -0.7856
vn 0.4893 0.3787 -0.7856
vn 0.0699 -0.9912 -0.1121
vn 0.2045 0.9222 -0.3283
vn 0.4214 -0.6040 -0.6765
vn 0.5243 0.1289 -0.8417
vn 0.3244 0.7897 -0.5207
vn 0.3244 -0.7897 -0.5207
vn 0.5243 -0.1289 -0.8417
vn 0.4214 0.6040 -0.6765
vn 0.2045 -0.9222 -0.3283
vn 0.4694 -0.7897 -0.3950
vn 0.7587 -0.1289 -0.6385
vn 0.6098 0.6040 -0.5132
vn 0.2959 -0.9222 -0.2490
vn 0.1011 0.9912 -0.0851
vn 0.7082 -0.3787 -0.5959
vn 0.7082 0.3786 -0.5959
vn 0.1011 -0.9912 -0.0851
vn 0.2959 0.9222 -0.2490
vn 0.6098 -0.6040 -0.5132
vn 0.7587 0.1289 -0.6385
vn 0.4694 0.7897 -0.3950
vn 0.3584 0.9222 -0.1454
vn 0.7385 -0.6040 -0.2996
vn 0.9189 0.1289 -0.3728
vn 0.5685 0.7897 -0.2306
vn 0.5685 -0.7897 -0.2306
vn 0.9189 -0.1289 -0.3728
vn 0.7385 0.6040 -0.2996
vn 0.3584 -0.9222 -0.1454
vn 0.1224 0.9912 -0.0497
vn 0.8576 -0.3787 -0.3479
vn 0.8576 0.3787 -0.3479
vn 0.1224 -0.9912 -0.0497
vn 0.3858 -0.9222 -0.0275
vn 0.1318 0.9912 -0.0094
vn 0.9232 -0.3787 -0.0659
vn 0.9232 0.3787 -0.0659
vn 0.1318 -0.9912 -0.0094
vn 0.3858 0.9222 -0.0275
vn 0.7950 -0.6040 -0.0567
vn 0.9891 0.1289 -0.0706
vn 0.6119 0.7897 -0.0437
vn 0.6119 -0.7897 -0.0437
vn 0.9891 -0.1289 -0.0706
vn 0.7950 0.6040 -0.0567
vn 0.5955 0.7897 0.1476
vn 0.5955 -0.7897 0.1476
vn 0.9625 -0.1289 0.2385
vn 0.7736 0.6040 0.1917
vn 0.3754 -0.9222 0.0930
vn 0.1282 0.9912 0.0318
vn 0.8984 -0.3787 0.2226
vn 0.8984 0.3786 0.2226
vn 0.1282 -0.9912 0.0318
vn 0.3754 0.9222 0.0930
vn 0.7736 -0.6040 0.1917
vn 0.9625 0.1289 0.2385
vn 0.1121 -0.9912 0.0699
vn 0.3283 0.9222 0.2045
vn 0.6765 -0.6040 0.4214
vn 0.8417 0.1289 0.5243
vn 0.5207 0.7897 0.3244
vn 0.5207 -0.7897 0.3244
vn 0.8417 -0.1289 0.5243
vn 0.6765 0.6040 0.4214
vn 0.3283 -0.9222 0.2045
vn 0.1122 0.9912 0.0699
vn 0.7856 -0.3787 0.4893
vn 0.7856 0.3787 0.4893
vn 0.5132 0.6040 0.6098
vn 0.2490 -0.9222 0.2959
vn 0.0851 0.9912 0.1011
vn 0.5959 -0.3787 0.7082
vn 0.5959 0.3786 0.7082
vn 0.0851 -0.9912 0.1011
vn 0.2490 0.9222 0.2959
vn 0.5132 -0.6040 0.6098
vn 0.6385 0.1289 0.7587
vn 0.3950 0.7897 0.4694
vn 0.3950 -0.7897 0.4694
vn 0.6385 -0.1289 0.7587
vn 0.2306 0.7897 0.5685
vn 0.2306 -0.7897 0.5685
vn 0.3728 -0.1289 0.9189
vn 0.2996 0.6040 0.7385
vn 0.1454 -0.9222 0.3584
vn 0.0497 0.9912 0.1224
vn 0.3479 -0.3787 0.8576
vn 0.3479 0.3787 0.8576
vn 0.0497 -0.9912 0.1224
vn 0.1454 0.9222 0.3584
vn 0.2996 -0.6040 0.7385
vn 0.3728 0.1289 0.9189
vn 0.0659 0.3787 0.9232
vn 0.0094 -0.9912 0.1318
vn 0.0275 0.9222 0.3858
vn 0.0567 -0.6040 0.7950
vn 0.0706 0.1289 0.9891
vn 0.0437 0.7897 0.6119
vn 0.0437 -0.7897 0.6119
vn 0.0706 -0.1289 0.9891
vn 0.0567 0.6040 0.7950
vn 0.0275 -0.9222 0.3858
vn 0.0094 0.9912 0.1318
vn 0.0659 -0.3787 0.9232
vn -0.1917 0.6040 0.7736
vn -0.0930 -0.9222 0.3754
vn -0.0318 0.9912 0.1282
vn -0.2226 -0.3787 0.8984
vn -0.2226 0.3787 0.8984
vn -0.0318 -0.9912 0.1282
vn -0.0930 0.9222 0.3754
vn -0.1917 -0.6040 0.7736
vn -0.2385 0.1289 0.9625
vn -0.1476 0.7897 0.5955
vn -0.1476 -0.7897 0.5955
vn -0.2385 -0.1289 0.9625
vn -0.6120 0.7897 0.0437
vn -0.1282 0.9912 -0.0318
vn 0.1283 0.9912 0.0318
vn 0.8984 0.3787 0.2226
vn 0.5959 0.3787 0.7082
vn -0.0464 0.3251 0.9445
vn 0.9446 0.3250 0.0464
vn 0.6914 0.3250 0.6452
vn -0.9446 0.3250 -0.0465
vn 0.7566 0.5773 -0.3069
vn 0.3070 -0.5773 0.7566
vn 0.3070 0.5773 0.7566
vn -0.3070 -0.5773 -0.7566
vn -0.3070 0.5773 -0.7566
vn -0.7566 0.5773 0.3069
vn -0.9267 -0.0000 0.3759
vn -0.0464 -0.3251 0.9445
vn -0.6914 0.3250 -0.6452
vn -0.9446 0.3250 -0.0464
vn 0.9267 -0.0000 -0.3759
vn 0.3759 -0.0000 0.9267
vn 0.7566 -0.5773 -0.3070
vn -0.7566 -0.5773 0.3070
vn 0.2381 -0.9660 0.1007
vn -0.1007 -0.9660 0.2381
vn -0.2381 -0.9660 -0.1007
vn 0.1007 -0.9660 -0.2381
vn -0.3150 0.9061 0.2823
vn -0.4285 0.3753 0.8219
vn -0.0170 0.9061 -0.4227
vn 0.2910 0.3753 -0.8800
vn -0.6218 0.7682 0.1526
vn -0.5556 0.3182 0.7682
vn -0.3237 0.7682 -0.5523
vn 0.1640 0.3182 -0.9337
vn -0.8566 0.5133 0.0533
vn -0.6528 0.2126 0.7270
vn -0.5585 0.5133 -0.6516
vn 0.0667 0.2126 -0.9749
vn -0.9836 0.1802 -0.0004
vn -0.7055 0.0747 0.7048
vn -0.6856 0.1802 -0.7053
vn 0.0141 0.0747 -0.9971
vn -0.9836 -0.1802 -0.0004
vn -0.7055 -0.0747 0.7048
vn -0.6856 -0.1802 -0.7053
vn 0.0141 -0.0747 -0.9971
vn -0.8566 -0.5133 0.0533
vn -0.6528 -0.2126 0.7270
vn -0.5585 -0.5133 -0.6516
vn 0.0667 -0.2126 -0.9749
vn -0.6218 -0.7682 0.1526
vn -0.5556 -0.3182 0.7682
vn -0.3237 -0.7682 -0.5523
vn 0.1640 -0.3182 -0.9337
vn -0.3150 -0.9061 0.2823
vn -0.4285 -0.3753 0.8219
vn -0.0170 -0.9061 -0.4227
vn 0.2910 -0.3753 -0.8800
vn 0.0170 -0.9061 0.4227
vn -0.2910 -0.3753 0.8800
vn 0.3150 -0.9061 -0.2823
vn 0.4285 -0.3753 -0.8219
vn 0.3237 -0.7682 0.5524
vn -0.1640 -0.3182 0.9337
vn 0.6218 -0.7682 -0.1526
vn 0.5556 -0.3182 -0.7682
vn 0.5585 -0.5133 0.6516
vn -0.0667 -0.2126 0.9749
vn 0.8566 -0.5133 -0.0533
vn 0.6528 -0.2126 -0.7270
vn 0.6856 -0.1802 0.7053
vn -0.0141 -0.0747 0.9971
vn 0.9836 -0.1802 0.0004
vn 0.7055 -0.0747 -0.7048
vn 0.6856 0.1802 0.7053
vn -0.0141 0.0747 0.9971
vn 0.9836 0.1802 0.0004
vn 0.7055 0.0747 -0.7048
vn 0.5585 0.5133 0.6516
vn -0.0667 0.2126 0.9749
vn 0.8566 0.5133 -0.0533
vn 0.6528 0.2126 -0.7270
vn 0.3237 0.7682 0.5524
vn -0.1640 0.3182 0.9337
vn 0.6218 0.7682 -0.1526
vn 0.5556 0.3182 -0.7682
vn 0.0170 0.9061 0.4227
vn -0.2910 0.3753 0.8800
vn 0.3150 0.9061 -0.2823
vn 0.4285 0.3753 -0.8219
vn 0.6914 -0.3250 0.6452
vn -0.0465 -0.3250 0.9446
vn -0.6914 -0.3250 -0.6452
vn -0.0994 -0.8906 0.4438
vn 0.0316 -0.9992 -0.0242
vn 0.2785 -0.8575 -0.4326
vn 0.6466 -0.7543 -0.1137
vn 0.7798 -0.5406 0.3158
vn 0.3823 -0.7775 0.4994
vn 0.3831 -0.9144 0.1306
vn 0.4834 -0.4895 -0.7258
vn 0.5827 -0.0094 -0.8126
vn 0.6448 0.4458 -0.6208
vn 0.9335 0.2123 -0.2891
vn 0.9847 -0.1725 0.0226
vn 0.8205 -0.4420 -0.3625
vn 0.8442 -0.0864 -0.5290
vn -0.1816 -0.5478 0.8167
vn 0.3125 -0.4865 0.8159
vn 0.6976 -0.1977 0.6887
vn 0.4255 0.1678 0.8893
vn -0.0201 0.3875 0.9216
vn -0.1896 -0.0771 0.9788
vn 0.1981 -0.1430 0.9697
vn 0.5626 0.7887 -0.2479
vn 0.3616 0.9127 0.1904
vn 0.1848 0.7555 0.6285
vn 0.5994 0.4801 0.6405
vn 0.9025 0.1703 0.3955
vn 0.8637 0.5033 0.0274
vn 0.6592 0.6850 0.3101
vn -0.5626 -0.7887 0.2479
vn -0.8637 -0.5033 -0.0274
vn -0.9025 -0.1703 -0.3955
vn -0.5994 -0.4801 -0.6405
vn -0.1848 -0.7555 -0.6285
vn -0.3616 -0.9127 -0.1904
vn -0.6592 -0.6850 -0.3101
vn 0.1816 0.5478 -0.8167
vn 0.1896 0.0771 -0.9788
vn 0.0201 -0.3875 -0.9216
vn -0.4255 -0.1678 -0.8893
vn -0.6976 0.1977 -0.6887
vn -0.3125 0.4865 -0.8159
vn -0.1981 0.1430 -0.9697
vn -0.6448 -0.4458 0.6208
vn -0.5827 0.0094 0.8126
vn -0.4834 0.4895 0.7258
vn -0.8205 0.4420 0.3625
vn -0.9847 0.1725 -0.0226
vn -0.9335 -0.2123 0.2891
vn -0.8442 0.0864 0.5290
vn 0.0994 0.8906 -0.4438
vn -0.3823 0.7775 -0.4994
vn -0.7798 0.5406 -0.3158
vn -0.6466 0.7543 0.1137
vn -0.2784 0.8575 0.4326
vn -0.0316 0.9992 0.0242
vn -0.3831 0.9144 -0.1306
vn -0.1525 -0.7441 0.6505
vn 0.3559 -0.6476 0.6738
vn 0.7688 -0.3773 0.5163
vn 0.3881 -0.6967 -0.6033
vn 0.7516 -0.6129 -0.2440
vn 0.9134 -0.3646 0.1809
vn 0.6191 0.6414 -0.4532
vn 0.9207 0.3666 -0.1340
vn 0.9752 -0.0066 0.2211
vn 0.0786 0.5940 0.8006
vn 0.5250 0.3319 0.7837
vn 0.8306 -0.0193 0.5565
vn -0.4272 -0.5201 0.7396
vn -0.3957 -0.0347 0.9177
vn -0.2580 0.4600 0.8496
vn 0.3444 0.8654 -0.3640
vn 0.1691 0.9795 0.1099
vn -0.0515 0.8307 0.5543
vn -0.9134 0.3646 -0.1809
vn -0.7516 0.6129 0.2440
vn -0.3881 0.6967 0.6033
vn -0.6191 -0.6414 0.4532
vn -0.9207 -0.3666 0.1340
vn -0.9752 0.0066 -0.2211
vn 0.1525 0.7441 -0.6505
vn -0.3559 0.6475 -0.6738
vn -0.7688 0.3773 -0.5163
vn -0.0785 -0.5940 -0.8006
vn -0.5250 -0.3319 -0.7837
vn -0.8306 0.0193 -0.5565
vn -0.3444 -0.8654 0.3640
vn -0.1691 -0.9795 -0.1099
vn 0.0516 -0.8307 -0.5543
vn 0.4272 0.5201 -0.7396
vn 0.3957 0.0347 -0.9177
vn 0.2580 -0.4600 -0.8496
vn -0.3993 -0.7171 0.5712
vn 0.9027 -0.1987 0.3817
vn 0.1602 -0.6681 -0.7267
vn 0.3993 0.7171 -0.5712
vn -0.1602 0.6681 0.7267
vn -0.9027 0.1987 -0.3817
vn -0.0091 -0.9186 0.3951
vn 0.3059 -0.8910 -0.3356
vn 0.7239 -0.6267 0.2884
vn 0.5655 -0.4247 -0.7069
vn 0.7001 0.3551 -0.6194
vn 0.9835 -0.1605 -0.0830
vn -0.1133 -0.4843 0.8676
vn 0.6198 -0.1924 0.7608
vn 0.0214 0.2956 0.9551
vn 0.5960 0.7894 -0.1470
vn 0.2810 0.7618 0.5837
vn 0.8794 0.2738 0.3895
vn -0.5960 -0.7894 0.1470
vn -0.8794 -0.2738 -0.3895
vn -0.2810 -0.7618 -0.5837
vn 0.1133 0.4843 -0.8676
vn -0.0213 -0.2956 -0.9551
vn -0.6198 0.1924 -0.7608
vn -0.7001 -0.3551 0.6194
vn -0.5655 0.4248 0.7069
vn -0.9835 0.1605 0.0830
vn 0.0091 0.9186 -0.3951
vn -0.7239 0.6267 -0.2884
vn -0.3059 0.8910 0.3356
vn -0.0235 -0.7385 0.6738
vn 0.6812 -0.4580 0.5712
vn 0.4935 -0.6932 -0.5253
vn 0.8953 -0.4392 0.0745
vn 0.7144 0.5865 -0.3817
vn 0.9868 0.0909 0.1340
vn 0.1974 0.5412 0.8174
vn 0.7727 0.0721 0.6307
vn -0.4302 -0.4069 0.8058
vn -0.3008 0.3428 0.8899
vn 0.3076 0.9182 -0.2497
vn 0.0048 0.8916 0.4528
vn -0.8953 0.4392 -0.0745
vn -0.4935 0.6932 0.5253
vn -0.7144 -0.5865 0.3817
vn -0.9868 -0.0909 -0.1340
vn 0.0235 0.7385 -0.6738
vn -0.6812 0.4580 -0.5712
vn -0.1975 -0.5412 -0.8174
vn -0.7727 -0.0721 -0.6307
vn -0.3076 -0.9182 0.2496
vn -0.0048 -0.8916 -0.4527
vn 0.4302 0.4069 -0.8058
vn 0.3008 -0.3428 -0.8899
vn 0.2142 -0.7887 0.5763
vn 0.3885 -0.9127 0.1268
vn 0.5796 -0.7555 -0.3053
vn 0.8771 -0.4801 -0.0163
vn 0.9125 -0.1703 0.3719
vn 0.6214 -0.5033 0.6005
vn 0.6817 -0.6850 0.2569
vn 0.6471 -0.3875 -0.6565
vn 0.5701 0.0771 -0.8179
vn 0.4593 0.5478 -0.6992
vn 0.8030 0.4865 -0.3442
vn 0.9800 0.1977 0.0206
vn 0.9344 -0.1678 -0.3144
vn 0.8336 0.1430 -0.5335
vn 0.0039 -0.4458 0.8951
vn 0.4430 -0.2123 0.8710
vn 0.7023 0.1725 0.6907
vn 0.3116 0.4420 0.8412
vn -0.1839 0.4895 0.8524
vn -0.1769 0.0094 0.9842
vn 0.2087 0.0864 0.9742
vn 0.2491 0.8906 -0.3805
vn 0.0046 0.9992 0.0395
vn -0.1164 0.8575 0.5012
vn 0.3689 0.7543 0.5430
vn 0.7698 0.5406 0.3394
vn 0.6246 0.7775 -0.0737
vn 0.3606 0.9144 0.1839
vn -0.2491 -0.8906 0.3805
vn -0.6246 -0.7775 0.0737
vn -0.7698 -0.5406 -0.3394
vn -0.3689 -0.7543 -0.5430
vn 0.1163 -0.8575 -0.5012
vn -0.0047 -0.9992 -0.0395
vn -0.3606 -0.9144 -0.1838
vn -0.0039 0.4458 -0.8951
vn 0.1769 -0.0094 -0.9842
vn 0.1839 -0.4895 -0.8524
vn -0.3116 -0.4420 -0.8412
vn -0.7023 -0.1725 -0.6907
vn -0.4430 0.2123 -0.8710
vn -0.2087 -0.0864 -0.9742
vn -0.4593 -0.5478 0.6992
vn -0.5701 -0.0771 0.8179
vn -0.6471 0.3875 0.6565
vn -0.9344 0.1678 0.3144
vn -0.9800 -0.1977 -0.0206
vn -0.8030 -0.4865 0.3442
vn -0.8336 -0.1430 0.5335
vn -0.2142 0.7887 -0.5763
vn -0.6214 0.5033 -0.6005
vn -0.9125 0.1703 -0.3719
vn -0.8771 0.4801 0.0163
vn -0.5796 0.7555 0.3053
vn -0.3885 0.9127 -0.1268
vn -0.6818 0.6850 -0.2569
vn 0.1062 -0.6414 0.7598
vn 0.5453 -0.3666 0.7538
vn 0.8380 0.0066 0.5456
vn 0.6290 -0.5940 -0.5015
vn 0.9280 -0.3319 -0.1694
vn 0.9779 0.0193 0.2081
vn 0.3604 0.7441 -0.5625
vn 0.7313 0.6475 -0.2141
vn 0.9060 0.3773 0.1918
vn -0.1624 0.6967 0.6987
vn 0.3486 0.6129 0.7091
vn 0.7662 0.3646 0.5292
vn -0.2330 -0.5201 0.8217
vn -0.3827 -0.0347 0.9232
vn -0.4297 0.4600 0.7770
vn 0.0212 0.8654 -0.5006
vn -0.1967 0.9795 -0.0447
vn -0.3617 0.8307 0.4232
vn -0.9779 -0.0193 -0.2081
vn -0.9280 0.3319 0.1694
vn -0.6291 0.5940 0.5014
vn -0.3604 -0.7441 0.5625
vn -0.7313 -0.6476 0.2141
vn -0.9060 -0.3773 -0.1918
vn -0.1062 0.6414 -0.7598
vn -0.5453 0.3666 -0.7538
vn -0.8380 -0.0066 -0.5456
vn 0.1624 -0.6967 -0.6987
vn -0.3486 -0.6129 -0.7091
vn -0.7661 -0.3646 -0.5292
vn -0.0212 -0.8654 0.5006
vn 0.1967 -0.9795 0.0447
vn 0.3617 -0.8307 -0.4232
vn 0.2330 0.5201 -0.8217
vn 0.3827 0.0347 -0.9232
vn 0.4297 -0.4600 -0.7770
vn -0.1316 -0.7171 0.6844
vn 0.9027 0.1987 0.3817
vn 0.4097 -0.6681 -0.6212
vn 0.1316 0.7171 -0.6844
vn -0.4097 0.6681 0.6212
vn -0.9027 -0.1987 -0.3817
vn 0.3098 -0.7894 0.5300
vn 0.6145 -0.7618 -0.2051
vn 0.8921 -0.2738 0.3595
vn 0.7000 -0.2956 -0.6501
vn 0.5434 0.4843 -0.6857
vn 0.9776 0.1924 -0.0855
vn 0.0434 -0.3551 0.9338
vn 0.6257 0.1605 0.7633
vn -0.1131 0.4248 0.8982
vn 0.2771 0.9186 -0.2818
vn -0.0276 0.8910 0.4532
vn 0.7113 0.6267 0.3184
vn -0.2771 -0.9186 0.2818
vn -0.7113 -0.6267 -0.3184
vn 0.0276 -0.8910 -0.4532
vn -0.0434 0.3551 -0.9338
vn 0.1131 -0.4248 -0.8982
vn -0.6257 -0.1605 -0.7634
vn -0.5434 -0.4843 0.6857
vn -0.7000 0.2956 0.6501
vn -0.9776 -0.1924 0.0855
vn -0.3098 0.7894 -0.5300
vn -0.8921 0.2738 -0.3595
vn -0.6145 0.7618 0.2051
vn 0.2239 -0.5865 0.7784
vn 0.7836 -0.0909 0.6145
vn 0.7239 -0.5412 -0.4279
vn 0.9908 -0.0721 0.1149
vn 0.4670 0.7385 -0.4863
vn 0.8843 0.4580 0.0907
vn -0.0330 0.6932 0.7200
vn 0.6772 0.4392 0.5903
vn -0.2783 -0.4069 0.8701
vn -0.4288 0.3428 0.8358
vn -0.0352 0.9182 -0.3946
vn -0.3281 0.8916 0.3120
vn -0.9908 0.0721 -0.1149
vn -0.7239 0.5412 0.4279
vn -0.4670 -0.7385 0.4863
vn -0.8843 -0.4580 -0.0907
vn -0.2239 0.5865 -0.7784
vn -0.7836 0.0909 -0.6145
vn 0.0330 -0.6932 -0.7200
vn -0.6772 -0.4392 -0.5903
vn 0.0352 -0.9182 0.3946
vn 0.3281 -0.8916 -0.3120
vn 0.2783 0.4069 -0.8701
vn 0.4288 -0.3428 -0.8358
vn 0.3069 0.5773 0.7566
vn -0.3069 0.5773 -0.7566
vn -0.3762 -0.2584 0.8898
vn -0.3762 0.2584 0.8898
vn -0.4678 -0.3827 0.7967
vn -0.1938 -0.9239 0.3300
vn -0.4678 0.3827 0.7967
vn -0.1938 0.9239 0.3300
vn -0.6580 -0.3827 0.6485
vn -0.2726 -0.9239 0.2686
vn -0.6580 0.3827 0.6485
vn -0.2726 0.9239 0.2686
vn -0.8035 -0.3827 0.4561
vn -0.3328 -0.9239 0.1889
vn -0.8035 0.3827 0.4561
vn -0.3328 0.9239 0.1889
vn -0.8941 -0.3827 0.2326
vn -0.3704 -0.9239 0.0963
vn -0.8941 0.3827 0.2326
vn -0.3704 0.9239 0.0963
vn -0.9239 -0.3827 -0.0067
vn -0.3827 -0.9239 -0.0028
vn -0.9239 0.3827 -0.0067
vn -0.3827 0.9239 -0.0028
vn -0.8906 -0.3827 -0.2456
vn -0.3689 -0.9239 -0.1017
vn -0.8906 0.3827 -0.2456
vn -0.3689 0.9239 -0.1017
vn -0.7967 -0.3827 -0.4678
vn -0.3300 -0.9239 -0.1938
vn -0.7967 0.3827 -0.4678
vn -0.3300 0.9239 -0.1938
vn -0.6485 -0.3827 -0.6580
vn -0.2686 -0.9239 -0.2726
vn -0.6485 0.3827 -0.6580
vn -0.2686 0.9239 -0.2726
vn -0.4561 -0.3827 -0.8035
vn -0.1889 -0.9239 -0.3328
vn -0.4561 0.3827 -0.8035
vn -0.1889 0.9239 -0.3328
vn -0.2326 -0.3827 -0.8941
vn -0.0963 -0.9239 -0.3704
vn -0.2326 0.3827 -0.8941
vn -0.0963 0.9239 -0.3704
vn 0.0067 -0.3827 -0.9239
vn 0.0028 -0.9239 -0.3827
vn 0.0067 0.3827 -0.9239
vn 0.0028 0.9239 -0.3827
vn 0.2456 -0.3827 -0.8906
vn 0.1017 -0.9239 -0.3689
vn 0.2456 0.3827 -0.8906
vn 0.1017 0.9239 -0.3689
vn 0.4678 -0.3827 -0.7967
vn 0.1938 -0.9239 -0.3300
vn 0.4678 0.3827 -0.7967
vn 0.1938 0.9239 -0.3300
vn 0.6580 -0.3827 -0.6485
vn 0.2726 -0.9239 -0.2686
vn 0.6580 0.3827 -0.6485
vn 0.2726 0.9239 -0.2686
vn 0.8035 -0.3827 -0.4561
vn 0.3328 -0.9239 -0.1889
vn 0.8035 0.3827 -0.4561
vn 0.3328 0.9239 -0.1889
vn 0.8941 -0.3827 -0.2326
vn 0.3704 -0.9239 -0.0963
vn 0.8941 0.3827 -0.2326
vn 0.3704 0.9239 -0.0963
vn 0.9239 -0.3827 0.0067
vn 0.3827 -0.9239 0.0028
vn 0.9239 0.3827 0.0067
vn 0.3827 0.9239 0.0028
vn 0.8906 -0.3827 0.2456
vn 0.3689 -0.9239 0.1017
vn 0.8906 0.3827 0.2456
vn 0.3689 0.9239 0.1017
vn 0.7967 -0.3827 0.4678
vn 0.3300 -0.9239 0.1938
vn 0.7967 0.3827 0.4678
vn 0.3300 0.9239 0.1938
vn 0.6485 -0.3827 0.6580
vn 0.2686 -0.9239 0.2726
vn 0.6485 0.3827 0.6580
vn 0.2686 0.9239 0.2726
vn 0.4561 -0.3827 0.8035
vn 0.1889 -0.9239 0.3328
vn 0.4561 0.3827 0.8035
vn 0.1889 0.9239 0.3328
vn 0.2326 -0.3827 0.8941
vn 0.0963 -0.9239 0.3704
vn 0.2326 0.3827 0.8941
vn 0.0963 0.9239 0.3704
vn -0.0067 -0.3827 0.9239
vn -0.0028 -0.9239 0.3827
vn -0.0067 0.3827 0.9239
vn -0.0028 0.9239 0.3827
vn -0.2456 -0.3827 0.8906
vn -0.1017 -0.9239 0.3689
vn -0.2456 0.3827 0.8906
vn -0.1017 0.9239 0.3689
vn -0.5063 -0.0000 0.8624
vn -0.2659 -0.0000 0.9640
vn -0.8697 -0.0000 0.4937
vn -0.9678 -0.0000 0.2518
vn -0.9640 -0.0000 -0.2659
vn -0.8624 -0.0000 -0.5063
vn -0.4937 -0.0000 -0.8697
vn -0.2518 -0.0000 -0.9678
vn 0.2659 -0.0000 -0.9640
vn 0.5063 -0.0000 -0.8624
vn 0.8697 -0.0000 -0.4937
vn 0.9678 -0.0000 -0.2518
vn 0.9640 -0.0000 0.2659
vn 0.8624 -0.0000 0.5063
vn 0.4937 -0.0000 0.8697
vn 0.2518 -0.0000 0.9678
vt 0.137500 0.739773
vt 0.137500 0.743687
vt 0.132597 0.743785
vt 0.132716 0.739773
vt 0.137500 0.750000
vt 0.132845 0.750000
vt 0.125000 0.743581
vt 0.125000 0.739773
vt 0.130283 0.750000
vt 0.390000 0.987500
vt 0.390000 0.992284
vt 0.384116 0.992403
vt 0.384260 0.987500
vt 0.390000 1.000000
vt 0.384414 1.000000
vt 0.375000 0.992155
vt 0.375000 0.987500
vt 0.381340 1.000000
vt 0.390000 0.010227
vt 0.384260 0.010227
vt 0.384116 0.006215
vt 0.390000 0.006313
vt 0.375000 0.010227
vt 0.375000 0.006419
vt 0.384414 0.000000
vt 0.390000 0.000000
vt 0.375000 0.004323
vt 0.610000 0.987500
vt 0.615740 0.987500
vt 0.615884 0.992403
vt 0.610000 0.992284
vt 0.625000 0.987500
vt 0.625000 0.992155
vt 0.615586 1.000000
vt 0.610000 1.000000
vt 0.625000 0.994717
vt 0.862500 0.739773
vt 0.867284 0.739773
vt 0.867403 0.743785
vt 0.862500 0.743686
vt 0.875000 0.739773
vt 0.875000 0.743581
vt 0.867155 0.750000
vt 0.862500 0.750000
vt 0.875000 0.745677
vt 0.610000 0.010227
vt 0.610000 0.006313
vt 0.615884 0.006215
vt 0.615740 0.010227
vt 0.610000 0.000000
vt 0.615586 0.000000
vt 0.625000 0.006419
vt 0.625000 0.010227
vt 0.618660 0.000000
vt 0.137500 0.510227
vt 0.132716 0.510227
vt 0.132597 0.506215
vt 0.137500 0.506314
vt 0.125000 0.510227
vt 0.125000 0.506419
vt 0.132845 0.500000
vt 0.137500 0.500000
vt 0.125000 0.504323
vt 0.390000 0.239773
vt 0.390000 0.243687
vt 0.384116 0.243785
vt 0.384260 0.239773
vt 0.390000 0.250000
vt 0.384414 0.250000
vt 0.375000 0.243581
vt 0.375000 0.239773
vt 0.378170 0.252642
vt 0.390000 0.262500
vt 0.384260 0.262500
vt 0.384116 0.257597
vt 0.390000 0.257716
vt 0.375000 0.262500
vt 0.375000 0.257845
vt 0.862500 0.510227
vt 0.862500 0.506313
vt 0.867403 0.506215
vt 0.867284 0.510227
vt 0.862500 0.500000
vt 0.867155 0.500000
vt 0.875000 0.506419
vt 0.875000 0.510227
vt 0.869717 0.500000
vt 0.610000 0.262500
vt 0.610000 0.257716
vt 0.615884 0.257597
vt 0.615740 0.262500
vt 0.610000 0.250000
vt 0.615586 0.250000
vt 0.625000 0.257845
vt 0.625000 0.262500
vt 0.621830 0.247839
vt 0.610000 0.239773
vt 0.615740 0.239773
vt 0.615884 0.243785
vt 0.610000 0.243687
vt 0.625000 0.239773
vt 0.625000 0.243581
vt 0.362500 0.739773
vt 0.367284 0.739773
vt 0.367403 0.743785
vt 0.362500 0.743686
vt 0.375000 0.739773
vt 0.375000 0.743581
vt 0.371077 0.753923
vt 0.368750 0.756250
vt 0.377113 0.750320
vt 0.390000 0.739773
vt 0.390000 0.743686
vt 0.384116 0.743785
vt 0.384260 0.739773
vt 0.390000 0.750000
vt 0.384414 0.750000
vt 0.390000 0.762500
vt 0.384260 0.762500
vt 0.384116 0.757597
vt 0.390000 0.757716
vt 0.637500 0.739773
vt 0.637500 0.743687
vt 0.632597 0.743785
vt 0.632716 0.739773
vt 0.631250 0.756250
vt 0.628923 0.753923
vt 0.625000 0.743581
vt 0.625000 0.739773
vt 0.624648 0.748559
vt 0.610000 0.762500
vt 0.610000 0.757716
vt 0.615884 0.757597
vt 0.615740 0.762500
vt 0.610000 0.750000
vt 0.615586 0.750000
vt 0.610000 0.739773
vt 0.615740 0.739773
vt 0.615884 0.743785
vt 0.610000 0.743686
vt 0.362500 0.510227
vt 0.362500 0.506313
vt 0.367403 0.506215
vt 0.367283 0.510227
vt 0.368750 0.493750
vt 0.371077 0.496077
vt 0.375000 0.506419
vt 0.375000 0.510227
vt 0.375352 0.501441
vt 0.390000 0.487500
vt 0.390000 0.492284
vt 0.384116 0.492403
vt 0.384260 0.487500
vt 0.390000 0.500000
vt 0.384414 0.500000
vt 0.390000 0.510227
vt 0.384260 0.510227
vt 0.384116 0.506215
vt 0.390000 0.506313
vt 0.637500 0.510227
vt 0.632716 0.510227
vt 0.632597 0.506215
vt 0.637500 0.506314
vt 0.625000 0.510227
vt 0.625000 0.506419
vt 0.628923 0.496077
vt 0.631250 0.493750
vt 0.622887 0.499680
vt 0.610000 0.510227
vt 0.610000 0.506313
vt 0.615884 0.506215
vt 0.615740 0.510227
vt 0.610000 0.500000
vt 0.615586 0.500000
vt 0.610000 0.487500
vt 0.615740 0.487500
vt 0.615884 0.492403
vt 0.610000 0.492284
vt 0.191667 0.722727
vt 0.191667 0.750000
vt 0.153177 0.750000
vt 0.125000 0.722727
vt 0.402273 0.933333
vt 0.402273 1.000000
vt 0.386527 1.000000
vt 0.375000 0.933333
vt 0.402273 0.027273
vt 0.375000 0.027273
vt 0.375000 0.011527
vt 0.402273 0.000000
vt 0.597727 0.933333
vt 0.625000 0.933333
vt 0.625000 0.971823
vt 0.597727 1.000000
vt 0.808333 0.722727
vt 0.875000 0.722727
vt 0.875000 0.738473
vt 0.808333 0.750000
vt 0.597727 0.027273
vt 0.597727 0.000000
vt 0.613473 0.000000
vt 0.625000 0.027273
vt 0.191667 0.527273
vt 0.125000 0.527273
vt 0.125000 0.511527
vt 0.191667 0.500000
vt 0.402273 0.222727
vt 0.402273 0.250000
vt 0.380763 0.264088
vt 0.375000 0.222727
vt 0.402273 0.316667
vt 0.375000 0.316667
vt 0.808333 0.527273
vt 0.808333 0.500000
vt 0.846823 0.500000
vt 0.875000 0.527273
vt 0.597727 0.316667
vt 0.597727 0.250000
vt 0.619237 0.244237
vt 0.625000 0.316667
vt 0.597727 0.222727
vt 0.625000 0.222727
vt 0.308333 0.722727
vt 0.375000 0.722727
vt 0.378842 0.755550
vt 0.341667 0.783333
vt 0.402273 0.722727
vt 0.402273 0.750000
vt 0.402273 0.816667
vt 0.691667 0.722727
vt 0.658333 0.783333
vt 0.630550 0.746158
vt 0.625000 0.722727
vt 0.597727 0.816667
vt 0.597727 0.750000
vt 0.597727 0.722727
vt 0.308333 0.527273
vt 0.341667 0.466667
vt 0.369450 0.503842
vt 0.375000 0.527273
vt 0.402273 0.433333
vt 0.402273 0.500000
vt 0.402273 0.527273
vt 0.691667 0.527273
vt 0.625000 0.527273
vt 0.621158 0.494450
vt 0.658333 0.466667
vt 0.597727 0.527273
vt 0.597727 0.500000
vt 0.597727 0.433333
vt 0.402273 0.933333
vt 0.402273 1.000000
vt 0.386527 1.000000
vt 0.402273 0.027273
vt 0.402273 0.000000
vt 0.597727 0.933333
vt 0.597727 1.000000
vt 0.597727 0.027273
vt 0.597727 0.000000
vt 0.613473 0.000000
vt 0.402273 0.222727
vt 0.402273 0.250000
vt 0.380763 0.264088
vt 0.402273 0.316667
vt 0.597727 0.316667
vt 0.597727 0.250000
vt 0.597727 0.222727
vt 0.378842 0.755550
vt 0.402273 0.722727
vt 0.402273 0.750000
vt 0.402273 0.816667
vt 0.630550 0.746158
vt 0.597727 0.816667
vt 0.597727 0.750000
vt 0.597727 0.722727
vt 0.369450 0.503842
vt 0.402273 0.433333
vt 0.402273 0.500000
vt 0.402273 0.527273
vt 0.597727 0.527273
vt 0.597727 0.500000
vt 0.597727 0.433333
vt 0.597727 1.000000
vt 0.597727 0.000000
vt 0.613473 0.000000
vt 0.597727 0.250000
vt 0.619237 0.244237
vt 0.378842 0.755550
vt 0.630550 0.746158
vt 0.597727 0.750000
vt 0.621158 0.494450
vt 0.597727 0.500000
vt 0.125000 0.722727
vt 0.402273 0.027273
vt 0.375000 0.027273
vt 0.375000 0.011527
vt 0.808333 0.722727
vt 0.875000 0.722727
vt 0.875000 0.738473
vt 0.597727 0.027273
vt 0.625000 0.027273
vt 0.191667 0.527273
vt 0.402273 0.222727
vt 0.375000 0.222727
vt 0.808333 0.527273
vt 0.875000 0.527273
vt 0.619237 0.244237
vt 0.597727 0.222727
vt 0.625000 0.222727
vt 0.308333 0.722727
vt 0.375000 0.722727
vt 0.378842 0.755550
vt 0.402273 0.722727
vt 0.630550 0.746158
vt 0.625000 0.722727
vt 0.308333 0.527273
vt 0.369450 0.503842
vt 0.375000 0.527273
vt 0.402273 0.527273
vt 0.691667 0.527273
vt 0.597727 0.027273
vt 0.402273 0.222727
vt 0.597727 0.222727
vt 0.402273 0.722727
vt 0.597727 0.722727
vt 0.369450 0.503842
vt 0.597727 0.527273
vt 0.619237 0.244237
vt 0.630550 0.746158
vt 0.125000 0.527273
vt 0.125000 0.511527
vt 0.375000 0.222727
vt 0.625000 0.527273
vt 0.621158 0.494450
vt 0.621158 0.494450
vt 0.630550 0.746158
vt 0.152273 0.683333
vt 0.152273 0.750000
vt 0.136527 0.750000
vt 0.125000 0.683333
vt 0.402273 0.972727
vt 0.375000 0.972727
vt 0.402273 0.066667
vt 0.375000 0.066667
vt 0.375000 0.028177
vt 0.597727 0.972727
vt 0.625000 0.972727
vt 0.625000 0.988473
vt 0.847727 0.683333
vt 0.875000 0.683333
vt 0.875000 0.721823
vt 0.847727 0.750000
vt 0.597727 0.066667
vt 0.625000 0.066667
vt 0.152273 0.566667
vt 0.125000 0.566667
vt 0.125000 0.528177
vt 0.152273 0.500000
vt 0.402273 0.183333
vt 0.380763 0.255763
vt 0.375000 0.183333
vt 0.402273 0.277273
vt 0.375000 0.277273
vt 0.847727 0.566667
vt 0.847727 0.500000
vt 0.863473 0.500000
vt 0.875000 0.566667
vt 0.597727 0.277273
vt 0.619237 0.235912
vt 0.625000 0.277273
vt 0.597727 0.183333
vt 0.625000 0.183333
vt 0.347727 0.683333
vt 0.375000 0.683333
vt 0.378842 0.744450
vt 0.361364 0.763636
vt 0.402273 0.683333
vt 0.402273 0.777273
vt 0.652273 0.683333
vt 0.638636 0.763636
vt 0.625000 0.740608
vt 0.625000 0.683333
vt 0.597727 0.777273
vt 0.597727 0.683333
vt 0.347727 0.566667
vt 0.361364 0.486364
vt 0.375000 0.509392
vt 0.375000 0.566667
vt 0.402273 0.472727
vt 0.402273 0.566667
vt 0.652273 0.566667
vt 0.625000 0.566667
vt 0.621158 0.505550
vt 0.638636 0.486364
vt 0.597727 0.566667
vt 0.597727 0.472727
vt 0.402273 0.972727
vt 0.402273 0.066667
vt 0.597727 0.972727
vt 0.597727 0.066667
vt 0.402273 0.183333
vt 0.380763 0.255763
vt 0.402273 0.277273
vt 0.597727 0.277273
vt 0.597727 0.183333
vt 0.378842 0.744450
vt 0.361364 0.763636
vt 0.402273 0.683333
vt 0.402273 0.777273
vt 0.597727 0.777273
vt 0.597727 0.683333
vt 0.402273 0.472727
vt 0.402273 0.566667
vt 0.597727 0.566667
vt 0.597727 0.472727
vt 0.619237 0.235912
vt 0.625000 0.740608
vt 0.621158 0.505550
vt 0.638636 0.486364
vt 0.152273 0.683333
vt 0.152273 0.750000
vt 0.136527 0.750000
vt 0.402273 0.972727
vt 0.375000 0.972727
vt 0.597727 0.972727
vt 0.625000 0.972727
vt 0.625000 0.988473
vt 0.847727 0.750000
vt 0.152273 0.566667
vt 0.152273 0.500000
vt 0.380763 0.255763
vt 0.402273 0.277273
vt 0.375000 0.277273
vt 0.847727 0.500000
vt 0.863473 0.500000
vt 0.625000 0.277273
vt 0.347727 0.683333
vt 0.378842 0.744450
vt 0.402273 0.777273
vt 0.652273 0.683333
vt 0.347727 0.566667
vt 0.361364 0.486364
vt 0.402273 0.472727
vt 0.652273 0.566667
vt 0.597727 0.472727
vt 0.402273 0.972727
vt 0.597727 0.972727
vt 0.380763 0.255763
vt 0.597727 0.277273
vt 0.378842 0.744450
vt 0.402273 0.777273
vt 0.597727 0.777273
vt 0.402273 0.472727
vt 0.597727 0.472727
vt 0.152273 0.750000
vt 0.375000 0.972727
vt 0.638636 0.763636
vt 0.361364 0.486364
vt 0.361364 0.486364
vt 0.375000 0.509392
vt 0.152273 0.722727
vt 0.441667 0.972727
vt 0.441667 1.000000
vt 0.403177 1.000000
vt 0.441667 0.027273
vt 0.441667 0.000000
vt 0.558334 0.972727
vt 0.558334 1.000000
vt 0.847727 0.722727
vt 0.558334 0.027273
vt 0.558334 0.000000
vt 0.596824 0.000000
vt 0.152273 0.527273
vt 0.441667 0.222727
vt 0.441667 0.250000
vt 0.389088 0.255763
vt 0.441667 0.277273
vt 0.847727 0.527273
vt 0.558334 0.277273
vt 0.558334 0.250000
vt 0.610912 0.244237
vt 0.558334 0.222727
vt 0.347727 0.722727
vt 0.384392 0.750000
vt 0.441667 0.722727
vt 0.441667 0.750000
vt 0.441667 0.777273
vt 0.652273 0.722727
vt 0.619450 0.746158
vt 0.558334 0.777273
vt 0.558334 0.750000
vt 0.558334 0.722727
vt 0.347727 0.527273
vt 0.380550 0.503842
vt 0.441667 0.472727
vt 0.441667 0.500000
vt 0.441667 0.527273
vt 0.652273 0.527273
vt 0.615608 0.500000
vt 0.558334 0.527273
vt 0.558334 0.500000
vt 0.558334 0.472727
vt 0.152273 0.722727
vt 0.441667 0.027273
vt 0.558334 0.027273
vt 0.152273 0.527273
vt 0.441667 0.222727
vt 0.558334 0.250000
vt 0.610912 0.244237
vt 0.558334 0.222727
vt 0.441667 0.722727
vt 0.652273 0.722727
vt 0.619450 0.746158
vt 0.380550 0.503842
vt 0.441667 0.527273
vt 0.652273 0.527273
vt 0.615608 0.500000
vt 0.152273 0.722727
vt 0.441667 0.972727
vt 0.152273 0.527273
vt 0.389088 0.255763
vt 0.441667 0.277273
vt 0.347727 0.722727
vt 0.441667 0.777273
vt 0.652273 0.722727
vt 0.619450 0.746158
vt 0.347727 0.527273
vt 0.441667 0.472727
vt 0.558334 0.472727
vt 0.152273 0.722727
vt 0.847727 0.527273
vt 0.652273 0.722727
vt 0.619450 0.746158
vt 0.347727 0.527273
vt 0.652273 0.527273
vt 0.615608 0.500000
vt 0.380550 0.503842
vt 0.380550 0.503842
vt 0.133333 0.730519
vt 0.133333 0.740247
vt 0.129348 0.739835
vt 0.129172 0.730520
vt 0.133333 0.750000
vt 0.129348 0.750000
vt 0.410714 0.991667
vt 0.410714 1.000000
vt 0.375000 0.995652
vt 0.375000 0.991667
vt 0.410714 0.000000
vt 0.410714 0.009753
vt 0.375000 0.010165
vt 0.375000 0.000000
vt 0.410714 0.019481
vt 0.375000 0.019481
vt 0.125000 0.730519
vt 0.125000 0.739835
vt 0.589286 0.991667
vt 0.607119 0.991667
vt 0.606365 1.000000
vt 0.589286 1.000000
vt 0.625000 0.991667
vt 0.625000 1.000000
vt 0.866667 0.730520
vt 0.875000 0.730520
vt 0.875000 0.739835
vt 0.866667 0.750000
vt 0.625000 0.019481
vt 0.607119 0.019481
vt 0.606365 0.010165
vt 0.625000 0.010165
vt 0.589286 0.019481
vt 0.589286 0.009753
vt 0.589286 0.000000
vt 0.606365 0.000000
vt 0.133333 0.519481
vt 0.129172 0.519481
vt 0.129348 0.510165
vt 0.133333 0.509753
vt 0.125000 0.519481
vt 0.125000 0.510165
vt 0.410714 0.230519
vt 0.410714 0.240247
vt 0.375000 0.239835
vt 0.375000 0.230519
vt 0.410714 0.254172
vt 0.375000 0.254348
vt 0.410714 0.258333
vt 0.375000 0.258333
vt 0.133333 0.500000
vt 0.129348 0.500000
vt 0.866667 0.519481
vt 0.866667 0.500000
vt 0.875000 0.510165
vt 0.875000 0.519481
vt 0.625000 0.258333
vt 0.607119 0.258333
vt 0.606365 0.251979
vt 0.625000 0.243224
vt 0.589286 0.258333
vt 0.589286 0.254172
vt 0.589286 0.240247
vt 0.606365 0.239835
vt 0.589286 0.230519
vt 0.607119 0.230519
vt 0.625000 0.230519
vt 0.366667 0.730520
vt 0.370828 0.730520
vt 0.370652 0.739835
vt 0.366667 0.740247
vt 0.392881 0.730520
vt 0.388428 0.739835
vt 0.410714 0.730519
vt 0.410714 0.740247
vt 0.410714 0.754172
vt 0.372826 0.752174
vt 0.410714 0.758333
vt 0.370833 0.754167
vt 0.633333 0.730519
vt 0.629167 0.754167
vt 0.627174 0.752174
vt 0.629172 0.730520
vt 0.607119 0.758333
vt 0.606365 0.754348
vt 0.589286 0.758333
vt 0.589286 0.754172
vt 0.589286 0.740247
vt 0.606365 0.742925
vt 0.589286 0.730519
vt 0.607119 0.730519
vt 0.366667 0.519481
vt 0.366667 0.509753
vt 0.370652 0.510165
vt 0.370828 0.519481
vt 0.370833 0.495833
vt 0.372826 0.497826
vt 0.410714 0.491667
vt 0.410714 0.495828
vt 0.410714 0.509753
vt 0.388428 0.510165
vt 0.410714 0.519481
vt 0.392881 0.519480
vt 0.633333 0.519481
vt 0.629172 0.519481
vt 0.627174 0.497826
vt 0.629167 0.495833
vt 0.607120 0.519481
vt 0.606365 0.507075
vt 0.589286 0.519481
vt 0.589286 0.509753
vt 0.589286 0.495828
vt 0.606365 0.495652
vt 0.589286 0.491667
vt 0.607119 0.491667
vt 0.134058 0.730519
vt 0.134058 0.740247
vt 0.129726 0.739835
vt 0.129535 0.730520
vt 0.134058 0.750000
vt 0.129726 0.750000
vt 0.410714 0.990942
vt 0.375000 0.995274
vt 0.375000 0.990942
vt 0.410714 0.009753
vt 0.375000 0.010165
vt 0.410714 0.019481
vt 0.375000 0.019481
vt 0.125000 0.730519
vt 0.125000 0.739835
vt 0.589286 0.990942
vt 0.607120 0.990942
vt 0.606365 1.000000
vt 0.589286 1.000000
vt 0.625000 0.990942
vt 0.865942 0.730520
vt 0.875000 0.730519
vt 0.875000 0.739835
vt 0.865942 0.750000
vt 0.625000 0.019481
vt 0.607120 0.019481
vt 0.606365 0.010165
vt 0.625000 0.010165
vt 0.589286 0.019481
vt 0.589286 0.009753
vt 0.589286 0.000000
vt 0.606365 0.000000
vt 0.134058 0.519481
vt 0.129535 0.519481
vt 0.129726 0.510165
vt 0.134058 0.509753
vt 0.375000 0.239835
vt 0.410714 0.254535
vt 0.375000 0.254726
vt 0.410714 0.259058
vt 0.375000 0.259058
vt 0.134058 0.500000
vt 0.129726 0.500000
vt 0.865942 0.519481
vt 0.865942 0.500000
vt 0.875000 0.510165
vt 0.625000 0.259058
vt 0.607120 0.259058
vt 0.606365 0.252262
vt 0.625000 0.243224
vt 0.589286 0.259058
vt 0.589286 0.254535
vt 0.589286 0.240247
vt 0.606365 0.239835
vt 0.607120 0.230519
vt 0.365942 0.730520
vt 0.370465 0.730519
vt 0.370274 0.739835
vt 0.365942 0.740247
vt 0.392881 0.730519
vt 0.388380 0.739835
vt 0.410714 0.730519
vt 0.410714 0.740247
vt 0.410714 0.754535
vt 0.372637 0.752363
vt 0.410714 0.759058
vt 0.370471 0.754529
vt 0.634058 0.730519
vt 0.629529 0.754529
vt 0.627363 0.752363
vt 0.629535 0.730520
vt 0.607120 0.759058
vt 0.606365 0.754726
vt 0.589286 0.759058
vt 0.589286 0.754535
vt 0.589286 0.740247
vt 0.606365 0.742973
vt 0.589286 0.730520
vt 0.607120 0.730519
vt 0.365942 0.519481
vt 0.365942 0.509753
vt 0.370274 0.510165
vt 0.370465 0.519480
vt 0.370471 0.495471
vt 0.372637 0.497637
vt 0.410714 0.490942
vt 0.410714 0.495465
vt 0.388380 0.510165
vt 0.634058 0.519481
vt 0.629535 0.519481
vt 0.627363 0.497637
vt 0.629529 0.495471
vt 0.607120 0.519480
vt 0.606365 0.507027
vt 0.589286 0.509753
vt 0.589286 0.495465
vt 0.606365 0.495274
vt 0.589286 0.490942
vt 0.607120 0.490942
vt 0.154762 0.727273
vt 0.154762 0.738621
vt 0.140529 0.738141
vt 0.139901 0.727273
vt 0.154762 0.750000
vt 0.140529 0.750000
vt 0.420455 0.970238
vt 0.420455 1.000000
vt 0.375000 0.984471
vt 0.375000 0.970238
vt 0.420455 0.000000
vt 0.420455 0.011379
vt 0.375000 0.011859
vt 0.420455 0.022727
vt 0.375000 0.022727
vt 0.125000 0.727273
vt 0.125000 0.738141
vt 0.579545 0.970238
vt 0.602243 0.970238
vt 0.601283 1.000000
vt 0.579546 1.000000
vt 0.625000 0.970238
vt 0.845238 0.727273
vt 0.875000 0.727273
vt 0.875000 0.738141
vt 0.845238 0.750000
vt 0.625000 0.022727
vt 0.602243 0.022727
vt 0.601282 0.011859
vt 0.625000 0.011859
vt 0.579545 0.022727
vt 0.579546 0.011379
vt 0.579546 0.000000
vt 0.601283 0.000000
vt 0.154762 0.522727
vt 0.139901 0.522727
vt 0.140529 0.511859
vt 0.154762 0.511379
vt 0.125000 0.522727
vt 0.125000 0.511859
vt 0.420455 0.227273
vt 0.420455 0.238621
vt 0.375000 0.238141
vt 0.375000 0.227273
vt 0.420455 0.264901
vt 0.375000 0.265529
vt 0.420455 0.279762
vt 0.375000 0.279762
vt 0.154762 0.500000
vt 0.140529 0.500000
vt 0.845238 0.522727
vt 0.845238 0.500000
vt 0.875000 0.511859
vt 0.875000 0.522727
vt 0.625000 0.279762
vt 0.602243 0.279762
vt 0.601282 0.260151
vt 0.625000 0.242094
vt 0.579545 0.279762
vt 0.579546 0.264901
vt 0.579546 0.238621
vt 0.601283 0.238141
vt 0.579545 0.227273
vt 0.602243 0.227273
vt 0.625000 0.227273
vt 0.345238 0.727273
vt 0.360100 0.727273
vt 0.359471 0.738141
vt 0.345238 0.738621
vt 0.397757 0.727273
vt 0.390829 0.738141
vt 0.420455 0.727273
vt 0.420455 0.738622
vt 0.420455 0.764901
vt 0.367235 0.757765
vt 0.420454 0.779762
vt 0.360119 0.764881
vt 0.654762 0.727273
vt 0.639881 0.764881
vt 0.632765 0.757765
vt 0.639901 0.727273
vt 0.602243 0.779762
vt 0.601282 0.765529
vt 0.579545 0.779762
vt 0.579546 0.764900
vt 0.579546 0.738621
vt 0.601282 0.743065
vt 0.579545 0.727273
vt 0.602243 0.727273
vt 0.345238 0.522727
vt 0.345238 0.511379
vt 0.359471 0.511859
vt 0.360100 0.522727
vt 0.360119 0.485119
vt 0.367235 0.492235
vt 0.420455 0.470238
vt 0.420455 0.485100
vt 0.420455 0.511378
vt 0.390829 0.511859
vt 0.420455 0.522727
vt 0.397757 0.522727
vt 0.654762 0.522727
vt 0.639900 0.522727
vt 0.632765 0.492235
vt 0.639881 0.485119
vt 0.602243 0.522727
vt 0.601282 0.506935
vt 0.579546 0.522727
vt 0.579546 0.511379
vt 0.579546 0.485100
vt 0.601283 0.484471
vt 0.579545 0.470238
vt 0.602243 0.470238
vt 0.156566 0.727273
vt 0.156566 0.750000
vt 0.138341 0.750000
vt 0.125000 0.727273
vt 0.421296 0.968434
vt 0.421296 1.000000
vt 0.394567 1.000000
vt 0.375000 0.968434
vt 0.421296 0.022727
vt 0.375000 0.022727
vt 0.375000 0.009606
vt 0.421296 0.000000
vt 0.578704 0.968434
vt 0.625000 0.968434
vt 0.625000 0.986659
vt 0.578704 1.000000
vt 0.843434 0.727273
vt 0.875000 0.727273
vt 0.875000 0.740394
vt 0.843434 0.750000
vt 0.578704 0.022727
vt 0.578704 0.000000
vt 0.605433 0.000000
vt 0.625000 0.022727
vt 0.156566 0.522727
vt 0.125000 0.522727
vt 0.125000 0.509606
vt 0.156566 0.500000
vt 0.421296 0.227273
vt 0.421296 0.250000
vt 0.384784 0.256671
vt 0.421296 0.281566
vt 0.375000 0.281566
vt 0.843434 0.522727
vt 0.843434 0.500000
vt 0.861659 0.500000
vt 0.875000 0.522727
vt 0.578704 0.281566
vt 0.578704 0.250000
vt 0.615216 0.245197
vt 0.625000 0.281566
vt 0.578704 0.227273
vt 0.625000 0.227273
vt 0.343434 0.727273
vt 0.375000 0.727273
vt 0.381522 0.751245
vt 0.359217 0.765783
vt 0.421296 0.727273
vt 0.421296 0.750000
vt 0.421296 0.781566
vt 0.656566 0.727273
vt 0.640783 0.765783
vt 0.622925 0.746798
vt 0.625000 0.727273
vt 0.578704 0.781566
vt 0.578704 0.750000
vt 0.578704 0.727273
vt 0.343434 0.522727
vt 0.359217 0.484217
vt 0.377075 0.503202
vt 0.375000 0.522727
vt 0.421296 0.468434
vt 0.421296 0.500000
vt 0.421296 0.522727
vt 0.656566 0.522727
vt 0.625000 0.522727
vt 0.618478 0.498755
vt 0.640783 0.484217
vt 0.578704 0.522727
vt 0.578704 0.500000
vt 0.578704 0.468434
vt 0.154762 0.727273
vt 0.154762 0.738621
vt 0.140529 0.738141
vt 0.139900 0.727273
vt 0.154762 0.750000
vt 0.140529 0.750000
vt 0.420455 0.970238
vt 0.375000 0.984471
vt 0.579545 0.970238
vt 0.602243 0.970238
vt 0.154762 0.522727
vt 0.139900 0.522727
vt 0.140529 0.511859
vt 0.154762 0.511379
vt 0.420455 0.264900
vt 0.375000 0.265529
vt 0.420454 0.279762
vt 0.375000 0.279762
vt 0.154762 0.500000
vt 0.140529 0.500000
vt 0.845238 0.500000
vt 0.625000 0.279762
vt 0.602243 0.279762
vt 0.601282 0.260151
vt 0.579546 0.264901
vt 0.360100 0.727273
vt 0.359471 0.738141
vt 0.345238 0.738621
vt 0.390829 0.738141
vt 0.420455 0.764901
vt 0.420455 0.779762
vt 0.639881 0.764881
vt 0.632765 0.757765
vt 0.639901 0.727273
vt 0.602243 0.779762
vt 0.601283 0.765529
vt 0.579546 0.764901
vt 0.345238 0.511379
vt 0.359471 0.511859
vt 0.360099 0.522727
vt 0.360119 0.485119
vt 0.367235 0.492235
vt 0.420455 0.470238
vt 0.420455 0.485099
vt 0.654762 0.522727
vt 0.639901 0.522727
vt 0.579546 0.485099
vt 0.601283 0.484471
vt 0.579545 0.470238
vt 0.602243 0.470238
vt 0.156566 0.750000
vt 0.138341 0.750000
vt 0.375000 0.968434
vt 0.625000 0.968434
vt 0.843434 0.750000
vt 0.156566 0.500000
vt 0.421296 0.250000
vt 0.375000 0.281566
vt 0.843434 0.500000
vt 0.861659 0.500000
vt 0.625000 0.281566
vt 0.375000 0.727273
vt 0.377075 0.503202
vt 0.136905 0.740909
vt 0.136905 0.745449
vt 0.131212 0.745256
vt 0.130960 0.740909
vt 0.136905 0.750000
vt 0.131212 0.750000
vt 0.415000 0.988095
vt 0.415000 1.000000
vt 0.375000 0.993788
vt 0.375000 0.988095
vt 0.415000 0.000000
vt 0.415000 0.004551
vt 0.375000 0.004744
vt 0.415000 0.009091
vt 0.375000 0.009091
vt 0.125000 0.740909
vt 0.125000 0.745256
vt 0.585000 0.988095
vt 0.604974 0.988095
vt 0.604128 1.000000
vt 0.585000 1.000000
vt 0.625000 0.988095
vt 0.863095 0.740909
vt 0.875000 0.740909
vt 0.875000 0.745256
vt 0.863095 0.750000
vt 0.625000 0.009091
vt 0.604974 0.009091
vt 0.604128 0.004744
vt 0.625000 0.004744
vt 0.585000 0.009091
vt 0.585000 0.004551
vt 0.585000 0.000000
vt 0.604128 0.000000
vt 0.136905 0.509091
vt 0.130960 0.509091
vt 0.131212 0.504744
vt 0.136905 0.504551
vt 0.125000 0.509091
vt 0.125000 0.504744
vt 0.415000 0.240909
vt 0.415000 0.245449
vt 0.375000 0.245256
vt 0.375000 0.240909
vt 0.415000 0.255960
vt 0.375000 0.256212
vt 0.415000 0.261905
vt 0.375000 0.261905
vt 0.136905 0.500000
vt 0.131212 0.500000
vt 0.863095 0.509091
vt 0.863095 0.500000
vt 0.875000 0.504744
vt 0.875000 0.509091
vt 0.625000 0.261905
vt 0.604974 0.261905
vt 0.604128 0.254060
vt 0.625000 0.246838
vt 0.585000 0.261905
vt 0.585000 0.255960
vt 0.585000 0.245449
vt 0.604128 0.245256
vt 0.585000 0.240909
vt 0.604974 0.240909
vt 0.625000 0.240909
vt 0.363095 0.740909
vt 0.369040 0.740909
vt 0.368788 0.745256
vt 0.363095 0.745449
vt 0.395026 0.740909
vt 0.389870 0.745256
vt 0.415000 0.740909
vt 0.415000 0.745449
vt 0.415000 0.755960
vt 0.371894 0.753106
vt 0.415000 0.761905
vt 0.369048 0.755952
vt 0.636905 0.740909
vt 0.630952 0.755952
vt 0.628106 0.753106
vt 0.630960 0.740909
vt 0.604974 0.761905
vt 0.604128 0.756212
vt 0.585000 0.761905
vt 0.585000 0.755960
vt 0.585000 0.745449
vt 0.604128 0.747226
vt 0.585000 0.740909
vt 0.604974 0.740909
vt 0.363095 0.509091
vt 0.363095 0.504551
vt 0.368788 0.504744
vt 0.369040 0.509091
vt 0.369048 0.494048
vt 0.371894 0.496894
vt 0.415000 0.488095
vt 0.415000 0.494040
vt 0.415000 0.504551
vt 0.389870 0.504744
vt 0.415000 0.509091
vt 0.395026 0.509091
vt 0.636905 0.509091
vt 0.630960 0.509091
vt 0.628106 0.496894
vt 0.630952 0.494048
vt 0.604974 0.509091
vt 0.604128 0.502774
vt 0.585000 0.509091
vt 0.585000 0.504551
vt 0.585000 0.494040
vt 0.604128 0.493788
vt 0.585000 0.488095
vt 0.604974 0.488095
vt 0.136250 0.737772
vt 0.136250 0.742451
vt 0.131837 0.742569
vt 0.131945 0.737772
vt 0.136250 0.750000
vt 0.132061 0.750000
vt 0.125000 0.742325
vt 0.125000 0.737772
vt 0.129755 0.750000
vt 0.386250 0.988750
vt 0.386250 0.993055
vt 0.381837 0.993163
vt 0.381945 0.988750
vt 0.386250 1.000000
vt 0.382061 1.000000
vt 0.375000 0.992939
vt 0.375000 0.988750
vt 0.379755 1.000000
vt 0.386250 0.012228
vt 0.381945 0.012228
vt 0.381837 0.007431
vt 0.386250 0.007549
vt 0.375000 0.012228
vt 0.375000 0.007675
vt 0.382061 0.000000
vt 0.386250 0.000000
vt 0.375000 0.005168
vt 0.613750 0.988750
vt 0.618055 0.988750
vt 0.618163 0.993163
vt 0.613750 0.993055
vt 0.625000 0.988750
vt 0.625000 0.992939
vt 0.617939 1.000000
vt 0.613750 1.000000
vt 0.625000 0.995245
vt 0.863750 0.737772
vt 0.868055 0.737772
vt 0.868163 0.742569
vt 0.863750 0.742451
vt 0.875000 0.737772
vt 0.875000 0.742325
vt 0.867939 0.750000
vt 0.863750 0.750000
vt 0.875000 0.744832
vt 0.613750 0.012228
vt 0.613750 0.007549
vt 0.618163 0.007431
vt 0.618055 0.012228
vt 0.613750 0.000000
vt 0.617939 0.000000
vt 0.625000 0.007675
vt 0.625000 0.012228
vt 0.620245 0.000000
vt 0.136250 0.512228
vt 0.131945 0.512228
vt 0.131837 0.507431
vt 0.136250 0.507549
vt 0.125000 0.512228
vt 0.125000 0.507675
vt 0.132061 0.500000
vt 0.136250 0.500000
vt 0.125000 0.505168
vt 0.386250 0.237772
vt 0.386250 0.242451
vt 0.381837 0.242569
vt 0.381945 0.237772
vt 0.386250 0.250000
vt 0.382061 0.250000
vt 0.375000 0.242325
vt 0.375000 0.237772
vt 0.377377 0.252377
vt 0.386250 0.261250
vt 0.381945 0.261250
vt 0.381837 0.256837
vt 0.386250 0.256945
vt 0.375000 0.261250
vt 0.375000 0.257061
vt 0.863750 0.512228
vt 0.863750 0.507549
vt 0.868163 0.507432
vt 0.868055 0.512228
vt 0.863750 0.500000
vt 0.867939 0.500000
vt 0.875000 0.507675
vt 0.875000 0.512228
vt 0.870245 0.500000
vt 0.613750 0.261250
vt 0.613750 0.256945
vt 0.618163 0.256837
vt 0.618055 0.261250
vt 0.613750 0.250000
vt 0.617939 0.250000
vt 0.625000 0.257061
vt 0.625000 0.261250
vt 0.622623 0.247416
vt 0.613750 0.237772
vt 0.618055 0.237772
vt 0.618163 0.242569
vt 0.613750 0.242451
vt 0.625000 0.237772
vt 0.625000 0.242325
vt 0.363750 0.737772
vt 0.368055 0.737772
vt 0.368163 0.742569
vt 0.363750 0.742451
vt 0.375000 0.737772
vt 0.375000 0.742325
vt 0.371470 0.753530
vt 0.369375 0.755625
vt 0.376585 0.749862
vt 0.386250 0.737772
vt 0.386250 0.742451
vt 0.381837 0.742569
vt 0.381945 0.737772
vt 0.386250 0.750000
vt 0.382061 0.750000
vt 0.386250 0.761250
vt 0.381945 0.761250
vt 0.381837 0.756837
vt 0.386250 0.756945
vt 0.636250 0.737772
vt 0.636250 0.742451
vt 0.631837 0.742569
vt 0.631945 0.737772
vt 0.630625 0.755625
vt 0.628531 0.753530
vt 0.625000 0.742325
vt 0.625000 0.737772
vt 0.625000 0.748277
vt 0.613750 0.761250
vt 0.613750 0.756945
vt 0.618163 0.756837
vt 0.618055 0.761250
vt 0.613750 0.750000
vt 0.617939 0.750000
vt 0.613750 0.737772
vt 0.618055 0.737772
vt 0.618163 0.742569
vt 0.613750 0.742451
vt 0.363750 0.512228
vt 0.363750 0.507549
vt 0.368163 0.507432
vt 0.368055 0.512228
vt 0.369375 0.494375
vt 0.371470 0.496470
vt 0.375000 0.507675
vt 0.375000 0.512228
vt 0.375000 0.501723
vt 0.386250 0.488750
vt 0.386250 0.493055
vt 0.381837 0.493163
vt 0.381945 0.488750
vt 0.386250 0.500000
vt 0.382061 0.500000
vt 0.386250 0.512228
vt 0.381945 0.512228
vt 0.381837 0.507432
vt 0.386250 0.507549
vt 0.636250 0.512228
vt 0.631945 0.512228
vt 0.631837 0.507431
vt 0.636250 0.507549
vt 0.625000 0.512228
vt 0.625000 0.507675
vt 0.628530 0.496470
vt 0.630625 0.494375
vt 0.623415 0.500138
vt 0.613750 0.512228
vt 0.613750 0.507549
vt 0.618163 0.507431
vt 0.618055 0.512228
vt 0.613750 0.500000
vt 0.617939 0.500000
vt 0.613750 0.488750
vt 0.618055 0.488750
vt 0.618163 0.493163
vt 0.613750 0.493055
vt 0.191667 0.722727
vt 0.191667 0.750000
vt 0.153177 0.750000
vt 0.402273 0.933333
vt 0.375000 0.933333
vt 0.375000 0.027273
vt 0.375000 0.011527
vt 0.625000 0.933333
vt 0.597727 1.000000
vt 0.875000 0.722727
vt 0.875000 0.738473
vt 0.808333 0.750000
vt 0.597727 0.000000
vt 0.613473 0.000000
vt 0.625000 0.027273
vt 0.191667 0.527273
vt 0.191667 0.500000
vt 0.402273 0.316667
vt 0.375000 0.316667
vt 0.808333 0.527273
vt 0.808333 0.500000
vt 0.597727 0.316667
vt 0.597727 0.250000
vt 0.619236 0.244237
vt 0.625000 0.316667
vt 0.625000 0.222727
vt 0.308333 0.722727
vt 0.341667 0.783333
vt 0.402273 0.816667
vt 0.691667 0.722727
vt 0.658333 0.783333
vt 0.597727 0.816667
vt 0.597727 0.750000
vt 0.308333 0.527273
vt 0.341667 0.466667
vt 0.369450 0.503842
vt 0.402273 0.433333
vt 0.691667 0.527273
vt 0.621158 0.494450
vt 0.658333 0.466667
vt 0.597727 0.500000
vt 0.597727 0.433333
vt 0.402273 0.933333
vt 0.402273 0.027273
vt 0.402273 0.000000
vt 0.597727 0.933333
vt 0.597727 1.000000
vt 0.597727 0.027273
vt 0.597727 0.000000
vt 0.613473 0.000000
vt 0.402273 0.222727
vt 0.402273 0.250000
vt 0.402273 0.316667
vt 0.619237 0.244237
vt 0.597727 0.222727
vt 0.341667 0.783333
vt 0.402273 0.722727
vt 0.402273 0.750000
vt 0.402273 0.816667
vt 0.597727 0.816667
vt 0.597727 0.722727
vt 0.369450 0.503842
vt 0.402273 0.433333
vt 0.402273 0.500000
vt 0.402273 0.527273
vt 0.597727 0.527273
vt 0.597727 0.433333
vt 0.402273 0.250000
vt 0.191667 0.722727
vt 0.402273 0.027273
vt 0.375000 0.027273
vt 0.375000 0.011527
vt 0.808333 0.722727
vt 0.875000 0.722727
vt 0.875000 0.738473
vt 0.597727 0.027273
vt 0.625000 0.027273
vt 0.191667 0.527273
vt 0.125000 0.527273
vt 0.402273 0.222727
vt 0.375000 0.222727
vt 0.808333 0.527273
vt 0.875000 0.527273
vt 0.619236 0.244237
vt 0.597727 0.222727
vt 0.625000 0.222727
vt 0.375000 0.722727
vt 0.402273 0.722727
vt 0.691667 0.722727
vt 0.625000 0.722727
vt 0.597727 0.722727
vt 0.308333 0.527273
vt 0.375000 0.527273
vt 0.402273 0.527273
vt 0.691667 0.527273
vt 0.625000 0.527273
vt 0.402273 0.027273
vt 0.597727 0.027273
vt 0.402273 0.222727
vt 0.619237 0.244237
vt 0.597727 0.222727
vt 0.402273 0.722727
vt 0.597727 0.722727
vt 0.402273 0.527273
vt 0.625000 0.527273
vt 0.597727 0.527273
vt 0.191667 0.722727
vt 0.402273 0.027273
vt 0.375000 0.027273
vt 0.808333 0.722727
vt 0.597727 0.027273
vt 0.625000 0.027273
vt 0.191667 0.527273
vt 0.402273 0.222727
vt 0.375000 0.222727
vt 0.808333 0.527273
vt 0.875000 0.527273
vt 0.619236 0.244237
vt 0.597727 0.222727
vt 0.625000 0.222727
vt 0.308333 0.722727
vt 0.375000 0.722727
vt 0.402273 0.722727
vt 0.625000 0.722727
vt 0.597727 0.722727
vt 0.308333 0.527273
vt 0.369450 0.503842
vt 0.402273 0.527273
vt 0.691667 0.527273
vt 0.621158 0.494450
vt 0.597727 0.527273
vt 0.402273 0.027273
vt 0.597727 0.027273
vt 0.402273 0.222727
vt 0.619237 0.244237
vt 0.597727 0.222727
vt 0.597727 0.722727
vt 0.369450 0.503842
vt 0.621158 0.494450
vt 0.191667 0.722727
vt 0.191667 0.750000
vt 0.153177 0.750000
vt 0.402273 0.933333
vt 0.375000 0.933333
vt 0.597727 0.933333
vt 0.625000 0.933333
vt 0.625000 0.971823
vt 0.808333 0.722727
vt 0.808333 0.750000
vt 0.191667 0.527273
vt 0.191667 0.500000
vt 0.380763 0.264088
vt 0.402273 0.316667
vt 0.375000 0.316667
vt 0.808333 0.527273
vt 0.808333 0.500000
vt 0.846823 0.500000
vt 0.597727 0.316667
vt 0.625000 0.316667
vt 0.308333 0.722727
vt 0.402273 0.816667
vt 0.691667 0.722727
vt 0.597727 0.816667
vt 0.308333 0.527273
vt 0.341667 0.466667
vt 0.402273 0.433333
vt 0.621158 0.494450
vt 0.658333 0.466667
vt 0.597727 0.433333
vt 0.402273 0.933333
vt 0.597727 0.933333
vt 0.380763 0.264088
vt 0.402273 0.316667
vt 0.597727 0.316667
vt 0.402273 0.816667
vt 0.402273 0.433333
vt 0.597727 0.433333
vt 0.341667 0.466667
vt 0.191667 0.722727
vt 0.808333 0.527273
vt 0.308333 0.722727
vt 0.691667 0.722727
vt 0.308333 0.527273
vt 0.691667 0.527273
vt 0.808333 0.722727
vt 0.191667 0.527273
vt 0.808333 0.527273
vt 0.308333 0.722727
vt 0.630550 0.746158
vt 0.308333 0.527273
vt 0.691667 0.527273
vt 0.152273 0.683334
vt 0.125000 0.683334
vt 0.402273 0.066666
vt 0.375000 0.066666
vt 0.375000 0.028176
vt 0.847727 0.683334
vt 0.875000 0.683334
vt 0.875000 0.721824
vt 0.597727 0.066666
vt 0.625000 0.066666
vt 0.152273 0.566666
vt 0.125000 0.566666
vt 0.125000 0.528176
vt 0.152273 0.500000
vt 0.402273 0.183334
vt 0.375000 0.183334
vt 0.847727 0.566666
vt 0.875000 0.566666
vt 0.619236 0.235912
vt 0.597727 0.183334
vt 0.625000 0.183334
vt 0.347727 0.683334
vt 0.375000 0.683334
vt 0.378842 0.744450
vt 0.402273 0.683334
vt 0.652273 0.683334
vt 0.625000 0.740608
vt 0.625000 0.683334
vt 0.597727 0.683334
vt 0.347727 0.566666
vt 0.375000 0.509392
vt 0.375000 0.566666
vt 0.402273 0.566666
vt 0.652273 0.566666
vt 0.625000 0.566666
vt 0.621158 0.505550
vt 0.597727 0.566666
vt 0.402273 0.972727
vt 0.402273 0.066666
vt 0.597727 0.972727
vt 0.597727 0.066666
vt 0.402273 0.183334
vt 0.402273 0.277273
vt 0.597727 0.277273
vt 0.619237 0.235912
vt 0.597727 0.183334
vt 0.378842 0.744450
vt 0.402273 0.683334
vt 0.402273 0.777273
vt 0.625000 0.740608
vt 0.597727 0.777273
vt 0.597727 0.683334
vt 0.402273 0.472727
vt 0.402273 0.566666
vt 0.621158 0.505550
vt 0.597727 0.566666
vt 0.597727 0.472727
vt 0.152273 0.683334
vt 0.847727 0.683334
vt 0.152273 0.566666
vt 0.847727 0.566666
vt 0.347727 0.683334
vt 0.347727 0.566666
vt 0.652273 0.566666
vt 0.402273 0.972727
vt 0.597727 0.972727
vt 0.402273 0.277273
vt 0.597727 0.277273
vt 0.402273 0.777273
vt 0.597727 0.777273
vt 0.402273 0.472727
vt 0.597727 0.472727
vt 0.441666 0.972727
vt 0.441667 1.000000
vt 0.403177 1.000000
vt 0.441666 0.027273
vt 0.441667 0.000000
vt 0.558334 0.972727
vt 0.558333 1.000000
vt 0.558334 0.027273
vt 0.558333 0.000000
vt 0.596823 0.000000
vt 0.441666 0.222727
vt 0.441667 0.250000
vt 0.389089 0.255763
vt 0.441666 0.277273
vt 0.558334 0.277273
vt 0.558333 0.250000
vt 0.610911 0.244237
vt 0.558334 0.222727
vt 0.384392 0.750000
vt 0.441666 0.722727
vt 0.441667 0.750000
vt 0.441666 0.777273
vt 0.619450 0.746158
vt 0.558334 0.777273
vt 0.558333 0.750000
vt 0.558334 0.722727
vt 0.380550 0.503842
vt 0.441666 0.472727
vt 0.441667 0.500000
vt 0.441666 0.527273
vt 0.615608 0.500000
vt 0.558334 0.527273
vt 0.558333 0.500000
vt 0.558334 0.472727
vt 0.152273 0.722727
vt 0.441666 0.027273
vt 0.558334 0.027273
vt 0.152273 0.527273
vt 0.441666 0.222727
vt 0.847727 0.527273
vt 0.610911 0.244237
vt 0.558334 0.222727
vt 0.347727 0.722727
vt 0.441666 0.722727
vt 0.652273 0.722727
vt 0.347727 0.527273
vt 0.441666 0.527273
vt 0.652273 0.527273
vt 0.558334 0.527273
vt 0.441666 0.027273
vt 0.847727 0.722727
vt 0.558334 0.027273
vt 0.152273 0.527273
vt 0.441666 0.222727
vt 0.847727 0.527273
vt 0.610911 0.244237
vt 0.558334 0.222727
vt 0.347727 0.722727
vt 0.441666 0.722727
vt 0.558334 0.722727
vt 0.347727 0.527273
vt 0.380550 0.503842
vt 0.441666 0.527273
vt 0.615608 0.500000
vt 0.558334 0.527273
vt 0.441666 0.972727
vt 0.558334 0.972727
vt 0.441666 0.277273
vt 0.558334 0.277273
vt 0.441666 0.777273
vt 0.558334 0.777273
vt 0.441666 0.472727
vt 0.558334 0.472727
vt 0.152273 0.722727
vt 0.847727 0.722727
vt 0.152273 0.527273
vt 0.847727 0.527273
vt 0.347727 0.722727
vt 0.652273 0.722727
vt 0.347727 0.527273
vt 0.652273 0.527273
vt 0.152273 0.527273
vt 0.847727 0.527273
vt 0.347727 0.722727
vt 0.347727 0.527273
vt 0.750000 0.416667
vt 0.750000 0.500000
vt 0.700000 0.500000
vt 0.700000 0.416667
vt 0.750000 0.666667
vt 0.750000 0.750000
vt 0.700000 0.750000
vt 0.700000 0.666667
vt 0.750000 0.083333
vt 0.750000 0.166667
vt 0.700000 0.166667
vt 0.700000 0.083333
vt 0.750000 0.916667
vt 0.725000 1.000000
vt 0.700000 0.916667
vt 0.750000 0.333333
vt 0.700000 0.333333
vt 0.750000 0.583333
vt 0.700000 0.583333
vt 0.725000 0.000000
vt 0.750000 0.833333
vt 0.700000 0.833333
vt 0.750000 0.250000
vt 0.700000 0.250000
vt 0.650000 0.666667
vt 0.650000 0.583333
vt 0.675000 0.000000
vt 0.650000 0.083333
vt 0.650000 0.916667
vt 0.650000 0.833333
vt 0.650000 0.333333
vt 0.650000 0.250000
vt 0.650000 0.500000
vt 0.650000 0.750000
vt 0.650000 0.166667
vt 0.650000 0.416667
vt 0.675000 1.000000
vt 0.600000 0.750000
vt 0.600000 0.666667
vt 0.600000 0.166667
vt 0.600000 0.083333
vt 0.600000 0.916667
vt 0.600000 0.416667
vt 0.600000 0.333333
vt 0.600000 0.583333
vt 0.625000 0.000000
vt 0.600000 0.833333
vt 0.600000 0.250000
vt 0.600000 0.500000
vt 0.550000 0.583333
vt 0.550000 0.500000
vt 0.550000 0.833333
vt 0.550000 0.750000
vt 0.550000 0.250000
vt 0.550000 0.166667
vt 0.550000 0.416667
vt 0.550000 0.666667
vt 0.550000 0.083333
vt 0.575000 1.000000
vt 0.550000 0.916667
vt 0.550000 0.333333
vt 0.575000 0.000000
vt 0.500000 0.666667
vt 0.500000 0.583333
vt 0.525000 0.000000
vt 0.500000 0.083333
vt 0.500000 0.916667
vt 0.500000 0.833333
vt 0.500000 0.333333
vt 0.500000 0.250000
vt 0.500000 0.500000
vt 0.500000 0.750000
vt 0.500000 0.166667
vt 0.500000 0.416667
vt 0.525000 1.000000
vt 0.450000 0.500000
vt 0.450000 0.416667
vt 0.450000 0.750000
vt 0.450000 0.666667
vt 0.450000 0.166667
vt 0.450000 0.083333
vt 0.475000 1.000000
vt 0.450000 0.916667
vt 0.450000 0.333333
vt 0.450000 0.583333
vt 0.475000 0.000000
vt 0.450000 0.833333
vt 0.450000 0.250000
vt 0.400000 0.583333
vt 0.400000 0.500000
vt 0.400000 0.833333
vt 0.400000 0.750000
vt 0.400000 0.250000
vt 0.400000 0.166667
vt 0.400000 0.416667
vt 0.400000 0.666667
vt 0.400000 0.083333
vt 0.425000 1.000000
vt 0.400000 0.916667
vt 0.400000 0.333333
vt 0.425000 0.000000
vt 0.350000 0.416667
vt 0.350000 0.333333
vt 0.350000 0.666667
vt 0.350000 0.583333
vt 0.350000 0.083333
vt 0.350000 0.916667
vt 0.350000 0.833333
vt 0.350000 0.250000
vt 0.350000 0.500000
vt 0.350000 0.750000
vt 0.350000 0.166667
vt 0.375000 1.000000
vt 0.300000 0.500000
vt 0.300000 0.416667
vt 0.300000 0.750000
vt 0.300000 0.666667
vt 0.300000 0.166667
vt 0.300000 0.083333
vt 0.325000 1.000000
vt 0.300000 0.916667
vt 0.300000 0.333333
vt 0.300000 0.583333
vt 0.325000 0.000000
vt 0.300000 0.833333
vt 0.300000 0.250000
vt 0.250000 0.333333
vt 0.250000 0.250000
vt 0.250000 0.583333
vt 0.250000 0.500000
vt 0.250000 0.833333
vt 0.250000 0.750000
vt 0.250000 0.166667
vt 0.250000 0.416667
vt 0.250000 0.666667
vt 0.250000 0.083333
vt 0.275000 1.000000
vt 0.250000 0.916667
vt 0.275000 0.000000
vt 0.225000 1.000000
vt 0.200000 0.916667
vt 0.200000 0.416667
vt 0.200000 0.333333
vt 0.200000 0.666667
vt 0.200000 0.583333
vt 0.225000 0.000000
vt 0.200000 0.083333
vt 0.200000 0.833333
vt 0.200000 0.250000
vt 0.200000 0.500000
vt 0.200000 0.750000
vt 0.200000 0.166667
vt 0.150000 0.250000
vt 0.150000 0.166667
vt 0.150000 0.500000
vt 0.150000 0.416667
vt 0.150000 0.750000
vt 0.150000 0.666667
vt 0.150000 0.083333
vt 0.175000 1.000000
vt 0.150000 0.916667
vt 0.150000 0.333333
vt 0.150000 0.583333
vt 0.175000 0.000000
vt 0.150000 0.833333
vt 0.100000 0.916667
vt 0.100000 0.833333
vt 0.100000 0.333333
vt 0.100000 0.250000
vt 0.100000 0.583333
vt 0.100000 0.500000
vt 0.100000 0.750000
vt 0.100000 0.166667
vt 0.100000 0.416667
vt 0.100000 0.666667
vt 0.100000 0.083333
vt 0.125000 1.000000
vt 0.125000 0.000000
vt 0.050000 0.166667
vt 0.050000 0.083333
vt 0.075000 1.000000
vt 0.050000 0.916667
vt 0.050000 0.416667
vt 0.050000 0.333333
vt 0.050000 0.666667
vt 0.050000 0.583333
vt 0.075000 0.000000
vt 0.050000 0.833333
vt 0.050000 0.250000
vt 0.050000 0.500000
vt 0.050000 0.750000
vt 0.000000 0.833333
vt 0.000000 0.750000
vt 0.000000 0.250000
vt 0.000000 0.166667
vt 0.000000 0.500000
vt 0.000000 0.416667
vt 0.000000 0.666667
vt 0.000000 0.083333
vt 0.025000 1.000000
vt 0.000000 0.916667
vt 0.000000 0.333333
vt 0.000000 0.583333
vt 0.025000 0.000000
vt 0.975000 0.000000
vt 1.000000 0.083333
vt 0.950000 0.083333
vt 1.000000 0.833333
vt 1.000000 0.916667
vt 0.950000 0.916667
vt 0.950000 0.833333
vt 1.000000 0.250000
vt 1.000000 0.333333
vt 0.950000 0.333333
vt 0.950000 0.250000
vt 1.000000 0.500000
vt 1.000000 0.583333
vt 0.950000 0.583333
vt 0.950000 0.500000
vt 1.000000 0.750000
vt 0.950000 0.750000
vt 1.000000 0.166667
vt 0.950000 0.166667
vt 1.000000 0.416667
vt 0.950000 0.416667
vt 1.000000 0.666667
vt 0.950000 0.666667
vt 0.975000 1.000000
vt 0.900000 0.750000
vt 0.900000 0.666667
vt 0.900000 0.166667
vt 0.900000 0.083333
vt 0.925000 1.000000
vt 0.900000 0.916667
vt 0.900000 0.416667
vt 0.900000 0.333333
vt 0.900000 0.583333
vt 0.925000 0.000000
vt 0.900000 0.833333
vt 0.900000 0.250000
vt 0.900000 0.500000
vt 0.850000 0.833333
vt 0.850000 0.750000
vt 0.850000 0.250000
vt 0.850000 0.166667
vt 0.850000 0.500000
vt 0.850000 0.416667
vt 0.850000 0.666667
vt 0.850000 0.083333
vt 0.875000 1.000000
vt 0.850000 0.916667
vt 0.850000 0.333333
vt 0.850000 0.583333
vt 0.875000 0.000000
vt 0.800000 0.666667
vt 0.800000 0.583333
vt 0.825000 0.000000
vt 0.800000 0.083333
vt 0.800000 0.916667
vt 0.800000 0.833333
vt 0.800000 0.333333
vt 0.800000 0.250000
vt 0.800000 0.500000
vt 0.800000 0.750000
vt 0.800000 0.166667
vt 0.800000 0.416667
vt 0.825000 1.000000
vt 0.775000 1.000000
vt 0.775000 0.000000
vt 0.148437 0.703125
vt 0.148437 0.750000
vt 0.134906 0.750000
vt 0.125000 0.703125
vt 0.428571 0.976563
vt 0.428572 1.000000
vt 0.397643 1.000000
vt 0.375000 0.976563
vt 0.428571 0.046875
vt 0.375000 0.046875
vt 0.375000 0.019811
vt 0.428572 0.000000
vt 0.571429 0.976563
vt 0.625000 0.976562
vt 0.625000 0.990094
vt 0.571429 1.000000
vt 0.851563 0.703125
vt 0.875000 0.703125
vt 0.875000 0.730189
vt 0.851563 0.750000
vt 0.571429 0.046875
vt 0.571429 0.000000
vt 0.602358 0.000000
vt 0.625000 0.046875
vt 0.148437 0.546875
vt 0.125000 0.546875
vt 0.125000 0.519812
vt 0.148437 0.500000
vt 0.428571 0.203125
vt 0.428572 0.250000
vt 0.386321 0.254953
vt 0.375000 0.203125
vt 0.428571 0.273437
vt 0.375000 0.273437
vt 0.851562 0.546875
vt 0.851563 0.500000
vt 0.865094 0.500000
vt 0.875000 0.546875
vt 0.571429 0.273438
vt 0.571429 0.250000
vt 0.613679 0.240094
vt 0.625000 0.273437
vt 0.571429 0.203125
vt 0.625000 0.203125
vt 0.351562 0.703125
vt 0.375000 0.703125
vt 0.382548 0.746698
vt 0.363281 0.761719
vt 0.428571 0.703125
vt 0.428572 0.750000
vt 0.428571 0.773438
vt 0.648438 0.703125
vt 0.636719 0.761719
vt 0.620755 0.743396
vt 0.625000 0.703125
vt 0.571429 0.773438
vt 0.571429 0.750000
vt 0.571429 0.703125
vt 0.351562 0.546875
vt 0.363281 0.488281
vt 0.379246 0.506604
vt 0.375000 0.546875
vt 0.428571 0.476563
vt 0.428572 0.500000
vt 0.428571 0.546875
vt 0.648437 0.546875
vt 0.625000 0.546875
vt 0.617453 0.503302
vt 0.636719 0.488281
vt 0.571429 0.546875
vt 0.571429 0.500000
vt 0.571429 0.476562
vt 0.148438 0.703125
vt 0.148438 0.750000
vt 0.134906 0.750000
vt 0.375000 0.976562
vt 0.571429 0.976562
vt 0.851562 0.703125
vt 0.851562 0.750000
vt 0.148437 0.546875
vt 0.148438 0.500000
vt 0.428571 0.273438
vt 0.375000 0.273438
vt 0.851562 0.500000
vt 0.865094 0.500000
vt 0.571429 0.273438
vt 0.625000 0.273438
vt 0.571429 0.773438
vt 0.363281 0.488281
vt 0.379246 0.506604
vt 0.428571 0.476563
vt 0.648438 0.546875
vt 0.571429 0.476563
vt 0.140000 0.700000
vt 0.140000 0.750000
vt 0.131340 0.750000
vt 0.125000 0.700000
vt 0.425000 0.985000
vt 0.425000 1.000000
vt 0.396133 1.000000
vt 0.375000 0.985000
vt 0.425000 0.050000
vt 0.375000 0.050000
vt 0.375000 0.021132
vt 0.425000 0.000000
vt 0.575000 0.985000
vt 0.625000 0.985000
vt 0.625000 0.993660
vt 0.575000 1.000000
vt 0.860000 0.700000
vt 0.875000 0.700000
vt 0.875000 0.728868
vt 0.860000 0.750000
vt 0.575000 0.050000
vt 0.575000 0.000000
vt 0.603867 0.000000
vt 0.625000 0.050000
vt 0.140000 0.550000
vt 0.125000 0.550000
vt 0.125000 0.521132
vt 0.140000 0.500000
vt 0.425000 0.200000
vt 0.425000 0.250000
vt 0.385566 0.253170
vt 0.375000 0.200000
vt 0.425000 0.265000
vt 0.375000 0.265000
vt 0.860000 0.550000
vt 0.860000 0.500000
vt 0.868660 0.500000
vt 0.875000 0.550000
vt 0.575000 0.265000
vt 0.575000 0.250000
vt 0.614434 0.239434
vt 0.625000 0.265000
vt 0.575000 0.200000
vt 0.625000 0.200000
vt 0.360000 0.700000
vt 0.375000 0.700000
vt 0.382044 0.745069
vt 0.367500 0.757500
vt 0.425000 0.700000
vt 0.425000 0.750000
vt 0.425000 0.765000
vt 0.640000 0.700000
vt 0.632500 0.757500
vt 0.620069 0.742956
vt 0.625000 0.700000
vt 0.575000 0.765000
vt 0.575000 0.750000
vt 0.575000 0.700000
vt 0.360000 0.550000
vt 0.367500 0.492500
vt 0.379931 0.507044
vt 0.375000 0.550000
vt 0.425000 0.485000
vt 0.425000 0.500000
vt 0.425000 0.550000
vt 0.640000 0.550000
vt 0.625000 0.550000
vt 0.617956 0.504931
vt 0.632500 0.492500
vt 0.575000 0.550000
vt 0.575000 0.500000
vt 0.575000 0.485000
vt 0.142787 0.625000
vt 0.142787 0.750000
vt 0.132517 0.750000
vt 0.125000 0.625000
vt 0.392787 0.982213
vt 0.392787 1.000000
vt 0.382517 1.000000
vt 0.375000 0.982213
vt 0.392787 0.125000
vt 0.375000 0.125000
vt 0.375000 0.052831
vt 0.392787 0.000000
vt 0.607213 0.982213
vt 0.625000 0.982213
vt 0.625000 0.992483
vt 0.607213 1.000000
vt 0.857213 0.625000
vt 0.875000 0.625000
vt 0.875000 0.697169
vt 0.857213 0.750000
vt 0.607213 0.125000
vt 0.607213 0.000000
vt 0.617482 0.000000
vt 0.625000 0.125000
vt 0.125000 0.552831
vt 0.142787 0.500000
vt 0.392787 0.250000
vt 0.378759 0.253759
vt 0.392787 0.267787
vt 0.375000 0.267787
vt 0.857213 0.500000
vt 0.867482 0.500000
vt 0.607213 0.267787
vt 0.607213 0.250000
vt 0.621241 0.223584
vt 0.625000 0.267787
vt 0.357213 0.625000
vt 0.375000 0.625000
vt 0.377506 0.734895
vt 0.366107 0.758893
vt 0.392787 0.625000
vt 0.392787 0.750000
vt 0.392787 0.767787
vt 0.642787 0.625000
vt 0.633893 0.758893
vt 0.625000 0.732390
vt 0.625000 0.625000
vt 0.607213 0.767787
vt 0.607213 0.750000
vt 0.607213 0.625000
vt 0.366107 0.491107
vt 0.375000 0.517610
vt 0.392787 0.482213
vt 0.392787 0.500000
vt 0.622494 0.515105
vt 0.633893 0.491107
vt 0.607213 0.500000
vt 0.607213 0.482213
vt 0.142045 0.687500
vt 0.142045 0.750000
vt 0.132204 0.750000
vt 0.125000 0.687500
vt 0.392045 0.982955
vt 0.392045 1.000000
vt 0.382204 1.000000
vt 0.375000 0.982955
vt 0.392045 0.062500
vt 0.375000 0.062500
vt 0.375000 0.026416
vt 0.392045 0.000000
vt 0.607955 0.982955
vt 0.625000 0.982955
vt 0.625000 0.992796
vt 0.607955 1.000000
vt 0.857955 0.687500
vt 0.875000 0.687500
vt 0.875000 0.723584
vt 0.857955 0.750000
vt 0.607955 0.062500
vt 0.607955 0.000000
vt 0.617796 0.000000
vt 0.625000 0.062500
vt 0.142045 0.562500
vt 0.125000 0.562500
vt 0.125000 0.526416
vt 0.142045 0.500000
vt 0.392045 0.187500
vt 0.392045 0.250000
vt 0.378602 0.253602
vt 0.375000 0.187500
vt 0.392045 0.267045
vt 0.375000 0.267045
vt 0.857955 0.562500
vt 0.857955 0.500000
vt 0.867796 0.500000
vt 0.875000 0.562500
vt 0.607955 0.267045
vt 0.607955 0.250000
vt 0.621398 0.236792
vt 0.625000 0.267045
vt 0.607955 0.187500
vt 0.625000 0.187500
vt 0.357955 0.687500
vt 0.375000 0.687500
vt 0.377401 0.743596
vt 0.366477 0.758523
vt 0.392045 0.687500
vt 0.392045 0.750000
vt 0.392045 0.767045
vt 0.642045 0.687500
vt 0.633523 0.758523
vt 0.625000 0.741195
vt 0.625000 0.687500
vt 0.607955 0.767045
vt 0.607955 0.750000
vt 0.607955 0.687500
vt 0.357955 0.562500
vt 0.366477 0.491477
vt 0.375000 0.508805
vt 0.375000 0.562500
vt 0.392045 0.482955
vt 0.392045 0.500000
vt 0.392045 0.562500
vt 0.642045 0.562500
vt 0.625000 0.562500
vt 0.622599 0.506404
vt 0.633523 0.491477
vt 0.607955 0.562500
vt 0.607955 0.500000
vt 0.607955 0.482955
vt 0.153409 0.721428
vt 0.153409 0.750000
vt 0.137007 0.750000
vt 0.125000 0.721429
vt 0.403409 0.971591
vt 0.403409 1.000000
vt 0.387007 1.000000
vt 0.375000 0.971591
vt 0.403409 0.028572
vt 0.375000 0.028571
vt 0.375000 0.012075
vt 0.403409 0.000000
vt 0.596591 0.971591
vt 0.625000 0.971591
vt 0.625000 0.987993
vt 0.596591 1.000000
vt 0.846591 0.721428
vt 0.875000 0.721429
vt 0.875000 0.737924
vt 0.846591 0.750000
vt 0.596591 0.028572
vt 0.596591 0.000000
vt 0.612993 0.000000
vt 0.625000 0.028571
vt 0.153409 0.528571
vt 0.125000 0.528571
vt 0.125000 0.512076
vt 0.153409 0.500000
vt 0.403409 0.221428
vt 0.403409 0.250000
vt 0.381004 0.256004
vt 0.375000 0.221428
vt 0.403409 0.278409
vt 0.375000 0.278409
vt 0.846591 0.528572
vt 0.846591 0.500000
vt 0.862993 0.500000
vt 0.875000 0.528571
vt 0.596591 0.278409
vt 0.596591 0.250000
vt 0.618996 0.243962
vt 0.625000 0.278409
vt 0.596591 0.221428
vt 0.625000 0.221428
vt 0.346591 0.721428
vt 0.375000 0.721428
vt 0.379002 0.749977
vt 0.360795 0.764205
vt 0.403409 0.721428
vt 0.403409 0.750000
vt 0.403409 0.778409
vt 0.653409 0.721428
vt 0.639205 0.764205
vt 0.625000 0.745975
vt 0.625000 0.721429
vt 0.596591 0.778409
vt 0.596591 0.750000
vt 0.596591 0.721429
vt 0.346591 0.528572
vt 0.360795 0.485795
vt 0.375000 0.504025
vt 0.375000 0.528571
vt 0.403409 0.471591
vt 0.403409 0.500000
vt 0.403409 0.528571
vt 0.653409 0.528571
vt 0.625000 0.528571
vt 0.620998 0.500023
vt 0.639205 0.485795
vt 0.596591 0.528572
vt 0.596591 0.500000
vt 0.596591 0.471591
vt 0.165584 0.732639
vt 0.165584 0.750000
vt 0.125000 0.732639
vt 0.584416 0.959416
vt 0.625000 0.959416
vt 0.584416 1.000000
vt 0.165584 0.517361
vt 0.125000 0.517361
vt 0.165584 0.500000
vt 0.625000 0.271269
vt 0.584416 0.290584
vt 0.584416 0.236979
vt 0.334416 0.732639
vt 0.405438 0.732639
vt 0.375000 0.770292
vt 0.645292 0.761612
vt 0.584416 0.790584
vt 0.584416 0.736979
vt 0.334416 0.517361
vt 0.375000 0.479708
vt 0.405438 0.517361
vt 0.645292 0.502875
vt 0.584416 0.517361
vt 0.584416 0.469562
vt 0.415584 0.000000
vt 0.584416 0.000000
vt 0.584416 0.017361
vt 0.415584 0.017361
vt 0.625000 0.017361
vt 0.415584 0.290584
vt 0.415584 0.232639
vt 0.415584 0.959416
vt 0.834416 0.517361
vt 0.834416 0.732639
vt 0.142787 0.750000
vt 0.132517 0.750000
vt 0.375000 0.982213
vt 0.625000 0.982213
vt 0.857213 0.750000
vt 0.142787 0.500000
vt 0.375000 0.267787
vt 0.867483 0.500000
vt 0.366107 0.758893
vt 0.366107 0.491107
vt 0.633893 0.491107
vt 0.142045 0.687500
vt 0.142045 0.750000
vt 0.392045 0.982955
vt 0.607955 0.982955
vt 0.857955 0.750000
vt 0.142045 0.562500
vt 0.142045 0.500000
vt 0.392045 0.267045
vt 0.857955 0.562500
vt 0.857955 0.500000
vt 0.607955 0.267045
vt 0.625000 0.267045
vt 0.357955 0.687500
vt 0.366477 0.758523
vt 0.392045 0.767045
vt 0.642045 0.687500
vt 0.633523 0.758523
vt 0.625000 0.741195
vt 0.607955 0.767045
vt 0.357955 0.562500
vt 0.366477 0.491477
vt 0.392045 0.482955
vt 0.642045 0.562500
vt 0.607955 0.482955
vt 0.153409 0.721429
vt 0.153409 0.750000
vt 0.403409 0.971591
vt 0.375000 0.971591
vt 0.596591 0.971591
vt 0.625000 0.971591
vt 0.846591 0.721429
vt 0.846591 0.750000
vt 0.153409 0.528572
vt 0.153409 0.500000
vt 0.403409 0.278409
vt 0.375000 0.278409
vt 0.846591 0.528572
vt 0.596591 0.278409
vt 0.625000 0.278409
vt 0.140625 0.730263
vt 0.140625 0.740119
vt 0.133153 0.739702
vt 0.132823 0.730263
vt 0.140625 0.750000
vt 0.133153 0.750000
vt 0.398438 0.984375
vt 0.398438 1.000000
vt 0.375000 0.991847
vt 0.375000 0.984375
vt 0.398438 0.000000
vt 0.398437 0.009881
vt 0.375000 0.010298
vt 0.398437 0.019737
vt 0.375000 0.019737
vt 0.125000 0.730263
vt 0.125000 0.739702
vt 0.601562 0.984375
vt 0.613266 0.984375
vt 0.612771 1.000000
vt 0.601563 1.000000
vt 0.625000 0.984375
vt 0.859375 0.730263
vt 0.875000 0.730263
vt 0.875000 0.739702
vt 0.859375 0.750000
vt 0.625000 0.019737
vt 0.613266 0.019737
vt 0.612771 0.010298
vt 0.625000 0.010298
vt 0.601563 0.019737
vt 0.601563 0.009881
vt 0.601563 0.000000
vt 0.612771 0.000000
vt 0.140625 0.519737
vt 0.132823 0.519737
vt 0.133153 0.510298
vt 0.140625 0.509881
vt 0.125000 0.519737
vt 0.125000 0.510298
vt 0.398437 0.230263
vt 0.398437 0.240119
vt 0.375000 0.239702
vt 0.375000 0.230263
vt 0.398437 0.257823
vt 0.375000 0.258153
vt 0.398438 0.265625
vt 0.375000 0.265625
vt 0.140625 0.500000
vt 0.133153 0.500000
vt 0.859375 0.519737
vt 0.859375 0.500000
vt 0.875000 0.510298
vt 0.875000 0.519737
vt 0.625000 0.265625
vt 0.613266 0.265625
vt 0.612771 0.254815
vt 0.625000 0.243134
vt 0.601563 0.265625
vt 0.601562 0.257823
vt 0.601563 0.240119
vt 0.612771 0.239702
vt 0.601562 0.230263
vt 0.613266 0.230263
vt 0.625000 0.230263
vt 0.359375 0.730263
vt 0.367177 0.730263
vt 0.366847 0.739702
vt 0.359375 0.740119
vt 0.386734 0.730263
vt 0.383143 0.739702
vt 0.398437 0.730263
vt 0.398437 0.740119
vt 0.398437 0.757823
vt 0.370924 0.754076
vt 0.398438 0.765625
vt 0.367188 0.757812
vt 0.640625 0.730263
vt 0.632812 0.757812
vt 0.629076 0.754076
vt 0.632823 0.730263
vt 0.613266 0.765625
vt 0.612771 0.758153
vt 0.601563 0.765625
vt 0.601562 0.757823
vt 0.601562 0.740119
vt 0.612771 0.743305
vt 0.601563 0.730263
vt 0.613266 0.730263
vt 0.359375 0.519737
vt 0.359375 0.509881
vt 0.366847 0.510298
vt 0.367177 0.519737
vt 0.367188 0.492188
vt 0.370924 0.495924
vt 0.398438 0.484375
vt 0.398437 0.492177
vt 0.398438 0.509881
vt 0.383143 0.510298
vt 0.398437 0.519737
vt 0.386734 0.519737
vt 0.640625 0.519737
vt 0.632823 0.519737
vt 0.629076 0.495924
vt 0.632812 0.492188
vt 0.613266 0.519737
vt 0.612771 0.506695
vt 0.601562 0.519737
vt 0.601563 0.509881
vt 0.601563 0.492177
vt 0.612771 0.491847
vt 0.601562 0.484375
vt 0.613266 0.484375
vt 0.142361 0.721591
vt 0.142361 0.735777
vt 0.134059 0.735176
vt 0.133692 0.721591
vt 0.142361 0.750000
vt 0.134059 0.750000
vt 0.403409 0.982639
vt 0.403409 1.000000
vt 0.375000 0.990941
vt 0.375000 0.982639
vt 0.403409 0.000000
vt 0.403409 0.014223
vt 0.375000 0.014824
vt 0.403409 0.028409
vt 0.375000 0.028409
vt 0.125000 0.721591
vt 0.125000 0.735176
vt 0.596591 0.982639
vt 0.610777 0.982639
vt 0.610177 1.000000
vt 0.596591 1.000000
vt 0.625000 0.982639
vt 0.857639 0.721591
vt 0.875000 0.721591
vt 0.875000 0.735176
vt 0.857639 0.750000
vt 0.625000 0.028409
vt 0.610777 0.028409
vt 0.610177 0.014824
vt 0.625000 0.014824
vt 0.596591 0.028409
vt 0.596591 0.014223
vt 0.596591 0.000000
vt 0.610177 0.000000
vt 0.142361 0.528409
vt 0.133692 0.528409
vt 0.134059 0.514823
vt 0.142361 0.514223
vt 0.125000 0.528409
vt 0.125000 0.514824
vt 0.403409 0.221591
vt 0.403409 0.235777
vt 0.375000 0.235176
vt 0.375000 0.221591
vt 0.403409 0.258692
vt 0.375000 0.259059
vt 0.403409 0.267361
vt 0.375000 0.267361
vt 0.142361 0.500000
vt 0.134059 0.500000
vt 0.857639 0.528409
vt 0.857639 0.500000
vt 0.875000 0.514824
vt 0.875000 0.528409
vt 0.625000 0.267361
vt 0.610777 0.267361
vt 0.610176 0.254924
vt 0.625000 0.240118
vt 0.596591 0.267361
vt 0.596591 0.258692
vt 0.596591 0.235777
vt 0.610176 0.235176
vt 0.596591 0.221591
vt 0.610777 0.221591
vt 0.625000 0.221591
vt 0.357639 0.721591
vt 0.366308 0.721591
vt 0.365941 0.735176
vt 0.357639 0.735777
vt 0.389223 0.721591
vt 0.384975 0.735176
vt 0.403409 0.721591
vt 0.403409 0.735777
vt 0.403409 0.758692
vt 0.370471 0.754529
vt 0.403409 0.767361
vt 0.366319 0.758681
vt 0.642361 0.721591
vt 0.633681 0.758681
vt 0.629529 0.754529
vt 0.633692 0.721591
vt 0.610777 0.767361
vt 0.610176 0.759059
vt 0.596591 0.767361
vt 0.596591 0.758692
vt 0.596591 0.735777
vt 0.610176 0.740025
vt 0.596591 0.721591
vt 0.610777 0.721591
vt 0.357639 0.528409
vt 0.357639 0.514223
vt 0.365941 0.514824
vt 0.366308 0.528409
vt 0.366319 0.491319
vt 0.370471 0.495471
vt 0.403409 0.482639
vt 0.403409 0.491308
vt 0.403409 0.514223
vt 0.384975 0.514824
vt 0.403409 0.528409
vt 0.389223 0.528409
vt 0.642361 0.528409
vt 0.633692 0.528409
vt 0.629529 0.495471
vt 0.633681 0.491319
vt 0.610777 0.528409
vt 0.610177 0.509975
vt 0.596591 0.528409
vt 0.596591 0.514223
vt 0.596591 0.491308
vt 0.610176 0.490941
vt 0.596591 0.482639
vt 0.610777 0.482639
vt 1.000000 0.562500
vt 0.937500 0.562500
vt 0.937500 0.500000
vt 0.998667 0.500000
vt 0.750000 0.489610
vt 0.841695 0.471371
vt 0.828466 0.439435
vt 0.750000 0.455043
vt 0.937500 0.937500
vt 1.000000 0.937500
vt 0.998667 1.000000
vt 0.937500 1.000000
vt 0.341695 0.471371
vt 0.250000 0.489610
vt 0.250000 0.455043
vt 0.328466 0.439435
vt 0.875000 0.500000
vt 0.919430 0.419430
vt 0.894987 0.394987
vt 0.875000 0.937500
vt 0.875000 1.000000
vt 0.419430 0.419430
vt 0.394987 0.394987
vt 0.812500 0.562500
vt 0.812500 0.500000
vt 0.971371 0.341695
vt 0.939435 0.328466
vt 0.812500 0.937500
vt 0.812500 1.000000
vt 0.471371 0.341695
vt 0.439435 0.328466
vt 0.750000 0.562500
vt 0.989610 0.250000
vt 0.955043 0.250000
vt 0.750000 0.937500
vt 0.750000 1.000000
vt 0.489610 0.250000
vt 0.455043 0.250000
vt 0.687500 0.562500
vt 0.687500 0.500000
vt 0.971371 0.158305
vt 0.939435 0.171534
vt 0.687500 0.937500
vt 0.687500 1.000000
vt 0.471371 0.158305
vt 0.439435 0.171534
vt 0.625000 0.500000
vt 0.919430 0.080570
vt 0.894987 0.105013
vt 0.625000 0.937500
vt 0.419430 0.080570
vt 0.394987 0.105013
vt 0.562500 0.562500
vt 0.562500 0.500000
vt 0.841695 0.028629
vt 0.828466 0.060565
vt 0.562500 0.937500
vt 0.562500 1.000000
vt 0.341695 0.028629
vt 0.328466 0.060565
vt 0.500000 0.562500
vt 0.750000 0.010390
vt 0.750000 0.044957
vt 0.500000 0.937500
vt 0.500000 1.000000
vt 0.250000 0.010390
vt 0.250000 0.044957
vt 0.437500 0.562500
vt 0.437500 0.500000
vt 0.658305 0.028629
vt 0.671534 0.060565
vt 0.437500 0.937500
vt 0.437500 1.000000
vt 0.158305 0.028629
vt 0.171534 0.060565
vt 0.375000 0.500000
vt 0.580570 0.080570
vt 0.605013 0.105013
vt 0.375000 0.937500
vt 0.080570 0.080570
vt 0.105013 0.105013
vt 0.312500 0.562500
vt 0.312500 0.500000
vt 0.528629 0.158305
vt 0.560565 0.171534
vt 0.312500 0.937500
vt 0.312500 1.000000
vt 0.028629 0.158305
vt 0.060565 0.171534
vt 0.250000 0.562500
vt 0.250000 0.500000
vt 0.510390 0.250000
vt 0.544957 0.250000
vt 0.250000 0.937500
vt 0.250000 1.000000
vt 0.010390 0.250000
vt 0.044957 0.250000
vt 0.187500 0.562500
vt 0.187500 0.500000
vt 0.528629 0.341695
vt 0.560565 0.328466
vt 0.187500 0.937500
vt 0.187500 1.000000
vt 0.028629 0.341695
vt 0.060565 0.328466
vt 0.125000 0.500000
vt 0.580570 0.419430
vt 0.605013 0.394987
vt 0.125000 0.937500
vt 0.125000 1.000000
vt 0.080570 0.419430
vt 0.105013 0.394987
vt 0.062500 0.562500
vt 0.062500 0.500000
vt 0.658305 0.471371
vt 0.671534 0.439435
vt 0.062500 0.937500
vt 0.062500 1.000000
vt 0.158305 0.471371
vt 0.171534 0.439435
vt 0.000000 0.562500
vt 0.001333 0.500000
vt 0.000000 0.937500
vt 0.001333 1.000000
vt 0.140625 0.714286
vt 0.140625 0.750000
vt 0.131604 0.750000
vt 0.125000 0.714286
vt 0.406250 0.984375
vt 0.406250 1.000000
vt 0.388208 1.000000
vt 0.406250 0.035714
vt 0.375000 0.035714
vt 0.375000 0.015095
vt 0.406250 0.000000
vt 0.593750 0.984375
vt 0.625000 0.993396
vt 0.593750 1.000000
vt 0.859375 0.714286
vt 0.875000 0.714286
vt 0.875000 0.734905
vt 0.593750 0.035714
vt 0.593750 0.000000
vt 0.611792 0.000000
vt 0.625000 0.035714
vt 0.140625 0.535714
vt 0.125000 0.535714
vt 0.125000 0.515095
vt 0.140625 0.500000
vt 0.406250 0.214286
vt 0.406250 0.250000
vt 0.381604 0.253302
vt 0.375000 0.214286
vt 0.406250 0.265625
vt 0.859375 0.535714
vt 0.868396 0.500000
vt 0.875000 0.535714
vt 0.593750 0.265625
vt 0.593750 0.250000
vt 0.618396 0.242453
vt 0.593750 0.214286
vt 0.625000 0.214286
vt 0.359375 0.714286
vt 0.375000 0.714286
vt 0.379403 0.747170
vt 0.406250 0.714286
vt 0.406250 0.750000
vt 0.406250 0.765625
vt 0.640625 0.714286
vt 0.622799 0.744968
vt 0.625000 0.714286
vt 0.593750 0.765625
vt 0.593750 0.750000
vt 0.593750 0.714286
vt 0.359375 0.535714
vt 0.377201 0.505032
vt 0.375000 0.535714
vt 0.406250 0.484375
vt 0.406250 0.500000
vt 0.406250 0.535714
vt 0.640625 0.535714
vt 0.625000 0.535714
vt 0.620597 0.502830
vt 0.593750 0.535714
vt 0.593750 0.500000
vt 0.593750 0.484375
vt 0.146307 0.703125
vt 0.146307 0.750000
vt 0.134005 0.750000
vt 0.125000 0.703125
vt 0.437500 0.978693
vt 0.437500 1.000000
vt 0.401415 1.000000
vt 0.375000 0.978693
vt 0.437500 0.046875
vt 0.375000 0.046875
vt 0.375000 0.019812
vt 0.437500 0.000000
vt 0.562500 0.978693
vt 0.625000 0.978693
vt 0.625000 0.990995
vt 0.562500 1.000000
vt 0.853693 0.703125
vt 0.875000 0.703125
vt 0.875000 0.730188
vt 0.853693 0.750000
vt 0.562500 0.046875
vt 0.562500 0.000000
vt 0.598584 0.000000
vt 0.625000 0.046875
vt 0.146307 0.546875
vt 0.146307 0.500000
vt 0.437500 0.203125
vt 0.437500 0.250000
vt 0.388208 0.254503
vt 0.437500 0.271307
vt 0.375000 0.271307
vt 0.853693 0.546875
vt 0.853693 0.500000
vt 0.865995 0.500000
vt 0.875000 0.546875
vt 0.562500 0.271307
vt 0.562500 0.250000
vt 0.611792 0.240094
vt 0.625000 0.271307
vt 0.562500 0.203125
vt 0.625000 0.203125
vt 0.353693 0.703125
vt 0.383805 0.746398
vt 0.364347 0.760653
vt 0.437500 0.703125
vt 0.437500 0.750000
vt 0.437500 0.771307
vt 0.646307 0.703125
vt 0.635653 0.760653
vt 0.619197 0.743396
vt 0.625000 0.703125
vt 0.562500 0.771307
vt 0.562500 0.750000
vt 0.562500 0.703125
vt 0.353693 0.546875
vt 0.364347 0.489347
vt 0.380803 0.506604
vt 0.375000 0.546875
vt 0.437500 0.478693
vt 0.437500 0.500000
vt 0.437500 0.546875
vt 0.646307 0.546875
vt 0.616195 0.503602
vt 0.635653 0.489347
vt 0.562500 0.546875
vt 0.562500 0.500000
vt 0.562500 0.478693
vt 0.160714 0.700000
vt 0.160714 0.750000
vt 0.140095 0.750000
vt 0.125000 0.700001
vt 0.400000 0.964286
vt 0.400000 1.000000
vt 0.385566 1.000000
vt 0.375000 0.964286
vt 0.400000 0.050000
vt 0.375000 0.049999
vt 0.375000 0.021132
vt 0.400000 0.000000
vt 0.600000 0.964286
vt 0.625000 0.964286
vt 0.625000 0.984905
vt 0.600000 1.000000
vt 0.839286 0.700000
vt 0.875000 0.700001
vt 0.875000 0.728868
vt 0.839286 0.750000
vt 0.600000 0.050000
vt 0.600000 0.000000
vt 0.614434 0.000000
vt 0.625000 0.049999
vt 0.160714 0.550000
vt 0.125000 0.549999
vt 0.125000 0.521132
vt 0.160714 0.500000
vt 0.400000 0.200000
vt 0.400000 0.250000
vt 0.380283 0.257547
vt 0.375000 0.200001
vt 0.400000 0.285714
vt 0.375000 0.285714
vt 0.839286 0.550000
vt 0.839286 0.500000
vt 0.859905 0.500000
vt 0.875000 0.549999
vt 0.600000 0.285714
vt 0.619717 0.239434
vt 0.625000 0.285714
vt 0.600000 0.200000
vt 0.625000 0.200001
vt 0.339286 0.700000
vt 0.375000 0.700001
vt 0.378522 0.747988
vt 0.357143 0.767857
vt 0.400000 0.700000
vt 0.400000 0.750000
vt 0.400000 0.785714
vt 0.660714 0.700000
vt 0.642857 0.767857
vt 0.626510 0.742956
vt 0.625000 0.700001
vt 0.600000 0.785714
vt 0.600000 0.700000
vt 0.339286 0.550000
vt 0.357143 0.482143
vt 0.373491 0.507044
vt 0.375000 0.549999
vt 0.400000 0.464286
vt 0.400000 0.500000
vt 0.400000 0.550000
vt 0.660714 0.550000
vt 0.625000 0.549999
vt 0.621478 0.502012
vt 0.642857 0.482143
vt 0.600000 0.550000
vt 0.600000 0.464286
vt 0.160714 0.700000
vt 0.160714 0.750000
vt 0.400000 0.964286
vt 0.375000 0.964286
vt 0.600000 0.964286
vt 0.839286 0.700000
vt 0.839286 0.750000
vt 0.160714 0.550000
vt 0.160714 0.500000
vt 0.380283 0.257547
vt 0.400000 0.285714
vt 0.375000 0.285714
vt 0.839286 0.500000
vt 0.600000 0.285714
vt 0.625000 0.285714
vt 0.339286 0.700000
vt 0.400000 0.785714
vt 0.660714 0.700000
vt 0.600000 0.785714
vt 0.339286 0.550000
vt 0.400000 0.464286
vt 0.660714 0.550000
vt 0.600000 0.464286
vt 0.160714 0.700000
vt 0.140095 0.750000
vt 0.600000 0.964286
vt 0.160714 0.550000
vt 0.160714 0.500000
vt 0.839286 0.550000
vt 0.859905 0.500000
vt 0.339286 0.700000
vt 0.378522 0.747988
vt 0.660714 0.550000
vt 0.140095 0.750000
vt 0.400000 0.964286
vt 0.839286 0.700000
vt 0.160714 0.550000
vt 0.160714 0.500000
vt 0.400000 0.285714
vt 0.339286 0.700000
vt 0.400000 0.785714
vt 0.660714 0.700000
vt 0.642857 0.767857
vt 0.357143 0.482143
vt 0.400000 0.464286
vt 0.660714 0.550000
vt 0.600000 0.464286
vt 0.144231 0.666667
vt 0.144231 0.750000
vt 0.133128 0.750000
vt 0.125000 0.666667
vt 0.387500 0.980769
vt 0.387500 1.000000
vt 0.380283 1.000000
vt 0.375000 0.980769
vt 0.387500 0.083333
vt 0.375000 0.083333
vt 0.375000 0.035221
vt 0.387500 0.000000
vt 0.612500 0.980769
vt 0.625000 0.980769
vt 0.625000 0.991872
vt 0.612500 1.000000
vt 0.855769 0.666667
vt 0.875000 0.666667
vt 0.875000 0.714779
vt 0.855769 0.750000
vt 0.612500 0.083333
vt 0.612500 0.000000
vt 0.619717 0.000000
vt 0.625000 0.083333
vt 0.144231 0.583333
vt 0.125000 0.583333
vt 0.125000 0.535221
vt 0.144231 0.500000
vt 0.387500 0.166667
vt 0.387500 0.250000
vt 0.377642 0.254064
vt 0.375000 0.166667
vt 0.387500 0.269231
vt 0.375000 0.269231
vt 0.855769 0.583333
vt 0.855769 0.500000
vt 0.866872 0.500000
vt 0.875000 0.583333
vt 0.612500 0.269231
vt 0.612500 0.250000
vt 0.622358 0.232390
vt 0.625000 0.269231
vt 0.612500 0.166667
vt 0.625000 0.166667
vt 0.355769 0.666667
vt 0.375000 0.666667
vt 0.376761 0.740969
vt 0.365385 0.759615
vt 0.387500 0.666667
vt 0.387500 0.750000
vt 0.387500 0.769231
vt 0.644231 0.666667
vt 0.634615 0.759615
vt 0.625948 0.738260
vt 0.625000 0.666667
vt 0.612500 0.769231
vt 0.612500 0.750000
vt 0.612500 0.666667
vt 0.355769 0.583333
vt 0.365385 0.490385
vt 0.374052 0.511740
vt 0.375000 0.583333
vt 0.387500 0.480769
vt 0.387500 0.500000
vt 0.387500 0.583333
vt 0.644231 0.583333
vt 0.625000 0.583333
vt 0.623239 0.509031
vt 0.634615 0.490385
vt 0.612500 0.583333
vt 0.612500 0.500000
vt 0.612500 0.480769
vt 0.159091 0.696428
vt 0.159091 0.723179
vt 0.142788 0.722047
vt 0.142068 0.696429
vt 0.159091 0.750000
vt 0.142788 0.750000
vt 0.386538 0.965909
vt 0.386538 0.982932
vt 0.375000 0.982212
vt 0.375000 0.965909
vt 0.386538 1.000000
vt 0.386538 0.053572
vt 0.375000 0.053571
vt 0.375000 0.027953
vt 0.386538 0.000000
vt 0.125000 0.696429
vt 0.125000 0.722047
vt 0.613461 0.965909
vt 0.619223 0.965909
vt 0.618979 0.982212
vt 0.613462 0.982932
vt 0.625000 0.965909
vt 0.625000 0.982212
vt 0.840909 0.696429
vt 0.875000 0.696428
vt 0.857212 0.750000
vt 0.840909 0.750000
vt 0.625000 0.053572
vt 0.619223 0.053572
vt 0.618979 0.000000
vt 0.613461 0.053571
vt 0.613462 0.000000
vt 0.613462 1.000000
vt 0.618979 1.000000
vt 0.159091 0.553571
vt 0.142068 0.553572
vt 0.142788 0.527953
vt 0.159091 0.526821
vt 0.125000 0.553572
vt 0.125000 0.527953
vt 0.386538 0.196428
vt 0.386538 0.223179
vt 0.375000 0.222047
vt 0.375000 0.196428
vt 0.386538 0.267068
vt 0.375000 0.267788
vt 0.386538 0.284091
vt 0.375000 0.284091
vt 0.159091 0.500000
vt 0.142788 0.500000
vt 0.840909 0.553571
vt 0.840909 0.500000
vt 0.875000 0.527953
vt 0.875000 0.553572
vt 0.625000 0.284091
vt 0.619223 0.284091
vt 0.618979 0.259814
vt 0.625000 0.231365
vt 0.613461 0.284091
vt 0.613461 0.267068
vt 0.613461 0.223179
vt 0.618979 0.222047
vt 0.613462 0.196428
vt 0.619223 0.196428
vt 0.625000 0.196428
vt 0.340909 0.696429
vt 0.357932 0.696429
vt 0.357212 0.722047
vt 0.340909 0.723179
vt 0.380777 0.696429
vt 0.377271 0.722047
vt 0.386538 0.696429
vt 0.386538 0.723179
vt 0.386538 0.767068
vt 0.366106 0.758894
vt 0.386538 0.784091
vt 0.357955 0.767045
vt 0.659091 0.696429
vt 0.642045 0.767045
vt 0.633894 0.758894
vt 0.642068 0.696429
vt 0.619223 0.784091
vt 0.618979 0.767788
vt 0.613462 0.784091
vt 0.613461 0.767068
vt 0.613461 0.723179
vt 0.618979 0.731280
vt 0.613462 0.696428
vt 0.619223 0.696429
vt 0.340909 0.553572
vt 0.340909 0.526821
vt 0.357212 0.527953
vt 0.357932 0.553572
vt 0.357955 0.482955
vt 0.366106 0.491106
vt 0.386538 0.465909
vt 0.386538 0.482932
vt 0.386539 0.526821
vt 0.377271 0.527953
vt 0.386538 0.553571
vt 0.380777 0.553572
vt 0.659091 0.553571
vt 0.642068 0.553572
vt 0.632375 0.516518
vt 0.642045 0.482955
vt 0.619223 0.553571
vt 0.618979 0.527953
vt 0.613462 0.553571
vt 0.613461 0.526821
vt 0.613462 0.482932
vt 0.618979 0.490186
vt 0.613462 0.465909
vt 0.619223 0.465909
vt 0.156250 0.687500
vt 0.156250 0.750000
vt 0.138208 0.750000
vt 0.125000 0.687499
vt 0.384375 0.968750
vt 0.384375 1.000000
vt 0.378962 1.000000
vt 0.375000 0.968750
vt 0.384375 0.062500
vt 0.375000 0.062500
vt 0.375000 0.026416
vt 0.384375 0.000000
vt 0.615625 0.968750
vt 0.625000 0.968750
vt 0.625000 0.986792
vt 0.615625 1.000000
vt 0.843750 0.687500
vt 0.875000 0.687499
vt 0.875000 0.723585
vt 0.843750 0.750000
vt 0.615625 0.062500
vt 0.615625 0.000000
vt 0.621038 0.000000
vt 0.625000 0.062500
vt 0.156250 0.562500
vt 0.125000 0.562500
vt 0.125000 0.526416
vt 0.156250 0.500000
vt 0.384375 0.187500
vt 0.384375 0.250000
vt 0.376981 0.256604
vt 0.375000 0.187500
vt 0.384375 0.281250
vt 0.375000 0.281250
vt 0.843750 0.562500
vt 0.843750 0.500000
vt 0.861792 0.499999
vt 0.875000 0.562500
vt 0.615625 0.281250
vt 0.615625 0.250000
vt 0.623019 0.236792
vt 0.625000 0.281250
vt 0.615625 0.187501
vt 0.625000 0.187501
vt 0.343750 0.687500
vt 0.375000 0.687500
vt 0.376321 0.745597
vt 0.359375 0.765625
vt 0.384375 0.687500
vt 0.384375 0.750000
vt 0.384375 0.781250
vt 0.656250 0.687500
vt 0.640625 0.765625
vt 0.628082 0.741195
vt 0.625000 0.687500
vt 0.615625 0.781250
vt 0.615625 0.750000
vt 0.615625 0.687500
vt 0.343750 0.562499
vt 0.359375 0.484375
vt 0.371918 0.508805
vt 0.375000 0.562500
vt 0.384375 0.468750
vt 0.384375 0.500000
vt 0.384375 0.562500
vt 0.656250 0.562499
vt 0.625000 0.562500
vt 0.623679 0.504403
vt 0.640625 0.484375
vt 0.615625 0.562500
vt 0.615625 0.500000
vt 0.615625 0.468750
vt 0.159091 0.696429
vt 0.159091 0.723179
vt 0.142788 0.722047
vt 0.142068 0.696429
vt 0.159091 0.750000
vt 0.142788 0.750000
vt 0.386538 0.965909
vt 0.386538 0.982932
vt 0.375000 0.982212
vt 0.386538 1.000000
vt 0.386538 0.053571
vt 0.375000 0.053571
vt 0.375000 0.027953
vt 0.125000 0.696429
vt 0.125000 0.722047
vt 0.619223 0.965909
vt 0.618979 0.982212
vt 0.613461 0.982932
vt 0.625000 0.965909
vt 0.625000 0.982212
vt 0.840909 0.696429
vt 0.875000 0.696429
vt 0.625000 0.053571
vt 0.619223 0.053571
vt 0.618979 0.000000
vt 0.613462 0.053572
vt 0.613461 0.000000
vt 0.618979 1.000000
vt 0.159091 0.553572
vt 0.142068 0.553571
vt 0.142788 0.527953
vt 0.159091 0.526821
vt 0.386538 0.196428
vt 0.375000 0.222047
vt 0.375000 0.196429
vt 0.386538 0.267068
vt 0.375000 0.267788
vt 0.386538 0.284091
vt 0.375000 0.284091
vt 0.159091 0.500000
vt 0.142788 0.500000
vt 0.840909 0.553571
vt 0.875000 0.527953
vt 0.875000 0.553571
vt 0.619223 0.284091
vt 0.618979 0.259814
vt 0.625000 0.231365
vt 0.613461 0.284091
vt 0.613461 0.267068
vt 0.613462 0.223179
vt 0.618979 0.222047
vt 0.613462 0.196429
vt 0.619223 0.196429
vt 0.625000 0.196429
vt 0.340909 0.696428
vt 0.357932 0.696429
vt 0.357212 0.722047
vt 0.340909 0.723179
vt 0.380777 0.696428
vt 0.377271 0.722047
vt 0.386538 0.696428
vt 0.386538 0.723179
vt 0.386538 0.767068
vt 0.386539 0.784091
vt 0.659091 0.696428
vt 0.633894 0.758894
vt 0.642068 0.696428
vt 0.619223 0.784091
vt 0.613461 0.784091
vt 0.613462 0.767068
vt 0.613461 0.723179
vt 0.618979 0.731280
vt 0.613462 0.696429
vt 0.619223 0.696428
vt 0.340909 0.526821
vt 0.357212 0.527953
vt 0.357932 0.553572
vt 0.366106 0.491106
vt 0.386538 0.465909
vt 0.386538 0.482932
vt 0.386538 0.526821
vt 0.377271 0.527953
vt 0.386538 0.553571
vt 0.380777 0.553572
vt 0.659091 0.553571
vt 0.642068 0.553572
vt 0.632375 0.516518
vt 0.642045 0.482955
vt 0.619223 0.553572
vt 0.618979 0.527953
vt 0.613462 0.553572
vt 0.613462 0.526821
vt 0.613461 0.482932
vt 0.618979 0.490186
vt 0.613461 0.465909
vt 0.619223 0.465909
vt 0.156250 0.687500
vt 0.156250 0.750000
vt 0.138208 0.750000
vt 0.125000 0.687501
vt 0.384375 0.968750
vt 0.384375 1.000000
vt 0.378962 1.000000
vt 0.375000 0.968750
vt 0.384375 0.062500
vt 0.375000 0.062500
vt 0.375000 0.026415
vt 0.384375 0.000000
vt 0.615625 0.968750
vt 0.625000 0.968750
vt 0.615625 1.000000
vt 0.843750 0.687500
vt 0.875000 0.687500
vt 0.875000 0.723585
vt 0.615625 0.062500
vt 0.615625 0.000000
vt 0.621038 0.000000
vt 0.625000 0.062500
vt 0.156250 0.562499
vt 0.125000 0.562500
vt 0.125000 0.526415
vt 0.156250 0.500000
vt 0.384375 0.187500
vt 0.384375 0.250000
vt 0.376981 0.256604
vt 0.375000 0.187500
vt 0.384375 0.281250
vt 0.375000 0.281250
vt 0.843750 0.562499
vt 0.843750 0.500000
vt 0.861792 0.500000
vt 0.875000 0.562501
vt 0.615625 0.281250
vt 0.615625 0.250000
vt 0.623019 0.236792
vt 0.615625 0.187500
vt 0.625000 0.187499
vt 0.343750 0.687500
vt 0.375000 0.687500
vt 0.376321 0.745597
vt 0.384375 0.687500
vt 0.384375 0.750000
vt 0.384375 0.781250
vt 0.656250 0.687500
vt 0.640625 0.765625
vt 0.628082 0.741195
vt 0.625000 0.687500
vt 0.615625 0.781250
vt 0.615625 0.750000
vt 0.615625 0.687500
vt 0.343750 0.562500
vt 0.359375 0.484375
vt 0.371918 0.508805
vt 0.375000 0.562500
vt 0.384375 0.468750
vt 0.384375 0.500000
vt 0.384375 0.562500
vt 0.656250 0.562500
vt 0.625000 0.562500
vt 0.623679 0.504403
vt 0.640625 0.484375
vt 0.615625 0.562500
vt 0.615625 0.468750
vt 0.153409 0.721591
vt 0.153409 0.735777
vt 0.139824 0.735177
vt 0.139223 0.721591
vt 0.139824 0.750000
vt 0.397321 0.971591
vt 0.397321 1.000000
vt 0.375000 0.985176
vt 0.397321 0.000000
vt 0.397321 0.014223
vt 0.375000 0.014824
vt 0.397321 0.028409
vt 0.375000 0.028409
vt 0.125000 0.735177
vt 0.602679 0.971591
vt 0.613825 0.971591
vt 0.613353 1.000000
vt 0.602679 1.000000
vt 0.846591 0.721591
vt 0.875000 0.721591
vt 0.875000 0.735177
vt 0.625000 0.028409
vt 0.613825 0.028409
vt 0.613353 0.014824
vt 0.625000 0.014824
vt 0.602679 0.028409
vt 0.602679 0.014223
vt 0.602679 0.000000
vt 0.613353 0.000000
vt 0.153409 0.528409
vt 0.139223 0.528409
vt 0.139824 0.514824
vt 0.153409 0.514223
vt 0.125000 0.528409
vt 0.397321 0.221591
vt 0.397321 0.235777
vt 0.375000 0.221591
vt 0.397321 0.264223
vt 0.375000 0.264824
vt 0.397321 0.278409
vt 0.139824 0.500000
vt 0.846591 0.528409
vt 0.875000 0.528409
vt 0.613825 0.278409
vt 0.613353 0.259247
vt 0.602679 0.278409
vt 0.602679 0.264223
vt 0.602679 0.235777
vt 0.613353 0.235176
vt 0.602679 0.221591
vt 0.613825 0.221591
vt 0.625000 0.221591
vt 0.346591 0.721591
vt 0.360777 0.721591
vt 0.360176 0.735177
vt 0.346591 0.735777
vt 0.386175 0.721591
vt 0.381865 0.735176
vt 0.397321 0.721591
vt 0.397321 0.735777
vt 0.397321 0.764223
vt 0.367588 0.757412
vt 0.397321 0.778409
vt 0.360795 0.764205
vt 0.653409 0.721591
vt 0.632412 0.757412
vt 0.639223 0.721591
vt 0.613825 0.778409
vt 0.613353 0.764824
vt 0.602679 0.778409
vt 0.602679 0.764223
vt 0.602679 0.735777
vt 0.613353 0.740753
vt 0.602679 0.721591
vt 0.613825 0.721591
vt 0.346591 0.528409
vt 0.346591 0.514223
vt 0.360177 0.514824
vt 0.360777 0.528409
vt 0.360795 0.485795
vt 0.367588 0.492588
vt 0.397321 0.471591
vt 0.397321 0.485777
vt 0.397321 0.514223
vt 0.381865 0.514824
vt 0.397321 0.528409
vt 0.386175 0.528409
vt 0.653409 0.528409
vt 0.639223 0.528409
vt 0.632412 0.492588
vt 0.639205 0.485795
vt 0.613825 0.528409
vt 0.613353 0.509247
vt 0.602679 0.528409
vt 0.602679 0.514223
vt 0.602679 0.485777
vt 0.613353 0.485177
vt 0.602679 0.471591
vt 0.613825 0.471591
vt 0.152778 0.722222
vt 0.152778 0.750000
vt 0.136740 0.750000
vt 0.125000 0.722222
vt 0.392857 0.972222
vt 0.392857 1.000000
vt 0.382547 1.000000
vt 0.375000 0.972222
vt 0.392857 0.027778
vt 0.375000 0.027778
vt 0.375000 0.011740
vt 0.392857 0.000000
vt 0.607143 0.972222
vt 0.625000 0.972222
vt 0.625000 0.988260
vt 0.607143 1.000000
vt 0.847222 0.722222
vt 0.875000 0.722222
vt 0.875000 0.738260
vt 0.847222 0.750000
vt 0.607143 0.027778
vt 0.607143 0.000000
vt 0.617453 0.000000
vt 0.625000 0.027778
vt 0.152778 0.527778
vt 0.125000 0.527778
vt 0.125000 0.511740
vt 0.152778 0.500000
vt 0.392857 0.222222
vt 0.392857 0.250000
vt 0.378774 0.255870
vt 0.375000 0.222222
vt 0.392857 0.277778
vt 0.375000 0.277778
vt 0.847222 0.527778
vt 0.847222 0.500000
vt 0.863260 0.500000
vt 0.875000 0.527778
vt 0.607143 0.277778
vt 0.607143 0.250000
vt 0.621226 0.244130
vt 0.625000 0.277778
vt 0.607143 0.222222
vt 0.625000 0.222222
vt 0.347222 0.722222
vt 0.375000 0.722222
vt 0.377516 0.750000
vt 0.361111 0.763889
vt 0.392857 0.722222
vt 0.392857 0.750000
vt 0.392857 0.777778
vt 0.652778 0.722222
vt 0.638889 0.763889
vt 0.626398 0.746087
vt 0.625000 0.722222
vt 0.607143 0.777778
vt 0.607143 0.750000
vt 0.607143 0.722222
vt 0.347222 0.527778
vt 0.361111 0.486111
vt 0.373602 0.503914
vt 0.375000 0.527778
vt 0.392857 0.472222
vt 0.392857 0.500000
vt 0.392857 0.527778
vt 0.652778 0.527778
vt 0.625000 0.527778
vt 0.622484 0.500000
vt 0.638889 0.486111
vt 0.607143 0.527778
vt 0.607143 0.500000
vt 0.607143 0.472222
vt 0.148923 0.733553
vt 0.148923 0.750000
vt 0.135111 0.750000
vt 0.125000 0.733553
vt 0.427632 0.976076
vt 0.427632 1.000000
vt 0.397245 1.000000
vt 0.375000 0.976077
vt 0.427632 0.016447
vt 0.375000 0.016447
vt 0.375000 0.006951
vt 0.427632 0.000000
vt 0.572368 0.976077
vt 0.625000 0.976077
vt 0.625000 0.989889
vt 0.572368 1.000000
vt 0.851076 0.733553
vt 0.875000 0.733553
vt 0.875000 0.743049
vt 0.851077 0.750000
vt 0.572368 0.016447
vt 0.572368 0.000000
vt 0.602755 0.000000
vt 0.625000 0.016447
vt 0.148923 0.516447
vt 0.125000 0.516447
vt 0.125000 0.506952
vt 0.148923 0.500000
vt 0.427632 0.233553
vt 0.427632 0.250000
vt 0.386122 0.255056
vt 0.375000 0.233553
vt 0.427632 0.273923
vt 0.375000 0.273923
vt 0.851077 0.516447
vt 0.851077 0.500000
vt 0.864889 0.500000
vt 0.875000 0.516447
vt 0.572368 0.273923
vt 0.572368 0.250000
vt 0.613878 0.246524
vt 0.625000 0.273923
vt 0.572368 0.233553
vt 0.625000 0.233553
vt 0.351077 0.733553
vt 0.375000 0.733553
vt 0.382415 0.751053
vt 0.363038 0.761962
vt 0.427632 0.733553
vt 0.427632 0.750000
vt 0.427632 0.773923
vt 0.648923 0.733553
vt 0.636962 0.761962
vt 0.620955 0.747683
vt 0.625000 0.733553
vt 0.572368 0.773923
vt 0.572368 0.750000
vt 0.572368 0.733553
vt 0.351077 0.516447
vt 0.363038 0.488038
vt 0.379045 0.502317
vt 0.375000 0.516447
vt 0.427632 0.476077
vt 0.427632 0.500000
vt 0.427632 0.516447
vt 0.648923 0.516447
vt 0.625000 0.516447
vt 0.617585 0.498947
vt 0.636962 0.488038
vt 0.572369 0.516447
vt 0.572368 0.500000
vt 0.572368 0.476077
vt 0.168860 0.731203
vt 0.168860 0.750000
vt 0.125000 0.731203
vt 0.581140 0.956140
vt 0.625000 0.956140
vt 0.581140 1.000000
vt 0.168860 0.518797
vt 0.125000 0.518797
vt 0.168860 0.500000
vt 0.625000 0.272974
vt 0.581140 0.293860
vt 0.581140 0.235902
vt 0.331140 0.731203
vt 0.407895 0.731203
vt 0.375000 0.771930
vt 0.646930 0.762531
vt 0.581140 0.793860
vt 0.581140 0.735902
vt 0.331140 0.518797
vt 0.375000 0.478070
vt 0.407895 0.518797
vt 0.646930 0.503133
vt 0.581140 0.518797
vt 0.581140 0.467105
vt 0.418860 0.000000
vt 0.581140 0.000000
vt 0.581140 0.018797
vt 0.418860 0.018797
vt 0.625000 0.018797
vt 0.418860 0.293860
vt 0.418860 0.231203
vt 0.418860 0.956140
vt 0.831140 0.518797
vt 0.831140 0.731203
vt 0.168860 0.731203
vt 0.168860 0.750000
vt 0.581140 1.000000
vt 0.168860 0.500000
vt 0.625000 0.272974
vt 0.581140 0.293860
vt 0.581140 0.235902
vt 0.331140 0.731203
vt 0.375000 0.771930
vt 0.646930 0.762531
vt 0.581140 0.793860
vt 0.331140 0.518797
vt 0.375000 0.478070
vt 0.646930 0.503133
vt 0.581140 0.467105
vt 0.418860 0.293860
vt 0.418860 0.956140
vt 0.831140 0.518797
vt 0.831140 0.731203
vt 0.153409 0.721591
vt 0.153409 0.735777
vt 0.139223 0.721591
vt 0.153409 0.750000
vt 0.397321 0.971591
vt 0.602679 0.971591
vt 0.613825 0.971591
vt 0.625000 0.971591
vt 0.846591 0.721591
vt 0.153409 0.528409
vt 0.153409 0.514223
vt 0.397321 0.264223
vt 0.375000 0.278409
vt 0.846591 0.528409
vt 0.613825 0.278409
vt 0.602679 0.278409
vt 0.602679 0.264223
vt 0.346591 0.721591
vt 0.360777 0.721591
vt 0.346591 0.735777
vt 0.397321 0.764223
vt 0.360795 0.764205
vt 0.653409 0.721591
vt 0.639205 0.764205
vt 0.639223 0.721591
vt 0.613825 0.778409
vt 0.602679 0.764223
vt 0.346591 0.528409
vt 0.346591 0.514223
vt 0.360777 0.528409
vt 0.360795 0.485795
vt 0.397321 0.471591
vt 0.397321 0.485777
vt 0.653409 0.528409
vt 0.639205 0.485795
vt 0.602679 0.485777
vt 0.602679 0.471591
vt 0.613825 0.471591
vt 0.378774 0.255870
vt 0.135111 0.750000
vt 0.625000 0.989889
vt 0.386122 0.255056
vt 0.864889 0.500000
vt 0.620956 0.747683
vt 0.617585 0.498947
vt 0.168860 0.731203
vt 0.168860 0.750000
vt 0.581140 0.956140
vt 0.625000 0.956140
vt 0.168860 0.518797
vt 0.168860 0.500000
vt 0.625000 0.272974
vt 0.581140 0.293860
vt 0.581140 0.235902
vt 0.331140 0.731203
vt 0.581140 0.793860
vt 0.331140 0.518797
vt 0.375000 0.478070
vt 0.646930 0.503133
vt 0.581140 0.467105
vt 0.418860 0.293860
vt 0.831140 0.518797
vt 0.831140 0.731203
vt 0.153409 0.721591
vt 0.153409 0.735777
vt 0.139824 0.735177
vt 0.139223 0.721591
vt 0.397321 0.014223
vt 0.397321 0.028409
vt 0.375000 0.028409
vt 0.846591 0.721591
vt 0.875000 0.721591
vt 0.625000 0.028409
vt 0.613825 0.028409
vt 0.613353 0.014824
vt 0.625000 0.014824
vt 0.602679 0.028409
vt 0.602679 0.014223
vt 0.139223 0.528409
vt 0.139824 0.514823
vt 0.153409 0.514223
vt 0.397321 0.221591
vt 0.397321 0.235777
vt 0.375000 0.235176
vt 0.375000 0.221591
vt 0.875000 0.514823
vt 0.625000 0.240118
vt 0.602679 0.235777
vt 0.613353 0.235176
vt 0.602679 0.221591
vt 0.613825 0.221591
vt 0.625000 0.221591
vt 0.346591 0.721591
vt 0.360777 0.721591
vt 0.360176 0.735176
vt 0.346591 0.735777
vt 0.386175 0.721591
vt 0.381865 0.735176
vt 0.397321 0.721591
vt 0.397321 0.735777
vt 0.602679 0.735777
vt 0.602679 0.721591
vt 0.613825 0.721591
vt 0.346591 0.528409
vt 0.346591 0.514223
vt 0.360176 0.514824
vt 0.360777 0.528409
vt 0.397321 0.514223
vt 0.381865 0.514823
vt 0.386175 0.528409
vt 0.639223 0.528409
vt 0.613825 0.528409
vt 0.613353 0.509247
vt 0.602679 0.528409
vt 0.602679 0.514223
vt 0.125000 0.722222
vt 0.375000 0.027778
vt 0.375000 0.011740
vt 0.392857 0.250000
vt 0.875000 0.527778
vt 0.621226 0.244130
vt 0.625000 0.222222
vt 0.373602 0.503913
vt 0.375000 0.527778
vt 0.148923 0.733553
vt 0.427632 0.016447
vt 0.375000 0.006951
vt 0.875000 0.743048
vt 0.572368 0.016447
vt 0.625000 0.016447
vt 0.148923 0.516447
vt 0.125000 0.516447
vt 0.125000 0.506951
vt 0.427632 0.233553
vt 0.375000 0.233553
vt 0.851076 0.516447
vt 0.875000 0.516447
vt 0.613878 0.246524
vt 0.572368 0.233553
vt 0.625000 0.233553
vt 0.375000 0.733553
vt 0.648923 0.733553
vt 0.620955 0.747683
vt 0.351077 0.516447
vt 0.375000 0.516447
vt 0.648924 0.516447
vt 0.625000 0.516447
vt 0.572368 0.516447
vt 0.168860 0.731203
vt 0.168860 0.518797
vt 0.581140 0.235902
vt 0.331140 0.731203
vt 0.646930 0.762531
vt 0.581140 0.735902
vt 0.331140 0.518797
vt 0.646930 0.503133
vt 0.581140 0.518797
vt 0.581140 0.018797
vt 0.418860 0.018797
vt 0.625000 0.018797
vt 0.418860 0.231203
vt 0.831140 0.518797
vt 0.831140 0.731203
vt 0.168860 0.731203
vt 0.168860 0.518797
vt 0.331140 0.518797
vt 0.581140 0.467105
vt 0.153409 0.721591
vt 0.846591 0.721591
vt 0.153409 0.528409
vt 0.139223 0.528409
vt 0.153409 0.514223
vt 0.346591 0.721591
vt 0.381865 0.735176
vt 0.360795 0.764205
vt 0.639223 0.721591
vt 0.346591 0.528409
vt 0.639223 0.528409
vt 0.620956 0.747683
vt 0.168860 0.731203
vt 0.168860 0.518797
vt 0.331140 0.731203
vt 0.407895 0.731203
vt 0.831140 0.518797
vt 0.156250 0.728571
vt 0.156250 0.739272
vt 0.141306 0.738819
vt 0.140646 0.728571
vt 0.156250 0.750000
vt 0.141306 0.750000
vt 0.406250 0.968750
vt 0.406250 1.000000
vt 0.375000 0.983694
vt 0.375000 0.968750
vt 0.406250 0.000000
vt 0.406250 0.010728
vt 0.375000 0.011181
vt 0.406250 0.021429
vt 0.375000 0.021429
vt 0.125000 0.728571
vt 0.125000 0.738819
vt 0.593750 0.968750
vt 0.609355 0.968750
vt 0.608694 1.000000
vt 0.593750 1.000000
vt 0.625000 0.968750
vt 0.843750 0.728571
vt 0.875000 0.728572
vt 0.875000 0.738819
vt 0.625000 0.021429
vt 0.609355 0.021429
vt 0.608694 0.011181
vt 0.625000 0.011181
vt 0.593750 0.021429
vt 0.593750 0.010728
vt 0.593750 0.000000
vt 0.608694 0.000000
vt 0.156250 0.521429
vt 0.140646 0.521429
vt 0.141306 0.511181
vt 0.156250 0.510728
vt 0.125000 0.521429
vt 0.125000 0.511181
vt 0.406250 0.228571
vt 0.406250 0.239272
vt 0.375000 0.238819
vt 0.375000 0.228571
vt 0.406250 0.265646
vt 0.375000 0.266306
vt 0.406250 0.281250
vt 0.375000 0.281250
vt 0.156250 0.500000
vt 0.141306 0.500000
vt 0.843750 0.521429
vt 0.843750 0.500000
vt 0.875000 0.511181
vt 0.875000 0.521428
vt 0.625000 0.281250
vt 0.609355 0.281250
vt 0.608694 0.260819
vt 0.625000 0.242546
vt 0.593750 0.281250
vt 0.593750 0.265646
vt 0.593750 0.239272
vt 0.608694 0.238819
vt 0.593750 0.228571
vt 0.609355 0.228571
vt 0.625000 0.228571
vt 0.343750 0.728571
vt 0.359354 0.728571
vt 0.358694 0.738819
vt 0.343750 0.739272
vt 0.390646 0.728572
vt 0.385172 0.738819
vt 0.406250 0.728572
vt 0.406250 0.739272
vt 0.406250 0.765646
vt 0.366847 0.758153
vt 0.406250 0.781250
vt 0.359375 0.765625
vt 0.656250 0.728571
vt 0.633153 0.758153
vt 0.640646 0.728571
vt 0.609355 0.781250
vt 0.608694 0.766306
vt 0.593750 0.781250
vt 0.593750 0.765646
vt 0.593750 0.739272
vt 0.608694 0.743672
vt 0.593750 0.728571
vt 0.609355 0.728571
vt 0.343750 0.521429
vt 0.343750 0.510728
vt 0.358694 0.511181
vt 0.359354 0.521429
vt 0.359375 0.484375
vt 0.366847 0.491847
vt 0.406250 0.468750
vt 0.406250 0.484355
vt 0.406250 0.510728
vt 0.385172 0.511181
vt 0.406250 0.521429
vt 0.390646 0.521429
vt 0.656250 0.521429
vt 0.640646 0.521429
vt 0.633153 0.491847
vt 0.609355 0.521429
vt 0.608694 0.506328
vt 0.593750 0.521429
vt 0.593750 0.510728
vt 0.593750 0.484354
vt 0.608694 0.483694
vt 0.593750 0.468750
vt 0.609355 0.468750
vt 0.159722 0.718750
vt 0.159722 0.750000
vt 0.139675 0.750000
vt 0.125000 0.718750
vt 0.409722 0.965278
vt 0.409722 1.000000
vt 0.389675 1.000000
vt 0.375000 0.965278
vt 0.409722 0.031250
vt 0.375000 0.031250
vt 0.375000 0.013208
vt 0.409722 0.000000
vt 0.590278 0.965278
vt 0.625000 0.965278
vt 0.625000 0.985325
vt 0.590278 1.000000
vt 0.840278 0.718750
vt 0.875000 0.718750
vt 0.875000 0.736792
vt 0.840278 0.750000
vt 0.590278 0.031250
vt 0.590278 0.000000
vt 0.610325 0.000000
vt 0.625000 0.031250
vt 0.159722 0.531250
vt 0.125000 0.531250
vt 0.125000 0.513208
vt 0.159722 0.500000
vt 0.409722 0.218750
vt 0.409722 0.250000
vt 0.382338 0.257338
vt 0.375000 0.218750
vt 0.409722 0.284722
vt 0.375000 0.284722
vt 0.840278 0.531250
vt 0.840278 0.500000
vt 0.860325 0.500000
vt 0.875000 0.531250
vt 0.590278 0.284722
vt 0.590278 0.250000
vt 0.617662 0.243396
vt 0.625000 0.284722
vt 0.590278 0.218750
vt 0.625000 0.218750
vt 0.340278 0.718750
vt 0.375000 0.718750
vt 0.379892 0.750489
vt 0.357639 0.767361
vt 0.409722 0.718750
vt 0.409722 0.750000
vt 0.409722 0.784722
vt 0.659722 0.718750
vt 0.642361 0.767361
vt 0.625000 0.745597
vt 0.625000 0.718750
vt 0.590278 0.784722
vt 0.590278 0.750000
vt 0.590278 0.718750
vt 0.340278 0.531250
vt 0.357639 0.482639
vt 0.375000 0.504403
vt 0.375000 0.531250
vt 0.409722 0.465278
vt 0.409722 0.500000
vt 0.409722 0.531250
vt 0.659722 0.531250
vt 0.625000 0.531250
vt 0.620108 0.499511
vt 0.642361 0.482639
vt 0.590278 0.531250
vt 0.590278 0.500000
vt 0.590278 0.465278
vt 1.000000 0.583333
vt 0.958333 0.583333
vt 0.958333 0.500000
vt 0.999776 0.500000
vt 0.750000 0.489956
vt 0.812105 0.481780
vt 0.809838 0.473320
vt 0.750000 0.481197
vt 0.958333 0.916667
vt 1.000000 0.916667
vt 0.999776 1.000000
vt 0.958333 1.000000
vt 0.312105 0.481780
vt 0.250000 0.489956
vt 0.250000 0.481197
vt 0.309838 0.473320
vt 0.916667 0.583333
vt 0.916667 0.500000
vt 0.869978 0.457808
vt 0.865599 0.450223
vt 0.916667 0.916667
vt 0.916667 1.000000
vt 0.369978 0.457808
vt 0.365599 0.450223
vt 0.875000 0.583333
vt 0.875000 0.500000
vt 0.919675 0.419675
vt 0.913482 0.413481
vt 0.875000 0.916667
vt 0.875000 1.000000
vt 0.419675 0.419675
vt 0.413481 0.413481
vt 0.833333 0.583333
vt 0.833333 0.500000
vt 0.957808 0.369978
vt 0.950223 0.365599
vt 0.833333 0.916667
vt 0.833333 1.000000
vt 0.457808 0.369978
vt 0.450223 0.365599
vt 0.791667 0.583333
vt 0.791667 0.500000
vt 0.981780 0.312105
vt 0.973320 0.309838
vt 0.791667 0.916667
vt 0.791667 1.000000
vt 0.481780 0.312105
vt 0.473320 0.309838
vt 0.750000 0.583333
vt 0.750000 0.500000
vt 0.989956 0.250000
vt 0.981197 0.250000
vt 0.750000 0.916667
vt 0.750000 1.000000
vt 0.489956 0.250000
vt 0.481197 0.250000
vt 0.708333 0.583333
vt 0.708333 0.500000
vt 0.981780 0.187895
vt 0.973320 0.190162
vt 0.708333 0.916667
vt 0.708333 1.000000
vt 0.481780 0.187895
vt 0.473320 0.190162
vt 0.666667 0.583333
vt 0.666667 0.500000
vt 0.957808 0.130022
vt 0.950223 0.134401
vt 0.666667 0.916667
vt 0.666667 1.000000
vt 0.457808 0.130022
vt 0.450223 0.134401
vt 0.625000 0.583333
vt 0.625000 0.500000
vt 0.919675 0.080325
vt 0.913481 0.086519
vt 0.625000 0.916667
vt 0.625000 1.000000
vt 0.419675 0.080325
vt 0.413481 0.086519
vt 0.583333 0.583333
vt 0.583333 0.500000
vt 0.869978 0.042192
vt 0.865599 0.049777
vt 0.583333 0.916667
vt 0.583333 1.000000
vt 0.369978 0.042192
vt 0.365599 0.049777
vt 0.541666 0.583333
vt 0.541666 0.500000
vt 0.812105 0.018220
vt 0.809838 0.026680
vt 0.541666 0.916667
vt 0.541666 1.000000
vt 0.312105 0.018220
vt 0.309838 0.026680
vt 0.500000 0.583333
vt 0.500000 0.500000
vt 0.750000 0.010044
vt 0.750000 0.018803
vt 0.500000 0.916667
vt 0.500000 1.000000
vt 0.250000 0.010044
vt 0.250000 0.018803
vt 0.458333 0.583333
vt 0.458333 0.500000
vt 0.687895 0.018220
vt 0.690162 0.026680
vt 0.458333 0.916667
vt 0.458333 1.000000
vt 0.187895 0.018220
vt 0.190162 0.026680
vt 0.416666 0.583333
vt 0.416666 0.500000
vt 0.630022 0.042192
vt 0.634401 0.049777
vt 0.416666 0.916667
vt 0.416667 1.000000
vt 0.130022 0.042192
vt 0.134401 0.049777
vt 0.375000 0.583333
vt 0.375000 0.500000
vt 0.580325 0.080325
vt 0.586519 0.086519
vt 0.375000 0.916667
vt 0.375000 1.000000
vt 0.080325 0.080325
vt 0.086519 0.086519
vt 0.333333 0.583333
vt 0.333333 0.500000
vt 0.542192 0.130022
vt 0.549777 0.134401
vt 0.333333 0.916667
vt 0.333333 1.000000
vt 0.042192 0.130022
vt 0.049777 0.134401
vt 0.291667 0.583333
vt 0.291667 0.500000
vt 0.518220 0.187895
vt 0.526680 0.190162
vt 0.291667 0.916667
vt 0.291667 1.000000
vt 0.018220 0.187895
vt 0.026680 0.190162
vt 0.250000 0.583333
vt 0.250000 0.500000
vt 0.510044 0.250000
vt 0.518803 0.250000
vt 0.250000 0.916667
vt 0.250000 1.000000
vt 0.010044 0.250000
vt 0.018803 0.250000
vt 0.208333 0.583333
vt 0.208333 0.500000
vt 0.518220 0.312105
vt 0.526680 0.309838
vt 0.208333 0.916667
vt 0.208333 1.000000
vt 0.018220 0.312105
vt 0.026680 0.309838
vt 0.166666 0.583333
vt 0.166666 0.500000
vt 0.542192 0.369978
vt 0.549777 0.365599
vt 0.166666 0.916667
vt 0.166666 1.000000
vt 0.042192 0.369978
vt 0.049777 0.365599
vt 0.125000 0.583333
vt 0.125000 0.500000
vt 0.580325 0.419675
vt 0.586519 0.413481
vt 0.125000 0.916667
vt 0.125000 1.000000
vt 0.080325 0.419675
vt 0.086519 0.413481
vt 0.083333 0.583333
vt 0.083333 0.500000
vt 0.630022 0.457808
vt 0.634401 0.450223
vt 0.083333 0.916667
vt 0.083333 1.000000
vt 0.130022 0.457808
vt 0.134401 0.450223
vt 0.041666 0.583333
vt 0.041666 0.500000
vt 0.687895 0.481780
vt 0.690162 0.473320
vt 0.041666 0.916667
vt 0.041666 1.000000
vt 0.187895 0.481780
vt 0.190162 0.473320
vt -0.000000 0.583333
vt 0.000224 0.500000
vt -0.000000 0.916667
vt 0.000224 1.000000
vt 0.151786 0.687500
vt 0.151786 0.750000
vt 0.136321 0.750000
vt 0.125000 0.687500
vt 0.395833 0.973214
vt 0.395833 1.000000
vt 0.383805 1.000000
vt 0.375000 0.973214
vt 0.395833 0.062500
vt 0.375000 0.062500
vt 0.375000 0.026416
vt 0.395833 0.000000
vt 0.604167 0.973214
vt 0.625000 0.973214
vt 0.625000 0.988679
vt 0.604167 1.000000
vt 0.848214 0.687500
vt 0.875000 0.687500
vt 0.848214 0.750000
vt 0.604167 0.062500
vt 0.604167 0.000000
vt 0.616195 0.000000
vt 0.151786 0.562500
vt 0.125000 0.562500
vt 0.125000 0.526416
vt 0.151786 0.500000
vt 0.395833 0.187500
vt 0.395833 0.250000
vt 0.379403 0.255660
vt 0.375000 0.187500
vt 0.395833 0.276786
vt 0.375000 0.276786
vt 0.848214 0.562500
vt 0.848214 0.500000
vt 0.863679 0.500000
vt 0.875000 0.562500
vt 0.604167 0.276786
vt 0.604167 0.250000
vt 0.620597 0.236792
vt 0.625000 0.276786
vt 0.604167 0.187500
vt 0.625000 0.187500
vt 0.348214 0.687500
vt 0.375000 0.687500
vt 0.377935 0.744968
vt 0.361607 0.763393
vt 0.395833 0.687500
vt 0.395833 0.750000
vt 0.395833 0.776786
vt 0.651786 0.687500
vt 0.638393 0.763393
vt 0.625839 0.741195
vt 0.625000 0.687500
vt 0.604167 0.776786
vt 0.604167 0.750000
vt 0.604167 0.687500
vt 0.348214 0.562500
vt 0.361607 0.486607
vt 0.374161 0.508805
vt 0.375000 0.562500
vt 0.395833 0.473214
vt 0.395833 0.500000
vt 0.395833 0.562500
vt 0.651786 0.562500
vt 0.625000 0.562500
vt 0.622065 0.505032
vt 0.638393 0.486607
vt 0.604167 0.562500
vt 0.604167 0.500000
vt 0.604167 0.473214
s 0
usemtl ThockPup_B
f 1/1/1 4/2/1 7/3/1 6/4/1
f 4/2/2 5/5/2 8/6/2 7/3/2
f 6/4/3 7/3/3 19/7/3 16/8/3
f 7/3/4 8/6/4 9/9/4 19/7/4
f 2/10/5 10/11/5 13/12/5 12/13/5
f 10/11/6 11/14/6 14/15/6 13/12/6
f 12/13/7 13/12/7 8/16/7 5/17/7
f 13/12/8 14/15/8 9/18/8 8/16/8
f 3/19/9 15/20/9 18/21/9 17/22/9
f 15/20/10 16/23/10 19/24/10 18/21/10
f 17/22/11 18/21/11 14/25/11 11/26/11
f 18/21/12 19/24/12 9/27/12 14/25/12
f 20/28/13 23/29/13 26/30/13 25/31/13
f 23/29/14 24/32/14 27/33/14 26/30/14
f 25/31/15 26/30/15 38/34/15 35/35/15
f 26/30/16 27/33/16 28/36/16 38/34/16
f 21/37/17 29/38/17 32/39/17 31/40/17
f 29/38/18 30/41/18 33/42/18 32/39/18
f 31/40/19 32/39/19 27/43/19 24/44/19
f 32/39/20 33/42/20 28/45/20 27/43/20
f 22/46/21 34/47/21 37/48/21 36/49/21
f 34/47/22 35/50/22 38/51/22 37/48/22
f 36/49/23 37/48/23 33/52/23 30/53/23
f 37/48/24 38/51/24 28/54/24 33/52/24
f 39/55/25 42/56/25 45/57/25 44/58/25
f 42/56/26 43/59/26 46/60/26 45/57/26
f 44/58/27 45/57/27 57/61/27 54/62/27
f 45/57/28 46/60/28 47/63/28 57/61/28
f 40/64/29 48/65/29 51/66/29 50/67/29
f 48/65/30 49/68/30 52/69/30 51/66/30
f 50/67/31 51/66/31 46/70/31 43/71/31
f 51/66/32 52/69/32 47/72/32 46/70/32
f 41/73/33 53/74/33 56/75/33 55/76/33
f 53/74/34 54/77/34 57/78/34 56/75/34
f 55/76/35 56/75/35 52/69/35 49/68/35
f 56/75/36 57/78/36 47/72/36 52/69/36
f 58/79/37 61/80/37 64/81/37 63/82/37
f 61/80/38 62/83/38 65/84/38 64/81/38
f 63/82/39 64/81/39 76/85/39 73/86/39
f 64/81/40 65/84/40 66/87/40 76/85/40
f 59/88/41 67/89/41 70/90/41 69/91/41
f 67/89/42 68/92/42 71/93/42 70/90/42
f 69/91/43 70/90/43 65/94/43 62/95/43
f 70/90/44 71/93/44 66/96/44 65/94/44
f 60/97/45 72/98/45 75/99/45 74/100/45
f 72/98/46 73/101/46 76/102/46 75/99/46
f 74/100/47 75/99/47 71/93/47 68/92/47
f 75/99/48 76/102/48 66/96/48 71/93/48
f 77/103/49 80/104/49 83/105/49 82/106/49
f 80/104/50 81/107/50 84/108/50 83/105/50
f 82/106/51 83/105/51 95/109/51 92/110/51
f 83/105/52 84/108/52 85/111/52 95/109/52
f 78/112/53 86/113/53 89/114/53 88/115/53
f 86/113/54 87/116/54 90/117/54 89/114/54
f 88/115/55 89/114/55 84/108/55 81/107/55
f 89/114/56 90/117/56 85/111/56 84/108/56
f 79/118/57 91/119/57 94/120/57 93/121/57
f 91/119/58 92/110/58 95/109/58 94/120/58
f 93/121/59 94/120/59 90/117/59 87/116/59
f 94/120/60 95/109/60 85/111/60 90/117/60
f 96/122/61 99/123/61 102/124/61 101/125/61
f 99/123/62 100/126/62 103/127/62 102/124/62
f 101/125/63 102/124/63 114/128/63 111/129/63
f 102/124/64 103/127/64 104/130/64 114/128/64
f 97/131/65 105/132/65 108/133/65 107/134/65
f 105/132/66 106/135/66 109/136/66 108/133/66
f 107/134/67 108/133/67 103/127/67 100/126/67
f 108/133/68 109/136/68 104/130/68 103/127/68
f 98/137/69 110/138/69 113/139/69 112/140/69
f 110/138/70 111/129/70 114/128/70 113/139/70
f 112/140/71 113/139/71 109/136/71 106/135/71
f 113/139/72 114/128/72 104/130/72 109/136/72
f 115/141/73 118/142/73 121/143/73 120/144/73
f 118/142/74 119/145/74 122/146/74 121/143/74
f 120/144/75 121/143/75 133/147/75 130/148/75
f 121/143/76 122/146/76 123/149/76 133/147/76
f 116/150/77 124/151/77 127/152/77 126/153/77
f 124/151/78 125/154/78 128/155/78 127/152/78
f 126/153/79 127/152/79 122/146/79 119/145/79
f 127/152/80 128/155/80 123/149/80 122/146/80
f 117/156/81 129/157/81 132/158/81 131/159/81
f 129/157/82 130/148/82 133/147/82 132/158/82
f 131/159/83 132/158/83 128/155/83 125/154/83
f 132/158/84 133/147/84 123/149/84 128/155/84
f 134/160/85 137/161/85 140/162/85 139/163/85
f 137/161/86 138/164/86 141/165/86 140/162/86
f 139/163/87 140/162/87 152/166/87 149/167/87
f 140/162/88 141/165/88 142/168/88 152/166/88
f 135/169/89 143/170/89 146/171/89 145/172/89
f 143/170/90 144/173/90 147/174/90 146/171/90
f 145/172/91 146/171/91 141/165/91 138/164/91
f 146/171/92 147/174/92 142/168/92 141/165/92
f 136/175/93 148/176/93 151/177/93 150/178/93
f 148/176/94 149/167/94 152/166/94 151/177/94
f 150/178/95 151/177/95 147/174/95 144/173/95
f 151/177/96 152/166/96 142/168/96 147/174/96
f 39/55/97 1/1/97 6/4/97 42/56/97
f 42/56/98 6/4/98 16/8/98 43/59/98
f 43/71/99 16/23/99 15/20/99 50/67/99
f 50/67/100 15/20/100 3/19/100 40/64/100
f 2/10/101 20/28/101 25/31/101 10/11/101
f 10/11/102 25/31/102 35/35/102 11/14/102
f 11/26/103 35/50/103 34/47/103 17/22/103
f 17/22/104 34/47/104 22/46/104 3/19/104
f 21/37/105 58/79/105 63/82/105 29/38/105
f 29/38/106 63/82/106 73/86/106 30/41/106
f 30/53/107 73/101/107 72/98/107 36/49/107
f 36/49/108 72/98/108 60/97/108 22/46/108
f 59/88/109 41/73/109 55/76/109 67/89/109
f 67/89/110 55/76/110 49/68/110 68/92/110
f 68/92/111 49/68/111 48/65/111 74/100/111
f 74/100/112 48/65/112 40/64/112 60/97/112
f 115/141/113 39/55/113 44/58/113 118/142/113
f 118/142/114 44/58/114 54/62/114 119/145/114
f 119/145/115 54/77/115 53/74/115 126/153/115
f 126/153/116 53/74/116 41/73/116 116/150/116
f 58/79/117 134/160/117 139/163/117 61/80/117
f 61/80/118 139/163/118 149/167/118 62/83/118
f 62/95/119 149/167/119 148/176/119 69/91/119
f 69/91/120 148/176/120 136/175/120 59/88/120
f 135/169/121 117/156/121 131/159/121 143/170/121
f 143/170/122 131/159/122 125/154/122 144/173/122
f 144/173/123 125/154/123 124/151/123 150/178/123
f 150/178/124 124/151/124 116/150/124 136/175/124
f 77/103/125 115/141/125 120/144/125 80/104/125
f 80/104/126 120/144/126 130/148/126 81/107/126
f 81/107/127 130/148/127 129/157/127 88/115/127
f 88/115/128 129/157/128 117/156/128 78/112/128
f 134/160/129 96/122/129 101/125/129 137/161/129
f 137/161/130 101/125/130 111/129/130 138/164/130
f 138/164/131 111/129/131 110/138/131 145/172/131
f 145/172/132 110/138/132 98/137/132 135/169/132
f 97/131/133 79/118/133 93/121/133 105/132/133
f 105/132/134 93/121/134 87/116/134 106/135/134
f 106/135/135 87/116/135 86/113/135 112/140/135
f 112/140/136 86/113/136 78/112/136 98/137/136
f 1/1/137 77/103/137 82/106/137 4/2/137
f 4/2/138 82/106/138 92/110/138 5/5/138
f 5/17/139 92/110/139 91/119/139 12/13/139
f 12/13/140 91/119/140 79/118/140 2/10/140
f 96/122/141 21/37/141 31/40/141 99/123/141
f 99/123/142 31/40/142 24/44/142 100/126/142
f 100/126/143 24/32/143 23/29/143 107/134/143
f 107/134/144 23/29/144 20/28/144 97/131/144
f 39/55/145 115/141/145 77/103/145 1/1/145
f 3/19/146 22/46/146 60/97/146 40/64/146
f 79/118/147 97/131/147 20/28/147 2/10/147
f 134/160/148 58/79/148 21/37/148 96/122/148
f 41/73/149 59/88/149 136/175/149 116/150/149
f 117/156/150 135/169/150 98/137/150 78/112/150
f 153/179/151 156/180/151 157/181/151 159/182/151
f 154/183/152 158/184/152 157/185/152 156/186/152
f 155/187/153 159/188/153 157/189/153 158/190/153
f 160/191/154 163/192/154 164/193/154 166/194/154
f 161/195/155 165/196/155 164/197/155 163/198/155
f 162/199/156 166/200/156 164/201/156 165/202/156
f 167/203/157 170/204/157 171/205/157 173/206/157
f 168/207/158 172/208/158 171/209/158 170/210/158
f 169/211/159 173/212/159 171/209/159 172/208/159
f 174/213/160 177/214/160 178/215/160 180/216/160
f 175/217/161 179/218/161 178/219/161 177/220/161
f 176/221/162 180/222/162 178/219/162 179/218/162
f 181/223/163 184/224/163 185/225/163 187/226/163
f 182/227/164 186/228/164 185/225/164 184/224/164
f 183/229/165 187/226/165 185/225/165 186/228/165
f 188/230/166 191/231/166 192/232/166 194/233/166
f 189/234/167 193/235/167 192/232/167 191/231/167
f 190/236/168 194/233/168 192/232/168 193/235/168
f 195/237/169 198/238/169 199/239/169 201/240/169
f 196/241/170 200/242/170 199/239/170 198/238/170
f 197/243/171 201/240/171 199/239/171 200/242/171
f 202/244/172 205/245/172 206/246/172 208/247/172
f 203/248/173 207/249/173 206/246/173 205/245/173
f 204/250/174 208/247/174 206/246/174 207/249/174
f 167/203/175 153/179/175 159/182/175 170/204/175
f 170/210/176 159/188/176 155/187/176 168/207/176
f 154/183/177 160/191/177 166/194/177 158/184/177
f 158/190/178 166/200/178 162/199/178 155/187/178
f 161/195/179 174/213/179 180/216/179 165/196/179
f 165/202/180 180/222/180 176/221/180 162/199/180
f 175/217/181 169/211/181 172/208/181 179/218/181
f 179/218/182 172/208/182 168/207/182 176/221/182
f 195/237/183 167/203/183 173/206/183 198/238/183
f 198/238/184 173/212/184 169/211/184 196/241/184
f 174/213/185 202/244/185 208/247/185 177/214/185
f 177/220/186 208/247/186 204/250/186 175/217/186
f 203/248/187 197/243/187 200/242/187 207/249/187
f 207/249/188 200/242/188 196/241/188 204/250/188
f 181/223/189 195/237/189 201/240/189 184/224/189
f 184/224/190 201/240/190 197/243/190 182/227/190
f 202/244/191 188/230/191 194/233/191 205/245/191
f 205/245/192 194/233/192 190/236/192 203/248/192
f 189/234/193 183/229/193 186/228/193 193/235/193
f 193/235/194 186/228/194 182/227/194 190/236/194
f 153/179/195 181/223/195 187/226/195 156/180/195
f 156/186/196 187/226/196 183/229/196 154/183/196
f 188/230/197 161/195/197 163/198/197 191/231/197
f 191/231/198 163/192/198 160/191/198 189/234/198
f 167/203/145 195/237/145 181/223/145 153/179/145
f 155/187/146 162/199/146 176/221/146 168/207/146
f 183/229/147 189/234/147 160/191/147 154/183/147
f 202/244/148 174/213/148 161/195/148 188/230/148
f 169/211/149 175/217/149 204/250/149 196/241/149
f 197/243/150 203/248/150 190/236/150 182/227/150
f 209/179/151 212/180/151 213/181/151 215/182/151
f 210/251/152 214/252/152 213/253/152 212/186/152
f 211/254/153 215/188/153 213/189/153 214/255/153
f 216/256/154 219/192/154 220/193/154 222/257/154
f 217/195/155 221/196/155 220/197/155 219/198/155
f 218/258/156 222/259/156 220/260/156 221/202/156
f 223/203/157 226/204/157 227/205/157 229/206/157
f 224/261/158 228/262/158 227/263/158 226/210/158
f 225/264/159 229/212/159 227/263/159 228/262/159
f 230/213/160 233/214/160 234/215/160 236/216/160
f 231/265/161 235/266/161 234/219/161 233/220/161
f 232/267/162 236/222/162 234/219/162 235/266/162
f 237/223/163 240/224/163 241/268/163 243/226/163
f 238/269/164 242/270/164 241/268/164 240/224/164
f 239/271/165 243/226/165 241/268/165 242/270/165
f 244/230/166 247/231/166 248/272/166 250/233/166
f 245/273/167 249/274/167 248/272/167 247/231/167
f 246/275/168 250/233/168 248/272/168 249/274/168
f 251/237/169 254/238/169 255/276/169 257/240/169
f 252/277/170 256/278/170 255/276/170 254/238/170
f 253/279/171 257/240/171 255/276/171 256/278/171
f 258/244/172 261/245/172 262/246/172 264/247/172
f 259/280/173 263/281/173 262/246/173 261/245/173
f 260/282/174 264/247/174 262/246/174 263/281/174
f 223/203/175 209/179/175 215/182/175 226/204/175
f 226/210/199 215/188/199 211/254/199 224/261/199
f 210/251/177 216/256/177 222/257/177 214/252/177
f 214/255/178 222/259/178 218/258/178 211/254/178
f 217/195/179 230/213/179 236/216/179 221/196/179
f 221/202/180 236/222/180 232/267/180 218/258/180
f 231/265/181 225/264/181 228/262/181 235/266/181
f 235/266/200 228/262/200 224/261/200 232/267/200
f 251/237/183 223/203/183 229/206/183 254/238/183
f 254/238/201 229/212/201 225/264/201 252/277/201
f 230/213/185 258/244/185 264/247/185 233/214/185
f 233/220/202 264/247/202 260/282/202 231/265/202
f 259/280/187 253/279/187 256/278/187 263/281/187
f 263/281/203 256/278/203 252/277/203 260/282/203
f 237/223/189 251/237/189 257/240/189 240/224/189
f 240/224/204 257/240/204 253/279/204 238/269/204
f 258/244/191 244/230/191 250/233/191 261/245/191
f 261/245/192 250/233/192 246/275/192 259/280/192
f 245/273/193 239/271/193 242/270/193 249/274/193
f 249/274/205 242/270/205 238/269/205 246/275/205
f 209/179/195 237/223/195 243/226/195 212/180/195
f 212/186/196 243/226/196 239/271/196 210/251/196
f 244/230/197 217/195/197 219/198/197 247/231/197
f 247/231/198 219/192/198 216/256/198 245/273/198
f 223/203/145 251/237/145 237/223/145 209/179/145
f 211/254/146 218/258/146 232/267/146 224/261/146
f 239/271/147 245/273/147 216/256/147 210/251/147
f 258/244/148 230/213/148 217/195/148 244/230/148
f 225/264/149 231/265/149 260/282/149 252/277/149
f 253/279/150 259/280/150 246/275/150 238/269/150
f 265/179/151 268/180/151 269/181/151 271/182/151
f 266/251/152 270/252/152 269/253/152 268/186/152
f 267/254/153 271/188/153 269/189/153 270/255/153
f 272/256/154 275/192/154 276/193/154 278/283/154
f 273/195/155 277/196/155 276/197/155 275/198/155
f 274/258/156 278/284/156 276/285/156 277/202/156
f 279/203/157 282/204/157 283/205/157 285/206/157
f 280/261/158 284/262/158 283/263/158 282/210/158
f 281/264/159 285/212/159 283/263/159 284/262/159
f 286/213/160 289/214/160 290/215/160 292/216/160
f 287/265/161 291/286/161 290/287/161 289/220/161
f 288/267/162 292/222/162 290/287/162 291/286/162
f 293/223/163 296/224/163 297/288/163 299/226/163
f 294/269/164 298/270/164 297/288/164 296/224/164
f 295/271/165 299/226/165 297/288/165 298/270/165
f 300/230/166 303/231/166 304/289/166 306/233/166
f 301/273/167 305/290/167 304/289/167 303/231/167
f 302/275/168 306/233/168 304/289/168 305/290/168
f 307/237/169 310/238/169 311/276/169 313/240/169
f 308/277/170 312/278/170 311/276/170 310/238/170
f 309/279/171 313/240/171 311/276/171 312/278/171
f 314/244/172 317/245/172 318/291/172 320/247/172
f 315/280/173 319/292/173 318/291/173 317/245/173
f 316/282/174 320/247/174 318/291/174 319/292/174
f 279/203/175 265/179/175 271/182/175 282/204/175
f 282/210/176 271/188/176 267/254/176 280/261/176
f 266/251/177 272/256/177 278/283/177 270/252/177
f 270/255/178 278/284/178 274/258/178 267/254/178
f 273/195/179 286/213/179 292/216/179 277/196/179
f 277/202/206 292/222/206 288/267/206 274/258/206
f 287/265/181 281/264/181 284/262/181 291/286/181
f 291/286/182 284/262/182 280/261/182 288/267/182
f 307/237/183 279/203/183 285/206/183 310/238/183
f 310/238/184 285/212/184 281/264/184 308/277/184
f 286/213/185 314/244/185 320/247/185 289/214/185
f 289/220/186 320/247/186 316/282/186 287/265/186
f 315/280/187 309/279/187 312/278/187 319/292/187
f 319/292/203 312/278/203 308/277/203 316/282/203
f 293/223/189 307/237/189 313/240/189 296/224/189
f 296/224/190 313/240/190 309/279/190 294/269/190
f 314/244/191 300/230/191 306/233/191 317/245/191
f 317/245/207 306/233/207 302/275/207 315/280/207
f 301/273/193 295/271/193 298/270/193 305/290/193
f 305/290/205 298/270/205 294/269/205 302/275/205
f 265/179/195 293/223/195 299/226/195 268/180/195
f 268/186/196 299/226/196 295/271/196 266/251/196
f 300/230/197 273/195/197 275/198/197 303/231/197
f 303/231/198 275/192/198 272/256/198 301/273/198
f 279/203/145 307/237/145 293/223/145 265/179/145
f 267/254/146 274/258/146 288/267/146 280/261/146
f 295/271/147 301/273/147 272/256/147 266/251/147
f 314/244/148 286/213/148 273/195/148 300/230/148
f 281/264/149 287/265/149 316/282/149 308/277/149
f 309/279/150 315/280/150 302/275/150 294/269/150
f 321/179/151 324/180/151 325/181/151 327/293/151
f 322/183/152 326/184/152 325/185/152 324/186/152
f 323/294/153 327/295/153 325/296/153 326/190/153
f 328/191/208 331/192/208 332/193/208 334/194/208
f 329/297/155 333/298/155 332/299/155 331/198/155
f 330/300/156 334/200/156 332/201/156 333/301/156
f 335/302/157 338/204/157 339/205/157 341/206/157
f 336/303/158 340/208/158 339/209/158 338/304/158
f 337/211/159 341/212/159 339/209/159 340/208/159
f 342/305/160 345/214/160 346/215/160 348/306/160
f 343/217/161 347/218/161 346/307/161 345/220/161
f 344/308/162 348/309/162 346/307/162 347/218/162
f 349/310/163 352/311/163 353/312/163 355/226/163
f 350/313/164 354/228/164 353/312/164 352/311/164
f 351/229/165 355/226/165 353/312/165 354/228/165
f 356/230/166 359/231/166 360/314/166 362/315/166
f 357/234/167 361/235/167 360/314/167 359/231/167
f 358/236/168 362/315/168 360/314/168 361/235/168
f 363/316/169 366/238/169 367/317/169 369/318/169
f 364/241/170 368/242/170 367/317/170 366/238/170
f 365/319/171 369/318/171 367/317/171 368/242/171
f 370/320/172 373/245/172 374/246/172 376/247/172
f 371/248/173 375/249/173 374/246/173 373/245/173
f 372/250/174 376/247/174 374/246/174 375/249/174
f 335/302/175 321/179/175 327/293/175 338/204/175
f 338/304/176 327/295/176 323/294/176 336/303/176
f 322/183/209 328/191/209 334/194/209 326/184/209
f 326/190/178 334/200/178 330/300/178 323/294/178
f 329/297/179 342/305/179 348/306/179 333/298/179
f 333/301/180 348/309/180 344/308/180 330/300/180
f 343/217/181 337/211/181 340/208/181 347/218/181
f 347/218/182 340/208/182 336/303/182 344/308/182
f 363/316/183 335/302/183 341/206/183 366/238/183
f 366/238/184 341/212/184 337/211/184 364/241/184
f 342/305/185 370/320/185 376/247/185 345/214/185
f 345/220/202 376/247/202 372/250/202 343/217/202
f 371/248/187 365/319/187 368/242/187 375/249/187
f 375/249/188 368/242/188 364/241/188 372/250/188
f 349/310/189 363/316/189 369/318/189 352/311/189
f 352/311/190 369/318/190 365/319/190 350/313/190
f 370/320/191 356/230/191 362/315/191 373/245/191
f 373/245/192 362/315/192 358/236/192 371/248/192
f 357/234/193 351/229/193 354/228/193 361/235/193
f 361/235/194 354/228/194 350/313/194 358/236/194
f 321/179/195 349/310/195 355/226/195 324/180/195
f 324/186/210 355/226/210 351/229/210 322/183/210
f 356/230/197 329/297/197 331/198/197 359/231/197
f 359/231/198 331/192/198 328/191/198 357/234/198
f 335/302/145 363/316/145 349/310/145 321/179/145
f 323/294/146 330/300/146 344/308/146 336/303/146
f 351/229/147 357/234/147 328/191/147 322/183/147
f 370/320/148 342/305/148 329/297/148 356/230/148
f 337/211/149 343/217/149 372/250/149 364/241/149
f 365/319/150 371/248/150 358/236/150 350/313/150
f 377/179/151 380/180/151 381/181/151 383/293/151
f 378/251/152 382/252/152 381/253/152 380/186/152
f 379/294/153 383/295/153 381/296/153 382/255/153
f 384/256/208 387/192/208 388/193/208 390/257/208
f 385/297/155 389/298/155 388/299/155 387/198/155
f 386/321/156 390/259/156 388/260/156 389/301/156
f 391/302/157 394/204/157 395/205/157 397/206/157
f 392/322/158 396/262/158 395/263/158 394/304/158
f 393/264/159 397/212/159 395/263/159 396/262/159
f 398/305/160 401/214/160 402/215/160 404/306/160
f 399/265/161 403/266/161 402/307/161 401/220/161
f 400/323/162 404/309/162 402/307/162 403/266/162
f 405/310/163 408/311/163 409/268/163 411/226/163
f 406/324/164 410/270/164 409/268/164 408/311/164
f 407/271/165 411/226/165 409/268/165 410/270/165
f 412/230/166 415/231/166 416/314/166 418/315/166
f 413/273/167 417/274/167 416/314/167 415/231/167
f 414/325/168 418/315/168 416/314/168 417/274/168
f 419/316/169 422/238/169 423/326/169 425/318/169
f 420/277/170 424/278/170 423/326/170 422/238/170
f 421/319/171 425/318/171 423/326/171 424/278/171
f 426/320/172 429/245/172 430/246/172 432/247/172
f 427/327/173 431/281/173 430/246/173 429/245/173
f 428/282/174 432/247/174 430/246/174 431/281/174
f 391/302/175 377/179/175 383/293/175 394/204/175
f 394/304/176 383/295/176 379/294/176 392/322/176
f 378/251/209 384/256/209 390/257/209 382/252/209
f 382/255/178 390/259/178 386/321/178 379/294/178
f 385/297/179 398/305/179 404/306/179 389/298/179
f 389/301/180 404/309/180 400/323/180 386/321/180
f 399/265/181 393/264/181 396/262/181 403/266/181
f 403/266/200 396/262/200 392/322/200 400/323/200
f 419/316/183 391/302/183 397/206/183 422/238/183
f 422/238/201 397/212/201 393/264/201 420/277/201
f 398/305/185 426/320/185 432/247/185 401/214/185
f 401/220/202 432/247/202 428/282/202 399/265/202
f 427/327/187 421/319/187 424/278/187 431/281/187
f 431/281/203 424/278/203 420/277/203 428/282/203
f 405/310/189 419/316/189 425/318/189 408/311/189
f 408/311/190 425/318/190 421/319/190 406/324/190
f 426/320/191 412/230/191 418/315/191 429/245/191
f 429/245/192 418/315/192 414/325/192 427/327/192
f 413/273/193 407/271/193 410/270/193 417/274/193
f 417/274/205 410/270/205 406/324/205 414/325/205
f 377/179/195 405/310/195 411/226/195 380/180/195
f 380/186/196 411/226/196 407/271/196 378/251/196
f 412/230/197 385/297/197 387/198/197 415/231/197
f 415/231/211 387/192/211 384/256/211 413/273/211
f 391/302/145 419/316/145 405/310/145 377/179/145
f 379/294/146 386/321/146 400/323/146 392/322/146
f 407/271/147 413/273/147 384/256/147 378/251/147
f 426/320/148 398/305/148 385/297/148 412/230/148
f 393/264/149 399/265/149 428/282/149 420/277/149
f 421/319/150 427/327/150 414/325/150 406/324/150
f 433/179/151 436/180/151 437/181/151 439/293/151
f 434/251/152 438/252/152 437/253/152 436/186/152
f 435/294/153 439/295/153 437/296/153 438/255/153
f 440/256/208 443/192/208 444/193/208 446/283/208
f 441/297/155 445/298/155 444/299/155 443/198/155
f 442/321/156 446/284/156 444/285/156 445/301/156
f 447/302/157 450/204/157 451/205/157 453/206/157
f 448/322/158 452/262/158 451/263/158 450/304/158
f 449/264/159 453/212/159 451/263/159 452/262/159
f 454/305/160 457/214/160 458/215/160 460/306/160
f 455/265/161 459/286/161 458/328/161 457/220/161
f 456/323/162 460/309/162 458/328/162 459/286/162
f 461/310/163 464/311/163 465/268/163 467/226/163
f 462/324/164 466/270/164 465/268/164 464/311/164
f 463/271/165 467/226/165 465/268/165 466/270/165
f 468/230/166 471/231/166 472/329/166 474/315/166
f 469/273/167 473/290/167 472/329/167 471/231/167
f 470/325/168 474/315/168 472/329/168 473/290/168
f 475/316/169 478/238/169 479/326/169 481/318/169
f 476/277/170 480/278/170 479/326/170 478/238/170
f 477/319/171 481/318/171 479/326/171 480/278/171
f 482/320/172 485/245/172 486/291/172 488/247/172
f 483/327/173 487/292/173 486/291/173 485/245/173
f 484/282/174 488/247/174 486/291/174 487/292/174
f 447/302/175 433/179/175 439/293/175 450/204/175
f 450/304/176 439/295/176 435/294/176 448/322/176
f 434/251/209 440/256/209 446/283/209 438/252/209
f 438/255/178 446/284/178 442/321/178 435/294/178
f 441/297/179 454/305/179 460/306/179 445/298/179
f 445/301/206 460/309/206 456/323/206 442/321/206
f 455/265/181 449/264/181 452/262/181 459/286/181
f 459/286/182 452/262/182 448/322/182 456/323/182
f 475/316/183 447/302/183 453/206/183 478/238/183
f 478/238/184 453/212/184 449/264/184 476/277/184
f 454/305/185 482/320/185 488/247/185 457/214/185
f 457/220/186 488/247/186 484/282/186 455/265/186
f 483/327/187 477/319/187 480/278/187 487/292/187
f 487/292/203 480/278/203 476/277/203 484/282/203
f 461/310/189 475/316/189 481/318/189 464/311/189
f 464/311/190 481/318/190 477/319/190 462/324/190
f 482/320/191 468/230/191 474/315/191 485/245/191
f 485/245/207 474/315/207 470/325/207 483/327/207
f 469/273/193 463/271/193 466/270/193 473/290/193
f 473/290/205 466/270/205 462/324/205 470/325/205
f 433/179/195 461/310/195 467/226/195 436/180/195
f 436/186/210 467/226/210 463/271/210 434/251/210
f 468/230/197 441/297/197 443/198/197 471/231/197
f 471/231/198 443/192/198 440/256/198 469/273/198
f 447/302/145 475/316/145 461/310/145 433/179/145
f 435/294/146 442/321/146 456/323/146 448/322/146
f 463/271/147 469/273/147 440/256/147 434/251/147
f 482/320/148 454/305/148 441/297/148 468/230/148
f 449/264/149 455/265/149 484/282/149 476/277/149
f 477/319/150 483/327/150 470/325/150 462/324/150
f 489/179/151 492/180/151 493/181/151 495/182/151
f 490/183/152 494/184/152 493/185/152 492/186/152
f 491/187/153 495/188/153 493/189/153 494/190/153
f 496/191/208 499/192/208 500/193/208 502/194/208
f 497/195/155 501/196/155 500/197/155 499/198/155
f 498/199/156 502/200/156 500/201/156 501/202/156
f 503/203/157 506/330/157 507/331/157 509/206/157
f 504/207/158 508/208/158 507/209/158 506/332/158
f 505/211/159 509/212/159 507/209/159 508/208/159
f 510/213/160 513/214/160 514/215/160 516/216/160
f 511/217/161 515/218/161 514/219/161 513/220/161
f 512/221/162 516/222/162 514/219/162 515/218/162
f 517/223/163 520/311/163 521/312/163 523/226/163
f 518/227/164 522/228/164 521/312/164 520/311/164
f 519/229/165 523/226/165 521/312/165 522/228/165
f 524/230/166 527/231/166 528/232/166 530/233/166
f 525/234/167 529/235/167 528/232/167 527/231/167
f 526/236/168 530/233/168 528/232/168 529/235/168
f 531/237/169 534/238/169 535/239/169 537/240/169
f 532/241/170 536/242/170 535/239/170 534/238/170
f 533/243/171 537/240/171 535/239/171 536/242/171
f 538/244/172 541/333/172 542/334/172 544/247/172
f 539/248/173 543/249/173 542/334/173 541/333/173
f 540/250/174 544/247/174 542/334/174 543/249/174
f 503/203/175 489/179/175 495/182/175 506/330/175
f 506/332/176 495/188/176 491/187/176 504/207/176
f 490/183/177 496/191/177 502/194/177 494/184/177
f 494/190/178 502/200/178 498/199/178 491/187/178
f 497/195/179 510/213/179 516/216/179 501/196/179
f 501/202/180 516/222/180 512/221/180 498/199/180
f 511/217/181 505/211/181 508/208/181 515/218/181
f 515/218/200 508/208/200 504/207/200 512/221/200
f 531/237/183 503/203/183 509/206/183 534/238/183
f 534/238/201 509/212/201 505/211/201 532/241/201
f 510/213/185 538/244/185 544/247/185 513/214/185
f 513/220/186 544/247/186 540/250/186 511/217/186
f 539/248/187 533/243/187 536/242/187 543/249/187
f 543/249/188 536/242/188 532/241/188 540/250/188
f 517/223/189 531/237/189 537/240/189 520/311/189
f 520/311/190 537/240/190 533/243/190 518/227/190
f 538/244/191 524/230/191 530/233/191 541/333/191
f 541/333/192 530/233/192 526/236/192 539/248/192
f 525/234/193 519/229/193 522/228/193 529/235/193
f 529/235/194 522/228/194 518/227/194 526/236/194
f 489/179/195 517/223/195 523/226/195 492/180/195
f 492/186/210 523/226/210 519/229/210 490/183/210
f 524/230/197 497/195/197 499/198/197 527/231/197
f 527/231/198 499/192/198 496/191/198 525/234/198
f 503/203/145 531/237/145 517/223/145 489/179/145
f 491/187/146 498/199/146 512/221/146 504/207/146
f 519/229/147 525/234/147 496/191/147 490/183/147
f 538/244/148 510/213/148 497/195/148 524/230/148
f 505/211/149 511/217/149 540/250/149 532/241/149
f 533/243/150 539/248/150 526/236/150 518/227/150
f 545/179/151 548/180/151 549/181/151 551/182/151
f 546/251/152 550/252/152 549/253/152 548/186/152
f 547/254/153 551/188/153 549/189/153 550/255/153
f 552/256/208 555/192/208 556/193/208 558/257/208
f 553/195/155 557/196/155 556/197/155 555/198/155
f 554/258/156 558/259/156 556/260/156 557/202/156
f 559/203/157 562/330/157 563/331/157 565/206/157
f 560/261/158 564/262/158 563/263/158 562/332/158
f 561/264/159 565/212/159 563/263/159 564/262/159
f 566/213/160 569/214/160 570/215/160 572/216/160
f 567/265/161 571/266/161 570/219/161 569/220/161
f 568/267/162 572/222/162 570/219/162 571/266/162
f 573/223/163 576/311/163 577/268/163 579/226/163
f 574/269/164 578/270/164 577/268/164 576/311/164
f 575/271/165 579/226/165 577/268/165 578/270/165
f 580/230/166 583/231/166 584/272/166 586/233/166
f 581/273/167 585/274/167 584/272/167 583/231/167
f 582/275/168 586/233/168 584/272/168 585/274/168
f 587/237/169 590/238/169 591/276/169 593/240/169
f 588/277/170 592/278/170 591/276/170 590/238/170
f 589/279/171 593/240/171 591/276/171 592/278/171
f 594/244/172 597/333/172 598/334/172 600/247/172
f 595/280/173 599/281/173 598/334/173 597/333/173
f 596/282/174 600/247/174 598/334/174 599/281/174
f 559/203/175 545/179/175 551/182/175 562/330/175
f 562/332/199 551/188/199 547/254/199 560/261/199
f 546/251/177 552/256/177 558/257/177 550/252/177
f 550/255/178 558/259/178 554/258/178 547/254/178
f 553/195/179 566/213/179 572/216/179 557/196/179
f 557/202/180 572/222/180 568/267/180 554/258/180
f 567/265/181 561/264/181 564/262/181 571/266/181
f 571/266/200 564/262/200 560/261/200 568/267/200
f 587/237/183 559/203/183 565/206/183 590/238/183
f 590/238/201 565/212/201 561/264/201 588/277/201
f 566/213/185 594/244/185 600/247/185 569/214/185
f 569/220/186 600/247/186 596/282/186 567/265/186
f 595/280/187 589/279/187 592/278/187 599/281/187
f 599/281/188 592/278/188 588/277/188 596/282/188
f 573/223/189 587/237/189 593/240/189 576/311/189
f 576/311/204 593/240/204 589/279/204 574/269/204
f 594/244/191 580/230/191 586/233/191 597/333/191
f 597/333/192 586/233/192 582/275/192 595/280/192
f 581/273/193 575/271/193 578/270/193 585/274/193
f 585/274/205 578/270/205 574/269/205 582/275/205
f 545/179/195 573/223/195 579/226/195 548/180/195
f 548/186/196 579/226/196 575/271/196 546/251/196
f 580/230/197 553/195/197 555/198/197 583/231/197
f 583/231/198 555/192/198 552/256/198 581/273/198
f 559/203/145 587/237/145 573/223/145 545/179/145
f 547/254/146 554/258/146 568/267/146 560/261/146
f 575/271/147 581/273/147 552/256/147 546/251/147
f 594/244/148 566/213/148 553/195/148 580/230/148
f 561/264/149 567/265/149 596/282/149 588/277/149
f 589/279/150 595/280/150 582/275/150 574/269/150
f 601/179/151 604/180/151 605/181/151 607/182/151
f 602/251/152 606/252/152 605/253/152 604/186/152
f 603/254/153 607/188/153 605/189/153 606/255/153
f 608/256/208 611/192/208 612/193/208 614/283/208
f 609/195/155 613/196/155 612/197/155 611/198/155
f 610/258/156 614/284/156 612/285/156 613/202/156
f 615/203/157 618/330/157 619/331/157 621/206/157
f 616/261/158 620/262/158 619/263/158 618/332/158
f 617/264/159 621/212/159 619/263/159 620/262/159
f 622/213/160 625/214/160 626/215/160 628/216/160
f 623/265/161 627/286/161 626/287/161 625/220/161
f 624/267/162 628/222/162 626/287/162 627/286/162
f 629/223/163 632/311/163 633/268/163 635/226/163
f 630/269/164 634/270/164 633/268/164 632/311/164
f 631/271/165 635/226/165 633/268/165 634/270/165
f 636/230/166 639/231/166 640/289/166 642/233/166
f 637/273/167 641/290/167 640/289/167 639/231/167
f 638/275/168 642/233/168 640/289/168 641/290/168
f 643/237/169 646/238/169 647/276/169 649/240/169
f 644/277/170 648/278/170 647/276/170 646/238/170
f 645/279/171 649/240/171 647/276/171 648/278/171
f 650/244/172 653/333/172 654/335/172 656/247/172
f 651/280/173 655/292/173 654/335/173 653/333/173
f 652/282/174 656/247/174 654/335/174 655/292/174
f 615/203/175 601/179/175 607/182/175 618/330/175
f 618/332/199 607/188/199 603/254/199 616/261/199
f 602/251/177 608/256/177 614/283/177 606/252/177
f 606/255/178 614/284/178 610/258/178 603/254/178
f 609/195/179 622/213/179 628/216/179 613/196/179
f 613/202/206 628/222/206 624/267/206 610/258/206
f 623/265/181 617/264/181 620/262/181 627/286/181
f 627/286/200 620/262/200 616/261/200 624/267/200
f 643/237/183 615/203/183 621/206/183 646/238/183
f 646/238/201 621/212/201 617/264/201 644/277/201
f 622/213/185 650/244/185 656/247/185 625/214/185
f 625/220/186 656/247/186 652/282/186 623/265/186
f 651/280/187 645/279/187 648/278/187 655/292/187
f 655/292/188 648/278/188 644/277/188 652/282/188
f 629/223/189 643/237/189 649/240/189 632/311/189
f 632/311/190 649/240/190 645/279/190 630/269/190
f 650/244/191 636/230/191 642/233/191 653/333/191
f 653/333/207 642/233/207 638/275/207 651/280/207
f 637/273/193 631/271/193 634/270/193 641/290/193
f 641/290/205 634/270/205 630/269/205 638/275/205
f 601/179/195 629/223/195 635/226/195 604/180/195
f 604/186/196 635/226/196 631/271/196 602/251/196
f 636/230/197 609/195/197 611/198/197 639/231/197
f 639/231/198 611/192/198 608/256/198 637/273/198
f 615/203/145 643/237/145 629/223/145 601/179/145
f 603/254/146 610/258/146 624/267/146 616/261/146
f 631/271/147 637/273/147 608/256/147 602/251/147
f 650/244/148 622/213/148 609/195/148 636/230/148
f 617/264/149 623/265/149 652/282/149 644/277/149
f 645/279/150 651/280/150 638/275/150 630/269/150
f 657/179/151 660/180/151 661/181/151 663/182/151
f 658/183/152 662/184/152 661/185/152 660/186/152
f 659/187/153 663/188/153 661/189/153 662/190/153
f 664/191/208 667/192/208 668/193/208 670/194/208
f 665/195/155 669/196/155 668/197/155 667/198/155
f 666/199/156 670/200/156 668/201/156 669/202/156
f 671/203/157 674/204/157 675/205/157 677/206/157
f 672/207/158 676/208/158 675/209/158 674/210/158
f 673/211/159 677/212/159 675/209/159 676/208/159
f 678/213/160 681/214/160 682/215/160 684/216/160
f 679/217/161 683/218/161 682/219/161 681/220/161
f 680/221/162 684/222/162 682/219/162 683/218/162
f 685/223/163 688/224/163 689/312/163 691/226/163
f 686/227/164 690/228/164 689/312/164 688/224/164
f 687/229/212 691/226/212 689/312/212 690/228/212
f 692/230/166 695/231/166 696/272/166 698/233/166
f 693/234/167 697/235/167 696/272/167 695/231/167
f 694/236/168 698/233/168 696/272/168 697/235/168
f 699/237/169 702/238/169 703/239/169 705/240/169
f 700/241/170 704/242/170 703/239/170 702/238/170
f 701/243/171 705/240/171 703/239/171 704/242/171
f 706/244/172 709/245/172 710/246/172 712/247/172
f 707/248/173 711/249/173 710/246/173 709/245/173
f 708/250/174 712/247/174 710/246/174 711/249/174
f 671/203/175 657/179/175 663/182/175 674/204/175
f 674/210/176 663/188/176 659/187/176 672/207/176
f 658/183/177 664/191/177 670/194/177 662/184/177
f 662/190/178 670/200/178 666/199/178 659/187/178
f 665/195/179 678/213/179 684/216/179 669/196/179
f 669/202/180 684/222/180 680/221/180 666/199/180
f 679/217/181 673/211/181 676/208/181 683/218/181
f 683/218/200 676/208/200 672/207/200 680/221/200
f 699/237/183 671/203/183 677/206/183 702/238/183
f 702/238/184 677/212/184 673/211/184 700/241/184
f 678/213/185 706/244/185 712/247/185 681/214/185
f 681/220/186 712/247/186 708/250/186 679/217/186
f 707/248/187 701/243/187 704/242/187 711/249/187
f 711/249/203 704/242/203 700/241/203 708/250/203
f 685/223/189 699/237/189 705/240/189 688/224/189
f 688/224/190 705/240/190 701/243/190 686/227/190
f 706/244/191 692/230/191 698/233/191 709/245/191
f 709/245/192 698/233/192 694/236/192 707/248/192
f 693/234/193 687/229/193 690/228/193 697/235/193
f 697/235/205 690/228/205 686/227/205 694/236/205
f 657/179/195 685/223/195 691/226/195 660/180/195
f 660/186/196 691/226/196 687/229/196 658/183/196
f 692/230/197 665/195/197 667/198/197 695/231/197
f 695/231/198 667/192/198 664/191/198 693/234/198
f 671/203/145 699/237/145 685/223/145 657/179/145
f 659/187/146 666/199/146 680/221/146 672/207/146
f 687/229/147 693/234/147 664/191/147 658/183/147
f 706/244/148 678/213/148 665/195/148 692/230/148
f 673/211/149 679/217/149 708/250/149 700/241/149
f 701/243/150 707/248/150 694/236/150 686/227/150
f 713/179/151 716/180/151 717/181/151 719/182/151
f 714/251/152 718/252/152 717/253/152 716/186/152
f 715/254/153 719/188/153 717/189/153 718/255/153
f 720/256/208 723/192/208 724/193/208 726/257/208
f 721/195/155 725/196/155 724/197/155 723/198/155
f 722/258/156 726/259/156 724/260/156 725/202/156
f 727/203/157 730/204/157 731/205/157 733/206/157
f 728/261/158 732/262/158 731/263/158 730/210/158
f 729/264/159 733/212/159 731/263/159 732/262/159
f 734/213/160 737/214/160 738/215/160 740/216/160
f 735/265/161 739/266/161 738/219/161 737/220/161
f 736/267/162 740/222/162 738/219/162 739/266/162
f 741/223/163 744/224/163 745/288/163 747/226/163
f 742/269/164 746/270/164 745/288/164 744/224/164
f 743/271/212 747/226/212 745/288/212 746/270/212
f 748/230/166 751/231/166 752/272/166 754/233/166
f 749/273/167 753/274/167 752/272/167 751/231/167
f 750/275/168 754/233/168 752/272/168 753/274/168
f 755/237/169 758/238/169 759/276/169 761/240/169
f 756/277/170 760/278/170 759/276/170 758/238/170
f 757/279/171 761/240/171 759/276/171 760/278/171
f 762/244/172 765/245/172 766/246/172 768/247/172
f 763/280/173 767/281/173 766/246/173 765/245/173
f 764/282/174 768/247/174 766/246/174 767/281/174
f 727/203/175 713/179/175 719/182/175 730/204/175
f 730/210/199 719/188/199 715/254/199 728/261/199
f 714/251/177 720/256/177 726/257/177 718/252/177
f 718/255/178 726/259/178 722/258/178 715/254/178
f 721/195/179 734/213/179 740/216/179 725/196/179
f 725/202/180 740/222/180 736/267/180 722/258/180
f 735/265/181 729/264/181 732/262/181 739/266/181
f 739/266/182 732/262/182 728/261/182 736/267/182
f 755/237/183 727/203/183 733/206/183 758/238/183
f 758/238/201 733/212/201 729/264/201 756/277/201
f 734/213/185 762/244/185 768/247/185 737/214/185
f 737/220/202 768/247/202 764/282/202 735/265/202
f 763/280/187 757/279/187 760/278/187 767/281/187
f 767/281/203 760/278/203 756/277/203 764/282/203
f 741/223/189 755/237/189 761/240/189 744/224/189
f 744/224/204 761/240/204 757/279/204 742/269/204
f 762/244/191 748/230/191 754/233/191 765/245/191
f 765/245/192 754/233/192 750/275/192 763/280/192
f 749/273/193 743/271/193 746/270/193 753/274/193
f 753/274/194 746/270/194 742/269/194 750/275/194
f 713/179/195 741/223/195 747/226/195 716/180/195
f 716/186/196 747/226/196 743/271/196 714/251/196
f 748/230/197 721/195/197 723/198/197 751/231/197
f 751/231/198 723/192/198 720/256/198 749/273/198
f 727/203/145 755/237/145 741/223/145 713/179/145
f 715/254/146 722/258/146 736/267/146 728/261/146
f 743/271/147 749/273/147 720/256/147 714/251/147
f 762/244/148 734/213/148 721/195/148 748/230/148
f 729/264/149 735/265/149 764/282/149 756/277/149
f 757/279/150 763/280/150 750/275/150 742/269/150
f 769/179/151 772/180/151 773/181/151 775/182/151
f 770/251/152 774/252/152 773/253/152 772/186/152
f 771/254/153 775/188/153 773/189/153 774/255/153
f 776/256/208 779/192/208 780/193/208 782/283/208
f 777/195/155 781/196/155 780/197/155 779/198/155
f 778/258/156 782/284/156 780/285/156 781/202/156
f 783/203/157 786/204/157 787/205/157 789/206/157
f 784/261/158 788/262/158 787/263/158 786/210/158
f 785/264/159 789/212/159 787/263/159 788/262/159
f 790/213/160 793/214/160 794/215/160 796/216/160
f 791/265/161 795/286/161 794/287/161 793/220/161
f 792/267/162 796/222/162 794/287/162 795/286/162
f 797/223/163 800/224/163 801/268/163 803/226/163
f 798/269/164 802/270/164 801/268/164 800/224/164
f 799/271/212 803/226/212 801/268/212 802/270/212
f 804/230/166 807/231/166 808/289/166 810/233/166
f 805/273/167 809/290/167 808/289/167 807/231/167
f 806/275/168 810/233/168 808/289/168 809/290/168
f 811/237/169 814/238/169 815/276/169 817/240/169
f 812/277/170 816/278/170 815/276/170 814/238/170
f 813/279/171 817/240/171 815/276/171 816/278/171
f 818/244/172 821/245/172 822/291/172 824/247/172
f 819/280/173 823/292/173 822/291/173 821/245/173
f 820/282/174 824/247/174 822/291/174 823/292/174
f 783/203/175 769/179/175 775/182/175 786/204/175
f 786/210/176 775/188/176 771/254/176 784/261/176
f 770/251/177 776/256/177 782/283/177 774/252/177
f 774/255/178 782/284/178 778/258/178 771/254/178
f 777/195/179 790/213/179 796/216/179 781/196/179
f 781/202/206 796/222/206 792/267/206 778/258/206
f 791/265/181 785/264/181 788/262/181 795/286/181
f 795/286/182 788/262/182 784/261/182 792/267/182
f 811/237/183 783/203/183 789/206/183 814/238/183
f 814/238/184 789/212/184 785/264/184 812/277/184
f 790/213/185 818/244/185 824/247/185 793/214/185
f 793/220/186 824/247/186 820/282/186 791/265/186
f 819/280/187 813/279/187 816/278/187 823/292/187
f 823/292/203 816/278/203 812/277/203 820/282/203
f 797/223/189 811/237/189 817/240/189 800/224/189
f 800/224/190 817/240/190 813/279/190 798/269/190
f 818/244/191 804/230/191 810/233/191 821/245/191
f 821/245/207 810/233/207 806/275/207 819/280/207
f 805/273/193 799/271/193 802/270/193 809/290/193
f 809/290/205 802/270/205 798/269/205 806/275/205
f 769/179/195 797/223/195 803/226/195 772/180/195
f 772/186/196 803/226/196 799/271/196 770/251/196
f 804/230/197 777/195/197 779/198/197 807/231/197
f 807/231/198 779/192/198 776/256/198 805/273/198
f 783/203/145 811/237/145 797/223/145 769/179/145
f 771/254/146 778/258/146 792/267/146 784/261/146
f 799/271/147 805/273/147 776/256/147 770/251/147
f 818/244/148 790/213/148 777/195/148 804/230/148
f 785/264/149 791/265/149 820/282/149 812/277/149
f 813/279/150 819/280/150 806/275/150 798/269/150
f 825/179/151 828/180/151 829/181/151 831/293/151
f 826/183/152 830/184/152 829/185/152 828/186/152
f 827/294/153 831/295/153 829/296/153 830/190/153
f 832/191/208 835/192/208 836/193/208 838/194/208
f 833/297/155 837/298/155 836/299/155 835/198/155
f 834/300/156 838/200/156 836/201/156 837/301/156
f 839/302/157 842/204/157 843/205/157 845/206/157
f 840/303/158 844/208/158 843/209/158 842/304/158
f 841/211/159 845/212/159 843/209/159 844/208/159
f 846/305/160 849/214/160 850/215/160 852/306/160
f 847/217/161 851/218/161 850/307/161 849/220/161
f 848/308/162 852/309/162 850/307/162 851/218/162
f 853/310/163 856/311/163 857/312/163 859/226/163
f 854/313/164 858/228/164 857/312/164 856/311/164
f 855/229/165 859/226/165 857/312/165 858/228/165
f 860/230/166 863/231/166 864/336/166 866/315/166
f 861/234/167 865/235/167 864/336/167 863/231/167
f 862/236/168 866/315/168 864/336/168 865/235/168
f 867/316/169 870/238/169 871/317/169 873/318/169
f 868/241/170 872/242/170 871/317/170 870/238/170
f 869/319/171 873/318/171 871/317/171 872/242/171
f 874/320/172 877/245/172 878/246/172 880/247/172
f 875/248/173 879/249/173 878/246/173 877/245/173
f 876/250/174 880/247/174 878/246/174 879/249/174
f 839/302/175 825/179/175 831/293/175 842/204/175
f 842/304/176 831/295/176 827/294/176 840/303/176
f 826/183/177 832/191/177 838/194/177 830/184/177
f 830/190/178 838/200/178 834/300/178 827/294/178
f 833/297/179 846/305/179 852/306/179 837/298/179
f 837/301/180 852/309/180 848/308/180 834/300/180
f 847/217/181 841/211/181 844/208/181 851/218/181
f 851/218/200 844/208/200 840/303/200 848/308/200
f 867/316/183 839/302/183 845/206/183 870/238/183
f 870/238/184 845/212/184 841/211/184 868/241/184
f 846/305/185 874/320/185 880/247/185 849/214/185
f 849/220/202 880/247/202 876/250/202 847/217/202
f 875/248/187 869/319/187 872/242/187 879/249/187
f 879/249/203 872/242/203 868/241/203 876/250/203
f 853/310/189 867/316/189 873/318/189 856/311/189
f 856/311/190 873/318/190 869/319/190 854/313/190
f 874/320/191 860/230/191 866/315/191 877/245/191
f 877/245/192 866/315/192 862/236/192 875/248/192
f 861/234/193 855/229/193 858/228/193 865/235/193
f 865/235/205 858/228/205 854/313/205 862/236/205
f 825/179/195 853/310/195 859/226/195 828/180/195
f 828/186/210 859/226/210 855/229/210 826/183/210
f 860/230/197 833/297/197 835/198/197 863/231/197
f 863/231/198 835/192/198 832/191/198 861/234/198
f 839/302/145 867/316/145 853/310/145 825/179/145
f 827/294/146 834/300/146 848/308/146 840/303/146
f 855/229/147 861/234/147 832/191/147 826/183/147
f 874/320/148 846/305/148 833/297/148 860/230/148
f 841/211/149 847/217/149 876/250/149 868/241/149
f 869/319/150 875/248/150 862/236/150 854/313/150
f 881/179/151 884/180/151 885/181/151 887/293/151
f 882/251/152 886/252/152 885/253/152 884/186/152
f 883/294/153 887/295/153 885/296/153 886/255/153
f 888/256/208 891/192/208 892/193/208 894/257/208
f 889/297/155 893/298/155 892/299/155 891/198/155
f 890/321/156 894/259/156 892/260/156 893/301/156
f 895/302/157 898/204/157 899/205/157 901/206/157
f 896/322/158 900/262/158 899/263/158 898/304/158
f 897/264/159 901/212/159 899/263/159 900/262/159
f 902/305/160 905/214/160 906/215/160 908/306/160
f 903/265/161 907/266/161 906/307/161 905/220/161
f 904/323/162 908/309/162 906/307/162 907/266/162
f 909/310/163 912/311/163 913/268/163 915/226/163
f 910/324/164 914/270/164 913/268/164 912/311/164
f 911/271/165 915/226/165 913/268/165 914/270/165
f 916/230/166 919/231/166 920/314/166 922/315/166
f 917/273/167 921/274/167 920/314/167 919/231/167
f 918/325/168 922/315/168 920/314/168 921/274/168
f 923/316/169 926/238/169 927/326/169 929/318/169
f 924/277/170 928/278/170 927/326/170 926/238/170
f 925/319/171 929/318/171 927/326/171 928/278/171
f 930/320/172 933/245/172 934/246/172 936/247/172
f 931/327/173 935/281/173 934/246/173 933/245/173
f 932/282/174 936/247/174 934/246/174 935/281/174
f 895/302/175 881/179/175 887/293/175 898/204/175
f 898/304/176 887/295/176 883/294/176 896/322/176
f 882/251/209 888/256/209 894/257/209 886/252/209
f 886/255/178 894/259/178 890/321/178 883/294/178
f 889/297/179 902/305/179 908/306/179 893/298/179
f 893/301/180 908/309/180 904/323/180 890/321/180
f 903/265/181 897/264/181 900/262/181 907/266/181
f 907/266/182 900/262/182 896/322/182 904/323/182
f 923/316/183 895/302/183 901/206/183 926/238/183
f 926/238/201 901/212/201 897/264/201 924/277/201
f 902/305/185 930/320/185 936/247/185 905/214/185
f 905/220/202 936/247/202 932/282/202 903/265/202
f 931/327/187 925/319/187 928/278/187 935/281/187
f 935/281/203 928/278/203 924/277/203 932/282/203
f 909/310/189 923/316/189 929/318/189 912/311/189
f 912/311/190 929/318/190 925/319/190 910/324/190
f 930/320/191 916/230/191 922/315/191 933/245/191
f 933/245/192 922/315/192 918/325/192 931/327/192
f 917/273/193 911/271/193 914/270/193 921/274/193
f 921/274/194 914/270/194 910/324/194 918/325/194
f 881/179/195 909/310/195 915/226/195 884/180/195
f 884/186/196 915/226/196 911/271/196 882/251/196
f 916/230/197 889/297/197 891/198/197 919/231/197
f 919/231/211 891/192/211 888/256/211 917/273/211
f 895/302/145 923/316/145 909/310/145 881/179/145
f 883/294/146 890/321/146 904/323/146 896/322/146
f 911/271/147 917/273/147 888/256/147 882/251/147
f 930/320/148 902/305/148 889/297/148 916/230/148
f 897/264/149 903/265/149 932/282/149 924/277/149
f 925/319/150 931/327/150 918/325/150 910/324/150
f 937/179/151 940/180/151 941/181/151 943/293/151
f 938/251/152 942/252/152 941/253/152 940/186/152
f 939/294/153 943/295/153 941/296/153 942/255/153
f 944/256/208 947/192/208 948/193/208 950/283/208
f 945/297/155 949/298/155 948/299/155 947/198/155
f 946/321/156 950/284/156 948/285/156 949/301/156
f 951/302/157 954/204/157 955/205/157 957/206/157
f 952/322/158 956/262/158 955/263/158 954/304/158
f 953/264/159 957/212/159 955/263/159 956/262/159
f 958/305/160 961/214/160 962/215/160 964/306/160
f 959/265/161 963/286/161 962/328/161 961/220/161
f 960/323/162 964/309/162 962/328/162 963/286/162
f 965/310/163 968/311/163 969/268/163 971/226/163
f 966/324/164 970/270/164 969/268/164 968/311/164
f 967/271/165 971/226/165 969/268/165 970/270/165
f 972/230/166 975/231/166 976/329/166 978/315/166
f 973/273/167 977/290/167 976/329/167 975/231/167
f 974/325/168 978/315/168 976/329/168 977/290/168
f 979/316/169 982/238/169 983/326/169 985/318/169
f 980/277/170 984/278/170 983/326/170 982/238/170
f 981/319/171 985/318/171 983/326/171 984/278/171
f 986/320/172 989/245/172 990/291/172 992/247/172
f 987/327/173 991/292/173 990/291/173 989/245/173
f 988/282/174 992/247/174 990/291/174 991/292/174
f 951/302/175 937/179/175 943/293/175 954/204/175
f 954/304/176 943/295/176 939/294/176 952/322/176
f 938/251/209 944/256/209 950/283/209 942/252/209
f 942/255/178 950/284/178 946/321/178 939/294/178
f 945/297/179 958/305/179 964/306/179 949/298/179
f 949/301/206 964/309/206 960/323/206 946/321/206
f 959/265/181 953/264/181 956/262/181 963/286/181
f 963/286/182 956/262/182 952/322/182 960/323/182
f 979/316/183 951/302/183 957/206/183 982/238/183
f 982/238/184 957/212/184 953/264/184 980/277/184
f 958/305/185 986/320/185 992/247/185 961/214/185
f 961/220/186 992/247/186 988/282/186 959/265/186
f 987/327/187 981/319/187 984/278/187 991/292/187
f 991/292/203 984/278/203 980/277/203 988/282/203
f 965/310/189 979/316/189 985/318/189 968/311/189
f 968/311/190 985/318/190 981/319/190 966/324/190
f 986/320/191 972/230/191 978/315/191 989/245/191
f 989/245/207 978/315/207 974/325/207 987/327/207
f 973/273/193 967/271/193 970/270/193 977/290/193
f 977/290/205 970/270/205 966/324/205 974/325/205
f 937/179/195 965/310/195 971/226/195 940/180/195
f 940/186/210 971/226/210 967/271/210 938/251/210
f 972/230/197 945/297/197 947/198/197 975/231/197
f 975/231/198 947/192/198 944/256/198 973/273/198
f 951/302/145 979/316/145 965/310/145 937/179/145
f 939/294/146 946/321/146 960/323/146 952/322/146
f 967/271/147 973/273/147 944/256/147 938/251/147
f 986/320/148 958/305/148 945/297/148 972/230/148
f 953/264/149 959/265/149 988/282/149 980/277/149
f 981/319/150 987/327/150 974/325/150 966/324/150
f 993/179/151 996/180/151 997/181/151 999/182/151
f 994/183/152 998/184/152 997/185/152 996/186/152
f 995/187/153 999/188/153 997/189/153 998/190/153
f 1000/191/208 1003/192/208 1004/193/208 1006/194/208
f 1001/195/155 1005/196/155 1004/197/155 1003/198/155
f 1002/199/156 1006/200/156 1004/201/156 1005/202/156
f 1007/203/157 1010/330/157 1011/331/157 1013/206/157
f 1008/207/158 1012/208/158 1011/209/158 1010/332/158
f 1009/211/159 1013/212/159 1011/209/159 1012/208/159
f 1014/213/160 1017/214/160 1018/215/160 1020/216/160
f 1015/217/161 1019/218/161 1018/219/161 1017/220/161
f 1016/221/162 1020/222/162 1018/219/162 1019/218/162
f 1021/223/163 1024/311/163 1025/312/163 1027/226/163
f 1022/227/164 1026/228/164 1025/312/164 1024/311/164
f 1023/229/165 1027/226/165 1025/312/165 1026/228/165
f 1028/230/166 1031/231/166 1032/272/166 1034/233/166
f 1029/234/167 1033/235/167 1032/272/167 1031/231/167
f 1030/236/168 1034/233/168 1032/272/168 1033/235/168
f 1035/237/169 1038/238/169 1039/239/169 1041/240/169
f 1036/241/170 1040/242/170 1039/239/170 1038/238/170
f 1037/243/171 1041/240/171 1039/239/171 1040/242/171
f 1042/244/172 1045/333/172 1046/334/172 1048/247/172
f 1043/248/173 1047/249/173 1046/334/173 1045/333/173
f 1044/250/174 1048/247/174 1046/334/174 1047/249/174
f 1007/203/175 993/179/175 999/182/175 1010/330/175
f 1010/332/176 999/188/176 995/187/176 1008/207/176
f 994/183/177 1000/191/177 1006/194/177 998/184/177
f 998/190/178 1006/200/178 1002/199/178 995/187/178
f 1001/195/179 1014/213/179 1020/216/179 1005/196/179
f 1005/202/180 1020/222/180 1016/221/180 1002/199/180
f 1015/217/181 1009/211/181 1012/208/181 1019/218/181
f 1019/218/200 1012/208/200 1008/207/200 1016/221/200
f 1035/237/183 1007/203/183 1013/206/183 1038/238/183
f 1038/238/201 1013/212/201 1009/211/201 1036/241/201
f 1014/213/185 1042/244/185 1048/247/185 1017/214/185
f 1017/220/186 1048/247/186 1044/250/186 1015/217/186
f 1043/248/187 1037/243/187 1040/242/187 1047/249/187
f 1047/249/188 1040/242/188 1036/241/188 1044/250/188
f 1021/223/189 1035/237/189 1041/240/189 1024/311/189
f 1024/311/190 1041/240/190 1037/243/190 1022/227/190
f 1042/244/191 1028/230/191 1034/233/191 1045/333/191
f 1045/333/192 1034/233/192 1030/236/192 1043/248/192
f 1029/234/193 1023/229/193 1026/228/193 1033/235/193
f 1033/235/205 1026/228/205 1022/227/205 1030/236/205
f 993/179/195 1021/223/195 1027/226/195 996/180/195
f 996/186/210 1027/226/210 1023/229/210 994/183/210
f 1028/230/197 1001/195/197 1003/198/197 1031/231/197
f 1031/231/198 1003/192/198 1000/191/198 1029/234/198
f 1007/203/145 1035/237/145 1021/223/145 993/179/145
f 995/187/146 1002/199/146 1016/221/146 1008/207/146
f 1023/229/147 1029/234/147 1000/191/147 994/183/147
f 1042/244/148 1014/213/148 1001/195/148 1028/230/148
f 1009/211/149 1015/217/149 1044/250/149 1036/241/149
f 1037/243/150 1043/248/150 1030/236/150 1022/227/150
f 1049/179/151 1052/180/151 1053/181/151 1055/182/151
f 1050/251/152 1054/252/152 1053/253/152 1052/186/152
f 1051/254/153 1055/188/153 1053/189/153 1054/255/153
f 1056/256/208 1059/192/208 1060/193/208 1062/257/208
f 1057/195/155 1061/196/155 1060/197/155 1059/198/155
f 1058/258/156 1062/259/156 1060/260/156 1061/202/156
f 1063/203/157 1066/330/157 1067/331/157 1069/206/157
f 1064/261/158 1068/262/158 1067/263/158 1066/332/158
f 1065/264/159 1069/212/159 1067/263/159 1068/262/159
f 1070/213/160 1073/214/160 1074/215/160 1076/216/160
f 1071/265/161 1075/266/161 1074/219/161 1073/220/161
f 1072/267/162 1076/222/162 1074/219/162 1075/266/162
f 1077/223/163 1080/311/163 1081/268/163 1083/226/163
f 1078/269/164 1082/270/164 1081/268/164 1080/311/164
f 1079/271/165 1083/226/165 1081/268/165 1082/270/165
f 1084/230/166 1087/231/166 1088/272/166 1090/233/166
f 1085/273/167 1089/274/167 1088/272/167 1087/231/167
f 1086/275/168 1090/233/168 1088/272/168 1089/274/168
f 1091/237/169 1094/238/169 1095/276/169 1097/240/169
f 1092/277/170 1096/278/170 1095/276/170 1094/238/170
f 1093/279/171 1097/240/171 1095/276/171 1096/278/171
f 1098/244/172 1101/333/172 1102/334/172 1104/247/172
f 1099/280/173 1103/281/173 1102/334/173 1101/333/173
f 1100/282/174 1104/247/174 1102/334/174 1103/281/174
f 1063/203/175 1049/179/175 1055/182/175 1066/330/175
f 1066/332/199 1055/188/199 1051/254/199 1064/261/199
f 1050/251/177 1056/256/177 1062/257/177 1054/252/177
f 1054/255/178 1062/259/178 1058/258/178 1051/254/178
f 1057/195/179 1070/213/179 1076/216/179 1061/196/179
f 1061/202/180 1076/222/180 1072/267/180 1058/258/180
f 1071/265/181 1065/264/181 1068/262/181 1075/266/181
f 1075/266/200 1068/262/200 1064/261/200 1072/267/200
f 1091/237/183 1063/203/183 1069/206/183 1094/238/183
f 1094/238/201 1069/212/201 1065/264/201 1092/277/201
f 1070/213/185 1098/244/185 1104/247/185 1073/214/185
f 1073/220/186 1104/247/186 1100/282/186 1071/265/186
f 1099/280/187 1093/279/187 1096/278/187 1103/281/187
f 1103/281/188 1096/278/188 1092/277/188 1100/282/188
f 1077/223/189 1091/237/189 1097/240/189 1080/311/189
f 1080/311/204 1097/240/204 1093/279/204 1078/269/204
f 1098/244/191 1084/230/191 1090/233/191 1101/333/191
f 1101/333/192 1090/233/192 1086/275/192 1099/280/192
f 1085/273/193 1079/271/193 1082/270/193 1089/274/193
f 1089/274/194 1082/270/194 1078/269/194 1086/275/194
f 1049/179/195 1077/223/195 1083/226/195 1052/180/195
f 1052/186/196 1083/226/196 1079/271/196 1050/251/196
f 1084/230/197 1057/195/197 1059/198/197 1087/231/197
f 1087/231/198 1059/192/198 1056/256/198 1085/273/198
f 1063/203/145 1091/237/145 1077/223/145 1049/179/145
f 1051/254/146 1058/258/146 1072/267/146 1064/261/146
f 1079/271/147 1085/273/147 1056/256/147 1050/251/147
f 1098/244/148 1070/213/148 1057/195/148 1084/230/148
f 1065/264/149 1071/265/149 1100/282/149 1092/277/149
f 1093/279/150 1099/280/150 1086/275/150 1078/269/150
f 1105/179/151 1108/180/151 1109/181/151 1111/182/151
f 1106/251/152 1110/252/152 1109/253/152 1108/186/152
f 1107/254/153 1111/188/153 1109/189/153 1110/255/153
f 1112/256/208 1115/192/208 1116/193/208 1118/283/208
f 1113/195/155 1117/196/155 1116/197/155 1115/198/155
f 1114/258/156 1118/284/156 1116/285/156 1117/202/156
f 1119/203/157 1122/330/157 1123/331/157 1125/206/157
f 1120/261/158 1124/262/158 1123/263/158 1122/332/158
f 1121/264/159 1125/212/159 1123/263/159 1124/262/159
f 1126/213/160 1129/214/160 1130/215/160 1132/216/160
f 1127/265/161 1131/286/161 1130/287/161 1129/220/161
f 1128/267/162 1132/222/162 1130/287/162 1131/286/162
f 1133/223/163 1136/311/163 1137/268/163 1139/226/163
f 1134/269/164 1138/270/164 1137/268/164 1136/311/164
f 1135/271/165 1139/226/165 1137/268/165 1138/270/165
f 1140/230/166 1143/231/166 1144/289/166 1146/233/166
f 1141/273/167 1145/290/167 1144/289/167 1143/231/167
f 1142/275/168 1146/233/168 1144/289/168 1145/290/168
f 1147/237/169 1150/238/169 1151/276/169 1153/240/169
f 1148/277/170 1152/278/170 1151/276/170 1150/238/170
f 1149/279/171 1153/240/171 1151/276/171 1152/278/171
f 1154/244/172 1157/333/172 1158/335/172 1160/247/172
f 1155/280/173 1159/292/173 1158/335/173 1157/333/173
f 1156/282/174 1160/247/174 1158/335/174 1159/292/174
f 1119/203/175 1105/179/175 1111/182/175 1122/330/175
f 1122/332/199 1111/188/199 1107/254/199 1120/261/199
f 1106/251/177 1112/256/177 1118/283/177 1110/252/177
f 1110/255/178 1118/284/178 1114/258/178 1107/254/178
f 1113/195/179 1126/213/179 1132/216/179 1117/196/179
f 1117/202/206 1132/222/206 1128/267/206 1114/258/206
f 1127/265/181 1121/264/181 1124/262/181 1131/286/181
f 1131/286/200 1124/262/200 1120/261/200 1128/267/200
f 1147/237/183 1119/203/183 1125/206/183 1150/238/183
f 1150/238/201 1125/212/201 1121/264/201 1148/277/201
f 1126/213/185 1154/244/185 1160/247/185 1129/214/185
f 1129/220/186 1160/247/186 1156/282/186 1127/265/186
f 1155/280/187 1149/279/187 1152/278/187 1159/292/187
f 1159/292/188 1152/278/188 1148/277/188 1156/282/188
f 1133/223/189 1147/237/189 1153/240/189 1136/311/189
f 1136/311/190 1153/240/190 1149/279/190 1134/269/190
f 1154/244/191 1140/230/191 1146/233/191 1157/333/191
f 1157/333/207 1146/233/207 1142/275/207 1155/280/207
f 1141/273/193 1135/271/193 1138/270/193 1145/290/193
f 1145/290/205 1138/270/205 1134/269/205 1142/275/205
f 1105/179/195 1133/223/195 1139/226/195 1108/180/195
f 1108/186/196 1139/226/196 1135/271/196 1106/251/196
f 1140/230/197 1113/195/197 1115/198/197 1143/231/197
f 1143/231/198 1115/192/198 1112/256/198 1141/273/198
f 1119/203/145 1147/237/145 1133/223/145 1105/179/145
f 1107/254/146 1114/258/146 1128/267/146 1120/261/146
f 1135/271/147 1141/273/147 1112/256/147 1106/251/147
f 1154/244/148 1126/213/148 1113/195/148 1140/230/148
f 1121/264/149 1127/265/149 1156/282/149 1148/277/149
f 1149/279/150 1155/280/150 1142/275/150 1134/269/150
f 1161/337/151 1164/338/151 1165/339/151 1167/340/151
f 1162/341/152 1166/184/152 1165/185/152 1164/342/152
f 1163/343/153 1167/344/153 1165/345/153 1166/190/153
f 1168/346/208 1171/347/208 1172/348/208 1174/194/208
f 1169/349/155 1173/350/155 1172/351/155 1171/352/155
f 1170/353/156 1174/200/156 1172/201/156 1173/354/156
f 1175/355/157 1178/356/157 1179/357/157 1181/358/157
f 1176/359/158 1180/208/158 1179/360/158 1178/361/158
f 1177/362/159 1181/363/159 1179/360/159 1180/208/159
f 1182/364/160 1185/365/160 1186/366/160 1188/367/160
f 1183/368/161 1187/218/161 1186/369/161 1185/370/161
f 1184/371/162 1188/372/162 1186/369/162 1187/218/162
f 1189/373/163 1192/374/163 1193/375/163 1195/376/163
f 1190/377/164 1194/228/164 1193/375/164 1192/374/164
f 1191/378/165 1195/376/165 1193/375/165 1194/228/165
f 1196/379/166 1199/380/166 1200/381/166 1202/382/166
f 1197/383/167 1201/235/167 1200/381/167 1199/380/167
f 1198/384/168 1202/382/168 1200/381/168 1201/235/168
f 1203/385/169 1206/386/169 1207/387/169 1209/388/169
f 1204/389/170 1208/242/170 1207/387/170 1206/386/170
f 1205/390/171 1209/388/171 1207/387/171 1208/242/171
f 1210/391/172 1213/392/172 1214/393/172 1216/394/172
f 1211/395/173 1215/249/173 1214/393/173 1213/392/173
f 1212/396/174 1216/394/174 1214/393/174 1215/249/174
f 1175/355/175 1161/337/175 1167/340/175 1178/356/175
f 1178/361/199 1167/344/199 1163/343/199 1176/359/199
f 1162/341/177 1168/346/177 1174/194/177 1166/184/177
f 1166/190/178 1174/200/178 1170/353/178 1163/343/178
f 1169/349/179 1182/364/179 1188/367/179 1173/350/179
f 1173/354/206 1188/372/206 1184/371/206 1170/353/206
f 1183/368/181 1177/362/181 1180/208/181 1187/218/181
f 1187/218/200 1180/208/200 1176/359/200 1184/371/200
f 1203/385/183 1175/355/183 1181/358/183 1206/386/183
f 1206/386/184 1181/363/184 1177/362/184 1204/389/184
f 1182/364/185 1210/391/185 1216/394/185 1185/365/185
f 1185/370/202 1216/394/202 1212/396/202 1183/368/202
f 1211/395/187 1205/390/187 1208/242/187 1215/249/187
f 1215/249/203 1208/242/203 1204/389/203 1212/396/203
f 1189/373/189 1203/385/189 1209/388/189 1192/374/189
f 1192/374/190 1209/388/190 1205/390/190 1190/377/190
f 1210/391/191 1196/379/191 1202/382/191 1213/392/191
f 1213/392/207 1202/382/207 1198/384/207 1211/395/207
f 1197/383/193 1191/378/193 1194/228/193 1201/235/193
f 1201/235/194 1194/228/194 1190/377/194 1198/384/194
f 1161/337/195 1189/373/195 1195/376/195 1164/338/195
f 1164/342/196 1195/376/196 1191/378/196 1162/341/196
f 1196/379/197 1169/349/197 1171/352/197 1199/380/197
f 1199/380/198 1171/347/198 1168/346/198 1197/383/198
f 1175/355/145 1203/385/145 1189/373/145 1161/337/145
f 1163/343/146 1170/353/146 1184/371/146 1176/359/146
f 1191/378/147 1197/383/147 1168/346/147 1162/341/147
f 1210/391/148 1182/364/148 1169/349/148 1196/379/148
f 1177/362/149 1183/368/149 1212/396/149 1204/389/149
f 1205/390/150 1211/395/150 1198/384/150 1190/377/150
f 1217/337/151 1220/338/151 1221/339/151 1223/340/151
f 1218/397/152 1222/252/152 1221/253/152 1220/342/152
f 1219/398/153 1223/344/153 1221/345/153 1222/255/153
f 1224/399/208 1227/347/208 1228/348/208 1230/257/208
f 1225/349/155 1229/350/155 1228/351/155 1227/352/155
f 1226/400/156 1230/259/156 1228/260/156 1229/354/156
f 1231/355/157 1234/356/157 1235/357/157 1237/358/157
f 1232/401/158 1236/262/158 1235/402/158 1234/361/158
f 1233/403/159 1237/363/159 1235/402/159 1236/262/159
f 1238/364/160 1241/365/160 1242/366/160 1244/367/160
f 1239/404/161 1243/266/161 1242/369/161 1241/370/161
f 1240/405/162 1244/372/162 1242/369/162 1243/266/162
f 1245/373/163 1248/374/163 1249/406/163 1251/407/163
f 1246/408/164 1250/270/164 1249/406/164 1248/374/164
f 1247/409/165 1251/407/165 1249/406/165 1250/270/165
f 1252/379/166 1255/380/166 1256/381/166 1258/382/166
f 1253/410/167 1257/274/167 1256/381/167 1255/380/167
f 1254/411/168 1258/382/168 1256/381/168 1257/274/168
f 1259/385/169 1262/386/169 1263/387/169 1265/388/169
f 1260/412/170 1264/278/170 1263/387/170 1262/386/170
f 1261/413/171 1265/388/171 1263/387/171 1264/278/171
f 1266/391/172 1269/392/172 1270/393/172 1272/394/172
f 1267/414/173 1271/281/173 1270/393/173 1269/392/173
f 1268/415/174 1272/394/174 1270/393/174 1271/281/174
f 1231/355/175 1217/337/175 1223/340/175 1234/356/175
f 1234/361/199 1223/344/199 1219/398/199 1232/401/199
f 1218/397/177 1224/399/177 1230/257/177 1222/252/177
f 1222/255/178 1230/259/178 1226/400/178 1219/398/178
f 1225/349/179 1238/364/179 1244/367/179 1229/350/179
f 1229/354/206 1244/372/206 1240/405/206 1226/400/206
f 1239/404/181 1233/403/181 1236/262/181 1243/266/181
f 1243/266/200 1236/262/200 1232/401/200 1240/405/200
f 1259/385/183 1231/355/183 1237/358/183 1262/386/183
f 1262/386/201 1237/363/201 1233/403/201 1260/412/201
f 1238/364/185 1266/391/185 1272/394/185 1241/365/185
f 1241/370/202 1272/394/202 1268/415/202 1239/404/202
f 1267/414/187 1261/413/187 1264/278/187 1271/281/187
f 1271/281/203 1264/278/203 1260/412/203 1268/415/203
f 1245/373/189 1259/385/189 1265/388/189 1248/374/189
f 1248/374/204 1265/388/204 1261/413/204 1246/408/204
f 1266/391/191 1252/379/191 1258/382/191 1269/392/191
f 1269/392/192 1258/382/192 1254/411/192 1267/414/192
f 1253/410/193 1247/409/193 1250/270/193 1257/274/193
f 1257/274/205 1250/270/205 1246/408/205 1254/411/205
f 1217/337/195 1245/373/195 1251/407/195 1220/338/195
f 1220/342/196 1251/407/196 1247/409/196 1218/397/196
f 1252/379/197 1225/349/197 1227/352/197 1255/380/197
f 1255/380/198 1227/347/198 1224/399/198 1253/410/198
f 1231/355/145 1259/385/145 1245/373/145 1217/337/145
f 1219/398/146 1226/400/146 1240/405/146 1232/401/146
f 1247/409/147 1253/410/147 1224/399/147 1218/397/147
f 1266/391/148 1238/364/148 1225/349/148 1252/379/148
f 1233/403/149 1239/404/149 1268/415/149 1260/412/149
f 1261/413/150 1267/414/150 1254/411/150 1246/408/150
f 1273/337/151 1276/338/151 1277/339/151 1279/340/151
f 1274/397/152 1278/252/152 1277/253/152 1276/342/152
f 1275/398/153 1279/344/153 1277/345/153 1278/255/153
f 1280/399/208 1283/347/208 1284/348/208 1286/283/208
f 1281/349/155 1285/350/155 1284/351/155 1283/352/155
f 1282/400/156 1286/284/156 1284/285/156 1285/354/156
f 1287/355/157 1290/356/157 1291/357/157 1293/358/157
f 1288/401/158 1292/262/158 1291/402/158 1290/361/158
f 1289/403/159 1293/363/159 1291/402/159 1292/262/159
f 1294/364/160 1297/365/160 1298/366/160 1300/367/160
f 1295/404/161 1299/286/161 1298/416/161 1297/370/161
f 1296/405/162 1300/372/162 1298/416/162 1299/286/162
f 1301/373/163 1304/374/163 1305/406/163 1307/376/163
f 1302/408/164 1306/270/164 1305/406/164 1304/374/164
f 1303/409/165 1307/376/165 1305/406/165 1306/270/165
f 1308/379/166 1311/380/166 1312/417/166 1314/382/166
f 1309/410/167 1313/290/167 1312/417/167 1311/380/167
f 1310/411/168 1314/382/168 1312/417/168 1313/290/168
f 1315/385/169 1318/386/169 1319/387/169 1321/388/169
f 1316/412/170 1320/278/170 1319/387/170 1318/386/170
f 1317/413/171 1321/388/171 1319/387/171 1320/278/171
f 1322/391/172 1325/392/172 1326/418/172 1328/419/172
f 1323/414/173 1327/292/173 1326/418/173 1325/392/173
f 1324/415/174 1328/419/174 1326/418/174 1327/292/174
f 1287/355/175 1273/337/175 1279/340/175 1290/356/175
f 1290/361/199 1279/344/199 1275/398/199 1288/401/199
f 1274/397/177 1280/399/177 1286/283/177 1278/252/177
f 1278/255/178 1286/284/178 1282/400/178 1275/398/178
f 1281/349/179 1294/364/179 1300/367/179 1285/350/179
f 1285/354/206 1300/372/206 1296/405/206 1282/400/206
f 1295/404/181 1289/403/181 1292/262/181 1299/286/181
f 1299/286/200 1292/262/200 1288/401/200 1296/405/200
f 1315/385/183 1287/355/183 1293/358/183 1318/386/183
f 1318/386/184 1293/363/184 1289/403/184 1316/412/184
f 1294/364/185 1322/391/185 1328/419/185 1297/365/185
f 1297/370/202 1328/419/202 1324/415/202 1295/404/202
f 1323/414/187 1317/413/187 1320/278/187 1327/292/187
f 1327/292/203 1320/278/203 1316/412/203 1324/415/203
f 1301/373/189 1315/385/189 1321/388/189 1304/374/189
f 1304/374/204 1321/388/204 1317/413/204 1302/408/204
f 1322/391/191 1308/379/191 1314/382/191 1325/392/191
f 1325/392/207 1314/382/207 1310/411/207 1323/414/207
f 1309/410/193 1303/409/193 1306/270/193 1313/290/193
f 1313/290/194 1306/270/194 1302/408/194 1310/411/194
f 1273/337/195 1301/373/195 1307/376/195 1276/338/195
f 1276/342/196 1307/376/196 1303/409/196 1274/397/196
f 1308/379/197 1281/349/197 1283/352/197 1311/380/197
f 1311/380/198 1283/347/198 1280/399/198 1309/410/198
f 1287/355/145 1315/385/145 1301/373/145 1273/337/145
f 1275/398/146 1282/400/146 1296/405/146 1288/401/146
f 1303/409/147 1309/410/147 1280/399/147 1274/397/147
f 1322/391/148 1294/364/148 1281/349/148 1308/379/148
f 1289/403/149 1295/404/149 1324/415/149 1316/412/149
f 1317/413/150 1323/414/150 1310/411/150 1302/408/150
f 1329/420/151 1332/421/151 1333/422/151 1335/340/151
f 1330/423/152 1334/184/152 1333/185/152 1332/424/152
f 1331/343/153 1335/344/153 1333/345/153 1334/190/153
f 1336/425/208 1339/426/208 1340/427/208 1342/194/208
f 1337/349/155 1341/350/155 1340/351/155 1339/428/155
f 1338/353/156 1342/200/156 1340/201/156 1341/354/156
f 1343/429/157 1346/356/157 1347/357/157 1349/430/157
f 1344/359/158 1348/208/158 1347/431/158 1346/361/158
f 1345/432/159 1349/433/159 1347/431/159 1348/208/159
f 1350/364/160 1353/434/160 1354/435/160 1356/367/160
f 1351/368/161 1355/218/161 1354/369/161 1353/436/161
f 1352/371/162 1356/372/162 1354/369/162 1355/218/162
f 1357/437/163 1360/374/163 1361/438/163 1363/407/163
f 1358/377/164 1362/228/164 1361/438/164 1360/374/164
f 1359/439/165 1363/407/165 1361/438/165 1362/228/165
f 1364/440/166 1367/380/166 1368/381/166 1370/382/166
f 1365/383/167 1369/235/167 1368/381/167 1367/380/167
f 1366/384/168 1370/382/168 1368/381/168 1369/235/168
f 1371/441/169 1374/442/169 1375/387/169 1377/388/169
f 1372/443/170 1376/242/170 1375/387/170 1374/442/170
f 1373/390/171 1377/388/171 1375/387/171 1376/242/171
f 1378/444/172 1381/392/172 1382/393/172 1384/394/172
f 1379/395/173 1383/249/173 1382/393/173 1381/392/173
f 1380/445/174 1384/394/174 1382/393/174 1383/249/174
f 1343/429/175 1329/420/175 1335/340/175 1346/356/175
f 1346/361/176 1335/344/176 1331/343/176 1344/359/176
f 1330/423/177 1336/425/177 1342/194/177 1334/184/177
f 1334/190/178 1342/200/178 1338/353/178 1331/343/178
f 1337/349/179 1350/364/179 1356/367/179 1341/350/179
f 1341/354/180 1356/372/180 1352/371/180 1338/353/180
f 1351/368/181 1345/432/181 1348/208/181 1355/218/181
f 1355/218/200 1348/208/200 1344/359/200 1352/371/200
f 1371/441/183 1343/429/183 1349/430/183 1374/442/183
f 1374/442/201 1349/433/201 1345/432/201 1372/443/201
f 1350/364/185 1378/444/185 1384/394/185 1353/434/185
f 1353/436/186 1384/394/186 1380/445/186 1351/368/186
f 1379/395/187 1373/390/187 1376/242/187 1383/249/187
f 1383/249/203 1376/242/203 1372/443/203 1380/445/203
f 1357/437/189 1371/441/189 1377/388/189 1360/374/189
f 1360/374/190 1377/388/190 1373/390/190 1358/377/190
f 1378/444/191 1364/440/191 1370/382/191 1381/392/191
f 1381/392/192 1370/382/192 1366/384/192 1379/395/192
f 1365/383/193 1359/439/193 1362/228/193 1369/235/193
f 1369/235/194 1362/228/194 1358/377/194 1366/384/194
f 1329/420/195 1357/437/195 1363/407/195 1332/421/195
f 1332/424/210 1363/407/210 1359/439/210 1330/423/210
f 1364/440/197 1337/349/197 1339/428/197 1367/380/197
f 1367/380/211 1339/426/211 1336/425/211 1365/383/211
f 1343/429/145 1371/441/145 1357/437/145 1329/420/145
f 1331/343/146 1338/353/146 1352/371/146 1344/359/146
f 1359/439/147 1365/383/147 1336/425/147 1330/423/147
f 1378/444/148 1350/364/148 1337/349/148 1364/440/148
f 1345/432/149 1351/368/149 1380/445/149 1372/443/149
f 1373/390/150 1379/395/150 1366/384/150 1358/377/150
f 1385/420/151 1388/421/151 1389/422/151 1391/340/151
f 1386/446/152 1390/252/152 1389/253/152 1388/424/152
f 1387/398/153 1391/344/153 1389/345/153 1390/255/153
f 1392/447/208 1395/426/208 1396/427/208 1398/257/208
f 1393/349/155 1397/350/155 1396/351/155 1395/428/155
f 1394/400/156 1398/259/156 1396/260/156 1397/354/156
f 1399/429/157 1402/356/157 1403/357/157 1405/430/157
f 1400/401/158 1404/262/158 1403/448/158 1402/361/158
f 1401/432/159 1405/433/159 1403/448/159 1404/262/159
f 1406/364/160 1409/434/160 1410/435/160 1412/367/160
f 1407/449/161 1411/266/161 1410/369/161 1409/436/161
f 1408/405/162 1412/372/162 1410/369/162 1411/266/162
f 1413/437/163 1416/374/163 1417/450/163 1419/407/163
f 1414/408/164 1418/270/164 1417/450/164 1416/374/164
f 1415/451/165 1419/407/165 1417/450/165 1418/270/165
f 1420/440/166 1423/380/166 1424/381/166 1426/382/166
f 1421/452/167 1425/274/167 1424/381/167 1423/380/167
f 1422/411/168 1426/382/168 1424/381/168 1425/274/168
f 1427/441/169 1430/442/169 1431/387/169 1433/388/169
f 1428/453/213 1432/278/213 1431/387/213 1430/442/213
f 1429/413/171 1433/388/171 1431/387/171 1432/278/171
f 1434/444/172 1437/392/172 1438/393/172 1440/394/172
f 1435/414/173 1439/281/173 1438/393/173 1437/392/173
f 1436/454/174 1440/394/174 1438/393/174 1439/281/174
f 1399/429/175 1385/420/175 1391/340/175 1402/356/175
f 1402/361/199 1391/344/199 1387/398/199 1400/401/199
f 1386/446/177 1392/447/177 1398/257/177 1390/252/177
f 1390/255/178 1398/259/178 1394/400/178 1387/398/178
f 1393/349/179 1406/364/179 1412/367/179 1397/350/179
f 1397/354/180 1412/372/180 1408/405/180 1394/400/180
f 1407/449/181 1401/432/181 1404/262/181 1411/266/181
f 1411/266/200 1404/262/200 1400/401/200 1408/405/200
f 1427/441/183 1399/429/183 1405/430/183 1430/442/183
f 1430/442/201 1405/433/201 1401/432/201 1428/453/201
f 1406/364/185 1434/444/185 1440/394/185 1409/434/185
f 1409/436/186 1440/394/186 1436/454/186 1407/449/186
f 1435/414/187 1429/413/187 1432/278/187 1439/281/187
f 1439/281/203 1432/278/203 1428/453/203 1436/454/203
f 1413/437/189 1427/441/189 1433/388/189 1416/374/189
f 1416/374/204 1433/388/204 1429/413/204 1414/408/204
f 1434/444/191 1420/440/191 1426/382/191 1437/392/191
f 1437/392/192 1426/382/192 1422/411/192 1435/414/192
f 1421/452/193 1415/451/193 1418/270/193 1425/274/193
f 1425/274/194 1418/270/194 1414/408/194 1422/411/194
f 1385/420/195 1413/437/195 1419/407/195 1388/421/195
f 1388/424/196 1419/407/196 1415/451/196 1386/446/196
f 1420/440/197 1393/349/197 1395/428/197 1423/380/197
f 1423/380/211 1395/426/211 1392/447/211 1421/452/211
f 1399/429/145 1427/441/145 1413/437/145 1385/420/145
f 1387/398/146 1394/400/146 1408/405/146 1400/401/146
f 1415/451/147 1421/452/147 1392/447/147 1386/446/147
f 1434/444/148 1406/364/148 1393/349/148 1420/440/148
f 1401/432/149 1407/449/149 1436/454/149 1428/453/149
f 1429/413/150 1435/414/150 1422/411/150 1414/408/150
f 1441/420/151 1444/421/151 1445/422/151 1447/340/151
f 1442/446/152 1446/252/152 1445/253/152 1444/424/152
f 1443/398/153 1447/344/153 1445/345/153 1446/255/153
f 1448/447/208 1451/426/208 1452/427/208 1454/283/208
f 1449/349/155 1453/350/155 1452/351/155 1451/428/155
f 1450/400/156 1454/284/156 1452/285/156 1453/354/156
f 1455/429/157 1458/356/157 1459/357/157 1461/430/157
f 1456/401/158 1460/262/158 1459/448/158 1458/361/158
f 1457/432/159 1461/433/159 1459/448/159 1460/262/159
f 1462/364/160 1465/434/160 1466/435/160 1468/367/160
f 1463/449/161 1467/286/161 1466/416/161 1465/436/161
f 1464/405/162 1468/372/162 1466/416/162 1467/286/162
f 1469/437/163 1472/374/163 1473/450/163 1475/407/163
f 1470/408/164 1474/270/164 1473/450/164 1472/374/164
f 1471/451/165 1475/407/165 1473/450/165 1474/270/165
f 1476/440/166 1479/380/166 1480/417/166 1482/382/166
f 1477/452/167 1481/290/167 1480/417/167 1479/380/167
f 1478/411/168 1482/382/168 1480/417/168 1481/290/168
f 1483/441/169 1486/442/169 1487/387/169 1489/388/169
f 1484/453/170 1488/278/170 1487/387/170 1486/442/170
f 1485/413/171 1489/388/171 1487/387/171 1488/278/171
f 1490/444/172 1493/392/172 1494/418/172 1496/394/172
f 1491/414/173 1495/292/173 1494/418/173 1493/392/173
f 1492/454/174 1496/394/174 1494/418/174 1495/292/174
f 1455/429/175 1441/420/175 1447/340/175 1458/356/175
f 1458/361/199 1447/344/199 1443/398/199 1456/401/199
f 1442/446/177 1448/447/177 1454/283/177 1446/252/177
f 1446/255/178 1454/284/178 1450/400/178 1443/398/178
f 1449/349/179 1462/364/179 1468/367/179 1453/350/179
f 1453/354/206 1468/372/206 1464/405/206 1450/400/206
f 1463/449/181 1457/432/181 1460/262/181 1467/286/181
f 1467/286/200 1460/262/200 1456/401/200 1464/405/200
f 1483/441/183 1455/429/183 1461/430/183 1486/442/183
f 1486/442/201 1461/433/201 1457/432/201 1484/453/201
f 1462/364/185 1490/444/185 1496/394/185 1465/434/185
f 1465/436/186 1496/394/186 1492/454/186 1463/449/186
f 1491/414/187 1485/413/187 1488/278/187 1495/292/187
f 1495/292/203 1488/278/203 1484/453/203 1492/454/203
f 1469/437/189 1483/441/189 1489/388/189 1472/374/189
f 1472/374/204 1489/388/204 1485/413/204 1470/408/204
f 1490/444/191 1476/440/191 1482/382/191 1493/392/191
f 1493/392/207 1482/382/207 1478/411/207 1491/414/207
f 1477/452/193 1471/451/193 1474/270/193 1481/290/193
f 1481/290/194 1474/270/194 1470/408/194 1478/411/194
f 1441/420/195 1469/437/195 1475/407/195 1444/421/195
f 1444/424/210 1475/407/210 1471/451/210 1442/446/210
f 1476/440/197 1449/349/197 1451/428/197 1479/380/197
f 1479/380/198 1451/426/198 1448/447/198 1477/452/198
f 1455/429/145 1483/441/145 1469/437/145 1441/420/145
f 1443/398/146 1450/400/146 1464/405/146 1456/401/146
f 1471/451/147 1477/452/147 1448/447/147 1442/446/147
f 1490/444/148 1462/364/148 1449/349/148 1476/440/148
f 1457/432/149 1463/449/149 1492/454/149 1484/453/149
f 1485/413/150 1491/414/150 1478/411/150 1470/408/150
f 1497/337/151 1500/455/151 1501/422/151 1503/340/151
f 1498/341/152 1502/184/152 1501/185/152 1500/456/152
f 1499/343/153 1503/344/153 1501/345/153 1502/190/153
f 1504/346/208 1507/426/208 1508/427/208 1510/194/208
f 1505/349/155 1509/350/155 1508/351/155 1507/428/155
f 1506/353/156 1510/200/156 1508/201/156 1509/354/156
f 1511/355/157 1514/356/157 1515/357/157 1517/358/157
f 1512/359/158 1516/208/158 1515/360/158 1514/361/158
f 1513/362/159 1517/363/159 1515/360/159 1516/208/159
f 1518/364/160 1521/434/160 1522/435/160 1524/367/160
f 1519/368/161 1523/218/161 1522/369/161 1521/436/161
f 1520/371/162 1524/372/162 1522/369/162 1523/218/162
f 1525/373/163 1528/374/163 1529/375/163 1531/376/163
f 1526/377/164 1530/228/164 1529/375/164 1528/374/164
f 1527/378/165 1531/376/165 1529/375/165 1530/228/165
f 1532/379/166 1535/457/166 1536/381/166 1538/382/166
f 1533/383/167 1537/235/167 1536/381/167 1535/457/167
f 1534/384/168 1538/382/168 1536/381/168 1537/235/168
f 1539/385/169 1542/458/169 1543/387/169 1545/388/169
f 1540/389/170 1544/242/170 1543/387/170 1542/458/170
f 1541/390/171 1545/388/171 1543/387/171 1544/242/171
f 1546/391/172 1549/392/172 1550/393/172 1552/394/172
f 1547/395/173 1551/249/173 1550/393/173 1549/392/173
f 1548/396/174 1552/394/174 1550/393/174 1551/249/174
f 1511/355/175 1497/337/175 1503/340/175 1514/356/175
f 1514/361/176 1503/344/176 1499/343/176 1512/359/176
f 1498/341/177 1504/346/177 1510/194/177 1502/184/177
f 1502/190/178 1510/200/178 1506/353/178 1499/343/178
f 1505/349/179 1518/364/179 1524/367/179 1509/350/179
f 1509/354/180 1524/372/180 1520/371/180 1506/353/180
f 1519/368/181 1513/362/181 1516/208/181 1523/218/181
f 1523/218/200 1516/208/200 1512/359/200 1520/371/200
f 1539/385/183 1511/355/183 1517/358/183 1542/458/183
f 1542/458/184 1517/363/184 1513/362/184 1540/389/184
f 1518/364/185 1546/391/185 1552/394/185 1521/434/185
f 1521/436/202 1552/394/202 1548/396/202 1519/368/202
f 1547/395/187 1541/390/187 1544/242/187 1551/249/187
f 1551/249/188 1544/242/188 1540/389/188 1548/396/188
f 1525/373/189 1539/385/189 1545/388/189 1528/374/189
f 1528/374/204 1545/388/204 1541/390/204 1526/377/204
f 1546/391/191 1532/379/191 1538/382/191 1549/392/191
f 1549/392/207 1538/382/207 1534/384/207 1547/395/207
f 1533/383/193 1527/378/193 1530/228/193 1537/235/193
f 1537/235/194 1530/228/194 1526/377/194 1534/384/194
f 1497/337/195 1525/373/195 1531/376/195 1500/455/195
f 1500/456/196 1531/376/196 1527/378/196 1498/341/196
f 1532/379/197 1505/349/197 1507/428/197 1535/457/197
f 1535/457/198 1507/426/198 1504/346/198 1533/383/198
f 1511/355/145 1539/385/145 1525/373/145 1497/337/145
f 1499/343/146 1506/353/146 1520/371/146 1512/359/146
f 1527/378/147 1533/383/147 1504/346/147 1498/341/147
f 1546/391/148 1518/364/148 1505/349/148 1532/379/148
f 1513/362/149 1519/368/149 1548/396/149 1540/389/149
f 1541/390/150 1547/395/150 1534/384/150 1526/377/150
f 1553/337/151 1556/455/151 1557/422/151 1559/340/151
f 1554/397/152 1558/252/152 1557/253/152 1556/456/152
f 1555/398/153 1559/344/153 1557/345/153 1558/255/153
f 1560/399/208 1563/426/208 1564/427/208 1566/257/208
f 1561/349/155 1565/350/155 1564/351/155 1563/428/155
f 1562/400/156 1566/259/156 1564/260/156 1565/354/156
f 1567/355/157 1570/356/157 1571/357/157 1573/358/157
f 1568/401/158 1572/262/158 1571/402/158 1570/361/158
f 1569/403/159 1573/363/159 1571/402/159 1572/262/159
f 1574/364/160 1577/434/160 1578/435/160 1580/367/160
f 1575/404/161 1579/266/161 1578/369/161 1577/436/161
f 1576/405/162 1580/372/162 1578/369/162 1579/266/162
f 1581/373/163 1584/374/163 1585/406/163 1587/407/163
f 1582/408/164 1586/270/164 1585/406/164 1584/374/164
f 1583/409/165 1587/407/165 1585/406/165 1586/270/165
f 1588/379/166 1591/457/166 1592/381/166 1594/382/166
f 1589/410/167 1593/274/167 1592/381/167 1591/457/167
f 1590/411/168 1594/382/168 1592/381/168 1593/274/168
f 1595/385/169 1598/459/169 1599/460/169 1601/388/169
f 1596/412/170 1600/278/170 1599/460/170 1598/459/170
f 1597/413/171 1601/388/171 1599/460/171 1600/278/171
f 1602/391/172 1605/392/172 1606/393/172 1608/394/172
f 1603/414/173 1607/281/173 1606/393/173 1605/392/173
f 1604/415/174 1608/394/174 1606/393/174 1607/281/174
f 1567/355/175 1553/337/175 1559/340/175 1570/356/175
f 1570/361/199 1559/344/199 1555/398/199 1568/401/199
f 1554/397/177 1560/399/177 1566/257/177 1558/252/177
f 1558/255/178 1566/259/178 1562/400/178 1555/398/178
f 1561/349/179 1574/364/179 1580/367/179 1565/350/179
f 1565/354/180 1580/372/180 1576/405/180 1562/400/180
f 1575/404/181 1569/403/181 1572/262/181 1579/266/181
f 1579/266/200 1572/262/200 1568/401/200 1576/405/200
f 1595/385/183 1567/355/183 1573/358/183 1598/459/183
f 1598/459/184 1573/363/184 1569/403/184 1596/412/184
f 1574/364/185 1602/391/185 1608/394/185 1577/434/185
f 1577/436/202 1608/394/202 1604/415/202 1575/404/202
f 1603/414/187 1597/413/187 1600/278/187 1607/281/187
f 1607/281/203 1600/278/203 1596/412/203 1604/415/203
f 1581/373/189 1595/385/189 1601/388/189 1584/374/189
f 1584/374/204 1601/388/204 1597/413/204 1582/408/204
f 1602/391/191 1588/379/191 1594/382/191 1605/392/191
f 1605/392/207 1594/382/207 1590/411/207 1603/414/207
f 1589/410/193 1583/409/193 1586/270/193 1593/274/193
f 1593/274/194 1586/270/194 1582/408/194 1590/411/194
f 1553/337/195 1581/373/195 1587/407/195 1556/455/195
f 1556/456/196 1587/407/196 1583/409/196 1554/397/196
f 1588/379/197 1561/349/197 1563/428/197 1591/457/197
f 1591/457/198 1563/426/198 1560/399/198 1589/410/198
f 1567/355/145 1595/385/145 1581/373/145 1553/337/145
f 1555/398/146 1562/400/146 1576/405/146 1568/401/146
f 1583/409/147 1589/410/147 1560/399/147 1554/397/147
f 1602/391/148 1574/364/148 1561/349/148 1588/379/148
f 1569/403/149 1575/404/149 1604/415/149 1596/412/149
f 1597/413/150 1603/414/150 1590/411/150 1582/408/150
f 1609/337/151 1612/455/151 1613/422/151 1615/340/151
f 1610/397/152 1614/252/152 1613/253/152 1612/456/152
f 1611/398/153 1615/344/153 1613/345/153 1614/255/153
f 1616/399/208 1619/426/208 1620/427/208 1622/283/208
f 1617/349/155 1621/350/155 1620/351/155 1619/428/155
f 1618/400/156 1622/284/156 1620/285/156 1621/354/156
f 1623/355/157 1626/356/157 1627/357/157 1629/358/157
f 1624/401/158 1628/262/158 1627/402/158 1626/361/158
f 1625/403/159 1629/363/159 1627/402/159 1628/262/159
f 1630/364/160 1633/434/160 1634/435/160 1636/367/160
f 1631/404/161 1635/286/161 1634/416/161 1633/436/161
f 1632/405/162 1636/372/162 1634/416/162 1635/286/162
f 1637/373/163 1640/374/163 1641/406/163 1643/376/163
f 1638/408/164 1642/270/164 1641/406/164 1640/374/164
f 1639/409/165 1643/376/165 1641/406/165 1642/270/165
f 1644/379/166 1647/457/166 1648/417/166 1650/382/166
f 1645/410/167 1649/290/167 1648/417/167 1647/457/167
f 1646/411/168 1650/382/168 1648/417/168 1649/290/168
f 1651/385/169 1654/458/169 1655/460/169 1657/388/169
f 1652/412/170 1656/278/170 1655/460/170 1654/458/170
f 1653/413/171 1657/388/171 1655/460/171 1656/278/171
f 1658/391/172 1661/392/172 1662/418/172 1664/419/172
f 1659/414/173 1663/292/173 1662/418/173 1661/392/173
f 1660/415/174 1664/419/174 1662/418/174 1663/292/174
f 1623/355/175 1609/337/175 1615/340/175 1626/356/175
f 1626/361/199 1615/344/199 1611/398/199 1624/401/199
f 1610/397/177 1616/399/177 1622/283/177 1614/252/177
f 1614/255/178 1622/284/178 1618/400/178 1611/398/178
f 1617/349/179 1630/364/179 1636/367/179 1621/350/179
f 1621/354/206 1636/372/206 1632/405/206 1618/400/206
f 1631/404/181 1625/403/181 1628/262/181 1635/286/181
f 1635/286/200 1628/262/200 1624/401/200 1632/405/200
f 1651/385/183 1623/355/183 1629/358/183 1654/458/183
f 1654/458/184 1629/363/184 1625/403/184 1652/412/184
f 1630/364/185 1658/391/185 1664/419/185 1633/434/185
f 1633/436/186 1664/419/186 1660/415/186 1631/404/186
f 1659/414/187 1653/413/187 1656/278/187 1663/292/187
f 1663/292/203 1656/278/203 1652/412/203 1660/415/203
f 1637/373/189 1651/385/189 1657/388/189 1640/374/189
f 1640/374/204 1657/388/204 1653/413/204 1638/408/204
f 1658/391/191 1644/379/191 1650/382/191 1661/392/191
f 1661/392/207 1650/382/207 1646/411/207 1659/414/207
f 1645/410/193 1639/409/193 1642/270/193 1649/290/193
f 1649/290/194 1642/270/194 1638/408/194 1646/411/194
f 1609/337/195 1637/373/195 1643/376/195 1612/455/195
f 1612/456/196 1643/376/196 1639/409/196 1610/397/196
f 1644/379/197 1617/349/197 1619/428/197 1647/457/197
f 1647/457/198 1619/426/198 1616/399/198 1645/410/198
f 1623/355/145 1651/385/145 1637/373/145 1609/337/145
f 1611/398/146 1618/400/146 1632/405/146 1624/401/146
f 1639/409/147 1645/410/147 1616/399/147 1610/397/147
f 1658/391/148 1630/364/148 1617/349/148 1644/379/148
f 1625/403/149 1631/404/149 1660/415/149 1652/412/149
f 1653/413/150 1659/414/150 1646/411/150 1638/408/150
f 1665/461/151 1668/338/151 1669/339/151 1671/182/151
f 1666/462/152 1670/463/152 1669/464/152 1668/342/152
f 1667/465/153 1671/188/153 1669/189/153 1670/466/153
f 1672/467/208 1675/347/208 1676/348/208 1678/468/208
f 1673/469/155 1677/196/155 1676/197/155 1675/352/155
f 1674/470/156 1678/471/156 1676/472/156 1677/202/156
f 1679/473/157 1682/204/157 1683/205/157 1685/358/157
f 1680/474/158 1684/475/158 1683/476/158 1682/210/158
f 1681/477/159 1685/363/159 1683/476/159 1684/475/159
f 1686/478/160 1689/365/160 1690/366/160 1692/216/160
f 1687/479/161 1691/480/161 1690/481/161 1689/370/161
f 1688/482/162 1692/222/162 1690/481/162 1691/480/162
f 1693/483/163 1696/224/163 1697/484/163 1699/407/163
f 1694/485/164 1698/486/164 1697/484/164 1696/224/164
f 1695/487/212 1699/407/212 1697/484/212 1698/486/212
f 1700/488/166 1703/380/166 1704/489/166 1706/233/166
f 1701/490/167 1705/491/167 1704/489/167 1703/380/167
f 1702/492/168 1706/233/168 1704/489/168 1705/491/168
f 1707/493/169 1710/386/169 1711/494/169 1713/240/169
f 1708/495/170 1712/496/170 1711/494/170 1710/386/170
f 1709/497/171 1713/240/171 1711/494/171 1712/496/171
f 1714/498/172 1717/245/172 1718/499/172 1720/394/172
f 1715/500/173 1719/501/173 1718/499/173 1717/245/173
f 1716/502/174 1720/394/174 1718/499/174 1719/501/174
f 1679/473/175 1665/461/175 1671/182/175 1682/204/175
f 1682/210/199 1671/188/199 1667/465/199 1680/474/199
f 1666/462/177 1672/467/177 1678/468/177 1670/463/177
f 1670/466/178 1678/471/178 1674/470/178 1667/465/178
f 1673/469/179 1686/478/179 1692/216/179 1677/196/179
f 1677/202/180 1692/222/180 1688/482/180 1674/470/180
f 1687/479/181 1681/477/181 1684/475/181 1691/480/181
f 1691/480/182 1684/475/182 1680/474/182 1688/482/182
f 1707/493/183 1679/473/183 1685/358/183 1710/386/183
f 1710/386/201 1685/363/201 1681/477/201 1708/495/201
f 1686/478/185 1714/498/185 1720/394/185 1689/365/185
f 1689/370/202 1720/394/202 1716/502/202 1687/479/202
f 1715/500/187 1709/497/187 1712/496/187 1719/501/187
f 1719/501/203 1712/496/203 1708/495/203 1716/502/203
f 1693/483/189 1707/493/189 1713/240/189 1696/224/189
f 1696/224/204 1713/240/204 1709/497/204 1694/485/204
f 1714/498/191 1700/488/191 1706/233/191 1717/245/191
f 1717/245/192 1706/233/192 1702/492/192 1715/500/192
f 1701/490/193 1695/487/193 1698/486/193 1705/491/193
f 1705/491/205 1698/486/205 1694/485/205 1702/492/205
f 1665/461/195 1693/483/195 1699/407/195 1668/338/195
f 1668/342/196 1699/407/196 1695/487/196 1666/462/196
f 1700/488/197 1673/469/197 1675/352/197 1703/380/197
f 1703/380/198 1675/347/198 1672/467/198 1701/490/198
f 1679/473/145 1707/493/145 1693/483/145 1665/461/145
f 1667/465/146 1674/470/146 1688/482/146 1680/474/146
f 1695/487/147 1701/490/147 1672/467/147 1666/462/147
f 1714/498/148 1686/478/148 1673/469/148 1700/488/148
f 1681/477/149 1687/479/149 1716/502/149 1708/495/149
f 1709/497/150 1715/500/150 1702/492/150 1694/485/150
f 1721/503/151 1724/338/151 1725/339/151 1727/293/151
f 1722/462/152 1726/463/152 1725/464/152 1724/342/152
f 1723/504/153 1727/295/153 1725/296/153 1726/466/153
f 1728/467/208 1731/347/208 1732/348/208 1734/468/208
f 1729/469/155 1733/298/155 1732/299/155 1731/352/155
f 1730/505/156 1734/471/156 1732/472/156 1733/301/156
f 1735/506/157 1738/204/157 1739/205/157 1741/358/157
f 1736/507/158 1740/475/158 1739/476/158 1738/304/158
f 1737/477/159 1741/363/159 1739/476/159 1740/475/159
f 1742/478/160 1745/365/160 1746/366/160 1748/306/160
f 1743/479/161 1747/508/161 1746/509/161 1745/370/161
f 1744/510/162 1748/309/162 1746/509/162 1747/508/162
f 1749/483/163 1752/311/163 1753/484/163 1755/376/163
f 1750/511/164 1754/486/164 1753/484/164 1752/311/164
f 1751/487/165 1755/376/165 1753/484/165 1754/486/165
f 1756/512/166 1759/380/166 1760/513/166 1762/315/166
f 1757/490/167 1761/491/167 1760/513/167 1759/380/167
f 1758/492/168 1762/315/168 1760/513/168 1761/491/168
f 1763/493/169 1766/386/169 1767/514/169 1769/318/169
f 1764/495/170 1768/496/170 1767/514/170 1766/386/170
f 1765/515/171 1769/318/171 1767/514/171 1768/496/171
f 1770/516/172 1773/245/172 1774/499/172 1776/394/172
f 1771/500/173 1775/501/173 1774/499/173 1773/245/173
f 1772/502/174 1776/394/174 1774/499/174 1775/501/174
f 1735/506/175 1721/503/175 1727/293/175 1738/204/175
f 1738/304/199 1727/295/199 1723/504/199 1736/507/199
f 1722/462/209 1728/467/209 1734/468/209 1726/463/209
f 1726/466/178 1734/471/178 1730/505/178 1723/504/178
f 1729/469/179 1742/478/179 1748/306/179 1733/298/179
f 1733/301/180 1748/309/180 1744/510/180 1730/505/180
f 1743/479/181 1737/477/181 1740/475/181 1747/508/181
f 1747/508/182 1740/475/182 1736/507/182 1744/510/182
f 1763/493/183 1735/506/183 1741/358/183 1766/386/183
f 1766/386/201 1741/363/201 1737/477/201 1764/495/201
f 1742/478/185 1770/516/185 1776/394/185 1745/365/185
f 1745/370/202 1776/394/202 1772/502/202 1743/479/202
f 1771/500/187 1765/515/187 1768/496/187 1775/501/187
f 1775/501/203 1768/496/203 1764/495/203 1772/502/203
f 1749/483/189 1763/493/189 1769/318/189 1752/311/189
f 1752/311/204 1769/318/204 1765/515/204 1750/511/204
f 1770/516/191 1756/512/191 1762/315/191 1773/245/191
f 1773/245/192 1762/315/192 1758/492/192 1771/500/192
f 1757/490/193 1751/487/193 1754/486/193 1761/491/193
f 1761/491/205 1754/486/205 1750/511/205 1758/492/205
f 1721/503/195 1749/483/195 1755/376/195 1724/338/195
f 1724/342/196 1755/376/196 1751/487/196 1722/462/196
f 1756/512/197 1729/469/197 1731/352/197 1759/380/197
f 1759/380/211 1731/347/211 1728/467/211 1757/490/211
f 1735/506/145 1763/493/145 1749/483/145 1721/503/145
f 1723/504/146 1730/505/146 1744/510/146 1736/507/146
f 1751/487/147 1757/490/147 1728/467/147 1722/462/147
f 1770/516/148 1742/478/148 1729/469/148 1756/512/148
f 1737/477/149 1743/479/149 1772/502/149 1764/495/149
f 1765/515/150 1771/500/150 1758/492/150 1750/511/150
f 1777/461/151 1780/338/151 1781/339/151 1783/182/151
f 1778/462/152 1782/463/152 1781/464/152 1780/342/152
f 1779/465/214 1783/188/214 1781/189/214 1782/466/214
f 1784/467/208 1787/347/208 1788/348/208 1790/468/208
f 1785/469/155 1789/196/155 1788/197/155 1787/352/155
f 1786/470/156 1790/471/156 1788/472/156 1789/202/156
f 1791/473/157 1794/330/157 1795/331/157 1797/358/157
f 1792/474/158 1796/475/158 1795/476/158 1794/332/158
f 1793/477/159 1797/363/159 1795/476/159 1796/475/159
f 1798/478/160 1801/365/160 1802/366/160 1804/216/160
f 1799/479/161 1803/480/161 1802/481/161 1801/370/161
f 1800/482/162 1804/222/162 1802/481/162 1803/480/162
f 1805/483/163 1808/311/163 1809/484/163 1811/407/163
f 1806/485/164 1810/486/164 1809/484/164 1808/311/164
f 1807/487/165 1811/407/165 1809/484/165 1810/486/165
f 1812/488/166 1815/380/166 1816/489/166 1818/233/166
f 1813/490/167 1817/491/167 1816/489/167 1815/380/167
f 1814/492/168 1818/233/168 1816/489/168 1817/491/168
f 1819/493/169 1822/386/169 1823/494/169 1825/240/169
f 1820/495/170 1824/496/170 1823/494/170 1822/386/170
f 1821/497/171 1825/240/171 1823/494/171 1824/496/171
f 1826/498/172 1829/333/172 1830/517/172 1832/394/172
f 1827/500/173 1831/501/173 1830/517/173 1829/333/173
f 1828/502/174 1832/394/174 1830/517/174 1831/501/174
f 1791/473/175 1777/461/175 1783/182/175 1794/330/175
f 1794/332/199 1783/188/199 1779/465/199 1792/474/199
f 1778/462/177 1784/467/177 1790/468/177 1782/463/177
f 1782/466/178 1790/471/178 1786/470/178 1779/465/178
f 1785/469/179 1798/478/179 1804/216/179 1789/196/179
f 1789/202/180 1804/222/180 1800/482/180 1786/470/180
f 1799/479/181 1793/477/181 1796/475/181 1803/480/181
f 1803/480/200 1796/475/200 1792/474/200 1800/482/200
f 1819/493/183 1791/473/183 1797/358/183 1822/386/183
f 1822/386/201 1797/363/201 1793/477/201 1820/495/201
f 1798/478/185 1826/498/185 1832/394/185 1801/365/185
f 1801/370/202 1832/394/202 1828/502/202 1799/479/202
f 1827/500/187 1821/497/187 1824/496/187 1831/501/187
f 1831/501/188 1824/496/188 1820/495/188 1828/502/188
f 1805/483/189 1819/493/189 1825/240/189 1808/311/189
f 1808/311/204 1825/240/204 1821/497/204 1806/485/204
f 1826/498/191 1812/488/191 1818/233/191 1829/333/191
f 1829/333/192 1818/233/192 1814/492/192 1827/500/192
f 1813/490/193 1807/487/193 1810/486/193 1817/491/193
f 1817/491/205 1810/486/205 1806/485/205 1814/492/205
f 1777/461/195 1805/483/195 1811/407/195 1780/338/195
f 1780/342/196 1811/407/196 1807/487/196 1778/462/196
f 1812/488/197 1785/469/197 1787/352/197 1815/380/197
f 1815/380/211 1787/347/211 1784/467/211 1813/490/211
f 1791/473/145 1819/493/145 1805/483/145 1777/461/145
f 1779/465/146 1786/470/146 1800/482/146 1792/474/146
f 1807/487/147 1813/490/147 1784/467/147 1778/462/147
f 1826/498/148 1798/478/148 1785/469/148 1812/488/148
f 1793/477/149 1799/479/149 1828/502/149 1820/495/149
f 1821/497/150 1827/500/150 1814/492/150 1806/485/150
f 1833/518/151 1836/421/151 1837/422/151 1839/182/151
f 1834/519/152 1838/463/152 1837/464/152 1836/424/152
f 1835/465/153 1839/188/153 1837/189/153 1838/466/153
f 1840/467/208 1843/426/208 1844/427/208 1846/468/208
f 1841/469/155 1845/196/155 1844/197/155 1843/428/155
f 1842/470/156 1846/471/156 1844/472/156 1845/202/156
f 1847/520/157 1850/204/157 1851/205/157 1853/430/157
f 1848/474/158 1852/475/158 1851/521/158 1850/210/158
f 1849/522/159 1853/433/159 1851/521/159 1852/475/159
f 1854/478/160 1857/434/160 1858/435/160 1860/216/160
f 1855/479/161 1859/508/161 1858/481/161 1857/436/161
f 1856/482/162 1860/222/162 1858/481/162 1859/508/162
f 1861/523/163 1864/224/163 1865/484/163 1867/407/163
f 1862/485/164 1866/486/164 1865/484/164 1864/224/164
f 1863/524/165 1867/407/165 1865/484/165 1866/486/165
f 1868/525/166 1871/380/166 1872/526/166 1874/233/166
f 1869/490/167 1873/491/167 1872/526/167 1871/380/167
f 1870/492/168 1874/233/168 1872/526/168 1873/491/168
f 1875/527/169 1878/442/169 1879/494/169 1881/240/169
f 1876/528/170 1880/496/170 1879/494/170 1878/442/170
f 1877/497/171 1881/240/171 1879/494/171 1880/496/171
f 1882/516/172 1885/245/172 1886/517/172 1888/394/172
f 1883/500/173 1887/501/173 1886/517/173 1885/245/173
f 1884/529/174 1888/394/174 1886/517/174 1887/501/174
f 1847/520/175 1833/518/175 1839/182/175 1850/204/175
f 1850/210/199 1839/188/199 1835/465/199 1848/474/199
f 1834/519/177 1840/467/177 1846/468/177 1838/463/177
f 1838/466/178 1846/471/178 1842/470/178 1835/465/178
f 1841/469/179 1854/478/179 1860/216/179 1845/196/179
f 1845/202/180 1860/222/180 1856/482/180 1842/470/180
f 1855/479/181 1849/522/181 1852/475/181 1859/508/181
f 1859/508/182 1852/475/182 1848/474/182 1856/482/182
f 1875/527/183 1847/520/183 1853/430/183 1878/442/183
f 1878/442/184 1853/433/184 1849/522/184 1876/528/184
f 1854/478/185 1882/516/185 1888/394/185 1857/434/185
f 1857/436/202 1888/394/202 1884/529/202 1855/479/202
f 1883/500/187 1877/497/187 1880/496/187 1887/501/187
f 1887/501/203 1880/496/203 1876/528/203 1884/529/203
f 1861/523/189 1875/527/189 1881/240/189 1864/224/189
f 1864/224/204 1881/240/204 1877/497/204 1862/485/204
f 1882/516/191 1868/525/191 1874/233/191 1885/245/191
f 1885/245/192 1874/233/192 1870/492/192 1883/500/192
f 1869/490/193 1863/524/193 1866/486/193 1873/491/193
f 1873/491/205 1866/486/205 1862/485/205 1870/492/205
f 1833/518/195 1861/523/195 1867/407/195 1836/421/195
f 1836/424/196 1867/407/196 1863/524/196 1834/519/196
f 1868/525/197 1841/469/197 1843/428/197 1871/380/197
f 1871/380/211 1843/426/211 1840/467/211 1869/490/211
f 1847/520/145 1875/527/145 1861/523/145 1833/518/145
f 1835/465/146 1842/470/146 1856/482/146 1848/474/146
f 1863/524/147 1869/490/147 1840/467/147 1834/519/147
f 1882/516/148 1854/478/148 1841/469/148 1868/525/148
f 1849/522/149 1855/479/149 1884/529/149 1876/528/149
f 1877/497/150 1883/500/150 1870/492/150 1862/485/150
f 1889/530/151 1892/421/151 1893/422/151 1895/293/151
f 1890/519/152 1894/463/152 1893/464/152 1892/424/152
f 1891/504/153 1895/295/153 1893/296/153 1894/466/153
f 1896/467/208 1899/426/208 1900/427/208 1902/468/208
f 1897/469/155 1901/298/155 1900/299/155 1899/428/155
f 1898/505/156 1902/471/156 1900/472/156 1901/301/156
f 1903/520/157 1906/204/157 1907/205/157 1909/430/157
f 1904/507/158 1908/475/158 1907/521/158 1906/304/158
f 1905/522/159 1909/433/159 1907/521/159 1908/475/159
f 1910/531/160 1913/434/160 1914/435/160 1916/306/160
f 1911/479/161 1915/480/161 1914/509/161 1913/436/161
f 1912/510/162 1916/309/162 1914/509/162 1915/480/162
f 1917/523/163 1920/311/163 1921/484/163 1923/407/163
f 1918/511/164 1922/486/164 1921/484/164 1920/311/164
f 1919/524/165 1923/407/165 1921/484/165 1922/486/165
f 1924/532/166 1927/380/166 1928/533/166 1930/315/166
f 1925/490/167 1929/491/167 1928/533/167 1927/380/167
f 1926/492/168 1930/315/168 1928/533/168 1929/491/168
f 1931/534/169 1934/442/169 1935/514/169 1937/318/169
f 1932/528/170 1936/496/170 1935/514/170 1934/442/170
f 1933/515/171 1937/318/171 1935/514/171 1936/496/171
f 1938/535/172 1941/245/172 1942/517/172 1944/394/172
f 1939/500/173 1943/501/173 1942/517/173 1941/245/173
f 1940/529/174 1944/394/174 1942/517/174 1943/501/174
f 1903/520/175 1889/530/175 1895/293/175 1906/204/175
f 1906/304/199 1895/295/199 1891/504/199 1904/507/199
f 1890/519/209 1896/467/209 1902/468/209 1894/463/209
f 1894/466/178 1902/471/178 1898/505/178 1891/504/178
f 1897/469/179 1910/531/179 1916/306/179 1901/298/179
f 1901/301/180 1916/309/180 1912/510/180 1898/505/180
f 1911/479/181 1905/522/181 1908/475/181 1915/480/181
f 1915/480/182 1908/475/182 1904/507/182 1912/510/182
f 1931/534/183 1903/520/183 1909/430/183 1934/442/183
f 1934/442/201 1909/433/201 1905/522/201 1932/528/201
f 1910/531/185 1938/535/185 1944/394/185 1913/434/185
f 1913/436/202 1944/394/202 1940/529/202 1911/479/202
f 1939/500/187 1933/515/187 1936/496/187 1943/501/187
f 1943/501/203 1936/496/203 1932/528/203 1940/529/203
f 1917/523/189 1931/534/189 1937/318/189 1920/311/189
f 1920/311/204 1937/318/204 1933/515/204 1918/511/204
f 1938/535/191 1924/532/191 1930/315/191 1941/245/191
f 1941/245/192 1930/315/192 1926/492/192 1939/500/192
f 1925/490/193 1919/524/193 1922/486/193 1929/491/193
f 1929/491/205 1922/486/205 1918/511/205 1926/492/205
f 1889/530/195 1917/523/195 1923/407/195 1892/421/195
f 1892/424/196 1923/407/196 1919/524/196 1890/519/196
f 1924/532/197 1897/469/197 1899/428/197 1927/380/197
f 1927/380/211 1899/426/211 1896/467/211 1925/490/211
f 1903/520/145 1931/534/145 1917/523/145 1889/530/145
f 1891/504/146 1898/505/146 1912/510/146 1904/507/146
f 1919/524/147 1925/490/147 1896/467/147 1890/519/147
f 1938/535/148 1910/531/148 1897/469/148 1924/532/148
f 1905/522/149 1911/479/149 1940/529/149 1932/528/149
f 1933/515/150 1939/500/150 1926/492/150 1918/511/150
f 1945/518/151 1948/421/151 1949/422/151 1951/182/151
f 1946/519/152 1950/463/152 1949/464/152 1948/424/152
f 1947/465/153 1951/188/153 1949/189/153 1950/466/153
f 1952/467/208 1955/426/208 1956/427/208 1958/468/208
f 1953/469/155 1957/196/155 1956/197/155 1955/428/155
f 1954/470/156 1958/471/156 1956/472/156 1957/202/156
f 1959/520/157 1962/330/157 1963/331/157 1965/430/157
f 1960/474/158 1964/475/158 1963/521/158 1962/332/158
f 1961/522/159 1965/433/159 1963/521/159 1964/475/159
f 1966/478/160 1969/434/160 1970/435/160 1972/216/160
f 1967/479/161 1971/508/161 1970/481/161 1969/436/161
f 1968/482/162 1972/222/162 1970/481/162 1971/508/162
f 1973/523/163 1976/311/163 1977/484/163 1979/407/163
f 1974/485/164 1978/486/164 1977/484/164 1976/311/164
f 1975/524/165 1979/407/165 1977/484/165 1978/486/165
f 1980/525/166 1983/380/166 1984/526/166 1986/233/166
f 1981/490/167 1985/491/167 1984/526/167 1983/380/167
f 1982/492/168 1986/233/168 1984/526/168 1985/491/168
f 1987/527/169 1990/442/169 1991/494/169 1993/240/169
f 1988/528/170 1992/496/170 1991/494/170 1990/442/170
f 1989/497/171 1993/240/171 1991/494/171 1992/496/171
f 1994/516/172 1997/333/172 1998/536/172 2000/394/172
f 1995/500/173 1999/501/173 1998/536/173 1997/333/173
f 1996/529/174 2000/394/174 1998/536/174 1999/501/174
f 1959/520/175 1945/518/175 1951/182/175 1962/330/175
f 1962/332/199 1951/188/199 1947/465/199 1960/474/199
f 1946/519/177 1952/467/177 1958/468/177 1950/463/177
f 1950/466/178 1958/471/178 1954/470/178 1947/465/178
f 1953/469/179 1966/478/179 1972/216/179 1957/196/179
f 1957/202/180 1972/222/180 1968/482/180 1954/470/180
f 1967/479/181 1961/522/181 1964/475/181 1971/508/181
f 1971/508/200 1964/475/200 1960/474/200 1968/482/200
f 1987/527/183 1959/520/183 1965/430/183 1990/442/183
f 1990/442/201 1965/433/201 1961/522/201 1988/528/201
f 1966/478/185 1994/516/185 2000/394/185 1969/434/185
f 1969/436/202 2000/394/202 1996/529/202 1967/479/202
f 1995/500/187 1989/497/187 1992/496/187 1999/501/187
f 1999/501/188 1992/496/188 1988/528/188 1996/529/188
f 1973/523/189 1987/527/189 1993/240/189 1976/311/189
f 1976/311/204 1993/240/204 1989/497/204 1974/485/204
f 1994/516/191 1980/525/191 1986/233/191 1997/333/191
f 1997/333/192 1986/233/192 1982/492/192 1995/500/192
f 1981/490/193 1975/524/193 1978/486/193 1985/491/193
f 1985/491/205 1978/486/205 1974/485/205 1982/492/205
f 1945/518/195 1973/523/195 1979/407/195 1948/421/195
f 1948/424/196 1979/407/196 1975/524/196 1946/519/196
f 1980/525/197 1953/469/197 1955/428/197 1983/380/197
f 1983/380/211 1955/426/211 1952/467/211 1981/490/211
f 1959/520/145 1987/527/145 1973/523/145 1945/518/145
f 1947/465/146 1954/470/146 1968/482/146 1960/474/146
f 1975/524/147 1981/490/147 1952/467/147 1946/519/147
f 1994/516/148 1966/478/148 1953/469/148 1980/525/148
f 1961/522/149 1967/479/149 1996/529/149 1988/528/149
f 1989/497/150 1995/500/150 1982/492/150 1974/485/150
f 2001/461/151 2004/455/151 2005/422/151 2007/182/151
f 2002/462/215 2006/463/215 2005/464/215 2004/456/215
f 2003/465/153 2007/188/153 2005/189/153 2006/466/153
f 2008/467/208 2011/426/208 2012/427/208 2014/468/208
f 2009/469/155 2013/196/155 2012/197/155 2011/428/155
f 2010/470/156 2014/471/156 2012/472/156 2013/202/156
f 2015/473/157 2018/204/157 2019/205/157 2021/358/157
f 2016/474/158 2020/475/158 2019/476/158 2018/210/158
f 2017/477/159 2021/363/159 2019/476/159 2020/475/159
f 2022/478/160 2025/434/160 2026/435/160 2028/216/160
f 2023/479/161 2027/480/161 2026/481/161 2025/436/161
f 2024/482/162 2028/222/162 2026/481/162 2027/480/162
f 2029/483/163 2032/224/163 2033/484/163 2035/407/163
f 2030/485/164 2034/486/164 2033/484/164 2032/224/164
f 2031/487/165 2035/407/165 2033/484/165 2034/486/165
f 2036/488/166 2039/457/166 2040/526/166 2042/233/166
f 2037/490/167 2041/491/167 2040/526/167 2039/457/167
f 2038/492/168 2042/233/168 2040/526/168 2041/491/168
f 2043/493/169 2046/459/169 2047/537/169 2049/240/169
f 2044/495/170 2048/496/170 2047/537/170 2046/459/170
f 2045/497/216 2049/240/216 2047/537/216 2048/496/216
f 2050/498/172 2053/245/172 2054/499/172 2056/394/172
f 2051/500/173 2055/501/173 2054/499/173 2053/245/173
f 2052/502/174 2056/394/174 2054/499/174 2055/501/174
f 2015/473/175 2001/461/175 2007/182/175 2018/204/175
f 2018/210/199 2007/188/199 2003/465/199 2016/474/199
f 2002/462/177 2008/467/177 2014/468/177 2006/463/177
f 2006/466/178 2014/471/178 2010/470/178 2003/465/178
f 2009/469/179 2022/478/179 2028/216/179 2013/196/179
f 2013/202/180 2028/222/180 2024/482/180 2010/470/180
f 2023/479/181 2017/477/181 2020/475/181 2027/480/181
f 2027/480/182 2020/475/182 2016/474/182 2024/482/182
f 2043/493/183 2015/473/183 2021/358/183 2046/459/183
f 2046/459/201 2021/363/201 2017/477/201 2044/495/201
f 2022/478/185 2050/498/185 2056/394/185 2025/434/185
f 2025/436/202 2056/394/202 2052/502/202 2023/479/202
f 2051/500/187 2045/497/187 2048/496/187 2055/501/187
f 2055/501/203 2048/496/203 2044/495/203 2052/502/203
f 2029/483/189 2043/493/189 2049/240/189 2032/224/189
f 2032/224/204 2049/240/204 2045/497/204 2030/485/204
f 2050/498/191 2036/488/191 2042/233/191 2053/245/191
f 2053/245/192 2042/233/192 2038/492/192 2051/500/192
f 2037/490/193 2031/487/193 2034/486/193 2041/491/193
f 2041/491/205 2034/486/205 2030/485/205 2038/492/205
f 2001/461/195 2029/483/195 2035/407/195 2004/455/195
f 2004/456/196 2035/407/196 2031/487/196 2002/462/196
f 2036/488/197 2009/469/197 2011/428/197 2039/457/197
f 2039/457/198 2011/426/198 2008/467/198 2037/490/198
f 2015/473/145 2043/493/145 2029/483/145 2001/461/145
f 2003/465/146 2010/470/146 2024/482/146 2016/474/146
f 2031/487/147 2037/490/147 2008/467/147 2002/462/147
f 2050/498/148 2022/478/148 2009/469/148 2036/488/148
f 2017/477/149 2023/479/149 2052/502/149 2044/495/149
f 2045/497/150 2051/500/150 2038/492/150 2030/485/150
f 2057/503/151 2060/455/151 2061/422/151 2063/293/151
f 2058/462/152 2062/463/152 2061/464/152 2060/456/152
f 2059/504/153 2063/295/153 2061/296/153 2062/466/153
f 2064/467/208 2067/426/208 2068/427/208 2070/468/208
f 2065/469/155 2069/298/155 2068/299/155 2067/428/155
f 2066/505/156 2070/471/156 2068/472/156 2069/301/156
f 2071/506/157 2074/204/157 2075/205/157 2077/358/157
f 2072/507/158 2076/475/158 2075/476/158 2074/304/158
f 2073/477/159 2077/363/159 2075/476/159 2076/475/159
f 2078/478/160 2081/434/160 2082/435/160 2084/306/160
f 2079/479/161 2083/508/161 2082/509/161 2081/436/161
f 2080/510/162 2084/309/162 2082/509/162 2083/508/162
f 2085/483/163 2088/311/163 2089/484/163 2091/376/163
f 2086/511/164 2090/486/164 2089/484/164 2088/311/164
f 2087/487/165 2091/376/165 2089/484/165 2090/486/165
f 2092/512/166 2095/457/166 2096/513/166 2098/315/166
f 2093/490/167 2097/491/167 2096/513/167 2095/457/167
f 2094/492/168 2098/315/168 2096/513/168 2097/491/168
f 2099/493/169 2102/458/169 2103/538/169 2105/318/169
f 2100/495/170 2104/496/170 2103/538/170 2102/458/170
f 2101/515/216 2105/318/216 2103/538/216 2104/496/216
f 2106/516/172 2109/245/172 2110/499/172 2112/419/172
f 2107/500/173 2111/501/173 2110/499/173 2109/245/173
f 2108/502/174 2112/419/174 2110/499/174 2111/501/174
f 2071/506/175 2057/503/175 2063/293/175 2074/204/175
f 2074/304/199 2063/295/199 2059/504/199 2072/507/199
f 2058/462/209 2064/467/209 2070/468/209 2062/463/209
f 2062/466/178 2070/471/178 2066/505/178 2059/504/178
f 2065/469/179 2078/478/179 2084/306/179 2069/298/179
f 2069/301/180 2084/309/180 2080/510/180 2066/505/180
f 2079/479/181 2073/477/181 2076/475/181 2083/508/181
f 2083/508/182 2076/475/182 2072/507/182 2080/510/182
f 2099/493/183 2071/506/183 2077/358/183 2102/458/183
f 2102/458/201 2077/363/201 2073/477/201 2100/495/201
f 2078/478/185 2106/516/185 2112/419/185 2081/434/185
f 2081/436/202 2112/419/202 2108/502/202 2079/479/202
f 2107/500/187 2101/515/187 2104/496/187 2111/501/187
f 2111/501/203 2104/496/203 2100/495/203 2108/502/203
f 2085/483/189 2099/493/189 2105/318/189 2088/311/189
f 2088/311/204 2105/318/204 2101/515/204 2086/511/204
f 2106/516/191 2092/512/191 2098/315/191 2109/245/191
f 2109/245/192 2098/315/192 2094/492/192 2107/500/192
f 2093/490/193 2087/487/193 2090/486/193 2097/491/193
f 2097/491/205 2090/486/205 2086/511/205 2094/492/205
f 2057/503/195 2085/483/195 2091/376/195 2060/455/195
f 2060/456/196 2091/376/196 2087/487/196 2058/462/196
f 2092/512/197 2065/469/197 2067/428/197 2095/457/197
f 2095/457/211 2067/426/211 2064/467/211 2093/490/211
f 2071/506/145 2099/493/145 2085/483/145 2057/503/145
f 2059/504/146 2066/505/146 2080/510/146 2072/507/146
f 2087/487/147 2093/490/147 2064/467/147 2058/462/147
f 2106/516/148 2078/478/148 2065/469/148 2092/512/148
f 2073/477/149 2079/479/149 2108/502/149 2100/495/149
f 2101/515/150 2107/500/150 2094/492/150 2086/511/150
f 2113/461/151 2116/455/151 2117/422/151 2119/182/151
f 2114/462/152 2118/463/152 2117/464/152 2116/456/152
f 2115/465/153 2119/188/153 2117/189/153 2118/466/153
f 2120/467/208 2123/426/208 2124/427/208 2126/468/208
f 2121/469/155 2125/196/155 2124/197/155 2123/428/155
f 2122/470/156 2126/471/156 2124/472/156 2125/202/156
f 2127/473/157 2130/330/157 2131/331/157 2133/358/157
f 2128/474/158 2132/475/158 2131/476/158 2130/332/158
f 2129/477/159 2133/363/159 2131/476/159 2132/475/159
f 2134/478/160 2137/434/160 2138/435/160 2140/216/160
f 2135/479/161 2139/480/161 2138/481/161 2137/436/161
f 2136/482/162 2140/222/162 2138/481/162 2139/480/162
f 2141/483/163 2144/311/163 2145/484/163 2147/407/163
f 2142/485/164 2146/486/164 2145/484/164 2144/311/164
f 2143/487/165 2147/407/165 2145/484/165 2146/486/165
f 2148/488/166 2151/457/166 2152/526/166 2154/233/166
f 2149/490/167 2153/491/167 2152/526/167 2151/457/167
f 2150/492/168 2154/233/168 2152/526/168 2153/491/168
f 2155/493/169 2158/459/169 2159/537/169 2161/240/169
f 2156/495/170 2160/496/170 2159/537/170 2158/459/170
f 2157/497/171 2161/240/171 2159/537/171 2160/496/171
f 2162/498/172 2165/333/172 2166/517/172 2168/394/172
f 2163/500/173 2167/501/173 2166/517/173 2165/333/173
f 2164/502/174 2168/394/174 2166/517/174 2167/501/174
f 2127/473/175 2113/461/175 2119/182/175 2130/330/175
f 2130/332/199 2119/188/199 2115/465/199 2128/474/199
f 2114/462/177 2120/467/177 2126/468/177 2118/463/177
f 2118/466/178 2126/471/178 2122/470/178 2115/465/178
f 2121/469/179 2134/478/179 2140/216/179 2125/196/179
f 2125/202/180 2140/222/180 2136/482/180 2122/470/180
f 2135/479/181 2129/477/181 2132/475/181 2139/480/181
f 2139/480/182 2132/475/182 2128/474/182 2136/482/182
f 2155/493/183 2127/473/183 2133/358/183 2158/459/183
f 2158/459/201 2133/363/201 2129/477/201 2156/495/201
f 2134/478/185 2162/498/185 2168/394/185 2137/434/185
f 2137/436/202 2168/394/202 2164/502/202 2135/479/202
f 2163/500/187 2157/497/187 2160/496/187 2167/501/187
f 2167/501/188 2160/496/188 2156/495/188 2164/502/188
f 2141/483/189 2155/493/189 2161/240/189 2144/311/189
f 2144/311/204 2161/240/204 2157/497/204 2142/485/204
f 2162/498/191 2148/488/191 2154/233/191 2165/333/191
f 2165/333/192 2154/233/192 2150/492/192 2163/500/192
f 2149/490/193 2143/487/193 2146/486/193 2153/491/193
f 2153/491/205 2146/486/205 2142/485/205 2150/492/205
f 2113/461/195 2141/483/195 2147/407/195 2116/455/195
f 2116/456/196 2147/407/196 2143/487/196 2114/462/196
f 2148/488/197 2121/469/197 2123/428/197 2151/457/197
f 2151/457/211 2123/426/211 2120/467/211 2149/490/211
f 2127/473/145 2155/493/145 2141/483/145 2113/461/145
f 2115/465/146 2122/470/146 2136/482/146 2128/474/146
f 2143/487/147 2149/490/147 2120/467/147 2114/462/147
f 2162/498/148 2134/478/148 2121/469/148 2148/488/148
f 2129/477/149 2135/479/149 2164/502/149 2156/495/149
f 2157/497/150 2163/500/150 2150/492/150 2142/485/150
f 2169/539/217 2172/540/217 2174/541/217 2173/542/217
f 2172/540/218 2176/543/218 2177/544/218 2174/541/218
f 2170/545/219 2175/546/219 2177/547/219 2176/548/219
f 2175/549/220 2179/550/220 2180/551/220 2177/552/220
f 2171/553/221 2178/554/221 2180/551/221 2179/550/221
f 2178/555/222 2173/542/222 2174/541/222 2180/556/222
f 2174/541/223 2177/544/223 2180/556/223
f 2181/557/224 2184/558/224 2186/559/224 2185/560/224
f 2184/558/225 2188/561/225 2189/562/225 2186/559/225
f 2182/563/226 2187/564/226 2189/565/226 2188/566/226
f 2187/567/227 2191/568/227 2192/569/227 2189/570/227
f 2183/571/228 2190/572/228 2192/569/228 2191/568/228
f 2190/572/229 2185/573/229 2186/574/229 2192/569/229
f 2186/574/230 2189/570/230 2192/569/230
f 2193/575/231 2196/576/231 2198/577/231 2197/578/231
f 2196/576/232 2200/579/232 2201/580/232 2198/577/232
f 2194/581/233 2199/582/233 2201/583/233 2200/584/233
f 2199/582/234 2203/585/234 2204/586/234 2201/583/234
f 2195/587/235 2202/588/235 2204/586/235 2203/585/235
f 2202/589/236 2197/578/236 2198/577/236 2204/590/236
f 2198/577/237 2201/580/237 2204/590/237
f 2205/591/238 2208/592/238 2210/593/238 2209/594/238
f 2208/595/239 2212/596/239 2213/597/239 2210/598/239
f 2206/599/240 2211/600/240 2213/597/240 2212/596/240
f 2211/600/241 2215/601/241 2216/602/241 2213/597/241
f 2207/603/242 2214/604/242 2216/602/242 2215/601/242
f 2214/604/243 2209/605/243 2210/598/243 2216/602/243
f 2210/598/244 2213/597/244 2216/602/244
f 2217/606/245 2220/607/245 2222/608/245 2221/609/245
f 2220/607/246 2224/610/246 2225/611/246 2222/608/246
f 2218/612/247 2223/613/247 2225/611/247 2224/610/247
f 2223/613/248 2227/614/248 2228/615/248 2225/611/248
f 2219/616/249 2226/617/249 2228/615/249 2227/614/249
f 2226/617/250 2221/609/250 2222/608/250 2228/615/250
f 2222/608/251 2225/611/251 2228/615/251
f 2229/618/252 2232/619/252 2234/620/252 2233/621/252
f 2232/619/253 2236/622/253 2237/623/253 2234/620/253
f 2230/624/254 2235/625/254 2237/623/254 2236/622/254
f 2235/625/255 2239/626/255 2240/627/255 2237/623/255
f 2231/628/256 2238/629/256 2240/627/256 2239/626/256
f 2238/629/257 2233/621/257 2234/620/257 2240/627/257
f 2234/620/258 2237/623/258 2240/627/258
f 2241/630/259 2244/631/259 2246/632/259 2245/633/259
f 2244/631/260 2248/634/260 2249/635/260 2246/632/260
f 2242/636/261 2247/637/261 2249/635/261 2248/634/261
f 2247/637/262 2251/638/262 2252/639/262 2249/635/262
f 2243/640/263 2250/641/263 2252/639/263 2251/638/263
f 2250/641/264 2245/633/264 2246/632/264 2252/639/264
f 2246/632/265 2249/635/265 2252/639/265
f 2253/642/266 2256/643/266 2258/644/266 2257/645/266
f 2256/643/267 2260/646/267 2261/647/267 2258/644/267
f 2254/648/268 2259/649/268 2261/647/268 2260/646/268
f 2259/649/269 2263/650/269 2264/651/269 2261/647/269
f 2255/652/270 2262/653/270 2264/651/270 2263/650/270
f 2262/653/271 2257/645/271 2258/644/271 2264/651/271
f 2258/644/272 2261/647/272 2264/651/272
f 2193/575/273 2169/539/273 2173/542/273 2196/576/273
f 2196/576/274 2173/542/274 2178/555/274 2200/579/274
f 2200/584/275 2178/554/275 2171/553/275 2194/581/275
f 2170/545/276 2181/557/276 2185/560/276 2175/546/276
f 2175/549/277 2185/573/277 2190/572/277 2179/550/277
f 2179/550/278 2190/572/278 2183/571/278 2171/553/278
f 2182/563/279 2205/591/279 2209/594/279 2187/564/279
f 2187/567/280 2209/605/280 2214/604/280 2191/568/280
f 2191/568/281 2214/604/281 2207/603/281 2183/571/281
f 2206/599/282 2195/587/282 2203/585/282 2211/600/282
f 2211/600/283 2203/585/283 2199/582/283 2215/601/283
f 2215/601/284 2199/582/284 2194/581/284 2207/603/284
f 2241/630/285 2193/575/285 2197/578/285 2244/631/285
f 2244/631/286 2197/578/286 2202/589/286 2248/634/286
f 2248/634/287 2202/588/287 2195/587/287 2242/636/287
f 2205/591/288 2253/642/288 2257/645/288 2208/592/288
f 2208/595/289 2257/645/289 2262/653/289 2212/596/289
f 2212/596/290 2262/653/290 2255/652/290 2206/599/290
f 2254/648/291 2243/640/291 2251/638/291 2259/649/291
f 2259/649/292 2251/638/292 2247/637/292 2263/650/292
f 2263/650/293 2247/637/293 2242/636/293 2255/652/293
f 2217/606/294 2241/630/294 2245/633/294 2220/607/294
f 2220/607/295 2245/633/295 2250/641/295 2224/610/295
f 2224/610/296 2250/641/296 2243/640/296 2218/612/296
f 2253/642/297 2229/618/297 2233/621/297 2256/643/297
f 2256/643/298 2233/621/298 2238/629/298 2260/646/298
f 2260/646/299 2238/629/299 2231/628/299 2254/648/299
f 2230/624/300 2219/616/300 2227/614/300 2235/625/300
f 2235/625/301 2227/614/301 2223/613/301 2239/626/301
f 2239/626/302 2223/613/302 2218/612/302 2231/628/302
f 2169/539/303 2217/606/303 2221/609/303 2172/540/303
f 2172/540/304 2221/609/304 2226/617/304 2176/543/304
f 2176/548/305 2226/617/305 2219/616/305 2170/545/305
f 2229/618/306 2182/563/306 2188/566/306 2232/619/306
f 2232/619/307 2188/561/307 2184/558/307 2236/622/307
f 2236/622/308 2184/558/308 2181/557/308 2230/624/308
f 2193/575/145 2241/630/145 2217/606/145 2169/539/145
f 2171/553/146 2183/571/146 2207/603/146 2194/581/146
f 2219/616/147 2230/624/147 2181/557/147 2170/545/147
f 2253/642/148 2205/591/148 2182/563/148 2229/618/148
f 2195/587/149 2206/599/149 2255/652/149 2242/636/149
f 2243/640/150 2254/648/150 2231/628/150 2218/612/150
f 2265/654/217 2268/655/217 2270/656/217 2269/657/217
f 2268/655/218 2272/658/218 2273/659/218 2270/656/218
f 2266/660/219 2271/546/219 2273/661/219 2272/662/219
f 2271/549/220 2275/663/220 2276/664/220 2273/552/220
f 2267/665/221 2274/666/221 2276/664/221 2275/663/221
f 2274/667/222 2269/657/222 2270/656/222 2276/668/222
f 2270/656/223 2273/659/223 2276/668/223
f 2277/669/224 2280/670/224 2282/671/224 2281/672/224
f 2280/670/309 2284/673/309 2285/562/309 2282/671/309
f 2278/674/226 2283/675/226 2285/676/226 2284/677/226
f 2283/678/227 2287/679/227 2288/680/227 2285/681/227
f 2279/682/228 2286/683/228 2288/680/228 2287/679/228
f 2286/683/229 2281/684/229 2282/685/229 2288/680/229
f 2282/685/230 2285/681/230 2288/680/230
f 2289/686/231 2292/687/231 2294/688/231 2293/689/231
f 2292/687/310 2296/579/310 2297/580/310 2294/688/310
f 2290/581/233 2295/582/233 2297/690/233 2296/584/233
f 2295/582/234 2299/691/234 2300/692/234 2297/690/234
f 2291/693/235 2298/694/235 2300/692/235 2299/691/235
f 2298/695/236 2293/689/236 2294/688/236 2300/696/236
f 2294/688/237 2297/580/237 2300/696/237
f 2301/697/238 2304/698/238 2306/699/238 2305/594/238
f 2304/700/239 2308/701/239 2309/702/239 2306/703/239
f 2302/704/240 2307/705/240 2309/702/240 2308/701/240
f 2307/705/241 2311/706/241 2312/707/241 2309/702/241
f 2303/603/242 2310/708/242 2312/707/242 2311/706/242
f 2310/708/311 2305/605/311 2306/703/311 2312/707/311
f 2306/703/244 2309/702/244 2312/707/244
f 2313/709/245 2316/710/245 2318/711/245 2317/712/245
f 2316/710/312 2320/713/312 2321/714/312 2318/711/312
f 2314/715/247 2319/716/247 2321/714/247 2320/713/247
f 2319/716/248 2323/717/248 2324/718/248 2321/714/248
f 2315/719/249 2322/720/249 2324/718/249 2323/717/249
f 2322/720/250 2317/712/250 2318/711/250 2324/718/250
f 2318/711/251 2321/714/251 2324/718/251
f 2325/721/252 2328/722/252 2330/723/252 2329/724/252
f 2328/722/253 2332/725/253 2333/726/253 2330/723/253
f 2326/727/254 2331/728/254 2333/726/254 2332/725/254
f 2331/728/255 2335/729/255 2336/730/255 2333/726/255
f 2327/731/256 2334/732/256 2336/730/256 2335/729/256
f 2334/732/313 2329/724/313 2330/723/313 2336/730/313
f 2330/723/258 2333/726/258 2336/730/258
f 2337/733/259 2340/734/259 2342/735/259 2341/736/259
f 2340/734/314 2344/737/314 2345/738/314 2342/735/314
f 2338/739/261 2343/740/261 2345/738/261 2344/737/261
f 2343/740/262 2347/638/262 2348/741/262 2345/738/262
f 2339/640/263 2346/641/263 2348/741/263 2347/638/263
f 2346/641/264 2341/736/264 2342/735/264 2348/741/264
f 2342/735/265 2345/738/265 2348/741/265
f 2349/742/266 2352/743/266 2354/744/266 2353/745/266
f 2352/743/267 2356/746/267 2357/747/267 2354/744/267
f 2350/648/268 2355/748/268 2357/747/268 2356/746/268
f 2355/748/269 2359/749/269 2360/750/269 2357/747/269
f 2351/751/270 2358/752/270 2360/750/270 2359/749/270
f 2358/752/315 2353/745/315 2354/744/315 2360/750/315
f 2354/744/272 2357/747/272 2360/750/272
f 2289/686/316 2265/654/316 2269/657/316 2292/687/316
f 2292/687/274 2269/657/274 2274/667/274 2296/579/274
f 2296/584/275 2274/666/275 2267/665/275 2290/581/275
f 2266/660/276 2277/669/276 2281/672/276 2271/546/276
f 2271/549/277 2281/684/277 2286/683/277 2275/663/277
f 2275/663/278 2286/683/278 2279/682/278 2267/665/278
f 2278/674/317 2301/697/317 2305/594/317 2283/675/317
f 2283/678/280 2305/605/280 2310/708/280 2287/679/280
f 2287/679/281 2310/708/281 2303/603/281 2279/682/281
f 2302/704/282 2291/693/282 2299/691/282 2307/705/282
f 2307/705/283 2299/691/283 2295/582/283 2311/706/283
f 2311/706/284 2295/582/284 2290/581/284 2303/603/284
f 2337/733/318 2289/686/318 2293/689/318 2340/734/318
f 2340/734/286 2293/689/286 2298/695/286 2344/737/286
f 2344/737/287 2298/694/287 2291/693/287 2338/739/287
f 2301/697/319 2349/742/319 2353/745/319 2304/698/319
f 2304/700/289 2353/745/289 2358/752/289 2308/701/289
f 2308/701/290 2358/752/290 2351/751/290 2302/704/290
f 2350/648/291 2339/640/291 2347/638/291 2355/748/291
f 2355/748/292 2347/638/292 2343/740/292 2359/749/292
f 2359/749/293 2343/740/293 2338/739/293 2351/751/293
f 2313/709/320 2337/733/320 2341/736/320 2316/710/320
f 2316/710/295 2341/736/295 2346/641/295 2320/713/295
f 2320/713/296 2346/641/296 2339/640/296 2314/715/296
f 2349/742/321 2325/721/321 2329/724/321 2352/743/321
f 2352/743/298 2329/724/298 2334/732/298 2356/746/298
f 2356/746/299 2334/732/299 2327/731/299 2350/648/299
f 2326/727/300 2315/719/300 2323/717/300 2331/728/300
f 2331/728/322 2323/717/322 2319/716/322 2335/729/322
f 2335/729/302 2319/716/302 2314/715/302 2327/731/302
f 2265/654/323 2313/709/323 2317/712/323 2268/655/323
f 2268/655/304 2317/712/304 2322/720/304 2272/658/304
f 2272/662/305 2322/720/305 2315/719/305 2266/660/305
f 2325/721/324 2278/674/324 2284/677/324 2328/722/324
f 2328/722/307 2284/673/307 2280/670/307 2332/725/307
f 2332/725/308 2280/670/308 2277/669/308 2326/727/308
f 2289/686/145 2337/733/145 2313/709/145 2265/654/145
f 2267/665/146 2279/682/146 2303/603/146 2290/581/146
f 2315/719/147 2326/727/147 2277/669/147 2266/660/147
f 2349/742/148 2301/697/148 2278/674/148 2325/721/148
f 2291/693/149 2302/704/149 2351/751/149 2338/739/149
f 2339/640/150 2350/648/150 2327/731/150 2314/715/150
f 2361/753/217 2364/754/217 2366/755/217 2365/756/217
f 2364/754/325 2368/757/325 2369/758/325 2366/755/325
f 2362/759/219 2367/760/219 2369/761/219 2368/762/219
f 2367/763/220 2371/764/220 2372/765/220 2369/552/220
f 2363/766/221 2370/767/221 2372/765/221 2371/764/221
f 2370/768/222 2365/756/222 2366/755/222 2372/769/222
f 2366/755/223 2369/758/223 2372/769/223
f 2373/770/224 2376/771/224 2378/772/224 2377/773/224
f 2376/771/309 2380/774/309 2381/562/309 2378/772/309
f 2374/775/226 2379/776/226 2381/777/226 2380/778/226
f 2379/779/227 2383/780/227 2384/781/227 2381/782/227
f 2375/783/228 2382/784/228 2384/781/228 2383/780/228
f 2382/784/229 2377/785/229 2378/786/229 2384/781/229
f 2378/786/230 2381/782/230 2384/781/230
f 2385/787/231 2388/788/231 2390/789/231 2389/790/231
f 2388/788/232 2392/791/232 2393/792/232 2390/789/232
f 2386/793/233 2391/794/233 2393/795/233 2392/796/233
f 2391/794/234 2395/797/234 2396/798/234 2393/795/234
f 2387/799/235 2394/800/235 2396/798/235 2395/797/235
f 2394/801/236 2389/790/236 2390/789/236 2396/802/236
f 2390/789/237 2393/792/237 2396/802/237
f 2397/803/238 2400/804/238 2402/805/238 2401/806/238
f 2400/807/239 2404/808/239 2405/809/239 2402/810/239
f 2398/811/240 2403/812/240 2405/809/240 2404/808/240
f 2403/812/241 2407/813/241 2408/814/241 2405/809/241
f 2399/815/242 2406/816/242 2408/814/242 2407/813/242
f 2406/816/311 2401/817/311 2402/810/311 2408/814/311
f 2402/810/244 2405/809/244 2408/814/244
f 2409/818/245 2412/819/245 2414/820/245 2413/821/245
f 2412/819/246 2416/822/246 2417/823/246 2414/820/246
f 2410/824/247 2415/825/247 2417/823/247 2416/822/247
f 2415/825/248 2419/826/248 2420/827/248 2417/823/248
f 2411/828/249 2418/829/249 2420/827/249 2419/826/249
f 2418/829/250 2413/821/250 2414/820/250 2420/827/250
f 2414/820/251 2417/823/251 2420/827/251
f 2421/830/252 2424/831/252 2426/832/252 2425/833/252
f 2424/831/253 2428/834/253 2429/835/253 2426/832/253
f 2422/836/254 2427/837/254 2429/835/254 2428/834/254
f 2427/837/255 2431/838/255 2432/839/255 2429/835/255
f 2423/840/256 2430/841/256 2432/839/256 2431/838/256
f 2430/841/313 2425/833/313 2426/832/313 2432/839/313
f 2426/832/258 2429/835/258 2432/839/258
f 2433/842/259 2436/843/259 2438/844/259 2437/845/259
f 2436/843/260 2440/846/260 2441/847/260 2438/844/260
f 2434/848/261 2439/849/261 2441/847/261 2440/846/261
f 2439/849/262 2443/850/262 2444/851/262 2441/847/262
f 2435/852/263 2442/853/263 2444/851/263 2443/850/263
f 2442/853/264 2437/845/264 2438/844/264 2444/851/264
f 2438/844/265 2441/847/265 2444/851/265
f 2445/854/266 2448/855/266 2450/856/266 2449/857/266
f 2448/855/267 2452/858/267 2453/859/267 2450/856/267
f 2446/860/268 2451/861/268 2453/859/268 2452/858/268
f 2451/861/269 2455/862/269 2456/863/269 2453/859/269
f 2447/864/270 2454/865/270 2456/863/270 2455/862/270
f 2454/865/315 2449/857/315 2450/856/315 2456/863/315
f 2450/856/272 2453/859/272 2456/863/272
f 2385/787/273 2361/753/273 2365/756/273 2388/788/273
f 2388/788/274 2365/756/274 2370/768/274 2392/791/274
f 2392/796/275 2370/767/275 2363/766/275 2386/793/275
f 2362/759/276 2373/770/276 2377/773/276 2367/760/276
f 2367/763/277 2377/785/277 2382/784/277 2371/764/277
f 2371/764/278 2382/784/278 2375/783/278 2363/766/278
f 2374/775/279 2397/803/279 2401/806/279 2379/776/279
f 2379/779/280 2401/817/280 2406/816/280 2383/780/280
f 2383/780/281 2406/816/281 2399/815/281 2375/783/281
f 2398/811/282 2387/799/282 2395/797/282 2403/812/282
f 2403/812/283 2395/797/283 2391/794/283 2407/813/283
f 2407/813/284 2391/794/284 2386/793/284 2399/815/284
f 2433/842/285 2385/787/285 2389/790/285 2436/843/285
f 2436/843/286 2389/790/286 2394/801/286 2440/846/286
f 2440/846/287 2394/800/287 2387/799/287 2434/848/287
f 2397/803/319 2445/854/319 2449/857/319 2400/804/319
f 2400/807/289 2449/857/289 2454/865/289 2404/808/289
f 2404/808/290 2454/865/290 2447/864/290 2398/811/290
f 2446/860/291 2435/852/291 2443/850/291 2451/861/291
f 2451/861/292 2443/850/292 2439/849/292 2455/862/292
f 2455/862/293 2439/849/293 2434/848/293 2447/864/293
f 2409/818/294 2433/842/294 2437/845/294 2412/819/294
f 2412/819/295 2437/845/295 2442/853/295 2416/822/295
f 2416/822/296 2442/853/296 2435/852/296 2410/824/296
f 2445/854/297 2421/830/297 2425/833/297 2448/855/297
f 2448/855/298 2425/833/298 2430/841/298 2452/858/298
f 2452/858/326 2430/841/326 2423/840/326 2446/860/326
f 2422/836/300 2411/828/300 2419/826/300 2427/837/300
f 2427/837/322 2419/826/322 2415/825/322 2431/838/322
f 2431/838/302 2415/825/302 2410/824/302 2423/840/302
f 2361/753/303 2409/818/303 2413/821/303 2364/754/303
f 2364/754/304 2413/821/304 2418/829/304 2368/757/304
f 2368/762/305 2418/829/305 2411/828/305 2362/759/305
f 2421/830/324 2374/775/324 2380/778/324 2424/831/324
f 2424/831/307 2380/774/307 2376/771/307 2428/834/307
f 2428/834/308 2376/771/308 2373/770/308 2422/836/308
f 2385/787/145 2433/842/145 2409/818/145 2361/753/145
f 2363/766/146 2375/783/146 2399/815/146 2386/793/146
f 2411/828/147 2422/836/147 2373/770/147 2362/759/147
f 2445/854/148 2397/803/148 2374/775/148 2421/830/148
f 2387/799/149 2398/811/149 2447/864/149 2434/848/149
f 2435/852/150 2446/860/150 2423/840/150 2410/824/150
f 2457/866/151 2460/867/151 2461/868/151 2463/869/151
f 2458/870/152 2462/871/152 2461/872/152 2460/873/152
f 2459/874/153 2463/875/153 2461/876/153 2462/877/153
f 2464/878/208 2467/879/208 2468/880/208 2470/881/208
f 2465/882/155 2469/883/155 2468/884/155 2467/885/155
f 2466/886/156 2470/887/156 2468/888/156 2469/889/156
f 2471/890/157 2474/891/157 2475/892/157 2477/893/157
f 2472/894/158 2476/895/158 2475/896/158 2474/796/158
f 2473/897/159 2477/898/159 2475/896/159 2476/895/159
f 2478/899/160 2481/900/160 2482/901/160 2484/902/160
f 2479/903/161 2483/904/161 2482/905/161 2481/906/161
f 2480/907/162 2484/908/162 2482/905/162 2483/904/162
f 2485/909/163 2488/910/163 2489/911/163 2491/912/163
f 2486/913/164 2490/914/164 2489/911/164 2488/910/164
f 2487/915/165 2491/912/165 2489/911/165 2490/914/165
f 2492/916/166 2495/917/166 2496/918/166 2498/919/166
f 2493/920/167 2497/921/167 2496/918/167 2495/917/167
f 2494/922/168 2498/919/168 2496/918/168 2497/921/168
f 2499/923/169 2502/924/169 2503/925/169 2505/926/169
f 2500/927/170 2504/928/170 2503/925/170 2502/924/170
f 2501/929/171 2505/926/171 2503/925/171 2504/928/171
f 2506/930/172 2509/931/172 2510/932/172 2512/933/172
f 2507/934/173 2511/935/173 2510/932/173 2509/931/173
f 2508/936/174 2512/933/174 2510/932/174 2511/935/174
f 2471/890/175 2457/866/175 2463/869/175 2474/891/175
f 2474/796/176 2463/875/176 2459/874/176 2472/894/176
f 2458/870/209 2464/878/209 2470/881/209 2462/871/209
f 2462/877/178 2470/887/178 2466/886/178 2459/874/178
f 2465/882/179 2478/899/179 2484/902/179 2469/883/179
f 2469/889/180 2484/908/180 2480/907/180 2466/886/180
f 2479/903/181 2473/897/181 2476/895/181 2483/904/181
f 2483/904/182 2476/895/182 2472/894/182 2480/907/182
f 2499/923/183 2471/890/183 2477/893/183 2502/924/183
f 2502/924/184 2477/898/184 2473/897/184 2500/927/184
f 2478/899/185 2506/930/185 2512/933/185 2481/900/185
f 2481/906/202 2512/933/202 2508/936/202 2479/903/202
f 2507/934/187 2501/929/187 2504/928/187 2511/935/187
f 2511/935/203 2504/928/203 2500/927/203 2508/936/203
f 2485/909/189 2499/923/189 2505/926/189 2488/910/189
f 2488/910/190 2505/926/190 2501/929/190 2486/913/190
f 2506/930/191 2492/916/191 2498/919/191 2509/931/191
f 2509/931/192 2498/919/192 2494/922/192 2507/934/192
f 2493/920/193 2487/915/193 2490/914/193 2497/921/193
f 2497/921/205 2490/914/205 2486/913/205 2494/922/205
f 2457/866/195 2485/909/195 2491/912/195 2460/867/195
f 2460/873/210 2491/912/210 2487/915/210 2458/870/210
f 2492/916/197 2465/882/197 2467/885/197 2495/917/197
f 2495/917/211 2467/879/211 2464/878/211 2493/920/211
f 2471/890/145 2499/923/145 2485/909/145 2457/866/145
f 2459/874/146 2466/886/146 2480/907/146 2472/894/146
f 2487/915/147 2493/920/147 2464/878/147 2458/870/147
f 2506/930/148 2478/899/148 2465/882/148 2492/916/148
f 2473/897/149 2479/903/149 2508/936/149 2500/927/149
f 2501/929/150 2507/934/150 2494/922/150 2486/913/150
f 2513/937/217 2516/938/217 2518/939/217 2517/940/217
f 2516/938/325 2520/941/325 2521/942/325 2518/939/325
f 2514/943/219 2519/760/219 2521/944/219 2520/762/219
f 2519/763/220 2523/764/220 2524/765/220 2521/552/220
f 2515/766/221 2522/767/221 2524/765/221 2523/764/221
f 2522/768/222 2517/940/222 2518/939/222 2524/769/222
f 2518/939/223 2521/942/223 2524/769/223
f 2525/945/224 2528/946/224 2530/772/224 2529/773/224
f 2528/946/309 2532/774/309 2533/562/309 2530/772/309
f 2526/775/226 2531/776/226 2533/777/226 2532/778/226
f 2531/779/227 2535/780/227 2536/781/227 2533/782/227
f 2527/783/228 2534/784/228 2536/781/228 2535/780/228
f 2534/784/229 2529/785/229 2530/786/229 2536/781/229
f 2530/786/230 2533/782/230 2536/781/230
f 2537/947/231 2540/948/231 2542/949/231 2541/950/231
f 2540/948/232 2544/791/232 2545/792/232 2542/949/232
f 2538/793/233 2543/794/233 2545/795/233 2544/796/233
f 2543/794/234 2547/951/234 2548/952/234 2545/795/234
f 2539/953/235 2546/954/235 2548/952/235 2547/951/235
f 2546/955/236 2541/950/236 2542/949/236 2548/956/236
f 2542/949/237 2545/792/237 2548/956/237
f 2549/803/238 2552/957/238 2554/805/238 2553/806/238
f 2552/958/239 2556/959/239 2557/960/239 2554/810/239
f 2550/811/240 2555/961/240 2557/960/240 2556/959/240
f 2555/961/241 2559/813/241 2560/814/241 2557/960/241
f 2551/815/242 2558/816/242 2560/814/242 2559/813/242
f 2558/816/311 2553/817/311 2554/810/311 2560/814/311
f 2554/810/244 2557/960/244 2560/814/244
f 2561/818/245 2564/962/245 2566/963/245 2565/964/245
f 2564/962/246 2568/822/246 2569/965/246 2566/963/246
f 2562/824/247 2567/825/247 2569/965/247 2568/822/247
f 2567/825/248 2571/966/248 2572/827/248 2569/965/248
f 2563/967/249 2570/829/249 2572/827/249 2571/966/249
f 2570/829/250 2565/964/250 2566/963/250 2572/827/250
f 2566/963/251 2569/965/251 2572/827/251
f 2573/830/252 2576/968/252 2578/969/252 2577/970/252
f 2576/968/253 2580/971/253 2581/972/253 2578/969/253
f 2574/836/254 2579/973/254 2581/972/254 2580/971/254
f 2579/973/255 2583/838/255 2584/839/255 2581/972/255
f 2575/840/256 2582/841/256 2584/839/256 2583/838/256
f 2582/841/257 2577/970/257 2578/969/257 2584/839/257
f 2578/969/258 2581/972/258 2584/839/258
f 2585/842/259 2588/974/259 2590/975/259 2589/976/259
f 2588/974/260 2592/977/260 2593/978/260 2590/975/260
f 2586/979/261 2591/980/261 2593/978/261 2592/977/261
f 2591/980/262 2595/850/262 2596/851/262 2593/978/262
f 2587/852/263 2594/853/263 2596/851/263 2595/850/263
f 2594/853/264 2589/976/264 2590/975/264 2596/851/264
f 2590/975/265 2593/978/265 2596/851/265
f 2597/981/266 2600/982/266 2602/856/266 2601/857/266
f 2600/982/267 2604/858/267 2605/859/267 2602/856/267
f 2598/860/268 2603/861/268 2605/859/268 2604/858/268
f 2603/861/269 2607/983/269 2608/984/269 2605/859/269
f 2599/985/270 2606/986/270 2608/984/270 2607/983/270
f 2606/986/315 2601/857/315 2602/856/315 2608/984/315
f 2602/856/272 2605/859/272 2608/984/272
f 2537/947/273 2513/937/273 2517/940/273 2540/948/273
f 2540/948/274 2517/940/274 2522/768/274 2544/791/274
f 2544/796/275 2522/767/275 2515/766/275 2538/793/275
f 2514/943/276 2525/945/276 2529/773/276 2519/760/276
f 2519/763/277 2529/785/277 2534/784/277 2523/764/277
f 2523/764/278 2534/784/278 2527/783/278 2515/766/278
f 2526/775/279 2549/803/279 2553/806/279 2531/776/279
f 2531/779/280 2553/817/280 2558/816/280 2535/780/280
f 2535/780/327 2558/816/327 2551/815/327 2527/783/327
f 2550/811/282 2539/953/282 2547/951/282 2555/961/282
f 2555/961/283 2547/951/283 2543/794/283 2559/813/283
f 2559/813/284 2543/794/284 2538/793/284 2551/815/284
f 2585/842/285 2537/947/285 2541/950/285 2588/974/285
f 2588/974/286 2541/950/286 2546/955/286 2592/977/286
f 2592/977/287 2546/954/287 2539/953/287 2586/979/287
f 2549/803/319 2597/981/319 2601/857/319 2552/957/319
f 2552/958/289 2601/857/289 2606/986/289 2556/959/289
f 2556/959/290 2606/986/290 2599/985/290 2550/811/290
f 2598/860/291 2587/852/291 2595/850/291 2603/861/291
f 2603/861/292 2595/850/292 2591/980/292 2607/983/292
f 2607/983/293 2591/980/293 2586/979/293 2599/985/293
f 2561/818/294 2585/842/294 2589/976/294 2564/962/294
f 2564/962/295 2589/976/295 2594/853/295 2568/822/295
f 2568/822/296 2594/853/296 2587/852/296 2562/824/296
f 2597/981/297 2573/830/297 2577/970/297 2600/982/297
f 2600/982/298 2577/970/298 2582/841/298 2604/858/298
f 2604/858/299 2582/841/299 2575/840/299 2598/860/299
f 2574/836/300 2563/967/300 2571/966/300 2579/973/300
f 2579/973/322 2571/966/322 2567/825/322 2583/838/322
f 2583/838/302 2567/825/302 2562/824/302 2575/840/302
f 2513/937/303 2561/818/303 2565/964/303 2516/938/303
f 2516/938/304 2565/964/304 2570/829/304 2520/941/304
f 2520/762/305 2570/829/305 2563/967/305 2514/943/305
f 2573/830/324 2526/775/324 2532/778/324 2576/968/324
f 2576/968/307 2532/774/307 2528/946/307 2580/971/307
f 2580/971/308 2528/946/308 2525/945/308 2574/836/308
f 2537/947/145 2585/842/145 2561/818/145 2513/937/145
f 2515/766/146 2527/783/146 2551/815/146 2538/793/146
f 2563/967/147 2574/836/147 2525/945/147 2514/943/147
f 2597/981/148 2549/803/148 2526/775/148 2573/830/148
f 2539/953/149 2550/811/149 2599/985/149 2586/979/149
f 2587/852/150 2598/860/150 2575/840/150 2562/824/150
f 2609/866/151 2612/987/151 2613/988/151 2615/869/151
f 2610/870/152 2614/871/152 2613/872/152 2612/989/152
f 2611/874/153 2615/875/153 2613/876/153 2614/877/153
f 2616/878/208 2619/990/208 2620/880/208 2622/881/208
f 2617/882/155 2621/883/155 2620/884/155 2619/991/155
f 2618/886/156 2622/887/156 2620/888/156 2621/889/156
f 2623/890/157 2626/891/157 2627/892/157 2629/992/157
f 2624/894/158 2628/993/158 2627/896/158 2626/796/158
f 2625/897/159 2629/994/159 2627/896/159 2628/993/159
f 2630/899/160 2633/995/160 2634/996/160 2636/902/160
f 2631/903/161 2635/904/161 2634/905/161 2633/997/161
f 2632/907/162 2636/908/162 2634/905/162 2635/904/162
f 2637/909/163 2640/998/163 2641/911/163 2643/912/163
f 2638/913/164 2642/914/164 2641/911/164 2640/998/164
f 2639/915/165 2643/912/165 2641/911/165 2642/914/165
f 2644/916/166 2647/917/166 2648/918/166 2650/919/166
f 2645/920/167 2649/921/167 2648/918/167 2647/917/167
f 2646/922/168 2650/919/168 2648/918/168 2649/921/168
f 2651/923/169 2654/924/169 2655/999/169 2657/926/169
f 2652/927/170 2656/928/170 2655/999/170 2654/924/170
f 2653/929/171 2657/926/171 2655/999/171 2656/928/171
f 2658/930/172 2661/931/172 2662/932/172 2664/933/172
f 2659/934/173 2663/935/173 2662/932/173 2661/931/173
f 2660/936/174 2664/933/174 2662/932/174 2663/935/174
f 2623/890/175 2609/866/175 2615/869/175 2626/891/175
f 2626/796/176 2615/875/176 2611/874/176 2624/894/176
f 2610/870/209 2616/878/209 2622/881/209 2614/871/209
f 2614/877/178 2622/887/178 2618/886/178 2611/874/178
f 2617/882/179 2630/899/179 2636/902/179 2621/883/179
f 2621/889/180 2636/908/180 2632/907/180 2618/886/180
f 2631/903/181 2625/897/181 2628/993/181 2635/904/181
f 2635/904/182 2628/993/182 2624/894/182 2632/907/182
f 2651/923/183 2623/890/183 2629/992/183 2654/924/183
f 2654/924/184 2629/994/184 2625/897/184 2652/927/184
f 2630/899/185 2658/930/185 2664/933/185 2633/995/185
f 2633/997/202 2664/933/202 2660/936/202 2631/903/202
f 2659/934/187 2653/929/187 2656/928/187 2663/935/187
f 2663/935/203 2656/928/203 2652/927/203 2660/936/203
f 2637/909/189 2651/923/189 2657/926/189 2640/998/189
f 2640/998/190 2657/926/190 2653/929/190 2638/913/190
f 2658/930/191 2644/916/191 2650/919/191 2661/931/191
f 2661/931/192 2650/919/192 2646/922/192 2659/934/192
f 2645/920/193 2639/915/193 2642/914/193 2649/921/193
f 2649/921/205 2642/914/205 2638/913/205 2646/922/205
f 2609/866/195 2637/909/195 2643/912/195 2612/987/195
f 2612/989/210 2643/912/210 2639/915/210 2610/870/210
f 2644/916/197 2617/882/197 2619/991/197 2647/917/197
f 2647/917/211 2619/990/211 2616/878/211 2645/920/211
f 2623/890/145 2651/923/145 2637/909/145 2609/866/145
f 2611/874/146 2618/886/146 2632/907/146 2624/894/146
f 2639/915/147 2645/920/147 2616/878/147 2610/870/147
f 2658/930/148 2630/899/148 2617/882/148 2644/916/148
f 2625/897/149 2631/903/149 2660/936/149 2652/927/149
f 2653/929/150 2659/934/150 2646/922/150 2638/913/150
f 2761/1113/1 2764/1114/1 2767/1115/1 2766/1116/1
f 2764/1114/2 2765/1117/2 2768/1118/2 2767/1115/2
f 2766/1116/3 2767/1115/3 2779/1119/3 2776/1120/3
f 2767/1115/4 2768/1118/4 2769/1121/4 2779/1119/4
f 2762/1122/5 2770/1123/5 2773/1124/5 2772/1125/5
f 2770/1123/6 2771/1126/6 2774/1127/6 2773/1124/6
f 2772/1125/7 2773/1124/7 2768/1128/7 2765/1129/7
f 2773/1124/8 2774/1127/8 2769/1130/8 2768/1128/8
f 2763/1131/9 2775/1132/9 2778/1133/9 2777/1134/9
f 2775/1132/10 2776/1135/10 2779/1136/10 2778/1133/10
f 2777/1134/11 2778/1133/11 2774/1137/11 2771/1138/11
f 2778/1133/12 2779/1136/12 2769/1139/12 2774/1137/12
f 2780/1140/13 2783/1141/13 2786/1142/13 2785/1143/13
f 2783/1141/14 2784/1144/14 2787/1145/14 2786/1142/14
f 2785/1143/15 2786/1142/15 2798/1146/15 2795/1147/15
f 2786/1142/16 2787/1145/16 2788/1148/16 2798/1146/16
f 2781/1149/334 2789/1150/334 2792/1151/334 2791/1152/334
f 2789/1150/18 2790/1153/18 2793/1154/18 2792/1151/18
f 2791/1152/19 2792/1151/19 2787/1155/19 2784/1156/19
f 2792/1151/335 2793/1154/335 2788/1157/335 2787/1155/335
f 2782/1158/336 2794/1159/336 2797/1160/336 2796/1161/336
f 2794/1159/22 2795/1162/22 2798/1163/22 2797/1160/22
f 2796/1161/337 2797/1160/337 2793/1164/337 2790/1165/337
f 2797/1160/24 2798/1163/24 2788/1166/24 2793/1164/24
f 2799/1167/25 2802/1168/25 2805/1169/25 2804/1170/25
f 2802/1168/26 2803/1171/26 2806/1172/26 2805/1169/26
f 2804/1170/27 2805/1169/27 2817/1173/27 2814/1174/27
f 2805/1169/28 2806/1172/28 2807/1175/28 2817/1173/28
f 2800/1176/29 2808/1177/29 2811/1178/29 2810/1179/29
f 2808/1177/30 2809/1180/30 2812/1181/30 2811/1178/30
f 2810/1179/31 2811/1178/31 2806/1182/31 2803/1183/31
f 2811/1178/32 2812/1181/32 2807/1184/32 2806/1182/32
f 2801/1185/338 2813/1186/338 2816/1187/338 2815/1188/338
f 2813/1186/339 2814/1189/339 2817/1190/339 2816/1187/339
f 2815/1188/35 2816/1187/35 2812/1181/35 2809/1180/35
f 2816/1187/36 2817/1190/36 2807/1184/36 2812/1181/36
f 2818/1191/340 2821/1192/340 2824/1193/340 2823/1194/340
f 2821/1192/38 2822/1195/38 2825/1196/38 2824/1193/38
f 2823/1194/39 2824/1193/39 2836/1197/39 2833/1198/39
f 2824/1193/40 2825/1196/40 2826/1199/40 2836/1197/40
f 2819/1200/341 2827/1201/341 2830/1202/341 2829/1203/341
f 2827/1201/42 2828/1204/42 2831/1205/42 2830/1202/42
f 2829/1203/43 2830/1202/43 2825/1206/43 2822/1207/43
f 2830/1202/44 2831/1205/44 2826/1208/44 2825/1206/44
f 2820/1209/45 2832/1210/45 2835/1211/45 2834/1212/45
f 2832/1210/342 2833/1213/342 2836/1214/342 2835/1211/342
f 2834/1212/47 2835/1211/47 2831/1205/47 2828/1204/47
f 2835/1211/48 2836/1214/48 2826/1208/48 2831/1205/48
f 2837/1215/49 2840/1216/49 2843/1217/49 2842/1218/49
f 2840/1216/50 2841/1219/50 2844/1220/50 2843/1217/50
f 2842/1218/51 2843/1217/51 2855/1221/51 2852/1222/51
f 2843/1217/52 2844/1220/52 2845/1223/52 2855/1221/52
f 2838/1224/53 2846/1225/53 2849/1226/53 2848/1227/53
f 2846/1225/54 2847/1228/54 2850/1229/54 2849/1226/54
f 2848/1227/55 2849/1226/55 2844/1220/55 2841/1219/55
f 2849/1226/56 2850/1229/56 2845/1223/56 2844/1220/56
f 2839/1230/343 2851/1231/343 2854/1232/343 2853/1233/343
f 2851/1231/58 2852/1222/58 2855/1221/58 2854/1232/58
f 2853/1233/59 2854/1232/59 2850/1229/59 2847/1228/59
f 2854/1232/60 2855/1221/60 2845/1223/60 2850/1229/60
f 2856/1234/344 2859/1235/344 2862/1236/344 2861/1237/344
f 2859/1235/62 2860/1238/62 2863/1239/62 2862/1236/62
f 2861/1237/63 2862/1236/63 2874/1240/63 2871/1241/63
f 2862/1236/64 2863/1239/64 2864/1242/64 2874/1240/64
f 2857/1243/345 2865/1244/345 2868/1245/345 2867/1246/345
f 2865/1244/66 2866/1247/66 2869/1248/66 2868/1245/66
f 2867/1246/346 2868/1245/346 2863/1239/346 2860/1238/346
f 2868/1245/68 2869/1248/68 2864/1242/68 2863/1239/68
f 2858/1249/69 2870/1250/69 2873/1251/69 2872/1252/69
f 2870/1250/347 2871/1241/347 2874/1240/347 2873/1251/347
f 2872/1252/71 2873/1251/71 2869/1248/71 2866/1247/71
f 2873/1251/72 2874/1240/72 2864/1242/72 2869/1248/72
f 2875/1253/73 2878/1254/73 2881/1255/73 2880/1256/73
f 2878/1254/74 2879/1257/74 2882/1258/74 2881/1255/74
f 2880/1256/75 2881/1255/75 2893/1259/75 2890/1260/75
f 2881/1255/76 2882/1258/76 2883/1261/76 2893/1259/76
f 2876/1262/77 2884/1263/77 2887/1264/77 2886/1265/77
f 2884/1263/78 2885/1266/78 2888/1267/78 2887/1264/78
f 2886/1265/79 2887/1264/79 2882/1258/79 2879/1257/79
f 2887/1264/80 2888/1267/80 2883/1261/80 2882/1258/80
f 2877/1268/81 2889/1269/81 2892/1270/81 2891/1271/81
f 2889/1269/82 2890/1260/82 2893/1259/82 2892/1270/82
f 2891/1271/83 2892/1270/83 2888/1267/83 2885/1266/83
f 2892/1270/84 2893/1259/84 2883/1261/84 2888/1267/84
f 2894/1272/348 2897/1273/348 2900/1274/348 2899/1275/348
f 2897/1273/86 2898/1276/86 2901/1277/86 2900/1274/86
f 2899/1275/87 2900/1274/87 2912/1278/87 2909/1279/87
f 2900/1274/88 2901/1277/88 2902/1280/88 2912/1278/88
f 2895/1281/349 2903/1282/349 2906/1283/349 2905/1284/349
f 2903/1282/90 2904/1285/90 2907/1286/90 2906/1283/90
f 2905/1284/91 2906/1283/91 2901/1277/91 2898/1276/91
f 2906/1283/92 2907/1286/92 2902/1280/92 2901/1277/92
f 2896/1287/93 2908/1288/93 2911/1289/93 2910/1290/93
f 2908/1288/350 2909/1279/350 2912/1278/350 2911/1289/350
f 2910/1290/95 2911/1289/95 2907/1286/95 2904/1285/95
f 2911/1289/96 2912/1278/96 2902/1280/96 2907/1286/96
f 2799/1167/97 2761/1113/97 2766/1116/97 2802/1168/97
f 2802/1168/98 2766/1116/98 2776/1120/98 2803/1171/98
f 2803/1183/99 2776/1135/99 2775/1132/99 2810/1179/99
f 2810/1179/100 2775/1132/100 2763/1131/100 2800/1176/100
f 2762/1122/101 2780/1140/101 2785/1143/101 2770/1123/101
f 2770/1123/102 2785/1143/102 2795/1147/102 2771/1126/102
f 2771/1138/103 2795/1162/103 2794/1159/103 2777/1134/103
f 2777/1134/104 2794/1159/104 2782/1158/104 2763/1131/104
f 2781/1149/105 2818/1191/105 2823/1194/105 2789/1150/105
f 2789/1150/106 2823/1194/106 2833/1198/106 2790/1153/106
f 2790/1165/107 2833/1213/107 2832/1210/107 2796/1161/107
f 2796/1161/108 2832/1210/108 2820/1209/108 2782/1158/108
f 2819/1200/109 2801/1185/109 2815/1188/109 2827/1201/109
f 2827/1201/110 2815/1188/110 2809/1180/110 2828/1204/110
f 2828/1204/111 2809/1180/111 2808/1177/111 2834/1212/111
f 2834/1212/112 2808/1177/112 2800/1176/112 2820/1209/112
f 2875/1253/113 2799/1167/113 2804/1170/113 2878/1254/113
f 2878/1254/114 2804/1170/114 2814/1174/114 2879/1257/114
f 2879/1257/115 2814/1189/115 2813/1186/115 2886/1265/115
f 2886/1265/116 2813/1186/116 2801/1185/116 2876/1262/116
f 2818/1191/117 2894/1272/117 2899/1275/117 2821/1192/117
f 2821/1192/118 2899/1275/118 2909/1279/118 2822/1195/118
f 2822/1207/119 2909/1279/119 2908/1288/119 2829/1203/119
f 2829/1203/120 2908/1288/120 2896/1287/120 2819/1200/120
f 2895/1281/121 2877/1268/121 2891/1271/121 2903/1282/121
f 2903/1282/122 2891/1271/122 2885/1266/122 2904/1285/122
f 2904/1285/123 2885/1266/123 2884/1263/123 2910/1290/123
f 2910/1290/124 2884/1263/124 2876/1262/124 2896/1287/124
f 2837/1215/125 2875/1253/125 2880/1256/125 2840/1216/125
f 2840/1216/126 2880/1256/126 2890/1260/126 2841/1219/126
f 2841/1219/127 2890/1260/127 2889/1269/127 2848/1227/127
f 2848/1227/128 2889/1269/128 2877/1268/128 2838/1224/128
f 2894/1272/129 2856/1234/129 2861/1237/129 2897/1273/129
f 2897/1273/130 2861/1237/130 2871/1241/130 2898/1276/130
f 2898/1276/131 2871/1241/131 2870/1250/131 2905/1284/131
f 2905/1284/132 2870/1250/132 2858/1249/132 2895/1281/132
f 2857/1243/133 2839/1230/133 2853/1233/133 2865/1244/133
f 2865/1244/134 2853/1233/134 2847/1228/134 2866/1247/134
f 2866/1247/135 2847/1228/135 2846/1225/135 2872/1252/135
f 2872/1252/136 2846/1225/136 2838/1224/136 2858/1249/136
f 2761/1113/137 2837/1215/137 2842/1218/137 2764/1114/137
f 2764/1114/138 2842/1218/138 2852/1222/138 2765/1117/138
f 2765/1129/139 2852/1222/139 2851/1231/139 2772/1125/139
f 2772/1125/140 2851/1231/140 2839/1230/140 2762/1122/140
f 2856/1234/141 2781/1149/141 2791/1152/141 2859/1235/141
f 2859/1235/142 2791/1152/142 2784/1156/142 2860/1238/142
f 2860/1238/143 2784/1144/143 2783/1141/143 2867/1246/143
f 2867/1246/144 2783/1141/144 2780/1140/144 2857/1243/144
f 2799/1167/145 2875/1253/145 2837/1215/145 2761/1113/145
f 2763/1131/146 2782/1158/146 2820/1209/146 2800/1176/146
f 2839/1230/147 2857/1243/147 2780/1140/147 2762/1122/147
f 2894/1272/148 2818/1191/148 2781/1149/148 2856/1234/148
f 2801/1185/149 2819/1200/149 2896/1287/149 2876/1262/149
f 2877/1268/150 2895/1281/150 2858/1249/150 2838/1224/150
f 2913/1291/151 2916/1292/151 2917/1293/151 2919/293/151
f 2914/1294/152 2918/252/152 2917/253/152 2916/1295/152
f 2915/254/153 2919/1296/153 2917/1297/153 2918/255/153
f 2920/256/208 2923/1298/208 2924/193/208 2926/1299/208
f 2921/297/155 2925/1300/155 2924/1301/155 2923/1302/155
f 2922/258/156 2926/1303/156 2924/1304/156 2925/1305/156
f 2927/1306/157 2930/204/157 2931/205/157 2933/1307/157
f 2928/261/158 2932/262/158 2931/263/158 2930/210/158
f 2929/1308/159 2933/1309/159 2931/263/159 2932/262/159
f 2934/1310/160 2937/1311/160 2938/215/160 2940/306/160
f 2935/1312/161 2939/1313/161 2938/1314/161 2937/1315/161
f 2936/267/162 2940/1316/162 2938/1314/162 2939/1313/162
f 2941/1317/163 2944/311/163 2945/288/163 2947/1318/163
f 2942/269/164 2946/270/164 2945/288/164 2944/311/164
f 2943/1319/165 2947/1318/165 2945/288/165 2946/270/165
f 2948/1320/166 2951/1321/166 2952/314/166 2954/315/166
f 2949/1322/167 2953/1323/167 2952/314/167 2951/1321/167
f 2950/275/168 2954/315/168 2952/314/168 2953/1323/168
f 2955/1324/169 2958/1325/169 2959/1326/169 2961/318/169
f 2956/1327/170 2960/278/170 2959/1326/170 2958/1325/170
f 2957/279/171 2961/318/171 2959/1326/171 2960/278/171
f 2962/1328/172 2965/245/172 2966/1329/172 2968/1330/172
f 2963/280/173 2967/1331/173 2966/1329/173 2965/245/173
f 2964/1332/174 2968/1330/174 2966/1329/174 2967/1331/174
f 2927/1306/175 2913/1291/175 2919/293/175 2930/204/175
f 2930/210/176 2919/1296/176 2915/254/176 2928/261/176
f 2914/1294/209 2920/256/209 2926/1299/209 2918/252/209
f 2918/255/178 2926/1303/178 2922/258/178 2915/254/178
f 2921/297/179 2934/1310/179 2940/306/179 2925/1300/179
f 2925/1305/180 2940/1316/180 2936/267/180 2922/258/180
f 2935/1312/181 2929/1308/181 2932/262/181 2939/1313/181
f 2939/1313/182 2932/262/182 2928/261/182 2936/267/182
f 2955/1324/183 2927/1306/183 2933/1307/183 2958/1325/183
f 2958/1325/184 2933/1309/184 2929/1308/184 2956/1327/184
f 2934/1310/185 2962/1328/185 2968/1330/185 2937/1311/185
f 2937/1315/202 2968/1330/202 2964/1332/202 2935/1312/202
f 2963/280/187 2957/279/187 2960/278/187 2967/1331/187
f 2967/1331/203 2960/278/203 2956/1327/203 2964/1332/203
f 2941/1317/189 2955/1324/189 2961/318/189 2944/311/189
f 2944/311/190 2961/318/190 2957/279/190 2942/269/190
f 2962/1328/191 2948/1320/191 2954/315/191 2965/245/191
f 2965/245/192 2954/315/192 2950/275/192 2963/280/192
f 2949/1322/193 2943/1319/193 2946/270/193 2953/1323/193
f 2953/1323/205 2946/270/205 2942/269/205 2950/275/205
f 2913/1291/195 2941/1317/195 2947/1318/195 2916/1292/195
f 2916/1295/210 2947/1318/210 2943/1319/210 2914/1294/210
f 2948/1320/197 2921/297/197 2923/1302/197 2951/1321/197
f 2951/1321/211 2923/1298/211 2920/256/211 2949/1322/211
f 2927/1306/145 2955/1324/145 2941/1317/145 2913/1291/145
f 2915/254/146 2922/258/146 2936/267/146 2928/261/146
f 2943/1319/147 2949/1322/147 2920/256/147 2914/1294/147
f 2962/1328/148 2934/1310/148 2921/297/148 2948/1320/148
f 2929/1308/149 2935/1312/149 2964/1332/149 2956/1327/149
f 2957/279/150 2963/280/150 2950/275/150 2942/269/150
f 2969/1291/151 2972/1292/151 2973/1293/151 2975/293/151
f 2970/1333/152 2974/184/152 2973/185/152 2972/1295/152
f 2971/1334/153 2975/1296/153 2973/1297/153 2974/1335/153
f 2976/1336/208 2979/1298/208 2980/193/208 2982/1337/208
f 2977/297/155 2981/1300/155 2980/1301/155 2979/1302/155
f 2978/1338/156 2982/1339/156 2980/1340/156 2981/1305/156
f 2983/1306/157 2986/204/157 2987/205/157 2989/1307/157
f 2984/1341/158 2988/1342/158 2987/209/158 2986/210/158
f 2985/1343/159 2989/1309/159 2987/209/159 2988/1342/159
f 2990/1310/160 2993/1311/160 2994/215/160 2996/306/160
f 2991/217/161 2995/218/161 2994/1344/161 2993/1315/161
f 2992/1345/162 2996/1316/162 2994/1344/162 2995/218/162
f 2997/1317/163 3000/311/163 3001/225/163 3003/1346/163
f 2998/1347/164 3002/1348/164 3001/225/164 3000/311/164
f 2999/1349/165 3003/1346/165 3001/225/165 3002/1348/165
f 3004/1320/166 3007/1321/166 3008/329/166 3010/315/166
f 3005/1350/167 3009/235/167 3008/329/167 3007/1321/167
f 3006/1351/168 3010/315/168 3008/329/168 3009/235/168
f 3011/1324/169 3014/1325/169 3015/1352/169 3017/318/169
f 3012/1353/170 3016/1354/170 3015/1352/170 3014/1325/170
f 3013/1355/171 3017/318/171 3015/1352/171 3016/1354/171
f 3018/1328/172 3021/245/172 3022/334/172 3024/1330/172
f 3019/1356/173 3023/249/173 3022/334/173 3021/245/173
f 3020/1357/174 3024/1330/174 3022/334/174 3023/249/174
f 2983/1306/175 2969/1291/175 2975/293/175 2986/204/175
f 2986/210/176 2975/1296/176 2971/1334/176 2984/1341/176
f 2970/1333/209 2976/1336/209 2982/1337/209 2974/184/209
f 2974/1335/178 2982/1339/178 2978/1338/178 2971/1334/178
f 2977/297/179 2990/1310/179 2996/306/179 2981/1300/179
f 2981/1305/180 2996/1316/180 2992/1345/180 2978/1338/180
f 2991/217/181 2985/1343/181 2988/1342/181 2995/218/181
f 2995/218/182 2988/1342/182 2984/1341/182 2992/1345/182
f 3011/1324/183 2983/1306/183 2989/1307/183 3014/1325/183
f 3014/1325/184 2989/1309/184 2985/1343/184 3012/1353/184
f 2990/1310/185 3018/1328/185 3024/1330/185 2993/1311/185
f 2993/1315/202 3024/1330/202 3020/1357/202 2991/217/202
f 3019/1356/187 3013/1355/187 3016/1354/187 3023/249/187
f 3023/249/188 3016/1354/188 3012/1353/188 3020/1357/188
f 2997/1317/189 3011/1324/189 3017/318/189 3000/311/189
f 3000/311/190 3017/318/190 3013/1355/190 2998/1347/190
f 3018/1328/191 3004/1320/191 3010/315/191 3021/245/191
f 3021/245/192 3010/315/192 3006/1351/192 3019/1356/192
f 3005/1350/193 2999/1349/193 3002/1348/193 3009/235/193
f 3009/235/194 3002/1348/194 2998/1347/194 3006/1351/194
f 2969/1291/195 2997/1317/195 3003/1346/195 2972/1292/195
f 2972/1295/210 3003/1346/210 2999/1349/210 2970/1333/210
f 3004/1320/197 2977/297/197 2979/1302/197 3007/1321/197
f 3007/1321/211 2979/1298/211 2976/1336/211 3005/1350/211
f 2983/1306/145 3011/1324/145 2997/1317/145 2969/1291/145
f 2971/1334/146 2978/1338/146 2992/1345/146 2984/1341/146
f 2999/1349/147 3005/1350/147 2976/1336/147 2970/1333/147
f 3018/1328/148 2990/1310/148 2977/297/148 3004/1320/148
f 2985/1343/149 2991/217/149 3020/1357/149 3012/1353/149
f 3013/1355/150 3019/1356/150 3006/1351/150 2998/1347/150
f 3025/1291/151 3028/1292/151 3029/1293/151 3031/293/151
f 3026/1333/152 3030/184/152 3029/185/152 3028/1295/152
f 3027/1334/153 3031/1296/153 3029/1297/153 3030/1335/153
f 3032/1336/208 3035/1298/208 3036/193/208 3038/1337/208
f 3033/297/155 3037/1300/155 3036/1301/155 3035/1302/155
f 3034/1338/156 3038/1339/156 3036/1340/156 3037/1305/156
f 3039/1306/157 3042/204/157 3043/205/157 3045/1307/157
f 3040/1341/158 3044/1358/158 3043/209/158 3042/210/158
f 3041/1343/159 3045/1309/159 3043/209/159 3044/1358/159
f 3046/1310/160 3049/1311/160 3050/215/160 3052/306/160
f 3047/217/161 3051/218/161 3050/1344/161 3049/1315/161
f 3048/1345/162 3052/1316/162 3050/1344/162 3051/218/162
f 3053/1317/163 3056/311/163 3057/225/163 3059/1318/163
f 3054/1347/164 3058/1348/164 3057/225/164 3056/311/164
f 3055/1349/165 3059/1318/165 3057/225/165 3058/1348/165
f 3060/1320/166 3063/1321/166 3064/329/166 3066/315/166
f 3061/1350/167 3065/235/167 3064/329/167 3063/1321/167
f 3062/1351/168 3066/315/168 3064/329/168 3065/235/168
f 3067/1324/169 3070/1325/169 3071/1352/169 3073/318/169
f 3068/1353/170 3072/1354/170 3071/1352/170 3070/1325/170
f 3069/1355/171 3073/318/171 3071/1352/171 3072/1354/171
f 3074/1328/172 3077/245/172 3078/334/172 3080/1330/172
f 3075/1356/173 3079/249/173 3078/334/173 3077/245/173
f 3076/1357/174 3080/1330/174 3078/334/174 3079/249/174
f 3039/1306/175 3025/1291/175 3031/293/175 3042/204/175
f 3042/210/176 3031/1296/176 3027/1334/176 3040/1341/176
f 3026/1333/209 3032/1336/209 3038/1337/209 3030/184/209
f 3030/1335/178 3038/1339/178 3034/1338/178 3027/1334/178
f 3033/297/179 3046/1310/179 3052/306/179 3037/1300/179
f 3037/1305/180 3052/1316/180 3048/1345/180 3034/1338/180
f 3047/217/181 3041/1343/181 3044/1358/181 3051/218/181
f 3051/218/182 3044/1358/182 3040/1341/182 3048/1345/182
f 3067/1324/183 3039/1306/183 3045/1307/183 3070/1325/183
f 3070/1325/184 3045/1309/184 3041/1343/184 3068/1353/184
f 3046/1310/185 3074/1328/185 3080/1330/185 3049/1311/185
f 3049/1315/202 3080/1330/202 3076/1357/202 3047/217/202
f 3075/1356/187 3069/1355/187 3072/1354/187 3079/249/187
f 3079/249/188 3072/1354/188 3068/1353/188 3076/1357/188
f 3053/1317/189 3067/1324/189 3073/318/189 3056/311/189
f 3056/311/190 3073/318/190 3069/1355/190 3054/1347/190
f 3074/1328/191 3060/1320/191 3066/315/191 3077/245/191
f 3077/245/192 3066/315/192 3062/1351/192 3075/1356/192
f 3061/1350/193 3055/1349/193 3058/1348/193 3065/235/193
f 3065/235/194 3058/1348/194 3054/1347/194 3062/1351/194
f 3025/1291/195 3053/1317/195 3059/1318/195 3028/1292/195
f 3028/1295/210 3059/1318/210 3055/1349/210 3026/1333/210
f 3060/1320/197 3033/297/197 3035/1302/197 3063/1321/197
f 3063/1321/211 3035/1298/211 3032/1336/211 3061/1350/211
f 3039/1306/145 3067/1324/145 3053/1317/145 3025/1291/145
f 3027/1334/146 3034/1338/146 3048/1345/146 3040/1341/146
f 3055/1349/147 3061/1350/147 3032/1336/147 3026/1333/147
f 3074/1328/148 3046/1310/148 3033/297/148 3060/1320/148
f 3041/1343/149 3047/217/149 3076/1357/149 3068/1353/149
f 3069/1355/150 3075/1356/150 3062/1351/150 3054/1347/150
f 3081/1359/151 3084/1292/151 3085/1293/151 3087/293/151
f 3082/1294/152 3086/252/152 3085/253/152 3084/1295/152
f 3083/1360/153 3087/1361/153 3085/1362/153 3086/255/153
f 3088/256/208 3091/1298/208 3092/193/208 3094/1299/208
f 3089/1363/155 3093/1364/155 3092/1365/155 3091/1302/155
f 3090/1366/156 3094/1303/156 3092/1304/156 3093/1367/156
f 3095/1368/157 3098/1369/157 3099/205/157 3101/1307/157
f 3096/1370/158 3100/262/158 3099/263/158 3098/1371/158
f 3097/1308/159 3101/1309/159 3099/263/159 3100/262/159
f 3102/1372/160 3105/1311/160 3106/215/160 3108/1373/160
f 3103/1312/161 3107/1313/161 3106/1374/161 3105/1315/161
f 3104/1375/162 3108/1376/162 3106/1374/162 3107/1313/162
f 3109/1317/163 3112/1377/163 3113/288/163 3115/1346/163
f 3110/1378/164 3114/270/164 3113/288/164 3112/1377/164
f 3111/1319/165 3115/1346/165 3113/288/165 3114/270/165
f 3116/1379/166 3119/1321/166 3120/314/166 3122/1380/166
f 3117/1322/167 3121/1323/167 3120/314/167 3119/1321/167
f 3118/1381/168 3122/1380/168 3120/314/168 3121/1323/168
f 3123/1382/169 3126/1325/169 3127/1326/169 3129/1383/169
f 3124/1327/170 3128/278/170 3127/1326/170 3126/1325/170
f 3125/1384/171 3129/1383/171 3127/1326/171 3128/278/171
f 3130/1385/172 3133/1386/172 3134/1329/172 3136/1330/172
f 3131/327/173 3135/1331/173 3134/1329/173 3133/1386/173
f 3132/1332/174 3136/1330/174 3134/1329/174 3135/1331/174
f 3095/1368/175 3081/1359/175 3087/293/175 3098/1369/175
f 3098/1371/176 3087/1361/176 3083/1360/176 3096/1370/176
f 3082/1294/209 3088/256/209 3094/1299/209 3086/252/209
f 3086/255/178 3094/1303/178 3090/1366/178 3083/1360/178
f 3089/1363/179 3102/1372/179 3108/1373/179 3093/1364/179
f 3093/1367/180 3108/1376/180 3104/1375/180 3090/1366/180
f 3103/1312/181 3097/1308/181 3100/262/181 3107/1313/181
f 3107/1313/182 3100/262/182 3096/1370/182 3104/1375/182
f 3123/1382/183 3095/1368/183 3101/1307/183 3126/1325/183
f 3126/1325/184 3101/1309/184 3097/1308/184 3124/1327/184
f 3102/1372/185 3130/1385/185 3136/1330/185 3105/1311/185
f 3105/1315/202 3136/1330/202 3132/1332/202 3103/1312/202
f 3131/327/187 3125/1384/187 3128/278/187 3135/1331/187
f 3135/1331/203 3128/278/203 3124/1327/203 3132/1332/203
f 3109/1317/189 3123/1382/189 3129/1383/189 3112/1377/189
f 3112/1377/190 3129/1383/190 3125/1384/190 3110/1378/190
f 3130/1385/191 3116/1379/191 3122/1380/191 3133/1386/191
f 3133/1386/192 3122/1380/192 3118/1381/192 3131/327/192
f 3117/1322/193 3111/1319/193 3114/270/193 3121/1323/193
f 3121/1323/205 3114/270/205 3110/1378/205 3118/1381/205
f 3081/1359/195 3109/1317/195 3115/1346/195 3084/1292/195
f 3084/1295/210 3115/1346/210 3111/1319/210 3082/1294/210
f 3116/1379/197 3089/1363/197 3091/1302/197 3119/1321/197
f 3119/1321/211 3091/1298/211 3088/256/211 3117/1322/211
f 3095/1368/145 3123/1382/145 3109/1317/145 3081/1359/145
f 3083/1360/146 3090/1366/146 3104/1375/146 3096/1370/146
f 3111/1319/147 3117/1322/147 3088/256/147 3082/1294/147
f 3130/1385/148 3102/1372/148 3089/1363/148 3116/1379/148
f 3097/1308/149 3103/1312/149 3132/1332/149 3124/1327/149
f 3125/1384/150 3131/327/150 3118/1381/150 3110/1378/150
f 3137/1359/151 3140/1292/151 3141/1293/151 3143/293/151
f 3138/1333/152 3142/184/152 3141/185/152 3140/1295/152
f 3139/1387/153 3143/1361/153 3141/1362/153 3142/1335/153
f 3144/1336/208 3147/1298/208 3148/193/208 3150/1337/208
f 3145/1363/155 3149/1364/155 3148/1365/155 3147/1302/155
f 3146/1388/156 3150/1339/156 3148/1340/156 3149/1367/156
f 3151/1368/157 3154/1369/157 3155/205/157 3157/1307/157
f 3152/1389/158 3156/1358/158 3155/209/158 3154/1371/158
f 3153/1343/159 3157/1309/159 3155/209/159 3156/1358/159
f 3158/1372/160 3161/1311/160 3162/215/160 3164/1373/160
f 3159/217/161 3163/218/161 3162/1390/161 3161/1315/161
f 3160/1391/162 3164/1376/162 3162/1390/162 3163/218/162
f 3165/1317/163 3168/1377/163 3169/225/163 3171/1318/163
f 3166/1392/164 3170/1348/164 3169/225/164 3168/1377/164
f 3167/1349/165 3171/1318/165 3169/225/165 3170/1348/165
f 3172/1379/166 3175/1321/166 3176/329/166 3178/1380/166
f 3173/1350/167 3177/235/167 3176/329/167 3175/1321/167
f 3174/1393/168 3178/1380/168 3176/329/168 3177/235/168
f 3179/1382/169 3182/1325/169 3183/1352/169 3185/1383/169
f 3180/1353/170 3184/1354/170 3183/1352/170 3182/1325/170
f 3181/1394/171 3185/1383/171 3183/1352/171 3184/1354/171
f 3186/1385/172 3189/1395/172 3190/334/172 3192/1330/172
f 3187/1396/173 3191/249/173 3190/334/173 3189/1395/173
f 3188/1357/174 3192/1330/174 3190/334/174 3191/249/174
f 3151/1368/175 3137/1359/175 3143/293/175 3154/1369/175
f 3154/1371/176 3143/1361/176 3139/1387/176 3152/1389/176
f 3138/1333/209 3144/1336/209 3150/1337/209 3142/184/209
f 3142/1335/178 3150/1339/178 3146/1388/178 3139/1387/178
f 3145/1363/179 3158/1372/179 3164/1373/179 3149/1364/179
f 3149/1367/180 3164/1376/180 3160/1391/180 3146/1388/180
f 3159/217/181 3153/1343/181 3156/1358/181 3163/218/181
f 3163/218/182 3156/1358/182 3152/1389/182 3160/1391/182
f 3179/1382/183 3151/1368/183 3157/1307/183 3182/1325/183
f 3182/1325/184 3157/1309/184 3153/1343/184 3180/1353/184
f 3158/1372/185 3186/1385/185 3192/1330/185 3161/1311/185
f 3161/1315/202 3192/1330/202 3188/1357/202 3159/217/202
f 3187/1396/187 3181/1394/187 3184/1354/187 3191/249/187
f 3191/249/203 3184/1354/203 3180/1353/203 3188/1357/203
f 3165/1317/189 3179/1382/189 3185/1383/189 3168/1377/189
f 3168/1377/190 3185/1383/190 3181/1394/190 3166/1392/190
f 3186/1385/191 3172/1379/191 3178/1380/191 3189/1395/191
f 3189/1395/192 3178/1380/192 3174/1393/192 3187/1396/192
f 3173/1350/193 3167/1349/193 3170/1348/193 3177/235/193
f 3177/235/194 3170/1348/194 3166/1392/194 3174/1393/194
f 3137/1359/195 3165/1317/195 3171/1318/195 3140/1292/195
f 3140/1295/210 3171/1318/210 3167/1349/210 3138/1333/210
f 3172/1379/197 3145/1363/197 3147/1302/197 3175/1321/197
f 3175/1321/211 3147/1298/211 3144/1336/211 3173/1350/211
f 3151/1368/145 3179/1382/145 3165/1317/145 3137/1359/145
f 3139/1387/146 3146/1388/146 3160/1391/146 3152/1389/146
f 3167/1349/147 3173/1350/147 3144/1336/147 3138/1333/147
f 3186/1385/148 3158/1372/148 3145/1363/148 3172/1379/148
f 3153/1343/149 3159/217/149 3188/1357/149 3180/1353/149
f 3181/1394/150 3187/1396/150 3174/1393/150 3166/1392/150
f 3193/1359/151 3196/1292/151 3197/1293/151 3199/293/151
f 3194/1333/152 3198/184/152 3197/185/152 3196/1295/152
f 3195/1387/153 3199/1361/153 3197/1362/153 3198/1335/153
f 3200/1336/208 3203/1298/208 3204/193/208 3206/1337/208
f 3201/1363/155 3205/1364/155 3204/1365/155 3203/1302/155
f 3202/1388/156 3206/1339/156 3204/1340/156 3205/1367/156
f 3207/1368/157 3210/1369/157 3211/205/157 3213/1307/157
f 3208/1389/158 3212/1342/158 3211/209/158 3210/1371/158
f 3209/1343/159 3213/1309/159 3211/209/159 3212/1342/159
f 3214/1372/160 3217/1311/160 3218/215/160 3220/1373/160
f 3215/217/161 3219/218/161 3218/1390/161 3217/1315/161
f 3216/1391/162 3220/1376/162 3218/1390/162 3219/218/162
f 3221/1317/163 3224/1377/163 3225/225/163 3227/1346/163
f 3222/1392/164 3226/1348/164 3225/225/164 3224/1377/164
f 3223/1349/165 3227/1346/165 3225/225/165 3226/1348/165
f 3228/1379/166 3231/1321/166 3232/329/166 3234/1380/166
f 3229/1350/167 3233/235/167 3232/329/167 3231/1321/167
f 3230/1393/168 3234/1380/168 3232/329/168 3233/235/168
f 3235/1382/169 3238/1325/169 3239/1352/169 3241/1383/169
f 3236/1353/170 3240/1354/170 3239/1352/170 3238/1325/170
f 3237/1394/171 3241/1383/171 3239/1352/171 3240/1354/171
f 3242/1385/172 3245/1386/172 3246/334/172 3248/1330/172
f 3243/1396/173 3247/249/173 3246/334/173 3245/1386/173
f 3244/1357/174 3248/1330/174 3246/334/174 3247/249/174
f 3207/1368/175 3193/1359/175 3199/293/175 3210/1369/175
f 3210/1371/176 3199/1361/176 3195/1387/176 3208/1389/176
f 3194/1333/209 3200/1336/209 3206/1337/209 3198/184/209
f 3198/1335/178 3206/1339/178 3202/1388/178 3195/1387/178
f 3201/1363/179 3214/1372/179 3220/1373/179 3205/1364/179
f 3205/1367/180 3220/1376/180 3216/1391/180 3202/1388/180
f 3215/217/181 3209/1343/181 3212/1342/181 3219/218/181
f 3219/218/182 3212/1342/182 3208/1389/182 3216/1391/182
f 3235/1382/183 3207/1368/183 3213/1307/183 3238/1325/183
f 3238/1325/184 3213/1309/184 3209/1343/184 3236/1353/184
f 3214/1372/185 3242/1385/185 3248/1330/185 3217/1311/185
f 3217/1315/202 3248/1330/202 3244/1357/202 3215/217/202
f 3243/1396/187 3237/1394/187 3240/1354/187 3247/249/187
f 3247/249/203 3240/1354/203 3236/1353/203 3244/1357/203
f 3221/1317/189 3235/1382/189 3241/1383/189 3224/1377/189
f 3224/1377/190 3241/1383/190 3237/1394/190 3222/1392/190
f 3242/1385/191 3228/1379/191 3234/1380/191 3245/1386/191
f 3245/1386/192 3234/1380/192 3230/1393/192 3243/1396/192
f 3229/1350/193 3223/1349/193 3226/1348/193 3233/235/193
f 3233/235/194 3226/1348/194 3222/1392/194 3230/1393/194
f 3193/1359/195 3221/1317/195 3227/1346/195 3196/1292/195
f 3196/1295/210 3227/1346/210 3223/1349/210 3194/1333/210
f 3228/1379/197 3201/1363/197 3203/1302/197 3231/1321/197
f 3231/1321/211 3203/1298/211 3200/1336/211 3229/1350/211
f 3207/1368/145 3235/1382/145 3221/1317/145 3193/1359/145
f 3195/1387/146 3202/1388/146 3216/1391/146 3208/1389/146
f 3223/1349/147 3229/1350/147 3200/1336/147 3194/1333/147
f 3242/1385/148 3214/1372/148 3201/1363/148 3228/1379/148
f 3209/1343/149 3215/217/149 3244/1357/149 3236/1353/149
f 3237/1394/150 3243/1396/150 3230/1393/150 3222/1392/150
f 3249/1397/151 3252/1292/151 3253/1293/151 3255/293/151
f 3250/1294/215 3254/252/215 3253/253/215 3252/1295/215
f 3251/1398/153 3255/1399/153 3253/1362/153 3254/255/153
f 3256/256/154 3259/1298/154 3260/193/154 3262/1299/154
f 3257/1400/155 3261/1300/155 3260/1365/155 3259/1302/155
f 3258/1401/156 3262/1303/156 3260/1304/156 3261/1402/156
f 3263/1403/157 3266/330/157 3267/331/157 3269/1307/157
f 3264/1404/158 3268/262/158 3267/263/158 3266/1405/158
f 3265/1308/159 3269/1309/159 3267/263/159 3268/262/159
f 3270/1406/160 3273/1311/160 3274/215/160 3276/1407/160
f 3271/1312/161 3275/1313/161 3274/1408/161 3273/1315/161
f 3272/1409/162 3276/1410/162 3274/1408/162 3275/1313/162
f 3277/1411/163 3280/1412/163 3281/288/163 3283/1346/163
f 3278/1413/164 3282/270/164 3281/288/164 3280/1412/164
f 3279/1319/165 3283/1346/165 3281/288/165 3282/270/165
f 3284/1379/166 3287/1321/166 3288/314/166 3290/1414/166
f 3285/1322/167 3289/1323/167 3288/314/167 3287/1321/167
f 3286/1415/168 3290/1414/168 3288/314/168 3289/1323/168
f 3291/1416/169 3294/1325/169 3295/1417/169 3297/318/169
f 3292/1327/170 3296/278/170 3295/1417/170 3294/1325/170
f 3293/1418/171 3297/318/171 3295/1417/171 3296/278/171
f 3298/1419/172 3301/245/172 3302/1420/172 3304/1330/172
f 3299/1421/173 3303/1331/173 3302/1420/173 3301/245/173
f 3300/1332/174 3304/1330/174 3302/1420/174 3303/1331/174
f 3263/1403/175 3249/1397/175 3255/293/175 3266/330/175
f 3266/1405/176 3255/1399/176 3251/1398/176 3264/1404/176
f 3250/1294/209 3256/256/209 3262/1299/209 3254/252/209
f 3254/255/178 3262/1303/178 3258/1401/178 3251/1398/178
f 3257/1400/179 3270/1406/179 3276/1407/179 3261/1300/179
f 3261/1402/180 3276/1410/180 3272/1409/180 3258/1401/180
f 3271/1312/181 3265/1308/181 3268/262/181 3275/1313/181
f 3275/1313/182 3268/262/182 3264/1404/182 3272/1409/182
f 3291/1416/183 3263/1403/183 3269/1307/183 3294/1325/183
f 3294/1325/184 3269/1309/184 3265/1308/184 3292/1327/184
f 3270/1406/185 3298/1419/185 3304/1330/185 3273/1311/185
f 3273/1315/202 3304/1330/202 3300/1332/202 3271/1312/202
f 3299/1421/187 3293/1418/187 3296/278/187 3303/1331/187
f 3303/1331/203 3296/278/203 3292/1327/203 3300/1332/203
f 3277/1411/189 3291/1416/189 3297/318/189 3280/1412/189
f 3280/1412/190 3297/318/190 3293/1418/190 3278/1413/190
f 3298/1419/191 3284/1379/191 3290/1414/191 3301/245/191
f 3301/245/192 3290/1414/192 3286/1415/192 3299/1421/192
f 3285/1322/193 3279/1319/193 3282/270/193 3289/1323/193
f 3289/1323/205 3282/270/205 3278/1413/205 3286/1415/205
f 3249/1397/195 3277/1411/195 3283/1346/195 3252/1292/195
f 3252/1295/196 3283/1346/196 3279/1319/196 3250/1294/196
f 3284/1379/197 3257/1400/197 3259/1302/197 3287/1321/197
f 3287/1321/198 3259/1298/198 3256/256/198 3285/1322/198
f 3263/1403/145 3291/1416/145 3277/1411/145 3249/1397/145
f 3251/1398/146 3258/1401/146 3272/1409/146 3264/1404/146
f 3279/1319/147 3285/1322/147 3256/256/147 3250/1294/147
f 3298/1419/148 3270/1406/148 3257/1400/148 3284/1379/148
f 3265/1308/149 3271/1312/149 3300/1332/149 3292/1327/149
f 3293/1418/150 3299/1421/150 3286/1415/150 3278/1413/150
f 3305/1397/151 3308/1292/151 3309/1293/151 3311/293/151
f 3306/1333/215 3310/184/215 3309/185/215 3308/1295/215
f 3307/1422/153 3311/1399/153 3309/1362/153 3310/1335/153
f 3312/1336/208 3315/1298/208 3316/193/208 3318/1337/208
f 3313/1400/155 3317/1300/155 3316/1365/155 3315/1302/155
f 3314/1423/156 3318/1339/156 3316/1340/156 3317/1402/156
f 3319/1403/157 3322/330/157 3323/331/157 3325/1307/157
f 3320/1424/158 3324/1358/158 3323/209/158 3322/1405/158
f 3321/1343/159 3325/1309/159 3323/209/159 3324/1358/159
f 3326/1406/160 3329/1311/160 3330/215/160 3332/1407/160
f 3327/217/161 3331/218/161 3330/1425/161 3329/1315/161
f 3328/1426/162 3332/1410/162 3330/1425/162 3331/218/162
f 3333/1411/163 3336/1412/163 3337/225/163 3339/1318/163
f 3334/1392/164 3338/1348/164 3337/225/164 3336/1412/164
f 3335/1349/165 3339/1318/165 3337/225/165 3338/1348/165
f 3340/1379/166 3343/1321/166 3344/329/166 3346/1414/166
f 3341/1350/167 3345/235/167 3344/329/167 3343/1321/167
f 3342/1427/168 3346/1414/168 3344/329/168 3345/235/168
f 3347/1416/169 3350/1325/169 3351/1428/169 3353/318/169
f 3348/1353/170 3352/1354/170 3351/1428/170 3350/1325/170
f 3349/243/171 3353/318/171 3351/1428/171 3352/1354/171
f 3354/1419/172 3357/245/172 3358/1429/172 3360/1330/172
f 3355/1356/173 3359/249/173 3358/1429/173 3357/245/173
f 3356/1357/174 3360/1330/174 3358/1429/174 3359/249/174
f 3319/1403/175 3305/1397/175 3311/293/175 3322/330/175
f 3322/1405/176 3311/1399/176 3307/1422/176 3320/1424/176
f 3306/1333/209 3312/1336/209 3318/1337/209 3310/184/209
f 3310/1335/178 3318/1339/178 3314/1423/178 3307/1422/178
f 3313/1400/179 3326/1406/179 3332/1407/179 3317/1300/179
f 3317/1402/180 3332/1410/180 3328/1426/180 3314/1423/180
f 3327/217/181 3321/1343/181 3324/1358/181 3331/218/181
f 3331/218/182 3324/1358/182 3320/1424/182 3328/1426/182
f 3347/1416/183 3319/1403/183 3325/1307/183 3350/1325/183
f 3350/1325/184 3325/1309/184 3321/1343/184 3348/1353/184
f 3326/1406/185 3354/1419/185 3360/1330/185 3329/1311/185
f 3329/1315/202 3360/1330/202 3356/1357/202 3327/217/202
f 3355/1356/187 3349/243/187 3352/1354/187 3359/249/187
f 3359/249/203 3352/1354/203 3348/1353/203 3356/1357/203
f 3333/1411/189 3347/1416/189 3353/318/189 3336/1412/189
f 3336/1412/190 3353/318/190 3349/243/190 3334/1392/190
f 3354/1419/191 3340/1379/191 3346/1414/191 3357/245/191
f 3357/245/192 3346/1414/192 3342/1427/192 3355/1356/192
f 3341/1350/193 3335/1349/193 3338/1348/193 3345/235/193
f 3345/235/194 3338/1348/194 3334/1392/194 3342/1427/194
f 3305/1397/195 3333/1411/195 3339/1318/195 3308/1292/195
f 3308/1295/210 3339/1318/210 3335/1349/210 3306/1333/210
f 3340/1379/197 3313/1400/197 3315/1302/197 3343/1321/197
f 3343/1321/211 3315/1298/211 3312/1336/211 3341/1350/211
f 3319/1403/145 3347/1416/145 3333/1411/145 3305/1397/145
f 3307/1422/146 3314/1423/146 3328/1426/146 3320/1424/146
f 3335/1349/147 3341/1350/147 3312/1336/147 3306/1333/147
f 3354/1419/148 3326/1406/148 3313/1400/148 3340/1379/148
f 3321/1343/149 3327/217/149 3356/1357/149 3348/1353/149
f 3349/243/150 3355/1356/150 3342/1427/150 3334/1392/150
f 3361/1397/151 3364/1292/151 3365/1293/151 3367/293/151
f 3362/1333/152 3366/184/152 3365/185/152 3364/1295/152
f 3363/1422/153 3367/1399/153 3365/1362/153 3366/1335/153
f 3368/1336/208 3371/1298/208 3372/193/208 3374/1337/208
f 3369/1400/155 3373/1300/155 3372/1365/155 3371/1302/155
f 3370/1423/156 3374/1339/156 3372/1340/156 3373/1402/156
f 3375/1403/157 3378/330/157 3379/331/157 3381/1307/157
f 3376/1424/158 3380/1342/158 3379/209/158 3378/1405/158
f 3377/1343/159 3381/1309/159 3379/209/159 3380/1342/159
f 3382/1406/160 3385/1311/160 3386/215/160 3388/1407/160
f 3383/217/161 3387/218/161 3386/1425/161 3385/1315/161
f 3384/1426/162 3388/1410/162 3386/1425/162 3387/218/162
f 3389/1411/163 3392/1412/163 3393/225/163 3395/1346/163
f 3390/1392/164 3394/1348/164 3393/225/164 3392/1412/164
f 3391/1349/165 3395/1346/165 3393/225/165 3394/1348/165
f 3396/1379/166 3399/1321/166 3400/329/166 3402/1414/166
f 3397/1350/167 3401/235/167 3400/329/167 3399/1321/167
f 3398/1427/168 3402/1414/168 3400/329/168 3401/235/168
f 3403/1416/169 3406/1325/169 3407/1428/169 3409/318/169
f 3404/1353/170 3408/1354/170 3407/1428/170 3406/1325/170
f 3405/243/171 3409/318/171 3407/1428/171 3408/1354/171
f 3410/1419/172 3413/245/172 3414/1429/172 3416/1330/172
f 3411/1356/173 3415/249/173 3414/1429/173 3413/245/173
f 3412/1357/174 3416/1330/174 3414/1429/174 3415/249/174
f 3375/1403/175 3361/1397/175 3367/293/175 3378/330/175
f 3378/1405/176 3367/1399/176 3363/1422/176 3376/1424/176
f 3362/1333/209 3368/1336/209 3374/1337/209 3366/184/209
f 3366/1335/178 3374/1339/178 3370/1423/178 3363/1422/178
f 3369/1400/179 3382/1406/179 3388/1407/179 3373/1300/179
f 3373/1402/180 3388/1410/180 3384/1426/180 3370/1423/180
f 3383/217/181 3377/1343/181 3380/1342/181 3387/218/181
f 3387/218/182 3380/1342/182 3376/1424/182 3384/1426/182
f 3403/1416/183 3375/1403/183 3381/1307/183 3406/1325/183
f 3406/1325/184 3381/1309/184 3377/1343/184 3404/1353/184
f 3382/1406/185 3410/1419/185 3416/1330/185 3385/1311/185
f 3385/1315/202 3416/1330/202 3412/1357/202 3383/217/202
f 3411/1356/187 3405/243/187 3408/1354/187 3415/249/187
f 3415/249/203 3408/1354/203 3404/1353/203 3412/1357/203
f 3389/1411/189 3403/1416/189 3409/318/189 3392/1412/189
f 3392/1412/190 3409/318/190 3405/243/190 3390/1392/190
f 3410/1419/191 3396/1379/191 3402/1414/191 3413/245/191
f 3413/245/192 3402/1414/192 3398/1427/192 3411/1356/192
f 3397/1350/193 3391/1349/193 3394/1348/193 3401/235/193
f 3401/235/194 3394/1348/194 3390/1392/194 3398/1427/194
f 3361/1397/195 3389/1411/195 3395/1346/195 3364/1292/195
f 3364/1295/210 3395/1346/210 3391/1349/210 3362/1333/210
f 3396/1379/197 3369/1400/197 3371/1302/197 3399/1321/197
f 3399/1321/211 3371/1298/211 3368/1336/211 3397/1350/211
f 3375/1403/145 3403/1416/145 3389/1411/145 3361/1397/145
f 3363/1422/146 3370/1423/146 3384/1426/146 3376/1424/146
f 3391/1349/147 3397/1350/147 3368/1336/147 3362/1333/147
f 3410/1419/148 3382/1406/148 3369/1400/148 3396/1379/148
f 3377/1343/149 3383/217/149 3412/1357/149 3404/1353/149
f 3405/243/150 3411/1356/150 3398/1427/150 3390/1392/150
f 3417/1430/151 3420/1431/151 3421/1432/151 3423/293/151
f 3418/1433/152 3422/252/152 3421/253/152 3420/1434/152
f 3419/254/153 3423/1296/153 3421/1297/153 3422/255/153
f 3424/1435/208 3427/1436/208 3428/1437/208 3430/1299/208
f 3425/1438/155 3429/1300/155 3428/1301/155 3427/1439/155
f 3426/258/156 3430/1303/156 3428/1304/156 3429/1305/156
f 3431/1440/157 3434/204/157 3435/205/157 3437/1441/157
f 3432/261/158 3436/262/158 3435/1442/158 3434/210/158
f 3433/1443/159 3437/1444/159 3435/1442/159 3436/262/159
f 3438/1445/160 3441/1446/160 3442/1447/160 3444/306/160
f 3439/1448/161 3443/1313/161 3442/1314/161 3441/1449/161
f 3440/267/162 3444/1316/162 3442/1314/162 3443/1313/162
f 3445/1450/163 3448/311/163 3449/268/163 3451/226/163
f 3446/269/164 3450/270/164 3449/268/164 3448/311/164
f 3447/1451/165 3451/226/165 3449/268/165 3450/270/165
f 3452/1452/166 3455/231/166 3456/314/166 3458/315/166
f 3453/1453/167 3457/1323/167 3456/314/167 3455/231/167
f 3454/275/168 3458/315/168 3456/314/168 3457/1323/168
f 3459/1454/169 3462/1455/169 3463/317/169 3465/318/169
f 3460/1456/170 3464/278/170 3463/317/170 3462/1455/170
f 3461/279/171 3465/318/171 3463/317/171 3464/278/171
f 3466/244/172 3469/245/172 3470/1457/172 3472/1458/172
f 3467/280/173 3471/1331/173 3470/1457/173 3469/245/173
f 3468/1459/174 3472/1458/174 3470/1457/174 3471/1331/174
f 3431/1440/175 3417/1430/175 3423/293/175 3434/204/175
f 3434/210/176 3423/1296/176 3419/254/176 3432/261/176
f 3418/1433/209 3424/1435/209 3430/1299/209 3422/252/209
f 3422/255/178 3430/1303/178 3426/258/178 3419/254/178
f 3425/1438/179 3438/1445/179 3444/306/179 3429/1300/179
f 3429/1305/180 3444/1316/180 3440/267/180 3426/258/180
f 3439/1448/181 3433/1443/181 3436/262/181 3443/1313/181
f 3443/1313/182 3436/262/182 3432/261/182 3440/267/182
f 3459/1454/183 3431/1440/183 3437/1441/183 3462/1455/183
f 3462/1455/184 3437/1444/184 3433/1443/184 3460/1456/184
f 3438/1445/185 3466/244/185 3472/1458/185 3441/1446/185
f 3441/1449/202 3472/1458/202 3468/1459/202 3439/1448/202
f 3467/280/187 3461/279/187 3464/278/187 3471/1331/187
f 3471/1331/203 3464/278/203 3460/1456/203 3468/1459/203
f 3445/1450/189 3459/1454/189 3465/318/189 3448/311/189
f 3448/311/190 3465/318/190 3461/279/190 3446/269/190
f 3466/244/191 3452/1452/191 3458/315/191 3469/245/191
f 3469/245/192 3458/315/192 3454/275/192 3467/280/192
f 3453/1453/193 3447/1451/193 3450/270/193 3457/1323/193
f 3457/1323/205 3450/270/205 3446/269/205 3454/275/205
f 3417/1430/195 3445/1450/195 3451/226/195 3420/1431/195
f 3420/1434/210 3451/226/210 3447/1451/210 3418/1433/210
f 3452/1452/197 3425/1438/197 3427/1439/197 3455/231/197
f 3455/231/211 3427/1436/211 3424/1435/211 3453/1453/211
f 3431/1440/145 3459/1454/145 3445/1450/145 3417/1430/145
f 3419/254/146 3426/258/146 3440/267/146 3432/261/146
f 3447/1451/147 3453/1453/147 3424/1435/147 3418/1433/147
f 3466/244/148 3438/1445/148 3425/1438/148 3452/1452/148
f 3433/1443/149 3439/1448/149 3468/1459/149 3460/1456/149
f 3461/279/150 3467/280/150 3454/275/150 3446/269/150
f 3473/1430/151 3476/1431/151 3477/1432/151 3479/293/151
f 3474/1460/152 3478/184/152 3477/185/152 3476/1434/152
f 3475/1334/153 3479/1296/153 3477/1297/153 3478/1335/153
f 3480/1461/208 3483/1436/208 3484/1437/208 3486/1337/208
f 3481/1438/155 3485/1300/155 3484/1301/155 3483/1439/155
f 3482/1338/156 3486/1339/156 3484/1340/156 3485/1305/156
f 3487/1440/157 3490/204/157 3491/205/157 3493/1441/157
f 3488/1341/158 3492/1358/158 3491/1462/158 3490/210/158
f 3489/1463/159 3493/1444/159 3491/1462/159 3492/1358/159
f 3494/1445/160 3497/1446/160 3498/1447/160 3500/306/160
f 3495/1464/161 3499/218/161 3498/1344/161 3497/1449/161
f 3496/1345/162 3500/1316/162 3498/1344/162 3499/218/162
f 3501/1450/163 3504/311/163 3505/312/163 3507/226/163
f 3502/1347/164 3506/1348/164 3505/312/164 3504/311/164
f 3503/1465/165 3507/226/165 3505/312/165 3506/1348/165
f 3508/1452/166 3511/231/166 3512/329/166 3514/315/166
f 3509/234/167 3513/235/167 3512/329/167 3511/231/167
f 3510/1351/168 3514/315/168 3512/329/168 3513/235/168
f 3515/1454/169 3518/1455/169 3519/1326/169 3521/318/169
f 3516/1466/170 3520/1354/170 3519/1326/170 3518/1455/170
f 3517/1355/171 3521/318/171 3519/1326/171 3520/1354/171
f 3522/244/172 3525/245/172 3526/246/172 3528/247/172
f 3523/1356/173 3527/249/173 3526/246/173 3525/245/173
f 3524/1467/174 3528/247/174 3526/246/174 3527/249/174
f 3487/1440/175 3473/1430/175 3479/293/175 3490/204/175
f 3490/210/176 3479/1296/176 3475/1334/176 3488/1341/176
f 3474/1460/209 3480/1461/209 3486/1337/209 3478/184/209
f 3478/1335/178 3486/1339/178 3482/1338/178 3475/1334/178
f 3481/1438/179 3494/1445/179 3500/306/179 3485/1300/179
f 3485/1305/180 3500/1316/180 3496/1345/180 3482/1338/180
f 3495/1464/181 3489/1463/181 3492/1358/181 3499/218/181
f 3499/218/200 3492/1358/200 3488/1341/200 3496/1345/200
f 3515/1454/183 3487/1440/183 3493/1441/183 3518/1455/183
f 3518/1455/184 3493/1444/184 3489/1463/184 3516/1466/184
f 3494/1445/185 3522/244/185 3528/247/185 3497/1446/185
f 3497/1449/202 3528/247/202 3524/1467/202 3495/1464/202
f 3523/1356/187 3517/1355/187 3520/1354/187 3527/249/187
f 3527/249/203 3520/1354/203 3516/1466/203 3524/1467/203
f 3501/1450/189 3515/1454/189 3521/318/189 3504/311/189
f 3504/311/190 3521/318/190 3517/1355/190 3502/1347/190
f 3522/244/191 3508/1452/191 3514/315/191 3525/245/191
f 3525/245/192 3514/315/192 3510/1351/192 3523/1356/192
f 3509/234/193 3503/1465/193 3506/1348/193 3513/235/193
f 3513/235/205 3506/1348/205 3502/1347/205 3510/1351/205
f 3473/1430/195 3501/1450/195 3507/226/195 3476/1431/195
f 3476/1434/210 3507/226/210 3503/1465/210 3474/1460/210
f 3508/1452/197 3481/1438/197 3483/1439/197 3511/231/197
f 3511/231/211 3483/1436/211 3480/1461/211 3509/234/211
f 3487/1440/145 3515/1454/145 3501/1450/145 3473/1430/145
f 3475/1334/146 3482/1338/146 3496/1345/146 3488/1341/146
f 3503/1465/147 3509/234/147 3480/1461/147 3474/1460/147
f 3522/244/148 3494/1445/148 3481/1438/148 3508/1452/148
f 3489/1463/149 3495/1464/149 3524/1467/149 3516/1466/149
f 3517/1355/150 3523/1356/150 3510/1351/150 3502/1347/150
f 3529/1430/151 3532/1431/151 3533/1432/151 3535/293/151
f 3530/1460/152 3534/184/152 3533/185/152 3532/1434/152
f 3531/1334/153 3535/1296/153 3533/1297/153 3534/1335/153
f 3536/1461/208 3539/1436/208 3540/1437/208 3542/1337/208
f 3537/1438/155 3541/1300/155 3540/1301/155 3539/1439/155
f 3538/1338/156 3542/1339/156 3540/1340/156 3541/1305/156
f 3543/1440/157 3546/204/157 3547/205/157 3549/1441/157
f 3544/1341/158 3548/1342/158 3547/1462/158 3546/210/158
f 3545/1463/159 3549/1444/159 3547/1462/159 3548/1342/159
f 3550/1445/160 3553/1446/160 3554/1447/160 3556/306/160
f 3551/1464/161 3555/218/161 3554/1344/161 3553/1449/161
f 3552/1345/162 3556/1316/162 3554/1344/162 3555/218/162
f 3557/1450/163 3560/311/163 3561/312/163 3563/226/163
f 3558/1347/164 3562/1348/164 3561/312/164 3560/311/164
f 3559/1465/165 3563/226/165 3561/312/165 3562/1348/165
f 3564/1452/166 3567/231/166 3568/336/166 3570/315/166
f 3565/234/167 3569/235/167 3568/336/167 3567/231/167
f 3566/1351/168 3570/315/168 3568/336/168 3569/235/168
f 3571/1454/169 3574/1468/169 3575/1326/169 3577/318/169
f 3572/1466/170 3576/1354/170 3575/1326/170 3574/1468/170
f 3573/1355/171 3577/318/171 3575/1326/171 3576/1354/171
f 3578/244/172 3581/245/172 3582/246/172 3584/247/172
f 3579/1356/173 3583/249/173 3582/246/173 3581/245/173
f 3580/1467/174 3584/247/174 3582/246/174 3583/249/174
f 3543/1440/175 3529/1430/175 3535/293/175 3546/204/175
f 3546/210/176 3535/1296/176 3531/1334/176 3544/1341/176
f 3530/1460/209 3536/1461/209 3542/1337/209 3534/184/209
f 3534/1335/178 3542/1339/178 3538/1338/178 3531/1334/178
f 3537/1438/179 3550/1445/179 3556/306/179 3541/1300/179
f 3541/1305/180 3556/1316/180 3552/1345/180 3538/1338/180
f 3551/1464/181 3545/1463/181 3548/1342/181 3555/218/181
f 3555/218/200 3548/1342/200 3544/1341/200 3552/1345/200
f 3571/1454/183 3543/1440/183 3549/1441/183 3574/1468/183
f 3574/1468/184 3549/1444/184 3545/1463/184 3572/1466/184
f 3550/1445/185 3578/244/185 3584/247/185 3553/1446/185
f 3553/1449/202 3584/247/202 3580/1467/202 3551/1464/202
f 3579/1356/187 3573/1355/187 3576/1354/187 3583/249/187
f 3583/249/203 3576/1354/203 3572/1466/203 3580/1467/203
f 3557/1450/189 3571/1454/189 3577/318/189 3560/311/189
f 3560/311/190 3577/318/190 3573/1355/190 3558/1347/190
f 3578/244/191 3564/1452/191 3570/315/191 3581/245/191
f 3581/245/192 3570/315/192 3566/1351/192 3579/1356/192
f 3565/234/193 3559/1465/193 3562/1348/193 3569/235/193
f 3569/235/205 3562/1348/205 3558/1347/205 3566/1351/205
f 3529/1430/195 3557/1450/195 3563/226/195 3532/1431/195
f 3532/1434/210 3563/226/210 3559/1465/210 3530/1460/210
f 3564/1452/197 3537/1438/197 3539/1439/197 3567/231/197
f 3567/231/211 3539/1436/211 3536/1461/211 3565/234/211
f 3543/1440/145 3571/1454/145 3557/1450/145 3529/1430/145
f 3531/1334/146 3538/1338/146 3552/1345/146 3544/1341/146
f 3559/1465/147 3565/234/147 3536/1461/147 3530/1460/147
f 3578/244/148 3550/1445/148 3537/1438/148 3564/1452/148
f 3545/1463/149 3551/1464/149 3580/1467/149 3572/1466/149
f 3573/1355/150 3579/1356/150 3566/1351/150 3558/1347/150
f 3585/1469/151 3588/1431/151 3589/1432/151 3591/293/151
f 3586/1433/152 3590/252/152 3589/253/152 3588/1434/152
f 3587/1360/153 3591/1361/153 3589/1362/153 3590/255/153
f 3592/1435/208 3595/1436/208 3596/1437/208 3598/1299/208
f 3593/1438/155 3597/1364/155 3596/1365/155 3595/1439/155
f 3594/1366/156 3598/1303/156 3596/1304/156 3597/1367/156
f 3599/1440/157 3602/1369/157 3603/205/157 3605/1441/157
f 3600/1370/158 3604/262/158 3603/1442/158 3602/1371/158
f 3601/1443/159 3605/1444/159 3603/1442/159 3604/262/159
f 3606/1470/160 3609/1446/160 3610/1447/160 3612/1373/160
f 3607/1448/161 3611/1313/161 3610/1374/161 3609/1449/161
f 3608/1375/162 3612/1376/162 3610/1374/162 3611/1313/162
f 3613/1471/163 3616/1377/163 3617/268/163 3619/226/163
f 3614/1378/164 3618/270/164 3617/268/164 3616/1377/164
f 3615/1451/165 3619/226/165 3617/268/165 3618/270/165
f 3620/1472/166 3623/231/166 3624/314/166 3626/1380/166
f 3621/1453/167 3625/1323/167 3624/314/167 3623/231/167
f 3622/1381/168 3626/1380/168 3624/314/168 3625/1323/168
f 3627/1473/169 3630/1455/169 3631/317/169 3633/1383/169
f 3628/1456/170 3632/278/170 3631/317/170 3630/1455/170
f 3629/1384/171 3633/1383/171 3631/317/171 3632/278/171
f 3634/1474/172 3637/1395/172 3638/1457/172 3640/247/172
f 3635/327/173 3639/1331/173 3638/1457/173 3637/1395/173
f 3636/1459/174 3640/247/174 3638/1457/174 3639/1331/174
f 3599/1440/175 3585/1469/175 3591/293/175 3602/1369/175
f 3602/1371/176 3591/1361/176 3587/1360/176 3600/1370/176
f 3586/1433/209 3592/1435/209 3598/1299/209 3590/252/209
f 3590/255/178 3598/1303/178 3594/1366/178 3587/1360/178
f 3593/1438/179 3606/1470/179 3612/1373/179 3597/1364/179
f 3597/1367/180 3612/1376/180 3608/1375/180 3594/1366/180
f 3607/1448/181 3601/1443/181 3604/262/181 3611/1313/181
f 3611/1313/182 3604/262/182 3600/1370/182 3608/1375/182
f 3627/1473/183 3599/1440/183 3605/1441/183 3630/1455/183
f 3630/1455/184 3605/1444/184 3601/1443/184 3628/1456/184
f 3606/1470/185 3634/1474/185 3640/247/185 3609/1446/185
f 3609/1449/202 3640/247/202 3636/1459/202 3607/1448/202
f 3635/327/187 3629/1384/187 3632/278/187 3639/1331/187
f 3639/1331/203 3632/278/203 3628/1456/203 3636/1459/203
f 3613/1471/189 3627/1473/189 3633/1383/189 3616/1377/189
f 3616/1377/190 3633/1383/190 3629/1384/190 3614/1378/190
f 3634/1474/191 3620/1472/191 3626/1380/191 3637/1395/191
f 3637/1395/192 3626/1380/192 3622/1381/192 3635/327/192
f 3621/1453/193 3615/1451/193 3618/270/193 3625/1323/193
f 3625/1323/205 3618/270/205 3614/1378/205 3622/1381/205
f 3585/1469/195 3613/1471/195 3619/226/195 3588/1431/195
f 3588/1434/210 3619/226/210 3615/1451/210 3586/1433/210
f 3620/1472/197 3593/1438/197 3595/1439/197 3623/231/197
f 3623/231/211 3595/1436/211 3592/1435/211 3621/1453/211
f 3599/1440/145 3627/1473/145 3613/1471/145 3585/1469/145
f 3587/1360/146 3594/1366/146 3608/1375/146 3600/1370/146
f 3615/1451/147 3621/1453/147 3592/1435/147 3586/1433/147
f 3634/1474/148 3606/1470/148 3593/1438/148 3620/1472/148
f 3601/1443/149 3607/1448/149 3636/1459/149 3628/1456/149
f 3629/1384/150 3635/327/150 3622/1381/150 3614/1378/150
f 3641/1469/151 3644/1431/151 3645/1432/151 3647/293/151
f 3642/1460/152 3646/184/152 3645/185/152 3644/1434/152
f 3643/1387/153 3647/1361/153 3645/1362/153 3646/1335/153
f 3648/1461/208 3651/1436/208 3652/1437/208 3654/1337/208
f 3649/1438/155 3653/1364/155 3652/1365/155 3651/1439/155
f 3650/1388/156 3654/1339/156 3652/1340/156 3653/1367/156
f 3655/1440/157 3658/1369/157 3659/205/157 3661/1441/157
f 3656/1389/158 3660/1342/158 3659/1462/158 3658/1371/158
f 3657/1463/159 3661/1444/159 3659/1462/159 3660/1342/159
f 3662/1470/160 3665/1446/160 3666/1447/160 3668/1373/160
f 3663/1464/161 3667/218/161 3666/1390/161 3665/1449/161
f 3664/1391/162 3668/1376/162 3666/1390/162 3667/218/162
f 3669/1471/163 3672/1377/163 3673/312/163 3675/226/163
f 3670/1392/164 3674/1348/164 3673/312/164 3672/1377/164
f 3671/1465/165 3675/226/165 3673/312/165 3674/1348/165
f 3676/1472/166 3679/231/166 3680/336/166 3682/1380/166
f 3677/234/167 3681/235/167 3680/336/167 3679/231/167
f 3678/1393/168 3682/1380/168 3680/336/168 3681/235/168
f 3683/1473/169 3686/1468/169 3687/1326/169 3689/1383/169
f 3684/1466/170 3688/1354/170 3687/1326/170 3686/1468/170
f 3685/1394/171 3689/1383/171 3687/1326/171 3688/1354/171
f 3690/1474/172 3693/1386/172 3694/246/172 3696/247/172
f 3691/1396/173 3695/249/173 3694/246/173 3693/1386/173
f 3692/1467/174 3696/247/174 3694/246/174 3695/249/174
f 3655/1440/175 3641/1469/175 3647/293/175 3658/1369/175
f 3658/1371/176 3647/1361/176 3643/1387/176 3656/1389/176
f 3642/1460/209 3648/1461/209 3654/1337/209 3646/184/209
f 3646/1335/178 3654/1339/178 3650/1388/178 3643/1387/178
f 3649/1438/179 3662/1470/179 3668/1373/179 3653/1364/179
f 3653/1367/180 3668/1376/180 3664/1391/180 3650/1388/180
f 3663/1464/181 3657/1463/181 3660/1342/181 3667/218/181
f 3667/218/200 3660/1342/200 3656/1389/200 3664/1391/200
f 3683/1473/183 3655/1440/183 3661/1441/183 3686/1468/183
f 3686/1468/184 3661/1444/184 3657/1463/184 3684/1466/184
f 3662/1470/185 3690/1474/185 3696/247/185 3665/1446/185
f 3665/1449/202 3696/247/202 3692/1467/202 3663/1464/202
f 3691/1396/187 3685/1394/187 3688/1354/187 3695/249/187
f 3695/249/203 3688/1354/203 3684/1466/203 3692/1467/203
f 3669/1471/189 3683/1473/189 3689/1383/189 3672/1377/189
f 3672/1377/190 3689/1383/190 3685/1394/190 3670/1392/190
f 3690/1474/191 3676/1472/191 3682/1380/191 3693/1386/191
f 3693/1386/192 3682/1380/192 3678/1393/192 3691/1396/192
f 3677/234/193 3671/1465/193 3674/1348/193 3681/235/193
f 3681/235/205 3674/1348/205 3670/1392/205 3678/1393/205
f 3641/1469/195 3669/1471/195 3675/226/195 3644/1431/195
f 3644/1434/210 3675/226/210 3671/1465/210 3642/1460/210
f 3676/1472/197 3649/1438/197 3651/1439/197 3679/231/197
f 3679/231/211 3651/1436/211 3648/1461/211 3677/234/211
f 3655/1440/145 3683/1473/145 3669/1471/145 3641/1469/145
f 3643/1387/146 3650/1388/146 3664/1391/146 3656/1389/146
f 3671/1465/147 3677/234/147 3648/1461/147 3642/1460/147
f 3690/1474/148 3662/1470/148 3649/1438/148 3676/1472/148
f 3657/1463/149 3663/1464/149 3692/1467/149 3684/1466/149
f 3685/1394/150 3691/1396/150 3678/1393/150 3670/1392/150
f 3697/1469/151 3700/1431/151 3701/1432/151 3703/293/151
f 3698/1460/152 3702/184/152 3701/185/152 3700/1434/152
f 3699/1387/153 3703/1361/153 3701/1362/153 3702/1335/153
f 3704/1461/208 3707/1436/208 3708/1437/208 3710/1337/208
f 3705/1438/155 3709/1364/155 3708/1365/155 3707/1439/155
f 3706/1388/156 3710/1339/156 3708/1340/156 3709/1367/156
f 3711/1440/157 3714/1369/157 3715/205/157 3717/1441/157
f 3712/1389/158 3716/1342/158 3715/1462/158 3714/1371/158
f 3713/1463/159 3717/1444/159 3715/1462/159 3716/1342/159
f 3718/1470/160 3721/1446/160 3722/1447/160 3724/1373/160
f 3719/1464/161 3723/218/161 3722/1390/161 3721/1449/161
f 3720/1391/162 3724/1376/162 3722/1390/162 3723/218/162
f 3725/1471/163 3728/1377/163 3729/312/163 3731/226/163
f 3726/1392/164 3730/1348/164 3729/312/164 3728/1377/164
f 3727/1465/165 3731/226/165 3729/312/165 3730/1348/165
f 3732/1472/166 3735/231/166 3736/336/166 3738/1380/166
f 3733/234/167 3737/235/167 3736/336/167 3735/231/167
f 3734/1393/168 3738/1380/168 3736/336/168 3737/235/168
f 3739/1473/169 3742/1468/169 3743/1326/169 3745/1383/169
f 3740/1466/170 3744/1354/170 3743/1326/170 3742/1468/170
f 3741/1394/171 3745/1383/171 3743/1326/171 3744/1354/171
f 3746/1474/172 3749/1386/172 3750/246/172 3752/247/172
f 3747/1396/173 3751/249/173 3750/246/173 3749/1386/173
f 3748/1467/174 3752/247/174 3750/246/174 3751/249/174
f 3711/1440/175 3697/1469/175 3703/293/175 3714/1369/175
f 3714/1371/176 3703/1361/176 3699/1387/176 3712/1389/176
f 3698/1460/209 3704/1461/209 3710/1337/209 3702/184/209
f 3702/1335/178 3710/1339/178 3706/1388/178 3699/1387/178
f 3705/1438/179 3718/1470/179 3724/1373/179 3709/1364/179
f 3709/1367/180 3724/1376/180 3720/1391/180 3706/1388/180
f 3719/1464/181 3713/1463/181 3716/1342/181 3723/218/181
f 3723/218/200 3716/1342/200 3712/1389/200 3720/1391/200
f 3739/1473/183 3711/1440/183 3717/1441/183 3742/1468/183
f 3742/1468/184 3717/1444/184 3713/1463/184 3740/1466/184
f 3718/1470/185 3746/1474/185 3752/247/185 3721/1446/185
f 3721/1449/202 3752/247/202 3748/1467/202 3719/1464/202
f 3747/1396/187 3741/1394/187 3744/1354/187 3751/249/187
f 3751/249/203 3744/1354/203 3740/1466/203 3748/1467/203
f 3725/1471/189 3739/1473/189 3745/1383/189 3728/1377/189
f 3728/1377/190 3745/1383/190 3741/1394/190 3726/1392/190
f 3746/1474/191 3732/1472/191 3738/1380/191 3749/1386/191
f 3749/1386/192 3738/1380/192 3734/1393/192 3747/1396/192
f 3733/234/193 3727/1465/193 3730/1348/193 3737/235/193
f 3737/235/205 3730/1348/205 3726/1392/205 3734/1393/205
f 3697/1469/195 3725/1471/195 3731/226/195 3700/1431/195
f 3700/1434/210 3731/226/210 3727/1465/210 3698/1460/210
f 3732/1472/197 3705/1438/197 3707/1439/197 3735/231/197
f 3735/231/211 3707/1436/211 3704/1461/211 3733/234/211
f 3711/1440/145 3739/1473/145 3725/1471/145 3697/1469/145
f 3699/1387/146 3706/1388/146 3720/1391/146 3712/1389/146
f 3727/1465/147 3733/234/147 3704/1461/147 3698/1460/147
f 3746/1474/148 3718/1470/148 3705/1438/148 3732/1472/148
f 3713/1463/149 3719/1464/149 3748/1467/149 3740/1466/149
f 3741/1394/150 3747/1396/150 3734/1393/150 3726/1392/150
f 3753/1469/151 3756/1431/151 3757/1432/151 3759/293/151
f 3754/1433/152 3758/252/152 3757/253/152 3756/1434/152
f 3755/1398/153 3759/1399/153 3757/1362/153 3758/255/153
f 3760/1435/208 3763/1436/208 3764/1437/208 3766/1299/208
f 3761/1475/155 3765/1300/155 3764/1365/155 3763/1439/155
f 3762/1401/156 3766/1303/156 3764/1304/156 3765/1402/156
f 3767/1476/157 3770/330/157 3771/331/157 3773/1441/157
f 3768/1404/158 3772/262/158 3771/1442/158 3770/1405/158
f 3769/1443/159 3773/1444/159 3771/1442/159 3772/262/159
f 3774/1477/160 3777/1446/160 3778/1447/160 3780/1407/160
f 3775/1448/161 3779/1313/161 3778/1408/161 3777/1449/161
f 3776/1409/162 3780/1410/162 3778/1408/162 3779/1313/162
f 3781/1478/163 3784/1412/163 3785/268/163 3787/226/163
f 3782/1413/164 3786/270/164 3785/268/164 3784/1412/164
f 3783/1451/165 3787/226/165 3785/268/165 3786/270/165
f 3788/1472/166 3791/231/166 3792/1479/166 3794/1414/166
f 3789/1453/351 3793/1323/351 3792/1479/351 3791/231/351
f 3790/1415/168 3794/1414/168 3792/1479/168 3793/1323/168
f 3795/1480/169 3798/1468/169 3799/239/169 3801/318/169
f 3796/1456/170 3800/278/170 3799/239/170 3798/1468/170
f 3797/1418/171 3801/318/171 3799/239/171 3800/278/171
f 3802/1481/172 3805/245/172 3806/1329/172 3808/247/172
f 3803/1421/173 3807/1331/173 3806/1329/173 3805/245/173
f 3804/1459/174 3808/247/174 3806/1329/174 3807/1331/174
f 3767/1476/175 3753/1469/175 3759/293/175 3770/330/175
f 3770/1405/176 3759/1399/176 3755/1398/176 3768/1404/176
f 3754/1433/209 3760/1435/209 3766/1299/209 3758/252/209
f 3758/255/178 3766/1303/178 3762/1401/178 3755/1398/178
f 3761/1475/179 3774/1477/179 3780/1407/179 3765/1300/179
f 3765/1402/180 3780/1410/180 3776/1409/180 3762/1401/180
f 3775/1448/181 3769/1443/181 3772/262/181 3779/1313/181
f 3779/1313/182 3772/262/182 3768/1404/182 3776/1409/182
f 3795/1480/183 3767/1476/183 3773/1441/183 3798/1468/183
f 3798/1468/184 3773/1444/184 3769/1443/184 3796/1456/184
f 3774/1477/185 3802/1481/185 3808/247/185 3777/1446/185
f 3777/1449/202 3808/247/202 3804/1459/202 3775/1448/202
f 3803/1421/187 3797/1418/187 3800/278/187 3807/1331/187
f 3807/1331/203 3800/278/203 3796/1456/203 3804/1459/203
f 3781/1478/189 3795/1480/189 3801/318/189 3784/1412/189
f 3784/1412/190 3801/318/190 3797/1418/190 3782/1413/190
f 3802/1481/191 3788/1472/191 3794/1414/191 3805/245/191
f 3805/245/192 3794/1414/192 3790/1415/192 3803/1421/192
f 3789/1453/193 3783/1451/193 3786/270/193 3793/1323/193
f 3793/1323/205 3786/270/205 3782/1413/205 3790/1415/205
f 3753/1469/195 3781/1478/195 3787/226/195 3756/1431/195
f 3756/1434/196 3787/226/196 3783/1451/196 3754/1433/196
f 3788/1472/197 3761/1475/197 3763/1439/197 3791/231/197
f 3791/231/198 3763/1436/198 3760/1435/198 3789/1453/198
f 3767/1476/145 3795/1480/145 3781/1478/145 3753/1469/145
f 3755/1398/146 3762/1401/146 3776/1409/146 3768/1404/146
f 3783/1451/147 3789/1453/147 3760/1435/147 3754/1433/147
f 3802/1481/148 3774/1477/148 3761/1475/148 3788/1472/148
f 3769/1443/149 3775/1448/149 3804/1459/149 3796/1456/149
f 3797/1418/150 3803/1421/150 3790/1415/150 3782/1413/150
f 3809/1469/151 3812/1431/151 3813/1432/151 3815/293/151
f 3810/1460/152 3814/184/152 3813/185/152 3812/1434/152
f 3811/1422/153 3815/1399/153 3813/1362/153 3814/1335/153
f 3816/1461/208 3819/1436/208 3820/1437/208 3822/1337/208
f 3817/1475/155 3821/1300/155 3820/1365/155 3819/1439/155
f 3818/1423/156 3822/1339/156 3820/1340/156 3821/1402/156
f 3823/1476/157 3826/330/157 3827/331/157 3829/1441/157
f 3824/1424/158 3828/1342/158 3827/1462/158 3826/1405/158
f 3825/1463/159 3829/1444/159 3827/1462/159 3828/1342/159
f 3830/1477/160 3833/1446/160 3834/1447/160 3836/1407/160
f 3831/1464/161 3835/218/161 3834/1425/161 3833/1449/161
f 3832/1426/162 3836/1410/162 3834/1425/162 3835/218/162
f 3837/1478/163 3840/1412/163 3841/312/163 3843/226/163
f 3838/1392/164 3842/1348/164 3841/312/164 3840/1412/164
f 3839/1465/165 3843/226/165 3841/312/165 3842/1348/165
f 3844/1472/166 3847/231/166 3848/336/166 3850/1414/166
f 3845/234/167 3849/235/167 3848/336/167 3847/231/167
f 3846/1427/168 3850/1414/168 3848/336/168 3849/235/168
f 3851/1480/169 3854/1468/169 3855/1417/169 3857/318/169
f 3852/1466/170 3856/1354/170 3855/1417/170 3854/1468/170
f 3853/243/171 3857/318/171 3855/1417/171 3856/1354/171
f 3858/1481/172 3861/245/172 3862/334/172 3864/247/172
f 3859/1356/173 3863/249/173 3862/334/173 3861/245/173
f 3860/1467/174 3864/247/174 3862/334/174 3863/249/174
f 3823/1476/175 3809/1469/175 3815/293/175 3826/330/175
f 3826/1405/176 3815/1399/176 3811/1422/176 3824/1424/176
f 3810/1460/209 3816/1461/209 3822/1337/209 3814/184/209
f 3814/1335/178 3822/1339/178 3818/1423/178 3811/1422/178
f 3817/1475/179 3830/1477/179 3836/1407/179 3821/1300/179
f 3821/1402/180 3836/1410/180 3832/1426/180 3818/1423/180
f 3831/1464/181 3825/1463/181 3828/1342/181 3835/218/181
f 3835/218/182 3828/1342/182 3824/1424/182 3832/1426/182
f 3851/1480/183 3823/1476/183 3829/1441/183 3854/1468/183
f 3854/1468/184 3829/1444/184 3825/1463/184 3852/1466/184
f 3830/1477/185 3858/1481/185 3864/247/185 3833/1446/185
f 3833/1449/202 3864/247/202 3860/1467/202 3831/1464/202
f 3859/1356/187 3853/243/187 3856/1354/187 3863/249/187
f 3863/249/203 3856/1354/203 3852/1466/203 3860/1467/203
f 3837/1478/189 3851/1480/189 3857/318/189 3840/1412/189
f 3840/1412/190 3857/318/190 3853/243/190 3838/1392/190
f 3858/1481/191 3844/1472/191 3850/1414/191 3861/245/191
f 3861/245/192 3850/1414/192 3846/1427/192 3859/1356/192
f 3845/234/193 3839/1465/193 3842/1348/193 3849/235/193
f 3849/235/205 3842/1348/205 3838/1392/205 3846/1427/205
f 3809/1469/195 3837/1478/195 3843/226/195 3812/1431/195
f 3812/1434/210 3843/226/210 3839/1465/210 3810/1460/210
f 3844/1472/197 3817/1475/197 3819/1439/197 3847/231/197
f 3847/231/211 3819/1436/211 3816/1461/211 3845/234/211
f 3823/1476/145 3851/1480/145 3837/1478/145 3809/1469/145
f 3811/1422/146 3818/1423/146 3832/1426/146 3824/1424/146
f 3839/1465/147 3845/234/147 3816/1461/147 3810/1460/147
f 3858/1481/148 3830/1477/148 3817/1475/148 3844/1472/148
f 3825/1463/149 3831/1464/149 3860/1467/149 3852/1466/149
f 3853/243/150 3859/1356/150 3846/1427/150 3838/1392/150
f 3865/1469/151 3868/1431/151 3869/1432/151 3871/293/151
f 3866/1460/152 3870/184/152 3869/185/152 3868/1434/152
f 3867/1422/153 3871/1399/153 3869/1362/153 3870/1335/153
f 3872/1461/208 3875/1436/208 3876/1437/208 3878/1337/208
f 3873/1475/155 3877/1300/155 3876/1365/155 3875/1439/155
f 3874/1423/156 3878/1339/156 3876/1340/156 3877/1402/156
f 3879/1476/157 3882/330/157 3883/331/157 3885/1441/157
f 3880/1424/158 3884/1342/158 3883/1462/158 3882/1405/158
f 3881/1463/159 3885/1444/159 3883/1462/159 3884/1342/159
f 3886/1477/160 3889/1446/160 3890/1447/160 3892/1407/160
f 3887/1464/161 3891/218/161 3890/1425/161 3889/1449/161
f 3888/1426/162 3892/1410/162 3890/1425/162 3891/218/162
f 3893/1478/163 3896/1412/163 3897/312/163 3899/226/163
f 3894/1392/164 3898/1348/164 3897/312/164 3896/1412/164
f 3895/1465/165 3899/226/165 3897/312/165 3898/1348/165
f 3900/1472/166 3903/231/166 3904/336/166 3906/1414/166
f 3901/234/167 3905/235/167 3904/336/167 3903/231/167
f 3902/1427/168 3906/1414/168 3904/336/168 3905/235/168
f 3907/1480/169 3910/1468/169 3911/1417/169 3913/318/169
f 3908/1466/170 3912/1354/170 3911/1417/170 3910/1468/170
f 3909/243/171 3913/318/171 3911/1417/171 3912/1354/171
f 3914/1481/172 3917/245/172 3918/334/172 3920/247/172
f 3915/1356/173 3919/249/173 3918/334/173 3917/245/173
f 3916/1467/174 3920/247/174 3918/334/174 3919/249/174
f 3879/1476/175 3865/1469/175 3871/293/175 3882/330/175
f 3882/1405/176 3871/1399/176 3867/1422/176 3880/1424/176
f 3866/1460/209 3872/1461/209 3878/1337/209 3870/184/209
f 3870/1335/178 3878/1339/178 3874/1423/178 3867/1422/178
f 3873/1475/179 3886/1477/179 3892/1407/179 3877/1300/179
f 3877/1402/180 3892/1410/180 3888/1426/180 3874/1423/180
f 3887/1464/181 3881/1463/181 3884/1342/181 3891/218/181
f 3891/218/182 3884/1342/182 3880/1424/182 3888/1426/182
f 3907/1480/183 3879/1476/183 3885/1441/183 3910/1468/183
f 3910/1468/184 3885/1444/184 3881/1463/184 3908/1466/184
f 3886/1477/185 3914/1481/185 3920/247/185 3889/1446/185
f 3889/1449/202 3920/247/202 3916/1467/202 3887/1464/202
f 3915/1356/187 3909/243/187 3912/1354/187 3919/249/187
f 3919/249/203 3912/1354/203 3908/1466/203 3916/1467/203
f 3893/1478/189 3907/1480/189 3913/318/189 3896/1412/189
f 3896/1412/190 3913/318/190 3909/243/190 3894/1392/190
f 3914/1481/191 3900/1472/191 3906/1414/191 3917/245/191
f 3917/245/192 3906/1414/192 3902/1427/192 3915/1356/192
f 3901/234/193 3895/1465/193 3898/1348/193 3905/235/193
f 3905/235/205 3898/1348/205 3894/1392/205 3902/1427/205
f 3865/1469/195 3893/1478/195 3899/226/195 3868/1431/195
f 3868/1434/210 3899/226/210 3895/1465/210 3866/1460/210
f 3900/1472/197 3873/1475/197 3875/1439/197 3903/231/197
f 3903/231/211 3875/1436/211 3872/1461/211 3901/234/211
f 3879/1476/145 3907/1480/145 3893/1478/145 3865/1469/145
f 3867/1422/146 3874/1423/146 3888/1426/146 3880/1424/146
f 3895/1465/147 3901/234/147 3872/1461/147 3866/1460/147
f 3914/1481/148 3886/1477/148 3873/1475/148 3900/1472/148
f 3881/1463/149 3887/1464/149 3916/1467/149 3908/1466/149
f 3909/243/150 3915/1356/150 3902/1427/150 3894/1392/150
f 3921/1482/151 3924/455/151 3925/422/151 3927/1483/151
f 3922/397/152 3926/252/152 3925/253/152 3924/456/152
f 3923/1484/153 3927/1485/153 3925/1486/153 3926/255/153
f 3928/399/208 3931/426/208 3932/427/208 3934/1299/208
f 3929/1487/155 3933/1488/155 3932/1489/155 3931/428/155
f 3930/1490/156 3934/1303/156 3932/1304/156 3933/1491/156
f 3935/1492/157 3938/1493/157 3939/1494/157 3941/1495/157
f 3936/1496/158 3940/262/158 3939/448/158 3938/1497/158
f 3937/403/159 3941/433/159 3939/448/159 3940/262/159
f 3942/1498/160 3945/434/160 3946/435/160 3948/1499/160
f 3943/404/352 3947/1313/352 3946/1500/352 3945/436/352
f 3944/1501/162 3948/1502/162 3946/1500/162 3947/1313/162
f 3949/1503/163 3952/1504/163 3953/1505/163 3955/407/163
f 3950/1506/164 3954/270/164 3953/1505/164 3952/1504/164
f 3951/409/165 3955/407/165 3953/1505/165 3954/270/165
f 3956/1507/166 3959/380/166 3960/1508/166 3962/1509/166
f 3957/410/167 3961/1323/167 3960/1508/167 3959/380/167
f 3958/1510/168 3962/1509/168 3960/1508/168 3961/1323/168
f 3963/1511/169 3966/386/169 3967/1512/169 3969/1513/169
f 3964/412/170 3968/278/170 3967/1512/170 3966/386/170
f 3965/1514/171 3969/1513/171 3967/1512/171 3968/278/171
f 3970/1515/172 3973/1516/172 3974/1517/172 3976/394/172
f 3971/1518/173 3975/1331/173 3974/1517/173 3973/1516/173
f 3972/415/174 3976/394/174 3974/1517/174 3975/1331/174
f 3935/1492/175 3921/1482/175 3927/1483/175 3938/1493/175
f 3938/1497/176 3927/1485/176 3923/1484/176 3936/1496/176
f 3922/397/209 3928/399/209 3934/1299/209 3926/252/209
f 3926/255/178 3934/1303/178 3930/1490/178 3923/1484/178
f 3929/1487/179 3942/1498/179 3948/1499/179 3933/1488/179
f 3933/1491/180 3948/1502/180 3944/1501/180 3930/1490/180
f 3943/404/181 3937/403/181 3940/262/181 3947/1313/181
f 3947/1313/182 3940/262/182 3936/1496/182 3944/1501/182
f 3963/1511/183 3935/1492/183 3941/1495/183 3966/386/183
f 3966/386/184 3941/433/184 3937/403/184 3964/412/184
f 3942/1498/185 3970/1515/185 3976/394/185 3945/434/185
f 3945/436/202 3976/394/202 3972/415/202 3943/404/202
f 3971/1518/187 3965/1514/187 3968/278/187 3975/1331/187
f 3975/1331/203 3968/278/203 3964/412/203 3972/415/203
f 3949/1503/189 3963/1511/189 3969/1513/189 3952/1504/189
f 3952/1504/190 3969/1513/190 3965/1514/190 3950/1506/190
f 3970/1515/191 3956/1507/191 3962/1509/191 3973/1516/191
f 3973/1516/192 3962/1509/192 3958/1510/192 3971/1518/192
f 3957/410/193 3951/409/193 3954/270/193 3961/1323/193
f 3961/1323/205 3954/270/205 3950/1506/205 3958/1510/205
f 3921/1482/195 3949/1503/195 3955/407/195 3924/455/195
f 3924/456/210 3955/407/210 3951/409/210 3922/397/210
f 3956/1507/197 3929/1487/197 3931/428/197 3959/380/197
f 3959/380/211 3931/426/211 3928/399/211 3957/410/211
f 3935/1492/145 3963/1511/145 3949/1503/145 3921/1482/145
f 3923/1484/146 3930/1490/146 3944/1501/146 3936/1496/146
f 3951/409/147 3957/410/147 3928/399/147 3922/397/147
f 3970/1515/148 3942/1498/148 3929/1487/148 3956/1507/148
f 3937/403/149 3943/404/149 3972/415/149 3964/412/149
f 3965/1514/150 3971/1518/150 3958/1510/150 3950/1506/150
f 3977/1482/151 3980/455/151 3981/422/151 3983/1483/151
f 3978/1519/152 3982/184/152 3981/185/152 3980/456/152
f 3979/1520/153 3983/1485/153 3981/1486/153 3982/1335/153
f 3984/1521/208 3987/426/208 3988/427/208 3990/1337/208
f 3985/1487/155 3989/1488/155 3988/1489/155 3987/428/155
f 3986/1522/156 3990/1339/156 3988/1340/156 3989/1491/156
f 3991/1492/157 3994/1493/157 3995/1494/157 3997/1495/157
f 3992/1523/158 3996/1342/158 3995/431/158 3994/1497/158
f 3993/1524/353 3997/433/353 3995/431/353 3996/1342/353
f 3998/1498/160 4001/434/160 4002/435/160 4004/1499/160
f 3999/1525/352 4003/218/352 4002/1526/352 4001/436/352
f 4000/1527/162 4004/1502/162 4002/1526/162 4003/218/162
f 4005/1503/163 4008/1504/163 4009/1528/163 4011/407/163
f 4006/1529/164 4010/1348/164 4009/1528/164 4008/1504/164
f 4007/1530/165 4011/407/165 4009/1528/165 4010/1348/165
f 4012/1507/166 4015/380/166 4016/1531/166 4018/1509/166
f 4013/1532/167 4017/235/167 4016/1531/167 4015/380/167
f 4014/1533/168 4018/1509/168 4016/1531/168 4017/235/168
f 4019/1511/169 4022/386/169 4023/1512/169 4025/1513/169
f 4020/1534/170 4024/1354/170 4023/1512/170 4022/386/170
f 4021/1535/171 4025/1513/171 4023/1512/171 4024/1354/171
f 4026/1515/172 4029/1516/172 4030/1536/172 4032/394/172
f 4027/1537/173 4031/249/173 4030/1536/173 4029/1516/173
f 4028/1538/174 4032/394/174 4030/1536/174 4031/249/174
f 3991/1492/175 3977/1482/175 3983/1483/175 3994/1493/175
f 3994/1497/176 3983/1485/176 3979/1520/176 3992/1523/176
f 3978/1519/209 3984/1521/209 3990/1337/209 3982/184/209
f 3982/1335/178 3990/1339/178 3986/1522/178 3979/1520/178
f 3985/1487/179 3998/1498/179 4004/1499/179 3989/1488/179
f 3989/1491/180 4004/1502/180 4000/1527/180 3986/1522/180
f 3999/1525/181 3993/1524/181 3996/1342/181 4003/218/181
f 4003/218/182 3996/1342/182 3992/1523/182 4000/1527/182
f 4019/1511/183 3991/1492/183 3997/1495/183 4022/386/183
f 4022/386/184 3997/433/184 3993/1524/184 4020/1534/184
f 3998/1498/185 4026/1515/185 4032/394/185 4001/434/185
f 4001/436/202 4032/394/202 4028/1538/202 3999/1525/202
f 4027/1537/187 4021/1535/187 4024/1354/187 4031/249/187
f 4031/249/203 4024/1354/203 4020/1534/203 4028/1538/203
f 4005/1503/189 4019/1511/189 4025/1513/189 4008/1504/189
f 4008/1504/190 4025/1513/190 4021/1535/190 4006/1529/190
f 4026/1515/191 4012/1507/191 4018/1509/191 4029/1516/191
f 4029/1516/192 4018/1509/192 4014/1533/192 4027/1537/192
f 4013/1532/193 4007/1530/193 4010/1348/193 4017/235/193
f 4017/235/205 4010/1348/205 4006/1529/205 4014/1533/205
f 3977/1482/195 4005/1503/195 4011/407/195 3980/455/195
f 3980/456/210 4011/407/210 4007/1530/210 3978/1519/210
f 4012/1507/197 3985/1487/197 3987/428/197 4015/380/197
f 4015/380/211 3987/426/211 3984/1521/211 4013/1532/211
f 3991/1492/145 4019/1511/145 4005/1503/145 3977/1482/145
f 3979/1520/146 3986/1522/146 4000/1527/146 3992/1523/146
f 4007/1530/147 4013/1532/147 3984/1521/147 3978/1519/147
f 4026/1515/148 3998/1498/148 3985/1487/148 4012/1507/148
f 3993/1524/149 3999/1525/149 4028/1538/149 4020/1534/149
f 4021/1535/150 4027/1537/150 4014/1533/150 4006/1529/150
f 4033/1482/151 4036/455/151 4037/422/151 4039/1483/151
f 4034/1519/152 4038/184/152 4037/185/152 4036/456/152
f 4035/1520/153 4039/1485/153 4037/1486/153 4038/1335/153
f 4040/1521/208 4043/426/208 4044/427/208 4046/1337/208
f 4041/1487/155 4045/1488/155 4044/1489/155 4043/428/155
f 4042/1522/156 4046/1339/156 4044/1340/156 4045/1491/156
f 4047/1492/157 4050/1493/157 4051/1494/157 4053/1495/157
f 4048/1523/158 4052/1342/158 4051/431/158 4050/1497/158
f 4049/1524/159 4053/433/159 4051/431/159 4052/1342/159
f 4054/1498/160 4057/434/160 4058/435/160 4060/1499/160
f 4055/1525/352 4059/218/352 4058/1526/352 4057/436/352
f 4056/1527/162 4060/1502/162 4058/1526/162 4059/218/162
f 4061/1503/163 4064/1504/163 4065/1528/163 4067/407/163
f 4062/1529/164 4066/1348/164 4065/1528/164 4064/1504/164
f 4063/1530/165 4067/407/165 4065/1528/165 4066/1348/165
f 4068/1507/166 4071/380/166 4072/1531/166 4074/1509/166
f 4069/1532/167 4073/235/167 4072/1531/167 4071/380/167
f 4070/1533/168 4074/1509/168 4072/1531/168 4073/235/168
f 4075/1511/169 4078/386/169 4079/1512/169 4081/1513/169
f 4076/1534/170 4080/1354/170 4079/1512/170 4078/386/170
f 4077/1535/171 4081/1513/171 4079/1512/171 4080/1354/171
f 4082/1515/172 4085/1516/172 4086/1536/172 4088/394/172
f 4083/1537/173 4087/249/173 4086/1536/173 4085/1516/173
f 4084/1538/174 4088/394/174 4086/1536/174 4087/249/174
f 4047/1492/175 4033/1482/175 4039/1483/175 4050/1493/175
f 4050/1497/176 4039/1485/176 4035/1520/176 4048/1523/176
f 4034/1519/209 4040/1521/209 4046/1337/209 4038/184/209
f 4038/1335/178 4046/1339/178 4042/1522/178 4035/1520/178
f 4041/1487/179 4054/1498/179 4060/1499/179 4045/1488/179
f 4045/1491/180 4060/1502/180 4056/1527/180 4042/1522/180
f 4055/1525/181 4049/1524/181 4052/1342/181 4059/218/181
f 4059/218/182 4052/1342/182 4048/1523/182 4056/1527/182
f 4075/1511/183 4047/1492/183 4053/1495/183 4078/386/183
f 4078/386/184 4053/433/184 4049/1524/184 4076/1534/184
f 4054/1498/185 4082/1515/185 4088/394/185 4057/434/185
f 4057/436/202 4088/394/202 4084/1538/202 4055/1525/202
f 4083/1537/187 4077/1535/187 4080/1354/187 4087/249/187
f 4087/249/203 4080/1354/203 4076/1534/203 4084/1538/203
f 4061/1503/189 4075/1511/189 4081/1513/189 4064/1504/189
f 4064/1504/190 4081/1513/190 4077/1535/190 4062/1529/190
f 4082/1515/191 4068/1507/191 4074/1509/191 4085/1516/191
f 4085/1516/192 4074/1509/192 4070/1533/192 4083/1537/192
f 4069/1532/193 4063/1530/193 4066/1348/193 4073/235/193
f 4073/235/205 4066/1348/205 4062/1529/205 4070/1533/205
f 4033/1482/195 4061/1503/195 4067/407/195 4036/455/195
f 4036/456/210 4067/407/210 4063/1530/210 4034/1519/210
f 4068/1507/197 4041/1487/197 4043/428/197 4071/380/197
f 4071/380/211 4043/426/211 4040/1521/211 4069/1532/211
f 4047/1492/145 4075/1511/145 4061/1503/145 4033/1482/145
f 4035/1520/146 4042/1522/146 4056/1527/146 4048/1523/146
f 4063/1530/147 4069/1532/147 4040/1521/147 4034/1519/147
f 4082/1515/148 4054/1498/148 4041/1487/148 4068/1507/148
f 4049/1524/149 4055/1525/149 4084/1538/149 4076/1534/149
f 4077/1535/150 4083/1537/150 4070/1533/150 4062/1529/150
f 4089/1539/151 4092/421/151 4093/422/151 4095/1483/151
f 4090/446/152 4094/252/152 4093/253/152 4092/424/152
f 4091/1484/153 4095/1485/153 4093/1486/153 4094/255/153
f 4096/447/208 4099/426/208 4100/427/208 4102/1299/208
f 4097/1540/155 4101/1488/155 4100/1489/155 4099/428/155
f 4098/1490/156 4102/1303/156 4100/1304/156 4101/1491/156
f 4103/1541/157 4106/1493/157 4107/1494/157 4109/430/157
f 4104/1496/158 4108/262/158 4107/448/158 4106/1497/158
f 4105/432/159 4109/433/159 4107/448/159 4108/262/159
f 4110/1542/160 4113/434/160 4114/435/160 4116/1499/160
f 4111/449/161 4115/1313/161 4114/1500/161 4113/436/161
f 4112/1501/162 4116/1502/162 4114/1500/162 4115/1313/162
f 4117/1543/163 4120/1504/163 4121/1505/163 4123/407/163
f 4118/1506/164 4122/270/164 4121/1505/164 4120/1504/164
f 4119/451/165 4123/407/165 4121/1505/165 4122/270/165
f 4124/1507/166 4127/380/166 4128/1508/166 4130/1509/166
f 4125/452/167 4129/1323/167 4128/1508/167 4127/380/167
f 4126/1510/168 4130/1509/168 4128/1508/168 4129/1323/168
f 4131/1544/169 4134/442/169 4135/1512/169 4137/1513/169
f 4132/453/170 4136/278/170 4135/1512/170 4134/442/170
f 4133/1514/171 4137/1513/171 4135/1512/171 4136/278/171
f 4138/1545/172 4141/1516/172 4142/1517/172 4144/394/172
f 4139/1518/173 4143/1331/173 4142/1517/173 4141/1516/173
f 4140/454/174 4144/394/174 4142/1517/174 4143/1331/174
f 4103/1541/175 4089/1539/175 4095/1483/175 4106/1493/175
f 4106/1497/176 4095/1485/176 4091/1484/176 4104/1496/176
f 4090/446/209 4096/447/209 4102/1299/209 4094/252/209
f 4094/255/178 4102/1303/178 4098/1490/178 4091/1484/178
f 4097/1540/179 4110/1542/179 4116/1499/179 4101/1488/179
f 4101/1491/180 4116/1502/180 4112/1501/180 4098/1490/180
f 4111/449/181 4105/432/181 4108/262/181 4115/1313/181
f 4115/1313/182 4108/262/182 4104/1496/182 4112/1501/182
f 4131/1544/183 4103/1541/183 4109/430/183 4134/442/183
f 4134/442/184 4109/433/184 4105/432/184 4132/453/184
f 4110/1542/185 4138/1545/185 4144/394/185 4113/434/185
f 4113/436/202 4144/394/202 4140/454/202 4111/449/202
f 4139/1518/187 4133/1514/187 4136/278/187 4143/1331/187
f 4143/1331/203 4136/278/203 4132/453/203 4140/454/203
f 4117/1543/189 4131/1544/189 4137/1513/189 4120/1504/189
f 4120/1504/190 4137/1513/190 4133/1514/190 4118/1506/190
f 4138/1545/191 4124/1507/191 4130/1509/191 4141/1516/191
f 4141/1516/192 4130/1509/192 4126/1510/192 4139/1518/192
f 4125/452/193 4119/451/193 4122/270/193 4129/1323/193
f 4129/1323/205 4122/270/205 4118/1506/205 4126/1510/205
f 4089/1539/195 4117/1543/195 4123/407/195 4092/421/195
f 4092/424/210 4123/407/210 4119/451/210 4090/446/210
f 4124/1507/197 4097/1540/197 4099/428/197 4127/380/197
f 4127/380/211 4099/426/211 4096/447/211 4125/452/211
f 4103/1541/145 4131/1544/145 4117/1543/145 4089/1539/145
f 4091/1484/146 4098/1490/146 4112/1501/146 4104/1496/146
f 4119/451/147 4125/452/147 4096/447/147 4090/446/147
f 4138/1545/148 4110/1542/148 4097/1540/148 4124/1507/148
f 4105/432/149 4111/449/149 4140/454/149 4132/453/149
f 4133/1514/150 4139/1518/150 4126/1510/150 4118/1506/150
f 4145/1539/151 4148/421/151 4149/422/151 4151/1483/151
f 4146/1546/152 4150/184/152 4149/185/152 4148/424/152
f 4147/1520/153 4151/1485/153 4149/1486/153 4150/1335/153
f 4152/1547/208 4155/426/208 4156/427/208 4158/1337/208
f 4153/1540/155 4157/1488/155 4156/1489/155 4155/428/155
f 4154/1522/156 4158/1339/156 4156/1340/156 4157/1491/156
f 4159/1541/157 4162/1493/157 4163/1494/157 4165/430/157
f 4160/1523/158 4164/1342/158 4163/431/158 4162/1497/158
f 4161/1548/159 4165/433/159 4163/431/159 4164/1342/159
f 4166/1542/160 4169/434/160 4170/435/160 4172/1499/160
f 4167/1549/161 4171/218/161 4170/1526/161 4169/436/161
f 4168/1527/162 4172/1502/162 4170/1526/162 4171/218/162
f 4173/1543/163 4176/1504/163 4177/1528/163 4179/407/163
f 4174/1529/164 4178/1348/164 4177/1528/164 4176/1504/164
f 4175/1550/165 4179/407/165 4177/1528/165 4178/1348/165
f 4180/1507/166 4183/380/166 4184/1531/166 4186/1509/166
f 4181/1551/167 4185/235/167 4184/1531/167 4183/380/167
f 4182/1533/168 4186/1509/168 4184/1531/168 4185/235/168
f 4187/1544/169 4190/442/169 4191/1512/169 4193/1513/169
f 4188/1552/170 4192/1354/170 4191/1512/170 4190/442/170
f 4189/1535/171 4193/1513/171 4191/1512/171 4192/1354/171
f 4194/1545/172 4197/1516/172 4198/1536/172 4200/394/172
f 4195/1537/173 4199/249/173 4198/1536/173 4197/1516/173
f 4196/1553/174 4200/394/174 4198/1536/174 4199/249/174
f 4159/1541/175 4145/1539/175 4151/1483/175 4162/1493/175
f 4162/1497/176 4151/1485/176 4147/1520/176 4160/1523/176
f 4146/1546/209 4152/1547/209 4158/1337/209 4150/184/209
f 4150/1335/178 4158/1339/178 4154/1522/178 4147/1520/178
f 4153/1540/179 4166/1542/179 4172/1499/179 4157/1488/179
f 4157/1491/180 4172/1502/180 4168/1527/180 4154/1522/180
f 4167/1549/181 4161/1548/181 4164/1342/181 4171/218/181
f 4171/218/182 4164/1342/182 4160/1523/182 4168/1527/182
f 4187/1544/183 4159/1541/183 4165/430/183 4190/442/183
f 4190/442/184 4165/433/184 4161/1548/184 4188/1552/184
f 4166/1542/185 4194/1545/185 4200/394/185 4169/434/185
f 4169/436/202 4200/394/202 4196/1553/202 4167/1549/202
f 4195/1537/187 4189/1535/187 4192/1354/187 4199/249/187
f 4199/249/203 4192/1354/203 4188/1552/203 4196/1553/203
f 4173/1543/189 4187/1544/189 4193/1513/189 4176/1504/189
f 4176/1504/190 4193/1513/190 4189/1535/190 4174/1529/190
f 4194/1545/191 4180/1507/191 4186/1509/191 4197/1516/191
f 4197/1516/192 4186/1509/192 4182/1533/192 4195/1537/192
f 4181/1551/193 4175/1550/193 4178/1348/193 4185/235/193
f 4185/235/205 4178/1348/205 4174/1529/205 4182/1533/205
f 4145/1539/195 4173/1543/195 4179/407/195 4148/421/195
f 4148/424/210 4179/407/210 4175/1550/210 4146/1546/210
f 4180/1507/197 4153/1540/197 4155/428/197 4183/380/197
f 4183/380/211 4155/426/211 4152/1547/211 4181/1551/211
f 4159/1541/145 4187/1544/145 4173/1543/145 4145/1539/145
f 4147/1520/146 4154/1522/146 4168/1527/146 4160/1523/146
f 4175/1550/147 4181/1551/147 4152/1547/147 4146/1546/147
f 4194/1545/148 4166/1542/148 4153/1540/148 4180/1507/148
f 4161/1548/149 4167/1549/149 4196/1553/149 4188/1552/149
f 4189/1535/150 4195/1537/150 4182/1533/150 4174/1529/150
f 4201/1539/151 4204/421/151 4205/422/151 4207/1483/151
f 4202/1546/152 4206/184/152 4205/185/152 4204/424/152
f 4203/1520/153 4207/1485/153 4205/1486/153 4206/1335/153
f 4208/1547/208 4211/426/208 4212/427/208 4214/1337/208
f 4209/1540/155 4213/1488/155 4212/1489/155 4211/428/155
f 4210/1522/156 4214/1339/156 4212/1340/156 4213/1491/156
f 4215/1541/157 4218/1493/157 4219/1494/157 4221/430/157
f 4216/1523/158 4220/1342/158 4219/431/158 4218/1497/158
f 4217/1548/159 4221/433/159 4219/431/159 4220/1342/159
f 4222/1542/160 4225/434/160 4226/435/160 4228/1499/160
f 4223/1549/161 4227/218/161 4226/1526/161 4225/436/161
f 4224/1527/162 4228/1502/162 4226/1526/162 4227/218/162
f 4229/1543/163 4232/1504/163 4233/1528/163 4235/407/163
f 4230/1529/164 4234/1348/164 4233/1528/164 4232/1504/164
f 4231/1550/165 4235/407/165 4233/1528/165 4234/1348/165
f 4236/1507/166 4239/380/166 4240/1531/166 4242/1509/166
f 4237/1551/167 4241/235/167 4240/1531/167 4239/380/167
f 4238/1533/168 4242/1509/168 4240/1531/168 4241/235/168
f 4243/1544/169 4246/442/169 4247/1512/169 4249/1513/169
f 4244/1552/170 4248/1354/170 4247/1512/170 4246/442/170
f 4245/1535/171 4249/1513/171 4247/1512/171 4248/1354/171
f 4250/1545/172 4253/1516/172 4254/1536/172 4256/394/172
f 4251/1537/173 4255/249/173 4254/1536/173 4253/1516/173
f 4252/1553/174 4256/394/174 4254/1536/174 4255/249/174
f 4215/1541/175 4201/1539/175 4207/1483/175 4218/1493/175
f 4218/1497/176 4207/1485/176 4203/1520/176 4216/1523/176
f 4202/1546/209 4208/1547/209 4214/1337/209 4206/184/209
f 4206/1335/178 4214/1339/178 4210/1522/178 4203/1520/178
f 4209/1540/179 4222/1542/179 4228/1499/179 4213/1488/179
f 4213/1491/180 4228/1502/180 4224/1527/180 4210/1522/180
f 4223/1549/181 4217/1548/181 4220/1342/181 4227/218/181
f 4227/218/182 4220/1342/182 4216/1523/182 4224/1527/182
f 4243/1544/183 4215/1541/183 4221/430/183 4246/442/183
f 4246/442/184 4221/433/184 4217/1548/184 4244/1552/184
f 4222/1542/185 4250/1545/185 4256/394/185 4225/434/185
f 4225/436/202 4256/394/202 4252/1553/202 4223/1549/202
f 4251/1537/187 4245/1535/187 4248/1354/187 4255/249/187
f 4255/249/203 4248/1354/203 4244/1552/203 4252/1553/203
f 4229/1543/189 4243/1544/189 4249/1513/189 4232/1504/189
f 4232/1504/190 4249/1513/190 4245/1535/190 4230/1529/190
f 4250/1545/191 4236/1507/191 4242/1509/191 4253/1516/191
f 4253/1516/192 4242/1509/192 4238/1533/192 4251/1537/192
f 4237/1551/193 4231/1550/193 4234/1348/193 4241/235/193
f 4241/235/205 4234/1348/205 4230/1529/205 4238/1533/205
f 4201/1539/195 4229/1543/195 4235/407/195 4204/421/195
f 4204/424/210 4235/407/210 4231/1550/210 4202/1546/210
f 4236/1507/197 4209/1540/197 4211/428/197 4239/380/197
f 4239/380/211 4211/426/211 4208/1547/211 4237/1551/211
f 4215/1541/145 4243/1544/145 4229/1543/145 4201/1539/145
f 4203/1520/146 4210/1522/146 4224/1527/146 4216/1523/146
f 4231/1550/147 4237/1551/147 4208/1547/147 4202/1546/147
f 4250/1545/148 4222/1542/148 4209/1540/148 4236/1507/148
f 4217/1548/149 4223/1549/149 4252/1553/149 4244/1552/149
f 4245/1535/150 4251/1537/150 4238/1533/150 4230/1529/150
f 4257/1482/151 4260/455/151 4261/422/151 4263/1483/151
f 4258/397/152 4262/252/152 4261/253/152 4260/456/152
f 4259/1484/153 4263/1485/153 4261/1486/153 4262/255/153
f 4264/399/208 4267/426/208 4268/427/208 4270/1299/208
f 4265/1487/155 4269/1488/155 4268/1489/155 4267/428/155
f 4266/1490/156 4270/1303/156 4268/1304/156 4269/1491/156
f 4271/1492/157 4274/1493/157 4275/1494/157 4277/1495/157
f 4272/1496/158 4276/262/158 4275/448/158 4274/1497/158
f 4273/403/159 4277/433/159 4275/448/159 4276/262/159
f 4278/1498/160 4281/434/160 4282/435/160 4284/1499/160
f 4279/404/161 4283/1313/161 4282/1500/161 4281/436/161
f 4280/1501/162 4284/1502/162 4282/1500/162 4283/1313/162
f 4285/1503/163 4288/1504/163 4289/1505/163 4291/407/163
f 4286/1506/164 4290/270/164 4289/1505/164 4288/1504/164
f 4287/409/165 4291/407/165 4289/1505/165 4290/270/165
f 4292/1507/166 4295/380/166 4296/1508/166 4298/1509/166
f 4293/410/167 4297/1323/167 4296/1508/167 4295/380/167
f 4294/1510/168 4298/1509/168 4296/1508/168 4297/1323/168
f 4299/1511/169 4302/386/169 4303/1512/169 4305/1513/169
f 4300/412/213 4304/278/213 4303/1512/213 4302/386/213
f 4301/1514/171 4305/1513/171 4303/1512/171 4304/278/171
f 4306/1515/172 4309/1516/172 4310/1517/172 4312/394/172
f 4307/1518/173 4311/1331/173 4310/1517/173 4309/1516/173
f 4308/415/354 4312/394/354 4310/1517/354 4311/1331/354
f 4271/1492/175 4257/1482/175 4263/1483/175 4274/1493/175
f 4274/1497/176 4263/1485/176 4259/1484/176 4272/1496/176
f 4258/397/209 4264/399/209 4270/1299/209 4262/252/209
f 4262/255/178 4270/1303/178 4266/1490/178 4259/1484/178
f 4265/1487/179 4278/1498/179 4284/1499/179 4269/1488/179
f 4269/1491/180 4284/1502/180 4280/1501/180 4266/1490/180
f 4279/404/181 4273/403/181 4276/262/181 4283/1313/181
f 4283/1313/182 4276/262/182 4272/1496/182 4280/1501/182
f 4299/1511/183 4271/1492/183 4277/1495/183 4302/386/183
f 4302/386/184 4277/433/184 4273/403/184 4300/412/184
f 4278/1498/185 4306/1515/185 4312/394/185 4281/434/185
f 4281/436/202 4312/394/202 4308/415/202 4279/404/202
f 4307/1518/187 4301/1514/187 4304/278/187 4311/1331/187
f 4311/1331/203 4304/278/203 4300/412/203 4308/415/203
f 4285/1503/189 4299/1511/189 4305/1513/189 4288/1504/189
f 4288/1504/190 4305/1513/190 4301/1514/190 4286/1506/190
f 4306/1515/191 4292/1507/191 4298/1509/191 4309/1516/191
f 4309/1516/192 4298/1509/192 4294/1510/192 4307/1518/192
f 4293/410/193 4287/409/193 4290/270/193 4297/1323/193
f 4297/1323/205 4290/270/205 4286/1506/205 4294/1510/205
f 4257/1482/195 4285/1503/195 4291/407/195 4260/455/195
f 4260/456/210 4291/407/210 4287/409/210 4258/397/210
f 4292/1507/197 4265/1487/197 4267/428/197 4295/380/197
f 4295/380/211 4267/426/211 4264/399/211 4293/410/211
f 4271/1492/145 4299/1511/145 4285/1503/145 4257/1482/145
f 4259/1484/146 4266/1490/146 4280/1501/146 4272/1496/146
f 4287/409/147 4293/410/147 4264/399/147 4258/397/147
f 4306/1515/148 4278/1498/148 4265/1487/148 4292/1507/148
f 4273/403/149 4279/404/149 4308/415/149 4300/412/149
f 4301/1514/150 4307/1518/150 4294/1510/150 4286/1506/150
f 4313/1482/151 4316/455/151 4317/422/151 4319/1483/151
f 4314/1519/152 4318/184/152 4317/185/152 4316/456/152
f 4315/1520/153 4319/1485/153 4317/1486/153 4318/1335/153
f 4320/1521/208 4323/426/208 4324/427/208 4326/1337/208
f 4321/1487/155 4325/1488/155 4324/1489/155 4323/428/155
f 4322/1522/156 4326/1339/156 4324/1340/156 4325/1491/156
f 4327/1492/157 4330/1493/157 4331/1494/157 4333/1495/157
f 4328/1523/158 4332/1342/158 4331/431/158 4330/1497/158
f 4329/1524/159 4333/433/159 4331/431/159 4332/1342/159
f 4334/1498/160 4337/434/160 4338/435/160 4340/1499/160
f 4335/1525/161 4339/218/161 4338/1526/161 4337/436/161
f 4336/1527/162 4340/1502/162 4338/1526/162 4339/218/162
f 4341/1503/163 4344/1504/163 4345/1528/163 4347/407/163
f 4342/1529/164 4346/1348/164 4345/1528/164 4344/1504/164
f 4343/1530/165 4347/407/165 4345/1528/165 4346/1348/165
f 4348/1507/166 4351/380/166 4352/1531/166 4354/1509/166
f 4349/1532/167 4353/235/167 4352/1531/167 4351/380/167
f 4350/1533/168 4354/1509/168 4352/1531/168 4353/235/168
f 4355/1511/169 4358/386/169 4359/1512/169 4361/1513/169
f 4356/1534/213 4360/1354/213 4359/1512/213 4358/386/213
f 4357/1535/171 4361/1513/171 4359/1512/171 4360/1354/171
f 4362/1515/172 4365/1516/172 4366/1536/172 4368/394/172
f 4363/1537/173 4367/249/173 4366/1536/173 4365/1516/173
f 4364/1538/174 4368/394/174 4366/1536/174 4367/249/174
f 4327/1492/175 4313/1482/175 4319/1483/175 4330/1493/175
f 4330/1497/176 4319/1485/176 4315/1520/176 4328/1523/176
f 4314/1519/209 4320/1521/209 4326/1337/209 4318/184/209
f 4318/1335/178 4326/1339/178 4322/1522/178 4315/1520/178
f 4321/1487/179 4334/1498/179 4340/1499/179 4325/1488/179
f 4325/1491/180 4340/1502/180 4336/1527/180 4322/1522/180
f 4335/1525/181 4329/1524/181 4332/1342/181 4339/218/181
f 4339/218/182 4332/1342/182 4328/1523/182 4336/1527/182
f 4355/1511/183 4327/1492/183 4333/1495/183 4358/386/183
f 4358/386/184 4333/433/184 4329/1524/184 4356/1534/184
f 4334/1498/185 4362/1515/185 4368/394/185 4337/434/185
f 4337/436/202 4368/394/202 4364/1538/202 4335/1525/202
f 4363/1537/187 4357/1535/187 4360/1354/187 4367/249/187
f 4367/249/203 4360/1354/203 4356/1534/203 4364/1538/203
f 4341/1503/189 4355/1511/189 4361/1513/189 4344/1504/189
f 4344/1504/190 4361/1513/190 4357/1535/190 4342/1529/190
f 4362/1515/191 4348/1507/191 4354/1509/191 4365/1516/191
f 4365/1516/192 4354/1509/192 4350/1533/192 4363/1537/192
f 4349/1532/193 4343/1530/193 4346/1348/193 4353/235/193
f 4353/235/205 4346/1348/205 4342/1529/205 4350/1533/205
f 4313/1482/195 4341/1503/195 4347/407/195 4316/455/195
f 4316/456/210 4347/407/210 4343/1530/210 4314/1519/210
f 4348/1507/197 4321/1487/197 4323/428/197 4351/380/197
f 4351/380/211 4323/426/211 4320/1521/211 4349/1532/211
f 4327/1492/145 4355/1511/145 4341/1503/145 4313/1482/145
f 4315/1520/146 4322/1522/146 4336/1527/146 4328/1523/146
f 4343/1530/147 4349/1532/147 4320/1521/147 4314/1519/147
f 4362/1515/148 4334/1498/148 4321/1487/148 4348/1507/148
f 4329/1524/149 4335/1525/149 4364/1538/149 4356/1534/149
f 4357/1535/150 4363/1537/150 4350/1533/150 4342/1529/150
f 4369/1482/151 4372/455/151 4373/422/151 4375/1483/151
f 4370/1519/152 4374/184/152 4373/185/152 4372/456/152
f 4371/1520/153 4375/1485/153 4373/1486/153 4374/1335/153
f 4376/1521/208 4379/426/208 4380/427/208 4382/1337/208
f 4377/1487/155 4381/1488/155 4380/1489/155 4379/428/155
f 4378/1522/156 4382/1339/156 4380/1340/156 4381/1491/156
f 4383/1492/157 4386/1493/157 4387/1494/157 4389/1495/157
f 4384/1523/158 4388/1342/158 4387/431/158 4386/1497/158
f 4385/1524/159 4389/433/159 4387/431/159 4388/1342/159
f 4390/1498/160 4393/434/160 4394/435/160 4396/1499/160
f 4391/1525/161 4395/218/161 4394/1526/161 4393/436/161
f 4392/1527/162 4396/1502/162 4394/1526/162 4395/218/162
f 4397/1503/163 4400/1504/163 4401/1528/163 4403/407/163
f 4398/1529/164 4402/1348/164 4401/1528/164 4400/1504/164
f 4399/1530/165 4403/407/165 4401/1528/165 4402/1348/165
f 4404/1507/166 4407/380/166 4408/1531/166 4410/1509/166
f 4405/1532/167 4409/235/167 4408/1531/167 4407/380/167
f 4406/1533/168 4410/1509/168 4408/1531/168 4409/235/168
f 4411/1511/169 4414/386/169 4415/1512/169 4417/1513/169
f 4412/1534/213 4416/1354/213 4415/1512/213 4414/386/213
f 4413/1535/171 4417/1513/171 4415/1512/171 4416/1354/171
f 4418/1515/172 4421/1516/172 4422/1536/172 4424/394/172
f 4419/1537/173 4423/249/173 4422/1536/173 4421/1516/173
f 4420/1538/354 4424/394/354 4422/1536/354 4423/249/354
f 4383/1492/175 4369/1482/175 4375/1483/175 4386/1493/175
f 4386/1497/176 4375/1485/176 4371/1520/176 4384/1523/176
f 4370/1519/209 4376/1521/209 4382/1337/209 4374/184/209
f 4374/1335/178 4382/1339/178 4378/1522/178 4371/1520/178
f 4377/1487/179 4390/1498/179 4396/1499/179 4381/1488/179
f 4381/1491/180 4396/1502/180 4392/1527/180 4378/1522/180
f 4391/1525/181 4385/1524/181 4388/1342/181 4395/218/181
f 4395/218/182 4388/1342/182 4384/1523/182 4392/1527/182
f 4411/1511/183 4383/1492/183 4389/1495/183 4414/386/183
f 4414/386/184 4389/433/184 4385/1524/184 4412/1534/184
f 4390/1498/185 4418/1515/185 4424/394/185 4393/434/185
f 4393/436/202 4424/394/202 4420/1538/202 4391/1525/202
f 4419/1537/187 4413/1535/187 4416/1354/187 4423/249/187
f 4423/249/203 4416/1354/203 4412/1534/203 4420/1538/203
f 4397/1503/189 4411/1511/189 4417/1513/189 4400/1504/189
f 4400/1504/190 4417/1513/190 4413/1535/190 4398/1529/190
f 4418/1515/191 4404/1507/191 4410/1509/191 4421/1516/191
f 4421/1516/192 4410/1509/192 4406/1533/192 4419/1537/192
f 4405/1532/193 4399/1530/193 4402/1348/193 4409/235/193
f 4409/235/205 4402/1348/205 4398/1529/205 4406/1533/205
f 4369/1482/195 4397/1503/195 4403/407/195 4372/455/195
f 4372/456/210 4403/407/210 4399/1530/210 4370/1519/210
f 4404/1507/197 4377/1487/197 4379/428/197 4407/380/197
f 4407/380/211 4379/426/211 4376/1521/211 4405/1532/211
f 4383/1492/145 4411/1511/145 4397/1503/145 4369/1482/145
f 4371/1520/146 4378/1522/146 4392/1527/146 4384/1523/146
f 4399/1530/147 4405/1532/147 4376/1521/147 4370/1519/147
f 4418/1515/148 4390/1498/148 4377/1487/148 4404/1507/148
f 4385/1524/149 4391/1525/149 4420/1538/149 4412/1534/149
f 4413/1535/150 4419/1537/150 4406/1533/150 4398/1529/150
f 4425/461/151 4428/455/151 4429/422/151 4431/293/151
f 4426/1554/152 4430/1555/152 4429/1556/152 4428/456/152
f 4427/1557/153 4431/1296/153 4429/1297/153 4430/1558/153
f 4432/1559/208 4435/426/208 4436/427/208 4438/1560/208
f 4433/469/155 4437/1300/155 4436/1301/155 4435/428/155
f 4434/1561/156 4438/1562/156 4436/1563/156 4437/1305/156
f 4439/473/157 4442/204/157 4443/205/157 4445/1495/157
f 4440/1564/158 4444/1565/158 4443/1566/158 4442/210/158
f 4441/1567/159 4445/433/159 4443/1566/159 4444/1565/159
f 4446/478/160 4449/434/160 4450/435/160 4452/306/160
f 4447/1568/161 4451/1569/161 4450/1570/161 4449/436/161
f 4448/1571/162 4452/1316/162 4450/1570/162 4451/1569/162
f 4453/483/163 4456/311/163 4457/1572/163 4459/407/163
f 4454/1573/164 4458/1574/164 4457/1572/164 4456/311/164
f 4455/1575/165 4459/407/165 4457/1572/165 4458/1574/165
f 4460/488/166 4463/380/166 4464/1576/166 4466/315/166
f 4461/1577/167 4465/1578/167 4464/1576/167 4463/380/167
f 4462/1579/168 4466/315/168 4464/1576/168 4465/1578/168
f 4467/493/169 4470/386/169 4471/1580/169 4473/318/169
f 4468/1581/170 4472/1582/170 4471/1580/170 4470/386/170
f 4469/1583/171 4473/318/171 4471/1580/171 4472/1582/171
f 4474/498/172 4477/245/172 4478/1584/172 4480/394/172
f 4475/1585/173 4479/1586/173 4478/1584/173 4477/245/173
f 4476/1587/174 4480/394/174 4478/1584/174 4479/1586/174
f 4439/473/175 4425/461/175 4431/293/175 4442/204/175
f 4442/210/176 4431/1296/176 4427/1557/176 4440/1564/176
f 4426/1554/209 4432/1559/209 4438/1560/209 4430/1555/209
f 4430/1558/178 4438/1562/178 4434/1561/178 4427/1557/178
f 4433/469/179 4446/478/179 4452/306/179 4437/1300/179
f 4437/1305/180 4452/1316/180 4448/1571/180 4434/1561/180
f 4447/1568/181 4441/1567/181 4444/1565/181 4451/1569/181
f 4451/1569/182 4444/1565/182 4440/1564/182 4448/1571/182
f 4467/493/183 4439/473/183 4445/1495/183 4470/386/183
f 4470/386/184 4445/433/184 4441/1567/184 4468/1581/184
f 4446/478/185 4474/498/185 4480/394/185 4449/434/185
f 4449/436/202 4480/394/202 4476/1587/202 4447/1568/202
f 4475/1585/187 4469/1583/187 4472/1582/187 4479/1586/187
f 4479/1586/188 4472/1582/188 4468/1581/188 4476/1587/188
f 4453/483/189 4467/493/189 4473/318/189 4456/311/189
f 4456/311/190 4473/318/190 4469/1583/190 4454/1573/190
f 4474/498/191 4460/488/191 4466/315/191 4477/245/191
f 4477/245/192 4466/315/192 4462/1579/192 4475/1585/192
f 4461/1577/193 4455/1575/193 4458/1574/193 4465/1578/193
f 4465/1578/194 4458/1574/194 4454/1573/194 4462/1579/194
f 4425/461/195 4453/483/195 4459/407/195 4428/455/195
f 4428/456/210 4459/407/210 4455/1575/210 4426/1554/210
f 4460/488/197 4433/469/197 4435/428/197 4463/380/197
f 4463/380/211 4435/426/211 4432/1559/211 4461/1577/211
f 4439/473/145 4467/493/145 4453/483/145 4425/461/145
f 4427/1557/146 4434/1561/146 4448/1571/146 4440/1564/146
f 4455/1575/147 4461/1577/147 4432/1559/147 4426/1554/147
f 4474/498/148 4446/478/148 4433/469/148 4460/488/148
f 4441/1567/149 4447/1568/149 4476/1587/149 4468/1581/149
f 4469/1583/150 4475/1585/150 4462/1579/150 4454/1573/150
f 4481/1588/151 4484/455/151 4485/422/151 4487/293/151
f 4482/1554/152 4486/1555/152 4485/1556/152 4484/456/152
f 4483/1589/153 4487/1361/153 4485/1362/153 4486/1558/153
f 4488/1559/208 4491/426/208 4492/427/208 4494/1560/208
f 4489/469/155 4493/1364/155 4492/1365/155 4491/428/155
f 4490/1590/156 4494/1562/156 4492/1563/156 4493/1367/156
f 4495/1591/157 4498/1369/157 4499/205/157 4501/1495/157
f 4496/1592/158 4500/1565/158 4499/1566/158 4498/1371/158
f 4497/1567/159 4501/433/159 4499/1566/159 4500/1565/159
f 4502/1593/160 4505/434/160 4506/435/160 4508/1373/160
f 4503/1568/161 4507/1569/161 4506/1594/161 4505/436/161
f 4504/1595/162 4508/1376/162 4506/1594/162 4507/1569/162
f 4509/1596/163 4512/1377/163 4513/1572/163 4515/407/163
f 4510/1597/164 4514/1574/164 4513/1572/164 4512/1377/164
f 4511/1575/165 4515/407/165 4513/1572/165 4514/1574/165
f 4516/1598/166 4519/380/166 4520/1576/166 4522/1380/166
f 4517/1577/167 4521/1578/167 4520/1576/167 4519/380/167
f 4518/1579/168 4522/1380/168 4520/1576/168 4521/1578/168
f 4523/1599/169 4526/386/169 4527/1580/169 4529/1383/169
f 4524/1581/170 4528/1582/170 4527/1580/170 4526/386/170
f 4525/1600/171 4529/1383/171 4527/1580/171 4528/1582/171
f 4530/1601/172 4533/1386/172 4534/1584/172 4536/394/172
f 4531/1602/173 4535/1586/173 4534/1584/173 4533/1386/173
f 4532/1587/174 4536/394/174 4534/1584/174 4535/1586/174
f 4495/1591/175 4481/1588/175 4487/293/175 4498/1369/175
f 4498/1371/176 4487/1361/176 4483/1589/176 4496/1592/176
f 4482/1554/209 4488/1559/209 4494/1560/209 4486/1555/209
f 4486/1558/178 4494/1562/178 4490/1590/178 4483/1589/178
f 4489/469/179 4502/1593/179 4508/1373/179 4493/1364/179
f 4493/1367/180 4508/1376/180 4504/1595/180 4490/1590/180
f 4503/1568/181 4497/1567/181 4500/1565/181 4507/1569/181
f 4507/1569/182 4500/1565/182 4496/1592/182 4504/1595/182
f 4523/1599/183 4495/1591/183 4501/1495/183 4526/386/183
f 4526/386/184 4501/433/184 4497/1567/184 4524/1581/184
f 4502/1593/185 4530/1601/185 4536/394/185 4505/434/185
f 4505/436/202 4536/394/202 4532/1587/202 4503/1568/202
f 4531/1602/187 4525/1600/187 4528/1582/187 4535/1586/187
f 4535/1586/203 4528/1582/203 4524/1581/203 4532/1587/203
f 4509/1596/189 4523/1599/189 4529/1383/189 4512/1377/189
f 4512/1377/190 4529/1383/190 4525/1600/190 4510/1597/190
f 4530/1601/191 4516/1598/191 4522/1380/191 4533/1386/191
f 4533/1386/192 4522/1380/192 4518/1579/192 4531/1602/192
f 4517/1577/193 4511/1575/193 4514/1574/193 4521/1578/193
f 4521/1578/194 4514/1574/194 4510/1597/194 4518/1579/194
f 4481/1588/195 4509/1596/195 4515/407/195 4484/455/195
f 4484/456/210 4515/407/210 4511/1575/210 4482/1554/210
f 4516/1598/197 4489/469/197 4491/428/197 4519/380/197
f 4519/380/211 4491/426/211 4488/1559/211 4517/1577/211
f 4495/1591/145 4523/1599/145 4509/1596/145 4481/1588/145
f 4483/1589/146 4490/1590/146 4504/1595/146 4496/1592/146
f 4511/1575/147 4517/1577/147 4488/1559/147 4482/1554/147
f 4530/1601/148 4502/1593/148 4489/469/148 4516/1598/148
f 4497/1567/149 4503/1568/149 4532/1587/149 4524/1581/149
f 4525/1600/150 4531/1602/150 4518/1579/150 4510/1597/150
f 4537/518/151 4540/455/151 4541/422/151 4543/293/151
f 4538/1554/152 4542/1555/152 4541/1556/152 4540/456/152
f 4539/1603/153 4543/1399/153 4541/1362/153 4542/1558/153
f 4544/1559/208 4547/426/208 4548/427/208 4550/1560/208
f 4545/1604/155 4549/1300/155 4548/1365/155 4547/428/155
f 4546/1605/156 4550/1562/156 4548/1563/156 4549/1402/156
f 4551/1606/157 4554/330/157 4555/331/157 4557/1495/157
f 4552/1607/158 4556/1565/158 4555/1566/158 4554/1405/158
f 4553/1567/159 4557/433/159 4555/1566/159 4556/1565/159
f 4558/1608/160 4561/434/160 4562/435/160 4564/1407/160
f 4559/1568/161 4563/1569/161 4562/1609/161 4561/436/161
f 4560/1610/162 4564/1410/162 4562/1609/162 4563/1569/162
f 4565/1611/163 4568/1412/163 4569/1572/163 4571/407/163
f 4566/1612/164 4570/1574/164 4569/1572/164 4568/1412/164
f 4567/1575/165 4571/407/165 4569/1572/165 4570/1574/165
f 4572/525/166 4575/380/166 4576/1576/166 4578/1414/166
f 4573/1577/167 4577/1578/167 4576/1576/167 4575/380/167
f 4574/1613/168 4578/1414/168 4576/1576/168 4577/1578/168
f 4579/1614/169 4582/386/169 4583/1615/169 4585/318/169
f 4580/1581/170 4584/1582/170 4583/1615/170 4582/386/170
f 4581/1616/171 4585/318/171 4583/1615/171 4584/1582/171
f 4586/498/172 4589/245/172 4590/1617/172 4592/394/172
f 4587/1618/173 4591/1586/173 4590/1617/173 4589/245/173
f 4588/1587/174 4592/394/174 4590/1617/174 4591/1586/174
f 4551/1606/175 4537/518/175 4543/293/175 4554/330/175
f 4554/1405/176 4543/1399/176 4539/1603/176 4552/1607/176
f 4538/1554/209 4544/1559/209 4550/1560/209 4542/1555/209
f 4542/1558/178 4550/1562/178 4546/1605/178 4539/1603/178
f 4545/1604/179 4558/1608/179 4564/1407/179 4549/1300/179
f 4549/1402/180 4564/1410/180 4560/1610/180 4546/1605/180
f 4559/1568/181 4553/1567/181 4556/1565/181 4563/1569/181
f 4563/1569/182 4556/1565/182 4552/1607/182 4560/1610/182
f 4579/1614/183 4551/1606/183 4557/1495/183 4582/386/183
f 4582/386/184 4557/433/184 4553/1567/184 4580/1581/184
f 4558/1608/185 4586/498/185 4592/394/185 4561/434/185
f 4561/436/202 4592/394/202 4588/1587/202 4559/1568/202
f 4587/1618/187 4581/1616/187 4584/1582/187 4591/1586/187
f 4591/1586/203 4584/1582/203 4580/1581/203 4588/1587/203
f 4565/1611/189 4579/1614/189 4585/318/189 4568/1412/189
f 4568/1412/190 4585/318/190 4581/1616/190 4566/1612/190
f 4586/498/191 4572/525/191 4578/1414/191 4589/245/191
f 4589/245/192 4578/1414/192 4574/1613/192 4587/1618/192
f 4573/1577/193 4567/1575/193 4570/1574/193 4577/1578/193
f 4577/1578/194 4570/1574/194 4566/1612/194 4574/1613/194
f 4537/518/195 4565/1611/195 4571/407/195 4540/455/195
f 4540/456/210 4571/407/210 4567/1575/210 4538/1554/210
f 4572/525/197 4545/1604/197 4547/428/197 4575/380/197
f 4575/380/211 4547/426/211 4544/1559/211 4573/1577/211
f 4551/1606/145 4579/1614/145 4565/1611/145 4537/518/145
f 4539/1603/146 4546/1605/146 4560/1610/146 4552/1607/146
f 4567/1575/147 4573/1577/147 4544/1559/147 4538/1554/147
f 4586/498/148 4558/1608/148 4545/1604/148 4572/525/148
f 4553/1567/149 4559/1568/149 4588/1587/149 4580/1581/149
f 4581/1616/150 4587/1618/150 4574/1613/150 4566/1612/150
f 4593/518/151 4596/421/151 4597/422/151 4599/293/151
f 4594/1619/152 4598/1555/152 4597/1556/152 4596/424/152
f 4595/1557/153 4599/1296/153 4597/1297/153 4598/1558/153
f 4600/1620/208 4603/426/208 4604/427/208 4606/1560/208
f 4601/469/155 4605/1300/155 4604/1301/155 4603/428/155
f 4602/1561/156 4606/1562/156 4604/1563/156 4605/1305/156
f 4607/520/157 4610/204/157 4611/205/157 4613/430/157
f 4608/1564/158 4612/1565/158 4611/1566/158 4610/210/158
f 4609/1621/159 4613/433/159 4611/1566/159 4612/1565/159
f 4614/478/160 4617/434/160 4618/435/160 4620/306/160
f 4615/1622/161 4619/1569/161 4618/1570/161 4617/436/161
f 4616/1571/162 4620/1316/162 4618/1570/162 4619/1569/162
f 4621/523/163 4624/311/163 4625/1572/163 4627/407/163
f 4622/1573/164 4626/1574/164 4625/1572/164 4624/311/164
f 4623/1623/165 4627/407/165 4625/1572/165 4626/1574/165
f 4628/525/166 4631/380/166 4632/1576/166 4634/315/166
f 4629/1624/167 4633/1578/167 4632/1576/167 4631/380/167
f 4630/1579/168 4634/315/168 4632/1576/168 4633/1578/168
f 4635/527/169 4638/442/169 4639/1580/169 4641/318/169
f 4636/1625/170 4640/1582/170 4639/1580/170 4638/442/170
f 4637/1583/171 4641/318/171 4639/1580/171 4640/1582/171
f 4642/516/172 4645/245/172 4646/1584/172 4648/394/172
f 4643/1585/173 4647/1586/173 4646/1584/173 4645/245/173
f 4644/1626/174 4648/394/174 4646/1584/174 4647/1586/174
f 4607/520/175 4593/518/175 4599/293/175 4610/204/175
f 4610/210/176 4599/1296/176 4595/1557/176 4608/1564/176
f 4594/1619/209 4600/1620/209 4606/1560/209 4598/1555/209
f 4598/1558/178 4606/1562/178 4602/1561/178 4595/1557/178
f 4601/469/179 4614/478/179 4620/306/179 4605/1300/179
f 4605/1305/180 4620/1316/180 4616/1571/180 4602/1561/180
f 4615/1622/181 4609/1621/181 4612/1565/181 4619/1569/181
f 4619/1569/200 4612/1565/200 4608/1564/200 4616/1571/200
f 4635/527/183 4607/520/183 4613/430/183 4638/442/183
f 4638/442/184 4613/433/184 4609/1621/184 4636/1625/184
f 4614/478/185 4642/516/185 4648/394/185 4617/434/185
f 4617/436/202 4648/394/202 4644/1626/202 4615/1622/202
f 4643/1585/187 4637/1583/187 4640/1582/187 4647/1586/187
f 4647/1586/188 4640/1582/188 4636/1625/188 4644/1626/188
f 4621/523/189 4635/527/189 4641/318/189 4624/311/189
f 4624/311/190 4641/318/190 4637/1583/190 4622/1573/190
f 4642/516/191 4628/525/191 4634/315/191 4645/245/191
f 4645/245/192 4634/315/192 4630/1579/192 4643/1585/192
f 4629/1624/193 4623/1623/193 4626/1574/193 4633/1578/193
f 4633/1578/194 4626/1574/194 4622/1573/194 4630/1579/194
f 4593/518/195 4621/523/195 4627/407/195 4596/421/195
f 4596/424/210 4627/407/210 4623/1623/210 4594/1619/210
f 4628/525/197 4601/469/197 4603/428/197 4631/380/197
f 4631/380/211 4603/426/211 4600/1620/211 4629/1624/211
f 4607/520/145 4635/527/145 4621/523/145 4593/518/145
f 4595/1557/146 4602/1561/146 4616/1571/146 4608/1564/146
f 4623/1623/147 4629/1624/147 4600/1620/147 4594/1619/147
f 4642/516/148 4614/478/148 4601/469/148 4628/525/148
f 4609/1621/149 4615/1622/149 4644/1626/149 4636/1625/149
f 4637/1583/150 4643/1585/150 4630/1579/150 4622/1573/150
f 4649/1627/151 4652/421/151 4653/422/151 4655/293/151
f 4650/1619/152 4654/1555/152 4653/1556/152 4652/424/152
f 4651/1589/153 4655/1361/153 4653/1362/153 4654/1558/153
f 4656/1620/208 4659/426/208 4660/427/208 4662/1560/208
f 4657/1628/155 4661/1364/155 4660/1365/155 4659/428/155
f 4658/1590/156 4662/1562/156 4660/1563/156 4661/1367/156
f 4663/1629/157 4666/1369/157 4667/205/157 4669/430/157
f 4664/1592/158 4668/1565/158 4667/1566/158 4666/1371/158
f 4665/1621/159 4669/433/159 4667/1566/159 4668/1565/159
f 4670/1630/160 4673/434/160 4674/435/160 4676/1373/160
f 4671/1622/161 4675/1569/161 4674/1594/161 4673/436/161
f 4672/1595/162 4676/1376/162 4674/1594/162 4675/1569/162
f 4677/1631/163 4680/1377/163 4681/1572/163 4683/407/163
f 4678/1597/164 4682/1574/164 4681/1572/164 4680/1377/164
f 4679/1623/165 4683/407/165 4681/1572/165 4682/1574/165
f 4684/1632/166 4687/380/166 4688/1576/166 4690/1380/166
f 4685/1624/167 4689/1578/167 4688/1576/167 4687/380/167
f 4686/1579/168 4690/1380/168 4688/1576/168 4689/1578/168
f 4691/1633/169 4694/442/169 4695/1580/169 4697/1383/169
f 4692/1625/170 4696/1582/170 4695/1580/170 4694/442/170
f 4693/1600/171 4697/1383/171 4695/1580/171 4696/1582/171
f 4698/1634/172 4701/1386/172 4702/1584/172 4704/394/172
f 4699/1602/173 4703/1586/173 4702/1584/173 4701/1386/173
f 4700/1626/174 4704/394/174 4702/1584/174 4703/1586/174
f 4663/1629/175 4649/1627/175 4655/293/175 4666/1369/175
f 4666/1371/176 4655/1361/176 4651/1589/176 4664/1592/176
f 4650/1619/209 4656/1620/209 4662/1560/209 4654/1555/209
f 4654/1558/178 4662/1562/178 4658/1590/178 4651/1589/178
f 4657/1628/179 4670/1630/179 4676/1373/179 4661/1364/179
f 4661/1367/180 4676/1376/180 4672/1595/180 4658/1590/180
f 4671/1622/181 4665/1621/181 4668/1565/181 4675/1569/181
f 4675/1569/200 4668/1565/200 4664/1592/200 4672/1595/200
f 4691/1633/183 4663/1629/183 4669/430/183 4694/442/183
f 4694/442/184 4669/433/184 4665/1621/184 4692/1625/184
f 4670/1630/185 4698/1634/185 4704/394/185 4673/434/185
f 4673/436/202 4704/394/202 4700/1626/202 4671/1622/202
f 4699/1602/187 4693/1600/187 4696/1582/187 4703/1586/187
f 4703/1586/203 4696/1582/203 4692/1625/203 4700/1626/203
f 4677/1631/189 4691/1633/189 4697/1383/189 4680/1377/189
f 4680/1377/190 4697/1383/190 4693/1600/190 4678/1597/190
f 4698/1634/191 4684/1632/191 4690/1380/191 4701/1386/191
f 4701/1386/192 4690/1380/192 4686/1579/192 4699/1602/192
f 4685/1624/193 4679/1623/193 4682/1574/193 4689/1578/193
f 4689/1578/194 4682/1574/194 4678/1597/194 4686/1579/194
f 4649/1627/195 4677/1631/195 4683/407/195 4652/421/195
f 4652/424/210 4683/407/210 4679/1623/210 4650/1619/210
f 4684/1632/197 4657/1628/197 4659/428/197 4687/380/197
f 4687/380/211 4659/426/211 4656/1620/211 4685/1624/211
f 4663/1629/145 4691/1633/145 4677/1631/145 4649/1627/145
f 4651/1589/146 4658/1590/146 4672/1595/146 4664/1592/146
f 4679/1623/147 4685/1624/147 4656/1620/147 4650/1619/147
f 4698/1634/148 4670/1630/148 4657/1628/148 4684/1632/148
f 4665/1621/149 4671/1622/149 4700/1626/149 4692/1625/149
f 4693/1600/150 4699/1602/150 4686/1579/150 4678/1597/150
f 4705/1627/151 4708/421/151 4709/422/151 4711/293/151
f 4706/1619/152 4710/1555/152 4709/1556/152 4708/424/152
f 4707/1603/153 4711/1399/153 4709/1362/153 4710/1558/153
f 4712/1620/208 4715/426/208 4716/427/208 4718/1560/208
f 4713/1628/155 4717/1300/155 4716/1365/155 4715/428/155
f 4714/1605/156 4718/1562/156 4716/1563/156 4717/1402/156
f 4719/1635/157 4722/330/157 4723/331/157 4725/430/157
f 4720/1607/158 4724/1565/158 4723/1566/158 4722/1405/158
f 4721/1621/159 4725/433/159 4723/1566/159 4724/1565/159
f 4726/1636/160 4729/434/160 4730/435/160 4732/1407/160
f 4727/1622/161 4731/1569/161 4730/1609/161 4729/436/161
f 4728/1610/162 4732/1410/162 4730/1609/162 4731/1569/162
f 4733/1637/163 4736/1412/163 4737/1572/163 4739/407/163
f 4734/1612/164 4738/1574/164 4737/1572/164 4736/1412/164
f 4735/1623/165 4739/407/165 4737/1572/165 4738/1574/165
f 4740/1632/166 4743/380/166 4744/1576/166 4746/1414/166
f 4741/1624/355 4745/1578/355 4744/1576/355 4743/380/355
f 4742/1613/168 4746/1414/168 4744/1576/168 4745/1578/168
f 4747/1638/169 4750/442/169 4751/1615/169 4753/318/169
f 4748/1625/170 4752/1582/170 4751/1615/170 4750/442/170
f 4749/1616/171 4753/318/171 4751/1615/171 4752/1582/171
f 4754/516/172 4757/245/172 4758/1617/172 4760/394/172
f 4755/1618/173 4759/1586/173 4758/1617/173 4757/245/173
f 4756/1626/174 4760/394/174 4758/1617/174 4759/1586/174
f 4719/1635/175 4705/1627/175 4711/293/175 4722/330/175
f 4722/1405/176 4711/1399/176 4707/1603/176 4720/1607/176
f 4706/1619/209 4712/1620/209 4718/1560/209 4710/1555/209
f 4710/1558/178 4718/1562/178 4714/1605/178 4707/1603/178
f 4713/1628/179 4726/1636/179 4732/1407/179 4717/1300/179
f 4717/1402/180 4732/1410/180 4728/1610/180 4714/1605/180
f 4727/1622/181 4721/1621/181 4724/1565/181 4731/1569/181
f 4731/1569/182 4724/1565/182 4720/1607/182 4728/1610/182
f 4747/1638/183 4719/1635/183 4725/430/183 4750/442/183
f 4750/442/184 4725/433/184 4721/1621/184 4748/1625/184
f 4726/1636/185 4754/516/185 4760/394/185 4729/434/185
f 4729/436/202 4760/394/202 4756/1626/202 4727/1622/202
f 4755/1618/187 4749/1616/187 4752/1582/187 4759/1586/187
f 4759/1586/203 4752/1582/203 4748/1625/203 4756/1626/203
f 4733/1637/189 4747/1638/189 4753/318/189 4736/1412/189
f 4736/1412/190 4753/318/190 4749/1616/190 4734/1612/190
f 4754/516/191 4740/1632/191 4746/1414/191 4757/245/191
f 4757/245/192 4746/1414/192 4742/1613/192 4755/1618/192
f 4741/1624/193 4735/1623/193 4738/1574/193 4745/1578/193
f 4745/1578/194 4738/1574/194 4734/1612/194 4742/1613/194
f 4705/1627/195 4733/1637/195 4739/407/195 4708/421/195
f 4708/424/210 4739/407/210 4735/1623/210 4706/1619/210
f 4740/1632/197 4713/1628/197 4715/428/197 4743/380/197
f 4743/380/211 4715/426/211 4712/1620/211 4741/1624/211
f 4719/1635/145 4747/1638/145 4733/1637/145 4705/1627/145
f 4707/1603/146 4714/1605/146 4728/1610/146 4720/1607/146
f 4735/1623/147 4741/1624/147 4712/1620/147 4706/1619/147
f 4754/516/148 4726/1636/148 4713/1628/148 4740/1632/148
f 4721/1621/149 4727/1622/149 4756/1626/149 4748/1625/149
f 4749/1616/150 4755/1618/150 4742/1613/150 4734/1612/150
f 4761/461/151 4764/455/151 4765/422/151 4767/293/151
f 4762/1554/152 4766/1555/152 4765/1556/152 4764/456/152
f 4763/1557/153 4767/1296/153 4765/1297/153 4766/1558/153
f 4768/1559/208 4771/426/208 4772/427/208 4774/1560/208
f 4769/469/155 4773/1300/155 4772/1301/155 4771/428/155
f 4770/1561/156 4774/1562/156 4772/1563/156 4773/1305/156
f 4775/473/157 4778/204/157 4779/205/157 4781/1495/157
f 4776/1564/158 4780/1565/158 4779/1566/158 4778/210/158
f 4777/1567/159 4781/433/159 4779/1566/159 4780/1565/159
f 4782/478/160 4785/434/160 4786/435/160 4788/306/160
f 4783/1568/161 4787/1569/161 4786/1570/161 4785/436/161
f 4784/1571/162 4788/1316/162 4786/1570/162 4787/1569/162
f 4789/483/163 4792/311/163 4793/1572/163 4795/407/163
f 4790/1573/164 4794/1574/164 4793/1572/164 4792/311/164
f 4791/1575/165 4795/407/165 4793/1572/165 4794/1574/165
f 4796/488/166 4799/380/166 4800/1576/166 4802/315/166
f 4797/1577/167 4801/1578/167 4800/1576/167 4799/380/167
f 4798/1579/168 4802/315/168 4800/1576/168 4801/1578/168
f 4803/493/169 4806/386/169 4807/1580/169 4809/318/169
f 4804/1581/170 4808/1582/170 4807/1580/170 4806/386/170
f 4805/1583/171 4809/318/171 4807/1580/171 4808/1582/171
f 4810/498/172 4813/245/172 4814/1584/172 4816/394/172
f 4811/1585/173 4815/1586/173 4814/1584/173 4813/245/173
f 4812/1587/174 4816/394/174 4814/1584/174 4815/1586/174
f 4775/473/175 4761/461/175 4767/293/175 4778/204/175
f 4778/210/176 4767/1296/176 4763/1557/176 4776/1564/176
f 4762/1554/209 4768/1559/209 4774/1560/209 4766/1555/209
f 4766/1558/178 4774/1562/178 4770/1561/178 4763/1557/178
f 4769/469/179 4782/478/179 4788/306/179 4773/1300/179
f 4773/1305/180 4788/1316/180 4784/1571/180 4770/1561/180
f 4783/1568/181 4777/1567/181 4780/1565/181 4787/1569/181
f 4787/1569/200 4780/1565/200 4776/1564/200 4784/1571/200
f 4803/493/183 4775/473/183 4781/1495/183 4806/386/183
f 4806/386/184 4781/433/184 4777/1567/184 4804/1581/184
f 4782/478/185 4810/498/185 4816/394/185 4785/434/185
f 4785/436/202 4816/394/202 4812/1587/202 4783/1568/202
f 4811/1585/187 4805/1583/187 4808/1582/187 4815/1586/187
f 4815/1586/203 4808/1582/203 4804/1581/203 4812/1587/203
f 4789/483/189 4803/493/189 4809/318/189 4792/311/189
f 4792/311/190 4809/318/190 4805/1583/190 4790/1573/190
f 4810/498/191 4796/488/191 4802/315/191 4813/245/191
f 4813/245/192 4802/315/192 4798/1579/192 4811/1585/192
f 4797/1577/193 4791/1575/193 4794/1574/193 4801/1578/193
f 4801/1578/205 4794/1574/205 4790/1573/205 4798/1579/205
f 4761/461/195 4789/483/195 4795/407/195 4764/455/195
f 4764/456/210 4795/407/210 4791/1575/210 4762/1554/210
f 4796/488/197 4769/469/197 4771/428/197 4799/380/197
f 4799/380/211 4771/426/211 4768/1559/211 4797/1577/211
f 4775/473/145 4803/493/145 4789/483/145 4761/461/145
f 4763/1557/146 4770/1561/146 4784/1571/146 4776/1564/146
f 4791/1575/147 4797/1577/147 4768/1559/147 4762/1554/147
f 4810/498/148 4782/478/148 4769/469/148 4796/488/148
f 4777/1567/149 4783/1568/149 4812/1587/149 4804/1581/149
f 4805/1583/150 4811/1585/150 4798/1579/150 4790/1573/150
f 4817/1588/151 4820/455/151 4821/422/151 4823/293/151
f 4818/1554/152 4822/1555/152 4821/1556/152 4820/456/152
f 4819/1589/153 4823/1361/153 4821/1362/153 4822/1558/153
f 4824/1559/208 4827/426/208 4828/427/208 4830/1560/208
f 4825/469/155 4829/1364/155 4828/1365/155 4827/428/155
f 4826/1590/156 4830/1562/156 4828/1563/156 4829/1367/156
f 4831/1591/157 4834/1369/157 4835/205/157 4837/1495/157
f 4832/1592/158 4836/1565/158 4835/1566/158 4834/1371/158
f 4833/1567/159 4837/433/159 4835/1566/159 4836/1565/159
f 4838/1593/160 4841/434/160 4842/435/160 4844/1373/160
f 4839/1568/161 4843/1569/161 4842/1594/161 4841/436/161
f 4840/1595/162 4844/1376/162 4842/1594/162 4843/1569/162
f 4845/1596/163 4848/1377/163 4849/1572/163 4851/407/163
f 4846/1597/164 4850/1574/164 4849/1572/164 4848/1377/164
f 4847/1575/165 4851/407/165 4849/1572/165 4850/1574/165
f 4852/1598/166 4855/380/166 4856/1576/166 4858/1380/166
f 4853/1577/167 4857/1578/167 4856/1576/167 4855/380/167
f 4854/1579/168 4858/1380/168 4856/1576/168 4857/1578/168
f 4859/1599/169 4862/386/169 4863/1580/169 4865/1383/169
f 4860/1581/170 4864/1582/170 4863/1580/170 4862/386/170
f 4861/1600/171 4865/1383/171 4863/1580/171 4864/1582/171
f 4866/1601/172 4869/1386/172 4870/1584/172 4872/394/172
f 4867/1602/173 4871/1586/173 4870/1584/173 4869/1386/173
f 4868/1587/174 4872/394/174 4870/1584/174 4871/1586/174
f 4831/1591/175 4817/1588/175 4823/293/175 4834/1369/175
f 4834/1371/176 4823/1361/176 4819/1589/176 4832/1592/176
f 4818/1554/209 4824/1559/209 4830/1560/209 4822/1555/209
f 4822/1558/178 4830/1562/178 4826/1590/178 4819/1589/178
f 4825/469/179 4838/1593/179 4844/1373/179 4829/1364/179
f 4829/1367/180 4844/1376/180 4840/1595/180 4826/1590/180
f 4839/1568/181 4833/1567/181 4836/1565/181 4843/1569/181
f 4843/1569/200 4836/1565/200 4832/1592/200 4840/1595/200
f 4859/1599/183 4831/1591/183 4837/1495/183 4862/386/183
f 4862/386/184 4837/433/184 4833/1567/184 4860/1581/184
f 4838/1593/185 4866/1601/185 4872/394/185 4841/434/185
f 4841/436/202 4872/394/202 4868/1587/202 4839/1568/202
f 4867/1602/187 4861/1600/187 4864/1582/187 4871/1586/187
f 4871/1586/203 4864/1582/203 4860/1581/203 4868/1587/203
f 4845/1596/189 4859/1599/189 4865/1383/189 4848/1377/189
f 4848/1377/190 4865/1383/190 4861/1600/190 4846/1597/190
f 4866/1601/191 4852/1598/191 4858/1380/191 4869/1386/191
f 4869/1386/192 4858/1380/192 4854/1579/192 4867/1602/192
f 4853/1577/193 4847/1575/193 4850/1574/193 4857/1578/193
f 4857/1578/194 4850/1574/194 4846/1597/194 4854/1579/194
f 4817/1588/195 4845/1596/195 4851/407/195 4820/455/195
f 4820/456/210 4851/407/210 4847/1575/210 4818/1554/210
f 4852/1598/197 4825/469/197 4827/428/197 4855/380/197
f 4855/380/211 4827/426/211 4824/1559/211 4853/1577/211
f 4831/1591/145 4859/1599/145 4845/1596/145 4817/1588/145
f 4819/1589/146 4826/1590/146 4840/1595/146 4832/1592/146
f 4847/1575/147 4853/1577/147 4824/1559/147 4818/1554/147
f 4866/1601/148 4838/1593/148 4825/469/148 4852/1598/148
f 4833/1567/149 4839/1568/149 4868/1587/149 4860/1581/149
f 4861/1600/150 4867/1602/150 4854/1579/150 4846/1597/150
f 4873/518/151 4876/455/151 4877/422/151 4879/293/151
f 4874/1554/152 4878/1555/152 4877/1556/152 4876/456/152
f 4875/1603/153 4879/1399/153 4877/1362/153 4878/1558/153
f 4880/1559/208 4883/426/208 4884/427/208 4886/1560/208
f 4881/1604/155 4885/1300/155 4884/1365/155 4883/428/155
f 4882/1605/156 4886/1562/156 4884/1563/156 4885/1402/156
f 4887/1606/157 4890/330/157 4891/331/157 4893/1495/157
f 4888/1607/158 4892/1565/158 4891/1566/158 4890/1405/158
f 4889/1567/159 4893/433/159 4891/1566/159 4892/1565/159
f 4894/1608/160 4897/434/160 4898/435/160 4900/1407/160
f 4895/1568/161 4899/1569/161 4898/1609/161 4897/436/161
f 4896/1610/162 4900/1410/162 4898/1609/162 4899/1569/162
f 4901/1611/163 4904/1412/163 4905/1572/163 4907/407/163
f 4902/1612/164 4906/1574/164 4905/1572/164 4904/1412/164
f 4903/1575/165 4907/407/165 4905/1572/165 4906/1574/165
f 4908/525/166 4911/380/166 4912/1576/166 4914/1414/166
f 4909/1577/167 4913/1578/167 4912/1576/167 4911/380/167
f 4910/1613/168 4914/1414/168 4912/1576/168 4913/1578/168
f 4915/1614/169 4918/386/169 4919/1615/169 4921/318/169
f 4916/1581/170 4920/1582/170 4919/1615/170 4918/386/170
f 4917/1616/171 4921/318/171 4919/1615/171 4920/1582/171
f 4922/498/172 4925/245/172 4926/1617/172 4928/394/172
f 4923/1618/173 4927/1586/173 4926/1617/173 4925/245/173
f 4924/1587/174 4928/394/174 4926/1617/174 4927/1586/174
f 4887/1606/175 4873/518/175 4879/293/175 4890/330/175
f 4890/1405/176 4879/1399/176 4875/1603/176 4888/1607/176
f 4874/1554/209 4880/1559/209 4886/1560/209 4878/1555/209
f 4878/1558/178 4886/1562/178 4882/1605/178 4875/1603/178
f 4881/1604/179 4894/1608/179 4900/1407/179 4885/1300/179
f 4885/1402/180 4900/1410/180 4896/1610/180 4882/1605/180
f 4895/1568/181 4889/1567/181 4892/1565/181 4899/1569/181
f 4899/1569/182 4892/1565/182 4888/1607/182 4896/1610/182
f 4915/1614/183 4887/1606/183 4893/1495/183 4918/386/183
f 4918/386/184 4893/433/184 4889/1567/184 4916/1581/184
f 4894/1608/185 4922/498/185 4928/394/185 4897/434/185
f 4897/436/202 4928/394/202 4924/1587/202 4895/1568/202
f 4923/1618/187 4917/1616/187 4920/1582/187 4927/1586/187
f 4927/1586/203 4920/1582/203 4916/1581/203 4924/1587/203
f 4901/1611/189 4915/1614/189 4921/318/189 4904/1412/189
f 4904/1412/190 4921/318/190 4917/1616/190 4902/1612/190
f 4922/498/191 4908/525/191 4914/1414/191 4925/245/191
f 4925/245/192 4914/1414/192 4910/1613/192 4923/1618/192
f 4909/1577/193 4903/1575/193 4906/1574/193 4913/1578/193
f 4913/1578/205 4906/1574/205 4902/1612/205 4910/1613/205
f 4873/518/195 4901/1611/195 4907/407/195 4876/455/195
f 4876/456/210 4907/407/210 4903/1575/210 4874/1554/210
f 4908/525/197 4881/1604/197 4883/428/197 4911/380/197
f 4911/380/211 4883/426/211 4880/1559/211 4909/1577/211
f 4887/1606/145 4915/1614/145 4901/1611/145 4873/518/145
f 4875/1603/146 4882/1605/146 4896/1610/146 4888/1607/146
f 4903/1575/147 4909/1577/147 4880/1559/147 4874/1554/147
f 4922/498/148 4894/1608/148 4881/1604/148 4908/525/148
f 4889/1567/149 4895/1568/149 4924/1587/149 4916/1581/149
f 4917/1616/150 4923/1618/150 4910/1613/150 4902/1612/150
f 5147/1639/356 4931/1640/356 4939/1641/356 4940/1642/356
f 5145/1643/357 5144/1644/357 4936/1645/357 4937/1646/357
f 5150/1647/358 4932/1648/358 4943/1649/358 4944/1650/358
f 5143/1651/359 4929/1652/359 4934/1653/359
f 5148/1654/360 5147/1639/360 4940/1642/360 4941/1655/360
f 5146/1656/361 5145/1643/361 4937/1646/361 4938/1657/361
f 4933/1658/362 5150/1647/362 4944/1650/362
f 4930/1659/363 5143/1651/363 4934/1653/363 4935/1660/363
f 5149/1661/364 5148/1654/364 4941/1655/364 4942/1662/364
f 4931/1640/365 5146/1656/365 4938/1657/365 4939/1641/365
f 5144/1644/366 4930/1659/366 4935/1660/366 4936/1645/366
f 4932/1648/367 5149/1661/367 4942/1662/367 4943/1649/367
f 4938/1657/368 4937/1646/368 4948/1663/368 4949/1664/368
f 4933/1665/369 4944/1650/369 4955/1666/369
f 4935/1660/370 4934/1653/370 4945/1667/370 4946/1668/370
f 4942/1662/371 4941/1655/371 4952/1669/371 4953/1670/371
f 4939/1641/372 4938/1657/372 4949/1664/372 4950/1671/372
f 4936/1645/373 4935/1660/373 4946/1668/373 4947/1672/373
f 4943/1649/374 4942/1662/374 4953/1670/374 4954/1673/374
f 4940/1642/375 4939/1641/375 4950/1671/375 4951/1674/375
f 4937/1646/376 4936/1645/376 4947/1672/376 4948/1663/376
f 4944/1650/377 4943/1649/377 4954/1673/377 4955/1666/377
f 4934/1653/378 4929/1675/378 4945/1667/378
f 4941/1655/379 4940/1642/379 4951/1674/379 4952/1669/379
f 4948/1663/380 4947/1672/380 4958/1676/380 4959/1677/380
f 4955/1666/381 4954/1673/381 4965/1678/381 4966/1679/381
f 4945/1667/382 4929/562/382 4956/1680/382
f 4952/1669/383 4951/1674/383 4962/1681/383 4963/1682/383
f 4949/1664/384 4948/1663/384 4959/1677/384 4960/1683/384
f 4933/1684/385 4955/1666/385 4966/1679/385
f 4946/1668/386 4945/1667/386 4956/1680/386 4957/1685/386
f 4953/1670/387 4952/1669/387 4963/1682/387 4964/1686/387
f 4950/1671/388 4949/1664/388 4960/1683/388 4961/1687/388
f 4947/1672/389 4946/1668/389 4957/1685/389 4958/1676/389
f 4954/1673/390 4953/1670/390 4964/1686/390 4965/1678/390
f 4951/1674/391 4950/1671/391 4961/1687/391 4962/1681/391
f 4961/1687/392 4960/1683/392 4971/1688/392 4972/1689/392
f 4958/1676/393 4957/1685/393 4968/1690/393 4969/1691/393
f 4965/1678/394 4964/1686/394 4975/1692/394 4976/1693/394
f 4962/1681/395 4961/1687/395 4972/1689/395 4973/1694/395
f 4959/1677/396 4958/1676/396 4969/1691/396 4970/1695/396
f 4966/1679/397 4965/1678/397 4976/1693/397 4977/1696/397
f 4956/1680/398 4929/1697/398 4967/1698/398
f 4963/1682/399 4962/1681/399 4973/1694/399 4974/1699/399
f 4960/1683/400 4959/1677/400 4970/1695/400 4971/1688/400
f 4933/1700/401 4966/1679/401 4977/1696/401
f 4957/1685/402 4956/1680/402 4967/1698/402 4968/1690/402
f 4964/1686/403 4963/1682/403 4974/1699/403 4975/1692/403
f 4971/1688/404 4970/1695/404 4981/1701/404 4982/1702/404
f 4933/1703/405 4977/1696/405 4988/1704/405
f 4968/1690/406 4967/1698/406 4978/1705/406 4979/1706/406
f 4975/1692/407 4974/1699/407 4985/1707/407 4986/1708/407
f 4972/1689/408 4971/1688/408 4982/1702/408 4983/1709/408
f 4969/1691/409 4968/1690/409 4979/1706/409 4980/1710/409
f 4976/1693/410 4975/1692/410 4986/1708/410 4987/1711/410
f 4973/1694/411 4972/1689/411 4983/1709/411 4984/1712/411
f 4970/1695/412 4969/1691/412 4980/1710/412 4981/1701/412
f 4977/1696/413 4976/1693/413 4987/1711/413 4988/1704/413
f 4967/1698/414 4929/1713/414 4978/1705/414
f 4974/1699/415 4973/1694/415 4984/1712/415 4985/1707/415
f 4984/1712/416 4983/1709/416 4994/1714/416 4995/1715/416
f 4981/1701/417 4980/1710/417 4991/1716/417 4992/1717/417
f 4988/1704/418 4987/1711/418 4998/1718/418 4999/1719/418
f 4978/1705/419 4929/1720/419 4989/1721/419
f 4985/1707/420 4984/1712/420 4995/1715/420 4996/1722/420
f 4982/1702/421 4981/1701/421 4992/1717/421 4993/1723/421
f 4933/1724/422 4988/1704/422 4999/1719/422
f 4979/1706/423 4978/1705/423 4989/1721/423 4990/1725/423
f 4986/1708/424 4985/1707/424 4996/1722/424 4997/1726/424
f 4983/1709/425 4982/1702/425 4993/1723/425 4994/1714/425
f 4980/1710/426 4979/1706/426 4990/1725/426 4991/1716/426
f 4987/1711/427 4986/1708/427 4997/1726/427 4998/1718/427
f 4994/1714/428 4993/1723/428 5004/1727/428 5005/1728/428
f 4991/1716/429 4990/1725/429 5001/1729/429 5002/1730/429
f 4998/1718/430 4997/1726/430 5008/1731/430 5009/1732/430
f 4995/1715/431 4994/1714/431 5005/1728/431 5006/1733/431
f 4992/1717/432 4991/1716/432 5002/1730/432 5003/1734/432
f 4999/1719/433 4998/1718/433 5009/1732/433 5010/1735/433
f 4989/1721/434 4929/1736/434 5000/1737/434
f 4996/1722/435 4995/1715/435 5006/1733/435 5007/1738/435
f 4993/1723/436 4992/1717/436 5003/1734/436 5004/1727/436
f 4933/1739/437 4999/1719/437 5010/1735/437
f 4990/1725/438 4989/1721/438 5000/1737/438 5001/1729/438
f 4997/1726/439 4996/1722/439 5007/1738/439 5008/1731/439
f 5007/1738/440 5006/1733/440 5017/1740/440 5018/1741/440
f 5004/1727/441 5003/1734/441 5014/1742/441 5015/1743/441
f 4933/552/442 5010/1735/442 5021/1744/442
f 5001/1729/443 5000/1737/443 5011/1745/443 5012/1746/443
f 5008/1731/444 5007/1738/444 5018/1741/444 5019/1747/444
f 5005/1728/445 5004/1727/445 5015/1743/445 5016/1748/445
f 5002/1730/446 5001/1729/446 5012/1746/446 5013/1749/446
f 5009/1732/447 5008/1731/447 5019/1747/447 5020/1750/447
f 5006/1733/448 5005/1728/448 5016/1748/448 5017/1740/448
f 5003/1734/449 5002/1730/449 5013/1749/449 5014/1742/449
f 5010/1735/450 5009/1732/450 5020/1750/450 5021/1744/450
f 5000/1737/451 4929/1751/451 5011/1745/451
f 5017/1740/452 5016/1748/452 5027/1752/452 5028/1753/452
f 5014/1742/453 5013/1749/453 5024/1754/453 5025/1755/453
f 5021/1744/454 5020/1750/454 5031/1756/454 5032/1757/454
f 5011/1745/455 4929/1758/455 5022/1759/455
f 5018/1741/456 5017/1740/456 5028/1753/456 5029/1760/456
f 5015/1743/457 5014/1742/457 5025/1755/457 5026/1761/457
f 4933/1762/458 5021/1744/458 5032/1757/458
f 5012/1746/459 5011/1745/459 5022/1759/459 5023/1763/459
f 5019/1747/460 5018/1741/460 5029/1760/460 5030/1764/460
f 5016/1748/461 5015/1743/461 5026/1761/461 5027/1752/461
f 5013/1749/462 5012/1746/462 5023/1763/462 5024/1754/462
f 5020/1750/463 5019/1747/463 5030/1764/463 5031/1756/463
f 5030/1764/464 5029/1760/464 5040/1765/464 5041/1766/464
f 5027/1752/465 5026/1761/465 5037/1767/465 5038/1768/465
f 5024/1754/466 5023/1763/466 5034/1769/466 5035/1770/466
f 5031/1756/467 5030/1764/467 5041/1766/467 5042/1771/467
f 5028/1753/468 5027/1752/468 5038/1768/468 5039/1772/468
f 5025/1755/469 5024/1754/469 5035/1770/469 5036/1773/469
f 5032/1757/470 5031/1756/470 5042/1771/470 5043/1774/470
f 5022/1759/471 4929/1775/471 5033/1776/471
f 5029/1760/472 5028/1753/472 5039/1772/472 5040/1765/472
f 5026/1761/473 5025/1755/473 5036/1773/473 5037/1767/473
f 4933/1777/474 5032/1757/474 5043/1774/474
f 5023/1763/475 5022/1759/475 5033/1776/475 5034/1769/475
f 5033/1776/476 4929/1778/476 5044/1779/476
f 5040/1765/477 5039/1772/477 5050/1780/477 5051/1781/477
f 5037/1767/478 5036/1773/478 5047/1782/478 5048/1783/478
f 4933/1784/479 5043/1774/479 5054/1785/479
f 5034/1769/480 5033/1776/480 5044/1779/480 5045/1786/480
f 5041/1766/481 5040/1765/481 5051/1781/481 5052/1787/481
f 5038/1768/482 5037/1767/482 5048/1783/482 5049/1788/482
f 5035/1770/483 5034/1769/483 5045/1786/483 5046/1789/483
f 5042/1771/484 5041/1766/484 5052/1787/484 5053/1790/484
f 5039/1772/485 5038/1768/485 5049/1788/485 5050/1780/485
f 5036/1773/486 5035/1770/486 5046/1789/486 5047/1782/486
f 5043/1774/487 5042/1771/487 5053/1790/487 5054/1785/487
f 5053/1790/488 5052/1787/488 5063/1791/488 5064/1792/488
f 5050/1780/489 5049/1788/489 5060/1793/489 5061/1794/489
f 5047/1782/490 5046/1789/490 5057/1795/490 5058/1796/490
f 5054/1785/491 5053/1790/491 5064/1792/491 5065/1797/491
f 5044/1779/492 4929/1798/492 5055/1799/492
f 5051/1781/493 5050/1780/493 5061/1794/493 5062/1800/493
f 5048/1783/494 5047/1782/494 5058/1796/494 5059/1801/494
f 4933/1802/495 5054/1785/495 5065/1797/495
f 5045/1786/496 5044/1779/496 5055/1799/496 5056/1803/496
f 5052/1787/497 5051/1781/497 5062/1800/497 5063/1791/497
f 5049/1788/498 5048/1783/498 5059/1801/498 5060/1793/498
f 5046/1789/499 5045/1786/499 5056/1803/499 5057/1795/499
f 5056/1803/500 5055/1799/500 5066/1804/500 5067/1805/500
f 5063/1791/501 5062/1800/501 5073/1806/501 5074/1807/501
f 5060/1793/502 5059/1801/502 5070/1808/502 5071/1809/502
f 5057/1795/503 5056/1803/503 5067/1805/503 5068/1810/503
f 5064/1792/504 5063/1791/504 5074/1807/504 5075/1811/504
f 5061/1794/505 5060/1793/505 5071/1809/505 5072/1812/505
f 5058/1796/506 5057/1795/506 5068/1810/506 5069/1813/506
f 5065/1797/507 5064/1792/507 5075/1811/507 5076/1814/507
f 5055/1799/508 4929/1815/508 5066/1804/508
f 5062/1800/509 5061/1794/509 5072/1812/509 5073/1806/509
f 5059/1801/510 5058/1796/510 5069/1813/510 5070/1808/510
f 4933/1816/511 5065/1797/511 5076/1814/511
f 5076/1814/512 5075/1811/512 5086/1817/512 5087/1818/512
f 5066/1804/513 4929/1819/513 5077/1820/513
f 5073/1806/514 5072/1812/514 5083/1821/514 5084/1822/514
f 5070/1808/515 5069/1813/515 5080/1823/515 5081/1824/515
f 4933/1825/516 5076/1814/516 5087/1818/516
f 5067/1805/517 5066/1804/517 5077/1820/517 5078/1826/517
f 5074/1807/518 5073/1806/518 5084/1822/518 5085/1827/518
f 5071/1809/519 5070/1808/519 5081/1824/519 5082/1828/519
f 5068/1810/520 5067/1805/520 5078/1826/520 5079/1829/520
f 5075/1811/521 5074/1807/521 5085/1827/521 5086/1817/521
f 5072/1812/522 5071/1809/522 5082/1828/522 5083/1821/522
f 5069/1813/523 5068/1810/523 5079/1829/523 5080/1823/523
f 5079/1829/524 5078/1826/524 5089/1830/524 5090/1831/524
f 5086/1817/525 5085/1827/525 5096/1832/525 5097/1833/525
f 5083/1821/526 5082/1828/526 5093/1834/526 5094/1835/526
f 5080/1823/527 5079/1829/527 5090/1831/527 5091/1836/527
f 5087/1818/528 5086/1817/528 5097/1833/528 5098/1837/528
f 5077/1820/529 4929/1838/529 5088/1839/529
f 5084/1822/530 5083/1821/530 5094/1835/530 5095/1840/530
f 5081/1824/531 5080/1823/531 5091/1836/531 5092/1841/531
f 4933/1842/532 5087/1818/532 5098/1837/532
f 5078/1826/533 5077/1820/533 5088/1839/533 5089/1830/533
f 5085/1827/534 5084/1822/534 5095/1840/534 5096/1832/534
f 5082/1828/535 5081/1824/535 5092/1841/535 5093/1834/535
f 4933/1843/536 5098/1844/536 5109/1845/536
f 5089/1846/537 5088/1847/537 5099/1848/537 5100/1849/537
f 5096/1850/538 5095/1851/538 5106/1852/538 5107/1853/538
f 5093/1854/539 5092/1855/539 5103/1856/539 5104/1857/539
f 5090/1858/540 5089/1846/540 5100/1849/540 5101/1859/540
f 5097/1860/541 5096/1850/541 5107/1853/541 5108/1861/541
f 5094/1862/542 5093/1854/542 5104/1857/542 5105/1863/542
f 5091/1864/543 5090/1858/543 5101/1859/543 5102/1865/543
f 5098/1844/544 5097/1860/544 5108/1861/544 5109/1845/544
f 5088/1847/545 4929/1866/545 5099/1848/545
f 5095/1851/546 5094/1862/546 5105/1863/546 5106/1852/546
f 5092/1855/547 5091/1864/547 5102/1865/547 5103/1856/547
f 5102/1865/548 5101/1859/548 5112/1867/548 5113/1868/548
f 5109/1845/549 5108/1861/549 5119/1869/549 5120/1870/549
f 5099/1848/550 4929/1871/550 5110/1872/550
f 5106/1852/551 5105/1863/551 5116/1873/551 5117/1874/551
f 5103/1856/552 5102/1865/552 5113/1868/552 5114/1875/552
f 4933/1876/553 5109/1845/553 5120/1870/553
f 5100/1849/554 5099/1848/554 5110/1872/554 5111/1877/554
f 5107/1853/555 5106/1852/555 5117/1874/555 5118/1878/555
f 5104/1857/556 5103/1856/556 5114/1875/556 5115/1879/556
f 5101/1859/557 5100/1849/557 5111/1877/557 5112/1867/557
f 5108/1861/558 5107/1853/558 5118/1878/558 5119/1869/558
f 5105/1863/559 5104/1857/559 5115/1879/559 5116/1873/559
f 5112/1867/560 5111/1877/560 5122/1880/560 5123/1881/560
f 5119/1869/561 5118/1878/561 5129/1882/561 5130/1883/561
f 5116/1873/562 5115/1879/562 5126/1884/562 5127/1885/562
f 5113/1868/563 5112/1867/563 5123/1881/563 5124/1886/563
f 5120/1870/564 5119/1869/564 5130/1883/564 5131/1887/564
f 5110/1872/565 4929/1888/565 5121/1889/565
f 5117/1874/566 5116/1873/566 5127/1885/566 5128/1890/566
f 5114/1875/567 5113/1868/567 5124/1886/567 5125/1891/567
f 4933/1892/568 5120/1870/568 5131/1887/568
f 5111/1877/569 5110/1872/569 5121/1889/569 5122/1880/569
f 5118/1878/570 5117/1874/570 5128/1890/570 5129/1882/570
f 5115/1879/571 5114/1875/571 5125/1891/571 5126/1884/571
f 5125/1891/572 5124/1886/572 5135/1893/572 5136/1894/572
f 4933/1895/573 5131/1887/573 5142/1896/573
f 5122/1880/574 5121/1889/574 5132/1897/574 5133/1898/574
f 5129/1882/575 5128/1890/575 5139/1899/575 5140/1900/575
f 5126/1884/576 5125/1891/576 5136/1894/576 5137/1901/576
f 5123/1881/577 5122/1880/577 5133/1898/577 5134/1902/577
f 5130/1883/578 5129/1882/578 5140/1900/578 5141/1903/578
f 5127/1885/579 5126/1884/579 5137/1901/579 5138/1904/579
f 5124/1886/580 5123/1881/580 5134/1902/580 5135/1893/580
f 5131/1887/581 5130/1883/581 5141/1903/581 5142/1896/581
f 5121/1889/582 4929/1905/582 5132/1897/582
f 5128/1890/583 5127/1885/583 5138/1904/583 5139/1899/583
f 5135/1893/584 5134/1902/584 5144/1644/584 5145/1643/584
f 5142/1896/585 5141/1903/585 4932/1648/585 5150/1647/585
f 5132/1897/586 4929/1906/586 5143/1651/586
f 5139/1899/587 5138/1904/587 5147/1639/587 5148/1654/587
f 5136/1894/588 5135/1893/588 5145/1643/588 5146/1656/588
f 4933/1907/589 5142/1896/589 5150/1647/589
f 5133/1898/590 5132/1897/590 5143/1651/590 4930/1659/590
f 5140/1900/591 5139/1899/591 5148/1654/591 5149/1661/591
f 5137/1901/592 5136/1894/592 5146/1656/592 4931/1640/592
f 5134/1902/593 5133/1898/593 4930/1659/593 5144/1644/593
f 5141/1903/594 5140/1900/594 5149/1661/594 4932/1648/594
f 5138/1904/595 5137/1901/595 4931/1640/595 5147/1639/595
f 5151/1908/151 5154/1909/151 5155/1910/151 5157/1911/151
f 5152/1912/152 5156/1913/152 5155/1914/152 5154/1915/152
f 5153/1916/153 5157/1917/153 5155/1918/153 5156/1919/153
f 5158/1920/154 5161/1921/154 5162/1922/154 5164/1923/154
f 5159/1924/155 5163/1925/155 5162/1926/155 5161/1927/155
f 5160/1928/156 5164/1929/156 5162/1930/156 5163/1931/156
f 5165/1932/157 5168/1933/157 5169/1934/157 5171/1935/157
f 5166/1936/158 5170/1937/158 5169/1938/158 5168/1939/158
f 5167/1940/159 5171/1941/159 5169/1938/159 5170/1937/159
f 5172/1942/160 5175/1943/160 5176/1944/160 5178/1945/160
f 5173/1946/352 5177/1947/352 5176/1948/352 5175/1949/352
f 5174/1950/162 5178/1951/162 5176/1948/162 5177/1947/162
f 5179/1952/163 5182/1953/163 5183/1954/163 5185/1955/163
f 5180/1956/164 5184/1957/164 5183/1954/164 5182/1953/164
f 5181/1958/165 5185/1955/165 5183/1954/165 5184/1957/165
f 5186/1959/166 5189/1960/166 5190/1961/166 5192/1962/166
f 5187/1963/167 5191/1964/167 5190/1961/167 5189/1960/167
f 5188/1965/168 5192/1962/168 5190/1961/168 5191/1964/168
f 5193/1966/169 5196/1967/169 5197/1968/169 5199/1969/169
f 5194/1970/170 5198/1971/170 5197/1968/170 5196/1967/170
f 5195/1972/171 5199/1969/171 5197/1968/171 5198/1971/171
f 5200/1973/172 5203/1974/172 5204/1975/172 5206/1976/172
f 5201/1977/173 5205/1978/173 5204/1975/173 5203/1974/173
f 5202/1979/174 5206/1976/174 5204/1975/174 5205/1978/174
f 5165/1932/175 5151/1908/175 5157/1911/175 5168/1933/175
f 5168/1939/176 5157/1917/176 5153/1916/176 5166/1936/176
f 5152/1912/177 5158/1920/177 5164/1923/177 5156/1913/177
f 5156/1919/178 5164/1929/178 5160/1928/178 5153/1916/178
f 5159/1924/179 5172/1942/179 5178/1945/179 5163/1925/179
f 5163/1931/206 5178/1951/206 5174/1950/206 5160/1928/206
f 5173/1946/181 5167/1940/181 5170/1937/181 5177/1947/181
f 5177/1947/200 5170/1937/200 5166/1936/200 5174/1950/200
f 5193/1966/183 5165/1932/183 5171/1935/183 5196/1967/183
f 5196/1967/201 5171/1941/201 5167/1940/201 5194/1970/201
f 5172/1942/185 5200/1973/185 5206/1976/185 5175/1943/185
f 5175/1949/186 5206/1976/186 5202/1979/186 5173/1946/186
f 5201/1977/187 5195/1972/187 5198/1971/187 5205/1978/187
f 5205/1978/188 5198/1971/188 5194/1970/188 5202/1979/188
f 5179/1952/189 5193/1966/189 5199/1969/189 5182/1953/189
f 5182/1953/190 5199/1969/190 5195/1972/190 5180/1956/190
f 5200/1973/191 5186/1959/191 5192/1962/191 5203/1974/191
f 5203/1974/207 5192/1962/207 5188/1965/207 5201/1977/207
f 5187/1963/193 5181/1958/193 5184/1957/193 5191/1964/193
f 5191/1964/194 5184/1957/194 5180/1956/194 5188/1965/194
f 5151/1908/195 5179/1952/195 5185/1955/195 5154/1909/195
f 5154/1915/196 5185/1955/196 5181/1958/196 5152/1912/196
f 5186/1959/197 5159/1924/197 5161/1927/197 5189/1960/197
f 5189/1960/198 5161/1921/198 5158/1920/198 5187/1963/198
f 5165/1932/145 5193/1966/145 5179/1952/145 5151/1908/145
f 5153/1916/146 5160/1928/146 5174/1950/146 5166/1936/146
f 5181/1958/147 5187/1963/147 5158/1920/147 5152/1912/147
f 5200/1973/148 5172/1942/148 5159/1924/148 5186/1959/148
f 5167/1940/149 5173/1946/149 5202/1979/149 5194/1970/149
f 5195/1972/150 5201/1977/150 5188/1965/150 5180/1956/150
f 5425/1639/356 5209/1640/356 5217/1641/356 5218/1642/356
f 5423/1643/357 5422/1644/357 5214/1645/357 5215/1646/357
f 5428/1647/358 5210/1648/358 5221/1649/358 5222/1650/358
f 5421/1651/359 5207/1652/359 5212/1653/359
f 5426/1654/360 5425/1639/360 5218/1642/360 5219/1655/360
f 5424/1656/361 5423/1643/361 5215/1646/361 5216/1657/361
f 5211/1658/362 5428/1647/362 5222/1650/362
f 5208/1659/363 5421/1651/363 5212/1653/363 5213/1660/363
f 5427/1661/364 5426/1654/364 5219/1655/364 5220/1662/364
f 5209/1640/365 5424/1656/365 5216/1657/365 5217/1641/365
f 5422/1644/366 5208/1659/366 5213/1660/366 5214/1645/366
f 5210/1648/367 5427/1661/367 5220/1662/367 5221/1649/367
f 5211/1665/369 5222/1650/369 5233/1666/369
f 5213/1660/370 5212/1653/370 5223/1667/370 5224/1668/370
f 5220/1662/371 5219/1655/371 5230/1669/371 5231/1670/371
f 5217/1641/372 5216/1657/372 5227/1664/372 5228/1671/372
f 5214/1645/373 5213/1660/373 5224/1668/373 5225/1672/373
f 5221/1649/374 5220/1662/374 5231/1670/374 5232/1673/374
f 5218/1642/375 5217/1641/375 5228/1671/375 5229/1674/375
f 5215/1646/376 5214/1645/376 5225/1672/376 5226/1663/376
f 5222/1650/377 5221/1649/377 5232/1673/377 5233/1666/377
f 5212/1653/378 5207/1675/378 5223/1667/378
f 5219/1655/379 5218/1642/379 5229/1674/379 5230/1669/379
f 5216/1657/368 5215/1646/368 5226/1663/368 5227/1664/368
f 5226/1663/380 5225/1672/380 5236/1676/380 5237/1677/380
f 5233/1666/381 5232/1673/381 5243/1678/381 5244/1679/381
f 5223/1667/382 5207/562/382 5234/1680/382
f 5230/1669/383 5229/1674/383 5240/1681/383 5241/1682/383
f 5227/1664/384 5226/1663/384 5237/1677/384 5238/1683/384
f 5211/1684/385 5233/1666/385 5244/1679/385
f 5224/1668/386 5223/1667/386 5234/1680/386 5235/1685/386
f 5231/1670/387 5230/1669/387 5241/1682/387 5242/1686/387
f 5228/1671/388 5227/1664/388 5238/1683/388 5239/1687/388
f 5225/1672/389 5224/1668/389 5235/1685/389 5236/1676/389
f 5232/1673/390 5231/1670/390 5242/1686/390 5243/1678/390
f 5229/1674/391 5228/1671/391 5239/1687/391 5240/1681/391
f 5236/1676/596 5235/1685/596 5246/1690/596 5247/1691/596
f 5243/1678/394 5242/1686/394 5253/1692/394 5254/1693/394
f 5240/1681/395 5239/1687/395 5250/1689/395 5251/1694/395
f 5237/1677/396 5236/1676/396 5247/1691/396 5248/1695/396
f 5244/1679/397 5243/1678/397 5254/1693/397 5255/1696/397
f 5234/1680/398 5207/1697/398 5245/1698/398
f 5241/1682/399 5240/1681/399 5251/1694/399 5252/1699/399
f 5238/1683/400 5237/1677/400 5248/1695/400 5249/1688/400
f 5211/1700/401 5244/1679/401 5255/1696/401
f 5235/1685/402 5234/1680/402 5245/1698/402 5246/1690/402
f 5242/1686/403 5241/1682/403 5252/1699/403 5253/1692/403
f 5239/1687/392 5238/1683/392 5249/1688/392 5250/1689/392
f 5249/1688/404 5248/1695/404 5259/1701/404 5260/1702/404
f 5211/1703/405 5255/1696/405 5266/1704/405
f 5246/1690/406 5245/1698/406 5256/1705/406 5257/1706/406
f 5253/1692/407 5252/1699/407 5263/1707/407 5264/1708/407
f 5250/1689/408 5249/1688/408 5260/1702/408 5261/1709/408
f 5247/1691/409 5246/1690/409 5257/1706/409 5258/1710/409
f 5254/1693/410 5253/1692/410 5264/1708/410 5265/1711/410
f 5251/1694/411 5250/1689/411 5261/1709/411 5262/1712/411
f 5248/1695/412 5247/1691/412 5258/1710/412 5259/1701/412
f 5255/1696/413 5254/1693/413 5265/1711/413 5266/1704/413
f 5245/1698/597 5207/1713/597 5256/1705/597
f 5252/1699/415 5251/1694/415 5262/1712/415 5263/1707/415
f 5259/1701/417 5258/1710/417 5269/1716/417 5270/1717/417
f 5266/1704/418 5265/1711/418 5276/1718/418 5277/1719/418
f 5256/1705/419 5207/1720/419 5267/1721/419
f 5263/1707/420 5262/1712/420 5273/1715/420 5274/1722/420
f 5260/1702/421 5259/1701/421 5270/1717/421 5271/1723/421
f 5211/1724/422 5266/1704/422 5277/1719/422
f 5257/1706/423 5256/1705/423 5267/1721/423 5268/1725/423
f 5264/1708/424 5263/1707/424 5274/1722/424 5275/1726/424
f 5261/1709/425 5260/1702/425 5271/1723/425 5272/1714/425
f 5258/1710/426 5257/1706/426 5268/1725/426 5269/1716/426
f 5265/1711/427 5264/1708/427 5275/1726/427 5276/1718/427
f 5262/1712/416 5261/1709/416 5272/1714/416 5273/1715/416
f 5272/1714/428 5271/1723/428 5282/1727/428 5283/1728/428
f 5269/1716/429 5268/1725/429 5279/1729/429 5280/1730/429
f 5276/1718/430 5275/1726/430 5286/1731/430 5287/1732/430
f 5273/1715/431 5272/1714/431 5283/1728/431 5284/1733/431
f 5270/1717/432 5269/1716/432 5280/1730/432 5281/1734/432
f 5277/1719/433 5276/1718/433 5287/1732/433 5288/1735/433
f 5267/1721/434 5207/1736/434 5278/1737/434
f 5274/1722/435 5273/1715/435 5284/1733/435 5285/1738/435
f 5271/1723/436 5270/1717/436 5281/1734/436 5282/1727/436
f 5211/1739/437 5277/1719/437 5288/1735/437
f 5268/1725/438 5267/1721/438 5278/1737/438 5279/1729/438
f 5275/1726/439 5274/1722/439 5285/1738/439 5286/1731/439
f 5282/1727/441 5281/1734/441 5292/1742/441 5293/1743/441
f 5211/552/442 5288/1735/442 5299/1744/442
f 5279/1729/443 5278/1737/443 5289/1745/443 5290/1746/443
f 5286/1731/444 5285/1738/444 5296/1741/444 5297/1747/444
f 5283/1728/445 5282/1727/445 5293/1743/445 5294/1748/445
f 5280/1730/446 5279/1729/446 5290/1746/446 5291/1749/446
f 5287/1732/447 5286/1731/447 5297/1747/447 5298/1750/447
f 5284/1733/448 5283/1728/448 5294/1748/448 5295/1740/448
f 5281/1734/449 5280/1730/449 5291/1749/449 5292/1742/449
f 5288/1735/450 5287/1732/450 5298/1750/450 5299/1744/450
f 5278/1737/451 5207/1751/451 5289/1745/451
f 5285/1738/440 5284/1733/440 5295/1740/440 5296/1741/440
f 5295/1740/452 5294/1748/452 5305/1752/452 5306/1753/452
f 5292/1742/453 5291/1749/453 5302/1754/453 5303/1755/453
f 5299/1744/454 5298/1750/454 5309/1756/454 5310/1757/454
f 5289/1745/455 5207/1758/455 5300/1759/455
f 5296/1741/456 5295/1740/456 5306/1753/456 5307/1760/456
f 5293/1743/457 5292/1742/457 5303/1755/457 5304/1761/457
f 5211/1762/458 5299/1744/458 5310/1757/458
f 5290/1746/459 5289/1745/459 5300/1759/459 5301/1763/459
f 5297/1747/460 5296/1741/460 5307/1760/460 5308/1764/460
f 5294/1748/461 5293/1743/461 5304/1761/461 5305/1752/461
f 5291/1749/462 5290/1746/462 5301/1763/462 5302/1754/462
f 5298/1750/463 5297/1747/463 5308/1764/463 5309/1756/463
f 5305/1752/465 5304/1761/465 5315/1767/465 5316/1768/465
f 5302/1754/466 5301/1763/466 5312/1769/466 5313/1770/466
f 5309/1756/467 5308/1764/467 5319/1766/467 5320/1771/467
f 5306/1753/468 5305/1752/468 5316/1768/468 5317/1772/468
f 5303/1755/469 5302/1754/469 5313/1770/469 5314/1773/469
f 5310/1757/470 5309/1756/470 5320/1771/470 5321/1774/470
f 5300/1759/471 5207/1775/471 5311/1776/471
f 5307/1760/472 5306/1753/472 5317/1772/472 5318/1765/472
f 5304/1761/473 5303/1755/473 5314/1773/473 5315/1767/473
f 5211/1777/474 5310/1757/474 5321/1774/474
f 5301/1763/475 5300/1759/475 5311/1776/475 5312/1769/475
f 5308/1764/464 5307/1760/464 5318/1765/464 5319/1766/464
f 5318/1765/477 5317/1772/477 5328/1780/477 5329/1781/477
f 5315/1767/478 5314/1773/478 5325/1782/478 5326/1783/478
f 5211/1784/479 5321/1774/479 5332/1785/479
f 5312/1769/480 5311/1776/480 5322/1779/480 5323/1786/480
f 5319/1766/481 5318/1765/481 5329/1781/481 5330/1787/481
f 5316/1768/482 5315/1767/482 5326/1783/482 5327/1788/482
f 5313/1770/483 5312/1769/483 5323/1786/483 5324/1789/483
f 5320/1771/484 5319/1766/484 5330/1787/484 5331/1790/484
f 5317/1772/485 5316/1768/485 5327/1788/485 5328/1780/485
f 5314/1773/486 5313/1770/486 5324/1789/486 5325/1782/486
f 5321/1774/487 5320/1771/487 5331/1790/487 5332/1785/487
f 5311/1776/476 5207/1778/476 5322/1779/476
f 5328/1780/489 5327/1788/489 5338/1793/489 5339/1794/489
f 5325/1782/490 5324/1789/490 5335/1795/490 5336/1796/490
f 5332/1785/491 5331/1790/491 5342/1792/491 5343/1797/491
f 5322/1779/492 5207/1798/492 5333/1799/492
f 5329/1781/493 5328/1780/493 5339/1794/493 5340/1800/493
f 5326/1783/494 5325/1782/494 5336/1796/494 5337/1801/494
f 5211/1802/495 5332/1785/495 5343/1797/495
f 5323/1786/496 5322/1779/496 5333/1799/496 5334/1803/496
f 5330/1787/497 5329/1781/497 5340/1800/497 5341/1791/497
f 5327/1788/498 5326/1783/498 5337/1801/498 5338/1793/498
f 5324/1789/499 5323/1786/499 5334/1803/499 5335/1795/499
f 5331/1790/488 5330/1787/488 5341/1791/488 5342/1792/488
f 5341/1791/501 5340/1800/501 5351/1806/501 5352/1807/501
f 5338/1793/502 5337/1801/502 5348/1808/502 5349/1809/502
f 5335/1795/503 5334/1803/503 5345/1805/503 5346/1810/503
f 5342/1792/504 5341/1791/504 5352/1807/504 5353/1811/504
f 5339/1794/505 5338/1793/505 5349/1809/505 5350/1812/505
f 5336/1796/506 5335/1795/506 5346/1810/506 5347/1813/506
f 5343/1797/507 5342/1792/507 5353/1811/507 5354/1814/507
f 5333/1799/508 5207/1815/508 5344/1804/508
f 5340/1800/509 5339/1794/509 5350/1812/509 5351/1806/509
f 5337/1801/510 5336/1796/510 5347/1813/510 5348/1808/510
f 5211/1816/511 5343/1797/511 5354/1814/511
f 5334/1803/500 5333/1799/500 5344/1804/500 5345/1805/500
f 5344/1804/513 5207/1819/513 5355/1820/513
f 5351/1806/514 5350/1812/514 5361/1821/514 5362/1822/514
f 5348/1808/515 5347/1813/515 5358/1823/515 5359/1824/515
f 5211/1825/516 5354/1814/516 5365/1818/516
f 5345/1805/517 5344/1804/517 5355/1820/517 5356/1826/517
f 5352/1807/518 5351/1806/518 5362/1822/518 5363/1827/518
f 5349/1809/519 5348/1808/519 5359/1824/519 5360/1828/519
f 5346/1810/520 5345/1805/520 5356/1826/520 5357/1829/520
f 5353/1811/521 5352/1807/521 5363/1827/521 5364/1817/521
f 5350/1812/522 5349/1809/522 5360/1828/522 5361/1821/522
f 5347/1813/523 5346/1810/523 5357/1829/523 5358/1823/523
f 5354/1814/512 5353/1811/512 5364/1817/512 5365/1818/512
f 5364/1817/525 5363/1827/525 5374/1832/525 5375/1833/525
f 5361/1821/526 5360/1828/526 5371/1834/526 5372/1835/526
f 5358/1823/527 5357/1829/527 5368/1831/527 5369/1836/527
f 5365/1818/528 5364/1817/528 5375/1833/528 5376/1837/528
f 5355/1820/598 5207/1838/598 5366/1839/598
f 5362/1822/530 5361/1821/530 5372/1835/530 5373/1840/530
f 5359/1824/599 5358/1823/599 5369/1836/599 5370/1841/599
f 5211/1842/532 5365/1818/532 5376/1837/532
f 5356/1826/533 5355/1820/533 5366/1839/533 5367/1830/533
f 5363/1827/534 5362/1822/534 5373/1840/534 5374/1832/534
f 5360/1828/535 5359/1824/535 5370/1841/535 5371/1834/535
f 5357/1829/524 5356/1826/524 5367/1830/524 5368/1831/524
f 5367/1846/537 5366/1847/537 5377/1848/537 5378/1849/537
f 5374/1850/538 5373/1851/538 5384/1852/538 5385/1853/538
f 5371/1854/539 5370/1855/539 5381/1856/539 5382/1857/539
f 5368/1858/540 5367/1846/540 5378/1849/540 5379/1859/540
f 5375/1860/541 5374/1850/541 5385/1853/541 5386/1861/541
f 5372/1862/542 5371/1854/542 5382/1857/542 5383/1863/542
f 5369/1864/543 5368/1858/543 5379/1859/543 5380/1865/543
f 5376/1844/544 5375/1860/544 5386/1861/544 5387/1845/544
f 5366/1847/545 5207/1866/545 5377/1848/545
f 5373/1851/546 5372/1862/546 5383/1863/546 5384/1852/546
f 5370/1855/547 5369/1864/547 5380/1865/547 5381/1856/547
f 5211/1843/536 5376/1844/536 5387/1845/536
f 5387/1845/549 5386/1861/549 5397/1869/549 5398/1870/549
f 5377/1848/550 5207/1871/550 5388/1872/550
f 5384/1852/551 5383/1863/551 5394/1873/551 5395/1874/551
f 5381/1856/600 5380/1865/600 5391/1868/600 5392/1875/600
f 5211/1876/553 5387/1845/553 5398/1870/553
f 5378/1849/554 5377/1848/554 5388/1872/554 5389/1877/554
f 5385/1853/555 5384/1852/555 5395/1874/555 5396/1878/555
f 5382/1857/556 5381/1856/556 5392/1875/556 5393/1879/556
f 5379/1859/557 5378/1849/557 5389/1877/557 5390/1867/557
f 5386/1861/558 5385/1853/558 5396/1878/558 5397/1869/558
f 5383/1863/559 5382/1857/559 5393/1879/559 5394/1873/559
f 5380/1865/548 5379/1859/548 5390/1867/548 5391/1868/548
f 5390/1867/560 5389/1877/560 5400/1880/560 5401/1881/560
f 5397/1869/561 5396/1878/561 5407/1882/561 5408/1883/561
f 5394/1873/562 5393/1879/562 5404/1884/562 5405/1885/562
f 5391/1868/563 5390/1867/563 5401/1881/563 5402/1886/563
f 5398/1870/564 5397/1869/564 5408/1883/564 5409/1887/564
f 5388/1872/565 5207/1888/565 5399/1889/565
f 5395/1874/566 5394/1873/566 5405/1885/566 5406/1890/566
f 5392/1875/567 5391/1868/567 5402/1886/567 5403/1891/567
f 5211/1892/568 5398/1870/568 5409/1887/568
f 5389/1877/569 5388/1872/569 5399/1889/569 5400/1880/569
f 5396/1878/570 5395/1874/570 5406/1890/570 5407/1882/570
f 5393/1879/571 5392/1875/571 5403/1891/571 5404/1884/571
f 5211/1895/573 5409/1887/573 5420/1896/573
f 5400/1880/574 5399/1889/574 5410/1897/574 5411/1898/574
f 5407/1882/575 5406/1890/575 5417/1899/575 5418/1900/575
f 5404/1884/576 5403/1891/576 5414/1894/576 5415/1901/576
f 5401/1881/577 5400/1880/577 5411/1898/577 5412/1902/577
f 5408/1883/578 5407/1882/578 5418/1900/578 5419/1903/578
f 5405/1885/579 5404/1884/579 5415/1901/579 5416/1904/579
f 5402/1886/580 5401/1881/580 5412/1902/580 5413/1893/580
f 5409/1887/581 5408/1883/581 5419/1903/581 5420/1896/581
f 5399/1889/582 5207/1905/582 5410/1897/582
f 5406/1890/583 5405/1885/583 5416/1904/583 5417/1899/583
f 5403/1891/572 5402/1886/572 5413/1893/572 5414/1894/572
f 5413/1893/584 5412/1902/584 5422/1644/584 5423/1643/584
f 5420/1896/585 5419/1903/585 5210/1648/585 5428/1647/585
f 5410/1897/586 5207/1906/586 5421/1651/586
f 5417/1899/587 5416/1904/587 5425/1639/587 5426/1654/587
f 5414/1894/588 5413/1893/588 5423/1643/588 5424/1656/588
f 5211/1907/589 5420/1896/589 5428/1647/589
f 5411/1898/590 5410/1897/590 5421/1651/590 5208/1659/590
f 5418/1900/591 5417/1899/591 5426/1654/591 5427/1661/591
f 5415/1901/592 5414/1894/592 5424/1656/592 5209/1640/592
f 5412/1902/593 5411/1898/593 5208/1659/593 5422/1644/593
f 5419/1903/594 5418/1900/594 5427/1661/594 5210/1648/594
f 5416/1904/595 5415/1901/595 5209/1640/595 5425/1639/595
f 5429/1980/151 5432/1981/151 5433/1982/151 5435/1911/151
f 5430/1912/152 5434/1913/152 5433/1914/152 5432/1983/152
f 5431/1916/153 5435/1917/153 5433/1918/153 5434/1919/153
f 5436/1984/208 5439/1921/208 5440/1922/208 5442/1923/208
f 5437/1985/155 5441/1925/155 5440/1926/155 5439/1986/155
f 5438/1928/156 5442/1929/156 5440/1930/156 5441/1931/156
f 5443/1987/157 5446/1933/157 5447/1934/157 5449/1988/157
f 5444/1936/158 5448/1937/158 5447/1938/158 5446/1939/158
f 5445/1989/159 5449/1990/159 5447/1938/159 5448/1937/159
f 5450/1942/160 5453/1991/160 5454/1992/160 5456/1945/160
f 5451/1993/161 5455/1947/161 5454/1948/161 5453/1994/161
f 5452/1950/162 5456/1951/162 5454/1948/162 5455/1947/162
f 5457/1952/163 5460/1953/163 5461/1954/163 5463/1955/163
f 5458/1956/164 5462/1957/164 5461/1954/164 5460/1953/164
f 5459/1958/165 5463/1955/165 5461/1954/165 5462/1957/165
f 5464/1959/166 5467/1960/166 5468/1961/166 5470/1962/166
f 5465/1995/351 5469/1964/351 5468/1961/351 5467/1960/351
f 5466/1965/168 5470/1962/168 5468/1961/168 5469/1964/168
f 5471/1966/169 5474/1996/169 5475/1997/169 5477/1969/169
f 5472/1998/170 5476/1971/170 5475/1997/170 5474/1996/170
f 5473/1972/171 5477/1969/171 5475/1997/171 5476/1971/171
f 5478/1999/172 5481/1974/172 5482/1975/172 5484/1976/172
f 5479/1977/173 5483/1978/173 5482/1975/173 5481/1974/173
f 5480/2000/174 5484/1976/174 5482/1975/174 5483/1978/174
f 5443/1987/175 5429/1980/175 5435/1911/175 5446/1933/175
f 5446/1939/176 5435/1917/176 5431/1916/176 5444/1936/176
f 5430/1912/177 5436/1984/177 5442/1923/177 5434/1913/177
f 5434/1919/178 5442/1929/178 5438/1928/178 5431/1916/178
f 5437/1985/179 5450/1942/179 5456/1945/179 5441/1925/179
f 5441/1931/206 5456/1951/206 5452/1950/206 5438/1928/206
f 5451/1993/181 5445/1989/181 5448/1937/181 5455/1947/181
f 5455/1947/200 5448/1937/200 5444/1936/200 5452/1950/200
f 5471/1966/183 5443/1987/183 5449/1988/183 5474/1996/183
f 5474/1996/201 5449/1990/201 5445/1989/201 5472/1998/201
f 5450/1942/185 5478/1999/185 5484/1976/185 5453/1991/185
f 5453/1994/186 5484/1976/186 5480/2000/186 5451/1993/186
f 5479/1977/187 5473/1972/187 5476/1971/187 5483/1978/187
f 5483/1978/188 5476/1971/188 5472/1998/188 5480/2000/188
f 5457/1952/189 5471/1966/189 5477/1969/189 5460/1953/189
f 5460/1953/190 5477/1969/190 5473/1972/190 5458/1956/190
f 5478/1999/191 5464/1959/191 5470/1962/191 5481/1974/191
f 5481/1974/207 5470/1962/207 5466/1965/207 5479/1977/207
f 5465/1995/193 5459/1958/193 5462/1957/193 5469/1964/193
f 5469/1964/194 5462/1957/194 5458/1956/194 5466/1965/194
f 5429/1980/195 5457/1952/195 5463/1955/195 5432/1981/195
f 5432/1983/196 5463/1955/196 5459/1958/196 5430/1912/196
f 5464/1959/197 5437/1985/197 5439/1986/197 5467/1960/197
f 5467/1960/198 5439/1921/198 5436/1984/198 5465/1995/198
f 5443/1987/145 5471/1966/145 5457/1952/145 5429/1980/145
f 5431/1916/146 5438/1928/146 5452/1950/146 5444/1936/146
f 5459/1958/147 5465/1995/147 5436/1984/147 5430/1912/147
f 5478/1999/148 5450/1942/148 5437/1985/148 5464/1959/148
f 5445/1989/149 5451/1993/149 5480/2000/149 5472/1998/149
f 5473/1972/150 5479/1977/150 5466/1965/150 5458/1956/150
f 5485/2001/151 5488/2002/151 5489/2003/151 5491/2004/151
f 5486/2005/152 5490/2006/152 5489/2007/152 5488/2008/152
f 5487/2009/153 5491/2010/153 5489/2011/153 5490/2012/153
f 5492/2013/208 5495/2014/208 5496/2015/208 5498/2016/208
f 5493/2017/155 5497/2018/155 5496/2019/155 5495/2020/155
f 5494/2021/156 5498/2022/156 5496/2023/156 5497/2024/156
f 5499/2025/157 5502/2026/157 5503/2027/157 5505/2028/157
f 5500/2029/158 5504/2030/158 5503/2031/158 5502/2032/158
f 5501/2033/159 5505/2034/159 5503/2031/159 5504/2030/159
f 5506/2035/160 5509/2036/160 5510/2037/160 5512/2038/160
f 5507/2039/161 5511/2040/161 5510/2041/161 5509/2042/161
f 5508/2043/162 5512/2044/162 5510/2041/162 5511/2040/162
f 5513/2045/163 5516/2046/163 5517/2047/163 5519/2048/163
f 5514/2049/164 5518/2050/164 5517/2047/164 5516/2046/164
f 5515/2051/165 5519/2048/165 5517/2047/165 5518/2050/165
f 5520/2052/166 5523/2053/166 5524/2054/166 5526/2055/166
f 5521/2056/167 5525/2057/167 5524/2054/167 5523/2053/167
f 5522/2058/168 5526/2055/168 5524/2054/168 5525/2057/168
f 5527/2059/169 5530/2060/169 5531/2061/169 5533/2062/169
f 5528/2063/170 5532/2064/170 5531/2061/170 5530/2060/170
f 5529/2065/171 5533/2062/171 5531/2061/171 5532/2064/171
f 5534/2066/172 5537/2067/172 5538/2068/172 5540/2069/172
f 5535/2070/173 5539/2071/173 5538/2068/173 5537/2067/173
f 5536/2072/174 5540/2069/174 5538/2068/174 5539/2071/174
f 5499/2025/175 5485/2001/175 5491/2004/175 5502/2026/175
f 5502/2032/176 5491/2010/176 5487/2009/176 5500/2029/176
f 5486/2005/209 5492/2013/209 5498/2016/209 5490/2006/209
f 5490/2012/178 5498/2022/178 5494/2021/178 5487/2009/178
f 5493/2017/179 5506/2035/179 5512/2038/179 5497/2018/179
f 5497/2024/180 5512/2044/180 5508/2043/180 5494/2021/180
f 5507/2039/181 5501/2033/181 5504/2030/181 5511/2040/181
f 5511/2040/182 5504/2030/182 5500/2029/182 5508/2043/182
f 5527/2059/183 5499/2025/183 5505/2028/183 5530/2060/183
f 5530/2060/184 5505/2034/184 5501/2033/184 5528/2063/184
f 5506/2035/185 5534/2066/185 5540/2069/185 5509/2036/185
f 5509/2042/202 5540/2069/202 5536/2072/202 5507/2039/202
f 5535/2070/187 5529/2065/187 5532/2064/187 5539/2071/187
f 5539/2071/188 5532/2064/188 5528/2063/188 5536/2072/188
f 5513/2045/189 5527/2059/189 5533/2062/189 5516/2046/189
f 5516/2046/190 5533/2062/190 5529/2065/190 5514/2049/190
f 5534/2066/191 5520/2052/191 5526/2055/191 5537/2067/191
f 5537/2067/192 5526/2055/192 5522/2058/192 5535/2070/192
f 5521/2056/193 5515/2051/193 5518/2050/193 5525/2057/193
f 5525/2057/205 5518/2050/205 5514/2049/205 5522/2058/205
f 5485/2001/195 5513/2045/195 5519/2048/195 5488/2002/195
f 5488/2008/210 5519/2048/210 5515/2051/210 5486/2005/210
f 5520/2052/197 5493/2017/197 5495/2020/197 5523/2053/197
f 5523/2053/211 5495/2014/211 5492/2013/211 5521/2056/211
f 5499/2025/145 5527/2059/145 5513/2045/145 5485/2001/145
f 5487/2009/146 5494/2021/146 5508/2043/146 5500/2029/146
f 5515/2051/147 5521/2056/147 5492/2013/147 5486/2005/147
f 5534/2066/148 5506/2035/148 5493/2017/148 5520/2052/148
f 5501/2033/149 5507/2039/149 5536/2072/149 5528/2063/149
f 5529/2065/150 5535/2070/150 5522/2058/150 5514/2049/150
f 6605/3026/690 6608/3027/690 6610/3028/690 6609/3029/690
f 6608/3027/691 6612/3030/691 6613/3031/691 6610/3028/691
f 6606/3032/692 6611/3033/692 6613/3034/692 6612/3035/692
f 6611/3033/693 6615/3036/693 6616/1751/693 6613/3034/693
f 6607/3037/694 6614/3038/694 6616/3039/694 6615/3040/694
f 6614/3041/695 6609/3029/695 6610/3028/695 6616/3042/695
f 6610/3028/696 6613/3031/696 6616/3042/696
f 6617/3043/697 6620/3044/697 6622/3045/697 6621/3046/697
f 6620/3044/698 6624/3047/698 6625/3048/698 6622/3045/698
f 6618/3049/699 6623/3050/699 6625/3051/699 6624/3052/699
f 6623/3053/700 6627/3054/700 6628/3055/700 6625/1684/700
f 6619/3056/701 6626/3057/701 6628/3055/701 6627/3054/701
f 6626/3058/702 6621/3046/702 6622/3045/702 6628/3059/702
f 6622/3045/703 6625/3048/703 6628/3059/703
f 6629/3060/704 6632/3061/704 6634/3062/704 6633/3063/704
f 6632/3061/705 6636/3064/705 6637/3065/705 6634/3062/705
f 6630/3066/706 6635/3067/706 6637/3068/706 6636/3069/706
f 6635/3067/707 6639/3070/707 6640/3071/707 6637/3068/707
f 6631/3072/708 6638/3073/708 6640/3071/708 6639/3070/708
f 6638/3074/709 6633/3063/709 6634/3062/709 6640/3075/709
f 6634/3062/710 6637/3065/710 6640/3075/710
f 6641/3076/711 6644/3077/711 6646/3078/711 6645/3079/711
f 6644/3080/712 6648/3081/712 6649/3082/712 6646/3083/712
f 6642/3084/713 6647/3085/713 6649/3082/713 6648/3081/713
f 6647/3085/714 6651/3086/714 6652/3087/714 6649/3082/714
f 6643/3088/715 6650/3089/715 6652/3087/715 6651/3086/715
f 6650/3089/716 6645/3090/716 6646/3083/716 6652/3087/716
f 6646/3083/717 6649/3082/717 6652/3087/717
f 6653/3091/718 6656/3092/718 6658/3093/718 6657/3094/718
f 6656/3092/719 6660/3095/719 6661/3096/719 6658/3093/719
f 6654/3097/720 6659/3098/720 6661/3096/720 6660/3095/720
f 6659/3098/721 6663/3099/721 6664/3100/721 6661/3096/721
f 6655/3101/722 6662/3102/722 6664/3100/722 6663/3099/722
f 6662/3102/723 6657/3094/723 6658/3093/723 6664/3100/723
f 6658/3093/724 6661/3096/724 6664/3100/724
f 6665/3103/725 6668/3104/725 6670/3105/725 6669/3106/725
f 6668/3104/726 6672/3107/726 6673/3108/726 6670/3105/726
f 6666/3109/727 6671/3110/727 6673/3108/727 6672/3107/727
f 6671/3110/728 6675/3111/728 6676/3112/728 6673/3108/728
f 6667/3113/729 6674/3114/729 6676/3112/729 6675/3111/729
f 6674/3114/730 6669/3106/730 6670/3105/730 6676/3112/730
f 6670/3105/731 6673/3108/731 6676/3112/731
f 6677/3115/732 6680/3116/732 6682/3117/732 6681/3118/732
f 6680/3116/733 6684/3119/733 6685/3120/733 6682/3117/733
f 6678/3121/734 6683/3122/734 6685/3120/734 6684/3119/734
f 6683/3122/735 6687/3123/735 6688/3124/735 6685/3120/735
f 6679/3125/736 6686/3126/736 6688/3124/736 6687/3123/736
f 6686/3126/737 6681/3118/737 6682/3117/737 6688/3124/737
f 6682/3117/738 6685/3120/738 6688/3124/738
f 6689/3127/739 6692/3128/739 6694/3129/739 6693/3130/739
f 6692/3128/740 6696/3131/740 6697/3132/740 6694/3129/740
f 6690/3133/741 6695/3134/741 6697/3132/741 6696/3131/741
f 6695/3134/742 6699/3135/742 6700/3136/742 6697/3132/742
f 6691/3137/743 6698/3138/743 6700/3136/743 6699/3135/743
f 6698/3138/744 6693/3130/744 6694/3129/744 6700/3136/744
f 6694/3129/745 6697/3132/745 6700/3136/745
f 6629/3060/746 6605/3026/746 6609/3029/746 6632/3061/746
f 6632/3061/747 6609/3029/747 6614/3041/747 6636/3064/747
f 6636/3069/748 6614/3038/748 6607/3037/748 6630/3066/748
f 6606/3032/749 6617/3043/749 6621/3046/749 6611/3033/749
f 6611/3033/750 6621/3046/750 6626/3058/750 6615/3036/750
f 6615/3040/751 6626/3057/751 6619/3056/751 6607/3037/751
f 6618/3049/752 6641/3076/752 6645/3079/752 6623/3050/752
f 6623/3053/753 6645/3090/753 6650/3089/753 6627/3054/753
f 6627/3054/754 6650/3089/754 6643/3088/754 6619/3056/754
f 6642/3084/755 6631/3072/755 6639/3070/755 6647/3085/755
f 6647/3085/756 6639/3070/756 6635/3067/756 6651/3086/756
f 6651/3086/757 6635/3067/757 6630/3066/757 6643/3088/757
f 6677/3115/758 6629/3060/758 6633/3063/758 6680/3116/758
f 6680/3116/759 6633/3063/759 6638/3074/759 6684/3119/759
f 6684/3119/760 6638/3073/760 6631/3072/760 6678/3121/760
f 6641/3076/761 6689/3127/761 6693/3130/761 6644/3077/761
f 6644/3080/762 6693/3130/762 6698/3138/762 6648/3081/762
f 6648/3081/763 6698/3138/763 6691/3137/763 6642/3084/763
f 6690/3133/764 6679/3125/764 6687/3123/764 6695/3134/764
f 6695/3134/765 6687/3123/765 6683/3122/765 6699/3135/765
f 6699/3135/766 6683/3122/766 6678/3121/766 6691/3137/766
f 6653/3091/767 6677/3115/767 6681/3118/767 6656/3092/767
f 6656/3092/768 6681/3118/768 6686/3126/768 6660/3095/768
f 6660/3095/769 6686/3126/769 6679/3125/769 6654/3097/769
f 6689/3127/770 6665/3103/770 6669/3106/770 6692/3128/770
f 6692/3128/771 6669/3106/771 6674/3114/771 6696/3131/771
f 6696/3131/772 6674/3114/772 6667/3113/772 6690/3133/772
f 6666/3109/773 6655/3101/773 6663/3099/773 6671/3110/773
f 6671/3110/774 6663/3099/774 6659/3098/774 6675/3111/774
f 6675/3111/775 6659/3098/775 6654/3097/775 6667/3113/775
f 6605/3026/776 6653/3091/776 6657/3094/776 6608/3027/776
f 6608/3027/777 6657/3094/777 6662/3102/777 6612/3030/777
f 6612/3035/778 6662/3102/778 6655/3101/778 6606/3032/778
f 6665/3103/779 6618/3049/779 6624/3052/779 6668/3104/779
f 6668/3104/780 6624/3047/780 6620/3044/780 6672/3107/780
f 6672/3107/781 6620/3044/781 6617/3043/781 6666/3109/781
f 6629/3060/782 6677/3115/782 6653/3091/782 6605/3026/782
f 6607/3037/783 6619/3056/783 6643/3088/783 6630/3066/783
f 6655/3101/784 6666/3109/784 6617/3043/784 6606/3032/784
f 6689/3127/785 6641/3076/785 6618/3049/785 6665/3103/785
f 6631/3072/786 6642/3084/786 6691/3137/786 6678/3121/786
f 6679/3125/787 6690/3133/787 6667/3113/787 6654/3097/787
f 6757/3211/836 6760/3212/836 6762/3213/836 6761/3214/836
f 6760/3212/837 6764/3215/837 6765/3216/837 6762/3213/837
f 6758/3217/838 6763/3218/838 6765/3219/838 6764/3035/838
f 6763/3218/839 6767/3220/839 6768/1751/839 6765/3219/839
f 6759/3221/840 6766/3222/840 6768/3223/840 6767/3040/840
f 6766/3224/841 6761/3214/841 6762/3213/841 6768/3225/841
f 6762/3213/842 6765/3216/842 6768/3225/842
f 6769/3043/843 6772/3226/843 6774/3227/843 6773/3228/843
f 6772/3226/844 6776/3229/844 6777/3230/844 6774/3227/844
f 6770/3231/845 6775/3232/845 6777/3051/845 6776/3052/845
f 6775/3233/846 6779/3234/846 6780/3235/846 6777/1684/846
f 6771/3236/847 6778/3237/847 6780/3235/847 6779/3234/847
f 6778/3058/848 6773/3228/848 6774/3227/848 6780/3238/848
f 6774/3227/849 6777/3230/849 6780/3238/849
f 6781/3239/850 6784/3240/850 6786/3241/850 6785/3242/850
f 6784/3240/851 6788/3064/851 6789/3065/851 6786/3241/851
f 6782/3243/852 6787/3067/852 6789/3244/852 6788/3245/852
f 6787/3067/853 6791/3246/853 6792/3247/853 6789/3244/853
f 6783/3248/854 6790/3249/854 6792/3247/854 6791/3246/854
f 6790/3250/855 6785/3242/855 6786/3241/855 6792/3251/855
f 6786/3241/856 6789/3065/856 6792/3251/856
f 6793/3252/857 6796/3077/857 6798/3253/857 6797/3254/857
f 6796/3080/858 6800/3255/858 6801/3256/858 6798/3257/858
f 6794/3258/859 6799/3259/859 6801/3256/859 6800/3255/859
f 6799/3259/860 6803/3260/860 6804/3261/860 6801/3256/860
f 6795/3262/861 6802/3263/861 6804/3261/861 6803/3260/861
f 6802/3263/862 6797/3264/862 6798/3257/862 6804/3261/862
f 6798/3257/863 6801/3256/863 6804/3261/863
f 6805/3265/864 6808/3266/864 6810/3267/864 6809/3268/864
f 6808/3266/865 6812/3269/865 6813/3270/865 6810/3267/865
f 6806/3271/866 6811/3272/866 6813/3270/866 6812/3269/866
f 6811/3272/867 6815/3273/867 6816/3100/867 6813/3270/867
f 6807/3274/868 6814/3102/868 6816/3100/868 6815/3273/868
f 6814/3102/869 6809/3268/869 6810/3267/869 6816/3100/869
f 6810/3267/870 6813/3270/870 6816/3100/870
f 6817/3275/871 6820/3104/871 6822/3276/871 6821/3277/871
f 6820/3104/872 6824/3278/872 6825/3108/872 6822/3276/872
f 6818/3279/873 6823/3280/873 6825/3108/873 6824/3278/873
f 6823/3280/874 6827/3281/874 6828/3282/874 6825/3108/874
f 6819/3283/875 6826/3284/875 6828/3282/875 6827/3281/875
f 6826/3284/876 6821/3277/876 6822/3276/876 6828/3282/876
f 6822/3276/877 6825/3108/877 6828/3282/877
f 6829/3115/878 6832/3285/878 6834/3286/878 6833/3287/878
f 6832/3285/879 6836/3119/879 6837/3288/879 6834/3286/879
f 6830/3289/880 6835/3290/880 6837/3288/880 6836/3119/880
f 6835/3290/881 6839/3291/881 6840/3292/881 6837/3288/881
f 6831/3293/882 6838/3294/882 6840/3292/882 6839/3291/882
f 6838/3294/883 6833/3287/883 6834/3286/883 6840/3292/883
f 6834/3286/884 6837/3288/884 6840/3292/884
f 6841/3295/885 6844/3296/885 6846/3297/885 6845/3298/885
f 6844/3296/886 6848/3299/886 6849/3300/886 6846/3297/886
f 6842/3301/887 6847/3302/887 6849/3300/887 6848/3299/887
f 6847/3302/888 6851/3303/888 6852/3304/888 6849/3300/888
f 6843/3305/889 6850/3306/889 6852/3304/889 6851/3303/889
f 6850/3306/890 6845/3298/890 6846/3297/890 6852/3304/890
f 6846/3297/891 6849/3300/891 6852/3304/891
f 6781/3239/892 6757/3211/892 6761/3214/892 6784/3240/892
f 6784/3240/893 6761/3214/893 6766/3224/893 6788/3064/893
f 6788/3245/894 6766/3222/894 6759/3221/894 6782/3243/894
f 6758/3217/895 6769/3043/895 6773/3228/895 6763/3218/895
f 6763/3218/896 6773/3228/896 6778/3058/896 6767/3220/896
f 6767/3040/897 6778/3237/897 6771/3236/897 6759/3221/897
f 6770/3231/898 6793/3252/898 6797/3254/898 6775/3232/898
f 6775/3233/899 6797/3264/899 6802/3263/899 6779/3234/899
f 6779/3234/900 6802/3263/900 6795/3262/900 6771/3236/900
f 6794/3258/901 6783/3248/901 6791/3246/901 6799/3259/901
f 6799/3259/902 6791/3246/902 6787/3067/902 6803/3260/902
f 6803/3260/903 6787/3067/903 6782/3243/903 6795/3262/903
f 6829/3115/904 6781/3239/904 6785/3242/904 6832/3285/904
f 6832/3285/905 6785/3242/905 6790/3250/905 6836/3119/905
f 6836/3119/906 6790/3249/906 6783/3248/906 6830/3289/906
f 6793/3252/907 6841/3295/907 6845/3298/907 6796/3077/907
f 6796/3080/908 6845/3298/908 6850/3306/908 6800/3255/908
f 6800/3255/909 6850/3306/909 6843/3305/909 6794/3258/909
f 6842/3301/910 6831/3293/910 6839/3291/910 6847/3302/910
f 6847/3302/911 6839/3291/911 6835/3290/911 6851/3303/911
f 6851/3303/912 6835/3290/912 6830/3289/912 6843/3305/912
f 6805/3265/913 6829/3115/913 6833/3287/913 6808/3266/913
f 6808/3266/914 6833/3287/914 6838/3294/914 6812/3269/914
f 6812/3269/915 6838/3294/915 6831/3293/915 6806/3271/915
f 6841/3295/916 6817/3275/916 6821/3277/916 6844/3296/916
f 6844/3296/917 6821/3277/917 6826/3284/917 6848/3299/917
f 6848/3299/918 6826/3284/918 6819/3283/918 6842/3301/918
f 6818/3279/919 6807/3274/919 6815/3273/919 6823/3280/919
f 6823/3280/920 6815/3273/920 6811/3272/920 6827/3281/920
f 6827/3281/921 6811/3272/921 6806/3271/921 6819/3283/921
f 6757/3211/922 6805/3265/922 6809/3268/922 6760/3212/922
f 6760/3212/923 6809/3268/923 6814/3102/923 6764/3215/923
f 6764/3035/924 6814/3102/924 6807/3274/924 6758/3217/924
f 6817/3275/925 6770/3231/925 6776/3052/925 6820/3104/925
f 6820/3104/926 6776/3229/926 6772/3226/926 6824/3278/926
f 6824/3278/927 6772/3226/927 6769/3043/927 6818/3279/927
f 6781/3239/928 6829/3115/928 6805/3265/928 6757/3211/928
f 6759/3221/929 6771/3236/929 6795/3262/929 6782/3243/929
f 6807/3274/930 6818/3279/930 6769/3043/930 6758/3217/930
f 6841/3295/931 6793/3252/931 6770/3231/931 6817/3275/931
f 6783/3248/932 6794/3258/932 6843/3305/932 6830/3289/932
f 6831/3293/933 6842/3301/933 6819/3283/933 6806/3271/933
f 6909/3374/217 6912/3375/217 6914/3376/217 6913/3377/217
f 6912/3375/218 6916/2345/218 6917/3378/218 6914/3376/218
f 6910/3379/219 6915/3380/219 6917/3381/219 6916/2347/219
f 6915/3382/220 6919/3383/220 6920/3384/220 6917/552/220
f 6911/3385/221 6918/3386/221 6920/3384/221 6919/3383/221
f 6918/2487/222 6913/3377/222 6914/3376/222 6920/3387/222
f 6914/3376/328 6917/3378/328 6920/3387/328
f 6921/3388/224 6924/3389/224 6926/3390/224 6925/3391/224
f 6924/3389/309 6928/2349/309 6929/562/309 6926/3390/309
f 6922/3392/226 6927/3393/226 6929/3394/226 6928/2351/226
f 6927/3395/227 6931/3396/227 6932/3397/227 6929/3398/227
f 6923/3399/228 6930/3400/228 6932/3397/228 6931/3396/228
f 6930/3400/229 6925/3401/229 6926/3402/229 6932/3397/229
f 6926/3402/605 6929/3398/605 6932/3397/605
f 6933/3403/231 6936/3404/231 6938/3405/231 6937/3406/231
f 6936/3404/310 6940/3407/310 6941/2511/310 6938/3405/310
f 6934/3408/233 6939/3409/233 6941/2514/233 6940/3410/233
f 6939/3409/234 6943/3411/234 6944/3412/234 6941/2514/234
f 6935/3413/235 6942/2355/235 6944/3412/235 6943/3411/235
f 6942/2353/236 6937/3406/236 6938/3405/236 6944/3414/236
f 6938/3405/329 6941/2511/329 6944/3414/329
f 6945/3415/238 6948/2238/238 6950/2524/238 6949/3416/238
f 6948/2358/239 6952/3417/239 6953/3418/239 6950/2529/239
f 6946/3419/240 6951/3420/240 6953/3418/240 6952/3417/240
f 6951/3420/241 6955/3421/241 6956/3422/241 6953/3418/241
f 6947/3423/242 6954/3424/242 6956/3422/242 6955/3421/242
f 6954/3424/311 6949/3425/311 6950/2529/311 6956/3422/311
f 6950/2529/982 6953/3418/982 6956/3422/982
f 6957/3426/245 6960/3427/245 6962/3428/245 6961/3429/245
f 6960/3427/312 6964/3430/312 6965/3431/312 6962/3428/312
f 6958/3432/247 6963/3433/247 6965/3431/247 6964/3430/247
f 6963/3433/248 6967/3434/248 6968/3435/248 6965/3431/248
f 6959/3436/249 6966/3437/249 6968/3435/249 6967/3434/249
f 6966/3437/250 6961/3429/250 6962/3428/250 6968/3435/250
f 6962/3428/330 6965/3431/330 6968/3435/330
f 6969/3438/252 6972/2255/252 6974/3439/252 6973/3440/252
f 6972/2255/253 6976/3441/253 6977/3442/253 6974/3439/253
f 6970/3443/254 6975/3444/254 6977/3442/254 6976/3441/254
f 6975/3444/255 6979/3445/255 6980/3446/255 6977/3442/255
f 6971/3447/256 6978/3448/256 6980/3446/256 6979/3445/256
f 6978/3448/313 6973/3440/313 6974/3439/313 6980/3446/313
f 6974/3439/258 6977/3442/258 6980/3446/258
f 6981/3449/259 6984/3450/259 6986/3451/259 6985/3452/259
f 6984/3450/314 6988/3453/314 6989/3454/314 6986/3451/314
f 6982/3455/261 6987/3456/261 6989/3454/261 6988/3453/261
f 6987/3456/262 6991/3457/262 6992/3458/262 6989/3454/262
f 6983/3459/263 6990/3460/263 6992/3458/263 6991/3457/263
f 6990/3460/264 6985/3452/264 6986/3451/264 6992/3458/264
f 6986/3451/331 6989/3454/331 6992/3458/331
f 6993/3461/266 6996/3462/266 6998/3463/266 6997/3464/266
f 6996/3462/267 7000/3465/267 7001/3466/267 6998/3463/267
f 6994/3467/268 6999/3468/268 7001/3466/268 7000/3465/268
f 6999/3468/269 7003/3469/269 7004/3470/269 7001/3466/269
f 6995/3471/270 7002/3472/270 7004/3470/270 7003/3469/270
f 7002/3472/315 6997/3464/315 6998/3463/315 7004/3470/315
f 6998/3463/610 7001/3466/610 7004/3470/610
f 6933/3403/316 6909/3374/316 6913/3377/316 6936/3404/316
f 6936/3404/274 6913/3377/274 6918/2487/274 6940/3407/274
f 6940/3410/275 6918/3386/275 6911/3385/275 6934/3408/275
f 6910/3379/276 6921/3388/276 6925/3391/276 6915/3380/276
f 6915/3382/277 6925/3401/277 6930/3400/277 6919/3383/277
f 6919/3383/278 6930/3400/278 6923/3399/278 6911/3385/278
f 6922/3392/317 6945/3415/317 6949/3416/317 6927/3393/317
f 6927/3395/280 6949/3425/280 6954/3424/280 6931/3396/280
f 6931/3396/281 6954/3424/281 6947/3423/281 6923/3399/281
f 6946/3419/282 6935/3413/282 6943/3411/282 6951/3420/282
f 6951/3420/283 6943/3411/283 6939/3409/283 6955/3421/283
f 6955/3421/284 6939/3409/284 6934/3408/284 6947/3423/284
f 6981/3449/318 6933/3403/318 6937/3406/318 6984/3450/318
f 6984/3450/286 6937/3406/286 6942/2353/286 6988/3453/286
f 6988/3453/287 6942/2355/287 6935/3413/287 6982/3455/287
f 6945/3415/319 6993/3461/319 6997/3464/319 6948/2238/319
f 6948/2358/289 6997/3464/289 7002/3472/289 6952/3417/289
f 6952/3417/290 7002/3472/290 6995/3471/290 6946/3419/290
f 6994/3467/291 6983/3459/291 6991/3457/291 6999/3468/291
f 6999/3468/292 6991/3457/292 6987/3456/292 7003/3469/292
f 7003/3469/293 6987/3456/293 6982/3455/293 6995/3471/293
f 6957/3426/320 6981/3449/320 6985/3452/320 6960/3427/320
f 6960/3427/295 6985/3452/295 6990/3460/295 6964/3430/295
f 6964/3430/296 6990/3460/296 6983/3459/296 6958/3432/296
f 6993/3461/321 6969/3438/321 6973/3440/321 6996/3462/321
f 6996/3462/298 6973/3440/298 6978/3448/298 7000/3465/298
f 7000/3465/299 6978/3448/299 6971/3447/299 6994/3467/299
f 6970/3443/300 6959/3436/300 6967/3434/300 6975/3444/300
f 6975/3444/322 6967/3434/322 6963/3433/322 6979/3445/322
f 6979/3445/302 6963/3433/302 6958/3432/302 6971/3447/302
f 6909/3374/323 6957/3426/323 6961/3429/323 6912/3375/323
f 6912/3375/304 6961/3429/304 6966/3437/304 6916/2345/304
f 6916/2347/305 6966/3437/305 6959/3436/305 6910/3379/305
f 6969/3438/324 6922/3392/324 6928/2351/324 6972/2255/324
f 6972/2255/307 6928/2349/307 6924/3389/307 6976/3441/307
f 6976/3441/308 6924/3389/308 6921/3388/308 6970/3443/308
f 6933/3403/145 6981/3449/145 6957/3426/145 6909/3374/145
f 6911/3385/146 6923/3399/146 6947/3423/146 6934/3408/146
f 6959/3436/147 6970/3443/147 6921/3388/147 6910/3379/147
f 6993/3461/148 6945/3415/148 6922/3392/148 6969/3438/148
f 6935/3413/149 6946/3419/149 6995/3471/149 6982/3455/149
f 6983/3459/150 6994/3467/150 6971/3447/150 6958/3432/150
f 7005/3473/151 7008/3474/151 7009/3475/151 7011/3476/151
f 7006/3477/152 7010/3478/152 7009/3479/152 7008/3480/152
f 7007/3481/153 7011/3482/153 7009/3483/153 7010/3484/153
f 7012/3485/208 7015/3486/208 7016/3487/208 7018/3488/208
f 7013/3489/155 7017/3490/155 7016/3491/155 7015/3492/155
f 7014/3493/156 7018/3494/156 7016/3495/156 7017/3496/156
f 7019/3497/157 7022/3498/157 7023/3499/157 7025/3500/157
f 7020/3501/158 7024/3502/158 7023/3503/158 7022/3504/158
f 7021/3505/159 7025/3506/159 7023/3503/159 7024/3502/159
f 7026/3507/160 7029/3508/160 7030/3509/160 7032/3510/160
f 7027/3511/161 7031/3512/161 7030/3513/161 7029/3514/161
f 7028/3515/162 7032/3516/162 7030/3513/162 7031/3512/162
f 7033/3517/163 7036/3518/163 7037/3519/163 7039/3520/163
f 7034/3521/164 7038/3522/164 7037/3519/164 7036/3518/164
f 7035/3523/165 7039/3520/165 7037/3519/165 7038/3522/165
f 7040/3524/166 7043/3525/166 7044/3526/166 7046/3527/166
f 7041/3528/167 7045/3529/167 7044/3526/167 7043/3525/167
f 7042/3530/168 7046/3527/168 7044/3526/168 7045/3529/168
f 7047/3531/169 7050/3532/169 7051/3533/169 7053/3534/169
f 7048/3535/170 7052/3536/170 7051/3533/170 7050/3532/170
f 7049/3537/171 7053/3534/171 7051/3533/171 7052/3536/171
f 7054/3538/172 7057/3539/172 7058/3540/172 7060/3541/172
f 7055/3542/173 7059/3543/173 7058/3540/173 7057/3539/173
f 7056/3544/174 7060/3541/174 7058/3540/174 7059/3543/174
f 7019/3497/175 7005/3473/175 7011/3476/175 7022/3498/175
f 7022/3504/199 7011/3482/199 7007/3481/199 7020/3501/199
f 7006/3477/177 7012/3485/177 7018/3488/177 7010/3478/177
f 7010/3484/178 7018/3494/178 7014/3493/178 7007/3481/178
f 7013/3489/179 7026/3507/179 7032/3510/179 7017/3490/179
f 7017/3496/206 7032/3516/206 7028/3515/206 7014/3493/206
f 7027/3511/181 7021/3505/181 7024/3502/181 7031/3512/181
f 7031/3512/200 7024/3502/200 7020/3501/200 7028/3515/200
f 7047/3531/183 7019/3497/183 7025/3500/183 7050/3532/183
f 7050/3532/184 7025/3506/184 7021/3505/184 7048/3535/184
f 7026/3507/185 7054/3538/185 7060/3541/185 7029/3508/185
f 7029/3514/202 7060/3541/202 7056/3544/202 7027/3511/202
f 7055/3542/187 7049/3537/187 7052/3536/187 7059/3543/187
f 7059/3543/203 7052/3536/203 7048/3535/203 7056/3544/203
f 7033/3517/189 7047/3531/189 7053/3534/189 7036/3518/189
f 7036/3518/204 7053/3534/204 7049/3537/204 7034/3521/204
f 7054/3538/191 7040/3524/191 7046/3527/191 7057/3539/191
f 7057/3539/207 7046/3527/207 7042/3530/207 7055/3542/207
f 7041/3528/193 7035/3523/193 7038/3522/193 7045/3529/193
f 7045/3529/194 7038/3522/194 7034/3521/194 7042/3530/194
f 7005/3473/195 7033/3517/195 7039/3520/195 7008/3474/195
f 7008/3480/210 7039/3520/210 7035/3523/210 7006/3477/210
f 7040/3524/197 7013/3489/197 7015/3492/197 7043/3525/197
f 7043/3525/211 7015/3486/211 7012/3485/211 7041/3528/211
f 7019/3497/145 7047/3531/145 7033/3517/145 7005/3473/145
f 7007/3481/146 7014/3493/146 7028/3515/146 7020/3501/146
f 7035/3523/147 7041/3528/147 7012/3485/147 7006/3477/147
f 7054/3538/148 7026/3507/148 7013/3489/148 7040/3524/148
f 7021/3505/149 7027/3511/149 7056/3544/149 7048/3535/149
f 7049/3537/150 7055/3542/150 7042/3530/150 7034/3521/150
f 7189/3670/217 7192/3671/217 7194/3376/217 7193/3672/217
f 7192/3671/218 7196/3673/218 7197/3378/218 7194/3376/218
f 7190/3674/219 7195/3380/219 7197/3381/219 7196/2210/219
f 7195/3382/220 7199/3383/220 7200/3384/220 7197/552/220
f 7191/3385/221 7198/3386/221 7200/3384/221 7199/3383/221
f 7198/2487/222 7193/3672/222 7194/3376/222 7200/3387/222
f 7194/3376/328 7197/3378/328 7200/3387/328
f 7201/3675/224 7204/3676/224 7206/3390/224 7205/3391/224
f 7204/3676/309 7208/3677/309 7209/562/309 7206/3390/309
f 7202/3678/226 7207/3393/226 7209/3394/226 7208/2222/226
f 7207/3395/227 7211/3396/227 7212/3397/227 7209/3398/227
f 7203/3399/228 7210/3400/228 7212/3397/228 7211/3396/228
f 7210/3400/229 7205/3401/229 7206/3402/229 7212/3397/229
f 7206/3402/230 7209/3398/230 7212/3397/230
f 7213/3679/231 7216/3404/231 7218/3405/231 7217/3680/231
f 7216/3404/232 7220/3407/232 7221/2511/232 7218/3405/232
f 7214/3408/233 7219/3409/233 7221/2514/233 7220/3410/233
f 7219/3409/234 7223/3681/234 7224/3412/234 7221/2514/234
f 7215/3413/235 7222/3682/235 7224/3412/235 7223/3681/235
f 7222/2353/236 7217/3680/236 7218/3405/236 7224/3414/236
f 7218/3405/329 7221/2511/329 7224/3414/329
f 7225/3683/238 7228/2238/238 7230/2524/238 7229/3416/238
f 7228/2358/239 7232/3684/239 7233/3418/239 7230/2529/239
f 7226/3685/240 7231/3686/240 7233/3418/240 7232/3684/240
f 7231/3686/241 7235/3421/241 7236/3422/241 7233/3418/241
f 7227/3423/242 7234/3424/242 7236/3422/242 7235/3421/242
f 7234/3424/311 7229/3425/311 7230/2529/311 7236/3422/311
f 7230/2529/982 7233/3418/982 7236/3422/982
f 7237/3687/245 7240/3688/245 7242/3428/245 7241/3689/245
f 7240/3688/312 7244/3430/312 7245/3431/312 7242/3428/312
f 7238/3432/247 7243/3433/247 7245/3431/247 7244/3430/247
f 7243/3433/248 7247/3690/248 7248/3435/248 7245/3431/248
f 7239/3436/249 7246/3691/249 7248/3435/249 7247/3690/249
f 7246/3691/250 7241/3689/250 7242/3428/250 7248/3435/250
f 7242/3428/330 7245/3431/330 7248/3435/330
f 7249/3692/252 7252/3693/252 7254/3439/252 7253/3694/252
f 7252/3693/253 7256/3695/253 7257/3442/253 7254/3439/253
f 7250/3443/254 7255/3696/254 7257/3442/254 7256/3695/254
f 7255/3696/255 7259/3445/255 7260/3446/255 7257/3442/255
f 7251/3447/256 7258/3448/256 7260/3446/256 7259/3445/256
f 7258/3448/313 7253/3694/313 7254/3439/313 7260/3446/313
f 7254/3439/983 7257/3442/983 7260/3446/983
f 7261/3697/259 7264/3698/259 7266/3451/259 7265/3699/259
f 7264/3698/314 7268/3700/314 7269/3454/314 7266/3451/314
f 7262/3701/261 7267/3702/261 7269/3454/261 7268/3700/261
f 7267/3702/262 7271/3457/262 7272/3458/262 7269/3454/262
f 7263/3459/263 7270/3460/263 7272/3458/263 7271/3457/263
f 7270/3460/264 7265/3699/264 7266/3451/264 7272/3458/264
f 7266/3451/331 7269/3454/331 7272/3458/331
f 7273/3703/266 7276/3462/266 7278/3463/266 7277/3704/266
f 7276/3462/267 7280/3465/267 7281/3466/267 7278/3463/267
f 7274/3467/268 7279/3468/268 7281/3466/268 7280/3465/268
f 7279/3468/269 7283/3705/269 7284/3470/269 7281/3466/269
f 7275/3706/270 7282/3707/270 7284/3470/270 7283/3705/270
f 7282/3707/315 7277/3704/315 7278/3463/315 7284/3470/315
f 7278/3463/610 7281/3466/610 7284/3470/610
f 7213/3679/316 7189/3670/316 7193/3672/316 7216/3404/316
f 7216/3404/274 7193/3672/274 7198/2487/274 7220/3407/274
f 7220/3410/275 7198/3386/275 7191/3385/275 7214/3408/275
f 7190/3674/276 7201/3675/276 7205/3391/276 7195/3380/276
f 7195/3382/277 7205/3401/277 7210/3400/277 7199/3383/277
f 7199/3383/278 7210/3400/278 7203/3399/278 7191/3385/278
f 7202/3678/317 7225/3683/317 7229/3416/317 7207/3393/317
f 7207/3395/280 7229/3425/280 7234/3424/280 7211/3396/280
f 7211/3396/281 7234/3424/281 7227/3423/281 7203/3399/281
f 7226/3685/282 7215/3413/282 7223/3681/282 7231/3686/282
f 7231/3686/283 7223/3681/283 7219/3409/283 7235/3421/283
f 7235/3421/284 7219/3409/284 7214/3408/284 7227/3423/284
f 7261/3697/318 7213/3679/318 7217/3680/318 7264/3698/318
f 7264/3698/286 7217/3680/286 7222/2353/286 7268/3700/286
f 7268/3700/287 7222/3682/287 7215/3413/287 7262/3701/287
f 7225/3683/319 7273/3703/319 7277/3704/319 7228/2238/319
f 7228/2358/289 7277/3704/289 7282/3707/289 7232/3684/289
f 7232/3684/290 7282/3707/290 7275/3706/290 7226/3685/290
f 7274/3467/291 7263/3459/291 7271/3457/291 7279/3468/291
f 7279/3468/292 7271/3457/292 7267/3702/292 7283/3705/292
f 7283/3705/293 7267/3702/293 7262/3701/293 7275/3706/293
f 7237/3687/320 7261/3697/320 7265/3699/320 7240/3688/320
f 7240/3688/295 7265/3699/295 7270/3460/295 7244/3430/295
f 7244/3430/296 7270/3460/296 7263/3459/296 7238/3432/296
f 7273/3703/321 7249/3692/321 7253/3694/321 7276/3462/321
f 7276/3462/298 7253/3694/298 7258/3448/298 7280/3465/298
f 7280/3465/299 7258/3448/299 7251/3447/299 7274/3467/299
f 7250/3443/300 7239/3436/300 7247/3690/300 7255/3696/300
f 7255/3696/322 7247/3690/322 7243/3433/322 7259/3445/322
f 7259/3445/302 7243/3433/302 7238/3432/302 7251/3447/302
f 7189/3670/323 7237/3687/323 7241/3689/323 7192/3671/323
f 7192/3671/304 7241/3689/304 7246/3691/304 7196/3673/304
f 7196/2210/305 7246/3691/305 7239/3436/305 7190/3674/305
f 7249/3692/324 7202/3678/324 7208/2222/324 7252/3693/324
f 7252/3693/307 7208/3677/307 7204/3676/307 7256/3695/307
f 7256/3695/308 7204/3676/308 7201/3675/308 7250/3443/308
f 7213/3679/145 7261/3697/145 7237/3687/145 7189/3670/145
f 7191/3385/146 7203/3399/146 7227/3423/146 7214/3408/146
f 7239/3436/147 7250/3443/147 7201/3675/147 7190/3674/147
f 7273/3703/148 7225/3683/148 7202/3678/148 7249/3692/148
f 7215/3413/149 7226/3685/149 7275/3706/149 7262/3701/149
f 7263/3459/150 7274/3467/150 7251/3447/150 7238/3432/150
f 7285/3473/151 7288/3474/151 7289/3475/151 7291/3476/151
f 7286/3477/152 7290/3478/152 7289/3479/152 7288/3480/152
f 7287/3481/153 7291/3482/153 7289/3483/153 7290/3484/153
f 7292/3485/208 7295/3486/208 7296/3487/208 7298/3488/208
f 7293/3489/155 7297/3490/155 7296/3491/155 7295/3492/155
f 7294/3493/156 7298/3494/156 7296/3495/156 7297/3496/156
f 7299/3497/157 7302/3498/157 7303/3499/157 7305/3500/157
f 7300/3501/158 7304/3502/158 7303/3708/158 7302/3504/158
f 7301/3505/159 7305/3506/159 7303/3708/159 7304/3502/159
f 7306/3507/160 7309/3508/160 7310/3509/160 7312/3510/160
f 7307/3511/161 7311/3512/161 7310/3513/161 7309/3514/161
f 7308/3515/162 7312/3516/162 7310/3513/162 7311/3512/162
f 7313/3517/163 7316/3518/163 7317/3519/163 7319/3520/163
f 7314/3521/164 7318/3522/164 7317/3519/164 7316/3518/164
f 7315/3523/165 7319/3520/165 7317/3519/165 7318/3522/165
f 7320/3524/166 7323/3525/166 7324/3526/166 7326/3527/166
f 7321/3528/167 7325/3529/167 7324/3526/167 7323/3525/167
f 7322/3530/168 7326/3527/168 7324/3526/168 7325/3529/168
f 7327/3531/169 7330/3532/169 7331/3533/169 7333/3534/169
f 7328/3535/170 7332/3536/170 7331/3533/170 7330/3532/170
f 7329/3537/171 7333/3534/171 7331/3533/171 7332/3536/171
f 7334/3538/172 7337/3539/172 7338/3540/172 7340/3541/172
f 7335/3542/173 7339/3543/173 7338/3540/173 7337/3539/173
f 7336/3544/174 7340/3541/174 7338/3540/174 7339/3543/174
f 7299/3497/175 7285/3473/175 7291/3476/175 7302/3498/175
f 7302/3504/199 7291/3482/199 7287/3481/199 7300/3501/199
f 7286/3477/177 7292/3485/177 7298/3488/177 7290/3478/177
f 7290/3484/178 7298/3494/178 7294/3493/178 7287/3481/178
f 7293/3489/179 7306/3507/179 7312/3510/179 7297/3490/179
f 7297/3496/180 7312/3516/180 7308/3515/180 7294/3493/180
f 7307/3511/181 7301/3505/181 7304/3502/181 7311/3512/181
f 7311/3512/200 7304/3502/200 7300/3501/200 7308/3515/200
f 7327/3531/183 7299/3497/183 7305/3500/183 7330/3532/183
f 7330/3532/184 7305/3506/184 7301/3505/184 7328/3535/184
f 7306/3507/185 7334/3538/185 7340/3541/185 7309/3508/185
f 7309/3514/202 7340/3541/202 7336/3544/202 7307/3511/202
f 7335/3542/187 7329/3537/187 7332/3536/187 7339/3543/187
f 7339/3543/203 7332/3536/203 7328/3535/203 7336/3544/203
f 7313/3517/189 7327/3531/189 7333/3534/189 7316/3518/189
f 7316/3518/204 7333/3534/204 7329/3537/204 7314/3521/204
f 7334/3538/191 7320/3524/191 7326/3527/191 7337/3539/191
f 7337/3539/207 7326/3527/207 7322/3530/207 7335/3542/207
f 7321/3528/193 7315/3523/193 7318/3522/193 7325/3529/193
f 7325/3529/194 7318/3522/194 7314/3521/194 7322/3530/194
f 7285/3473/195 7313/3517/195 7319/3520/195 7288/3474/195
f 7288/3480/210 7319/3520/210 7315/3523/210 7286/3477/210
f 7320/3524/197 7293/3489/197 7295/3492/197 7323/3525/197
f 7323/3525/211 7295/3486/211 7292/3485/211 7321/3528/211
f 7299/3497/145 7327/3531/145 7313/3517/145 7285/3473/145
f 7287/3481/146 7294/3493/146 7308/3515/146 7300/3501/146
f 7315/3523/147 7321/3528/147 7292/3485/147 7286/3477/147
f 7334/3538/148 7306/3507/148 7293/3489/148 7320/3524/148
f 7301/3505/149 7307/3511/149 7336/3544/149 7328/3535/149
f 7329/3537/150 7335/3542/150 7322/3530/150 7314/3521/150
f 7469/3733/217 7472/3734/217 7474/3735/217 7473/3736/217
f 7472/3734/218 7476/2345/218 7477/3378/218 7474/3735/218
f 7470/3379/219 7475/3380/219 7477/3381/219 7476/2347/219
f 7475/3382/220 7479/3737/220 7480/2484/220 7477/552/220
f 7471/3738/221 7478/3739/221 7480/2484/221 7479/3737/221
f 7478/2487/222 7473/3736/222 7474/3735/222 7480/2488/222
f 7474/3735/223 7477/3378/223 7480/2488/223
f 7481/3388/224 7484/3389/224 7486/3390/224 7485/3391/224
f 7484/3389/225 7488/2349/225 7489/562/225 7486/3390/225
f 7482/3740/226 7487/3741/226 7489/2496/226 7488/2351/226
f 7487/3742/227 7491/3743/227 7492/3744/227 7489/3745/227
f 7483/3746/228 7490/3747/228 7492/3744/228 7491/3743/228
f 7490/3747/229 7485/3401/229 7486/3402/229 7492/3744/229
f 7486/3402/230 7489/3745/230 7492/3744/230
f 7493/3403/231 7496/3748/231 7498/3749/231 7497/3750/231
f 7496/3748/310 7500/2510/310 7501/2511/310 7498/3749/310
f 7494/3751/233 7499/3752/233 7501/3753/233 7500/3754/233
f 7499/3752/234 7503/3411/234 7504/3412/234 7501/3753/234
f 7495/3413/235 7502/2355/235 7504/3412/235 7503/3411/235
f 7502/2353/236 7497/3750/236 7498/3749/236 7504/3414/236
f 7498/3749/329 7501/2511/329 7504/3414/329
f 7505/3415/238 7508/2238/238 7510/3755/238 7509/3416/238
f 7508/2358/239 7512/3417/239 7513/3418/239 7510/3756/239
f 7506/3419/240 7511/3420/240 7513/3418/240 7512/3417/240
f 7511/3420/241 7515/3757/241 7516/3758/241 7513/3418/241
f 7507/3759/242 7514/3760/242 7516/3758/242 7515/3757/242
f 7514/3760/311 7509/3761/311 7510/3756/311 7516/3758/311
f 7510/3756/982 7513/3418/982 7516/3758/982
f 7517/3762/245 7520/3763/245 7522/3764/245 7521/3765/245
f 7520/3763/246 7524/3766/246 7525/3767/246 7522/3764/246
f 7518/3768/247 7523/3769/247 7525/3767/247 7524/3766/247
f 7523/3769/248 7527/3434/248 7528/3435/248 7525/3767/248
f 7519/3436/249 7526/3437/249 7528/3435/249 7527/3434/249
f 7526/3437/250 7521/3765/250 7522/3764/250 7528/3435/250
f 7522/3764/330 7525/3767/330 7528/3435/330
f 7529/3692/252 7532/2255/252 7534/3439/252 7533/3694/252
f 7532/2255/253 7536/3441/253 7537/3442/253 7534/3439/253
f 7530/3443/254 7535/3444/254 7537/3442/254 7536/3441/254
f 7535/3444/255 7539/3770/255 7540/3446/255 7537/3442/255
f 7531/3771/256 7538/3772/256 7540/3446/256 7539/3770/256
f 7538/3772/313 7533/3694/313 7534/3439/313 7540/3446/313
f 7534/3439/983 7537/3442/983 7540/3446/983
f 7541/3773/259 7544/3774/259 7546/3775/259 7545/3776/259
f 7544/3774/314 7548/3453/314 7549/3454/314 7546/3775/314
f 7542/3455/261 7547/3456/261 7549/3454/261 7548/3453/261
f 7547/3456/262 7551/3777/262 7552/3778/262 7549/3454/262
f 7543/3459/263 7550/3779/263 7552/3778/263 7551/3777/263
f 7550/3779/264 7545/3776/264 7546/3775/264 7552/3778/264
f 7546/3775/331 7549/3454/331 7552/3778/331
f 7553/3461/266 7556/3780/266 7558/3463/266 7557/3464/266
f 7556/3780/267 7560/3781/267 7561/3782/267 7558/3463/267
f 7554/3783/268 7559/3784/268 7561/3782/268 7560/3781/268
f 7559/3784/269 7563/3469/269 7564/3470/269 7561/3782/269
f 7555/3471/270 7562/3472/270 7564/3470/270 7563/3469/270
f 7562/3472/271 7557/3464/271 7558/3463/271 7564/3470/271
f 7558/3463/610 7561/3782/610 7564/3470/610
f 7493/3403/316 7469/3733/316 7473/3736/316 7496/3748/316
f 7496/3748/274 7473/3736/274 7478/2487/274 7500/2510/274
f 7500/3754/275 7478/3739/275 7471/3738/275 7494/3751/275
f 7470/3379/276 7481/3388/276 7485/3391/276 7475/3380/276
f 7475/3382/615 7485/3401/615 7490/3747/615 7479/3737/615
f 7479/3737/278 7490/3747/278 7483/3746/278 7471/3738/278
f 7482/3740/317 7505/3415/317 7509/3416/317 7487/3741/317
f 7487/3742/280 7509/3761/280 7514/3760/280 7491/3743/280
f 7491/3743/281 7514/3760/281 7507/3759/281 7483/3746/281
f 7506/3419/282 7495/3413/282 7503/3411/282 7511/3420/282
f 7511/3420/283 7503/3411/283 7499/3752/283 7515/3757/283
f 7515/3757/284 7499/3752/284 7494/3751/284 7507/3759/284
f 7541/3773/285 7493/3403/285 7497/3750/285 7544/3774/285
f 7544/3774/286 7497/3750/286 7502/2353/286 7548/3453/286
f 7548/3453/287 7502/2355/287 7495/3413/287 7542/3455/287
f 7505/3415/319 7553/3461/319 7557/3464/319 7508/2238/319
f 7508/2358/289 7557/3464/289 7562/3472/289 7512/3417/289
f 7512/3417/290 7562/3472/290 7555/3471/290 7506/3419/290
f 7554/3783/291 7543/3459/291 7551/3777/291 7559/3784/291
f 7559/3784/292 7551/3777/292 7547/3456/292 7563/3469/292
f 7563/3469/293 7547/3456/293 7542/3455/293 7555/3471/293
f 7517/3762/320 7541/3773/320 7545/3776/320 7520/3763/320
f 7520/3763/295 7545/3776/295 7550/3779/295 7524/3766/295
f 7524/3766/296 7550/3779/296 7543/3459/296 7518/3768/296
f 7553/3461/321 7529/3692/321 7533/3694/321 7556/3780/321
f 7556/3780/298 7533/3694/298 7538/3772/298 7560/3781/298
f 7560/3781/299 7538/3772/299 7531/3771/299 7554/3783/299
f 7530/3443/300 7519/3436/300 7527/3434/300 7535/3444/300
f 7535/3444/322 7527/3434/322 7523/3769/322 7539/3770/322
f 7539/3770/302 7523/3769/302 7518/3768/302 7531/3771/302
f 7469/3733/303 7517/3762/303 7521/3765/303 7472/3734/303
f 7472/3734/304 7521/3765/304 7526/3437/304 7476/2345/304
f 7476/2347/305 7526/3437/305 7519/3436/305 7470/3379/305
f 7529/3692/324 7482/3740/324 7488/2351/324 7532/2255/324
f 7532/2255/307 7488/2349/307 7484/3389/307 7536/3441/307
f 7536/3441/308 7484/3389/308 7481/3388/308 7530/3443/308
f 7493/3403/145 7541/3773/145 7517/3762/145 7469/3733/145
f 7471/3738/146 7483/3746/146 7507/3759/146 7494/3751/146
f 7519/3436/147 7530/3443/147 7481/3388/147 7470/3379/147
f 7553/3461/148 7505/3415/148 7482/3740/148 7529/3692/148
f 7495/3413/149 7506/3419/149 7555/3471/149 7542/3455/149
f 7543/3459/150 7554/3783/150 7531/3771/150 7518/3768/150
f 7565/3473/151 7568/3474/151 7569/3475/151 7571/3785/151
f 7566/3477/215 7570/3478/215 7569/3479/215 7568/3480/215
f 7567/3481/153 7571/3786/153 7569/3787/153 7570/3484/153
f 7572/3485/208 7575/3486/208 7576/3487/208 7578/3488/208
f 7573/3489/155 7577/3490/155 7576/3491/155 7575/3492/155
f 7574/3493/156 7578/3494/156 7576/3495/156 7577/3496/156
f 7579/3497/157 7582/3498/157 7583/3499/157 7585/3500/157
f 7580/3501/158 7584/3788/158 7583/3503/158 7582/3504/158
f 7581/3505/159 7585/3506/159 7583/3503/159 7584/3788/159
f 7586/3507/160 7589/3508/160 7590/3509/160 7592/3789/160
f 7587/3511/161 7591/3512/161 7590/3790/161 7589/3514/161
f 7588/3515/162 7592/3791/162 7590/3790/162 7591/3512/162
f 7593/3517/163 7596/3518/163 7597/3519/163 7599/3520/163
f 7594/3521/164 7598/3522/164 7597/3519/164 7596/3518/164
f 7595/3523/165 7599/3520/165 7597/3519/165 7598/3522/165
f 7600/3524/166 7603/3525/166 7604/3526/166 7606/3527/166
f 7601/3528/167 7605/3529/167 7604/3526/167 7603/3525/167
f 7602/3530/168 7606/3527/168 7604/3526/168 7605/3529/168
f 7607/3531/169 7610/3532/169 7611/3792/169 7613/3793/169
f 7608/3535/170 7612/3536/170 7611/3792/170 7610/3532/170
f 7609/3537/171 7613/3793/171 7611/3792/171 7612/3536/171
f 7614/3538/172 7617/3539/172 7618/3540/172 7620/3541/172
f 7615/3542/173 7619/3543/173 7618/3540/173 7617/3539/173
f 7616/3544/174 7620/3541/174 7618/3540/174 7619/3543/174
f 7579/3497/175 7565/3473/175 7571/3785/175 7582/3498/175
f 7582/3504/199 7571/3786/199 7567/3481/199 7580/3501/199
f 7566/3477/209 7572/3485/209 7578/3488/209 7570/3478/209
f 7570/3484/178 7578/3494/178 7574/3493/178 7567/3481/178
f 7573/3489/179 7586/3507/179 7592/3789/179 7577/3490/179
f 7577/3496/206 7592/3791/206 7588/3515/206 7574/3493/206
f 7587/3511/181 7581/3505/181 7584/3788/181 7591/3512/181
f 7591/3512/200 7584/3788/200 7580/3501/200 7588/3515/200
f 7607/3531/183 7579/3497/183 7585/3500/183 7610/3532/183
f 7610/3532/201 7585/3506/201 7581/3505/201 7608/3535/201
f 7586/3507/185 7614/3538/185 7620/3541/185 7589/3508/185
f 7589/3514/202 7620/3541/202 7616/3544/202 7587/3511/202
f 7615/3542/187 7609/3537/187 7612/3536/187 7619/3543/187
f 7619/3543/188 7612/3536/188 7608/3535/188 7616/3544/188
f 7593/3517/189 7607/3531/189 7613/3793/189 7596/3518/189
f 7596/3518/204 7613/3793/204 7609/3537/204 7594/3521/204
f 7614/3538/191 7600/3524/191 7606/3527/191 7617/3539/191
f 7617/3539/207 7606/3527/207 7602/3530/207 7615/3542/207
f 7601/3528/193 7595/3523/193 7598/3522/193 7605/3529/193
f 7605/3529/194 7598/3522/194 7594/3521/194 7602/3530/194
f 7565/3473/195 7593/3517/195 7599/3520/195 7568/3474/195
f 7568/3480/210 7599/3520/210 7595/3523/210 7566/3477/210
f 7600/3524/197 7573/3489/197 7575/3492/197 7603/3525/197
f 7603/3525/211 7575/3486/211 7572/3485/211 7601/3528/211
f 7579/3497/145 7607/3531/145 7593/3517/145 7565/3473/145
f 7567/3481/146 7574/3493/146 7588/3515/146 7580/3501/146
f 7595/3523/147 7601/3528/147 7572/3485/147 7566/3477/147
f 7614/3538/148 7586/3507/148 7573/3489/148 7600/3524/148
f 7581/3505/149 7587/3511/149 7616/3544/149 7608/3535/149
f 7609/3537/150 7615/3542/150 7602/3530/150 7594/3521/150
f 7749/3837/217 7752/3375/217 7754/3735/217 7753/3377/217
f 7752/3375/218 7756/3673/218 7757/3378/218 7754/3735/218
f 7750/3674/219 7755/3380/219 7757/3381/219 7756/2210/219
f 7755/3382/220 7759/3737/220 7760/2484/220 7757/552/220
f 7751/3738/221 7758/3739/221 7760/2484/221 7759/3737/221
f 7758/2487/222 7753/3377/222 7754/3735/222 7760/2488/222
f 7754/3735/328 7757/3378/328 7760/2488/328
f 7761/3675/224 7764/3676/224 7766/3390/224 7765/3391/224
f 7764/3676/225 7768/3677/225 7769/562/225 7766/3390/225
f 7762/3838/226 7767/3741/226 7769/2496/226 7768/2222/226
f 7767/3742/227 7771/3743/227 7772/3744/227 7769/3745/227
f 7763/3746/228 7770/3747/228 7772/3744/228 7771/3743/228
f 7770/3747/229 7765/3401/229 7766/3402/229 7772/3744/229
f 7766/3402/605 7769/3745/605 7772/3744/605
f 7773/3839/231 7776/3840/231 7778/3749/231 7777/3841/231
f 7776/3840/232 7780/2510/232 7781/2511/232 7778/3749/232
f 7774/3751/233 7779/3752/233 7781/3753/233 7780/3754/233
f 7779/3752/234 7783/3681/234 7784/3412/234 7781/3753/234
f 7775/3413/235 7782/3682/235 7784/3412/235 7783/3681/235
f 7782/2353/236 7777/3841/236 7778/3749/236 7784/3414/236
f 7778/3749/329 7781/2511/329 7784/3414/329
f 7785/3415/238 7788/2238/238 7790/3755/238 7789/3416/238
f 7788/2358/239 7792/3684/239 7793/3418/239 7790/3756/239
f 7786/3685/240 7791/3686/240 7793/3418/240 7792/3684/240
f 7791/3686/241 7795/3757/241 7796/3758/241 7793/3418/241
f 7787/3759/242 7794/3760/242 7796/3758/242 7795/3757/242
f 7794/3760/311 7789/3761/311 7790/3756/311 7796/3758/311
f 7790/3756/982 7793/3418/982 7796/3758/982
f 7797/3842/245 7800/3763/245 7802/3764/245 7801/3765/245
f 7800/3763/312 7804/3766/312 7805/3843/312 7802/3764/312
f 7798/3768/247 7803/3769/247 7805/3843/247 7804/3766/247
f 7803/3769/248 7807/3690/248 7808/3435/248 7805/3843/248
f 7799/3436/249 7806/3844/249 7808/3435/249 7807/3690/249
f 7806/3844/250 7801/3765/250 7802/3764/250 7808/3435/250
f 7802/3764/251 7805/3843/251 7808/3435/251
f 7809/3692/252 7812/3693/252 7814/3439/252 7813/3845/252
f 7812/3693/253 7816/3695/253 7817/3442/253 7814/3439/253
f 7810/3443/254 7815/3696/254 7817/3442/254 7816/3695/254
f 7815/3696/255 7819/3770/255 7820/3446/255 7817/3442/255
f 7811/3771/256 7818/3772/256 7820/3446/256 7819/3770/256
f 7818/3772/257 7813/3845/257 7814/3439/257 7820/3446/257
f 7814/3439/258 7817/3442/258 7820/3446/258
f 7821/3846/259 7824/3698/259 7826/3775/259 7825/3699/259
f 7824/3698/314 7828/3700/314 7829/3454/314 7826/3775/314
f 7822/3701/261 7827/3702/261 7829/3454/261 7828/3700/261
f 7827/3702/262 7831/3777/262 7832/3778/262 7829/3454/262
f 7823/3459/263 7830/3779/263 7832/3778/263 7831/3777/263
f 7830/3779/264 7825/3699/264 7826/3775/264 7832/3778/264
f 7826/3775/331 7829/3454/331 7832/3778/331
f 7833/3461/266 7836/3847/266 7838/3463/266 7837/3704/266
f 7836/3847/267 7840/3781/267 7841/3782/267 7838/3463/267
f 7834/3783/268 7839/3784/268 7841/3782/268 7840/3781/268
f 7839/3784/269 7843/3705/269 7844/3470/269 7841/3782/269
f 7835/3706/270 7842/3707/270 7844/3470/270 7843/3705/270
f 7842/3707/271 7837/3704/271 7838/3463/271 7844/3470/271
f 7838/3463/610 7841/3782/610 7844/3470/610
f 7773/3839/316 7749/3837/316 7753/3377/316 7776/3840/316
f 7776/3840/274 7753/3377/274 7758/2487/274 7780/2510/274
f 7780/3754/275 7758/3739/275 7751/3738/275 7774/3751/275
f 7750/3674/276 7761/3675/276 7765/3391/276 7755/3380/276
f 7755/3382/277 7765/3401/277 7770/3747/277 7759/3737/277
f 7759/3737/278 7770/3747/278 7763/3746/278 7751/3738/278
f 7762/3838/317 7785/3415/317 7789/3416/317 7767/3741/317
f 7767/3742/280 7789/3761/280 7794/3760/280 7771/3743/280
f 7771/3743/281 7794/3760/281 7787/3759/281 7763/3746/281
f 7786/3685/282 7775/3413/282 7783/3681/282 7791/3686/282
f 7791/3686/283 7783/3681/283 7779/3752/283 7795/3757/283
f 7795/3757/284 7779/3752/284 7774/3751/284 7787/3759/284
f 7821/3846/285 7773/3839/285 7777/3841/285 7824/3698/285
f 7824/3698/286 7777/3841/286 7782/2353/286 7828/3700/286
f 7828/3700/287 7782/3682/287 7775/3413/287 7822/3701/287
f 7785/3415/319 7833/3461/319 7837/3704/319 7788/2238/319
f 7788/2358/289 7837/3704/289 7842/3707/289 7792/3684/289
f 7792/3684/290 7842/3707/290 7835/3706/290 7786/3685/290
f 7834/3783/291 7823/3459/291 7831/3777/291 7839/3784/291
f 7839/3784/292 7831/3777/292 7827/3702/292 7843/3705/292
f 7843/3705/293 7827/3702/293 7822/3701/293 7835/3706/293
f 7797/3842/320 7821/3846/320 7825/3699/320 7800/3763/320
f 7800/3763/295 7825/3699/295 7830/3779/295 7804/3766/295
f 7804/3766/296 7830/3779/296 7823/3459/296 7798/3768/296
f 7833/3461/321 7809/3692/321 7813/3845/321 7836/3847/321
f 7836/3847/298 7813/3845/298 7818/3772/298 7840/3781/298
f 7840/3781/299 7818/3772/299 7811/3771/299 7834/3783/299
f 7810/3443/300 7799/3436/300 7807/3690/300 7815/3696/300
f 7815/3696/322 7807/3690/322 7803/3769/322 7819/3770/322
f 7819/3770/302 7803/3769/302 7798/3768/302 7811/3771/302
f 7749/3837/303 7797/3842/303 7801/3765/303 7752/3375/303
f 7752/3375/304 7801/3765/304 7806/3844/304 7756/3673/304
f 7756/2210/305 7806/3844/305 7799/3436/305 7750/3674/305
f 7809/3692/324 7762/3838/324 7768/2222/324 7812/3693/324
f 7812/3693/307 7768/3677/307 7764/3676/307 7816/3695/307
f 7816/3695/308 7764/3676/308 7761/3675/308 7810/3443/308
f 7773/3839/145 7821/3846/145 7797/3842/145 7749/3837/145
f 7751/3738/146 7763/3746/146 7787/3759/146 7774/3751/146
f 7799/3436/147 7810/3443/147 7761/3675/147 7750/3674/147
f 7833/3461/148 7785/3415/148 7762/3838/148 7809/3692/148
f 7775/3413/149 7786/3685/149 7835/3706/149 7822/3701/149
f 7823/3459/150 7834/3783/150 7811/3771/150 7798/3768/150
f 7845/3473/151 7848/3474/151 7849/3475/151 7851/3785/151
f 7846/3477/152 7850/3478/152 7849/3479/152 7848/3480/152
f 7847/3481/153 7851/3786/153 7849/3787/153 7850/3484/153
f 7852/3485/208 7855/3486/208 7856/3487/208 7858/3488/208
f 7853/3489/155 7857/3490/155 7856/3491/155 7855/3492/155
f 7854/3493/156 7858/3494/156 7856/3495/156 7857/3496/156
f 7859/3497/157 7862/3498/157 7863/3499/157 7865/3500/157
f 7860/3501/158 7864/3502/158 7863/3708/158 7862/3504/158
f 7861/3505/159 7865/3506/159 7863/3708/159 7864/3502/159
f 7866/3507/160 7869/3508/160 7870/3509/160 7872/3789/160
f 7867/3511/161 7871/3512/161 7870/3790/161 7869/3514/161
f 7868/3515/162 7872/3791/162 7870/3790/162 7871/3512/162
f 7873/3517/163 7876/3518/163 7877/3519/163 7879/3520/163
f 7874/3521/164 7878/3522/164 7877/3519/164 7876/3518/164
f 7875/3523/165 7879/3520/165 7877/3519/165 7878/3522/165
f 7880/3524/166 7883/3525/166 7884/3526/166 7886/3527/166
f 7881/3528/351 7885/3529/351 7884/3526/351 7883/3525/351
f 7882/3530/168 7886/3527/168 7884/3526/168 7885/3529/168
f 7887/3531/169 7890/3532/169 7891/3792/169 7893/3793/169
f 7888/3535/170 7892/3536/170 7891/3792/170 7890/3532/170
f 7889/3537/171 7893/3793/171 7891/3792/171 7892/3536/171
f 7894/3538/172 7897/3539/172 7898/3540/172 7900/3541/172
f 7895/3542/173 7899/3543/173 7898/3540/173 7897/3539/173
f 7896/3544/174 7900/3541/174 7898/3540/174 7899/3543/174
f 7859/3497/175 7845/3473/175 7851/3785/175 7862/3498/175
f 7862/3504/176 7851/3786/176 7847/3481/176 7860/3501/176
f 7846/3477/209 7852/3485/209 7858/3488/209 7850/3478/209
f 7850/3484/178 7858/3494/178 7854/3493/178 7847/3481/178
f 7853/3489/179 7866/3507/179 7872/3789/179 7857/3490/179
f 7857/3496/180 7872/3791/180 7868/3515/180 7854/3493/180
f 7867/3511/181 7861/3505/181 7864/3502/181 7871/3512/181
f 7871/3512/200 7864/3502/200 7860/3501/200 7868/3515/200
f 7887/3531/183 7859/3497/183 7865/3500/183 7890/3532/183
f 7890/3532/201 7865/3506/201 7861/3505/201 7888/3535/201
f 7866/3507/185 7894/3538/185 7900/3541/185 7869/3508/185
f 7869/3514/202 7900/3541/202 7896/3544/202 7867/3511/202
f 7895/3542/187 7889/3537/187 7892/3536/187 7899/3543/187
f 7899/3543/188 7892/3536/188 7888/3535/188 7896/3544/188
f 7873/3517/189 7887/3531/189 7893/3793/189 7876/3518/189
f 7876/3518/204 7893/3793/204 7889/3537/204 7874/3521/204
f 7894/3538/191 7880/3524/191 7886/3527/191 7897/3539/191
f 7897/3539/207 7886/3527/207 7882/3530/207 7895/3542/207
f 7881/3528/193 7875/3523/193 7878/3522/193 7885/3529/193
f 7885/3529/194 7878/3522/194 7874/3521/194 7882/3530/194
f 7845/3473/195 7873/3517/195 7879/3520/195 7848/3474/195
f 7848/3480/210 7879/3520/210 7875/3523/210 7846/3477/210
f 7880/3524/197 7853/3489/197 7855/3492/197 7883/3525/197
f 7883/3525/211 7855/3486/211 7852/3485/211 7881/3528/211
f 7859/3497/145 7887/3531/145 7873/3517/145 7845/3473/145
f 7847/3481/146 7854/3493/146 7868/3515/146 7860/3501/146
f 7875/3523/147 7881/3528/147 7852/3485/147 7846/3477/147
f 7894/3538/148 7866/3507/148 7853/3489/148 7880/3524/148
f 7861/3505/149 7867/3511/149 7896/3544/149 7888/3535/149
f 7889/3537/150 7895/3542/150 7882/3530/150 7874/3521/150
f 8029/3854/217 8032/3855/217 8034/3856/217 8033/3857/217
f 8032/3855/325 8036/3858/325 8037/3859/325 8034/3856/325
f 8030/3860/219 8035/3861/219 8037/3862/219 8036/3863/219
f 8035/3864/220 8039/3865/220 8040/3866/220 8037/552/220
f 8031/3867/221 8038/3868/221 8040/3866/221 8039/3865/221
f 8038/3869/222 8033/3857/222 8034/3856/222 8040/3870/222
f 8034/3856/223 8037/3859/223 8040/3870/223
f 8041/3871/224 8044/3872/224 8046/3873/224 8045/3874/224
f 8044/3872/309 8048/3875/309 8049/562/309 8046/3873/309
f 8042/3876/226 8047/3877/226 8049/3878/226 8048/3158/226
f 8047/3879/227 8051/3880/227 8052/3881/227 8049/3882/227
f 8043/3883/228 8050/3884/228 8052/3881/228 8051/3880/228
f 8050/3884/229 8045/3885/229 8046/3886/229 8052/3881/229
f 8046/3886/230 8049/3882/230 8052/3881/230
f 8053/3887/231 8056/3888/231 8058/3889/231 8057/3890/231
f 8056/3888/232 8060/3891/232 8061/3892/232 8058/3889/232
f 8054/3893/233 8059/3894/233 8061/3895/233 8060/3896/233
f 8059/3894/234 8063/3897/234 8064/3898/234 8061/3895/234
f 8055/3899/235 8062/3900/235 8064/3898/235 8063/3897/235
f 8062/3901/236 8057/3890/236 8058/3889/236 8064/3902/236
f 8058/3889/237 8061/3892/237 8064/3902/237
f 8065/3903/238 8068/3904/238 8070/3905/238 8069/3906/238
f 8068/3907/239 8072/3908/239 8073/3909/239 8070/3910/239
f 8066/3911/240 8071/3912/240 8073/3909/240 8072/3908/240
f 8071/3912/241 8075/3913/241 8076/3914/241 8073/3909/241
f 8067/3915/242 8074/3916/242 8076/3914/242 8075/3913/242
f 8074/3916/243 8069/3917/243 8070/3910/243 8076/3914/243
f 8070/3910/244 8073/3909/244 8076/3914/244
f 8077/3918/245 8080/3919/245 8082/3920/245 8081/3921/245
f 8080/3919/246 8084/3922/246 8085/3923/246 8082/3920/246
f 8078/3924/247 8083/3925/247 8085/3923/247 8084/3922/247
f 8083/3925/248 8087/3926/248 8088/3927/248 8085/3923/248
f 8079/3928/249 8086/3929/249 8088/3927/249 8087/3926/249
f 8086/3929/250 8081/3921/250 8082/3920/250 8088/3927/250
f 8082/3920/251 8085/3923/251 8088/3927/251
f 8089/3930/252 8092/3355/252 8094/3931/252 8093/3932/252
f 8092/3355/253 8096/3933/253 8097/3934/253 8094/3931/253
f 8090/3935/254 8095/3936/254 8097/3934/254 8096/3933/254
f 8095/3936/255 8099/3937/255 8100/3938/255 8097/3934/255
f 8091/3939/256 8098/3940/256 8100/3938/256 8099/3937/256
f 8098/3940/313 8093/3932/313 8094/3931/313 8100/3938/313
f 8094/3931/258 8097/3934/258 8100/3938/258
f 8101/3941/259 8104/3942/259 8106/3943/259 8105/3944/259
f 8104/3942/314 8108/3945/314 8109/3946/314 8106/3943/314
f 8102/3947/261 8107/3948/261 8109/3946/261 8108/3945/261
f 8107/3948/262 8111/3949/262 8112/3950/262 8109/3946/262
f 8103/3951/263 8110/3952/263 8112/3950/263 8111/3949/263
f 8110/3952/264 8105/3944/264 8106/3943/264 8112/3950/264
f 8106/3943/265 8109/3946/265 8112/3950/265
f 8113/3953/266 8116/3954/266 8118/3955/266 8117/3207/266
f 8116/3954/267 8120/3956/267 8121/3957/267 8118/3955/267
f 8114/3958/268 8119/3959/268 8121/3957/268 8120/3956/268
f 8119/3959/269 8123/3960/269 8124/3961/269 8121/3957/269
f 8115/3962/270 8122/3963/270 8124/3961/270 8123/3960/270
f 8122/3963/271 8117/3207/271 8118/3955/271 8124/3961/271
f 8118/3955/272 8121/3957/272 8124/3961/272
f 8053/3887/316 8029/3854/316 8033/3857/316 8056/3888/316
f 8056/3888/274 8033/3857/274 8038/3869/274 8060/3891/274
f 8060/3896/275 8038/3868/275 8031/3867/275 8054/3893/275
f 8030/3860/276 8041/3871/276 8045/3874/276 8035/3861/276
f 8035/3864/615 8045/3885/615 8050/3884/615 8039/3865/615
f 8039/3865/278 8050/3884/278 8043/3883/278 8031/3867/278
f 8042/3876/317 8065/3903/317 8069/3906/317 8047/3877/317
f 8047/3879/280 8069/3917/280 8074/3916/280 8051/3880/280
f 8051/3880/281 8074/3916/281 8067/3915/281 8043/3883/281
f 8066/3911/282 8055/3899/282 8063/3897/282 8071/3912/282
f 8071/3912/283 8063/3897/283 8059/3894/283 8075/3913/283
f 8075/3913/284 8059/3894/284 8054/3893/284 8067/3915/284
f 8101/3941/318 8053/3887/318 8057/3890/318 8104/3942/318
f 8104/3942/286 8057/3890/286 8062/3901/286 8108/3945/286
f 8108/3945/984 8062/3900/984 8055/3899/984 8102/3947/984
f 8065/3903/319 8113/3953/319 8117/3207/319 8068/3904/319
f 8068/3907/289 8117/3207/289 8122/3963/289 8072/3908/289
f 8072/3908/985 8122/3963/985 8115/3962/985 8066/3911/985
f 8114/3958/291 8103/3951/291 8111/3949/291 8119/3959/291
f 8119/3959/292 8111/3949/292 8107/3948/292 8123/3960/292
f 8123/3960/293 8107/3948/293 8102/3947/293 8115/3962/293
f 8077/3918/320 8101/3941/320 8105/3944/320 8080/3919/320
f 8080/3919/295 8105/3944/295 8110/3952/295 8084/3922/295
f 8084/3922/296 8110/3952/296 8103/3951/296 8078/3924/296
f 8113/3953/321 8089/3930/321 8093/3932/321 8116/3954/321
f 8116/3954/298 8093/3932/298 8098/3940/298 8120/3956/298
f 8120/3956/299 8098/3940/299 8091/3939/299 8114/3958/299
f 8090/3935/300 8079/3928/300 8087/3926/300 8095/3936/300
f 8095/3936/322 8087/3926/322 8083/3925/322 8099/3937/322
f 8099/3937/302 8083/3925/302 8078/3924/302 8091/3939/302
f 8029/3854/303 8077/3918/303 8081/3921/303 8032/3855/303
f 8032/3855/304 8081/3921/304 8086/3929/304 8036/3858/304
f 8036/3863/332 8086/3929/332 8079/3928/332 8030/3860/332
f 8089/3930/324 8042/3876/324 8048/3158/324 8092/3355/324
f 8092/3355/307 8048/3875/307 8044/3872/307 8096/3933/307
f 8096/3933/333 8044/3872/333 8041/3871/333 8090/3935/333
f 8053/3887/145 8101/3941/145 8077/3918/145 8029/3854/145
f 8031/3867/146 8043/3883/146 8067/3915/146 8054/3893/146
f 8079/3928/147 8090/3935/147 8041/3871/147 8030/3860/147
f 8113/3953/148 8065/3903/148 8042/3876/148 8089/3930/148
f 8055/3899/149 8066/3911/149 8115/3962/149 8102/3947/149
f 8103/3951/150 8114/3958/150 8091/3939/150 8078/3924/150
f 8125/3964/151 8128/3965/151 8129/3966/151 8131/3967/151
f 8126/3968/152 8130/3969/152 8129/3970/152 8128/3971/152
f 8127/3972/153 8131/3973/153 8129/3974/153 8130/3975/153
f 8132/3976/208 8135/3977/208 8136/3978/208 8138/3979/208
f 8133/3980/155 8137/3981/155 8136/3982/155 8135/3983/155
f 8134/3984/156 8138/3985/156 8136/3986/156 8137/3987/156
f 8139/3988/157 8142/3989/157 8143/3990/157 8145/3991/157
f 8140/3992/158 8144/3993/158 8143/3994/158 8142/3995/158
f 8141/3996/159 8145/3997/159 8143/3994/159 8144/3993/159
f 8146/3998/160 8149/3999/160 8150/4000/160 8152/4001/160
f 8147/4002/161 8151/4003/161 8150/4004/161 8149/4005/161
f 8148/4006/162 8152/4007/162 8150/4004/162 8151/4003/162
f 8153/4008/163 8156/4009/163 8157/4010/163 8159/4011/163
f 8154/4012/164 8158/4013/164 8157/4010/164 8156/4009/164
f 8155/4014/165 8159/4011/165 8157/4010/165 8158/4013/165
f 8160/4015/166 8163/4016/166 8164/4017/166 8166/4018/166
f 8161/4019/167 8165/4020/167 8164/4017/167 8163/4016/167
f 8162/4021/168 8166/4018/168 8164/4017/168 8165/4020/168
f 8167/4022/169 8170/4023/169 8171/4024/169 8173/4025/169
f 8168/4026/170 8172/4027/170 8171/4024/170 8170/4023/170
f 8169/4028/171 8173/4025/171 8171/4024/171 8172/4027/171
f 8174/4029/172 8177/4030/172 8178/4031/172 8180/4032/172
f 8175/4033/173 8179/4034/173 8178/4031/173 8177/4030/173
f 8176/4035/174 8180/4032/174 8178/4031/174 8179/4034/174
f 8139/3988/175 8125/3964/175 8131/3967/175 8142/3989/175
f 8142/3995/176 8131/3973/176 8127/3972/176 8140/3992/176
f 8126/3968/209 8132/3976/209 8138/3979/209 8130/3969/209
f 8130/3975/178 8138/3985/178 8134/3984/178 8127/3972/178
f 8133/3980/179 8146/3998/179 8152/4001/179 8137/3981/179
f 8137/3987/180 8152/4007/180 8148/4006/180 8134/3984/180
f 8147/4002/181 8141/3996/181 8144/3993/181 8151/4003/181
f 8151/4003/182 8144/3993/182 8140/3992/182 8148/4006/182
f 8167/4022/183 8139/3988/183 8145/3991/183 8170/4023/183
f 8170/4023/201 8145/3997/201 8141/3996/201 8168/4026/201
f 8146/3998/185 8174/4029/185 8180/4032/185 8149/3999/185
f 8149/4005/186 8180/4032/186 8176/4035/186 8147/4002/186
f 8175/4033/187 8169/4028/187 8172/4027/187 8179/4034/187
f 8179/4034/188 8172/4027/188 8168/4026/188 8176/4035/188
f 8153/4008/189 8167/4022/189 8173/4025/189 8156/4009/189
f 8156/4009/190 8173/4025/190 8169/4028/190 8154/4012/190
f 8174/4029/191 8160/4015/191 8166/4018/191 8177/4030/191
f 8177/4030/192 8166/4018/192 8162/4021/192 8175/4033/192
f 8161/4019/193 8155/4014/193 8158/4013/193 8165/4020/193
f 8165/4020/205 8158/4013/205 8154/4012/205 8162/4021/205
f 8125/3964/195 8153/4008/195 8159/4011/195 8128/3965/195
f 8128/3971/210 8159/4011/210 8155/4014/210 8126/3968/210
f 8160/4015/197 8133/3980/197 8135/3983/197 8163/4016/197
f 8163/4016/211 8135/3977/211 8132/3976/211 8161/4019/211
f 8139/3988/145 8167/4022/145 8153/4008/145 8125/3964/145
f 8127/3972/146 8134/3984/146 8148/4006/146 8140/3992/146
f 8155/4014/147 8161/4019/147 8132/3976/147 8126/3968/147
f 8174/4029/148 8146/3998/148 8133/3980/148 8160/4015/148
f 8141/3996/149 8147/4002/149 8176/4035/149 8168/4026/149
f 8169/4028/150 8175/4033/150 8162/4021/150 8154/4012/150
usemtl ThockPup_W
f 2665/1000/217 2668/1001/217 2670/1002/217 2669/1003/217
f 2668/1001/218 2672/1004/218 2673/1005/218 2670/1002/218
f 2666/1006/219 2671/1007/219 2673/1008/219 2672/1009/219
f 2671/1010/220 2675/1011/220 2676/1012/220 2673/552/220
f 2667/1013/221 2674/1014/221 2676/1012/221 2675/1011/221
f 2674/1015/222 2669/1003/222 2670/1002/222 2676/1016/222
f 2670/1002/328 2673/1005/328 2676/1016/328
f 2677/1017/224 2680/1018/224 2682/1019/224 2681/1020/224
f 2680/1018/309 2684/1021/309 2685/562/309 2682/1019/309
f 2678/1022/226 2683/1023/226 2685/1024/226 2684/1025/226
f 2683/1026/227 2687/1027/227 2688/1028/227 2685/1029/227
f 2679/1030/228 2686/1031/228 2688/1028/228 2687/1027/228
f 2686/1031/229 2681/1032/229 2682/1033/229 2688/1028/229
f 2682/1033/230 2685/1029/230 2688/1028/230
f 2689/1034/231 2692/1035/231 2694/1036/231 2693/1037/231
f 2692/1035/310 2696/1038/310 2697/1039/310 2694/1036/310
f 2690/1040/233 2695/1041/233 2697/1042/233 2696/1043/233
f 2695/1041/234 2699/1044/234 2700/1045/234 2697/1042/234
f 2691/1046/235 2698/1047/235 2700/1045/235 2699/1044/235
f 2698/1048/236 2693/1037/236 2694/1036/236 2700/1049/236
f 2694/1036/329 2697/1039/329 2700/1049/329
f 2701/1050/238 2704/1051/238 2706/1052/238 2705/1053/238
f 2704/1054/239 2708/1055/239 2709/1056/239 2706/1057/239
f 2702/1058/240 2707/1059/240 2709/1056/240 2708/1055/240
f 2707/1059/241 2711/1060/241 2712/1061/241 2709/1056/241
f 2703/1062/242 2710/1063/242 2712/1061/242 2711/1060/242
f 2710/1063/311 2705/1064/311 2706/1057/311 2712/1061/311
f 2706/1057/244 2709/1056/244 2712/1061/244
f 2713/1065/245 2716/1066/245 2718/1067/245 2717/1068/245
f 2716/1066/312 2720/1069/312 2721/1070/312 2718/1067/312
f 2714/1071/247 2719/1072/247 2721/1070/247 2720/1069/247
f 2719/1072/248 2723/1073/248 2724/1074/248 2721/1070/248
f 2715/1075/249 2722/1076/249 2724/1074/249 2723/1073/249
f 2722/1076/250 2717/1068/250 2718/1067/250 2724/1074/250
f 2718/1067/330 2721/1070/330 2724/1074/330
f 2725/1077/252 2728/1078/252 2730/1079/252 2729/1080/252
f 2728/1078/253 2732/1081/253 2733/1082/253 2730/1079/253
f 2726/1083/254 2731/1084/254 2733/1082/254 2732/1081/254
f 2731/1084/255 2735/1085/255 2736/1086/255 2733/1082/255
f 2727/1087/256 2734/1088/256 2736/1086/256 2735/1085/256
f 2734/1088/313 2729/1080/313 2730/1079/313 2736/1086/313
f 2730/1079/258 2733/1082/258 2736/1086/258
f 2737/1089/259 2740/1090/259 2742/1091/259 2741/1092/259
f 2740/1090/314 2744/1093/314 2745/1094/314 2742/1091/314
f 2738/1095/261 2743/1096/261 2745/1094/261 2744/1093/261
f 2743/1096/262 2747/1097/262 2748/1098/262 2745/1094/262
f 2739/1099/263 2746/1100/263 2748/1098/263 2747/1097/263
f 2746/1100/264 2741/1092/264 2742/1091/264 2748/1098/264
f 2742/1091/331 2745/1094/331 2748/1098/331
f 2749/1101/266 2752/1102/266 2754/1103/266 2753/1104/266
f 2752/1102/267 2756/1105/267 2757/1106/267 2754/1103/267
f 2750/1107/268 2755/1108/268 2757/1106/268 2756/1105/268
f 2755/1108/269 2759/1109/269 2760/1110/269 2757/1106/269
f 2751/1111/270 2758/1112/270 2760/1110/270 2759/1109/270
f 2758/1112/315 2753/1104/315 2754/1103/315 2760/1110/315
f 2754/1103/272 2757/1106/272 2760/1110/272
f 2689/1034/316 2665/1000/316 2669/1003/316 2692/1035/316
f 2692/1035/274 2669/1003/274 2674/1015/274 2696/1038/274
f 2696/1043/275 2674/1014/275 2667/1013/275 2690/1040/275
f 2666/1006/276 2677/1017/276 2681/1020/276 2671/1007/276
f 2671/1010/277 2681/1032/277 2686/1031/277 2675/1011/277
f 2675/1011/278 2686/1031/278 2679/1030/278 2667/1013/278
f 2678/1022/279 2701/1050/279 2705/1053/279 2683/1023/279
f 2683/1026/280 2705/1064/280 2710/1063/280 2687/1027/280
f 2687/1027/281 2710/1063/281 2703/1062/281 2679/1030/281
f 2702/1058/282 2691/1046/282 2699/1044/282 2707/1059/282
f 2707/1059/283 2699/1044/283 2695/1041/283 2711/1060/283
f 2711/1060/284 2695/1041/284 2690/1040/284 2703/1062/284
f 2737/1089/318 2689/1034/318 2693/1037/318 2740/1090/318
f 2740/1090/286 2693/1037/286 2698/1048/286 2744/1093/286
f 2744/1093/287 2698/1047/287 2691/1046/287 2738/1095/287
f 2701/1050/288 2749/1101/288 2753/1104/288 2704/1051/288
f 2704/1054/289 2753/1104/289 2758/1112/289 2708/1055/289
f 2708/1055/290 2758/1112/290 2751/1111/290 2702/1058/290
f 2750/1107/291 2739/1099/291 2747/1097/291 2755/1108/291
f 2755/1108/292 2747/1097/292 2743/1096/292 2759/1109/292
f 2759/1109/293 2743/1096/293 2738/1095/293 2751/1111/293
f 2713/1065/320 2737/1089/320 2741/1092/320 2716/1066/320
f 2716/1066/295 2741/1092/295 2746/1100/295 2720/1069/295
f 2720/1069/296 2746/1100/296 2739/1099/296 2714/1071/296
f 2749/1101/297 2725/1077/297 2729/1080/297 2752/1102/297
f 2752/1102/298 2729/1080/298 2734/1088/298 2756/1105/298
f 2756/1105/299 2734/1088/299 2727/1087/299 2750/1107/299
f 2726/1083/300 2715/1075/300 2723/1073/300 2731/1084/300
f 2731/1084/322 2723/1073/322 2719/1072/322 2735/1085/322
f 2735/1085/302 2719/1072/302 2714/1071/302 2727/1087/302
f 2665/1000/323 2713/1065/323 2717/1068/323 2668/1001/323
f 2668/1001/304 2717/1068/304 2722/1076/304 2672/1004/304
f 2672/1009/332 2722/1076/332 2715/1075/332 2666/1006/332
f 2725/1077/306 2678/1022/306 2684/1025/306 2728/1078/306
f 2728/1078/307 2684/1021/307 2680/1018/307 2732/1081/307
f 2732/1081/333 2680/1018/333 2677/1017/333 2726/1083/333
f 2689/1034/145 2737/1089/145 2713/1065/145 2665/1000/145
f 2667/1013/146 2679/1030/146 2703/1062/146 2690/1040/146
f 2715/1075/147 2726/1083/147 2677/1017/147 2666/1006/147
f 2749/1101/148 2701/1050/148 2678/1022/148 2725/1077/148
f 2691/1046/149 2702/1058/149 2751/1111/149 2738/1095/149
f 2739/1099/150 2750/1107/150 2727/1087/150 2714/1071/150
f 5653/2203/151 5656/2204/151 5657/2205/151 5659/2206/151
f 5654/2207/152 5658/2208/152 5657/2209/152 5656/2210/152
f 5655/2211/153 5659/2212/153 5657/2213/153 5658/2214/153
f 5660/2215/208 5663/2216/208 5664/2217/208 5666/2218/208
f 5661/2219/155 5665/2220/155 5664/2221/155 5663/2222/155
f 5662/2223/602 5666/2224/602 5664/2225/602 5665/2226/602
f 5667/2227/157 5670/2228/157 5671/2229/157 5673/2230/157
f 5668/2231/158 5672/2232/158 5671/2233/158 5670/2234/158
f 5669/2235/159 5673/2236/159 5671/2233/159 5672/2232/159
f 5674/2237/160 5677/2238/160 5678/2239/160 5680/2240/160
f 5675/2241/161 5679/2242/161 5678/2243/161 5677/2244/161
f 5676/2245/603 5680/2246/603 5678/2243/603 5679/2242/603
f 5681/2247/163 5684/2248/163 5685/2249/163 5687/2250/163
f 5682/2251/164 5686/2252/164 5685/2249/164 5684/2248/164
f 5683/2253/165 5687/2250/165 5685/2249/165 5686/2252/165
f 5688/2254/166 5691/2255/166 5692/2256/166 5694/2257/166
f 5689/2258/167 5693/2259/167 5692/2256/167 5691/2255/167
f 5690/2260/168 5694/2257/168 5692/2256/168 5693/2259/168
f 5695/2261/169 5698/2262/169 5699/2263/169 5701/2264/169
f 5696/2265/170 5700/2266/170 5699/2263/170 5698/2262/170
f 5697/2267/171 5701/2264/171 5699/2263/171 5700/2266/171
f 5702/2268/172 5705/2269/172 5706/2270/172 5708/2271/172
f 5703/2272/604 5707/2273/604 5706/2270/604 5705/2269/604
f 5704/2274/174 5708/2271/174 5706/2270/174 5707/2273/174
f 5667/2227/175 5653/2203/175 5659/2206/175 5670/2228/175
f 5670/2234/176 5659/2212/176 5655/2211/176 5668/2231/176
f 5654/2207/177 5660/2215/177 5666/2218/177 5658/2208/177
f 5658/2214/178 5666/2224/178 5662/2223/178 5655/2211/178
f 5661/2219/179 5674/2237/179 5680/2240/179 5665/2220/179
f 5665/2226/180 5680/2246/180 5676/2245/180 5662/2223/180
f 5675/2241/181 5669/2235/181 5672/2232/181 5679/2242/181
f 5679/2242/182 5672/2232/182 5668/2231/182 5676/2245/182
f 5695/2261/183 5667/2227/183 5673/2230/183 5698/2262/183
f 5698/2262/201 5673/2236/201 5669/2235/201 5696/2265/201
f 5674/2237/185 5702/2268/185 5708/2271/185 5677/2238/185
f 5677/2244/186 5708/2271/186 5704/2274/186 5675/2241/186
f 5703/2272/187 5697/2267/187 5700/2266/187 5707/2273/187
f 5707/2273/188 5700/2266/188 5696/2265/188 5704/2274/188
f 5681/2247/189 5695/2261/189 5701/2264/189 5684/2248/189
f 5684/2248/190 5701/2264/190 5697/2267/190 5682/2251/190
f 5702/2268/191 5688/2254/191 5694/2257/191 5705/2269/191
f 5705/2269/192 5694/2257/192 5690/2260/192 5703/2272/192
f 5689/2258/193 5683/2253/193 5686/2252/193 5693/2259/193
f 5693/2259/194 5686/2252/194 5682/2251/194 5690/2260/194
f 5653/2203/195 5681/2247/195 5687/2250/195 5656/2204/195
f 5656/2210/196 5687/2250/196 5683/2253/196 5654/2207/196
f 5688/2254/197 5661/2219/197 5663/2222/197 5691/2255/197
f 5691/2255/198 5663/2216/198 5660/2215/198 5689/2258/198
f 5667/2227/145 5695/2261/145 5681/2247/145 5653/2203/145
f 5655/2211/146 5662/2223/146 5676/2245/146 5668/2231/146
f 5683/2253/147 5689/2258/147 5660/2215/147 5654/2207/147
f 5702/2268/148 5674/2237/148 5661/2219/148 5688/2254/148
f 5669/2235/149 5675/2241/149 5704/2274/149 5696/2265/149
f 5697/2267/150 5703/2272/150 5690/2260/150 5682/2251/150
f 5709/2275/328 5710/2276/328 5711/2277/328
f 5712/2278/605 5713/2279/605 5714/2280/605
f 5715/2281/606 5716/2282/606 5717/2283/606
f 5718/2284/607 5719/2285/607 5720/2286/607
f 5721/2287/608 5722/2288/608 5723/2289/608
f 5724/2290/609 5725/2291/609 5726/2292/609
f 5727/2293/331 5728/2294/331 5729/2295/331
f 5730/2296/610 5731/2297/610 5732/2298/610
f 5715/2281/274 5709/2275/274 5711/2277/274 5716/2282/274
f 5710/2299/277 5712/2300/277 5714/2301/277 5711/2302/277
f 5713/2303/280 5718/2284/280 5720/2286/280 5714/2301/280
f 5719/2285/283 5717/2304/283 5716/2305/283 5720/2286/283
f 5727/2293/286 5715/2281/286 5717/2283/286 5728/2294/286
f 5718/2284/289 5730/2296/289 5732/2298/289 5719/2285/289
f 5731/2297/611 5729/2295/611 5728/2294/611 5732/2298/611
f 5721/2287/295 5727/2293/295 5729/2295/295 5722/2288/295
f 5730/2296/298 5724/2290/298 5726/2292/298 5731/2297/298
f 5725/2291/301 5723/2289/301 5722/2288/301 5726/2292/301
f 5709/2275/304 5721/2287/304 5723/2289/304 5710/2276/304
f 5724/2290/307 5713/2279/307 5712/2278/307 5725/2291/307
f 5715/2281/145 5727/2293/145 5721/2287/145 5709/2275/145
f 5711/2302/146 5714/2301/146 5720/2286/146 5716/2305/146
f 5723/2289/147 5725/2291/147 5712/2278/147 5710/2306/147
f 5730/2296/148 5718/2307/148 5713/2308/148 5724/2290/148
f 5717/2304/149 5719/2285/149 5732/2298/149 5728/2294/149
f 5729/2295/150 5731/2297/150 5726/2292/150 5722/2288/150
f 5845/2344/151 5848/2345/151 5849/2205/151 5851/2206/151
f 5846/2346/152 5850/2208/152 5849/2209/152 5848/2347/152
f 5847/2211/153 5851/2212/153 5849/2213/153 5850/2214/153
f 5852/2348/208 5855/2349/208 5856/2217/208 5858/2218/208
f 5853/2350/155 5857/2220/155 5856/2221/155 5855/2351/155
f 5854/2223/602 5858/2224/602 5856/2225/602 5857/2226/602
f 5859/2352/157 5862/2228/157 5863/2229/157 5865/2353/157
f 5860/2231/158 5864/2232/158 5863/2233/158 5862/2234/158
f 5861/2354/159 5865/2355/159 5863/2233/159 5864/2232/159
f 5866/2356/160 5869/2238/160 5870/2239/160 5872/2240/160
f 5867/2357/352 5871/2242/352 5870/2243/352 5869/2358/352
f 5868/2245/603 5872/2246/603 5870/2243/603 5871/2242/603
f 5873/2247/163 5876/2248/163 5877/2249/163 5879/2250/163
f 5874/2251/164 5878/2252/164 5877/2249/164 5876/2248/164
f 5875/2253/165 5879/2250/165 5877/2249/165 5878/2252/165
f 5880/2254/166 5883/2255/166 5884/2256/166 5886/2257/166
f 5881/2258/167 5885/2259/167 5884/2256/167 5883/2255/167
f 5882/2260/613 5886/2257/613 5884/2256/613 5885/2259/613
f 5887/2261/169 5890/2262/169 5891/2263/169 5893/2264/169
f 5888/2265/170 5892/2266/170 5891/2263/170 5890/2262/170
f 5889/2267/171 5893/2264/171 5891/2263/171 5892/2266/171
f 5894/2268/172 5897/2269/172 5898/2270/172 5900/2271/172
f 5895/2272/614 5899/2273/614 5898/2270/614 5897/2269/614
f 5896/2274/174 5900/2271/174 5898/2270/174 5899/2273/174
f 5859/2352/175 5845/2344/175 5851/2206/175 5862/2228/175
f 5862/2234/176 5851/2212/176 5847/2211/176 5860/2231/176
f 5846/2346/177 5852/2348/177 5858/2218/177 5850/2208/177
f 5850/2214/178 5858/2224/178 5854/2223/178 5847/2211/178
f 5853/2350/179 5866/2356/179 5872/2240/179 5857/2220/179
f 5857/2226/180 5872/2246/180 5868/2245/180 5854/2223/180
f 5867/2357/181 5861/2354/181 5864/2232/181 5871/2242/181
f 5871/2242/200 5864/2232/200 5860/2231/200 5868/2245/200
f 5887/2261/183 5859/2352/183 5865/2353/183 5890/2262/183
f 5890/2262/201 5865/2355/201 5861/2354/201 5888/2265/201
f 5866/2356/185 5894/2268/185 5900/2271/185 5869/2238/185
f 5869/2358/186 5900/2271/186 5896/2274/186 5867/2357/186
f 5895/2272/187 5889/2267/187 5892/2266/187 5899/2273/187
f 5899/2273/188 5892/2266/188 5888/2265/188 5896/2274/188
f 5873/2247/189 5887/2261/189 5893/2264/189 5876/2248/189
f 5876/2248/190 5893/2264/190 5889/2267/190 5874/2251/190
f 5894/2268/191 5880/2254/191 5886/2257/191 5897/2269/191
f 5897/2269/192 5886/2257/192 5882/2260/192 5895/2272/192
f 5881/2258/193 5875/2253/193 5878/2252/193 5885/2259/193
f 5885/2259/205 5878/2252/205 5874/2251/205 5882/2260/205
f 5845/2344/195 5873/2247/195 5879/2250/195 5848/2345/195
f 5848/2347/196 5879/2250/196 5875/2253/196 5846/2346/196
f 5880/2254/197 5853/2350/197 5855/2351/197 5883/2255/197
f 5883/2255/198 5855/2349/198 5852/2348/198 5881/2258/198
f 5859/2352/145 5887/2261/145 5873/2247/145 5845/2344/145
f 5847/2211/146 5854/2223/146 5868/2245/146 5860/2231/146
f 5875/2253/147 5881/2258/147 5852/2348/147 5846/2346/147
f 5894/2268/148 5866/2356/148 5853/2350/148 5880/2254/148
f 5861/2354/149 5867/2357/149 5896/2274/149 5888/2265/149
f 5889/2267/150 5895/2272/150 5882/2260/150 5874/2251/150
f 5901/2275/328 5902/2276/328 5903/2277/328
f 5904/2278/605 5905/2279/605 5906/2280/605
f 5907/2281/606 5908/2282/606 5909/2283/606
f 5910/2284/607 5911/2285/607 5912/2286/607
f 5913/2287/608 5914/2288/608 5915/2289/608
f 5916/2290/609 5917/2291/609 5918/2292/609
f 5919/2293/331 5920/2294/331 5921/2295/331
f 5922/2296/610 5923/2297/610 5924/2298/610
f 5907/2281/274 5901/2275/274 5903/2277/274 5908/2282/274
f 5902/2299/277 5904/2300/277 5906/2301/277 5903/2302/277
f 5905/2303/280 5910/2284/280 5912/2286/280 5906/2301/280
f 5911/2285/283 5909/2304/283 5908/2305/283 5912/2286/283
f 5919/2293/286 5907/2281/286 5909/2283/286 5920/2294/286
f 5910/2284/289 5922/2296/289 5924/2298/289 5911/2285/289
f 5923/2297/611 5921/2295/611 5920/2294/611 5924/2298/611
f 5913/2287/295 5919/2293/295 5921/2295/295 5914/2288/295
f 5922/2296/298 5916/2290/298 5918/2292/298 5923/2297/298
f 5917/2291/301 5915/2289/301 5914/2288/301 5918/2292/301
f 5901/2275/304 5913/2287/304 5915/2289/304 5902/2276/304
f 5916/2290/307 5905/2279/307 5904/2278/307 5917/2291/307
f 5907/2281/145 5919/2293/145 5913/2287/145 5901/2275/145
f 5903/2302/146 5906/2301/146 5912/2286/146 5908/2305/146
f 5915/2289/147 5917/2291/147 5904/2278/147 5902/2306/147
f 5922/2296/148 5910/2307/148 5905/2308/148 5916/2290/148
f 5909/2304/149 5911/2285/149 5924/2298/149 5920/2294/149
f 5921/2295/150 5923/2297/150 5918/2292/150 5914/2288/150
f 5925/2359/217 5928/2360/217 5930/2361/217 5929/2362/217
f 5928/2360/325 5932/2363/325 5933/2364/325 5930/2361/325
f 5926/2365/219 5931/2366/219 5933/2367/219 5932/2368/219
f 5931/2369/220 5935/2370/220 5936/2371/220 5933/552/220
f 5927/2372/221 5934/2373/221 5936/2371/221 5935/2370/221
f 5934/2374/222 5929/2362/222 5930/2361/222 5936/2375/222
f 5930/2361/223 5933/2364/223 5936/2375/223
f 5937/2376/224 5940/2377/224 5942/2378/224 5941/2379/224
f 5940/2377/309 5944/2380/309 5945/562/309 5942/2378/309
f 5938/2381/226 5943/2382/226 5945/2383/226 5944/2384/226
f 5943/2385/227 5947/2386/227 5948/2387/227 5945/2388/227
f 5939/2389/228 5946/2390/228 5948/2387/228 5947/2386/228
f 5946/2390/229 5941/2391/229 5942/2392/229 5948/2387/229
f 5942/2392/230 5945/2388/230 5948/2387/230
f 5949/2393/231 5952/2394/231 5954/2395/231 5953/2396/231
f 5952/2394/232 5956/2397/232 5957/2398/232 5954/2395/232
f 5950/2399/233 5955/2400/233 5957/2401/233 5956/2402/233
f 5955/2400/234 5959/2403/234 5960/2404/234 5957/2401/234
f 5951/2405/235 5958/2406/235 5960/2404/235 5959/2403/235
f 5958/2407/236 5953/2396/236 5954/2395/236 5960/2408/236
f 5954/2395/237 5957/2398/237 5960/2408/237
f 5961/2409/238 5964/2410/238 5966/2411/238 5965/2412/238
f 5964/2413/239 5968/2414/239 5969/2415/239 5966/2416/239
f 5962/2417/240 5967/2418/240 5969/2415/240 5968/2414/240
f 5967/2418/241 5971/2419/241 5972/2420/241 5969/2415/241
f 5963/2421/242 5970/2422/242 5972/2420/242 5971/2419/242
f 5970/2422/243 5965/2423/243 5966/2416/243 5972/2420/243
f 5966/2416/244 5969/2415/244 5972/2420/244
f 5973/2424/245 5976/2425/245 5978/2426/245 5977/2427/245
f 5976/2425/246 5980/2428/246 5981/2429/246 5978/2426/246
f 5974/2430/247 5979/2431/247 5981/2429/247 5980/2428/247
f 5979/2431/248 5983/2432/248 5984/2433/248 5981/2429/248
f 5975/2434/249 5982/2435/249 5984/2433/249 5983/2432/249
f 5982/2435/250 5977/2427/250 5978/2426/250 5984/2433/250
f 5978/2426/251 5981/2429/251 5984/2433/251
f 5985/2436/252 5988/2437/252 5990/2438/252 5989/2439/252
f 5988/2437/253 5992/2440/253 5993/2441/253 5990/2438/253
f 5986/2442/254 5991/2443/254 5993/2441/254 5992/2440/254
f 5991/2443/255 5995/2444/255 5996/2445/255 5993/2441/255
f 5987/2446/256 5994/2447/256 5996/2445/256 5995/2444/256
f 5994/2447/257 5989/2439/257 5990/2438/257 5996/2445/257
f 5990/2438/258 5993/2441/258 5996/2445/258
f 5997/2448/259 6000/2449/259 6002/2450/259 6001/2451/259
f 6000/2449/260 6004/2452/260 6005/2453/260 6002/2450/260
f 5998/2454/261 6003/2455/261 6005/2453/261 6004/2452/261
f 6003/2455/262 6007/2456/262 6008/2457/262 6005/2453/262
f 5999/2458/263 6006/2459/263 6008/2457/263 6007/2456/263
f 6006/2459/264 6001/2451/264 6002/2450/264 6008/2457/264
f 6002/2450/265 6005/2453/265 6008/2457/265
f 6009/2460/266 6012/2461/266 6014/2462/266 6013/2463/266
f 6012/2461/267 6016/2464/267 6017/2465/267 6014/2462/267
f 6010/2466/268 6015/2467/268 6017/2465/268 6016/2464/268
f 6015/2467/269 6019/2468/269 6020/2469/269 6017/2465/269
f 6011/2470/270 6018/2471/270 6020/2469/270 6019/2468/270
f 6018/2471/315 6013/2463/315 6014/2462/315 6020/2469/315
f 6014/2462/272 6017/2465/272 6020/2469/272
f 5949/2393/273 5925/2359/273 5929/2362/273 5952/2394/273
f 5952/2394/274 5929/2362/274 5934/2374/274 5956/2397/274
f 5956/2402/275 5934/2373/275 5927/2372/275 5950/2399/275
f 5926/2365/276 5937/2376/276 5941/2379/276 5931/2366/276
f 5931/2369/615 5941/2391/615 5946/2390/615 5935/2370/615
f 5935/2370/278 5946/2390/278 5939/2389/278 5927/2372/278
f 5938/2381/279 5961/2409/279 5965/2412/279 5943/2382/279
f 5943/2385/280 5965/2423/280 5970/2422/280 5947/2386/280
f 5947/2386/281 5970/2422/281 5963/2421/281 5939/2389/281
f 5962/2417/282 5951/2405/282 5959/2403/282 5967/2418/282
f 5967/2418/616 5959/2403/616 5955/2400/616 5971/2419/616
f 5971/2419/284 5955/2400/284 5950/2399/284 5963/2421/284
f 5997/2448/285 5949/2393/285 5953/2396/285 6000/2449/285
f 6000/2449/286 5953/2396/286 5958/2407/286 6004/2452/286
f 6004/2452/287 5958/2406/287 5951/2405/287 5998/2454/287
f 5961/2409/288 6009/2460/288 6013/2463/288 5964/2410/288
f 5964/2413/289 6013/2463/289 6018/2471/289 5968/2414/289
f 5968/2414/290 6018/2471/290 6011/2470/290 5962/2417/290
f 6010/2466/291 5999/2458/291 6007/2456/291 6015/2467/291
f 6015/2467/292 6007/2456/292 6003/2455/292 6019/2468/292
f 6019/2468/293 6003/2455/293 5998/2454/293 6011/2470/293
f 5973/2424/294 5997/2448/294 6001/2451/294 5976/2425/294
f 5976/2425/295 6001/2451/295 6006/2459/295 5980/2428/295
f 5980/2428/296 6006/2459/296 5999/2458/296 5974/2430/296
f 6009/2460/297 5985/2436/297 5989/2439/297 6012/2461/297
f 6012/2461/298 5989/2439/298 5994/2447/298 6016/2464/298
f 6016/2464/299 5994/2447/299 5987/2446/299 6010/2466/299
f 5986/2442/300 5975/2434/300 5983/2432/300 5991/2443/300
f 5991/2443/322 5983/2432/322 5979/2431/322 5995/2444/322
f 5995/2444/302 5979/2431/302 5974/2430/302 5987/2446/302
f 5925/2359/303 5973/2424/303 5977/2427/303 5928/2360/303
f 5928/2360/304 5977/2427/304 5982/2435/304 5932/2363/304
f 5932/2368/332 5982/2435/332 5975/2434/332 5926/2365/332
f 5985/2436/306 5938/2381/306 5944/2384/306 5988/2437/306
f 5988/2437/307 5944/2380/307 5940/2377/307 5992/2440/307
f 5992/2440/333 5940/2377/333 5937/2376/333 5986/2442/333
f 5949/2393/145 5997/2448/145 5973/2424/145 5925/2359/145
f 5927/2372/146 5939/2389/146 5963/2421/146 5950/2399/146
f 5975/2434/147 5986/2442/147 5937/2376/147 5926/2365/147
f 6009/2460/148 5961/2409/148 5938/2381/148 5985/2436/148
f 5951/2405/149 5962/2417/149 6011/2470/149 5998/2454/149
f 5999/2458/150 6010/2466/150 5987/2446/150 5974/2430/150
f 6021/2472/217 6024/2473/217 6026/2474/217 6025/2475/217
f 6024/2473/325 6028/2476/325 6029/2477/325 6026/2474/325
f 6022/2478/219 6027/2479/219 6029/2480/219 6028/2481/219
f 6027/2482/220 6031/2483/220 6032/2484/220 6029/552/220
f 6023/2485/221 6030/2486/221 6032/2484/221 6031/2483/221
f 6030/2487/222 6025/2475/222 6026/2474/222 6032/2488/222
f 6026/2474/617 6029/2477/617 6032/2488/617
f 6033/2489/224 6036/2490/224 6038/2491/224 6037/2492/224
f 6036/2490/225 6040/2493/225 6041/562/225 6038/2491/225
f 6034/2494/226 6039/2495/226 6041/2496/226 6040/2497/226
f 6039/2498/227 6043/2499/227 6044/2500/227 6041/2501/227
f 6035/2502/228 6042/2503/228 6044/2500/228 6043/2499/228
f 6042/2503/229 6037/2504/229 6038/2505/229 6044/2500/229
f 6038/2505/605 6041/2501/605 6044/2500/605
f 6045/2506/231 6048/2507/231 6050/2508/231 6049/2509/231
f 6048/2507/232 6052/2510/232 6053/2511/232 6050/2508/232
f 6046/2512/233 6051/2513/233 6053/2514/233 6052/2515/233
f 6051/2513/234 6055/2516/234 6056/2517/234 6053/2514/234
f 6047/2518/235 6054/2519/235 6056/2517/235 6055/2516/235
f 6054/2520/236 6049/2509/236 6050/2508/236 6056/2521/236
f 6050/2508/329 6053/2511/329 6056/2521/329
f 6057/2522/238 6060/2523/238 6062/2524/238 6061/2525/238
f 6060/2526/239 6064/2527/239 6065/2528/239 6062/2529/239
f 6058/2530/240 6063/2531/240 6065/2528/240 6064/2527/240
f 6063/2531/241 6067/2532/241 6068/2533/241 6065/2528/241
f 6059/2534/242 6066/2535/242 6068/2533/242 6067/2532/242
f 6066/2535/243 6061/2536/243 6062/2529/243 6068/2533/243
f 6062/2529/607 6065/2528/607 6068/2533/607
f 6069/2537/245 6072/2538/245 6074/2539/245 6073/2540/245
f 6072/2538/312 6076/2541/312 6077/2542/312 6074/2539/312
f 6070/2543/247 6075/2544/247 6077/2542/247 6076/2541/247
f 6075/2544/248 6079/2545/248 6080/2546/248 6077/2542/248
f 6071/2547/249 6078/2548/249 6080/2546/249 6079/2545/249
f 6078/2548/250 6073/2540/250 6074/2539/250 6080/2546/250
f 6074/2539/330 6077/2542/330 6080/2546/330
f 6081/2549/252 6084/2550/252 6086/2551/252 6085/2552/252
f 6084/2550/253 6088/2553/253 6089/2554/253 6086/2551/253
f 6082/2555/254 6087/2556/254 6089/2554/254 6088/2553/254
f 6087/2556/255 6091/2557/255 6092/2558/255 6089/2554/255
f 6083/2559/256 6090/2560/256 6092/2558/256 6091/2557/256
f 6090/2560/257 6085/2552/257 6086/2551/257 6092/2558/257
f 6086/2551/609 6089/2554/609 6092/2558/609
f 6093/2561/259 6096/2562/259 6098/2563/259 6097/2564/259
f 6096/2562/314 6100/2565/314 6101/2566/314 6098/2563/314
f 6094/2567/261 6099/2568/261 6101/2566/261 6100/2565/261
f 6099/2568/262 6103/2569/262 6104/2570/262 6101/2566/262
f 6095/2571/263 6102/2572/263 6104/2570/263 6103/2569/263
f 6102/2572/264 6097/2564/264 6098/2563/264 6104/2570/264
f 6098/2563/618 6101/2566/618 6104/2570/618
f 6105/2573/266 6108/2574/266 6110/2575/266 6109/2576/266
f 6108/2574/267 6112/2577/267 6113/2578/267 6110/2575/267
f 6106/2579/268 6111/2580/268 6113/2578/268 6112/2577/268
f 6111/2580/269 6115/2581/269 6116/2582/269 6113/2578/269
f 6107/2583/270 6114/2584/270 6116/2582/270 6115/2581/270
f 6114/2584/271 6109/2576/271 6110/2575/271 6116/2582/271
f 6110/2575/610 6113/2578/610 6116/2582/610
f 6045/2506/619 6021/2472/619 6025/2475/619 6048/2507/619
f 6048/2507/274 6025/2475/274 6030/2487/274 6052/2510/274
f 6052/2515/275 6030/2486/275 6023/2485/275 6046/2512/275
f 6022/2478/276 6033/2489/276 6037/2492/276 6027/2479/276
f 6027/2482/277 6037/2504/277 6042/2503/277 6031/2483/277
f 6031/2483/278 6042/2503/278 6035/2502/278 6023/2485/278
f 6034/2494/279 6057/2522/279 6061/2525/279 6039/2495/279
f 6039/2498/280 6061/2536/280 6066/2535/280 6043/2499/280
f 6043/2499/281 6066/2535/281 6059/2534/281 6035/2502/281
f 6058/2530/282 6047/2518/282 6055/2516/282 6063/2531/282
f 6063/2531/283 6055/2516/283 6051/2513/283 6067/2532/283
f 6067/2532/284 6051/2513/284 6046/2512/284 6059/2534/284
f 6093/2561/620 6045/2506/620 6049/2509/620 6096/2562/620
f 6096/2562/286 6049/2509/286 6054/2520/286 6100/2565/286
f 6100/2565/287 6054/2519/287 6047/2518/287 6094/2567/287
f 6057/2522/288 6105/2573/288 6109/2576/288 6060/2523/288
f 6060/2526/289 6109/2576/289 6114/2584/289 6064/2527/289
f 6064/2527/290 6114/2584/290 6107/2583/290 6058/2530/290
f 6106/2579/291 6095/2571/291 6103/2569/291 6111/2580/291
f 6111/2580/292 6103/2569/292 6099/2568/292 6115/2581/292
f 6115/2581/293 6099/2568/293 6094/2567/293 6107/2583/293
f 6069/2537/621 6093/2561/621 6097/2564/621 6072/2538/621
f 6072/2538/295 6097/2564/295 6102/2572/295 6076/2541/295
f 6076/2541/296 6102/2572/296 6095/2571/296 6070/2543/296
f 6105/2573/297 6081/2549/297 6085/2552/297 6108/2574/297
f 6108/2574/298 6085/2552/298 6090/2560/298 6112/2577/298
f 6112/2577/299 6090/2560/299 6083/2559/299 6106/2579/299
f 6082/2555/300 6071/2547/300 6079/2545/300 6087/2556/300
f 6087/2556/322 6079/2545/322 6075/2544/322 6091/2557/322
f 6091/2557/302 6075/2544/302 6070/2543/302 6083/2559/302
f 6021/2472/622 6069/2537/622 6073/2540/622 6024/2473/622
f 6024/2473/304 6073/2540/304 6078/2548/304 6028/2476/304
f 6028/2481/305 6078/2548/305 6071/2547/305 6022/2478/305
f 6081/2549/306 6034/2494/306 6040/2497/306 6084/2550/306
f 6084/2550/307 6040/2493/307 6036/2490/307 6088/2553/307
f 6088/2553/308 6036/2490/308 6033/2489/308 6082/2555/308
f 6045/2506/145 6093/2561/145 6069/2537/145 6021/2472/145
f 6023/2485/146 6035/2502/146 6059/2534/146 6046/2512/146
f 6071/2547/147 6082/2555/147 6033/2489/147 6022/2478/147
f 6105/2573/148 6057/2522/148 6034/2494/148 6081/2549/148
f 6047/2518/149 6058/2530/149 6107/2583/149 6094/2567/149
f 6095/2571/150 6106/2579/150 6083/2559/150 6070/2543/150
f 6325/2838/151 6328/2839/151 6329/2840/151 6331/2841/151
f 6326/2842/152 6330/2843/152 6329/2844/152 6328/2845/152
f 6327/2846/214 6331/2847/214 6329/2848/214 6330/2849/214
f 6332/2850/208 6335/2851/208 6336/2852/208 6338/2853/208
f 6333/2854/155 6337/2855/155 6336/2856/155 6335/2857/155
f 6334/2858/602 6338/2859/602 6336/2860/602 6337/2861/602
f 6339/2862/157 6342/2863/157 6343/2864/157 6345/2865/157
f 6340/2866/687 6344/2867/687 6343/2868/687 6342/2869/687
f 6341/2870/688 6345/2871/688 6343/2868/688 6344/2867/688
f 6346/2872/160 6349/2873/160 6350/2874/160 6352/2875/160
f 6347/2876/352 6351/1686/352 6350/2877/352 6349/2878/352
f 6348/2879/162 6352/2880/162 6350/2877/162 6351/1686/162
f 6353/2881/163 6356/2882/163 6357/2883/163 6359/2884/163
f 6354/2885/689 6358/2886/689 6357/2883/689 6356/2882/689
f 6355/2887/165 6359/2884/165 6357/2883/165 6358/2886/165
f 6360/2888/166 6363/2889/166 6364/2890/166 6366/2891/166
f 6361/2892/167 6365/1676/167 6364/2890/167 6363/2889/167
f 6362/2893/613 6366/2891/613 6364/2890/613 6365/1676/613
f 6367/2894/169 6370/2895/169 6371/2896/169 6373/2897/169
f 6368/2898/213 6372/2899/213 6371/2896/213 6370/2895/213
f 6369/2900/216 6373/2897/216 6371/2896/216 6372/2899/216
f 6374/2901/172 6377/2902/172 6378/2903/172 6380/2904/172
f 6375/2905/173 6379/1687/173 6378/2903/173 6377/2902/173
f 6376/2906/354 6380/2904/354 6378/2903/354 6379/1687/354
f 6339/2862/175 6325/2838/175 6331/2841/175 6342/2863/175
f 6342/2869/176 6331/2847/176 6327/2846/176 6340/2866/176
f 6326/2842/177 6332/2850/177 6338/2853/177 6330/2843/177
f 6330/2849/178 6338/2859/178 6334/2858/178 6327/2846/178
f 6333/2854/179 6346/2872/179 6352/2875/179 6337/2855/179
f 6337/2861/206 6352/2880/206 6348/2879/206 6334/2858/206
f 6347/2876/181 6341/2870/181 6344/2867/181 6351/1686/181
f 6351/1686/200 6344/2867/200 6340/2866/200 6348/2879/200
f 6367/2894/183 6339/2862/183 6345/2865/183 6370/2895/183
f 6370/2895/201 6345/2871/201 6341/2870/201 6368/2898/201
f 6346/2872/185 6374/2901/185 6380/2904/185 6349/2873/185
f 6349/2878/186 6380/2904/186 6376/2906/186 6347/2876/186
f 6375/2905/187 6369/2900/187 6372/2899/187 6379/1687/187
f 6379/1687/188 6372/2899/188 6368/2898/188 6376/2906/188
f 6353/2881/189 6367/2894/189 6373/2897/189 6356/2882/189
f 6356/2882/190 6373/2897/190 6369/2900/190 6354/2885/190
f 6374/2901/191 6360/2888/191 6366/2891/191 6377/2902/191
f 6377/2902/207 6366/2891/207 6362/2893/207 6375/2905/207
f 6361/2892/193 6355/2887/193 6358/2886/193 6365/1676/193
f 6365/1676/194 6358/2886/194 6354/2885/194 6362/2893/194
f 6325/2838/195 6353/2881/195 6359/2884/195 6328/2839/195
f 6328/2845/196 6359/2884/196 6355/2887/196 6326/2842/196
f 6360/2888/197 6333/2854/197 6335/2857/197 6363/2889/197
f 6363/2889/198 6335/2851/198 6332/2850/198 6361/2892/198
f 6339/2862/145 6367/2894/145 6353/2881/145 6325/2838/145
f 6327/2846/146 6334/2858/146 6348/2879/146 6340/2866/146
f 6355/2887/147 6361/2892/147 6332/2850/147 6326/2842/147
f 6374/2901/148 6346/2872/148 6333/2854/148 6360/2888/148
f 6341/2870/149 6347/2876/149 6376/2906/149 6368/2898/149
f 6369/2900/150 6375/2905/150 6362/2893/150 6354/2885/150
f 6381/2907/151 6384/2908/151 6385/2840/151 6387/2841/151
f 6382/2909/152 6386/2843/152 6385/2844/152 6384/2910/152
f 6383/2846/214 6387/2847/214 6385/2848/214 6386/2849/214
f 6388/2911/208 6391/2851/208 6392/2852/208 6394/2853/208
f 6389/2912/155 6393/2855/155 6392/2856/155 6391/2913/155
f 6390/2858/602 6394/2859/602 6392/2860/602 6393/2861/602
f 6395/2914/157 6398/2863/157 6399/2864/157 6401/2915/157
f 6396/2866/687 6400/2867/687 6399/2916/687 6398/2869/687
f 6397/2917/688 6401/2918/688 6399/2916/688 6400/2867/688
f 6402/2872/160 6405/2919/160 6406/2874/160 6408/2875/160
f 6403/2920/352 6407/1686/352 6406/2877/352 6405/2921/352
f 6404/2879/162 6408/2880/162 6406/2877/162 6407/1686/162
f 6409/2922/163 6412/2882/163 6413/2883/163 6415/2884/163
f 6410/2885/689 6414/2886/689 6413/2883/689 6412/2882/689
f 6411/2923/165 6415/2884/165 6413/2883/165 6414/2886/165
f 6416/2924/166 6419/2889/166 6420/2890/166 6422/2891/166
f 6417/2925/167 6421/1676/167 6420/2890/167 6419/2889/167
f 6418/2893/613 6422/2891/613 6420/2890/613 6421/1676/613
f 6423/2926/169 6426/2895/169 6427/2896/169 6429/2897/169
f 6424/2927/213 6428/2899/213 6427/2896/213 6426/2895/213
f 6425/2900/216 6429/2897/216 6427/2896/216 6428/2899/216
f 6430/2928/172 6433/2902/172 6434/2903/172 6436/2904/172
f 6431/2905/173 6435/1687/173 6434/2903/173 6433/2902/173
f 6432/2929/354 6436/2904/354 6434/2903/354 6435/1687/354
f 6395/2914/175 6381/2907/175 6387/2841/175 6398/2863/175
f 6398/2869/176 6387/2847/176 6383/2846/176 6396/2866/176
f 6382/2909/177 6388/2911/177 6394/2853/177 6386/2843/177
f 6386/2849/178 6394/2859/178 6390/2858/178 6383/2846/178
f 6389/2912/179 6402/2872/179 6408/2875/179 6393/2855/179
f 6393/2861/206 6408/2880/206 6404/2879/206 6390/2858/206
f 6403/2920/181 6397/2917/181 6400/2867/181 6407/1686/181
f 6407/1686/200 6400/2867/200 6396/2866/200 6404/2879/200
f 6423/2926/183 6395/2914/183 6401/2915/183 6426/2895/183
f 6426/2895/201 6401/2918/201 6397/2917/201 6424/2927/201
f 6402/2872/185 6430/2928/185 6436/2904/185 6405/2919/185
f 6405/2921/186 6436/2904/186 6432/2929/186 6403/2920/186
f 6431/2905/187 6425/2900/187 6428/2899/187 6435/1687/187
f 6435/1687/188 6428/2899/188 6424/2927/188 6432/2929/188
f 6409/2922/189 6423/2926/189 6429/2897/189 6412/2882/189
f 6412/2882/190 6429/2897/190 6425/2900/190 6410/2885/190
f 6430/2928/191 6416/2924/191 6422/2891/191 6433/2902/191
f 6433/2902/207 6422/2891/207 6418/2893/207 6431/2905/207
f 6417/2925/193 6411/2923/193 6414/2886/193 6421/1676/193
f 6421/1676/205 6414/2886/205 6410/2885/205 6418/2893/205
f 6381/2907/195 6409/2922/195 6415/2884/195 6384/2908/195
f 6384/2910/210 6415/2884/210 6411/2923/210 6382/2909/210
f 6416/2924/197 6389/2912/197 6391/2913/197 6419/2889/197
f 6419/2889/211 6391/2851/211 6388/2911/211 6417/2925/211
f 6395/2914/145 6423/2926/145 6409/2922/145 6381/2907/145
f 6383/2846/146 6390/2858/146 6404/2879/146 6396/2866/146
f 6411/2923/147 6417/2925/147 6388/2911/147 6382/2909/147
f 6430/2928/148 6402/2872/148 6389/2912/148 6416/2924/148
f 6397/2917/149 6403/2920/149 6432/2929/149 6424/2927/149
f 6425/2900/150 6431/2905/150 6418/2893/150 6410/2885/150
f 6437/2930/151 6440/2908/151 6441/2931/151 6443/2841/151
f 6438/2909/152 6442/2843/152 6441/2844/152 6440/2910/152
f 6439/2846/214 6443/2847/214 6441/2848/214 6442/2849/214
f 6444/2932/208 6447/2851/208 6448/2852/208 6450/2853/208
f 6445/2854/155 6449/2855/155 6448/2856/155 6447/2913/155
f 6446/2858/602 6450/2859/602 6448/2860/602 6449/2861/602
f 6451/2933/157 6454/2863/157 6455/2864/157 6457/2934/157
f 6452/2866/687 6456/2867/687 6455/2868/687 6454/2869/687
f 6453/2917/688 6457/2918/688 6455/2868/688 6456/2867/688
f 6458/2935/160 6461/2919/160 6462/2936/160 6464/2875/160
f 6459/2920/352 6463/1686/352 6462/2877/352 6461/2921/352
f 6460/2879/162 6464/2880/162 6462/2877/162 6463/1686/162
f 6465/2937/163 6468/2882/163 6469/2938/163 6471/2884/163
f 6466/2885/689 6470/2886/689 6469/2938/689 6468/2882/689
f 6467/2923/165 6471/2884/165 6469/2938/165 6470/2886/165
f 6472/2888/166 6475/2889/166 6476/2890/166 6478/2891/166
f 6473/2925/167 6477/1676/167 6476/2890/167 6475/2889/167
f 6474/2893/613 6478/2891/613 6476/2890/613 6477/1676/613
f 6479/2894/169 6482/2895/169 6483/2896/169 6485/2897/169
f 6480/2927/213 6484/2899/213 6483/2896/213 6482/2895/213
f 6481/2900/216 6485/2897/216 6483/2896/216 6484/2899/216
f 6486/2939/172 6489/2902/172 6490/2903/172 6492/2904/172
f 6487/2905/173 6491/1687/173 6490/2903/173 6489/2902/173
f 6488/2929/354 6492/2904/354 6490/2903/354 6491/1687/354
f 6451/2933/175 6437/2930/175 6443/2841/175 6454/2863/175
f 6454/2869/176 6443/2847/176 6439/2846/176 6452/2866/176
f 6438/2909/177 6444/2932/177 6450/2853/177 6442/2843/177
f 6442/2849/178 6450/2859/178 6446/2858/178 6439/2846/178
f 6445/2854/179 6458/2935/179 6464/2875/179 6449/2855/179
f 6449/2861/206 6464/2880/206 6460/2879/206 6446/2858/206
f 6459/2920/181 6453/2917/181 6456/2867/181 6463/1686/181
f 6463/1686/200 6456/2867/200 6452/2866/200 6460/2879/200
f 6479/2894/183 6451/2933/183 6457/2934/183 6482/2895/183
f 6482/2895/201 6457/2918/201 6453/2917/201 6480/2927/201
f 6458/2935/185 6486/2939/185 6492/2904/185 6461/2919/185
f 6461/2921/186 6492/2904/186 6488/2929/186 6459/2920/186
f 6487/2905/187 6481/2900/187 6484/2899/187 6491/1687/187
f 6491/1687/188 6484/2899/188 6480/2927/188 6488/2929/188
f 6465/2937/189 6479/2894/189 6485/2897/189 6468/2882/189
f 6468/2882/190 6485/2897/190 6481/2900/190 6466/2885/190
f 6486/2939/191 6472/2888/191 6478/2891/191 6489/2902/191
f 6489/2902/207 6478/2891/207 6474/2893/207 6487/2905/207
f 6473/2925/193 6467/2923/193 6470/2886/193 6477/1676/193
f 6477/1676/194 6470/2886/194 6466/2885/194 6474/2893/194
f 6437/2930/195 6465/2937/195 6471/2884/195 6440/2908/195
f 6440/2910/210 6471/2884/210 6467/2923/210 6438/2909/210
f 6472/2888/197 6445/2854/197 6447/2913/197 6475/2889/197
f 6475/2889/211 6447/2851/211 6444/2932/211 6473/2925/211
f 6451/2933/145 6479/2894/145 6465/2937/145 6437/2930/145
f 6439/2846/146 6446/2858/146 6460/2879/146 6452/2866/146
f 6467/2923/147 6473/2925/147 6444/2932/147 6438/2909/147
f 6486/2939/148 6458/2935/148 6445/2854/148 6472/2888/148
f 6453/2917/149 6459/2920/149 6488/2929/149 6480/2927/149
f 6481/2900/150 6487/2905/150 6474/2893/150 6466/2885/150
f 6493/2930/151 6496/2908/151 6497/2940/151 6499/2841/151
f 6494/2941/152 6498/2843/152 6497/2844/152 6496/2910/152
f 6495/2846/214 6499/2847/214 6497/2848/214 6498/2849/214
f 6500/2850/208 6503/2851/208 6504/2852/208 6506/2853/208
f 6501/2942/155 6505/2855/155 6504/2856/155 6503/2913/155
f 6502/2858/602 6506/2859/602 6504/2860/602 6505/2861/602
f 6507/2943/157 6510/2863/157 6511/2864/157 6513/2944/157
f 6508/2866/687 6512/2867/687 6511/2868/687 6510/2869/687
f 6509/2945/688 6513/2918/688 6511/2868/688 6512/2867/688
f 6514/2872/160 6517/2919/160 6518/2936/160 6520/2875/160
f 6515/2920/352 6519/1686/352 6518/2877/352 6517/2921/352
f 6516/2879/162 6520/2880/162 6518/2877/162 6519/1686/162
f 6521/2946/163 6524/2882/163 6525/2883/163 6527/2884/163
f 6522/2885/689 6526/2886/689 6525/2883/689 6524/2882/689
f 6523/2947/165 6527/2884/165 6525/2883/165 6526/2886/165
f 6528/2948/166 6531/2949/166 6532/2890/166 6534/2891/166
f 6529/2892/167 6533/1676/167 6532/2890/167 6531/2949/167
f 6530/2893/613 6534/2891/613 6532/2890/613 6533/1676/613
f 6535/2894/169 6538/2950/169 6539/2896/169 6541/2897/169
f 6536/2951/213 6540/2899/213 6539/2896/213 6538/2950/213
f 6537/2900/216 6541/2897/216 6539/2896/216 6540/2899/216
f 6542/2952/172 6545/2902/172 6546/2903/172 6548/2904/172
f 6543/2905/173 6547/1687/173 6546/2903/173 6545/2902/173
f 6544/2953/354 6548/2904/354 6546/2903/354 6547/1687/354
f 6507/2943/175 6493/2930/175 6499/2841/175 6510/2863/175
f 6510/2869/176 6499/2847/176 6495/2846/176 6508/2866/176
f 6494/2941/177 6500/2850/177 6506/2853/177 6498/2843/177
f 6498/2849/178 6506/2859/178 6502/2858/178 6495/2846/178
f 6501/2942/179 6514/2872/179 6520/2875/179 6505/2855/179
f 6505/2861/206 6520/2880/206 6516/2879/206 6502/2858/206
f 6515/2920/181 6509/2945/181 6512/2867/181 6519/1686/181
f 6519/1686/200 6512/2867/200 6508/2866/200 6516/2879/200
f 6535/2894/183 6507/2943/183 6513/2944/183 6538/2950/183
f 6538/2950/201 6513/2918/201 6509/2945/201 6536/2951/201
f 6514/2872/185 6542/2952/185 6548/2904/185 6517/2919/185
f 6517/2921/186 6548/2904/186 6544/2953/186 6515/2920/186
f 6543/2905/187 6537/2900/187 6540/2899/187 6547/1687/187
f 6547/1687/188 6540/2899/188 6536/2951/188 6544/2953/188
f 6521/2946/189 6535/2894/189 6541/2897/189 6524/2882/189
f 6524/2882/190 6541/2897/190 6537/2900/190 6522/2885/190
f 6542/2952/191 6528/2948/191 6534/2891/191 6545/2902/191
f 6545/2902/207 6534/2891/207 6530/2893/207 6543/2905/207
f 6529/2892/193 6523/2947/193 6526/2886/193 6533/1676/193
f 6533/1676/194 6526/2886/194 6522/2885/194 6530/2893/194
f 6493/2930/195 6521/2946/195 6527/2884/195 6496/2908/195
f 6496/2910/196 6527/2884/196 6523/2947/196 6494/2941/196
f 6528/2948/197 6501/2942/197 6503/2913/197 6531/2949/197
f 6531/2949/198 6503/2851/198 6500/2850/198 6529/2892/198
f 6507/2943/145 6535/2894/145 6521/2946/145 6493/2930/145
f 6495/2846/146 6502/2858/146 6516/2879/146 6508/2866/146
f 6523/2947/147 6529/2892/147 6500/2850/147 6494/2941/147
f 6542/2952/148 6514/2872/148 6501/2942/148 6528/2948/148
f 6509/2945/149 6515/2920/149 6544/2953/149 6536/2951/149
f 6537/2900/150 6543/2905/150 6530/2893/150 6522/2885/150
f 6549/2954/151 6552/2955/151 6553/2956/151 6555/2957/151
f 6550/2958/152 6554/2959/152 6553/2960/152 6552/2961/152
f 6551/2962/153 6555/2963/153 6553/2964/153 6554/2965/153
f 6556/2966/208 6559/2967/208 6560/2968/208 6562/2969/208
f 6557/2970/155 6561/2971/155 6560/2972/155 6559/2973/155
f 6558/2974/156 6562/2975/156 6560/2976/156 6561/2977/156
f 6563/2978/157 6566/2979/157 6567/2980/157 6569/2981/157
f 6564/2982/158 6568/2983/158 6567/2984/158 6566/2985/158
f 6565/2986/159 6569/2987/159 6567/2984/159 6568/2983/159
f 6570/2988/160 6573/2989/160 6574/2990/160 6576/2991/160
f 6571/2992/161 6575/2993/161 6574/2994/161 6573/2995/161
f 6572/2996/162 6576/2997/162 6574/2994/162 6575/2993/162
f 6577/2998/163 6580/2999/163 6581/3000/163 6583/3001/163
f 6578/3002/164 6582/3003/164 6581/3000/164 6580/2999/164
f 6579/3004/165 6583/3001/165 6581/3000/165 6582/3003/165
f 6584/3005/166 6587/3006/166 6588/3007/166 6590/3008/166
f 6585/3009/167 6589/3010/167 6588/3007/167 6587/3006/167
f 6586/3011/168 6590/3008/168 6588/3007/168 6589/3010/168
f 6591/3012/169 6594/3013/169 6595/3014/169 6597/3015/169
f 6592/3016/170 6596/3017/170 6595/3014/170 6594/3013/170
f 6593/3018/171 6597/3015/171 6595/3014/171 6596/3017/171
f 6598/3019/172 6601/3020/172 6602/3021/172 6604/3022/172
f 6599/3023/173 6603/3024/173 6602/3021/173 6601/3020/173
f 6600/3025/174 6604/3022/174 6602/3021/174 6603/3024/174
f 6563/2978/175 6549/2954/175 6555/2957/175 6566/2979/175
f 6566/2985/199 6555/2963/199 6551/2962/199 6564/2982/199
f 6550/2958/177 6556/2966/177 6562/2969/177 6554/2959/177
f 6554/2965/178 6562/2975/178 6558/2974/178 6551/2962/178
f 6557/2970/179 6570/2988/179 6576/2991/179 6561/2971/179
f 6561/2977/180 6576/2997/180 6572/2996/180 6558/2974/180
f 6571/2992/181 6565/2986/181 6568/2983/181 6575/2993/181
f 6575/2993/200 6568/2983/200 6564/2982/200 6572/2996/200
f 6591/3012/183 6563/2978/183 6569/2981/183 6594/3013/183
f 6594/3013/184 6569/2987/184 6565/2986/184 6592/3016/184
f 6570/2988/185 6598/3019/185 6604/3022/185 6573/2989/185
f 6573/2995/202 6604/3022/202 6600/3025/202 6571/2992/202
f 6599/3023/187 6593/3018/187 6596/3017/187 6603/3024/187
f 6603/3024/188 6596/3017/188 6592/3016/188 6600/3025/188
f 6577/2998/189 6591/3012/189 6597/3015/189 6580/2999/189
f 6580/2999/204 6597/3015/204 6593/3018/204 6578/3002/204
f 6598/3019/191 6584/3005/191 6590/3008/191 6601/3020/191
f 6601/3020/192 6590/3008/192 6586/3011/192 6599/3023/192
f 6585/3009/193 6579/3004/193 6582/3003/193 6589/3010/193
f 6589/3010/205 6582/3003/205 6578/3002/205 6586/3011/205
f 6549/2954/195 6577/2998/195 6583/3001/195 6552/2955/195
f 6552/2961/196 6583/3001/196 6579/3004/196 6550/2958/196
f 6584/3005/197 6557/2970/197 6559/2973/197 6587/3006/197
f 6587/3006/198 6559/2967/198 6556/2966/198 6585/3009/198
f 6563/2978/145 6591/3012/145 6577/2998/145 6549/2954/145
f 6551/2962/146 6558/2974/146 6572/2996/146 6564/2982/146
f 6579/3004/147 6585/3009/147 6556/2966/147 6550/2958/147
f 6598/3019/148 6570/2988/148 6557/2970/148 6584/3005/148
f 6565/2986/149 6571/2992/149 6600/3025/149 6592/3016/149
f 6593/3018/150 6599/3023/150 6586/3011/150 6578/3002/150
f 7061/3545/151 7064/3546/151 7065/3547/151 7067/3548/151
f 7062/3549/152 7066/3550/152 7065/3551/152 7064/3552/152
f 7063/3553/153 7067/3554/153 7065/3555/153 7066/3556/153
f 7068/3557/208 7071/3558/208 7072/3559/208 7074/3560/208
f 7069/3561/155 7073/3562/155 7072/3563/155 7071/3564/155
f 7070/3565/156 7074/3566/156 7072/3567/156 7073/3568/156
f 7075/3569/157 7078/3570/157 7079/3571/157 7081/3572/157
f 7076/3573/158 7080/3574/158 7079/3575/158 7078/3576/158
f 7077/3577/159 7081/3578/159 7079/3575/159 7080/3574/159
f 7082/3579/160 7085/3580/160 7086/3581/160 7088/3582/160
f 7083/3583/161 7087/3584/161 7086/3585/161 7085/3586/161
f 7084/3587/162 7088/3588/162 7086/3585/162 7087/3584/162
f 7089/3589/163 7092/3590/163 7093/3591/163 7095/3592/163
f 7090/3593/164 7094/3594/164 7093/3591/164 7092/3590/164
f 7091/3595/165 7095/3592/165 7093/3591/165 7094/3594/165
f 7096/3596/166 7099/3597/166 7100/3598/166 7102/3599/166
f 7097/3600/167 7101/3601/167 7100/3598/167 7099/3597/167
f 7098/3602/168 7102/3599/168 7100/3598/168 7101/3601/168
f 7103/3603/169 7106/3604/169 7107/3605/169 7109/3606/169
f 7104/3607/170 7108/3608/170 7107/3605/170 7106/3604/170
f 7105/3609/171 7109/3606/171 7107/3605/171 7108/3608/171
f 7110/3610/172 7113/3611/172 7114/3612/172 7116/3613/172
f 7111/3614/173 7115/3615/173 7114/3612/173 7113/3611/173
f 7112/3616/174 7116/3613/174 7114/3612/174 7115/3615/174
f 7075/3569/175 7061/3545/175 7067/3548/175 7078/3570/175
f 7078/3576/176 7067/3554/176 7063/3553/176 7076/3573/176
f 7062/3549/177 7068/3557/177 7074/3560/177 7066/3550/177
f 7066/3556/178 7074/3566/178 7070/3565/178 7063/3553/178
f 7069/3561/179 7082/3579/179 7088/3582/179 7073/3562/179
f 7073/3568/180 7088/3588/180 7084/3587/180 7070/3565/180
f 7083/3583/181 7077/3577/181 7080/3574/181 7087/3584/181
f 7087/3584/182 7080/3574/182 7076/3573/182 7084/3587/182
f 7103/3603/183 7075/3569/183 7081/3572/183 7106/3604/183
f 7106/3604/184 7081/3578/184 7077/3577/184 7104/3607/184
f 7082/3579/185 7110/3610/185 7116/3613/185 7085/3580/185
f 7085/3586/202 7116/3613/202 7112/3616/202 7083/3583/202
f 7111/3614/187 7105/3609/187 7108/3608/187 7115/3615/187
f 7115/3615/203 7108/3608/203 7104/3607/203 7112/3616/203
f 7089/3589/189 7103/3603/189 7109/3606/189 7092/3590/189
f 7092/3590/190 7109/3606/190 7105/3609/190 7090/3593/190
f 7110/3610/191 7096/3596/191 7102/3599/191 7113/3611/191
f 7113/3611/192 7102/3599/192 7098/3602/192 7111/3614/192
f 7097/3600/193 7091/3595/193 7094/3594/193 7101/3601/193
f 7101/3601/205 7094/3594/205 7090/3593/205 7098/3602/205
f 7061/3545/195 7089/3589/195 7095/3592/195 7064/3546/195
f 7064/3552/210 7095/3592/210 7091/3595/210 7062/3549/210
f 7096/3596/197 7069/3561/197 7071/3564/197 7099/3597/197
f 7099/3597/198 7071/3558/198 7068/3557/198 7097/3600/198
f 7075/3569/145 7103/3603/145 7089/3589/145 7061/3545/145
f 7063/3553/146 7070/3565/146 7084/3587/146 7076/3573/146
f 7091/3595/147 7097/3600/147 7068/3557/147 7062/3549/147
f 7110/3610/148 7082/3579/148 7069/3561/148 7096/3596/148
f 7077/3577/149 7083/3583/149 7112/3616/149 7104/3607/149
f 7105/3609/150 7111/3614/150 7098/3602/150 7090/3593/150
f 7117/3617/328 7118/3618/328 7119/3619/328
f 7120/3620/605 7121/3621/605 7122/3622/605
f 7123/3623/329 7124/3624/329 7125/3625/329
f 7126/3626/982 7127/3627/982 7128/3628/982
f 7129/3629/251 7130/3630/251 7131/3631/251
f 7132/3632/983 7133/3633/983 7134/3634/983
f 7135/3635/331 7136/3636/331 7137/3637/331
f 7138/3638/610 7139/3639/610 7140/3640/610
f 7123/3623/274 7117/3617/274 7119/3619/274 7124/3624/274
f 7118/3641/277 7120/3642/277 7122/3643/277 7119/3644/277
f 7121/3645/280 7126/3626/280 7128/3628/280 7122/3643/280
f 7127/3627/283 7125/3646/283 7124/3647/283 7128/3628/283
f 7135/3635/286 7123/3623/286 7125/3625/286 7136/3636/286
f 7126/3626/289 7138/3638/289 7140/3640/289 7127/3627/289
f 7139/3639/292 7137/3637/292 7136/3636/292 7140/3640/292
f 7129/3629/295 7135/3635/295 7137/3637/295 7130/3630/295
f 7138/3638/298 7132/3632/298 7134/3634/298 7139/3639/298
f 7133/3633/322 7131/3631/322 7130/3630/322 7134/3634/322
f 7117/3617/304 7129/3629/304 7131/3631/304 7118/3618/304
f 7132/3632/307 7121/3621/307 7120/3620/307 7133/3633/307
f 7123/3623/145 7135/3635/145 7129/3629/145 7117/3617/145
f 7119/3644/146 7122/3643/146 7128/3628/146 7124/3647/146
f 7131/3631/147 7133/3633/147 7120/3620/147 7118/3648/147
f 7138/3638/148 7126/3649/148 7121/3650/148 7132/3632/148
f 7125/3646/149 7127/3627/149 7140/3640/149 7136/3636/149
f 7137/3637/150 7139/3639/150 7134/3634/150 7130/3630/150
f 7141/3617/223 7142/3618/223 7143/3619/223
f 7144/3620/605 7145/3621/605 7146/3622/605
f 7147/3623/329 7148/3624/329 7149/3625/329
f 7150/3626/982 7151/3627/982 7152/3628/982
f 7153/3629/251 7154/3630/251 7155/3631/251
f 7156/3632/983 7157/3633/983 7158/3634/983
f 7159/3635/331 7160/3636/331 7161/3637/331
f 7162/3638/610 7163/3639/610 7164/3640/610
f 7147/3623/274 7141/3617/274 7143/3619/274 7148/3624/274
f 7142/3641/277 7144/3642/277 7146/3643/277 7143/3644/277
f 7145/3645/280 7150/3626/280 7152/3628/280 7146/3643/280
f 7151/3627/283 7149/3646/283 7148/3647/283 7152/3628/283
f 7159/3635/286 7147/3623/286 7149/3625/286 7160/3636/286
f 7150/3626/289 7162/3638/289 7164/3640/289 7151/3627/289
f 7163/3639/292 7161/3637/292 7160/3636/292 7164/3640/292
f 7153/3629/295 7159/3635/295 7161/3637/295 7154/3630/295
f 7162/3638/298 7156/3632/298 7158/3634/298 7163/3639/298
f 7157/3633/322 7155/3631/322 7154/3630/322 7158/3634/322
f 7141/3617/304 7153/3629/304 7155/3631/304 7142/3618/304
f 7156/3632/307 7145/3621/307 7144/3620/307 7157/3633/307
f 7147/3623/145 7159/3635/145 7153/3629/145 7141/3617/145
f 7143/3644/146 7146/3643/146 7152/3628/146 7148/3647/146
f 7155/3631/147 7157/3633/147 7144/3620/147 7142/3648/147
f 7162/3638/148 7150/3649/148 7145/3650/148 7156/3632/148
f 7149/3646/149 7151/3627/149 7164/3640/149 7160/3636/149
f 7161/3637/150 7163/3639/150 7158/3634/150 7154/3630/150
f 7165/3651/223 7166/3652/223 7167/3619/223
f 7168/3620/605 7169/3621/605 7170/3653/605
f 7171/3623/329 7172/3624/329 7173/3654/329
f 7174/3655/982 7175/3656/982 7176/3657/982
f 7177/3658/251 7178/3630/251 7179/3659/251
f 7180/3660/983 7181/3661/983 7182/3634/983
f 7183/3662/265 7184/3663/265 7185/3637/265
f 7186/3664/610 7187/3639/610 7188/3665/610
f 7171/3623/274 7165/3651/274 7167/3619/274 7172/3624/274
f 7166/3641/277 7168/3642/277 7170/3643/277 7167/3644/277
f 7169/3645/280 7174/3655/280 7176/3657/280 7170/3643/280
f 7175/3656/283 7173/3666/283 7172/3647/283 7176/3657/283
f 7183/3662/286 7171/3623/286 7173/3654/286 7184/3663/286
f 7174/3655/289 7186/3664/289 7188/3665/289 7175/3656/289
f 7187/3639/292 7185/3637/292 7184/3663/292 7188/3665/292
f 7177/3658/295 7183/3662/295 7185/3637/295 7178/3630/295
f 7186/3664/298 7180/3660/298 7182/3634/298 7187/3639/298
f 7181/3661/322 7179/3659/322 7178/3630/322 7182/3634/322
f 7165/3651/304 7177/3658/304 7179/3659/304 7166/3652/304
f 7180/3660/307 7169/3621/307 7168/3620/307 7181/3661/307
f 7171/3623/145 7183/3662/145 7177/3658/145 7165/3651/145
f 7167/3644/146 7170/3643/146 7176/3657/146 7172/3647/146
f 7179/3659/147 7181/3661/147 7168/3620/147 7166/3667/147
f 7186/3664/148 7174/3668/148 7169/3669/148 7180/3660/148
f 7173/3666/149 7175/3656/149 7188/3665/149 7184/3663/149
f 7185/3637/150 7187/3639/150 7182/3634/150 7178/3630/150
f 7341/3545/151 7344/3546/151 7345/3709/151 7347/3548/151
f 7342/3549/152 7346/3550/152 7345/3551/152 7344/3552/152
f 7343/3553/153 7347/3554/153 7345/3555/153 7346/3556/153
f 7348/3557/208 7351/3558/208 7352/3710/208 7354/3560/208
f 7349/3561/155 7353/3562/155 7352/3563/155 7351/3564/155
f 7350/3565/156 7354/3566/156 7352/3567/156 7353/3568/156
f 7355/3569/157 7358/3570/157 7359/3571/157 7361/3572/157
f 7356/3573/158 7360/3574/158 7359/3711/158 7358/3576/158
f 7357/3577/159 7361/3578/159 7359/3711/159 7360/3574/159
f 7362/3579/160 7365/3580/160 7366/3712/160 7368/3582/160
f 7363/3583/161 7367/3584/161 7366/3585/161 7365/3586/161
f 7364/3587/162 7368/3588/162 7366/3585/162 7367/3584/162
f 7369/3589/163 7372/3590/163 7373/3591/163 7375/3592/163
f 7370/3593/164 7374/3594/164 7373/3591/164 7372/3590/164
f 7371/3595/165 7375/3592/165 7373/3591/165 7374/3594/165
f 7376/3596/166 7379/3597/166 7380/3713/166 7382/3599/166
f 7377/3600/167 7381/3601/167 7380/3713/167 7379/3597/167
f 7378/3602/168 7382/3599/168 7380/3713/168 7381/3601/168
f 7383/3603/169 7386/3604/169 7387/3605/169 7389/3606/169
f 7384/3607/170 7388/3608/170 7387/3605/170 7386/3604/170
f 7385/3609/171 7389/3606/171 7387/3605/171 7388/3608/171
f 7390/3610/172 7393/3611/172 7394/3714/172 7396/3613/172
f 7391/3614/173 7395/3615/173 7394/3714/173 7393/3611/173
f 7392/3616/174 7396/3613/174 7394/3714/174 7395/3615/174
f 7355/3569/175 7341/3545/175 7347/3548/175 7358/3570/175
f 7358/3576/176 7347/3554/176 7343/3553/176 7356/3573/176
f 7342/3549/177 7348/3557/177 7354/3560/177 7346/3550/177
f 7346/3556/178 7354/3566/178 7350/3565/178 7343/3553/178
f 7349/3561/179 7362/3579/179 7368/3582/179 7353/3562/179
f 7353/3568/180 7368/3588/180 7364/3587/180 7350/3565/180
f 7363/3583/181 7357/3577/181 7360/3574/181 7367/3584/181
f 7367/3584/182 7360/3574/182 7356/3573/182 7364/3587/182
f 7383/3603/183 7355/3569/183 7361/3572/183 7386/3604/183
f 7386/3604/184 7361/3578/184 7357/3577/184 7384/3607/184
f 7362/3579/185 7390/3610/185 7396/3613/185 7365/3580/185
f 7365/3586/202 7396/3613/202 7392/3616/202 7363/3583/202
f 7391/3614/187 7385/3609/187 7388/3608/187 7395/3615/187
f 7395/3615/203 7388/3608/203 7384/3607/203 7392/3616/203
f 7369/3589/189 7383/3603/189 7389/3606/189 7372/3590/189
f 7372/3590/190 7389/3606/190 7385/3609/190 7370/3593/190
f 7390/3610/191 7376/3596/191 7382/3599/191 7393/3611/191
f 7393/3611/192 7382/3599/192 7378/3602/192 7391/3614/192
f 7377/3600/193 7371/3595/193 7374/3594/193 7381/3601/193
f 7381/3601/194 7374/3594/194 7370/3593/194 7378/3602/194
f 7341/3545/195 7369/3589/195 7375/3592/195 7344/3546/195
f 7344/3552/210 7375/3592/210 7371/3595/210 7342/3549/210
f 7376/3596/197 7349/3561/197 7351/3564/197 7379/3597/197
f 7379/3597/198 7351/3558/198 7348/3557/198 7377/3600/198
f 7355/3569/145 7383/3603/145 7369/3589/145 7341/3545/145
f 7343/3553/146 7350/3565/146 7364/3587/146 7356/3573/146
f 7371/3595/147 7377/3600/147 7348/3557/147 7342/3549/147
f 7390/3610/148 7362/3579/148 7349/3561/148 7376/3596/148
f 7357/3577/149 7363/3583/149 7392/3616/149 7384/3607/149
f 7385/3609/150 7391/3614/150 7378/3602/150 7370/3593/150
f 7397/3715/223 7398/3716/223 7399/3619/223
f 7400/3717/605 7401/3718/605 7402/3653/605
f 7403/3719/237 7404/3624/237 7405/3720/237
f 7406/3721/982 7407/3722/982 7408/3723/982
f 7409/3724/251 7410/3630/251 7411/3631/251
f 7412/3632/983 7413/3725/983 7414/3634/983
f 7415/3726/331 7416/3727/331 7417/3637/331
f 7418/3728/610 7419/3639/610 7420/3729/610
f 7403/3719/274 7397/3715/274 7399/3619/274 7404/3624/274
f 7398/3641/277 7400/3642/277 7402/3643/277 7399/3644/277
f 7401/3645/280 7406/3721/280 7408/3723/280 7402/3643/280
f 7407/3722/283 7405/3730/283 7404/3647/283 7408/3723/283
f 7415/3726/286 7403/3719/286 7405/3720/286 7416/3727/286
f 7406/3721/289 7418/3728/289 7420/3729/289 7407/3722/289
f 7419/3639/292 7417/3637/292 7416/3727/292 7420/3729/292
f 7409/3724/295 7415/3726/295 7417/3637/295 7410/3630/295
f 7418/3728/298 7412/3632/298 7414/3634/298 7419/3639/298
f 7413/3725/322 7411/3631/322 7410/3630/322 7414/3634/322
f 7397/3715/304 7409/3724/304 7411/3631/304 7398/3716/304
f 7412/3632/307 7401/3718/307 7400/3717/307 7413/3725/307
f 7403/3719/145 7415/3726/145 7409/3724/145 7397/3715/145
f 7399/3644/146 7402/3643/146 7408/3723/146 7404/3647/146
f 7411/3631/147 7413/3725/147 7400/3717/147 7398/3648/147
f 7418/3728/148 7406/3731/148 7401/3732/148 7412/3632/148
f 7405/3730/149 7407/3722/149 7420/3729/149 7416/3727/149
f 7417/3637/150 7419/3639/150 7414/3634/150 7410/3630/150
f 7421/3617/223 7422/3618/223 7423/3619/223
f 7424/3620/605 7425/3621/605 7426/3622/605
f 7427/3623/329 7428/3624/329 7429/3625/329
f 7430/3626/982 7431/3627/982 7432/3628/982
f 7433/3629/251 7434/3630/251 7435/3631/251
f 7436/3632/983 7437/3633/983 7438/3634/983
f 7439/3635/331 7440/3636/331 7441/3637/331
f 7442/3638/610 7443/3639/610 7444/3640/610
f 7427/3623/274 7421/3617/274 7423/3619/274 7428/3624/274
f 7422/3641/277 7424/3642/277 7426/3643/277 7423/3644/277
f 7425/3645/280 7430/3626/280 7432/3628/280 7426/3643/280
f 7431/3627/283 7429/3646/283 7428/3647/283 7432/3628/283
f 7439/3635/286 7427/3623/286 7429/3625/286 7440/3636/286
f 7430/3626/289 7442/3638/289 7444/3640/289 7431/3627/289
f 7443/3639/292 7441/3637/292 7440/3636/292 7444/3640/292
f 7433/3629/295 7439/3635/295 7441/3637/295 7434/3630/295
f 7442/3638/298 7436/3632/298 7438/3634/298 7443/3639/298
f 7437/3633/322 7435/3631/322 7434/3630/322 7438/3634/322
f 7421/3617/304 7433/3629/304 7435/3631/304 7422/3618/304
f 7436/3632/307 7425/3621/307 7424/3620/307 7437/3633/307
f 7427/3623/145 7439/3635/145 7433/3629/145 7421/3617/145
f 7423/3644/146 7426/3643/146 7432/3628/146 7428/3647/146
f 7435/3631/147 7437/3633/147 7424/3620/147 7422/3648/147
f 7442/3638/148 7430/3649/148 7425/3650/148 7436/3632/148
f 7429/3646/149 7431/3627/149 7444/3640/149 7440/3636/149
f 7441/3637/150 7443/3639/150 7438/3634/150 7434/3630/150
f 7445/3617/223 7446/3618/223 7447/3619/223
f 7448/3620/605 7449/3621/605 7450/3622/605
f 7451/3623/329 7452/3624/329 7453/3625/329
f 7454/3626/982 7455/3627/982 7456/3628/982
f 7457/3629/330 7458/3630/330 7459/3631/330
f 7460/3632/983 7461/3633/983 7462/3634/983
f 7463/3635/331 7464/3636/331 7465/3637/331
f 7466/3638/610 7467/3639/610 7468/3640/610
f 7451/3623/274 7445/3617/274 7447/3619/274 7452/3624/274
f 7446/3641/277 7448/3642/277 7450/3643/277 7447/3644/277
f 7449/3645/280 7454/3626/280 7456/3628/280 7450/3643/280
f 7455/3627/283 7453/3646/283 7452/3647/283 7456/3628/283
f 7463/3635/286 7451/3623/286 7453/3625/286 7464/3636/286
f 7454/3626/289 7466/3638/289 7468/3640/289 7455/3627/289
f 7467/3639/292 7465/3637/292 7464/3636/292 7468/3640/292
f 7457/3629/295 7463/3635/295 7465/3637/295 7458/3630/295
f 7466/3638/298 7460/3632/298 7462/3634/298 7467/3639/298
f 7461/3633/322 7459/3631/322 7458/3630/322 7462/3634/322
f 7445/3617/304 7457/3629/304 7459/3631/304 7446/3618/304
f 7460/3632/307 7449/3621/307 7448/3620/307 7461/3633/307
f 7451/3623/145 7463/3635/145 7457/3629/145 7445/3617/145
f 7447/3644/146 7450/3643/146 7456/3628/146 7452/3647/146
f 7459/3631/147 7461/3633/147 7448/3620/147 7446/3648/147
f 7466/3638/148 7454/3649/148 7449/3650/148 7460/3632/148
f 7453/3646/149 7455/3627/149 7468/3640/149 7464/3636/149
f 7465/3637/150 7467/3639/150 7462/3634/150 7458/3630/150
f 7621/3794/151 7624/3546/151 7625/3547/151 7627/3548/151
f 7622/3549/152 7626/3550/152 7625/3551/152 7624/3552/152
f 7623/3795/153 7627/3554/153 7625/3796/153 7626/3556/153
f 7628/3557/208 7631/3558/208 7632/3559/208 7634/3560/208
f 7629/3561/155 7633/3562/155 7632/3797/155 7631/3564/155
f 7630/3798/156 7634/3566/156 7632/3567/156 7633/3799/156
f 7635/3800/157 7638/3801/157 7639/3802/157 7641/3572/157
f 7636/3803/158 7640/3574/158 7639/3575/158 7638/3804/158
f 7637/3577/159 7641/3578/159 7639/3575/159 7640/3574/159
f 7642/3805/160 7645/3580/160 7646/3581/160 7648/3806/160
f 7643/3583/161 7647/3584/161 7646/3807/161 7645/3586/161
f 7644/3808/162 7648/3809/162 7646/3807/162 7647/3584/162
f 7649/3589/163 7652/3810/163 7653/3591/163 7655/3592/163
f 7650/3593/164 7654/3594/164 7653/3591/164 7652/3810/164
f 7651/3595/165 7655/3592/165 7653/3591/165 7654/3594/165
f 7656/3811/166 7659/3597/166 7660/3812/166 7662/3599/166
f 7657/3600/167 7661/3601/167 7660/3812/167 7659/3597/167
f 7658/3602/168 7662/3599/168 7660/3812/168 7661/3601/168
f 7663/3813/169 7666/3604/169 7667/3605/169 7669/3814/169
f 7664/3607/170 7668/3608/170 7667/3605/170 7666/3604/170
f 7665/3609/171 7669/3814/171 7667/3605/171 7668/3608/171
f 7670/3815/172 7673/3816/172 7674/3714/172 7676/3613/172
f 7671/3817/173 7675/3615/173 7674/3714/173 7673/3816/173
f 7672/3616/174 7676/3613/174 7674/3714/174 7675/3615/174
f 7635/3800/175 7621/3794/175 7627/3548/175 7638/3801/175
f 7638/3804/176 7627/3554/176 7623/3795/176 7636/3803/176
f 7622/3549/209 7628/3557/209 7634/3560/209 7626/3550/209
f 7626/3556/178 7634/3566/178 7630/3798/178 7623/3795/178
f 7629/3561/179 7642/3805/179 7648/3806/179 7633/3562/179
f 7633/3799/180 7648/3809/180 7644/3808/180 7630/3798/180
f 7643/3583/181 7637/3577/181 7640/3574/181 7647/3584/181
f 7647/3584/182 7640/3574/182 7636/3803/182 7644/3808/182
f 7663/3813/183 7635/3800/183 7641/3572/183 7666/3604/183
f 7666/3604/184 7641/3578/184 7637/3577/184 7664/3607/184
f 7642/3805/185 7670/3815/185 7676/3613/185 7645/3580/185
f 7645/3586/202 7676/3613/202 7672/3616/202 7643/3583/202
f 7671/3817/187 7665/3609/187 7668/3608/187 7675/3615/187
f 7675/3615/188 7668/3608/188 7664/3607/188 7672/3616/188
f 7649/3589/189 7663/3813/189 7669/3814/189 7652/3810/189
f 7652/3810/190 7669/3814/190 7665/3609/190 7650/3593/190
f 7670/3815/191 7656/3811/191 7662/3599/191 7673/3816/191
f 7673/3816/192 7662/3599/192 7658/3602/192 7671/3817/192
f 7657/3600/193 7651/3595/193 7654/3594/193 7661/3601/193
f 7661/3601/194 7654/3594/194 7650/3593/194 7658/3602/194
f 7621/3794/195 7649/3589/195 7655/3592/195 7624/3546/195
f 7624/3552/210 7655/3592/210 7651/3595/210 7622/3549/210
f 7656/3811/197 7629/3561/197 7631/3564/197 7659/3597/197
f 7659/3597/211 7631/3558/211 7628/3557/211 7657/3600/211
f 7635/3800/145 7663/3813/145 7649/3589/145 7621/3794/145
f 7623/3795/146 7630/3798/146 7644/3808/146 7636/3803/146
f 7651/3595/147 7657/3600/147 7628/3557/147 7622/3549/147
f 7670/3815/148 7642/3805/148 7629/3561/148 7656/3811/148
f 7637/3577/149 7643/3583/149 7672/3616/149 7664/3607/149
f 7665/3609/150 7671/3817/150 7658/3602/150 7650/3593/150
f 7677/3818/223 7678/3618/223 7679/3619/223
f 7680/3620/605 7681/3621/605 7682/3622/605
f 7683/3819/329 7684/3624/329 7685/3625/329
f 7686/3626/982 7687/3627/982 7688/3820/982
f 7689/3821/251 7690/3630/251 7691/3631/251
f 7692/3822/983 7693/3633/983 7694/3823/983
f 7695/3824/331 7696/3636/331 7697/3637/331
f 7698/3825/610 7699/3826/610 7700/3640/610
f 7683/3819/274 7677/3818/274 7679/3619/274 7684/3624/274
f 7678/3641/277 7680/3642/277 7682/3827/277 7679/3828/277
f 7681/3829/280 7686/3626/280 7688/3820/280 7682/3827/280
f 7687/3627/283 7685/3646/283 7684/3830/283 7688/3820/283
f 7695/3824/286 7683/3819/286 7685/3625/286 7696/3636/286
f 7686/3626/289 7698/3825/289 7700/3640/289 7687/3627/289
f 7699/3826/292 7697/3637/292 7696/3636/292 7700/3640/292
f 7689/3821/295 7695/3824/295 7697/3637/295 7690/3630/295
f 7698/3825/298 7692/3822/298 7694/3823/298 7699/3826/298
f 7693/3633/322 7691/3631/322 7690/3630/322 7694/3823/322
f 7677/3818/304 7689/3821/304 7691/3631/304 7678/3618/304
f 7692/3822/307 7681/3621/307 7680/3620/307 7693/3633/307
f 7683/3819/145 7695/3824/145 7689/3821/145 7677/3818/145
f 7679/3828/146 7682/3827/146 7688/3820/146 7684/3830/146
f 7691/3631/147 7693/3633/147 7680/3620/147 7678/3648/147
f 7698/3825/148 7686/3831/148 7681/3832/148 7692/3822/148
f 7685/3646/149 7687/3627/149 7700/3640/149 7696/3636/149
f 7697/3637/150 7699/3826/150 7694/3823/150 7690/3630/150
f 7701/3818/223 7702/3618/223 7703/3619/223
f 7704/3620/605 7705/3621/605 7706/3622/605
f 7707/3819/329 7708/3624/329 7709/3625/329
f 7710/3626/982 7711/3627/982 7712/3820/982
f 7713/3821/251 7714/3630/251 7715/3631/251
f 7716/3822/983 7717/3633/983 7718/3823/983
f 7719/3824/331 7720/3636/331 7721/3637/331
f 7722/3664/610 7723/3826/610 7724/3640/610
f 7707/3819/274 7701/3818/274 7703/3619/274 7708/3624/274
f 7702/3641/277 7704/3642/277 7706/3827/277 7703/3828/277
f 7705/3829/280 7710/3626/280 7712/3820/280 7706/3827/280
f 7711/3627/283 7709/3646/283 7708/3830/283 7712/3820/283
f 7719/3824/286 7707/3819/286 7709/3625/286 7720/3636/286
f 7710/3626/289 7722/3664/289 7724/3640/289 7711/3627/289
f 7723/3826/292 7721/3637/292 7720/3636/292 7724/3640/292
f 7713/3821/295 7719/3824/295 7721/3637/295 7714/3630/295
f 7722/3664/298 7716/3822/298 7718/3823/298 7723/3826/298
f 7717/3633/322 7715/3631/322 7714/3630/322 7718/3823/322
f 7701/3818/304 7713/3821/304 7715/3631/304 7702/3618/304
f 7716/3822/307 7705/3621/307 7704/3620/307 7717/3633/307
f 7707/3819/145 7719/3824/145 7713/3821/145 7701/3818/145
f 7703/3828/146 7706/3827/146 7712/3820/146 7708/3830/146
f 7715/3631/147 7717/3633/147 7704/3620/147 7702/3648/147
f 7722/3664/148 7710/3831/148 7705/3832/148 7716/3822/148
f 7709/3646/149 7711/3627/149 7724/3640/149 7720/3636/149
f 7721/3637/150 7723/3826/150 7718/3823/150 7714/3630/150
f 7725/3833/223 7726/3652/223 7727/3619/223
f 7728/3620/605 7729/3621/605 7730/3653/605
f 7731/3834/329 7732/3624/329 7733/3654/329
f 7734/3655/982 7735/3656/982 7736/3820/982
f 7737/3629/251 7738/3630/251 7739/3659/251
f 7740/3660/258 7741/3661/258 7742/3823/258
f 7743/3835/265 7744/3663/265 7745/3637/265
f 7746/3664/610 7747/3826/610 7748/3836/610
f 7731/3834/274 7725/3833/274 7727/3619/274 7732/3624/274
f 7726/3641/277 7728/3642/277 7730/3827/277 7727/3828/277
f 7729/3829/280 7734/3655/280 7736/3820/280 7730/3827/280
f 7735/3656/283 7733/3666/283 7732/3830/283 7736/3820/283
f 7743/3835/286 7731/3834/286 7733/3654/286 7744/3663/286
f 7734/3655/289 7746/3664/289 7748/3836/289 7735/3656/289
f 7747/3826/292 7745/3637/292 7744/3663/292 7748/3836/292
f 7737/3629/295 7743/3835/295 7745/3637/295 7738/3630/295
f 7746/3664/298 7740/3660/298 7742/3823/298 7747/3826/298
f 7741/3661/322 7739/3659/322 7738/3630/322 7742/3823/322
f 7725/3833/304 7737/3629/304 7739/3659/304 7726/3652/304
f 7740/3660/307 7729/3621/307 7728/3620/307 7741/3661/307
f 7731/3834/145 7743/3835/145 7737/3629/145 7725/3833/145
f 7727/3828/146 7730/3827/146 7736/3820/146 7732/3830/146
f 7739/3659/147 7741/3661/147 7728/3620/147 7726/3667/147
f 7746/3664/148 7734/3831/148 7729/3669/148 7740/3660/148
f 7733/3666/149 7735/3656/149 7748/3836/149 7744/3663/149
f 7745/3637/150 7747/3826/150 7742/3823/150 7738/3630/150
f 7901/3794/151 7904/3546/151 7905/3709/151 7907/3548/151
f 7902/3549/152 7906/3550/152 7905/3551/152 7904/3552/152
f 7903/3795/153 7907/3554/153 7905/3796/153 7906/3556/153
f 7908/3557/208 7911/3558/208 7912/3710/208 7914/3560/208
f 7909/3561/155 7913/3562/155 7912/3797/155 7911/3564/155
f 7910/3798/156 7914/3566/156 7912/3567/156 7913/3799/156
f 7915/3800/157 7918/3801/157 7919/3802/157 7921/3572/157
f 7916/3803/158 7920/3574/158 7919/3711/158 7918/3804/158
f 7917/3577/159 7921/3578/159 7919/3711/159 7920/3574/159
f 7922/3805/160 7925/3580/160 7926/3712/160 7928/3806/160
f 7923/3583/161 7927/3584/161 7926/3807/161 7925/3586/161
f 7924/3808/162 7928/3809/162 7926/3807/162 7927/3584/162
f 7929/3589/163 7932/3810/163 7933/3591/163 7935/3592/163
f 7930/3593/164 7934/3594/164 7933/3591/164 7932/3810/164
f 7931/3595/165 7935/3592/165 7933/3591/165 7934/3594/165
f 7936/3811/166 7939/3597/166 7940/3848/166 7942/3599/166
f 7937/3600/167 7941/3601/167 7940/3848/167 7939/3597/167
f 7938/3602/168 7942/3599/168 7940/3848/168 7941/3601/168
f 7943/3813/169 7946/3604/169 7947/3605/169 7949/3814/169
f 7944/3607/170 7948/3608/170 7947/3605/170 7946/3604/170
f 7945/3609/171 7949/3814/171 7947/3605/171 7948/3608/171
f 7950/3815/172 7953/3816/172 7954/3714/172 7956/3613/172
f 7951/3817/173 7955/3615/173 7954/3714/173 7953/3816/173
f 7952/3616/174 7956/3613/174 7954/3714/174 7955/3615/174
f 7915/3800/175 7901/3794/175 7907/3548/175 7918/3801/175
f 7918/3804/176 7907/3554/176 7903/3795/176 7916/3803/176
f 7902/3549/209 7908/3557/209 7914/3560/209 7906/3550/209
f 7906/3556/178 7914/3566/178 7910/3798/178 7903/3795/178
f 7909/3561/179 7922/3805/179 7928/3806/179 7913/3562/179
f 7913/3799/180 7928/3809/180 7924/3808/180 7910/3798/180
f 7923/3583/181 7917/3577/181 7920/3574/181 7927/3584/181
f 7927/3584/182 7920/3574/182 7916/3803/182 7924/3808/182
f 7943/3813/183 7915/3800/183 7921/3572/183 7946/3604/183
f 7946/3604/184 7921/3578/184 7917/3577/184 7944/3607/184
f 7922/3805/185 7950/3815/185 7956/3613/185 7925/3580/185
f 7925/3586/202 7956/3613/202 7952/3616/202 7923/3583/202
f 7951/3817/187 7945/3609/187 7948/3608/187 7955/3615/187
f 7955/3615/188 7948/3608/188 7944/3607/188 7952/3616/188
f 7929/3589/189 7943/3813/189 7949/3814/189 7932/3810/189
f 7932/3810/190 7949/3814/190 7945/3609/190 7930/3593/190
f 7950/3815/191 7936/3811/191 7942/3599/191 7953/3816/191
f 7953/3816/192 7942/3599/192 7938/3602/192 7951/3817/192
f 7937/3600/193 7931/3595/193 7934/3594/193 7941/3601/193
f 7941/3601/194 7934/3594/194 7930/3593/194 7938/3602/194
f 7901/3794/195 7929/3589/195 7935/3592/195 7904/3546/195
f 7904/3552/210 7935/3592/210 7931/3595/210 7902/3549/210
f 7936/3811/197 7909/3561/197 7911/3564/197 7939/3597/197
f 7939/3597/211 7911/3558/211 7908/3557/211 7937/3600/211
f 7915/3800/145 7943/3813/145 7929/3589/145 7901/3794/145
f 7903/3795/146 7910/3798/146 7924/3808/146 7916/3803/146
f 7931/3595/147 7937/3600/147 7908/3557/147 7902/3549/147
f 7950/3815/148 7922/3805/148 7909/3561/148 7936/3811/148
f 7917/3577/149 7923/3583/149 7952/3616/149 7944/3607/149
f 7945/3609/150 7951/3817/150 7938/3602/150 7930/3593/150
f 7957/3849/223 7958/3716/223 7959/3619/223
f 7960/3717/230 7961/3718/230 7962/3653/230
f 7963/3850/237 7964/3624/237 7965/3720/237
f 7966/3721/982 7967/3722/982 7968/3820/982
f 7969/3851/251 7970/3852/251 7971/3631/251
f 7972/3632/983 7973/3725/983 7974/3823/983
f 7975/3824/331 7976/3727/331 7977/3637/331
f 7978/3728/610 7979/3826/610 7980/3729/610
f 7963/3850/274 7957/3849/274 7959/3619/274 7964/3624/274
f 7958/3641/277 7960/3642/277 7962/3827/277 7959/3828/277
f 7961/3829/280 7966/3721/280 7968/3820/280 7962/3827/280
f 7967/3722/283 7965/3730/283 7964/3830/283 7968/3820/283
f 7975/3824/286 7963/3850/286 7965/3720/286 7976/3727/286
f 7966/3721/289 7978/3728/289 7980/3729/289 7967/3722/289
f 7979/3826/292 7977/3637/292 7976/3727/292 7980/3729/292
f 7969/3851/295 7975/3824/295 7977/3637/295 7970/3852/295
f 7978/3728/298 7972/3632/298 7974/3823/298 7979/3826/298
f 7973/3725/322 7971/3631/322 7970/3852/322 7974/3823/322
f 7957/3849/304 7969/3851/304 7971/3631/304 7958/3716/304
f 7972/3632/307 7961/3718/307 7960/3717/307 7973/3725/307
f 7963/3850/145 7975/3824/145 7969/3851/145 7957/3849/145
f 7959/3828/146 7962/3827/146 7968/3820/146 7964/3830/146
f 7971/3631/147 7973/3725/147 7960/3717/147 7958/3648/147
f 7978/3728/148 7966/3853/148 7961/3669/148 7972/3632/148
f 7965/3730/149 7967/3722/149 7980/3729/149 7976/3727/149
f 7977/3637/150 7979/3826/150 7974/3823/150 7970/3852/150
f 7981/3818/223 7982/3618/223 7983/3619/223
f 7984/3620/605 7985/3621/605 7986/3622/605
f 7987/3819/329 7988/3624/329 7989/3625/329
f 7990/3626/982 7991/3627/982 7992/3820/982
f 7993/3821/251 7994/3852/251 7995/3631/251
f 7996/3822/983 7997/3633/983 7998/3823/983
f 7999/3824/331 8000/3636/331 8001/3637/331
f 8002/3825/610 8003/3826/610 8004/3640/610
f 7987/3819/274 7981/3818/274 7983/3619/274 7988/3624/274
f 7982/3641/277 7984/3642/277 7986/3827/277 7983/3828/277
f 7985/3829/280 7990/3626/280 7992/3820/280 7986/3827/280
f 7991/3627/283 7989/3646/283 7988/3830/283 7992/3820/283
f 7999/3824/286 7987/3819/286 7989/3625/286 8000/3636/286
f 7990/3626/289 8002/3825/289 8004/3640/289 7991/3627/289
f 8003/3826/292 8001/3637/292 8000/3636/292 8004/3640/292
f 7993/3821/295 7999/3824/295 8001/3637/295 7994/3852/295
f 8002/3825/298 7996/3822/298 7998/3823/298 8003/3826/298
f 7997/3633/322 7995/3631/322 7994/3852/322 7998/3823/322
f 7981/3818/304 7993/3821/304 7995/3631/304 7982/3618/304
f 7996/3822/307 7985/3621/307 7984/3620/307 7997/3633/307
f 7987/3819/145 7999/3824/145 7993/3821/145 7981/3818/145
f 7983/3828/146 7986/3827/146 7992/3820/146 7988/3830/146
f 7995/3631/147 7997/3633/147 7984/3620/147 7982/3648/147
f 8002/3825/148 7990/3831/148 7985/3832/148 7996/3822/148
f 7989/3646/149 7991/3627/149 8004/3640/149 8000/3636/149
f 8001/3637/150 8003/3826/150 7998/3823/150 7994/3852/150
f 8005/3818/223 8006/3618/223 8007/3619/223
f 8008/3620/605 8009/3621/605 8010/3622/605
f 8011/3819/329 8012/3624/329 8013/3625/329
f 8014/3626/982 8015/3627/982 8016/3820/982
f 8017/3821/251 8018/3852/251 8019/3631/251
f 8020/3822/983 8021/3633/983 8022/3823/983
f 8023/3824/331 8024/3636/331 8025/3637/331
f 8026/3825/610 8027/3826/610 8028/3640/610
f 8011/3819/274 8005/3818/274 8007/3619/274 8012/3624/274
f 8006/3641/277 8008/3642/277 8010/3827/277 8007/3828/277
f 8009/3829/280 8014/3626/280 8016/3820/280 8010/3827/280
f 8015/3627/283 8013/3646/283 8012/3830/283 8016/3820/283
f 8023/3824/286 8011/3819/286 8013/3625/286 8024/3636/286
f 8014/3626/289 8026/3825/289 8028/3640/289 8015/3627/289
f 8027/3826/292 8025/3637/292 8024/3636/292 8028/3640/292
f 8017/3821/295 8023/3824/295 8025/3637/295 8018/3852/295
f 8026/3825/298 8020/3822/298 8022/3823/298 8027/3826/298
f 8021/3633/322 8019/3631/322 8018/3852/322 8022/3823/322
f 8005/3818/304 8017/3821/304 8019/3631/304 8006/3618/304
f 8020/3822/307 8009/3621/307 8008/3620/307 8021/3633/307
f 8011/3819/145 8023/3824/145 8017/3821/145 8005/3818/145
f 8007/3828/146 8010/3827/146 8016/3820/146 8012/3830/146
f 8019/3631/147 8021/3633/147 8008/3620/147 8006/3648/147
f 8026/3825/148 8014/3831/148 8009/3832/148 8020/3822/148
f 8013/3646/149 8015/3627/149 8028/3640/149 8024/3636/149
f 8025/3637/150 8027/3826/150 8022/3823/150 8018/3852/150
f 8325/4232/151 8328/4233/151 8329/4234/151 8331/4235/151
f 8326/4236/215 8330/4237/215 8329/4238/215 8328/4239/215
f 8327/4240/153 8331/4241/153 8329/4242/153 8330/4243/153
f 8332/4244/208 8335/4245/208 8336/4246/208 8338/4247/208
f 8333/4248/155 8337/4249/155 8336/2149/155 8335/4250/155
f 8334/4251/156 8338/4252/156 8336/4253/156 8337/3162/156
f 8339/4254/157 8342/4255/157 8343/4256/157 8345/4257/157
f 8340/4258/158 8344/4259/158 8343/4260/158 8342/4261/158
f 8341/4262/159 8345/4263/159 8343/4260/159 8344/4259/159
f 8346/4264/160 8349/4265/160 8350/4266/160 8352/4267/160
f 8347/4268/161 8351/4269/161 8350/4270/161 8349/4271/161
f 8348/4272/162 8352/4273/162 8350/4270/162 8351/4269/162
f 8353/4274/163 8356/4275/163 8357/4276/163 8359/4277/163
f 8354/4278/164 8358/4279/164 8357/4276/164 8356/4275/164
f 8355/4280/212 8359/4277/212 8357/4276/212 8358/4279/212
f 8360/4281/166 8363/4282/166 8364/4283/166 8366/4284/166
f 8361/4285/167 8365/4286/167 8364/4283/167 8363/4282/167
f 8362/4287/168 8366/4284/168 8364/4283/168 8365/4286/168
f 8367/4288/169 8370/4289/169 8371/4290/169 8373/4291/169
f 8368/4292/170 8372/4293/170 8371/4290/170 8370/4289/170
f 8369/4294/171 8373/4291/171 8371/4290/171 8372/4293/171
f 8374/4295/172 8377/4296/172 8378/4297/172 8380/4298/172
f 8375/4299/173 8379/4300/173 8378/4297/173 8377/4296/173
f 8376/4301/174 8380/4298/174 8378/4297/174 8379/4300/174
f 8339/4254/175 8325/4232/175 8331/4235/175 8342/4255/175
f 8342/4261/176 8331/4241/176 8327/4240/176 8340/4258/176
f 8326/4236/209 8332/4244/209 8338/4247/209 8330/4237/209
f 8330/4243/178 8338/4252/178 8334/4251/178 8327/4240/178
f 8333/4248/179 8346/4264/179 8352/4267/179 8337/4249/179
f 8337/3162/180 8352/4273/180 8348/4272/180 8334/4251/180
f 8347/4268/181 8341/4262/181 8344/4259/181 8351/4269/181
f 8351/4269/200 8344/4259/200 8340/4258/200 8348/4272/200
f 8367/4288/183 8339/4254/183 8345/4257/183 8370/4289/183
f 8370/4289/201 8345/4263/201 8341/4262/201 8368/4292/201
f 8346/4264/185 8374/4295/185 8380/4298/185 8349/4265/185
f 8349/4271/186 8380/4298/186 8376/4301/186 8347/4268/186
f 8375/4299/187 8369/4294/187 8372/4293/187 8379/4300/187
f 8379/4300/188 8372/4293/188 8368/4292/188 8376/4301/188
f 8353/4274/189 8367/4288/189 8373/4291/189 8356/4275/189
f 8356/4275/190 8373/4291/190 8369/4294/190 8354/4278/190
f 8374/4295/191 8360/4281/191 8366/4284/191 8377/4296/191
f 8377/4296/192 8366/4284/192 8362/4287/192 8375/4299/192
f 8361/4285/193 8355/4280/193 8358/4279/193 8365/4286/193
f 8365/4286/205 8358/4279/205 8354/4278/205 8362/4287/205
f 8325/4232/195 8353/4274/195 8359/4277/195 8328/4233/195
f 8328/4239/210 8359/4277/210 8355/4280/210 8326/4236/210
f 8360/4281/197 8333/4248/197 8335/4250/197 8363/4282/197
f 8363/4282/211 8335/4245/211 8332/4244/211 8361/4285/211
f 8339/4254/145 8367/4288/145 8353/4274/145 8325/4232/145
f 8327/4240/146 8334/4251/146 8348/4272/146 8340/4258/146
f 8355/4280/147 8361/4285/147 8332/4244/147 8326/4236/147
f 8374/4295/148 8346/4264/148 8333/4248/148 8360/4281/148
f 8341/4262/149 8347/4268/149 8376/4301/149 8368/4292/149
f 8369/4294/150 8375/4299/150 8362/4287/150 8354/4278/150
usemtl ThockPup_E
f 5541/2073/151 5544/2074/151 5545/2075/151 5547/2076/151
f 5542/2077/152 5546/2078/152 5545/2079/152 5544/2080/152
f 5543/2081/153 5547/2082/153 5545/2083/153 5546/2084/153
f 5548/2085/208 5551/2086/208 5552/2087/208 5554/2088/208
f 5549/2089/155 5553/2090/155 5552/2091/155 5551/2092/155
f 5550/2093/156 5554/2094/156 5552/2095/156 5553/2096/156
f 5555/2073/157 5558/2076/157 5559/2097/157 5561/2098/157
f 5556/2081/158 5560/2099/158 5559/2100/158 5558/2082/158
f 5557/2101/159 5561/2102/159 5559/2100/159 5560/2099/159
f 5562/2089/160 5565/2103/160 5566/2104/160 5568/2090/160
f 5563/2105/161 5567/2106/161 5566/2107/161 5565/2108/161
f 5564/2093/162 5568/2096/162 5566/2107/162 5567/2106/162
f 5569/2109/163 5572/2110/163 5573/2111/163 5575/2112/163
f 5570/2113/164 5574/2114/164 5573/2111/164 5572/2110/164
f 5571/2115/165 5575/2112/165 5573/2111/165 5574/2114/165
f 5576/2116/166 5579/2117/166 5580/2118/166 5582/2119/166
f 5577/2120/167 5581/2121/167 5580/2118/167 5579/2117/167
f 5578/2122/168 5582/2119/168 5580/2118/168 5581/2121/168
f 5583/2109/169 5586/2123/169 5587/2124/169 5589/2110/169
f 5584/2125/170 5588/2126/170 5587/2124/170 5586/2123/170
f 5585/2113/171 5589/2110/171 5587/2124/171 5588/2126/171
f 5590/2116/172 5593/2119/172 5594/2127/172 5596/2128/172
f 5591/2122/173 5595/2129/173 5594/2127/173 5593/2119/173
f 5592/2130/174 5596/2128/174 5594/2127/174 5595/2129/174
f 5555/2073/148 5541/2073/148 5547/2076/148 5558/2076/148
f 5558/2082/148 5547/2082/148 5543/2081/148 5556/2081/148
f 5542/2077/177 5548/2085/177 5554/2088/177 5546/2078/177
f 5546/2084/178 5554/2094/178 5550/2093/178 5543/2081/178
f 5549/2089/148 5562/2089/148 5568/2090/148 5553/2090/148
f 5553/2096/148 5568/2096/148 5564/2093/148 5550/2093/148
f 5563/2105/181 5557/2101/181 5560/2099/181 5567/2106/181
f 5567/2106/200 5560/2099/200 5556/2081/200 5564/2093/200
f 5583/2109/183 5555/2073/183 5561/2098/183 5586/2123/183
f 5586/2123/201 5561/2102/201 5557/2101/201 5584/2125/201
f 5562/2089/185 5590/2116/185 5596/2128/185 5565/2103/185
f 5565/2108/186 5596/2128/186 5592/2130/186 5563/2105/186
f 5591/2122/187 5585/2113/187 5588/2126/187 5595/2129/187
f 5595/2129/188 5588/2126/188 5584/2125/188 5592/2130/188
f 5569/2109/148 5583/2109/148 5589/2110/148 5572/2110/148
f 5572/2110/148 5589/2110/148 5585/2113/148 5570/2113/148
f 5590/2116/148 5576/2116/148 5582/2119/148 5593/2119/148
f 5593/2119/148 5582/2119/148 5578/2122/148 5591/2122/148
f 5577/2120/193 5571/2115/193 5574/2114/193 5581/2121/193
f 5581/2121/194 5574/2114/194 5570/2113/194 5578/2122/194
f 5541/2073/195 5569/2109/195 5575/2112/195 5544/2074/195
f 5544/2080/196 5575/2112/196 5571/2115/196 5542/2077/196
f 5576/2116/197 5549/2089/197 5551/2092/197 5579/2117/197
f 5579/2117/198 5551/2086/198 5548/2085/198 5577/2120/198
f 5555/2073/148 5583/2109/148 5569/2109/148 5541/2073/148
f 5543/2081/148 5550/2093/148 5564/2093/148 5556/2081/148
f 5571/2115/147 5577/2120/147 5548/2085/147 5542/2077/147
f 5590/2116/148 5562/2089/148 5549/2089/148 5576/2116/148
f 5557/2101/149 5563/2105/149 5592/2130/149 5584/2125/149
f 5585/2113/148 5591/2122/148 5578/2122/148 5570/2113/148
f 5597/2131/151 5600/2132/151 5601/2133/151 5603/2134/151
f 5598/2135/152 5602/2136/152 5601/2137/152 5600/2138/152
f 5599/2139/153 5603/2140/153 5601/2141/153 5602/2142/153
f 5604/2143/208 5607/2144/208 5608/2145/208 5610/2146/208
f 5605/2147/155 5609/2148/155 5608/2149/155 5607/2150/155
f 5606/2151/156 5610/2152/156 5608/2153/156 5609/2154/156
f 5611/2155/157 5614/2156/157 5615/2157/157 5617/2158/157
f 5612/2159/158 5616/2160/158 5615/2161/158 5614/2162/158
f 5613/2163/159 5617/2164/159 5615/2161/159 5616/2160/159
f 5618/2165/160 5621/2166/160 5622/2167/160 5624/2168/160
f 5619/2169/601 5623/2170/601 5622/2171/601 5621/2172/601
f 5620/2173/162 5624/2174/162 5622/2171/162 5623/2170/162
f 5625/2175/163 5628/2176/163 5629/2177/163 5631/2178/163
f 5626/2179/164 5630/2180/164 5629/2177/164 5628/2176/164
f 5627/2181/165 5631/2178/165 5629/2177/165 5630/2180/165
f 5632/2182/166 5635/2183/166 5636/2184/166 5638/2185/166
f 5633/2186/167 5637/2187/167 5636/2184/167 5635/2183/167
f 5634/2188/168 5638/2185/168 5636/2184/168 5637/2187/168
f 5639/2189/169 5642/2190/169 5643/2191/169 5645/2192/169
f 5640/2193/170 5644/2194/170 5643/2191/170 5642/2190/170
f 5641/2195/171 5645/2192/171 5643/2191/171 5644/2194/171
f 5646/2196/172 5649/2197/172 5650/2198/172 5652/2199/172
f 5647/2200/173 5651/2201/173 5650/2198/173 5649/2197/173
f 5648/2202/174 5652/2199/174 5650/2198/174 5651/2201/174
f 5611/2155/175 5597/2131/175 5603/2134/175 5614/2156/175
f 5614/2162/176 5603/2140/176 5599/2139/176 5612/2159/176
f 5598/2135/177 5604/2143/177 5610/2146/177 5602/2136/177
f 5602/2142/178 5610/2152/178 5606/2151/178 5599/2139/178
f 5605/2147/179 5618/2165/179 5624/2168/179 5609/2148/179
f 5609/2154/180 5624/2174/180 5620/2173/180 5606/2151/180
f 5619/2169/181 5613/2163/181 5616/2160/181 5623/2170/181
f 5623/2170/182 5616/2160/182 5612/2159/182 5620/2173/182
f 5639/2189/183 5611/2155/183 5617/2158/183 5642/2190/183
f 5642/2190/201 5617/2164/201 5613/2163/201 5640/2193/201
f 5618/2165/185 5646/2196/185 5652/2199/185 5621/2166/185
f 5621/2172/186 5652/2199/186 5648/2202/186 5619/2169/186
f 5647/2200/187 5641/2195/187 5644/2194/187 5651/2201/187
f 5651/2201/188 5644/2194/188 5640/2193/188 5648/2202/188
f 5625/2175/189 5639/2189/189 5645/2192/189 5628/2176/189
f 5628/2176/190 5645/2192/190 5641/2195/190 5626/2179/190
f 5646/2196/191 5632/2182/191 5638/2185/191 5649/2197/191
f 5649/2197/192 5638/2185/192 5634/2188/192 5647/2200/192
f 5633/2186/193 5627/2181/193 5630/2180/193 5637/2187/193
f 5637/2187/194 5630/2180/194 5626/2179/194 5634/2188/194
f 5597/2131/195 5625/2175/195 5631/2178/195 5600/2132/195
f 5600/2138/196 5631/2178/196 5627/2181/196 5598/2135/196
f 5632/2182/197 5605/2147/197 5607/2150/197 5635/2183/197
f 5635/2183/198 5607/2144/198 5604/2143/198 5633/2186/198
f 5611/2155/145 5639/2189/145 5625/2175/145 5597/2131/145
f 5599/2139/146 5606/2151/146 5620/2173/146 5612/2159/146
f 5627/2181/147 5633/2186/147 5604/2143/147 5598/2135/147
f 5646/2196/148 5618/2165/148 5605/2147/148 5632/2182/148
f 5613/2163/149 5619/2169/149 5648/2202/149 5640/2193/149
f 5641/2195/150 5647/2200/150 5634/2188/150 5626/2179/150
f 5733/2073/151 5736/2309/151 5737/2310/151 5739/2076/151
f 5734/2077/152 5738/2078/152 5737/2079/152 5736/2311/152
f 5735/2081/153 5739/2082/153 5737/2083/153 5738/2084/153
f 5740/2085/208 5743/2312/208 5744/2087/208 5746/2088/208
f 5741/2089/155 5745/2090/155 5744/2091/155 5743/2313/155
f 5742/2093/156 5746/2094/156 5744/2095/156 5745/2096/156
f 5747/2073/157 5750/2076/157 5751/2097/157 5753/2314/157
f 5748/2081/158 5752/2099/158 5751/2100/158 5750/2082/158
f 5749/2101/159 5753/2315/159 5751/2100/159 5752/2099/159
f 5754/2089/160 5757/2103/160 5758/2316/160 5760/2090/160
f 5755/2105/161 5759/2106/161 5758/2107/161 5757/2108/161
f 5756/2093/162 5760/2096/162 5758/2107/162 5759/2106/162
f 5761/2109/163 5764/2110/163 5765/2111/163 5767/2317/163
f 5762/2113/164 5766/2114/164 5765/2111/164 5764/2110/164
f 5763/2115/165 5767/2317/165 5765/2111/165 5766/2114/165
f 5768/2116/166 5771/2117/166 5772/2118/166 5774/2119/166
f 5769/2120/167 5773/2121/167 5772/2118/167 5771/2117/167
f 5770/2122/168 5774/2119/168 5772/2118/168 5773/2121/168
f 5775/2109/169 5778/2318/169 5779/2124/169 5781/2110/169
f 5776/2125/170 5780/2126/170 5779/2124/170 5778/2318/170
f 5777/2113/171 5781/2110/171 5779/2124/171 5780/2126/171
f 5782/2116/172 5785/2119/172 5786/2127/172 5788/2319/172
f 5783/2122/173 5787/2129/173 5786/2127/173 5785/2119/173
f 5784/2130/174 5788/2319/174 5786/2127/174 5787/2129/174
f 5747/2073/148 5733/2073/148 5739/2076/148 5750/2076/148
f 5750/2082/148 5739/2082/148 5735/2081/148 5748/2081/148
f 5734/2077/177 5740/2085/177 5746/2088/177 5738/2078/177
f 5738/2084/178 5746/2094/178 5742/2093/178 5735/2081/178
f 5741/2089/148 5754/2089/148 5760/2090/148 5745/2090/148
f 5745/2096/148 5760/2096/148 5756/2093/148 5742/2093/148
f 5755/2105/181 5749/2101/181 5752/2099/181 5759/2106/181
f 5759/2106/200 5752/2099/200 5748/2081/200 5756/2093/200
f 5775/2109/183 5747/2073/183 5753/2314/183 5778/2318/183
f 5778/2318/201 5753/2315/201 5749/2101/201 5776/2125/201
f 5754/2089/185 5782/2116/185 5788/2319/185 5757/2103/185
f 5757/2108/186 5788/2319/186 5784/2130/186 5755/2105/186
f 5783/2122/187 5777/2113/187 5780/2126/187 5787/2129/187
f 5787/2129/188 5780/2126/188 5776/2125/188 5784/2130/188
f 5761/2109/148 5775/2109/148 5781/2110/148 5764/2110/148
f 5764/2110/148 5781/2110/148 5777/2113/148 5762/2113/148
f 5782/2116/148 5768/2116/148 5774/2119/148 5785/2119/148
f 5785/2119/148 5774/2119/148 5770/2122/148 5783/2122/148
f 5769/2120/193 5763/2115/193 5766/2114/193 5773/2121/193
f 5773/2121/205 5766/2114/205 5762/2113/205 5770/2122/205
f 5733/2073/195 5761/2109/195 5767/2317/195 5736/2309/195
f 5736/2311/196 5767/2317/196 5763/2115/196 5734/2077/196
f 5768/2116/197 5741/2089/197 5743/2313/197 5771/2117/197
f 5771/2117/198 5743/2312/198 5740/2085/198 5769/2120/198
f 5747/2073/148 5775/2109/148 5761/2109/148 5733/2073/148
f 5735/2081/148 5742/2093/148 5756/2093/148 5748/2081/148
f 5763/2115/147 5769/2120/147 5740/2085/147 5734/2077/147
f 5782/2116/148 5754/2089/148 5741/2089/148 5768/2116/148
f 5749/2101/149 5755/2105/149 5784/2130/149 5776/2125/149
f 5777/2113/148 5783/2122/148 5770/2122/148 5762/2113/148
f 5789/2320/151 5792/2321/151 5793/2133/151 5795/2134/151
f 5790/2322/152 5794/2136/152 5793/2137/152 5792/2138/152
f 5791/2139/153 5795/2140/153 5793/2141/153 5794/2142/153
f 5796/2323/208 5799/2144/208 5800/2145/208 5802/2146/208
f 5797/2147/155 5801/2148/155 5800/2149/155 5799/2324/155
f 5798/2151/156 5802/2152/156 5800/2153/156 5801/2154/156
f 5803/2325/157 5806/2156/157 5807/2157/157 5809/2326/157
f 5804/2159/158 5808/2160/158 5807/2161/158 5806/2162/158
f 5805/2327/612 5809/2164/612 5807/2161/612 5808/2160/612
f 5810/2328/160 5813/2329/160 5814/2167/160 5816/2168/160
f 5811/2330/601 5815/2170/601 5814/2171/601 5813/2331/601
f 5812/2173/162 5816/2174/162 5814/2171/162 5815/2170/162
f 5817/2332/163 5820/2176/163 5821/2177/163 5823/2333/163
f 5818/2179/164 5822/2180/164 5821/2177/164 5820/2176/164
f 5819/2334/165 5823/2333/165 5821/2177/165 5822/2180/165
f 5824/2335/166 5827/2336/166 5828/2337/166 5830/2185/166
f 5825/2338/167 5829/2187/167 5828/2337/167 5827/2336/167
f 5826/2188/168 5830/2185/168 5828/2337/168 5829/2187/168
f 5831/2339/169 5834/2340/169 5835/2191/169 5837/2192/169
f 5832/2341/170 5836/2194/170 5835/2191/170 5834/2340/170
f 5833/2195/171 5837/2192/171 5835/2191/171 5836/2194/171
f 5838/2342/172 5841/2197/172 5842/2198/172 5844/2199/172
f 5839/2200/173 5843/2201/173 5842/2198/173 5841/2197/173
f 5840/2343/174 5844/2199/174 5842/2198/174 5843/2201/174
f 5803/2325/175 5789/2320/175 5795/2134/175 5806/2156/175
f 5806/2162/176 5795/2140/176 5791/2139/176 5804/2159/176
f 5790/2322/177 5796/2323/177 5802/2146/177 5794/2136/177
f 5794/2142/178 5802/2152/178 5798/2151/178 5791/2139/178
f 5797/2147/179 5810/2328/179 5816/2168/179 5801/2148/179
f 5801/2154/180 5816/2174/180 5812/2173/180 5798/2151/180
f 5811/2330/181 5805/2327/181 5808/2160/181 5815/2170/181
f 5815/2170/200 5808/2160/200 5804/2159/200 5812/2173/200
f 5831/2339/183 5803/2325/183 5809/2326/183 5834/2340/183
f 5834/2340/201 5809/2164/201 5805/2327/201 5832/2341/201
f 5810/2328/185 5838/2342/185 5844/2199/185 5813/2329/185
f 5813/2331/186 5844/2199/186 5840/2343/186 5811/2330/186
f 5839/2200/187 5833/2195/187 5836/2194/187 5843/2201/187
f 5843/2201/188 5836/2194/188 5832/2341/188 5840/2343/188
f 5817/2332/189 5831/2339/189 5837/2192/189 5820/2176/189
f 5820/2176/190 5837/2192/190 5833/2195/190 5818/2179/190
f 5838/2342/191 5824/2335/191 5830/2185/191 5841/2197/191
f 5841/2197/192 5830/2185/192 5826/2188/192 5839/2200/192
f 5825/2338/193 5819/2334/193 5822/2180/193 5829/2187/193
f 5829/2187/194 5822/2180/194 5818/2179/194 5826/2188/194
f 5789/2320/195 5817/2332/195 5823/2333/195 5792/2321/195
f 5792/2138/196 5823/2333/196 5819/2334/196 5790/2322/196
f 5824/2335/197 5797/2147/197 5799/2324/197 5827/2336/197
f 5827/2336/198 5799/2144/198 5796/2323/198 5825/2338/198
f 5803/2325/145 5831/2339/145 5817/2332/145 5789/2320/145
f 5791/2139/146 5798/2151/146 5812/2173/146 5804/2159/146
f 5819/2334/147 5825/2338/147 5796/2323/147 5790/2322/147
f 5838/2342/148 5810/2328/148 5797/2147/148 5824/2335/148
f 5805/2327/149 5811/2330/149 5840/2343/149 5832/2341/149
f 5833/2195/150 5839/2200/150 5826/2188/150 5818/2179/150
usemtl ThockPup_D
f 6118/2585/623 6124/2586/623 6125/2587/623 6119/2588/623
f 6119/2589/624 6125/2590/624 6123/2591/624 6117/2592/624
f 6127/2593/625 6121/2594/625 6122/2595/625 6128/2596/625
f 6128/2597/626 6122/2598/626 6120/2599/626 6126/2600/626
f 6124/2586/627 6130/2168/627 6131/2601/627 6125/2587/627
f 6125/2590/628 6131/2602/628 6129/2603/628 6123/2591/628
f 6133/2604/629 6127/2593/629 6128/2596/629 6134/2605/629
f 6134/2606/630 6128/2597/630 6126/2600/630 6132/2607/630
f 6130/2168/631 6136/2608/631 6137/2609/631 6131/2601/631
f 6131/2602/632 6137/2610/632 6135/2611/632 6129/2603/632
f 6139/2612/633 6133/2604/633 6134/2605/633 6140/2613/633
f 6140/2614/634 6134/2606/634 6132/2607/634 6138/2615/634
f 6136/2608/635 6142/2616/635 6143/1640/635 6137/2609/635
f 6137/2610/636 6143/2617/636 6141/2618/636 6135/2611/636
f 6145/2619/637 6139/2612/637 6140/2613/637 6146/2620/637
f 6146/2621/638 6140/2614/638 6138/2615/638 6144/2622/638
f 6142/2616/639 6148/2623/639 6149/2624/639 6143/1640/639
f 6143/2617/640 6149/2625/640 6147/2626/640 6141/2618/640
f 6151/2627/641 6145/2619/641 6146/2620/641 6152/2628/641
f 6152/2629/642 6146/2621/642 6144/2622/642 6150/2630/642
f 6148/2623/643 6154/2197/643 6155/2631/643 6149/2624/643
f 6149/2625/644 6155/2632/644 6153/2633/644 6147/2626/644
f 6157/2634/645 6151/2627/645 6152/2628/645 6158/562/645
f 6158/2635/646 6152/2629/646 6150/2630/646 6156/2636/646
f 6154/2197/647 6160/2637/647 6161/2638/647 6155/2631/647
f 6155/2632/648 6161/2639/648 6159/2640/648 6153/2633/648
f 6163/2641/649 6157/2634/649 6158/562/649 6164/2642/649
f 6164/2643/650 6158/2635/650 6156/2636/650 6162/2644/650
f 6160/2637/651 6166/2645/651 6167/1709/651 6161/2638/651
f 6161/2639/652 6167/2646/652 6165/2647/652 6159/2640/652
f 6169/2648/653 6163/2641/653 6164/2642/653 6170/2649/653
f 6170/2650/654 6164/2643/654 6162/2644/654 6168/2651/654
f 6166/2645/655 6172/2652/655 6173/2653/655 6167/1709/655
f 6167/2646/656 6173/2654/656 6171/2655/656 6165/2647/656
f 6175/2656/657 6169/2648/657 6170/2649/657 6176/2657/657
f 6176/2658/658 6170/2650/658 6168/2651/658 6174/2659/658
f 6172/2652/659 6178/2192/659 6179/2660/659 6173/2653/659
f 6173/2654/660 6179/2661/660 6177/2662/660 6171/2655/660
f 6181/2663/661 6175/2656/661 6176/2657/661 6182/1751/661
f 6182/2664/662 6176/2658/662 6174/2659/662 6180/2665/662
f 6178/2192/663 6184/2666/663 6185/2667/663 6179/2660/663
f 6179/2661/664 6185/2668/664 6183/2669/664 6177/2662/664
f 6187/2670/665 6181/2663/665 6182/1751/665 6188/2671/665
f 6188/2672/666 6182/2664/666 6180/2665/666 6186/2673/666
f 6184/2666/667 6190/2674/667 6191/2675/667 6185/2667/667
f 6185/2668/668 6191/2676/668 6189/2677/668 6183/2669/668
f 6193/2678/669 6187/2670/669 6188/2671/669 6194/2679/669
f 6194/2680/670 6188/2672/670 6186/2673/670 6192/2681/670
f 6190/2674/671 6196/2682/671 6197/2683/671 6191/2675/671
f 6191/2676/672 6197/2684/672 6195/2685/672 6189/2677/672
f 6199/2686/673 6193/2678/673 6194/2679/673 6200/2687/673
f 6200/2688/674 6194/2680/674 6192/2681/674 6198/2689/674
f 6196/2682/675 6202/2156/675 6203/2690/675 6197/2683/675
f 6197/2684/676 6203/2691/676 6201/2692/676 6195/2685/676
f 6205/2693/677 6199/2686/677 6200/2687/677 6206/2694/677
f 6206/2695/678 6200/2688/678 6198/2689/678 6204/2696/678
f 6202/2156/679 6208/2697/679 6209/2698/679 6203/2690/679
f 6203/2691/680 6209/2699/680 6207/2700/680 6201/2692/680
f 6211/2701/681 6205/2693/681 6206/2694/681 6212/2702/681
f 6212/2703/682 6206/2695/682 6204/2696/682 6210/2704/682
f 6208/2697/683 6118/2705/683 6119/2706/683 6209/2698/683
f 6209/2699/684 6119/2589/684 6117/2592/684 6207/2700/684
f 6121/2707/685 6211/2701/685 6212/2702/685 6122/2708/685
f 6122/2598/686 6212/2703/686 6210/2704/686 6120/2599/686
f 6117/2592/149 6123/2591/149 6129/2603/149 6135/2611/149 6141/2618/149 6147/2626/149 6153/2633/149 6159/2640/149 6165/2647/149 6171/2655/149 6177/2662/149 6183/2669/149 6189/2677/149 6195/2685/149 6201/2692/149 6207/2700/149
f 6118/2585/129 6121/2594/129 6127/2593/129 6124/2586/129
f 6208/2697/105 6211/2701/105 6121/2707/105 6118/2705/105
f 6126/2600/147 6120/2599/147 6210/2704/147 6204/2696/147 6198/2689/147 6192/2681/147 6186/2673/147 6180/2665/147 6174/2659/147 6168/2651/147 6162/2644/147 6156/2636/147 6150/2630/147 6144/2622/147 6138/2615/147 6132/2607/147
f 6124/2586/130 6127/2593/130 6133/2604/130 6130/2168/130
f 6130/2168/131 6133/2604/131 6139/2612/131 6136/2608/131
f 6136/2608/132 6139/2612/132 6145/2619/132 6142/2616/132
f 6142/2616/128 6145/2619/128 6151/2627/128 6148/2623/128
f 6148/2623/127 6151/2627/127 6157/2634/127 6154/2197/127
f 6154/2197/126 6157/2634/126 6163/2641/126 6160/2637/126
f 6160/2637/125 6163/2641/125 6169/2648/125 6166/2645/125
f 6166/2645/97 6169/2648/97 6175/2656/97 6172/2652/97
f 6172/2652/98 6175/2656/98 6181/2663/98 6178/2192/98
f 6178/2192/99 6181/2663/99 6187/2670/99 6184/2666/99
f 6184/2666/100 6187/2670/100 6193/2678/100 6190/2674/100
f 6190/2674/108 6193/2678/108 6199/2686/108 6196/2682/108
f 6196/2682/107 6199/2686/107 6205/2693/107 6202/2156/107
f 6202/2156/106 6205/2693/106 6211/2701/106 6208/2697/106
f 6213/2709/151 6216/2710/151 6217/2711/151 6219/2712/151
f 6214/2713/152 6218/2714/152 6217/2715/152 6216/2368/152
f 6215/2716/153 6219/2717/153 6217/2718/153 6218/2719/153
f 6220/2720/208 6223/2380/208 6224/2721/208 6226/2722/208
f 6221/2723/155 6225/2724/155 6224/2725/155 6223/2384/155
f 6222/2726/156 6226/2727/156 6224/2728/156 6225/2729/156
f 6227/2730/157 6230/2731/157 6231/2732/157 6233/2733/157
f 6228/2734/158 6232/2735/158 6231/2736/158 6230/2737/158
f 6229/2738/159 6233/2406/159 6231/2736/159 6232/2735/159
f 6234/2739/160 6237/2410/160 6238/2740/160 6240/2741/160
f 6235/2742/161 6239/2743/161 6238/2744/161 6237/2413/161
f 6236/2745/162 6240/2746/162 6238/2744/162 6239/2743/162
f 6241/2747/163 6244/2748/163 6245/2749/163 6247/2435/163
f 6242/2750/164 6246/2751/164 6245/2749/164 6244/2748/164
f 6243/2752/165 6247/2435/165 6245/2749/165 6246/2751/165
f 6248/2753/166 6251/2437/166 6252/2754/166 6254/2755/166
f 6249/2756/167 6253/2757/167 6252/2754/167 6251/2437/167
f 6250/2758/168 6254/2755/168 6252/2754/168 6253/2757/168
f 6255/2759/169 6258/2452/169 6259/2760/169 6261/2761/169
f 6256/2762/170 6260/2763/170 6259/2760/170 6258/2452/170
f 6257/2764/171 6261/2761/171 6259/2760/171 6260/2763/171
f 6262/2765/172 6265/2766/172 6266/2767/172 6268/2463/172
f 6263/2768/173 6267/2769/173 6266/2767/173 6265/2766/173
f 6264/2770/174 6268/2463/174 6266/2767/174 6267/2769/174
f 6227/2730/175 6213/2709/175 6219/2712/175 6230/2731/175
f 6230/2737/176 6219/2717/176 6215/2716/176 6228/2734/176
f 6214/2713/177 6220/2720/177 6226/2722/177 6218/2714/177
f 6218/2719/178 6226/2727/178 6222/2726/178 6215/2716/178
f 6221/2723/179 6234/2739/179 6240/2741/179 6225/2724/179
f 6225/2729/180 6240/2746/180 6236/2745/180 6222/2726/180
f 6235/2742/181 6229/2738/181 6232/2735/181 6239/2743/181
f 6239/2743/200 6232/2735/200 6228/2734/200 6236/2745/200
f 6255/2759/183 6227/2730/183 6233/2733/183 6258/2452/183
f 6258/2452/184 6233/2406/184 6229/2738/184 6256/2762/184
f 6234/2739/185 6262/2765/185 6268/2463/185 6237/2410/185
f 6237/2413/202 6268/2463/202 6264/2770/202 6235/2742/202
f 6263/2768/187 6257/2764/187 6260/2763/187 6267/2769/187
f 6267/2769/188 6260/2763/188 6256/2762/188 6264/2770/188
f 6241/2747/189 6255/2759/189 6261/2761/189 6244/2748/189
f 6244/2748/190 6261/2761/190 6257/2764/190 6242/2750/190
f 6262/2765/191 6248/2753/191 6254/2755/191 6265/2766/191
f 6265/2766/192 6254/2755/192 6250/2758/192 6263/2768/192
f 6249/2756/193 6243/2752/193 6246/2751/193 6253/2757/193
f 6253/2757/194 6246/2751/194 6242/2750/194 6250/2758/194
f 6213/2709/195 6241/2747/195 6247/2435/195 6216/2710/195
f 6216/2368/196 6247/2435/196 6243/2752/196 6214/2713/196
f 6248/2753/197 6221/2723/197 6223/2384/197 6251/2437/197
f 6251/2437/198 6223/2380/198 6220/2720/198 6249/2756/198
f 6227/2730/145 6255/2759/145 6241/2747/145 6213/2709/145
f 6215/2716/146 6222/2726/146 6236/2745/146 6228/2734/146
f 6243/2752/147 6249/2756/147 6220/2720/147 6214/2713/147
f 6262/2765/148 6234/2739/148 6221/2723/148 6248/2753/148
f 6229/2738/149 6235/2742/149 6264/2770/149 6256/2762/149
f 6257/2764/150 6263/2768/150 6250/2758/150 6242/2750/150
usemtl ThockPup_T
f 6269/2771/151 6272/2772/151 6273/2773/151 6275/2774/151
f 6270/2775/152 6274/2776/152 6273/2777/152 6272/2778/152
f 6271/2779/153 6275/2780/153 6273/2781/153 6274/2782/153
f 6276/2783/208 6279/2784/208 6280/2785/208 6282/2786/208
f 6277/2787/155 6281/2788/155 6280/2789/155 6279/2790/155
f 6278/2791/156 6282/2792/156 6280/2793/156 6281/2794/156
f 6283/2795/157 6286/1933/157 6287/1934/157 6289/2796/157
f 6284/2797/158 6288/2798/158 6287/2799/158 6286/1939/158
f 6285/2800/159 6289/2801/159 6287/2799/159 6288/2798/159
f 6290/2802/160 6293/2803/160 6294/2804/160 6296/2805/160
f 6291/2806/161 6295/2807/161 6294/2808/161 6293/2809/161
f 6292/2810/162 6296/2811/162 6294/2808/162 6295/2807/162
f 6297/2812/163 6300/1953/163 6301/2813/163 6303/2814/163
f 6298/2815/164 6302/2816/164 6301/2813/164 6300/1953/164
f 6299/2817/165 6303/2814/165 6301/2813/165 6302/2816/165
f 6304/2818/166 6307/2819/166 6308/2820/166 6310/2821/166
f 6305/2822/167 6309/2823/167 6308/2820/167 6307/2819/167
f 6306/2824/168 6310/2821/168 6308/2820/168 6309/2823/168
f 6311/2825/169 6314/2826/169 6315/2827/169 6317/2828/169
f 6312/2829/170 6316/2830/170 6315/2827/170 6314/2826/170
f 6313/2831/171 6317/2828/171 6315/2827/171 6316/2830/171
f 6318/2832/172 6321/1974/172 6322/2833/172 6324/2834/172
f 6319/2835/173 6323/2836/173 6322/2833/173 6321/1974/173
f 6320/2837/174 6324/2834/174 6322/2833/174 6323/2836/174
f 6283/2795/175 6269/2771/175 6275/2774/175 6286/1933/175
f 6286/1939/199 6275/2780/199 6271/2779/199 6284/2797/199
f 6270/2775/177 6276/2783/177 6282/2786/177 6274/2776/177
f 6274/2782/178 6282/2792/178 6278/2791/178 6271/2779/178
f 6277/2787/179 6290/2802/179 6296/2805/179 6281/2788/179
f 6281/2794/180 6296/2811/180 6292/2810/180 6278/2791/180
f 6291/2806/181 6285/2800/181 6288/2798/181 6295/2807/181
f 6295/2807/200 6288/2798/200 6284/2797/200 6292/2810/200
f 6311/2825/183 6283/2795/183 6289/2796/183 6314/2826/183
f 6314/2826/201 6289/2801/201 6285/2800/201 6312/2829/201
f 6290/2802/185 6318/2832/185 6324/2834/185 6293/2803/185
f 6293/2809/202 6324/2834/202 6320/2837/202 6291/2806/202
f 6319/2835/187 6313/2831/187 6316/2830/187 6323/2836/187
f 6323/2836/188 6316/2830/188 6312/2829/188 6320/2837/188
f 6297/2812/189 6311/2825/189 6317/2828/189 6300/1953/189
f 6300/1953/204 6317/2828/204 6313/2831/204 6298/2815/204
f 6318/2832/191 6304/2818/191 6310/2821/191 6321/1974/191
f 6321/1974/192 6310/2821/192 6306/2824/192 6319/2835/192
f 6305/2822/193 6299/2817/193 6302/2816/193 6309/2823/193
f 6309/2823/205 6302/2816/205 6298/2815/205 6306/2824/205
f 6269/2771/195 6297/2812/195 6303/2814/195 6272/2772/195
f 6272/2778/196 6303/2814/196 6299/2817/196 6270/2775/196
f 6304/2818/197 6277/2787/197 6279/2790/197 6307/2819/197
f 6307/2819/211 6279/2784/211 6276/2783/211 6305/2822/211
f 6283/2795/145 6311/2825/145 6297/2812/145 6269/2771/145
f 6271/2779/146 6278/2791/146 6292/2810/146 6284/2797/146
f 6299/2817/147 6305/2822/147 6276/2783/147 6270/2775/147
f 6318/2832/148 6290/2802/148 6277/2787/148 6304/2818/148
f 6285/2800/149 6291/2806/149 6320/2837/149 6312/2829/149
f 6313/2831/150 6319/2835/150 6306/2824/150 6298/2815/150
usemtl ThockPup_A
f 6701/3139/788 6704/3140/788 6705/3141/788 6707/3142/788
f 6702/3143/789 6706/3144/789 6705/3145/789 6704/3146/789
f 6703/3147/790 6707/3148/790 6705/3149/790 6706/3150/790
f 6708/3151/791 6711/3152/791 6712/3153/791 6714/3154/791
f 6709/3155/792 6713/3156/792 6712/3157/792 6711/3158/792
f 6710/3159/793 6714/3160/793 6712/3161/793 6713/3162/793
f 6715/3163/794 6718/3164/794 6719/3165/794 6721/3166/794
f 6716/3167/795 6720/3168/795 6719/3169/795 6718/3170/795
f 6717/3171/796 6721/3172/796 6719/3169/796 6720/3168/796
f 6722/3173/797 6725/3174/797 6726/3175/797 6728/3176/797
f 6723/3177/798 6727/3178/798 6726/3179/798 6725/3180/798
f 6724/3181/799 6728/3182/799 6726/3179/799 6727/3178/799
f 6729/3183/800 6732/3184/800 6733/3185/800 6735/3186/800
f 6730/3187/801 6734/3188/801 6733/3185/801 6732/3184/801
f 6731/3189/802 6735/3186/802 6733/3185/802 6734/3188/802
f 6736/3190/803 6739/3191/803 6740/3192/803 6742/3193/803
f 6737/3194/804 6741/3195/804 6740/3192/804 6739/3191/804
f 6738/3196/805 6742/3193/805 6740/3192/805 6741/3195/805
f 6743/3197/806 6746/3198/806 6747/3199/806 6749/3200/806
f 6744/3201/807 6748/3202/807 6747/3199/807 6746/3198/807
f 6745/3203/808 6749/3200/808 6747/3199/808 6748/3202/808
f 6750/3204/809 6753/3205/809 6754/3206/809 6756/3207/809
f 6751/3208/810 6755/3209/810 6754/3206/810 6753/3205/810
f 6752/3210/811 6756/3207/811 6754/3206/811 6755/3209/811
f 6715/3163/812 6701/3139/812 6707/3142/812 6718/3164/812
f 6718/3170/813 6707/3148/813 6703/3147/813 6716/3167/813
f 6702/3143/814 6708/3151/814 6714/3154/814 6706/3144/814
f 6706/3150/815 6714/3160/815 6710/3159/815 6703/3147/815
f 6709/3155/816 6722/3173/816 6728/3176/816 6713/3156/816
f 6713/3162/817 6728/3182/817 6724/3181/817 6710/3159/817
f 6723/3177/818 6717/3171/818 6720/3168/818 6727/3178/818
f 6727/3178/819 6720/3168/819 6716/3167/819 6724/3181/819
f 6743/3197/820 6715/3163/820 6721/3166/820 6746/3198/820
f 6746/3198/821 6721/3172/821 6717/3171/821 6744/3201/821
f 6722/3173/822 6750/3204/822 6756/3207/822 6725/3174/822
f 6725/3180/823 6756/3207/823 6752/3210/823 6723/3177/823
f 6751/3208/824 6745/3203/824 6748/3202/824 6755/3209/824
f 6755/3209/825 6748/3202/825 6744/3201/825 6752/3210/825
f 6729/3183/826 6743/3197/826 6749/3200/826 6732/3184/826
f 6732/3184/827 6749/3200/827 6745/3203/827 6730/3187/827
f 6750/3204/828 6736/3190/828 6742/3193/828 6753/3205/828
f 6753/3205/829 6742/3193/829 6738/3196/829 6751/3208/829
f 6737/3194/830 6731/3189/830 6734/3188/830 6741/3195/830
f 6741/3195/831 6734/3188/831 6730/3187/831 6738/3196/831
f 6701/3139/832 6729/3183/832 6735/3186/832 6704/3140/832
f 6704/3146/833 6735/3186/833 6731/3189/833 6702/3143/833
f 6736/3190/834 6709/3155/834 6711/3158/834 6739/3191/834
f 6739/3191/835 6711/3152/835 6708/3151/835 6737/3194/835
f 6715/3163/782 6743/3197/782 6729/3183/782 6701/3139/782
f 6703/3147/783 6710/3159/783 6724/3181/783 6716/3167/783
f 6731/3189/784 6737/3194/784 6708/3151/784 6702/3143/784
f 6750/3204/785 6722/3173/785 6709/3155/785 6736/3190/785
f 6717/3171/786 6723/3177/786 6752/3210/786 6744/3201/786
f 6745/3203/787 6751/3208/787 6738/3196/787 6730/3187/787
f 6853/3307/934 6856/3308/934 6857/3309/934 6859/3310/934
f 6854/3311/935 6858/3312/935 6857/3313/935 6856/3314/935
f 6855/3315/936 6859/3316/936 6857/3317/936 6858/3318/936
f 6860/3319/937 6863/3320/937 6864/3153/937 6866/3321/937
f 6861/3322/938 6865/3323/938 6864/3324/938 6863/3158/938
f 6862/3325/939 6866/3326/939 6864/3327/939 6865/3328/939
f 6867/3329/940 6870/3330/940 6871/3331/940 6873/3332/940
f 6868/3333/941 6872/3334/941 6871/3335/941 6870/3336/941
f 6869/3337/942 6873/3338/942 6871/3335/942 6872/3334/942
f 6874/3339/943 6877/3340/943 6878/3341/943 6880/3342/943
f 6875/3343/944 6879/3344/944 6878/3345/944 6877/3180/944
f 6876/3346/945 6880/3347/945 6878/3345/945 6879/3344/945
f 6881/3348/946 6884/3349/946 6885/3350/946 6887/3186/946
f 6882/3351/947 6886/3352/947 6885/3350/947 6884/3349/947
f 6883/3353/948 6887/3186/948 6885/3350/948 6886/3352/948
f 6888/3354/949 6891/3355/949 6892/3356/949 6894/3357/949
f 6889/3358/950 6893/3359/950 6892/3356/950 6891/3355/950
f 6890/3360/951 6894/3357/951 6892/3356/951 6893/3359/951
f 6895/3361/952 6898/3362/952 6899/3363/952 6901/3364/952
f 6896/3365/953 6900/3366/953 6899/3363/953 6898/3362/953
f 6897/3367/954 6901/3364/954 6899/3363/954 6900/3366/954
f 6902/3368/955 6905/3369/955 6906/3370/955 6908/3371/955
f 6903/3372/956 6907/3209/956 6906/3370/956 6905/3369/956
f 6904/3373/957 6908/3371/957 6906/3370/957 6907/3209/957
f 6867/3329/958 6853/3307/958 6859/3310/958 6870/3330/958
f 6870/3336/959 6859/3316/959 6855/3315/959 6868/3333/959
f 6854/3311/960 6860/3319/960 6866/3321/960 6858/3312/960
f 6858/3318/961 6866/3326/961 6862/3325/961 6855/3315/961
f 6861/3322/962 6874/3339/962 6880/3342/962 6865/3323/962
f 6865/3328/963 6880/3347/963 6876/3346/963 6862/3325/963
f 6875/3343/964 6869/3337/964 6872/3334/964 6879/3344/964
f 6879/3344/965 6872/3334/965 6868/3333/965 6876/3346/965
f 6895/3361/966 6867/3329/966 6873/3332/966 6898/3362/966
f 6898/3362/967 6873/3338/967 6869/3337/967 6896/3365/967
f 6874/3339/968 6902/3368/968 6908/3371/968 6877/3340/968
f 6877/3180/969 6908/3371/969 6904/3373/969 6875/3343/969
f 6903/3372/970 6897/3367/970 6900/3366/970 6907/3209/970
f 6907/3209/971 6900/3366/971 6896/3365/971 6904/3373/971
f 6881/3348/972 6895/3361/972 6901/3364/972 6884/3349/972
f 6884/3349/973 6901/3364/973 6897/3367/973 6882/3351/973
f 6902/3368/974 6888/3354/974 6894/3357/974 6905/3369/974
f 6905/3369/975 6894/3357/975 6890/3360/975 6903/3372/975
f 6889/3358/976 6883/3353/976 6886/3352/976 6893/3359/976
f 6893/3359/977 6886/3352/977 6882/3351/977 6890/3360/977
f 6853/3307/978 6881/3348/978 6887/3186/978 6856/3308/978
f 6856/3314/979 6887/3186/979 6883/3353/979 6854/3311/979
f 6888/3354/980 6861/3322/980 6863/3158/980 6891/3355/980
f 6891/3355/981 6863/3320/981 6860/3319/981 6889/3358/981
f 6867/3329/928 6895/3361/928 6881/3348/928 6853/3307/928
f 6855/3315/929 6862/3325/929 6876/3346/929 6868/3333/929
f 6883/3353/930 6889/3358/930 6860/3319/930 6854/3311/930
f 6902/3368/931 6874/3339/931 6861/3322/931 6888/3354/931
f 6869/3337/932 6875/3343/932 6904/3373/932 6896/3365/932
f 6897/3367/933 6903/3372/933 6890/3360/933 6882/3351/933
f 8182/4036/986 8188/4037/986 8189/4038/986 8183/4039/986
f 8183/4040/987 8189/4041/987 8187/4042/987 8181/4043/987
f 8191/4044/988 8185/4045/988 8186/4046/988 8192/4047/988
f 8192/4048/989 8186/4049/989 8184/4050/989 8190/4051/989
f 8188/4037/990 8194/4052/990 8195/4053/990 8189/4038/990
f 8189/4041/991 8195/4054/991 8193/4055/991 8187/4042/991
f 8197/4056/992 8191/4044/992 8192/4047/992 8198/4057/992
f 8198/4058/993 8192/4048/993 8190/4051/993 8196/4059/993
f 8194/4052/994 8200/4060/994 8201/4061/994 8195/4053/994
f 8195/4054/995 8201/4062/995 8199/4063/995 8193/4055/995
f 8203/4064/996 8197/4056/996 8198/4057/996 8204/4065/996
f 8204/4066/997 8198/4058/997 8196/4059/997 8202/4067/997
f 8200/4060/998 8206/4068/998 8207/4069/998 8201/4061/998
f 8201/4062/999 8207/4070/999 8205/4071/999 8199/4063/999
f 8209/4072/1000 8203/4064/1000 8204/4065/1000 8210/4073/1000
f 8210/4074/1001 8204/4066/1001 8202/4067/1001 8208/4075/1001
f 8206/4068/1002 8212/4076/1002 8213/4077/1002 8207/4069/1002
f 8207/4070/1003 8213/4078/1003 8211/4079/1003 8205/4071/1003
f 8215/4080/1004 8209/4072/1004 8210/4073/1004 8216/4081/1004
f 8216/4082/1005 8210/4074/1005 8208/4075/1005 8214/4083/1005
f 8212/4076/1006 8218/4084/1006 8219/4085/1006 8213/4077/1006
f 8213/4078/1007 8219/4086/1007 8217/4087/1007 8211/4079/1007
f 8221/4088/1008 8215/4080/1008 8216/4081/1008 8222/4089/1008
f 8222/4090/1009 8216/4082/1009 8214/4083/1009 8220/4091/1009
f 8218/4084/1010 8224/4092/1010 8225/4093/1010 8219/4085/1010
f 8219/4086/1011 8225/4094/1011 8223/4095/1011 8217/4087/1011
f 8227/4096/1012 8221/4088/1012 8222/4089/1012 8228/4097/1012
f 8228/4098/1013 8222/4090/1013 8220/4091/1013 8226/4099/1013
f 8224/4092/1014 8230/4100/1014 8231/4101/1014 8225/4093/1014
f 8225/4094/1015 8231/4102/1015 8229/4103/1015 8223/4095/1015
f 8233/4104/1016 8227/4096/1016 8228/4097/1016 8234/4105/1016
f 8234/4106/1017 8228/4098/1017 8226/4099/1017 8232/4107/1017
f 8230/4100/1018 8236/4108/1018 8237/4109/1018 8231/4101/1018
f 8231/4102/1019 8237/4110/1019 8235/4111/1019 8229/4103/1019
f 8239/4112/1020 8233/4104/1020 8234/4105/1020 8240/4113/1020
f 8240/4114/1021 8234/4106/1021 8232/4107/1021 8238/4115/1021
f 8236/4108/1022 8242/4116/1022 8243/4117/1022 8237/4109/1022
f 8237/4110/1023 8243/4118/1023 8241/4119/1023 8235/4111/1023
f 8245/4120/1024 8239/4112/1024 8240/4113/1024 8246/4121/1024
f 8246/4122/1025 8240/4114/1025 8238/4115/1025 8244/4123/1025
f 8242/4116/1026 8248/4124/1026 8249/4125/1026 8243/4117/1026
f 8243/4118/1027 8249/4126/1027 8247/4127/1027 8241/4119/1027
f 8251/4128/1028 8245/4120/1028 8246/4121/1028 8252/4129/1028
f 8252/4130/1029 8246/4122/1029 8244/4123/1029 8250/4131/1029
f 8248/4124/1030 8254/4132/1030 8255/4133/1030 8249/4125/1030
f 8249/4126/1031 8255/4134/1031 8253/4135/1031 8247/4127/1031
f 8257/4136/1032 8251/4128/1032 8252/4129/1032 8258/4137/1032
f 8258/4138/1033 8252/4130/1033 8250/4131/1033 8256/4139/1033
f 8254/4132/1034 8260/4140/1034 8261/4141/1034 8255/4133/1034
f 8255/4134/1035 8261/4142/1035 8259/4143/1035 8253/4135/1035
f 8263/4144/1036 8257/4136/1036 8258/4137/1036 8264/4145/1036
f 8264/4146/1037 8258/4138/1037 8256/4139/1037 8262/4147/1037
f 8260/4140/1038 8266/4148/1038 8267/4149/1038 8261/4141/1038
f 8261/4142/1039 8267/4150/1039 8265/4151/1039 8259/4143/1039
f 8269/4152/1040 8263/4144/1040 8264/4145/1040 8270/4153/1040
f 8270/4154/1041 8264/4146/1041 8262/4147/1041 8268/4155/1041
f 8266/4148/1042 8272/4156/1042 8273/4157/1042 8267/4149/1042
f 8267/4150/1043 8273/4158/1043 8271/4159/1043 8265/4151/1043
f 8275/4160/1044 8269/4152/1044 8270/4153/1044 8276/4161/1044
f 8276/4162/1045 8270/4154/1045 8268/4155/1045 8274/4163/1045
f 8272/4156/1046 8278/4164/1046 8279/4165/1046 8273/4157/1046
f 8273/4158/1047 8279/4166/1047 8277/4167/1047 8271/4159/1047
f 8281/4168/1048 8275/4160/1048 8276/4161/1048 8282/4169/1048
f 8282/4170/1049 8276/4162/1049 8274/4163/1049 8280/4171/1049
f 8278/4164/1050 8284/4172/1050 8285/4173/1050 8279/4165/1050
f 8279/4166/1051 8285/4174/1051 8283/4175/1051 8277/4167/1051
f 8287/4176/1052 8281/4168/1052 8282/4169/1052 8288/4177/1052
f 8288/4178/1053 8282/4170/1053 8280/4171/1053 8286/4179/1053
f 8284/4172/1054 8290/4180/1054 8291/4181/1054 8285/4173/1054
f 8285/4174/1055 8291/4182/1055 8289/4183/1055 8283/4175/1055
f 8293/4184/1056 8287/4176/1056 8288/4177/1056 8294/4185/1056
f 8294/4186/1057 8288/4178/1057 8286/4179/1057 8292/4187/1057
f 8290/4180/1058 8296/4188/1058 8297/4189/1058 8291/4181/1058
f 8291/4182/1059 8297/4190/1059 8295/4191/1059 8289/4183/1059
f 8299/4192/1060 8293/4184/1060 8294/4185/1060 8300/4193/1060
f 8300/4194/1061 8294/4186/1061 8292/4187/1061 8298/4195/1061
f 8296/4188/1062 8302/4196/1062 8303/4197/1062 8297/4189/1062
f 8297/4190/1063 8303/4198/1063 8301/4199/1063 8295/4191/1063
f 8305/4200/1064 8299/4192/1064 8300/4193/1064 8306/4201/1064
f 8306/4202/1065 8300/4194/1065 8298/4195/1065 8304/4203/1065
f 8302/4196/1066 8308/4204/1066 8309/4205/1066 8303/4197/1066
f 8303/4198/1067 8309/4206/1067 8307/4207/1067 8301/4199/1067
f 8311/4208/1068 8305/4200/1068 8306/4201/1068 8312/4209/1068
f 8312/4210/1069 8306/4202/1069 8304/4203/1069 8310/4211/1069
f 8308/4204/1070 8314/4212/1070 8315/4213/1070 8309/4205/1070
f 8309/4206/1071 8315/4214/1071 8313/4215/1071 8307/4207/1071
f 8317/4216/1072 8311/4208/1072 8312/4209/1072 8318/4217/1072
f 8318/4218/1073 8312/4210/1073 8310/4211/1073 8316/4219/1073
f 8314/4212/1074 8320/4220/1074 8321/4221/1074 8315/4213/1074
f 8315/4214/1075 8321/4222/1075 8319/4223/1075 8313/4215/1075
f 8323/4224/1076 8317/4216/1076 8318/4217/1076 8324/4225/1076
f 8324/4226/1077 8318/4218/1077 8316/4219/1077 8322/4227/1077
f 8320/4220/1078 8182/4228/1078 8183/4229/1078 8321/4221/1078
f 8321/4222/1079 8183/4040/1079 8181/4043/1079 8319/4223/1079
f 8185/4230/1080 8323/4224/1080 8324/4225/1080 8186/4231/1080
f 8186/4049/1081 8324/4226/1081 8322/4227/1081 8184/4050/1081
f 8181/4043/145 8187/4042/145 8193/4055/145 8199/4063/145 8205/4071/145 8211/4079/145 8217/4087/145 8223/4095/145 8229/4103/145 8235/4111/145 8241/4119/145 8247/4127/145 8253/4135/145 8259/4143/145 8265/4151/145 8271/4159/145 8277/4167/145 8283/4175/145 8289/4183/145 8295/4191/145 8301/4199/145 8307/4207/145 8313/4215/145 8319/4223/145
f 8182/4036/1082 8185/4045/1082 8191/4044/1082 8188/4037/1082
f 8320/4220/1083 8323/4224/1083 8185/4230/1083 8182/4228/1083
f 8190/4051/148 8184/4050/148 8322/4227/148 8316/4219/148 8310/4211/148 8304/4203/148 8298/4195/148 8292/4187/148 8286/4179/148 8280/4171/148 8274/4163/148 8268/4155/148 8262/4147/148 8256/4139/148 8250/4131/148 8244/4123/148 8238/4115/148 8232/4107/148 8226/4099/148 8220/4091/148 8214/4083/148 8208/4075/148 8202/4067/148 8196/4059/148
f 8188/4037/188 8191/4044/188 8197/4056/188 8194/4052/188
f 8194/4052/1084 8197/4056/1084 8203/4064/1084 8200/4060/1084
f 8200/4060/1085 8203/4064/1085 8209/4072/1085 8206/4068/1085
f 8206/4068/187 8209/4072/187 8215/4080/187 8212/4076/187
f 8212/4076/1086 8215/4080/1086 8221/4088/1086 8218/4084/1086
f 8218/4084/1087 8221/4088/1087 8227/4096/1087 8224/4092/1087
f 8224/4092/205 8227/4096/205 8233/4104/205 8230/4100/205
f 8230/4100/1088 8233/4104/1088 8239/4112/1088 8236/4108/1088
f 8236/4108/1089 8239/4112/1089 8245/4120/1089 8242/4116/1089
f 8242/4116/193 8245/4120/193 8251/4128/193 8248/4124/193
f 8248/4124/1090 8251/4128/1090 8257/4136/1090 8254/4132/1090
f 8254/4132/1091 8257/4136/1091 8263/4144/1091 8260/4140/1091
f 8260/4140/209 8263/4144/209 8269/4152/209 8266/4148/209
f 8266/4148/1092 8269/4152/1092 8275/4160/1092 8272/4156/1092
f 8272/4156/1093 8275/4160/1093 8281/4168/1093 8278/4164/1093
f 8278/4164/178 8281/4168/178 8287/4176/178 8284/4172/178
f 8284/4172/1094 8287/4176/1094 8293/4184/1094 8290/4180/1094
f 8290/4180/1095 8293/4184/1095 8299/4192/1095 8296/4188/1095
f 8296/4188/200 8299/4192/200 8305/4200/200 8302/4196/200
f 8302/4196/1096 8305/4200/1096 8311/4208/1096 8308/4204/1096
f 8308/4204/1097 8311/4208/1097 8317/4216/1097 8314/4212/1097
f 8314/4212/181 8317/4216/181 8323/4224/181 8320/4220/181
