# Blender 5.2.2 LTS
# www.blender.org
o FourLeafFawn
v -2.094000 0.610403 1.247850
v -2.117708 0.664909 1.296929
v -2.143080 0.664909 1.224142
v -2.117708 2.580087 1.296929
v -2.094000 2.634593 1.247850
v -2.143080 2.580087 1.224142
v -0.841632 0.610403 -1.344749
v -0.890712 0.664909 -1.368457
v -0.817924 0.664909 -1.393829
v -0.841632 2.634593 -1.344749
v -0.817924 2.580087 -1.393829
v -0.890712 2.580087 -1.368457
v 0.002552 0.610403 2.260600
v 0.051631 0.664909 2.284308
v -0.021156 0.664909 2.309679
v 0.002552 2.634593 2.260600
v -0.021156 2.580087 2.309679
v 0.051631 2.580087 2.284308
v 1.254920 0.610403 -0.331999
v 1.278628 0.664909 -0.381078
v 1.303999 0.664909 -0.308291
v 1.254920 2.634593 -0.331999
v 1.303999 2.580087 -0.308291
v 1.278628 2.580087 -0.381078
v 0.288658 0.658640 1.870446
v 0.303976 0.937978 1.882609
v 0.288658 0.933689 1.870446
v 0.408295 0.658640 1.622779
v 0.408295 0.933689 1.622779
v 0.396133 0.937978 1.638097
v 0.366227 0.644670 1.886723
v 0.387273 0.654351 1.896889
v 0.375110 0.658640 1.912207
v 0.377107 0.677723 1.917935
v 0.356061 0.937978 1.907769
v 0.375110 0.933689 1.912207
v 0.469263 0.644670 1.673423
v 0.494747 0.658640 1.664540
v 0.500475 0.677723 1.662544
v 0.490309 0.654351 1.683589
v 0.494747 0.933689 1.664540
v 0.479429 0.937978 1.652377
v 0.288658 1.209529 1.870446
v 0.293097 1.205240 1.851397
v 0.288658 1.484578 1.870446
v 0.408295 1.209529 1.622779
v 0.406299 1.228612 1.617051
v 0.427344 1.205240 1.627218
v 0.427344 1.488867 1.627218
v 0.408295 1.484578 1.622779
v 0.375110 1.209529 1.912207
v 0.377107 1.228612 1.917935
v 0.356061 1.488867 1.907769
v 0.375110 1.484578 1.912207
v 0.387273 1.488867 1.896889
v 0.494747 1.209529 1.664540
v 0.494747 1.484578 1.664540
v 0.479429 1.488867 1.652377
v 0.288658 1.760418 1.870446
v 0.303976 2.039756 1.882609
v 0.288658 2.035467 1.870446
v 0.408295 1.760418 1.622779
v 0.408295 2.035467 1.622779
v 0.396133 2.039756 1.638097
v 0.366227 1.746448 1.886723
v 0.387273 1.756129 1.896889
v 0.375110 1.760418 1.912207
v 0.377107 1.779502 1.917935
v 0.356061 2.039756 1.907769
v 0.375110 2.035467 1.912207
v 0.469263 1.746448 1.673423
v 0.494747 1.760418 1.664540
v 0.500475 1.779502 1.662544
v 0.490309 1.756129 1.683589
v 0.494747 2.035467 1.664540
v 0.479429 2.039756 1.652377
v 0.288658 2.311307 1.870446
v 0.293097 2.307018 1.851397
v 0.303976 2.590646 1.882609
v 0.288658 2.586356 1.870446
v 0.408295 2.311307 1.622779
v 0.427344 2.307018 1.627218
v 0.408295 2.586356 1.622779
v 0.396133 2.590646 1.638097
v 0.351850 2.330391 1.916486
v 0.375110 2.311307 1.912207
v 0.377107 2.330391 1.917935
v 0.351850 2.567273 1.916486
v 0.375110 2.586356 1.912207
v 0.377107 2.567273 1.917935
v 0.479429 2.307018 1.652377
v 0.494747 2.311307 1.664540
v 0.494747 2.586356 1.664540
v 0.500475 2.567273 1.662544
v 0.528276 0.658640 1.374399
v 0.528276 0.933689 1.374399
v 0.647913 0.658640 1.126732
v 0.647913 0.933689 1.126732
v 0.605845 0.644670 1.390676
v 0.626891 0.654351 1.400843
v 0.614728 0.658640 1.416161
v 0.616725 0.677723 1.421888
v 0.605845 0.947659 1.390676
v 0.595679 0.937978 1.411722
v 0.614728 0.933689 1.416161
v 0.626891 0.937978 1.400843
v 0.708881 0.644670 1.177377
v 0.734365 0.658640 1.168494
v 0.740093 0.677723 1.166497
v 0.729927 0.654351 1.187543
v 0.708881 0.947659 1.177377
v 0.729927 0.937978 1.187543
v 0.734365 0.933689 1.168494
v 0.719047 0.937978 1.156331
v 0.528276 1.209529 1.374399
v 0.528276 1.484578 1.374399
v 0.647913 1.209529 1.126732
v 0.647913 1.484578 1.126732
v 0.626891 1.205240 1.400843
v 0.614728 1.209529 1.416161
v 0.616725 1.228612 1.421888
v 0.595679 1.488867 1.411722
v 0.614728 1.484578 1.416161
v 0.626891 1.488867 1.400843
v 0.719047 1.205240 1.156331
v 0.734365 1.209529 1.168494
v 0.740093 1.228612 1.166497
v 0.734365 1.484578 1.168494
v 0.719047 1.488867 1.156331
v 0.528276 1.760418 1.374399
v 0.528276 2.035467 1.374399
v 0.647913 1.760418 1.126732
v 0.647913 2.035467 1.126732
v 0.605845 1.746448 1.390676
v 0.626891 1.756129 1.400843
v 0.614728 1.760418 1.416161
v 0.616725 1.779502 1.421888
v 0.605845 2.049437 1.390676
v 0.595679 2.039756 1.411722
v 0.614728 2.035467 1.416161
v 0.626891 2.039756 1.400843
v 0.708881 1.746448 1.177377
v 0.734365 1.760418 1.168494
v 0.740093 1.779502 1.166497
v 0.729927 1.756129 1.187543
v 0.708881 2.049437 1.177377
v 0.729927 2.039756 1.187543
v 0.734365 2.035467 1.168494
v 0.719047 2.039756 1.156331
v 0.528276 2.311307 1.374399
v 0.528276 2.586356 1.374399
v 0.647913 2.311307 1.126732
v 0.647913 2.586356 1.126732
v 0.591468 2.330391 1.420439
v 0.626891 2.307018 1.400843
v 0.614728 2.311307 1.416161
v 0.616725 2.330391 1.421888
v 0.591468 2.567273 1.420439
v 0.614728 2.586356 1.416161
v 0.616725 2.567273 1.421888
v 0.626891 2.590646 1.400843
v 0.719047 2.307018 1.156331
v 0.734365 2.311307 1.168494
v 0.734365 2.586356 1.168494
v 0.740093 2.567273 1.166497
v 0.719047 2.590646 1.156331
v 0.767894 0.658640 0.878353
v 0.767894 0.933689 0.878353
v 0.887531 0.658640 0.630686
v 0.887531 0.933689 0.630686
v 0.845463 0.644670 0.894630
v 0.866509 0.654351 0.904796
v 0.854346 0.658640 0.920114
v 0.856343 0.677723 0.925841
v 0.845463 0.947659 0.894630
v 0.835297 0.937978 0.915675
v 0.854346 0.933689 0.920114
v 0.866509 0.937978 0.904796
v 0.948499 0.644670 0.681330
v 0.973983 0.658640 0.672447
v 0.979710 0.677723 0.670451
v 0.969544 0.654351 0.691496
v 0.948499 0.947659 0.681330
v 0.969544 0.937978 0.691496
v 0.973983 0.933689 0.672447
v 0.958665 0.937978 0.660284
v 0.767894 1.209529 0.878353
v 0.767894 1.484578 0.878353
v 0.887531 1.209529 0.630686
v 0.887531 1.484578 0.630686
v 0.845463 1.195559 0.894630
v 0.866509 1.205240 0.904796
v 0.854346 1.209529 0.920114
v 0.856343 1.228612 0.925841
v 0.845463 1.498548 0.894630
v 0.835297 1.488867 0.915675
v 0.854346 1.484578 0.920114
v 0.866509 1.488867 0.904796
v 0.948499 1.195559 0.681330
v 0.973983 1.209529 0.672447
v 0.979710 1.228612 0.670451
v 0.969544 1.205240 0.691496
v 0.948499 1.498548 0.681330
v 0.969544 1.488867 0.691496
v 0.973983 1.484578 0.672447
v 0.958665 1.488867 0.660284
v 0.767894 1.760418 0.878353
v 0.767894 2.035467 0.878353
v 0.887531 1.760418 0.630686
v 0.887531 2.035467 0.630686
v 0.845463 1.746448 0.894630
v 0.866509 1.756129 0.904796
v 0.854346 1.760418 0.920114
v 0.856343 1.779502 0.925841
v 0.845463 2.049437 0.894630
v 0.835297 2.039756 0.915675
v 0.854346 2.035467 0.920114
v 0.866509 2.039756 0.904796
v 0.948499 1.746448 0.681330
v 0.973983 1.760418 0.672447
v 0.979710 1.779502 0.670451
v 0.969544 1.756129 0.691496
v 0.948499 2.049437 0.681330
v 0.969544 2.039756 0.691496
v 0.973983 2.035467 0.672447
v 0.958665 2.039756 0.660284
v 0.767894 2.311307 0.878353
v 0.767894 2.586356 0.878353
v 0.887531 2.311307 0.630686
v 0.887531 2.586356 0.630686
v 0.845463 2.297337 0.894630
v 0.866509 2.307018 0.904796
v 0.854346 2.311307 0.920114
v 0.835297 2.307018 0.915675
v 0.845463 2.600326 0.894630
v 0.854346 2.586356 0.920114
v 0.856343 2.567273 0.925841
v 0.866509 2.590646 0.904796
v 0.948499 2.297337 0.681330
v 0.958665 2.307018 0.660284
v 0.973983 2.311307 0.672447
v 0.969544 2.307018 0.691496
v 0.948499 2.600326 0.681330
v 0.969544 2.590646 0.691496
v 0.973983 2.586356 0.672447
v 0.979710 2.567273 0.670451
v 1.007512 0.658640 0.382306
v 1.007512 0.933689 0.382306
v 1.127149 0.658640 0.134639
v 1.127149 0.933689 0.134639
v 1.106126 0.654351 0.408749
v 1.093964 0.658640 0.424067
v 1.095960 0.677723 0.429795
v 1.085081 0.947659 0.398583
v 1.074915 0.937978 0.419629
v 1.093964 0.933689 0.424068
v 1.106126 0.937978 0.408750
v 1.198283 0.654351 0.164238
v 1.213601 0.658640 0.176400
v 1.219328 0.677723 0.174404
v 1.188117 0.947659 0.185283
v 1.209162 0.937978 0.195449
v 1.213601 0.933689 0.176400
v 1.198283 0.937978 0.164238
v 1.007512 1.209529 0.382306
v 1.007512 1.484578 0.382306
v 1.127149 1.209529 0.134639
v 1.127149 1.484578 0.134639
v 1.106126 1.205240 0.408749
v 1.093964 1.209529 0.424067
v 1.095960 1.228612 0.429795
v 1.085081 1.498548 0.398583
v 1.074915 1.488867 0.419629
v 1.093964 1.484578 0.424068
v 1.106126 1.488867 0.408750
v 1.198283 1.205240 0.164238
v 1.213601 1.209529 0.176400
v 1.219328 1.228612 0.174404
v 1.188117 1.498548 0.185283
v 1.209162 1.488867 0.195449
v 1.213601 1.484578 0.176400
v 1.198283 1.488867 0.164238
v 1.007512 1.760418 0.382306
v 1.007512 2.035467 0.382306
v 1.127149 1.760418 0.134639
v 1.127149 2.035467 0.134639
v 1.085081 1.746448 0.398583
v 1.106126 1.756129 0.408749
v 1.093964 1.760418 0.424067
v 1.095960 1.779502 0.429795
v 1.085081 2.049437 0.398583
v 1.074915 2.039756 0.419629
v 1.093964 2.035467 0.424068
v 1.106126 2.039756 0.408750
v 1.188117 1.746448 0.185283
v 1.213601 1.760418 0.176400
v 1.219328 1.779502 0.174404
v 1.209162 1.756129 0.195449
v 1.188117 2.049437 0.185283
v 1.209162 2.039756 0.195449
v 1.213601 2.035467 0.176400
v 1.198283 2.039756 0.164238
v 1.007512 2.311307 0.382306
v 1.007512 2.586356 0.382306
v 1.127149 2.311307 0.134639
v 1.127149 2.586356 0.134639
v 1.070704 2.330391 0.428346
v 1.106126 2.307018 0.408749
v 1.093964 2.311307 0.424067
v 1.095960 2.330391 0.429795
v 1.085081 2.600326 0.398583
v 1.070704 2.567273 0.428346
v 1.093964 2.586356 0.424068
v 1.095960 2.567273 0.429795
v 1.106126 2.590646 0.408750
v 1.198283 2.307018 0.164238
v 1.213601 2.311307 0.176400
v 1.188117 2.600326 0.185283
v 1.209162 2.590646 0.195449
v 1.213601 2.586356 0.176400
v 1.219328 2.567273 0.174404
v -2.027197 0.644670 0.730567
v -2.052681 0.658640 0.739450
v -2.058409 0.677723 0.741447
v -2.048243 0.654351 0.720401
v -2.027197 0.947659 0.730567
v -2.037363 0.937978 0.751613
v -2.052681 0.933689 0.739450
v -2.048243 0.937978 0.720401
v -1.924161 0.644670 0.517267
v -1.945207 0.654351 0.507101
v -1.933044 0.658640 0.491783
v -1.935041 0.677723 0.486056
v -1.924161 0.947659 0.517267
v -1.913995 0.937978 0.496222
v -1.933044 0.933689 0.491783
v -1.945207 0.937978 0.507101
v -1.966229 0.658640 0.781211
v -1.966229 0.933689 0.781211
v -1.846592 0.658640 0.533544
v -1.846592 0.933689 0.533544
v -2.052681 1.209529 0.739450
v -2.058409 1.228612 0.741447
v -2.048243 1.205240 0.720401
v -2.037363 1.488867 0.751613
v -2.052681 1.484578 0.739450
v -1.933044 1.209529 0.491783
v -1.913995 1.205240 0.496222
v -1.933044 1.484578 0.491783
v -1.966229 1.209529 0.781211
v -1.966229 1.484578 0.781211
v -1.954067 1.488867 0.765893
v -1.861910 1.205240 0.521382
v -1.846592 1.209529 0.533544
v -1.846592 1.484578 0.533544
v -1.840865 1.465495 0.531548
v -1.861910 1.488867 0.521382
v -2.052681 1.760418 0.739450
v -2.058409 1.779502 0.741447
v -2.027197 2.049437 0.730567
v -2.037363 2.039756 0.751613
v -2.052681 2.035467 0.739450
v -2.048243 2.039756 0.720401
v -1.933044 1.760418 0.491783
v -1.935041 1.779502 0.486056
v -1.924161 2.049437 0.517267
v -1.913995 2.039756 0.496222
v -1.933044 2.035467 0.491783
v -1.945207 2.039756 0.507101
v -1.954067 1.756129 0.765893
v -1.966229 1.760418 0.781211
v -1.966229 2.035467 0.781211
v -1.861910 1.756129 0.521382
v -1.846592 1.760418 0.533544
v -1.846592 2.035467 0.533544
v -2.027197 2.297337 0.730567
v -2.037363 2.307018 0.751613
v -2.052681 2.311307 0.739450
v -2.048243 2.307018 0.720401
v -2.052681 2.586356 0.739450
v -2.058409 2.567273 0.741447
v -1.924161 2.297337 0.517267
v -1.945207 2.307018 0.507101
v -1.933044 2.311307 0.491783
v -1.913995 2.307018 0.496222
v -1.933044 2.586356 0.491783
v -1.935041 2.567273 0.486056
v -1.966229 2.311307 0.781211
v -1.966229 2.586356 0.781211
v -1.954067 2.590646 0.765893
v -1.846592 2.311307 0.533544
v -1.846592 2.586356 0.533544
v -1.861910 2.590646 0.521382
v -1.787579 0.644670 0.234521
v -1.813063 0.658640 0.243404
v -1.818791 0.677723 0.245400
v -1.808625 0.654351 0.224355
v -1.787579 0.947659 0.234521
v -1.797745 0.937978 0.255566
v -1.813063 0.933689 0.243404
v -1.808625 0.937978 0.224355
v -1.684543 0.644670 0.021221
v -1.705589 0.654351 0.011055
v -1.693426 0.658640 -0.004264
v -1.695423 0.677723 -0.009991
v -1.684543 0.947659 0.021221
v -1.674377 0.937978 0.000175
v -1.693426 0.933689 -0.004264
v -1.705589 0.937978 0.011055
v -1.726611 0.658640 0.285165
v -1.726611 0.933689 0.285165
v -1.606974 0.658640 0.037498
v -1.606974 0.933689 0.037498
v -1.813063 1.209529 0.243404
v -1.818791 1.228612 0.245400
v -1.808625 1.205240 0.224355
v -1.797745 1.488867 0.255566
v -1.813063 1.484578 0.243404
v -1.808625 1.488867 0.224355
v -1.693426 1.209529 -0.004264
v -1.695423 1.228612 -0.009991
v -1.674377 1.205240 0.000175
v -1.674377 1.488867 0.000175
v -1.693426 1.484578 -0.004264
v -1.726611 1.209529 0.285165
v -1.726611 1.484578 0.285165
v -1.606974 1.209529 0.037498
v -1.606974 1.484578 0.037498
v -1.787579 1.746448 0.234521
v -1.813063 1.760418 0.243404
v -1.818791 1.779502 0.245400
v -1.808625 1.756129 0.224355
v -1.787579 2.049437 0.234521
v -1.797745 2.039756 0.255566
v -1.813063 2.035467 0.243404
v -1.808625 2.039756 0.224355
v -1.684543 1.746448 0.021221
v -1.705589 1.756129 0.011055
v -1.693426 1.760418 -0.004264
v -1.695423 1.779502 -0.009991
v -1.684543 2.049437 0.021221
v -1.674377 2.039756 0.000175
v -1.693426 2.035467 -0.004264
v -1.705589 2.039756 0.011055
v -1.726611 1.760418 0.285165
v -1.726611 2.035467 0.285165
v -1.606974 1.760418 0.037498
v -1.606974 2.035467 0.037498
v -1.797745 2.307018 0.255566
v -1.813063 2.311307 0.243404
v -1.808625 2.307018 0.224355
v -1.813063 2.586356 0.243404
v -1.808625 2.590646 0.224355
v -1.818791 2.567273 0.245400
v -1.693426 2.311307 -0.004264
v -1.674377 2.307018 0.000175
v -1.674377 2.590646 0.000175
v -1.693426 2.586356 -0.004264
v -1.726611 2.311307 0.285165
v -1.726611 2.586356 0.285165
v -1.606974 2.311307 0.037498
v -1.601247 2.330391 0.035501
v -1.606974 2.586356 0.037498
v -1.622293 2.590646 0.025335
v -1.547961 0.644670 -0.261526
v -1.573446 0.658640 -0.252643
v -1.579173 0.677723 -0.250647
v -1.569007 0.654351 -0.271692
v -1.547961 0.947659 -0.261526
v -1.558128 0.937978 -0.240481
v -1.573446 0.933689 -0.252643
v -1.569007 0.937978 -0.271692
v -1.444926 0.644670 -0.474826
v -1.465971 0.654351 -0.484992
v -1.453809 0.658640 -0.500310
v -1.455805 0.677723 -0.506038
v -1.444926 0.947659 -0.474826
v -1.434760 0.937978 -0.495871
v -1.453809 0.933689 -0.500310
v -1.465971 0.937978 -0.484992
v -1.486994 0.658640 -0.210882
v -1.486994 0.933689 -0.210882
v -1.367357 0.658640 -0.458549
v -1.367357 0.933689 -0.458549
v -1.547961 1.195559 -0.261526
v -1.573446 1.209529 -0.252643
v -1.579173 1.228612 -0.250647
v -1.569007 1.205240 -0.271692
v -1.547961 1.498548 -0.261526
v -1.558128 1.488867 -0.240481
v -1.573446 1.484578 -0.252643
v -1.569007 1.488867 -0.271692
v -1.444926 1.195559 -0.474826
v -1.465971 1.205240 -0.484992
v -1.453809 1.209529 -0.500310
v -1.455805 1.228612 -0.506038
v -1.444926 1.498548 -0.474826
v -1.434760 1.488867 -0.495871
v -1.453809 1.484578 -0.500310
v -1.465971 1.488867 -0.484992
v -1.486994 1.209529 -0.210882
v -1.486994 1.484578 -0.210882
v -1.367357 1.209529 -0.458549
v -1.367357 1.484578 -0.458549
v -1.547961 1.746448 -0.261526
v -1.573446 1.760418 -0.252643
v -1.579173 1.779502 -0.250647
v -1.569007 1.756129 -0.271692
v -1.547961 2.049437 -0.261526
v -1.558128 2.039756 -0.240481
v -1.573446 2.035467 -0.252643
v -1.569007 2.039756 -0.271692
v -1.444926 1.746448 -0.474826
v -1.465971 1.756129 -0.484992
v -1.453809 1.760418 -0.500310
v -1.455805 1.779502 -0.506038
v -1.444926 2.049437 -0.474826
v -1.434760 2.039756 -0.495871
v -1.453809 2.035467 -0.500310
v -1.465971 2.039756 -0.484992
v -1.486994 1.760418 -0.210882
v -1.486994 2.035467 -0.210882
v -1.367357 1.760418 -0.458549
v -1.367357 2.035467 -0.458549
v -1.547961 2.297337 -0.261526
v -1.558128 2.307018 -0.240481
v -1.573446 2.311307 -0.252643
v -1.569007 2.307018 -0.271692
v -1.547961 2.600326 -0.261526
v -1.573446 2.586356 -0.252643
v -1.569007 2.590646 -0.271692
v -1.579173 2.567273 -0.250647
v -1.444926 2.297337 -0.474826
v -1.465971 2.307018 -0.484992
v -1.453809 2.311307 -0.500310
v -1.434760 2.307018 -0.495871
v -1.444926 2.600326 -0.474826
v -1.453809 2.586356 -0.500310
v -1.455805 2.567273 -0.506038
v -1.465971 2.590646 -0.484992
v -1.486994 2.311307 -0.210882
v -1.486994 2.586356 -0.210882
v -1.367357 2.311307 -0.458549
v -1.367357 2.586356 -0.458549
v -1.308344 0.644670 -0.757572
v -1.333828 0.658640 -0.748689
v -1.339555 0.677723 -0.746693
v -1.329389 0.654351 -0.767739
v -1.308344 0.947659 -0.757572
v -1.318510 0.937978 -0.736527
v -1.333828 0.933689 -0.748689
v -1.329389 0.937978 -0.767739
v -1.205308 0.644670 -0.970873
v -1.226353 0.654351 -0.981039
v -1.214191 0.658640 -0.996357
v -1.216187 0.677723 -1.002084
v -1.205308 0.947659 -0.970873
v -1.195142 0.937978 -0.991918
v -1.214191 0.933689 -0.996357
v -1.226353 0.937978 -0.981039
v -1.247376 0.658640 -0.706928
v -1.247376 0.933689 -0.706928
v -1.127739 0.658640 -0.954596
v -1.127739 0.933689 -0.954596
v -1.333828 1.209529 -0.748689
v -1.339555 1.228612 -0.746693
v -1.308344 1.498548 -0.757572
v -1.318510 1.488867 -0.736527
v -1.333828 1.484578 -0.748689
v -1.329389 1.488867 -0.767739
v -1.214191 1.209529 -0.996357
v -1.216187 1.228612 -1.002084
v -1.205308 1.498548 -0.970873
v -1.195142 1.488867 -0.991918
v -1.214191 1.484578 -0.996357
v -1.226353 1.488867 -0.981039
v -1.235213 1.205240 -0.722246
v -1.247376 1.209529 -0.706928
v -1.247376 1.484578 -0.706928
v -1.143057 1.205240 -0.966758
v -1.127739 1.209529 -0.954596
v -1.127739 1.484578 -0.954596
v -1.333828 1.760418 -0.748689
v -1.339555 1.779502 -0.746693
v -1.308344 2.049437 -0.757572
v -1.318510 2.039756 -0.736527
v -1.333828 2.035467 -0.748689
v -1.329389 2.039756 -0.767739
v -1.214191 1.760418 -0.996357
v -1.216187 1.779502 -1.002084
v -1.205308 2.049437 -0.970873
v -1.195142 2.039756 -0.991918
v -1.214191 2.035467 -0.996357
v -1.226353 2.039756 -0.981039
v -1.235213 1.756129 -0.722246
v -1.247376 1.760418 -0.706928
v -1.247376 2.035467 -0.706928
v -1.143057 1.756129 -0.966758
v -1.127739 1.760418 -0.954596
v -1.127739 2.035467 -0.954596
v -1.333828 2.311307 -0.748689
v -1.308344 2.600326 -0.757572
v -1.333828 2.586356 -0.748689
v -1.329389 2.590646 -0.767739
v -1.190931 2.330391 -1.000635
v -1.214191 2.311307 -0.996357
v -1.216187 2.330391 -1.002084
v -1.205308 2.600326 -0.970873
v -1.190931 2.567273 -1.000635
v -1.214191 2.586356 -0.996357
v -1.216187 2.567273 -1.002084
v -1.226353 2.590646 -0.981039
v -1.235213 2.307018 -0.722246
v -1.247376 2.311307 -0.706928
v -1.245379 2.330391 -0.701201
v -1.266425 2.590646 -0.711367
v -1.247376 2.586356 -0.706928
v -1.143057 2.307018 -0.966758
v -1.127739 2.311307 -0.954596
v -1.127739 2.586356 -0.954596
v -0.623017 0.658640 -1.336787
v -0.623017 0.933689 -1.336787
v -0.572373 0.644670 -1.397755
v -0.581256 0.658640 -1.423239
v -0.583253 0.677723 -1.428967
v -0.562207 0.654351 -1.418800
v -0.572373 0.947659 -1.397755
v -0.562207 0.937978 -1.418800
v -0.581256 0.933689 -1.423239
v -0.593419 0.937978 -1.407921
v -0.363188 0.654351 -1.232468
v -0.375350 0.658640 -1.217150
v -0.375350 0.933689 -1.217150
v -0.373354 0.914606 -1.211423
v -0.359073 0.644670 -1.294719
v -0.348907 0.654351 -1.315765
v -0.333589 0.658640 -1.303602
v -0.359073 0.947659 -1.294719
v -0.333589 0.933689 -1.303602
v -0.348907 0.937978 -1.315765
v -0.623017 1.209529 -1.336787
v -0.623017 1.484578 -1.336787
v -0.572373 1.195559 -1.397755
v -0.581256 1.209529 -1.423239
v -0.583253 1.228612 -1.428967
v -0.562207 1.205240 -1.418800
v -0.572373 1.498548 -1.397755
v -0.562207 1.488867 -1.418800
v -0.581256 1.484578 -1.423239
v -0.593419 1.488867 -1.407921
v -0.375350 1.209529 -1.217150
v -0.375350 1.484578 -1.217150
v -0.359073 1.195559 -1.294719
v -0.348907 1.205240 -1.315765
v -0.333589 1.209529 -1.303602
v -0.327862 1.228612 -1.305598
v -0.359073 1.498548 -1.294719
v -0.338028 1.488867 -1.284553
v -0.333589 1.484578 -1.303602
v -0.348907 1.488867 -1.315765
v -0.623017 1.760418 -1.336787
v -0.623017 2.035467 -1.336787
v -0.572373 1.746448 -1.397755
v -0.581256 1.760418 -1.423239
v -0.583253 1.779502 -1.428967
v -0.562207 1.756129 -1.418800
v -0.572373 2.049437 -1.397755
v -0.562207 2.039756 -1.418800
v -0.581256 2.035467 -1.423239
v -0.593419 2.039756 -1.407921
v -0.375350 1.760418 -1.217150
v -0.375350 2.035467 -1.217150
v -0.359073 1.746448 -1.294719
v -0.348907 1.756129 -1.315765
v -0.333589 1.760418 -1.303602
v -0.327862 1.779502 -1.305598
v -0.359073 2.049437 -1.294719
v -0.338028 2.039756 -1.284553
v -0.333589 2.035467 -1.303602
v -0.348907 2.039756 -1.315765
v -0.623017 2.311307 -1.336787
v -0.623017 2.586356 -1.336787
v -0.572373 2.297337 -1.397755
v -0.602136 2.330391 -1.412132
v -0.581256 2.311307 -1.423239
v -0.583253 2.330391 -1.428967
v -0.562207 2.307018 -1.418800
v -0.572373 2.600326 -1.397755
v -0.602136 2.567273 -1.412132
v -0.562207 2.590646 -1.418800
v -0.581256 2.586356 -1.423239
v -0.583253 2.567273 -1.428967
v -0.375350 2.311307 -1.217150
v -0.375350 2.586356 -1.217150
v -0.359073 2.297337 -1.294719
v -0.329310 2.330391 -1.280342
v -0.348907 2.307018 -1.315765
v -0.333589 2.311307 -1.303602
v -0.327862 2.330391 -1.305598
v -0.359073 2.600326 -1.294719
v -0.329310 2.567273 -1.280342
v -0.333589 2.586356 -1.303602
v -0.327862 2.567273 -1.305598
v -0.348907 2.590646 -1.315765
v -0.126971 0.658640 -1.097169
v -0.126971 0.933689 -1.097169
v -0.076327 0.644670 -1.158137
v -0.085210 0.658640 -1.183621
v -0.087206 0.677723 -1.189349
v -0.066161 0.654351 -1.179183
v -0.085210 0.933689 -1.183621
v -0.097372 0.937978 -1.168303
v 0.120696 0.658640 -0.977533
v 0.120696 0.933689 -0.977533
v 0.136973 0.644670 -1.055101
v 0.147139 0.654351 -1.076147
v 0.162457 0.658640 -1.063984
v 0.168185 0.677723 -1.065981
v 0.158019 0.937978 -1.044935
v 0.162457 0.933689 -1.063984
v 0.147139 0.937978 -1.076147
v -0.126971 1.209529 -1.097169
v -0.126971 1.484578 -1.097169
v -0.076327 1.195559 -1.158137
v -0.085210 1.209529 -1.183621
v -0.087206 1.228612 -1.189349
v -0.066161 1.205240 -1.179183
v -0.076327 1.498548 -1.158137
v -0.066161 1.488867 -1.179183
v -0.085210 1.484578 -1.183621
v -0.097372 1.488867 -1.168303
v 0.120696 1.209529 -0.977533
v 0.120696 1.484578 -0.977533
v 0.136973 1.195559 -1.055101
v 0.147139 1.205240 -1.076147
v 0.162457 1.209529 -1.063984
v 0.168185 1.228612 -1.065981
v 0.136973 1.498548 -1.055101
v 0.158019 1.488867 -1.044935
v 0.162457 1.484578 -1.063984
v 0.147139 1.488867 -1.076147
v -0.126971 1.760418 -1.097169
v -0.126971 2.035467 -1.097169
v -0.076327 1.746448 -1.158137
v -0.085210 1.760418 -1.183621
v -0.087206 1.779502 -1.189349
v -0.066161 1.756129 -1.179183
v -0.076327 2.049437 -1.158137
v -0.066161 2.039756 -1.179183
v -0.085210 2.035467 -1.183621
v -0.097372 2.039756 -1.168303
v 0.120696 1.760418 -0.977533
v 0.120696 2.035467 -0.977533
v 0.136973 1.746448 -1.055101
v 0.147139 1.756129 -1.076147
v 0.162457 1.760418 -1.063984
v 0.168185 1.779502 -1.065981
v 0.136973 2.049437 -1.055101
v 0.158019 2.039756 -1.044935
v 0.162457 2.035467 -1.063984
v 0.147139 2.039756 -1.076147
v -0.126971 2.311307 -1.097169
v -0.126971 2.586356 -1.097169
v -0.076327 2.297337 -1.158137
v -0.106090 2.330391 -1.172514
v -0.085210 2.311307 -1.183621
v -0.087206 2.330391 -1.189349
v -0.066161 2.307018 -1.179183
v -0.076327 2.600326 -1.158137
v -0.106090 2.567273 -1.172514
v -0.066161 2.590646 -1.179183
v -0.085210 2.586356 -1.183621
v -0.087206 2.567273 -1.189349
v 0.120696 2.311307 -0.977533
v 0.120696 2.586356 -0.977533
v 0.136973 2.297337 -1.055101
v 0.166736 2.330391 -1.040724
v 0.147139 2.307018 -1.076147
v 0.162457 2.311307 -1.063984
v 0.168185 2.330391 -1.065981
v 0.136973 2.600326 -1.055101
v 0.166736 2.567273 -1.040724
v 0.162457 2.586356 -1.063984
v 0.168185 2.567273 -1.065981
v 0.147139 2.590646 -1.076147
v 0.369076 0.658640 -0.857552
v 0.369076 0.933689 -0.857552
v 0.419720 0.644670 -0.918519
v 0.410837 0.658640 -0.944003
v 0.408840 0.677723 -0.949731
v 0.429886 0.654351 -0.939565
v 0.429886 0.937978 -0.939565
v 0.410837 0.933689 -0.944003
v 0.398674 0.937978 -0.928685
v 0.616743 0.658640 -0.737915
v 0.616743 0.933689 -0.737915
v 0.633020 0.644670 -0.815483
v 0.662783 0.677723 -0.801106
v 0.643186 0.654351 -0.836529
v 0.658504 0.658640 -0.824367
v 0.664231 0.677723 -0.826363
v 0.662783 0.914606 -0.801106
v 0.654065 0.937978 -0.805317
v 0.658504 0.933689 -0.824367
v 0.664231 0.914606 -0.826363
v 0.369076 1.209529 -0.857552
v 0.369076 1.484578 -0.857552
v 0.419720 1.195559 -0.918519
v 0.410837 1.209529 -0.944003
v 0.408840 1.228612 -0.949731
v 0.429886 1.205240 -0.939565
v 0.419720 1.498548 -0.918519
v 0.429886 1.488867 -0.939565
v 0.410837 1.484578 -0.944003
v 0.398674 1.488867 -0.928685
v 0.616743 1.209529 -0.737915
v 0.616743 1.484578 -0.737915
v 0.633020 1.195559 -0.815483
v 0.643186 1.205240 -0.836529
v 0.658504 1.209529 -0.824367
v 0.664231 1.228612 -0.826363
v 0.633020 1.498548 -0.815483
v 0.654065 1.488867 -0.805317
v 0.658504 1.484578 -0.824367
v 0.643186 1.488867 -0.836529
v 0.369076 1.760418 -0.857552
v 0.369076 2.035467 -0.857552
v 0.419720 1.746448 -0.918519
v 0.410837 1.760418 -0.944003
v 0.408840 1.779502 -0.949731
v 0.429886 1.756129 -0.939565
v 0.419720 2.049437 -0.918519
v 0.429886 2.039756 -0.939565
v 0.410837 2.035467 -0.944003
v 0.398674 2.039756 -0.928685
v 0.616743 1.760418 -0.737915
v 0.616743 2.035467 -0.737915
v 0.633020 1.746448 -0.815483
v 0.643186 1.756129 -0.836529
v 0.658504 1.760418 -0.824367
v 0.664231 1.779502 -0.826363
v 0.633020 2.049437 -0.815483
v 0.654065 2.039756 -0.805317
v 0.658504 2.035467 -0.824367
v 0.643186 2.039756 -0.836529
v 0.369076 2.311307 -0.857552
v 0.369076 2.586356 -0.857552
v 0.419720 2.297337 -0.918519
v 0.389957 2.330391 -0.932896
v 0.410837 2.311307 -0.944003
v 0.408840 2.330391 -0.949731
v 0.429886 2.307018 -0.939565
v 0.419720 2.600326 -0.918519
v 0.389957 2.567273 -0.932896
v 0.429886 2.590646 -0.939565
v 0.410837 2.586356 -0.944003
v 0.408840 2.567273 -0.949731
v 0.616743 2.311307 -0.737915
v 0.616743 2.586356 -0.737915
v 0.633020 2.297337 -0.815483
v 0.662783 2.330391 -0.801106
v 0.643186 2.307018 -0.836529
v 0.658504 2.311307 -0.824367
v 0.664231 2.330391 -0.826363
v 0.633020 2.600326 -0.815483
v 0.662783 2.567273 -0.801106
v 0.658504 2.586356 -0.824367
v 0.664231 2.567273 -0.826363
v 0.643186 2.590646 -0.836529
v 0.865122 0.658640 -0.617934
v 0.869561 0.654351 -0.636983
v 0.865122 0.933689 -0.617934
v 0.859395 0.914606 -0.615937
v 0.915766 0.644670 -0.678901
v 0.906883 0.658640 -0.704386
v 0.925932 0.654351 -0.699947
v 0.915766 0.947659 -0.678901
v 0.925933 0.937978 -0.699947
v 0.906883 0.933689 -0.704386
v 1.112790 0.658640 -0.498297
v 1.112790 0.933689 -0.498297
v 1.129066 0.644670 -0.575866
v 1.139233 0.654351 -0.596911
v 1.154551 0.658640 -0.584749
v 1.160278 0.677723 -0.586745
v 1.129066 0.947659 -0.575866
v 1.150112 0.937978 -0.565700
v 1.154551 0.933689 -0.584749
v 1.139233 0.937978 -0.596911
v 0.865122 1.209529 -0.617934
v 0.865122 1.484578 -0.617934
v 0.915766 1.195559 -0.678901
v 0.894721 1.205240 -0.689067
v 0.906883 1.209529 -0.704386
v 0.925932 1.205240 -0.699947
v 0.915766 1.498548 -0.678901
v 0.925933 1.488867 -0.699947
v 0.906883 1.484578 -0.704386
v 0.904887 1.465495 -0.710113
v 1.112790 1.209529 -0.498297
v 1.112790 1.484578 -0.498297
v 1.129066 1.195559 -0.575866
v 1.139233 1.205240 -0.596911
v 1.154551 1.209529 -0.584749
v 1.160278 1.228612 -0.586745
v 1.129066 1.498548 -0.575866
v 1.150112 1.488867 -0.565700
v 1.154551 1.484578 -0.584749
v 1.139233 1.488867 -0.596911
v 0.865122 1.760418 -0.617934
v 0.865122 2.035467 -0.617934
v 0.915766 1.746448 -0.678901
v 0.906883 1.760418 -0.704386
v 0.904887 1.779502 -0.710113
v 0.925932 1.756129 -0.699947
v 0.915766 2.049437 -0.678901
v 0.925933 2.039756 -0.699947
v 0.906883 2.035467 -0.704386
v 0.894721 2.039756 -0.689067
v 1.112790 1.760418 -0.498297
v 1.112790 2.035467 -0.498297
v 1.129066 1.746448 -0.575866
v 1.139233 1.756129 -0.596911
v 1.154551 1.760418 -0.584749
v 1.160278 1.779502 -0.586745
v 1.129066 2.049437 -0.575866
v 1.150112 2.039756 -0.565700
v 1.154551 2.035467 -0.584749
v 1.139233 2.039756 -0.596911
v 0.865122 2.311307 -0.617934
v 0.865122 2.586356 -0.617934
v 0.915766 2.297337 -0.678901
v 0.886004 2.330391 -0.693278
v 0.906883 2.311307 -0.704386
v 0.904887 2.330391 -0.710113
v 0.925932 2.307018 -0.699947
v 0.915766 2.600326 -0.678901
v 0.886004 2.567273 -0.693278
v 0.925933 2.590646 -0.699947
v 0.906883 2.586356 -0.704386
v 0.904887 2.567273 -0.710113
v 1.112790 2.311307 -0.498297
v 1.112790 2.586356 -0.498297
v 1.129066 2.297337 -0.575866
v 1.158829 2.330391 -0.561489
v 1.139233 2.307018 -0.596911
v 1.154551 2.311307 -0.584749
v 1.160278 2.330391 -0.586745
v 1.129066 2.600326 -0.575866
v 1.158829 2.567273 -0.561489
v 1.154551 2.586356 -0.584749
v 1.160278 2.567273 -0.586745
v 1.139233 2.590646 -0.596911
v -1.695582 2.671942 0.927463
v -1.710967 2.671942 0.883324
v -1.691371 2.648570 0.918746
v -1.706689 2.652859 0.906584
v -1.702250 2.648570 0.887535
v -1.706689 2.748869 0.906584
v -1.607932 2.671942 0.670023
v -1.563792 2.671942 0.654638
v -1.599214 2.648570 0.674234
v -1.587052 2.652859 0.658916
v -1.568003 2.648570 0.663355
v -1.587052 2.748869 0.658916
v -1.438142 2.671942 1.015113
v -1.482282 2.671942 1.030499
v -1.446859 2.648570 1.010903
v -1.459021 2.652859 1.026221
v -1.478071 2.648570 1.021782
v -1.459022 2.748869 1.026221
v -1.350492 2.671942 0.757673
v -1.335106 2.671942 0.801813
v -1.354703 2.648570 0.766391
v -1.339385 2.652859 0.778553
v -1.343823 2.648570 0.797602
v -1.339385 2.748869 0.778553
v -1.455964 2.671942 0.431417
v -1.471350 2.671942 0.387277
v -1.451753 2.648570 0.422699
v -1.467071 2.652859 0.410537
v -1.462632 2.648570 0.391488
v -1.467071 2.748869 0.410537
v -1.368314 2.671942 0.173977
v -1.324174 2.671942 0.158591
v -1.359597 2.648570 0.178188
v -1.347434 2.652859 0.162870
v -1.328385 2.648570 0.167308
v -1.347434 2.748869 0.162870
v -1.198524 2.671942 0.519067
v -1.242664 2.671942 0.534452
v -1.207241 2.648570 0.514856
v -1.219404 2.652859 0.530174
v -1.238453 2.648570 0.525735
v -1.219404 2.748869 0.530174
v -1.110874 2.671942 0.261627
v -1.095488 2.671942 0.305767
v -1.115085 2.648570 0.270344
v -1.099767 2.652859 0.282507
v -1.104206 2.648570 0.301556
v -1.099767 2.748869 0.282507
v -1.216346 2.671942 -0.064630
v -1.231732 2.671942 -0.108770
v -1.212135 2.648570 -0.073347
v -1.227453 2.652859 -0.085510
v -1.223015 2.648570 -0.104559
v -1.227453 2.748869 -0.085510
v -1.128696 2.671942 -0.322070
v -1.084556 2.671942 -0.337455
v -1.119979 2.648570 -0.317859
v -1.107816 2.652859 -0.333177
v -1.088767 2.648570 -0.328738
v -1.107816 2.748869 -0.333177
v -0.958906 2.671942 0.023020
v -1.003046 2.671942 0.038406
v -0.967623 2.648570 0.018809
v -0.979786 2.652859 0.034127
v -0.998835 2.648570 0.029689
v -0.979786 2.748869 0.034127
v -0.871256 2.671942 -0.234420
v -0.855870 2.671942 -0.190280
v -0.875467 2.648570 -0.225702
v -0.860149 2.652859 -0.213540
v -0.864588 2.648570 -0.194491
v -0.860149 2.748869 -0.213540
v -0.976728 2.671942 -0.560676
v -0.992114 2.671942 -0.604816
v -0.972517 2.648570 -0.569394
v -0.987836 2.652859 -0.581556
v -0.983397 2.648570 -0.600605
v -0.987836 2.748869 -0.581556
v -0.889078 2.671942 -0.818116
v -0.844939 2.671942 -0.833502
v -0.880361 2.648570 -0.813905
v -0.868199 2.652859 -0.829223
v -0.849149 2.648570 -0.824785
v -0.868199 2.748869 -0.829223
v -0.719288 2.671942 -0.473026
v -0.763428 2.671942 -0.457641
v -0.728006 2.648570 -0.477237
v -0.740168 2.652859 -0.461919
v -0.759217 2.648570 -0.466358
v -0.740168 2.748869 -0.461919
v -0.631638 2.671942 -0.730466
v -0.616253 2.671942 -0.686326
v -0.635849 2.648570 -0.721749
v -0.620531 2.652859 -0.709587
v -0.624970 2.648570 -0.690537
v -0.620531 2.748869 -0.709587
v -1.199535 2.671942 1.167081
v -1.214921 2.671942 1.122941
v -1.195324 2.648570 1.158364
v -1.210642 2.652859 1.146201
v -1.206204 2.648570 1.127152
v -1.210642 2.748869 1.146201
v -1.111885 2.671942 0.909641
v -1.067745 2.671942 0.894255
v -1.103168 2.648570 0.913852
v -1.091005 2.652859 0.898534
v -1.071956 2.648570 0.902973
v -1.091005 2.748869 0.898534
v -0.942095 2.671942 1.254731
v -0.986235 2.671942 1.270117
v -0.950813 2.648570 1.250520
v -0.962975 2.652859 1.265838
v -0.982024 2.648570 1.261400
v -0.962975 2.748869 1.265838
v -0.854445 2.671942 0.997291
v -0.839060 2.671942 1.041431
v -0.858656 2.648570 1.006009
v -0.843338 2.652859 1.018171
v -0.847777 2.648570 1.037220
v -0.843338 2.748869 1.018171
v -0.959917 2.671942 0.671035
v -0.975303 2.671942 0.626895
v -0.955706 2.648570 0.662317
v -0.971024 2.652859 0.650155
v -0.966586 2.648570 0.631106
v -0.971024 2.748869 0.650155
v -0.872267 2.671942 0.413595
v -0.828128 2.671942 0.398209
v -0.863550 2.648570 0.417806
v -0.851388 2.652859 0.402488
v -0.832338 2.648570 0.406926
v -0.851388 2.748869 0.402488
v -0.702477 2.671942 0.758685
v -0.746617 2.671942 0.774070
v -0.711195 2.648570 0.754474
v -0.723357 2.652859 0.769792
v -0.742406 2.648570 0.765353
v -0.723357 2.748869 0.769792
v -0.614828 2.671942 0.501245
v -0.599442 2.671942 0.545385
v -0.619038 2.648570 0.509962
v -0.603720 2.652859 0.522125
v -0.608159 2.648570 0.541174
v -0.603720 2.748869 0.522125
v -0.720299 2.671942 0.174988
v -0.735685 2.671942 0.130848
v -0.716089 2.648570 0.166271
v -0.731407 2.652859 0.154108
v -0.726968 2.648570 0.135059
v -0.731407 2.748869 0.154108
v -0.632650 2.671942 -0.082452
v -0.588510 2.671942 -0.097838
v -0.623932 2.648570 -0.078241
v -0.611770 2.652859 -0.093559
v -0.592721 2.648570 -0.089120
v -0.611770 2.748869 -0.093559
v -0.462860 2.671942 0.262638
v -0.506999 2.671942 0.278024
v -0.471577 2.648570 0.258427
v -0.483739 2.652859 0.273745
v -0.502789 2.648570 0.269306
v -0.483739 2.748869 0.273745
v -0.375210 2.671942 0.005198
v -0.359824 2.671942 0.049338
v -0.379421 2.648570 0.013915
v -0.364103 2.652859 0.026078
v -0.368541 2.648570 0.045127
v -0.364103 2.748869 0.026078
v -0.480682 2.671942 -0.321059
v -0.496067 2.671942 -0.365198
v -0.476471 2.648570 -0.329776
v -0.491789 2.652859 -0.341938
v -0.487350 2.648570 -0.360987
v -0.491789 2.748869 -0.341938
v -0.393032 2.671942 -0.578498
v -0.348892 2.671942 -0.593884
v -0.384314 2.648570 -0.574288
v -0.372152 2.652859 -0.589606
v -0.353103 2.648570 -0.585167
v -0.372152 2.748869 -0.589606
v -0.223242 2.671942 -0.233409
v -0.267382 2.671942 -0.218023
v -0.231959 2.648570 -0.237620
v -0.244122 2.652859 -0.222301
v -0.263171 2.648570 -0.226740
v -0.244122 2.748869 -0.222301
v -0.135592 2.671942 -0.490848
v -0.120206 2.671942 -0.446709
v -0.139803 2.648570 -0.482131
v -0.124485 2.652859 -0.469969
v -0.128923 2.648570 -0.450920
v -0.124485 2.748869 -0.469969
v -0.703489 2.671942 1.406699
v -0.718874 2.671942 1.362559
v -0.699278 2.648570 1.397982
v -0.714596 2.652859 1.385819
v -0.710157 2.648570 1.366770
v -0.714596 2.748869 1.385819
v -0.615839 2.671942 1.149259
v -0.571699 2.671942 1.133873
v -0.607121 2.648570 1.153470
v -0.594959 2.652859 1.138152
v -0.575910 2.648570 1.142591
v -0.594959 2.748869 1.138152
v -0.446049 2.671942 1.494349
v -0.490189 2.671942 1.509735
v -0.454766 2.648570 1.490138
v -0.466929 2.652859 1.505456
v -0.485978 2.648570 1.501017
v -0.466929 2.748869 1.505456
v -0.358399 2.671942 1.236909
v -0.343013 2.671942 1.281049
v -0.362610 2.648570 1.245626
v -0.347292 2.652859 1.257789
v -0.351730 2.648570 1.276838
v -0.347292 2.748869 1.257789
v -0.463871 2.671942 0.910652
v -0.479256 2.671942 0.866513
v -0.459660 2.648570 0.901935
v -0.474978 2.652859 0.889773
v -0.470539 2.648570 0.870723
v -0.474978 2.748869 0.889773
v -0.376221 2.671942 0.653213
v -0.332081 2.671942 0.637827
v -0.367503 2.648570 0.657423
v -0.355341 2.652859 0.642105
v -0.336292 2.648570 0.646544
v -0.355341 2.748869 0.642105
v -0.206431 2.671942 0.998302
v -0.250571 2.671942 1.013688
v -0.215148 2.648570 0.994091
v -0.227311 2.652859 1.009409
v -0.246360 2.648570 1.004971
v -0.227311 2.748869 1.009409
v -0.118781 2.671942 0.740862
v -0.103395 2.671942 0.785002
v -0.122992 2.648570 0.749580
v -0.107674 2.652859 0.761742
v -0.112113 2.648570 0.780791
v -0.107674 2.748869 0.761742
v -0.224253 2.671942 0.414606
v -0.239639 2.671942 0.370466
v -0.220042 2.648570 0.405888
v -0.235360 2.652859 0.393726
v -0.230921 2.648570 0.374677
v -0.235360 2.748869 0.393726
v -0.136603 2.671942 0.157166
v -0.092463 2.671942 0.141780
v -0.127886 2.648570 0.161377
v -0.115723 2.652859 0.146059
v -0.096674 2.648570 0.150498
v -0.115723 2.748869 0.146059
v 0.033187 2.671942 0.502256
v -0.010953 2.671942 0.517642
v 0.024470 2.648570 0.498045
v 0.012307 2.652859 0.513363
v -0.006742 2.648570 0.508924
v 0.012307 2.748869 0.513363
v 0.120837 2.671942 0.244816
v 0.136223 2.671942 0.288956
v 0.116626 2.648570 0.253533
v 0.131944 2.652859 0.265696
v 0.127505 2.648570 0.284745
v 0.131944 2.748869 0.265696
v 0.015365 2.671942 -0.081441
v -0.000021 2.671942 -0.125581
v 0.019576 2.648570 -0.090158
v 0.004258 2.652859 -0.102320
v 0.008696 2.648570 -0.121370
v 0.004258 2.748869 -0.102320
v 0.103015 2.671942 -0.338881
v 0.147155 2.671942 -0.354266
v 0.111732 2.648570 -0.334670
v 0.123895 2.652859 -0.349988
v 0.142944 2.648570 -0.345549
v 0.123895 2.748869 -0.349988
v 0.272805 2.671942 0.006209
v 0.228665 2.671942 0.021595
v 0.264087 2.648570 0.001998
v 0.251925 2.652859 0.017316
v 0.232876 2.648570 0.012878
v 0.251925 2.748869 0.017316
v 0.360455 2.671942 -0.251231
v 0.375840 2.671942 -0.207091
v 0.356244 2.648570 -0.242514
v 0.371562 2.652859 -0.230351
v 0.367123 2.648570 -0.211302
v 0.371562 2.748869 -0.230351
v -0.207442 2.671942 1.646317
v -0.222828 2.671942 1.602177
v -0.203231 2.648570 1.637599
v -0.218549 2.652859 1.625437
v -0.214110 2.648570 1.606388
v -0.218549 2.748869 1.625437
v -0.119792 2.671942 1.388877
v -0.075652 2.671942 1.373491
v -0.111075 2.648570 1.393088
v -0.098912 2.652859 1.377770
v -0.079863 2.648570 1.382208
v -0.098912 2.748869 1.377770
v 0.049998 2.671942 1.733967
v 0.005858 2.671942 1.749352
v 0.041281 2.648570 1.729756
v 0.029118 2.652859 1.745074
v 0.010069 2.648570 1.740635
v 0.029118 2.748869 1.745074
v 0.137648 2.671942 1.476527
v 0.153034 2.671942 1.520667
v 0.133437 2.648570 1.485244
v 0.148755 2.652859 1.497406
v 0.144316 2.648570 1.516456
v 0.148755 2.748869 1.497407
v 0.032176 2.671942 1.150270
v 0.016790 2.671942 1.106130
v 0.036387 2.648570 1.141553
v 0.021069 2.652859 1.129390
v 0.025507 2.648570 1.110341
v 0.021069 2.748869 1.129390
v 0.119826 2.671942 0.892830
v 0.163966 2.671942 0.877445
v 0.128543 2.648570 0.897041
v 0.140705 2.652859 0.881723
v 0.159755 2.648570 0.886162
v 0.140706 2.748869 0.881723
v 0.289616 2.671942 1.237920
v 0.245476 2.671942 1.253306
v 0.280899 2.648570 1.233709
v 0.268736 2.652859 1.249027
v 0.249687 2.648570 1.244588
v 0.268736 2.748869 1.249027
v 0.377266 2.671942 0.980480
v 0.392651 2.671942 1.024620
v 0.373055 2.648570 0.989198
v 0.388373 2.652859 1.001360
v 0.383934 2.648570 1.020409
v 0.388373 2.748869 1.001360
v 0.271794 2.671942 0.654224
v 0.256408 2.671942 0.610084
v 0.276005 2.648570 0.645506
v 0.260687 2.652859 0.633344
v 0.265125 2.648570 0.614295
v 0.260687 2.748869 0.633344
v 0.359444 2.671942 0.396784
v 0.403583 2.671942 0.381398
v 0.368161 2.648570 0.400995
v 0.380323 2.652859 0.385677
v 0.399372 2.648570 0.390115
v 0.380323 2.748869 0.385677
v 0.529234 2.671942 0.741874
v 0.485094 2.671942 0.757259
v 0.520516 2.648570 0.737663
v 0.508354 2.652859 0.752981
v 0.489305 2.648570 0.748542
v 0.508354 2.748869 0.752981
v 0.616883 2.671942 0.484434
v 0.632269 2.671942 0.528574
v 0.612673 2.648570 0.493151
v 0.627991 2.652859 0.505314
v 0.623552 2.648570 0.524363
v 0.627991 2.748869 0.505314
v 0.511411 2.671942 0.158177
v 0.496026 2.671942 0.114037
v 0.515622 2.648570 0.149460
v 0.500304 2.652859 0.137297
v 0.504743 2.648570 0.118248
v 0.500304 2.748869 0.137297
v 0.599061 2.671942 -0.099263
v 0.643201 2.671942 -0.114649
v 0.607779 2.648570 -0.095052
v 0.619941 2.652859 -0.110370
v 0.638990 2.648570 -0.105931
v 0.619941 2.748869 -0.110370
v 0.768851 2.671942 0.245827
v 0.724711 2.671942 0.261213
v 0.760134 2.648570 0.241616
v 0.747972 2.652859 0.256934
v 0.728922 2.648570 0.252495
v 0.747972 2.748869 0.256934
v 0.856501 2.671942 -0.011613
v 0.871887 2.671942 0.032527
v 0.852290 2.648570 -0.002896
v 0.867608 2.652859 0.009267
v 0.863170 2.648570 0.028316
v 0.867608 2.748869 0.009267
v -2.169962 1.664919 1.331049
v -2.179250 1.686273 1.350278
v -2.189190 1.686273 1.321761
v -2.179250 2.178473 1.350278
v -2.169962 2.199827 1.331049
v -2.189190 2.178473 1.321761
v -1.746207 1.664919 0.453809
v -1.765435 1.686273 0.444521
v -1.736918 1.686273 0.434581
v -1.746207 2.199827 0.453809
v -1.736918 2.178473 0.434581
v -1.765435 2.178473 0.444521
v -0.015402 1.664919 2.371820
v 0.003826 1.686273 2.381109
v -0.024690 1.686273 2.391049
v -0.015402 2.199827 2.371820
v -0.024690 2.178473 2.391049
v 0.003826 2.178473 2.381109
v 0.408353 1.664919 1.494580
v 0.417642 1.686273 1.475352
v 0.427581 1.686273 1.503869
v 0.408353 2.199827 1.494580
v 0.427581 2.178473 1.503869
v 0.417642 2.178473 1.475352
v -1.718252 1.582286 0.623910
v -1.727540 1.603640 0.643138
v -1.737480 1.603640 0.614622
v -1.727540 2.095840 0.643138
v -1.718252 2.117194 0.623910
v -1.737480 2.095840 0.614622
v -1.294496 1.582286 -0.253330
v -1.313725 1.603640 -0.262618
v -1.285208 1.603640 -0.272558
v -1.294497 2.117194 -0.253330
v -1.285208 2.095840 -0.272558
v -1.313725 2.095840 -0.262618
v 0.257731 1.582286 1.578419
v 0.276960 1.603640 1.587707
v 0.248443 1.603640 1.597647
v 0.257732 2.117194 1.578419
v 0.248443 2.095840 1.597647
v 0.276960 2.095840 1.587707
v 0.681487 1.582286 0.701179
v 0.690775 1.603640 0.681950
v 0.700715 1.603640 0.710467
v 0.681487 2.117194 0.701179
v 0.700715 2.095840 0.710467
v 0.690775 2.095840 0.681950
v -1.266542 1.499653 -0.083229
v -1.275830 1.521007 -0.064001
v -1.285770 1.521007 -0.092517
v -1.275830 2.013206 -0.064001
v -1.266542 2.034561 -0.083229
v -1.285770 2.013206 -0.092517
v -0.842786 1.499653 -0.960469
v -0.862014 1.521007 -0.969757
v -0.833498 1.521007 -0.979697
v -0.842786 2.034561 -0.960469
v -0.833498 2.013206 -0.979698
v -0.862015 2.013206 -0.969758
v 0.530865 1.499653 0.785017
v 0.550093 1.521007 0.794306
v 0.521577 1.521007 0.804245
v 0.530865 2.034561 0.785017
v 0.521577 2.013206 0.804246
v 0.550093 2.013206 0.794306
v 0.954620 1.499653 -0.092223
v 0.963909 1.521007 -0.111451
v 0.973849 1.521007 -0.082935
v 0.954620 2.034561 -0.092223
v 0.973848 2.013206 -0.082935
v 0.963909 2.013206 -0.111451
v -1.811826 2.140062 -0.094266
v -1.821114 2.161416 -0.075038
v -1.831054 2.161416 -0.103554
v -1.821114 2.529665 -0.075038
v -1.811826 2.551019 -0.094266
v -1.831054 2.529665 -0.103554
v -1.453965 2.140062 -0.835093
v -1.473194 2.161416 -0.844382
v -1.444677 2.161416 -0.854322
v -1.453965 2.551019 -0.835093
v -1.444677 2.529665 -0.854322
v -1.473194 2.529665 -0.844382
v -1.264457 2.140062 0.170144
v -1.245228 2.161416 0.179432
v -1.273745 2.161416 0.189372
v -1.264457 2.551019 0.170144
v -1.273745 2.529665 0.189372
v -1.245228 2.529665 0.179432
v -0.906596 2.140062 -0.570684
v -0.897308 2.161416 -0.589912
v -0.887368 2.161416 -0.561395
v -0.906596 2.551019 -0.570684
v -0.887368 2.529665 -0.561395
v -0.897308 2.529665 -0.589912
v -2.057957 1.155802 0.895985
v -2.057957 1.469444 0.895985
v -1.753801 1.155802 0.266335
v -1.753801 1.469444 0.266335
v -1.619284 1.155802 1.107888
v -1.619284 1.469444 1.107888
v -1.315128 1.155802 0.478238
v -1.315128 1.469444 0.478238
v 0.331095 2.140062 0.940883
v 0.321807 2.161416 0.960111
v 0.311867 2.161416 0.931595
v 0.321807 2.529665 0.960111
v 0.331095 2.551019 0.940883
v 0.311867 2.529665 0.931595
v 0.688956 2.140062 0.200056
v 0.669727 2.161416 0.190767
v 0.698244 2.161416 0.180827
v 0.688956 2.551019 0.200056
v 0.698244 2.529665 0.180827
v 0.669727 2.529665 0.190767
v 0.878465 2.140062 1.205292
v 0.897693 2.161416 1.214581
v 0.869176 2.161416 1.224521
v 0.878465 2.551019 1.205292
v 0.869176 2.529665 1.224521
v 0.897693 2.529665 1.214581
v 1.236325 2.140062 0.464465
v 1.245613 2.161416 0.445237
v 1.255553 2.161416 0.473753
v 1.236325 2.551019 0.464465
v 1.255553 2.529665 0.473753
v 1.245613 2.529665 0.445237
v -0.182901 1.155802 1.801741
v -0.182901 1.469444 1.801741
v 0.121255 1.155802 1.172090
v 0.121255 1.469444 1.172090
v 0.255772 1.155802 2.013644
v 0.255772 1.469444 2.013644
v 0.559928 1.155802 1.383993
v 0.559928 1.469444 1.383993
v -1.577542 0.697420 0.959541
v -1.586830 0.718775 0.978770
v -1.596770 0.718775 0.950253
v -1.586830 1.148999 0.978770
v -1.577542 1.170353 0.959541
v -1.596770 1.148999 0.950253
v -0.626627 0.697420 -1.009001
v -0.645855 0.718775 -1.018290
v -0.617339 0.718775 -1.028230
v -0.626627 1.170353 -1.009001
v -0.617339 1.148999 -1.028230
v -0.645855 1.148999 -1.018290
v -0.092644 0.697420 1.676828
v -0.073416 0.718775 1.686117
v -0.101933 0.718775 1.696057
v -0.092644 1.170353 1.676828
v -0.101933 1.148999 1.696057
v -0.073416 1.148999 1.686117
v 0.858270 0.697420 -0.291714
v 0.867558 0.718775 -0.310943
v 0.877499 0.718775 -0.282426
v 0.858270 1.170353 -0.291714
v 0.877499 1.148999 -0.282426
v 0.867558 1.148999 -0.310943
v -1.345803 2.056487 -0.617664
v -1.369511 2.110993 -0.568585
v -1.394882 2.110993 -0.641372
v -1.369511 4.714783 -0.568585
v -1.345803 4.769288 -0.617664
v -1.394882 4.714783 -0.641372
v -0.309091 2.056487 -2.763821
v -0.358171 2.110993 -2.787529
v -0.285383 2.110993 -2.812900
v -0.309091 4.769288 -2.763821
v -0.285383 4.714783 -2.812900
v -0.358171 4.714783 -2.787529
v 0.998772 2.056487 0.514895
v 1.047852 2.110993 0.538603
v 0.975064 2.110993 0.563974
v 0.998772 4.769288 0.514895
v 0.975064 4.714783 0.563974
v 1.047852 4.714783 0.538603
v 2.035484 2.056487 -1.631262
v 2.059192 2.110993 -1.680341
v 2.084563 2.110993 -1.607554
v 2.035484 4.769288 -1.631262
v 2.084564 4.714783 -1.607554
v 2.059192 4.714783 -1.680341
v 1.095581 2.261728 0.516618
v 1.095581 2.536776 0.516618
v 1.215218 2.261728 0.268951
v 1.215218 2.536776 0.268951
v 1.173150 2.247757 0.532895
v 1.194195 2.257438 0.543061
v 1.182033 2.261728 0.558379
v 1.184029 2.280811 0.564106
v 1.173150 2.550746 0.532895
v 1.162984 2.541065 0.553940
v 1.182033 2.536776 0.558379
v 1.194195 2.541065 0.543061
v 1.276186 2.247757 0.319595
v 1.301670 2.261728 0.310712
v 1.307397 2.280811 0.308715
v 1.297231 2.257438 0.329761
v 1.276186 2.550746 0.319595
v 1.297231 2.541065 0.329761
v 1.301670 2.536776 0.310712
v 1.286352 2.541065 0.298549
v 1.095581 2.937485 0.516618
v 1.095581 3.212533 0.516618
v 1.215218 2.937485 0.268951
v 1.215218 3.212533 0.268951
v 1.173150 2.923515 0.532895
v 1.158773 2.956568 0.562657
v 1.194195 2.933196 0.543061
v 1.182033 2.937485 0.558379
v 1.184029 2.956568 0.564106
v 1.173150 3.226503 0.532895
v 1.158773 3.193450 0.562657
v 1.182033 3.212533 0.558379
v 1.184029 3.193450 0.564106
v 1.194195 3.216822 0.543061
v 1.276186 2.923515 0.319595
v 1.290563 2.956568 0.289832
v 1.301670 2.937485 0.310712
v 1.307397 2.956568 0.308715
v 1.297231 2.933196 0.329761
v 1.276186 3.226503 0.319595
v 1.290563 3.193450 0.289832
v 1.297231 3.216822 0.329761
v 1.301670 3.212533 0.310712
v 1.307397 3.193450 0.308715
v 1.095581 3.613242 0.516618
v 1.095581 3.888291 0.516618
v 1.215218 3.613242 0.268951
v 1.215218 3.888291 0.268951
v 1.173150 3.599272 0.532895
v 1.158773 3.632326 0.562657
v 1.194195 3.608954 0.543061
v 1.182033 3.613242 0.558379
v 1.184029 3.632326 0.564106
v 1.158773 3.869208 0.562657
v 1.182033 3.888291 0.558379
v 1.184029 3.869208 0.564106
v 1.194195 3.892580 0.543061
v 1.276186 3.599272 0.319595
v 1.290563 3.632326 0.289832
v 1.301670 3.613242 0.310712
v 1.307397 3.632326 0.308715
v 1.297231 3.608954 0.329761
v 1.290563 3.869208 0.289832
v 1.301670 3.888291 0.310712
v 1.307397 3.869208 0.308715
v 1.286352 3.892580 0.298549
v 1.095581 4.289000 0.516618
v 1.095581 4.564048 0.516618
v 1.215218 4.289000 0.268951
v 1.215218 4.564048 0.268951
v 1.158773 4.308083 0.562657
v 1.194195 4.284711 0.543061
v 1.182033 4.289000 0.558379
v 1.184029 4.308083 0.564106
v 1.173150 4.578018 0.532895
v 1.158773 4.544965 0.562657
v 1.182033 4.564048 0.558379
v 1.184029 4.544965 0.564106
v 1.194195 4.568337 0.543061
v 1.290563 4.308083 0.289832
v 1.286352 4.284711 0.298549
v 1.301670 4.289000 0.310712
v 1.307397 4.308083 0.308715
v 1.276186 4.578018 0.319595
v 1.290563 4.544965 0.289832
v 1.297231 4.568337 0.329761
v 1.301670 4.564048 0.310712
v 1.307397 4.544965 0.308715
v 1.389512 2.261728 -0.091866
v 1.389512 2.536776 -0.091866
v 1.509149 2.261728 -0.339533
v 1.509149 2.536776 -0.339533
v 1.488126 2.257438 -0.065423
v 1.475964 2.261728 -0.050105
v 1.477960 2.280811 -0.044377
v 1.456915 2.541065 -0.054543
v 1.475964 2.536776 -0.050105
v 1.488126 2.541065 -0.065423
v 1.580283 2.257438 -0.309935
v 1.595601 2.261728 -0.297772
v 1.601328 2.280811 -0.299768
v 1.595601 2.536776 -0.297772
v 1.580283 2.541065 -0.309935
v 1.389512 2.937485 -0.091866
v 1.389512 3.212533 -0.091866
v 1.509149 2.937485 -0.339533
v 1.528198 2.933196 -0.335094
v 1.509149 3.212533 -0.339533
v 1.507153 3.193450 -0.345261
v 1.452704 2.956568 -0.045826
v 1.488126 2.933196 -0.065423
v 1.475964 2.937485 -0.050105
v 1.477960 2.956568 -0.044377
v 1.452704 3.193450 -0.045826
v 1.475964 3.212533 -0.050105
v 1.477960 3.193450 -0.044377
v 1.488126 3.216822 -0.065423
v 1.580283 2.933196 -0.309935
v 1.595601 2.937485 -0.297772
v 1.595601 3.212533 -0.297772
v 1.580283 3.216822 -0.309935
v 1.389512 3.613242 -0.091866
v 1.389512 3.888291 -0.091866
v 1.509149 3.613242 -0.339533
v 1.507153 3.632326 -0.345261
v 1.528198 3.892580 -0.335094
v 1.509149 3.888291 -0.339533
v 1.452704 3.632326 -0.045826
v 1.488126 3.608954 -0.065423
v 1.475964 3.613242 -0.050105
v 1.477960 3.632326 -0.044377
v 1.452704 3.869208 -0.045826
v 1.475964 3.888291 -0.050105
v 1.477960 3.869208 -0.044377
v 1.488126 3.892580 -0.065423
v 1.580283 3.608954 -0.309935
v 1.595601 3.613242 -0.297772
v 1.595601 3.888291 -0.297772
v 1.580283 3.892580 -0.309935
v 1.389512 4.289000 -0.091866
v 1.389512 4.564048 -0.091866
v 1.532409 4.308083 -0.343812
v 1.509149 4.289000 -0.339533
v 1.507153 4.308083 -0.345261
v 1.532409 4.544965 -0.343812
v 1.509149 4.564048 -0.339533
v 1.507153 4.544965 -0.345261
v 1.452704 4.308083 -0.045826
v 1.488126 4.284711 -0.065423
v 1.475964 4.289000 -0.050105
v 1.477960 4.308083 -0.044377
v 1.452704 4.544965 -0.045826
v 1.475964 4.564048 -0.050105
v 1.477960 4.544965 -0.044377
v 1.488126 4.568337 -0.065423
v 1.580283 4.284711 -0.309935
v 1.595601 4.289000 -0.297772
v 1.595601 4.564048 -0.297772
v 1.580283 4.568337 -0.309935
v 1.683443 2.261728 -0.700350
v 1.683443 2.536776 -0.700350
v 1.803080 2.261728 -0.948017
v 1.803080 2.536776 -0.948017
v 1.769895 2.261728 -0.658589
v 1.771891 2.280811 -0.652861
v 1.750846 2.257438 -0.663027
v 1.750846 2.541065 -0.663027
v 1.769895 2.536776 -0.658589
v 1.889532 2.261728 -0.906256
v 1.895259 2.280811 -0.908252
v 1.885093 2.257438 -0.887206
v 1.885093 2.541065 -0.887206
v 1.889532 2.536776 -0.906256
v 1.874214 2.541065 -0.918418
v 1.683443 2.937485 -0.700350
v 1.683443 3.212533 -0.700350
v 1.803080 2.937485 -0.948017
v 1.803080 3.212533 -0.948017
v 1.746635 2.956568 -0.654310
v 1.769895 2.937485 -0.658589
v 1.771891 2.956568 -0.652861
v 1.750846 2.933196 -0.663027
v 1.746635 3.193450 -0.654310
v 1.750846 3.216822 -0.663027
v 1.769895 3.212533 -0.658589
v 1.771891 3.193450 -0.652861
v 1.878425 2.956568 -0.927136
v 1.889532 2.937485 -0.906256
v 1.895259 2.956568 -0.908252
v 1.885093 2.933196 -0.887206
v 1.878425 3.193450 -0.927136
v 1.885093 3.216822 -0.887206
v 1.889532 3.212533 -0.906256
v 1.895259 3.193450 -0.908252
v 1.683443 3.613242 -0.700350
v 1.683443 3.888291 -0.700350
v 1.803080 3.613242 -0.948017
v 1.803080 3.888291 -0.948017
v 1.746635 3.632326 -0.654310
v 1.769895 3.613242 -0.658589
v 1.771891 3.632326 -0.652861
v 1.750846 3.608954 -0.663027
v 1.746635 3.869208 -0.654310
v 1.750846 3.892580 -0.663027
v 1.769895 3.888291 -0.658589
v 1.771891 3.869208 -0.652861
v 1.878425 3.632326 -0.927136
v 1.889532 3.613242 -0.906256
v 1.895259 3.632326 -0.908252
v 1.885093 3.608954 -0.887206
v 1.878425 3.869208 -0.927136
v 1.885093 3.892580 -0.887206
v 1.889532 3.888291 -0.906256
v 1.895259 3.869208 -0.908252
v 1.683443 4.289000 -0.700350
v 1.683443 4.564048 -0.700350
v 1.803080 4.289000 -0.948017
v 1.803080 4.564048 -0.948017
v 1.746635 4.308083 -0.654310
v 1.769895 4.289000 -0.658589
v 1.771891 4.308083 -0.652861
v 1.750846 4.284711 -0.663027
v 1.746635 4.544965 -0.654310
v 1.750846 4.568337 -0.663027
v 1.769895 4.564048 -0.658589
v 1.771891 4.544965 -0.652861
v 1.878425 4.308083 -0.927136
v 1.889532 4.289000 -0.906256
v 1.895259 4.308083 -0.908252
v 1.885093 4.284711 -0.887206
v 1.878425 4.544965 -0.927136
v 1.885093 4.568337 -0.887206
v 1.889532 4.564048 -0.906256
v 1.895259 4.544965 -0.908252
v 1.977374 2.261728 -1.308833
v 1.977374 2.536776 -1.308833
v 2.097011 2.261728 -1.556501
v 2.097011 2.536776 -1.556501
v 2.054944 2.247757 -1.292557
v 2.075989 2.257438 -1.282391
v 2.063826 2.261728 -1.267072
v 2.065823 2.280811 -1.261345
v 2.054944 2.550746 -1.292557
v 2.044777 2.541065 -1.271511
v 2.063826 2.536776 -1.267072
v 2.075989 2.541065 -1.282391
v 2.157979 2.247757 -1.505857
v 2.183463 2.261728 -1.514740
v 2.189190 2.280811 -1.516736
v 2.179025 2.257438 -1.495690
v 2.157979 2.550746 -1.505857
v 2.179025 2.541065 -1.495690
v 2.183463 2.536776 -1.514740
v 2.168145 2.541065 -1.526902
v 1.977374 2.937485 -1.308833
v 1.977374 3.212533 -1.308833
v 2.097011 2.937485 -1.556501
v 2.097011 3.212533 -1.556501
v 2.054944 2.923515 -1.292557
v 2.040566 2.956568 -1.262794
v 2.075989 2.933196 -1.282391
v 2.063826 2.937485 -1.267072
v 2.065823 2.956568 -1.261345
v 2.054944 3.226503 -1.292557
v 2.040566 3.193450 -1.262794
v 2.063826 3.212533 -1.267072
v 2.065823 3.193450 -1.261345
v 2.075989 3.216822 -1.282391
v 2.157979 2.923515 -1.505857
v 2.172356 2.956568 -1.535619
v 2.183463 2.937485 -1.514740
v 2.189190 2.956568 -1.516736
v 2.179025 2.933196 -1.495690
v 2.157979 3.226503 -1.505857
v 2.172356 3.193450 -1.535619
v 2.179025 3.216822 -1.495690
v 2.183463 3.212533 -1.514740
v 2.189190 3.193450 -1.516736
v 1.977374 3.613242 -1.308833
v 1.992692 3.892580 -1.296671
v 1.977374 3.888291 -1.308833
v 2.097011 3.613242 -1.556501
v 2.097011 3.888291 -1.556501
v 2.084849 3.892580 -1.541183
v 2.040566 3.632326 -1.262794
v 2.063826 3.613242 -1.267072
v 2.065823 3.632326 -1.261345
v 2.044777 3.608954 -1.271511
v 2.040566 3.869208 -1.262794
v 2.063826 3.888291 -1.267072
v 2.065823 3.869208 -1.261345
v 2.172356 3.632326 -1.535619
v 2.183463 3.613242 -1.514740
v 2.189190 3.632326 -1.516736
v 2.179025 3.608954 -1.495690
v 2.172356 3.869208 -1.535619
v 2.183463 3.888291 -1.514740
v 2.189190 3.869208 -1.516736
v 1.992692 4.284711 -1.296671
v 1.977374 4.289000 -1.308833
v 1.977374 4.564048 -1.308833
v 2.084849 4.284711 -1.541183
v 2.097011 4.289000 -1.556501
v 2.097011 4.564048 -1.556501
v 2.040566 4.308083 -1.262794
v 2.063826 4.289000 -1.267072
v 2.065823 4.308083 -1.261345
v 2.040566 4.544965 -1.262794
v 2.044777 4.568337 -1.271511
v 2.063826 4.564048 -1.267072
v 2.065823 4.544965 -1.261345
v 2.172356 4.308083 -1.535619
v 2.183463 4.289000 -1.514740
v 2.189190 4.308083 -1.516736
v 2.172356 4.544965 -1.535619
v 2.179025 4.568337 -1.495690
v 2.183463 4.564048 -1.514740
v 2.189190 4.544965 -1.516736
v -1.468298 2.247757 -0.743070
v -1.493782 2.261728 -0.734187
v -1.499509 2.280811 -0.732191
v -1.489343 2.257438 -0.753236
v -1.468298 2.550746 -0.743070
v -1.478464 2.541065 -0.722025
v -1.493782 2.536776 -0.734187
v -1.489343 2.541065 -0.753236
v -1.365262 2.247757 -0.956370
v -1.386308 2.257438 -0.966536
v -1.374145 2.261728 -0.981854
v -1.376142 2.280811 -0.987582
v -1.365262 2.550746 -0.956370
v -1.355096 2.541065 -0.977415
v -1.374145 2.536776 -0.981854
v -1.386308 2.541065 -0.966536
v -1.407330 2.261728 -0.692426
v -1.407330 2.536776 -0.692426
v -1.287693 2.261728 -0.940093
v -1.287693 2.536776 -0.940093
v -1.468298 2.923515 -0.743070
v -1.482675 2.956568 -0.713307
v -1.493782 2.937485 -0.734187
v -1.499509 2.956568 -0.732191
v -1.489343 2.933196 -0.753236
v -1.482675 3.193450 -0.713307
v -1.468298 3.226503 -0.743070
v -1.493782 3.212533 -0.734187
v -1.489343 3.216822 -0.753236
v -1.499509 3.193450 -0.732191
v -1.365262 2.923515 -0.956370
v -1.350885 2.956568 -0.986133
v -1.386308 2.933196 -0.966536
v -1.374145 2.937485 -0.981854
v -1.376142 2.956568 -0.987582
v -1.365262 3.226503 -0.956370
v -1.350885 3.193450 -0.986133
v -1.374145 3.212533 -0.981854
v -1.376142 3.193450 -0.987582
v -1.386308 3.216822 -0.966536
v -1.407330 2.937485 -0.692426
v -1.407330 3.212533 -0.692426
v -1.287693 2.937485 -0.940093
v -1.287693 3.212533 -0.940093
v -1.468298 3.599272 -0.743070
v -1.482675 3.632326 -0.713307
v -1.493782 3.613242 -0.734187
v -1.499509 3.632326 -0.732191
v -1.489343 3.608954 -0.753236
v -1.482675 3.869208 -0.713307
v -1.468298 3.902261 -0.743070
v -1.493782 3.888291 -0.734187
v -1.489343 3.892580 -0.753236
v -1.499509 3.869208 -0.732191
v -1.365262 3.599272 -0.956370
v -1.350885 3.632326 -0.986133
v -1.386308 3.608954 -0.966536
v -1.374145 3.613242 -0.981854
v -1.376142 3.632326 -0.987582
v -1.365262 3.902261 -0.956370
v -1.350885 3.869208 -0.986133
v -1.374145 3.888291 -0.981854
v -1.376142 3.869208 -0.987582
v -1.386308 3.892580 -0.966536
v -1.407330 3.613242 -0.692426
v -1.407330 3.888291 -0.692426
v -1.287693 3.613242 -0.940093
v -1.287693 3.888291 -0.940093
v -1.468298 4.275030 -0.743070
v -1.482675 4.308083 -0.713307
v -1.493782 4.289000 -0.734187
v -1.499509 4.308083 -0.732191
v -1.489343 4.284711 -0.753236
v -1.482675 4.544965 -0.713307
v -1.468298 4.578018 -0.743070
v -1.493782 4.564048 -0.734187
v -1.489343 4.568337 -0.753236
v -1.499509 4.544965 -0.732191
v -1.365262 4.275030 -0.956370
v -1.350885 4.308083 -0.986133
v -1.386308 4.284711 -0.966536
v -1.374145 4.289000 -0.981854
v -1.376142 4.308083 -0.987582
v -1.365262 4.578018 -0.956370
v -1.350885 4.544965 -0.986133
v -1.374145 4.564048 -0.981854
v -1.376142 4.544965 -0.987582
v -1.386308 4.568337 -0.966536
v -1.407330 4.289000 -0.692426
v -1.407330 4.564048 -0.692426
v -1.287693 4.289000 -0.940093
v -1.287693 4.564048 -0.940093
v -1.199851 2.261728 -1.342671
v -1.205578 2.280811 -1.340674
v -1.195412 2.257438 -1.361720
v -1.184533 2.541065 -1.330508
v -1.199851 2.536776 -1.342671
v -1.195412 2.541065 -1.361720
v -1.080214 2.261728 -1.590338
v -1.082210 2.280811 -1.596065
v -1.061165 2.257438 -1.585899
v -1.061165 2.541065 -1.585899
v -1.080214 2.536776 -1.590338
v -1.113399 2.261728 -1.300910
v -1.113399 2.536776 -1.300910
v -0.993762 2.261728 -1.548577
v -0.993762 2.536776 -1.548577
v -1.188744 2.956568 -1.321791
v -1.199851 2.937485 -1.342671
v -1.205578 2.956568 -1.340674
v -1.195412 2.933196 -1.361720
v -1.188744 3.193450 -1.321791
v -1.199851 3.212533 -1.342671
v -1.195412 3.216822 -1.361720
v -1.205578 3.193450 -1.340674
v -1.056954 2.956568 -1.594617
v -1.080214 2.937485 -1.590338
v -1.082210 2.956568 -1.596065
v -1.061165 2.933196 -1.585899
v -1.056954 3.193450 -1.594617
v -1.061165 3.216822 -1.585899
v -1.080214 3.212533 -1.590338
v -1.082210 3.193450 -1.596065
v -1.113399 2.937485 -1.300910
v -1.113399 3.212533 -1.300910
v -0.993762 2.937485 -1.548577
v -0.993762 3.212533 -1.548577
v -1.188744 3.632326 -1.321791
v -1.199851 3.613242 -1.342671
v -1.205578 3.632326 -1.340674
v -1.195412 3.608954 -1.361720
v -1.188744 3.869208 -1.321791
v -1.199851 3.888291 -1.342671
v -1.195412 3.892580 -1.361720
v -1.205578 3.869208 -1.340674
v -1.056954 3.632326 -1.594617
v -1.080214 3.613242 -1.590338
v -1.082210 3.632326 -1.596065
v -1.061165 3.608954 -1.585899
v -1.056954 3.869208 -1.594617
v -1.061165 3.892580 -1.585899
v -1.080214 3.888291 -1.590338
v -1.082210 3.869208 -1.596065
v -1.113399 3.613242 -1.300910
v -1.113399 3.888291 -1.300910
v -0.993762 3.613242 -1.548577
v -0.993762 3.888291 -1.548577
v -1.188744 4.308083 -1.321791
v -1.199851 4.289000 -1.342671
v -1.205578 4.308083 -1.340674
v -1.195412 4.284711 -1.361720
v -1.188744 4.544965 -1.321791
v -1.199851 4.564048 -1.342671
v -1.195412 4.568337 -1.361720
v -1.205578 4.544965 -1.340674
v -1.056954 4.308083 -1.594617
v -1.080214 4.289000 -1.590338
v -1.082210 4.308083 -1.596065
v -1.061165 4.284711 -1.585899
v -1.056954 4.544965 -1.594617
v -1.061165 4.568337 -1.585899
v -1.080214 4.564048 -1.590338
v -1.082210 4.544965 -1.596065
v -1.113399 4.289000 -1.300910
v -1.113399 4.564048 -1.300910
v -0.993762 4.289000 -1.548577
v -0.993762 4.564048 -1.548577
v -0.890602 2.257438 -1.938992
v -0.905920 2.261728 -1.951154
v -0.911647 2.280811 -1.949158
v -0.890602 2.541065 -1.938992
v -0.905920 2.536776 -1.951154
v -0.798445 2.257438 -2.183503
v -0.786283 2.261728 -2.198821
v -0.788279 2.280811 -2.204549
v -0.767234 2.541065 -2.194383
v -0.786283 2.536776 -2.198821
v -0.798445 2.541065 -2.183503
v -0.819468 2.261728 -1.909393
v -0.819468 2.536776 -1.909393
v -0.699831 2.261728 -2.157060
v -0.699831 2.536776 -2.157060
v -0.894813 2.956568 -1.930275
v -0.890602 2.933196 -1.938992
v -0.905920 2.937485 -1.951154
v -0.911647 2.956568 -1.949158
v -0.894813 3.193450 -1.930275
v -0.890602 3.216822 -1.938992
v -0.905920 3.212533 -1.951154
v -0.911647 3.193450 -1.949158
v -0.763023 2.956568 -2.203100
v -0.798445 2.933196 -2.183503
v -0.786283 2.937485 -2.198821
v -0.788279 2.956568 -2.204549
v -0.763023 3.193450 -2.203100
v -0.786283 3.212533 -2.198821
v -0.788279 3.193450 -2.204549
v -0.798445 3.216822 -2.183503
v -0.819468 2.937485 -1.909393
v -0.819468 3.212533 -1.909393
v -0.699831 2.937485 -2.157060
v -0.699831 3.212533 -2.157060
v -0.894813 3.632326 -1.930275
v -0.890602 3.608954 -1.938992
v -0.905920 3.613242 -1.951154
v -0.911647 3.632326 -1.949158
v -0.894813 3.869208 -1.930275
v -0.890602 3.892580 -1.938992
v -0.905920 3.888291 -1.951154
v -0.911647 3.869208 -1.949158
v -0.763023 3.632326 -2.203100
v -0.798445 3.608954 -2.183503
v -0.786283 3.613242 -2.198821
v -0.788279 3.632326 -2.204549
v -0.763023 3.869208 -2.203100
v -0.786283 3.888291 -2.198821
v -0.788279 3.869208 -2.204549
v -0.798445 3.892580 -2.183503
v -0.819468 3.613242 -1.909393
v -0.819468 3.888291 -1.909393
v -0.699831 3.613242 -2.157060
v -0.699831 3.888291 -2.157060
v -0.894813 4.308083 -1.930275
v -0.890602 4.284711 -1.938992
v -0.905920 4.289000 -1.951154
v -0.911647 4.308083 -1.949158
v -0.894813 4.544965 -1.930275
v -0.890602 4.568337 -1.938992
v -0.905920 4.564048 -1.951154
v -0.911647 4.544965 -1.949158
v -0.763023 4.308083 -2.203100
v -0.798445 4.284711 -2.183503
v -0.786283 4.289000 -2.198821
v -0.788279 4.308083 -2.204549
v -0.763023 4.544965 -2.203100
v -0.786283 4.564048 -2.198821
v -0.788279 4.544965 -2.204549
v -0.798445 4.568337 -2.183503
v -0.819468 4.289000 -1.909393
v -0.819468 4.564048 -1.909393
v -0.699831 4.289000 -2.157060
v -0.699831 4.564048 -2.157060
v -0.596671 2.257438 -2.547476
v -0.611988 2.261728 -2.559638
v -0.617716 2.280811 -2.557642
v -0.596671 2.541065 -2.547476
v -0.611988 2.536776 -2.559638
v -0.504514 2.257438 -2.791987
v -0.492352 2.261728 -2.807306
v -0.494348 2.280811 -2.813033
v -0.473303 2.541065 -2.802866
v -0.492352 2.536776 -2.807306
v -0.504514 2.541065 -2.791987
v -0.525537 2.261728 -2.517877
v -0.525537 2.536776 -2.517877
v -0.405900 2.261728 -2.765545
v -0.405900 2.536776 -2.765545
v -0.600881 2.956568 -2.538759
v -0.596671 2.933196 -2.547476
v -0.611988 2.937485 -2.559638
v -0.617716 2.956568 -2.557642
v -0.600881 3.193450 -2.538759
v -0.596671 3.216822 -2.547476
v -0.611988 3.212533 -2.559638
v -0.617716 3.193450 -2.557642
v -0.469092 2.956568 -2.811584
v -0.504514 2.933196 -2.791987
v -0.492352 2.937485 -2.807306
v -0.494348 2.956568 -2.813033
v -0.469092 3.193450 -2.811584
v -0.492352 3.212533 -2.807306
v -0.494348 3.193450 -2.813033
v -0.504514 3.216822 -2.791987
v -0.525537 2.937485 -2.517877
v -0.525537 3.212533 -2.517877
v -0.405900 2.937485 -2.765545
v -0.405900 3.212533 -2.765545
v -0.586504 3.599272 -2.568521
v -0.600881 3.632326 -2.538759
v -0.611988 3.613242 -2.559638
v -0.617716 3.632326 -2.557642
v -0.607550 3.608954 -2.578687
v -0.600881 3.869208 -2.538759
v -0.596671 3.892580 -2.547476
v -0.611988 3.888291 -2.559638
v -0.617716 3.869208 -2.557642
v -0.483469 3.599272 -2.781821
v -0.469092 3.632326 -2.811584
v -0.504514 3.608954 -2.791987
v -0.492352 3.613242 -2.807306
v -0.494348 3.632326 -2.813033
v -0.469092 3.869208 -2.811584
v -0.492352 3.888291 -2.807306
v -0.494348 3.869208 -2.813033
v -0.504514 3.892580 -2.791987
v -0.525537 3.613242 -2.517877
v -0.525537 3.888291 -2.517877
v -0.405900 3.613242 -2.765545
v -0.405900 3.888291 -2.765545
v -0.600881 4.308083 -2.538759
v -0.596671 4.284711 -2.547476
v -0.611988 4.289000 -2.559638
v -0.617716 4.308083 -2.557642
v -0.600881 4.544965 -2.538759
v -0.596671 4.568337 -2.547476
v -0.611988 4.564048 -2.559638
v -0.617716 4.544965 -2.557642
v -0.469092 4.308083 -2.811584
v -0.504514 4.284711 -2.791987
v -0.492352 4.289000 -2.807306
v -0.494348 4.308083 -2.813033
v -0.469092 4.544965 -2.811584
v -0.492352 4.564048 -2.807306
v -0.494348 4.544965 -2.813033
v -0.504514 4.568337 -2.791987
v -0.525537 4.289000 -2.517877
v -0.525537 4.564048 -2.517877
v -0.405900 4.289000 -2.765545
v -0.405900 4.564048 -2.765545
v -0.135121 2.261728 -2.777425
v -0.140848 2.280811 -2.775428
v -0.135121 2.536776 -2.777425
v -0.130682 2.541065 -2.796474
v -0.093359 2.261728 -2.863877
v -0.074310 2.257438 -2.859438
v -0.074310 2.541065 -2.859438
v -0.093359 2.536776 -2.863877
v 0.112547 2.261728 -2.657788
v 0.114543 2.280811 -2.652060
v 0.112547 2.536776 -2.657788
v 0.124709 2.541065 -2.673106
v 0.154308 2.261728 -2.744240
v 0.149869 2.257438 -2.725191
v 0.149869 2.541065 -2.725191
v 0.154308 2.536776 -2.744240
v -0.139399 2.956568 -2.800684
v -0.119802 2.933196 -2.765262
v -0.135121 2.937485 -2.777425
v -0.140848 2.956568 -2.775428
v -0.139399 3.193450 -2.800684
v -0.119802 3.216822 -2.765262
v -0.135121 3.212533 -2.777425
v -0.140848 3.193450 -2.775428
v -0.093359 2.937485 -2.863877
v -0.093359 3.212533 -2.863877
v 0.133427 2.956568 -2.668895
v 0.124709 2.933196 -2.673106
v 0.112547 2.937485 -2.657788
v 0.114543 2.956568 -2.652060
v 0.133427 3.193450 -2.668895
v 0.112547 3.212533 -2.657788
v 0.114543 3.193450 -2.652060
v 0.124709 3.216822 -2.673106
v 0.154308 2.937485 -2.744240
v 0.154308 3.212533 -2.744240
v -0.139399 3.632326 -2.800684
v -0.119802 3.608954 -2.765262
v -0.135121 3.613242 -2.777425
v -0.140848 3.632326 -2.775428
v -0.139399 3.869208 -2.800684
v -0.119802 3.892580 -2.765262
v -0.135121 3.888291 -2.777425
v -0.140848 3.869208 -2.775428
v -0.093359 3.613242 -2.863877
v -0.093359 3.888291 -2.863877
v 0.133427 3.632326 -2.668895
v 0.124709 3.608954 -2.673106
v 0.112547 3.613242 -2.657788
v 0.114543 3.632326 -2.652060
v 0.133427 3.869208 -2.668895
v 0.112547 3.888291 -2.657788
v 0.114543 3.869208 -2.652060
v 0.124709 3.892580 -2.673106
v 0.154308 3.613242 -2.744240
v 0.154308 3.888291 -2.744240
v -0.139399 4.308083 -2.800684
v -0.119802 4.284711 -2.765262
v -0.135121 4.289000 -2.777425
v -0.140848 4.308083 -2.775428
v -0.139399 4.544965 -2.800684
v -0.119802 4.568337 -2.765262
v -0.135121 4.564048 -2.777425
v -0.140848 4.544965 -2.775428
v -0.093359 4.289000 -2.863877
v -0.093359 4.564048 -2.863877
v 0.133427 4.308083 -2.668895
v 0.124709 4.284711 -2.673106
v 0.112547 4.289000 -2.657788
v 0.114543 4.308083 -2.652060
v 0.133427 4.544965 -2.668895
v 0.112547 4.564048 -2.657788
v 0.114543 4.544965 -2.652060
v 0.124709 4.568337 -2.673106
v 0.154308 4.289000 -2.744240
v 0.154308 4.564048 -2.744240
v 0.488681 2.257438 -2.471331
v 0.473363 2.261728 -2.483493
v 0.467636 2.280811 -2.481497
v 0.488681 2.541065 -2.471331
v 0.473363 2.536776 -2.483493
v 0.477802 2.541065 -2.502542
v 0.515125 2.261728 -2.569946
v 0.515125 2.536776 -2.569946
v 0.733193 2.257438 -2.379174
v 0.721030 2.261728 -2.363857
v 0.723027 2.280811 -2.358129
v 0.721030 2.536776 -2.363857
v 0.733193 2.541065 -2.379174
v 0.762792 2.261728 -2.450309
v 0.762792 2.536776 -2.450309
v 0.469085 2.956568 -2.506753
v 0.488681 2.933196 -2.471331
v 0.473363 2.937485 -2.483493
v 0.467636 2.956568 -2.481497
v 0.469085 3.193450 -2.506753
v 0.473363 3.212533 -2.483493
v 0.467636 3.193450 -2.481497
v 0.515125 2.937485 -2.569946
v 0.534173 3.216822 -2.565507
v 0.515125 3.212533 -2.569946
v 0.741910 2.956568 -2.374964
v 0.733193 2.933196 -2.379174
v 0.721030 2.937485 -2.363857
v 0.723027 2.956568 -2.358129
v 0.741910 3.193450 -2.374964
v 0.721030 3.212533 -2.363857
v 0.723027 3.193450 -2.358129
v 0.762792 2.937485 -2.450309
v 0.758353 3.216822 -2.431259
v 0.762792 3.212533 -2.450309
v 0.469085 3.632326 -2.506753
v 0.473363 3.613242 -2.483493
v 0.467636 3.632326 -2.481497
v 0.469085 3.869208 -2.506753
v 0.488681 3.892580 -2.471331
v 0.473363 3.888291 -2.483493
v 0.467636 3.869208 -2.481497
v 0.515125 3.613242 -2.569946
v 0.534173 3.608954 -2.565507
v 0.515125 3.888291 -2.569946
v 0.741910 3.632326 -2.374964
v 0.721030 3.613242 -2.363857
v 0.723027 3.632326 -2.358129
v 0.741910 3.869208 -2.374964
v 0.721030 3.888291 -2.363857
v 0.723027 3.869208 -2.358129
v 0.733193 3.892580 -2.379174
v 0.762792 3.613242 -2.450309
v 0.758353 3.608954 -2.431259
v 0.762792 3.888291 -2.450309
v 0.469085 4.308083 -2.506753
v 0.488681 4.284711 -2.471331
v 0.473363 4.289000 -2.483493
v 0.467636 4.308083 -2.481497
v 0.469085 4.544965 -2.506753
v 0.473363 4.564048 -2.483493
v 0.467636 4.544965 -2.481497
v 0.515125 4.289000 -2.569946
v 0.534173 4.568337 -2.565507
v 0.515125 4.564048 -2.569946
v 0.741910 4.308083 -2.374964
v 0.733193 4.284711 -2.379174
v 0.721030 4.289000 -2.363857
v 0.723027 4.308083 -2.358129
v 0.741910 4.544965 -2.374964
v 0.721030 4.564048 -2.363857
v 0.723027 4.544965 -2.358129
v 0.762792 4.289000 -2.450309
v 0.758353 4.568337 -2.431259
v 0.762792 4.564048 -2.450309
v 1.081847 2.261728 -2.189562
v 1.076120 2.280811 -2.187566
v 1.086286 2.257438 -2.208611
v 1.081847 2.536776 -2.189562
v 1.086286 2.541065 -2.208611
v 1.123608 2.261728 -2.276015
v 1.123608 2.536776 -2.276015
v 1.329514 2.261728 -2.069925
v 1.331511 2.280811 -2.064198
v 1.310465 2.257438 -2.074364
v 1.310465 2.541065 -2.074364
v 1.329514 2.536776 -2.069925
v 1.341677 2.541065 -2.085243
v 1.371276 2.261728 -2.156378
v 1.371276 2.536776 -2.156378
v 1.077568 2.956568 -2.212822
v 1.081847 2.937485 -2.189562
v 1.076120 2.956568 -2.187566
v 1.086286 2.933196 -2.208611
v 1.077568 3.193450 -2.212822
v 1.081847 3.212533 -2.189562
v 1.076120 3.193450 -2.187566
v 1.123608 2.937485 -2.276015
v 1.123608 3.212533 -2.276015
v 1.111446 3.216822 -2.260696
v 1.350394 2.956568 -2.081033
v 1.329514 2.937485 -2.069925
v 1.331511 2.956568 -2.064198
v 1.310465 2.933196 -2.074364
v 1.350394 3.193450 -2.081033
v 1.329514 3.212533 -2.069925
v 1.331511 3.193450 -2.064198
v 1.371276 2.937485 -2.156378
v 1.371276 3.212533 -2.156378
v 1.355957 3.216822 -2.168540
v 1.077568 3.632326 -2.212822
v 1.081847 3.613242 -2.189562
v 1.076120 3.632326 -2.187566
v 1.077568 3.869208 -2.212822
v 1.081847 3.888291 -2.189562
v 1.086286 3.892580 -2.208611
v 1.076120 3.869208 -2.187566
v 1.111446 3.608954 -2.260696
v 1.123608 3.613242 -2.276015
v 1.123608 3.888291 -2.276015
v 1.350394 3.632326 -2.081033
v 1.329514 3.613242 -2.069925
v 1.331511 3.632326 -2.064198
v 1.350394 3.869208 -2.081033
v 1.310465 3.892580 -2.074364
v 1.329514 3.888291 -2.069925
v 1.331511 3.869208 -2.064198
v 1.355957 3.608954 -2.168540
v 1.371276 3.613242 -2.156378
v 1.371276 3.888291 -2.156378
v 1.077568 4.308083 -2.212822
v 1.081847 4.289000 -2.189562
v 1.076120 4.308083 -2.187566
v 1.086286 4.284711 -2.208611
v 1.077568 4.544965 -2.212822
v 1.081847 4.564048 -2.189562
v 1.076120 4.544965 -2.187566
v 1.123608 4.289000 -2.276015
v 1.123608 4.564048 -2.276015
v 1.111446 4.568337 -2.260696
v 1.350394 4.308083 -2.081033
v 1.329514 4.289000 -2.069925
v 1.331511 4.308083 -2.064198
v 1.310465 4.284711 -2.074364
v 1.350394 4.544965 -2.081033
v 1.329514 4.564048 -2.069925
v 1.331511 4.544965 -2.064198
v 1.371276 4.289000 -2.156378
v 1.371276 4.564048 -2.156378
v 1.355957 4.568337 -2.168540
v 1.690331 2.261728 -1.895631
v 1.684603 2.280811 -1.893635
v 1.690331 2.536776 -1.895631
v 1.694770 2.541065 -1.914680
v 1.719929 2.257438 -1.966765
v 1.732092 2.261728 -1.982084
v 1.732092 2.536776 -1.982084
v 1.719929 2.541065 -1.966765
v 1.937998 2.261728 -1.775994
v 1.939994 2.280811 -1.770267
v 1.937998 2.536776 -1.775994
v 1.950160 2.541065 -1.791312
v 1.964441 2.257438 -1.874609
v 1.979759 2.261728 -1.862447
v 1.979759 2.536776 -1.862447
v 1.964441 2.541065 -1.874609
v 1.686052 2.956568 -1.918891
v 1.690331 2.937485 -1.895631
v 1.684603 2.956568 -1.893635
v 1.694770 2.933196 -1.914680
v 1.686052 3.193450 -1.918891
v 1.690331 3.212533 -1.895631
v 1.694770 3.216822 -1.914680
v 1.684603 3.193450 -1.893635
v 1.732092 2.937485 -1.982084
v 1.732092 3.212533 -1.982084
v 1.958878 2.956568 -1.787101
v 1.937998 2.937485 -1.775994
v 1.939994 2.956568 -1.770267
v 1.918949 2.933196 -1.780433
v 1.958878 3.193450 -1.787101
v 1.918949 3.216822 -1.780433
v 1.937998 3.212533 -1.775994
v 1.939994 3.193450 -1.770267
v 1.979759 2.937485 -1.862447
v 1.979759 3.212533 -1.862447
v 1.686052 3.632326 -1.918891
v 1.690331 3.613242 -1.895631
v 1.684603 3.632326 -1.893635
v 1.694770 3.608954 -1.914680
v 1.686052 3.869208 -1.918891
v 1.690331 3.888291 -1.895631
v 1.694770 3.892580 -1.914680
v 1.684603 3.869208 -1.893635
v 1.732092 3.613242 -1.982084
v 1.732092 3.888291 -1.982084
v 1.958878 3.632326 -1.787101
v 1.937998 3.613242 -1.775994
v 1.939994 3.632326 -1.770267
v 1.918949 3.608954 -1.780433
v 1.958878 3.869208 -1.787101
v 1.918949 3.892580 -1.780433
v 1.937998 3.888291 -1.775994
v 1.939994 3.869208 -1.770267
v 1.979759 3.613242 -1.862447
v 1.979759 3.888291 -1.862447
v 1.686052 4.308083 -1.918891
v 1.690331 4.289000 -1.895631
v 1.684603 4.308083 -1.893635
v 1.694770 4.284711 -1.914680
v 1.686052 4.544965 -1.918891
v 1.690331 4.564048 -1.895631
v 1.694770 4.568337 -1.914680
v 1.684603 4.544965 -1.893635
v 1.732092 4.289000 -1.982084
v 1.732092 4.564048 -1.982084
v 1.958878 4.308083 -1.787101
v 1.937998 4.289000 -1.775994
v 1.939994 4.308083 -1.770267
v 1.918949 4.284711 -1.780433
v 1.958878 4.544965 -1.787101
v 1.918949 4.568337 -1.780433
v 1.937998 4.564048 -1.775994
v 1.939994 4.544965 -1.770267
v 1.979759 4.289000 -1.862447
v 1.979759 4.564048 -1.862447
v -1.181327 4.806637 -0.567739
v -1.196712 4.806637 -0.611879
v -1.177116 4.783265 -0.576457
v -1.192434 4.787554 -0.588619
v -1.187995 4.783265 -0.607668
v -1.192434 4.883564 -0.588619
v -1.093677 4.806637 -0.825179
v -1.049537 4.806637 -0.840565
v -1.084960 4.783265 -0.820968
v -1.072797 4.787554 -0.836286
v -1.053748 4.783265 -0.831848
v -1.072797 4.883564 -0.836286
v -0.923887 4.806637 -0.480089
v -0.968027 4.806637 -0.464704
v -0.932604 4.783265 -0.484300
v -0.944767 4.787554 -0.468982
v -0.963816 4.783265 -0.473421
v -0.944767 4.883564 -0.468982
v -0.836237 4.806637 -0.737529
v -0.820851 4.806637 -0.693390
v -0.840448 4.783265 -0.728812
v -0.825130 4.787554 -0.716650
v -0.829568 4.783265 -0.697600
v -0.825130 4.883564 -0.716650
v -0.887396 4.806637 -1.176223
v -0.883185 4.783265 -1.184940
v -0.898503 4.787554 -1.197103
v -0.894064 4.783265 -1.216152
v -0.898503 4.883564 -1.197103
v -0.755606 4.806637 -1.449049
v -0.778866 4.787554 -1.444770
v -0.780862 4.806638 -1.450498
v -0.759817 4.783265 -1.440331
v -0.778866 4.883564 -1.444770
v -0.674096 4.806637 -1.073187
v -0.638673 4.783265 -1.092784
v -0.650836 4.787554 -1.077466
v -0.669885 4.783265 -1.081905
v -0.650836 4.883564 -1.077466
v -0.542306 4.806637 -1.346013
v -0.546517 4.783265 -1.337296
v -0.531199 4.787554 -1.325133
v -0.525471 4.806638 -1.327130
v -0.531199 4.883564 -1.325133
v -0.593464 4.806637 -1.784707
v -0.589254 4.783265 -1.793424
v -0.604572 4.787554 -1.805587
v -0.610299 4.806638 -1.803590
v -0.604572 4.883564 -1.805587
v -0.461675 4.806637 -2.057533
v -0.497097 4.783265 -2.037935
v -0.484935 4.787554 -2.053254
v -0.465886 4.783265 -2.048815
v -0.484935 4.883564 -2.053254
v -0.380164 4.806637 -1.681671
v -0.356904 4.787554 -1.685950
v -0.354908 4.806638 -1.680222
v -0.375954 4.783265 -1.690388
v -0.356904 4.883564 -1.685950
v -0.248375 4.806637 -1.954497
v -0.252586 4.783265 -1.945779
v -0.237268 4.787554 -1.933617
v -0.241706 4.783265 -1.914568
v -0.237268 4.883564 -1.933617
v -0.299533 4.806637 -2.393191
v -0.314919 4.806637 -2.437330
v -0.295322 4.783265 -2.401908
v -0.310640 4.787554 -2.414071
v -0.306202 4.783265 -2.433120
v -0.310640 4.883564 -2.414071
v -0.211883 4.806637 -2.650630
v -0.167744 4.806637 -2.666016
v -0.203166 4.783265 -2.646420
v -0.191003 4.787554 -2.661738
v -0.171955 4.783265 -2.657299
v -0.191003 4.883564 -2.661738
v -0.042093 4.806637 -2.305541
v -0.086233 4.806637 -2.290155
v -0.050811 4.783265 -2.309752
v -0.062973 4.787554 -2.294434
v -0.082022 4.783265 -2.298872
v -0.062973 4.883564 -2.294434
v 0.045556 4.806637 -2.562980
v 0.060942 4.806637 -2.518841
v 0.041345 4.783265 -2.554263
v 0.056664 4.787554 -2.542101
v 0.052225 4.783265 -2.523052
v 0.056664 4.883564 -2.542101
v -0.572843 4.806637 -0.273808
v -0.588229 4.806637 -0.317948
v -0.568632 4.783265 -0.282526
v -0.583950 4.787554 -0.294688
v -0.579511 4.783265 -0.313737
v -0.583950 4.883564 -0.294688
v -0.485193 4.806637 -0.531248
v -0.441053 4.806637 -0.546634
v -0.476476 4.783265 -0.527037
v -0.464313 4.787554 -0.542355
v -0.445264 4.783265 -0.537917
v -0.464313 4.883564 -0.542355
v -0.315403 4.806637 -0.186158
v -0.359543 4.806637 -0.170773
v -0.324120 4.783265 -0.190369
v -0.336283 4.787554 -0.175051
v -0.355332 4.783265 -0.179490
v -0.336283 4.883564 -0.175051
v -0.227753 4.806637 -0.443598
v -0.212367 4.806637 -0.399458
v -0.231964 4.783265 -0.434881
v -0.216646 4.787554 -0.422718
v -0.221085 4.783265 -0.403669
v -0.216646 4.883564 -0.422718
v -0.278912 4.806637 -0.882292
v -0.274701 4.783265 -0.891009
v -0.290019 4.787554 -0.903172
v -0.285580 4.783265 -0.922221
v -0.290019 4.883564 -0.903172
v -0.147122 4.806637 -1.155118
v -0.170382 4.787554 -1.150839
v -0.172378 4.806638 -1.156566
v -0.151333 4.783265 -1.146400
v -0.170382 4.883564 -1.150839
v -0.065612 4.806637 -0.779256
v -0.030189 4.783265 -0.798853
v -0.042352 4.787554 -0.783535
v -0.061401 4.783265 -0.787974
v -0.042352 4.883564 -0.783535
v 0.066178 4.806637 -1.052082
v 0.061967 4.783265 -1.043365
v 0.077285 4.787554 -1.031202
v 0.083013 4.806638 -1.033199
v 0.077285 4.883564 -1.031202
v 0.015019 4.806637 -1.490776
v 0.019230 4.783265 -1.499493
v 0.003912 4.787554 -1.511656
v -0.001815 4.806638 -1.509659
v 0.003912 4.883564 -1.511656
v 0.146809 4.806637 -1.763601
v 0.111387 4.783265 -1.744004
v 0.123549 4.787554 -1.759323
v 0.142598 4.783265 -1.754884
v 0.123549 4.883564 -1.759323
v 0.228319 4.806637 -1.387740
v 0.251579 4.787554 -1.392019
v 0.253576 4.806638 -1.386291
v 0.232530 4.783265 -1.396457
v 0.251579 4.883564 -1.392019
v 0.360109 4.806637 -1.660566
v 0.355898 4.783265 -1.651848
v 0.371216 4.787554 -1.639686
v 0.366777 4.783265 -1.620637
v 0.371216 4.883564 -1.639686
v 0.308951 4.806637 -2.099260
v 0.293565 4.806637 -2.143399
v 0.313161 4.783265 -2.107977
v 0.297843 4.787554 -2.120139
v 0.302282 4.783265 -2.139189
v 0.297843 4.883564 -2.120139
v 0.396600 4.806637 -2.356699
v 0.440740 4.806637 -2.372085
v 0.405318 4.783265 -2.352488
v 0.417480 4.787554 -2.367807
v 0.436529 4.783265 -2.363368
v 0.417480 4.883564 -2.367807
v 0.566390 4.806637 -2.011610
v 0.522251 4.806637 -1.996224
v 0.557673 4.783265 -2.015821
v 0.545511 4.787554 -2.000503
v 0.526461 4.783265 -2.004941
v 0.545511 4.883564 -2.000503
v 0.654040 4.806637 -2.269049
v 0.669426 4.806637 -2.224910
v 0.649829 4.783265 -2.260332
v 0.665147 4.787554 -2.248170
v 0.660709 4.783265 -2.229120
v 0.665147 4.883564 -2.248170
v 0.035641 4.806637 0.020123
v 0.020255 4.806637 -0.024017
v 0.039852 4.783265 0.011406
v 0.024534 4.787554 -0.000757
v 0.028972 4.783265 -0.019806
v 0.024534 4.883564 -0.000757
v 0.123291 4.806637 -0.237317
v 0.167431 4.806637 -0.252703
v 0.132008 4.783265 -0.233106
v 0.144171 4.787554 -0.248424
v 0.163220 4.783265 -0.243985
v 0.144171 4.883564 -0.248424
v 0.293081 4.806637 0.107773
v 0.248941 4.806637 0.123159
v 0.284363 4.783265 0.103562
v 0.272201 4.787554 0.118880
v 0.253152 4.783265 0.114441
v 0.272201 4.883564 0.118880
v 0.380731 4.806637 -0.149667
v 0.396116 4.806637 -0.105527
v 0.376520 4.783265 -0.140950
v 0.391838 4.787554 -0.128787
v 0.387399 4.783265 -0.109738
v 0.391838 4.883564 -0.128787
v 0.329572 4.806637 -0.588361
v 0.333783 4.783265 -0.597078
v 0.318465 4.787554 -0.609241
v 0.322904 4.783265 -0.628290
v 0.318465 4.883564 -0.609241
v 0.461362 4.806637 -0.861187
v 0.438102 4.787554 -0.856908
v 0.436105 4.806638 -0.862635
v 0.457151 4.783265 -0.852469
v 0.438102 4.883564 -0.856908
v 0.542872 4.806637 -0.485325
v 0.578294 4.783265 -0.504922
v 0.566132 4.787554 -0.489604
v 0.547083 4.783265 -0.494042
v 0.566132 4.883564 -0.489604
v 0.674662 4.806637 -0.758151
v 0.670451 4.783265 -0.749434
v 0.685769 4.787554 -0.737271
v 0.691496 4.806638 -0.739267
v 0.685769 4.883564 -0.737271
v 0.623503 4.806637 -1.196845
v 0.627714 4.783265 -1.205562
v 0.612396 4.787554 -1.217724
v 0.606668 4.806638 -1.215728
v 0.612396 4.883564 -1.217724
v 0.755293 4.806637 -1.469670
v 0.719870 4.783265 -1.450073
v 0.732033 4.787554 -1.465391
v 0.751082 4.783265 -1.460953
v 0.732033 4.883564 -1.465391
v 0.836803 4.806637 -1.093809
v 0.860063 4.787554 -1.098088
v 0.862059 4.806638 -1.092360
v 0.841014 4.783265 -1.102526
v 0.860063 4.883564 -1.098088
v 0.968593 4.806637 -1.366635
v 0.964382 4.783265 -1.357917
v 0.979700 4.787554 -1.345755
v 0.975261 4.783265 -1.326705
v 0.979700 4.883564 -1.345755
v 0.917434 4.806637 -1.805328
v 0.902049 4.806637 -1.849468
v 0.921645 4.783265 -1.814046
v 0.906327 4.787554 -1.826208
v 0.910766 4.783265 -1.845257
v 0.906327 4.883564 -1.826208
v 1.005084 4.806637 -2.062768
v 1.049224 4.806637 -2.078154
v 1.013802 4.783265 -2.058557
v 1.025964 4.787554 -2.073875
v 1.045013 4.783265 -2.069436
v 1.025964 4.883564 -2.073875
v 1.174874 4.806637 -1.717679
v 1.130734 4.806637 -1.702293
v 1.166157 4.783265 -1.721889
v 1.153994 4.787554 -1.706571
v 1.134945 4.783265 -1.711010
v 1.153994 4.883564 -1.706571
v 1.262524 4.806637 -1.975118
v 1.277910 4.806637 -1.930978
v 1.258313 4.783265 -1.966401
v 1.273631 4.787554 -1.954239
v 1.269192 4.783265 -1.935189
v 1.273631 4.883564 -1.954239
v 0.644125 4.806637 0.314054
v 0.628739 4.806637 0.269914
v 0.648336 4.783265 0.305337
v 0.633017 4.787554 0.293174
v 0.637456 4.783265 0.274125
v 0.633017 4.883564 0.293174
v 0.731775 4.806637 0.056614
v 0.775914 4.806637 0.041228
v 0.740492 4.783265 0.060825
v 0.752654 4.787554 0.045507
v 0.771703 4.783265 0.049946
v 0.752654 4.883564 0.045507
v 0.901564 4.806637 0.401704
v 0.857425 4.806637 0.417090
v 0.892847 4.783265 0.397493
v 0.880685 4.787554 0.412811
v 0.861636 4.783265 0.408372
v 0.880685 4.883564 0.412811
v 0.989214 4.806637 0.144264
v 1.004600 4.806637 0.188404
v 0.985003 4.783265 0.152981
v 1.000322 4.787554 0.165144
v 0.995883 4.783265 0.184193
v 1.000322 4.883564 0.165144
v 0.938056 4.806637 -0.294430
v 0.942267 4.783265 -0.303147
v 0.926949 4.787554 -0.315309
v 0.931387 4.783265 -0.334359
v 0.926949 4.883564 -0.315309
v 1.069846 4.806637 -0.567255
v 1.046585 4.787554 -0.562977
v 1.044589 4.806638 -0.568704
v 1.065635 4.783265 -0.558538
v 1.046585 4.883564 -0.562977
v 1.151356 4.806637 -0.191394
v 1.186778 4.783265 -0.210991
v 1.174616 4.787554 -0.195673
v 1.155567 4.783265 -0.200111
v 1.174616 4.883564 -0.195673
v 1.283146 4.806637 -0.464220
v 1.278935 4.783265 -0.455502
v 1.294253 4.787554 -0.443340
v 1.299980 4.806638 -0.445336
v 1.294253 4.883564 -0.443340
v 1.231987 4.806637 -0.902913
v 1.236198 4.783265 -0.911631
v 1.220880 4.787554 -0.923793
v 1.215152 4.806638 -0.921797
v 1.220880 4.883564 -0.923793
v 1.363777 4.806637 -1.175739
v 1.328354 4.783265 -1.156142
v 1.340516 4.787554 -1.171460
v 1.359566 4.783265 -1.167022
v 1.340516 4.883564 -1.171460
v 1.445287 4.806637 -0.799878
v 1.468547 4.787554 -0.804156
v 1.470543 4.806638 -0.798429
v 1.449498 4.783265 -0.808595
v 1.468547 4.883564 -0.804156
v 1.577077 4.806637 -1.072703
v 1.572866 4.783265 -1.063986
v 1.588184 4.787554 -1.051823
v 1.583745 4.783265 -1.032774
v 1.588184 4.883564 -1.051823
v 1.525918 4.806637 -1.511397
v 1.510532 4.806637 -1.555537
v 1.530129 4.783265 -1.520115
v 1.514811 4.787554 -1.532277
v 1.519250 4.783265 -1.551326
v 1.514811 4.883564 -1.532277
v 1.613568 4.806637 -1.768837
v 1.657708 4.806637 -1.784223
v 1.622285 4.783265 -1.764626
v 1.634448 4.787554 -1.779944
v 1.653497 4.783265 -1.775505
v 1.634448 4.883564 -1.779944
v 1.783358 4.806637 -1.423747
v 1.739218 4.806637 -1.408362
v 1.774641 4.783265 -1.427958
v 1.762478 4.787554 -1.412640
v 1.743429 4.783265 -1.417079
v 1.762478 4.883564 -1.412640
v 1.871008 4.806637 -1.681187
v 1.886393 4.806637 -1.637047
v 1.866797 4.783265 -1.672469
v 1.882115 4.787554 -1.660307
v 1.877676 4.783265 -1.641258
v 1.882115 4.883564 -1.660307
v -0.218333 3.594436 -2.557505
v -0.115806 3.508888 -2.664481
v -0.056613 3.360714 -2.726244
v -0.056613 3.189617 -2.726244
v -0.115806 3.041443 -2.664481
v -0.218333 2.955895 -2.557505
v 0.003804 3.360714 -2.646697
v 0.003804 3.189617 -2.646697
v -0.047510 3.508888 -2.537198
v 0.036682 3.360714 -2.552373
v 0.036682 3.189617 -2.552373
v -0.192766 3.594436 -2.484157
v -0.045957 3.508888 -2.464091
v 0.038804 3.360714 -2.452505
v 0.038804 3.189617 -2.452505
v -0.045957 3.041443 -2.464091
v -0.192766 2.955895 -2.484157
v 0.009960 3.360714 -2.356870
v 0.009960 3.189617 -2.356870
v -0.108787 3.508888 -2.334022
v -0.047024 3.360714 -2.274829
v -0.047024 3.189617 -2.274829
v -0.108787 3.041443 -2.334022
v -0.262352 3.594436 -2.411550
v -0.236070 3.508888 -2.265726
v -0.220895 3.360714 -2.181534
v -0.220895 3.189617 -2.181534
v -0.236070 3.041443 -2.265726
v -0.309178 3.508888 -2.264173
v -0.320763 3.360714 -2.179412
v -0.309178 3.041443 -2.264173
v -0.289111 2.955895 -2.410982
v -0.439246 3.508888 -2.327003
v -0.498439 3.360714 -2.265239
v -0.498439 3.189617 -2.265239
v -0.439246 3.041443 -2.327003
v -0.507542 3.508888 -2.454285
v -0.591734 3.360714 -2.439111
v -0.591734 3.189617 -2.439111
v -0.362286 3.594436 -2.507327
v -0.509095 3.508888 -2.527393
v -0.593856 3.189617 -2.538979
v -0.509095 3.041443 -2.527393
v -0.362286 2.955895 -2.507327
v -0.565013 3.360714 -2.634614
v -0.565013 3.189617 -2.634614
v -0.446265 3.508888 -2.657462
v -0.508028 3.360714 -2.716655
v -0.508028 3.189617 -2.716655
v -0.446265 3.041443 -2.657462
v -0.317974 3.594436 -2.571124
v -0.388033 3.508888 -2.701690
v -0.428481 3.360714 -2.777072
v -0.428481 3.189617 -2.777072
v -0.388033 3.041443 -2.701690
v -0.317974 2.955895 -2.571124
v -0.328300 3.440432 -2.777453
v -0.334157 3.360714 -2.809951
v -0.334157 3.189617 -2.809951
v -0.328300 3.109899 -2.777453
v -0.245875 3.508888 -2.727312
v -0.238761 3.440432 -2.779355
v -0.234289 3.360714 -2.812072
v -0.234289 3.189617 -2.812072
v -0.238761 3.109899 -2.779355
v -0.245875 3.041443 -2.727312
v -0.138654 3.360714 -2.783229
v -0.138654 3.189617 -2.783229
v 0.151249 4.105190 -2.583321
v 0.151249 4.263075 -2.583321
v 0.231905 4.105190 -2.750291
v 0.231905 4.263075 -2.750291
v 0.516639 4.105190 -2.406818
v 0.516639 4.263075 -2.406818
v 0.597295 4.105190 -2.573788
v 0.597295 4.263075 -2.573788
v 1.865063 3.594436 -1.551110
v 1.967589 3.508888 -1.658087
v 2.026783 3.189617 -1.719850
v 1.967589 3.041443 -1.658087
v 2.087199 3.360714 -1.640302
v 2.087199 3.189617 -1.640302
v 2.035886 3.508888 -1.530804
v 2.120078 3.360714 -1.545978
v 1.890630 3.594436 -1.477762
v 2.037439 3.508888 -1.457696
v 2.122199 3.360714 -1.446110
v 2.122199 3.189617 -1.446110
v 2.037439 3.041443 -1.457696
v 1.890630 2.955895 -1.477762
v 2.093356 3.360714 -1.350475
v 2.093356 3.189617 -1.350475
v 1.974609 3.508888 -1.327628
v 2.036372 3.360714 -1.268434
v 2.036372 3.189617 -1.268434
v 1.956824 3.360714 -1.208017
v 1.956824 3.189617 -1.208017
v 1.916376 3.041443 -1.283400
v 1.835184 3.561416 -1.326701
v 1.847326 3.508888 -1.259331
v 1.847326 3.041443 -1.259331
v 1.783488 3.561416 -1.325603
v 1.762633 3.360714 -1.173018
v 1.762633 3.189617 -1.173018
v 1.774218 3.041443 -1.257778
v 1.691516 3.561416 -1.370031
v 1.584956 3.360714 -1.258845
v 1.584956 3.189617 -1.258845
v 1.644150 3.041443 -1.320608
v 1.730487 3.594436 -1.448899
v 1.660242 3.561416 -1.411207
v 1.524158 3.440432 -1.438574
v 1.491661 3.360714 -1.432717
v 1.491661 3.189617 -1.432717
v 1.524158 3.109899 -1.438574
v 1.721109 3.594436 -1.500932
v 1.574300 3.508888 -1.520999
v 1.522256 3.440432 -1.528112
v 1.522256 3.109899 -1.528112
v 1.574300 3.041443 -1.520999
v 1.642125 2.988915 -1.511728
v 1.548116 3.440432 -1.613856
v 1.518383 3.360714 -1.628219
v 1.518383 3.189617 -1.628219
v 1.548116 3.109899 -1.613856
v 1.657055 2.988915 -1.561232
v 1.637130 3.041443 -1.651067
v 1.686553 2.988915 -1.603701
v 1.765421 3.594436 -1.564730
v 1.695363 3.508888 -1.695295
v 1.654914 3.360714 -1.770678
v 1.654914 3.189617 -1.770678
v 1.695363 3.041443 -1.695295
v 1.749239 3.360714 -1.803556
v 1.749239 3.189617 -1.803556
v 1.837521 3.508888 -1.720917
v 1.844634 3.440432 -1.772961
v 1.844634 3.109899 -1.772961
v 1.837521 3.041443 -1.720917
v 1.817455 2.955895 -1.574108
v 1.930379 3.440432 -1.747101
v 1.944741 3.360714 -1.776834
v 1.944741 3.189617 -1.776834
v 1.930379 3.109899 -1.747101
v 1.242552 4.105190 -2.056162
v 1.242552 4.263075 -2.056162
v 1.323208 4.105190 -2.223132
v 1.323208 4.263075 -2.223132
v 1.607941 4.105190 -1.879658
v 1.607941 4.263075 -1.879658
v 1.688597 4.105190 -2.046629
v 1.688597 4.263075 -2.046629
v 0.678575 4.170558 -2.416484
v 0.678575 4.307885 -2.416484
v 0.738307 4.170558 -2.540140
v 0.738307 4.307885 -2.540140
v 1.149463 4.170558 -2.189019
v 1.149463 4.307885 -2.189019
v 1.209195 4.170558 -2.312675
v 1.209195 4.307885 -2.312675
v -0.031666 3.339895 -2.805235
v -0.076310 3.389475 -2.826800
v -0.069892 3.360850 -2.791910
v -0.063235 3.354417 -2.820484
v -0.031666 4.036770 -2.805235
v -0.076310 3.987190 -2.826800
v -0.069892 4.015814 -2.791910
v -0.063235 4.022248 -2.820484
v -0.031666 3.339895 -2.805235
v -0.076310 3.389475 -2.826800
v -0.063235 3.354417 -2.820484
v -0.044991 3.360850 -2.843461
v -0.031666 4.036770 -2.805235
v -0.076310 3.987190 -2.826800
v -0.044991 4.015814 -2.843461
v -0.063235 4.022248 -2.820484
v 0.506544 3.339895 -2.545249
v 0.551188 3.389475 -2.523684
v 0.538112 3.354417 -2.530000
v 0.519869 3.360850 -2.507023
v 0.506544 4.036770 -2.545249
v 0.551188 3.987190 -2.523684
v 0.519869 4.015814 -2.507023
v 0.538112 4.022248 -2.530000
v 0.506544 3.339895 -2.545249
v 0.551188 3.389475 -2.523684
v 0.544770 3.360850 -2.558574
v 0.538112 3.354417 -2.530000
v 0.506544 4.036770 -2.545249
v 0.551188 3.987190 -2.523684
v 0.538112 4.022248 -2.530000
v 0.544770 4.015814 -2.558574
v -0.036029 3.402806 -2.765556
v -0.036029 3.973859 -2.765556
v 0.020665 3.402806 -2.882921
v 0.020665 3.973859 -2.882921
v 0.478174 3.402806 -2.517168
v 0.478174 3.973859 -2.517168
v 0.534868 3.402806 -2.634533
v 0.534868 3.973859 -2.634533
v 0.014178 3.752184 -2.762842
v 0.014178 3.927470 -2.762842
v 0.089942 3.752184 -2.919687
v 0.089942 3.927470 -2.919687
v 0.172014 3.752184 -2.686599
v 0.172014 3.927470 -2.686599
v 0.247779 3.752184 -2.843443
v 0.247779 3.927470 -2.843443
v 0.317181 3.512599 -2.627546
v 0.311190 3.526371 -2.615145
v 0.304779 3.526371 -2.633536
v 0.311190 3.583663 -2.615145
v 0.317181 3.597436 -2.627546
v 0.304779 3.583663 -2.633536
v 0.391462 3.512599 -2.781320
v 0.379061 3.526371 -2.787310
v 0.397453 3.526371 -2.793721
v 0.391462 3.597436 -2.781320
v 0.397453 3.583663 -2.793721
v 0.379061 3.583663 -2.787310
v 0.368769 3.512599 -2.602625
v 0.381170 3.526371 -2.596635
v 0.362779 3.526371 -2.590225
v 0.368769 3.597436 -2.602625
v 0.362779 3.583663 -2.590225
v 0.381170 3.583663 -2.596635
v 0.443051 3.512599 -2.756400
v 0.449041 3.526371 -2.768801
v 0.455452 3.526371 -2.750409
v 0.443051 3.597436 -2.756400
v 0.455452 3.583663 -2.750409
v 0.449041 3.583663 -2.768801
v 1.357264 3.339895 -2.134305
v 1.312620 3.389475 -2.155871
v 1.319038 3.360850 -2.120981
v 1.325696 3.354417 -2.149554
v 1.357264 4.036770 -2.134305
v 1.312620 3.987190 -2.155871
v 1.319038 4.015814 -2.120981
v 1.325696 4.022248 -2.149554
v 1.357264 3.339895 -2.134305
v 1.312620 3.389475 -2.155871
v 1.325696 3.354417 -2.149554
v 1.343940 3.360850 -2.172531
v 1.357264 4.036770 -2.134305
v 1.312620 3.987190 -2.155871
v 1.343940 4.015814 -2.172531
v 1.325696 4.022248 -2.149554
v 1.895474 3.339895 -1.874320
v 1.940119 3.389475 -1.852754
v 1.927043 3.354417 -1.859071
v 1.908799 3.360850 -1.836094
v 1.895474 4.036770 -1.874320
v 1.940119 3.987190 -1.852754
v 1.908799 4.015814 -1.836094
v 1.927043 4.022248 -1.859071
v 1.895474 3.339895 -1.874320
v 1.940119 3.389475 -1.852754
v 1.933701 3.360850 -1.887644
v 1.927043 3.354417 -1.859071
v 1.895474 4.036770 -1.874320
v 1.940119 3.987190 -1.852754
v 1.927043 4.022248 -1.859071
v 1.933701 4.015814 -1.887644
v 1.352902 3.402806 -2.094626
v 1.352902 3.973859 -2.094626
v 1.409596 3.402806 -2.211992
v 1.409596 3.973859 -2.211992
v 1.867105 3.402806 -1.846238
v 1.867105 3.973859 -1.846238
v 1.923799 3.402806 -1.963603
v 1.923799 3.973859 -1.963603
v 1.403108 3.752184 -2.091913
v 1.403108 3.927470 -2.091913
v 1.478873 3.752184 -2.248757
v 1.478873 3.927470 -2.248757
v 1.560944 3.752184 -2.015669
v 1.560944 3.927470 -2.015669
v 1.636709 3.752184 -2.172513
v 1.636709 3.927470 -2.172513
v 1.706111 3.512599 -1.956616
v 1.700120 3.526371 -1.944215
v 1.693710 3.526371 -1.962606
v 1.700120 3.583663 -1.944215
v 1.706111 3.597436 -1.956616
v 1.693710 3.583663 -1.962606
v 1.780392 3.512599 -2.110390
v 1.767991 3.526371 -2.116381
v 1.786383 3.526371 -2.122792
v 1.780392 3.597436 -2.110390
v 1.786383 3.583663 -2.122792
v 1.767991 3.583663 -2.116381
v 1.757700 3.512599 -1.931695
v 1.770101 3.526371 -1.925705
v 1.751709 3.526371 -1.919295
v 1.757700 3.597436 -1.931695
v 1.751709 3.583663 -1.919295
v 1.770101 3.583663 -1.925705
v 1.831981 3.512599 -2.085470
v 1.837972 3.526371 -2.097871
v 1.844382 3.526371 -2.079479
v 1.831981 3.597436 -2.085470
v 1.844382 3.583663 -2.079479
v 1.837972 3.583663 -2.097871
v 0.238476 2.663406 -2.324959
v 0.229187 2.684760 -2.305730
v 0.219248 2.684760 -2.334247
v 0.229187 3.479949 -2.305730
v 0.238476 3.501302 -2.324959
v 0.219248 3.479949 -2.334247
v 0.656241 2.663406 -3.189798
v 0.637013 2.684760 -3.199086
v 0.665529 2.684760 -3.209026
v 0.656241 3.501302 -3.189798
v 0.665529 3.479949 -3.209026
v 0.637013 3.479949 -3.199086
v 1.351338 2.663406 -1.787385
v 1.370566 2.684760 -1.778096
v 1.342050 2.684760 -1.768156
v 1.351338 3.501302 -1.787385
v 1.342050 3.479949 -1.768156
v 1.370566 3.479949 -1.778096
v 1.769103 2.663406 -2.652224
v 1.778391 2.684760 -2.671453
v 1.788332 2.684760 -2.642936
v 1.769103 3.501302 -2.652224
v 1.788332 3.479949 -2.642936
v 1.778391 3.479949 -2.671453
v 0.677216 2.852590 -2.869787
v 0.669475 2.870386 -2.853763
v 0.661192 2.870386 -2.877527
v 0.669475 3.404501 -2.853763
v 0.677216 3.422297 -2.869787
v 0.661192 3.404501 -2.877527
v 0.909538 2.852590 -3.350730
v 0.893514 2.870386 -3.358470
v 0.917278 2.870386 -3.366753
v 0.909538 3.422297 -3.350730
v 0.917278 3.404501 -3.366753
v 0.893514 3.404501 -3.358470
v 1.505391 2.852590 -2.469732
v 1.521415 2.870386 -2.461992
v 1.497651 2.870386 -2.453708
v 1.505391 3.422297 -2.469732
v 1.497651 3.404501 -2.453708
v 1.521415 3.404501 -2.461992
v 1.737714 2.852590 -2.950675
v 1.745454 2.870386 -2.966699
v 1.753737 2.870386 -2.942935
v 1.737714 3.422297 -2.950675
v 1.753737 3.404501 -2.942935
v 1.745454 3.404501 -2.966699
v 1.371688 3.542384 -3.250199
v 1.282859 3.542384 -3.066309
v 1.489216 3.488321 -3.193426
v 1.400387 3.488321 -3.009537
v 1.525246 3.428437 -3.176022
v 1.436417 3.428437 -2.992132
v 1.525246 3.287161 -3.176022
v 1.436417 3.287161 -2.992132
v 1.489216 3.227277 -3.193426
v 1.400387 3.227277 -3.009537
v 1.371688 3.173214 -3.250199
v 1.282859 3.173214 -3.066309
v 1.254160 3.227277 -3.306971
v 1.165331 3.227277 -3.123082
v 1.218130 3.287161 -3.324376
v 1.129301 3.287161 -3.140486
v 1.218130 3.428437 -3.324376
v 1.129301 3.428437 -3.140486
v 1.254160 3.488321 -3.306971
v 1.165331 3.488321 -3.123082
v 0.709930 2.444571 -2.839937
v 0.709930 2.838715 -2.839937
v 0.857408 2.444571 -3.145239
v 0.857408 2.838715 -3.145239
v 1.461674 2.444571 -2.476804
v 1.461674 2.838715 -2.476804
v 1.609152 2.444571 -2.782106
v 1.609152 2.838715 -2.782106
v 0.940639 2.466294 -2.874978
v 0.940639 2.596636 -2.874978
v 0.933479 2.572782 -2.872482
v 1.021294 2.466294 -3.041948
v 1.018799 2.490148 -3.049107
v 1.021294 2.596636 -3.041948
v 1.345711 2.466294 -2.679305
v 1.321900 2.601997 -2.684853
v 1.345711 2.596636 -2.679305
v 1.407220 2.460933 -2.861479
v 1.426367 2.466294 -2.846275
v 1.426367 2.596636 -2.846275
v 0.828464 2.680829 -3.029763
v 0.828464 2.932990 -3.029763
v 0.878242 2.680829 -3.132810
v 0.878242 2.932990 -3.132810
v 0.981115 2.680829 -2.956024
v 0.981115 2.932990 -2.956024
v 1.030893 2.680829 -3.059071
v 1.030893 2.932990 -3.059071
v 1.013655 2.680829 -2.940305
v 1.013655 2.932990 -2.940305
v 1.063432 2.680829 -3.043352
v 1.063432 2.932990 -3.043352
v 1.166306 2.680829 -2.866567
v 1.166306 2.932990 -2.866567
v 1.216083 2.680829 -2.969614
v 1.216083 2.932990 -2.969614
v 1.198846 2.680829 -2.850848
v 1.198846 2.932990 -2.850848
v 1.248623 2.680829 -2.953895
v 1.248623 2.932990 -2.953895
v 1.351497 2.680829 -2.777109
v 1.351497 2.932990 -2.777109
v 1.401274 2.680829 -2.880156
v 1.401274 2.932990 -2.880156
v 1.384037 2.680829 -2.761391
v 1.384037 2.932990 -2.761391
v 1.433814 2.680829 -2.864438
v 1.433814 2.932990 -2.864438
v 1.536687 2.680829 -2.687652
v 1.536687 2.932990 -2.687652
v 1.586465 2.680829 -2.790699
v 1.586465 2.932990 -2.790699
v 0.659078 3.412888 -2.471567
v 0.609474 3.467977 -2.495529
v 0.616605 3.436171 -2.456762
v 0.624003 3.429023 -2.488511
v 0.659078 4.514667 -2.471567
v 0.609474 4.459578 -2.495529
v 0.616605 4.491383 -2.456762
v 0.624003 4.498531 -2.488511
v 0.683040 3.412888 -2.521171
v 0.633435 3.467977 -2.545133
v 0.668235 3.436171 -2.563645
v 0.683040 4.514667 -2.521171
v 0.633435 4.459578 -2.545133
v 0.668235 4.491383 -2.563645
v 1.204730 3.412888 -2.207988
v 1.254334 3.467977 -2.184026
v 1.239805 3.429023 -2.191044
v 1.219535 3.436171 -2.165514
v 1.204730 4.514667 -2.207988
v 1.254334 4.459578 -2.184026
v 1.219535 4.491383 -2.165514
v 1.239805 4.498531 -2.191044
v 1.228691 3.412888 -2.257592
v 1.278296 3.467977 -2.233630
v 1.271165 3.436171 -2.272397
v 1.228691 4.514667 -2.257592
v 1.278296 4.459578 -2.233630
v 1.271165 4.491383 -2.272397
v -1.067183 4.141033 -1.640304
v -1.081228 4.161723 -1.623374
v -1.090571 4.156441 -1.651601
v -1.356555 5.359202 -1.756371
v -1.352024 5.379893 -1.777898
v -1.365897 5.353919 -1.784599
v -0.936959 4.141033 -1.909887
v -0.960347 4.156441 -1.921185
v -0.932428 4.161723 -1.931414
v -1.221800 5.379893 -2.047481
v -1.207754 5.359202 -2.064411
v -1.235673 5.353919 -2.054183
v -0.469542 4.310508 -1.351611
v -0.455669 4.336481 -1.344909
v -0.483588 4.331198 -1.334680
v -0.754383 5.549366 -1.489204
v -0.758914 5.528677 -1.467678
v -0.730996 5.533960 -1.477907
v -0.339319 4.310507 -1.621194
v -0.334787 4.331197 -1.642720
v -0.325445 4.336480 -1.614493
v -0.624160 5.549366 -1.758788
v -0.600772 5.533960 -1.747491
v -0.610114 5.528677 -1.775718
v -0.972006 4.477040 -1.841146
v -0.979165 4.500894 -1.838650
v -0.972006 5.213359 -1.841146
v -0.966458 5.218720 -1.864957
v -0.915312 4.477040 -1.958511
v -0.915312 5.213359 -1.958511
v -0.656222 4.477040 -1.688604
v -0.656222 5.213359 -1.688604
v -0.599527 4.477040 -1.805970
v -0.605076 4.471679 -1.782159
v -0.599527 5.213359 -1.805970
v -0.592368 5.189505 -1.808465
v 1.029000 4.310507 -0.627732
v 1.024468 4.331197 -0.606206
v 1.015126 4.336480 -0.634434
v 1.299795 5.528677 -0.473208
v 1.313841 5.549366 -0.490138
v 1.290453 5.533960 -0.501436
v 1.159223 4.310508 -0.897316
v 1.145350 4.336481 -0.904018
v 1.173269 4.331198 -0.914246
v 1.444064 5.549366 -0.759722
v 1.448596 5.528677 -0.781248
v 1.420677 5.533960 -0.771020
v 1.626640 4.141033 -0.339039
v 1.650028 4.156441 -0.327742
v 1.622109 4.161723 -0.317513
v 1.911481 5.379893 -0.201445
v 1.897436 5.359202 -0.184515
v 1.925354 5.353919 -0.194744
v 1.756864 4.141033 -0.608623
v 1.770909 4.161723 -0.625553
v 1.780252 4.156441 -0.597325
v 2.041705 5.379891 -0.471029
v 2.055578 5.353918 -0.464327
v 2.046236 5.359201 -0.492555
v 1.409017 4.477040 -0.690980
v 1.409017 5.213359 -0.690980
v 1.450508 4.471679 -0.789198
v 1.465712 4.477040 -0.808346
v 1.465712 5.213359 -0.808346
v 1.463216 5.189505 -0.815505
v 1.724802 4.477040 -0.538439
v 1.724802 5.213359 -0.538439
v 1.781496 4.477040 -0.655805
v 1.788656 4.500894 -0.658300
v 1.775948 5.218720 -0.631993
v 1.781496 5.213359 -0.655805
v -1.200121 0.649033 -0.693196
v -1.207861 0.666829 -0.677172
v -1.216145 0.666829 -0.700936
v -1.207861 1.366212 -0.677172
v -1.200121 1.384007 -0.693196
v -1.216145 1.366212 -0.700936
v -0.967799 0.649033 -1.174139
v -0.983822 0.666829 -1.181879
v -0.960058 0.666829 -1.190163
v -0.967799 1.384007 -1.174139
v -0.960058 1.366212 -1.190163
v -0.983822 1.366212 -1.181879
v -0.719178 0.649033 -0.460874
v -0.703154 0.666829 -0.453133
v -0.726918 0.666829 -0.444850
v -0.719178 1.384007 -0.460874
v -0.726918 1.366212 -0.444850
v -0.703154 1.366212 -0.453133
v -0.486855 0.649033 -0.941817
v -0.479115 0.666829 -0.957841
v -0.470832 0.666829 -0.934077
v -0.486855 1.384007 -0.941817
v -0.470832 1.366212 -0.934077
v -0.479115 1.366212 -0.957841
v -1.119483 0.103292 -0.762556
v -1.119483 0.827970 -0.762556
v -0.924081 0.103292 -1.167067
v -0.924081 0.827970 -1.167067
v -0.714971 0.103292 -0.567155
v -0.714971 0.827970 -0.567155
v -0.519570 0.103292 -0.971666
v -0.519570 0.827970 -0.971666
v -1.181804 0.000000 -0.725363
v -1.181804 0.215106 -0.725363
v -0.837840 0.000000 -1.437423
v -0.837840 0.215106 -1.437423
v -0.705366 0.000000 -0.495218
v -0.705366 0.215106 -0.495218
v -0.361402 0.000000 -1.207277
v -0.361402 0.215106 -1.207277
v -0.868804 0.029051 -1.363526
v -0.880785 0.056596 -1.338724
v -0.893606 0.056596 -1.375507
v -0.880785 0.158510 -1.338724
v -0.868804 0.186055 -1.363526
v -0.893606 0.158510 -1.375507
v -0.733420 0.029051 -1.643793
v -0.758222 0.056596 -1.655774
v -0.721439 0.056596 -1.668595
v -0.733420 0.186055 -1.643793
v -0.721439 0.158510 -1.668595
v -0.758222 0.158510 -1.655774
v -0.777035 0.029051 -1.319197
v -0.752233 0.056596 -1.307216
v -0.789016 0.056596 -1.294395
v -0.777035 0.186055 -1.319197
v -0.789016 0.158510 -1.294395
v -0.752233 0.158510 -1.307216
v -0.641651 0.029051 -1.599463
v -0.629670 0.056596 -1.624266
v -0.616849 0.056596 -1.587483
v -0.641651 0.186055 -1.599463
v -0.616849 0.158510 -1.587483
v -0.629670 0.158510 -1.624266
v -0.680306 0.029051 -1.272472
v -0.692287 0.056596 -1.247669
v -0.705108 0.056596 -1.284452
v -0.692287 0.158510 -1.247669
v -0.680306 0.186055 -1.272472
v -0.705108 0.158510 -1.284452
v -0.544922 0.029051 -1.552738
v -0.569724 0.056596 -1.564719
v -0.532941 0.056596 -1.577540
v -0.544922 0.186055 -1.552738
v -0.532941 0.158510 -1.577540
v -0.569724 0.158510 -1.564719
v -0.588537 0.029051 -1.228142
v -0.563735 0.056596 -1.216161
v -0.600518 0.056596 -1.203340
v -0.588537 0.186055 -1.228142
v -0.600518 0.158510 -1.203340
v -0.563735 0.158510 -1.216161
v -0.453153 0.029051 -1.508409
v -0.441172 0.056596 -1.533211
v -0.428351 0.056596 -1.496428
v -0.453153 0.186055 -1.508409
v -0.428351 0.158510 -1.496428
v -0.441172 0.158510 -1.533211
v -0.491808 0.029051 -1.181417
v -0.503789 0.056596 -1.156615
v -0.516611 0.056596 -1.193398
v -0.503789 0.158510 -1.156615
v -0.491808 0.186055 -1.181417
v -0.516611 0.158510 -1.193398
v -0.356424 0.029051 -1.461683
v -0.381227 0.056596 -1.473664
v -0.344443 0.056596 -1.486485
v -0.356424 0.186055 -1.461683
v -0.344443 0.158510 -1.486485
v -0.381227 0.158510 -1.473664
v -0.400040 0.029051 -1.137088
v -0.375237 0.056596 -1.125107
v -0.412021 0.056596 -1.112285
v -0.400040 0.186055 -1.137088
v -0.412021 0.158510 -1.112285
v -0.375237 0.158510 -1.125107
v -0.264656 0.029051 -1.417354
v -0.252675 0.056596 -1.442156
v -0.239853 0.056596 -1.405373
v -0.264656 0.186055 -1.417354
v -0.239853 0.158510 -1.405373
v -0.252675 0.158510 -1.442156
v 0.486437 0.649033 0.121505
v 0.478697 0.666829 0.137528
v 0.470414 0.666829 0.113764
v 0.478697 1.366212 0.137528
v 0.486437 1.384007 0.121505
v 0.470414 1.366212 0.113764
v 0.718759 0.649033 -0.359439
v 0.702736 0.666829 -0.367179
v 0.726500 0.666829 -0.375462
v 0.718759 1.384007 -0.359439
v 0.726500 1.366212 -0.375462
v 0.702736 1.366212 -0.367179
v 0.967381 0.649033 0.353827
v 0.983404 0.666829 0.361567
v 0.959640 0.666829 0.369850
v 0.967381 1.384007 0.353827
v 0.959640 1.366212 0.369850
v 0.983404 1.366212 0.361567
v 1.199703 0.649033 -0.127117
v 1.207443 0.666829 -0.143140
v 1.215726 0.666829 -0.119376
v 1.199703 1.384007 -0.127117
v 1.215726 1.366212 -0.119376
v 1.207443 1.366212 -0.143140
v 0.567076 0.103292 0.052144
v 0.567076 0.827970 0.052144
v 0.762477 0.103292 -0.352367
v 0.762477 0.827970 -0.352367
v 0.971587 0.103292 0.247545
v 0.971587 0.827970 0.247545
v 1.166988 0.103292 -0.156966
v 1.166988 0.827970 -0.156966
v 0.504754 0.000000 0.089337
v 0.504754 0.215106 0.089337
v 0.848719 0.000000 -0.622723
v 0.848719 0.215106 -0.622723
v 0.981192 0.000000 0.319483
v 0.981192 0.215106 0.319483
v 1.325156 0.000000 -0.392577
v 1.325156 0.215106 -0.392577
v 0.817755 0.029051 -0.548826
v 0.805774 0.056596 -0.524024
v 0.792952 0.056596 -0.560807
v 0.805774 0.158510 -0.524024
v 0.817755 0.186055 -0.548826
v 0.792952 0.158510 -0.560807
v 0.953139 0.029051 -0.829092
v 0.928336 0.056596 -0.841073
v 0.965119 0.056596 -0.853895
v 0.953139 0.186055 -0.829092
v 0.965119 0.158510 -0.853895
v 0.928336 0.158510 -0.841073
v 0.909523 0.029051 -0.504497
v 0.934325 0.056596 -0.492516
v 0.897542 0.056596 -0.479694
v 0.909523 0.186055 -0.504497
v 0.897542 0.158510 -0.479694
v 0.934325 0.158510 -0.492516
v 1.044907 0.029051 -0.784763
v 1.056888 0.056596 -0.809565
v 1.069710 0.056596 -0.772782
v 1.044907 0.186055 -0.784763
v 1.069710 0.158510 -0.772782
v 1.056888 0.158510 -0.809565
v 1.006252 0.029051 -0.457771
v 0.994271 0.056596 -0.432969
v 0.981450 0.056596 -0.469752
v 0.994271 0.158510 -0.432969
v 1.006252 0.186055 -0.457771
v 0.981450 0.158510 -0.469752
v 1.141636 0.029051 -0.738038
v 1.116834 0.056596 -0.750018
v 1.153617 0.056596 -0.762840
v 1.141636 0.186055 -0.738038
v 1.153617 0.158510 -0.762840
v 1.116834 0.158510 -0.750018
v 1.098021 0.029051 -0.413442
v 1.122823 0.056596 -0.401461
v 1.086040 0.056596 -0.388640
v 1.098021 0.186055 -0.413442
v 1.086040 0.158510 -0.388640
v 1.122823 0.158510 -0.401461
v 1.233405 0.029051 -0.693708
v 1.245386 0.056596 -0.718511
v 1.258207 0.056596 -0.681727
v 1.233405 0.186055 -0.693708
v 1.258207 0.158510 -0.681727
v 1.245386 0.158510 -0.718511
v 1.194750 0.029051 -0.366716
v 1.182769 0.056596 -0.341914
v 1.169948 0.056596 -0.378697
v 1.182769 0.158510 -0.341914
v 1.194750 0.186055 -0.366716
v 1.169948 0.158510 -0.378697
v 1.330134 0.029051 -0.646983
v 1.305332 0.056596 -0.658964
v 1.342115 0.056596 -0.671785
v 1.330134 0.186055 -0.646983
v 1.342115 0.158510 -0.671785
v 1.305332 0.158510 -0.658964
v 1.286518 0.029051 -0.322387
v 1.311321 0.056596 -0.310406
v 1.274538 0.056596 -0.297585
v 1.286518 0.186055 -0.322387
v 1.274538 0.158510 -0.297585
v 1.311321 0.158510 -0.310406
v 1.421903 0.029051 -0.602654
v 1.433884 0.056596 -0.627456
v 1.446705 0.056596 -0.590673
v 1.421903 0.186055 -0.602654
v 1.446705 0.158510 -0.590673
v 1.433884 0.158510 -0.627456
v -2.038783 0.649033 1.042967
v -2.046523 0.666829 1.058991
v -2.054807 0.666829 1.035227
v -2.046523 1.366212 1.058991
v -2.038783 1.384007 1.042967
v -2.054807 1.366212 1.035227
v -1.806461 0.649033 0.562024
v -1.822485 0.666829 0.554283
v -1.798721 0.666829 0.546000
v -1.806461 1.384007 0.562024
v -1.798721 1.366212 0.546000
v -1.822485 1.366212 0.554283
v -1.557840 0.649033 1.275289
v -1.541816 0.666829 1.283030
v -1.565580 0.666829 1.291313
v -1.557840 1.384007 1.275289
v -1.565580 1.366212 1.291313
v -1.541816 1.366212 1.283030
v -1.325518 0.649033 0.794346
v -1.317777 0.666829 0.778322
v -1.309494 0.666829 0.802086
v -1.325518 1.384007 0.794346
v -1.309494 1.366212 0.802086
v -1.317777 1.366212 0.778322
v -1.958145 0.103292 0.973607
v -1.958145 0.827970 0.973607
v -1.762744 0.103292 0.569096
v -1.762744 0.827970 0.569096
v -1.553634 0.103292 1.169008
v -1.553634 0.827970 1.169008
v -1.358233 0.103292 0.764497
v -1.358233 0.827970 0.764497
v -2.020466 0.000000 1.010800
v -2.020466 0.215106 1.010800
v -1.676502 0.000000 0.298740
v -1.676502 0.215106 0.298740
v -1.544028 0.000000 1.240945
v -1.544028 0.215106 1.240945
v -1.200064 0.000000 0.528885
v -1.200064 0.215106 0.528885
v -1.707466 0.029051 0.372636
v -1.719447 0.056596 0.397439
v -1.732268 0.056596 0.360655
v -1.719447 0.158510 0.397439
v -1.707466 0.186055 0.372636
v -1.732268 0.158510 0.360655
v -1.572082 0.029051 0.092370
v -1.596884 0.056596 0.080389
v -1.560101 0.056596 0.067568
v -1.572082 0.186055 0.092370
v -1.560101 0.158510 0.067568
v -1.596884 0.158510 0.080389
v -1.615697 0.029051 0.416966
v -1.590895 0.056596 0.428947
v -1.627678 0.056596 0.441768
v -1.615697 0.186055 0.416966
v -1.627678 0.158510 0.441768
v -1.590895 0.158510 0.428947
v -1.480313 0.029051 0.136699
v -1.468332 0.056596 0.111897
v -1.455511 0.056596 0.148680
v -1.480313 0.186055 0.136699
v -1.455511 0.158510 0.148680
v -1.468332 0.158510 0.111897
v -1.518968 0.029051 0.463691
v -1.530949 0.056596 0.488494
v -1.543771 0.056596 0.451710
v -1.530949 0.158510 0.488494
v -1.518968 0.186055 0.463691
v -1.543771 0.158510 0.451710
v -1.383584 0.029051 0.183425
v -1.408387 0.056596 0.171444
v -1.371603 0.056596 0.158623
v -1.383584 0.186055 0.183425
v -1.371603 0.158510 0.158623
v -1.408387 0.158510 0.171444
v -1.427200 0.029051 0.508021
v -1.402397 0.056596 0.520001
v -1.439180 0.056596 0.532823
v -1.427200 0.186055 0.508021
v -1.439180 0.158510 0.532823
v -1.402397 0.158510 0.520001
v -1.291816 0.029051 0.227754
v -1.279835 0.056596 0.202952
v -1.267013 0.056596 0.239735
v -1.291816 0.186055 0.227754
v -1.267013 0.158510 0.239735
v -1.279835 0.158510 0.202952
v -1.330470 0.029051 0.554746
v -1.342451 0.056596 0.579548
v -1.355273 0.056596 0.542765
v -1.342451 0.158510 0.579548
v -1.330470 0.186055 0.554746
v -1.355273 0.158510 0.542765
v -1.195086 0.029051 0.274480
v -1.219889 0.056596 0.262499
v -1.183106 0.056596 0.249677
v -1.195086 0.186055 0.274480
v -1.183106 0.158510 0.249677
v -1.219889 0.158510 0.262499
v -1.238702 0.029051 0.599075
v -1.213899 0.056596 0.611056
v -1.250683 0.056596 0.623878
v -1.238702 0.186055 0.599075
v -1.250683 0.158510 0.623878
v -1.213899 0.158510 0.611056
v -1.103318 0.029051 0.318809
v -1.091337 0.056596 0.294007
v -1.078516 0.056596 0.330790
v -1.103318 0.186055 0.318809
v -1.078516 0.158510 0.330790
v -1.091337 0.158510 0.294007
v -0.352225 0.649033 1.857668
v -0.359965 0.666829 1.873691
v -0.368249 0.666829 1.849927
v -0.359965 1.366212 1.873691
v -0.352225 1.384007 1.857668
v -0.368249 1.366212 1.849927
v -0.119903 0.649033 1.376724
v -0.135926 0.666829 1.368984
v -0.112163 0.666829 1.360701
v -0.119903 1.384007 1.376724
v -0.112163 1.366212 1.360701
v -0.135926 1.366212 1.368984
v 0.128718 0.649033 2.089990
v 0.144742 0.666829 2.097730
v 0.120978 0.666829 2.106013
v 0.128718 1.384007 2.089990
v 0.120978 1.366212 2.106013
v 0.144742 1.366212 2.097730
v 0.361040 0.649033 1.609046
v 0.368781 0.666829 1.593023
v 0.377064 0.666829 1.616786
v 0.361040 1.384007 1.609046
v 0.377064 1.366212 1.616786
v 0.368781 1.366212 1.593023
v -0.271587 0.103292 1.788307
v -0.271587 0.827970 1.788307
v -0.076185 0.103292 1.383796
v -0.076185 0.827970 1.383796
v 0.132924 0.103292 1.983708
v 0.132924 0.827970 1.983708
v 0.328326 0.103292 1.579197
v 0.328326 0.827970 1.579197
v -0.333908 0.000000 1.825500
v -0.333908 0.215106 1.825500
v 0.010056 0.000000 1.113440
v 0.010056 0.215106 1.113440
v 0.142530 0.000000 2.055646
v 0.142530 0.215106 2.055646
v 0.486494 0.000000 1.343586
v 0.486494 0.215106 1.343586
v -0.020908 0.029051 1.187337
v -0.032889 0.056596 1.212139
v -0.045710 0.056596 1.175356
v -0.032889 0.158510 1.212139
v -0.020908 0.186055 1.187337
v -0.045710 0.158510 1.175356
v 0.114476 0.029051 0.907071
v 0.089674 0.056596 0.895090
v 0.126457 0.056596 0.882268
v 0.114476 0.186055 0.907071
v 0.126457 0.158510 0.882268
v 0.089674 0.158510 0.895090
v 0.070861 0.029051 1.231666
v 0.095663 0.056596 1.243647
v 0.058880 0.056596 1.256469
v 0.070861 0.186055 1.231666
v 0.058880 0.158510 1.256469
v 0.095663 0.158510 1.243647
v 0.206245 0.029051 0.951400
v 0.218226 0.056596 0.926598
v 0.231047 0.056596 0.963381
v 0.206245 0.186055 0.951400
v 0.231047 0.158510 0.963381
v 0.218226 0.158510 0.926598
v 0.167590 0.029051 1.278392
v 0.155609 0.056596 1.303194
v 0.142788 0.056596 1.266411
v 0.155609 0.158510 1.303194
v 0.167590 0.186055 1.278392
v 0.142788 0.158510 1.266411
v 0.302974 0.029051 0.998125
v 0.278172 0.056596 0.986144
v 0.314955 0.056596 0.973323
v 0.302974 0.186055 0.998125
v 0.314955 0.158510 0.973323
v 0.278172 0.158510 0.986144
v 0.259359 0.029051 1.322721
v 0.284161 0.056596 1.334702
v 0.247378 0.056596 1.347523
v 0.259359 0.186055 1.322721
v 0.247378 0.158510 1.347523
v 0.284161 0.158510 1.334702
v 0.394743 0.029051 1.042455
v 0.406724 0.056596 1.017652
v 0.419545 0.056596 1.054435
v 0.394743 0.186055 1.042455
v 0.419545 0.158510 1.054435
v 0.406724 0.158510 1.017652
v 0.356088 0.029051 1.369446
v 0.344107 0.056596 1.394249
v 0.331285 0.056596 1.357466
v 0.344107 0.158510 1.394249
v 0.356088 0.186055 1.369446
v 0.331285 0.158510 1.357466
v 0.491472 0.029051 1.089180
v 0.466669 0.056596 1.077199
v 0.503453 0.056596 1.064378
v 0.491472 0.186055 1.089180
v 0.503453 0.158510 1.064378
v 0.466669 0.158510 1.077199
v 0.447856 0.029051 1.413776
v 0.472659 0.056596 1.425757
v 0.435875 0.056596 1.438578
v 0.447856 0.186055 1.413776
v 0.435875 0.158510 1.438578
v 0.472659 0.158510 1.425757
v 0.583240 0.029051 1.133509
v 0.595221 0.056596 1.108707
v 0.608043 0.056596 1.145490
v 0.583240 0.186055 1.133509
v 0.608043 0.158510 1.145490
v 0.595221 0.158510 1.108707
v -1.791783 1.726894 2.637904
v -1.801072 1.748248 2.657133
v -1.811011 1.748248 2.628616
v -1.801072 2.323082 2.657133
v -1.791783 2.344436 2.637904
v -1.811011 2.323082 2.628616
v -1.409961 1.726894 1.847472
v -1.429189 1.748248 1.838183
v -1.400672 1.748248 1.828244
v -1.409961 2.344436 1.847472
v -1.400672 2.323082 1.828244
v -1.429189 2.323082 1.838183
v -1.274177 1.726894 2.887937
v -1.254948 1.748248 2.897225
v -1.283465 1.748248 2.907165
v -1.274177 2.344436 2.887937
v -1.283465 2.323082 2.907165
v -1.254948 2.323082 2.897225
v -0.892354 1.726894 2.097504
v -0.883066 1.748248 2.078276
v -0.873126 1.748248 2.106792
v -0.892354 2.344436 2.097504
v -0.873126 2.323082 2.106792
v -0.883066 2.323082 2.078276
v -1.975707 2.092314 3.176416
v -1.975707 2.529906 3.176416
v -1.761408 2.092314 2.732783
v -1.761408 2.529906 2.732783
v -1.581678 2.092314 3.366753
v -1.581678 2.529906 3.366753
v -1.367379 2.092314 2.923121
v -1.367379 2.529906 2.923121
v -0.922812 2.141073 -0.526642
v -0.913692 2.035665 -0.545521
v -0.922812 1.930257 -0.526642
v -0.987652 1.781187 -0.392413
v -0.954820 2.290143 -0.367642
v -0.888118 2.230434 -0.427107
v -0.843549 2.141073 -0.466840
v -0.843549 1.930257 -0.466840
v -0.849585 2.230434 -0.361605
v -0.793203 2.141073 -0.381258
v -0.793203 1.930257 -0.381258
v -0.849585 1.840896 -0.361605
v -0.779441 2.141073 -0.282924
v -0.779441 1.930257 -0.282924
v -0.839052 1.840896 -0.286344
v -0.928266 1.781187 -0.291461
v -0.858122 2.230434 -0.212780
v -0.804358 2.141073 -0.186809
v -0.804358 1.930257 -0.186809
v -0.858122 1.840896 -0.212780
v -0.963357 2.290143 -0.218817
v -0.903892 2.230434 -0.152115
v -0.864159 2.141073 -0.107545
v -0.864159 1.930257 -0.107545
v -0.969394 2.230434 -0.113582
v -0.949741 2.141073 -0.057200
v -0.942840 2.035665 -0.037401
v -0.949741 1.930257 -0.057200
v -0.969394 1.840896 -0.113582
v -1.048075 2.141073 -0.043438
v -1.049276 2.035665 -0.022506
v -1.044656 1.840896 -0.103049
v -1.039538 1.781187 -0.192263
v -1.118219 2.230434 -0.122119
v -1.144190 2.141073 -0.068355
v -1.153310 2.035665 -0.049475
v -1.118219 1.840896 -0.122119
v -1.112182 2.290143 -0.227354
v -1.178885 2.230434 -0.167889
v -1.178885 1.840896 -0.167889
v -1.112182 1.781187 -0.227354
v -1.217417 2.230434 -0.233391
v -1.293598 2.035665 -0.206837
v -1.217417 1.840896 -0.233391
v -1.208880 2.230434 -0.382216
v -1.281525 2.035665 -0.417307
v -1.208880 1.840896 -0.382216
v -1.103645 2.290143 -0.376179
v -1.163110 2.230434 -0.442882
v -1.163110 1.840896 -0.442882
v -1.103645 1.781187 -0.376179
v -1.097608 2.230434 -0.481414
v -1.124162 2.035665 -0.557595
v -1.097608 1.840896 -0.481414
v -0.948784 2.230434 -0.472877
v -0.948784 1.840896 -0.472877
v 0.204721 2.173387 1.065375
v 0.195601 2.067979 1.084255
v 0.130761 1.918910 1.218484
v 0.163593 2.427865 1.243255
v 0.230295 2.368156 1.183789
v 0.268828 2.368156 1.249291
v 0.325210 2.278795 1.229638
v 0.345008 2.173387 1.222737
v 0.325210 2.067979 1.229638
v 0.268828 1.978619 1.249291
v 0.184446 1.918910 1.278704
v 0.338972 2.278795 1.327972
v 0.359904 2.173387 1.329173
v 0.338972 2.067979 1.327972
v 0.279361 1.978619 1.324553
v 0.260291 2.368156 1.398116
v 0.314055 2.278795 1.424088
v 0.332935 2.173387 1.433207
v 0.314055 2.067979 1.424088
v 0.155056 2.427865 1.392080
v 0.214521 2.368156 1.458782
v 0.254254 2.278795 1.503351
v 0.268207 2.173387 1.519002
v 0.254254 2.067979 1.503351
v 0.155056 1.918910 1.392080
v 0.149019 2.368156 1.497314
v 0.175573 2.173387 1.573495
v 0.168672 2.067979 1.553696
v 0.078875 2.427865 1.418634
v 0.073757 2.368156 1.507848
v 0.070338 2.067979 1.567458
v 0.073757 1.978619 1.507848
v 0.000194 2.368156 1.488777
v -0.025777 2.278795 1.542542
v -0.034897 2.173387 1.561422
v -0.025777 2.067979 1.542542
v 0.000194 1.978619 1.488777
v 0.039063 1.918910 1.408313
v -0.014623 2.427865 1.348093
v -0.155386 2.278795 1.397158
v -0.155386 2.067979 1.397158
v -0.169148 2.067979 1.298825
v -0.020323 1.918910 1.307362
v -0.144232 2.278795 1.202709
v -0.144232 2.067979 1.202709
v 0.014768 2.427865 1.234717
v -0.084430 2.278795 1.123446
v 0.020805 2.368156 1.129482
v 0.001152 2.278795 1.073101
v -0.005749 2.173387 1.053302
v 0.001152 2.067979 1.073101
v 0.050217 1.918910 1.213864
v 0.090949 2.427865 1.208163
v 0.096066 2.368156 1.118950
v 0.169630 2.368156 1.138020
v 0.202484 1.876976 -0.420396
v 0.313755 1.727906 -0.519594
v 0.313755 1.517090 -0.519594
v 0.202484 1.368021 -0.420396
v 0.364101 1.727906 -0.434012
v 0.383899 1.622498 -0.440913
v 0.229038 1.876976 -0.344215
v 0.377862 1.727906 -0.335678
v 0.398795 1.622498 -0.334477
v 0.377862 1.517090 -0.335678
v 0.318252 1.427729 -0.339097
v 0.229038 1.368021 -0.344215
v 0.352946 1.727906 -0.239563
v 0.371826 1.622498 -0.230443
v 0.253412 1.817267 -0.204868
v 0.293145 1.727906 -0.160299
v 0.307097 1.622498 -0.144648
v 0.253412 1.427729 -0.204868
v 0.158497 1.876976 -0.250717
v 0.187910 1.817267 -0.166336
v 0.214464 1.622498 -0.090155
v 0.187910 1.427729 -0.166336
v 0.112648 1.427729 -0.155803
v 0.117766 1.368021 -0.245017
v 0.039085 1.817267 -0.174873
v 0.013114 1.727906 -0.121108
v 0.003994 1.622498 -0.102229
v 0.013114 1.517090 -0.121108
v 0.039085 1.427729 -0.174873
v 0.045122 1.876976 -0.280108
v -0.021581 1.817267 -0.220643
v -0.066150 1.727906 -0.180910
v -0.081801 1.622498 -0.166957
v -0.066150 1.517090 -0.180910
v -0.021581 1.427729 -0.220643
v 0.018568 1.876976 -0.356288
v -0.070646 1.817267 -0.361406
v -0.130257 1.727906 -0.364826
v -0.151190 1.622498 -0.366026
v -0.130257 1.517090 -0.364826
v -0.070646 1.427729 -0.361406
v 0.018568 1.368021 -0.356288
v -0.105341 1.727906 -0.460941
v -0.105341 1.517090 -0.460941
v 0.089108 1.876976 -0.449786
v 0.040043 1.727906 -0.590550
v 0.040043 1.517090 -0.590550
v 0.089108 1.368021 -0.449786
v 0.138376 1.727906 -0.604312
v 0.138376 1.517090 -0.604312
v -1.072321 2.703310 0.952138
v -0.961049 2.554240 0.852940
v -0.945398 2.448832 0.838987
v -1.005618 2.254063 0.892673
v -1.072321 2.194354 0.952138
v -1.045767 2.703310 1.028318
v -0.896942 2.554240 1.036856
v -0.876009 2.448832 1.038056
v -0.956553 2.254063 1.033436
v -1.045767 2.194354 1.028318
v -1.080858 2.703310 1.100963
v -0.981660 2.554240 1.212235
v -0.967707 2.448832 1.227885
v -1.021393 2.254063 1.167665
v -1.157038 2.703310 1.127517
v -1.162156 2.643600 1.216731
v -1.165576 2.554240 1.276342
v -1.166776 2.448832 1.297274
v -1.162156 2.254063 1.216731
v -1.157038 2.194354 1.127517
v -1.296385 2.643600 1.151891
v -1.340955 2.554240 1.191624
v -1.356605 2.448832 1.205577
v -1.340955 2.343424 1.191624
v -1.296385 2.254063 1.151891
v -1.250536 2.703310 1.056976
v -1.334918 2.643600 1.086389
v -1.391300 2.554240 1.106042
v -1.391300 2.343424 1.106042
v -1.334918 2.254063 1.086389
v -1.250536 2.194354 1.056976
v -1.405062 2.554240 1.007708
v -1.405062 2.343424 1.007708
v -1.245916 2.703310 0.976433
v -1.380145 2.554240 0.911593
v -1.399025 2.448832 0.902473
v -1.380145 2.343424 0.911593
v -1.326381 2.254063 0.937564
v -1.245916 2.194354 0.976433
v -1.320344 2.554240 0.832329
v -1.334296 2.448832 0.816678
v -1.215109 2.643600 0.838366
v -1.234762 2.554240 0.781984
v -1.241663 2.448832 0.762185
v -1.215109 2.254063 0.838366
v -1.185696 2.194354 0.922747
v -1.144965 2.703310 0.917047
v -1.139847 2.643600 0.827833
v -1.136428 2.554240 0.768222
v -1.135227 2.448832 0.747289
v -1.139847 2.254063 0.827833
v 0.307004 2.691962 0.220376
v 0.307004 2.481146 0.220376
v 0.274996 2.841032 0.379376
v 0.386268 2.691962 0.280178
v 0.386268 2.481146 0.280178
v 0.341699 2.391785 0.319911
v 0.436613 2.691962 0.365760
v 0.436613 2.481146 0.365760
v 0.380231 2.391785 0.385413
v 0.295850 2.332077 0.414825
v 0.301550 2.841032 0.455556
v 0.390764 2.781323 0.460674
v 0.450375 2.691962 0.464094
v 0.471308 2.586554 0.465294
v 0.450375 2.481146 0.464094
v 0.390764 2.391785 0.460674
v 0.371694 2.391785 0.534237
v 0.291230 2.332077 0.495369
v 0.266459 2.841032 0.528201
v 0.325924 2.781323 0.594903
v 0.365657 2.691962 0.639472
v 0.379610 2.586554 0.655123
v 0.365657 2.481146 0.639472
v 0.325924 2.391785 0.594903
v 0.280075 2.691962 0.689818
v 0.280075 2.481146 0.689818
v 0.190279 2.841032 0.554755
v 0.181741 2.691962 0.703580
v 0.181741 2.481146 0.703580
v 0.190279 2.332077 0.554755
v 0.085626 2.691962 0.678663
v 0.085626 2.481146 0.678663
v 0.012399 2.781323 0.513627
v -0.043983 2.691962 0.533280
v -0.063781 2.586554 0.540181
v -0.043983 2.481146 0.533280
v 0.012399 2.391785 0.513627
v 0.091080 2.841032 0.443483
v 0.001866 2.781323 0.438365
v 0.001866 2.391785 0.438365
v 0.091080 2.332077 0.443483
v 0.020936 2.781323 0.364802
v -0.051708 2.586554 0.329711
v 0.020936 2.391785 0.364802
v 0.066706 2.391785 0.304136
v 0.126171 2.332077 0.370839
v 0.161621 2.841032 0.349985
v 0.132208 2.781323 0.265604
v 0.112555 2.691962 0.209222
v 0.105654 2.586554 0.189423
v 0.112555 2.481146 0.209222
v 0.132208 2.391785 0.265604
v 0.210889 2.481146 0.195460
v 0.202352 2.332077 0.344285
v -0.919789 1.484776 -0.089620
v -0.960917 1.739254 0.088259
v -0.894215 1.679545 0.028794
v -0.894215 1.290007 0.028794
v -0.960917 1.230298 0.088259
v -0.855682 1.679545 0.094296
v -0.779502 1.484776 0.067742
v -0.855682 1.290007 0.094296
v -0.944684 1.739254 0.204252
v -0.864219 1.679545 0.243121
v -0.810455 1.590184 0.269092
v -0.791575 1.484776 0.278212
v -0.810455 1.379368 0.269092
v -0.864219 1.290007 0.243121
v -0.944684 1.230298 0.204252
v -0.870256 1.590184 0.348356
v -0.870256 1.379368 0.348356
v -1.045635 1.739254 0.263638
v -1.050753 1.679545 0.352852
v -1.054172 1.590184 0.412463
v -1.055373 1.484776 0.433396
v -1.054172 1.379368 0.412463
v -1.050753 1.290007 0.352852
v -1.124316 1.290007 0.333782
v -1.085447 1.230298 0.253317
v -1.118279 1.739254 0.228547
v -1.184982 1.679545 0.288012
v -1.229551 1.590184 0.327745
v -1.245202 1.484776 0.341698
v -1.184982 1.290007 0.288012
v -1.144833 1.739254 0.152366
v -1.293658 1.590184 0.143829
v -1.314591 1.484776 0.142628
v -1.293658 1.379368 0.143829
v -1.234047 1.290007 0.147249
v -1.144833 1.230298 0.152366
v -1.268742 1.590184 0.047714
v -1.268742 1.379368 0.047714
v -1.103705 1.679545 -0.025513
v -1.123358 1.590184 -0.081895
v -1.130260 1.484776 -0.101694
v -1.123358 1.379368 -0.081895
v -1.103705 1.290007 -0.025513
v -1.033562 1.739254 0.053168
v -1.028444 1.679545 -0.036046
v -1.028444 1.290007 -0.036046
v -1.033562 1.230298 0.053168
v -0.954881 1.679545 -0.016976
v -0.954881 1.290007 -0.016976
v -0.502448 4.386455 -1.406659
v -0.502448 5.854834 -1.406659
v -0.402894 4.386455 -1.612751
v -0.402894 5.854834 -1.612751
v -0.296355 4.386455 -1.307105
v -0.296355 5.854834 -1.307105
v -0.196801 4.386455 -1.513198
v -0.196801 5.854834 -1.513198
v -1.019089 5.578818 -1.680350
v -1.019089 5.764248 -1.680350
v -0.938433 5.578818 -1.847321
v -0.938433 5.764248 -1.847321
v -0.356072 5.578818 -1.360076
v -0.356072 5.764248 -1.360076
v -0.275416 5.578818 -1.527047
v -0.275416 5.764248 -1.527047
v -0.915677 5.991985 -1.324499
v -0.915677 6.177415 -1.324499
v -0.835021 5.991985 -1.491470
v -0.835021 6.177415 -1.491470
v -0.451078 5.991985 -1.100073
v -0.451078 6.177415 -1.100073
v -0.370423 5.991985 -1.267043
v -0.370423 6.177415 -1.267043
v 0.886482 4.386455 -0.735729
v 0.886482 5.854834 -0.735729
v 0.986037 4.386455 -0.941822
v 0.986037 5.854834 -0.941822
v 1.092575 4.386455 -0.636175
v 1.092575 5.854834 -0.636175
v 1.192129 4.386455 -0.842268
v 1.192129 5.854834 -0.842268
v 0.965097 5.578818 -0.721879
v 0.965097 5.764248 -0.721879
v 1.045753 5.578818 -0.888850
v 1.045753 5.764248 -0.888850
v 1.628114 5.578818 -0.401605
v 1.628114 5.764248 -0.401605
v 1.708770 5.578818 -0.568576
v 1.708770 5.764248 -0.568576
v 0.820486 5.991985 -0.485837
v 0.820486 6.177415 -0.485837
v 0.901142 5.991985 -0.652807
v 0.901142 6.177415 -0.652807
v 1.285084 5.991985 -0.261410
v 1.285084 6.177415 -0.261410
v 1.365740 5.991985 -0.428381
v 1.365740 6.177415 -0.428381
vn -0.3076 -0.7071 0.6367
vn -0.7710 -0.5774 0.2687
vn -0.3076 0.7071 0.6367
vn -0.6367 -0.7071 -0.3076
vn -0.4350 -0.0000 0.9004
vn -0.0000 1.0000 -0.0000
vn -0.7710 0.5774 0.2687
vn -0.3291 -0.0000 -0.9443
vn -0.2687 -0.5774 -0.7710
vn 0.3076 -0.7071 -0.6367
vn -0.6367 0.7071 -0.3076
vn 0.4350 -0.0000 -0.9004
vn -0.2687 0.5774 -0.7710
vn 0.9004 -0.0000 0.4350
vn 0.2687 -0.5773 0.7710
vn 0.2687 0.5773 0.7710
vn -0.9004 -0.0000 -0.4350
vn 0.9443 -0.0000 -0.3291
vn 0.3291 -0.0000 0.9443
vn 0.7710 -0.5774 -0.2687
vn 0.6367 -0.7071 0.3076
vn 0.7710 0.5773 -0.2687
vn -0.9443 -0.0000 0.3291
vn 0.2805 -0.8859 0.3694
vn -0.8793 0.0103 -0.4762
vn -0.5650 -0.0000 0.8251
vn 0.0372 0.9989 0.0294
vn -0.7803 0.0201 -0.6251
vn 0.3446 -0.9239 0.1665
vn -0.4299 0.1526 0.8899
vn -0.9004 0.0064 -0.4350
vn -0.8949 0.0463 -0.4438
vn 0.1374 -0.9883 0.0664
vn -0.1374 0.9883 -0.0664
vn -0.1925 -0.9745 -0.1153
vn 0.8899 0.1526 0.4299
vn 0.1925 0.9745 0.1153
vn 0.2100 0.9745 0.0791
vn -0.6251 0.0201 0.7803
vn -0.0573 -0.0000 0.9984
vn -0.8899 0.1526 -0.4299
vn 0.5672 -0.0000 -0.8236
vn 0.3446 0.9239 0.1665
vn 0.4762 -0.0103 -0.8793
vn 0.4350 -0.0077 -0.9004
vn 0.2100 0.9745 0.0792
vn -0.9004 -0.0141 -0.4349
vn -0.5672 -0.0000 0.8236
vn -0.0372 0.9989 -0.0294
vn 0.6251 0.0201 -0.7803
vn 0.8793 -0.0103 0.4762
vn 0.3446 0.9239 0.1664
vn 0.9004 0.0141 0.4349
vn 0.1349 0.9887 0.0652
vn -0.9039 0.0463 -0.4252
vn 0.2100 -0.9745 0.0792
vn -0.2226 0.0201 0.9747
vn 0.9032 -0.0000 0.4291
vn -0.0218 0.9989 0.0405
vn -0.3928 0.0103 0.9196
vn -0.0664 -0.9883 0.1374
vn -0.2925 -0.0000 0.9563
vn 0.9554 -0.0000 0.2952
vn -0.2952 -0.0000 0.9554
vn 0.9194 -0.0069 0.3934
vn -0.0000 -1.0000 -0.0000
vn 0.2226 0.0201 -0.9747
vn 0.0372 -0.9989 0.0294
vn -0.6252 0.0201 0.7802
vn 0.4758 -0.0020 -0.8795
vn 0.6251 -0.0201 -0.7803
vn -0.9196 -0.0103 -0.3928
vn -0.0462 -0.9989 -0.0108
vn -0.0791 -0.9745 0.2100
vn 0.7802 0.0201 0.6251
vn -0.9196 0.0103 -0.3928
vn 0.3928 -0.0103 -0.9196
vn -0.4759 -0.0152 0.8794
vn 0.9747 0.0201 0.2226
vn 0.9004 0.0077 0.4350
vn -0.9004 -0.0077 -0.4350
vn 0.1374 0.9883 0.0664
vn -0.9064 -0.0141 -0.4222
vn -0.3928 -0.0103 0.9196
vn 0.3934 0.0069 -0.9194
vn 0.9032 -0.0064 0.4292
vn 0.3934 -0.0069 -0.9194
vn -0.4762 -0.0103 0.8793
vn -0.3932 -0.0020 0.9195
vn -0.3446 -0.9239 -0.1665
vn -0.3446 0.9239 -0.1665
vn 0.4299 0.1526 -0.8899
vn -0.4762 0.0103 0.8793
vn -0.0422 0.9989 -0.0182
vn -0.1349 0.9887 -0.0652
vn 0.9065 -0.0000 0.4222
vn -0.0575 -0.9885 0.1401
vn -0.3446 0.9239 -0.1664
vn -0.0575 0.9885 0.1401
vn 0.2226 -0.0201 -0.9747
vn -0.5661 -0.0092 0.8243
vn 0.9033 -0.0000 0.4290
vn 0.3928 0.0103 -0.9196
vn -0.1374 -0.9883 -0.0664
vn -0.1926 0.9745 -0.1153
vn 0.9039 0.0463 0.4252
vn -0.7803 -0.0201 -0.6251
vn -0.0372 -0.9989 -0.0294
vn -0.8971 -0.0000 -0.4418
vn 0.0405 -0.9989 0.0218
vn -0.0442 0.9989 -0.0136
vn 0.0294 0.9989 -0.0372
vn -0.0108 -0.9989 0.0462
vn -0.2938 -0.0092 0.9558
vn -0.4350 -0.0075 0.9004
vn 0.0108 -0.9989 -0.0462
vn 0.5650 -0.0000 -0.8251
vn 0.0792 -0.9745 -0.2100
vn 0.3930 0.0152 -0.9194
vn -0.0652 0.9887 0.1349
vn -0.2100 0.9745 -0.0792
vn 0.9037 0.0077 0.4280
vn 0.0573 -0.0000 -0.9984
vn 0.7803 -0.0201 0.6251
vn -0.9563 -0.0000 -0.2925
vn -0.4419 -0.0000 0.8971
vn 0.4417 -0.0000 -0.8972
vn 0.1665 -0.9239 -0.3446
vn 0.1665 0.9239 -0.3446
vn -0.0462 0.9989 -0.0108
vn 0.1349 -0.9887 0.0652
vn 0.1664 0.9239 -0.3446
vn -0.0664 0.9883 0.1374
vn -0.6655 -0.0000 -0.7464
vn 0.1664 -0.9239 -0.3446
vn 0.9984 -0.0000 0.0573
vn 0.0792 0.9745 -0.2100
vn 0.4350 0.0065 -0.9004
vn 0.9563 -0.0000 0.2925
vn 0.2925 -0.0000 -0.9563
vn -0.8236 -0.0000 -0.5672
vn -0.6251 -0.0201 0.7803
vn 0.2237 0.8576 -0.4631
vn -0.9038 -0.0000 -0.4280
vn -0.9004 0.0141 -0.4349
vn -0.9066 -0.0000 -0.4220
vn 0.0294 -0.9989 -0.0372
vn 0.4301 0.1498 -0.8903
vn 0.0108 0.9989 -0.0462
vn -0.1926 -0.9745 -0.1153
vn -0.0294 -0.9989 0.0372
vn -0.8793 -0.0103 -0.4762
vn -0.0136 0.9989 0.0442
vn -0.0481 0.9988 -0.0063
vn -0.8319 -0.3827 -0.4019
vn 0.4019 -0.3827 -0.8319
vn 0.8319 -0.3827 0.4019
vn -0.4019 -0.3827 0.8319
vn 0.9037 -0.0077 0.4280
vn -0.2100 0.9745 -0.0791
vn 0.8949 0.0463 0.4438
vn 0.4756 0.0069 -0.8796
vn -0.9747 0.0201 -0.2226
vn 0.1153 -0.9745 -0.1925
vn -0.0740 -0.9885 0.1321
vn -0.8795 -0.0020 -0.4758
vn -0.4301 0.1498 0.8903
vn -0.0740 0.9885 0.1321
vn -0.0791 0.9745 0.2100
vn -0.1153 0.9745 0.1925
vn -0.4350 0.0075 0.9004
vn 0.9196 0.0103 0.3928
vn -0.1153 -0.9745 0.1925
vn 0.6251 0.0201 -0.7802
vn 0.4758 0.0020 -0.8795
vn -0.8862 -0.2235 -0.4058
vn -0.0182 0.9989 0.0422
vn 0.3076 0.7071 -0.6367
vn 0.6367 0.7071 0.3076
vn 0.7710 0.5774 -0.2687
vn -0.7710 -0.5773 0.2687
vn -0.7710 0.5774 0.2688
vn -0.2687 -0.5773 -0.7710
vn 0.2687 -0.5774 0.7710
vn 0.2687 0.5774 0.7710
vn -0.7710 0.5773 0.2687
vn -0.2688 0.5774 -0.7710
vn 0.2688 0.5774 0.7710
vn 0.3292 -0.0000 0.9443
vn 0.7710 -0.5773 -0.2687
vn 0.7744 -0.5102 0.3741
vn -0.2687 0.5773 -0.7710
vn 0.7710 -0.5774 -0.2688
vn 0.2036 0.5443 0.8138
vn -0.4139 -0.8030 0.4287
vn 0.3093 0.1749 0.9347
vn 0.9443 -0.0000 -0.3292
vn -0.8971 0.0077 -0.4419
vn -0.7710 -0.5774 0.2688
vn 0.1500 -0.6851 -0.7128
vn 0.2688 -0.5773 0.7710
vn 0.4651 -0.6851 -0.5606
vn 0.2688 0.5773 0.7710
vn 0.9245 -0.1749 -0.3387
vn 0.7710 0.5774 -0.2688
vn 0.9004 0.0064 0.4350
vn 0.9004 -0.0064 0.4350
vn 0.7464 -0.0000 -0.6655
vn -0.8251 -0.0000 -0.5650
vn 0.2100 -0.9745 0.0791
vn -0.4376 0.2225 0.8712
vn 0.7464 -0.0000 -0.6654
vn 0.9927 -0.0000 -0.1209
vn 0.0462 -0.9989 0.0108
vn 0.4292 0.0064 -0.9032
vn 0.8243 -0.0092 0.5661
vn -0.9743 0.0090 -0.2250
vn -0.9184 0.0048 -0.3955
vn 0.1926 -0.9745 0.1153
vn -0.0294 0.9989 0.0372
vn 0.0218 0.9989 -0.0405
vn 0.1925 -0.9745 0.1153
vn 0.0462 0.9989 0.0108
vn 0.7465 -0.0000 -0.6654
vn -0.1349 -0.9887 -0.0652
vn -0.4280 -0.0000 0.9038
vn 0.4282 -0.0000 -0.9037
vn -0.2100 -0.9745 -0.0791
vn 0.9004 0.0075 0.4350
vn -0.7464 -0.0000 0.6654
vn -0.2100 -0.9745 -0.0792
vn 0.3932 0.0020 -0.9195
vn -0.1925 0.9745 -0.1153
vn 0.8971 -0.0000 0.4419
vn 0.5661 0.0092 -0.8243
vn -0.7464 -0.0000 0.6655
vn 0.8236 -0.0000 0.5672
vn 0.2938 -0.0092 -0.9558
vn 0.9195 -0.0020 0.3932
vn -0.2226 -0.0201 0.9747
vn -0.9747 -0.0201 -0.2226
vn 0.4299 0.1525 -0.8899
vn -0.0481 -0.9988 -0.0063
vn 0.3932 -0.0020 -0.9195
vn 0.7803 0.0201 0.6251
vn 0.1153 0.9745 -0.1925
vn -0.0792 0.9745 0.2100
vn -0.9984 -0.0000 -0.0573
vn 0.6655 -0.0000 0.7464
vn -0.0792 -0.9745 0.2100
vn 0.0182 0.9989 -0.0422
vn 0.9196 -0.0103 0.3928
vn -0.0261 0.9989 0.0381
vn 0.9004 -0.0065 0.4350
vn 0.4350 0.0077 -0.9004
vn 0.0791 0.9745 -0.2100
vn -0.0405 0.9989 -0.0218
vn 0.0791 -0.9745 -0.2100
vn -0.0108 0.9989 0.0462
vn 0.6654 -0.0000 0.7464
vn -0.4299 0.1525 0.8899
vn -0.8687 -0.2235 -0.4419
vn 0.8862 -0.2235 0.4058
vn 0.0348 -0.9988 0.0338
vn 0.8687 -0.2235 0.4419
vn 0.4756 -0.0069 -0.8796
vn 0.0405 0.9989 0.0218
vn -0.8687 -0.2235 -0.4420
vn 0.0282 0.8701 -0.4921
vn 0.0422 0.9989 0.0182
vn 0.8687 -0.2235 0.4420
vn -0.1064 -0.2394 0.9651
vn -0.1774 -0.0000 -0.9841
vn -0.3250 0.8419 0.4307
vn 0.0662 -0.8722 -0.4846
vn 0.7523 0.5207 -0.4036
vn 0.6912 0.0456 -0.7212
vn -0.7517 -0.5567 0.3537
vn -0.1928 -0.9507 0.2427
vn 0.8213 -0.0000 0.5705
vn 0.7687 -0.5207 0.3713
vn 0.4144 -0.4813 0.7724
vn -0.4145 0.7411 0.5282
vn 0.3531 0.8722 0.3384
vn 0.0662 0.8722 -0.4846
vn -0.2876 -0.0898 0.9535
vn -0.4098 -0.8666 -0.2847
vn -0.3813 0.4813 0.7893
vn -0.8812 -0.0000 0.4728
vn -0.3583 0.5404 -0.7614
vn -0.7724 0.4813 0.4144
vn 0.4712 0.8666 -0.1642
vn 0.3747 -0.0000 0.9271
vn -0.7687 -0.5207 -0.3713
vn -0.8317 0.4954 -0.2508
vn 0.5705 -0.0000 -0.8213
vn -0.4466 0.8392 -0.3102
vn -0.4098 0.8666 -0.2847
vn -0.2633 -0.4103 0.8731
vn 0.3160 -0.4960 -0.8088
vn 0.9831 -0.0456 -0.1772
vn -0.3022 0.8996 0.3153
vn -0.0062 -0.9999 0.0128
vn 0.3847 0.8612 0.3321
vn -0.9898 0.0456 -0.1353
vn 0.7823 -0.5601 -0.2727
vn 0.7973 -0.5359 -0.2779
vn -0.7220 -0.0000 -0.6919
vn 0.3522 -0.8729 0.3376
vn 0.1354 -0.0000 -0.9908
vn 0.6804 -0.5601 0.4726
vn -0.1467 -0.8736 -0.4640
vn 0.2859 0.4954 0.8203
vn 0.1576 -0.4589 0.8744
vn -0.9461 -0.2968 -0.1293
vn -0.3813 -0.4813 0.7893
vn 0.1774 -0.0000 0.9841
vn 0.4436 -0.5600 -0.6998
vn 0.8167 0.5218 0.2463
vn 0.4728 -0.0000 0.8812
vn -0.3583 -0.5404 -0.7614
vn 0.9574 -0.0000 0.2887
vn -0.6048 -0.0000 -0.7964
vn -0.2228 0.9689 -0.1076
vn -0.0892 0.4640 -0.8814
vn 0.2938 0.0092 -0.9558
vn -0.1284 -0.3764 -0.9175
vn -0.4823 -0.0000 -0.8760
vn 0.2518 -0.8154 -0.5213
vn 0.4823 -0.0000 0.8760
vn -0.2518 -0.8153 0.5213
vn -0.2518 0.8153 0.5213
vn -0.9860 -0.0000 0.1667
vn 0.8971 -0.0077 0.4419
vn 0.2518 0.8153 -0.5213
vn 0.0348 0.9988 0.0338
vn -0.2688 -0.5773 -0.7710
vn -0.2688 0.5773 -0.7710
vn -0.9443 -0.0000 0.3292
vn -0.3292 -0.0000 -0.9443
vn -0.4758 -0.0020 0.8795
vn 0.9860 -0.0000 -0.1667
vn 0.2518 -0.8153 -0.5213
vn 0.1764 -0.7112 -0.6805
vn -0.3093 0.1749 -0.9347
vn -0.2228 -0.9689 -0.1076
vn 0.3160 0.4960 -0.8088
vn -0.4651 -0.6851 0.5606
vn -0.9245 -0.1749 0.3387
vn 0.9245 0.1749 -0.3387
vn -0.7710 -0.5773 0.2688
vn -0.7710 0.5773 0.2688
vn 0.4594 0.8601 0.2219
vn -0.8725 -0.2474 -0.4214
vn -0.7744 -0.5102 -0.3741
vn -0.8725 0.2474 -0.4214
vn 0.5135 -0.8392 -0.1790
vn 0.7745 0.5102 0.3741
vn -0.7487 0.5556 -0.3617
vn -0.7487 -0.5556 -0.3617
vn 0.4415 0.0428 -0.8962
vn 0.7487 -0.5556 0.3617
vn 0.3129 0.6620 0.6811
vn 0.3074 -0.3574 0.8819
vn -0.7779 -0.0000 0.6283
vn -0.6449 -0.5719 -0.5069
vn 0.9004 -0.0077 0.4350
vn 0.4104 -0.2225 -0.8843
vn 0.7069 -0.6903 -0.1544
vn -0.4276 -0.0428 0.9030
vn -0.6292 0.5567 -0.5424
vn 0.0062 0.9999 -0.0128
vn -0.1164 -0.9636 0.2409
vn 0.4253 -0.7692 0.4770
vn -0.0261 0.9872 0.1572
vn 0.8807 -0.0048 0.4736
vn -0.0366 0.7692 0.6380
vn 0.2237 -0.8576 -0.4631
vn 0.0068 1.0000 0.0033
vn -0.1164 0.9636 0.2409
vn 0.7535 -0.0000 0.6574
vn -0.9834 -0.0000 -0.1816
vn -0.6262 -0.7022 0.3387
vn 0.3094 -0.1749 0.9347
vn -0.8835 0.4165 0.2144
vn 0.4594 -0.8601 0.2219
vn -0.9245 0.1749 0.3387
vn 0.1500 0.6851 -0.7128
vn -0.1240 -0.7022 -0.7011
vn -0.3812 0.4165 -0.8253
vn -0.7973 -0.5359 0.2779
vn -0.7745 0.5102 -0.3741
vn -0.0892 -0.4640 -0.8814
vn 0.3812 -0.4166 0.8253
vn -0.4594 0.8601 -0.2219
vn 0.1239 0.7022 0.7011
vn -0.4651 0.6851 0.5606
vn 0.8835 -0.4166 -0.2144
vn 0.2228 0.9689 0.1076
vn 0.2228 -0.9689 0.1076
vn 0.4651 0.6851 -0.5606
vn 0.6262 0.7023 -0.3387
vn 0.9743 -0.0090 0.2250
vn 0.9743 0.0090 0.2250
vn -0.8807 -0.0048 -0.4736
vn -0.7819 -0.0090 -0.6233
vn 0.8807 0.0048 0.4736
vn -0.0068 1.0000 -0.0033
vn 0.0068 -1.0000 0.0033
vn -0.8835 -0.4166 0.2144
vn -0.3514 0.5895 0.7274
vn -0.4594 -0.8601 -0.2219
vn -0.6262 0.7022 0.3387
vn -0.1500 0.6851 0.7128
vn 0.8725 0.2474 0.4214
vn -0.3093 -0.1749 -0.9347
vn -0.1500 -0.6851 0.7128
vn -0.3812 -0.4166 -0.8253
vn -0.1240 0.7022 -0.7011
vn 0.1240 -0.7022 0.7011
vn 0.3812 0.4165 0.8253
vn 0.6262 -0.7022 -0.3387
vn 0.8725 -0.2474 0.4214
vn 0.8835 0.4166 -0.2144
vn -0.0068 -1.0000 -0.0033
vn -0.4281 -0.0000 0.9037
vn 0.7710 -0.5773 -0.2688
vn 0.7487 0.5556 0.3617
vn -0.5223 -0.0000 -0.8528
vn 0.0442 0.9989 0.0136
vn -0.9004 0.0077 -0.4350
vn 0.9004 -0.0075 0.4350
vn -0.9037 0.0077 -0.4280
vn -0.6767 0.6622 0.3220
vn -0.8796 -0.0069 -0.4756
vn 0.4812 0.4364 0.7603
vn -0.4086 0.3429 0.8458
vn -0.7003 -0.0449 -0.7125
vn 0.6380 0.7692 0.0366
vn -0.6279 -0.3313 -0.7043
vn -0.3590 -0.3495 0.8654
vn -0.9479 0.0673 -0.3113
vn 0.5095 -0.6620 -0.5497
vn -0.7090 0.6967 -0.1090
vn -0.2463 0.1915 0.9501
vn 0.6457 0.5282 -0.5514
vn 0.7341 -0.1807 -0.6545
vn 0.6625 0.7126 -0.2309
vn 0.3280 -0.8701 0.3679
vn 0.1706 0.6967 0.6968
vn 0.7334 -0.0000 0.6798
vn -0.5705 -0.3985 -0.7182
vn 0.8019 -0.3985 0.4452
vn 0.9369 0.3495 0.0004
vn 0.8831 0.1951 0.4266
vn -0.5282 0.7411 -0.4145
vn 0.7043 -0.3313 -0.6279
vn 0.4174 -0.0000 0.9087
vn 0.5379 0.3134 0.7826
vn 0.9720 0.1915 -0.1360
vn -0.4479 0.7424 -0.4983
vn 0.6527 -0.1951 0.7321
vn 0.2365 0.8393 -0.4895
vn -0.4921 -0.8701 -0.0282
vn 0.1789 0.8393 0.5134
vn 0.8853 -0.1264 -0.4476
vn 0.8819 -0.3574 -0.3074
vn -0.8870 -0.3429 0.3092
vn -0.0537 -0.7432 -0.6669
vn -0.1354 0.8419 0.5223
vn 0.1764 0.7112 -0.6805
vn -0.5217 0.7176 0.4613
vn -0.3250 -0.8419 0.4307
vn -0.5465 -0.6963 -0.4654
vn 0.3887 0.6620 -0.6408
vn -0.6023 -0.0000 0.7983
vn -0.5465 0.6963 -0.4654
vn 0.8538 -0.3176 0.4124
vn -0.9324 -0.3574 -0.0535
vn -0.7132 -0.0000 0.7010
vn 0.5344 0.8419 -0.0748
vn 0.1057 0.0449 -0.9934
vn 0.2209 0.6963 -0.6830
vn -0.6391 -0.6963 0.3267
vn 0.3406 -0.8590 0.3821
vn 0.6614 0.6786 0.3195
vn 0.4502 0.0673 0.8904
vn -0.5534 0.8103 0.1929
vn -0.0004 -0.3239 0.9461
vn 0.6798 -0.0000 -0.7334
vn -0.2656 0.3069 -0.9139
vn 0.2179 -0.7424 0.6335
vn -0.0004 0.3495 0.9369
vn -0.5165 -0.7281 -0.4506
vn 0.0004 0.3495 -0.9369
vn 0.9369 -0.3495 0.0004
vn -0.9377 -0.0000 -0.3474
vn -0.5037 0.5481 0.6677
vn 0.2231 -0.7424 0.6317
vn -0.9324 0.3574 -0.0535
vn -0.7010 -0.0000 -0.7132
vn 0.0421 -0.6786 -0.7333
vn 0.6045 0.7424 0.2889
vn 0.9713 -0.0000 -0.2379
vn -0.6622 0.3495 -0.6628
vn 0.5534 -0.8103 -0.1929
vn 0.5438 -0.7298 -0.4142
vn -0.6805 0.7112 -0.1764
vn 0.5277 0.8103 0.2549
vn -0.4895 -0.8393 -0.2365
vn -0.3891 -0.8725 0.2955
vn -0.3900 -0.8103 -0.4374
vn -0.9973 0.0459 -0.0572
vn 0.6936 0.6786 -0.2418
vn 0.6519 0.6967 -0.2995
vn -0.8870 0.3429 0.3092
vn -0.4145 -0.7411 0.5282
vn -0.9863 0.0948 -0.1348
vn -0.7280 0.6620 0.1783
vn 0.6693 0.3239 -0.6687
vn -0.7209 -0.5481 0.4241
vn 0.4278 0.1807 -0.8856
vn -0.4651 -0.8419 0.2736
vn -0.7209 0.5481 0.4241
vn 0.1077 0.3239 -0.9399
vn 0.6811 -0.6620 -0.3129
vn 0.8856 0.1807 0.4278
vn 0.2889 -0.7424 -0.6045
vn -0.0748 -0.8419 -0.5344
vn 0.4698 -0.3764 0.7985
vn -0.1056 -0.3744 0.9212
vn 0.1077 -0.3239 -0.9399
vn 0.4062 -0.3574 -0.8410
vn -0.2549 0.8103 0.5277
vn 0.5533 0.5556 0.6206
vn -0.6687 -0.3239 -0.6693
vn 0.9287 0.1807 -0.3237
vn -0.7408 0.3239 0.5885
vn -0.4307 0.8419 -0.3250
vn 0.8458 0.3429 0.4086
vn -0.6279 0.3313 -0.7043
vn 0.9517 -0.3069 0.0045
vn 0.3237 0.1807 0.9287
vn -0.4592 -0.3239 0.8272
vn -0.0004 0.3239 0.9461
vn -0.2365 -0.8393 0.4895
vn -0.7280 -0.6843 -0.0418
vn 0.6206 0.5556 -0.5533
vn -0.9287 0.1807 0.3237
vn 0.3704 0.6829 0.6297
vn -0.3724 0.7432 -0.5558
vn 0.5344 -0.8419 -0.0748
vn -0.9399 0.3239 -0.1077
vn -0.9592 -0.0000 0.2828
vn 0.6021 -0.7424 0.2939
vn 0.9792 0.1951 0.0562
vn 0.2365 -0.8393 -0.4895
vn -0.1386 -0.0000 -0.9903
vn -0.7043 -0.3313 0.6279
vn 0.8410 -0.3574 0.4062
vn -0.5612 -0.7112 -0.4234
vn 0.0004 -0.3495 -0.9369
vn 0.0563 -0.1807 -0.9819
vn 0.1354 -0.8419 -0.5223
vn 0.8301 -0.5556 0.0476
vn 0.7043 0.3313 -0.6279
vn -0.4921 0.8701 -0.0282
vn -0.9399 -0.3239 -0.1077
vn 0.3047 -0.7281 0.6140
vn -0.8658 -0.3495 0.3581
vn 0.3891 -0.8725 -0.2955
vn 0.1401 0.9885 0.0575
vn 0.4281 -0.0000 -0.9037
vn 0.4762 0.0103 -0.8793
vt 0.367403 0.743785
vt 0.384116 0.757597
vt 0.384116 0.992403
vt 0.132597 0.743785
vt 0.384116 0.006215
vt 0.632597 0.743785
vt 0.867403 0.743785
vt 0.615884 0.992403
vt 0.615884 0.757597
vt 0.132597 0.506215
vt 0.384116 0.243785
vt 0.632597 0.506215
vt 0.867403 0.506215
vt 0.615884 0.006215
vt 0.615884 0.243785
vt 0.615884 0.257597
vt 0.384116 0.257597
vt 0.384116 0.492403
vt 0.367403 0.506215
vt 0.615884 0.492403
vt 0.615884 0.743785
vt 0.384116 0.743785
vt 0.384116 0.506215
vt 0.615884 0.506215
vt 0.618163 0.993163
vt 0.618163 0.756837
vt 0.631837 0.742569
vt 0.868163 0.742569
vt 0.381837 0.242569
vt 0.618163 0.242569
vt 0.618163 0.256837
vt 0.381837 0.256837
vt 0.618163 0.493163
vt 0.381837 0.493163
vt 0.601282 0.011859
vt 0.601283 0.238141
vt 0.375000 0.238141
vt 0.375000 0.011859
vt 0.300000 0.250000
vt 0.300000 0.083333
vt 0.550000 0.083333
vt 0.550000 0.250000
vt 0.450000 0.250000
vt 0.350000 0.250000
vt 0.619237 0.235912
vt 0.380763 0.255763
vt 0.375000 0.066667
vt 0.597727 0.000000
vt 0.613473 0.000000
vt 0.625000 0.971823
vt 0.386527 1.000000
vt 0.375000 0.933333
vt 0.378842 0.755550
vt 0.402273 0.750000
vt 0.402273 0.816667
vt 0.597727 0.816667
vt 0.597727 0.750000
vt 0.630550 0.746158
vt 0.658333 0.783333
vt 0.375000 0.222727
vt 0.375000 0.027273
vt 0.375000 0.011527
vt 0.402273 0.000000
vt 0.625000 0.027273
vt 0.625000 0.222727
vt 0.619237 0.244237
vt 0.402273 0.250000
vt 0.380763 0.264088
vt 0.630550 0.746158
vt 0.621158 0.494450
vt 0.808333 0.500000
vt 0.875000 0.722727
vt 0.875000 0.738473
vt 0.625000 0.183333
vt 0.379002 0.749977
vt 0.375000 0.504025
vt 0.620998 0.500023
vt 0.625000 0.745975
vt 0.612993 0.000000
vt 0.618996 0.243962
vt 0.381004 0.256004
vt 0.375000 0.012075
vt 0.308333 0.722727
vt 0.308333 0.527273
vt 0.375000 0.527273
vt 0.375000 0.722727
vt 0.619450 0.746158
vt 0.625000 0.988473
vt 0.403177 1.000000
vt 0.375000 0.972727
vt 0.441667 0.972727
vt 0.441667 0.777273
vt 0.361364 0.763636
vt 0.384392 0.750000
vt 0.375000 0.504403
vt 0.620108 0.499511
vt 0.625000 0.745597
vt 0.379892 0.750489
vt 0.617662 0.243396
vt 0.382338 0.257338
vt 0.375000 0.013208
vt 0.610325 0.000000
vt 0.597727 0.250000
vt 0.402273 0.250000
vt 0.380763 0.264088
vt 0.375000 0.222727
vt 0.375000 0.027273
vt 0.375000 0.011527
vt 0.402273 0.000000
vt 0.597727 0.000000
vt 0.613473 0.000000
vt 0.625000 0.222727
vt 0.619236 0.244237
vt 0.369450 0.503842
vt 0.630550 0.746158
vt 0.378842 0.755550
vt 0.596823 0.000000
vt 0.610911 0.244236
vt 0.389089 0.255763
vt 0.375000 0.222727
vt 0.441667 0.000000
vt 0.369450 0.503842
vt 0.378842 0.755550
vt 0.153177 0.750000
vt 0.125000 0.722727
vt 0.191667 0.722727
vt 0.191667 0.527273
vt 0.125000 0.527273
vt 0.125000 0.511527
vt 0.846823 0.500000
vt 0.875000 0.738473
vt 0.625000 0.722727
vt 0.691667 0.722727
vt 0.691667 0.527273
vt 0.625000 0.527273
vt 0.621158 0.494450
vt 0.191667 0.500000
vt 0.125000 0.722727
vt 0.598584 0.000000
vt 0.611792 0.240094
vt 0.437500 0.250000
vt 0.388208 0.254503
vt 0.375000 0.019812
vt 0.562500 0.000000
vt 0.613473 0.000000
vt 0.619236 0.244237
vt 0.380763 0.264088
vt 0.615608 0.500000
vt 0.619450 0.746158
vt 0.375000 0.722727
vt 0.441667 0.722727
vt 0.441667 0.527273
vt 0.380550 0.503842
vt 0.625000 0.527273
vt 0.658333 0.466667
vt 0.625000 0.722727
vt 0.402273 1.000000
vt 0.625000 0.933333
vt 0.597727 0.816667
vt 0.402273 0.816667
vt 0.402273 0.750000
vt 0.597727 0.750000
vt 0.402273 0.250000
vt 0.378774 0.255870
vt 0.375000 0.011740
vt 0.617453 0.000000
vt 0.621226 0.244130
vt 0.596824 0.000000
vt 0.610912 0.244237
vt 0.389088 0.255763
vt 0.441667 0.222727
vt 0.441667 0.027273
vt 0.191667 0.500000
vt 0.378842 0.755550
vt 0.369450 0.503842
vt 0.625000 0.027273
vt 0.625000 0.222727
vt 0.619237 0.244237
vt 0.375000 0.027273
vt 0.375000 0.011527
vt 0.380764 0.264088
vt 0.402273 0.316667
vt 0.597727 0.316667
vt 0.597727 0.250000
vt 0.619237 0.244237
vt 0.308333 0.527273
vt 0.375000 0.527273
vt 0.691667 0.527273
vt 0.691667 0.722727
vt 0.380764 0.264088
vt 0.625000 0.316667
vt 0.625000 0.277273
vt 0.621158 0.505550
vt 0.375000 0.509392
vt 0.380764 0.255763
vt 0.619237 0.235912
vt 0.658333 0.466667
vt 0.402273 0.000000
vt 0.613473 0.000000
vt 0.386527 1.000000
vt 0.630550 0.746158
vt 0.875000 0.738473
vt 0.369450 0.503842
vt 0.402273 0.500000
vt 0.625000 0.740608
vt 0.378842 0.744450
vt 0.375000 0.509392
vt 0.402273 0.500000
vt 0.625000 0.566667
vt 0.630550 0.746158
vt 0.402273 0.750000
vt 0.378842 0.755550
vt 0.369450 0.503842
vt 0.382548 0.746698
vt 0.379246 0.506604
vt 0.617453 0.503302
vt 0.620755 0.743396
vt 0.808333 0.500000
vt 0.875000 0.527273
vt 0.808333 0.527273
vt 0.808333 0.722727
vt 0.875000 0.722727
vt 0.875000 0.738473
vt 0.808333 0.750000
vt 0.610911 0.244237
vt 0.441667 0.250000
vt 0.341667 0.466667
vt 0.658333 0.783333
vt 0.402273 0.750000
vt 0.597727 0.500000
vt 0.621158 0.494450
vt 0.875000 0.721823
vt 0.847727 0.500000
vt 0.863473 0.500000
vt 0.875000 0.566667
vt 0.597727 1.000000
vt 0.375000 0.933333
vt 0.613473 0.000000
vt 0.619237 0.244237
vt 0.378842 0.744450
vt 0.136527 0.750000
vt 0.125000 0.528177
vt 0.152273 0.500000
vt 0.152273 0.566667
vt 0.347727 0.566667
vt 0.361364 0.486364
vt 0.375000 0.509392
vt 0.630550 0.746158
vt 0.625000 0.971823
vt 0.597727 1.000000
vt 0.597727 0.933333
vt 0.402273 0.933333
vt 0.375000 0.509392
vt 0.625000 0.566666
vt 0.625000 0.740608
vt 0.597727 0.683334
vt 0.402273 0.683334
vt 0.378842 0.744450
vt 0.375000 0.683334
vt 0.625000 0.933333
vt 0.375000 0.933333
vt 0.375000 0.566666
vt 0.375000 0.509392
vt 0.621158 0.505550
vt 0.625000 0.683334
vt 0.378842 0.744450
vt 0.308333 0.722727
vt 0.375000 0.527273
vt 0.691667 0.527273
vt 0.691667 0.722727
vt 0.875000 0.527273
vt 0.808333 0.527273
vt 0.808333 0.722727
vt 0.136740 0.750000
vt 0.125000 0.511740
vt 0.373602 0.503914
vt 0.377516 0.750000
vt 0.619237 0.244237
vt 0.613473 0.000000
vt 0.125000 0.722727
vt 0.621158 0.494450
vt 0.402273 0.500000
vt 0.625000 0.316667
vt 0.402273 0.250000
vt 0.619236 0.244236
vt 0.369450 0.503842
vt 0.402273 1.000000
vt 0.615608 0.500000
vt 0.863473 0.500000
vt 0.402273 1.000000
vt 0.875000 0.728868
vt 0.630763 0.742956
vt 0.623719 0.500000
vt 0.853867 0.500000
vt 0.625000 0.740608
vt 0.597727 0.750000
vt 0.619450 0.746158
vt 0.441667 0.777273
vt 0.386527 1.000000
vt 0.341667 0.783333
vt 0.375000 0.277273
vt 0.380763 0.255763
vt 0.619236 0.235912
vt 0.375000 0.028177
vt 0.380763 0.255763
vt 0.125000 0.511527
vt 0.152273 0.750000
vt 0.597727 0.250000
vt 0.375000 0.183333
vt 0.691667 0.527273
vt 0.625000 0.527273
vt 0.621158 0.505550
vt 0.638636 0.486364
vt 0.380763 0.255763
vt 0.389088 0.255763
vt 0.375000 0.222727
vt 0.863473 0.500000
vt 0.619450 0.746158
vt 0.615608 0.500000
vt 0.402273 0.500000
vt 0.621158 0.505550
vt 0.846823 0.500000
vt 0.808333 0.527273
vt 0.808333 0.722727
vt 0.875000 0.722727
vt 0.597727 0.250000
vt 0.378842 0.755550
vt 0.597727 0.500000
vt 0.375000 0.316667
vt 0.621158 0.494450
vt 0.386321 0.254953
vt 0.375000 0.019811
vt 0.602358 0.000000
vt 0.613679 0.240094
vt 0.619450 0.746158
vt 0.403177 1.000000
vt 0.441666 0.972727
vt 0.441666 0.777273
vt 0.384392 0.750000
vt 0.619237 0.244237
vt 0.375000 0.509392
vt 0.375000 0.277273
vt 0.380764 0.255763
vt 0.625000 0.277273
vt 0.638636 0.486364
vt 0.378842 0.755550
vt 0.630550 0.746158
vt 0.191667 0.527273
vt 0.875000 0.527273
vt 0.441667 0.472727
vt 0.441667 0.277273
vt 0.625000 0.741195
vt 0.625000 0.992796
vt 0.382204 1.000000
vt 0.377401 0.743596
vt 0.341667 0.783333
vt 0.375000 0.027273
vt 0.375000 0.011527
vt 0.597727 0.000000
vt 0.625000 0.027273
vt 0.625000 0.222727
vt 0.619236 0.244237
vt 0.625000 0.722727
vt 0.691667 0.722727
vt 0.691667 0.527273
vt 0.378842 0.755550
vt 0.369450 0.503842
vt 0.191667 0.722727
vt 0.191667 0.527273
vt 0.125000 0.527273
vt 0.378842 0.744450
vt 0.125000 0.683333
vt 0.152273 0.500000
vt 0.347727 0.566667
vt 0.361364 0.486364
vt 0.652273 0.566667
vt 0.847727 0.566667
vt 0.847727 0.500000
vt 0.369450 0.503842
vt 0.380550 0.503842
vt 0.402273 1.000000
vt 0.619237 0.244237
vt 0.615608 0.500000
vt 0.619450 0.746158
vt 0.441667 0.750000
vt 0.375000 0.527273
vt 0.380550 0.503842
vt 0.441667 0.527273
vt 0.380550 0.503842
vt 0.619237 0.244237
vt 0.153177 0.750000
vt 0.125000 0.511527
vt 0.369450 0.503842
vt 0.125000 0.527273
vt 0.619450 0.746158
vt 0.375000 0.011527
vt 0.597727 0.000000
vt 0.625000 0.027273
vt 0.375000 0.027273
vt 0.191667 0.750000
vt 0.621158 0.494450
vt 0.630550 0.746158
vt 0.441667 0.722727
vt 0.441666 0.972727
vt 0.441666 0.777273
vt 0.441667 0.277273
vt 0.375000 0.277273
vt 0.875000 0.683334
vt 0.638636 0.763636
vt 0.618396 0.504717
vt 0.620283 0.743396
vt 0.381604 0.745283
vt 0.379717 0.506604
vt 0.136527 0.750000
vt 0.125000 0.566666
vt 0.623719 0.500000
vt 0.380763 0.264088
vt 0.402273 0.000000
vt 0.152273 0.750000
vt 0.597727 1.000000
vt 0.378842 0.744450
vt 0.136527 0.750000
vt 0.441667 0.972727
vt 0.625000 0.972727
vt 0.621158 0.505550
vt 0.125000 0.528176
vt 0.375000 0.316667
vt 0.378842 0.755550
vt 0.341667 0.466667
vt 0.610911 0.244237
vt 0.441666 0.222727
vt 0.441666 0.027273
vt 0.378842 0.744450
vt 0.610911 0.244237
vt 0.441666 0.222727
vt 0.441666 0.027273
vt 0.615608 0.500000
vt 0.380550 0.503842
vt 0.441666 0.472727
vt 0.441666 0.277273
vt 0.619237 0.244237
vt 0.597727 0.316667
vt 0.402273 0.316667
vt 0.375000 0.683333
vt 0.619237 0.235912
vt 0.597727 0.183333
vt 0.402273 0.183333
vt 0.625000 0.988473
vt 0.378842 0.744450
vt 0.864889 0.500000
vt 0.875000 0.743049
vt 0.620955 0.747683
vt 0.617585 0.498947
vt 0.621158 0.505550
vt 0.441666 0.472727
vt 0.441666 0.277273
vt 0.625000 0.740608
vt 0.847727 0.500000
vt 0.125000 0.515095
vt 0.377201 0.505032
vt 0.379403 0.747170
vt 0.131604 0.750000
vt 0.597727 0.566667
vt 0.402273 0.566667
vt 0.621158 0.494450
vt 0.652273 0.566667
vt 0.619237 0.244236
vt 0.597727 0.500000
vt 0.597727 0.433333
vt 0.402273 0.433333
vt 0.378842 0.744450
vt 0.375000 0.028176
vt 0.402273 0.066666
vt 0.597727 0.066666
vt 0.620597 0.502830
vt 0.868396 0.500000
vt 0.875000 0.734905
vt 0.622799 0.744968
vt 0.855769 0.666667
vt 0.855769 0.583333
vt 0.644231 0.583333
vt 0.644231 0.666667
vt 0.625000 0.666667
vt 0.623239 0.509031
vt 0.866872 0.500000
vt 0.875000 0.666667
vt 0.152273 0.566667
vt 0.152273 0.500000
vt 0.597727 0.566667
vt 0.402273 0.566667
vt 0.625000 0.277273
vt 0.308333 0.527273
vt 0.308333 0.722727
vt 0.375000 0.722727
vt 0.621158 0.494450
vt 0.625000 0.222727
vt 0.375000 0.222727
vt 0.125000 0.683334
vt 0.615608 0.500000
vt 0.441666 0.722727
vt 0.441666 0.527273
vt 0.380550 0.503842
vt 0.863260 0.500000
vt 0.875000 0.738260
vt 0.626398 0.746087
vt 0.622484 0.500000
vt 0.369450 0.503842
vt 0.341667 0.783333
vt 0.441667 0.500000
vt 0.441666 0.277273
vt 0.375000 0.972727
vt 0.875000 0.721824
vt 0.847727 0.750000
vt 0.620955 0.747683
vt 0.617585 0.498947
vt 0.875000 0.743048
vt 0.373602 0.503913
vt 0.620956 0.747683
vt 0.382415 0.751053
vt 0.379045 0.502317
vt 0.864889 0.500000
vt 0.375000 0.509392
vt 0.361364 0.486364
vt 0.308333 0.527273
vt 0.308333 0.722727
vt 0.152273 0.500000
vt 0.135111 0.750000
vt 0.125000 0.506952
vt 0.860325 0.500000
vt 0.875000 0.736792
vt 0.441667 0.472727
vt 0.625000 0.066666
vt 0.875000 0.566666
vt 0.808333 0.500000
vt 0.602755 0.000000
vt 0.613878 0.246524
vt 0.386122 0.255056
vt 0.375000 0.006951
vt 0.610912 0.244237
vt 0.369450 0.503842
vt 0.621158 0.494450
vt 0.808333 0.750000
vt 0.875000 0.527273
vt 0.441667 0.027273
vt 0.441667 0.222727
vt 0.380550 0.503842
vt 0.441667 0.027273
vt 0.375000 0.316667
vt 0.610912 0.244237
vt 0.375000 0.066666
vt 0.441667 1.000000
vt 0.441666 0.777273
vt 0.152273 0.750000
vt 0.625000 0.740608
vt 0.875000 0.728868
vt 0.626510 0.742956
vt 0.621478 0.502012
vt 0.859905 0.500000
vt 0.606365 0.742973
vt 0.606365 0.754726
vt 0.372637 0.752363
vt 0.388380 0.739835
vt 0.606365 0.010165
vt 0.606365 0.239835
vt 0.375000 0.239835
vt 0.375000 0.010165
vt 0.372412 0.752588
vt 0.388323 0.739835
vt 0.606365 0.743030
vt 0.606365 0.755176
vt 0.129348 0.510165
vt 0.129348 0.739835
vt 0.125000 0.739835
vt 0.125000 0.510165
vt 0.129348 0.750000
vt 0.604128 0.493788
vt 0.604128 0.502774
vt 0.389870 0.504744
vt 0.371894 0.496894
vt 0.625000 0.010165
vt 0.625000 0.243224
vt 0.606365 0.239835
vt 0.606365 0.010165
vt 0.370652 0.739835
vt 0.372826 0.752174
vt 0.606365 0.000000
vt 0.129726 0.739835
vt 0.125000 0.739835
vt 0.129726 0.510165
vt 0.375000 0.000000
vt 0.606365 0.000000
vt 0.129348 0.500000
vt 0.375000 0.010165
vt 0.375000 0.254348
vt 0.375000 0.239835
vt 0.606365 0.251979
vt 0.606365 0.742925
vt 0.388428 0.739835
vt 0.388428 0.510165
vt 0.606365 0.507075
vt 0.130176 0.739835
vt 0.130176 0.510165
vt 0.625000 0.010165
vt 0.625000 0.243224
vt 0.370652 0.510165
vt 0.372826 0.497826
vt 0.606365 0.506970
vt 0.388323 0.510165
vt 0.627174 0.497826
vt 0.606365 0.495652
vt 0.875000 0.510165
vt 0.875000 0.739835
vt 0.627363 0.752363
vt 0.627363 0.497637
vt 0.369824 0.510165
vt 0.369823 0.739835
vt 0.601283 0.260151
vt 0.375000 0.265529
vt 0.627174 0.752174
vt 0.606365 0.754348
vt 0.370274 0.510165
vt 0.129726 0.500000
vt 0.372637 0.497637
vt 0.370274 0.739835
vt 0.614434 0.239434
vt 0.617956 0.504931
vt 0.379931 0.507044
vt 0.385566 0.253170
vt 0.629076 0.495924
vt 0.629076 0.754076
vt 0.612771 0.743305
vt 0.612771 0.506695
vt 0.375000 0.256212
vt 0.604128 0.254060
vt 0.606365 1.000000
vt 0.375000 0.995652
vt 0.601282 0.506935
vt 0.632765 0.492235
vt 0.632765 0.757765
vt 0.601282 0.743065
vt 0.388380 0.510165
vt 0.606365 0.495274
vt 0.606365 0.507027
vt 0.129726 0.750000
vt 0.131212 0.504744
vt 0.131212 0.745256
vt 0.125000 0.745256
vt 0.125000 0.504744
vt 0.125000 0.511859
vt 0.140529 0.511859
vt 0.140529 0.738141
vt 0.125000 0.738141
vt 0.606365 1.000000
vt 0.375000 0.995274
vt 0.130176 0.750000
vt 0.375000 0.994824
vt 0.359471 0.738141
vt 0.367235 0.757765
vt 0.140529 0.750000
vt 0.140529 0.738141
vt 0.606365 0.010165
vt 0.606365 0.252262
vt 0.375000 0.254726
vt 0.625000 1.000000
vt 0.627588 0.752588
vt 0.627588 0.497412
vt 0.368788 0.504744
vt 0.131212 0.500000
vt 0.372412 0.497412
vt 0.130176 0.500000
vt 0.365941 0.514824
vt 0.384975 0.514824
vt 0.384975 0.735176
vt 0.365941 0.735176
vt 0.358694 0.738819
vt 0.141306 0.738819
vt 0.141306 0.511181
vt 0.358694 0.511181
vt 0.625000 0.010165
vt 0.368788 0.745256
vt 0.601283 1.000000
vt 0.601283 0.765529
vt 0.632765 0.757765
vt 0.606365 0.494824
vt 0.612771 0.758153
vt 0.612771 1.000000
vt 0.390829 0.738141
vt 0.625000 0.011859
vt 0.625000 0.242094
vt 0.606365 0.252600
vt 0.616847 0.756955
vt 0.616847 0.986024
vt 0.375000 0.986023
vt 0.368012 0.756988
vt 0.375000 0.265529
vt 0.601282 0.260151
vt 0.375000 0.255176
vt 0.628106 0.496894
vt 0.625000 0.246838
vt 0.375000 0.991847
vt 0.370924 0.754076
vt 0.390829 0.738141
vt 0.601282 0.765529
vt 0.140529 0.511859
vt 0.359471 0.511859
vt 0.367235 0.492235
vt 0.140529 0.500000
vt 0.601283 0.484471
vt 0.390829 0.511859
vt 0.367235 0.492235
vt 0.375000 0.984471
vt 0.359471 0.738141
vt 0.140529 0.750000
vt 0.612771 0.491847
vt 0.370924 0.495924
vt 0.375000 0.258153
vt 0.612771 0.254815
vt 0.601283 0.000000
vt 0.604128 0.747226
vt 0.604128 0.756212
vt 0.371894 0.753106
vt 0.389870 0.745256
vt 0.601283 0.484471
vt 0.361024 0.527953
vt 0.379351 0.527953
vt 0.379351 0.722047
vt 0.361024 0.722047
vt 0.131212 0.750000
vt 0.375000 0.984471
vt 0.875000 0.511181
vt 0.875000 0.738819
vt 0.633153 0.758153
vt 0.633153 0.491847
vt 0.383143 0.739702
vt 0.861659 0.500000
vt 0.875000 0.740394
vt 0.622925 0.746798
vt 0.618478 0.498755
vt 0.377506 0.734895
vt 0.625000 0.732390
vt 0.625000 0.992483
vt 0.382517 1.000000
vt 0.618478 0.498755
vt 0.861659 0.500000
vt 0.300000 0.833333
vt 0.300000 0.583333
vt 0.400000 0.583333
vt 0.450000 0.583333
vt 0.450000 0.750000
vt 0.350000 0.750000
vt 0.350000 0.833333
vt 0.375000 0.021132
vt 0.603867 0.000000
vt 0.125000 0.509606
vt 0.377075 0.503202
vt 0.381522 0.751245
vt 0.138341 0.750000
vt 0.187500 1.000000
vt 0.187500 0.500000
vt 0.312500 0.500000
vt 0.312500 1.000000
vt 0.605433 0.000000
vt 0.615216 0.245197
vt 0.384784 0.256671
vt 0.375000 0.009606
vt 0.312500 0.125000
vt 0.312500 0.250000
vt 0.250000 0.250000
vt 0.250000 0.375000
vt 0.187500 0.375000
vt 0.187500 0.250000
vt 0.062500 0.250000
vt 0.062500 0.125000
vt 0.865094 0.500000
vt 0.875000 0.730189
vt 0.625000 0.986659
vt 0.394567 1.000000
vt 0.359471 0.511859
vt 0.140529 0.500000
vt 0.610176 0.759059
vt 0.629529 0.754529
vt 0.610177 1.000000
vt 0.875000 0.514823
vt 0.875000 0.735176
vt 0.632412 0.757412
vt 0.632412 0.492588
vt 0.613353 0.764824
vt 0.613353 1.000000
vt 0.383143 0.510298
vt 0.875000 0.510165
vt 0.875000 0.739835
vt 0.368012 0.756988
vt 0.616847 0.730799
vt 0.616847 0.763976
vt 0.366847 0.739702
vt 0.133153 0.750000
vt 0.133153 0.739702
vt 0.616847 0.493045
vt 0.368012 0.493012
vt 0.375000 0.263976
vt 0.616847 0.263976
vt 0.367588 0.757412
vt 0.381865 0.735177
vt 0.613353 0.740753
vt 0.875000 0.504744
vt 0.875000 0.745256
vt 0.628106 0.753106
vt 0.133153 0.510298
vt 0.366847 0.510298
vt 0.133153 0.500000
vt 0.377075 0.503202
vt 0.604128 0.000000
vt 0.604128 0.004744
vt 0.375000 0.004744
vt 0.604128 1.000000
vt 0.375000 0.245256
vt 0.604128 0.245256
vt 0.625000 0.004744
vt 0.375000 0.264824
vt 0.375000 0.235176
vt 0.613353 0.235176
vt 0.613353 0.259247
vt 0.375000 0.993788
vt 0.361024 0.527953
vt 0.138976 0.527953
vt 0.138976 0.500000
vt 0.360176 0.735176
vt 0.139824 0.750000
vt 0.139824 0.735177
vt 0.138977 0.527953
vt 0.138976 0.500000
vt 0.368012 0.493012
vt 0.616847 0.527953
vt 0.379351 0.527953
vt 0.875000 0.514824
vt 0.629529 0.495471
vt 0.381837 0.007431
vt 0.131837 0.742569
vt 0.381837 0.993163
vt 0.381837 0.756837
vt 0.631837 0.507431
vt 0.868163 0.507432
vt 0.618163 0.007431
vt 0.368163 0.507432
vt 0.381837 0.507432
vt 0.381837 0.742569
vt 0.368163 0.742569
vt 0.618163 0.507431
vt 0.618163 0.742569
vt 0.131837 0.507431
vt 0.369450 0.503842
vt 0.597727 0.500000
vt 0.375000 0.183334
vt 0.381604 0.253302
vt 0.375000 0.015095
vt 0.611792 0.000000
vt 0.618396 0.242453
vt 0.635653 0.760653
vt 0.625000 0.990995
vt 0.562500 1.000000
vt 0.369450 0.503842
vt 0.375000 0.666667
vt 0.374052 0.511740
vt 0.612500 0.666667
vt 0.612500 0.583333
vt 0.387500 0.583333
vt 0.387500 0.666667
vt 0.191667 0.750000
vt 0.125000 0.527273
vt 0.375000 0.021132
vt 0.614434 0.000000
vt 0.619717 0.239434
vt 0.380283 0.257547
vt 0.875000 0.527273
vt 0.369450 0.503842
vt 0.625000 0.316667
vt 0.377830 0.255660
vt 0.611607 0.250000
vt 0.622170 0.236792
vt 0.623113 0.505032
vt 0.388393 0.500000
vt 0.373113 0.508805
vt 0.388393 0.000000
vt 0.619339 0.000000
vt 0.625000 0.062500
vt 0.153177 0.750000
vt 0.375000 0.026416
vt 0.375000 0.187500
vt 0.373491 0.507044
vt 0.605188 0.000000
vt 0.615094 0.240094
vt 0.384906 0.253962
vt 0.375000 0.019812
vt 0.597727 0.316667
vt 0.402273 0.316667
vt 0.378774 0.255870
vt 0.625000 0.933333
vt 0.620956 0.747683
vt 0.621158 0.494450
vt 0.625000 0.222727
vt 0.597727 1.000000
vt 0.808333 0.750000
vt 0.191667 0.750000
vt 0.191667 0.527273
vt 0.191667 0.722727
vt 0.621226 0.244130
vt 0.382415 0.751053
vt 0.191667 0.722727
vt 0.191667 0.527273
vt 0.139675 0.750000
vt 0.125000 0.513208
vt 0.625000 0.992075
vt 0.394812 1.000000
vt 0.381604 0.746038
vt 0.621038 0.743396
vt 0.625000 0.985325
vt 0.389675 1.000000
vt 0.152273 0.750000
vt 0.378962 0.506604
vt 0.618396 0.503962
vt 0.125000 0.566667
vt 0.381604 0.745283
vt 0.379717 0.506604
vt 0.369450 0.503842
vt 0.376281 0.750000
vt 0.146133 0.750000
vt 0.125000 0.521132
vt 0.369237 0.507044
vt 0.384906 0.252830
vt 0.615094 0.240094
vt 0.191667 0.500000
vt 0.625000 0.183334
vt 0.441666 0.722727
vt 0.441666 0.527273
vt 0.937500 0.875000
vt 0.687500 0.875000
vt 0.687500 0.750000
vt 0.750000 0.750000
vt 0.875000 0.750000
vt 0.937500 0.750000
vt 0.375000 0.500000
vt 0.250000 0.500000
vt 0.312500 0.375000
vt 0.375000 0.375000
vt 0.382044 0.745069
vt 0.131340 0.750000
vt 0.397643 1.000000
vt 0.625000 0.990094
vt 0.850000 0.583333
vt 0.800000 0.583333
vt 0.800000 0.416667
vt 0.850000 0.416667
vt 0.900000 0.416667
vt 0.900000 0.583333
vt 0.312500 0.875000
vt 0.125000 0.875000
vt 0.125000 0.750000
vt 0.187500 0.750000
vt 0.312500 0.750000
vt 0.900000 0.083333
vt 0.900000 0.250000
vt 0.800000 0.250000
vt 0.700000 0.250000
vt 0.700000 0.083333
vt 0.600000 0.750000
vt 0.600000 0.583333
vt 0.650000 0.583333
vt 0.700000 0.583333
vt 0.700000 0.750000
vt 0.650000 0.416667
vt 0.700000 0.416667
vt 0.750000 0.416667
vt 0.750000 0.583333
vt 0.100000 0.333333
vt 0.050000 0.333333
vt 0.050000 0.250000
vt 0.200000 0.250000
vt 0.200000 0.416667
vt 0.100000 0.416667
vt 0.050000 0.166667
vt 0.000000 0.166667
vt 0.800000 0.083333
vt 0.500000 0.583333
vt 0.400000 0.416667
vt 0.450000 0.416667
vt 0.500000 0.416667
vt 0.550000 0.416667
vt 0.550000 0.583333
vt 0.600000 0.416667
vt 0.350000 0.416667
vt 0.062500 0.875000
vt 0.062500 0.750000
vt 0.125000 0.625000
vt 0.250000 0.625000
vt 0.312500 0.625000
vt 0.550000 0.750000
vt 0.550000 0.916667
vt 0.350000 0.916667
vt 0.900000 0.916667
vt 0.700000 0.916667
vt 0.800000 0.750000
vt 0.900000 0.750000
vt 0.200000 0.583333
vt 0.350000 0.583333
vt 0.950000 0.250000
vt 0.050000 0.083333
vt 0.437500 0.875000
vt 0.187500 0.875000
vt 0.200000 0.750000
vt 0.300000 0.750000
vt 0.100000 0.583333
vt 0.800000 0.666667
vt 0.850000 0.666667
vt 0.950000 0.583333
vt 0.950000 0.750000
vt 0.100000 0.750000
vt 0.312500 0.500000
vt 0.437500 0.375000
vt 0.437500 0.625000
vt 1.000000 0.416667
vt 0.950000 0.416667
vt 0.050000 0.416667
vt 0.000000 0.583333
vt 0.050000 0.750000
vt 0.050000 0.916667
vt 0.800000 0.333333
vt 0.850000 0.333333
vt 0.625000 0.987993
vt 0.387007 1.000000
vt 0.379246 0.506604
vt 0.383805 0.746398
vt 0.134005 0.750000
vt 0.125000 0.519812
vt 0.364347 0.489347
vt 0.380803 0.506604
vt 0.134906 0.750000
vt 0.622599 0.506404
vt 0.867796 0.500000
vt 0.875000 0.723584
vt 0.000000 0.416667
vt 0.812500 0.875000
vt 0.500000 0.875000
vt 1.000000 0.583333
vt 0.400000 0.250000
vt 0.950000 0.166667
vt 1.000000 0.166667
vt 0.300000 0.416667
vt 0.608694 0.483694
vt 0.608694 0.260819
vt 0.625000 0.242546
vt 0.000000 0.333333
vt 0.750000 0.333333
vt 0.375000 0.239835
vt 0.580570 0.080570
vt 0.528629 0.158305
vt 0.528629 0.341695
vt 0.580570 0.419430
vt 0.750000 0.489610
vt 0.919430 0.419430
vt 0.971371 0.341695
vt 0.971371 0.158305
vt 0.919430 0.080570
vt 0.750000 0.010390
vt 0.875000 0.875000
vt 0.562500 0.875000
vt 0.875000 0.527953
vt 0.875000 0.722047
vt 0.631988 0.756988
vt 0.631988 0.493012
vt 0.750000 0.666667
vt 0.620069 0.742956
vt 0.625000 0.993660
vt 0.396133 1.000000
vt 0.134906 0.750000
vt 0.865094 0.500000
vt 0.868660 0.500000
vt 0.875000 0.728868
vt 0.377642 0.254064
vt 0.622358 0.232390
vt 0.875000 0.250000
vt 0.875000 0.500000
vt 0.812500 0.500000
vt 0.812500 0.250000
vt 0.622494 0.515105
vt 0.375000 0.517610
vt 0.378759 0.253759
vt 0.621241 0.223584
vt 0.375000 0.125000
vt 0.392787 0.125000
vt 0.607213 0.125000
vt 0.625000 0.125000
vt 0.357213 0.625000
vt 0.142787 0.625000
vt 0.125000 0.625000
vt 0.125000 0.552831
vt 0.375000 0.625000
vt 0.125000 0.512076
vt 0.137007 0.750000
vt 0.392787 0.625000
vt 0.607213 0.625000
vt 0.625000 0.625000
vt 0.132517 0.750000
vt 0.642787 0.625000
vt 0.857213 0.625000
vt 0.875000 0.625000
vt 0.875000 0.697169
vt 0.375000 0.052831
vt 0.617482 0.000000
vt 0.867483 0.500000
vt 0.132517 0.750000
vt 0.375000 0.508805
vt 0.378602 0.253602
vt 0.621398 0.236792
vt 0.617796 0.000000
vt 0.125000 0.526416
vt 0.132204 0.750000
vt 0.862993 0.500000
vt 0.875000 0.737924
vt 0.875000 1.000000
vt 0.998667 0.500000
vt 0.998667 1.000000
vt 0.625000 0.993396
vt 0.388208 1.000000
vt 0.165584 0.732639
vt 0.165584 0.750000
vt 0.125000 0.732639
vt 0.584416 0.959416
vt 0.625000 0.959416
vt 0.584416 1.000000
vt 0.165584 0.517361
vt 0.125000 0.517361
vt 0.165584 0.500000
vt 0.625000 0.271269
vt 0.584416 0.290584
vt 0.584416 0.236979
vt 0.334416 0.732639
vt 0.405438 0.732639
vt 0.375000 0.770292
vt 0.645292 0.761612
vt 0.584416 0.790584
vt 0.584416 0.736979
vt 0.334416 0.517361
vt 0.375000 0.479708
vt 0.405438 0.517361
vt 0.645292 0.502875
vt 0.584416 0.517361
vt 0.584416 0.469562
vt 0.415584 0.000000
vt 0.584416 0.000000
vt 0.584416 0.017361
vt 0.415584 0.017361
vt 0.625000 0.017361
vt 0.415584 0.290584
vt 0.415584 0.232639
vt 0.415584 0.959416
vt 0.834416 0.517361
vt 0.834416 0.732639
vt 0.867482 0.500000
vt 0.380283 0.257547
vt 0.378522 0.747988
vt 0.140095 0.750000
vt 0.125000 0.521132
vt 0.812500 0.375000
vt 0.687500 0.375000
vt 0.687500 0.125000
vt 0.875000 0.125000
vt 0.875000 0.375000
vt 0.859905 0.500000
vt 0.584416 0.469562
vt 0.125000 0.514824
vt 0.139824 0.514824
vt 0.139824 0.735177
vt 0.125000 0.735177
vt 0.125000 0.739702
vt 0.375000 0.222047
vt 0.616847 0.230799
vt 0.125000 0.510298
vt 0.612771 0.000000
vt 0.625000 0.010298
vt 0.612771 0.010298
vt 0.375000 0.010298
vt 0.612771 0.239702
vt 0.375000 0.239702
vt 0.625000 0.243134
vt 0.361024 0.722047
vt 0.138977 0.722047
vt 0.375000 0.014824
vt 0.613353 0.000000
vt 0.613353 0.014824
vt 0.613353 0.485177
vt 0.367588 0.492588
vt 0.608694 0.743672
vt 0.608694 0.506328
vt 0.875000 0.510298
vt 0.875000 0.739702
vt 0.138976 0.750000
vt 0.616847 0.000000
vt 0.616847 0.027953
vt 0.375000 0.027953
vt 0.616847 0.256955
vt 0.616847 0.486024
vt 0.375000 0.263976
vt 0.616847 0.519201
vt 0.134059 0.735176
vt 0.370471 0.754529
vt 0.134059 0.750000
vt 0.125000 0.735176
vt 0.370471 0.495471
vt 0.134059 0.514823
vt 0.134059 0.500000
vt 0.610176 0.740025
vt 0.610177 0.000000
vt 0.625000 0.014824
vt 0.610177 0.014824
vt 0.610176 0.254924
vt 0.610176 0.490941
vt 0.375000 0.259059
vt 0.375000 0.266306
vt 0.366847 0.491847
vt 0.610177 0.509975
vt 0.613353 0.509247
vt 0.632412 0.757412
vt 0.625000 0.240118
vt 0.610176 0.235176
vt 0.616847 0.222047
vt 0.375000 0.990941
vt 0.125000 0.722047
vt 0.125000 0.527953
vt 0.616847 0.000000
vt 0.629931 0.732530
vt 0.616847 0.722047
vt 0.629931 0.517470
vt 0.500000 1.000000
vt 0.500000 0.500000
vt 0.625000 0.500000
vt 0.125000 1.000000
vt 0.125000 0.500000
vt 0.001333 1.000000
vt 0.001333 0.500000
vt 0.687500 1.000000
vt 0.687500 0.500000
vt 0.812500 1.000000
vt 0.375000 0.500000
vt 0.375000 1.000000
vt 0.616195 0.503602
vt 0.812500 0.125000
vt 0.500000 0.125000
vt 0.250000 0.125000
vt 0.437500 0.500000
vt 0.437500 0.250000
vt 0.125000 0.375000
vt 1.000000 0.333333
vt 0.625000 0.375000
vt 0.562500 0.375000
vt 0.562500 0.250000
vt 0.500000 0.250000
vt 0.625000 0.125000
vt 0.625000 0.250000
vt 0.687500 0.250000
vt 0.401415 1.000000
vt 0.619197 0.743396
vt 0.000000 0.666667
vt 0.050000 0.666667
vt 0.875000 0.730188
vt 0.865995 0.500000
vt 0.867075 0.500000
vt 0.875000 0.730188
vt 0.355769 0.666667
vt 0.376761 0.740969
vt 0.133128 0.750000
vt 0.125000 0.666667
vt 0.144231 0.666667
vt 0.144231 0.583333
vt 0.355769 0.583333
vt 0.385566 1.000000
vt 0.378522 0.747988
vt 0.625000 0.984905
vt 0.140095 0.750000
vt 0.375000 0.250000
vt 0.562500 0.125000
vt 0.500000 0.375000
vt 0.150000 0.916667
vt 0.150000 0.833333
vt 0.200000 0.833333
vt 0.625000 0.562500
vt 0.626887 0.741195
vt 0.376887 0.744968
vt 0.250000 0.750000
vt 0.375000 0.625000
vt 0.375000 0.750000
vt 0.437500 0.750000
vt 0.625948 0.738260
vt 0.625000 0.991872
vt 0.380283 1.000000
vt 0.125000 0.535221
vt 0.875000 0.687500
vt 0.626887 0.741195
vt 0.623113 0.505031
vt 0.863679 0.500000
vt 0.130660 0.750000
vt 0.125000 0.519811
vt 0.875000 0.714779
vt 0.375000 0.035221
vt 0.619717 0.000000
vt 0.625000 0.083333
vt 0.612500 0.083333
vt 0.612500 0.166667
vt 0.387500 0.166667
vt 0.387500 0.083333
vt 0.375000 0.083333
vt 0.381865 0.735176
vt 0.381865 0.514823
vt 0.613353 0.509247
vt 0.138976 0.722047
vt 0.138977 0.750000
vt 0.379351 0.722047
vt 0.625000 0.027953
vt 0.616847 1.000000
vt 0.608694 0.766306
vt 0.608694 1.000000
vt 0.375000 0.983694
vt 0.366847 0.758153
vt 0.625000 0.231365
vt 0.141306 0.500000
vt 0.378842 1.000000
vt 0.625000 0.978868
vt 0.625000 0.259318
vt 0.625000 0.000000
vt 0.861024 0.500000
vt 0.861023 0.750000
vt 0.611607 0.500000
vt 0.375000 0.562500
vt 0.373113 0.508805
vt 0.377830 0.255660
vt 0.869340 0.500000
vt 0.376887 0.744968
vt 0.863679 0.500000
vt 0.136321 0.750000
vt 0.125000 0.562500
vt 0.125000 0.526415
vt 0.625000 0.986024
vt 0.367588 0.757412
vt 0.381865 0.735176
vt 0.875000 0.735177
vt 0.375000 0.986024
vt 0.386122 0.255056
vt 0.625000 0.988679
vt 0.380661 1.000000
vt 0.136321 0.750000
vt 0.625000 0.988679
vt 0.388393 1.000000
vt 0.139824 0.514823
vt 0.381865 0.735176
vt 0.360177 0.514824
vt 0.139824 0.500000
vt 0.613353 0.014824
vt 0.625000 0.014824
vt 0.613353 0.235176
vt 0.375000 0.014824
vt 0.360176 0.735177
vt 0.625000 0.240118
vt 0.625000 0.014824
vt 0.360176 0.514824
vt 0.375000 0.985176
vt 0.375000 0.235176
vt 0.875000 0.738141
vt 0.875000 0.511859
vt 0.375000 0.011740
vt 0.613878 0.246524
vt 0.375000 0.006951
vt 0.625000 0.988260
vt 0.382547 1.000000
vt 0.135111 0.750000
vt 0.125000 0.506951
vt 0.168860 0.731203
vt 0.168860 0.750000
vt 0.125000 0.731203
vt 0.581140 0.956140
vt 0.625000 0.956140
vt 0.581140 1.000000
vt 0.168860 0.518797
vt 0.125000 0.518797
vt 0.168860 0.500000
vt 0.625000 0.272974
vt 0.581140 0.293860
vt 0.581140 0.235902
vt 0.331140 0.731203
vt 0.407895 0.731203
vt 0.375000 0.771930
vt 0.646930 0.762531
vt 0.581140 0.793860
vt 0.581140 0.735902
vt 0.331140 0.518797
vt 0.375000 0.478070
vt 0.407895 0.518797
vt 0.646930 0.503133
vt 0.581140 0.518797
vt 0.581140 0.467105
vt 0.418860 0.000000
vt 0.581140 0.000000
vt 0.581140 0.018797
vt 0.418860 0.018797
vt 0.625000 0.018797
vt 0.418860 0.293860
vt 0.418860 0.231203
vt 0.418860 0.956140
vt 0.831140 0.518797
vt 0.831140 0.731203
vt 0.581140 0.235902
vt 0.168860 0.731203
vt 0.168860 0.750000
vt 0.581140 1.000000
vt 0.168860 0.500000
vt 0.625000 0.272974
vt 0.581140 0.293860
vt 0.581140 0.235902
vt 0.331140 0.731203
vt 0.375000 0.771930
vt 0.646930 0.762531
vt 0.581140 0.793860
vt 0.331140 0.518797
vt 0.375000 0.478070
vt 0.646930 0.503133
vt 0.581140 0.467105
vt 0.418860 0.293860
vt 0.418860 0.956140
vt 0.831140 0.518797
vt 0.831140 0.731203
vt 0.608694 0.238819
vt 0.375000 0.238819
vt 0.138341 0.750000
vt 0.625000 0.994340
vt 0.376921 0.260566
vt 0.623079 0.239434
vt 0.625000 0.989889
vt 0.397245 1.000000
vt 0.168860 0.731203
vt 0.168860 0.750000
vt 0.581140 0.956140
vt 0.625000 0.956140
vt 0.168860 0.518797
vt 0.168860 0.500000
vt 0.625000 0.272974
vt 0.581140 0.293860
vt 0.331140 0.731203
vt 0.407895 0.731203
vt 0.581140 0.793860
vt 0.331140 0.518797
vt 0.375000 0.478070
vt 0.407895 0.518797
vt 0.646930 0.503133
vt 0.581140 0.467105
vt 0.418860 0.293860
vt 0.831140 0.518797
vt 0.831140 0.731203
vt 0.625000 0.989889
vt 0.168860 0.731203
vt 0.168860 0.518797
vt 0.581140 0.235902
vt 0.331140 0.731203
vt 0.646930 0.762531
vt 0.581140 0.735902
vt 0.331140 0.518797
vt 0.646930 0.503133
vt 0.581140 0.518797
vt 0.581140 0.018797
vt 0.418860 0.018797
vt 0.625000 0.018797
vt 0.418860 0.231203
vt 0.831140 0.518797
vt 0.831140 0.731203
vt 0.168860 0.731203
vt 0.168860 0.518797
vt 0.331140 0.518797
vt 0.375000 0.478070
vt 0.385172 0.738819
vt 0.385172 0.511181
vt 0.100000 0.666667
vt 0.168860 0.731203
vt 0.168860 0.518797
vt 0.331140 0.731203
vt 0.831140 0.518797
vt 0.141306 0.750000
vt 0.125000 0.738819
vt 0.125000 0.511181
vt 0.608694 0.000000
vt 0.625000 0.011181
vt 0.608694 0.011181
vt 0.375000 0.011181
vt 0.500000 0.625000
vt 0.500000 0.750000
vt 0.187500 0.625000
vt 0.187500 0.500000
vt 0.937500 0.625000
vt 0.875000 0.625000
vt 1.000000 0.375000
vt 1.000000 0.625000
vt 0.812500 0.625000
vt 0.687500 0.625000
vt 0.937500 0.125000
vt 0.562500 0.625000
vt 0.625000 0.625000
vt 0.625000 0.750000
vt 0.750000 0.125000
vt 0.187500 0.125000
vt 1.000000 0.500000
vt 0.937500 0.250000
vt 1.000000 0.250000
vt 0.937500 0.500000
vt 0.000000 0.500000
vt 0.000000 0.375000
vt 0.062500 0.375000
vt 0.062500 0.625000
vt 0.750000 0.375000
vt 0.125000 0.125000
vt 1.000000 0.125000
vt 0.000000 0.875000
vt 0.000000 0.625000
vt 0.750000 0.500000
vt 0.500000 0.500000
vt 0.375000 0.875000
vt 0.562500 0.500000
vt 0.812500 0.750000
vt 0.750000 0.250000
vt 1.000000 0.875000
vt 0.125000 0.250000
vt 0.687500 0.500000
vt 0.750000 0.625000
vt 0.062500 0.500000
vt 0.125000 0.500000
vt 0.000000 0.250000
vt 0.437500 0.125000
vt 0.000000 0.750000
vt 1.000000 0.750000
vt 0.562500 0.750000
vt 0.000000 0.125000
vt 0.080570 0.080570
vt 0.250000 0.010390
vt 0.419430 0.080570
vt 0.471371 0.158305
vt 0.471371 0.341695
vt 0.419430 0.419430
vt 0.250000 0.489610
vt 0.080570 0.419430
vt 0.028629 0.341695
vt 0.028629 0.158305
vt 0.375000 0.019811
vt 0.384906 0.252830
vt 0.369237 0.507044
vt 0.376921 0.260566
vt 0.621158 0.000000
vt 0.375000 0.021132
vt 0.130660 0.750000
vt 0.625000 0.994340
vt 0.132925 0.750000
vt 0.625000 0.978867
vt 0.146132 0.750000
vt 0.132925 0.750000
vt 0.140095 0.750000
s 0
f 13/1/1 15/2/1 2/3/1 1/4/1
f 3/5/2 1/4/2 2/3/2
f 16/6/3 5/7/3 4/8/3 17/9/3
f 7/10/4 1/4/4 3/5/4 8/11/4
f 15/2/5 17/9/5 4/8/5 2/3/5
f 5/7/6 16/6/6 22/12/6 10/13/6
f 6/14/7 4/8/7 5/7/7
f 8/11/8 12/15/8 11/16/8 9/17/8
f 8/11/9 9/17/9 7/10/9
f 7/10/10 9/17/10 20/18/10 19/19/10
f 5/7/11 10/13/11 12/15/11 6/14/11
f 11/16/12 24/20/12 20/18/12 9/17/12
f 12/15/13 10/13/13 11/16/13
f 18/21/14 14/22/14 21/23/14 23/24/14
f 1501/25/3 1514/26/3 1513/27/3 1502/28/3
f 1505/29/8 1509/30/8 1508/31/8 1506/32/8
f 14/22/15 15/2/15 13/1/15
f 1521/33/12 1517/34/12 1506/32/12 1508/31/12
f 18/21/16 16/6/16 17/9/16
f 1447/35/17 1453/36/17 1449/37/17 1444/38/17
f 20/18/18 24/20/18 23/24/18 21/23/18
f 14/22/19 18/21/19 17/9/19 15/2/19
f 21/23/20 19/19/20 20/18/20
f 12/15/17 8/11/17 3/5/17 6/14/17
f 13/1/21 19/19/21 21/23/21 14/22/21
f 24/20/22 22/12/22 23/24/22
f 2/3/23 4/8/23 6/14/23 3/5/23
f 2843/39/24 2844/40/24 2829/41/24 2828/42/24 2835/43/24 2840/44/24
f 879/45/25 875/46/25 871/47/25 873/48/25 872/49/25
f 1822/50/26 1821/51/26 1820/52/26 1827/53/26 1828/54/26 1826/55/26 1829/56/26 1832/57/26 1831/58/26 1830/59/26
f 331/60/17 325/61/17 323/62/17 324/63/17 328/49/17 329/64/17 337/65/17 336/66/17 333/67/17 332/68/17
f 2004/69/27 2006/70/27 2000/71/27 1993/72/27 1992/73/27
f 711/45/28 709/67/28 712/74/28
f 3089/75/14 3091/76/14 3092/77/14 3090/78/14
f 3086/79/17 3088/80/17 3087/81/17 3085/82/17
f 31/83/29 37/84/29 40/85/29 32/86/29
f 1331/87/30 1319/88/30 1317/89/30 1316/90/30 1314/91/30 1327/92/30 1330/93/30 1329/94/30
f 3815/95/14 3816/96/14 3814/97/14 3813/98/14
f 3812/99/17 3811/100/17 3809/101/17 3810/102/17
f 2133/103/31 2130/104/31 2129/105/31 2128/106/31 2121/107/31 2119/108/31 2120/109/31 2125/110/31 2124/111/31 2134/112/31 2132/113/31
f 503/114/14 504/70/14 502/115/14 501/116/14
f 2685/117/32 2690/118/32 2688/119/32 2687/120/32 2684/121/32
f 523/122/33 521/123/33 506/124/33 508/125/33 505/126/33 513/127/33 514/128/33 515/129/33
f 1591/130/34 1589/131/34 1598/58/34 1600/132/34 1596/133/34 1605/134/34 1607/135/34 1608/136/34
f 649/45/28 645/104/28 650/74/28
f 65/83/29 71/84/29 74/85/29 66/86/29
f 82/137/35 78/138/35 81/129/35
f 3194/139/17 3198/140/17 3197/141/17 3196/142/17 3193/143/17 3195/144/17
f 1610/62/17 1611/145/17 1613/146/17 1612/147/17
f 1145/148/36 1139/149/36 1137/94/36 1136/150/36 1134/151/36 1141/152/36 1144/85/36 1143/153/36
f 1713/154/37 1705/59/37 1706/58/37
f 1680/155/38 1676/156/38 1679/136/38
f 396/157/39 399/158/39 400/50/39
f 88/159/40 85/160/40 87/161/40 90/162/40
f 918/45/28 914/163/28 919/74/28
f 3475/164/17 3473/165/17 3474/166/17 3476/167/17
f 1055/168/41 1061/169/41 1059/170/41 1058/60/41 1056/171/41 1051/172/41 1054/61/41 1053/62/41
f 1978/173/35 1970/138/35 1976/129/35
f 2006/70/14 2004/69/14 2003/174/14 2005/175/14
f 467/157/39 470/158/39 471/50/39
f 467/63/17 471/49/17 472/176/17 480/177/17 479/178/17 476/67/17 475/68/17 474/60/17 468/179/17 466/180/17
f 1883/70/42 1882/122/42 1873/181/42 1874/163/42 1871/182/42 1876/183/42 1878/184/42 1877/185/42
f 99/83/29 107/186/29 110/187/29 100/150/29
f 111/188/43 103/189/43 106/132/43 112/135/43
f 249/68/17 247/62/17 248/49/17 250/66/17
f 524/70/44 523/122/44 515/190/44 516/163/44 518/191/44
f 2258/192/45 2269/193/45 2267/194/45 2257/195/45 2259/196/45
f 129/197/46 124/132/46 128/70/46
f 584/198/47 587/199/47 588/64/47 594/65/47 593/66/47 590/163/47 589/190/47 583/62/47
f 283/62/17 284/199/17 286/66/17 285/190/17
f 304/50/48 303/200/48 309/116/48 310/161/48 307/160/48 312/159/48 314/162/48 313/201/48
f 1699/130/49 1697/202/49 1705/59/49 1713/154/49 1714/70/49
f 341/70/44 340/203/44 332/68/44 333/67/44 335/191/44
f 148/70/50 144/204/50 149/197/50
f 714/205/51 713/206/51 717/207/51 718/208/51 719/209/51
f 134/83/29 142/186/29 145/187/29 135/150/29
f 146/188/52 138/189/52 141/132/52 147/135/52
f 75/70/50 73/204/50 76/197/50
f 70/210/53 68/211/53 67/212/53 66/86/53 74/85/53 72/213/53 73/204/53 75/70/53
f 2885/214/14 2887/215/14 2888/216/14 2886/217/14
f 411/115/54 413/70/54 407/218/54 408/130/54 409/219/54 406/220/54 398/221/54 401/222/54 400/223/54 399/224/54
f 2577/117/55 2582/225/55 2580/226/55 2576/61/55 2575/62/55
f 155/150/56 162/227/56 163/114/56
f 3020/77/12 3019/76/12 3015/81/12 3016/80/12
f 35/228/57 34/229/57 36/69/57
f 160/162/58 157/161/58 156/116/58 155/150/58 163/114/58 165/230/58 164/231/58 161/132/58 159/58/58
f 787/232/59 796/205/59 803/209/59 792/233/59 793/234/59 794/235/59
f 459/116/60 460/58/60 452/50/60 454/236/60 449/237/60
f 158/159/40 154/160/40 157/161/40 160/162/40
f 80/238/17 84/65/17 83/239/17 81/147/17 78/61/17 77/62/17
f 774/240/61 762/241/61 766/242/61 768/243/61 764/244/61 776/245/61 778/246/61 779/247/61
f 1928/174/62 1929/248/62 1915/249/62 1917/250/62 1913/251/62 1909/252/62 1911/157/62 1910/51/62
f 2307/253/63 2309/193/63 2308/254/63 2305/255/63 2306/57/63 2304/256/63 2300/257/63 2303/54/63 2302/258/63 2301/259/63
f 1617/59/57 1616/161/57 1618/210/57
f 2155/174/64 2156/248/64 2144/260/64 2145/249/64 2146/250/64 2143/251/64 2139/252/64 2142/157/64 2141/51/64 2140/261/64
f 2172/262/65 2171/263/65 2174/264/65 2173/254/65 2170/265/65 2168/161/65 2167/266/65
f 171/267/29 179/84/29 182/268/29 172/150/29
f 183/269/43 175/270/43 178/132/43 184/135/43
f 502/115/54 504/70/54 498/218/54 499/130/54 500/271/54 497/272/54 489/273/54 492/222/54 491/131/54 490/224/54
f 3473/274/66 3475/275/66 3479/276/66 3477/277/66
f 1779/278/17 1778/190/17 1776/108/17 1777/279/17
f 422/137/35 416/280/35 420/129/35
f 1774/281/50 1770/282/50 1775/155/50
f 191/267/29 199/84/29 202/268/29 192/150/29
f 203/269/43 195/270/43 198/132/43 204/135/43
f 2015/283/67 2014/284/67 2016/285/67
f 217/115/14 214/211/14 213/123/14 212/150/14 222/268/14 220/122/14 221/204/14 225/70/14 224/135/14 218/132/14
f 225/70/50 221/204/50 226/197/50
f 56/286/68 51/116/68 43/124/68 44/138/68 48/137/68
f 2009/287/69 2010/260/69 2011/249/69
f 104/228/57 102/229/57 105/248/57
f 211/267/29 219/84/29 222/268/29 212/150/29
f 223/269/52 215/270/52 218/132/52 224/135/52
f 582/136/70 581/286/70 580/227/70 571/147/70 572/104/70 574/191/70
f 1043/149/6 1049/288/6 1037/289/6 1031/73/6
f 487/290/39 490/158/39 491/50/39
f 246/230/71 241/114/71 240/227/71
f 4157/291/6 4161/292/6 4163/293/6 4159/294/6
f 2288/262/63 2287/253/63 2289/264/63 2286/265/63 2284/295/63 2285/296/63 2283/256/63 2280/257/63 2282/54/63 2281/258/63
f 1115/297/30 1103/88/30 1101/89/30 1100/90/30 1098/91/30 1111/298/30 1114/93/30 1113/94/30
f 1697/50/26 1696/299/26 1703/300/26 1701/212/26 1702/211/26 1700/55/26 1704/56/26 1707/57/26 1706/58/26 1705/59/26
f 231/267/29 239/84/29 242/268/29 232/150/29
f 243/269/52 235/270/52 238/132/52 244/135/52
f 2164/301/12 2163/302/12 2166/303/12 2165/192/12 2174/264/12 2171/263/12
f 641/304/72 642/199/72 650/74/72 645/104/72 644/305/72
f 247/124/73 249/306/73 258/227/73 251/150/73 252/174/73
f 2196/307/74 2206/259/74 2207/258/74
f 2246/295/75 2245/161/75 2247/265/75
f 890/304/76 891/199/76 898/45/76 899/308/76 893/309/76
f 261/310/43 254/270/43 257/156/43 262/311/43
f 1211/297/6 1217/288/6 1205/234/6 1199/131/6
f 2343/312/45 2342/194/45 2332/195/45 2333/196/45 2344/313/45
f 62/190/77 63/66/77 76/197/77 73/204/77 72/213/77
f 2399/264/12 2398/263/12 2397/246/12 2390/302/12 2391/303/12 2400/313/12
f 2373/196/45 2384/313/45 2383/312/45 2382/263/45 2372/314/45
f 60/158/78 61/50/78 59/299/78 67/212/78 68/211/78 69/228/78
f 1319/168/41 1325/169/41 1323/315/41 1322/316/41 1320/171/41 1315/172/41 1318/61/41 1317/62/41
f 279/310/43 272/270/43 275/156/43 280/311/43
f 1301/317/6 1295/131/6 1307/318/6 1313/319/6
f 658/209/79 656/320/79 659/321/79
f 595/150/56 598/227/56 599/213/56
f 1067/149/30 1055/88/30 1053/89/30 1052/90/30 1050/91/30 1063/298/30 1066/93/30 1065/94/30
f 597/210/80 596/123/80 595/150/80 599/213/80 600/136/80
f 59/62/81 61/199/81 64/65/81 63/66/81 62/190/81
f 522/115/54 524/70/54 518/218/54 519/130/54 520/271/54 517/272/54 509/273/54 512/222/54 511/131/54 510/224/54
f 806/304/72 807/199/72 815/74/72 810/104/72 809/302/72
f 1929/248/82 1931/70/82 1925/322/82 1927/271/82 1923/323/82 1914/324/82 1916/325/82 1915/131/82
f 601/62/83 603/238/83 604/64/83 612/65/83 610/239/83 611/326/83 607/284/83 606/147/83
f 287/83/29 295/84/29 298/85/29 288/150/29
f 299/310/52 291/270/52 294/156/52 300/311/52
f 140/115/14 137/211/14 136/123/14 135/150/14 145/187/14 143/122/14 144/204/14 148/70/14 147/135/14 141/132/14
f 1662/50/48 1661/51/48 1671/327/48 1672/54/48 1669/55/48 1673/56/48 1675/57/48 1674/201/48
f 166/197/46 161/132/46 164/231/46
f 338/174/84 339/210/84 327/158/84 324/157/84 323/51/84
f 347/147/85 349/66/85 357/197/85 355/70/85 356/328/85 353/227/85 348/329/85
f 314/162/86 310/161/86 309/116/86 308/150/86 317/286/86 321/230/86 320/330/86 319/311/86 315/156/86 313/201/86
f 2883/331/17 2881/332/17 2882/333/17 2884/334/17
f 318/310/52 311/270/52 315/156/52 319/311/52
f 312/159/40 307/160/40 310/161/40 314/162/40
f 2587/335/30 2577/88/30 2575/336/30 2574/90/30 2573/337/30 2583/338/30 2586/93/30 2585/339/30
f 482/248/54 484/70/54 478/218/54 479/130/54 480/271/54 477/272/54 469/273/54 472/222/54 471/131/54 470/224/54
f 456/329/87 455/147/87 458/340/87 457/191/87 464/197/87 462/282/87 461/114/87
f 679/321/12 676/204/12 675/341/12 674/246/12 666/342/12 664/343/12 665/163/12 669/45/12 668/344/12 680/345/12
f 338/174/14 340/203/14 341/70/14 339/210/14
f 343/290/39 345/158/39 346/50/39
f 335/191/67 333/67/67 336/66/67
f 1523/50/88 1522/200/88 1528/346/88 1529/161/88 1531/59/88
f 2093/116/89 2094/347/89 2085/260/89 2084/287/89 2083/200/89 2082/261/89
f 330/348/90 322/126/90 325/138/90 331/128/90
f 326/221/91 334/272/91 337/349/91 329/72/91
f 965/169/92 977/319/92 975/153/92 974/246/92 972/350/92 961/351/92 964/342/92 963/315/92
f 3010/352/5 3006/353/5 3005/354/5 3009/355/5
f 359/198/47 362/199/47 363/64/47 369/65/47 368/66/47 365/163/47 364/190/47 358/62/47
f 228/50/93 227/200/93 234/356/93 237/162/93 236/58/93
f 1964/69/27 1966/70/27 1960/71/27 1953/72/27 1952/73/27
f 723/88/5 722/200/5 732/240/5 733/205/5
f 1872/60/17 1864/357/17 1862/358/17 1863/198/17 1869/359/17 1867/279/17 1868/360/17 1879/361/17 1877/185/17 1878/184/17 1874/163/17 1873/181/17
f 118/130/94 116/223/94 122/228/94 123/115/94 124/132/94 129/197/94
f 1522/358/17 1523/145/17 1525/362/17 1524/147/17
f 826/304/72 827/199/72 835/74/72 830/163/72 829/195/72
f 1759/130/95 1757/202/95 1765/59/95 1766/115/95 1767/363/95 1764/364/95 1772/365/95 1773/135/95 1774/281/95 1775/155/95
f 1641/136/96 1638/156/96 1636/201/96 1637/57/96 1634/211/96 1633/366/96 1632/86/96 1640/114/96
f 412/367/33 410/174/33 395/124/33 397/280/33 394/368/33 402/369/33 403/370/33 404/129/33
f 880/371/97 870/241/97 871/372/97 875/242/97 876/373/97 874/244/97 882/374/97 883/375/97 884/247/97
f 360/221/98 366/272/98 369/349/98 363/72/98
f 622/232/99 633/205/99 639/321/99 640/313/99 638/376/99 627/377/99 628/378/99 629/289/99 630/235/99
f 1758/147/77 1759/113/77 1775/155/77 1770/282/77 1769/379/77
f 26/158/78 27/50/78 25/51/78 33/53/78 34/229/78 35/228/78
f 793/45/28 790/67/28 794/74/28
f 387/326/100 385/329/100 384/147/100
f 79/158/101 80/50/101 77/200/101 86/116/101 87/161/101 85/160/101 88/159/101 90/162/101 89/201/101
f 977/319/36 971/149/36 969/94/36 968/86/36 966/151/36 973/152/36 976/85/36 975/153/36
f 93/231/102 89/201/102 90/162/102 87/161/102 86/116/102 92/286/102 94/230/102
f 1337/288/36 1331/87/36 1329/94/36 1328/150/36 1326/151/36 1333/152/36 1336/85/36 1335/380/36
f 382/348/90 376/126/90 379/138/90 383/128/90
f 1963/123/62 1964/69/62 1952/249/62 1954/250/62 1951/251/62 1947/252/62 1949/381/62 1948/299/62
f 843/209/79 841/204/79 844/321/79
f 229/147/103 230/382/103 245/231/103 246/230/103 240/227/103
f 25/124/104 28/129/104 38/203/104 40/85/104 37/84/104 31/83/104 32/86/104 33/53/104
f 402/369/90 394/368/90 397/280/90 403/370/90
f 398/221/91 406/220/91 409/219/91 401/222/91
f 209/190/77 210/178/77 226/197/77 221/204/77 220/122/77
f 415/290/39 417/158/39 418/50/39
f 419/222/105 423/218/105 424/130/105
f 2612/383/106 2607/384/106 2605/385/106 2611/386/106 2610/387/106
f 899/308/107 894/305/107 893/309/107
f 426/115/14 425/116/14 427/114/14 428/70/14
f 1097/288/36 1091/297/36 1089/94/36 1088/150/36 1086/151/36 1093/388/36 1096/187/36 1095/389/36
f 1953/64/17 1961/390/17 1962/184/17 1957/163/17 1956/181/17 1950/61/17 1948/62/17 1949/198/17 1954/359/17 1952/279/17
f 446/115/14 445/123/14 447/122/14 448/70/14
f 1696/391/108 1698/392/108 1709/393/108 1711/386/108 1703/300/108
f 1589/50/48 1588/51/48 1594/53/48 1595/54/48 1592/55/48 1597/56/48 1599/57/48 1598/58/48
f 563/203/33 561/174/33 546/124/33 548/138/33 545/126/33 553/348/33 554/394/33 555/306/33
f 437/369/90 429/368/90 432/280/90 438/370/90
f 433/221/98 441/220/98 444/219/98 436/222/98
f 2788/383/106 2783/395/106 2781/385/106 2787/386/106 2786/387/106
f 450/396/109 454/397/109 452/238/109 453/398/109 458/340/109 455/147/109 451/399/109
f 133/130/95 131/223/95 139/228/95 140/115/95 141/132/95 138/189/95 146/188/95 147/135/95 148/70/95 149/197/95
f 456/137/35 451/280/35 455/129/35
f 461/114/110 459/116/110 449/400/110 450/124/110 451/280/110 456/137/110
f 305/147/103 306/239/103 320/330/103 321/230/103 316/227/103
f 1986/401/14 1984/402/14 1983/174/14 1985/175/14
f 1626/50/48 1625/299/48 1633/366/48 1634/211/48 1631/55/48 1635/56/48 1637/57/48 1636/201/48
f 1217/288/36 1211/297/36 1209/94/36 1208/150/36 1206/403/36 1213/152/36 1216/268/36 1215/389/36
f 2499/335/30 2489/88/30 2487/336/30 2486/90/30 2485/404/30 2495/405/30 2498/93/30 2497/339/30
f 105/248/14 102/229/14 101/174/14 100/150/14 110/187/14 108/367/14 109/208/14 113/70/14 112/135/14 106/132/14
f 1229/169/92 1241/148/92 1239/153/92 1238/246/92 1236/350/92 1225/406/92 1228/407/92 1227/170/92
f 113/70/50 109/208/50 114/197/50
f 49/218/111 50/130/111 45/73/111 53/228/111 54/210/111 55/156/111 58/197/111
f 2460/193/112 2450/317/112 2447/408/112 2456/409/112 2457/255/112
f 478/191/67 476/67/67 479/178/67
f 4171/410/14 4169/411/14 4168/412/14 4170/413/14
f 2356/258/113 2346/414/113 2352/415/113 2362/246/113 2363/263/113
f 4133/291/6 4137/292/6 4139/416/6 4135/294/6
f 473/127/90 465/126/90 468/125/90 474/128/90
f 469/273/91 477/272/91 480/271/91 472/222/91
f 2091/113/17 2089/284/17 2088/417/17 2087/106/17 2083/108/17 2084/418/17 2086/145/17 2092/112/17
f 1088/150/66 1089/94/66 1090/93/66 1076/419/66 1077/241/66 1078/280/66 1082/370/66 1083/129/66 1084/243/66 1094/246/66 1095/389/66 1096/187/66
f 2135/174/114 2136/347/114 2123/260/114 2124/249/114 2125/420/114 2122/251/114 2118/252/114 2120/157/114 2119/51/114
f 2440/264/112 2430/317/112 2427/408/112 2436/409/112 2437/295/112
f 503/114/33 501/116/33 486/124/33 488/125/33 485/126/33 493/127/33 494/128/33 495/129/33
f 693/421/61 681/422/61 685/242/61 687/373/61 683/244/61 695/374/61 697/246/61 698/247/61
f 493/127/90 485/126/90 488/125/90 494/128/90
f 489/273/91 497/272/91 500/271/91 492/222/91
f 1524/147/77 1525/362/77 1541/155/77 1536/282/77 1535/175/77
f 1211/297/30 1199/88/30 1197/89/30 1196/90/30 1194/423/30 1207/92/30 1210/93/30 1209/94/30
f 518/191/67 516/163/67 519/178/67
f 1543/50/48 1542/299/48 1549/212/48 1550/211/48 1547/55/48 1552/56/48 1554/57/48 1553/58/48
f 522/115/14 521/123/14 523/122/14 524/70/14
f 2276/420/115 2272/157/115 2271/51/115 2281/258/115 2282/54/115 2285/296/115 2284/295/115 2274/424/115 2275/88/115
f 2204/303/12 2214/425/12 2213/263/12 2203/314/12
f 2297/426/116 2307/253/116 2301/259/116 2291/419/116 2292/241/116
f 513/127/90 505/126/90 508/125/90 514/128/90
f 509/273/98 517/272/98 520/271/98 512/222/98
f 2006/70/117 2005/175/117 1998/427/117 1996/105/117 1997/104/117 1995/182/117 1999/183/117 2002/184/117 2001/390/117 2000/283/117
f 539/326/100 536/329/100 535/147/100
f 565/124/73 571/306/73 580/227/73 577/150/73 578/116/73
f 1611/50/88 1610/200/88 1615/428/88 1616/161/88 1617/59/88
f 544/231/14 542/58/14 541/116/14 543/114/14
f 1881/248/82 1883/70/82 1877/322/82 1879/271/82 1875/323/82 1866/324/82 1868/325/82 1867/131/82
f 1610/391/73 1612/129/73 1620/429/73 1614/86/73 1615/428/73
f 533/127/90 525/126/90 528/125/90 534/128/90
f 529/273/98 537/272/98 540/271/98 531/222/98
f 2324/425/12 2323/263/12 2315/302/12 2316/303/12
f 123/115/14 121/54/14 120/116/14 119/150/14 126/114/14 127/320/14 128/70/14 124/132/14
f 2730/117/41 2736/430/41 2734/119/41 2733/60/41 2731/431/41 2726/432/41 2729/357/41 2728/358/41
f 561/174/14 563/203/14 564/136/14 562/69/14
f 2397/246/118 2389/415/118 2390/426/118
f 273/228/57 271/54/57 274/210/57
f 81/147/119 83/239/119 93/231/119 94/230/119 91/227/119 82/329/119
f 566/290/39 568/158/39 569/50/39
f 553/348/90 545/126/90 548/138/90 554/394/90
f 549/221/91 557/272/91 560/349/91 552/72/91
f 577/150/56 580/227/56 581/286/56
f 2193/194/63 2194/193/63 2192/265/63 2190/255/63 2191/57/63 2189/256/63 2185/257/63 2188/211/63 2187/433/63 2186/259/63
f 662/232/120 672/205/120 678/209/120 679/321/120 680/345/120 677/376/120 667/377/120 668/378/120 669/289/120 670/235/120
f 2530/117/41 2536/434/41 2534/119/41 2533/106/41 2531/435/41 2526/436/41 2529/107/41 2528/108/41
f 281/136/50 278/320/50 282/197/50
f 661/304/72 662/199/72 670/74/72 665/163/72 664/343/72
f 2560/430/92 2572/437/92 2570/438/92 2569/246/92 2567/439/92 2556/440/92 2559/301/92 2558/119/92
f 1946/401/70 1945/367/70 1940/427/70 1938/417/70 1939/284/70 1941/283/70
f 2213/263/63 2214/425/63 2212/265/63 2210/295/63 2211/296/63 2209/256/63 2205/257/63 2208/54/63 2207/258/63 2206/259/63
f 1325/317/6 1319/73/6 1331/87/6 1337/288/6
f 567/221/91 573/272/91 576/349/91 570/72/91
f 130/396/17 131/199/17 133/441/17 132/190/17
f 60/224/121 64/349/121 61/73/121
f 1719/130/49 1717/202/49 1725/59/49 1733/154/49 1734/401/49
f 616/228/57 615/161/57 617/201/57
f 170/130/95 168/131/95 176/228/95 177/115/95 178/132/95 175/270/95 183/269/95 184/135/95 185/70/95 186/197/95
f 293/210/14 290/211/14 289/123/14 288/150/14 298/85/14 296/213/14 297/204/14 301/136/14 300/311/14 294/156/14
f 585/221/98 591/272/98 594/349/98 588/72/98
f 483/367/33 481/174/33 466/124/33 468/125/33 465/126/33 473/127/33 474/128/33 475/129/33
f 139/228/57 137/211/57 140/115/57
f 350/346/84 351/210/84 345/158/84 343/290/84 342/200/84
f 652/205/51 651/421/51 655/247/51 656/320/51 658/209/51
f 617/201/122 615/161/122 614/116/122 613/150/122 619/286/122 620/330/122
f 629/45/28 625/67/28 630/74/28
f 602/221/98 608/272/98 612/349/98 604/72/98
f 609/442/123 605/443/123 607/284/123 611/326/123
f 634/57/124 632/371/124 631/444/124
f 69/228/57 68/211/57 70/210/57
f 762/304/125 763/238/125 772/445/125 773/326/125 770/446/125 765/447/125 767/284/125 766/302/125
f 621/51/126 632/371/126 634/57/126 633/205/126 622/448/126
f 305/147/17 303/62/17 304/238/17 306/239/17
f 636/246/127 626/342/127 624/46/127 625/67/127 629/45/127 628/344/127 640/313/127 639/321/127 637/247/127
f 659/321/12 656/320/12 655/247/12 654/246/12 646/342/12 644/305/12 645/104/12 649/45/12 648/344/12 660/313/12
f 28/68/81 25/62/81 27/49/81 30/65/81 29/66/81
f 321/230/71 317/286/71 316/227/71
f 324/157/39 327/158/39 328/50/39
f 635/374/128 623/244/128 626/373/128 636/246/128
f 627/377/129 638/376/129 640/313/129 628/378/129
f 2806/384/30 2794/88/30 2792/336/30 2791/90/30 2789/404/30 2802/405/30 2805/93/30 2804/339/30
f 713/206/61 705/241/61 708/242/61 710/243/61 707/244/61 715/245/61 716/246/61 717/207/61
f 671/449/5 672/205/5 662/448/5 661/299/5
f 1931/70/42 1930/175/42 1921/105/42 1922/104/42 1919/182/42 1924/183/42 1926/184/42 1925/185/42
f 3372/450/6 3370/451/6 3374/452/6 3376/453/6
f 1667/130/130 1662/73/130 1674/201/130 1676/156/130 1680/155/130
f 669/45/28 665/163/28 670/74/28
f 2223/426/116 2233/263/116 2226/259/116 2216/307/116 2217/241/116
f 678/209/79 676/204/79 679/321/79
f 653/374/128 643/244/128 646/373/128 654/246/128
f 647/377/129 657/376/129 660/313/129 648/378/129
f 1859/401/44 1858/367/44 1850/417/44 1851/284/44 1853/283/44
f 391/286/131 388/346/131 377/400/131 378/124/131 379/138/131 376/126/131 382/348/131 383/128/131 384/129/131 385/137/131
f 673/374/128 663/244/128 666/373/128 674/246/128
f 667/377/132 677/376/132 680/345/132 668/378/132
f 703/230/12 699/282/12 698/247/12 697/246/12 687/342/12 685/305/12 686/284/12 692/326/12 691/445/12 690/344/12 704/313/12 702/454/12
f 2736/430/92 2748/437/92 2746/438/92 2745/246/92 2743/455/92 2732/456/92 2735/301/92 2734/119/92
f 2959/331/17 2957/332/17 2958/333/17 2960/334/17
f 32/86/53 40/85/53 38/203/53 39/208/53 41/70/53 36/69/53 34/229/53 33/53/53
f 340/203/33 338/174/33 323/124/33 325/138/33 322/126/33 330/348/33 331/128/33 332/129/33
f 931/232/133 943/457/133 951/454/133 953/313/133 949/376/133 937/377/133 939/458/133 940/317/133
f 3187/459/66 3191/460/66 3189/461/66 3185/462/66
f 705/51/5 713/206/5 714/205/5 706/88/5
f 692/326/134 686/284/134 684/447/134 689/446/134
f 695/374/135 683/244/135 687/373/135 697/246/135
f 688/377/129 700/376/129 704/313/129 690/378/129
f 701/463/136 696/464/136 699/282/136 703/230/136
f 719/209/79 718/208/79 720/321/79
f 712/235/137 721/313/137 711/317/137
f 817/205/51 816/240/51 820/247/51 821/320/51 823/209/51
f 786/304/72 787/49/72 794/74/72 790/67/72 789/314/72
f 710/301/138 708/314/138 709/67/138 711/45/138 721/313/138 720/321/138 718/208/138 717/207/138 716/246/138
f 715/245/128 707/244/128 710/243/128 716/246/128
f 730/45/28 726/104/28 731/74/28
f 2419/194/139 2420/193/139 2417/255/139 2418/57/139 2415/256/139 2411/257/139 2413/211/139 2412/433/139
f 739/209/79 737/320/79 740/321/79
f 727/301/12 725/302/12 726/104/12 730/45/12 729/192/12 741/313/12 740/321/12 737/320/12 736/247/12 735/246/12
f 1532/115/14 1529/161/14 1528/346/14 1527/150/14 1537/268/14 1535/175/14 1536/282/14 1540/465/14 1539/135/14 1533/132/14
f 484/70/44 483/367/44 475/68/44 476/67/44 478/191/44
f 750/45/28 746/163/28 751/74/28
f 734/245/128 724/244/128 727/243/128 735/246/128
f 728/377/129 738/466/129 741/313/129 729/458/129
f 1904/174/62 1905/347/62 1891/249/62 1893/420/62 1889/251/62 1885/252/62 1887/157/62 1886/51/62
f 1698/190/140 1699/467/140 1714/70/140 1715/468/140 1712/469/140 1708/470/140 1710/204/140 1709/393/140
f 743/88/5 742/299/5 752/471/5 753/205/5
f 837/205/51 836/471/51 840/341/51 841/204/51 843/209/51
f 759/209/79 757/204/79 760/321/79
f 747/301/12 745/195/12 746/163/12 750/45/12 749/192/12 761/313/12 760/321/12 757/204/12 756/341/12 755/246/12
f 169/68/17 167/180/17 168/49/17 170/178/17
f 754/245/128 744/244/128 747/243/128 755/246/128
f 748/377/132 758/466/132 761/313/132 749/458/132
f 2279/303/141 2277/314/141 2271/472/141 2272/109/141 2270/473/141 2273/474/141 2276/110/141 2275/111/141
f 377/237/142 381/236/142 378/200/142
f 3192/475/6 3188/476/6 3186/477/6 3190/478/6
f 542/58/82 544/231/82 538/130/82 540/271/82 537/272/82 529/273/82 531/222/82 530/131/82
f 3241/479/143 3248/480/143 3262/481/143 3255/482/143 3258/483/143 3264/484/143 3250/485/143 3244/486/143
f 172/150/14 182/268/14 180/367/14 181/208/14 185/70/14 184/135/14 178/132/14 177/115/14 174/229/14 173/174/14
f 116/50/88 115/200/88 120/116/88 121/54/88 122/228/88
f 773/326/134 767/284/134 765/447/134 770/446/134
f 776/245/128 764/244/128 768/243/128 778/246/128
f 769/377/132 781/466/132 785/313/132 771/458/132
f 782/463/136 777/464/136 780/282/136 784/230/136
f 1623/465/50 1622/282/50 1624/155/50
f 1644/111/144 1648/146/144 1646/104/144 1645/68/144 1643/62/144
f 380/238/145 386/239/145 387/326/145 384/147/145 383/60/145 379/61/145 378/62/145 381/397/145
f 797/374/128 788/487/128 791/488/128 799/246/128
f 802/489/136 798/490/136 801/208/136 805/468/136
f 1662/279/146 1667/390/146 1668/184/146 1665/104/146 1664/68/146 1661/62/146
f 824/321/12 821/320/12 820/247/12 819/246/12 811/407/12 809/302/12 810/104/12 814/45/12 813/491/12 825/313/12
f 1756/391/104 1758/306/104 1769/379/104 1771/268/104 1768/492/104 1760/493/104 1761/494/104 1762/346/104
f 1683/147/17 1681/108/17 1682/145/17 1684/285/17
f 910/304/72 911/199/72 919/74/72 914/163/72 913/343/72
f 823/209/79 821/320/79 824/321/79
f 1688/59/57 1686/161/57 1689/115/57
f 428/70/70 427/114/70 422/329/70 420/147/70 421/104/70 423/191/70
f 836/471/5 837/205/5 827/88/5 826/299/5
f 1825/130/49 1822/202/49 1830/59/49 1837/135/49 1838/495/49
f 818/374/128 808/487/128 811/488/128 819/246/128
f 812/377/129 822/376/129 825/313/129 813/233/129
f 834/45/28 830/163/28 835/74/28
f 844/321/12 841/204/12 840/341/12 839/246/12 831/407/12 829/195/12 830/163/12 834/45/12 833/491/12 845/313/12
f 2363/263/139 2364/425/139 2360/295/139 2361/296/139 2358/256/139 2355/257/139 2357/54/139 2356/258/139
f 3361/274/66 3363/275/66 3367/276/66 3365/277/66
f 407/191/67 405/67/67 408/441/67
f 396/63/17 400/49/17 401/398/17 409/496/17 408/441/17 405/67/17 404/68/17 403/497/17 397/399/17 395/396/17
f 2315/426/147 2323/263/147 2317/266/147 2319/93/147 2312/498/147
f 2636/499/36 2630/384/36 2628/339/36 2627/494/36 2625/500/36 2632/501/36 2635/268/36 2634/502/36
f 130/124/104 132/129/104 143/122/104 145/187/104 142/186/104 134/83/104 135/150/104 136/123/104
f 838/374/128 828/487/128 831/488/128 839/246/128
f 832/377/132 842/376/132 845/313/132 833/233/132
f 3476/503/6 3474/504/6 3478/505/6 3480/506/6
f 959/168/41 965/169/41 963/315/41 962/60/41 960/171/41 955/172/41 958/61/41 957/62/41
f 1681/391/108 1683/392/108 1690/507/108 1692/386/108 1687/508/108
f 2670/225/148 2680/437/148 2679/509/148 2678/438/148 2677/246/148 2676/439/148 2666/510/148 2669/407/148 2667/119/148 2668/226/148
f 306/130/34 304/73/34 313/201/34 315/156/34 311/270/34 318/310/34 319/311/34 320/330/34
f 971/149/30 959/448/30 957/89/30 956/511/30 954/91/30 967/92/30 970/93/30 969/94/30
f 2234/312/149 2224/317/149 2221/512/149 2220/513/149 2232/265/149
f 857/326/134 851/284/134 849/447/134 854/446/134
f 860/374/128 848/487/128 852/488/128 862/246/128
f 853/377/132 865/376/132 869/313/132 855/233/132
f 866/463/136 861/464/136 864/282/136 868/230/136
f 887/209/79 885/208/79 888/321/79
f 423/191/67 421/104/67 424/441/67
f 3592/506/6 3588/503/6 3586/504/6 3590/505/6
f 3598/514/6 3600/515/6 3596/450/6 3594/516/6
f 1880/123/62 1881/248/62 1867/249/62 1869/250/62 1865/251/62 1861/252/62 1863/381/62 1862/299/62
f 882/374/128 874/244/128 876/373/128 883/375/128
f 877/377/129 886/376/129 889/345/129 878/458/129
f 3703/517/14 3704/506/14 3702/505/14 3701/277/14
f 3712/515/14 3710/518/14 3709/519/14 3711/520/14
f 3710/518/6 3712/515/6 3708/521/6 3706/516/6
f 895/342/12 894/305/12 899/308/12 898/45/12 897/192/12 909/313/12 908/321/12 905/320/12 904/522/12 903/523/12
f 1940/173/150 1934/138/150 1938/129/150
f 2372/426/147 2382/263/147 2376/258/147 2378/93/147 2368/498/147
f 207/180/17 208/199/17 210/178/17 209/190/17
f 601/124/73 606/306/73 618/227/73 613/150/73 614/116/73
f 902/374/128 892/244/128 895/373/128 903/523/128
f 896/377/129 906/376/129 909/313/129 897/458/129
f 915/342/12 913/343/12 914/163/12 918/45/12 917/192/12 929/313/12 928/321/12 925/204/12 924/341/12 923/523/12
f 1542/391/104 1544/129/104 1558/114/104 1560/268/104 1556/524/104 1546/525/104 1548/150/104 1549/212/104
f 3480/506/14 3478/505/14 3477/277/14 3479/276/14
f 911/88/5 910/299/5 920/449/5 921/205/5
f 2167/266/151 2159/241/151 2163/426/151 2164/526/151 2172/262/151
f 97/68/17 95/396/17 96/49/17 98/441/17
f 1883/70/14 1881/248/14 1880/123/14 1882/122/14
f 3487/520/66 3485/519/66 3481/527/66 3483/528/66
f 922/374/128 912/244/128 915/373/128 923/523/128
f 916/377/132 926/376/132 929/313/132 917/458/132
f 3814/97/6 3816/96/6 3812/529/6 3810/530/6
f 216/228/57 214/211/57 217/115/57
f 971/149/6 977/319/6 965/289/6 959/73/6
f 453/222/105 457/218/105 458/130/105
f 941/326/134 935/284/134 933/447/134 938/446/134
f 944/374/128 932/244/128 936/373/128 946/523/128
f 937/377/129 949/376/129 953/313/129 939/458/129
f 950/463/136 945/464/136 948/282/136 952/230/136
f 1187/297/30 1175/88/30 1173/89/30 1172/90/30 1170/423/30 1183/92/30 1186/93/30 1185/94/30
f 1061/169/92 1073/288/92 1071/153/92 1070/246/92 1068/531/92 1057/351/92 1060/301/92 1059/170/92
f 2242/303/152 2241/302/152 2236/472/152 2237/418/152 2240/532/152
f 49/191/67 47/104/67 50/66/67
f 2388/408/153 2387/512/153 2395/295/153 2396/265/153 2399/264/153 2400/313/153 2392/533/153
f 1127/168/41 1133/169/41 1131/170/41 1130/316/41 1128/171/41 1123/172/41 1126/61/41 1125/62/41
f 1647/534/154 1648/130/154 1644/73/154 1654/210/154 1656/156/154 1660/155/154
f 1019/297/6 1025/319/6 1013/289/6 1007/131/6
f 962/60/155 958/61/155 955/172/155 960/171/155
f 974/246/156 964/342/156 961/351/156 972/350/156
f 968/86/157 976/85/157 973/152/157 966/151/157
f 956/511/158 970/93/158 967/92/158 954/91/158
f 3370/535/17 3372/536/17 3371/537/17 3369/538/17
f 57/70/159 55/156/159 54/210/159 52/54/159 51/116/159 56/286/159
f 1085/539/92 1097/288/92 1095/389/92 1094/246/92 1092/531/92 1081/351/92 1084/301/92 1083/170/92
f 732/240/61 722/241/61 725/242/61 727/243/61 724/244/61 734/245/61 735/246/61 736/247/61
f 2018/116/14 2020/540/14 2021/541/14 2019/347/14
f 2027/542/160 2037/543/160 2028/202/160
f 986/497/155 982/399/155 979/544/155 984/545/155
f 998/246/156 988/342/156 985/351/156 996/350/156
f 992/150/157 1000/187/157 997/388/157 990/151/157
f 980/511/158 994/93/158 991/92/158 978/91/158
f 2010/542/121 2017/543/121 2011/202/121
f 2542/384/30 2530/88/30 2528/336/30 2527/90/30 2525/404/30 2538/405/30 2541/93/30 2540/339/30
f 1277/539/92 1289/319/92 1287/546/92 1286/523/92 1284/350/92 1273/351/92 1276/342/92 1275/315/92
f 1079/168/41 1085/539/41 1083/170/41 1082/497/41 1080/545/41 1075/544/41 1078/399/41 1077/396/41
f 2592/437/161 2587/335/161 2585/339/161 2584/86/161 2591/509/161
f 1010/60/155 1006/179/155 1003/547/155 1008/171/155
f 1022/246/156 1012/342/156 1009/351/156 1020/350/156
f 1016/150/157 1024/268/157 1021/152/157 1014/403/157
f 1004/511/158 1018/93/158 1015/92/158 1002/91/158
f 372/210/54 375/70/54 367/218/54 368/130/54 369/349/54 366/272/54 360/221/54 363/72/54 362/73/54 361/224/54
f 1034/316/155 1030/61/155 1027/172/155 1032/171/155
f 1046/246/156 1036/342/156 1033/351/156 1044/350/156
f 1040/150/157 1048/85/157 1045/152/157 1038/151/157
f 1028/511/158 1042/93/158 1039/92/158 1026/91/158
f 562/69/54 564/136/54 558/218/54 559/130/54 560/349/54 557/272/54 549/221/54 552/72/54 551/73/54 550/224/54
f 1966/70/14 1964/69/14 1963/123/14 1965/122/14
f 2111/184/17 2108/163/17 2107/181/17 2106/106/17 2099/108/17 2100/198/17 2104/359/17 2103/279/17 2112/112/17 2110/278/17
f 1058/60/155 1054/61/155 1051/172/155 1056/171/155
f 1070/246/156 1060/301/156 1057/351/156 1068/531/156
f 1064/86/157 1072/85/157 1069/152/157 1062/151/157
f 1052/90/158 1066/93/158 1063/298/158 1050/91/158
f 1157/169/92 1169/288/92 1167/153/92 1166/246/92 1164/350/92 1153/406/92 1156/407/92 1155/170/92
f 1641/136/162 1640/114/162 1639/429/162 1628/548/162 1630/184/162 1629/390/162 1642/155/162
f 1085/317/6 1079/223/6 1091/297/6 1097/288/6
f 1109/317/6 1103/131/6 1115/297/6 1121/288/6
f 58/197/46 55/156/46 57/70/46
f 2160/418/163 2161/145/163 2162/532/163
f 1103/168/41 1109/549/41 1107/170/41 1106/60/41 1104/171/41 1099/547/41 1102/179/41 1101/180/41
f 2172/262/164 2164/526/164 2171/263/164
f 1082/497/155 1078/399/155 1075/544/155 1080/545/155
f 1094/246/156 1084/301/156 1081/351/156 1092/531/156
f 1088/150/157 1096/187/157 1093/388/157 1086/151/157
f 1076/90/158 1090/93/158 1087/298/158 1074/91/158
f 1199/168/41 1205/549/41 1203/170/41 1202/60/41 1200/171/41 1195/547/41 1198/179/41 1197/180/41
f 1037/169/92 1049/288/92 1047/153/92 1046/246/92 1044/350/92 1033/351/92 1036/342/92 1035/315/92
f 255/228/57 253/229/57 256/210/57
f 115/396/17 116/199/17 118/441/17 117/147/17
f 1106/60/155 1102/179/155 1099/547/155 1104/171/155
f 1118/246/156 1108/301/156 1105/351/156 1116/531/156
f 1112/150/157 1120/268/157 1117/152/157 1110/403/157
f 1100/90/158 1114/93/158 1111/298/158 1098/91/158
f 631/444/165 632/371/165 621/422/165 624/242/165 626/373/165 623/244/165 635/374/165 636/246/165 637/247/165
f 2138/465/42 2137/379/42 2129/105/42 2130/104/42 2127/182/42 2131/183/42 2133/103/42 2132/113/42
f 1307/318/30 1295/88/30 1293/89/30 1292/90/30 1290/91/30 1303/92/30 1306/93/30 1305/94/30
f 98/130/95 96/223/95 104/228/95 105/248/95 106/132/95 103/189/95 111/188/95 112/135/95 113/70/95 114/197/95
f 2237/418/163 2239/145/163 2240/532/163
f 2316/303/166 2315/302/166 2312/550/166 2310/472/166 2311/418/166 2314/532/166
f 2695/395/167 2685/88/167 2684/551/167 2683/336/167 2682/90/167 2681/337/167 2691/552/167 2694/93/167 2692/339/167 2693/385/167
f 2216/307/74 2226/259/74 2227/258/74
f 1151/168/41 1157/169/41 1155/170/41 1154/60/41 1152/171/41 1147/172/41 1150/61/41 1149/62/41
f 1283/318/30 1271/88/30 1269/89/30 1268/90/30 1266/91/30 1279/92/30 1282/93/30 1281/94/30
f 1157/234/6 1151/73/6 1163/149/6 1169/288/6
f 1130/316/155 1126/61/155 1123/172/155 1128/171/155
f 1142/246/156 1132/301/156 1129/351/156 1140/531/156
f 1136/150/157 1144/85/157 1141/152/157 1134/151/157
f 1124/90/158 1138/93/158 1135/298/158 1122/91/158
f 872/232/168 881/205/168 887/209/168 888/321/168 889/345/168 886/376/168 877/377/168 878/458/168 879/317/168
f 2249/264/12 2248/263/12 2241/302/12 2242/303/12
f 2286/265/169 2274/513/169 2284/295/169
f 543/114/131 541/116/131 526/400/131 527/124/131 528/125/131 525/126/131 533/127/131 534/128/131 535/129/131 536/137/131
f 1325/169/92 1337/288/92 1335/380/92 1334/523/92 1332/350/92 1321/351/92 1324/342/92 1323/315/92
f 1235/149/6 1241/148/6 1229/234/6 1223/73/6
f 122/228/57 121/54/57 123/115/57
f 1154/60/155 1150/61/155 1147/172/155 1152/171/155
f 1166/246/156 1156/407/156 1153/406/156 1164/350/156
f 1160/86/157 1168/85/157 1165/152/157 1158/151/157
f 1148/90/158 1162/93/158 1159/92/158 1146/423/158
f 119/150/56 125/227/56 126/114/56
f 1049/288/36 1043/149/36 1041/94/36 1040/150/36 1038/151/36 1045/152/36 1048/85/36 1047/153/36
f 268/130/95 266/73/95 273/228/95 274/210/95 275/156/95 272/270/95 279/310/95 280/311/95 281/136/95 282/197/95
f 753/205/51 752/471/51 756/341/51 757/204/51 759/209/51
f 2459/263/139 2460/193/139 2457/255/139 2458/57/139 2455/256/139 2451/257/139 2453/54/139 2452/258/139
f 2311/418/163 2313/145/163 2314/532/163
f 1178/497/155 1174/399/155 1171/544/155 1176/545/155
f 1190/246/156 1180/407/156 1177/406/156 1188/350/156
f 1184/150/157 1192/187/157 1189/388/157 1182/151/157
f 1172/90/158 1186/93/158 1183/92/158 1170/423/158
f 2359/409/170 2350/408/170 2349/512/170
f 547/157/39 550/158/39 551/50/39
f 1196/553/66 1197/414/66 1198/125/66 1202/128/66 1203/129/66 1204/488/66 1214/246/66 1215/389/66 1216/268/66 1208/150/66 1209/94/66 1210/93/66
f 1301/549/92 1313/319/92 1311/546/92 1310/523/92 1308/350/92 1297/351/92 1300/342/92 1299/315/92
f 2340/554/171 2330/88/171 2331/250/171 2327/381/171 2326/299/171 2338/93/171 2336/433/171 2337/211/171 2341/57/171
f 1259/87/30 1247/88/30 1245/89/30 1244/90/30 1242/91/30 1255/92/30 1258/93/30 1257/94/30
f 1289/319/36 1283/318/36 1281/94/36 1280/150/36 1278/151/36 1285/388/36 1288/187/36 1287/546/36
f 637/247/172 639/321/172 633/205/172 634/57/172 631/444/172
f 1202/60/155 1198/179/155 1195/547/155 1200/171/155
f 1214/246/156 1204/407/156 1201/406/156 1212/350/156
f 1208/150/157 1216/268/157 1213/152/157 1206/403/157
f 1196/90/158 1210/93/158 1207/92/158 1194/423/158
f 1244/307/66 1245/241/66 1246/138/66 1250/128/66 1251/129/66 1252/373/66 1262/523/66 1263/380/66 1264/85/66 1256/86/66 1257/94/66 1258/93/66
f 2554/117/41 2560/430/41 2558/119/41 2557/60/41 2555/431/41 2550/432/41 2553/357/41 2552/358/41
f 2436/409/170 2427/408/170 2426/512/170
f 989/539/92 1001/319/92 999/389/92 998/246/92 996/350/92 985/351/92 988/342/92 987/315/92
f 1983/174/62 1984/402/62 1972/249/62 1974/420/62 1971/251/62 1967/252/62 1969/157/62 1968/51/62
f 2472/430/92 2484/437/92 2482/438/92 2481/246/92 2479/455/92 2468/456/92 2471/301/92 2470/119/92
f 2386/418/163 2387/145/163 2388/532/163
f 1226/316/155 1222/61/155 1219/172/155 1224/171/155
f 1238/246/156 1228/407/156 1225/406/156 1236/350/156
f 1232/150/157 1240/85/157 1237/152/157 1230/151/157
f 1220/90/158 1234/93/158 1231/92/158 1218/423/158
f 1328/150/66 1329/94/66 1330/93/66 1316/307/66 1317/241/66 1318/138/66 1322/394/66 1323/306/66 1324/373/66 1334/523/66 1335/380/66 1336/85/66
f 1013/549/92 1025/319/92 1023/389/92 1022/246/92 1020/350/92 1009/351/92 1012/342/92 1011/315/92
f 1253/317/6 1247/73/6 1259/87/6 1265/319/6
f 2194/193/149 2184/317/149 2181/512/149 2180/513/149 2192/265/149
f 682/232/133 694/457/133 702/454/133 704/313/133 700/376/133 688/377/133 690/378/133 691/289/133
f 2424/498/173 2434/93/173 2422/241/173
f 1250/60/155 1246/61/155 1243/172/155 1248/171/155
f 1262/523/156 1252/342/156 1249/351/156 1260/350/156
f 1256/86/157 1264/85/157 1261/152/157 1254/151/157
f 1244/90/158 1258/93/158 1255/92/158 1242/91/158
f 1295/168/41 1301/549/41 1299/315/41 1298/60/41 1296/171/41 1291/547/41 1294/179/41 1293/180/41
f 2456/409/170 2447/408/170 2446/512/170
f 2436/409/5 2426/88/5 2428/420/5 2423/157/5 2422/51/5 2434/93/5 2432/258/5 2433/54/5 2438/296/5 2437/295/5
f 1277/317/6 1271/223/6 1283/318/6 1289/319/6
f 2450/196/12 2460/193/12 2459/263/12 2449/314/12
f 301/136/174 297/204/174 302/197/174
f 2718/384/30 2706/88/30 2704/336/30 2703/90/30 2701/337/30 2714/552/30 2717/93/30 2716/339/30
f 286/130/95 284/73/95 292/228/95 293/210/95 294/156/95 291/270/95 299/310/95 300/311/95 301/136/95 302/197/95
f 1274/497/155 1270/399/155 1267/544/155 1272/545/155
f 1286/523/156 1276/342/156 1273/351/156 1284/350/156
f 1280/150/157 1288/187/157 1285/388/157 1278/151/157
f 1268/90/158 1282/93/158 1279/92/158 1266/91/158
f 392/231/175 391/286/175 385/329/175 387/326/175 386/239/175 393/197/175
f 2511/120/176 2507/108/176 2508/121/176
f 795/206/61 786/414/61 789/242/61 791/488/61 788/487/61 797/374/61 799/246/61 800/247/61
f 763/232/133 775/457/133 783/454/133 785/313/133 781/466/133 769/377/133 771/458/133 772/317/133
f 706/232/177 714/205/177 719/209/177 720/321/177 721/313/177 712/235/177
f 1298/60/155 1294/179/155 1291/547/155 1296/171/155
f 1310/523/156 1300/342/156 1297/351/156 1308/350/156
f 1304/150/157 1312/268/157 1309/152/157 1302/403/157
f 1292/90/158 1306/93/158 1303/92/158 1290/91/158
f 2706/117/41 2712/434/41 2710/119/41 2709/106/41 2707/435/41 2702/436/41 2705/107/41 2704/108/41
f 1043/149/30 1031/448/30 1029/89/30 1028/511/30 1026/91/30 1039/92/30 1042/93/30 1041/94/30
f 2665/117/55 2670/225/55 2668/226/55 2664/61/55 2663/62/55
f 230/130/34 228/131/34 236/58/34 238/132/34 235/270/34 243/269/34 244/135/34 245/231/34
f 592/191/67 590/163/67 593/66/67
f 292/228/57 290/211/57 293/210/57
f 3206/555/6 3210/556/6 3212/557/6 3208/558/6
f 1322/316/155 1318/61/155 1315/172/155 1320/171/155
f 1334/523/156 1324/342/156 1321/351/156 1332/350/156
f 1328/150/157 1336/85/157 1333/152/157 1326/151/157
f 1316/90/158 1330/93/158 1327/92/158 1314/91/158
f 1379/559/19 1378/560/19 1376/561/19 1375/562/19
f 1367/563/17 1373/564/17 1369/565/17 1364/566/17
f 1400/567/19 1399/568/19 1403/569/19 1402/570/19
f 1344/571/4 1338/572/4 1340/573/4 1345/574/4
f 1338/572/2 1339/575/2 1340/573/2
f 1497/576/18 1496/577/18 1494/578/18 1493/579/18
f 1342/580/11 1347/581/11 1349/582/11 1343/583/11
f 1338/572/1 1350/584/1 1352/585/1 1339/575/1
f 1341/586/7 1342/580/7 1343/583/7
f 1362/587/4 1364/588/4 1369/574/4 1368/589/4
f 1363/590/23 1365/591/23 1367/563/23 1364/566/23
f 1344/571/9 1345/574/9 1346/592/9
f 1339/590/23 1341/586/23 1343/583/23 1340/593/23
f 1346/594/8 1345/595/8 1349/582/8 1348/596/8
f 1355/597/14 1351/598/14 1358/599/14 1360/600/14
f 1386/601/4 1388/588/4 1393/574/4 1392/602/4
f 1347/581/13 1348/596/13 1349/582/13
f 1366/603/11 1371/604/11 1373/564/11 1367/563/11
f 1356/605/10 1344/571/10 1346/592/10 1357/606/10
f 1350/584/15 1351/598/15 1352/585/15
f 1408/607/14 1403/569/14 1399/568/14 1406/608/14
f 1359/609/178 1361/610/178 1348/596/178 1347/581/178
f 1371/611/6 1366/612/6 1377/613/6 1383/614/6
f 1404/615/21 1406/608/21 1399/568/21 1398/616/21
f 1421/36/8 1420/617/8 1418/618/8 1417/37/8
f 1353/619/16 1354/620/16 1355/597/16
f 1356/605/66 1350/584/66 1338/572/66 1344/571/66
f 1380/621/10 1368/589/10 1370/622/10 1381/623/10
f 1356/605/20 1357/606/20 1358/599/20
f 1380/621/66 1374/624/66 1362/587/66 1368/589/66
f 2968/625/12 2972/626/12 2971/627/12 2967/628/12
f 3138/629/179 3132/630/179 3134/631/179 3139/632/179
f 1482/633/12 1484/634/12 1497/576/12 1493/579/12
f 1359/609/180 1360/600/180 1361/610/180
f 1341/635/5 1339/636/5 1352/585/5 1354/620/5
f 1432/637/179 1431/638/179 1425/639/179 1427/640/179
f 1382/641/18 1381/623/18 1385/642/18 1384/643/18
f 1362/587/181 1363/644/181 1364/588/181
f 1480/645/4 1474/646/4 1476/647/4 1481/648/4
f 1449/649/4 1448/650/4 1442/651/4 1444/652/4
f 1365/591/182 1366/603/182 1367/563/182
f 1378/560/5 1365/653/5 1363/654/5 1376/561/5
f 1380/621/21 1382/641/21 1375/562/21 1374/624/21
f 1398/616/1 1400/567/1 1387/655/1 1386/601/1
f 1402/570/5 1389/653/5 1387/656/5 1400/567/5
f 1422/657/1 1424/658/1 1411/659/1 1410/660/1
f 1368/589/183 1369/574/183 1370/622/183
f 1362/587/1 1374/624/1 1376/561/1 1363/644/1
f 1388/566/23 1387/590/23 1389/591/23 1391/661/23
f 1377/613/179 1379/559/179 1384/643/179 1383/614/179
f 1371/604/13 1372/662/13 1373/564/13
f 1372/662/8 1370/663/8 1369/565/8 1373/564/8
f 1349/582/17 1345/595/17 1340/593/17 1343/583/17
f 1386/601/66 1392/602/66 1404/615/66 1398/616/66
f 1378/560/3 1377/613/3 1366/664/3 1365/653/3
f 1374/624/184 1375/562/184 1376/561/184
f 1377/613/185 1378/560/185 1379/559/185
f 1371/604/178 1383/614/178 1385/642/178 1372/662/178
f 1380/621/20 1381/623/20 1382/641/20
f 1395/611/6 1390/612/6 1401/665/6 1407/666/6
f 1493/579/10 1492/667/10 1480/645/10 1482/668/10
f 1405/669/10 1404/615/10 1392/602/10 1394/670/10
f 3159/671/21 3161/672/21 3154/673/21 3153/674/21
f 1383/614/180 1384/643/180 1385/642/180
f 1358/599/18 1357/606/18 1361/610/18 1360/600/18
f 3797/675/66 3785/676/66 3791/677/66 3803/678/66
f 1386/601/181 1387/655/181 1388/588/181
f 1402/570/3 1401/665/3 1390/664/3 1389/653/3
f 1390/679/11 1395/604/11 1397/564/11 1391/661/11
f 1480/645/66 1492/667/66 1486/680/66 1474/646/66
f 1446/664/3 1445/681/3 1458/682/3 1457/683/3
f 1389/591/186 1390/679/186 1391/661/186
f 1356/605/21 1358/599/21 1351/598/21 1350/584/21
f 1408/607/18 1406/608/18 1405/669/18 1409/684/18
f 3133/685/3 3132/630/3 3121/664/3 3120/686/3
f 1392/602/183 1393/574/183 1394/670/183
f 1456/658/19 1455/687/19 1459/640/19 1458/682/19
f 1372/662/12 1385/642/12 1381/623/12 1370/663/12
f 1414/688/11 1419/689/11 1421/36/11 1415/35/11
f 1360/600/179 1359/609/179 1353/619/179 1355/597/179
f 1395/604/187 1396/690/187 1397/564/187
f 1457/683/179 1459/640/179 1464/637/179 1463/638/179
f 3317/691/5 3304/692/5 3302/693/5 3315/694/5
f 1398/616/15 1399/568/15 1400/567/15
f 1450/695/8 1449/37/8 1453/36/8 1452/696/8
f 1401/665/188 1402/570/188 1403/569/188
f 1396/690/12 1409/684/12 1405/669/12 1394/697/12
f 1352/585/189 1351/598/189 1355/597/189 1354/620/189
f 1404/615/190 1405/669/190 1406/608/190
f 1384/643/14 1379/559/14 1375/562/14 1382/641/14
f 1495/698/178 1497/576/178 1484/634/178 1483/699/178
f 3120/686/5 3118/700/5 3131/701/5 3133/685/5
f 1424/658/19 1423/702/19 1427/640/19 1426/703/19
f 1407/666/22 1408/607/22 1409/684/22
f 1416/704/66 1428/705/66 1422/657/66 1410/660/66
f 1429/706/10 1428/705/10 1416/704/10 1418/707/10
f 1465/708/18 1464/637/18 1462/709/18 1461/710/18
f 1458/682/5 1445/681/5 1443/711/5 1456/658/5
f 1410/660/2 1411/659/2 1412/652/2
f 1442/651/1 1454/712/1 1456/658/1 1443/713/1
f 1415/35/17 1421/36/17 1417/37/17 1412/38/17
f 1422/657/21 1428/705/21 1430/709/21 1423/702/21
f 3140/714/12 3136/715/12 3125/716/12 3127/717/12
f 1413/718/186 1414/688/186 1415/35/186
f 1491/719/19 1490/720/19 1488/721/19 1487/722/19
f 1420/617/12 1433/723/12 1429/706/12 1418/618/12
f 3283/724/191 3285/725/191 3278/726/191 3277/727/191
f 1416/704/9 1417/649/9 1418/707/9
f 1451/689/178 1463/638/178 1465/708/178 1452/696/178
f 1486/680/1 1488/721/1 1475/728/1 1474/646/1
f 1419/689/192 1420/617/192 1421/36/192
f 1451/689/11 1453/36/11 1447/35/11 1446/688/11
f 1422/657/184 1423/702/184 1424/658/184
f 1426/703/5 1413/681/5 1411/729/5 1424/658/5
f 3794/730/6 3789/731/6 3800/732/6 3806/733/6
f 1444/38/23 1443/590/23 1445/718/23 1447/35/23
f 1425/639/16 1426/703/16 1427/640/16
f 1433/723/18 1432/637/18 1430/709/18 1429/706/18
f 3131/701/189 3130/734/189 3134/631/189 3133/685/189
f 1428/705/193 1429/706/193 1430/709/193
f 1431/638/180 1432/637/180 1433/723/180
f 1469/735/6 1467/736/6 1471/737/6 1473/738/6
f 2992/739/5 2995/740/5 2979/741/5 2975/742/5
f 1439/737/6 1441/743/6 1437/744/6 1435/736/6
f 2914/745/194 2915/746/194 2908/747/194 2906/748/194 2905/749/194 2912/750/194 2911/751/194
f 2968/625/17 2967/628/17 2965/752/17 2966/753/17
f 705/304/72 706/49/72 712/74/72 709/67/72 708/314/72
f 1436/754/66 1440/755/66 1438/756/66 1434/757/66
f 3182/758/17 3181/759/17 3179/760/17 3180/761/17
f 694/457/5 682/448/5 681/200/5 693/421/5
f 1467/762/17 1469/763/17 1468/764/17 1466/765/17
f 3951/766/195 3950/767/195 3956/768/195 3955/769/195 3961/770/195 3962/771/195 3968/772/195 3969/773/195
f 2964/216/6 2960/774/6 2958/775/6 2962/217/6
f 1471/737/5 1467/776/5 1466/777/5 1470/756/5
f 1460/778/10 1448/650/10 1450/779/10 1461/710/10
f 3157/780/3 3156/781/3 3145/664/3 3144/782/3
f 1442/651/2 1443/713/2 1444/652/2
f 1496/577/14 1491/719/14 1487/722/14 1494/578/14
f 3570/783/6 3565/784/6 3576/785/6 3582/786/6
f 3577/787/3 3576/785/3 3565/664/3 3564/788/3
f 3134/631/14 3130/734/14 3137/789/14 3139/632/14
f 1445/718/7 1446/688/7 1447/35/7
f 1426/703/3 1425/639/3 1414/664/3 1413/681/3
f 1448/650/9 1449/649/9 1450/779/9
f 1451/689/13 1452/696/13 1453/36/13
f 1464/637/14 1459/640/14 1455/687/14 1462/709/14
f 1410/660/4 1412/652/4 1417/649/4 1416/704/4
f 1347/790/6 1342/791/6 1353/619/6 1359/609/6
f 1452/696/12 1465/708/12 1461/710/12 1450/695/12
f 3279/792/196 3278/726/196 3282/793/196 3281/794/196
f 1454/712/184 1455/687/184 1456/658/184
f 3137/789/197 3136/715/197 3140/714/197 3139/632/197
f 3129/795/1 3131/701/1 3118/796/1 3117/797/1
f 1457/683/16 1458/682/16 1459/640/16
f 3324/798/12 3320/799/12 3309/800/12 3311/801/12
f 3463/802/19 3462/803/19 3466/804/19 3465/787/19
f 1413/718/23 1415/35/23 1412/38/23 1411/590/23
f 1460/778/20 1461/710/20 1462/709/20
f 1495/698/6 1483/805/6 1478/806/6 1489/807/6
f 3117/797/66 3123/808/66 3135/809/66 3129/795/66
f 3136/715/10 3135/809/10 3123/808/10 3125/810/10
f 1463/638/22 1464/637/22 1465/708/22
f 165/230/71 163/114/71 162/227/71
f 425/116/84 426/115/84 417/158/84 415/290/84 414/200/84
f 343/109/198 346/199/198 349/66/198 347/147/198 344/61/198 342/62/198
f 1441/743/14 1439/737/14 1438/756/14 1440/755/14
f 1437/763/12 1441/743/12 1440/755/12 1436/764/12
f 1435/762/17 1437/763/17 1436/764/17 1434/765/17
f 1469/763/12 1473/738/12 1472/811/12 1468/764/12
f 1477/812/23 1479/813/23 1476/814/23 1475/590/23
f 1490/720/3 1489/807/3 1478/664/3 1477/815/3
f 1481/816/17 1476/814/17 1479/813/17 1485/817/17
f 1492/667/21 1494/578/21 1487/722/21 1486/680/21
f 1474/646/199 1475/728/199 1476/647/199
f 1496/577/179 1495/698/179 1489/807/179 1491/719/179
f 1407/666/178 1409/684/178 1396/690/178 1395/604/178
f 1477/812/182 1478/818/182 1479/813/182
f 1483/699/11 1485/817/11 1479/813/11 1478/818/11
f 1485/817/8 1484/634/8 1482/633/8 1481/816/8
f 1480/645/183 1481/648/183 1482/668/183
f 3681/819/8 3680/820/8 3684/821/8 3683/822/8
f 1490/720/5 1477/815/5 1475/823/5 1488/721/5
f 1483/699/13 1484/634/13 1485/817/13
f 3319/824/200 3307/825/200 3309/826/200 3320/799/200
f 3573/827/1 3575/802/1 3562/828/1 3561/829/1
f 1486/680/201 1487/722/201 1488/721/201
f 3283/724/202 3271/830/202 3273/831/202 3284/832/202
f 1489/807/203 1490/720/203 1491/719/203
f 3324/798/204 3323/833/204 3321/834/204 3320/799/204
f 1492/667/190 1493/579/190 1494/578/190
f 3150/835/6 3145/784/6 3156/781/6 3162/836/6
f 1495/698/180 1496/577/180 1497/576/180
f 1500/837/2 1498/838/2 1499/839/2
f 1501/25/5 1499/839/5 1512/840/5 1514/26/5
f 1519/841/178 1521/33/178 1508/31/178 1507/842/178
f 1503/843/7 1501/25/7 1502/28/7
f 1516/844/21 1518/845/21 1511/846/21 1510/847/21
f 1520/848/14 1515/849/14 1511/846/14 1518/845/14
f 1520/848/18 1518/845/18 1517/34/18 1521/33/18
f 1505/29/17 1500/837/17 1503/843/17 1509/30/17
f 1498/838/4 1500/837/4 1505/29/4 1504/850/4
f 1514/26/19 1512/840/19 1511/846/19 1515/849/19
f 1505/29/183 1506/32/183 1504/850/183
f 10/13/178 22/12/178 24/20/178 11/16/178
f 1509/30/13 1507/842/13 1508/31/13
f 1499/839/23 1501/25/23 1503/843/23 1500/837/23
f 1516/844/66 1510/847/66 1498/838/66 1504/850/66
f 1504/850/10 1506/32/10 1517/34/10 1516/844/10
f 1512/840/15 1510/847/15 1511/846/15
f 1502/28/11 1507/842/11 1509/30/11 1503/843/11
f 1510/847/1 1512/840/1 1499/839/1 1498/838/1
f 1515/849/185 1513/27/185 1514/26/185
f 1513/27/179 1515/849/179 1520/848/179 1519/841/179
f 1518/845/190 1516/844/190 1517/34/190
f 1507/842/6 1502/28/6 1513/27/6 1519/841/6
f 1520/848/205 1521/33/205 1519/841/205
f 19/19/66 13/1/66 1/4/66 7/10/66
f 1540/465/50 1536/282/50 1541/155/50
f 1531/59/57 1529/161/57 1532/115/57
f 372/210/80 371/123/80 370/86/80 374/213/80 375/70/80
f 642/232/120 652/205/120 658/209/120 659/321/120 660/313/120 657/376/120 647/377/120 648/378/120 649/289/120 650/235/120
f 768/301/12 766/302/12 767/284/12 773/326/12 772/445/12 771/192/12 785/313/12 783/454/12 784/230/12 780/282/12 779/247/12 778/246/12
f 1630/184/100 1628/548/100 1627/190/100
f 1567/111/17 1569/362/17 1568/68/17 1566/358/17
f 1526/525/29 1534/524/29 1537/268/29 1527/150/29
f 1538/134/43 1530/133/43 1533/132/43 1539/135/43
f 1585/465/206 1578/132/206 1576/115/206 1577/296/206 1574/54/206 1573/53/206 1572/150/206 1583/268/206 1581/851/206 1582/320/206 1586/852/206
f 59/124/104 62/129/104 72/213/104 74/85/104 71/84/104 65/83/104 66/86/104 67/212/104
f 1607/135/207 1600/132/207 1598/58/207 1599/57/207 1595/54/207 1594/53/207 1593/150/207 1603/851/207 1604/320/207 1609/468/207 1608/136/207
f 1694/401/50 1691/282/50 1695/155/50
f 410/174/84 411/115/84 399/158/84 396/157/84 395/51/84
f 1776/391/104 1778/306/104 1792/286/104 1794/268/104 1790/492/104 1780/493/104 1782/494/104 1783/212/104
f 911/232/120 921/205/120 927/209/120 928/321/120 929/313/120 926/376/120 916/377/120 917/458/120 918/317/120 919/235/120
f 1565/468/208 1559/204/208 1557/470/208 1562/469/208
f 1546/525/29 1556/524/29 1560/268/29 1548/150/29
f 1561/134/43 1551/133/43 1555/132/43 1563/135/43
f 1552/56/40 1547/55/40 1550/211/40 1554/57/40
f 858/240/61 846/414/61 850/242/61 852/488/61 848/487/61 860/374/61 862/246/61 863/247/61
f 339/210/54 341/70/54 335/218/54 336/130/54 337/349/54 334/272/54 326/221/54 329/72/54 328/73/54 327/224/54
f 2354/303/209 2353/314/209 2352/853/209 2346/472/209 2347/109/209 2345/473/209 2348/474/209 2351/110/209 2349/111/209 2350/532/209
f 763/88/5 762/200/5 774/240/5 775/457/5
f 1589/279/17 1591/185/17 1590/68/17 1588/358/17
f 1650/86/210 1657/429/210 1658/851/210
f 3187/854/17 3185/855/17 3186/856/17 3188/857/17
f 153/130/130 151/223/130 159/58/130 161/132/130 166/197/130
f 1593/150/210 1602/429/210 1603/851/210
f 3200/858/211 3194/859/211 3195/860/211
f 1586/852/212 1582/320/212 1580/470/212 1584/469/212
f 1570/525/29 1579/524/29 1583/268/29 1572/150/29
f 1575/56/40 1571/55/40 1574/54/40 1577/296/40
f 1626/279/144 1629/390/144 1630/184/144 1627/190/144 1625/62/144
f 1800/391/108 1803/306/108 1814/861/108 1816/268/108 1809/300/108
f 3253/862/213 3261/863/213 3264/484/213 3258/483/213 3256/864/213 3263/865/213 3260/866/213 3252/867/213
f 1241/148/36 1235/149/36 1233/94/36 1232/150/36 1230/151/36 1237/152/36 1240/85/36 1239/153/36
f 96/50/88 95/51/88 101/174/88 102/229/88 104/228/88
f 2020/540/214 2018/116/214 2007/868/214 2012/869/214 2013/392/214
f 28/68/77 29/66/77 42/197/77 39/208/77 38/203/77
f 1609/468/212 1604/320/212 1601/470/212 1606/469/212
f 1605/134/43 1596/133/43 1600/132/43 1607/135/43
f 1597/56/40 1592/55/40 1595/54/40 1599/57/40
f 3221/870/17 3222/871/17 3224/872/17 3223/873/17
f 799/246/215 791/407/215 789/314/215 790/67/215 793/45/215 792/491/215 804/321/215 805/468/215 801/208/215 800/247/215
f 45/50/88 43/200/88 51/116/88 52/54/88 53/228/88
f 265/124/73 267/306/73 276/227/73 269/150/73 270/116/73
f 2085/542/121 2092/874/121 2086/202/121
f 796/205/216 795/206/216 800/247/216 801/208/216 798/490/216 802/489/216 805/468/216 804/321/216 803/209/216
f 1614/86/14 1621/175/14 1622/282/14 1623/465/14 1619/156/14 1618/210/14 1616/161/14 1615/428/14
f 1624/155/46 1619/156/46 1623/465/46
f 1716/391/108 1718/392/108 1729/875/108 1731/386/108 1723/300/108
f 1679/136/96 1676/156/96 1674/201/96 1675/57/96 1672/54/96 1671/327/96 1670/86/96 1678/851/96
f 388/346/60 389/201/60 380/50/60 381/236/60 377/237/60
f 1642/155/38 1638/156/38 1641/136/38
f 2003/174/62 2004/69/62 1992/249/62 1994/250/62 1991/251/62 1987/252/62 1989/157/62 1988/51/62
f 1647/876/67 1646/104/67 1648/146/67
f 228/238/17 230/382/17 229/147/17 227/180/17
f 2514/118/92 2524/383/92 2522/387/92 2521/246/92 2520/455/92 2510/456/92 2513/301/92 2512/119/92
f 1635/56/40 1631/55/40 1634/211/40 1637/57/40
f 3328/877/12 3330/878/12 3329/879/12 3336/880/12 3334/881/12 3333/882/12
f 814/45/28 810/104/28 815/74/28
f 1223/168/41 1229/169/41 1227/170/41 1226/316/41 1224/171/41 1219/172/41 1222/61/41 1221/62/41
f 190/178/17 189/147/17 187/180/17 188/199/17
f 3290/883/217 3291/884/217 3292/885/217
f 1660/155/38 1656/156/38 1659/465/38
f 1133/169/92 1145/148/92 1143/153/92 1142/246/92 1140/531/92 1129/351/92 1132/301/92 1131/170/92
f 2005/175/68 2003/174/68 1988/886/68 1990/138/68 1998/173/68
f 3325/887/218 3326/884/218 3329/879/218 3330/878/218 3327/888/218
f 1670/86/210 1677/429/210 1678/851/210
f 3223/873/12 3224/872/12 3228/557/12 3227/889/12
f 1653/56/40 1649/55/40 1652/54/40 1655/296/40
f 1687/508/219 1692/386/219 1685/346/219
f 2450/196/209 2449/314/209 2444/550/209 2442/472/209 2443/109/209 2441/473/209 2445/474/209 2448/359/209 2446/279/209 2447/532/209
f 733/205/51 732/240/51 736/247/51 737/320/51 739/209/51
f 1697/279/17 1699/467/17 1698/190/17 1696/108/17
f 95/124/104 97/129/104 108/367/104 110/187/104 107/186/104 99/83/104 100/150/104 101/174/104
f 210/130/95 208/131/95 216/228/95 217/115/95 218/132/95 215/270/95 223/269/95 224/135/95 225/70/95 226/197/95
f 4149/890/17 4151/891/17 4150/892/17 4148/893/17
f 1958/173/35 1950/138/35 1956/129/35
f 2255/512/220 2265/255/220 2268/254/220 2258/458/220 2259/317/220
f 1666/894/123 1663/895/123 1665/104/123 1668/184/123
f 1673/56/40 1669/55/40 1672/54/40 1675/57/40
f 445/123/84 446/115/84 434/158/84 431/381/84 430/299/84
f 1693/154/37 1688/59/37 1689/115/37
f 2324/425/221 2316/234/221 2314/408/221 2320/409/221 2321/295/221 2322/265/221
f 1717/111/17 1719/285/17 1718/68/17 1716/108/17
f 1025/319/36 1019/297/36 1017/94/36 1016/150/36 1014/403/36 1021/152/36 1024/268/36 1023/389/36
f 3362/166/17 3364/167/17 3363/896/17 3361/165/17
f 858/240/5 859/457/5 847/88/5 846/200/5
f 1753/154/37 1745/59/37 1746/58/37
f 410/174/14 412/367/14 413/70/14 411/115/14
f 2430/303/209 2429/314/209 2424/550/209 2422/472/209 2423/109/209 2421/473/209 2425/474/209 2428/110/209 2426/111/209 2427/532/209
f 1733/154/14 1726/115/14 1727/296/14 1722/54/14 1721/53/14 1731/386/14 1729/875/14 1730/320/14 1735/852/14 1734/401/14
f 1715/468/212 1710/204/212 1708/470/212 1712/469/212
f 1704/56/40 1700/55/40 1702/211/40 1707/57/40
f 1801/897/26 1802/50/26 1800/51/26 1809/300/26 1807/53/26 1808/54/26 1806/55/26 1810/56/26 1812/296/26 1811/115/26
f 446/115/54 448/70/54 442/218/54 443/130/54 444/219/54 441/220/54 433/221/54 436/222/54 435/223/54 434/224/54
f 868/230/12 864/282/12 863/247/12 862/246/12 852/407/12 850/302/12 851/284/12 857/326/12 856/445/12 855/491/12 869/313/12 867/454/12
f 3486/898/6 3488/515/6 3484/521/6 3482/451/6
f 1743/300/222 1751/386/222 1741/53/222
f 2060/507/214 2058/174/214 2043/868/214 2051/869/214 2052/392/214
f 2096/465/44 2095/203/44 2088/417/44 2089/284/44 2090/283/44
f 2079/248/223 2081/899/223 2075/322/223 2077/543/223 2067/542/223
f 1737/279/17 1739/467/17 1738/68/17 1736/108/17
f 2449/426/147 2459/263/147 2452/258/147 2454/93/147 2444/498/147
f 1753/154/14 1746/58/14 1747/57/14 1742/54/14 1741/53/14 1751/386/14 1749/875/14 1750/320/14 1755/468/14 1754/70/14
f 1735/852/224 1730/320/224 1728/470/224 1732/469/224
f 1724/56/40 1720/55/40 1722/54/40 1727/296/40
f 227/124/225 229/129/225 240/227/225 241/114/225 242/268/225 239/84/225 231/267/225 232/150/225 233/116/225 234/356/225
f 2158/136/42 2157/379/42 2149/105/42 2150/104/42 2147/182/42 2151/183/42 2153/184/42 2152/278/42
f 2203/426/116 2213/263/116 2206/259/116 2196/307/116 2197/241/116
f 2028/279/17 2037/900/17 2035/467/17 2036/184/17 2033/163/17 2032/181/17 2031/120/17 2024/108/17 2025/198/17 2029/359/17
f 870/51/226 880/371/226 881/205/226 872/88/226 873/901/226
f 1755/468/224 1750/320/224 1748/470/224 1752/469/224
f 1744/56/40 1740/55/40 1742/54/40 1747/57/40
f 1759/113/17 1758/147/17 1756/108/17 1757/145/17
f 205/70/50 201/320/50 206/197/50
f 1765/59/57 1763/161/57 1766/115/57
f 901/205/51 900/421/51 904/522/51 905/320/51 907/209/51
f 1771/268/14 1769/379/14 1770/282/14 1774/281/14 1773/135/14 1767/363/14 1766/115/14 1763/161/14 1762/346/14 1761/494/14
f 2566/384/30 2554/88/30 2552/336/30 2551/90/30 2549/337/30 2562/338/30 2565/93/30 2564/339/30
f 1801/902/160 1805/874/160 1802/202/160
f 883/375/227 876/342/227 875/46/227 879/45/227 878/192/227 889/345/227 888/321/227 885/208/227 884/247/227
f 2038/123/64 2039/248/64 2027/260/64 2028/249/64 2029/250/64 2026/251/64 2022/252/64 2025/381/64 2024/299/64 2023/261/64
f 995/297/30 983/448/30 981/89/30 980/511/30 978/91/30 991/92/30 994/93/30 993/94/30
f 541/116/60 542/58/60 530/50/60 532/236/60 526/237/60
f 1760/493/29 1768/492/29 1771/268/29 1761/494/29
f 1772/365/43 1764/364/43 1767/363/43 1773/135/43
f 190/130/95 188/131/95 196/228/95 197/115/95 198/132/95 195/270/95 203/269/95 204/135/95 205/70/95 206/197/95
f 1809/300/222 1816/268/222 1807/53/222
f 1804/113/81 1803/68/81 1800/108/81 1802/111/81 1805/112/81
f 1738/68/140 1739/467/140 1754/70/140 1755/468/140 1752/469/140 1748/470/140 1750/320/140 1749/875/140
f 3589/277/66 3585/274/66 3587/275/66 3591/517/66
f 983/168/41 989/539/41 987/315/41 986/497/41 984/545/41 979/544/41 982/399/41 981/396/41
f 1717/50/26 1716/51/26 1723/300/26 1721/53/26 1722/54/26 1720/55/26 1724/56/26 1727/296/26 1726/115/26 1725/59/26
f 1799/468/224 1793/204/224 1791/470/224 1796/469/224
f 1780/493/29 1790/492/29 1794/268/29 1782/494/29
f 1795/365/43 1785/364/43 1789/363/43 1797/135/43
f 1786/56/40 1781/55/40 1784/211/40 1788/57/40
f 2157/379/214 2155/174/214 2140/868/214 2148/394/214 2149/306/214
f 2466/117/41 2472/430/41 2470/119/41 2469/60/41 2467/431/41 2462/432/41 2465/357/41 2464/358/41
f 431/381/39 434/158/39 435/50/39
f 1823/394/228 1820/903/228 1821/391/228
f 907/209/79 905/320/79 908/321/79
f 1818/281/229 1811/115/229 1812/296/229 1808/54/229 1807/53/229 1816/268/229 1814/861/229 1815/320/229 1819/852/229
f 1205/549/92 1217/288/92 1215/389/92 1214/246/92 1212/350/92 1201/406/92 1204/407/92 1203/170/92
f 1837/135/37 1830/59/37 1831/58/37
f 2156/248/223 2158/136/223 2152/322/223 2154/874/223 2144/542/223
f 521/123/84 522/115/84 510/158/84 507/381/84 506/299/84
f 1819/852/224 1815/320/224 1813/470/224 1817/469/224
f 1810/56/40 1806/55/40 1808/54/40 1812/296/40
f 2364/425/112 2354/234/112 2350/408/112 2359/409/112 2360/295/112
f 1842/418/17 1846/145/17 1847/360/17 1855/361/17 1854/362/17 1851/284/17 1850/417/17 1849/60/17 1843/357/17 1841/358/17
f 2031/869/228 2023/868/228 2024/886/228
f 579/210/54 582/136/54 574/218/54 575/130/54 576/349/54 573/272/54 567/221/54 570/72/54 569/73/54 568/224/54
f 1839/468/224 1835/320/224 1833/470/224 1836/469/224
f 1829/56/40 1826/55/40 1828/54/40 1832/57/40
f 2224/196/141 2223/314/141 2217/472/141 2218/109/141 2215/473/141 2219/474/141 2222/359/141 2221/279/141
f 2039/248/223 2041/899/223 2035/322/223 2037/543/223 2027/542/223
f 3699/275/66 3703/517/66 3701/277/66 3697/274/66
f 427/114/68 425/116/68 414/124/68 416/280/68 422/137/68
f 2690/118/92 2700/383/92 2698/387/92 2697/246/92 2696/439/92 2686/510/92 2689/407/92 2688/119/92
f 431/198/17 435/199/17 436/398/17 444/496/17 443/441/17 440/163/17 439/190/17 438/497/17 432/399/17 430/396/17
f 1848/904/90 1840/905/90 1843/280/90 1849/128/90
f 1844/324/91 1852/323/91 1855/271/91 1847/325/91
f 1916/360/17 1927/361/17 1925/185/17 1926/184/17 1922/104/17 1921/105/17 1920/60/17 1912/357/17 1910/358/17 1911/109/17 1917/359/17 1915/279/17
f 2081/899/42 2080/507/42 2072/105/42 2073/104/42 2070/182/42 2074/183/42 2076/184/42 2075/467/42
f 1563/135/14 1555/132/14 1553/58/14 1554/57/14 1550/211/14 1549/212/14 1548/150/14 1560/268/14 1558/114/14 1559/204/14 1565/468/14 1564/136/14
f 3699/164/12 3700/906/12 3704/506/12 3703/517/12
f 348/137/150 344/138/150 347/129/150
f 3704/506/6 3700/503/6 3698/504/6 3702/505/6
f 3600/515/14 3598/514/14 3597/907/14 3599/520/14
f 1892/360/17 1903/361/17 1901/362/17 1902/103/17 1898/104/17 1897/105/17 1896/60/17 1888/357/17 1886/358/17 1887/109/17 1893/110/17 1891/111/17
f 1870/904/90 1860/905/90 1864/280/90 1872/128/90
f 1861/252/230 1865/251/230 1869/250/230 1863/381/230
f 1866/324/91 1875/323/91 1879/271/91 1868/325/91
f 1876/183/123 1871/182/123 1874/163/123 1878/184/123
f 1931/70/14 1929/248/14 1928/174/14 1930/175/14
f 2137/379/33 2135/174/33 2119/886/33 2121/280/33 2117/908/33 2126/909/33 2128/394/33 2129/306/33
f 939/192/12 953/313/12 951/454/12 952/230/12 948/282/12 947/522/12 946/523/12 936/342/12 934/305/12 935/284/12 941/326/12 940/445/12
f 1941/283/67 1939/284/67 1942/146/67
f 1933/287/39 1935/260/39 1936/249/39
f 48/137/150 44/138/150 46/129/150
f 1894/904/90 1884/905/90 1888/280/90 1896/128/90
f 1885/252/230 1889/251/230 1893/420/230 1887/157/230
f 1890/324/91 1899/323/91 1903/271/91 1892/325/91
f 1900/183/123 1895/182/123 1898/104/123 1902/103/123
f 2061/541/42 2060/507/42 2052/105/42 2053/104/42 2050/182/42 2054/183/42 2056/103/42 2055/285/42
f 2602/118/92 2612/383/92 2610/387/92 2609/246/92 2608/439/92 2598/440/92 2601/301/92 2600/119/92
f 1031/168/41 1037/169/41 1035/315/41 1034/316/41 1032/171/41 1027/172/41 1030/61/41 1029/62/41
f 132/190/77 133/441/77 149/197/77 144/204/77 143/122/77
f 1737/50/26 1736/51/26 1743/300/26 1741/53/26 1742/54/26 1740/55/26 1744/56/26 1747/57/26 1746/58/26 1745/59/26
f 3809/910/66 3811/911/66 3815/95/66 3813/98/66
f 4149/912/5 4148/913/5 4152/914/5 4153/915/5
f 3813/98/5 3814/97/5 3810/916/5 3809/917/5
f 2281/258/151 2271/241/151 2277/426/151 2278/243/151 2288/262/151
f 1918/904/90 1908/905/90 1912/280/90 1920/128/90
f 1909/252/230 1913/251/230 1917/250/230 1911/157/230
f 1914/324/91 1923/323/91 1927/271/91 1916/325/91
f 1924/183/123 1919/182/123 1922/104/123 1926/184/123
f 501/116/84 502/115/84 490/158/84 487/290/84 486/200/84
f 449/237/142 454/236/142 450/200/142
f 266/50/88 265/200/88 270/116/88 271/54/88 273/228/88
f 2087/394/231 2082/868/231 2083/886/231
f 152/147/232 153/340/232 166/197/232 164/231/232 165/230/232 162/227/232
f 1933/418/17 1936/145/17 1937/64/17 1942/146/17 1939/284/17 1938/417/17 1934/61/17 1932/62/17
f 1937/72/233 1941/71/233 1942/322/233
f 2212/265/169 2200/513/169 2210/295/169
f 956/918/66 957/422/66 958/138/66 962/128/66 963/129/66 964/373/66 974/246/66 975/153/66 976/85/66 968/86/66 969/94/66 970/93/66
f 4154/919/14 4155/920/14 4153/915/14 4152/914/14
f 460/58/234 459/116/234 461/114/234 462/282/234 463/231/234
f 1993/64/17 2001/390/17 2002/184/17 1997/104/17 1996/105/17 1990/61/17 1988/62/17 1989/109/17 1994/359/17 1992/279/17
f 620/330/235 619/286/235 618/227/235 606/147/235 607/284/235 605/443/235 609/442/235 611/326/235 610/239/235
f 1953/72/233 1960/71/233 1961/322/233
f 371/123/84 372/210/84 361/158/84 359/381/84 358/299/84
f 1166/246/66 1167/153/66 1168/85/66 1160/86/66 1161/94/66 1162/93/66 1148/553/66 1149/414/66 1150/138/66 1154/128/66 1155/129/66 1156/488/66
f 2204/303/141 2203/314/141 2197/472/141 2198/109/141 2195/473/141 2199/474/141 2202/110/141 2201/111/141
f 1661/391/73 1664/129/73 1677/429/73 1670/86/73 1671/327/73
f 1947/252/236 1951/251/236 1954/250/236 1949/381/236
f 1959/183/123 1955/182/123 1957/163/123 1962/184/123
f 847/232/133 859/457/133 867/454/133 869/313/133 865/376/133 853/377/133 855/233/133 856/234/133
f 1973/72/233 1980/71/233 1981/322/233
f 1984/402/27 1986/401/27 1980/71/27 1973/72/27 1972/73/27
f 463/231/50 462/282/50 464/197/50
f 1998/173/35 1990/138/35 1996/129/35
f 2012/120/17 2008/108/17 2009/418/17 2011/145/17 2017/900/17 2016/285/17 2014/284/17 2013/417/17
f 1046/246/66 1047/153/66 1048/85/66 1040/150/66 1041/94/66 1042/93/66 1028/918/66 1029/422/66 1030/138/66 1034/394/66 1035/306/66 1036/373/66
f 900/421/97 890/241/97 893/921/97 894/242/97 895/373/97 892/244/97 902/374/97 903/523/97 904/522/97
f 995/297/6 1001/319/6 989/289/6 983/223/6
f 4147/410/14 4145/411/14 4144/922/14 4146/923/14
f 1967/252/236 1971/251/236 1974/420/236 1969/157/236
f 1979/183/123 1975/182/123 1977/104/123 1982/103/123
f 2041/899/14 2039/248/14 2038/123/14 2040/924/14
f 775/457/237 774/240/237 779/247/237 780/282/237 777/464/237 782/463/237 784/230/237 783/454/237
f 1993/72/105 2000/71/105 2001/322/105
f 1568/68/238 1569/362/238 1587/155/238 1585/465/238 1586/852/238 1584/469/238 1580/470/238 1582/320/238 1581/851/238
f 578/116/84 579/210/84 568/158/84 566/290/84 565/200/84
f 208/50/88 207/299/88 213/123/88 214/211/88 216/228/88
f 2012/869/231 2007/868/231 2008/886/231
f 2248/263/239 2249/264/239 2247/265/239 2245/161/239 2244/266/239 2243/259/239
f 1987/252/236 1991/251/236 1994/250/236 1989/157/236
f 1999/183/123 1995/182/123 1997/104/123 2002/184/123
f 1022/246/66 1023/389/66 1024/268/66 1016/150/66 1017/94/66 1018/93/66 1004/918/66 1005/422/66 1006/125/66 1010/128/66 1011/129/66 1012/373/66
f 237/162/240 234/356/240 233/116/240
f 870/304/241 873/48/241 871/47/241
f 2233/263/63 2234/312/63 2232/265/63 2230/554/63 2231/57/63 2229/256/63 2225/257/63 2228/54/63 2227/258/63 2226/259/63
f 2047/542/160 2057/543/160 2048/202/160
f 2332/426/147 2342/194/147 2336/433/147 2338/93/147 2328/498/147
f 1587/155/38 1578/132/38 1585/465/38
f 2800/434/242 2812/499/242 2810/502/242 2809/246/242 2807/455/242 2796/456/242 2799/301/242 2798/119/242
f 481/174/14 483/367/14 484/70/14 482/248/14
f 2067/542/160 2077/543/160 2068/202/160
f 836/471/61 826/414/61 829/242/61 831/488/61 828/487/61 838/374/61 839/246/61 840/341/61
f 2051/869/228 2043/868/228 2044/886/228
f 2022/252/236 2026/251/236 2029/250/236 2025/381/236
f 2034/183/123 2030/182/123 2033/163/123 2036/184/123
f 4136/925/66 4132/926/66 4134/927/66 4138/928/66
f 2071/869/228 2063/868/228 2064/886/228
f 4174/892/12 4175/891/12 4179/920/12 4178/919/12
f 2295/512/220 2305/255/220 2308/254/220 2298/458/220 2299/317/220
f 2071/120/17 2064/108/17 2065/109/17 2069/359/17 2068/279/17 2077/900/17 2075/467/17 2076/184/17 2073/104/17 2072/105/17
f 244/135/14 238/132/14 236/58/14 237/162/14 233/116/14 232/150/14 242/268/14 241/114/14 246/230/14 245/231/14
f 1659/465/96 1656/156/96 1654/210/96 1655/296/96 1652/54/96 1651/327/96 1650/86/96 1658/851/96
f 2042/252/236 2046/251/236 2049/420/236 2045/157/236
f 2054/183/123 2050/182/123 2053/104/123 2056/103/123
f 375/70/70 374/213/70 373/227/70 364/190/70 365/163/70 367/191/70
f 2113/123/64 2114/248/64 2102/260/64 2103/249/64 2104/250/64 2101/251/64 2097/252/64 2100/381/64 2099/299/64 2098/261/64
f 4171/410/12 4170/413/12 4166/929/12 4167/930/12
f 1544/190/140 1545/185/140 1564/136/140 1565/468/140 1562/469/140 1557/470/140 1559/204/140 1558/114/140
f 2018/116/89 2019/347/89 2010/260/89 2009/287/89 2008/200/89 2007/261/89
f 2106/394/228 2098/868/228 2099/886/228
f 2078/174/14 2080/507/14 2081/899/14 2079/248/14
f 1052/419/66 1053/241/66 1054/138/66 1058/128/66 1059/129/66 1060/243/66 1070/246/66 1071/153/66 1072/85/66 1064/86/66 1065/94/66 1066/93/66
f 681/304/125 682/238/125 691/445/125 692/326/125 689/446/125 684/447/125 686/284/125 685/305/125
f 2040/924/214 2038/123/214 2023/868/214 2031/869/214 2032/392/214
f 2062/252/236 2066/251/236 2069/250/236 2065/157/236
f 2074/183/123 2070/182/123 2073/104/123 2076/184/123
f 2429/426/147 2439/263/147 2432/258/147 2434/93/147 2424/498/147
f 2753/117/55 2758/225/55 2756/226/55 2752/61/55 2751/62/55
f 303/124/73 305/306/73 316/227/73 308/150/73 309/116/73
f 2095/203/14 2096/465/14 2094/347/14 2093/116/14
f 498/191/67 496/104/67 499/178/67
f 2102/542/160 2112/874/160 2103/202/160
f 2812/499/36 2806/384/36 2804/339/36 2803/494/36 2801/500/36 2808/501/36 2811/268/36 2810/502/36
f 2115/213/14 2116/136/14 2114/248/14 2113/123/14
f 1905/347/82 1907/401/82 1901/322/82 1903/271/82 1899/323/82 1890/324/82 1892/325/82 1891/131/82
f 2153/184/17 2150/104/17 2149/105/17 2148/106/17 2141/108/17 2142/109/17 2146/359/17 2145/279/17 2154/112/17 2152/278/17
f 2263/211/171 2266/57/171 2265/255/171 2255/88/171 2256/250/171 2253/381/171 2252/299/171 2251/90/171 2262/433/171
f 2190/255/5 2180/424/5 2181/88/5 2182/250/5 2178/381/5 2177/299/5 2176/90/5 2187/433/5 2188/211/5 2191/57/5
f 1121/288/36 1115/297/36 1113/94/36 1112/150/36 1110/403/36 1117/152/36 1120/268/36 1119/389/36
f 2097/252/236 2101/251/236 2104/250/236 2100/381/236
f 2109/183/123 2105/182/123 2108/163/123 2111/184/123
f 2158/136/14 2156/248/14 2155/174/14 2157/379/14
f 2148/394/228 2140/868/228 2141/886/228
f 1739/130/49 1737/202/49 1745/59/49 1753/154/49 1754/70/49
f 2137/379/14 2138/465/14 2136/347/14 2135/174/14
f 2144/542/160 2154/874/160 2145/202/160
f 2161/88/5 2160/287/5 2159/200/5 2167/266/5 2168/161/5 2169/295/5
f 1625/391/243 1627/129/243 1628/931/243 1639/429/243 1632/86/243 1633/366/243
f 117/147/244 118/441/244 129/197/244 127/320/244 126/114/244 125/227/244
f 2126/909/90 2117/908/90 2121/280/90 2128/394/90
f 2118/252/236 2122/251/236 2125/420/236 2120/157/236
f 2131/183/123 2127/182/123 2130/104/123 2133/103/123
f 2251/419/74 2261/259/74 2262/433/74
f 1181/539/92 1193/288/92 1191/389/92 1190/246/92 1188/350/92 1177/406/92 1180/407/92 1179/170/92
f 1247/168/41 1253/169/41 1251/315/41 1250/60/41 1248/171/41 1243/172/41 1246/61/41 1245/62/41
f 526/237/142 532/236/142 527/200/142
f 2176/307/74 2186/259/74 2187/433/74
f 283/124/104 285/306/104 296/213/104 298/85/104 295/84/104 287/83/104 288/150/104 289/123/104
f 1100/419/66 1101/241/66 1102/125/66 1106/128/66 1107/129/66 1108/243/66 1118/246/66 1119/389/66 1120/268/66 1112/150/66 1113/94/66 1114/93/66
f 2410/196/209 2409/195/209 2404/550/209 2402/472/209 2403/198/209 2401/473/209 2405/474/209 2408/359/209 2406/279/209 2407/532/209
f 97/68/77 98/441/77 114/197/77 109/208/77 108/367/77
f 2139/252/236 2143/251/236 2146/250/236 2142/157/236
f 2151/183/123 2147/182/123 2150/104/123 2153/184/123
f 1613/130/94 1611/73/94 1617/59/94 1618/210/94 1619/156/94 1624/155/94
f 507/381/39 510/158/39 511/50/39
f 2169/295/245 2168/161/245 2170/265/245
f 248/50/88 247/51/88 252/174/88 253/229/88 255/228/88
f 603/50/88 601/200/88 614/116/88 615/161/88 616/228/88
f 2184/196/12 2194/193/12 2193/194/12 2183/195/12
f 507/198/17 511/199/17 512/176/17 520/177/17 519/178/17 516/163/17 515/190/17 514/60/17 508/179/17 506/180/17
f 2165/458/246 2173/254/246 2174/264/246
f 2192/265/169 2180/513/169 2190/255/169
f 2183/426/116 2193/194/116 2186/259/116 2176/307/116 2177/241/116
f 2230/554/5 2220/424/5 2221/88/5 2222/250/5 2218/157/5 2217/51/5 2216/90/5 2227/258/5 2228/54/5 2231/57/5
f 2536/434/242 2548/499/242 2546/502/242 2545/246/242 2543/455/242 2532/456/242 2535/301/242 2534/119/242
f 2210/295/5 2200/424/5 2201/88/5 2202/420/5 2198/157/5 2197/51/5 2196/90/5 2207/258/5 2208/54/5 2211/296/5
f 2404/498/173 2414/93/173 2402/241/173
f 2232/265/247 2220/513/247 2230/554/247
f 2393/266/113 2385/241/113 2389/415/113 2397/246/113 2398/263/113
f 2178/198/248 2182/359/248 2179/474/248 2175/473/248
f 2191/57/249 2188/211/249 2185/257/249 2189/256/249
f 2224/196/12 2234/312/12 2233/263/12 2223/314/12
f 1985/175/68 1983/174/68 1968/886/68 1970/138/68 1978/173/68
f 1136/150/66 1137/94/66 1138/93/66 1124/419/66 1125/241/66 1126/138/66 1130/394/66 1131/306/66 1132/243/66 1142/246/66 1143/153/66 1144/85/66
f 251/150/56 258/227/56 259/203/56
f 2235/419/250 2243/259/250 2244/266/250
f 2700/383/106 2695/395/106 2693/385/106 2699/386/106 2698/387/106
f 2249/264/251 2242/317/251 2240/408/251 2239/512/251 2238/513/251 2247/265/251
f 2198/109/248 2202/110/248 2199/474/248 2195/473/248
f 2211/296/249 2208/54/249 2205/257/249 2209/256/249
f 2214/425/149 2204/317/149 2201/512/149 2200/513/149 2212/265/149
f 596/123/84 597/210/84 586/158/84 584/381/84 583/299/84
f 807/232/120 817/205/120 823/209/120 824/321/120 825/313/120 822/376/120 812/377/120 813/233/120 814/234/120 815/235/120
f 2323/263/252 2324/425/252 2322/265/252 2318/161/252 2317/266/252
f 2382/263/139 2383/312/139 2380/554/139 2381/57/139 2379/256/139 2375/257/139 2377/54/139 2376/258/139
f 600/136/70 599/213/70 598/227/70 589/190/70 590/163/70 592/191/70
f 564/136/44 563/203/44 555/68/44 556/67/44 558/191/44
f 531/176/17 540/177/17 538/382/17 539/326/17 535/147/17 534/60/17 528/179/17 527/180/17 532/397/17 530/238/17
f 150/124/73 152/129/73 162/227/73 155/150/73 156/116/73
f 2218/109/248 2222/359/248 2219/474/248 2215/473/248
f 2231/57/249 2228/54/249 2225/257/249 2229/256/249
f 1683/147/77 1684/285/77 1695/155/77 1691/282/77 1690/507/77
f 2238/424/5 2239/88/5 2237/287/5 2236/200/5 2235/90/5 2244/266/5 2245/161/5 2246/295/5
f 2162/408/253 2161/512/253 2169/295/253 2170/265/253 2173/254/253 2165/458/253 2166/317/253
f 2247/265/169 2238/513/169 2246/295/169
f 2319/93/5 2317/266/5 2318/161/5 2321/295/5 2320/409/5 2313/88/5 2311/287/5 2310/200/5
f 2312/498/173 2319/93/173 2310/414/173
f 2548/499/36 2542/384/36 2540/339/36 2539/494/36 2537/500/36 2544/501/36 2547/268/36 2546/502/36
f 256/210/254 253/229/254 252/174/254 251/150/254 259/203/254 260/208/254 263/136/254 262/311/254 257/156/254
f 263/136/174 260/208/174 264/197/174
f 2409/426/147 2419/194/147 2412/433/147 2414/93/147 2404/498/147
f 881/205/51 880/371/51 884/247/51 885/208/51 887/209/51
f 2328/498/173 2338/93/173 2326/414/173
f 2305/255/171 2295/88/171 2296/250/171 2293/157/171 2292/51/171 2291/90/171 2302/258/171 2303/54/171 2306/57/171
f 1930/175/33 1928/174/33 1910/886/33 1912/280/33 1908/905/33 1918/904/33 1920/128/33 1921/129/33
f 1778/190/140 1779/278/140 1798/495/140 1799/468/140 1796/469/140 1791/470/140 1793/204/140 1792/286/140
f 2298/458/246 2308/254/246 2309/193/246
f 2253/198/248 2256/359/248 2254/474/248 2250/473/248
f 2266/57/249 2263/211/249 2260/257/249 2264/256/249
f 1187/297/6 1193/288/6 1181/234/6 1175/223/6
f 1184/150/66 1185/94/66 1186/93/66 1172/553/66 1173/414/66 1174/280/66 1178/370/66 1179/129/66 1180/488/66 1190/246/66 1191/389/66 1192/187/66
f 1643/391/73 1645/129/73 1657/429/73 1650/86/73 1651/327/73
f 2298/192/45 2309/193/45 2307/253/45 2297/314/45 2299/196/45
f 2279/303/255 2289/264/255 2287/253/255 2278/301/255 2277/314/255
f 2321/295/245 2318/161/245 2322/265/245
f 930/304/125 931/238/125 940/445/125 941/326/125 938/446/125 933/447/125 935/284/125 934/305/125
f 2291/419/74 2301/259/74 2302/258/74
f 2356/258/115 2357/54/115 2361/296/115 2360/295/115 2359/409/115 2349/88/115 2351/420/115 2347/157/115 2346/51/115
f 2288/262/164 2278/243/164 2287/253/164
f 2059/347/223 2061/541/223 2055/322/223 2057/543/223 2047/542/223
f 2504/437/161 2499/335/161 2497/339/161 2496/86/161 2503/509/161
f 2272/109/248 2276/110/248 2273/474/248 2270/473/248
f 2285/296/249 2282/54/249 2280/257/249 2283/256/249
f 2136/347/223 2138/465/223 2132/322/223 2134/874/223 2123/542/223
f 1857/347/54 1859/401/54 1853/71/54 1854/322/54 1855/271/54 1852/323/54 1844/324/54 1847/325/54 1846/131/54 1845/542/54
f 2712/434/242 2724/499/242 2722/502/242 2721/246/242 2719/439/242 2708/510/242 2711/407/242 2710/119/242
f 2463/307/66 2464/241/66 2465/280/66 2469/128/66 2470/129/66 2471/526/66 2481/246/66 2482/438/66 2483/268/66 2475/150/66 2476/339/66 2477/93/66
f 128/70/50 127/320/50 129/197/50
f 265/62/17 266/199/17 268/66/17 267/147/17
f 1824/68/140 1825/278/140 1838/495/140 1839/468/140 1836/469/140 1833/470/140 1835/320/140 1834/861/140
f 2334/533/256 2344/313/256 2333/234/256
f 2293/109/248 2296/359/248 2294/474/248 2290/473/248
f 2306/57/249 2303/54/249 2300/257/249 2304/256/249
f 2320/409/170 2314/408/170 2313/512/170
f 2398/263/252 2399/264/252 2396/265/252 2394/161/252 2393/266/252
f 547/63/17 551/49/17 552/64/17 560/65/17 559/66/17 556/67/17 555/68/17 554/316/17 548/61/17 546/62/17
f 2430/303/12 2440/264/12 2439/263/12 2429/314/12
f 558/191/67 556/67/67 559/66/67
f 2509/117/32 2514/118/32 2512/119/32 2511/120/32 2508/121/32
f 169/68/77 170/178/77 186/197/77 181/208/77 180/367/77
f 2416/409/5 2406/88/5 2408/250/5 2403/381/5 2402/299/5 2414/93/5 2412/433/5 2413/211/5 2418/57/5 2417/255/5
f 2373/196/209 2372/314/209 2368/550/209 2366/472/209 2367/109/209 2365/473/209 2369/474/209 2371/359/209 2370/279/209 2374/932/209
f 752/471/61 742/241/61 745/242/61 747/243/61 744/244/61 754/245/61 755/246/61 756/341/61
f 274/210/254 271/54/254 270/116/254 269/150/254 277/286/254 278/320/254 281/136/254 280/311/254 275/156/254
f 2374/533/256 2384/313/256 2373/234/256
f 2257/426/116 2267/194/116 2261/259/116 2251/419/116 2252/241/116
f 621/304/72 622/49/72 630/74/72 625/67/72 624/46/72
f 2519/395/167 2509/88/167 2508/551/167 2507/336/167 2506/90/167 2505/404/167 2515/405/167 2518/93/167 2516/339/167 2517/385/167
f 2439/263/139 2440/264/139 2437/295/139 2438/296/139 2435/256/139 2431/257/139 2433/54/139 2432/258/139
f 2327/198/248 2331/359/248 2329/474/248 2325/473/248
f 2341/57/249 2337/211/249 2335/257/249 2339/256/249
f 1684/130/257 1682/202/257 1688/59/257 1693/154/257 1694/401/257 1695/155/257
f 2368/498/173 2378/93/173 2366/414/173
f 1235/149/30 1223/88/30 1221/89/30 1220/90/30 1218/423/30 1231/92/30 1234/93/30 1233/94/30
f 2362/246/258 2352/415/258 2353/426/258
f 2330/512/259 2340/554/259 2343/312/259 2344/313/259 2334/533/259
f 1736/391/108 1738/392/108 1749/875/108 1751/386/108 1743/300/108
f 1232/150/66 1233/94/66 1234/93/66 1220/553/66 1221/414/66 1222/138/66 1226/394/66 1227/306/66 1228/488/66 1238/246/66 1239/153/66 1240/85/66
f 269/150/56 276/227/56 277/286/56
f 2354/303/255 2364/425/255 2363/263/255 2362/246/255 2353/314/255
f 2347/109/248 2351/110/248 2348/474/248 2345/473/248
f 2361/296/249 2357/54/249 2355/257/249 2358/256/249
f 2654/395/30 2642/88/30 2640/336/30 2639/90/30 2637/337/30 2650/552/30 2653/93/30 2652/339/30
f 2380/554/171 2370/88/171 2371/250/171 2367/157/171 2366/51/171 2378/93/171 2376/258/171 2377/54/171 2381/57/171
f 2095/203/214 2093/116/214 2082/868/214 2087/394/214 2088/306/214
f 566/109/47 569/199/47 570/64/47 576/65/47 575/66/47 572/104/47 571/147/47 565/62/47
f 1811/115/223 1818/281/223 1804/130/223 1805/874/223 1801/902/223
f 1525/130/95 1523/131/95 1531/59/95 1532/115/95 1533/132/95 1530/133/95 1538/134/95 1539/135/95 1540/465/95 1541/155/95
f 574/191/67 572/104/67 575/66/67
f 743/232/120 753/205/120 759/209/120 760/321/120 761/313/120 758/466/120 748/377/120 749/458/120 750/317/120 751/235/120
f 2393/266/5 2394/161/5 2395/295/5 2387/88/5 2386/287/5 2385/200/5
f 2367/109/248 2371/359/248 2369/474/248 2365/473/248
f 2381/57/249 2377/54/249 2375/257/249 2379/256/249
f 284/50/88 283/299/88 289/123/88 290/211/88 292/228/88
f 2395/295/245 2394/161/245 2396/265/245
f 2392/533/256 2400/313/256 2391/317/256
f 2410/196/12 2420/193/12 2419/194/12 2409/195/12
f 285/190/77 286/66/77 302/197/77 297/204/77 296/213/77
f 2524/383/106 2519/395/106 2517/385/106 2523/386/106 2522/387/106
f 2486/307/66 2487/241/66 2488/138/66 2491/129/66 2493/526/66 2501/246/66 2502/438/66 2496/86/66 2497/339/66 2498/93/66
f 2416/409/170 2407/408/170 2406/512/170
f 2582/225/148 2592/437/148 2591/509/148 2590/438/148 2589/246/148 2588/439/148 2578/440/148 2581/301/148 2579/119/148 2580/226/148
f 2478/384/30 2466/88/30 2464/336/30 2463/90/30 2461/404/30 2474/405/30 2477/93/30 2476/339/30
f 1073/288/36 1067/149/36 1065/94/36 1064/86/36 1062/151/36 1069/152/36 1072/85/36 1071/153/36
f 827/232/120 837/205/120 843/209/120 844/321/120 845/313/120 842/376/120 832/377/120 833/233/120 834/234/120 835/235/120
f 2456/409/5 2446/88/5 2448/250/5 2443/157/5 2442/51/5 2454/93/5 2452/258/5 2453/54/5 2458/57/5 2457/255/5
f 1280/150/66 1281/94/66 1282/93/66 1268/307/66 1269/241/66 1270/280/66 1274/370/66 1275/129/66 1276/373/66 1286/523/66 1287/546/66 1288/187/66
f 2403/198/248 2408/359/248 2405/474/248 2401/473/248
f 2418/57/249 2413/211/249 2411/257/249 2415/256/249
f 349/130/94 346/73/94 345/224/94 351/210/94 352/156/94 357/197/94
f 2444/498/173 2454/93/173 2442/241/173
f 579/210/80 578/116/80 577/150/80 581/286/80 582/136/80
f 2114/248/223 2116/136/223 2110/322/223 2112/874/223 2102/542/223
f 1569/130/130 1567/131/130 1576/115/130 1578/132/130 1587/155/130
f 2768/437/161 2763/335/161 2761/339/161 2760/86/161 2767/509/161
f 2423/109/248 2428/110/248 2425/474/248 2421/473/248
f 2438/296/249 2433/54/249 2431/257/249 2435/256/249
f 1779/130/34 1777/202/34 1787/58/34 1789/363/34 1785/364/34 1795/365/34 1797/135/34 1798/495/34
f 26/224/121 30/349/121 27/73/121
f 584/381/39 586/158/39 587/50/39
f 2116/136/42 2115/213/42 2107/181/42 2108/163/42 2105/182/42 2109/183/42 2111/184/42 2110/278/42
f 2078/174/64 2079/248/64 2067/260/64 2068/249/64 2069/250/64 2066/251/64 2062/252/64 2065/157/64 2064/51/64 2063/261/64
f 2624/434/242 2636/499/242 2634/502/242 2633/246/242 2631/439/242 2620/440/242 2623/301/242 2622/119/242
f 1566/391/104 1568/129/104 1581/851/104 1583/268/104 1579/524/104 1570/525/104 1572/150/104 1573/53/104
f 2443/109/248 2448/359/248 2445/474/248 2441/473/248
f 2458/57/260 2453/54/260 2451/257/260 2455/256/260
f 2572/437/36 2566/384/36 2564/339/36 2563/150/36 2561/933/36 2568/934/36 2571/268/36 2570/438/36
f 2730/131/6 2742/395/6 2748/437/6 2736/317/6
f 2660/437/36 2654/395/36 2652/339/36 2651/150/36 2649/933/36 2656/934/36 2659/268/36 2658/438/36
f 2533/394/66 2534/306/66 2535/526/66 2545/246/66 2546/502/66 2547/268/66 2539/494/66 2540/339/66 2541/93/66 2527/307/66 2528/241/66 2529/280/66
f 2636/499/6 2624/317/6 2618/202/6 2630/384/6
f 1292/307/66 1293/241/66 1294/125/66 1298/128/66 1299/129/66 1300/373/66 1310/523/66 1311/546/66 1312/268/66 1304/150/66 1305/94/66 1306/93/66
f 2763/335/261 2753/88/261 2751/336/261 2750/90/261 2749/404/261 2759/405/261 2762/93/261 2761/339/261
f 2469/60/155 2465/357/155 2462/432/155 2467/431/155
f 2481/246/156 2471/301/156 2468/456/156 2479/455/156
f 2475/150/157 2483/268/157 2480/934/157 2473/933/157
f 2463/90/158 2477/93/158 2474/405/158 2461/404/158
f 722/304/72 723/199/72 731/74/72 726/104/72 725/302/72
f 2491/119/262 2488/61/262 2492/226/262
f 2496/86/263 2502/438/263 2503/509/263
f 167/124/104 169/129/104 180/367/104 182/268/104 179/84/104 171/267/104 172/150/104 173/174/104
f 2563/150/66 2564/339/66 2565/93/66 2551/419/66 2552/241/66 2553/280/66 2557/128/66 2558/129/66 2559/243/66 2569/246/66 2570/438/66 2571/268/66
f 2642/117/41 2648/430/41 2646/119/41 2645/60/41 2643/431/41 2638/432/41 2641/357/41 2640/358/41
f 2587/335/6 2592/437/6 2582/317/6 2577/73/6
f 1644/50/48 1643/51/48 1651/327/48 1652/54/48 1649/55/48 1653/56/48 1655/296/48 1654/210/48
f 2501/246/156 2493/301/156 2490/456/156 2500/455/156
f 2486/90/158 2498/93/158 2495/405/158 2485/404/158
f 353/227/264 354/286/264 350/346/264 342/124/264 344/138/264 348/137/264
f 448/70/44 447/122/44 439/190/44 440/163/44 442/191/44
f 2506/307/66 2507/241/66 2511/869/66 2512/392/66 2513/526/66 2521/246/66 2522/387/66 2523/386/66 2516/339/66 2518/93/66
f 2602/317/6 2597/202/6 2607/384/6 2612/383/6
f 1945/367/68 1943/116/68 1932/886/68 1934/138/68 1940/173/68
f 2514/317/6 2509/202/6 2519/395/6 2524/383/6
f 2516/339/265 2523/386/265 2517/385/265
f 2630/384/261 2618/88/261 2616/336/261 2615/90/261 2613/337/261 2626/338/261 2629/93/261 2628/339/261
f 57/70/266 56/286/266 48/329/266 46/147/266 47/104/266 49/191/266 58/197/266
f 447/122/33 445/123/33 430/124/33 432/280/33 429/368/33 437/369/33 438/370/33 439/129/33
f 1856/116/84 1857/347/84 1845/260/84 1842/287/84 1841/200/84
f 2597/117/32 2602/118/32 2600/119/32 2599/120/32 2596/121/32
f 2521/246/156 2513/301/156 2510/456/156 2520/455/156
f 2506/90/158 2518/93/158 2515/405/158 2505/404/158
f 2758/225/148 2768/437/148 2767/509/148 2766/438/148 2765/246/148 2764/455/148 2754/456/148 2757/301/148 2755/119/148 2756/226/148
f 2618/117/41 2624/434/41 2622/119/41 2621/106/41 2619/435/41 2614/436/41 2617/107/41 2616/108/41
f 2742/395/30 2730/88/30 2728/336/30 2727/90/30 2725/404/30 2738/405/30 2741/93/30 2740/339/30
f 2812/499/6 2800/317/6 2794/202/6 2806/384/6
f 2533/106/155 2529/107/155 2526/436/155 2531/435/155
f 2545/246/156 2535/301/156 2532/456/156 2543/455/156
f 2539/494/157 2547/268/157 2544/501/157 2537/500/157
f 2527/90/158 2541/93/158 2538/405/158 2525/404/158
f 2579/119/262 2576/61/262 2580/226/262
f 651/421/61 641/422/61 644/242/61 646/373/61 643/244/61 653/374/61 654/246/61 655/247/61
f 2299/196/141 2297/314/141 2292/472/141 2293/109/141 2290/473/141 2294/474/141 2296/359/141 2295/279/141
f 2599/120/176 2595/108/176 2596/121/176
f 2557/60/155 2553/357/155 2550/432/155 2555/431/155
f 2569/246/156 2559/301/156 2556/440/156 2567/439/156
f 2563/150/157 2571/268/157 2568/934/157 2561/933/157
f 2551/90/158 2565/93/158 2562/338/158 2549/337/158
f 2609/246/66 2610/387/66 2611/386/66 2604/339/66 2606/93/66 2594/419/66 2595/241/66 2599/869/66 2600/392/66 2601/243/66
f 613/150/56 618/227/56 619/286/56
f 2680/437/161 2675/335/161 2673/339/161 2672/86/161 2679/509/161
f 2604/339/265 2611/386/265 2605/385/265
f 2574/419/66 2575/241/66 2576/138/66 2579/129/66 2581/243/66 2589/246/66 2590/438/66 2584/86/66 2585/339/66 2586/93/66
f 2584/86/263 2590/438/263 2591/509/263
f 2657/246/66 2658/438/66 2659/268/66 2651/150/66 2652/339/66 2653/93/66 2639/553/66 2640/414/66 2641/280/66 2645/128/66 2646/129/66 2647/488/66
f 2675/335/6 2680/437/6 2670/234/6 2665/73/6
f 2589/246/156 2581/301/156 2578/440/156 2588/439/156
f 2574/90/158 2586/93/158 2583/338/158 2573/337/158
f 1943/116/84 1944/402/84 1935/260/84 1933/287/84 1932/200/84
f 1966/70/117 1965/122/117 1958/427/117 1956/181/117 1957/163/117 1955/182/117 1959/183/117 1962/184/117 1961/390/117 1960/283/117
f 168/50/88 167/51/88 173/174/88 174/229/88 176/228/88
f 2724/499/36 2718/384/36 2716/339/36 2715/494/36 2713/500/36 2720/501/36 2723/268/36 2722/502/36
f 1777/50/48 1776/299/48 1783/212/48 1784/211/48 1781/55/48 1786/56/48 1788/57/48 1787/58/48
f 2695/395/6 2700/383/6 2690/234/6 2685/202/6
f 2794/117/41 2800/434/41 2798/119/41 2797/106/41 2795/435/41 2790/436/41 2793/107/41 2792/108/41
f 2773/117/32 2778/118/32 2776/119/32 2775/120/32 2772/121/32
f 2609/246/156 2601/301/156 2598/440/156 2608/439/156
f 2594/90/158 2606/93/158 2603/338/158 2593/337/158
f 2621/394/66 2622/306/66 2623/243/66 2633/246/66 2634/502/66 2635/268/66 2627/494/66 2628/339/66 2629/93/66 2615/419/66 2616/241/66 2617/280/66
f 481/174/84 482/248/84 470/158/84 467/157/84 466/51/84
f 1175/168/41 1181/539/41 1179/170/41 1178/497/41 1176/545/41 1171/544/41 1174/399/41 1173/396/41
f 1679/136/117 1678/851/117 1677/429/117 1664/68/117 1665/104/117 1663/895/117 1666/894/117 1668/184/117 1667/390/117 1680/155/117
f 723/232/120 733/205/120 739/209/120 740/321/120 741/313/120 738/466/120 728/377/120 729/458/120 730/317/120 731/235/120
f 2642/131/6 2654/395/6 2660/437/6 2648/234/6
f 2621/106/155 2617/107/155 2614/436/155 2619/435/155
f 2633/246/156 2623/301/156 2620/440/156 2631/439/156
f 2627/494/157 2635/268/157 2632/501/157 2625/500/157
f 2615/90/158 2629/93/158 2626/338/158 2613/337/158
f 2648/430/92 2660/437/92 2658/438/92 2657/246/92 2655/439/92 2644/510/92 2647/407/92 2646/119/92
f 2677/246/66 2678/438/66 2672/86/66 2673/339/66 2674/93/66 2662/553/66 2663/414/66 2664/138/66 2667/129/66 2669/488/66
f 2765/246/66 2766/438/66 2760/86/66 2761/339/66 2762/93/66 2750/307/66 2751/241/66 2752/138/66 2755/129/66 2757/526/66
f 187/124/104 189/129/104 200/114/104 202/268/104 199/84/104 191/267/104 192/150/104 193/116/104
f 2672/86/263 2678/438/263 2679/509/263
f 2745/246/66 2746/438/66 2747/268/66 2739/150/66 2740/339/66 2741/93/66 2727/307/66 2728/241/66 2729/280/66 2733/128/66 2734/129/66 2735/526/66
f 1944/402/267 1946/401/267 1941/71/267 1937/72/267 1936/73/267 1935/542/267
f 2607/384/167 2597/88/167 2596/551/167 2595/336/167 2594/90/167 2593/337/167 2603/338/167 2606/93/167 2604/339/167 2605/385/167
f 2645/60/155 2641/357/155 2638/432/155 2643/431/155
f 2657/246/156 2647/407/156 2644/510/156 2655/439/156
f 2651/150/157 2659/268/157 2656/934/157 2649/933/157
f 2639/90/158 2653/93/158 2650/552/158 2637/337/158
f 1522/391/104 1524/129/104 1535/175/104 1537/268/104 1534/524/104 1526/525/104 1527/150/104 1528/346/104
f 2724/499/6 2712/234/6 2706/202/6 2718/384/6
f 2667/119/268 2664/61/268 2668/226/268
f 891/232/168 901/205/168 907/209/168 908/321/168 909/313/168 906/376/168 896/377/168 897/458/168 898/317/168
f 3864/935/269 3821/936/269 3822/937/269 3871/938/269 3868/939/269 3865/940/269
f 267/147/244 268/66/244 282/197/244 278/320/244 277/286/244 276/227/244
f 308/150/56 316/227/56 317/286/56
f 2687/120/176 2683/108/176 2684/121/176
f 2763/335/6 2768/437/6 2758/317/6 2753/73/6
f 2677/246/156 2669/407/156 2666/510/156 2676/439/156
f 2662/90/158 2674/93/158 2671/552/158 2661/337/158
f 2682/553/66 2683/414/66 2687/869/66 2688/392/66 2689/488/66 2697/246/66 2698/387/66 2699/386/66 2692/339/66 2694/93/66
f 2692/339/265 2699/386/265 2693/385/265
f 1907/401/42 1906/175/42 1897/105/42 1898/104/42 1895/182/42 1900/183/42 1902/103/42 1901/362/42
f 151/50/48 150/200/48 156/116/48 157/161/48 154/160/48 158/159/48 160/162/48 159/58/48
f 2785/246/66 2786/387/66 2787/386/66 2780/339/66 2782/93/66 2770/307/66 2771/241/66 2775/869/66 2776/392/66 2777/526/66
f 2021/541/44 2020/540/44 2013/417/44 2014/284/44 2015/283/44
f 2697/246/156 2689/407/156 2686/510/156 2696/439/156
f 2682/90/158 2694/93/158 2691/552/158 2681/337/158
f 2709/394/66 2710/306/66 2711/488/66 2721/246/66 2722/502/66 2723/268/66 2715/494/66 2716/339/66 2717/93/66 2703/553/66 2704/414/66 2705/280/66
f 2466/131/6 2478/384/6 2484/437/6 2472/317/6
f 2748/437/36 2742/395/36 2740/339/36 2739/150/36 2737/933/36 2744/934/36 2747/268/36 2746/438/36
f 2783/395/6 2788/383/6 2778/317/6 2773/202/6
f 504/70/44 503/114/44 495/147/44 496/104/44 498/191/44
f 651/421/5 652/205/5 642/448/5 641/200/5
f 672/205/51 671/449/51 675/341/51 676/204/51 678/209/51
f 2709/106/155 2705/107/155 2702/436/155 2707/435/155
f 2721/246/156 2711/407/156 2708/510/156 2719/439/156
f 2715/494/157 2723/268/157 2720/501/157 2713/500/157
f 2703/90/158 2717/93/158 2714/552/158 2701/337/158
f 2267/194/63 2269/193/63 2268/254/63 2265/255/63 2266/57/63 2264/256/63 2260/257/63 2263/211/63 2262/433/63 2261/259/63
f 859/457/237 858/240/237 863/247/237 864/282/237 861/464/237 866/463/237 868/230/237 867/454/237
f 2342/194/139 2343/312/139 2340/554/139 2341/57/139 2339/256/139 2335/257/139 2337/211/139 2336/433/139
f 1858/367/33 1856/116/33 1841/886/33 1843/280/33 1840/905/33 1848/904/33 1849/128/33 1850/129/33
f 2755/119/262 2752/61/262 2756/226/262
f 2797/394/66 2798/306/66 2799/526/66 2809/246/66 2810/502/66 2811/268/66 2803/494/66 2804/339/66 2805/93/66 2791/307/66 2792/241/66 2793/280/66
f 2733/60/155 2729/357/155 2726/432/155 2731/431/155
f 2745/246/156 2735/301/156 2732/456/156 2743/455/156
f 2739/150/157 2747/268/157 2744/934/157 2737/933/157
f 2727/90/158 2741/93/158 2738/405/158 2725/404/158
f 846/304/125 847/238/125 856/445/125 857/326/125 854/446/125 849/447/125 851/284/125 850/302/125
f 2019/347/270 2021/541/270 2015/71/270 2016/322/270 2017/543/270 2010/542/270
f 2548/499/6 2536/317/6 2530/202/6 2542/384/6
f 2760/86/263 2766/438/263 2767/509/263
f 1543/279/17 1545/185/17 1544/190/17 1542/358/17
f 1271/168/41 1277/539/41 1275/315/41 1274/497/41 1272/545/41 1267/544/41 1270/399/41 1269/396/41
f 2765/246/156 2757/301/156 2754/456/156 2764/455/156
f 2750/90/158 2762/93/158 2759/405/158 2749/404/158
f 2775/120/176 2771/108/176 2772/121/176
f 2780/339/271 2787/386/271 2781/385/271
f 2058/174/64 2059/347/64 2047/260/64 2048/249/64 2049/420/64 2046/251/64 2042/252/64 2045/157/64 2044/51/64 2043/261/64
f 131/50/88 130/299/88 136/123/88 137/211/88 139/228/88
f 2289/264/149 2279/317/149 2275/512/149 2274/513/149 2286/265/149
f 3899/941/272 3907/942/272 3908/769/272 3909/768/272 3904/767/272 3903/943/272 3900/944/272
f 2370/512/259 2380/554/259 2383/312/259 2384/313/259 2374/533/259
f 1614/86/56 1620/429/56 1621/175/56
f 2967/927/66 2971/627/66 2969/945/66 2965/946/66
f 150/396/17 151/238/17 153/340/17 152/147/17
f 358/124/73 364/129/73 373/227/73 370/86/73 371/123/73
f 2785/246/156 2777/301/156 2774/456/156 2784/455/156
f 2770/90/158 2782/93/158 2779/405/158 2769/404/158
f 2061/541/14 2059/347/14 2058/174/14 2060/507/14
f 2041/899/42 2040/924/42 2032/181/42 2033/163/42 2030/182/42 2034/183/42 2036/184/42 2035/467/42
f 2333/196/209 2332/195/209 2328/550/209 2326/472/209 2327/198/209 2325/473/209 2329/474/209 2331/359/209 2330/279/209 2334/932/209
f 2957/947/5 2961/214/5 2962/217/5 2958/948/5
f 1001/319/36 995/297/36 993/94/36 992/150/36 990/151/36 997/388/36 1000/187/36 999/389/36
f 2184/196/141 2183/195/141 2177/472/141 2178/198/141 2175/473/141 2179/474/141 2182/359/141 2181/279/141
f 2797/106/155 2793/107/155 2790/436/155 2795/435/155
f 2809/246/156 2799/301/156 2796/456/156 2807/455/156
f 2803/494/157 2811/268/157 2808/501/157 2801/500/157
f 2791/90/158 2805/93/158 2802/405/158 2789/404/158
f 2870/949/273 2875/950/273 2876/951/273 2871/952/273 2866/953/273 2865/954/273
f 3992/955/274 4003/956/274 4004/957/274 3998/958/274 3993/959/274
f 2868/960/275 2867/961/275 2878/962/275 2817/963/275 2818/964/275
f 2821/965/276 2822/966/276 2819/967/276 2815/968/276 2814/969/276
f 2893/967/277 2894/970/277 2891/971/277 2955/972/277 2954/973/277
f 2927/974/278 2931/975/278 2932/976/278 2921/977/278 2920/978/278 2926/979/278
f 2913/44/279 2917/39/279 2921/977/279 2932/976/279 2933/980/279 2938/981/279 2952/982/279 2902/41/279
f 2903/983/280 2906/748/280 2908/747/280 2909/984/280 2907/985/280 2904/986/280 2900/987/280 2899/988/280
f 2820/970/18 2819/967/18 2822/966/18 2823/989/18
f 2831/986/281 2834/985/281 2835/43/281 2828/42/281 2827/987/281
f 2834/985/282 2839/990/282 2840/44/282 2835/43/282
f 4055/955/283 4066/991/283 4067/992/283 4061/957/283 4062/993/283 4059/994/283 4056/995/283
f 2832/749/284 2825/996/284 2824/997/284 2836/998/284 2837/750/284
f 2863/999/285 2813/1000/285 2814/969/285 2873/1001/285 2864/1002/285
f 2842/746/286 2846/1003/286 2847/978/286 2839/990/286 2838/1004/286
f 2855/976/287 2862/1005/287 2867/961/287 2868/960/287 2856/1006/287
f 3837/1007/6 3821/936/6 3864/935/6 3854/1008/6
f 2845/1009/288 2846/1003/288 2842/746/288 2841/1010/288
f 2919/1003/289 2925/1011/289 2926/979/289 2920/978/289
f 2941/999/285 2889/1000/285 2890/969/285 2948/1001/285 2942/1002/285
f 2864/1002/290 2873/1001/290 2874/1012/290 2869/1013/290 2870/949/290 2865/954/290 2860/1014/290 2859/1015/290
f 2849/1016/291 2850/1011/291 2846/1003/291 2845/1009/291
f 2824/997/292 2825/996/292 2821/965/292 2814/969/292 2813/1000/292
f 4103/1017/293 4104/943/293 4099/1018/293 4098/1019/293 4102/995/293
f 2858/1020/294 2861/1021/294 2862/1005/294 2855/976/294 2854/1022/294
f 2859/1015/295 2860/1014/295 2857/1023/295 2850/1011/295 2849/1016/295 2853/1024/295
f 2815/968/296 2819/967/296 2820/970/296 2816/971/296 2880/972/296 2876/951/296 2875/950/296 2879/973/296
f 2941/999/297 2942/1002/297 2929/1024/297 2928/1025/297
f 2852/1025/298 2863/999/298 2864/1002/298 2859/1015/298 2853/1024/298
f 2839/990/299 2847/978/299 2848/977/299 2843/39/299 2840/44/299
f 2878/962/300 2877/1026/300 2872/1027/300 2871/952/300 2876/951/300 2880/972/300 2816/971/300 2817/963/300
f 2894/970/301 2893/967/301 2896/966/301 2899/988/301 2900/987/301
f 3014/1028/5 3013/1029/5 3017/75/5 3018/78/5
f 597/210/54 600/136/54 592/218/54 593/130/54 594/349/54 591/272/54 585/221/54 588/72/54 587/73/54 586/224/54
f 1882/122/33 1880/123/33 1862/886/33 1864/280/33 1860/905/33 1870/904/33 1872/128/33 1873/129/33
f 2963/1030/12 2959/331/12 2960/334/12 2964/216/12
f 2836/998/302 2852/1025/302 2853/1024/302 2849/1016/302 2845/1009/302 2841/1010/302 2837/750/302
f 3199/1031/303 3193/1032/303 3196/1033/303 3202/1034/303 3203/1035/303
f 2959/1033/66 2963/1030/66 2961/214/66 2957/1036/66
f 2887/215/12 2883/331/12 2884/334/12 2888/216/12
f 1353/619/3 1342/664/3 1341/635/3 1354/620/3
f 2889/1000/292 2897/997/292 2898/996/292 2895/965/292 2890/969/292
f 2844/40/66 2856/1006/66 2868/960/66 2818/964/66 2829/41/66
f 3012/1037/6 3008/1038/6 3006/1039/6 3010/352/6
f 2905/749/304 2898/996/304 2897/997/304 2911/751/304 2912/750/304
f 2851/979/305 2850/1011/305 2857/1023/305 2858/1040/305 2854/1022/305
f 2820/970/306 2823/989/306 2827/987/306 2828/42/306 2817/963/306 2816/971/306
f 2894/970/307 2900/987/307 2901/42/307 2892/963/307 2891/971/307
f 4084/936/6 4126/1041/6 4113/991/6 4108/1008/6 4100/955/6 4091/1042/6
f 2857/1043/308 2860/1014/308 2865/954/308 2866/953/308 2861/1021/308 2858/1020/308
f 2913/44/309 2902/41/309 2901/42/309 2910/1044/309
f 2946/949/310 2954/973/310 2955/972/310 2947/952/310
f 2904/986/311 2907/985/311 2909/984/311 2910/1044/311 2901/42/311 2900/987/311
f 2940/1045/312 2939/1005/312 2945/961/312 2951/962/312 2952/982/312 2938/1046/312
f 2838/1004/313 2833/748/313 2832/749/313 2837/750/313 2841/1010/313 2842/746/313
f 1346/594/12 1348/596/12 1361/610/12 1357/606/12
f 2909/984/314 2916/1047/314 2917/39/314 2913/44/314 2910/1044/314
f 2916/1047/5 2915/746/5 2919/1003/5 2920/978/5
f 1432/637/14 1427/640/14 1423/702/14 1430/709/14
f 3806/733/178 3808/1048/178 3795/1049/178 3794/1050/178
f 2926/979/315 2936/1040/315 2937/1051/315 2931/975/315 2927/974/315
f 2916/1047/316 2920/978/316 2921/977/316 2917/39/316
f 2836/998/6 2824/997/6 2813/1000/6 2863/999/6 2852/1025/6
f 2908/747/317 2915/746/317 2916/1047/317 2909/984/317
f 2951/962/318 2950/1026/318 2956/1052/318 2955/972/318 2891/971/318 2892/963/318
f 1388/566/17 1391/661/17 1397/564/17 1393/1053/17
f 3177/1054/12 3179/1055/12 3181/1056/12 3183/1057/12 3165/1058/12 3167/1059/12 3169/1060/12 3171/1061/12 3173/1062/12 3175/1063/12
f 2832/749/319 2833/748/319 2830/983/319 2826/988/319 2822/966/319 2821/965/319 2825/996/319
f 2833/748/320 2838/1004/320 2839/990/320 2834/985/320
f 2872/1027/321 2877/1026/321 2878/962/321 2867/961/321 2862/1005/321 2861/1021/321 2866/953/321 2871/952/321
f 4031/936/6 4075/1064/6 4066/991/6 4055/955/6 4047/1007/6 4039/1065/6
f 2826/988/322 2830/983/322 2833/748/322 2834/985/322 2831/986/322 2827/987/322 2823/989/322 2822/966/322
f 2935/1043/323 2943/954/323 2946/949/323 2947/952/323 2944/953/323 2936/1020/323
f 3274/1066/324 3269/1067/324 3280/1068/324 3286/1069/324
f 2942/1002/325 2948/1001/325 2949/1012/325 2953/1070/325 2954/973/325 2946/949/325 2943/954/325
f 2846/1003/289 2850/1011/289 2851/979/289 2847/978/289
f 1703/300/222 1711/386/222 1701/212/222
f 2961/214/14 2963/1030/14 2964/216/14 2962/217/14
f 2554/131/6 2566/384/6 2572/437/6 2560/317/6
f 188/50/88 187/200/88 193/116/88 194/54/88 196/228/88
f 1612/147/244 1613/146/244 1624/155/244 1622/282/244 1621/175/244 1620/429/244
f 1265/319/36 1259/87/36 1257/94/36 1256/86/36 1254/151/36 1261/152/36 1264/85/36 1263/380/36
f 356/328/71 354/286/71 353/227/71
f 79/224/121 84/349/121 80/73/121
f 2969/945/5 2970/1071/5 2966/1072/5 2965/1073/5
f 2883/1033/66 2887/215/66 2885/214/66 2881/1074/66
f 2888/216/6 2884/1075/6 2882/775/6 2886/217/6
f 2881/947/5 2885/214/5 2886/217/5 2882/948/5
f 1906/175/33 1904/174/33 1886/886/33 1888/280/33 1884/905/33 1894/904/33 1896/128/33 1897/129/33
f 2971/627/14 2972/626/14 2970/1071/14 2969/945/14
f 2494/317/6 2489/73/6 2499/335/6 2504/437/6
f 2972/626/6 2968/1076/6 2966/1077/6 2970/1071/6
f 1590/68/326 1591/185/326 1608/136/326 1609/468/326 1606/469/326 1601/470/326 1604/320/326 1603/851/326 1602/429/326
f 1834/861/214 1827/53/214 1820/903/214 1823/394/214 1824/306/214
f 1588/391/73 1590/129/73 1602/429/73 1593/150/73 1594/53/73
f 3376/453/12 3375/520/12 3371/537/12 3372/536/12
f 3264/484/12 3261/863/12 3247/1078/12 3250/1079/12
f 4022/1080/327 4021/1081/327 4027/1082/327 4028/1083/327
f 3004/1084/12 2999/1085/12 2984/1086/12 2987/1087/12
f 2048/111/17 2057/900/17 2055/285/17 2056/103/17 2053/104/17 2052/105/17 2051/120/17 2044/108/17 2045/109/17 2049/110/17
f 2987/1087/328 2984/1086/328 2983/1088/328 2982/1089/328 2986/1090/328 2988/1091/328
f 3069/1092/329 3053/1093/329 3055/1094/329 3056/1095/329 3071/1085/329 3072/1096/329
f 3015/1097/66 3019/76/66 3017/75/66 3013/1098/66
f 3067/740/330 3064/739/330 3063/1096/330 3062/1099/330 3066/1100/330 3068/1101/330
f 3045/1093/331 3061/1092/331 3063/1096/331 3064/739/331 3047/1102/331 3048/1094/331
f 3013/82/17 3014/79/17 3016/80/17 3015/81/17
f 3065/1103/332 3049/1104/332 3052/1105/332 3051/1106/332 3067/740/332 3068/1101/332
f 3047/1107/333 3051/1108/333 3052/1091/333 3050/1090/333 3046/1089/333 3048/1088/333
f 355/70/334 352/156/334 351/210/334 350/346/334 354/286/334 356/328/334
f 3057/1104/335 3073/1103/335 3075/1101/335 3076/1084/335 3059/1109/335 3060/1105/335
f 3059/1087/328 3056/1086/328 3055/1088/328 3054/1089/328 3058/1090/328 3060/1091/328
f 2973/1093/331 2989/1092/331 2991/1096/331 2992/739/331 2975/1110/331 2976/1094/331
f 2981/1093/6 2973/1093/6 2976/1094/6 2983/1094/6
f 2983/1088/6 2976/1088/6 2974/1089/6 2982/1089/6
f 2977/1104/6 2985/1104/6 2988/1105/6 2980/1105/6
f 2980/1091/6 2988/1091/6 2986/1090/6 2978/1090/6
f 2989/1092/6 2997/1092/6 3000/1096/6 2991/1096/6
f 2991/1096/6 3000/1096/6 2998/1099/6 2990/1099/6
f 3001/1103/6 2993/1103/6 2996/1101/6 3003/1101/6
f 3003/1101/6 2996/1101/6 2994/1100/6 3002/1100/6
f 2981/1093/6 2997/1092/6 2989/1092/6 2973/1093/6
f 2974/1089/6 2978/1090/6 2986/1090/6 2982/1089/6
f 3001/1103/6 2985/1104/6 2977/1104/6 2993/1103/6
f 2998/1099/6 3002/1100/6 2994/1100/6 2990/1099/6
f 3012/1037/12 3011/1111/12 3007/1112/12 3008/1113/12
f 3082/352/5 3078/353/5 3077/354/5 3081/355/5
f 3067/740/5 3051/741/5 3047/742/5 3064/739/5
f 561/174/84 562/69/84 550/158/84 547/157/84 546/51/84
f 357/197/46 352/156/46 355/70/46
f 3083/1111/14 3084/1037/14 3082/352/14 3081/355/14
f 3080/1113/17 3079/1112/17 3077/887/17 3078/1114/17
f 3079/1115/66 3083/1111/66 3081/355/66 3077/1116/66
f 3084/1037/6 3080/1038/6 3078/1039/6 3082/352/6
f 359/381/39 361/158/39 362/50/39
f 3020/77/6 3016/1117/6 3014/1118/6 3018/78/6
f 1713/154/14 1706/58/14 1707/57/14 1702/211/14 1701/212/14 1711/386/14 1709/393/14 1710/204/14 1715/468/14 1714/70/14
f 3091/76/12 3087/81/12 3088/80/12 3092/77/12
f 1091/297/30 1079/88/30 1077/89/30 1076/90/30 1074/91/30 1087/298/30 1090/93/30 1089/94/30
f 3087/1097/66 3091/76/66 3089/75/66 3085/1098/66
f 3086/1028/5 3085/1029/5 3089/75/5 3090/78/5
f 460/58/336 463/231/336 464/197/336 457/218/336 453/222/336 452/223/336
f 3168/1119/43 3167/1081/43 3165/1120/43 3166/1121/43
f 3017/75/14 3019/76/14 3020/77/14 3018/78/14
f 41/70/50 39/208/50 42/197/50
f 3189/461/5 3190/478/5 3186/1122/5 3185/1123/5
f 3021/1124/199 3022/1125/199 3023/1126/199
f 3024/1127/182 3025/1128/182 3026/1129/182
f 3027/1130/337 3028/1131/337 3029/1132/337
f 3030/1133/338 3031/1134/338 3032/1135/338
f 3033/1136/15 3034/1137/15 3035/1138/15
f 3036/1139/16 3037/1140/16 3038/1141/16
f 3039/1142/190 3040/1143/190 3041/1144/190
f 3042/1145/22 3043/1146/22 3044/1147/22
f 3027/1130/4 3021/1124/4 3023/1126/4 3028/1131/4
f 3022/1148/339 3024/1149/339 3026/1150/339 3023/1151/339
f 3025/1152/11 3030/1133/11 3032/1135/11 3026/1150/11
f 3031/1134/340 3029/1153/340 3028/1154/340 3032/1135/340
f 3039/1142/10 3027/1130/10 3029/1132/10 3040/1143/10
f 3030/1133/178 3042/1145/178 3044/1147/178 3031/1134/178
f 3043/1146/18 3041/1144/18 3040/1143/18 3044/1147/18
f 3033/1136/21 3039/1142/21 3041/1144/21 3034/1137/21
f 3042/1145/179 3036/1139/179 3038/1141/179 3043/1146/179
f 3037/1140/19 3035/1138/19 3034/1137/19 3038/1141/19
f 3021/1124/1 3033/1136/1 3035/1138/1 3022/1125/1
f 3036/1139/3 3025/1128/3 3024/1127/3 3037/1140/3
f 3027/1130/66 3039/1142/66 3033/1136/66 3021/1124/66
f 3023/1151/17 3026/1150/17 3032/1135/17 3028/1154/17
f 3035/1138/5 3037/1140/5 3024/1127/5 3022/1155/5
f 3042/1145/6 3030/1156/6 3025/1157/6 3036/1139/6
f 3029/1153/12 3031/1134/12 3044/1147/12 3040/1143/12
f 3041/1144/14 3043/1146/14 3038/1141/14 3034/1137/14
f 1682/50/341 1681/200/341 1687/508/341 1685/346/341 1686/161/341 1688/59/341
f 3002/1100/342 2998/1099/342 3000/1096/342 2999/1085/342 3004/1084/342 3003/1101/342
f 1965/122/68 1963/123/68 1948/886/68 1950/138/68 1958/173/68
f 92/286/264 86/116/264 77/124/264 78/138/264 82/137/264 91/227/264
f 2993/1103/332 2977/1104/332 2980/1105/332 2979/1106/332 2995/740/332 2996/1101/332
f 2995/740/330 2992/739/330 2991/1096/330 2990/1099/330 2994/1100/330 2996/1101/330
f 3074/1100/342 3070/1099/342 3072/1096/342 3071/1085/342 3076/1084/342 3075/1101/342
f 742/304/72 743/199/72 751/74/72 746/163/72 745/195/72
f 3056/1086/12 3059/1087/12 3076/1084/12 3071/1085/12
f 2985/1104/335 3001/1103/335 3003/1101/335 3004/1084/335 2987/1158/335 2988/1105/335
f 370/86/56 373/227/56 374/213/56
f 2975/1107/333 2979/1108/333 2980/1091/333 2978/1090/333 2974/1089/333 2976/1088/333
f 3092/77/6 3088/1117/6 3086/1118/6 3090/78/6
f 3053/1093/6 3045/1093/6 3048/1094/6 3055/1094/6
f 3055/1088/6 3048/1088/6 3046/1089/6 3054/1089/6
f 3049/1104/6 3057/1104/6 3060/1105/6 3052/1105/6
f 3052/1091/6 3060/1091/6 3058/1090/6 3050/1090/6
f 3061/1092/6 3069/1092/6 3072/1096/6 3063/1096/6
f 3063/1096/6 3072/1096/6 3070/1099/6 3062/1099/6
f 3073/1103/6 3065/1103/6 3068/1101/6 3075/1101/6
f 3075/1101/6 3068/1101/6 3066/1100/6 3074/1100/6
f 3053/1093/6 3069/1092/6 3061/1092/6 3045/1093/6
f 3046/1089/6 3050/1090/6 3058/1090/6 3054/1089/6
f 3073/1103/6 3057/1104/6 3049/1104/6 3065/1103/6
f 3070/1099/6 3074/1100/6 3066/1100/6 3062/1099/6
f 1313/319/36 1307/318/36 1305/94/36 1304/150/36 1302/403/36 1309/152/36 1312/268/36 1311/546/36
f 189/147/77 190/178/77 206/197/77 201/320/77 200/114/77
f 2997/1092/343 2981/1093/343 2983/1094/343 2984/1095/343 2999/1085/343 3000/1096/343
f 943/457/237 942/421/237 947/522/237 948/282/237 945/464/237 950/463/237 952/230/237 951/454/237
f 3079/1112/12 3080/1113/12 3084/1037/12 3083/1111/12
f 3008/1113/17 3007/1112/17 3005/887/17 3006/1114/17
f 3011/1111/14 3012/1037/14 3010/352/14 3009/355/14
f 3007/1115/66 3011/1111/66 3009/355/66 3005/1116/66
f 3214/871/17 3216/872/17 3215/1159/17 3213/870/17
f 3227/889/66 3225/1160/66 3221/1161/66 3223/1162/66
f 367/191/67 365/163/67 368/66/67
f 1757/50/88 1756/200/88 1762/346/88 1763/161/88 1765/59/88
f 3977/1163/344 3930/1164/344 3931/1165/344 3975/1166/344 3974/1167/344
f 3224/1168/6 3222/555/6 3226/556/6 3228/557/6
f 1545/130/34 1543/131/34 1553/58/34 1555/132/34 1551/133/34 1561/134/34 1563/135/34 1564/136/34
f 3093/1124/181 3094/1125/181 3095/1126/181
f 3096/1127/7 3097/1128/7 3098/1129/7
f 3099/1130/337 3100/1131/337 3101/1132/337
f 3102/1133/338 3103/1134/338 3104/1135/338
f 3105/1136/15 3106/1137/15 3107/1138/15
f 3108/1139/16 3109/1140/16 3110/1141/16
f 3111/1142/190 3112/1143/190 3113/1144/190
f 3114/1145/22 3115/1146/22 3116/1169/22
f 3099/1130/4 3093/1124/4 3095/1126/4 3100/1131/4
f 3094/1148/339 3096/1149/339 3098/1150/339 3095/1151/339
f 3097/1152/11 3102/1133/11 3104/1135/11 3098/1150/11
f 3103/1134/8 3101/1153/8 3100/1154/8 3104/1135/8
f 3111/1142/10 3099/1130/10 3101/1132/10 3112/1143/10
f 3102/1133/178 3114/1145/178 3116/1169/178 3103/1134/178
f 3115/1146/18 3113/1144/18 3112/1143/18 3116/1169/18
f 3105/1136/21 3111/1142/21 3113/1144/21 3106/1137/21
f 3114/1145/179 3108/1139/179 3110/1141/179 3115/1146/179
f 3109/1140/19 3107/1138/19 3106/1137/19 3110/1141/19
f 3093/1124/1 3105/1136/1 3107/1138/1 3094/1125/1
f 3108/1139/3 3097/1128/3 3096/1127/3 3109/1140/3
f 3099/1130/66 3111/1142/66 3105/1136/66 3093/1124/66
f 3095/1151/17 3098/1150/17 3104/1135/17 3100/1154/17
f 3107/1138/5 3109/1140/5 3096/1127/5 3094/1155/5
f 3114/1145/6 3102/1156/6 3097/1157/6 3108/1139/6
f 3101/1153/12 3103/1134/12 3116/1169/12 3112/1143/12
f 3113/1144/14 3115/1146/14 3110/1141/14 3106/1137/14
f 3456/1170/4 3455/1171/4 3449/1172/4 3451/1173/4
f 3129/795/21 3135/809/21 3137/789/21 3130/734/21
f 3117/797/2 3118/796/2 3119/1174/2
f 3311/801/345 3309/800/345 3308/1175/345 3312/1176/345
f 3117/797/4 3119/1174/4 3124/1177/4 3123/808/4
f 3120/1178/7 3121/1179/7 3122/1180/7
f 3120/1178/23 3122/1180/23 3119/1181/23 3118/590/23
f 3128/1182/8 3127/717/8 3125/716/8 3124/1183/8
f 3123/808/183 3124/1177/183 3125/810/183
f 3126/1184/178 3138/629/178 3140/714/178 3127/717/178
f 3319/824/346 3313/1185/346 3301/1186/346 3307/825/346
f 3675/1187/23 3674/590/23 3676/1188/23 3678/1189/23
f 3126/1184/13 3127/717/13 3128/1182/13
f 3683/822/12 3696/1190/12 3692/1191/12 3681/819/12
f 3806/733/179 3800/732/179 3802/1192/179 3807/1193/179
f 2874/1012/347 2873/1001/347 2814/969/347 2815/968/347 2879/973/347 2875/950/347 2870/949/347 2869/1013/347
f 3129/795/184 3130/734/184 3131/701/184
f 3132/630/6 3138/629/6 3126/1194/6 3121/1195/6
f 3121/1179/11 3126/1184/11 3128/1182/11 3122/1180/11
f 3132/630/185 3133/685/185 3134/631/185
f 3313/1185/348 3315/694/348 3302/1196/348 3301/1186/348
f 3135/809/193 3136/715/193 3137/789/193
f 3268/1197/349 3270/1198/349 3267/1199/349 3266/590/349
f 3275/1200/12 3288/1201/12 3284/832/12 3273/1202/12
f 3285/725/350 3284/832/350 3288/1201/350 3287/1203/350
f 3138/629/180 3139/632/180 3140/714/180
f 1431/638/178 1433/723/178 1420/617/178 1419/689/178
f 3141/1204/1 3153/674/1 3155/1205/1 3142/1206/1
f 3141/1204/351 3142/1206/351 3143/1207/351
f 3160/1208/10 3159/671/10 3147/1209/10 3149/1210/10
f 3155/1205/19 3154/673/19 3158/1211/19 3157/780/19
f 3144/1212/352 3145/1213/352 3146/1214/352
f 3151/1215/12 3164/1216/12 3160/1208/12 3149/1217/12
f 3793/1218/12 3795/1049/12 3808/1048/12 3804/1219/12
f 3161/672/18 3160/1208/18 3164/1216/18 3163/1220/18
f 3147/1209/183 3148/1170/183 3149/1210/183
f 3359/1221/179 3358/786/179 3352/1222/179 3354/804/179
f 3143/1187/339 3142/590/339 3144/1212/339 3146/1214/339
f 3162/836/178 3164/1216/178 3151/1215/178 3150/1223/178
f 3150/1223/192 3151/1215/192 3152/1224/192
f 3286/1069/353 3280/1068/353 3282/793/353 3287/1203/353
f 3276/1225/354 3272/1175/354 3267/1199/354 3270/1198/354
f 3157/780/5 3144/782/5 3142/1226/5 3155/1205/5
f 1401/665/179 1403/569/179 1408/607/179 1407/666/179
f 3153/674/15 3154/673/15 3155/1205/15
f 3148/1170/4 3147/1209/4 3141/1204/4 3143/1207/4
f 3301/1186/355 3303/1227/355 3308/1228/355 3307/825/355
f 3156/781/185 3157/780/185 3158/1211/185
f 3306/1229/356 3312/1176/356 3308/1175/356 3303/1199/356
f 2828/42/357 2829/41/357 2818/964/357 2817/963/357
f 3159/671/190 3160/1208/190 3161/672/190
f 3141/1204/66 3147/1209/66 3159/671/66 3153/674/66
f 3316/1230/358 3318/1231/358 3323/833/358 3322/1232/358
f 3162/836/22 3163/1220/22 3164/1216/22
f 3176/1233/29 3175/1234/29 3173/1235/29 3174/664/29
f 3181/759/359 3182/758/359 3184/1236/359 3183/1237/359
f 3183/1237/91 3184/1236/91 3166/1238/91 3165/1239/91
f 3172/1240/14 3171/1241/14 3169/1082/14 3170/1242/14
f 3177/1243/360 3178/1244/360 3180/761/360 3179/760/360
f 3198/140/361 3204/1245/361 3203/1035/361 3202/1034/361 3197/141/361
f 1454/712/21 1460/778/21 1462/709/21 1455/687/21
f 3178/1244/90 3177/1243/90 3175/1234/90 3176/1233/90
f 3212/557/12 3211/889/12 3207/873/12 3208/872/12
f 4129/1246/66 4087/1165/66 4097/1247/66 4107/1248/66 4118/773/66
f 3171/1241/362 3172/1240/362 3174/664/362 3173/1235/362
f 3993/959/363 3994/995/363 3989/1019/363 3988/1007/363 3992/955/363
f 3990/1249/364 3995/1017/364 3996/767/364 3991/1250/364
f 3906/994/365 3912/993/365 3913/1251/365 3908/769/365 3907/942/365
f 3192/475/12 3191/460/12 3187/854/12 3188/857/12
f 2936/1020/366 2944/953/366 2945/961/366 2939/1005/366 2940/1045/366 2938/981/366 2933/980/366 2932/976/366 2931/975/366 2937/1252/366
f 2080/507/214 2078/174/214 2063/868/214 2071/869/214 2072/392/214
f 3189/461/14 3191/460/14 3192/475/14 3190/478/14
f 185/70/50 181/208/50 186/197/50
f 176/228/57 174/229/57 177/115/57
f 1019/297/30 1007/448/30 1005/89/30 1004/511/30 1002/91/30 1015/92/30 1018/93/30 1017/94/30
f 1629/130/130 1626/73/130 1636/201/130 1638/156/130 1642/155/130
f 392/231/367 390/156/367 389/201/367 388/346/367 391/286/367
f 3202/1034/368 3196/142/368 3197/141/368
f 4036/1253/369 4043/1254/369 4044/1255/369 4045/1256/369 4046/1247/369 4038/1257/369 4037/1258/369 4034/1259/369 4033/1164/369
f 3195/860/370 3193/1260/370 3199/1031/370 3201/1261/370 3200/858/370
f 2929/1024/371 2942/1002/371 2943/954/371 2935/1043/371 2934/1262/371 2930/1263/371
f 89/201/223 93/231/223 83/130/223 84/349/223 79/224/223
f 1632/86/210 1639/429/210 1640/114/210
f 3194/1264/372 3200/858/372 3201/1261/372 3204/1245/372 3198/1265/372
f 4155/920/6 4151/1266/6 4149/1267/6 4153/915/6
f 3251/1268/373 3253/862/373 3254/1269/373 3239/1270/373 3240/1271/373 3237/1272/373 3245/1273/373 3259/1274/373
f 3229/1275/5 3233/1276/5 3234/556/5 3230/1277/5
f 3209/1276/66 3205/1278/66 3207/1162/66 3211/889/66
f 3845/1279/374 3848/767/374 3849/766/374 3832/1280/374 3831/1255/374 3836/1256/374 3835/1281/374 3840/1018/374 3844/944/374
f 3206/871/17 3208/872/17 3207/873/17 3205/870/17
f 3234/556/6 3236/557/6 3232/1168/6 3230/555/6
f 2922/1282/375 2923/1283/375 2918/1284/375 2914/745/375 2911/751/375 2897/997/375 2889/1000/375 2941/999/375 2928/1025/375
f 3231/873/12 3232/872/12 3236/557/12 3235/889/12
f 3217/1276/66 3213/1278/66 3215/1162/66 3219/889/66
f 1439/737/5 1435/776/5 1434/777/5 1438/756/5
f 2675/335/30 2665/88/30 2663/336/30 2662/90/30 2661/337/30 2671/552/30 2674/93/30 2673/339/30
f 3216/872/12 3220/557/12 3219/889/12 3215/1159/12
f 792/233/246 803/209/246 804/321/246
f 3220/557/14 3218/556/14 3217/1276/14 3219/889/14
f 3335/1285/376 3332/1286/376 3331/1287/376 3333/882/376 3334/881/376
f 3214/555/6 3218/556/6 3220/557/6 3216/558/6
f 4179/920/6 4175/1266/6 4173/1267/6 4177/915/6
f 2905/749/319 2906/748/319 2903/983/319 2899/988/319 2896/966/319 2895/965/319 2898/996/319
f 786/51/5 795/206/5 796/205/5 787/88/5
f 3210/556/5 3206/1277/5 3205/1275/5 3209/1276/5
f 3230/871/17 3232/872/17 3231/873/17 3229/870/17
f 3212/557/14 3210/556/14 3209/1276/14 3211/889/14
f 3228/557/14 3226/556/14 3225/1160/14 3227/889/14
f 393/197/46 390/156/46 392/231/46
f 3837/1007/377 3854/1008/377 3855/958/377 3850/1288/377 3851/994/377 3846/995/377 3842/1289/377 3841/1290/377 3838/1291/377
f 1659/465/266 1658/851/266 1657/429/266 1645/68/266 1646/104/266 1647/876/266 1660/155/266
f 1139/149/30 1127/88/30 1125/89/30 1124/90/30 1122/91/30 1135/298/30 1138/93/30 1137/94/30
f 3217/1276/5 3218/556/5 3214/1277/5 3213/1275/5
f 3254/1269/5 3257/1292/5 3243/1293/5 3239/1294/5
f 3245/1273/378 3237/1272/378 3240/1271/378 3247/1295/378 3261/863/378 3253/862/378 3251/1268/378 3259/1274/378
f 3488/515/14 3486/898/14 3485/519/14 3487/520/14
f 3292/1296/379 3291/1039/379 3296/1297/379 3299/1298/379 3294/1299/379
f 2241/426/116 2248/263/116 2243/259/116 2235/419/116 2236/241/116
f 816/240/5 817/205/5 807/88/5 806/200/5
f 4164/1300/66 4166/1301/66 4170/413/66 4168/412/66
f 1473/738/14 1471/737/14 1470/756/14 1472/811/14
f 3241/479/380 3244/486/380 3243/1302/380 3257/1292/380 3258/483/380 3255/482/380 3262/481/380 3248/480/380
f 3257/1292/381 3254/1269/381 3253/862/381 3252/867/381 3260/866/381 3263/865/381 3256/864/381 3258/483/381
f 3239/1303/382 3243/1304/382 3244/1305/382 3242/1306/382 3249/1307/382 3246/1308/382 3238/1309/382 3240/1310/382
f 3574/1311/14 3581/1312/14 3583/1313/14 3578/804/14
f 3128/1182/17 3124/1183/17 3119/1181/17 3122/1180/17
f 3265/1314/383 3266/1315/383 3267/1227/383
f 3462/803/14 3469/1312/14 3471/1221/14 3466/804/14
f 3315/694/384 3314/1316/384 3318/1231/384 3317/691/384
f 3268/1197/385 3269/1317/385 3270/1198/385
f 3314/1316/386 3313/1185/386 3319/824/386 3321/834/386
f 3303/1244/387 3302/693/387 3304/692/387 3306/1318/387
f 3801/1319/5 3788/1320/5 3786/1321/5 3799/1322/5
f 3274/1323/388 3286/1069/388 3288/1201/388 3275/1200/388
f 3271/830/389 3272/1228/389 3273/831/389
f 3804/1219/10 3803/678/10 3791/677/10 3793/1324/10
f 3274/1323/390 3275/1200/390 3276/1225/390
f 2851/979/391 2854/1022/391 2855/976/391 2848/977/391 2847/978/391
f 3274/1323/392 3276/1225/392 3270/1198/392 3269/1317/392
f 2950/1026/393 2951/962/393 2945/961/393 2944/953/393 2947/952/393 2955/972/393 2956/1052/393
f 3347/822/12 3360/1190/12 3356/1191/12 3345/819/12
f 3277/727/394 3278/726/394 3279/792/394
f 4156/1325/5 4160/925/5 4161/292/5 4157/1326/5
f 3583/1313/179 3582/786/179 3576/785/179 3578/804/179
f 3310/1327/395 3312/1176/395 3306/1229/395 3305/1328/395
f 3280/1068/396 3281/794/396 3282/793/396
f 3281/794/397 3280/1068/397 3269/664/397 3268/1318/397
f 3283/724/398 3284/832/398 3285/725/398
f 3310/1329/399 3305/1330/399 3316/1230/399 3322/1232/399
f 3271/830/400 3283/724/400 3277/727/400 3265/1314/400
f 3322/1232/401 3324/798/401 3311/801/401 3310/1327/401
f 3286/1069/402 3287/1203/402 3288/1201/402
f 3300/1331/403 3298/1332/403 3297/1333/403
f 3335/1285/404 3334/881/404 3336/880/404
f 3292/885/405 3294/879/405 3293/1334/405 3289/887/405 3290/883/405
f 4143/1335/6 4141/775/6 4145/411/6 4147/410/6
f 3330/878/406 3328/877/406 3327/888/406
f 3296/1297/407 3295/1336/407 3298/1332/407 3300/1331/407 3299/1298/407
f 94/230/71 92/286/71 91/227/71
f 3326/1039/408 3332/1286/408 3335/1285/408 3336/880/408 3329/1337/408
f 3331/1287/409 3325/1338/409 3327/1339/409 3328/1340/409 3333/882/409
f 3470/786/179 3464/785/179 3466/804/179 3471/1221/179
f 3301/1186/410 3302/1196/410 3303/1227/410
f 2918/1284/411 2919/1003/411 2915/746/411 2914/745/411
f 3271/830/412 3265/1314/412 3267/1227/412 3272/1228/412
f 3304/692/413 3305/1341/413 3306/1318/413
f 3305/1341/414 3304/692/414 3317/691/414 3316/1230/414
f 3287/1203/415 3282/793/415 3278/726/415 3285/725/415
f 3275/1200/416 3273/1202/416 3272/1175/416 3276/1225/416
f 3277/727/417 3279/792/417 3266/1315/417 3265/1314/417
f 3307/825/418 3308/1228/418 3309/826/418
f 3353/787/3 3352/1222/3 3341/664/3 3340/788/3
f 3687/1342/19 3686/1343/19 3690/804/19 3689/787/19
f 3310/1327/419 3311/801/419 3312/1176/419
f 3453/1344/6 3464/785/6 3470/786/6 3458/835/6
f 3281/794/5 3268/1318/5 3266/1345/5 3279/792/5
f 3313/1185/420 3314/1316/420 3315/694/420
f 3677/664/3 3676/788/3 3689/787/3 3688/1222/3
f 3316/1230/421 3317/691/421 3318/1231/421
f 3358/786/178 3360/1190/178 3347/822/178 3346/1223/178
f 3319/824/422 3320/799/422 3321/834/422
f 3318/1231/423 3314/1316/423 3321/834/423 3323/833/423
f 3322/1232/424 3323/833/424 3324/798/424
f 4169/411/6 4171/410/6 4167/1335/6 4165/775/6
f 3484/536/12 3488/515/12 3487/520/12 3483/1346/12
f 1567/50/48 1566/51/48 1573/53/48 1574/54/48 1571/55/48 1575/56/48 1577/296/48 1576/115/48
f 3326/1347/5 3325/1348/5 3331/1287/5 3332/1286/5
f 2783/395/167 2773/88/167 2772/551/167 2771/336/167 2770/90/167 2769/404/167 2779/405/167 2782/93/167 2780/339/167 2781/385/167
f 3295/1336/425 3289/1349/425 3293/1340/425 3297/1333/425 3298/1332/425
f 3295/1336/426 3296/1297/426 3291/1350/426 3290/1351/426 3289/1348/426
f 3568/1170/4 3567/1352/4 3561/829/4 3563/1207/4
f 3359/1221/14 3354/804/14 3350/1353/14 3357/1312/14
f 3337/1172/181 3338/828/181 3339/1173/181
f 3467/1354/10 3455/1171/10 3457/1355/10 3468/1191/10
f 3454/1356/11 3453/1357/11 3458/1223/11 3460/1358/11
f 3450/590/23 3452/1188/23 3454/1356/23 3451/1359/23
f 3340/1188/7 3341/1357/7 3342/1356/7
f 3356/1191/10 3355/1354/10 3343/1171/10 3345/1355/10
f 3357/1312/18 3356/1191/18 3360/1190/18 3359/1221/18
f 3461/1360/21 3467/1354/21 3469/1312/21 3462/803/21
f 3343/1171/9 3344/1170/9 3345/1355/9
f 3355/1354/21 3357/1312/21 3350/1353/21 3349/1360/21
f 3570/1361/11 3572/821/11 3566/1189/11 3565/1362/11
f 3346/1223/13 3347/822/13 3348/1358/13
f 3691/1363/66 3685/827/66 3673/829/66 3679/1352/66
f 3450/828/1 3449/1172/1 3461/1360/1 3463/802/1
f 3353/787/5 3340/788/5 3338/1364/5 3351/802/5
f 3695/1313/14 3690/804/14 3686/1343/14 3693/1312/14
f 3349/1360/15 3350/1353/15 3351/802/15
f 3352/1222/6 3358/786/6 3346/835/6 3341/1344/6
f 3459/822/8 3457/819/8 3456/1365/8 3460/1358/8
f 3352/1222/185 3353/787/185 3354/804/185
f 3689/787/5 3676/788/5 3674/1364/5 3687/1342/5
f 3355/1354/427 3356/1191/427 3357/1312/427
f 1414/1366/6 1425/639/6 1431/638/6 1419/1367/6
f 3459/822/178 3458/1223/178 3470/786/178 3472/1190/178
f 3358/786/205 3359/1221/205 3360/1190/205
f 196/228/57 194/54/57 197/115/57
f 426/115/267 428/70/267 423/218/267 419/222/267 418/223/267 417/224/267
f 3366/505/6 3368/506/6 3364/503/6 3362/504/6
f 3588/906/17 3587/896/17 3585/1368/17 3586/166/17
f 3594/535/17 3596/1369/17 3595/537/17 3593/1370/17
f 3167/1081/428 3168/1119/428 3170/1242/428 3169/1082/428
f 3474/1371/5 3473/1372/5 3477/277/5 3478/505/5
f 3698/1371/5 3697/1372/5 3701/277/5 3702/505/5
f 3593/1373/66 3595/1374/66 3599/520/66 3597/907/66
f 202/268/14 200/114/14 201/320/14 205/70/14 204/135/14 198/132/14 197/115/14 194/54/14 193/116/14 192/150/14
f 1733/154/37 1725/59/37 1726/115/37
f 1723/300/222 1731/386/222 1721/53/222
f 2166/303/152 2163/302/152 2159/472/152 2160/418/152 2162/532/152
f 3247/1078/429 3240/1310/429 3238/1309/429 3246/1308/429 3249/1307/429 3242/1306/429 3244/1305/429 3250/1079/429
f 3482/535/17 3484/536/17 3483/1346/17 3481/538/17
f 3596/1369/12 3600/515/12 3599/520/12 3595/537/12
f 3377/1375/181 3378/1376/181 3379/1377/181
f 3380/1378/186 3381/1379/186 3382/1380/186
f 3383/1381/183 3384/1382/183 3385/1383/183
f 3386/1384/13 3387/1385/13 3388/1386/13
f 3389/1387/184 3390/1388/184 3391/1389/184
f 3392/1390/185 3393/1391/185 3394/1392/185
f 3395/1393/190 3396/1394/190 3397/1395/190
f 3398/1396/180 3399/1397/180 3400/1398/180
f 3383/1381/4 3377/1375/4 3379/1377/4 3384/1382/4
f 3378/1399/23 3380/1400/23 3382/1401/23 3379/1402/23
f 3381/1403/11 3386/1384/11 3388/1386/11 3382/1401/11
f 3387/1385/8 3385/1404/8 3384/1405/8 3388/1386/8
f 3395/1393/10 3383/1381/10 3385/1383/10 3396/1394/10
f 3386/1384/178 3398/1396/178 3400/1398/178 3387/1385/178
f 3399/1397/18 3397/1395/18 3396/1394/18 3400/1398/18
f 3389/1387/21 3395/1393/21 3397/1395/21 3390/1388/21
f 3398/1396/179 3392/1390/179 3394/1392/179 3399/1397/179
f 3393/1391/19 3391/1389/19 3390/1388/19 3394/1392/19
f 3377/1375/1 3389/1387/1 3391/1389/1 3378/1376/1
f 3392/1390/3 3381/1379/3 3380/1378/3 3393/1391/3
f 3383/1381/66 3395/1393/66 3389/1387/66 3377/1375/66
f 3379/1402/17 3382/1401/17 3388/1386/17 3384/1405/17
f 3391/1389/5 3393/1391/5 3380/1378/5 3378/1406/5
f 3398/1396/6 3386/1407/6 3381/1408/6 3392/1390/6
f 3385/1404/12 3387/1385/12 3400/1398/12 3396/1394/12
f 3397/1395/14 3399/1397/14 3394/1392/14 3390/1388/14
f 3401/1375/181 3402/1376/181 3403/1377/181
f 3404/1378/7 3405/1379/7 3406/1380/7
f 3407/1381/183 3408/1382/183 3409/1383/183
f 3410/1384/192 3411/1385/192 3412/1409/192
f 3413/1387/184 3414/1388/184 3415/1389/184
f 3416/1390/185 3417/1391/185 3418/1392/185
f 3419/1393/20 3420/1394/20 3421/1395/20
f 3422/1396/180 3423/1397/180 3424/1398/180
f 3407/1381/4 3401/1375/4 3403/1377/4 3408/1382/4
f 3402/1399/23 3404/1400/23 3406/1401/23 3403/1402/23
f 3405/1403/11 3410/1384/11 3412/1409/11 3406/1401/11
f 3411/1385/8 3409/1404/8 3408/1405/8 3412/1409/8
f 3419/1393/10 3407/1381/10 3409/1383/10 3420/1394/10
f 3410/1384/178 3422/1396/178 3424/1398/178 3411/1385/178
f 3423/1397/18 3421/1395/18 3420/1394/18 3424/1398/18
f 3413/1387/21 3419/1393/21 3421/1395/21 3414/1388/21
f 3422/1396/179 3416/1390/179 3418/1392/179 3423/1397/179
f 3417/1391/19 3415/1389/19 3414/1388/19 3418/1392/19
f 3401/1375/1 3413/1387/1 3415/1389/1 3402/1376/1
f 3416/1390/3 3405/1379/3 3404/1378/3 3417/1391/3
f 3407/1381/66 3419/1393/66 3413/1387/66 3401/1375/66
f 3403/1402/17 3406/1401/17 3412/1409/17 3408/1405/17
f 3415/1389/5 3417/1391/5 3404/1378/5 3402/1406/5
f 3422/1396/6 3410/1407/6 3405/1408/6 3416/1390/6
f 3409/1404/12 3411/1385/12 3424/1398/12 3420/1394/12
f 3421/1395/14 3423/1397/14 3418/1392/14 3414/1388/14
f 3425/1410/181 3426/1411/181 3427/1377/181
f 3428/1378/7 3429/1379/7 3430/1412/7
f 3431/1381/183 3432/1382/183 3433/1413/183
f 3434/1414/192 3435/1415/192 3436/1416/192
f 3437/1417/15 3438/1388/15 3439/1418/15
f 3440/1419/185 3441/1420/185 3442/1392/185
f 3443/1421/20 3444/1422/20 3445/1395/20
f 3446/1423/180 3447/1397/180 3448/1424/180
f 3431/1381/4 3425/1410/4 3427/1377/4 3432/1382/4
f 3426/1399/23 3428/1400/23 3430/1401/23 3427/1402/23
f 3429/1403/11 3434/1414/11 3436/1416/11 3430/1401/11
f 3435/1415/8 3433/1425/8 3432/1405/8 3436/1416/8
f 3443/1421/10 3431/1381/10 3433/1413/10 3444/1422/10
f 3434/1414/178 3446/1423/178 3448/1424/178 3435/1415/178
f 3447/1397/18 3445/1395/18 3444/1422/18 3448/1424/18
f 3437/1417/21 3443/1421/21 3445/1395/21 3438/1388/21
f 3446/1423/179 3440/1419/179 3442/1392/179 3447/1397/179
f 3441/1420/19 3439/1418/19 3438/1388/19 3442/1392/19
f 3425/1410/1 3437/1417/1 3439/1418/1 3426/1411/1
f 3440/1419/3 3429/1379/3 3428/1378/3 3441/1420/3
f 3431/1381/66 3443/1421/66 3437/1417/66 3425/1410/66
f 3427/1402/17 3430/1401/17 3436/1416/17 3432/1405/17
f 3439/1418/5 3441/1420/5 3428/1378/5 3426/1426/5
f 3446/1423/6 3434/1427/6 3429/1428/6 3440/1419/6
f 3433/1425/12 3435/1415/12 3448/1424/12 3444/1422/12
f 3445/1395/14 3447/1397/14 3442/1392/14 3438/1388/14
f 3579/1363/66 3573/827/66 3561/829/66 3567/1352/66
f 3342/1356/17 3348/1358/17 3344/1365/17 3339/1359/17
f 3581/1312/18 3580/1191/18 3584/1190/18 3583/1313/18
f 3454/1356/17 3460/1358/17 3456/1365/17 3451/1359/17
f 3449/1172/181 3450/828/181 3451/1173/181
f 3677/784/6 3688/1222/6 3694/786/6 3682/783/6
f 3796/1429/8 3795/1049/8 3793/1218/8 3792/1430/8
f 3452/1188/7 3453/1357/7 3454/1356/7
f 3351/802/19 3350/1353/19 3354/804/19 3353/787/19
f 3459/822/12 3472/1190/12 3468/1191/12 3457/819/12
f 3453/664/3 3452/788/3 3465/787/3 3464/785/3
f 3455/1171/183 3456/1170/183 3457/1355/183
f 3693/1312/18 3692/1191/18 3696/1190/18 3695/1313/18
f 3458/1223/192 3459/822/192 3460/1358/192
f 3582/786/178 3584/1190/178 3571/822/178 3570/1361/178
f 3146/1214/17 3152/1224/17 3148/1365/17 3143/1187/17
f 3691/1363/21 3693/1312/21 3686/1343/21 3685/827/21
f 3461/1360/15 3462/803/15 3463/802/15
f 3680/1170/4 3679/1352/4 3673/829/4 3675/1207/4
f 3341/1357/11 3346/1223/11 3348/1358/11 3342/1356/11
f 3464/785/185 3465/787/185 3466/804/185
f 3579/1363/21 3581/1312/21 3574/1311/21 3573/827/21
f 3568/820/17 3563/1187/17 3566/1189/17 3572/821/17
f 3347/822/8 3345/819/8 3344/1365/8 3348/1358/8
f 3467/1354/190 3468/1191/190 3469/1312/190
f 3470/786/180 3471/1221/180 3472/1190/180
f 3368/506/14 3366/505/14 3365/277/14 3367/276/14
f 70/210/430 75/70/430 76/197/430 63/130/430 64/349/430 60/224/430 69/228/430
f 1794/268/14 1792/286/14 1793/204/14 1799/468/14 1798/495/14 1797/135/14 1789/363/14 1787/58/14 1788/57/14 1784/211/14 1783/212/14 1782/494/14
f 2420/193/112 2410/317/112 2407/408/112 2416/409/112 2417/255/112
f 3711/520/66 3709/519/66 3705/527/66 3707/1374/66
f 415/109/17 418/199/17 419/398/17 424/441/17 421/104/17 420/147/17 416/399/17 414/396/17
f 2489/117/55 2494/225/55 2492/226/55 2488/61/55 2487/62/55
f 3589/277/5 3590/505/5 3586/1371/5 3585/1372/5
f 1468/754/66 1472/811/66 1470/756/66 1466/1431/66
f 3592/506/12 3591/517/12 3587/896/12 3588/906/12
f 942/421/61 930/241/61 934/242/61 936/373/61 932/244/61 944/374/61 946/523/61 947/522/61
f 671/449/61 661/422/61 664/242/61 666/373/61 663/244/61 673/374/61 674/246/61 675/341/61
f 2494/225/148 2504/437/148 2503/509/148 2502/438/148 2501/246/148 2500/455/148 2490/456/148 2493/301/148 2491/119/148 2492/226/148
f 4168/412/5 4169/411/5 4165/1432/5 4164/913/5
f 891/88/5 890/200/5 900/421/5 901/205/5
f 4138/928/12 4134/1433/12 4135/1434/12 4139/416/12
f 3376/453/14 3374/452/14 3373/519/14 3375/520/14
f 3374/452/5 3370/1435/5 3369/1436/5 3373/519/5
f 3489/1437/2 3490/1438/2 3491/1377/2
f 3492/1439/7 3493/1440/7 3494/1412/7
f 3495/1441/183 3496/1382/183 3497/1442/183
f 3498/1443/13 3499/1444/13 3500/1409/13
f 3501/1445/15 3502/1446/15 3503/1389/15
f 3504/1390/185 3505/1447/185 3506/1392/185
f 3507/1448/427 3508/1449/427 3509/1450/427
f 3510/1451/205 3511/1397/205 3512/1452/205
f 3495/1441/4 3489/1437/4 3491/1377/4 3496/1382/4
f 3490/1399/23 3492/1400/23 3494/1401/23 3491/1402/23
f 3493/1403/11 3498/1443/11 3500/1409/11 3494/1401/11
f 3499/1444/8 3497/1453/8 3496/1405/8 3500/1409/8
f 3507/1448/10 3495/1441/10 3497/1442/10 3508/1449/10
f 3498/1443/178 3510/1451/178 3512/1452/178 3499/1444/178
f 3511/1397/18 3509/1450/18 3508/1449/18 3512/1452/18
f 3501/1445/21 3507/1448/21 3509/1450/21 3502/1446/21
f 3510/1451/179 3504/1390/179 3506/1392/179 3511/1397/179
f 3505/1447/19 3503/1389/19 3502/1446/19 3506/1392/19
f 3489/1437/1 3501/1445/1 3503/1389/1 3490/1438/1
f 3504/1390/3 3493/1440/3 3492/1439/3 3505/1447/3
f 3495/1441/66 3507/1448/66 3501/1445/66 3489/1437/66
f 3491/1402/17 3494/1401/17 3500/1409/17 3496/1405/17
f 3503/1389/5 3505/1447/5 3492/1439/5 3490/1406/5
f 3510/1451/6 3498/1454/6 3493/1455/6 3504/1390/6
f 3497/1453/12 3499/1444/12 3512/1452/12 3508/1449/12
f 3509/1450/14 3511/1397/14 3506/1392/14 3502/1446/14
f 3513/1375/181 3514/1376/181 3515/1377/181
f 3516/1378/7 3517/1379/7 3518/1380/7
f 3519/1381/183 3520/1382/183 3521/1383/183
f 3522/1384/13 3523/1385/13 3524/1409/13
f 3525/1387/184 3526/1446/184 3527/1389/184
f 3528/1390/185 3529/1391/185 3530/1392/185
f 3531/1393/427 3532/1394/427 3533/1450/427
f 3534/1451/180 3535/1397/180 3536/1398/180
f 3519/1381/4 3513/1375/4 3515/1377/4 3520/1382/4
f 3514/1399/23 3516/1400/23 3518/1401/23 3515/1402/23
f 3517/1403/11 3522/1384/11 3524/1409/11 3518/1401/11
f 3523/1385/8 3521/1404/8 3520/1405/8 3524/1409/8
f 3531/1393/10 3519/1381/10 3521/1383/10 3532/1394/10
f 3522/1384/178 3534/1451/178 3536/1398/178 3523/1385/178
f 3535/1397/18 3533/1450/18 3532/1394/18 3536/1398/18
f 3525/1387/21 3531/1393/21 3533/1450/21 3526/1446/21
f 3534/1451/179 3528/1390/179 3530/1392/179 3535/1397/179
f 3529/1391/19 3527/1389/19 3526/1446/19 3530/1392/19
f 3513/1375/1 3525/1387/1 3527/1389/1 3514/1376/1
f 3528/1390/3 3517/1379/3 3516/1378/3 3529/1391/3
f 3519/1381/66 3531/1393/66 3525/1387/66 3513/1375/66
f 3515/1402/17 3518/1401/17 3524/1409/17 3520/1405/17
f 3527/1389/5 3529/1391/5 3516/1378/5 3514/1406/5
f 3534/1451/6 3522/1407/6 3517/1408/6 3528/1390/6
f 3521/1404/12 3523/1385/12 3536/1398/12 3532/1394/12
f 3533/1450/14 3535/1397/14 3530/1392/14 3526/1446/14
f 3537/1375/2 3538/1376/2 3539/1377/2
f 3540/1378/7 3541/1379/7 3542/1380/7
f 3543/1381/183 3544/1382/183 3545/1383/183
f 3546/1384/13 3547/1385/13 3548/1409/13
f 3549/1387/184 3550/1446/184 3551/1389/184
f 3552/1390/185 3553/1391/185 3554/1392/185
f 3555/1393/20 3556/1394/20 3557/1450/20
f 3558/1451/180 3559/1397/180 3560/1398/180
f 3543/1381/4 3537/1375/4 3539/1377/4 3544/1382/4
f 3538/1399/23 3540/1400/23 3542/1401/23 3539/1402/23
f 3541/1403/11 3546/1384/11 3548/1409/11 3542/1401/11
f 3547/1385/8 3545/1404/8 3544/1405/8 3548/1409/8
f 3555/1393/10 3543/1381/10 3545/1383/10 3556/1394/10
f 3546/1384/178 3558/1451/178 3560/1398/178 3547/1385/178
f 3559/1397/18 3557/1450/18 3556/1394/18 3560/1398/18
f 3549/1387/21 3555/1393/21 3557/1450/21 3550/1446/21
f 3558/1451/179 3552/1390/179 3554/1392/179 3559/1397/179
f 3553/1391/19 3551/1389/19 3550/1446/19 3554/1392/19
f 3537/1375/1 3549/1387/1 3551/1389/1 3538/1376/1
f 3552/1390/3 3541/1379/3 3540/1378/3 3553/1391/3
f 3543/1381/66 3555/1393/66 3549/1387/66 3537/1375/66
f 3539/1402/17 3542/1401/17 3548/1409/17 3544/1405/17
f 3551/1389/5 3553/1391/5 3540/1378/5 3538/1406/5
f 3558/1451/6 3546/1407/6 3541/1408/6 3552/1390/6
f 3545/1404/12 3547/1385/12 3560/1398/12 3556/1394/12
f 3557/1450/14 3559/1397/14 3554/1392/14 3550/1446/14
f 3163/1220/179 3162/836/179 3156/781/179 3158/1211/179
f 3694/786/178 3696/1190/178 3683/822/178 3682/1361/178
f 3561/829/351 3562/828/351 3563/1207/351
f 3146/1214/11 3145/1213/11 3150/1223/11 3152/1224/11
f 3674/828/1 3673/829/1 3685/827/1 3687/1342/1
f 3471/1221/18 3469/1312/18 3468/1191/18 3472/1190/18
f 3564/1188/7 3565/1362/7 3566/1189/7
f 3349/1360/1 3351/802/1 3338/828/1 3337/1172/1
f 3567/1352/183 3568/1170/183 3569/1355/183
f 3691/1363/10 3679/1352/10 3681/1355/10 3692/1191/10
f 3695/1313/179 3694/786/179 3688/1222/179 3690/804/179
f 3570/1361/13 3571/822/13 3572/821/13
f 3580/1191/10 3579/1363/10 3567/1352/10 3569/1355/10
f 1446/1366/6 1457/683/6 1463/638/6 1451/1367/6
f 3573/827/15 3574/1311/15 3575/802/15
f 3563/1187/339 3562/590/339 3564/1188/339 3566/1189/339
f 3569/819/8 3568/820/8 3572/821/8 3571/822/8
f 3576/785/185 3577/787/185 3578/804/185
f 3163/1220/14 3158/1211/14 3154/673/14 3161/672/14
f 3571/822/12 3584/1190/12 3580/1191/12 3569/819/12
f 3579/1363/427 3580/1191/427 3581/1312/427
f 3337/1172/66 3343/1171/66 3355/1354/66 3349/1360/66
f 3582/786/180 3583/1313/180 3584/1190/180
f 249/68/244 250/66/244 264/197/244 260/208/244 259/203/244 258/227/244
f 1986/401/117 1985/175/117 1978/427/117 1976/105/117 1977/104/117 1975/182/117 1979/183/117 1982/103/117 1981/146/117 1980/283/117
f 1822/279/431 1825/278/431 1824/68/431 1823/106/431 1821/108/431
f 1842/287/39 1845/260/39 1846/249/39
f 3699/164/17 3697/1368/17 3698/166/17 3700/906/17
f 3706/535/17 3708/1369/17 3707/1346/17 3705/1370/17
f 3368/506/12 3367/276/12 3363/896/12 3364/167/12
f 3475/164/12 3476/167/12 3480/506/12 3479/276/12
f 1857/347/14 1856/116/14 1858/367/14 1859/401/14
f 1803/68/140 1804/113/140 1818/281/140 1819/852/140 1817/469/140 1813/470/140 1815/320/140 1814/861/140
f 442/191/67 440/163/67 443/441/67
f 1834/861/432 1835/320/432 1839/468/432 1838/495/432 1837/135/432 1831/58/432 1832/57/432 1828/54/432 1827/53/432
f 3373/519/66 3369/1373/66 3371/528/66 3375/520/66
f 921/205/51 920/449/51 924/341/51 925/204/51 927/209/51
f 927/209/79 925/204/79 928/321/79
f 1853/283/67 1851/284/67 1854/362/67
f 3708/1369/12 3712/515/12 3711/520/12 3707/1346/12
f 3710/518/5 3706/1456/5 3705/1436/5 3709/519/5
f 3601/1457/181 3602/1376/181 3603/1377/181
f 3604/1378/7 3605/1379/7 3606/1380/7
f 3607/1458/9 3608/1382/9 3609/1383/9
f 3610/1384/13 3611/1385/13 3612/1459/13
f 3613/1460/184 3614/1446/184 3615/1389/184
f 3616/1461/185 3617/1391/185 3618/1462/185
f 3619/1463/427 3620/1394/427 3621/1395/427
f 3622/1464/180 3623/1465/180 3624/1398/180
f 3607/1458/4 3601/1457/4 3603/1377/4 3608/1382/4
f 3602/1399/23 3604/1400/23 3606/1466/23 3603/1467/23
f 3605/1468/11 3610/1384/11 3612/1459/11 3606/1466/11
f 3611/1385/8 3609/1404/8 3608/1469/8 3612/1459/8
f 3619/1463/10 3607/1458/10 3609/1383/10 3620/1394/10
f 3610/1384/178 3622/1464/178 3624/1398/178 3611/1385/178
f 3623/1465/18 3621/1395/18 3620/1394/18 3624/1398/18
f 3613/1460/21 3619/1463/21 3621/1395/21 3614/1446/21
f 3622/1464/179 3616/1461/179 3618/1462/179 3623/1465/179
f 3617/1391/19 3615/1389/19 3614/1446/19 3618/1462/19
f 3601/1457/1 3613/1460/1 3615/1389/1 3602/1376/1
f 3616/1461/3 3605/1379/3 3604/1378/3 3617/1391/3
f 3607/1458/66 3619/1463/66 3613/1460/66 3601/1457/66
f 3603/1467/17 3606/1466/17 3612/1459/17 3608/1469/17
f 3615/1389/5 3617/1391/5 3604/1378/5 3602/1406/5
f 3622/1464/6 3610/1470/6 3605/1471/6 3616/1461/6
f 3609/1404/12 3611/1385/12 3624/1398/12 3620/1394/12
f 3621/1395/14 3623/1465/14 3618/1462/14 3614/1446/14
f 3625/1457/181 3626/1376/181 3627/1377/181
f 3628/1378/182 3629/1379/182 3630/1380/182
f 3631/1458/9 3632/1382/9 3633/1383/9
f 3634/1384/13 3635/1385/13 3636/1459/13
f 3637/1460/184 3638/1446/184 3639/1389/184
f 3640/1461/185 3641/1391/185 3642/1462/185
f 3643/1463/20 3644/1394/20 3645/1395/20
f 3646/1464/180 3647/1465/180 3648/1398/180
f 3631/1458/4 3625/1457/4 3627/1377/4 3632/1382/4
f 3626/1399/23 3628/1400/23 3630/1466/23 3627/1467/23
f 3629/1468/11 3634/1384/11 3636/1459/11 3630/1466/11
f 3635/1385/8 3633/1404/8 3632/1469/8 3636/1459/8
f 3643/1463/10 3631/1458/10 3633/1383/10 3644/1394/10
f 3634/1384/178 3646/1464/178 3648/1398/178 3635/1385/178
f 3647/1465/18 3645/1395/18 3644/1394/18 3648/1398/18
f 3637/1460/21 3643/1463/21 3645/1395/21 3638/1446/21
f 3646/1464/179 3640/1461/179 3642/1462/179 3647/1465/179
f 3641/1391/19 3639/1389/19 3638/1446/19 3642/1462/19
f 3625/1457/1 3637/1460/1 3639/1389/1 3626/1376/1
f 3640/1461/3 3629/1379/3 3628/1378/3 3641/1391/3
f 3631/1458/66 3643/1463/66 3637/1460/66 3625/1457/66
f 3627/1467/17 3630/1466/17 3636/1459/17 3632/1469/17
f 3639/1389/5 3641/1391/5 3628/1378/5 3626/1406/5
f 3646/1464/6 3634/1470/6 3629/1471/6 3640/1461/6
f 3633/1404/12 3635/1385/12 3648/1398/12 3644/1394/12
f 3645/1395/14 3647/1465/14 3642/1462/14 3638/1446/14
f 3649/1472/2 3650/1411/2 3651/1377/2
f 3652/1378/7 3653/1379/7 3654/1412/7
f 3655/1473/183 3656/1382/183 3657/1413/183
f 3658/1414/13 3659/1415/13 3660/1459/13
f 3661/1387/15 3662/1446/15 3663/1418/15
f 3664/1419/185 3665/1420/185 3666/1462/185
f 3667/1474/20 3668/1475/20 3669/1395/20
f 3670/1423/180 3671/1465/180 3672/1424/180
f 3655/1473/4 3649/1472/4 3651/1377/4 3656/1382/4
f 3650/1399/23 3652/1400/23 3654/1466/23 3651/1467/23
f 3653/1468/11 3658/1414/11 3660/1459/11 3654/1466/11
f 3659/1415/8 3657/1425/8 3656/1469/8 3660/1459/8
f 3667/1474/10 3655/1473/10 3657/1413/10 3668/1475/10
f 3658/1414/178 3670/1423/178 3672/1424/178 3659/1415/178
f 3671/1465/18 3669/1395/18 3668/1475/18 3672/1424/18
f 3661/1387/21 3667/1474/21 3669/1395/21 3662/1446/21
f 3670/1423/179 3664/1419/179 3666/1462/179 3671/1465/179
f 3665/1420/19 3663/1418/19 3662/1446/19 3666/1462/19
f 3649/1472/1 3661/1387/1 3663/1418/1 3650/1411/1
f 3664/1419/3 3653/1379/3 3652/1378/3 3665/1420/3
f 3655/1473/66 3667/1474/66 3661/1387/66 3649/1472/66
f 3651/1467/17 3654/1466/17 3660/1459/17 3656/1469/17
f 3663/1418/5 3665/1420/5 3652/1378/5 3650/1426/5
f 3670/1423/6 3658/1470/6 3653/1428/6 3664/1419/6
f 3657/1425/12 3659/1415/12 3672/1424/12 3668/1475/12
f 3669/1395/14 3671/1465/14 3666/1462/14 3662/1446/14
f 3465/787/5 3452/788/5 3450/1364/5 3463/802/5
f 3673/829/181 3674/828/181 3675/1207/181
f 3339/1359/23 3338/590/23 3340/1188/23 3342/1356/23
f 3676/1188/7 3677/1362/7 3678/1189/7
f 3577/787/5 3564/788/5 3562/1364/5 3575/802/5
f 3678/1189/17 3684/821/17 3680/820/17 3675/1187/17
f 3149/1217/8 3148/1365/8 3152/1224/8 3151/1215/8
f 3679/1352/9 3680/1170/9 3681/1355/9
f 3467/1354/66 3461/1360/66 3449/1172/66 3455/1171/66
f 3337/1172/4 3339/1173/4 3344/1170/4 3343/1171/4
f 3682/1361/13 3683/822/13 3684/821/13
f 3802/1192/19 3801/1319/19 3799/1322/19 3798/1476/19
f 3682/1361/11 3684/821/11 3678/1189/11 3677/1362/11
f 3685/827/15 3686/1343/15 3687/1342/15
f 3688/1222/16 3689/787/16 3690/804/16
f 1454/712/66 1442/651/66 1448/650/66 1460/778/66
f 3691/1363/190 3692/1191/190 3693/1312/190
f 3805/1477/18 3804/1219/18 3808/1048/18 3807/1193/18
f 3694/786/180 3695/1313/180 3696/1190/180
f 3365/277/5 3366/505/5 3362/1371/5 3361/1372/5
f 3589/277/14 3591/517/14 3592/506/14 3590/505/14
f 943/457/5 931/88/5 930/200/5 942/421/5
f 920/449/61 910/241/61 913/242/61 915/373/61 912/244/61 922/374/61 923/523/61 924/341/61
f 43/62/433 45/199/433 50/66/433 47/104/433 46/147/433 44/61/433
f 694/457/237 693/421/237 698/247/237 699/282/237 696/464/237 701/463/237 703/230/237 702/454/237
f 1907/401/14 1905/347/14 1904/174/14 1906/175/14
f 207/124/104 209/129/104 220/122/104 222/268/104 219/84/104 211/267/104 212/150/104 213/123/104
f 3598/514/5 3594/1435/5 3593/1436/5 3597/907/5
f 2929/1024/434 2930/1263/434 2924/1478/434 2925/1011/434 2919/1003/434 2918/1284/434 2923/1283/434 2922/1282/434 2928/1025/434
f 3713/1479/181 3714/1438/181 3715/1377/181
f 3716/1439/7 3717/1440/7 3718/1412/7
f 3719/1480/183 3720/1382/183 3721/1442/183
f 3722/1443/13 3723/1444/13 3724/1459/13
f 3725/1481/184 3726/1388/184 3727/1389/184
f 3728/1390/185 3729/1447/185 3730/1462/185
f 3731/1463/190 3732/1449/190 3733/1395/190
f 3734/1451/180 3735/1465/180 3736/1452/180
f 3719/1480/4 3713/1479/4 3715/1377/4 3720/1382/4
f 3714/1399/23 3716/1400/23 3718/1466/23 3715/1467/23
f 3717/1468/11 3722/1443/11 3724/1459/11 3718/1466/11
f 3723/1444/8 3721/1453/8 3720/1469/8 3724/1459/8
f 3731/1463/10 3719/1480/10 3721/1442/10 3732/1449/10
f 3722/1443/178 3734/1451/178 3736/1452/178 3723/1444/178
f 3735/1465/18 3733/1395/18 3732/1449/18 3736/1452/18
f 3725/1481/21 3731/1463/21 3733/1395/21 3726/1388/21
f 3734/1451/179 3728/1390/179 3730/1462/179 3735/1465/179
f 3729/1447/19 3727/1389/19 3726/1388/19 3730/1462/19
f 3713/1479/1 3725/1481/1 3727/1389/1 3714/1438/1
f 3728/1390/3 3717/1440/3 3716/1439/3 3729/1447/3
f 3719/1480/66 3731/1463/66 3725/1481/66 3713/1479/66
f 3715/1467/17 3718/1466/17 3724/1459/17 3720/1469/17
f 3727/1389/5 3729/1447/5 3716/1439/5 3714/1406/5
f 3734/1451/6 3722/1482/6 3717/1428/6 3728/1390/6
f 3721/1453/12 3723/1444/12 3736/1452/12 3732/1449/12
f 3733/1395/14 3735/1465/14 3730/1462/14 3726/1388/14
f 3737/1457/181 3738/1376/181 3739/1377/181
f 3740/1378/7 3741/1379/7 3742/1380/7
f 3743/1458/183 3744/1382/183 3745/1383/183
f 3746/1384/13 3747/1385/13 3748/1459/13
f 3749/1460/15 3750/1388/15 3751/1389/15
f 3752/1461/16 3753/1391/16 3754/1462/16
f 3755/1463/20 3756/1394/20 3757/1395/20
f 3758/1464/180 3759/1465/180 3760/1398/180
f 3743/1458/4 3737/1457/4 3739/1377/4 3744/1382/4
f 3738/1399/23 3740/1400/23 3742/1466/23 3739/1467/23
f 3741/1468/11 3746/1384/11 3748/1459/11 3742/1466/11
f 3747/1385/8 3745/1404/8 3744/1469/8 3748/1459/8
f 3755/1463/10 3743/1458/10 3745/1383/10 3756/1394/10
f 3746/1384/178 3758/1464/178 3760/1398/178 3747/1385/178
f 3759/1465/18 3757/1395/18 3756/1394/18 3760/1398/18
f 3749/1460/21 3755/1463/21 3757/1395/21 3750/1388/21
f 3758/1464/179 3752/1461/179 3754/1462/179 3759/1465/179
f 3753/1391/19 3751/1389/19 3750/1388/19 3754/1462/19
f 3737/1457/1 3749/1460/1 3751/1389/1 3738/1376/1
f 3752/1461/3 3741/1379/3 3740/1378/3 3753/1391/3
f 3743/1458/66 3755/1463/66 3749/1460/66 3737/1457/66
f 3739/1467/17 3742/1466/17 3748/1459/17 3744/1469/17
f 3751/1389/5 3753/1391/5 3740/1378/5 3738/1406/5
f 3758/1464/6 3746/1470/6 3741/1471/6 3752/1461/6
f 3745/1404/12 3747/1385/12 3760/1398/12 3756/1394/12
f 3757/1395/14 3759/1465/14 3754/1462/14 3750/1388/14
f 3761/1457/181 3762/1376/181 3763/1377/181
f 3764/1378/7 3765/1379/7 3766/1380/7
f 3767/1458/183 3768/1382/183 3769/1383/183
f 3770/1384/13 3771/1385/13 3772/1459/13
f 3773/1460/184 3774/1388/184 3775/1389/184
f 3776/1461/185 3777/1391/185 3778/1462/185
f 3779/1463/190 3780/1394/190 3781/1395/190
f 3782/1464/180 3783/1465/180 3784/1398/180
f 3767/1458/4 3761/1457/4 3763/1377/4 3768/1382/4
f 3762/1399/23 3764/1400/23 3766/1466/23 3763/1467/23
f 3765/1468/11 3770/1384/11 3772/1459/11 3766/1466/11
f 3771/1385/8 3769/1404/8 3768/1469/8 3772/1459/8
f 3779/1463/10 3767/1458/10 3769/1383/10 3780/1394/10
f 3770/1384/178 3782/1464/178 3784/1398/178 3771/1385/178
f 3783/1465/18 3781/1395/18 3780/1394/18 3784/1398/18
f 3773/1460/21 3779/1463/21 3781/1395/21 3774/1388/21
f 3782/1464/179 3776/1461/179 3778/1462/179 3783/1465/179
f 3777/1391/19 3775/1389/19 3774/1388/19 3778/1462/19
f 3761/1457/1 3773/1460/1 3775/1389/1 3762/1376/1
f 3776/1461/3 3765/1379/3 3764/1378/3 3777/1391/3
f 3767/1458/66 3779/1463/66 3773/1460/66 3761/1457/66
f 3763/1467/17 3766/1466/17 3772/1459/17 3768/1469/17
f 3775/1389/5 3777/1391/5 3764/1378/5 3762/1406/5
f 3782/1464/6 3770/1470/6 3765/1471/6 3776/1461/6
f 3769/1404/12 3771/1385/12 3784/1398/12 3780/1394/12
f 3781/1395/14 3783/1465/14 3778/1462/14 3774/1388/14
f 3797/675/1 3799/1322/1 3786/1483/1 3785/676/1
f 3575/802/19 3574/1311/19 3578/804/19 3577/787/19
f 3785/676/2 3786/1483/2 3787/1484/2
f 3791/677/4 3785/676/4 3787/1484/4 3792/1485/4
f 3788/1486/186 3789/1487/186 3790/1488/186
f 3791/677/9 3792/1485/9 3793/1324/9
f 3801/1319/3 3800/732/3 3789/664/3 3788/1320/3
f 3787/1489/23 3786/590/23 3788/1486/23 3790/1488/23
f 3794/1050/13 3795/1049/13 3796/1429/13
f 3789/1487/11 3794/1050/11 3796/1429/11 3790/1488/11
f 3807/1193/14 3802/1192/14 3798/1476/14 3805/1477/14
f 3797/675/184 3798/1476/184 3799/1322/184
f 3790/1488/17 3796/1429/17 3792/1430/17 3787/1489/17
f 3797/675/21 3803/678/21 3805/1477/21 3798/1476/21
f 3800/732/188 3801/1319/188 3802/1192/188
f 3803/678/20 3804/1219/20 3805/1477/20
f 3806/733/205 3807/1193/205 3808/1048/205
f 2391/303/435 2390/302/435 2389/853/435 2385/472/435 2386/418/435 2388/532/435 2392/932/435
f 2259/196/141 2257/195/141 2252/472/141 2253/198/141 2250/473/141 2254/474/141 2256/359/141 2255/279/141
f 3893/1291/436 3898/1290/436 3899/941/436 3895/1249/436 3894/1019/436 3889/1490/436 3888/1491/436
f 36/69/430 41/70/430 42/197/430 29/130/430 30/349/430 26/224/430 35/228/430
f 1944/402/14 1943/116/14 1945/367/14 1946/401/14
f 992/150/66 993/94/66 994/93/66 980/918/66 981/422/66 982/280/66 986/370/66 987/129/66 988/373/66 998/246/66 999/389/66 1000/187/66
f 2778/118/92 2788/383/92 2786/387/92 2785/246/92 2784/455/92 2774/456/92 2777/301/92 2776/119/92
f 115/124/73 117/129/73 125/227/73 119/150/73 120/116/73
f 3815/95/12 3811/100/12 3812/99/12 3816/96/12
f 1396/690/8 1394/697/8 1393/1053/8 1397/564/8
f 4110/1492/437 4111/1493/437 4103/1017/437 4102/995/437 4101/959/437 4109/958/437
f 3919/1494/438 3921/1495/438 3922/1081/438 3923/1167/438 3917/1496/438 3916/1497/438
f 3977/1163/12 3976/1498/12 3929/1499/12 3930/1164/12
f 4069/773/66 4074/1500/66 4082/1246/66 4038/1257/66 4046/1247/66 4058/766/66
f 3821/936/439 3837/1007/439 3838/1291/439 3833/1491/439 3834/1490/439 3829/1501/439 3826/1502/439 3825/1503/439 3822/937/439
f 3867/1500/66 3820/1504/66 3832/1280/66 3849/766/66 3857/1505/66
f 3862/1506/440 3869/1081/440 3870/1080/440 3866/1507/440 3863/1508/440
f 3995/1017/441 4000/1493/441 4001/770/441 4002/771/441 3996/767/441
f 3876/936/439 3892/1007/439 3893/1291/439 3888/1491/439 3889/1490/439 3884/1501/439 3879/1502/439 3878/1503/439 3877/937/439
f 4012/1497/442 4017/1494/442 4018/1509/442 4013/1510/442 4014/1511/442 4010/1512/442 4009/1513/442
f 3874/1514/443 3881/1253/443 3882/1258/443 3883/1257/443 3875/1504/443
f 3982/1165/66 3987/1280/66 3997/766/66 4008/1515/66 4016/1516/66 4023/1166/66
f 4011/1517/444 4012/1518/444 4009/1513/444 4005/993/444 4004/957/444 4003/956/444
f 3847/1017/445 3846/995/445 3851/994/445 3852/942/445
f 2949/1012/446 2948/1001/446 2890/969/446 2895/965/446 2896/966/446 2893/967/446 2954/973/446 2953/1070/446
f 3873/1519/447 3880/1235/447 3881/1253/447 3874/1514/447
f 3934/1065/448 3935/1501/448 3932/1502/448 3929/1499/448 3928/936/448
f 3949/1279/449 3950/767/449 3951/766/449 3939/1280/449 3938/1255/449 3945/1250/449
f 4055/955/450 4056/995/450 4053/1289/450 4049/1019/450 4048/1291/450 4047/1007/450
f 4095/1281/451 4094/1520/451 4093/1490/451 4098/1019/451 4099/1018/451
f 4018/1509/452 4021/1081/452 4022/1080/452 4015/1508/452 4014/1496/452 4013/1506/452
f 3928/936/6 3972/1064/6 3963/991/6 3957/1008/6 3946/1521/6 3934/1065/6
f 3941/1520/453 3944/1249/453 3945/1250/453 3938/1255/453 3937/1254/453 3936/1522/453
f 4093/1490/454 4094/1520/454 4089/1235/454 4088/1503/454 4092/1491/454
f 3889/1490/455 3894/1019/455 3895/1249/455 3890/1520/455 3885/1522/455 3884/1501/455
f 4113/991/456 4126/1041/456 4127/1523/456 4121/939/456 4122/1495/456 4119/1518/456 4114/1513/456
f 4083/1519/457 4089/1235/457 4090/1258/457 4086/1259/457 4131/1524/457
f 4051/1018/458 4050/1249/458 4049/1019/458 4053/1289/458 4054/944/458
f 3947/1290/459 3948/941/459 3944/1249/459 3941/1520/459 3940/1490/459 3943/1019/459 3942/1291/459
f 3880/1235/460 3879/1502/460 3884/1501/460 3885/1522/460
f 4019/939/461 4020/1495/461 4017/1494/461 4012/1497/461 4011/1525/461 4024/1041/461 4025/1523/461
f 3895/1249/462 3899/941/462 3900/944/462 3896/1018/462 3891/1281/462 3890/1520/462
f 4127/1523/463 4126/1041/463 4084/936/463 4085/937/463 4130/938/463
f 3863/1508/464 3866/1507/464 3867/1500/464 3857/1505/464 3856/771/464 3860/1526/464
f 3826/1502/18 3829/1501/18 3830/1254/18 3827/1253/18 3824/1164/18 3823/1499/18
f 3892/1007/465 3901/955/465 3902/959/465 3898/1290/465 3893/1291/465
f 3933/1235/466 3936/1522/466 3937/1254/466 3930/1164/466 3929/1499/466 3932/1502/466
f 3980/1527/467 3985/1522/467 3986/1255/467 3981/1259/467
f 4035/1502/208 4036/1253/208 4033/1164/208 4030/1514/208 4029/1528/208 4032/1499/208
f 4003/956/6 3992/955/6 3988/1007/6 3983/1065/6 3978/936/6 4024/1041/6 4011/1517/6
f 3960/1493/468 3966/1529/468 3967/1512/468 3968/772/468 3962/771/468 3961/770/468
f 4081/1163/469 4082/1246/469 4074/1500/469 4073/1507/469 4080/1080/469 4079/1167/469
f 3946/1521/470 3957/1008/470 3958/958/470 3952/1288/470 3947/1290/470
f 3901/955/6 3892/1007/6 3876/936/6 3925/1041/6 3918/935/6 3911/956/6
f 3929/1499/471 3976/1498/471 3973/1495/471 3972/1064/471 3928/936/471
f 3911/956/472 3912/993/472 3906/994/472 3905/1288/472 3902/959/472 3901/955/472
f 3996/767/473 4002/771/473 4007/1526/473 4008/1515/473 3997/766/473
f 3971/1496/474 3974/1167/474 3975/1166/474 3969/773/474 3968/772/474 3967/1512/474
f 4026/1498/475 4025/1523/475 4024/1041/475 3978/936/475 3979/1499/475
f 3954/942/476 3953/994/476 3959/1492/476 3960/1493/476 3961/770/476 3955/769/476
f 3970/1518/477 3965/1513/477 3964/992/477 3963/991/477 3972/1064/477 3973/1495/477
f 4042/1522/478 4050/1249/478 4051/1018/478 4052/1250/478 4045/1256/478 4044/1255/478 4043/1254/478
f 3859/1530/479 3862/1510/479 3863/1531/479 3860/1526/479
f 4059/994/480 4062/993/480 4063/1530/480 4064/1251/480 4060/769/480
f 4084/936/481 4091/1042/481 4092/1491/481 4088/1503/481 4085/937/481
f 4029/1528/482 4030/1514/482 4081/1163/482 4079/1167/482 4078/1081/482 4077/1495/482
f 4076/939/483 4075/1064/483 4031/936/483 4032/1499/483 4029/1528/483 4077/1495/483
f 3908/769/484 3913/1251/484 3914/1512/484 3915/773/484 3910/1248/484 3909/768/484
f 3991/1250/485 3996/767/485 3997/766/485 3987/1280/485 3986/1255/485
f 3988/1007/486 3989/1019/486 3984/1501/486 3983/1065/486
f 3842/1289/487 3846/995/487 3847/1017/487 3843/941/487 3844/944/487 3840/1018/487 3839/1019/487
f 3926/1523/463 3925/1041/463 3876/936/463 3877/937/463 3927/938/463
f 3957/1008/488 3963/991/488 3964/992/488 3958/958/488
f 3948/941/489 3954/942/489 3955/769/489 3956/768/489 3950/767/489 3949/1279/489
f 3924/1166/66 3875/1504/66 3883/1257/66 3897/1532/66 3910/1248/66 3915/773/66
f 3819/1514/490 3818/1519/490 3817/1528/490 3823/1499/490 3824/1164/490
f 4026/1498/491 4027/1082/491 4021/1081/491 4018/1509/491 4017/1494/491 4020/1495/491 4019/939/491 4025/1523/491
f 4054/944/492 4057/943/492 4058/766/492 4046/1247/492 4045/1256/492 4052/1250/492 4051/1018/492
f 3953/994/493 3954/942/493 3948/941/493 3947/1290/493 3952/1288/493
f 4125/1080/494 4128/1083/494 4129/1246/494 4118/773/494 4117/772/494 4116/1512/494 4120/1496/494 4124/1167/494
f 3817/1528/495 3818/1519/495 3869/1081/495 3868/939/495 3871/938/495
f 4089/1235/496 4094/1520/496 4095/1281/496 4096/1256/496 4090/1258/496
f 3966/1529/497 3965/1513/497 3970/1518/497 3971/1511/497 3967/1512/497
f 3953/994/498 3952/1288/498 3958/958/498 3959/1492/498
f 3900/944/499 3903/943/499 3904/767/499 3909/768/499 3910/1248/499 3897/1532/499 3896/1018/499
f 3861/1533/500 3862/1510/500 3859/1530/500 3858/957/500
f 4123/1081/501 4124/1167/501 4120/1496/501 4119/1497/501 4122/1495/501
f 4059/994/40 4060/769/40 4057/943/40 4054/944/40 4053/1289/40 4056/995/40
f 3923/1167/502 3874/1514/502 3875/1504/502 3924/1166/502
f 3942/1291/503 3943/1019/503 3940/1490/503 3935/1501/503 3934/1065/503 3946/1521/503 3947/1290/503
f 4036/1253/504 4035/1502/504 4041/1501/504 4042/1522/504 4043/1254/504
f 4077/1495/505 4078/1081/505 4071/1506/505 4070/1534/505 4076/939/505
f 3981/1259/506 3986/1255/506 3987/1280/506 3982/1165/506
f 3824/1164/507 3827/1253/507 3828/1258/507 3831/1255/507 3832/1280/507 3820/1504/507 3872/1524/507 3819/1514/507
f 3918/935/508 3919/1494/508 3916/1518/508 3912/993/508 3911/956/508
f 4116/1512/497 4115/1529/497 4114/1513/497 4119/1518/497 4120/1511/497
f 4039/1065/509 4047/1007/509 4048/1291/509 4040/1535/509
f 4072/1508/510 4073/1507/510 4074/1500/510 4069/773/510 4068/772/510
f 2848/977/511 2855/976/511 2856/1006/511 2844/40/511 2843/39/511
f 4015/1508/512 4022/1080/512 4023/1166/512 4016/1516/512
f 3204/1245/14 3201/1261/14 3199/1031/14 3203/1035/14
f 3916/1518/513 3917/1511/513 3914/1512/513 3913/1251/513 3912/993/513
f 3983/1065/514 3984/1501/514 3979/1499/514 3978/936/514
f 4040/1535/515 4041/1501/515 4035/1502/515 4032/1499/515 4031/936/515 4039/1065/515
f 3965/1513/516 3966/1529/516 3960/1493/516 3959/1492/516 3958/958/516 3964/992/516
f 4065/1526/517 4068/772/517 4069/773/517 4058/766/517 4057/943/517 4060/769/517 4064/1251/517
f 2935/1023/518 2936/1040/518 2926/979/518 2925/1011/518 2924/1478/518 2930/1263/518 2934/1262/518
f 4113/991/519 4114/1513/519 4110/1492/519 4109/958/519 4108/1008/519
f 3879/1502/520 3880/1235/520 3873/1519/520 3927/938/520 3877/937/520 3878/1503/520
f 4002/771/521 4001/770/521 4006/1251/521 4007/1526/521
f 4027/1082/522 4026/1498/522 3979/1499/522 3980/1527/522
f 4112/771/523 4117/772/523 4118/773/523 4107/1248/523 4106/768/523
f 3999/1492/524 3998/958/524 4004/957/524 4005/993/524
f 3939/1280/66 3951/766/66 3969/773/66 3975/1166/66 3931/1165/66
f 3873/1519/525 3922/1081/525 3921/1495/525 3920/939/525 3926/1523/525 3927/938/525
f 3930/1164/526 3937/1254/526 3938/1255/526 3939/1280/526 3931/1165/526
f 3984/1501/527 3989/1019/527 3990/1249/527 3985/1522/527
f 4081/1163/528 4030/1514/528 4033/1164/528 4034/1259/528 4037/1258/528 4038/1257/528 4082/1246/528
f 3870/1080/529 3872/1524/529 3820/1504/529 3867/1500/529 3866/1507/529
f 3945/1250/530 3944/1249/530 3948/941/530 3949/1279/530
f 3847/1017/531 3852/942/531 3853/768/531 3848/767/531 3845/1279/531 3844/944/531 3843/941/531
f 4123/1081/532 4083/1519/532 4131/1524/532 4128/1083/532 4125/1080/532 4124/1167/532
f 4027/1082/533 3980/1527/533 3981/1259/533 4028/1083/533
f 4100/955/534 4108/1008/534 4109/958/534 4101/959/534
f 3973/1495/134 3974/1167/134 3971/1496/134 3970/1497/134
f 3838/1291/535 3841/1290/535 3842/1289/535 3839/1019/535 3834/1490/535 3833/1491/535
f 4071/1506/536 4078/1081/536 4079/1167/536 4080/1080/536 4073/1507/536 4072/1508/536
f 3979/1499/537 3984/1501/537 3985/1522/537 3980/1527/537
f 3834/1490/14 3839/1019/14 3840/1018/14 3835/1281/14 3830/1254/14 3829/1501/14
f 3858/957/538 3859/1530/538 3852/942/538 3851/994/538 3850/1288/538 3855/958/538
f 4066/991/539 4075/1064/539 4076/939/539 4070/1533/539 4067/992/539
f 4049/1019/540 4050/1249/540 4042/1522/540 4041/1501/540 4040/1535/540 4048/1291/540
f 3868/939/541 3869/1081/541 3862/1506/541 3861/1534/541 3865/940/541
f 3885/1522/542 3890/1520/542 3891/1281/542 3886/1254/542 3887/1255/542 3882/1258/542 3881/1253/542 3880/1235/542
f 3989/1019/543 3994/995/543 3995/1017/543 3990/1249/543
f 4103/1017/544 4111/1493/544 4112/771/544 4106/768/544 4105/767/544 4104/943/544
f 3906/994/545 3907/942/545 3899/941/545 3898/1290/545 3902/959/545 3905/1288/545
f 3853/768/546 3856/771/546 3857/1505/546 3849/766/546 3848/767/546
f 4083/1519/525 4123/1081/525 4122/1495/525 4121/939/525 4127/1523/525 4130/938/525
f 4010/1512/547 4014/1511/547 4015/1531/547 4016/1536/547 4008/1515/547 4007/1526/547 4006/1251/547
f 3822/937/548 3825/1503/548 3826/1502/548 3823/1499/548 3817/1528/548 3871/938/548
f 4110/1492/549 4114/1513/549 4115/1529/549 4111/1493/549
f 4098/1019/550 4093/1490/550 4092/1491/550 4091/1042/550 4100/955/550 4101/959/550 4102/995/550
f 3918/935/551 3925/1041/551 3926/1523/551 3920/939/551 3921/1495/551 3919/1494/551
f 4090/1258/552 4096/1256/552 4097/1247/552 4087/1165/552 4086/1259/552
f 3178/1537/5 3176/1538/5 3174/1539/5 3172/1540/5 3170/1541/5 3168/1542/5 3166/1543/5 3184/1544/5 3182/1545/5 3180/1546/5
f 4070/1533/553 4071/1510/553 4063/1530/553 4062/993/553 4061/957/553 4067/992/553
f 4005/993/554 4009/1513/554 4010/1512/554 4006/1251/554 4001/770/554 4000/1493/554 3999/1492/554
f 3891/1281/555 3896/1018/555 3897/1532/555 3883/1257/555 3882/1258/555 3887/1255/555 3886/1254/555
f 3935/1501/556 3940/1490/556 3941/1520/556 3936/1522/556 3933/1235/556 3932/1502/556
f 4129/1246/557 4128/1083/557 4131/1524/557 4086/1259/557 4087/1165/557
f 3974/1167/558 3973/1495/558 3976/1498/558 3977/1163/558
f 3852/942/559 3859/1530/559 3860/1526/559 3856/771/559 3853/768/559
f 3985/1522/560 3990/1249/560 3991/1250/560 3986/1255/560
f 3917/1496/561 3923/1167/561 3924/1166/561 3915/773/561 3914/1512/561
f 3869/1081/562 3818/1519/562 3819/1514/562 3872/1524/562 3870/1080/562
f 3922/1081/563 3873/1519/563 3874/1514/563 3923/1167/563
f 4028/1083/564 3981/1259/564 3982/1165/564 4023/1166/564 4022/1080/564
f 3830/1254/565 3835/1281/565 3836/1256/565 3831/1255/565 3828/1258/565 3827/1253/565
f 4088/1503/566 4089/1235/566 4083/1519/566 4130/938/566 4085/937/566
f 3854/1008/567 3864/935/567 3865/940/567 3861/1533/567 3858/957/567 3855/958/567
f 4063/1530/568 4071/1510/568 4072/1531/568 4068/772/568 4065/1526/568 4064/1251/568
f 4105/767/569 4106/768/569 4107/1248/569 4097/1247/569 4096/1256/569 4095/1281/569 4099/1018/569 4104/943/569
f 3999/1492/437 4000/1493/437 3995/1017/437 3994/995/437 3993/959/437 3998/958/437
f 4111/1493/570 4115/1529/570 4116/1512/570 4117/772/570 4112/771/570
f 4140/1547/17 4141/890/17 4143/930/17 4142/1548/17
f 4162/1549/12 4158/1550/12 4159/1434/12 4163/293/12
f 4163/293/14 4161/292/14 4160/925/14 4162/1549/14
f 2901/42/571 2902/41/571 2952/982/571 2951/962/571 2892/963/571
f 4133/1551/17 4135/1434/17 4134/1433/17 4132/1552/17
f 4146/923/66 4144/922/66 4140/1553/66 4142/1301/66
f 53/228/57 52/54/57 54/210/57
f 1718/68/140 1719/285/140 1734/401/140 1735/852/140 1732/469/140 1728/470/140 1730/320/140 1729/875/140
f 4141/1554/5 4140/913/5 4144/922/5 4145/411/5
f 499/178/17 496/104/17 495/147/17 494/60/17 488/179/17 486/180/17 487/109/17 491/199/17 492/176/17 500/177/17
f 4164/1547/17 4165/890/17 4167/930/17 4166/929/17
f 616/228/572 617/201/572 620/330/572 610/130/572 612/349/572 608/272/572 602/221/572 604/72/572 603/73/572
f 1685/346/14 1692/386/14 1690/507/14 1691/282/14 1694/401/14 1693/154/14 1689/115/14 1686/161/14
f 1007/168/41 1013/549/41 1011/315/41 1010/60/41 1008/171/41 1003/547/41 1006/179/41 1005/180/41
f 1253/169/92 1265/319/92 1263/380/92 1262/523/92 1260/350/92 1249/351/92 1252/342/92 1251/315/92
f 4179/920/14 4177/915/14 4176/914/14 4178/919/14
f 3297/1333/573 3293/1334/573 3294/879/573 3299/1298/573 3300/1331/573
f 1193/288/36 1187/297/36 1185/94/36 1184/150/36 1182/151/36 1189/388/36 1192/187/36 1191/389/36
f 4150/1033/66 4154/919/66 4152/914/66 4148/1555/66
f 386/130/130 380/73/130 389/201/130 390/156/130 393/197/130
f 4151/891/12 4155/920/12 4154/919/12 4150/892/12
f 4157/1551/17 4159/1434/17 4158/1550/17 4156/1552/17
f 4132/1325/5 4136/925/5 4137/292/5 4133/1556/5
f 3486/898/5 3482/1456/5 3481/1436/5 3485/519/5
f 4139/416/14 4137/292/14 4136/925/14 4138/928/14
f 816/240/61 806/414/61 809/242/61 811/488/61 808/487/61 818/374/61 819/246/61 820/247/61
f 544/231/574 543/114/574 536/329/574 539/326/574 538/382/574
f 1067/149/6 1073/288/6 1061/317/6 1055/73/6
f 4173/912/5 4172/913/5 4176/914/5 4177/915/5
f 1163/149/30 1151/88/30 1149/89/30 1148/90/30 1146/423/30 1159/92/30 1162/93/30 1161/94/30
f 4142/1548/12 4143/930/12 4147/410/12 4146/923/12
f 4160/925/66 4156/1557/66 4158/927/66 4162/1549/66
f 2084/287/39 2085/260/39 2086/249/39
f 3236/557/14 3234/556/14 3233/1276/14 3235/889/14
f 2090/283/67 2089/284/67 2091/113/67
f 4174/1033/66 4178/919/66 4176/914/66 4172/1558/66
f 3221/1275/5 3225/1160/5 3226/556/5 3222/1277/5
f 4175/891/17 4174/892/17 4172/893/17 4173/890/17
f 1109/549/92 1121/288/92 1119/389/92 1118/246/92 1116/531/92 1105/351/92 1108/301/92 1107/170/92
f 250/130/95 248/73/95 255/228/95 256/210/95 257/156/95 254/270/95 261/310/95 262/311/95 263/136/95 264/197/95
f 2123/542/160 2134/874/160 2124/202/160
f 2258/458/246 2268/254/246 2269/193/246
f 2115/213/214 2113/123/214 2098/868/214 2106/394/214 2107/306/214
f 2484/437/36 2478/384/36 2476/339/36 2475/150/36 2473/933/36 2480/934/36 2483/268/36 2482/438/36
f 1133/317/6 1127/73/6 1139/149/6 1145/148/6
f 583/124/73 589/306/73 598/227/73 595/150/73 596/123/73
f 3235/889/66 3233/1276/66 3229/1559/66 3231/1162/66
f 1973/64/17 1981/146/17 1982/103/17 1977/104/17 1976/105/17 1970/61/17 1968/62/17 1969/109/17 1974/110/17 1972/111/17
f 413/70/44 412/367/44 404/68/44 405/67/44 407/191/44
f 2094/347/270 2096/465/270 2090/71/270 2091/322/270 2092/874/270 2085/542/270
f 1169/288/36 1163/149/36 1161/94/36 1160/86/36 1158/151/36 1165/152/36 1168/85/36 1167/153/36
f 16/6/179 18/21/179 23/24/179 22/12/179
