# Blender 5.2.2 LTS
# www.blender.org
o GoldenGoose
v -1.632064 3.531109 -0.213170
v -1.651511 3.581047 -0.167174
v -1.678060 3.581047 -0.232616
v -1.651511 6.895298 -0.167174
v -1.632064 6.945235 -0.213170
v -1.678060 6.895298 -0.232616
v -0.341435 3.531109 -3.265796
v -0.387430 3.581047 -3.285242
v -0.321988 3.581047 -3.311792
v -0.341435 6.945235 -3.265796
v -0.321988 6.895298 -3.311792
v -0.387430 6.895298 -3.285242
v 1.420562 3.531109 1.077460
v 1.466557 3.581047 1.096907
v 1.401115 3.581047 1.123456
v 1.420562 6.945235 1.077460
v 1.401115 6.895298 1.123456
v 1.466557 6.895298 1.096907
v 2.711192 3.531109 -1.975166
v 2.730638 3.581047 -2.021162
v 2.757187 3.581047 -1.955720
v 2.711192 6.945235 -1.975166
v 2.757187 6.895298 -1.955720
v 2.730638 6.895298 -2.021162
v 1.548447 3.715512 0.985540
v 1.548447 3.999009 0.985540
v 1.658845 3.715512 0.724422
v 1.658845 3.999009 0.724422
v 1.629136 3.701113 0.998300
v 1.615869 3.735182 1.029679
v 1.651325 3.711092 1.007681
v 1.639593 3.715512 1.024076
v 1.641944 3.735182 1.029869
v 1.629136 4.013408 0.998300
v 1.615869 3.979339 1.029679
v 1.639593 3.999009 1.024076
v 1.641944 3.979339 1.029869
v 1.651325 4.003429 1.007681
v 1.724216 3.701113 0.773415
v 1.737483 3.735182 0.742036
v 1.749992 3.715512 0.762958
v 1.755786 3.735182 0.760608
v 1.746404 3.711092 0.782797
v 1.724216 4.013408 0.773415
v 1.737483 3.979339 0.742036
v 1.746404 4.003429 0.782797
v 1.749992 3.999009 0.762958
v 1.755786 3.979339 0.760608
v 1.548447 4.636119 0.985540
v 1.548447 4.919616 0.985540
v 1.658845 4.636119 0.724422
v 1.658845 4.919616 0.724422
v 1.629136 4.621721 0.998300
v 1.615869 4.655789 1.029679
v 1.651325 4.631699 1.007681
v 1.639593 4.636119 1.024076
v 1.641944 4.655789 1.029869
v 1.629136 4.934015 0.998300
v 1.615869 4.899947 1.029679
v 1.639593 4.919616 1.024076
v 1.641944 4.899946 1.029869
v 1.651325 4.924036 1.007681
v 1.724216 4.621721 0.773415
v 1.737483 4.655789 0.742036
v 1.749992 4.636119 0.762958
v 1.755786 4.655789 0.760608
v 1.746404 4.631699 0.782797
v 1.724216 4.934015 0.773415
v 1.737483 4.899947 0.742036
v 1.746404 4.924036 0.782797
v 1.749992 4.919616 0.762958
v 1.755786 4.899946 0.760608
v 1.564842 5.552307 0.997271
v 1.548447 5.556728 0.985540
v 1.548447 5.840224 0.985540
v 1.542653 5.820555 0.987890
v 1.658845 5.556728 0.724422
v 1.658845 5.840224 0.724422
v 1.629136 5.542329 0.998300
v 1.651325 5.552307 1.007681
v 1.639593 5.556728 1.024076
v 1.629136 5.854623 0.998300
v 1.639593 5.840224 1.024076
v 1.651325 5.844645 1.007681
v 1.724216 5.542329 0.773415
v 1.749992 5.556728 0.762958
v 1.755786 5.576397 0.760608
v 1.746404 5.552307 0.782797
v 1.724216 5.854623 0.773415
v 1.746404 5.844645 0.782797
v 1.749992 5.840224 0.762958
v 1.733597 5.844645 0.751227
v 1.548447 6.477334 0.985540
v 1.548447 6.760832 0.985540
v 1.658845 6.477334 0.724422
v 1.658845 6.760832 0.724422
v 1.629136 6.462936 0.998300
v 1.651325 6.472914 1.007681
v 1.639593 6.477334 1.024076
v 1.641944 6.497004 1.029869
v 1.629136 6.775231 0.998300
v 1.619755 6.765254 1.020488
v 1.639593 6.760832 1.024076
v 1.651325 6.765254 1.007681
v 1.724216 6.462936 0.773415
v 1.749992 6.477334 0.762958
v 1.755786 6.497004 0.760608
v 1.746404 6.472914 0.782797
v 1.724216 6.775231 0.773415
v 1.746404 6.765254 0.782797
v 1.749992 6.760832 0.762958
v 1.733597 6.765254 0.751227
v 1.906948 3.715512 0.137604
v 1.906948 3.999009 0.137604
v 2.017347 3.715512 -0.123514
v 2.017347 3.999009 -0.123514
v 1.987638 3.701113 0.150364
v 1.974371 3.735182 0.181743
v 2.009826 3.711092 0.159745
v 1.998095 3.715512 0.176140
v 2.000445 3.735182 0.181933
v 1.987638 4.013408 0.150364
v 1.974371 3.979339 0.181743
v 1.998095 3.999009 0.176140
v 2.000445 3.979339 0.181933
v 2.009826 4.003429 0.159745
v 2.082717 3.701113 -0.074521
v 2.095984 3.735182 -0.105900
v 2.108494 3.715512 -0.084977
v 2.114287 3.735182 -0.087328
v 2.104906 3.711092 -0.065139
v 2.082717 4.013408 -0.074521
v 2.095984 3.979339 -0.105900
v 2.104906 4.003429 -0.065139
v 2.108494 3.999009 -0.084978
v 2.114287 3.979339 -0.087328
v 1.906948 4.636119 0.137604
v 1.906948 4.919616 0.137604
v 2.017347 4.636119 -0.123514
v 2.017347 4.919616 -0.123514
v 1.987638 4.621721 0.150364
v 1.974371 4.655789 0.181743
v 2.009826 4.631699 0.159745
v 1.998095 4.636119 0.176140
v 2.000445 4.655789 0.181933
v 1.987638 4.934015 0.150364
v 1.974371 4.899947 0.181743
v 1.998095 4.919616 0.176140
v 2.000445 4.899946 0.181933
v 2.009826 4.924036 0.159745
v 2.082717 4.621721 -0.074521
v 2.095984 4.655789 -0.105900
v 2.108494 4.636119 -0.084977
v 2.114287 4.655789 -0.087328
v 2.104906 4.631699 -0.065139
v 2.082717 4.934015 -0.074521
v 2.095984 4.899947 -0.105900
v 2.104906 4.924036 -0.065139
v 2.108494 4.919616 -0.084978
v 2.114287 4.899946 -0.087328
v 1.906948 5.556728 0.137604
v 1.906948 5.840224 0.137604
v 2.017347 5.556728 -0.123514
v 2.037185 5.552307 -0.119926
v 2.017347 5.840224 -0.123514
v 2.014997 5.820555 -0.129307
v 1.987638 5.542329 0.150364
v 2.009826 5.552307 0.159745
v 1.998095 5.556728 0.176140
v 2.000445 5.576397 0.181933
v 1.987638 5.854623 0.150364
v 1.978257 5.844645 0.172552
v 1.998095 5.840224 0.176140
v 2.009826 5.844645 0.159745
v 2.082717 5.542329 -0.074521
v 2.108494 5.556728 -0.084977
v 2.104906 5.552307 -0.065139
v 2.082717 5.854623 -0.074521
v 2.104906 5.844645 -0.065139
v 2.108494 5.840224 -0.084978
v 1.906948 6.477334 0.137604
v 1.906948 6.760832 0.137604
v 2.017347 6.477334 -0.123514
v 2.017347 6.760832 -0.123514
v 1.987638 6.462936 0.150364
v 2.009826 6.472914 0.159745
v 1.998095 6.477334 0.176140
v 2.000445 6.497004 0.181933
v 1.987638 6.775231 0.150364
v 1.978257 6.765254 0.172552
v 1.998095 6.760832 0.176140
v 2.009826 6.765254 0.159745
v 2.082717 6.462936 -0.074521
v 2.108494 6.477334 -0.084977
v 2.114287 6.497004 -0.087328
v 2.104906 6.472914 -0.065139
v 2.082717 6.775231 -0.074521
v 2.104906 6.765254 -0.065139
v 2.108494 6.760832 -0.084978
v 2.092098 6.765254 -0.096709
v 2.265450 3.715512 -0.710332
v 2.281845 4.003429 -0.698601
v 2.265450 3.999009 -0.710332
v 2.375849 3.715512 -0.971450
v 2.375848 3.999009 -0.971450
v 2.364117 4.003429 -0.955054
v 2.332872 3.735182 -0.666193
v 2.356596 3.715512 -0.671796
v 2.358947 3.735182 -0.666002
v 2.336758 3.711092 -0.675384
v 2.332872 3.979339 -0.666193
v 2.356596 3.999009 -0.671796
v 2.358947 3.979339 -0.666002
v 2.454486 3.735182 -0.953836
v 2.466995 3.715512 -0.932913
v 2.472789 3.735182 -0.935264
v 2.463408 3.711092 -0.913075
v 2.454486 3.979339 -0.953836
v 2.466995 3.999009 -0.932914
v 2.472789 3.979339 -0.935264
v 2.265450 4.636119 -0.710332
v 2.281845 4.924036 -0.698601
v 2.265450 4.919616 -0.710332
v 2.375849 4.636119 -0.971450
v 2.375848 4.919616 -0.971450
v 2.364117 4.924036 -0.955054
v 2.332872 4.655789 -0.666193
v 2.356596 4.636119 -0.671796
v 2.358947 4.655789 -0.666002
v 2.336758 4.631699 -0.675384
v 2.332872 4.899947 -0.666193
v 2.356596 4.919616 -0.671796
v 2.358947 4.899946 -0.666002
v 2.454486 4.655789 -0.953836
v 2.466995 4.636119 -0.932913
v 2.472789 4.655789 -0.935264
v 2.463408 4.631699 -0.913075
v 2.454486 4.899947 -0.953836
v 2.466995 4.919616 -0.932914
v 2.472789 4.899946 -0.935264
v 2.265450 5.556728 -0.710332
v 2.281845 5.844645 -0.698601
v 2.265450 5.840224 -0.710332
v 2.375849 5.556728 -0.971450
v 2.375848 5.840224 -0.971450
v 2.364117 5.844645 -0.955054
v 2.356596 5.556728 -0.671796
v 2.358947 5.576397 -0.666002
v 2.336758 5.552307 -0.675384
v 2.336758 5.844645 -0.675384
v 2.356596 5.840224 -0.671796
v 2.466995 5.556728 -0.932913
v 2.472789 5.576397 -0.935264
v 2.463408 5.552307 -0.913075
v 2.466995 5.840224 -0.932914
v 2.450600 5.844645 -0.944645
v 2.265450 6.477334 -0.710332
v 2.281845 6.765254 -0.698601
v 2.265450 6.760832 -0.710332
v 2.375849 6.477334 -0.971450
v 2.375848 6.760832 -0.971450
v 2.364117 6.765254 -0.955054
v 2.356596 6.477334 -0.671796
v 2.358947 6.497004 -0.666002
v 2.336758 6.472914 -0.675384
v 2.336758 6.765254 -0.675384
v 2.356596 6.760832 -0.671796
v 2.466995 6.477334 -0.932913
v 2.472789 6.497004 -0.935264
v 2.463408 6.472914 -0.913075
v 2.466995 6.760832 -0.932914
v 2.450600 6.765254 -0.944645
v 2.623951 3.715512 -1.558267
v 2.627539 3.711092 -1.578106
v 2.623951 3.999009 -1.558267
v 2.734350 3.715512 -1.819385
v 2.754188 3.711092 -1.815797
v 2.734350 3.999009 -1.819385
v 2.691374 3.735182 -1.514129
v 2.715098 3.715512 -1.519731
v 2.717448 3.735182 -1.513938
v 2.691374 3.979339 -1.514129
v 2.695260 4.003429 -1.523319
v 2.715098 3.999009 -1.519731
v 2.717448 3.979339 -1.513938
v 2.812987 3.735182 -1.801771
v 2.825497 3.715512 -1.780849
v 2.831290 3.735182 -1.783199
v 2.812987 3.979339 -1.801771
v 2.821909 4.003429 -1.761011
v 2.825497 3.999009 -1.780849
v 2.831290 3.979339 -1.783199
v 2.623951 4.636119 -1.558267
v 2.623951 4.919616 -1.558267
v 2.734350 4.636119 -1.819385
v 2.734350 4.919616 -1.819385
v 2.691374 4.655789 -1.514129
v 2.715098 4.636119 -1.519731
v 2.717448 4.655789 -1.513938
v 2.695260 4.631699 -1.523319
v 2.704641 4.934015 -1.545508
v 2.691374 4.899947 -1.514129
v 2.715098 4.919616 -1.519731
v 2.717448 4.899946 -1.513938
v 2.726830 4.924036 -1.536127
v 2.812987 4.655789 -1.801771
v 2.825497 4.636119 -1.780849
v 2.831290 4.655789 -1.783199
v 2.821909 4.631699 -1.761011
v 2.799720 4.934015 -1.770392
v 2.812987 4.899947 -1.801771
v 2.821909 4.924036 -1.761011
v 2.825497 4.919616 -1.780849
v 2.831290 4.899946 -1.783199
v 2.623951 5.556728 -1.558267
v 2.623951 5.840224 -1.558267
v 2.734350 5.556728 -1.819385
v 2.734350 5.840224 -1.819385
v 2.715098 5.556728 -1.519731
v 2.717448 5.576397 -1.513938
v 2.695260 5.552307 -1.523319
v 2.695260 5.844645 -1.523319
v 2.715098 5.840224 -1.519731
v 2.812987 5.576397 -1.801771
v 2.825497 5.556728 -1.780849
v 2.831290 5.576397 -1.783199
v 2.821909 5.552307 -1.761011
v 2.812987 5.820555 -1.801771
v 2.821909 5.844645 -1.761011
v 2.825497 5.840224 -1.780849
v 2.831290 5.820555 -1.783199
v 2.623951 6.477334 -1.558267
v 2.623951 6.760832 -1.558267
v 2.734350 6.477334 -1.819385
v 2.734350 6.760832 -1.819385
v 2.715098 6.477334 -1.519731
v 2.717448 6.497004 -1.513938
v 2.695260 6.472914 -1.523319
v 2.704641 6.775231 -1.545508
v 2.695260 6.765254 -1.523319
v 2.715098 6.760832 -1.519731
v 2.726830 6.765254 -1.536127
v 2.825497 6.477334 -1.780849
v 2.831290 6.497004 -1.783199
v 2.821909 6.472914 -1.761011
v 2.799720 6.775231 -1.770392
v 2.821909 6.765254 -1.761011
v 2.825497 6.760832 -1.780849
v 2.809102 6.765254 -1.792580
v -1.746370 3.715512 -0.407486
v -1.746370 3.999009 -0.407486
v -1.635971 3.715512 -0.668604
v -1.635971 3.999009 -0.668604
v -1.665680 3.701113 -0.394726
v -1.678947 3.735182 -0.363347
v -1.643492 3.711092 -0.385345
v -1.655223 3.715512 -0.368950
v -1.652873 3.735182 -0.363157
v -1.665680 4.013408 -0.394726
v -1.678947 3.979339 -0.363347
v -1.655223 3.999009 -0.368950
v -1.652873 3.979339 -0.363157
v -1.643492 4.003429 -0.385345
v -1.570601 3.701113 -0.619611
v -1.557334 3.735182 -0.650990
v -1.544824 3.715512 -0.630068
v -1.539031 3.735182 -0.632418
v -1.548412 3.711092 -0.610229
v -1.570601 4.013408 -0.619611
v -1.557334 3.979339 -0.650990
v -1.548412 4.003429 -0.610229
v -1.544824 3.999009 -0.630068
v -1.539031 3.979339 -0.632418
v -1.746370 4.636119 -0.407486
v -1.746370 4.919616 -0.407486
v -1.635971 4.636119 -0.668604
v -1.635971 4.919616 -0.668604
v -1.665680 4.621721 -0.394726
v -1.678947 4.655789 -0.363347
v -1.643492 4.631699 -0.385345
v -1.655223 4.636119 -0.368950
v -1.652873 4.655789 -0.363157
v -1.665680 4.934015 -0.394726
v -1.678947 4.899947 -0.363347
v -1.655223 4.919616 -0.368950
v -1.652873 4.899946 -0.363157
v -1.643492 4.924036 -0.385345
v -1.570601 4.621721 -0.619611
v -1.557334 4.655789 -0.650990
v -1.544824 4.636119 -0.630068
v -1.539031 4.655789 -0.632418
v -1.548412 4.631699 -0.610229
v -1.570601 4.934015 -0.619611
v -1.557334 4.899947 -0.650990
v -1.548412 4.924036 -0.610229
v -1.544824 4.919616 -0.630068
v -1.539031 4.899946 -0.632418
v -1.746370 5.556728 -0.407486
v -1.746370 5.840224 -0.407486
v -1.635971 5.556728 -0.668604
v -1.635971 5.840224 -0.668604
v -1.665680 5.542329 -0.394726
v -1.643492 5.552307 -0.385345
v -1.655223 5.556728 -0.368950
v -1.652873 5.576397 -0.363157
v -1.665680 5.854623 -0.394726
v -1.675061 5.844645 -0.372538
v -1.655223 5.840224 -0.368950
v -1.643492 5.844645 -0.385345
v -1.570601 5.542329 -0.619611
v -1.544824 5.556728 -0.630068
v -1.539031 5.576397 -0.632418
v -1.548412 5.552307 -0.610229
v -1.570601 5.854623 -0.619611
v -1.548412 5.844645 -0.610229
v -1.544824 5.840224 -0.630068
v -1.561219 5.844645 -0.641799
v -1.746370 6.477334 -0.407486
v -1.746370 6.760832 -0.407486
v -1.635971 6.477334 -0.668604
v -1.635971 6.760832 -0.668604
v -1.665680 6.462936 -0.394726
v -1.643492 6.472914 -0.385345
v -1.655223 6.477334 -0.368950
v -1.652873 6.497004 -0.363157
v -1.665680 6.775231 -0.394726
v -1.675061 6.765254 -0.372538
v -1.655223 6.760832 -0.368950
v -1.643492 6.765254 -0.385345
v -1.570601 6.462936 -0.619611
v -1.544824 6.477334 -0.630068
v -1.539031 6.497004 -0.632418
v -1.548412 6.472914 -0.610229
v -1.570601 6.775231 -0.619611
v -1.548412 6.765254 -0.610229
v -1.544824 6.760832 -0.630068
v -1.561219 6.765254 -0.641799
v -1.387868 3.715512 -1.255422
v -1.387868 3.999009 -1.255422
v -1.277470 3.715512 -1.516540
v -1.277470 3.999009 -1.516540
v -1.307179 3.701113 -1.242662
v -1.320446 3.735182 -1.211283
v -1.284990 3.711092 -1.233281
v -1.296721 3.715512 -1.216886
v -1.294371 3.735182 -1.211093
v -1.307179 4.013408 -1.242662
v -1.320446 3.979339 -1.211283
v -1.296721 3.999009 -1.216886
v -1.294371 3.979339 -1.211093
v -1.284990 4.003429 -1.233281
v -1.212099 3.701113 -1.467547
v -1.198832 3.735182 -1.498926
v -1.186323 3.715512 -1.478004
v -1.180529 3.735182 -1.480354
v -1.189911 3.711092 -1.458165
v -1.212099 4.013408 -1.467547
v -1.198832 3.979339 -1.498926
v -1.189911 4.003429 -1.458165
v -1.186323 3.999009 -1.478004
v -1.180529 3.979339 -1.480354
v -1.387868 4.636119 -1.255422
v -1.387868 4.919616 -1.255422
v -1.277470 4.636119 -1.516540
v -1.277470 4.919616 -1.516540
v -1.307179 4.621721 -1.242662
v -1.320446 4.655789 -1.211283
v -1.284990 4.631699 -1.233281
v -1.296721 4.636119 -1.216886
v -1.294371 4.655789 -1.211093
v -1.307179 4.934015 -1.242662
v -1.320446 4.899947 -1.211283
v -1.296721 4.919616 -1.216886
v -1.294371 4.899946 -1.211093
v -1.284990 4.924036 -1.233281
v -1.212099 4.621721 -1.467547
v -1.198832 4.655789 -1.498926
v -1.186323 4.636119 -1.478004
v -1.180529 4.655789 -1.480354
v -1.189911 4.631699 -1.458165
v -1.212099 4.934015 -1.467547
v -1.198832 4.899947 -1.498926
v -1.189911 4.924036 -1.458165
v -1.186323 4.919616 -1.478004
v -1.180529 4.899946 -1.480354
v -1.387868 5.556728 -1.255422
v -1.387868 5.840224 -1.255422
v -1.277470 5.556728 -1.516540
v -1.257631 5.552307 -1.512952
v -1.277470 5.840224 -1.516540
v -1.279820 5.820555 -1.522333
v -1.307179 5.542329 -1.242662
v -1.284990 5.552307 -1.233281
v -1.296721 5.556728 -1.216886
v -1.294371 5.576397 -1.211093
v -1.307179 5.854623 -1.242662
v -1.316560 5.844645 -1.220474
v -1.296721 5.840224 -1.216886
v -1.284990 5.844645 -1.233281
v -1.212099 5.542329 -1.467547
v -1.186323 5.556728 -1.478004
v -1.189911 5.552307 -1.458165
v -1.212099 5.854623 -1.467547
v -1.189911 5.844645 -1.458165
v -1.186323 5.840224 -1.478004
v -1.387868 6.477334 -1.255422
v -1.387868 6.760832 -1.255422
v -1.277470 6.477334 -1.516540
v -1.277470 6.760832 -1.516540
v -1.307179 6.462936 -1.242662
v -1.284990 6.472914 -1.233281
v -1.296721 6.477334 -1.216886
v -1.294371 6.497004 -1.211093
v -1.307179 6.775231 -1.242662
v -1.316560 6.765254 -1.220474
v -1.296721 6.760832 -1.216886
v -1.284990 6.765254 -1.233281
v -1.212099 6.462936 -1.467547
v -1.186323 6.477334 -1.478004
v -1.180529 6.497004 -1.480354
v -1.189911 6.472914 -1.458165
v -1.212099 6.775231 -1.467547
v -1.189911 6.765254 -1.458165
v -1.186323 6.760832 -1.478004
v -1.202718 6.765254 -1.489735
v -1.029367 3.715512 -2.103358
v -1.012972 4.003429 -2.091627
v -1.029367 3.999009 -2.103358
v -0.918968 3.715512 -2.364476
v -0.918968 3.999009 -2.364476
v -0.930699 4.003429 -2.348080
v -0.961944 3.735182 -2.059219
v -0.938220 3.715512 -2.064822
v -0.935870 3.735182 -2.059028
v -0.958058 3.711092 -2.068410
v -0.961944 3.979339 -2.059219
v -0.938220 3.999009 -2.064822
v -0.935870 3.979339 -2.059028
v -0.840331 3.735182 -2.346862
v -0.827821 3.715512 -2.325939
v -0.822028 3.735182 -2.328290
v -0.831409 3.711092 -2.306101
v -0.840331 3.979339 -2.346862
v -0.827821 3.999009 -2.325940
v -0.822028 3.979339 -2.328290
v -1.029367 4.636119 -2.103358
v -1.012972 4.924036 -2.091627
v -1.029367 4.919616 -2.103358
v -0.918968 4.636119 -2.364476
v -0.918968 4.919616 -2.364476
v -0.930699 4.924036 -2.348080
v -0.961944 4.655789 -2.059219
v -0.938220 4.636119 -2.064822
v -0.935870 4.655789 -2.059028
v -0.958058 4.631699 -2.068410
v -0.961944 4.899947 -2.059219
v -0.938220 4.919616 -2.064822
v -0.935870 4.899946 -2.059028
v -0.840331 4.655789 -2.346862
v -0.827821 4.636119 -2.325939
v -0.822028 4.655789 -2.328290
v -0.831409 4.631699 -2.306101
v -0.840331 4.899947 -2.346862
v -0.827821 4.919616 -2.325940
v -0.822028 4.899946 -2.328290
v -1.029367 5.556728 -2.103358
v -1.012972 5.844645 -2.091627
v -1.029367 5.840224 -2.103358
v -0.918968 5.556728 -2.364476
v -0.899130 5.552307 -2.360888
v -0.918968 5.840224 -2.364476
v -0.921318 5.820555 -2.370269
v -0.930699 5.844645 -2.348080
v -0.938220 5.556728 -2.064822
v -0.935870 5.576397 -2.059028
v -0.958058 5.552307 -2.068410
v -0.958058 5.844645 -2.068410
v -0.938220 5.840224 -2.064822
v -0.827821 5.556728 -2.325939
v -0.831409 5.552307 -2.306101
v -0.827821 5.840224 -2.325940
v -1.029367 6.477334 -2.103358
v -1.012972 6.765254 -2.091627
v -1.029367 6.760832 -2.103358
v -0.918968 6.477334 -2.364476
v -0.918968 6.760832 -2.364476
v -0.930699 6.765254 -2.348080
v -0.938220 6.477334 -2.064822
v -0.935870 6.497004 -2.059028
v -0.958058 6.472914 -2.068410
v -0.958058 6.765254 -2.068410
v -0.938220 6.760832 -2.064822
v -0.827821 6.477334 -2.325939
v -0.822028 6.497004 -2.328290
v -0.831409 6.472914 -2.306101
v -0.827821 6.760832 -2.325940
v -0.844216 6.765254 -2.337671
v -0.670865 3.715512 -2.951293
v -0.667278 3.711092 -2.971132
v -0.670865 3.999009 -2.951293
v -0.560467 3.715512 -3.212411
v -0.540629 3.711092 -3.208823
v -0.560467 3.999009 -3.212411
v -0.603443 3.735182 -2.907155
v -0.579718 3.715512 -2.912757
v -0.577368 3.735182 -2.906964
v -0.603443 3.979339 -2.907155
v -0.599557 4.003429 -2.916345
v -0.579718 3.999009 -2.912757
v -0.577368 3.979339 -2.906964
v -0.481829 3.735182 -3.194797
v -0.469320 3.715512 -3.173875
v -0.463526 3.735182 -3.176225
v -0.481829 3.979339 -3.194797
v -0.472908 4.003429 -3.154037
v -0.469320 3.999009 -3.173875
v -0.463526 3.979339 -3.176225
v -0.670865 4.636119 -2.951293
v -0.670865 4.919616 -2.951293
v -0.560467 4.636119 -3.212411
v -0.560467 4.919616 -3.212411
v -0.603443 4.655789 -2.907155
v -0.579718 4.636119 -2.912757
v -0.577368 4.655789 -2.906964
v -0.599557 4.631699 -2.916345
v -0.590176 4.934015 -2.938534
v -0.603443 4.899947 -2.907155
v -0.579718 4.919616 -2.912757
v -0.577368 4.899946 -2.906964
v -0.567987 4.924036 -2.929153
v -0.481829 4.655789 -3.194797
v -0.469320 4.636119 -3.173875
v -0.463526 4.655789 -3.176225
v -0.472908 4.631699 -3.154037
v -0.495096 4.934015 -3.163418
v -0.481829 4.899947 -3.194797
v -0.472908 4.924036 -3.154037
v -0.469320 4.919616 -3.173875
v -0.463526 4.899946 -3.176225
v -0.670865 5.556728 -2.951293
v -0.670865 5.840224 -2.951293
v -0.560467 5.556728 -3.212411
v -0.560467 5.840224 -3.212411
v -0.579718 5.556728 -2.912757
v -0.577368 5.576397 -2.906964
v -0.599557 5.552307 -2.916345
v -0.599557 5.844645 -2.916345
v -0.579718 5.840224 -2.912757
v -0.481829 5.576397 -3.194797
v -0.469320 5.556728 -3.173875
v -0.463526 5.576397 -3.176225
v -0.472908 5.552307 -3.154037
v -0.481829 5.820555 -3.194797
v -0.472908 5.844645 -3.154037
v -0.469320 5.840224 -3.173875
v -0.463526 5.820555 -3.176225
v -0.670865 6.477334 -2.951293
v -0.670865 6.760832 -2.951293
v -0.560467 6.477334 -3.212411
v -0.560467 6.760832 -3.212411
v -0.579718 6.477334 -2.912757
v -0.577368 6.497004 -2.906964
v -0.599557 6.472914 -2.916345
v -0.590176 6.775231 -2.938534
v -0.599557 6.765254 -2.916345
v -0.579718 6.760832 -2.912757
v -0.567987 6.765254 -2.929153
v -0.469320 6.477334 -3.173875
v -0.463526 6.497004 -3.176225
v -0.472908 6.472914 -3.154037
v -0.495096 6.775231 -3.163418
v -0.472908 6.765254 -3.154037
v -0.469320 6.760832 -3.173875
v -0.485715 6.765254 -3.185606
v -0.185655 3.715512 -3.288954
v -0.185655 3.999009 -3.288954
v -0.136661 3.701113 -3.354325
v -0.168040 3.735182 -3.367592
v -0.147118 3.715512 -3.380101
v -0.149468 3.735182 -3.385895
v -0.127280 3.711092 -3.376513
v -0.136661 4.013408 -3.354325
v -0.168040 3.979339 -3.367592
v -0.127280 4.003429 -3.376513
v -0.147118 3.999009 -3.380101
v -0.149468 3.979339 -3.385895
v 0.075463 3.715512 -3.178555
v 0.075463 3.999009 -3.178555
v 0.088223 3.701113 -3.259245
v 0.119603 3.735182 -3.245978
v 0.097605 3.711092 -3.281434
v 0.114000 3.715512 -3.269702
v 0.119793 3.735182 -3.272053
v 0.088223 4.013408 -3.259245
v 0.119603 3.979339 -3.245978
v 0.114000 3.999009 -3.269702
v 0.119793 3.979339 -3.272053
v 0.097605 4.003429 -3.281434
v -0.185655 4.636119 -3.288954
v -0.185655 4.919616 -3.288954
v -0.136661 4.621721 -3.354325
v -0.168040 4.655789 -3.367592
v -0.147118 4.636119 -3.380101
v -0.149468 4.655789 -3.385895
v -0.127280 4.631699 -3.376513
v -0.168040 4.899947 -3.367592
v -0.147118 4.919616 -3.380101
v -0.149468 4.899946 -3.385895
v -0.158849 4.924036 -3.363706
v 0.075463 4.636119 -3.178555
v 0.075463 4.919616 -3.178555
v 0.088223 4.621721 -3.259245
v 0.119603 4.655789 -3.245978
v 0.097605 4.631699 -3.281434
v 0.114000 4.636119 -3.269702
v 0.119793 4.655789 -3.272053
v 0.119603 4.899947 -3.245978
v 0.114000 4.919616 -3.269702
v 0.119793 4.899946 -3.272053
v 0.097605 4.924036 -3.281434
v -0.185655 5.556728 -3.288954
v -0.185655 5.840224 -3.288954
v -0.136661 5.542329 -3.354325
v -0.147118 5.556728 -3.380101
v -0.149468 5.576397 -3.385895
v -0.127280 5.552307 -3.376513
v -0.136661 5.854623 -3.354325
v -0.127280 5.844645 -3.376513
v -0.147118 5.840224 -3.380101
v -0.158849 5.844645 -3.363706
v 0.075463 5.556728 -3.178555
v 0.075463 5.840224 -3.178555
v 0.088223 5.542329 -3.259245
v 0.097605 5.552307 -3.281434
v 0.114000 5.556728 -3.269702
v 0.119793 5.576397 -3.272053
v 0.088223 5.854623 -3.259245
v 0.110412 5.844645 -3.249864
v 0.114000 5.840224 -3.269702
v 0.097605 5.844645 -3.281434
v -0.185655 6.477334 -3.288954
v -0.185655 6.760832 -3.288954
v -0.136661 6.462936 -3.354325
v -0.147118 6.477334 -3.380101
v -0.149468 6.497004 -3.385895
v -0.127280 6.472914 -3.376513
v -0.147118 6.760832 -3.380101
v -0.158849 6.765254 -3.363706
v 0.075463 6.477334 -3.178555
v 0.075463 6.760832 -3.178555
v 0.088223 6.462936 -3.259245
v 0.097605 6.472914 -3.281434
v 0.114000 6.477334 -3.269702
v 0.119793 6.497004 -3.272053
v 0.110412 6.765254 -3.249864
v 0.114000 6.760832 -3.269702
v 0.097605 6.765254 -3.281434
v 0.662281 3.715512 -2.930452
v 0.662281 3.999009 -2.930452
v 0.711275 3.701113 -2.995823
v 0.679896 3.735182 -3.009090
v 0.700818 3.715512 -3.021600
v 0.698468 3.735182 -3.027393
v 0.720656 3.711092 -3.018012
v 0.711275 4.013408 -2.995823
v 0.679896 3.979339 -3.009090
v 0.720656 4.003429 -3.018012
v 0.700818 3.999009 -3.021600
v 0.698468 3.979339 -3.027393
v 0.923399 3.715512 -2.820053
v 0.923399 3.999009 -2.820053
v 0.936159 3.701113 -2.900744
v 0.967538 3.735182 -2.887477
v 0.945540 3.711092 -2.922932
v 0.961936 3.715512 -2.911201
v 0.967729 3.735182 -2.913551
v 0.936159 4.013408 -2.900744
v 0.967538 3.979339 -2.887477
v 0.961936 3.999009 -2.911201
v 0.967729 3.979339 -2.913551
v 0.945540 4.003429 -2.922932
v 0.662281 4.636119 -2.930452
v 0.662281 4.919616 -2.930452
v 0.711275 4.621721 -2.995823
v 0.679896 4.655789 -3.009090
v 0.700818 4.636119 -3.021600
v 0.698468 4.655789 -3.027393
v 0.720656 4.631699 -3.018012
v 0.711275 4.934015 -2.995823
v 0.679896 4.899947 -3.009090
v 0.720656 4.924036 -3.018012
v 0.700818 4.919616 -3.021600
v 0.698468 4.899946 -3.027393
v 0.923399 4.636119 -2.820053
v 0.923399 4.919616 -2.820053
v 0.936159 4.621721 -2.900744
v 0.967538 4.655789 -2.887477
v 0.945540 4.631699 -2.922932
v 0.961936 4.636119 -2.911201
v 0.967729 4.655789 -2.913551
v 0.936159 4.934015 -2.900744
v 0.967538 4.899947 -2.887477
v 0.961936 4.919616 -2.911201
v 0.967729 4.899946 -2.913551
v 0.945540 4.924036 -2.922932
v 0.662281 5.556728 -2.930452
v 0.662281 5.840224 -2.930452
v 0.711275 5.542329 -2.995823
v 0.679896 5.576397 -3.009090
v 0.700818 5.556728 -3.021600
v 0.698468 5.576397 -3.027393
v 0.720656 5.552307 -3.018012
v 0.711275 5.854623 -2.995823
v 0.679896 5.820555 -3.009090
v 0.720656 5.844645 -3.018012
v 0.700818 5.840224 -3.021600
v 0.698468 5.820555 -3.027393
v 0.923399 5.556728 -2.820053
v 0.923399 5.840224 -2.820053
v 0.936159 5.542329 -2.900744
v 0.967538 5.576397 -2.887477
v 0.945540 5.552307 -2.922932
v 0.961936 5.556728 -2.911201
v 0.967729 5.576397 -2.913551
v 0.936159 5.854623 -2.900744
v 0.967538 5.820555 -2.887477
v 0.961936 5.840224 -2.911201
v 0.967729 5.820555 -2.913551
v 0.945540 5.844645 -2.922932
v 0.662281 6.477334 -2.930452
v 0.662281 6.760832 -2.930452
v 0.711275 6.462936 -2.995823
v 0.700818 6.477334 -3.021600
v 0.698468 6.497004 -3.027393
v 0.720656 6.472914 -3.018012
v 0.711275 6.775231 -2.995823
v 0.720656 6.765254 -3.018012
v 0.700818 6.760832 -3.021600
v 0.689086 6.765254 -3.005204
v 0.923399 6.477334 -2.820053
v 0.923399 6.760832 -2.820053
v 0.936159 6.462936 -2.900744
v 0.945540 6.472914 -2.922932
v 0.961936 6.477334 -2.911201
v 0.967729 6.497004 -2.913551
v 0.936159 6.775231 -2.900744
v 0.958348 6.765254 -2.891363
v 0.961936 6.760832 -2.911201
v 0.945540 6.765254 -2.922932
v 1.510217 3.715512 -2.571950
v 1.510217 3.999009 -2.571950
v 1.559211 3.701113 -2.637322
v 1.527832 3.735182 -2.650589
v 1.548754 3.715512 -2.663098
v 1.546404 3.735182 -2.668892
v 1.568592 3.711092 -2.659510
v 1.559211 4.013408 -2.637322
v 1.527832 3.979339 -2.650589
v 1.568592 4.003429 -2.659510
v 1.548754 3.999009 -2.663098
v 1.546404 3.979339 -2.668892
v 1.771335 3.715512 -2.461552
v 1.771335 3.999009 -2.461552
v 1.784095 3.701113 -2.542242
v 1.815474 3.735182 -2.528975
v 1.793476 3.711092 -2.564431
v 1.809872 3.715512 -2.552699
v 1.815665 3.735182 -2.555050
v 1.784095 4.013408 -2.542242
v 1.815474 3.979339 -2.528975
v 1.809872 3.999009 -2.552699
v 1.815665 3.979339 -2.555050
v 1.793476 4.003429 -2.564431
v 1.510217 4.636119 -2.571950
v 1.510217 4.919616 -2.571950
v 1.559211 4.621721 -2.637322
v 1.527832 4.655789 -2.650589
v 1.548754 4.636119 -2.663098
v 1.546404 4.655789 -2.668892
v 1.568592 4.631699 -2.659510
v 1.559211 4.934015 -2.637322
v 1.527832 4.899947 -2.650589
v 1.568592 4.924036 -2.659510
v 1.548754 4.919616 -2.663098
v 1.546404 4.899946 -2.668892
v 1.771335 4.636119 -2.461552
v 1.771335 4.919616 -2.461552
v 1.784095 4.621721 -2.542242
v 1.815474 4.655789 -2.528975
v 1.793476 4.631699 -2.564431
v 1.809872 4.636119 -2.552699
v 1.815665 4.655789 -2.555050
v 1.784095 4.934015 -2.542242
v 1.815474 4.899947 -2.528975
v 1.809872 4.919616 -2.552699
v 1.815665 4.899946 -2.555050
v 1.793476 4.924036 -2.564431
v 1.510217 5.556728 -2.571950
v 1.510217 5.840224 -2.571950
v 1.559211 5.542329 -2.637322
v 1.548754 5.556728 -2.663098
v 1.546404 5.576397 -2.668892
v 1.568592 5.552307 -2.659510
v 1.559211 5.854623 -2.637322
v 1.568592 5.844645 -2.659510
v 1.548754 5.840224 -2.663098
v 1.537022 5.844645 -2.646703
v 1.771335 5.556728 -2.461552
v 1.771335 5.840224 -2.461552
v 1.784095 5.542329 -2.542242
v 1.793476 5.552307 -2.564431
v 1.809872 5.556728 -2.552699
v 1.815665 5.576397 -2.555050
v 1.784095 5.854623 -2.542242
v 1.806284 5.844645 -2.532861
v 1.809872 5.840224 -2.552699
v 1.793476 5.844645 -2.564431
v 1.510217 6.477334 -2.571950
v 1.510217 6.760832 -2.571950
v 1.559211 6.462936 -2.637322
v 1.548754 6.477334 -2.663098
v 1.546404 6.497004 -2.668892
v 1.568592 6.472914 -2.659510
v 1.559211 6.775231 -2.637322
v 1.568592 6.765254 -2.659510
v 1.548754 6.760832 -2.663098
v 1.537022 6.765254 -2.646703
v 1.771335 6.477334 -2.461552
v 1.771335 6.760832 -2.461552
v 1.784095 6.462936 -2.542242
v 1.793476 6.472914 -2.564431
v 1.809872 6.477334 -2.552699
v 1.815665 6.497004 -2.555050
v 1.784095 6.775231 -2.542242
v 1.806284 6.765254 -2.532861
v 1.809872 6.760832 -2.552699
v 1.793476 6.765254 -2.564431
v 2.358153 3.715512 -2.213449
v 2.358153 3.999009 -2.213449
v 2.407147 3.701113 -2.278820
v 2.375767 3.735182 -2.292087
v 2.396689 3.715512 -2.304597
v 2.394340 3.735182 -2.310390
v 2.416528 3.711092 -2.301009
v 2.407147 4.013408 -2.278820
v 2.375767 3.979339 -2.292087
v 2.416528 4.003429 -2.301009
v 2.396689 3.999009 -2.304597
v 2.394340 3.979339 -2.310390
v 2.619271 3.715512 -2.103050
v 2.619271 3.999009 -2.103050
v 2.632031 3.701113 -2.183741
v 2.663410 3.735182 -2.170474
v 2.641412 3.711092 -2.205930
v 2.657807 3.715512 -2.194198
v 2.663601 3.735182 -2.196548
v 2.632031 4.013408 -2.183741
v 2.663410 3.979339 -2.170474
v 2.657807 3.999009 -2.194198
v 2.663601 3.979339 -2.196548
v 2.641412 4.003429 -2.205930
v 2.358153 4.636119 -2.213449
v 2.358153 4.919616 -2.213449
v 2.407147 4.621721 -2.278820
v 2.375767 4.655789 -2.292087
v 2.396689 4.636119 -2.304597
v 2.394340 4.655789 -2.310390
v 2.416528 4.631699 -2.301009
v 2.375767 4.899947 -2.292087
v 2.416528 4.924036 -2.301009
v 2.396689 4.919616 -2.304597
v 2.394340 4.899946 -2.310390
v 2.619271 4.636119 -2.103050
v 2.619271 4.919616 -2.103050
v 2.632031 4.621721 -2.183741
v 2.663410 4.655789 -2.170474
v 2.641412 4.631699 -2.205930
v 2.657807 4.636119 -2.194198
v 2.663601 4.655789 -2.196548
v 2.663410 4.899947 -2.170474
v 2.654220 4.924036 -2.174360
v 2.657807 4.919616 -2.194198
v 2.663601 4.899946 -2.196548
v 2.358153 5.556728 -2.213449
v 2.358153 5.840224 -2.213449
v 2.407147 5.542329 -2.278820
v 2.396689 5.556728 -2.304597
v 2.394340 5.576397 -2.310390
v 2.416528 5.552307 -2.301009
v 2.407147 5.854623 -2.278820
v 2.416528 5.844645 -2.301009
v 2.396689 5.840224 -2.304597
v 2.384958 5.844645 -2.288202
v 2.619271 5.556728 -2.103050
v 2.619271 5.840224 -2.103050
v 2.632031 5.542329 -2.183741
v 2.641412 5.552307 -2.205930
v 2.657807 5.556728 -2.194198
v 2.663601 5.576397 -2.196548
v 2.632031 5.854623 -2.183741
v 2.654220 5.844645 -2.174360
v 2.657807 5.840224 -2.194198
v 2.641412 5.844645 -2.205930
v 2.358153 6.477334 -2.213449
v 2.358153 6.760832 -2.213449
v 2.407147 6.462936 -2.278820
v 2.396689 6.477334 -2.304597
v 2.394340 6.497004 -2.310390
v 2.416528 6.472914 -2.301009
v 2.407147 6.775231 -2.278820
v 2.416528 6.765254 -2.301009
v 2.396689 6.760832 -2.304597
v 2.384958 6.765254 -2.288202
v 2.619271 6.477334 -2.103050
v 2.619271 6.760832 -2.103050
v 2.632031 6.462936 -2.183741
v 2.641412 6.472914 -2.205930
v 2.657807 6.477334 -2.194198
v 2.663601 6.497004 -2.196548
v 2.632031 6.775231 -2.183741
v 2.654220 6.765254 -2.174360
v 2.657807 6.760832 -2.194198
v 2.641412 6.765254 -2.205930
v -1.455851 6.961675 -0.284657
v -1.439456 7.065055 -0.272925
v -1.455851 7.060634 -0.284657
v -1.452263 7.065055 -0.304495
v -1.345452 6.961675 -0.545775
v -1.325614 7.065055 -0.542187
v -1.345452 7.060634 -0.545775
v -1.347802 7.040965 -0.551568
v -1.194733 6.961675 -0.174258
v -1.194733 7.060634 -0.174258
v -1.192383 7.040965 -0.168465
v -1.084334 6.961675 -0.435376
v -1.087922 7.065055 -0.415538
v -1.084334 7.060634 -0.435376
v -1.078541 7.040965 -0.437726
v -1.097350 6.961675 -1.132593
v -1.080954 7.065055 -1.120861
v -1.097350 7.060634 -1.132593
v -1.093762 7.065055 -1.152431
v -0.986951 6.961675 -1.393710
v -0.967112 7.065055 -1.390122
v -0.986951 7.060634 -1.393710
v -0.989301 7.040965 -1.399503
v -0.836231 6.961675 -1.022194
v -0.836231 7.060634 -1.022194
v -0.833881 7.040965 -1.016401
v -0.824500 7.065055 -1.038589
v -0.725833 6.961675 -1.283311
v -0.725833 7.060634 -1.283312
v -0.720040 7.040965 -1.285662
v -0.738848 6.961675 -1.980529
v -0.722453 7.065055 -1.968797
v -0.738848 7.060634 -1.980529
v -0.744641 7.040965 -1.978178
v -0.628449 6.961675 -2.241647
v -0.608611 7.065055 -2.238058
v -0.628449 7.060634 -2.241646
v -0.640181 7.065055 -2.225251
v -0.477730 6.961675 -1.870130
v -0.477730 7.060634 -1.870130
v -0.475380 7.040965 -1.864336
v -0.465999 7.065055 -1.886525
v -0.367331 6.961675 -2.131247
v -0.367331 7.060634 -2.131248
v -0.361538 7.040965 -2.133598
v -0.380346 6.961675 -2.828464
v -0.363951 7.065055 -2.816733
v -0.380346 7.060634 -2.828464
v -0.376759 7.065055 -2.848303
v -0.269948 6.961675 -3.089582
v -0.250109 7.065055 -3.085994
v -0.269948 7.060634 -3.089582
v -0.272298 7.040965 -3.095375
v -0.119228 6.961675 -2.718065
v -0.119228 7.060634 -2.718065
v -0.116878 7.040965 -2.712272
v -0.107497 7.065055 -2.734461
v -0.008830 6.961675 -2.979183
v -0.008830 7.060634 -2.979183
v -0.003037 7.040965 -2.981533
v -0.607915 6.961675 0.073845
v -0.591520 7.065055 0.085576
v -0.607915 7.060634 0.073845
v -0.604327 7.065055 0.054006
v -0.497516 6.961675 -0.187273
v -0.497516 7.060634 -0.187273
v -0.499866 7.040965 -0.193066
v -0.346797 6.961675 0.184244
v -0.346797 7.060634 0.184244
v -0.344447 7.040965 0.190037
v -0.335066 7.065055 0.167848
v -0.236398 6.961675 -0.076874
v -0.236398 7.060634 -0.076874
v -0.230605 7.040965 -0.079224
v -0.252794 7.065055 -0.088606
v -0.249414 6.961675 -0.774091
v -0.233018 7.065055 -0.762360
v -0.249414 7.060634 -0.774091
v -0.245826 7.065055 -0.793929
v -0.139015 6.961675 -1.035209
v -0.119177 7.065055 -1.031621
v -0.139015 7.060634 -1.035209
v -0.141365 7.040965 -1.041002
v 0.011704 6.961675 -0.663692
v 0.011704 7.060634 -0.663692
v 0.014054 7.040965 -0.657899
v 0.023436 7.065055 -0.680087
v 0.122103 6.961675 -0.924810
v 0.122103 7.060634 -0.924810
v 0.127896 7.040965 -0.927160
v 0.109088 6.961675 -1.622027
v 0.125483 7.065055 -1.610296
v 0.109088 7.060634 -1.622027
v 0.103295 7.040965 -1.619677
v 0.219487 6.961675 -1.883145
v 0.239325 7.065055 -1.879557
v 0.219487 7.060634 -1.883145
v 0.207755 7.065055 -1.866749
v 0.370206 6.961675 -1.511628
v 0.370206 7.060634 -1.511628
v 0.372556 7.040965 -1.505835
v 0.381937 7.065055 -1.528023
v 0.480605 6.961675 -1.772746
v 0.480605 7.060634 -1.772746
v 0.486398 7.040965 -1.775096
v 0.467589 6.961675 -2.469963
v 0.483985 7.065055 -2.458231
v 0.467589 7.060634 -2.469963
v 0.471177 7.065055 -2.489801
v 0.577988 6.961675 -2.731081
v 0.577988 7.060634 -2.731081
v 0.575638 7.040965 -2.736873
v 0.728707 6.961675 -2.359564
v 0.728707 7.060634 -2.359564
v 0.731058 7.040965 -2.353771
v 0.740439 7.065055 -2.375959
v 0.839106 6.961675 -2.620682
v 0.839106 7.060634 -2.620682
v 0.844899 7.040965 -2.623032
v 0.822711 7.065055 -2.632413
v 0.240021 6.961675 0.432346
v 0.256416 7.065055 0.444078
v 0.240021 7.060634 0.432346
v 0.243609 7.065055 0.412508
v 0.350420 6.961675 0.171228
v 0.370258 7.065055 0.174816
v 0.350420 7.060634 0.171228
v 0.348069 7.040965 0.165435
v 0.501139 6.961675 0.542745
v 0.501139 7.060634 0.542745
v 0.503489 7.040965 0.548538
v 0.512870 7.065055 0.526350
v 0.611538 6.961675 0.281627
v 0.611538 7.060634 0.281627
v 0.617331 7.040965 0.279277
v 0.598522 6.961675 -0.415590
v 0.614918 7.065055 -0.403858
v 0.598522 7.060634 -0.415590
v 0.602110 7.065055 -0.435428
v 0.708921 6.961675 -0.676707
v 0.728759 7.065055 -0.673119
v 0.708921 7.060634 -0.676707
v 0.706571 7.040965 -0.682500
v 0.859640 6.961675 -0.305191
v 0.859640 7.060634 -0.305191
v 0.861990 7.040965 -0.299398
v 0.871371 7.065055 -0.321586
v 0.970039 6.961675 -0.566308
v 0.970039 7.060634 -0.566308
v 0.975832 7.040965 -0.568659
v 0.957024 6.961675 -1.263525
v 0.973419 7.065055 -1.251794
v 0.957024 7.060634 -1.263525
v 0.951231 7.040965 -1.261175
v 1.067423 6.961675 -1.524644
v 1.087261 7.065055 -1.521055
v 1.067423 7.060634 -1.524643
v 1.055691 7.065055 -1.508248
v 1.218142 6.961675 -1.153127
v 1.218142 7.060634 -1.153127
v 1.220492 7.040965 -1.147333
v 1.229873 7.065055 -1.169522
v 1.328541 6.961675 -1.414244
v 1.328541 7.060634 -1.414245
v 1.334334 7.040965 -1.416595
v 1.315525 6.961675 -2.111461
v 1.331921 7.065055 -2.099730
v 1.315525 7.060634 -2.111461
v 1.319113 7.065055 -2.131299
v 1.425924 6.961675 -2.372579
v 1.445762 7.065055 -2.368991
v 1.425924 7.060634 -2.372579
v 1.423574 7.040965 -2.378372
v 1.576643 6.961675 -2.001062
v 1.576643 7.060634 -2.001062
v 1.578993 7.040965 -1.995269
v 1.588374 7.065055 -2.017458
v 1.687042 6.961675 -2.262180
v 1.687042 7.060634 -2.262180
v 1.692835 7.040965 -2.264530
v 1.087957 6.961675 0.790848
v 1.087957 7.060634 0.790848
v 1.091545 7.065055 0.771010
v 1.082163 7.040965 0.793198
v 1.198355 6.961675 0.529730
v 1.198355 7.060634 0.529730
v 1.196005 7.040965 0.523937
v 1.349074 6.961675 0.901247
v 1.329236 7.065055 0.897659
v 1.349074 7.060634 0.901247
v 1.360806 7.065055 0.884851
v 1.459473 6.961675 0.640129
v 1.459473 7.060634 0.640129
v 1.465267 7.040965 0.637779
v 1.443078 7.065055 0.628397
v 1.446458 6.961675 -0.057088
v 1.446458 7.060634 -0.057088
v 1.450046 7.065055 -0.076926
v 1.440665 7.040965 -0.054738
v 1.556857 6.961675 -0.318206
v 1.576695 7.065055 -0.314618
v 1.556857 7.060634 -0.318206
v 1.554507 7.040965 -0.323999
v 1.707576 6.961675 0.053311
v 1.687738 7.065055 0.049723
v 1.707576 7.060634 0.053311
v 1.719307 7.065055 0.036916
v 1.817975 6.961675 -0.207807
v 1.817975 7.060634 -0.207807
v 1.823768 7.040965 -0.210157
v 1.804960 6.961675 -0.905024
v 1.804960 7.060634 -0.905024
v 1.799167 7.040965 -0.902674
v 1.915359 6.961675 -1.166142
v 1.935197 7.065055 -1.162554
v 1.915358 7.060634 -1.166142
v 1.903627 7.065055 -1.149746
v 2.066077 6.961675 -0.794625
v 2.046239 7.065055 -0.798213
v 2.066077 7.060634 -0.794625
v 2.077809 7.065055 -0.811020
v 2.176476 6.961675 -1.055743
v 2.176476 7.060634 -1.055743
v 2.182270 7.040965 -1.058093
v 2.163461 6.961675 -1.752959
v 2.163461 7.060634 -1.752959
v 2.167049 7.065055 -1.772798
v 2.157668 7.040965 -1.750610
v 2.273860 6.961675 -2.014077
v 2.273860 7.060634 -2.014077
v 2.271510 7.040965 -2.019871
v 2.424579 6.961675 -1.642561
v 2.404741 7.065055 -1.646149
v 2.424579 7.060634 -1.642561
v 2.436310 7.065055 -1.658956
v 2.534978 6.961675 -1.903679
v 2.534978 7.060634 -1.903679
v 2.540771 7.040965 -1.906029
v 2.518582 7.065055 -1.915410
v 0.027977 5.110982 -3.252352
v -0.019092 5.162086 -3.272253
v -0.010688 5.132581 -3.236666
v -0.005306 5.125949 -3.266424
v 0.027977 5.946798 -3.252352
v -0.019092 5.895695 -3.272253
v -0.010688 5.925199 -3.236666
v -0.005306 5.931830 -3.266424
v 0.027977 5.110982 -3.252352
v -0.019092 5.162086 -3.272253
v -0.005306 5.125949 -3.266424
v 0.012291 5.132581 -3.291017
v 0.027977 5.946798 -3.252352
v -0.019092 5.895695 -3.272253
v 0.012291 5.925199 -3.291017
v -0.005306 5.931830 -3.266424
v 0.703676 5.110982 -2.966671
v 0.750745 5.162086 -2.946771
v 0.736959 5.125949 -2.952600
v 0.719362 5.132581 -2.928006
v 0.703676 5.946798 -2.966671
v 0.750745 5.895695 -2.946771
v 0.719362 5.925199 -2.928006
v 0.736959 5.931830 -2.952600
v 0.703676 5.110982 -2.966671
v 0.750745 5.162086 -2.946771
v 0.742341 5.132581 -2.982357
v 0.736959 5.125949 -2.952600
v 0.703676 5.946798 -2.966671
v 0.750745 5.895695 -2.946771
v 0.736959 5.931830 -2.952600
v 0.742341 5.925199 -2.982357
v 0.032591 5.183491 -3.208296
v 0.032591 5.874288 -3.208296
v 0.097978 5.165493 -3.299815
v 0.058754 5.208078 -3.316398
v 0.084907 5.183491 -3.332036
v 0.081969 5.208078 -3.339278
v 0.109705 5.177965 -3.327551
v 0.097978 5.892288 -3.299815
v 0.058754 5.849702 -3.316398
v 0.109705 5.879814 -3.327551
v 0.084907 5.874288 -3.332036
v 0.081969 5.849701 -3.339278
v 0.668858 5.183491 -2.939286
v 0.668858 5.874288 -2.939286
v 0.688953 5.165493 -3.049955
v 0.728177 5.208078 -3.033371
v 0.700680 5.177965 -3.077691
v 0.721174 5.183491 -3.063026
v 0.728415 5.208078 -3.065964
v 0.688953 5.892288 -3.049955
v 0.728177 5.849702 -3.033371
v 0.721174 5.874288 -3.063026
v 0.728415 5.849701 -3.065964
v 0.700680 5.879814 -3.077691
v 0.092887 5.603901 -3.204507
v 0.092887 5.817276 -3.204507
v 0.162801 5.603901 -3.369869
v 0.162801 5.817276 -3.369869
v 0.289419 5.603901 -3.121415
v 0.289419 5.817276 -3.121415
v 0.359333 5.603901 -3.286777
v 0.359333 5.817276 -3.286777
v 0.462609 5.318120 -3.059346
v 0.457081 5.332315 -3.046271
v 0.449535 5.332315 -3.064873
v 0.457081 5.405675 -3.046271
v 0.462609 5.419871 -3.059346
v 0.449535 5.405675 -3.064873
v 0.531155 5.318120 -3.221472
v 0.518081 5.332315 -3.227000
v 0.536683 5.332315 -3.234546
v 0.531155 5.419871 -3.221472
v 0.536683 5.405675 -3.234546
v 0.518081 5.405675 -3.227000
v 0.530179 5.318120 -3.030778
v 0.543254 5.332315 -3.025250
v 0.524651 5.332315 -3.017702
v 0.530179 5.419871 -3.030778
v 0.524651 5.405675 -3.017702
v 0.543254 5.405675 -3.025250
v 0.598725 5.318120 -3.192904
v 0.604253 5.332315 -3.205978
v 0.611800 5.332315 -3.187376
v 0.598725 5.419871 -3.192904
v 0.611800 5.405675 -3.187376
v 0.604253 5.405675 -3.205978
v 1.768477 5.110982 -2.516481
v 1.721408 5.162086 -2.536381
v 1.729812 5.132581 -2.500795
v 1.735194 5.125949 -2.530552
v 1.768477 5.946798 -2.516481
v 1.721408 5.895695 -2.536381
v 1.729812 5.925199 -2.500795
v 1.735194 5.931830 -2.530552
v 1.768477 5.110982 -2.516481
v 1.721408 5.162086 -2.536381
v 1.735194 5.125949 -2.530552
v 1.752791 5.132581 -2.555145
v 1.768477 5.946798 -2.516481
v 1.721408 5.895695 -2.536381
v 1.752791 5.925199 -2.555145
v 1.735194 5.931830 -2.530552
v 2.444176 5.110982 -2.230800
v 2.491245 5.162086 -2.210900
v 2.477459 5.125949 -2.216728
v 2.459862 5.132581 -2.192135
v 2.444176 5.946798 -2.230800
v 2.491245 5.895695 -2.210900
v 2.459862 5.925199 -2.192135
v 2.477459 5.931830 -2.216728
v 2.444176 5.110982 -2.230800
v 2.491245 5.162086 -2.210900
v 2.482841 5.132581 -2.246485
v 2.477459 5.125949 -2.216728
v 2.444176 5.946798 -2.230800
v 2.491245 5.895695 -2.210900
v 2.477459 5.931830 -2.216728
v 2.482841 5.925199 -2.246485
v 1.773091 5.183491 -2.472424
v 1.773091 5.874288 -2.472424
v 1.838478 5.165493 -2.563943
v 1.799254 5.208078 -2.580527
v 1.825407 5.183491 -2.596164
v 1.822469 5.208078 -2.603406
v 1.850205 5.177965 -2.591680
v 1.838478 5.892288 -2.563943
v 1.799254 5.849702 -2.580527
v 1.850205 5.879814 -2.591680
v 1.825407 5.874288 -2.596164
v 1.822469 5.849701 -2.603406
v 2.409358 5.183491 -2.203415
v 2.409358 5.874288 -2.203415
v 2.429453 5.165493 -2.314083
v 2.468678 5.208078 -2.297499
v 2.441180 5.177965 -2.341819
v 2.461674 5.183491 -2.327155
v 2.468915 5.208078 -2.330093
v 2.429453 5.892288 -2.314083
v 2.468678 5.849702 -2.297499
v 2.461674 5.874288 -2.327155
v 2.468915 5.849701 -2.330093
v 2.441180 5.879814 -2.341819
v 1.833387 5.603901 -2.468636
v 1.833387 5.817276 -2.468636
v 1.903301 5.603901 -2.633997
v 1.903301 5.817276 -2.633997
v 2.029919 5.603901 -2.385543
v 2.029919 5.817276 -2.385543
v 2.099833 5.603901 -2.550905
v 2.099833 5.817276 -2.550905
v 2.203109 5.318120 -2.323474
v 2.197581 5.332315 -2.310399
v 2.190035 5.332315 -2.329002
v 2.197581 5.405675 -2.310399
v 2.203109 5.419871 -2.323474
v 2.190035 5.405675 -2.329002
v 2.271655 5.318120 -2.485600
v 2.258581 5.332315 -2.491128
v 2.277183 5.332315 -2.498674
v 2.271655 5.419871 -2.485600
v 2.277183 5.405675 -2.498674
v 2.258581 5.405675 -2.491128
v 2.270679 5.318120 -2.294906
v 2.283754 5.332315 -2.289378
v 2.265152 5.332315 -2.281831
v 2.270679 5.419871 -2.294906
v 2.265152 5.405675 -2.281831
v 2.283754 5.405675 -2.289378
v 2.339225 5.318120 -2.457032
v 2.344753 5.332315 -2.470106
v 2.352300 5.332315 -2.451504
v 2.339225 5.419871 -2.457032
v 2.352300 5.405675 -2.451504
v 2.344753 5.405675 -2.470106
v 0.652084 4.457389 -2.664974
v 0.644942 4.475731 -2.648080
v 0.635190 4.475731 -2.672116
v 0.644942 5.128458 -2.648080
v 0.652084 5.146799 -2.664974
v 0.635190 5.128458 -2.672116
v 1.132690 4.457389 -3.801713
v 1.115796 4.475731 -3.808856
v 1.139832 4.475731 -3.818607
v 1.132690 5.146799 -3.801713
v 1.139832 5.128458 -3.818607
v 1.115796 5.128458 -3.808856
v 1.587997 4.457389 -2.269276
v 1.604891 4.475731 -2.262134
v 1.580854 4.475731 -2.252382
v 1.587997 5.146799 -2.269276
v 1.580854 5.128458 -2.252382
v 1.604891 5.128458 -2.262134
v 2.068603 4.457389 -3.406016
v 2.075745 4.475731 -3.422909
v 2.085496 4.475731 -3.398873
v 2.068603 5.146799 -3.406016
v 2.085496 5.128458 -3.398873
v 2.075745 5.128458 -3.422909
v 1.260369 4.535375 -3.577270
v 1.260369 4.923455 -3.577270
v 1.468100 4.535375 -4.068600
v 1.468100 4.923455 -4.068600
v 1.818642 4.535375 -3.341236
v 1.818642 4.923455 -3.341236
v 2.026372 4.535375 -3.832566
v 2.026372 4.923455 -3.832566
v -0.484600 7.118379 -1.220284
v -0.490314 7.133052 -1.206769
v -0.498115 7.133052 -1.225998
v -0.490314 8.067462 -1.206769
v -0.484600 8.082136 -1.220284
v -0.498115 8.067462 -1.225998
v -0.375006 7.118379 -1.479498
v -0.388521 7.133052 -1.485212
v -0.369292 7.133052 -1.493013
v -0.375006 8.082136 -1.479498
v -0.369291 8.067462 -1.493013
v -0.388521 8.067462 -1.485212
v -0.225385 7.118379 -1.110690
v -0.211870 7.133052 -1.104976
v -0.231099 7.133052 -1.097175
v -0.225385 8.082136 -1.110690
v -0.231099 8.067462 -1.097175
v -0.211870 8.067462 -1.104976
v -0.115791 7.118379 -1.369904
v -0.110077 7.133052 -1.383419
v -0.102276 7.133052 -1.364190
v -0.115791 8.082136 -1.369904
v -0.102276 8.067462 -1.364190
v -0.110077 8.067462 -1.383419
v -0.092360 7.033208 -1.054447
v -0.098074 7.047882 -1.040932
v -0.105875 7.047882 -1.060161
v -0.098074 8.152635 -1.040932
v -0.092360 8.167308 -1.054447
v -0.105875 8.152635 -1.060161
v 0.017234 7.033208 -1.313662
v 0.003719 7.047882 -1.319376
v 0.022948 7.047882 -1.327177
v 0.017234 8.167308 -1.313662
v 0.022948 8.152635 -1.327177
v 0.003719 8.152635 -1.319376
v 0.166855 7.033208 -0.944853
v 0.180370 7.047882 -0.939139
v 0.161141 7.047882 -0.931338
v 0.166855 8.167308 -0.944853
v 0.161141 8.152635 -0.931338
v 0.180370 8.152635 -0.939139
v 0.276449 7.033208 -1.204068
v 0.282163 7.047882 -1.217583
v 0.289964 7.047882 -1.198354
v 0.276449 8.167308 -1.204068
v 0.289964 8.152635 -1.198354
v 0.282163 8.152635 -1.217583
v 0.299880 6.948036 -0.888611
v 0.294166 6.962710 -0.875096
v 0.286365 6.962710 -0.894325
v 0.294166 8.237805 -0.875096
v 0.299880 8.252479 -0.888611
v 0.286365 8.237805 -0.894325
v 0.409474 6.948036 -1.147825
v 0.395959 6.962710 -1.153539
v 0.415189 6.962710 -1.161340
v 0.409474 8.252479 -1.147825
v 0.415189 8.237805 -1.161340
v 0.395959 8.237805 -1.153539
v 0.559095 6.948036 -0.779017
v 0.572610 6.962710 -0.773303
v 0.553381 6.962710 -0.765502
v 0.559095 8.252479 -0.779017
v 0.553381 8.237805 -0.765502
v 0.572610 8.237805 -0.773303
v 0.668689 6.948036 -1.038231
v 0.674403 6.962710 -1.051746
v 0.682204 6.962710 -1.032517
v 0.668689 8.252479 -1.038231
v 0.682204 8.237805 -1.032517
v 0.674403 8.237805 -1.051746
v 0.692121 6.862864 -0.722775
v 0.686406 6.877538 -0.709260
v 0.678605 6.877538 -0.728489
v 0.686406 8.322977 -0.709260
v 0.692121 8.337650 -0.722775
v 0.678605 8.322977 -0.728489
v 0.801715 6.862864 -0.981989
v 0.788199 6.877538 -0.987703
v 0.807429 6.877538 -0.995504
v 0.801715 8.337650 -0.981989
v 0.807429 8.322977 -0.995504
v 0.788199 8.322977 -0.987703
v 0.951335 6.862864 -0.613180
v 0.964850 6.877538 -0.607466
v 0.945621 6.877538 -0.599665
v 0.951335 8.337650 -0.613180
v 0.945621 8.322977 -0.599665
v 0.964850 8.322977 -0.607466
v 1.060929 6.862864 -0.872395
v 1.066643 6.877538 -0.885910
v 1.074444 6.877538 -0.866681
v 1.060929 8.337650 -0.872395
v 1.074444 8.322977 -0.866681
v 1.066643 8.322977 -0.885910
v 1.084361 6.777694 -0.556938
v 1.078647 6.792367 -0.543423
v 1.070845 6.792367 -0.562652
v 1.078647 8.408149 -0.543423
v 1.084361 8.422822 -0.556938
v 1.070845 8.408149 -0.562652
v 1.193955 6.777694 -0.816152
v 1.180439 6.792367 -0.821866
v 1.199669 6.792367 -0.829667
v 1.193955 8.422822 -0.816152
v 1.199669 8.408149 -0.829667
v 1.180439 8.408149 -0.821866
v 1.343575 6.777694 -0.447344
v 1.357090 6.792367 -0.441630
v 1.337861 6.792367 -0.433829
v 1.343575 8.422822 -0.447344
v 1.337861 8.408149 -0.433829
v 1.357090 8.408149 -0.441630
v 1.453169 6.777694 -0.706558
v 1.458883 6.792367 -0.720073
v 1.466684 6.792367 -0.700844
v 1.453169 8.422822 -0.706558
v 1.466684 8.408149 -0.700844
v 1.458883 8.408149 -0.720073
v 1.476601 6.692522 -0.391102
v 1.470887 6.707195 -0.377587
v 1.463086 6.707195 -0.396816
v 1.470887 8.493320 -0.377587
v 1.476601 8.507994 -0.391102
v 1.463086 8.493320 -0.396816
v 1.586195 6.692522 -0.650316
v 1.572679 6.707195 -0.656030
v 1.591909 6.707195 -0.663831
v 1.586195 8.507994 -0.650316
v 1.591909 8.493320 -0.663831
v 1.572680 8.493320 -0.656030
v 1.735815 6.692522 -0.281508
v 1.749330 6.707195 -0.275793
v 1.730101 6.707195 -0.267992
v 1.735815 8.507994 -0.281508
v 1.730101 8.493320 -0.267993
v 1.749330 8.493320 -0.275793
v 1.845409 6.692522 -0.540722
v 1.851123 6.707195 -0.554237
v 1.858924 6.707195 -0.535008
v 1.845409 8.507994 -0.540722
v 1.858924 8.493320 -0.535008
v 1.851123 8.493320 -0.554237
v -0.589376 2.862178 0.057080
v -0.597947 2.884187 0.077353
v -0.609648 2.884187 0.048509
v -0.597947 3.958178 0.077353
v -0.589376 3.980188 0.057080
v -0.609648 3.958178 0.048509
v -0.128690 2.862178 -1.032544
v -0.148963 2.884187 -1.041115
v -0.120119 2.884187 -1.052816
v -0.128690 3.980188 -1.032544
v -0.120119 3.958178 -1.052816
v -0.148963 3.958178 -1.041115
v 0.500248 2.862178 0.517766
v 0.520521 2.884187 0.526337
v 0.491677 2.884187 0.538038
v 0.500248 3.980188 0.517766
v 0.491677 3.958178 0.538038
v 0.520521 3.958178 0.526337
v 0.960934 2.862178 -0.571858
v 0.969505 2.884187 -0.592131
v 0.981206 2.884187 -0.563287
v 0.960934 3.980188 -0.571858
v 0.981206 3.958178 -0.563287
v 0.969505 3.958178 -0.592131
v -2.513141 1.350723 2.570658
v -2.532588 1.400660 2.616654
v -2.559136 1.400660 2.551212
v -2.532588 3.988114 2.616654
v -2.513141 4.038051 2.570658
v -2.559136 3.988114 2.551212
v -1.080998 1.350723 -0.816680
v -1.126993 1.400660 -0.836126
v -1.061551 1.400660 -0.862675
v -1.080998 4.038051 -0.816680
v -1.061551 3.988114 -0.862675
v -1.126993 3.988114 -0.836126
v 0.037418 1.350723 3.649018
v 0.083413 1.400660 3.668464
v 0.017972 1.400660 3.695013
v 0.037418 4.038051 3.649018
v 0.017972 3.988114 3.695013
v 0.083413 3.988114 3.668464
v 1.469562 1.350723 0.261679
v 1.489008 1.400660 0.215684
v 1.515557 1.400660 0.281126
v 1.469562 4.038051 0.261679
v 1.515557 3.988114 0.281126
v 1.489008 3.988114 0.215684
v 0.349569 1.476641 3.106686
v 0.349569 1.731747 3.106686
v 0.448912 1.476641 2.871717
v 0.448912 1.731747 2.871717
v 0.452447 1.472220 3.128827
v 0.440716 1.476641 3.145222
v 0.420877 1.472220 3.141634
v 0.440715 1.731747 3.145222
v 0.443066 1.712078 3.151016
v 0.523663 1.472220 2.898522
v 0.540059 1.476641 2.910253
v 0.540059 1.731747 2.910254
v 0.545852 1.712078 2.907903
v 0.365964 2.199015 3.118418
v 0.349569 2.203436 3.106686
v 0.349569 2.458543 3.106686
v 0.437180 2.199015 2.888113
v 0.448912 2.203436 2.871717
v 0.446562 2.223106 2.865924
v 0.468750 2.462964 2.875305
v 0.448912 2.458543 2.871717
v 0.440716 2.203436 3.145222
v 0.440715 2.458543 3.145222
v 0.540059 2.203436 2.910253
v 0.540059 2.458543 2.910254
v 0.349569 2.930233 3.106686
v 0.349569 3.185338 3.106686
v 0.448912 2.930233 2.871717
v 0.446562 2.949902 2.865924
v 0.468750 3.189758 2.875305
v 0.448912 3.185338 2.871717
v 0.452447 2.925812 3.128827
v 0.440716 2.930233 3.145222
v 0.440715 3.185338 3.145222
v 0.523663 2.925812 2.898522
v 0.540059 2.930233 2.910253
v 0.540059 3.185338 2.910254
v 0.365964 3.652607 3.118418
v 0.349569 3.657027 3.106686
v 0.349569 3.912134 3.106686
v 0.437180 3.652607 2.888113
v 0.448912 3.657027 2.871717
v 0.446562 3.676697 2.865924
v 0.468750 3.916554 2.875305
v 0.448912 3.912134 2.871717
v 0.440716 3.657027 3.145222
v 0.420877 3.652607 3.141634
v 0.440715 3.912134 3.145222
v 0.443066 3.892464 3.151016
v 0.540059 3.657027 2.910253
v 0.540059 3.912134 2.910254
v 0.632596 1.476641 2.437263
v 0.636184 1.472220 2.417424
v 0.632596 1.731747 2.437263
v 0.731940 1.476641 2.202294
v 0.751778 1.472220 2.205882
v 0.731939 1.731747 2.202294
v 0.723743 1.476641 2.475799
v 0.703905 1.472220 2.472211
v 0.723743 1.731747 2.475799
v 0.726093 1.712078 2.481592
v 0.735475 1.736168 2.459404
v 0.806691 1.472220 2.229099
v 0.823086 1.476641 2.240831
v 0.823086 1.731747 2.240831
v 0.828880 1.712078 2.238480
v 0.806691 1.736168 2.229099
v 0.632596 2.203436 2.437263
v 0.636184 2.199015 2.417424
v 0.632596 2.458543 2.437263
v 0.731940 2.203436 2.202294
v 0.751778 2.199015 2.205882
v 0.731939 2.458543 2.202294
v 0.723743 2.203436 2.475799
v 0.723743 2.458543 2.475799
v 0.735475 2.462964 2.459404
v 0.823086 2.203436 2.240831
v 0.823086 2.458543 2.240831
v 0.806691 2.462964 2.229099
v 0.632596 2.930233 2.437263
v 0.636184 2.925812 2.417424
v 0.632596 3.185338 2.437263
v 0.731940 2.930233 2.202294
v 0.751778 2.925812 2.205882
v 0.731939 3.185338 2.202294
v 0.723743 2.930233 2.475799
v 0.723743 3.185338 2.475799
v 0.735475 3.189758 2.459404
v 0.823086 2.930233 2.240831
v 0.823086 3.185338 2.240831
v 0.806691 3.189758 2.229099
v 0.632596 3.657027 2.437263
v 0.636184 3.652607 2.417424
v 0.632596 3.912134 2.437263
v 0.731940 3.657027 2.202294
v 0.751778 3.652607 2.205882
v 0.731939 3.912134 2.202294
v 0.723743 3.657027 2.475799
v 0.703905 3.916554 2.472211
v 0.723743 3.912134 2.475799
v 0.823086 3.657027 2.240831
v 0.819498 3.916554 2.260669
v 0.823086 3.912134 2.240831
v 0.915624 1.476641 1.767840
v 0.915624 1.731747 1.767840
v 1.014967 1.476641 1.532871
v 1.014967 1.731747 1.532871
v 1.006771 1.476641 1.806376
v 0.986932 1.472220 1.802788
v 0.986932 1.736168 1.802788
v 1.006771 1.731747 1.806376
v 1.009121 1.712078 1.812169
v 1.089718 1.472220 1.559676
v 1.106114 1.476641 1.571407
v 1.102526 1.736168 1.591246
v 1.106114 1.731747 1.571407
v 1.111907 1.712078 1.569057
v 0.915624 2.203436 1.767840
v 0.915624 2.458543 1.767840
v 1.014967 2.203436 1.532871
v 1.012617 2.223106 1.527078
v 1.034805 2.462964 1.536459
v 1.014967 2.458543 1.532871
v 1.006771 2.203436 1.806376
v 0.986932 2.462964 1.802788
v 1.006771 2.458543 1.806376
v 1.106114 2.203436 1.571407
v 1.102526 2.462964 1.591246
v 1.106114 2.458543 1.571407
v 0.915624 2.930233 1.767840
v 0.915624 3.185338 1.767840
v 1.014967 2.930233 1.532871
v 1.014967 3.185338 1.532871
v 1.006771 2.930233 1.806376
v 1.006771 3.185338 1.806376
v 1.106114 2.930233 1.571407
v 1.106114 3.185338 1.571407
v 0.915624 3.657027 1.767840
v 0.915624 3.912134 1.767840
v 1.014967 3.657027 1.532871
v 1.014967 3.912134 1.532871
v 1.006771 3.657027 1.806376
v 0.986932 3.916554 1.802788
v 1.006771 3.912134 1.806376
v 1.106114 3.657027 1.571407
v 1.102526 3.916554 1.591246
v 1.106114 3.912134 1.571407
v 1.198651 1.476641 1.098417
v 1.198651 1.731747 1.098417
v 1.297995 1.476641 0.863448
v 1.297994 1.731747 0.863448
v 1.289798 1.476641 1.136953
v 1.292148 1.496310 1.142746
v 1.269960 1.736168 1.133365
v 1.289798 1.731747 1.136953
v 1.389141 1.476641 0.901985
v 1.394935 1.496310 0.899634
v 1.389141 1.731747 0.901985
v 1.372746 1.736168 0.890253
v 1.198651 2.203436 1.098417
v 1.198651 2.458543 1.098417
v 1.297994 2.203436 0.863448
v 1.297994 2.458543 0.863448
v 1.289798 2.203436 1.136953
v 1.289798 2.458543 1.136953
v 1.389141 2.203436 0.901985
v 1.389141 2.458543 0.901985
v 1.198651 2.930233 1.098417
v 1.198651 3.185338 1.098417
v 1.297994 2.930233 0.863448
v 1.297994 3.185338 0.863448
v 1.289798 2.930233 1.136953
v 1.289798 3.185338 1.136953
v 1.389141 2.930233 0.901985
v 1.389141 3.185338 0.901985
v 1.198651 3.657027 1.098417
v 1.198651 3.912134 1.098417
v 1.297994 3.657027 0.863448
v 1.297994 3.912134 0.863448
v 1.289798 3.657027 1.136953
v 1.289798 3.912134 1.136953
v 1.389141 3.657027 0.901985
v 1.389141 3.912134 0.901985
v -2.432721 1.476641 1.930353
v -2.432721 1.731747 1.930353
v -2.429133 1.736168 1.910515
v -2.333378 1.476641 1.695384
v -2.313540 1.736168 1.698972
v -2.333378 1.731747 1.695384
v -2.329843 1.472220 1.952494
v -2.341574 1.476641 1.968889
v -2.339224 1.496310 1.974682
v -2.361413 1.736168 1.965302
v -2.341574 1.731747 1.968889
v -2.258626 1.472220 1.722189
v -2.242231 1.476641 1.733920
v -2.242231 1.731747 1.733920
v -2.236438 1.712078 1.731570
v -2.432721 2.203436 1.930353
v -2.432721 2.458543 1.930353
v -2.333378 2.203436 1.695384
v -2.333378 2.458543 1.695384
v -2.329843 2.199015 1.952494
v -2.341574 2.203436 1.968889
v -2.339224 2.223106 1.974682
v -2.361413 2.462964 1.965302
v -2.341574 2.458543 1.968889
v -2.258626 2.199015 1.722189
v -2.242231 2.203436 1.733920
v -2.245819 2.462964 1.753759
v -2.242231 2.458543 1.733920
v -2.236438 2.438874 1.731570
v -2.432721 2.930233 1.930353
v -2.432721 3.185338 1.930353
v -2.333378 2.930233 1.695384
v -2.333378 3.185338 1.695384
v -2.329843 2.925812 1.952494
v -2.341574 2.930233 1.968889
v -2.339224 2.949902 1.974682
v -2.361413 3.189758 1.965302
v -2.341574 3.185338 1.968889
v -2.258626 2.925812 1.722189
v -2.242231 2.930233 1.733920
v -2.245819 3.189758 1.753759
v -2.242231 3.185338 1.733920
v -2.236438 3.165669 1.731570
v -2.416326 3.652607 1.942084
v -2.432721 3.657027 1.930353
v -2.432721 3.912134 1.930353
v -2.345109 3.652607 1.711780
v -2.333378 3.657027 1.695384
v -2.335728 3.676697 1.689591
v -2.313540 3.916554 1.698972
v -2.333378 3.912134 1.695384
v -2.341574 3.657027 1.968889
v -2.361413 3.916554 1.965302
v -2.341574 3.912134 1.968889
v -2.242231 3.657027 1.733920
v -2.245819 3.916554 1.753759
v -2.242231 3.912134 1.733920
v -2.133298 1.472220 1.272661
v -2.149693 1.476641 1.260930
v -2.133298 1.736168 1.272661
v -2.149693 1.731747 1.260930
v -2.155487 1.712078 1.263280
v -2.050350 1.476641 1.025961
v -2.050350 1.731747 1.025961
v -2.062081 1.736168 1.042356
v -2.046815 1.472220 1.283071
v -2.058546 1.476641 1.299466
v -2.058546 1.731747 1.299466
v -1.975598 1.472220 1.052766
v -1.959203 1.476641 1.064497
v -1.953410 1.496310 1.062147
v -1.959203 1.731747 1.064497
v -1.975598 1.736168 1.052766
v -2.149693 2.203436 1.260930
v -2.149693 2.458543 1.260930
v -2.050350 2.203436 1.025961
v -2.050350 2.458543 1.025961
v -2.058546 2.203436 1.299466
v -2.058546 2.458543 1.299466
v -2.046815 2.462964 1.283071
v -1.959203 2.203436 1.064497
v -1.959203 2.458543 1.064497
v -1.975598 2.462964 1.052766
v -2.149693 2.930233 1.260930
v -2.149693 3.185338 1.260930
v -2.050350 2.930233 1.025961
v -2.050350 3.185338 1.025961
v -2.046815 2.925812 1.283071
v -2.058546 2.930233 1.299466
v -2.078385 3.189758 1.295878
v -2.058546 3.185338 1.299466
v -1.975598 2.925812 1.052766
v -1.959203 2.930233 1.064497
v -1.962791 3.189758 1.084336
v -1.959203 3.185338 1.064497
v -2.149693 3.657027 1.260930
v -2.149693 3.912134 1.260930
v -2.050350 3.657027 1.025961
v -2.050350 3.912134 1.025961
v -2.046815 3.652607 1.283071
v -2.058546 3.657027 1.299466
v -2.058546 3.912134 1.299466
v -2.046815 3.916554 1.283071
v -1.975598 3.652607 1.052766
v -1.959203 3.657027 1.064497
v -1.959203 3.912134 1.064497
v -1.975598 3.916554 1.052766
v -1.866666 1.476641 0.591507
v -1.866666 1.731747 0.591507
v -1.767323 1.476641 0.356538
v -1.767323 1.731747 0.356538
v -1.763788 1.472220 0.613648
v -1.775519 1.476641 0.630043
v -1.773169 1.496310 0.635836
v -1.795357 1.736168 0.626455
v -1.775519 1.731747 0.630043
v -1.692571 1.472220 0.383343
v -1.676176 1.476641 0.395074
v -1.676176 1.731747 0.395074
v -1.670383 1.712078 0.392724
v -1.866666 2.203436 0.591507
v -1.866666 2.458543 0.591507
v -1.767323 2.203436 0.356538
v -1.767323 2.458543 0.356538
v -1.763788 2.199015 0.613648
v -1.775519 2.203436 0.630043
v -1.773169 2.223106 0.635836
v -1.795357 2.462964 0.626455
v -1.775519 2.458543 0.630043
v -1.763787 2.462964 0.613648
v -1.692571 2.199015 0.383343
v -1.676176 2.203436 0.395074
v -1.676176 2.458543 0.395074
v -1.670383 2.438874 0.392724
v -1.692571 2.462964 0.383343
v -1.866666 2.930233 0.591507
v -1.866666 3.185338 0.591507
v -1.767323 2.930233 0.356538
v -1.767323 3.185338 0.356538
v -1.763788 2.925812 0.613648
v -1.775519 2.930233 0.630043
v -1.773169 2.949902 0.635836
v -1.795357 3.189758 0.626455
v -1.775519 3.185338 0.630043
v -1.692571 2.925812 0.383343
v -1.676176 2.930233 0.395074
v -1.676176 3.185338 0.395074
v -1.670383 3.165669 0.392724
v -1.866666 3.657027 0.591507
v -1.866666 3.912134 0.591507
v -1.767323 3.657027 0.356538
v -1.767323 3.912134 0.356538
v -1.763788 3.652607 0.613648
v -1.775519 3.657027 0.630043
v -1.775519 3.912134 0.630043
v -1.763787 3.916554 0.613648
v -1.692571 3.652607 0.383343
v -1.676176 3.657027 0.395074
v -1.676176 3.912134 0.395074
v -1.670383 3.892464 0.392724
v -1.692571 3.916554 0.383343
v -1.583638 1.476641 -0.077916
v -1.583638 1.731747 -0.077916
v -1.484295 1.476641 -0.312885
v -1.484295 1.731747 -0.312885
v -1.492491 1.476641 -0.039380
v -1.512330 1.472220 -0.042968
v -1.492491 1.731747 -0.039380
v -1.490141 1.712078 -0.033587
v -1.393148 1.476641 -0.274349
v -1.387355 1.496310 -0.276699
v -1.393148 1.731747 -0.274349
v -1.409544 1.736168 -0.286080
v -1.583638 2.203436 -0.077916
v -1.583638 2.458543 -0.077916
v -1.484295 2.203436 -0.312885
v -1.484295 2.458543 -0.312885
v -1.492491 2.203436 -0.039380
v -1.492491 2.458543 -0.039380
v -1.393148 2.203436 -0.274349
v -1.393148 2.458543 -0.274349
v -1.583638 2.930233 -0.077916
v -1.583638 3.185338 -0.077916
v -1.484295 2.930233 -0.312885
v -1.484295 3.185338 -0.312885
v -1.492491 2.930233 -0.039380
v -1.492491 3.185338 -0.039380
v -1.393148 2.930233 -0.274349
v -1.393148 3.185338 -0.274349
v -1.583638 3.657027 -0.077916
v -1.583638 3.912134 -0.077916
v -1.484295 3.657027 -0.312885
v -1.484295 3.912134 -0.312885
v -1.492491 3.657027 -0.039380
v -1.492491 3.912134 -0.039380
v -1.393148 3.657027 -0.274349
v -1.393148 3.912134 -0.274349
v -0.881223 1.472220 -0.810274
v -0.897618 1.476641 -0.822005
v -0.903411 1.496310 -0.819655
v -0.897618 1.731747 -0.822005
v -0.894030 1.736168 -0.841843
v -0.859082 1.476641 -0.913152
v -0.859082 1.731747 -0.913152
v -0.650918 1.472220 -0.739057
v -0.662649 1.476641 -0.722662
v -0.682488 1.736168 -0.726250
v -0.662649 1.731747 -0.722662
v -0.624113 1.476641 -0.813809
v -0.618320 1.496310 -0.816159
v -0.627701 1.736168 -0.793971
v -0.624113 1.731747 -0.813809
v -0.881223 2.199015 -0.810274
v -0.897618 2.203436 -0.822005
v -0.897618 2.458543 -0.822005
v -0.894030 2.462964 -0.841843
v -0.870813 2.199015 -0.896757
v -0.859082 2.203436 -0.913152
v -0.859082 2.458543 -0.913152
v -0.861432 2.438874 -0.918945
v -0.650918 2.199015 -0.739057
v -0.662649 2.203436 -0.722662
v -0.682488 2.462964 -0.726250
v -0.662649 2.458543 -0.722662
v -0.660299 2.438874 -0.716869
v -0.624113 2.203436 -0.813809
v -0.624113 2.458543 -0.813809
v -0.897618 2.930233 -0.822005
v -0.897618 3.185338 -0.822005
v -0.894030 3.189758 -0.841843
v -0.870813 2.925812 -0.896757
v -0.859082 2.930233 -0.913152
v -0.859082 3.185338 -0.913152
v -0.662649 2.930233 -0.722662
v -0.682488 3.189758 -0.726250
v -0.662649 3.185338 -0.722662
v -0.640508 2.925812 -0.825540
v -0.624113 2.930233 -0.813809
v -0.624113 3.185338 -0.813809
v -0.897618 3.657027 -0.822005
v -0.897618 3.912134 -0.822005
v -0.894030 3.916554 -0.841843
v -0.870813 3.652607 -0.896757
v -0.859082 3.657027 -0.913152
v -0.859082 3.912134 -0.913152
v -0.662649 3.657027 -0.722662
v -0.682488 3.916554 -0.726250
v -0.662649 3.912134 -0.722662
v -0.640508 3.652607 -0.825540
v -0.624113 3.657027 -0.813809
v -0.624113 3.912134 -0.813809
v -0.211800 1.472220 -0.527246
v -0.228195 1.476641 -0.538977
v -0.233988 1.496310 -0.536627
v -0.228195 1.731747 -0.538977
v -0.224607 1.736168 -0.558816
v -0.189659 1.476641 -0.630124
v -0.169820 1.736168 -0.626537
v -0.189659 1.731747 -0.630125
v 0.018505 1.472220 -0.456030
v 0.006774 1.476641 -0.439634
v 0.006774 1.731747 -0.439634
v 0.045310 1.476641 -0.530781
v 0.041722 1.472220 -0.510943
v 0.041722 1.736168 -0.510943
v 0.045310 1.731747 -0.530781
v 0.051103 1.712078 -0.533132
v -0.228195 2.203436 -0.538977
v -0.228195 2.458543 -0.538977
v -0.201390 2.199015 -0.613729
v -0.189659 2.203436 -0.630124
v -0.169820 2.462964 -0.626537
v -0.189659 2.458543 -0.630125
v -0.192009 2.438874 -0.635918
v 0.018505 2.199015 -0.456030
v 0.006774 2.203436 -0.439634
v 0.006774 2.458543 -0.439634
v 0.009124 2.438874 -0.433841
v 0.045310 2.203436 -0.530781
v 0.041722 2.462964 -0.510943
v 0.045310 2.458543 -0.530781
v -0.228195 2.930233 -0.538977
v -0.228195 3.185338 -0.538977
v -0.189659 2.930233 -0.630124
v -0.169820 3.189758 -0.626537
v -0.189659 3.185338 -0.630125
v 0.006774 2.930233 -0.439634
v 0.006774 3.185338 -0.439634
v 0.045310 2.930233 -0.530781
v 0.041722 3.189758 -0.510943
v 0.045310 3.185338 -0.530781
v -0.211800 3.652607 -0.527246
v -0.228195 3.657027 -0.538977
v -0.233988 3.676697 -0.536627
v -0.228195 3.912134 -0.538977
v -0.224607 3.916554 -0.558816
v -0.189659 3.657027 -0.630124
v -0.169820 3.916554 -0.626537
v -0.189659 3.912134 -0.630125
v 0.018505 3.652607 -0.456030
v 0.006774 3.657027 -0.439634
v 0.006774 3.912134 -0.439634
v 0.009124 3.892464 -0.433841
v 0.045310 3.657027 -0.530781
v 0.041722 3.916554 -0.510943
v 0.045310 3.912134 -0.530781
v 0.441228 1.476641 -0.255950
v 0.435435 1.496310 -0.253600
v 0.441228 1.731747 -0.255950
v 0.444816 1.736168 -0.275788
v 0.468033 1.472220 -0.330702
v 0.479765 1.476641 -0.347097
v 0.499603 1.736168 -0.343509
v 0.479765 1.731747 -0.347097
v 0.676197 1.476641 -0.156607
v 0.676197 1.731747 -0.156607
v 0.698338 1.472220 -0.259485
v 0.714733 1.476641 -0.247754
v 0.711145 1.472220 -0.227916
v 0.711145 1.736168 -0.227916
v 0.714733 1.731747 -0.247754
v 0.720526 1.712078 -0.250104
v 0.441228 2.203436 -0.255950
v 0.441228 2.458543 -0.255950
v 0.468033 2.199015 -0.330702
v 0.479765 2.203436 -0.347097
v 0.479765 2.458543 -0.347097
v 0.477414 2.438874 -0.352890
v 0.687928 2.199015 -0.173002
v 0.676197 2.203436 -0.156607
v 0.676197 2.458543 -0.156607
v 0.678547 2.438874 -0.150814
v 0.698338 2.199015 -0.259485
v 0.714733 2.203436 -0.247754
v 0.714733 2.458543 -0.247754
v 0.441228 2.930233 -0.255950
v 0.441228 3.185338 -0.255950
v 0.468033 2.925812 -0.330702
v 0.479765 2.930233 -0.347097
v 0.479765 3.185338 -0.347097
v 0.676197 2.930233 -0.156607
v 0.676197 3.185338 -0.156607
v 0.698338 2.925812 -0.259485
v 0.714733 2.930233 -0.247754
v 0.714733 3.185338 -0.247754
v 0.441228 3.657027 -0.255950
v 0.435435 3.676697 -0.253600
v 0.441228 3.912134 -0.255950
v 0.444816 3.916554 -0.275788
v 0.468033 3.652607 -0.330702
v 0.479765 3.657027 -0.347097
v 0.479765 3.912134 -0.347097
v 0.676197 3.657027 -0.156607
v 0.676197 3.912134 -0.156607
v 0.698338 3.652607 -0.259485
v 0.714733 3.657027 -0.247754
v 0.714733 3.912134 -0.247754
v 1.127046 1.472220 0.038809
v 1.110651 1.476641 0.027078
v 1.104858 1.496310 0.029428
v 1.110651 1.731747 0.027078
v 1.114239 1.736168 0.007239
v 1.149187 1.476641 -0.064069
v 1.149188 1.731747 -0.064069
v 1.357351 1.472220 0.110026
v 1.345620 1.476641 0.126421
v 1.345620 1.731747 0.126421
v 1.347970 1.712078 0.132214
v 1.384156 1.476641 0.035274
v 1.384156 1.731747 0.035274
v 1.127046 2.199015 0.038809
v 1.110651 2.203436 0.027078
v 1.104858 2.223106 0.029428
v 1.110651 2.458543 0.027078
v 1.114239 2.462964 0.007239
v 1.149187 2.203436 -0.064069
v 1.149188 2.458543 -0.064069
v 1.357351 2.199015 0.110026
v 1.345620 2.203436 0.126421
v 1.325782 2.462964 0.122833
v 1.345620 2.458543 0.126421
v 1.347970 2.438874 0.132214
v 1.384156 2.203436 0.035274
v 1.384156 2.458543 0.035274
v 1.127046 2.925812 0.038809
v 1.110651 2.930233 0.027078
v 1.104858 2.949902 0.029428
v 1.110651 3.185338 0.027078
v 1.114239 3.189758 0.007239
v 1.149187 2.930233 -0.064069
v 1.149188 3.185338 -0.064069
v 1.357351 2.925812 0.110026
v 1.345620 2.930233 0.126421
v 1.325782 3.189758 0.122833
v 1.345620 3.185338 0.126421
v 1.384156 2.930233 0.035274
v 1.384156 3.185338 0.035274
v 1.127046 3.652607 0.038809
v 1.110651 3.657027 0.027078
v 1.104858 3.676697 0.029428
v 1.110651 3.912134 0.027078
v 1.114239 3.916554 0.007239
v 1.149187 3.657027 -0.064069
v 1.149188 3.912134 -0.064069
v 1.357351 3.652607 0.110026
v 1.345620 3.657027 0.126421
v 1.345620 3.912134 0.126421
v 1.384156 3.657027 0.035274
v 1.384156 3.912134 0.035274
v -2.117622 4.050235 2.063575
v -2.117622 4.149195 2.063575
v -2.123415 4.129526 2.065925
v -2.018279 4.050235 1.828606
v -1.998440 4.045815 1.832194
v -2.018279 4.149195 1.828606
v -2.030010 4.153615 1.845001
v -1.882653 4.050235 2.162918
v -1.880303 4.069905 2.168711
v -1.902491 4.153615 2.159330
v -1.882653 4.149195 2.162918
v -1.783310 4.050235 1.927949
v -1.777516 4.069905 1.925599
v -1.786898 4.045815 1.947787
v -1.783310 4.149195 1.927949
v -1.834594 4.050235 1.394151
v -1.834594 4.149195 1.394151
v -1.840387 4.129526 1.396502
v -1.735251 4.050235 1.159183
v -1.735251 4.149195 1.159183
v -1.737601 4.129526 1.153390
v -1.746982 4.153615 1.175578
v -1.599625 4.050235 1.493495
v -1.597275 4.069905 1.499288
v -1.619464 4.153615 1.489907
v -1.599625 4.149195 1.493495
v -1.500282 4.050235 1.258526
v -1.503870 4.045815 1.278364
v -1.500282 4.149195 1.258526
v -1.516677 4.153615 1.246795
v -1.551567 4.050235 0.724729
v -1.551567 4.149195 0.724729
v -1.557360 4.129526 0.727079
v -1.452223 4.050235 0.489760
v -1.454574 4.069905 0.483967
v -1.452223 4.149195 0.489760
v -1.463955 4.153615 0.506155
v -1.316598 4.050235 0.824072
v -1.314247 4.069905 0.829865
v -1.336436 4.153615 0.820484
v -1.316598 4.149195 0.824072
v -1.233650 4.045815 0.577372
v -1.217255 4.050235 0.589103
v -1.220843 4.045815 0.608941
v -1.217255 4.149195 0.589103
v -1.268539 4.050235 0.055305
v -1.268539 4.149195 0.055305
v -1.274332 4.129526 0.057656
v -1.169196 4.050235 -0.179663
v -1.171546 4.069905 -0.185456
v -1.169196 4.149195 -0.179663
v -1.180927 4.153615 -0.163268
v -1.033570 4.050235 0.154649
v -1.031220 4.069905 0.160442
v -1.053409 4.153615 0.151061
v -1.033570 4.149195 0.154649
v -0.950623 4.045815 -0.092051
v -0.934227 4.050235 -0.080320
v -0.937815 4.045815 -0.060482
v -0.934227 4.149195 -0.080320
v -1.448199 4.050235 2.346602
v -1.453992 4.069905 2.348953
v -1.448199 4.149195 2.346602
v -1.453992 4.129526 2.348953
v -1.348855 4.050235 2.111634
v -1.329017 4.045815 2.115222
v -1.348855 4.149195 2.111633
v -1.360586 4.153615 2.128029
v -1.213230 4.050235 2.445945
v -1.233068 4.045815 2.442357
v -1.213230 4.149195 2.445946
v -1.210880 4.129526 2.451739
v -1.113887 4.050235 2.210976
v -1.108094 4.069905 2.208626
v -1.117475 4.153615 2.230815
v -1.113887 4.149195 2.210977
v -1.165171 4.050235 1.677179
v -1.148775 4.153615 1.688910
v -1.165171 4.149195 1.677179
v -1.170964 4.129526 1.679529
v -1.065828 4.050235 1.442211
v -1.045989 4.153615 1.445799
v -1.065828 4.149195 1.442211
v -1.077559 4.153615 1.458606
v -0.930202 4.050235 1.776522
v -0.930202 4.149195 1.776522
v -0.927852 4.129526 1.782315
v -0.830859 4.050235 1.541554
v -0.834447 4.153615 1.561392
v -0.830859 4.149195 1.541554
v -0.825066 4.129526 1.539204
v -0.882143 4.050235 1.007756
v -0.887936 4.069905 1.010106
v -0.882143 4.149195 1.007756
v -0.887936 4.129526 1.010106
v -0.782800 4.050235 0.772787
v -0.762962 4.153615 0.776375
v -0.782800 4.149195 0.772787
v -0.794531 4.153615 0.789183
v -0.635443 4.045815 1.090704
v -0.647175 4.050235 1.107099
v -0.667013 4.045815 1.103511
v -0.647175 4.149195 1.107099
v -0.547832 4.050235 0.872131
v -0.542038 4.069905 0.869780
v -0.547832 4.149195 0.872131
v -0.542039 4.129526 0.869780
v -0.599116 4.050235 0.338333
v -0.582720 4.153615 0.350064
v -0.599116 4.149195 0.338333
v -0.604909 4.129526 0.340683
v -0.499773 4.050235 0.103364
v -0.479934 4.153615 0.106952
v -0.499773 4.149195 0.103365
v -0.511504 4.153615 0.119760
v -0.364147 4.050235 0.437676
v -0.364147 4.149195 0.437676
v -0.361797 4.129526 0.443469
v -0.264804 4.050235 0.202708
v -0.268392 4.153615 0.222546
v -0.264804 4.149195 0.202708
v -0.259011 4.129526 0.200357
v -0.778776 4.050235 2.629630
v -0.778776 4.149195 2.629630
v -0.784569 4.129526 2.631980
v -0.679432 4.050235 2.394661
v -0.659594 4.045815 2.398249
v -0.679432 4.149195 2.394661
v -0.691163 4.153615 2.411056
v -0.543807 4.050235 2.728973
v -0.563645 4.153615 2.725385
v -0.543807 4.149195 2.728973
v -0.541457 4.129526 2.734766
v -0.444464 4.050235 2.494004
v -0.438671 4.069905 2.491654
v -0.448052 4.153615 2.513843
v -0.444464 4.149195 2.494004
v -0.495748 4.050235 1.960207
v -0.495748 4.149195 1.960207
v -0.501541 4.129526 1.962557
v -0.396405 4.050235 1.725238
v -0.396405 4.149195 1.725238
v -0.398755 4.129526 1.719445
v -0.408136 4.153615 1.741633
v -0.260779 4.050235 2.059550
v -0.280618 4.153615 2.055962
v -0.260779 4.149195 2.059550
v -0.258429 4.129526 2.065343
v -0.161436 4.050235 1.824581
v -0.165024 4.153615 1.844419
v -0.161436 4.149195 1.824581
v -0.177831 4.153615 1.812850
v -0.212720 4.050235 1.290784
v -0.212720 4.149195 1.290784
v -0.218513 4.129526 1.293134
v -0.113377 4.050235 1.055815
v -0.113377 4.149195 1.055815
v -0.115727 4.129526 1.050022
v -0.125108 4.153615 1.072210
v 0.033980 4.045815 1.373731
v 0.022248 4.050235 1.390127
v 0.002410 4.153615 1.386539
v 0.022248 4.149195 1.390127
v 0.121591 4.050235 1.155158
v 0.127385 4.069905 1.152808
v 0.121591 4.149195 1.155158
v 0.105196 4.153615 1.143427
v 0.070307 4.050235 0.621361
v 0.070307 4.149195 0.621361
v 0.064514 4.129526 0.623711
v 0.169650 4.050235 0.386392
v 0.169650 4.149195 0.386392
v 0.167300 4.129526 0.380599
v 0.157919 4.153615 0.402787
v 0.305276 4.050235 0.720704
v 0.285437 4.153615 0.717116
v 0.305276 4.149195 0.720704
v 0.307626 4.129526 0.726497
v 0.404619 4.050235 0.485735
v 0.401031 4.153615 0.505573
v 0.404619 4.149195 0.485735
v 0.388224 4.153615 0.474004
v -0.109352 4.050235 2.912657
v -0.115146 4.069905 2.915008
v -0.109352 4.149195 2.912657
v -0.115146 4.129526 2.915008
v -0.010009 4.050235 2.677689
v 0.009829 4.045815 2.681277
v -0.010009 4.149195 2.677688
v -0.021740 4.153615 2.694084
v 0.125616 4.050235 3.012000
v 0.105778 4.045815 3.008412
v 0.125616 4.149195 3.012001
v 0.127966 4.129526 3.017794
v 0.224960 4.050235 2.777032
v 0.230753 4.069905 2.774681
v 0.221371 4.153615 2.796870
v 0.224959 4.149195 2.777032
v 0.190071 4.045815 2.254966
v 0.173675 4.050235 2.243234
v 0.177263 4.045815 2.223396
v 0.173675 4.149195 2.243234
v 0.273018 4.050235 2.008265
v 0.270668 4.069905 2.002472
v 0.273018 4.149195 2.008265
v 0.270668 4.129526 2.002472
v 0.408644 4.050235 2.342577
v 0.410994 4.069905 2.348370
v 0.408644 4.149195 2.342577
v 0.410994 4.129526 2.348370
v 0.507987 4.050235 2.107609
v 0.504399 4.153615 2.127447
v 0.507987 4.149195 2.107609
v 0.491592 4.153615 2.095877
v 0.456703 4.050235 1.573811
v 0.450910 4.069905 1.576162
v 0.456703 4.149195 1.573811
v 0.450910 4.129526 1.576162
v 0.556046 4.050235 1.338842
v 0.553696 4.069905 1.333049
v 0.556046 4.149195 1.338842
v 0.544315 4.153615 1.355238
v 0.703403 4.045815 1.656759
v 0.691671 4.050235 1.673154
v 0.671833 4.045815 1.669566
v 0.691671 4.149195 1.673154
v 0.774619 4.045815 1.426454
v 0.791015 4.050235 1.438186
v 0.796808 4.069905 1.435835
v 0.791015 4.149195 1.438186
v 0.739730 4.050235 0.904388
v 0.743318 4.045815 0.884550
v 0.756126 4.153615 0.916119
v 0.739730 4.149195 0.904388
v 0.839073 4.050235 0.669419
v 0.836723 4.069905 0.663626
v 0.839073 4.149195 0.669420
v 0.974699 4.050235 1.003731
v 0.974699 4.149195 1.003731
v 0.977049 4.129526 1.009524
v 1.057647 4.045815 0.757031
v 1.074042 4.050235 0.768763
v 1.070454 4.153615 0.788601
v 1.074042 4.149195 0.768763
v -2.313545 2.349293 0.843187
v -2.323625 2.365527 0.860727
v -2.333475 2.364597 0.836749
v -2.534240 3.543983 0.901513
v -2.530610 3.563838 0.885221
v -2.544089 3.543052 0.877535
v -1.730067 2.503404 -0.596679
v -1.749997 2.518708 -0.603117
v -1.726438 2.523260 -0.612970
v -1.947132 3.717950 -0.554645
v -1.937052 3.701715 -0.572185
v -1.960611 3.697164 -0.562331
v -2.019022 2.397620 0.967710
v -2.005542 2.418406 0.975397
v -2.029101 2.413855 0.985250
v -2.236085 3.612167 1.009744
v -2.239716 3.592310 1.026036
v -2.216156 3.596862 1.016182
v -1.435544 2.551732 -0.472156
v -1.431914 2.571588 -0.488448
v -1.422065 2.572518 -0.464469
v -1.652608 3.766279 -0.430122
v -1.632679 3.750974 -0.423684
v -1.642528 3.750044 -0.447663
v -2.831290 2.318648 1.163303
v -2.831290 3.070127 1.163303
v -2.453743 2.318648 0.270319
v -2.453743 3.070127 0.270319
v -2.614005 2.318648 1.255170
v -2.614005 3.070127 1.255170
v -2.236457 2.318648 0.362186
v -2.236457 3.070127 0.362186
v 0.843046 2.397620 2.177773
v 0.837486 2.413855 2.197224
v 0.828141 2.418406 2.173459
v 0.954965 3.592311 2.376725
v 0.964123 3.612167 2.362771
v 0.945620 3.596862 2.352960
v 1.469430 2.551732 0.756047
v 1.454525 2.572518 0.751733
v 1.478588 2.571588 0.742093
v 1.590507 3.766279 0.941045
v 1.596067 3.750044 0.921594
v 1.572003 3.750974 0.931234
v 1.137570 2.349293 2.302295
v 1.156073 2.364597 2.312106
v 1.132010 2.365527 2.321747
v 1.258647 3.563838 2.487293
v 1.249489 3.543983 2.501248
v 1.273552 3.543052 2.491607
v 1.763954 2.503404 0.880570
v 1.773112 2.523260 0.866615
v 1.782457 2.518708 0.890381
v 1.885031 3.717951 1.065568
v 1.899936 3.697165 1.069882
v 1.890591 3.701716 1.046116
v 1.051363 2.318648 2.804863
v 1.051363 3.070127 2.804863
v 1.428911 2.318648 1.911879
v 1.428911 3.070127 1.911879
v 1.268649 2.318648 2.896730
v 1.268649 3.070127 2.896730
v 1.646197 2.318648 2.003746
v 1.646197 3.070127 2.003746
v -0.936564 0.589102 -0.104502
v -0.936564 1.336038 -0.104502
v -0.800475 0.589102 -0.426385
v -0.800475 1.336038 -0.426385
v -0.614682 0.589102 0.031588
v -0.614682 1.336038 0.031588
v -0.478592 0.589102 -0.290295
v -0.478592 1.336038 -0.290295
v -0.806511 0.104064 -0.308912
v -0.806511 0.855800 -0.308912
v -0.701720 0.104064 -0.556768
v -0.701720 0.855800 -0.556768
v -0.558656 0.104064 -0.204120
v -0.558656 0.855800 -0.204120
v -0.453864 0.104064 -0.451976
v -0.453864 0.855800 -0.451976
v -0.929489 0.000000 -0.372759
v -0.929489 0.221712 -0.372759
v -0.612085 0.000000 -1.123491
v -0.612085 0.221712 -1.123491
v -0.427176 0.000000 -0.160384
v -0.427176 0.221712 -0.160384
v -0.109772 0.000000 -0.911116
v -0.109771 0.221712 -0.911116
v -0.640153 0.029943 -1.045824
v -0.651209 0.058334 -1.019675
v -0.666302 0.058334 -1.056880
v -0.651209 0.163379 -1.019675
v -0.640153 0.191769 -1.045824
v -0.666302 0.163379 -1.056880
v -0.515223 0.029943 -1.341312
v -0.541372 0.058334 -1.352368
v -0.504167 0.058334 -1.367461
v -0.515223 0.191769 -1.341312
v -0.504167 0.163379 -1.367461
v -0.541372 0.163379 -1.352368
v -0.543400 0.029943 -1.004918
v -0.517251 0.058334 -0.993862
v -0.554456 0.058334 -0.978769
v -0.543400 0.191769 -1.004918
v -0.554456 0.163379 -0.978769
v -0.517251 0.163379 -0.993862
v -0.418470 0.029943 -1.300406
v -0.407415 0.058334 -1.326555
v -0.392321 0.058334 -1.289350
v -0.418470 0.191769 -1.300406
v -0.392321 0.163379 -1.289350
v -0.407415 0.163379 -1.326555
v -0.441418 0.029943 -0.961800
v -0.452474 0.058334 -0.935651
v -0.467567 0.058334 -0.972856
v -0.452474 0.163379 -0.935651
v -0.441418 0.191769 -0.961800
v -0.467567 0.163379 -0.972856
v -0.316488 0.029943 -1.257288
v -0.342637 0.058334 -1.268344
v -0.305432 0.058334 -1.283437
v -0.316488 0.191769 -1.257288
v -0.305432 0.163379 -1.283437
v -0.342637 0.163379 -1.268344
v -0.344665 0.029943 -0.920894
v -0.318516 0.058334 -0.909838
v -0.355721 0.058334 -0.894745
v -0.344665 0.191769 -0.920894
v -0.355721 0.163379 -0.894745
v -0.318516 0.163379 -0.909838
v -0.219735 0.029943 -1.216382
v -0.208680 0.058334 -1.242531
v -0.193586 0.058334 -1.205326
v -0.219735 0.191769 -1.216382
v -0.193586 0.163379 -1.205326
v -0.208680 0.163379 -1.242531
v -0.242683 0.029943 -0.877777
v -0.253739 0.058334 -0.851627
v -0.268832 0.058334 -0.888832
v -0.253739 0.163379 -0.851627
v -0.242683 0.191769 -0.877777
v -0.268832 0.163379 -0.888832
v -0.117753 0.029943 -1.173264
v -0.143902 0.058334 -1.184320
v -0.106697 0.058334 -1.199414
v -0.117753 0.191769 -1.173264
v -0.106697 0.163379 -1.199414
v -0.143902 0.163379 -1.184320
v -0.145930 0.029943 -0.836870
v -0.119781 0.058334 -0.825815
v -0.156986 0.058334 -0.810721
v -0.145930 0.191769 -0.836870
v -0.156986 0.163379 -0.810721
v -0.119781 0.163379 -0.825815
v -0.021000 0.029943 -1.132358
v -0.009945 0.058334 -1.158507
v 0.005149 0.058334 -1.121302
v -0.021000 0.191769 -1.132358
v 0.005149 0.163379 -1.121302
v -0.009945 0.163379 -1.158507
v 0.536166 0.589102 0.518158
v 0.536166 1.336038 0.518158
v 0.672256 0.589102 0.196276
v 0.672256 1.336038 0.196276
v 0.858049 0.589102 0.654248
v 0.858049 1.336038 0.654248
v 0.994139 0.589102 0.332365
v 0.994139 1.336038 0.332365
v 0.666219 0.104064 0.313748
v 0.666219 0.855800 0.313748
v 0.771011 0.104064 0.065893
v 0.771011 0.855800 0.065893
v 0.914075 0.104064 0.418540
v 0.914075 0.855800 0.418540
v 1.018866 0.104064 0.170685
v 1.018866 0.855800 0.170685
v 0.543242 0.000000 0.249902
v 0.543242 0.221712 0.249902
v 0.860646 0.000000 -0.500830
v 0.860646 0.221712 -0.500830
v 1.045555 0.000000 0.462276
v 1.045555 0.221712 0.462276
v 1.362959 0.000000 -0.288455
v 1.362959 0.221712 -0.288455
v 0.832578 0.029943 -0.423164
v 0.821522 0.058334 -0.397014
v 0.806428 0.058334 -0.434219
v 0.821522 0.163379 -0.397014
v 0.832578 0.191769 -0.423164
v 0.806428 0.163379 -0.434219
v 0.957508 0.029943 -0.718651
v 0.931359 0.058334 -0.729707
v 0.968564 0.058334 -0.744801
v 0.957508 0.191769 -0.718651
v 0.968564 0.163379 -0.744801
v 0.931359 0.163379 -0.729707
v 0.929330 0.029943 -0.382257
v 0.955480 0.058334 -0.371202
v 0.918275 0.058334 -0.356108
v 0.929330 0.191769 -0.382257
v 0.918275 0.163379 -0.356108
v 0.955480 0.163379 -0.371202
v 1.054260 0.029943 -0.677745
v 1.065316 0.058334 -0.703894
v 1.080410 0.058334 -0.666689
v 1.054260 0.191769 -0.677745
v 1.080410 0.163379 -0.666689
v 1.065316 0.163379 -0.703894
v 1.031313 0.029943 -0.339140
v 1.020257 0.058334 -0.312991
v 1.005163 0.058334 -0.350196
v 1.020257 0.163379 -0.312991
v 1.031313 0.191769 -0.339140
v 1.005163 0.163379 -0.350196
v 1.156243 0.029943 -0.634627
v 1.130094 0.058334 -0.645683
v 1.167299 0.058334 -0.660777
v 1.156243 0.191769 -0.634627
v 1.167299 0.163379 -0.660777
v 1.130094 0.163379 -0.645683
v 1.128065 0.029943 -0.298234
v 1.154215 0.058334 -0.287178
v 1.117010 0.058334 -0.272084
v 1.128065 0.191769 -0.298234
v 1.117010 0.163379 -0.272084
v 1.154215 0.163379 -0.287178
v 1.252995 0.029943 -0.593721
v 1.264051 0.058334 -0.619871
v 1.279145 0.058334 -0.582665
v 1.252995 0.191769 -0.593721
v 1.279145 0.163379 -0.582665
v 1.264051 0.163379 -0.619871
v 1.230048 0.029943 -0.255116
v 1.218992 0.058334 -0.228967
v 1.203898 0.058334 -0.266172
v 1.218992 0.163379 -0.228967
v 1.230048 0.191769 -0.255116
v 1.203898 0.163379 -0.266172
v 1.354978 0.029943 -0.550604
v 1.328829 0.058334 -0.561659
v 1.366034 0.058334 -0.576753
v 1.354978 0.191769 -0.550604
v 1.366034 0.163379 -0.576753
v 1.328829 0.163379 -0.561659
v 1.326800 0.029943 -0.214210
v 1.352950 0.058334 -0.203154
v 1.315745 0.058334 -0.188060
v 1.326800 0.191769 -0.214210
v 1.315745 0.163379 -0.188060
v 1.352950 0.163379 -0.203154
v 1.451730 0.029943 -0.509697
v 1.462786 0.058334 -0.535847
v 1.477880 0.058334 -0.498642
v 1.451730 0.191769 -0.509697
v 1.477880 0.163379 -0.498642
v 1.462786 0.163379 -0.535847
v -2.168700 1.939363 3.185961
v -2.252844 3.005304 3.384981
v -2.013652 2.020073 2.819239
v -2.097796 3.086014 3.018259
v -1.899116 1.939363 3.299940
v -1.983260 3.005304 3.498960
v -1.744069 2.020073 2.933218
v -1.828213 3.086014 3.132237
v -1.744820 1.869802 3.349866
v -1.839946 3.074866 3.574862
v -1.589772 1.950511 2.983144
v -1.684898 3.155575 3.208139
v -1.475236 1.869802 3.463845
v -1.570362 3.074866 3.688840
v -1.320188 1.950511 3.097122
v -1.415314 3.155576 3.322117
v -1.320939 1.800241 3.513771
v -1.427048 3.144427 3.764741
v -1.165891 1.880950 3.147048
v -1.272000 3.225136 3.398019
v -1.051355 1.800241 3.627749
v -1.157464 3.144427 3.878720
v -0.896307 1.880950 3.261026
v -1.002416 3.225136 3.511997
v -0.897059 1.730680 3.677675
v -1.014150 3.213989 3.954621
v -0.742011 1.811388 3.310953
v -0.859102 3.294698 3.587898
v -0.627475 1.730680 3.791653
v -0.744566 3.213989 4.068600
v -0.472427 1.811388 3.424931
v -0.589518 3.294698 3.701877
vn 0.6513 -0.7071 0.2754
vn -0.7566 -0.5773 0.3069
vn -0.3894 -0.0000 0.9211
vn -0.9266 -0.0000 0.3759
vn 0.2754 0.7071 -0.6513
vn -0.7566 0.5774 0.3069
vn -0.2754 0.7071 0.6513
vn -0.0000 -1.0000 -0.0000
vn -0.2754 -0.7071 0.6513
vn -0.3070 -0.5773 -0.7566
vn -0.9211 -0.0000 -0.3894
vn 0.9266 -0.0000 -0.3759
vn -0.6513 0.7071 -0.2754
vn -0.3759 -0.0000 -0.9266
vn 0.2754 -0.7071 -0.6513
vn 0.3759 -0.0000 0.9266
vn -0.3069 0.5774 -0.7566
vn 0.3069 -0.5774 0.7566
vn -0.0000 1.0000 -0.0000
vn 0.3069 0.5774 0.7566
vn 0.7566 -0.5773 -0.3069
vn 0.3894 -0.0000 -0.9211
vn 0.9211 -0.0000 0.3894
vn 0.6513 0.7071 0.2754
vn 0.7566 0.5774 -0.3069
vn -0.5854 -0.0201 0.8105
vn -0.4314 -0.0115 0.9021
vn 0.4314 -0.0115 -0.9021
vn -0.0594 0.9883 0.1405
vn 0.7122 -0.0000 -0.7019
vn 0.3525 -0.9239 0.1490
vn 0.3525 0.9239 0.1490
vn -0.0073 -0.0000 1.0000
vn -0.0386 -0.9989 -0.0275
vn -0.2136 0.9745 -0.0685
vn 0.1981 -0.9745 0.1055
vn -0.9379 0.0022 -0.3470
vn 0.0429 0.9990 0.0157
vn -0.9021 -0.0115 -0.4314
vn 0.8509 -0.0000 0.5254
vn -0.9243 0.0085 -0.3815
vn -0.4316 -0.0103 0.9020
vn -0.1976 -0.9743 -0.1080
vn -0.1405 -0.9883 -0.0594
vn -0.1736 0.0201 0.9846
vn -0.0594 -0.9883 0.1405
vn 0.3995 -0.0461 -0.9156
vn -0.9210 -0.0077 -0.3894
vn 0.7123 -0.0000 -0.7019
vn 0.9210 -0.0086 0.3894
vn 0.1980 0.9745 0.1055
vn 0.0386 -0.9989 0.0275
vn 0.9177 -0.0000 0.3972
vn -0.9134 -0.0458 -0.4045
vn -0.9192 -0.0456 -0.3911
vn 0.9210 -0.0064 0.3894
vn 0.0665 -0.9743 -0.2151
vn 0.2443 -0.0000 -0.9697
vn -0.3815 -0.0000 0.9244
vn -0.9240 -0.0463 -0.3795
vn -0.0583 0.9887 0.1380
vn -0.9847 0.0225 -0.1731
vn -0.0429 -0.9990 -0.0157
vn -0.3795 -0.0463 0.9240
vn 0.0157 -0.9990 -0.0429
vn 0.9846 0.0201 0.1736
vn -0.4001 -0.2240 0.8886
vn 0.8886 0.2240 0.4001
vn 0.3909 -0.0459 -0.9193
vn 0.5854 0.0201 -0.8105
vn 0.1731 0.0225 -0.9847
vn -0.1357 0.9885 -0.0673
vn -0.3985 -0.0463 0.9160
vn 0.2151 -0.9743 0.0665
vn -0.9697 -0.0000 -0.2444
vn 0.3995 0.0461 -0.9156
vn 0.2444 -0.0000 -0.9697
vn -0.8105 0.0201 -0.5854
vn -0.0386 0.9989 -0.0275
vn -0.0415 -0.9989 -0.0197
vn 0.5858 0.0225 -0.8102
vn -0.1731 0.0225 0.9847
vn -0.2137 0.9745 -0.0686
vn 0.0448 0.9989 0.0114
vn 0.1980 -0.9745 0.1055
vn 0.9210 0.0084 0.3894
vn 0.0198 0.9990 -0.0412
vn -0.9240 -0.0077 -0.3823
vn 0.9210 -0.0075 0.3894
vn -0.9697 -0.0000 -0.2443
vn -0.9210 0.0077 -0.3894
vn -0.4313 -0.0020 0.9022
vn 0.3972 -0.0085 -0.9177
vn -0.0074 -0.9989 0.0469
vn 0.0466 0.9989 0.0085
vn 0.3894 0.0086 -0.9210
vn 0.8887 -0.2240 0.4001
vn -0.3870 -0.0457 0.9210
vn 0.4001 -0.2240 -0.8887
vn -0.1380 0.9887 -0.0583
vn 0.9156 0.0461 0.3995
vn -0.5230 -0.0000 0.8523
vn -0.1405 0.9883 -0.0594
vn 0.9062 -0.2240 0.3587
vn -0.0469 -0.9989 -0.0074
vn 0.9210 0.0075 0.3894
vn -0.0033 1.0000 0.0079
vn 0.9210 0.0086 0.3894
vn 0.9023 0.0022 0.4311
vn 0.9265 -0.0458 0.3734
vn 0.3463 -0.0103 -0.9381
vn 0.5858 -0.0225 -0.8102
vn -0.0380 0.9989 -0.0285
vn 0.1976 0.9743 0.1080
vn 0.1055 0.9745 -0.1980
vn 0.3465 -0.0115 -0.9380
vn 0.9023 -0.0022 0.4311
vn 0.0484 0.9988 0.0039
vn -0.9209 -0.0459 -0.3872
vn -0.3909 -0.0459 0.9193
vn 0.0380 -0.9989 0.0285
vn -0.3870 -0.0456 0.9210
vn -0.2151 0.9743 -0.0665
vn 0.1736 -0.0201 -0.9846
vn -0.1428 -0.9885 -0.0504
vn 0.9020 -0.0103 0.4316
vn 0.9193 -0.0459 0.3909
vn -0.0157 -0.9990 0.0429
vn -0.0160 0.9989 0.0431
vn 0.9210 -0.0065 0.3894
vn -0.8102 -0.0225 -0.5858
vn -0.0665 -0.9743 0.2151
vn 0.3784 0.0461 -0.9245
vn 0.2457 0.0092 -0.9693
vn 0.8102 -0.0225 0.5858
vn -0.0469 0.9989 -0.0074
vn 0.1981 0.9745 0.1055
vn 0.9185 -0.0000 0.3954
vn -0.0085 0.9989 0.0466
vn -0.0275 0.9989 0.0386
vn -0.0429 0.9990 -0.0157
vn -0.4001 0.2240 0.8886
vn 0.0488 -0.9988 0.0023
vn -0.7019 -0.0000 -0.7122
vn 0.1490 -0.9239 -0.3525
vn 0.1490 0.9239 -0.3525
vn 1.0000 -0.0000 0.0073
vn -0.9381 -0.0103 -0.3463
vn 0.0685 0.9745 -0.2137
vn -0.4314 0.0115 0.9021
vn -0.9690 -0.0000 -0.2471
vn 0.3872 -0.0459 -0.9209
vn -0.3587 0.2240 0.9062
vn 0.3587 0.2240 -0.9062
vn -0.9062 0.2240 -0.3587
vn 0.3472 0.0077 -0.9378
vn -0.8886 -0.2240 -0.4001
vn -0.3587 -0.2240 0.9062
vn -0.5254 -0.0000 0.8509
vn -0.0774 0.9801 0.1830
vn -0.1357 -0.9885 -0.0673
vn 0.9054 0.2235 0.3610
vn -0.7019 -0.0000 -0.7123
vn -0.9240 -0.0000 -0.3823
vn 0.9240 -0.0000 0.3825
vn 0.9210 -0.0084 0.3894
vn -0.8898 0.2235 -0.3980
vn -0.3610 0.2235 0.9054
vn -0.8897 0.2235 -0.3980
vn 0.9210 -0.0456 0.3870
vn 0.3795 -0.0463 -0.9240
vn -0.1976 0.9743 -0.1080
vn 0.3980 0.2235 -0.8898
vn 0.9210 0.0076 0.3894
vn -0.9160 -0.0463 -0.3985
vn 0.3980 0.2235 -0.8897
vn 0.9245 0.0461 0.3784
vn 0.2151 0.9743 0.0665
vn 0.3610 0.2235 -0.9054
vn 0.0467 0.9989 0.0085
vn 0.0285 0.9989 -0.0380
vn -0.3980 0.2235 0.8897
vn -0.1080 0.9743 0.1976
vn -0.4311 -0.0069 0.9023
vn 0.3465 0.0115 -0.9380
vn 0.9160 -0.0463 0.3985
vn -0.9054 0.2235 -0.3610
vn -0.3816 -0.0000 0.9243
vn 0.0112 0.9999 -0.0045
vn -0.3973 -0.0000 0.9177
vn 0.3894 -0.0086 -0.9210
vn -0.0112 0.9999 0.0045
vn -0.0198 0.9990 0.0412
vn 0.0078 1.0000 0.0033
vn 0.3894 0.0064 -0.9210
vn 0.2261 -0.8141 -0.5349
vn 0.5237 -0.0000 0.8519
vn -0.9760 -0.0000 0.2178
vn -0.2261 0.8141 0.5349
vn 0.2261 0.8141 -0.5349
vn -0.4311 0.0169 0.9021
vn -0.0583 0.9887 0.1379
vn -0.5237 -0.0000 -0.8519
vn -0.3470 0.0022 0.9379
vn 0.1490 -0.9239 -0.3524
vn 0.3734 -0.0458 -0.9265
vn -0.7566 0.5773 0.3069
vn -0.3069 -0.5773 -0.7566
vn -0.3069 0.5773 -0.7566
vn 0.3070 -0.5774 0.7566
vn 0.3070 0.5774 0.7566
vn 0.7566 -0.5773 -0.3070
vn 0.7566 0.5773 -0.3070
vn -0.6513 -0.7071 -0.2754
vn -0.9267 -0.0000 0.3759
vn -0.3759 -0.0000 -0.9267
vn 0.3760 -0.0000 0.9266
vn -0.2261 -0.8141 0.5349
vn -0.9380 0.0115 -0.3465
vn 0.9760 -0.0000 -0.2179
vn -0.9265 0.0458 -0.3734
vn 0.4001 0.2240 -0.8886
vn -0.0033 -1.0000 0.0079
vn 0.8887 0.2240 0.4001
vn -0.7566 -0.5774 0.3069
vn 0.7566 0.5773 -0.3069
vn -0.9082 -0.1755 0.3799
vn -0.3603 0.1755 -0.9162
vn -0.3070 0.5773 -0.7566
vn 0.5196 0.8013 0.2963
vn -0.1399 -0.7655 0.6281
vn -0.7566 0.5774 0.3070
vn 0.4012 0.0987 -0.9106
vn 0.9082 0.1755 -0.3799
vn -0.9107 -0.1494 -0.3850
vn -0.9277 0.0359 0.3717
vn 0.3070 -0.5773 0.7566
vn 0.1399 0.7655 -0.6281
vn 0.3069 0.5773 0.7566
vn -0.7566 -0.5774 0.3070
vn -0.2144 0.6259 0.7499
vn -0.5746 0.8013 -0.1663
vn -0.3070 0.5774 -0.7566
vn 0.3069 -0.5773 0.7566
vn 0.3737 0.0987 -0.9223
vn -0.3797 -0.0359 -0.9244
vn 0.9107 -0.1494 0.3850
vn -0.3069 -0.5774 -0.7566
vn 0.1758 -0.9838 -0.0340
vn 0.3531 0.7655 -0.5380
vn 0.7566 0.5774 -0.3070
vn -0.3737 -0.0987 0.9223
vn -0.9107 0.1494 -0.3850
vn -0.3530 -0.7655 0.5380
vn 0.7133 0.5900 0.3782
vn 0.3886 -0.6259 -0.6762
vn 0.7566 -0.5774 -0.3069
vn 0.9267 -0.0000 -0.3759
vn 0.3759 -0.0000 0.9267
vn 0.0981 0.9838 0.1499
vn 0.2143 -0.6259 -0.7499
vn 0.9024 0.0077 0.4308
vn -0.1731 -0.0225 0.9847
vn 0.9380 0.0115 0.3465
vn -0.3819 0.0454 0.9231
vn -0.9210 0.0086 -0.3894
vn -0.2151 -0.9743 -0.0665
vn 0.0023 -0.9988 -0.0488
vn -0.9244 -0.0000 -0.3815
vn 0.0074 -0.9989 -0.0469
vn 0.9379 0.0022 0.3470
vn 0.4316 0.0103 -0.9020
vn -0.2136 0.9745 -0.0686
vn -0.9156 -0.0461 -0.3995
vn -0.3894 -0.0086 0.9210
vn -0.3734 0.0458 0.9265
vn 0.8897 0.2235 0.3980
vn 0.0033 -1.0000 -0.0079
vn 0.0033 1.0000 -0.0079
vn 0.3470 0.0022 -0.9379
vn -0.9210 -0.0086 -0.3894
vn 0.4002 0.2240 -0.8886
vn 0.9245 -0.0461 0.3784
vn -0.0285 0.9989 0.0380
vn -0.0412 0.9990 -0.0198
vn -0.3894 0.0086 0.9210
vn -0.5858 -0.0225 0.8102
vn -0.9177 -0.0085 -0.3972
vn 0.9177 0.0085 0.3972
vn -0.1980 -0.9745 -0.1055
vn 0.8516 -0.0092 0.5242
vn 0.0079 1.0000 0.0033
vn 0.9240 0.0077 0.3823
vn -0.3815 0.0085 0.9243
vn -0.3463 0.0103 0.9381
vn -0.3911 -0.0456 0.9192
vn -0.3894 0.0084 0.9210
vn 0.3815 -0.0085 -0.9243
vn 0.3815 -0.0000 -0.9244
vn -0.3972 -0.0000 0.9177
vn 0.9847 0.0225 0.1731
vn 0.3973 -0.0000 -0.9177
vn 0.9847 -0.0225 0.1731
vn 0.0469 -0.9989 0.0074
vn 0.1080 0.9743 -0.1976
vn -0.9023 -0.0022 -0.4311
vn 0.9134 0.0458 0.4045
vn -0.5242 0.0092 0.8516
vn 0.3784 -0.0461 -0.9245
vn 0.3972 0.0085 -0.9177
vn 0.3816 -0.0000 -0.9243
vn -0.9171 -0.0454 -0.3961
vn -0.4045 0.0458 0.9134
vn -0.9180 -0.0000 -0.3965
vn 0.9181 -0.0000 0.3963
vn 0.3470 -0.0022 -0.9379
vn 0.3587 -0.2240 -0.9062
vn 0.8886 -0.2240 0.4002
vn -0.0112 -0.9999 0.0045
vn 0.3911 -0.0456 -0.9192
vn 0.8886 0.2240 0.4002
vn 0.0388 -0.9989 0.0248
vn -0.0583 -0.9887 0.1379
vn 0.4311 -0.0022 -0.9023
vn -0.9245 0.0461 -0.3784
vn -0.3995 -0.0461 0.9156
vn -0.0079 -1.0000 -0.0033
vn 0.3466 0.0115 -0.9380
vn 0.9210 0.0456 0.3870
vn 0.8524 -0.0000 0.5229
vn -0.4001 -0.2241 0.8886
vn -0.4001 0.2240 0.8887
vn 0.0045 0.9999 0.0112
vn 0.0686 0.9745 -0.2137
vn -0.4001 -0.2240 0.8887
vn -0.0045 -0.9999 -0.0112
vn 0.0112 -0.9999 -0.0045
vn 0.9210 -0.0457 0.3870
vn 0.4045 -0.0458 -0.9134
vn 0.0033 1.0000 -0.0078
vn -0.3784 -0.0461 0.9245
vn 0.0045 -0.9999 0.0112
vn 0.4001 -0.2240 -0.8886
vn -0.4311 0.0022 0.9023
vn -0.0045 0.9999 -0.0112
vn -0.8887 -0.2240 -0.4001
vn -0.0078 -1.0000 -0.0033
vn 0.3894 0.0065 -0.9210
vn 0.3587 0.2241 -0.9062
vn -0.1428 0.9885 -0.0504
vn -0.6401 -0.7113 0.2905
vn -0.3886 0.6259 0.6762
vn -0.8431 0.4248 0.3298
vn -0.7683 0.5900 -0.2482
vn -0.2085 -0.5973 -0.7744
vn -0.7133 -0.5900 -0.3782
vn -0.4115 0.5387 -0.7351
vn 0.9107 0.1494 0.3850
vn 0.4115 -0.5387 0.7351
vn -0.4012 -0.0987 0.9106
vn 0.3603 -0.1755 0.9162
vn 0.2085 0.5973 0.7744
vn -0.0981 -0.9838 -0.1499
vn 0.8431 -0.4247 -0.3298
vn 0.7683 -0.5900 0.2482
vn 0.6400 0.7113 -0.2905
vn -0.5242 -0.0092 0.8516
vn -0.1758 0.9838 0.0340
vn -0.8141 -0.5387 0.2169
vn -0.5196 -0.8013 -0.2963
vn -0.7008 0.5973 0.3900
vn 0.9277 -0.0359 -0.3717
vn -0.3508 -0.4247 -0.8346
vn 0.5746 -0.8013 0.1663
vn -0.2375 0.7113 -0.6615
vn 0.2375 -0.7113 0.6615
vn 0.3508 0.4248 0.8346
vn 0.3797 0.0359 0.9244
vn 0.7008 -0.5973 -0.3900
vn 0.8141 0.5387 -0.2169
vn -0.2137 0.9745 -0.0685
vn 0.3817 0.1987 -0.9027
vn 0.0774 -0.9801 -0.1830
vn 0.0412 0.9990 0.0198
vn -0.9693 -0.0092 -0.2457
vn -0.3817 -0.1987 0.9027
vn 0.3911 0.0456 -0.9192
vn 0.9209 -0.0459 0.3872
vn 0.9244 -0.0000 0.3815
vt 0.370002 0.745002
vt 0.370002 0.504998
vt 0.379998 0.504998
vt 0.379998 0.745002
vt 0.379998 0.004998
vt 0.129998 0.745002
vt 0.379998 0.995002
vt 0.620002 0.754998
vt 0.620002 0.995002
vt 0.379998 0.754998
vt 0.620002 0.004998
vt 0.870002 0.504998
vt 0.629998 0.504998
vt 0.620002 0.495002
vt 0.620002 0.254998
vt 0.870002 0.745002
vt 0.629998 0.745002
vt 0.129998 0.504998
vt 0.630935 0.745478
vt 0.869065 0.745478
vt 0.618669 0.994065
vt 0.618669 0.755935
vt 0.379998 0.254998
vt 0.379998 0.245002
vt 0.620002 0.245002
vt 0.620002 0.504998
vt 0.379998 0.495002
vt 0.620002 0.745002
vt 0.369065 0.504522
vt 0.381331 0.504522
vt 0.381330 0.745478
vt 0.369065 0.745478
vt 0.381330 0.755935
vt 0.381330 0.994065
vt 0.130935 0.745478
vt 0.375000 0.933333
vt 0.597727 1.000000
vt 0.386527 1.000000
vt 0.613473 0.000000
vt 0.619237 0.244237
vt 0.380763 0.264088
vt 0.375000 0.011527
vt 0.625000 0.971823
vt 0.387680 1.000000
vt 0.379227 0.755166
vt 0.405000 0.750000
vt 0.658333 0.783333
vt 0.620774 0.494834
vt 0.369834 0.504226
vt 0.381340 0.264088
vt 0.405000 0.250000
vt 0.625000 0.316667
vt 0.875000 0.721824
vt 0.625000 0.740608
vt 0.621158 0.505550
vt 0.638636 0.486364
vt 0.652273 0.566666
vt 0.847727 0.566666
vt 0.847727 0.500000
vt 0.863473 0.500000
vt 0.625000 0.740608
vt 0.621158 0.505550
vt 0.638636 0.486364
vt 0.652273 0.566666
vt 0.847727 0.566666
vt 0.617585 0.498947
vt 0.620956 0.747683
vt 0.382415 0.751053
vt 0.379045 0.502317
vt 0.597727 0.500000
vt 0.402273 0.500000
vt 0.402273 0.433333
vt 0.597727 0.433333
vt 0.308333 0.722727
vt 0.308333 0.527273
vt 0.375000 0.527273
vt 0.375000 0.722727
vt 0.691667 0.527273
vt 0.691667 0.722727
vt 0.625000 0.722727
vt 0.625000 0.527273
vt 0.597727 0.816667
vt 0.402273 0.816667
vt 0.402273 0.750000
vt 0.597727 0.750000
vt 0.153177 0.750000
vt 0.125000 0.511527
vt 0.369450 0.503842
vt 0.375000 0.527273
vt 0.341667 0.783333
vt 0.612320 0.000000
vt 0.618660 0.243660
vt 0.381340 0.264089
vt 0.375000 0.012680
vt 0.369450 0.503842
vt 0.375000 0.527273
vt 0.808333 0.750000
vt 0.875000 0.527273
vt 0.875000 0.738473
vt 0.378842 0.755550
vt 0.375000 0.028177
vt 0.612321 0.000000
vt 0.625000 0.066667
vt 0.618660 0.235912
vt 0.595000 0.250000
vt 0.375000 0.183333
vt 0.597727 0.500000
vt 0.597727 0.750000
vt 0.630166 0.745773
vt 0.620773 0.494834
vt 0.658334 0.466666
vt 0.846823 0.500000
vt 0.875000 0.530000
vt 0.618660 0.235912
vt 0.620774 0.505166
vt 0.375000 0.509392
vt 0.381340 0.256340
vt 0.381340 0.256340
vt 0.405000 0.000000
vt 0.378842 0.744450
vt 0.402273 0.566666
vt 0.597727 0.566666
vt 0.621158 0.505550
vt 0.375000 0.012679
vt 0.618660 0.243660
vt 0.405000 0.250000
vt 0.381340 0.264089
vt 0.375000 0.220000
vt 0.369450 0.503842
vt 0.402273 0.500000
vt 0.621158 0.494450
vt 0.630550 0.746158
vt 0.402273 0.750000
vt 0.378842 0.755550
vt 0.378842 0.744450
vt 0.625000 0.988473
vt 0.627516 0.744968
vt 0.377516 0.750000
vt 0.372484 0.505032
vt 0.622484 0.500000
vt 0.386526 1.000000
vt 0.402272 0.750000
vt 0.191667 0.500000
vt 0.125000 0.720000
vt 0.125000 0.512680
vt 0.125000 0.511527
vt 0.369450 0.503842
vt 0.375000 0.527273
vt 0.308333 0.722727
vt 0.375000 0.011527
vt 0.619237 0.244237
vt 0.136527 0.750000
vt 0.125000 0.528176
vt 0.152273 0.500000
vt 0.152273 0.566666
vt 0.347727 0.566666
vt 0.361364 0.486364
vt 0.375000 0.509392
vt 0.380166 0.504227
vt 0.389088 0.256340
vt 0.558335 0.250000
vt 0.640000 0.485000
vt 0.615608 0.500000
vt 0.375000 0.011527
vt 0.625000 0.222727
vt 0.619237 0.244236
vt 0.691667 0.527273
vt 0.691667 0.722727
vt 0.625000 0.720000
vt 0.630166 0.745773
vt 0.379226 0.755166
vt 0.369834 0.504227
vt 0.381340 0.264088
vt 0.375000 0.012679
vt 0.618660 0.243660
vt 0.125000 0.722727
vt 0.191667 0.500000
vt 0.630166 0.745774
vt 0.379227 0.755166
vt 0.375000 0.720000
vt 0.595000 0.500000
vt 0.620774 0.494834
vt 0.625000 0.720000
vt 0.369834 0.504227
vt 0.405000 0.500000
vt 0.620773 0.494834
vt 0.595000 0.750000
vt 0.379227 0.755166
vt 0.389088 0.256340
vt 0.441666 0.000000
vt 0.558335 0.000000
vt 0.625000 0.220000
vt 0.610912 0.243660
vt 0.389088 0.256340
vt 0.625000 0.220000
vt 0.610912 0.243660
vt 0.621158 0.494450
vt 0.625000 0.722727
vt 0.360000 0.485000
vt 0.125000 0.566667
vt 0.125000 0.528177
vt 0.619236 0.244237
vt 0.360000 0.485000
vt 0.379227 0.744834
vt 0.625000 0.740608
vt 0.625000 0.987321
vt 0.405000 1.000000
vt 0.389088 0.255763
vt 0.596822 0.000000
vt 0.625000 0.027273
vt 0.558332 0.250000
vt 0.625000 0.566666
vt 0.638636 0.486364
vt 0.652273 0.566666
vt 0.847727 0.566666
vt 0.847727 0.500000
vt 0.863473 0.500000
vt 0.875000 0.566666
vt 0.405000 0.000000
vt 0.341667 0.466667
vt 0.341667 0.783333
vt 0.403176 1.000000
vt 0.384392 0.750000
vt 0.619449 0.746158
vt 0.638636 0.763636
vt 0.558332 1.000000
vt 0.619840 0.243962
vt 0.621560 0.500586
vt 0.375000 0.504025
vt 0.380159 0.255159
vt 0.375000 0.509392
vt 0.375000 0.683333
vt 0.155000 0.750000
vt 0.137679 0.750000
vt 0.402272 0.500000
vt 0.621158 0.505550
vt 0.403176 1.000000
vt 0.360000 0.765000
vt 0.441666 1.000000
vt 0.625000 0.530000
vt 0.619835 0.745773
vt 0.558335 0.750000
vt 0.380550 0.503842
vt 0.615607 0.500000
vt 0.558332 0.500000
vt 0.369450 0.503842
vt 0.621158 0.494450
vt 0.630550 0.746158
vt 0.658333 0.466667
vt 0.405000 0.250000
vt 0.618660 0.243660
vt 0.380550 0.503842
vt 0.615607 0.500000
vt 0.875000 0.738473
vt 0.864889 0.500000
vt 0.875000 0.743049
vt 0.558332 0.750000
vt 0.625000 0.972727
vt 0.613473 0.000000
vt 0.619236 0.244236
vt 0.152273 0.566666
vt 0.347727 0.566666
vt 0.375000 0.509392
vt 0.369834 0.504226
vt 0.375000 0.028176
vt 0.619236 0.235912
vt 0.597727 0.250000
vt 0.597727 0.183334
vt 0.402273 0.183334
vt 0.402273 0.250000
vt 0.380763 0.255763
vt 0.615608 0.500000
vt 0.441666 0.250000
vt 0.619236 0.244237
vt 0.620774 0.494834
vt 0.379226 0.755166
vt 0.621158 0.494450
vt 0.625000 0.740608
vt 0.402273 0.250000
vt 0.625000 0.183334
vt 0.625000 0.972727
vt 0.620774 0.494834
vt 0.379227 0.755166
vt 0.375000 0.277273
vt 0.380763 0.255763
vt 0.402272 0.250000
vt 0.619237 0.235912
vt 0.625000 0.277273
vt 0.375000 0.509392
vt 0.621158 0.494450
vt 0.620773 0.494834
vt 0.621158 0.494450
vt 0.405000 0.750000
vt 0.630166 0.745774
vt 0.595000 0.500000
vt 0.620773 0.494834
vt 0.630166 0.745774
vt 0.405000 0.750000
vt 0.379227 0.755166
vt 0.625000 0.566667
vt 0.620773 0.505166
vt 0.862321 0.500000
vt 0.875000 0.683333
vt 0.640000 0.765000
vt 0.613473 0.000000
vt 0.389088 0.255763
vt 0.625000 0.027273
vt 0.612320 0.000000
vt 0.618660 0.243660
vt 0.381340 0.264088
vt 0.630550 0.746158
vt 0.597727 0.183334
vt 0.402273 0.183334
vt 0.402273 0.566666
vt 0.597727 0.566666
vt 0.619237 0.244237
vt 0.375000 0.027273
vt 0.378842 0.744450
vt 0.136527 0.750000
vt 0.152273 0.500000
vt 0.152273 0.566666
vt 0.347727 0.566666
vt 0.361364 0.486364
vt 0.625000 0.280000
vt 0.381340 0.256340
vt 0.691667 0.527273
vt 0.691667 0.722727
vt 0.379227 0.744834
vt 0.405000 1.000000
vt 0.387679 1.000000
vt 0.620774 0.505166
vt 0.381340 0.256340
vt 0.402273 0.433333
vt 0.597727 0.433333
vt 0.384392 0.750000
vt 0.375000 0.530000
vt 0.441666 0.750000
vt 0.384392 0.750000
vt 0.619835 0.745774
vt 0.640000 0.765000
vt 0.558335 1.000000
vt 0.380166 0.504226
vt 0.375000 0.280000
vt 0.441666 0.500000
vt 0.621158 0.505550
vt 0.619835 0.745774
vt 0.625000 0.933333
vt 0.875000 0.738473
vt 0.617496 0.000000
vt 0.621248 0.247052
vt 0.378752 0.260566
vt 0.375000 0.005896
vt 0.808333 0.500000
vt 0.875000 0.737321
vt 0.378396 0.258645
vt 0.375000 0.017290
vt 0.618207 0.000000
vt 0.621604 0.241355
vt 0.620773 0.494834
vt 0.630166 0.745774
vt 0.379227 0.755166
vt 0.375000 0.566666
vt 0.595000 0.500000
vt 0.620773 0.505166
vt 0.380166 0.504227
vt 0.625000 0.530000
vt 0.369834 0.504226
vt 0.380763 0.264088
vt 0.619237 0.244237
vt 0.369834 0.504226
vt 0.136527 0.750000
vt 0.152273 0.566666
vt 0.347727 0.566666
vt 0.618660 0.235912
vt 0.381340 0.256340
vt 0.405000 0.000000
vt 0.125000 0.512679
vt 0.618660 0.243660
vt 0.375000 0.012680
vt 0.619237 0.244237
vt 0.630166 0.745774
vt 0.558332 0.000000
vt 0.369834 0.504227
vt 0.612321 0.000000
vt 0.618660 0.243660
vt 0.875000 0.737320
vt 0.375000 0.316667
vt 0.618660 0.243660
vt 0.378842 0.744450
vt 0.595000 0.500000
vt 0.380550 0.503842
vt 0.625000 0.722727
vt 0.137679 0.750000
vt 0.625000 0.740608
vt 0.369450 0.503842
vt 0.381340 0.256340
vt 0.613474 0.000000
vt 0.619237 0.244236
vt 0.379226 0.744834
vt 0.610912 0.243660
vt 0.375000 0.280000
vt 0.380550 0.503842
vt 0.375000 0.280000
vt 0.625000 0.740608
vt 0.387680 1.000000
vt 0.379227 0.744834
vt 0.595000 0.750000
vt 0.381340 0.256340
vt 0.875000 0.737321
vt 0.625000 0.987321
vt 0.191667 0.750000
vt 0.125000 0.530000
vt 0.619237 0.235912
vt 0.597727 0.250000
vt 0.380763 0.255763
vt 0.652273 0.566666
vt 0.863473 0.500000
vt 0.341666 0.783334
vt 0.375000 0.264648
vt 0.378096 0.253096
vt 0.389648 0.250000
vt 0.610351 0.250000
vt 0.621904 0.236792
vt 0.625000 0.264648
vt 0.632324 0.492676
vt 0.622936 0.506742
vt 0.610351 0.500000
vt 0.389648 0.500000
vt 0.375000 0.508805
vt 0.367676 0.492676
vt 0.375000 0.026416
vt 0.618809 0.000000
vt 0.610352 0.187500
vt 0.389648 0.187500
vt 0.378096 0.253096
vt 0.620414 0.500382
vt 0.865828 0.500000
vt 0.875000 0.739681
vt 0.623471 0.746560
vt 0.380550 0.503842
vt 0.610911 0.244237
vt 0.625000 0.277273
vt 0.402273 0.250000
vt 0.625000 0.970000
vt 0.640000 0.485000
vt 0.596825 0.000000
vt 0.619835 0.745773
vt 0.375000 0.277273
vt 0.625000 0.277273
vt 0.622736 0.500000
vt 0.371501 0.505763
vt 0.620773 0.494834
vt 0.375000 0.316667
vt 0.375000 0.030000
vt 0.381340 0.264089
vt 0.375000 0.970000
vt 0.625000 0.740608
vt 0.621158 0.505550
vt 0.857390 0.500000
vt 0.875000 0.736792
vt 0.629589 0.745597
vt 0.623719 0.498532
vt 0.618660 0.243660
vt 0.625000 0.220000
vt 0.375000 0.720000
vt 0.369834 0.504227
vt 0.630166 0.745774
vt 0.380550 0.503842
vt 0.615607 0.500000
vt 0.847727 0.750000
vt 0.380550 0.503842
vt 0.625000 0.027273
vt 0.610911 0.244237
vt 0.380550 0.503842
vt 0.630166 0.745773
vt 0.618660 0.243660
vt 0.380166 0.504226
vt 0.875000 0.722727
vt 0.875000 0.722727
vt 0.847727 0.750000
vt 0.380550 0.503842
vt 0.610911 0.244236
vt 0.845000 0.750000
vt 0.845000 0.500000
vt 0.875000 0.720000
vt 0.610911 0.244237
vt 0.619237 0.244237
vt 0.618660 0.243660
vt 0.375000 0.530000
vt 0.847727 0.750000
vt 0.625000 0.740608
vt 0.875000 0.721823
vt 0.381340 0.264088
vt 0.619236 0.244237
vt 0.625000 0.987320
vt 0.375000 0.970000
vt 0.618660 0.235912
vt 0.620773 0.505166
vt 0.375000 0.509392
vt 0.381340 0.256340
vt 0.611242 0.000000
vt 0.618121 0.244841
vt 0.381879 0.254586
vt 0.375000 0.010319
vt 0.875000 0.530000
vt 0.619835 0.745774
vt 0.387679 1.000000
vt 0.595000 0.750000
vt 0.375000 0.509392
vt 0.381340 0.256340
vt 0.862320 0.500000
vt 0.640000 0.765000
vt 0.621770 0.223584
vt 0.622847 0.515457
vt 0.375000 0.517610
vt 0.378230 0.253230
vt 0.620773 0.505166
vt 0.381340 0.256340
vt 0.359715 0.625000
vt 0.140285 0.625000
vt 0.125000 0.625000
vt 0.125000 0.552831
vt 0.375000 0.625000
vt 0.360000 0.485000
vt 0.625000 0.732390
vt 0.377153 0.734543
vt 0.390285 0.625000
vt 0.609715 0.625000
vt 0.625000 0.625000
vt 0.375000 0.052831
vt 0.618540 0.000000
vt 0.625000 0.125000
vt 0.609715 0.125000
vt 0.390285 0.125000
vt 0.375000 0.125000
vt 0.640285 0.625000
vt 0.859715 0.625000
vt 0.875000 0.625000
vt 0.875000 0.697169
vt 0.622847 0.515457
vt 0.868540 0.500000
vt 0.875000 0.723584
vt 0.625000 0.741195
vt 0.639648 0.562500
vt 0.860352 0.562500
vt 0.860352 0.500000
vt 0.868809 0.500000
vt 0.378230 0.253230
vt 0.381340 0.264089
vt 0.595000 1.000000
vt 0.360352 0.562500
vt 0.139648 0.562500
vt 0.139648 0.500000
vt 0.367676 0.492676
vt 0.860352 0.562500
vt 0.639648 0.562500
vt 0.860352 0.500000
vt 0.610351 0.562500
vt 0.389648 0.562500
vt 0.625000 0.220000
vt 0.558335 0.500000
vt 0.375000 0.012076
vt 0.614681 0.000000
vt 0.625000 0.745975
vt 0.378440 0.749414
vt 0.125000 0.512076
vt 0.135319 0.750000
vt 0.864681 0.500000
vt 0.875000 0.737924
vt 0.159877 0.732639
vt 0.159877 0.750000
vt 0.125000 0.732639
vt 0.590123 0.965123
vt 0.625000 0.965123
vt 0.590123 1.000000
vt 0.159877 0.517361
vt 0.125000 0.517361
vt 0.159877 0.500000
vt 0.625000 0.267464
vt 0.590123 0.284877
vt 0.590123 0.236979
vt 0.340123 0.732639
vt 0.401158 0.732639
vt 0.375000 0.767439
vt 0.642439 0.758758
vt 0.590123 0.784877
vt 0.590123 0.736979
vt 0.340123 0.517361
vt 0.375000 0.482561
vt 0.401158 0.517361
vt 0.642439 0.504301
vt 0.590123 0.517361
vt 0.590123 0.473842
vt 0.409877 0.000000
vt 0.590123 0.000000
vt 0.590123 0.017361
vt 0.409877 0.017361
vt 0.625000 0.017361
vt 0.409877 0.284877
vt 0.409877 0.232639
vt 0.409877 0.965123
vt 0.840123 0.517361
vt 0.840123 0.732639
vt 0.377153 0.734543
vt 0.131460 0.750000
vt 0.375000 0.030000
vt 0.131460 0.750000
vt 0.360352 0.562500
vt 0.139648 0.562500
vt 0.139648 0.500000
vt 0.378440 0.749414
vt 0.135319 0.750000
vt 0.155000 0.500000
vt 0.621560 0.500586
vt 0.864681 0.500000
vt 0.380159 0.255159
vt 0.353259 0.521741
vt 0.353259 0.728259
vt 0.146741 0.728259
vt 0.146741 0.521741
vt 0.612261 0.758493
vt 0.370754 0.754246
vt 0.383483 0.742923
vt 0.612261 0.745764
vt 0.625000 0.007077
vt 0.625000 0.245282
vt 0.612261 0.242923
vt 0.612261 0.007077
vt 0.133493 0.742923
vt 0.133493 0.750000
vt 0.125000 0.742923
vt 0.617720 0.976706
vt 0.617720 1.000000
vt 0.375000 1.000000
vt 0.375000 0.976706
vt 0.617721 0.266756
vt 0.375000 0.273294
vt 0.375000 0.244338
vt 0.617721 0.244338
vt 0.366507 0.742923
vt 0.612261 0.000000
vt 0.383483 0.507077
vt 0.370754 0.495754
vt 0.612261 0.491507
vt 0.612261 0.504236
vt 0.133493 0.507077
vt 0.125000 0.507077
vt 0.133493 0.500000
vt 0.615446 0.505449
vt 0.629368 0.495632
vt 0.629368 0.754368
vt 0.615446 0.744551
vt 0.366507 0.507077
vt 0.625000 1.000000
vt 0.620986 1.000000
vt 0.620986 0.771741
vt 0.635871 0.760871
vt 0.629246 0.495754
vt 0.875000 0.507077
vt 0.875000 0.742923
vt 0.629246 0.754246
vt 0.125000 0.521741
vt 0.125000 0.728259
vt 0.612261 0.255476
vt 0.617721 0.505662
vt 0.634810 0.498423
vt 0.636647 0.761647
vt 0.617721 0.748693
vt 0.375000 0.258493
vt 0.375000 0.242923
vt 0.375000 0.978259
vt 0.364129 0.760871
vt 0.620578 0.771741
vt 0.620578 1.000000
vt 0.148294 0.750000
vt 0.148294 0.744338
vt 0.351706 0.744338
vt 0.363353 0.761647
vt 0.612261 1.000000
vt 0.375000 0.991507
vt 0.381063 0.741265
vt 0.381063 0.508735
vt 0.125000 0.510319
vt 0.376529 0.503440
vt 0.379586 0.749618
vt 0.134172 0.750000
vt 0.375573 0.521741
vt 0.620578 0.513563
vt 0.620578 0.736438
vt 0.375573 0.728259
vt 0.625000 0.235506
vt 0.619449 0.228259
vt 0.619449 0.021741
vt 0.625000 0.021741
vt 0.375000 0.228259
vt 0.375000 0.021741
vt 0.617546 0.021741
vt 0.617546 0.228259
vt 0.617546 0.263563
vt 0.375000 0.271741
vt 0.618637 0.478259
vt 0.618637 0.513563
vt 0.377029 0.521741
vt 0.364129 0.489129
vt 0.146741 0.728259
vt 0.146741 0.750000
vt 0.620077 0.228259
vt 0.620077 0.021741
vt 0.353259 0.521741
vt 0.146741 0.521741
vt 0.146741 0.500000
vt 0.617546 0.000000
vt 0.617546 0.771741
vt 0.377847 0.728259
vt 0.617546 0.736437
vt 0.617721 0.483244
vt 0.363353 0.488353
vt 0.353259 0.728259
vt 0.146741 0.750000
vt 0.146741 0.728259
vt 0.146741 0.500000
vt 0.377520 0.505662
vt 0.363353 0.488353
vt 0.617721 0.483244
vt 0.617720 0.244338
vt 0.375000 0.005662
vt 0.617720 0.000000
vt 0.618637 0.228259
vt 0.618637 0.021741
vt 0.617721 0.976706
vt 0.617721 1.000000
vt 0.375000 0.976706
vt 0.364129 0.760871
vt 0.146741 0.750000
vt 0.146741 0.728259
vt 0.146741 0.500000
vt 0.364129 0.489129
vt 0.635871 0.489129
vt 0.635871 0.760871
vt 0.618637 0.736437
vt 0.617546 0.513563
vt 0.377847 0.521741
vt 0.617546 0.478259
vt 0.617720 0.266756
vt 0.625000 0.246225
vt 0.620077 0.736437
vt 0.620077 0.771741
vt 0.375949 0.728259
vt 0.618637 0.771741
vt 0.377029 0.728259
vt 0.618637 0.000000
vt 0.375000 0.000000
vt 0.619449 0.263562
vt 0.635871 0.489129
vt 0.619449 0.478259
vt 0.618637 0.263562
vt 0.620077 1.000000
vt 0.617720 0.773294
vt 0.625000 0.976706
vt 0.619449 0.736437
vt 0.619449 0.771741
vt 0.376420 0.728259
vt 0.146741 0.521741
vt 0.146741 0.500000
vt 0.618637 1.000000
vt 0.375000 0.271741
vt 0.619449 0.513563
vt 0.620986 0.478259
vt 0.620986 0.263563
vt 0.364129 0.489129
vt 0.620578 0.478259
vt 0.375948 0.521741
vt 0.376420 0.521741
vt 0.625000 0.000000
vt 0.625000 0.246225
vt 0.617721 0.000000
vt 0.619449 0.000000
vt 0.375000 0.271741
vt 0.615446 0.491265
vt 0.370632 0.495632
vt 0.375000 0.258735
vt 0.615446 0.255449
vt 0.375267 0.728259
vt 0.353259 0.521741
vt 0.375267 0.521741
vt 0.620578 0.228259
vt 0.620578 0.021741
vt 0.353259 0.521741
vt 0.620077 0.478259
vt 0.620077 0.513563
vt 0.146741 0.750000
vt 0.875000 0.728259
vt 0.875000 0.521741
vt 0.620986 0.513563
vt 0.620986 0.736438
vt 0.620077 0.000000
vt 0.619449 1.000000
vt 0.620077 0.263562
vt 0.620986 0.021741
vt 0.620986 0.228259
vt 0.375000 0.241265
vt 0.615446 0.241265
vt 0.620578 0.263562
vt 0.620578 0.000000
vt 0.617720 0.505662
vt 0.617720 0.748693
vt 0.377520 0.744338
vt 0.351706 0.505662
vt 0.148294 0.505662
vt 0.375000 0.271741
vt 0.634810 0.498423
vt 0.615446 0.008735
vt 0.375000 0.008735
vt 0.615446 1.000000
vt 0.615446 0.758735
vt 0.620986 0.000000
vt 0.617546 1.000000
vt 0.875000 0.508735
vt 0.875000 0.741265
vt 0.366265 0.508735
vt 0.133735 0.508735
vt 0.133735 0.500000
vt 0.366265 0.741265
vt 0.370632 0.754368
vt 0.133735 0.750000
vt 0.133735 0.741265
vt 0.125000 0.741265
vt 0.617721 0.773294
vt 0.625000 0.008735
vt 0.625000 0.244176
vt 0.615446 0.000000
vt 0.125000 0.508735
vt 0.148294 0.750000
vt 0.148294 0.744338
vt 0.351706 0.744338
vt 0.363353 0.761647
vt 0.375000 0.007077
vt 0.148294 0.500000
vt 0.375000 0.991265
vt 0.130935 0.504522
vt 0.381330 0.255935
vt 0.381330 0.494065
vt 0.381330 0.004522
vt 0.618669 0.004522
vt 0.630935 0.504522
vt 0.618669 0.494065
vt 0.618669 0.255935
vt 0.869065 0.504522
vt 0.618670 0.245478
vt 0.381331 0.245478
vt 0.618669 0.745478
vt 0.851706 0.750000
vt 0.875000 0.505662
vt 0.618670 0.504522
vt 0.148294 0.505662
vt 0.148294 0.500000
vt 0.351706 0.505662
vt 0.875000 0.737320
vt 0.360000 0.765000
vt 0.155000 0.750000
vt 0.137680 0.750000
vt 0.380763 0.255763
vt 0.155000 0.750000
vt 0.137680 0.750000
vt 0.620773 0.494834
vt 0.381340 0.256340
vt 0.618660 0.243660
vt 0.620773 0.494834
vt 0.378774 0.257547
vt 0.621226 0.242453
vt 0.625000 0.030000
vt 0.595000 0.000000
vt 0.640000 0.485000
vt 0.405000 0.000000
vt 0.375000 0.970000
vt 0.378752 0.260566
vt 0.622499 0.494921
vt 0.370457 0.501965
vt 0.381340 0.256340
vt 0.625000 0.280000
vt 0.375000 0.264648
vt 0.625000 0.264648
vt 0.622936 0.506742
vt 0.375000 0.015095
vt 0.617453 0.000000
vt 0.625000 0.993540
vt 0.381460 1.000000
vt 0.625000 0.993540
vt 0.405000 1.000000
vt 0.597727 0.000000
vt 0.405000 1.000000
vt 0.625000 0.993809
vt 0.381191 1.000000
vt 0.377064 0.743258
vt 0.625000 0.741195
vt 0.375000 0.530000
vt 0.625000 0.989681
vt 0.385319 1.000000
vt 0.868809 0.500000
vt 0.628499 0.744237
vt 0.377264 0.750000
vt 0.155000 0.500000
vt 0.375000 0.530000
vt 0.131191 0.750000
vt 0.125000 0.526416
vt 0.875000 0.530000
vt 0.619835 0.745774
vt 0.155000 0.500000
vt 0.875000 0.530000
vt 0.625000 0.993809
vt 0.625000 0.990828
vt 0.388758 1.000000
vt 0.625000 0.989681
vt 0.377348 0.258805
vt 0.375000 0.013208
vt 0.620304 0.000000
vt 0.622652 0.243396
vt 0.619717 0.000000
vt 0.622358 0.243396
vt 0.377642 0.258805
vt 0.629543 0.748035
vt 0.377501 0.755079
vt 0.629109 0.745597
vt 0.623239 0.498532
vt 0.875000 0.736792
vt 0.146132 0.750000
vt 0.125000 0.505896
vt 0.135111 0.750000
vt 0.125000 0.506951
vt 0.382415 0.751053
vt 0.125000 0.744338
vt 0.625000 0.976706
vt 0.625000 0.000000
vt 0.125000 0.505662
vt 0.125000 0.505662
vt 0.377520 0.744338
vt 0.375000 0.978259
vt 0.602755 0.000000
vt 0.613878 0.246524
vt 0.386122 0.255056
vt 0.375000 0.006951
vt 0.622499 0.494921
vt 0.377501 0.755079
vt 0.370457 0.501965
vt 0.625000 0.978867
vt 0.382504 1.000000
vt 0.875000 0.505662
vt 0.146133 0.750000
vt 0.875000 0.744104
vt 0.853867 0.500000
vt 0.625000 0.978868
vt 0.140095 0.750000
vt 0.125000 0.515095
vt 0.625000 0.984905
vt 0.382547 1.000000
vt 0.859905 0.500000
vt 0.875000 0.734905
vt 0.857710 0.500000
vt 0.875000 0.732710
vt 0.125000 0.517290
vt 0.142290 0.750000
vt 0.625000 0.982710
vt 0.381793 1.000000
vt 0.386122 0.255056
vt 0.625000 0.989889
vt 0.397245 1.000000
vt 0.168860 0.731203
vt 0.168860 0.750000
vt 0.125000 0.731203
vt 0.581140 0.956140
vt 0.625000 0.956140
vt 0.581140 1.000000
vt 0.168860 0.518797
vt 0.125000 0.518797
vt 0.168860 0.500000
vt 0.625000 0.272974
vt 0.581140 0.293860
vt 0.581140 0.235902
vt 0.331140 0.731203
vt 0.407895 0.731203
vt 0.375000 0.771930
vt 0.646930 0.762531
vt 0.581140 0.793860
vt 0.581140 0.735902
vt 0.331140 0.518797
vt 0.375000 0.478070
vt 0.407895 0.518797
vt 0.646930 0.503133
vt 0.581140 0.518797
vt 0.581140 0.467105
vt 0.418860 0.000000
vt 0.581140 0.000000
vt 0.581140 0.018797
vt 0.418860 0.018797
vt 0.625000 0.018797
vt 0.418860 0.293860
vt 0.418860 0.231203
vt 0.418860 0.956140
vt 0.831140 0.518797
vt 0.831140 0.731203
vt 0.581140 0.235902
vt 0.168860 0.731203
vt 0.168860 0.750000
vt 0.581140 0.956140
vt 0.625000 0.956140
vt 0.168860 0.518797
vt 0.168860 0.500000
vt 0.625000 0.272974
vt 0.331140 0.731203
vt 0.375000 0.771930
vt 0.646930 0.762531
vt 0.581140 0.793860
vt 0.331140 0.518797
vt 0.375000 0.478070
vt 0.646930 0.503133
vt 0.581140 0.467105
vt 0.418860 0.293860
vt 0.418860 0.956140
vt 0.831140 0.518797
vt 0.831140 0.731203
vt 0.629461 0.745597
vt 0.623591 0.498532
vt 0.857390 0.500000
vt 0.875000 0.736792
vt 0.131191 0.750000
vt 0.370891 0.504403
vt 0.142610 0.750000
vt 0.125000 0.513208
vt 0.370539 0.504403
vt 0.376409 0.751468
vt 0.142610 0.750000
vt 0.125000 0.513208
vt 0.370411 0.504403
vt 0.376281 0.751468
vt 0.125000 0.513208
vt 0.370695 0.504403
vt 0.376565 0.751467
vt 0.375000 0.478070
vt 0.376761 0.751468
vt 0.142610 0.750000
vt 0.125000 0.513208
vt 0.629305 0.745597
vt 0.625000 0.982390
vt 0.379696 1.000000
vt 0.625000 0.982390
vt 0.380283 1.000000
vt 0.853868 0.500000
vt 0.623435 0.498532
vt 0.622887 0.243396
vt 0.377113 0.258805
vt 0.620774 0.000000
vt 0.379227 1.000000
vt 0.623079 0.243396
vt 0.376921 0.258805
vt 0.378842 1.000000
vt 0.621158 0.000000
s 0
f 13/1/1 19/2/1 21/3/1 14/4/1
f 3/5/2 1/6/2 2/7/2
f 17/8/3 4/9/3 2/7/3 15/10/3
f 2/7/4 4/9/4 6/11/4 3/5/4
f 10/12/5 22/13/5 24/14/5 11/15/5
f 6/11/6 4/9/6 5/16/6
f 16/17/7 5/16/7 4/9/7 17/8/7
f 1/6/8 7/18/8 19/2/8 13/1/8
f 1/6/9 13/1/9 15/10/9 2/7/9
f 1654/19/7 1643/20/7 1642/21/7 1655/22/7
f 9/23/10 7/18/10 8/24/10
f 6/11/11 12/25/11 8/24/11 3/5/11
f 23/26/12 21/3/12 20/27/12 24/14/12
f 10/12/13 12/25/13 6/11/13 5/16/13
f 11/15/14 9/23/14 8/24/14 12/25/14
f 7/18/15 9/23/15 20/27/15 19/2/15
f 14/4/16 18/28/16 17/8/16 15/10/16
f 12/25/17 10/12/17 11/15/17
f 14/4/18 15/10/18 13/1/18
f 5/16/19 16/17/19 22/13/19 10/12/19
f 1657/29/1 1659/30/1 1652/31/1 1651/32/1
f 18/28/20 16/17/20 17/8/20
f 20/27/21 21/3/21 19/2/21
f 11/15/22 24/14/22 20/27/22 9/23/22
f 23/26/23 18/28/23 14/4/23 21/3/23
f 22/13/24 16/17/24 18/28/24 23/26/24
f 1651/32/9 1653/33/9 1640/34/9 1639/35/9
f 24/14/25 22/13/25 23/26/25
f 73/36/26 76/37/26 74/38/26
f 351/39/11 353/40/11 352/41/11 350/42/11
f 1811/43/27 1810/44/27 1814/45/27 1815/46/27 1816/47/27
f 1902/48/28 1900/49/28 1893/50/28 1894/51/28 1895/52/28
f 939/53/29 951/54/29 959/55/29 961/56/29 957/57/29 945/58/29 947/59/29 948/60/29
f 807/53/29 819/61/29 827/62/29 829/63/29 825/64/29 813/65/29 815/59/29 816/60/29
f 2586/66/23 2584/67/23 2583/68/23 2585/69/23
f 48/70/30 42/71/30 40/72/30 45/73/30
f 29/74/31 39/75/31 43/76/31 31/77/31
f 44/78/32 34/79/32 38/80/32 46/81/32
f 35/82/33 30/83/33 33/84/33 37/85/33
f 293/86/34 295/87/34 307/88/34 309/89/34 300/90/34
f 1811/91/11 1813/92/11 1812/93/11 1810/94/11
f 221/86/34 224/87/34 235/95/34 237/96/34 230/90/34
f 547/97/35 551/98/35 548/99/35
f 265/90/36 270/96/36 263/100/36
f 2059/101/37 2060/102/37 2061/103/37 2064/104/37 2065/105/37 2062/106/37
f 72/107/30 66/71/30 64/72/30 69/73/30
f 53/74/31 63/75/31 67/76/31 55/77/31
f 68/78/32 58/79/32 62/80/32 70/81/32
f 59/82/33 54/83/33 57/84/33 61/108/33
f 1913/109/38 1917/110/38 1918/111/38 1909/112/38 1910/113/38 1905/97/38
f 2249/114/22 2254/115/22 2253/116/22 2248/117/22
f 2144/114/39 2142/118/39 2138/101/39 2139/119/39 2141/103/39
f 887/61/40 886/120/40 891/116/40 892/71/40 889/121/40 894/122/40 896/107/40 895/123/40
f 1677/124/41 1678/102/41 1683/125/41 1681/126/41 1680/127/41 1679/128/41
f 403/77/23 413/76/23 411/129/23 412/130/23 416/131/23 415/81/23 409/80/23 408/132/23 405/133/23 404/134/23
f 79/74/31 85/75/31 88/76/31 80/77/31
f 89/78/32 82/79/32 84/80/32 90/81/32
f 806/38/3 818/135/3 819/61/3 807/136/3
f 2568/137/23 2567/138/23 2569/139/23 2570/140/23
f 94/43/42 93/141/42 99/100/42 100/142/42 102/47/42
f 1734/143/43 1731/144/43 1733/145/43
f 93/86/44 95/146/44 106/147/44 108/76/44 105/75/44 97/74/44 98/77/44 99/100/44
f 97/74/31 105/75/31 108/76/31 98/77/31
f 109/78/32 101/79/32 104/80/32 110/81/32
f 137/86/44 139/146/44 153/95/44 155/148/44 151/75/44 141/149/44 143/77/44 144/134/44
f 399/43/42 398/38/42 404/134/42 405/133/42 407/47/42
f 497/47/45 495/133/45 498/132/45
f 113/150/11 114/39/11 116/151/11 115/41/11
f 770/120/46 758/152/46 762/153/46 764/154/46 760/155/46 772/156/46 774/157/46 775/158/46
f 2281/159/47 2273/160/47 2275/161/47 2284/162/47 2283/163/47
f 526/164/48 528/39/48 531/165/48 530/166/48 529/41/48
f 136/70/49 130/71/49 128/72/49 133/73/49
f 117/149/31 127/75/31 131/148/31 119/77/31
f 132/167/32 122/168/32 126/80/32 134/81/32
f 123/82/33 118/83/33 121/84/33 125/85/33
f 1927/48/50 1925/169/50 1924/170/50 1923/171/50 1926/172/50
f 654/81/51 647/47/51 648/132/51
f 1955/173/11 1953/174/11 1954/91/11 1956/175/11
f 287/88/52 280/134/52 273/86/52 274/176/52 277/177/52
f 2000/178/53 1999/179/53 1998/180/53 2003/49/53 2005/181/53 2004/182/53 2001/183/53
f 143/77/23 155/148/23 153/95/23 154/71/23 160/107/23 159/131/23 158/81/23 150/80/23 148/132/23 149/108/23 145/84/23 144/134/23
f 2015/184/23 2016/185/23 2017/186/23 2013/109/23 2014/187/23 2011/188/23
f 2350/189/54 2346/174/54 2347/190/54 2349/191/54 2353/192/54 2352/193/54
f 2425/194/55 2422/94/55 2424/191/55 2428/195/55 2426/196/55 2427/161/55
f 309/89/56 307/88/56 308/71/56 314/107/56 313/197/56 312/81/56 305/198/56 303/132/56 304/108/56 299/84/56 298/134/56
f 2082/199/57 2076/200/57 2077/201/57
f 295/41/58 296/202/58 313/197/58 314/107/58 311/73/58 306/72/58 308/71/58 307/88/58
f 160/107/49 154/71/49 152/72/49 157/73/49
f 141/149/31 151/75/31 155/148/31 143/77/31
f 156/167/32 146/168/32 150/80/32 158/81/32
f 147/82/33 142/83/33 145/84/33 149/108/33
f 2188/203/57 2183/200/57 2184/201/57
f 2160/204/59 2161/205/59 2154/206/59 2153/207/59 2152/44/59
f 1088/208/60 1084/42/60 1086/209/60 1087/210/60 1090/211/60
f 899/53/61 909/61/61 915/212/61 916/123/61 917/213/61 914/214/61 904/215/61 905/216/61 906/217/61 907/218/61
f 2218/219/62 2219/102/62 2220/103/62
f 1663/86/63 1665/145/63 1672/220/63 1667/180/63 1668/45/63 1669/221/63
f 167/149/31 175/75/31 177/148/31 168/77/31
f 178/167/32 171/168/32 174/80/32 179/81/32
f 1204/222/64 1211/223/64 1213/224/64 1212/225/64 1207/226/64
f 1410/227/22 1414/228/22 1413/229/22 1409/230/22
f 2062/200/65 2063/201/65 2071/231/65 2066/232/65 2058/233/65 2059/234/65
f 847/212/66 845/235/66 848/236/66
f 2437/237/67 2446/238/67 2438/239/67
f 2434/240/68 2431/241/68 2432/242/68
f 1095/243/69 1088/208/69 1090/211/69 1098/56/69 1096/244/69 1097/245/69
f 186/77/23 196/148/23 194/246/23 195/235/23 199/247/23 198/81/23 192/80/23 191/248/23 188/142/23 187/100/23
f 199/247/70 195/235/70 200/249/70
f 185/149/31 193/75/31 196/148/31 186/77/31
f 197/167/32 189/168/32 192/80/32 198/81/32
f 1692/52/71 1691/250/71 1693/251/71
f 1140/252/69 1133/208/69 1135/211/69 1143/56/69 1141/253/69 1142/245/69
f 490/112/72 487/254/72 497/47/72 498/132/72 499/80/72 496/168/72 503/167/72 504/81/72 505/131/72
f 2584/67/19 2586/66/19 2582/255/19 2580/256/19
f 1084/222/73 1091/223/73 1093/257/73 1085/258/73 1086/136/73
f 221/164/48 223/259/48 226/165/48 225/260/48 224/41/48
f 220/70/30 216/71/30 214/72/30 218/73/30
f 211/82/33 207/83/33 209/84/33 213/85/33
f 994/120/46 984/152/46 987/153/46 989/154/46 986/261/46 996/262/46 997/157/46 998/263/46
f 1694/180/74 1697/220/74 1698/264/74
f 915/212/66 913/130/66 916/123/66
f 962/265/75 963/259/75 971/266/75 972/267/75 969/268/75 965/269/75 967/270/75 966/271/75
f 2305/196/76 2314/272/76 2312/159/76 2311/199/76 2304/273/76
f 549/41/77 550/260/77 564/197/77 565/107/77 563/73/77 559/72/77 561/71/77 560/95/77
f 546/86/34 549/87/34 560/95/34 562/96/34 555/221/34
f 113/86/44 115/146/44 129/95/44 131/148/44 127/75/44 117/149/44 119/77/44 120/134/44
f 462/150/11 463/259/11 465/274/11 464/41/11
f 1740/275/50 1738/169/50 1737/170/50 1736/276/50 1739/172/50
f 115/41/58 116/151/58 135/277/58 136/70/58 133/73/58 128/72/58 130/71/58 129/95/58
f 240/107/30 236/71/30 234/72/30 238/73/30
f 231/82/33 227/83/33 229/84/33 233/108/33
f 831/53/61 841/278/61 847/212/61 848/236/61 849/63/61 846/64/61 836/65/61 837/59/61 838/60/61 839/218/61
f 1767/91/11 1769/175/11 1768/93/11 1766/174/11
f 992/266/78 988/279/78 993/280/78
f 1069/222/73 1077/223/73 1079/257/73 1070/281/73 1071/136/73
f 1807/49/50 1809/282/50 1808/240/50 1806/178/50 1804/283/50
f 1017/157/22 1009/284/22 1007/285/22 1008/286/22 1012/287/22 1011/288/22 1023/56/22 1022/236/22 1019/235/22 1018/289/22
f 250/47/45 248/133/45 251/132/45
f 278/112/79 275/99/79 283/47/79 290/81/79 291/290/79
f 566/86/80 569/87/80 570/177/80 579/95/80 580/96/80 576/90/80
f 1820/291/81 1819/185/81 1821/249/81
f 1816/47/82 1815/46/82 1817/109/82
f 527/97/83 531/98/83 528/99/83
f 592/248/84 596/292/84 597/249/84 586/112/84 587/98/84 583/97/84 591/47/84
f 1868/47/82 1867/293/82 1869/294/82
f 535/90/85 542/96/85 533/134/85
f 1991/264/86 1993/295/86 1992/296/86 1989/297/86 1987/298/86 1986/299/86 1985/180/86
f 2056/300/87 2057/301/87 2049/302/87 2047/303/87 2052/304/87 2053/205/87
f 566/164/88 568/305/88 573/165/88 571/260/88 572/267/88 569/41/88
f 1163/306/60 1159/150/60 1161/209/60 1162/307/60 1166/211/60
f 1982/308/11 1984/309/11 1983/310/11 1981/174/11
f 1973/47/82 1972/293/82 1974/178/82
f 287/88/89 288/71/89 292/70/89 291/290/89 290/81/89 284/311/89 285/85/89 281/84/89 280/134/89
f 806/265/90 807/305/90 816/266/90 817/267/90 814/312/90 809/313/90 811/279/90 810/271/90
f 1148/306/60 1144/42/60 1146/209/60 1147/210/60 1151/211/60
f 819/61/40 818/135/40 823/158/40 824/130/40 821/314/40 826/315/40 828/107/40 827/62/40
f 292/70/49 288/71/49 286/72/49 289/73/49
f 282/82/33 279/83/33 281/84/33 285/85/33
f 603/316/91 601/41/91 599/317/91 598/164/91 600/39/91
f 749/318/46 741/319/46 744/153/46 746/320/46 743/321/46 751/322/46 752/323/46 753/263/46
f 634/89/56 632/88/56 633/71/56 639/107/56 638/197/56 637/81/56 630/198/56 628/132/56 629/108/56 624/84/56 623/134/56
f 316/43/92 315/38/92 321/221/92 319/134/92 320/133/92 322/47/92
f 2117/324/93 2126/115/93 2124/263/93 2116/325/93 2119/105/93 2118/104/93
f 314/107/30 308/71/30 306/72/30 311/73/30
f 310/326/32 301/327/32 305/198/32 312/81/32
f 302/82/33 297/83/33 299/84/33 304/108/33
f 2091/328/94 2085/234/94 2088/200/94 2094/199/94 2095/158/94
f 647/47/45 645/133/45 648/132/45
f 2199/205/59 2193/206/59 2192/329/59 2191/330/59 2198/328/59
f 557/132/95 564/197/95 550/112/95 551/98/95 547/97/95
f 618/86/34 620/87/34 632/88/34 634/89/34 625/221/34
f 2197/114/96 2202/331/96 2201/116/96 2200/203/96 2196/332/96
f 331/107/49 326/130/49 324/333/49 328/334/49
f 2277/335/97 2282/336/97 2278/337/97
f 2377/237/98 2384/338/98 2387/242/98 2386/339/98 2385/340/98 2379/341/98
f 2327/342/99 2320/343/99 2328/344/99
f 755/212/66 754/235/66 756/345/66
f 660/112/100 658/99/100 665/47/100 666/248/100 667/198/100 664/327/100 671/326/100 672/81/100 673/292/100 674/249/100
f 346/326/32 339/327/32 342/198/32 347/81/32
f 395/81/23 387/80/23 385/132/23 386/108/23 382/84/23 381/134/23 380/77/23 392/76/23 390/129/23 391/71/23 397/107/23 396/131/23
f 2420/272/101 2417/346/101 2415/338/101 2414/180/101 2419/344/101
f 350/86/44 352/146/44 366/129/44 368/76/44 364/75/44 354/74/44 356/77/44 357/134/44
f 222/347/102 223/43/102 221/38/102 230/90/102 228/134/102 229/84/102 227/83/102 231/82/102 233/108/102 232/132/102
f 353/112/103 351/348/103 361/311/103 363/80/103 359/79/103 369/78/103 371/81/103 372/277/103
f 2414/180/104 2418/342/104 2419/344/104
f 1846/86/105 1849/145/105 1857/220/105 1852/180/105 1853/188/105
f 373/70/30 367/71/30 365/72/30 370/73/30
f 354/74/31 364/75/31 368/76/31 356/77/31
f 369/78/32 359/79/32 363/80/32 371/81/32
f 360/82/33 355/83/33 358/84/33 362/85/33
f 688/54/40 687/120/40 692/116/40 693/71/40 690/121/40 695/122/40 697/70/40 696/55/40
f 2556/349/11 2558/350/11 2557/351/11 2555/352/11
f 985/53/61 995/61/61 1001/212/61 1002/62/61 1003/56/61 1000/57/61 990/58/61 991/59/61 992/60/61 993/218/61
f 397/107/30 391/71/30 389/72/30 394/73/30
f 378/74/31 388/75/31 392/76/31 380/77/31
f 393/78/32 383/79/32 387/80/32 395/81/32
f 384/82/33 379/83/33 382/84/33 386/108/33
f 213/85/106 209/84/106 208/134/106 217/96/106 215/95/106 216/71/106 220/70/106 219/290/106 212/311/106
f 1682/353/107 1683/112/107 1678/354/107 1685/294/107 1687/275/107
f 2573/355/11 2571/356/11 2572/357/11 2574/358/11
f 210/221/85 217/96/85 208/134/85
f 1698/264/108 1699/359/108 1696/360/108 1695/361/108 1694/180/108
f 204/41/58 205/166/58 219/290/58 220/70/58 218/73/58 214/72/58 216/71/58 215/95/58
f 2669/355/11 2667/356/11 2668/357/11 2670/358/11
f 2161/205/109 2160/204/109 2164/362/109 2167/363/109 2166/364/109 2165/300/109
f 402/74/31 410/75/31 413/76/31 403/77/31
f 414/78/32 406/79/32 409/80/32 415/81/32
f 423/77/23 433/76/23 431/147/23 432/235/23 436/247/23 435/81/23 429/80/23 428/248/23 425/142/23 424/100/23
f 984/38/3 994/120/3 995/61/3 985/136/3
f 898/38/3 908/120/3 909/61/3 899/136/3
f 2461/335/110 2465/365/110 2467/163/110 2466/366/110 2464/242/110 2462/337/110
f 1684/276/23 1686/367/23 1687/275/23 1685/294/23
f 102/47/45 100/142/45 103/248/45
f 374/86/44 376/146/44 390/129/44 392/76/44 388/75/44 378/74/44 380/77/44 381/134/44
f 420/368/111 421/369/111 437/249/111 432/235/111 431/147/111
f 98/77/23 108/76/23 106/147/23 107/235/23 111/247/23 110/81/23 104/80/23 103/248/23 100/142/23 99/100/23
f 111/247/70 107/235/70 112/249/70
f 422/74/31 430/75/31 433/76/31 423/77/31
f 434/78/32 426/79/32 429/80/32 435/81/32
f 438/150/11 439/39/11 441/151/11 440/41/11
f 1675/363/112 1673/370/112 1672/220/112
f 862/120/46 850/371/46 854/153/46 856/320/46 852/372/46 864/373/46 866/323/46 867/116/46
f 461/70/30 455/71/30 453/72/30 458/73/30
f 442/149/31 452/75/31 456/148/31 444/77/31
f 457/167/32 447/168/32 451/80/32 459/81/32
f 448/82/33 443/83/33 446/84/33 450/85/33
f 1864/112/113 1862/354/113 1868/47/113 1872/366/113 1873/48/113
f 468/77/23 480/148/23 478/95/23 479/71/23 485/107/23 484/131/23 483/81/23 475/80/23 473/132/23 474/108/23 470/84/23 469/134/23
f 1764/366/114 1761/47/114 1762/170/114
f 2104/374/39 2102/375/39 2098/101/39 2099/376/39 2101/103/39
f 317/41/58 318/202/58 330/197/58 331/107/58 328/334/58 324/333/58 326/130/58 325/88/58
f 1953/86/105 1955/377/105 1962/220/105 1957/180/105 1958/188/105
f 970/59/115 981/212/115 982/62/115
f 485/107/30 479/71/30 477/72/30 482/73/30
f 466/149/31 476/75/31 480/148/31 468/77/31
f 481/167/32 471/168/32 475/80/32 483/81/32
f 472/82/33 467/83/33 470/84/33 474/108/33
f 333/43/92 332/141/92 338/90/92 336/100/92 337/142/92 340/47/92
f 1932/378/11 1931/310/11 1929/379/11 1930/308/11
f 421/112/100 419/348/100 427/47/100 428/248/100 429/80/100 426/79/100 434/78/100 435/81/100 436/247/100 437/249/100
f 1888/295/112 1885/264/112 1884/220/112
f 2009/173/116 2010/92/116 2018/111/116 2016/185/116 2015/184/116
f 492/149/31 500/75/31 502/148/31 493/77/31
f 503/167/32 496/168/32 499/80/32 504/81/32
f 183/368/111 184/380/111 200/249/111 195/235/111 194/246/111
f 759/53/29 771/54/29 779/55/29 781/56/29 777/64/29 765/65/29 767/59/29 768/60/29
f 511/77/23 521/148/23 519/246/23 520/235/23 524/247/23 523/81/23 517/80/23 516/248/23 513/142/23 512/100/23
f 508/368/111 509/380/111 525/249/111 520/235/111 519/246/111
f 1855/47/82 1854/46/82 1856/381/82
f 510/149/31 518/75/31 521/148/31 511/77/31
f 522/167/32 514/168/32 517/80/32 523/81/32
f 2053/205/117 2051/204/117 2050/232/117 2054/116/117 2055/185/117 2056/300/117
f 578/132/118 581/197/118 571/112/118 573/98/118 567/97/118 577/47/118
f 542/96/106 540/95/106 541/71/106 545/70/106 544/290/106 537/311/106 538/85/106 534/84/106 533/134/106
f 1223/208/119 1219/150/119 1222/382/119 1220/209/119 1221/307/119 1226/211/119
f 1114/222/120 1122/223/120 1124/257/120 1115/258/120 1116/136/120 1117/226/120
f 1751/383/121 1748/361/121 1742/86/121 1743/144/121 1746/143/121
f 1886/366/114 1882/47/114 1883/360/114
f 2392/237/122 2399/338/122 2402/242/122 2401/241/122 2400/340/122 2394/341/122
f 27/41/58 28/40/58 47/277/58 48/70/58 45/73/58 40/72/58 42/71/58 41/129/58
f 545/70/30 541/71/30 539/72/30 543/73/30
f 536/82/33 532/83/33 534/84/33 538/85/33
f 2036/384/11 2038/385/11 2037/50/11 2035/94/11
f 1905/97/123 1910/113/123 1906/386/123
f 572/267/124 570/387/124 569/41/124
f 562/96/106 560/95/106 561/71/106 565/107/106 564/197/106 557/132/106 558/108/106 554/84/106 553/134/106
f 1248/222/64 1255/223/64 1257/224/64 1256/225/64 1251/226/64
f 567/97/83 573/98/83 568/99/83
f 565/107/30 561/71/30 559/72/30 563/73/30
f 556/82/33 552/83/33 554/84/33 558/108/33
f 486/86/125 488/146/125 489/177/125 501/95/125 502/148/125 500/75/125 492/149/125 493/77/125 494/134/125
f 1995/384/11 1997/388/11 1996/50/11 1994/174/11
f 1942/384/11 1944/385/11 1943/50/11 1941/379/11
f 576/90/36 580/96/36 574/134/36
f 841/278/126 840/389/126 844/231/126 845/235/126 847/212/126
f 137/150/11 138/259/11 140/274/11 139/41/11
f 1208/208/119 1204/42/119 1207/382/119 1205/209/119 1206/210/119 1210/211/119
f 577/47/45 575/133/45 578/132/45
f 1129/222/73 1136/223/73 1138/257/73 1130/258/73 1131/136/73
f 1988/47/82 1987/298/82 1989/297/82
f 1977/367/23 1979/390/23 1978/182/23 1975/183/23 1974/178/23 1972/293/23 1971/171/23 1970/180/23
f 658/43/92 657/141/92 663/221/92 661/100/92 662/142/92 665/47/92
f 1182/223/127 1186/391/127 1188/245/127 1185/392/127 1183/224/127 1184/257/127
f 2160/204/128 2152/393/128 2156/200/128 2162/203/128 2163/116/128 2164/362/128
f 742/53/129 750/394/129 755/212/129 756/345/129 757/213/129 748/218/129
f 590/221/36 595/96/36 588/100/36
f 661/100/130 670/89/130 668/395/130 669/235/130 673/292/130 672/81/130 667/198/130 666/248/130 662/142/130
f 2065/105/131 2063/396/131 2062/106/131
f 585/368/48 582/164/48 584/397/48 587/165/48 586/398/48
f 2058/233/132 2066/232/132 2067/399/132
f 2382/400/133 2391/272/133 2389/344/133 2381/401/133 2380/194/133
f 1103/208/60 1099/150/60 1101/209/60 1102/307/60 1106/211/60
f 615/81/51 608/47/51 609/311/51
f 602/387/134 601/41/134 603/316/134 616/290/134 617/70/134 614/73/134 611/72/134 613/71/134 612/88/134
f 1122/223/127 1126/402/127 1128/245/127 1125/392/127 1123/224/127 1124/257/127
f 224/41/58 225/260/58 239/197/58 240/107/58 238/73/58 234/72/58 236/71/58 235/95/58
f 617/70/49 613/71/49 611/72/49 614/73/49
f 607/82/33 604/83/33 606/84/33 610/85/33
f 2443/400/133 2452/163/133 2450/344/133 2442/403/133 2441/160/133
f 1024/222/73 1032/223/73 1034/257/73 1025/281/73 1026/136/73
f 2187/404/3 2182/206/3 2181/405/3 2186/406/3
f 646/90/36 652/89/36 644/134/36
f 2162/203/57 2156/200/57 2157/201/57
f 318/112/79 316/99/79 322/47/79 329/81/79 330/197/79
f 2148/407/135 2146/328/135 2145/232/135
f 639/107/49 633/71/49 631/72/49 636/73/49
f 635/326/32 626/327/32 630/198/32 637/81/32
f 627/82/33 622/83/33 624/84/33 629/108/33
f 166/267/124 164/387/124 163/41/124
f 318/202/11 317/41/11 315/164/11 316/305/11
f 1944/112/136 1942/386/136 1947/170/136 1948/169/136 1952/111/136
f 329/81/137 322/47/137 323/132/137
f 652/89/138 650/88/138 651/130/138 656/107/138 655/197/138 654/81/138 648/132/138 645/133/138 644/134/138
f 700/53/139 711/61/139 718/123/139 720/213/139 709/218/139
f 963/53/140 974/61/140 981/212/140 970/59/140 971/60/140
f 2173/105/131 2171/408/131 2170/106/131
f 322/47/45 320/133/45 323/132/45
f 327/89/138 325/88/138 326/130/138 331/107/138 330/197/138 329/81/138 323/132/138 320/133/138 319/134/138
f 656/107/49 651/130/49 649/333/49 653/334/49
f 1969/112/141 1967/409/141 1973/47/141 1974/178/141 1975/183/141 1980/111/141
f 1687/275/28 1686/367/28 1680/127/28 1681/126/28 1682/52/28
f 582/86/34 585/87/34 593/246/34 595/96/34 590/221/34
f 340/47/45 337/142/45 341/248/45
f 2266/342/99 2259/403/99 2267/344/99
f 2309/304/142 2301/410/142 2302/341/142
f 731/120/46 721/319/46 724/153/46 726/320/46 723/321/46 733/322/46 734/323/46 735/116/46
f 671/326/32 664/327/32 667/198/32 672/81/32
f 49/86/44 51/146/44 65/129/44 67/76/44 63/75/44 53/74/44 55/77/44 56/134/44
f 1712/49/143 1708/283/143 1709/221/143 1700/411/143 1703/412/143 1704/145/143
f 850/265/90 851/39/90 860/413/90 861/414/90 858/268/90 853/269/90 855/270/90 854/415/90
f 686/414/144 680/270/144 678/269/144 683/268/144
f 689/322/145 677/321/145 681/320/145 691/323/145
f 682/215/146 694/416/146 698/213/146 684/216/146
f 695/122/147 690/121/147 693/71/147 697/70/147
f 984/265/148 985/305/148 993/280/148 988/279/148 987/271/148
f 709/218/149 720/213/149 707/417/149
f 348/292/70 344/235/70 349/249/70
f 2400/340/142 2393/206/142 2394/341/142
f 2008/43/150 2007/44/150 2012/418/150 2014/187/150 2013/109/150
f 1389/419/22 1387/420/22 1388/421/22 1394/422/22 1393/423/22 1392/424/22 1406/425/22 1404/426/22 1405/427/22 1401/428/22 1400/429/22 1399/430/22
f 1295/431/151 1296/432/151 1305/423/151 1306/422/151 1303/433/151 1298/434/151 1300/421/151 1299/435/151
f 1047/223/127 1051/391/127 1053/245/127 1050/80/127 1048/224/127 1049/257/127
f 1470/436/19 1466/437/19 1464/438/19 1468/439/19
f 1156/440/152 1148/306/152 1151/211/152 1150/441/152 1149/442/152 1158/245/152
f 1769/112/113 1767/409/113 1772/47/113 1777/240/113 1778/291/113
f 708/267/144 704/443/144 702/269/144 706/268/144
f 712/322/145 701/321/145 705/320/145 714/323/145
f 717/122/147 713/121/147 716/71/147 719/107/147
f 2371/241/153 2363/444/153 2372/242/153
f 2411/193/154 2421/445/154 2412/161/154
f 2364/446/155 2369/195/155 2365/191/155
f 818/135/46 806/152/46 810/153/46 812/154/46 808/155/46 820/156/46 822/157/46 823/158/46
f 2300/237/122 2307/335/122 2308/337/122 2310/447/122 2309/304/122 2302/341/122
f 46/81/23 38/80/23 36/311/23 37/85/23 33/84/23 32/134/23 31/77/23 43/76/23 41/129/23 42/71/23 48/70/23 47/277/23
f 371/81/23 363/80/23 361/311/23 362/85/23 358/84/23 357/134/23 356/77/23 368/76/23 366/129/23 367/71/23 373/70/23 372/277/23
f 2249/114/39 2248/117/39 2244/101/39 2245/119/39 2247/103/39
f 2430/340/142 2423/206/142 2424/341/142
f 734/323/22 726/448/22 724/271/22 725/279/22 729/266/22 728/449/22 740/213/22 739/62/22 736/130/22 735/116/22
f 733/322/145 723/321/145 726/320/145 734/323/145
f 727/215/146 737/416/146 740/213/146 728/216/146
f 2423/446/155 2428/195/155 2424/191/155
f 2573/355/22 2574/358/22 2578/450/22 2577/451/22
f 1717/93/156 1719/92/156 1729/249/156 1727/452/156 1728/363/156 1725/220/156 1718/453/156
f 2489/160/157 2486/454/157 2490/273/157
f 1713/275/28 1712/49/28 1704/455/28 1705/51/28 1706/52/28
f 2453/456/158 2461/335/158 2462/337/158
f 2497/240/68 2493/241/68 2494/242/68
f 751/322/145 743/321/145 746/320/145 752/323/145
f 783/136/3 782/38/3 794/135/3 795/61/3
f 851/53/29 863/457/29 871/458/29 873/213/29 869/214/29 857/215/29 859/216/29 860/217/29
f 886/120/46 874/371/46 878/153/46 880/320/46 876/372/46 888/373/46 890/323/46 891/116/46
f 351/43/159 350/38/159 357/134/159 358/84/159 355/83/159 360/82/159 362/85/159 361/311/159
f 375/43/159 374/38/159 381/134/159 382/84/159 379/83/159 384/82/159 386/108/159 385/132/159
f 804/107/22 800/71/22 799/158/22 798/157/22 788/284/22 786/271/22 787/443/22 793/267/22 792/266/22 791/288/22 805/63/22 803/62/22
f 769/414/144 763/270/144 761/269/144 766/268/144
f 772/156/145 760/155/145 764/154/145 774/157/145
f 765/65/146 777/64/146 781/56/146 767/59/146
f 778/122/147 773/121/147 776/71/147 780/70/147
f 50/43/159 49/38/159 56/134/159 57/84/159 54/83/159 59/82/159 61/108/159 60/132/159
f 908/120/46 898/371/46 901/153/46 903/320/46 900/372/46 910/373/46 911/323/46 912/116/46
f 711/61/40 710/120/40 715/116/40 716/71/40 713/121/40 717/122/40 719/107/40 718/123/40
f 793/267/144 787/443/144 785/269/144 790/268/144
f 796/156/145 784/155/145 788/154/145 798/157/145
f 789/65/146 801/64/146 805/63/146 791/59/146
f 802/122/147 797/121/147 800/71/147 804/107/147
f 95/368/11 93/42/11 94/397/11 96/369/11
f 919/53/61 929/278/61 935/212/61 936/236/61 937/213/61 934/214/61 924/215/61 925/216/61 926/217/61 927/218/61
f 407/47/45 405/133/45 408/132/45
f 830/265/148 831/397/148 839/280/148 834/286/148 833/285/148
f 817/267/144 811/279/144 809/313/144 814/312/144
f 820/156/145 808/155/145 812/154/145 822/157/145
f 813/65/146 825/64/146 829/63/146 815/59/146
f 826/315/147 821/314/147 824/130/147 828/107/147
f 332/86/34 334/87/34 343/395/34 345/89/34 338/90/34
f 830/141/3 840/389/3 841/278/3 831/136/3
f 918/141/3 928/318/3 929/278/3 919/136/3
f 843/157/22 835/284/22 833/285/22 834/286/22 838/287/22 837/288/22 849/63/22 848/236/22 845/235/22 844/231/22
f 926/287/78 922/286/78 927/280/78
f 2264/304/142 2256/410/142 2257/341/142
f 2782/459/160 2780/460/160 2784/461/160 2786/462/160
f 842/156/145 832/155/145 835/154/145 843/157/145
f 836/65/146 846/64/146 849/63/146 837/59/146
f 441/112/103 439/254/103 449/311/103 451/80/103 447/168/103 457/167/103 459/81/103 460/277/103
f 863/457/40 862/120/40 867/116/40 868/71/40 865/121/40 870/122/40 872/70/40 871/458/40
f 73/411/161 74/86/161 77/146/161 86/129/161 88/76/161 85/75/161 79/74/161 80/77/161 81/134/161
f 883/442/22 897/213/22 895/123/22 896/107/22 892/71/22 891/116/22 890/323/22 880/448/22 878/415/22 879/443/22 885/267/22 884/266/22
f 861/414/144 855/270/144 853/269/144 858/268/144
f 864/373/145 852/372/145 856/320/145 866/323/145
f 857/215/146 869/214/146 873/213/146 859/216/146
f 870/122/147 865/121/147 868/71/147 872/70/147
f 96/112/100 94/348/100 102/47/100 103/248/100 104/80/100 101/79/100 109/78/100 110/81/100 111/247/100 112/249/100
f 585/368/111 586/398/111 597/249/111 594/235/111 593/246/111
f 436/247/70 432/235/70 437/249/70
f 181/86/44 183/146/44 194/246/44 196/148/44 193/75/44 185/149/44 186/77/44 187/100/44
f 875/53/29 887/61/29 895/123/29 897/213/29 893/214/29 881/215/29 883/216/29 884/217/29
f 1099/222/73 1107/223/73 1109/257/73 1100/258/73 1101/136/73
f 315/86/34 317/87/34 325/88/34 327/89/34 321/221/34
f 911/323/22 903/448/22 901/415/22 902/279/22 906/266/22 905/442/22 917/213/22 916/123/22 913/130/22 912/116/22
f 506/86/44 508/146/44 519/246/44 521/148/44 518/75/44 510/149/44 511/77/44 512/100/44
f 1746/143/43 1743/144/43 1745/145/43
f 885/267/144 879/443/144 877/269/144 882/268/144
f 888/373/145 876/372/145 880/320/145 890/323/145
f 881/215/146 893/214/146 897/213/146 883/216/146
f 894/122/147 889/121/147 892/71/147 896/107/147
f 509/112/100 507/254/100 515/47/100 516/248/100 517/80/100 514/168/100 522/167/100 523/81/100 524/247/100 525/249/100
f 1663/124/11 1664/91/11 1666/463/11 1665/93/11
f 2174/232/128 2175/399/128 2168/393/128 2170/200/128 2178/203/128 2179/263/128
f 732/61/126 731/120/126 735/116/126 736/130/126 738/212/126
f 1673/370/86 1675/363/86 1674/452/86 1670/381/86 1671/187/86 1668/45/86 1667/180/86
f 910/373/145 900/372/145 903/320/145 911/323/145
f 904/215/146 914/214/146 917/213/146 905/216/146
f 1004/141/3 1014/318/3 1015/278/3 1005/136/3
f 2256/446/155 2261/464/155 2257/191/155
f 418/86/44 420/146/44 431/147/44 433/76/44 430/75/44 422/74/44 423/77/44 424/100/44
f 1861/86/105 1863/145/105 1870/220/105 1865/465/105 1866/171/105
f 2451/366/68 2447/339/68 2448/242/68
f 547/347/102 548/43/102 546/38/102 555/221/102 553/134/102 554/84/102 552/83/102 556/82/102 558/108/102 557/132/102
f 508/368/11 506/150/11 507/397/11 509/380/11
f 930/373/145 920/372/145 923/320/145 931/323/145
f 924/215/146 934/214/146 937/213/146 925/216/146
f 1127/253/162 1125/392/162 1128/245/162
f 138/43/159 137/38/159 144/134/159 145/84/159 142/83/159 147/82/159 149/108/159 148/132/159
f 710/120/46 699/319/46 703/153/46 705/320/46 701/321/46 712/322/46 714/323/46 715/116/46
f 949/414/163 943/270/163 941/269/163 946/268/163
f 952/262/145 940/261/145 944/154/145 954/157/145
f 945/58/146 957/57/146 961/56/146 947/59/146
f 958/122/147 953/121/147 956/71/147 960/70/147
f 488/41/164 486/150/164 487/305/164 490/274/164 491/267/164
f 783/53/29 795/61/29 803/62/29 805/63/29 801/64/29 789/65/29 791/59/29 792/60/29
f 1219/222/64 1227/223/64 1229/224/64 1228/225/64 1222/226/64
f 1764/366/50 1762/170/50 1760/283/50 1763/466/50 1765/275/50
f 972/267/163 967/270/163 965/269/163 969/268/163
f 975/262/145 964/261/145 968/154/145 977/157/145
f 980/122/147 976/121/147 979/71/147 983/107/147
f 1758/143/43 1755/144/43 1757/145/43
f 1035/440/152 1028/208/152 1031/211/152 1030/441/152 1029/449/152 1038/245/152
f 997/157/22 989/284/22 987/271/22 988/279/22 992/266/22 991/288/22 1003/56/22 1002/62/22 999/130/22 998/263/22
f 491/267/124 489/387/124 488/41/124
f 1001/212/66 999/130/66 1002/62/66
f 1012/287/78 1008/286/78 1013/280/78
f 184/112/100 182/254/100 190/47/100 191/248/100 192/80/100 189/168/100 197/167/100 198/81/100 199/247/100 200/249/100
f 493/77/165 502/148/165 501/95/165 505/131/165 504/81/165 499/80/165 498/132/165 495/133/165 494/134/165
f 1776/370/166 1779/363/166 1778/291/166 1777/240/166 1773/467/166 1774/187/166 1770/45/166
f 996/262/145 986/261/145 989/154/145 997/157/145
f 990/58/146 1000/57/146 1003/56/146 991/59/146
f 1021/212/66 1019/235/66 1022/236/66
f 524/247/70 520/235/70 525/249/70
f 1016/262/145 1006/261/145 1009/154/145 1017/157/145
f 1010/58/146 1020/57/146 1023/56/146 1011/59/146
f 1208/146/8 1215/468/8 1211/223/8 1204/152/8
f 1159/222/73 1167/223/73 1169/257/73 1160/258/73 1161/136/73
f 1063/224/19 1065/392/19 1067/469/19 1059/216/19 1060/417/19 1061/98/19 1056/99/19 1055/470/19
f 1043/208/60 1039/150/60 1041/209/60 1042/307/60 1046/211/60
f 1073/87/8 1081/471/8 1077/223/8 1069/319/8
f 1192/472/167 1195/473/167 1196/211/167
f 1252/87/8 1259/474/8 1255/223/8 1248/152/8
f 1048/224/168 1040/281/168 1049/257/168
f 1087/210/169 1089/441/169 1090/211/169
f 271/292/70 269/235/70 272/249/70
f 260/368/48 257/164/48 259/397/48 262/165/48 261/398/48
f 1837/359/23 1835/475/23 1834/361/23 1836/383/23
f 1823/102/11 1825/476/11 1824/127/11 1822/94/11
f 2445/335/170 2449/477/170 2450/344/170 2452/163/170 2451/366/170 2448/242/170
f 182/43/42 181/141/42 187/100/42 188/142/42 190/47/42
f 440/41/58 441/151/58 460/277/58 461/70/58 458/73/58 453/72/58 455/71/58 454/95/58
f 1193/306/60 1189/164/60 1191/209/60 1192/472/60 1196/211/60
f 1939/366/114 1935/47/114 1936/475/114
f 1183/224/168 1175/258/168 1184/257/168
f 1735/112/136 1732/386/136 1737/170/136 1738/169/136 1741/249/136
f 1082/469/19 1074/216/19 1075/417/19 1072/478/19 1071/99/19 1070/470/19 1078/224/19 1080/198/19
f 1112/244/162 1110/80/162 1113/245/162
f 266/47/45 264/142/45 267/248/45
f 1089/60/19 1087/479/19 1086/348/19 1085/480/19 1092/224/19 1094/80/19 1096/244/19 1098/56/19
f 1245/481/171 1237/208/171 1239/482/171 1238/288/171 1247/245/171
f 1092/224/168 1085/258/168 1093/257/168
f 2332/483/19 2340/241/19 2343/366/19 2344/272/19 2336/484/19 2337/302/19 2338/113/19 2333/386/19
f 1848/485/172 1850/353/172 1851/112/172
f 1074/449/173 1082/469/173 1083/245/173
f 263/100/174 270/96/174 268/246/174 269/235/174 271/292/174 267/248/174 264/142/174
f 1058/208/175 1054/164/175 1057/382/175 1061/165/175 1060/482/175
f 52/112/103 50/348/103 60/132/103 62/80/103 58/79/103 68/78/103 70/81/103 71/131/103
f 1882/47/82 1881/298/82 1883/360/82
f 1102/307/169 1105/486/169 1106/211/169
f 2270/237/122 2277/335/122 2278/337/122 2280/447/122 2279/304/122 2272/341/122
f 659/368/111 660/487/111 674/249/111 669/235/111 668/395/111
f 1123/224/168 1115/258/168 1124/257/168
f 1167/223/127 1171/391/127 1173/245/127 1170/80/127 1168/224/127 1169/257/127
f 1895/52/71 1894/51/71 1896/488/71
f 1103/146/8 1111/402/8 1107/223/8 1099/152/8
f 1194/442/176 1202/469/176 1203/245/176
f 1147/210/169 1150/441/169 1151/211/169
f 1108/224/168 1100/258/168 1109/257/168
f 232/132/95 239/197/95 225/112/95 226/98/95 222/97/95
f 1193/87/8 1201/471/8 1197/223/8 1189/371/8
f 2314/272/177 2310/447/177 2308/337/177 2313/489/177 2312/159/177
f 1162/307/167 1165/486/167 1166/211/167
f 1928/111/178 1925/169/178 1927/48/178
f 603/112/79 600/99/79 608/47/79 615/81/79 616/290/79
f 1105/60/19 1102/479/19 1101/254/19 1100/480/19 1108/224/19 1110/80/19 1112/244/19 1104/59/19
f 1235/99/19 1242/225/19 1243/224/19 1244/392/19 1246/469/19 1238/59/19 1239/60/19 1240/98/19
f 1137/224/168 1130/258/168 1138/257/168
f 1980/111/178 1975/183/178 1978/182/178
f 1960/47/82 1959/46/82 1961/467/82
f 1134/473/179 1143/56/179 1135/211/179
f 1153/224/19 1155/80/19 1157/244/19 1149/216/19 1150/217/19 1147/479/19 1146/348/19 1145/490/19
f 1104/288/176 1112/244/176 1113/245/176
f 1164/442/176 1172/244/176 1173/245/176
f 641/43/92 640/38/92 646/90/92 644/134/92 645/133/92 647/47/92
f 1141/253/19 1143/56/19 1134/60/19 1132/478/19 1131/99/19 1130/480/19 1137/224/19 1139/198/19
f 1157/244/162 1155/80/162 1158/245/162
f 1187/469/19 1179/216/19 1180/217/19 1181/98/19 1176/99/19 1175/490/19 1183/224/19 1185/392/19
f 212/311/180 219/290/180 205/112/180 206/98/180 202/97/180
f 1133/87/8 1140/252/8 1136/223/8 1129/152/8
f 2072/115/181 2064/302/181 2061/303/181 2068/304/181 2069/491/181
f 1119/288/176 1127/253/176 1128/245/176
f 1234/152/8 1237/87/8 1245/481/8 1241/223/8
f 1238/288/173 1246/469/173 1247/245/173
f 1206/210/169 1209/441/169 1210/211/169
f 596/292/70 594/235/70 597/249/70
f 1993/295/112 1991/264/112 1990/220/112
f 1224/288/173 1232/244/173 1233/245/173
f 1256/225/182 1249/136/182 1251/226/182
f 1998/180/74 2002/220/74 2003/49/74
f 1027/210/169 1030/441/169 1031/211/169
f 1042/307/167 1045/486/167 1046/211/167
f 2017/186/81 2016/185/81 2018/111/81
f 2068/304/183 2061/303/183 2060/492/183
f 1237/208/175 1234/164/175 1236/382/175 1240/165/175 1239/482/175
f 1215/468/69 1208/208/69 1210/211/69 1218/56/69 1216/244/69 1217/245/69
f 1148/146/8 1156/440/8 1152/223/8 1144/371/8
f 260/368/111 261/398/111 272/249/111 269/235/111 268/246/111
f 1048/224/19 1050/80/19 1052/244/19 1044/216/19 1045/417/19 1042/479/19 1041/254/19 1040/470/19
f 1172/244/162 1170/80/162 1173/245/162
f 1159/371/8 1163/146/8 1171/391/8 1167/223/8
f 258/347/184 259/43/184 257/141/184 265/90/184 263/100/184 264/142/184 266/47/184
f 1224/59/19 1225/60/19 1221/479/19 1220/254/19 1228/225/19 1229/224/19 1230/80/19 1232/244/19
f 1149/442/176 1157/244/176 1158/245/176
f 1178/306/175 1174/164/175 1177/382/175 1181/165/175 1180/482/175
f 1059/449/176 1067/469/176 1068/245/176
f 1168/224/168 1160/258/168 1169/257/168
f 591/47/45 589/142/45 592/248/45
f 1863/493/185 1864/125/185 1873/48/185 1874/390/185 1870/220/185
f 1197/223/127 1201/471/127 1203/245/127 1200/198/127 1198/224/127 1199/257/127
f 2026/182/23 2024/170/23 2023/171/23 2025/172/23
f 1114/152/8 1118/87/8 1126/402/8 1122/223/8
f 77/41/111 78/494/111 92/249/111 87/130/111 86/129/111
f 1202/469/162 1200/198/162 1203/245/162
f 1209/441/179 1218/56/179 1210/211/179
f 465/112/103 463/254/103 473/132/103 475/80/103 471/168/103 481/167/103 483/81/103 484/131/103
f 741/141/3 749/318/3 750/394/3 742/136/3
f 464/41/58 465/274/58 484/131/58 485/107/58 482/73/58 477/72/58 479/71/58 478/95/58
f 1241/223/186 1245/481/186 1247/245/186 1244/392/186 1243/224/186
f 1179/442/176 1187/469/176 1188/245/176
f 1209/60/19 1206/479/19 1205/348/19 1212/225/19 1213/224/19 1214/80/19 1216/244/19 1218/56/19
f 1235/209/187 1240/165/187 1236/382/187
f 1164/216/19 1165/217/19 1162/479/19 1161/254/19 1160/490/19 1168/224/19 1170/80/19 1172/244/19
f 2133/404/3 2128/495/3 2127/405/3 2132/406/3
f 1228/225/182 1220/136/182 1222/226/182
f 1227/223/186 1231/481/186 1233/245/186 1230/80/186 1229/224/186
f 2052/304/188 2046/410/188 2045/207/188 2044/44/188 2043/496/188 2051/204/188 2053/205/188
f 2422/237/122 2429/338/122 2432/242/122 2431/241/122 2430/340/122 2424/341/122
f 1089/441/179 1098/56/179 1090/211/179
f 1004/265/148 1005/397/148 1013/280/148 1008/286/148 1007/285/148
f 1033/224/19 1036/81/19 1037/244/19 1029/216/19 1030/417/19 1027/479/19 1026/348/19 1025/470/19
f 1234/222/64 1241/223/64 1243/224/64 1242/225/64 1236/226/64
f 1250/472/167 1253/473/167 1254/211/167
f 334/368/111 335/487/111 349/249/111 344/235/111 343/395/111
f 1141/253/162 1139/198/162 1142/245/162
f 2078/497/96 2084/498/96 2083/499/96 2082/199/96 2077/500/96
f 2094/199/57 2088/200/57 2089/201/57
f 1221/307/167 1225/486/167 1226/211/167
f 1464/501/11 1466/502/11 1465/503/11 1463/504/11
f 1219/152/8 1223/146/8 1231/481/8 1227/223/8
f 1232/244/162 1230/80/162 1233/245/162
f 1111/402/152 1103/208/152 1106/211/152 1105/486/152 1104/288/152 1113/245/152
f 1056/209/187 1061/165/187 1057/382/187
f 1216/244/162 1214/80/162 1217/245/162
f 1015/278/126 1014/318/126 1018/289/126 1019/235/126 1021/212/126
f 2290/302/189 2291/505/189 2286/409/189 2294/304/189 2295/506/189 2299/272/189
f 1253/473/179 1262/56/179 1254/211/179
f 1153/224/168 1145/258/168 1154/257/168
f 1115/480/19 1123/224/19 1125/392/19 1127/253/19 1119/59/19 1120/60/19 1121/98/19 1116/99/19
f 487/43/42 486/38/42 494/134/42 495/133/42 497/47/42
f 2114/495/190 2113/507/190 2121/399/190 2123/508/190 2122/491/190
f 1078/224/168 1070/281/168 1079/257/168
f 1739/172/121 1736/276/121 1730/86/121 1731/144/121 1734/143/121
f 1202/469/19 1194/216/19 1195/217/19 1192/478/19 1191/99/19 1190/490/19 1198/224/19 1200/198/19
f 2130/324/191 2136/498/191 2134/509/191 2129/510/191 2131/497/191
f 1242/225/182 1235/136/182 1236/226/182
f 1029/449/176 1037/244/176 1038/245/176
f 2466/366/192 2467/163/192 2468/162/192 2459/511/192 2456/386/192 2463/241/192
f 2101/303/193 2100/492/193 2107/205/193 2110/300/193 2103/484/193 2104/302/193
f 2239/512/183 2234/303/183 2233/492/183
f 2149/116/191 2142/118/191 2144/114/191 2143/324/191 2151/115/191
f 2279/304/194 2280/447/194 2283/163/194 2284/162/194 2274/302/194 2276/113/194 2271/386/194
f 673/292/70 669/235/70 674/249/70
f 1077/223/127 1081/471/127 1083/245/127 1080/198/127 1078/224/127 1079/257/127
f 684/449/22 698/213/22 696/55/22 697/70/22 693/71/22 692/116/22 691/323/22 681/448/22 679/271/22 680/270/22 686/414/22 685/413/22
f 970/288/195 982/62/195 983/107/195 979/71/195 978/263/195 977/157/195 968/284/195 966/271/195 967/270/195 972/267/195 971/266/195
f 1198/224/168 1190/258/168 1199/257/168
f 1260/469/19 1262/56/19 1253/60/19 1250/478/19 1249/99/19 1256/225/19 1257/224/19 1258/198/19
f 1252/208/119 1248/164/119 1251/382/119 1249/209/119 1250/472/119 1254/211/119
f 2200/203/57 2195/200/57 2196/201/57
f 1033/224/168 1025/281/168 1034/257/168
f 1260/469/162 1258/198/162 1261/245/162
f 1277/513/22 1294/514/22 1289/515/22 1274/516/22
f 1132/472/167 1134/473/167 1135/211/167
f 2185/497/96 2190/517/96 2189/509/96 2188/203/96 2184/518/96
f 1375/519/196 1359/520/196 1361/521/196 1362/522/196 1377/515/196 1378/523/196
f 2491/196/76 2498/272/76 2496/365/76 2495/524/76 2490/273/76
f 1373/525/197 1370/526/197 1369/523/197 1368/527/197 1372/528/197 1374/529/197
f 1353/530/198 1357/531/198 1358/532/198 1356/533/198 1352/534/198 1354/535/198
f 1371/536/199 1355/537/199 1358/538/199 1357/539/199 1373/525/199 1374/529/199
f 665/47/45 662/142/45 666/248/45
f 1363/537/200 1379/536/200 1381/529/200 1382/540/200 1365/541/200 1366/538/200
f 2301/446/155 2306/195/155 2302/191/155
f 1702/43/201 1701/330/201 1700/36/201 1709/221/201 1711/407/201 1710/294/201
f 1384/542/202 1396/543/202 1404/426/202 1406/425/202 1402/544/202 1390/545/202 1392/546/202 1393/547/202
f 1265/530/198 1269/531/198 1270/532/198 1268/533/198 1264/534/198 1266/535/198
f 2307/335/97 2313/489/97 2308/337/97
f 2225/512/183 2220/303/183 2219/492/183
f 822/157/22 812/284/22 810/271/22 811/279/22 817/267/22 816/266/22 815/288/22 829/63/22 827/62/22 828/107/22 824/130/22 823/158/22
f 1365/513/203 1362/548/203 1361/535/203 1360/534/203 1364/533/203 1366/532/203
f 1271/520/19 1263/520/19 1266/521/19 1273/521/19
f 1273/535/19 1266/535/19 1264/534/19 1272/534/19
f 1267/537/19 1275/537/19 1278/538/19 1270/538/19
f 1270/532/19 1278/532/19 1276/533/19 1268/533/19
f 1279/519/19 1287/519/19 1290/523/19 1281/523/19
f 1281/523/19 1290/523/19 1288/527/19 1280/527/19
f 1291/536/19 1283/536/19 1286/529/19 1293/529/19
f 1293/529/19 1286/529/19 1284/528/19 1292/528/19
f 1271/520/19 1287/519/19 1279/519/19 1263/520/19
f 1264/534/19 1268/533/19 1276/533/19 1272/534/19
f 1291/536/19 1275/537/19 1267/537/19 1283/536/19
f 1288/527/19 1292/528/19 1284/528/19 1280/527/19
f 1747/112/136 1744/386/136 1749/475/136 1750/169/136 1753/249/136
f 1794/549/11 1792/174/11 1793/308/11 1795/309/11
f 1912/188/204 1913/109/204 1905/347/204 1906/43/204 1907/550/204 1903/36/204
f 2245/119/62 2246/384/62 2247/103/62
f 2466/366/68 2463/241/68 2464/242/68
f 2242/498/22 2241/509/22 2235/500/22 2236/497/22
f 2084/498/181 2078/302/181 2075/303/181 2080/304/181 2081/404/181
f 1306/422/144 1300/421/144 1298/434/144 1303/433/144
f 1309/551/205 1297/552/205 1301/553/205 1311/554/205
f 1302/555/146 1314/556/146 1318/425/146 1304/557/146
f 1315/558/147 1310/559/147 1313/428/147 1317/427/147
f 2329/366/68 2325/339/68 2326/242/68
f 1096/244/162 1094/80/162 1097/245/162
f 140/112/103 138/254/103 148/132/103 150/80/103 146/168/103 156/167/103 158/81/103 159/131/103
f 2271/446/155 2276/560/155 2272/191/155
f 1903/411/63 1904/86/63 1908/145/63 1914/220/63 1911/180/63 1912/188/63
f 2358/342/206 2350/189/206 2352/193/206 2351/324/206 2361/561/206 2359/344/206
f 1410/227/11 1409/230/11 1407/562/11 1408/563/11
f 1413/229/23 1414/228/23 1412/564/23 1411/565/23
f 1409/566/8 1413/229/8 1411/565/8 1407/567/8
f 1414/228/19 1410/568/19 1408/569/19 1412/564/19
f 1327/570/2 1328/571/2 1329/572/2
f 1330/573/207 1331/574/207 1332/575/207
f 1333/576/208 1334/577/208 1335/578/208
f 1336/579/209 1337/580/209 1338/581/209
f 1339/582/210 1340/583/210 1341/584/210
f 1342/585/211 1343/586/211 1344/587/211
f 1345/588/212 1346/589/212 1347/590/212
f 1348/591/213 1349/592/213 1350/593/213
f 1333/576/214 1327/570/214 1329/572/214 1334/577/214
f 1328/594/215 1330/595/215 1332/596/215 1329/597/215
f 1331/598/13 1336/579/13 1338/581/13 1332/596/13
f 1337/580/216 1335/599/216 1334/600/216 1338/581/216
f 1345/588/15 1333/576/15 1335/578/15 1346/589/15
f 1336/579/5 1348/591/5 1350/593/5 1337/580/5
f 1349/592/12 1347/590/12 1346/589/12 1350/593/12
f 1339/582/1 1345/588/1 1347/590/1 1340/583/1
f 1348/591/24 1342/585/24 1344/587/24 1349/592/24
f 1343/586/217 1341/584/217 1340/583/217 1344/587/217
f 1327/570/9 1339/582/9 1341/584/9 1328/571/9
f 1342/585/7 1331/574/7 1330/573/7 1343/586/7
f 1333/576/8 1345/588/8 1339/582/8 1327/570/8
f 1329/597/11 1332/596/11 1338/581/11 1334/600/11
f 1341/584/3 1343/586/3 1330/573/3 1328/601/3
f 1348/591/19 1336/602/19 1331/603/19 1342/585/19
f 1335/599/22 1337/580/22 1350/593/22 1346/589/22
f 1347/590/23 1349/592/23 1344/587/23 1340/583/23
f 1263/520/218 1279/519/218 1281/523/218 1282/604/218 1265/605/218 1266/521/218
f 2113/101/219 2114/102/219 2118/104/219 2119/105/219 2115/106/219
f 1283/536/199 1267/537/199 1270/538/199 1269/539/199 1285/525/199 1286/529/199
f 1380/528/220 1376/527/220 1378/523/220 1377/515/220 1382/540/220 1381/529/220
f 1287/519/196 1271/520/196 1273/521/196 1274/522/196 1289/515/196 1290/523/196
f 2456/446/221 2459/196/221 2460/161/221 2458/273/221 2455/606/221 2454/379/221
f 1275/537/200 1291/536/200 1293/529/200 1294/514/200 1277/541/200 1278/538/200
f 1277/513/203 1274/516/203 1273/535/203 1272/534/203 1276/533/203 1278/532/203
f 1285/525/197 1282/604/197 1281/523/197 1280/527/197 1284/528/197 1286/529/197
f 2367/324/222 2375/272/222 2376/561/222
f 1292/528/220 1288/527/220 1290/523/220 1289/515/220 1294/514/220 1293/529/220
f 2354/180/104 2358/342/104 2359/344/104
f 1359/520/19 1351/520/19 1354/521/19 1361/521/19
f 1361/535/19 1354/535/19 1352/534/19 1360/534/19
f 1355/537/19 1363/537/19 1366/538/19 1358/538/19
f 1358/532/19 1366/532/19 1364/533/19 1356/533/19
f 1367/519/19 1375/519/19 1378/523/19 1369/523/19
f 1369/523/19 1378/523/19 1376/527/19 1368/527/19
f 1379/536/19 1371/536/19 1374/529/19 1381/529/19
f 1381/529/19 1374/529/19 1372/528/19 1380/528/19
f 1359/520/19 1375/519/19 1367/519/19 1351/520/19
f 1352/534/19 1356/533/19 1364/533/19 1360/534/19
f 1379/536/19 1363/537/19 1355/537/19 1371/536/19
f 1376/527/19 1380/528/19 1372/528/19 1368/527/19
f 1351/520/218 1367/519/218 1369/523/218 1370/526/218 1353/607/218 1354/521/218
f 2439/446/155 2444/464/155 2440/191/155
f 2222/104/39 2221/396/39 2217/101/39 2218/219/39 2220/103/39
f 277/387/134 276/41/134 278/316/134 291/290/134 292/70/134 289/73/134 286/72/134 288/71/134 287/88/134
f 1176/209/187 1181/165/187 1177/382/187
f 1812/93/116 1813/92/116 1821/249/116 1819/185/116 1818/184/116
f 938/265/90 939/39/90 948/413/90 949/414/90 946/268/90 941/269/90 943/270/90 942/271/90
f 1072/472/167 1075/473/167 1076/211/167
f 241/86/34 244/87/34 252/95/34 254/96/34 249/221/34
f 750/394/126 749/318/126 753/263/126 754/235/126 755/212/126
f 707/266/195 720/213/195 718/123/195 719/107/195 716/71/195 715/116/195 714/323/195 705/448/195 703/271/195 704/443/195 708/267/195
f 1394/422/144 1388/421/144 1386/434/144 1391/433/144
f 1397/608/205 1385/609/205 1389/610/205 1399/430/205
f 1390/545/146 1402/544/146 1406/425/146 1392/546/146
f 1403/558/147 1398/559/147 1401/428/147 1405/427/147
f 2469/237/67 2479/238/67 2470/239/67
f 1044/449/173 1052/244/173 1053/245/173
f 1321/566/8 1325/229/8 1323/611/8 1319/612/8
f 2303/160/55 2300/94/55 2302/191/55 2306/195/55 2305/196/55 2304/273/55
f 2377/393/223 2380/145/223 2381/613/223 2388/342/223 2384/338/223
f 2390/366/224 2386/339/224 2387/242/224
f 91/131/70 87/130/70 92/249/70
f 1325/229/23 1326/614/23 1324/564/23 1323/611/23
f 1326/614/19 1322/615/19 1320/569/19 1324/564/19
f 1322/227/11 1321/616/11 1319/562/11 1320/563/11
f 1415/570/225 1416/571/225 1417/572/225
f 1418/573/207 1419/574/207 1420/575/207
f 1421/576/208 1422/577/208 1423/578/208
f 1424/579/209 1425/580/209 1426/581/209
f 1427/582/18 1428/583/18 1429/584/18
f 1430/585/211 1431/586/211 1432/587/211
f 1433/588/212 1434/589/212 1435/590/212
f 1436/591/226 1437/592/226 1438/593/226
f 1421/576/214 1415/570/214 1417/572/214 1422/577/214
f 1416/594/215 1418/595/215 1420/596/215 1417/597/215
f 1419/598/13 1424/579/13 1426/581/13 1420/596/13
f 1425/580/216 1423/599/216 1422/600/216 1426/581/216
f 1433/588/15 1421/576/15 1423/578/15 1434/589/15
f 1424/579/5 1436/591/5 1438/593/5 1425/580/5
f 1437/592/12 1435/590/12 1434/589/12 1438/593/12
f 1427/582/1 1433/588/1 1435/590/1 1428/583/1
f 1436/591/24 1430/585/24 1432/587/24 1437/592/24
f 1431/586/16 1429/584/16 1428/583/16 1432/587/16
f 1415/570/9 1427/582/9 1429/584/9 1416/571/9
f 1430/585/7 1419/574/7 1418/573/7 1431/586/7
f 1421/576/8 1433/588/8 1427/582/8 1415/570/8
f 1417/597/11 1420/596/11 1426/581/11 1422/600/11
f 1429/584/3 1431/586/3 1418/573/3 1416/601/3
f 1436/591/19 1424/602/19 1419/603/19 1430/585/19
f 1423/599/22 1425/580/22 1438/593/22 1434/589/22
f 1435/590/23 1437/592/23 1432/587/23 1428/583/23
f 1561/617/8 1555/618/8 1543/619/8 1549/620/8
f 1455/621/16 1453/622/16 1452/623/16 1456/624/16
f 1443/625/13 1448/626/13 1450/627/13 1444/628/13
f 1439/629/2 1440/630/2 1441/631/2
f 2502/632/227 2504/633/227 2501/634/227 2500/635/227
f 2541/636/228 2539/637/228 2538/638/228 2542/639/228
f 1439/629/9 1451/640/9 1453/622/9 1440/630/9
f 1442/641/6 1443/625/6 1444/628/6
f 1459/642/12 1458/643/12 1462/644/12 1461/645/12
f 1445/646/10 1446/647/10 1447/648/10
f 1637/649/24 1636/650/24 1630/651/24 1632/652/24
f 1451/640/8 1439/629/8 1445/646/8 1457/653/8
f 1595/654/7 1594/655/7 1607/656/7 1606/657/7
f 1460/658/19 1448/659/19 1443/660/19 1454/661/19
f 1550/662/214 1549/620/214 1543/619/214 1545/663/214
f 1448/626/229 1449/664/229 1450/627/229
f 1445/646/214 1439/629/214 1441/631/214 1446/647/214
f 2521/665/230 2520/666/230 2514/667/230 2516/668/230
f 1460/658/5 1462/644/5 1449/664/5 1448/626/5
f 1451/640/18 1452/623/18 1453/622/18
f 1449/664/14 1447/669/14 1446/670/14 1450/627/14
f 1568/671/3 1581/672/3 1583/673/3 1570/674/3
f 1451/640/1 1457/653/1 1459/642/1 1452/623/1
f 1454/661/20 1455/621/20 1456/624/20
f 2500/675/231 2499/676/231 2511/677/231 2513/678/231
f 1457/653/21 1458/643/21 1459/642/21
f 1455/621/3 1442/679/3 1440/680/3 1453/622/3
f 1458/643/15 1457/653/15 1445/646/15 1447/648/15
f 1632/652/23 1628/681/23 1635/682/23 1637/649/23
f 1460/658/226 1461/645/226 1462/644/226
f 1465/683/8 1469/684/8 1467/685/8 1463/686/8
f 866/323/22 856/448/22 854/415/22 855/270/22 861/414/22 860/413/22 859/442/22 873/213/22 871/458/22 872/70/22 868/71/22 867/116/22
f 1082/469/162 1080/198/162 1083/245/162
f 375/259/11 377/494/11 376/41/11 374/42/11
f 1587/687/23 1589/688/23 1584/689/23 1580/690/23
f 1528/691/13 1530/692/13 1524/693/13 1523/694/13
f 1478/695/11 1473/696/11 1476/697/11 1482/698/11
f 1481/699/14 1479/700/14 1478/695/14 1482/698/14
f 1518/701/12 1517/702/12 1515/703/12 1514/704/12
f 1471/705/2 1472/706/2 1473/663/2
f 1552/691/13 1554/707/13 1548/708/13 1547/694/13
f 1471/705/9 1483/618/9 1485/672/9 1472/706/9
f 1514/704/15 1513/709/15 1501/710/15 1503/711/15
f 1474/712/232 1475/694/232 1476/697/232
f 1487/713/16 1485/672/16 1484/714/16 1488/715/16
f 2554/716/233 2550/717/233 2539/637/233 2541/636/233
f 1507/718/9 1509/672/9 1496/719/9 1495/720/9
f 1477/710/10 1478/662/10 1479/721/10
f 2519/722/234 2518/723/234 2522/724/234 2521/665/234
f 2510/725/235 2506/638/235 2501/726/235 2504/727/235
f 1504/691/13 1506/728/13 1500/729/13 1499/694/13
f 2534/730/236 2536/731/236 2533/634/236 2532/732/236
f 1480/691/209 1481/699/209 1482/698/209
f 1531/718/9 1533/733/9 1520/734/9 1519/735/9
f 1460/658/24 1454/661/24 1456/624/24 1461/645/24
f 1549/620/15 1551/736/15 1562/737/15 1561/617/15
f 1483/618/237 1484/714/237 1485/672/237
f 1517/702/24 1516/738/24 1510/739/24 1512/740/24
f 1493/741/12 1491/742/12 1490/737/12 1494/743/12
f 2509/744/238 2508/745/238 2520/666/238 2522/724/238
f 1486/739/239 1487/713/239 1488/715/239
f 1507/718/8 1495/720/8 1501/710/8 1513/709/8
f 1560/746/16 1559/747/16 1557/672/16 1556/748/16
f 1568/719/9 1567/720/9 1579/618/9 1581/672/9
f 1489/617/21 1490/737/21 1491/742/21
f 1455/621/7 1454/661/7 1443/654/7 1442/679/7
f 1492/738/226 1493/741/226 1494/743/226
f 1511/749/16 1509/672/16 1508/750/16 1512/740/16
f 1498/751/4 1500/729/4 1497/696/4 1496/752/4
f 1529/753/5 1528/691/5 1540/754/5 1542/755/5
f 1495/720/240 1496/719/240 1497/663/240
f 1516/738/5 1518/701/5 1505/756/5 1504/691/5
f 1547/654/7 1546/757/7 1559/747/7 1558/739/7
f 1498/751/6 1499/694/6 1500/729/6
f 1502/695/11 1497/696/11 1500/729/11 1506/728/11
f 2547/758/241 2546/667/241 2535/759/241 2534/730/241
f 1536/760/16 1535/761/16 1533/733/16 1532/762/16
f 1501/710/10 1502/662/10 1503/711/10
f 1489/617/8 1483/618/8 1471/705/8 1477/710/8
f 1538/737/15 1537/709/15 1525/763/15 1527/764/15
f 1504/691/17 1505/756/17 1506/728/17
f 1513/709/1 1515/703/1 1508/750/1 1507/718/1
f 1511/749/7 1510/739/7 1499/654/7 1498/765/7
f 1507/718/18 1508/750/18 1509/672/18
f 1506/728/14 1505/756/14 1503/766/14 1502/695/14
f 1540/754/24 1534/739/24 1536/760/24 1541/767/24
f 1510/739/211 1511/749/211 1512/740/211
f 1573/710/214 1567/720/214 1569/663/214 1574/662/214
f 1493/741/23 1488/715/23 1484/714/23 1491/742/23
f 1513/709/21 1514/704/21 1515/703/21
f 1516/738/226 1517/702/226 1518/701/226
f 1600/691/5 1612/738/5 1614/768/5 1601/769/5
f 1517/702/23 1512/740/23 1508/750/23 1515/703/23
f 1589/688/12 1587/687/12 1586/770/12 1590/771/12
f 1526/662/214 1525/763/214 1519/735/214 1521/663/214
f 1519/735/2 1520/734/2 1521/663/2
f 1561/617/1 1563/772/1 1556/748/1 1555/618/1
f 1531/718/1 1537/709/1 1539/773/1 1532/762/1
f 2535/774/242 2540/775/242 2542/639/242 2536/776/242
f 1522/777/6 1523/694/6 1524/693/6
f 1526/695/11 1521/696/11 1524/693/11 1530/692/11
f 1530/692/14 1529/753/14 1527/778/14 1526/695/14
f 1520/752/4 1522/777/4 1524/693/4 1521/696/4
f 1525/763/208 1526/662/208 1527/764/208
f 1638/779/22 1634/780/22 1623/781/22 1625/782/22
f 1528/691/243 1529/753/243 1530/692/243
f 1604/783/1 1603/618/1 1609/784/1 1611/785/1
f 1576/691/13 1578/786/13 1572/787/13 1571/694/13
f 1531/718/244 1532/762/244 1533/733/244
f 1462/644/22 1458/643/22 1447/669/22 1449/664/22
f 1586/770/15 1585/788/15 1573/710/15 1575/721/15
f 1534/739/211 1535/761/211 1536/760/211
f 1537/709/8 1531/718/8 1519/735/8 1525/763/8
f 2509/744/245 2522/724/245 2518/723/245 2507/637/245
f 1566/789/12 1565/790/12 1563/772/12 1562/737/12
f 1541/767/23 1536/760/23 1532/762/23 1539/773/23
f 1543/619/9 1555/618/9 1557/672/9 1544/791/9
f 1537/709/21 1538/737/21 1539/773/21
f 1595/792/19 1606/657/19 1612/738/19 1600/793/19
f 1565/790/24 1564/738/24 1558/739/24 1560/746/24
f 1492/738/5 1494/743/5 1481/699/5 1480/691/5
f 1540/754/226 1541/767/226 1542/755/226
f 1613/794/24 1612/738/24 1606/657/24 1608/795/24
f 1546/796/4 1548/708/4 1545/696/4 1544/752/4
f 1597/710/15 1599/721/15 1610/737/15 1609/784/15
f 1543/619/240 1544/791/240 1545/663/240
f 1520/671/3 1533/733/3 1535/761/3 1522/797/3
f 1547/792/19 1558/739/19 1564/738/19 1552/793/19
f 1588/738/24 1582/739/24 1584/689/24 1589/688/24
f 1546/796/6 1547/694/6 1548/708/6
f 1542/755/12 1541/767/12 1539/773/12 1538/737/12
f 1549/620/208 1550/662/208 1551/736/208
f 1475/694/13 1480/691/13 1482/698/13 1476/697/13
f 1550/695/11 1545/696/11 1548/708/11 1554/707/11
f 1552/691/17 1553/798/17 1554/707/17
f 1596/799/13 1595/694/13 1600/691/13 1602/800/13
f 1582/739/7 1571/654/7 1570/674/7 1583/673/7
f 1493/741/24 1492/738/24 1486/739/24 1488/715/24
f 1555/618/244 1556/748/244 1557/672/244
f 1494/743/22 1490/737/22 1479/700/22 1481/699/22
f 1580/690/1 1579/618/1 1585/788/1 1587/687/1
f 1558/739/20 1559/747/20 1560/746/20
f 1609/784/8 1603/618/8 1591/705/8 1597/710/8
f 1561/617/21 1562/737/21 1563/772/21
f 1599/700/22 1601/769/22 1614/768/22 1610/737/22
f 1565/790/23 1560/746/23 1556/748/23 1563/772/23
f 1538/737/22 1527/778/22 1529/753/22 1542/755/22
f 1608/795/16 1607/656/16 1605/672/16 1604/783/16
f 1564/738/25 1565/790/25 1566/789/25
f 1567/720/8 1573/710/8 1585/788/8 1579/618/8
f 2507/637/246 2506/638/246 2510/725/246 2509/744/246
f 1625/782/14 1623/781/14 1622/801/14 1626/802/14
f 1567/720/225 1568/719/225 1569/663/225
f 1577/803/5 1576/691/5 1588/738/5 1590/771/5
f 1478/662/214 1477/710/214 1471/705/214 1473/663/214
f 1602/800/11 1598/695/11 1593/696/11 1596/799/11
f 1583/673/16 1581/672/16 1580/690/16 1584/689/16
f 1570/804/207 1571/694/207 1572/787/207
f 1504/793/19 1499/792/19 1510/739/19 1516/738/19
f 1603/618/9 1605/672/9 1592/706/9 1591/705/9
f 2551/722/247 2553/805/247 2548/806/247 2544/807/247
f 1573/710/248 1574/662/248 1575/721/248
f 1571/792/19 1582/739/19 1588/738/19 1576/793/19
f 2517/808/249 2511/677/249 2499/676/249 2505/809/249
f 1568/752/4 1570/804/4 1572/787/4 1569/696/4
f 1562/737/22 1551/810/22 1553/798/22 1566/789/22
f 1576/691/243 1577/803/243 1578/786/243
f 2541/636/250 2540/775/250 2552/811/250 2554/716/250
f 1535/761/7 1534/739/7 1523/654/7 1522/797/7
f 1579/618/18 1580/690/18 1581/672/18
f 1483/618/1 1489/617/1 1491/742/1 1484/714/1
f 1586/770/22 1575/700/22 1577/803/22 1590/771/22
f 1554/707/14 1553/798/14 1551/810/14 1550/695/14
f 1620/812/11 1626/802/11 1622/801/11 1617/813/11
f 1582/739/239 1583/673/239 1584/689/239
f 1630/651/7 1619/654/7 1618/814/7 1631/815/7
f 1514/704/22 1503/766/22 1505/756/22 1518/701/22
f 1598/662/214 1597/710/214 1591/705/214 1593/663/214
f 1585/788/21 1586/770/21 1587/687/21
f 1502/662/214 1501/710/214 1495/720/214 1497/663/214
f 1577/803/14 1575/700/14 1574/695/14 1578/786/14
f 1588/738/226 1589/688/226 1590/771/226
f 1544/671/3 1557/672/3 1559/747/3 1546/757/3
f 1593/696/4 1592/752/4 1594/816/4 1596/799/4
f 1613/794/23 1608/795/23 1604/783/23 1611/785/23
f 1486/739/7 1475/654/7 1474/817/7 1487/713/7
f 1591/705/2 1592/706/2 1593/663/2
f 1624/818/19 1619/819/19 1630/651/19 1636/650/19
f 1594/816/232 1595/694/232 1596/799/232
f 1480/793/19 1475/792/19 1486/739/19 1492/738/19
f 1602/800/14 1601/769/14 1599/700/14 1598/695/14
f 1597/710/208 1598/662/208 1599/721/208
f 1528/793/19 1523/792/19 1534/739/19 1540/754/19
f 1552/691/5 1564/738/5 1566/789/5 1553/798/5
f 1600/691/209 1601/769/209 1602/800/209
f 1603/618/237 1604/783/237 1605/672/237
f 1606/657/239 1607/656/239 1608/795/239
f 1490/737/15 1489/617/15 1477/710/15 1479/721/15
f 1574/695/11 1569/696/11 1572/787/11 1578/786/11
f 1609/784/21 1610/737/21 1611/785/21
f 1612/738/251 1613/794/251 1614/768/251
f 1633/820/15 1621/821/15 1623/822/15 1634/780/15
f 1627/823/9 1629/824/9 1616/825/9 1615/826/9
f 1615/826/225 1616/825/225 1617/827/225
f 2502/632/252 2500/635/252 2513/678/252 2515/828/252
f 1619/829/13 1624/830/13 1626/802/13 1620/812/13
f 1632/652/16 1631/815/16 1629/824/16 1628/681/16
f 1618/831/6 1619/829/6 1620/812/6
f 2536/776/253 2542/639/253 2538/638/253 2533/726/253
f 1621/821/214 1615/826/214 1617/827/214 1622/832/214
f 1621/821/248 1622/832/248 1623/822/248
f 2532/833/254 2531/834/254 2543/835/254 2545/836/254
f 1637/649/12 1635/682/12 1634/780/12 1638/779/12
f 1636/650/5 1638/779/5 1625/782/5 1624/830/5
f 1624/830/17 1625/782/17 1626/802/17
f 1441/837/215 1440/752/215 1442/641/215 1444/628/215
f 1627/823/18 1628/681/18 1629/824/18
f 1633/820/1 1635/682/1 1628/681/1 1627/823/1
f 1615/826/8 1621/821/8 1633/820/8 1627/823/8
f 2553/805/255 2552/811/255 2546/667/255 2548/806/255
f 1630/651/20 1631/815/20 1632/652/20
f 2518/723/256 2517/808/256 2505/809/256 2507/838/256
f 1633/820/257 1634/780/257 1635/682/257
f 1618/814/3 1616/839/3 1629/824/3 1631/815/3
f 1616/752/4 1618/831/4 1620/812/4 1617/813/4
f 1636/650/25 1637/649/25 1638/779/25
f 1611/785/258 1610/737/258 1614/768/258 1613/794/258
f 1645/840/15 1647/841/15 1658/842/15 1657/29/15
f 1641/843/225 1639/35/225 1640/34/225
f 1643/20/6 1644/844/6 1642/21/6
f 1660/845/5 1662/846/5 1649/847/5 1648/848/5
f 1650/849/11 1646/850/11 1641/843/11 1644/844/11
f 1651/32/8 1639/35/8 1645/840/8 1657/29/8
f 1645/840/214 1639/35/214 1641/843/214 1646/850/214
f 1649/847/14 1647/841/14 1646/850/14 1650/849/14
f 1647/841/248 1645/840/248 1646/850/248
f 1642/21/4 1644/844/4 1641/843/4 1640/34/4
f 1652/31/259 1656/851/259 1655/22/259 1653/33/259
f 1643/20/19 1654/19/19 1660/845/19 1648/848/19
f 1650/849/17 1648/848/17 1649/847/17
f 2535/852/260 2546/667/260 2552/811/260 2540/853/260
f 7/18/214 1/6/214 3/5/214 8/24/214
f 1661/854/12 1659/30/12 1658/842/12 1662/846/12
f 1653/33/18 1651/32/18 1652/31/18
f 1655/22/20 1656/851/20 1654/19/20
f 1642/21/3 1640/34/3 1653/33/3 1655/22/3
f 1656/851/23 1652/31/23 1659/30/23 1661/854/23
f 1660/845/24 1654/19/24 1656/851/24 1661/854/24
f 1659/30/257 1657/29/257 1658/842/257
f 1661/854/25 1662/846/25 1660/845/25
f 1662/846/22 1658/842/22 1647/841/22 1649/847/22
f 2537/855/261 2539/856/261 2550/717/261 2549/857/261
f 2107/205/262 2106/204/262 2105/232/262 2109/362/262 2112/363/262 2111/301/262 2110/300/262
f 1051/391/152 1043/208/152 1046/211/152 1045/486/152 1044/449/152 1053/245/152
f 1667/180/74 1672/220/74 1673/370/74
f 1711/407/263 1709/221/263 1708/283/263
f 1014/318/46 1004/152/46 1007/153/46 1009/154/46 1006/261/46 1016/262/46 1017/157/46 1018/289/46
f 2228/263/264 2229/115/264 2226/491/264 2227/508/264 2223/232/264
f 26/43/159 25/38/159 32/134/159 33/84/159 30/83/159 35/82/159 37/85/159 36/311/159
f 935/212/66 933/235/66 936/236/66
f 230/90/36 237/96/36 228/134/36
f 1813/112/19 1811/858/19 1816/47/19 1817/109/19 1820/291/19 1821/249/19
f 2325/339/265 2317/495/265 2318/341/265 2316/239/265 2324/859/265 2323/338/265 2326/242/265
f 938/38/3 950/120/3 951/54/3 939/136/3
f 515/47/45 513/142/45 516/248/45
f 1732/102/266 1735/476/266 1733/127/266 1731/606/266 1730/379/266
f 1682/52/71 1681/126/71 1683/125/71
f 28/112/103 26/348/103 36/311/103 38/80/103 34/79/103 44/78/103 46/81/103 47/277/103
f 95/368/111 96/369/111 112/249/111 107/235/111 106/147/111
f 1703/412/267 1700/411/267 1701/86/267
f 2102/201/268 2108/116/268 2109/362/268 2105/232/268 2097/860/268 2098/861/268
f 2169/492/19 2176/491/19 2180/331/19 2172/302/19
f 1689/43/3 1688/405/3 1695/361/3 1696/360/3
f 931/323/22 923/448/22 921/862/22 922/286/22 926/287/22 925/442/22 937/213/22 936/236/22 933/235/22 932/263/22
f 1690/549/269 1688/124/269 1689/308/269 1693/251/269 1691/250/269
f 1718/143/43 1715/144/43 1717/145/43
f 2235/201/270 2241/509/270 2237/232/270 2230/863/270 2231/864/270
f 1703/128/41 1701/124/41 1702/384/41 1707/488/41 1705/51/41 1704/455/41
f 1054/222/120 1062/223/120 1064/257/120 1055/281/120 1056/136/120 1057/226/120
f 1768/93/185 1769/175/185 1778/291/185 1779/363/185 1775/220/185
f 233/108/106 229/84/106 228/134/106 237/96/106 235/95/106 236/71/106 240/107/106 239/197/106 232/132/106
f 1795/112/19 1793/409/19 1797/297/19 1799/865/19
f 2240/404/108 2238/406/108 2237/232/108 2241/509/108 2242/498/108
f 258/97/83 262/98/83 259/99/83
f 2049/374/39 2048/866/39 2044/101/39 2045/376/39 2047/103/39
f 1784/52/71 1783/126/71 1785/867/71
f 974/61/3 963/136/3 962/38/3 973/120/3
f 2395/194/55 2392/379/55 2394/191/55 2398/560/55 2396/196/55 2397/161/55
f 2124/263/271 2126/115/271 2125/300/271 2122/491/271 2123/508/271 2120/232/271
f 2085/101/11 2086/384/11 2087/103/11 2090/114/11 2089/117/11 2088/106/11
f 1714/379/266 1716/91/266 1719/92/266 1717/93/266 1715/606/266
f 795/61/40 794/135/40 799/158/40 800/71/40 797/121/40 802/122/40 804/107/40 803/62/40
f 1728/363/112 1726/184/112 1725/220/112
f 1729/249/178 1724/169/178 1727/452/178
f 1726/184/166 1728/363/166 1727/452/166 1724/169/166 1722/109/166 1723/187/166 1720/45/166
f 1186/391/171 1178/306/171 1180/482/171 1179/442/171 1188/245/171
f 165/112/72 162/254/72 172/47/72 173/132/72 174/80/72 171/168/72 178/167/72 179/81/72 180/131/72
f 505/131/272 501/95/272 489/387/272 491/267/272 490/274/272
f 463/43/159 462/38/159 469/134/159 470/84/159 467/83/159 472/82/159 474/108/159 473/132/159
f 1741/249/178 1738/169/178 1740/275/178
f 1789/367/50 1791/282/50 1790/240/50 1788/178/50 1786/276/50
f 1790/240/114 1787/47/114 1788/178/114
f 1927/48/191 1926/172/191 1921/493/191 1922/476/191 1928/111/191
f 1734/453/22 1733/127/22 1735/476/22 1741/249/22 1740/275/22 1739/172/22
f 242/97/273 246/98/273 243/99/273
f 1932/112/113 1930/386/113 1935/47/113 1939/366/113 1940/868/113
f 2661/869/22 2662/870/22 2666/140/22 2665/139/22
f 1749/475/50 1748/361/50 1751/383/50 1752/359/50 1750/169/50
f 1753/249/178 1750/169/178 1752/359/178
f 243/305/48 246/165/48 245/260/48 244/41/48 241/164/48
f 2380/194/274 2377/124/274 2379/191/274 2383/464/274 2382/400/274
f 1758/453/96 1757/455/96 1759/385/96 1765/275/96 1763/466/96
f 1756/43/275 1754/330/275 1760/283/275 1762/170/275 1761/47/275
f 1231/481/152 1223/208/152 1226/211/152 1225/486/152 1224/288/152 1233/245/152
f 1757/455/266 1755/606/266 1754/379/266 1756/384/266 1759/385/266
f 1774/187/263 1771/90/263 1770/45/263
f 1876/43/27 1875/405/27 1880/299/27 1881/298/27 1882/47/27
f 255/197/174 251/132/174 248/133/174 247/134/174 254/96/174 252/95/174 253/130/174
f 2357/346/276 2348/495/276 2349/341/276 2347/239/276 2356/859/276 2355/338/276
f 1781/102/269 1785/867/269 1783/126/269 1782/127/269 1780/174/269
f 1841/112/19 1839/858/19 1843/170/19 1845/275/19
f 1746/453/22 1745/549/22 1747/378/22 1753/249/22 1752/359/22 1751/383/22
f 1779/363/112 1776/370/112 1775/220/112
f 1777/240/114 1772/47/114 1773/467/114
f 249/221/36 254/96/36 247/134/36
f 782/265/90 783/259/90 792/266/90 793/267/90 790/268/90 785/269/90 787/443/90 786/271/90
f 722/53/61 732/61/61 738/212/61 739/62/61 740/213/61 737/416/61 727/215/61 728/216/61 729/417/61 730/218/61
f 1802/455/11 1800/174/11 1801/384/11 1803/388/11
f 1954/43/27 1953/44/27 1958/188/27 1959/46/27 1960/47/27
f 2023/171/3 2024/170/3 2020/43/3 2019/507/3
f 2096/115/181 2090/302/181 2087/303/181 2092/304/181 2093/205/181
f 255/197/70 253/130/70 256/249/70
f 1189/222/73 1197/223/73 1199/257/73 1190/258/73 1191/136/73
f 1808/240/114 1805/47/114 1806/178/114
f 251/132/84 255/197/84 256/249/84 245/112/84 246/98/84 242/97/84 250/47/84
f 1897/179/3 1899/294/3 1898/47/3 1891/43/3 1890/330/3 1889/36/3
f 1801/43/275 1800/330/275 1804/283/275 1806/178/275 1805/47/275
f 1798/264/23 1799/865/23 1797/297/23 1796/361/23
f 1052/244/162 1050/80/162 1053/245/162
f 1067/469/162 1065/392/162 1068/245/162
f 1028/208/60 1024/42/60 1026/209/60 1027/210/60 1031/211/60
f 1036/81/277 1033/224/277 1034/257/277
f 2273/160/55 2270/379/55 2272/191/55 2276/560/55 2274/196/55 2275/161/55
f 1830/94/11 1831/308/11 1833/378/11 1832/549/11
f 50/259/11 52/494/11 51/41/11 49/42/11
f 1802/455/22 1803/388/22 1809/282/22 1807/49/22
f 2032/475/19 2034/868/19 2030/112/19 2028/858/19
f 1833/112/19 1831/858/19 1835/475/19 1837/359/19
f 2015/184/278 2011/188/278 2012/418/278 2007/86/278 2009/377/278
f 1885/264/23 1888/295/23 1887/868/23 1886/366/23 1883/360/23 1881/298/23 1880/299/23 1879/465/23
f 1982/43/27 1981/405/27 1986/299/27 1987/298/27 1988/47/27
f 1107/223/127 1111/402/127 1113/245/127 1110/80/127 1108/224/127 1109/257/127
f 1781/43/275 1780/507/275 1786/276/275 1788/178/275 1787/47/275
f 1840/455/22 1841/385/22 1845/275/22 1844/466/22
f 1793/43/3 1792/405/3 1796/361/3 1797/297/3
f 1819/185/23 1820/291/23 1817/109/23 1815/46/23 1814/45/23 1818/184/23
f 526/86/34 529/87/34 540/95/34 542/96/34 535/90/34
f 1126/402/171 1118/208/171 1120/482/171 1119/288/171 1128/245/171
f 1967/43/27 1966/507/27 1971/171/27 1972/293/27 1973/47/27
f 119/77/23 131/148/23 129/95/23 130/71/23 136/70/23 135/277/23 134/81/23 126/80/23 124/311/23 125/85/23 121/84/23 120/134/23
f 676/53/29 688/54/29 696/55/29 698/213/29 694/416/29 682/215/29 684/216/29 685/417/29
f 1823/43/3 1822/507/3 1826/276/3 1827/170/3
f 1923/171/3 1924/170/3 1920/43/3 1919/507/3
f 1829/282/23 1827/170/23 1826/276/23 1828/172/23
f 1845/275/23 1843/170/23 1842/283/23 1844/466/23
f 741/265/148 742/397/148 748/280/148 745/286/148 744/285/148
f 438/86/44 440/146/44 454/95/44 456/148/44 452/75/44 442/149/44 444/77/44 445/134/44
f 2042/48/22 2041/466/22 2037/50/22 2038/385/22
f 1926/172/8 1923/171/8 1919/86/8 1921/145/8
f 2024/170/19 2026/182/19 2022/112/19 2020/858/19
f 2133/404/50 2132/406/50 2134/509/50 2136/498/50 2135/300/50
f 1201/471/152 1193/306/152 1196/211/152 1195/473/152 1194/442/152 1203/245/152
f 1063/224/168 1055/281/168 1064/257/168
f 2079/406/94 2073/234/94 2076/200/94 2082/199/94 2083/499/94
f 1933/180/74 1937/220/74 1938/383/74
f 1864/125/11 1863/493/11 1861/124/11 1862/102/11
f 1838/94/11 1839/384/11 1841/385/11 1840/455/11
f 2026/182/22 2025/172/22 2021/493/22 2022/476/22
f 2132/406/8 2127/861/8 2129/201/8 2134/509/8
f 1988/47/279 1989/297/279 1992/296/279 1984/112/279 1982/409/279
f 2031/299/3 2032/475/3 2028/43/3 2027/405/3
f 1876/308/11 1878/251/11 1877/310/11 1875/124/11
f 1246/469/162 1244/392/162 1247/245/162
f 1879/465/74 1884/220/74 1885/264/74
f 1852/180/74 1857/220/74 1858/370/74
f 1865/465/23 1871/367/23 1874/390/23 1873/48/23 1872/366/23 1869/294/23 1867/293/23 1866/171/23
f 567/347/184 568/43/184 566/38/184 576/90/184 574/134/184 575/133/184 577/47/184
f 1824/127/22 1825/476/22 1829/282/22 1828/172/22
f 2041/466/8 2039/179/8 2035/86/8 2037/145/8
f 1934/299/275 1936/475/275 1935/47/275 1930/43/275 1929/405/275
f 1831/43/3 1830/405/3 1834/361/3 1835/475/3
f 1968/493/280 1969/867/280 1980/111/280 1978/182/280 1979/390/280 1976/220/280
f 462/86/44 464/146/44 478/95/44 480/148/44 476/75/44 466/149/44 468/77/44 469/134/44
f 1846/124/281 1847/91/281 1848/871/281 1851/463/281 1849/173/281
f 1856/381/86 1854/46/86 1853/188/86 1852/180/86 1858/370/86 1860/363/86 1859/110/86
f 1860/363/112 1858/370/112 1857/220/112
f 687/120/46 675/319/46 679/153/46 681/320/46 677/321/46 689/322/46 691/323/46 692/116/46
f 1892/412/267 1889/411/267 1890/86/267
f 1862/43/27 1861/507/27 1866/171/27 1867/293/27 1868/47/27
f 537/311/180 544/290/180 530/112/180 531/98/180 527/97/180
f 2351/324/282 2360/272/282 2361/561/282
f 2492/335/283 2496/365/283 2498/272/283 2497/240/283 2494/242/283
f 1911/180/74 1914/220/74 1915/184/74
f 2114/492/284 2122/491/284 2125/300/284 2117/484/284 2118/302/284
f 1865/465/74 1870/220/74 1871/367/74
f 1874/390/112 1871/367/112 1870/220/112
f 1784/353/285 1785/112/285 1781/409/285 1787/47/285 1790/240/285 1791/282/285
f 643/112/79 641/99/79 647/47/79 654/81/79 655/197/79
f 2028/308/11 2030/378/11 2029/310/11 2027/94/11
f 1791/282/28 1789/367/28 1782/127/28 1783/126/28 1784/52/28
f 1892/128/41 1890/124/41 1891/384/41 1896/488/41 1894/51/41 1893/50/41
f 546/164/48 548/259/48 551/165/48 550/260/48 549/41/48
f 70/81/23 62/80/23 60/132/23 61/108/23 57/84/23 56/134/23 55/77/23 67/76/23 65/129/23 66/71/23 72/107/23 71/131/23
f 1981/86/105 1983/377/105 1990/220/105 1985/180/105 1986/299/105
f 2142/201/270 2149/116/270 2145/232/270 2137/860/270 2138/861/270
f 116/112/103 114/254/103 124/311/103 126/80/103 122/168/103 132/167/103 134/81/103 135/277/103
f 1901/366/114 1898/47/114 1899/294/114
f 2283/163/177 2280/447/177 2278/337/177 2282/336/177 2281/159/177
f 1899/294/50 1897/179/50 1900/49/50 1902/48/50 1901/366/50
f 555/221/36 562/96/36 553/134/36
f 1979/390/112 1977/367/112 1976/220/112
f 1678/43/286 1677/507/286 1676/36/286 1684/276/286 1685/294/286
f 1903/36/287 1907/550/287 1904/44/287
f 1994/86/105 1996/377/105 2002/220/105 1998/180/105 1999/179/105
f 1952/111/178 1948/169/178 1951/48/178
f 1908/173/288 1904/379/288 1907/872/288 1906/91/288 1910/560/288 1909/92/288
f 1913/109/289 1912/188/289 1911/180/289 1915/184/289 1916/185/289 1917/110/289
f 1917/110/81 1916/185/81 1918/111/81
f 2429/338/283 2433/159/283 2435/272/283 2434/240/283 2432/242/283
f 995/61/126 994/120/126 998/263/126 999/130/126 1001/212/126
f 1144/222/73 1152/223/73 1154/257/73 1145/258/73 1146/136/73
f 277/177/290 274/176/290 276/87/290
f 1920/102/11 1922/476/11 1921/493/11 1919/379/11
f 2149/116/271 2151/115/271 2150/300/271 2147/205/271 2148/407/271 2145/232/271
f 612/88/52 605/134/52 598/86/52 599/176/52 602/177/52
f 974/61/291 973/120/291 978/263/291 979/71/291 976/121/291 980/122/291 983/107/291 982/62/291 981/212/291
f 1665/93/185 1666/463/185 1674/452/185 1675/363/185 1672/220/185
f 2025/172/8 2023/171/8 2019/86/8 2021/377/8
f 1732/43/3 1730/507/3 1736/276/3 1737/170/3
f 1960/47/279 1961/467/279 1964/186/279 1956/112/279 1954/409/279
f 1152/223/127 1156/440/127 1158/245/127 1155/80/127 1153/224/127 1154/257/127
f 2321/400/133 2330/272/133 2328/344/133 2320/343/133 2319/189/133
f 1963/370/86 1965/363/86 1964/186/86 1961/467/86 1959/46/86 1958/188/86 1957/180/86
f 1936/475/23 1934/299/23 1933/180/23 1938/383/23 1940/868/23 1939/366/23
f 1133/208/60 1129/164/60 1131/209/60 1132/472/60 1135/211/60
f 1116/209/187 1121/165/187 1117/382/187
f 1951/48/22 1950/466/22 1949/220/22 1943/50/22 1944/385/22 1952/111/22
f 2194/303/292 2193/492/292 2199/205/292 2202/331/292 2197/302/292
f 290/81/51 283/47/51 284/311/51
f 929/278/126 928/318/126 932/263/126 933/235/126 935/212/126
f 278/316/91 276/41/91 274/317/91 273/164/91 275/39/91
f 1947/170/23 1946/179/23 1945/180/23 1950/466/23 1951/48/23 1948/169/23
f 1945/180/74 1949/220/74 1950/466/74
f 2366/189/274 2362/94/274 2365/191/274 2369/195/274 2368/196/274
f 139/41/58 140/274/58 159/131/58 160/107/58 157/73/58 152/72/58 154/71/58 153/95/58
f 1187/469/162 1185/392/162 1188/245/162
f 1940/868/96 1938/383/96 1937/220/96 1931/310/96 1932/378/96
f 1946/179/3 1947/170/3 1942/43/3 1941/330/3
f 1965/363/112 1963/370/112 1962/220/112
f 1957/180/74 1962/220/74 1963/370/74
f 2384/338/170 2388/342/170 2389/344/170 2391/272/170 2390/366/170 2387/242/170
f 581/197/293 578/132/293 575/133/293 574/134/293 580/96/293 579/95/293
f 1875/86/105 1877/145/105 1884/220/105 1879/465/105 1880/299/105
f 2010/92/11 2009/173/11 2007/94/11 2008/91/11
f 640/86/34 642/87/34 650/88/34 652/89/34 646/90/34
f 1744/43/3 1742/405/3 1748/361/3 1749/475/3
f 2441/160/54 2437/124/54 2438/190/54 2440/191/54 2444/464/54 2443/400/54
f 1970/180/74 1976/220/74 1977/367/74
f 2290/193/76 2299/272/76 2297/342/76 2296/199/76 2289/273/76
f 588/100/174 595/96/174 593/246/174 594/235/174 596/292/174 592/248/174 589/142/174
f 583/97/83 587/98/83 584/99/83
f 1969/867/11 1968/493/11 1966/174/11 1967/102/11
f 1985/180/74 1990/220/74 1991/264/74
f 376/41/77 377/494/77 396/131/77 397/107/77 394/73/77 389/72/77 391/71/77 390/129/77
f 527/347/102 528/43/102 526/38/102 535/90/102 533/134/102 534/84/102 532/83/102 536/82/102 538/85/102 537/311/102
f 1174/222/120 1182/223/120 1184/257/120 1175/258/120 1176/136/120 1177/226/120
f 2128/492/284 2133/404/284 2135/300/284 2130/484/284 2131/302/284
f 2032/475/23 2031/299/23 2033/383/23 2034/868/23
f 2182/492/19 2187/404/19 2190/517/19 2185/302/19
f 2370/338/170 2373/159/170 2376/561/170 2375/272/170 2374/240/170 2372/242/170
f 2252/205/294 2246/495/294 2245/329/294 2244/330/294 2243/456/294 2251/328/294
f 1259/474/69 1252/208/69 1254/211/69 1262/56/69 1260/469/69 1261/245/69
f 2005/181/112 2003/49/112 2002/220/112
f 2006/111/178 2001/183/178 2004/182/178
f 2080/304/275 2074/410/275 2073/405/275 2079/406/275 2081/404/275
f 1794/549/22 1795/309/22 1799/865/22 1798/264/22
f 2433/159/47 2425/194/47 2427/161/47 2436/873/47 2435/272/47
f 2022/476/11 2021/493/11 2019/94/11 2020/102/11
f 2092/304/275 2086/410/275 2085/330/275 2091/328/275 2093/205/275
f 2014/187/263 2012/418/263 2011/188/263
f 1118/208/175 1114/164/175 1117/382/175 1121/165/175 1120/482/175
f 242/347/184 243/43/184 241/38/184 249/221/184 247/134/184 248/133/184 250/47/184
f 2081/404/23 2079/406/23 2083/499/23 2084/498/23
f 2187/404/23 2186/406/23 2189/509/23 2190/517/23
f 2045/376/62 2046/91/62 2047/103/62
f 2043/233/132 2050/232/132 2051/204/132
f 660/487/11 659/368/11 657/164/11 658/397/11
f 2070/508/135 2067/399/135 2066/232/135
f 81/134/295 83/132/295 75/43/295 76/37/295 73/36/295
f 2120/232/8 2121/399/8 2113/861/8 2115/200/8 2116/201/8 2124/263/8
f 1810/86/8 1812/377/8 1818/184/8 1814/45/8
f 1822/86/8 1824/377/8 1828/172/8 1826/276/8
f 2034/868/22 2033/383/22 2029/310/22 2030/378/22
f 1062/223/127 1066/391/127 1068/245/127 1065/392/127 1063/224/127 1064/257/127
f 296/202/11 295/41/11 293/164/11 294/259/11
f 602/177/290 599/176/290 601/87/290
f 1212/225/182 1205/136/182 1207/226/182
f 2080/304/183 2075/303/183 2074/492/183
f 1830/86/8 1832/145/8 1836/383/8 1834/361/8
f 2039/179/3 2040/170/3 2036/43/3 2035/330/3
f 1692/353/107 1693/112/107 1689/354/107 1696/360/107 1699/359/107
f 1666/112/19 1664/354/19 1670/381/19 1674/452/19
f 300/90/36 309/89/36 298/134/36
f 2232/874/62 2233/308/62 2234/103/62
f 2168/101/219 2169/102/219 2172/104/219 2173/105/219 2170/106/219
f 2331/237/296 2339/338/296 2341/242/296 2332/444/296 2333/495/296 2334/341/296
f 2040/170/23 2039/179/23 2041/466/23 2042/48/23
f 2147/205/297 2140/495/297 2139/329/297 2138/330/297 2137/875/297 2146/328/297 2148/407/297
f 2198/328/94 2191/393/94 2195/200/94 2200/203/94 2201/116/94
f 2103/324/298 2111/301/298 2112/363/298 2108/116/298 2102/375/298 2104/374/298
f 2052/304/183 2047/303/183 2046/492/183
f 1929/86/105 1931/145/105 1937/220/105 1933/180/105 1934/299/105
f 2033/383/8 2031/299/8 2027/86/8 2029/145/8
f 1800/86/8 1802/377/8 1807/49/8 1804/283/8
f 2207/303/292 2206/492/292 2212/205/292 2215/301/292 2209/511/292
f 1832/549/22 1833/378/22 1837/359/22 1836/383/22
f 2057/301/299 2055/185/299 2054/116/299 2048/866/299 2049/374/299
f 2141/303/193 2140/492/193 2147/205/193 2150/300/193 2143/484/193 2144/302/193
f 2067/399/300 2070/508/300 2069/491/300 2068/304/300 2060/410/300 2059/507/300 2058/496/300
f 612/88/89 613/71/89 617/70/89 616/290/89 615/81/89 609/311/89 610/85/89 606/84/89 605/134/89
f 2056/300/301 2055/185/301 2057/301/301
f 2092/304/183 2087/303/183 2086/492/183
f 2072/115/302 2071/231/302 2063/396/302 2065/105/302 2064/104/302
f 1255/223/186 1259/474/186 1261/245/186 1258/198/186 1257/224/186
f 1171/391/152 1163/306/152 1166/211/152 1165/486/152 1164/442/152 1173/245/152
f 2112/363/303 2109/362/303 2108/116/303
f 2214/499/264 2215/301/264 2212/205/264 2213/187/264 2210/232/264
f 1686/367/304 1684/276/304 1676/411/304 1679/412/304 1680/145/304
f 2117/484/305 2125/300/305 2126/115/305
f 2221/201/270 2228/263/270 2223/232/270 2216/863/270 2217/864/270
f 1039/222/73 1047/223/73 1049/257/73 1040/281/73 1041/136/73
f 621/112/103 619/99/103 628/132/103 630/198/103 626/327/103 635/326/103 637/81/103 638/197/103
f 2343/366/68 2340/241/68 2341/242/68
f 2197/114/306 2196/332/306 2195/106/306 2191/101/306 2192/119/306 2194/103/306
f 2186/406/94 2181/393/94 2183/200/94 2188/203/94 2189/509/94
f 1136/223/127 1140/252/127 1142/245/127 1139/198/127 1137/224/127 1138/257/127
f 621/202/11 620/41/11 618/164/11 619/259/11
f 2525/876/22 2526/350/22 2530/877/22 2529/878/22
f 2094/199/96 2089/117/96 2090/114/96 2096/115/96 2095/158/96
f 2099/376/62 2100/91/62 2101/103/62
f 1766/86/8 1768/377/8 1775/220/8 1776/370/8 1770/45/8 1771/90/8
f 2093/205/23 2091/328/23 2095/158/23 2096/115/23
f 162/43/42 161/38/42 169/134/42 170/133/42 172/47/42
f 620/41/58 621/202/58 638/197/58 639/107/58 636/73/58 631/72/58 633/71/58 632/88/58
f 1941/86/105 1943/145/105 1949/220/105 1945/180/105 1946/179/105
f 625/221/36 634/89/36 623/134/36
f 2119/105/131 2116/325/131 2115/106/131
f 840/389/46 830/152/46 833/153/46 835/154/46 832/155/46 842/156/46 843/157/46 844/231/46
f 2103/484/305 2110/300/305 2111/301/305
f 2073/101/11 2074/308/11 2075/103/11 2078/497/11 2077/500/11 2076/106/11
f 1706/353/107 1707/112/107 1702/354/107 1710/294/107 1713/275/107
f 2100/495/294 2099/207/294 2098/44/294 2097/875/294 2106/204/294 2107/205/294
f 2097/860/132 2105/232/132 2106/204/132
f 2319/189/54 2315/124/54 2316/190/54 2318/191/54 2322/464/54 2321/400/54
f 898/265/148 899/305/148 907/280/148 902/279/148 901/415/148
f 1466/502/22 1470/436/22 1469/684/22 1465/503/22
f 657/86/34 659/87/34 668/395/34 670/89/34 663/221/34
f 2123/508/135 2121/399/135 2120/232/135
f 2208/201/270 2214/499/270 2210/232/270 2203/863/270 2204/864/270
f 643/202/11 642/41/11 640/164/11 641/305/11
f 2360/272/307 2357/346/307 2355/338/307 2354/180/307 2359/344/307 2361/561/307
f 619/43/308 618/38/308 625/221/308 623/134/308 624/84/308 622/83/308 627/82/308 629/108/308 628/132/308
f 1983/310/185 1984/309/185 1992/296/185 1993/295/185 1990/220/185
f 1780/86/8 1782/377/8 1789/367/8 1786/276/8
f 2139/119/62 2140/384/62 2141/103/62
f 244/41/111 245/260/111 256/249/111 253/130/111 252/95/111
f 2130/484/305 2135/300/305 2136/498/305
f 1878/112/113 1876/354/113 1882/47/113 1886/366/113 1887/868/113
f 2260/400/133 2269/163/133 2267/344/133 2259/403/133 2258/160/133
f 2013/109/107 2017/186/107 2018/111/107 2010/112/107 2008/858/107
f 1792/86/8 1794/377/8 1798/264/8 1796/361/8
f 2181/101/266 2182/308/266 2185/497/266 2184/518/266 2183/106/266
f 2137/860/132 2145/232/132 2146/328/132
f 2177/508/135 2175/399/135 2174/232/135
f 201/86/34 204/87/34 215/95/34 217/96/34 210/221/34
f 2153/376/62 2154/91/62 2155/103/62
f 1081/471/152 1073/208/152 1076/211/152 1075/473/152 1074/449/152 1083/245/152
f 2143/484/305 2150/300/305 2151/115/305
f 257/86/34 260/87/34 268/246/34 270/96/34 265/90/34
f 2373/159/309 2366/189/309 2368/196/309 2367/324/309 2376/561/309
f 161/86/125 163/146/125 164/177/125 176/95/125 177/148/125 175/75/125 167/149/125 168/77/125 169/134/125
f 163/41/164 161/150/164 162/305/164 165/274/164 166/267/164
f 321/221/36 327/89/36 319/134/36
f 1091/223/127 1095/243/127 1097/245/127 1094/80/127 1092/224/127 1093/257/127
f 918/265/148 919/397/148 927/280/148 922/286/148 921/862/148
f 2175/399/190 2177/508/190 2176/491/190 2169/206/190 2168/507/190
f 2172/104/310 2180/331/310 2179/263/310 2178/203/310 2171/408/310 2173/105/310
f 2155/303/193 2154/492/193 2161/205/193 2165/300/193 2158/484/193 2159/302/193
f 2158/484/305 2165/300/305 2166/364/305
f 2167/363/303 2164/362/303 2163/116/303
f 2167/363/311 2163/116/311 2162/203/311 2157/879/311 2159/374/311 2158/880/311 2166/364/311
f 180/131/272 176/95/272 164/387/272 166/267/272 165/274/272
f 2178/203/57 2170/200/57 2171/201/57
f 2473/160/312 2469/174/312 2470/190/312 2472/191/312 2476/192/312 2475/193/312 2474/273/312
f 642/41/58 643/202/58 655/197/58 656/107/58 653/334/58 649/333/58 651/130/58 650/88/58
f 2209/374/39 2208/866/39 2204/101/39 2205/376/39 2207/103/39
f 1849/173/280 1851/463/280 1850/52/280 1859/110/280 1860/363/280 1857/220/280
f 1825/112/19 1823/858/19 1827/170/19 1829/282/19
f 2230/863/132 2237/232/132 2238/406/132
f 2192/119/62 2193/384/62 2194/103/62
f 168/77/165 177/148/165 176/95/165 180/131/165 179/81/165 174/80/165 173/132/165 170/133/165 169/134/165
f 2203/456/297 2211/204/297 2213/187/297 2212/205/297 2206/495/297 2205/207/297 2204/44/297
f 1317/427/22 1313/428/22 1312/429/22 1311/554/22 1301/881/22 1299/435/22 1300/421/22 1306/422/22 1305/423/22 1304/882/22 1318/425/22 1316/883/22
f 26/39/11 28/40/11 27/41/11 25/42/11
f 1470/436/23 1468/439/23 1467/685/23 1469/684/23
f 2566/870/11 2565/869/11 2563/884/11 2564/885/11
f 1839/43/3 1838/330/3 1842/283/3 1843/170/3
f 2199/205/23 2198/328/23 2201/116/23 2202/331/23
f 2236/497/39 2235/500/39 2231/101/39 2232/874/39 2234/103/39
f 2248/201/270 2253/116/270 2250/232/270 2243/863/270 2244/864/270
f 663/221/36 670/89/36 661/100/36
f 1285/525/3 1269/886/3 1265/887/3 1282/604/3
f 1373/525/3 1357/888/3 1353/887/3 1370/526/3
f 2239/512/188 2233/495/188 2232/889/188 2231/405/188 2230/456/188 2238/406/188 2240/404/188
f 1211/223/186 1215/468/186 1217/245/186 1214/80/186 1213/224/186
f 1900/49/304 1897/179/304 1889/411/304 1892/412/304 1893/145/304
f 2209/374/22 2215/301/22 2214/499/22 2208/866/22
f 2040/170/19 2042/48/19 2038/112/19 2036/858/19
f 1838/86/8 1840/145/8 1844/466/8 1842/283/8
f 2463/241/313 2456/495/313 2454/237/313 2453/456/313 2462/337/313 2464/242/313
f 2203/863/132 2210/232/132 2211/204/132
f 2205/376/62 2206/91/62 2207/103/62
f 2213/187/135 2211/204/135 2210/232/135
f 172/47/45 170/133/45 173/132/45
f 1383/431/151 1384/432/151 1393/423/151 1394/422/151 1391/433/151 1386/434/151 1388/421/151 1387/420/151
f 77/41/314 74/42/314 76/890/314 75/305/314 78/494/314
f 80/77/315 88/76/315 86/129/315 87/130/315 91/131/315 90/81/315 84/80/315 83/132/315 81/134/315
f 2219/495/3 2218/891/3 2217/507/3 2216/456/3 2224/399/3 2227/508/3 2226/491/3 2225/512/3
f 2243/863/132 2250/232/132 2251/328/132
f 2484/272/101 2480/346/101 2478/335/101 2477/180/101 2483/344/101
f 51/41/58 52/494/58 71/131/58 72/107/58 69/73/58 64/72/58 66/71/58 65/129/58
f 2247/303/292 2246/492/292 2252/205/292 2254/115/292 2249/511/292
f 2216/863/132 2223/232/132 2224/399/132
f 1296/892/3 1295/893/3 1307/894/3 1308/895/3
f 2222/104/22 2229/115/22 2228/263/22 2221/396/22
f 2279/304/142 2271/410/142 2272/341/142
f 973/120/46 962/152/46 966/153/46 968/154/46 964/261/46 975/262/46 977/157/46 978/263/46
f 1365/513/22 1382/540/22 1377/515/22 1362/548/22
f 2227/508/135 2224/399/135 2223/232/135
f 1322/227/22 1326/614/22 1325/229/22 1321/616/22
f 1908/173/316 1909/92/316 1918/111/316 1916/185/316 1915/184/316 1914/220/316
f 2311/199/317 2303/160/317 2304/273/317
f 2262/335/318 2268/896/318 2263/337/318
f 2333/446/155 2338/560/155 2334/191/155
f 352/41/58 353/40/58 372/277/58 373/70/58 370/73/58 365/72/58 367/71/58 366/129/58
f 2242/498/181 2236/511/181 2234/303/181 2239/512/181 2240/404/181
f 758/265/90 759/39/90 768/413/90 769/414/90 766/268/90 761/269/90 763/270/90 762/271/90
f 1688/86/105 1690/145/105 1697/220/105 1694/180/105 1695/361/105
f 764/284/22 762/271/22 763/270/22 769/414/22 768/413/22 767/288/22 781/56/22 779/55/22 780/70/22 776/71/22 775/158/22 774/157/22
f 771/54/40 770/120/40 775/158/40 776/71/40 773/121/40 778/122/40 780/70/40 779/55/40
f 729/266/78 725/279/78 730/280/78
f 201/164/48 203/39/48 206/165/48 205/166/48 204/41/48
f 1324/564/3 1320/897/3 1319/898/3 1323/611/3
f 114/43/159 113/38/159 120/134/159 121/84/159 118/83/159 123/82/159 125/85/159 124/311/159
f 1296/542/202 1308/895/202 1316/883/202 1318/425/202 1314/556/202 1302/555/202 1304/557/202 1305/899/202
f 2674/450/23 2672/900/23 2671/901/23 2673/451/23
f 2252/205/108 2251/328/108 2250/232/108 2253/116/108 2254/115/108
f 1716/43/150 1714/44/150 1721/221/150 1723/187/150 1722/109/150
f 2255/234/319 2258/145/319 2259/902/319 2266/342/319 2268/896/319 2262/335/319
f 2418/342/320 2410/194/320 2412/161/320 2421/445/320 2420/272/320 2419/344/320
f 2299/272/177 2295/506/177 2293/337/177 2298/903/177 2297/342/177
f 2127/101/11 2128/308/11 2131/497/11 2129/510/11
f 1999/179/3 2000/178/3 1995/43/3 1994/330/3
f 688/54/3 676/136/3 675/38/3 687/120/3
f 909/61/126 908/120/126 912/116/126 913/130/126 915/212/126
f 334/368/11 332/164/11 333/397/11 335/487/11
f 2480/346/276 2471/495/276 2472/341/276 2470/239/276 2479/238/276 2478/335/276
f 1803/112/113 1801/409/113 1805/47/113 1808/240/113 1809/282/113
f 2374/240/321 2371/241/321 2372/242/321
f 711/61/3 700/136/3 699/38/3 710/120/3
f 581/197/272 579/95/272 570/387/272 572/267/272 571/260/272
f 1726/184/322 1720/45/322 1721/221/322 1714/86/322 1715/144/322 1718/143/322 1725/220/322
f 1307/894/323 1295/904/323 1299/905/323 1301/553/323 1297/552/323 1309/551/323 1311/554/323 1312/429/323
f 2269/163/189 2260/302/189 2261/906/189 2256/354/189 2264/304/189 2265/907/189
f 338/90/36 345/89/36 336/100/36
f 2274/196/154 2284/162/154 2275/161/154
f 2321/302/19 2322/906/19 2317/354/19 2325/339/19 2329/366/19 2330/272/19
f 2286/446/155 2291/192/155 2287/191/155
f 2399/338/283 2403/159/283 2405/272/283 2404/366/283 2402/242/283
f 1699/359/324 1698/264/324 1697/220/324 1690/549/324 1691/250/324 1692/52/324
f 2488/446/325 2491/196/325 2490/273/325 2486/454/325 2485/94/325
f 2485/237/326 2492/335/326 2494/242/326 2487/444/326 2488/495/326
f 2273/145/327 2281/159/327 2282/336/327 2277/335/327 2270/234/327
f 2292/335/97 2298/903/97 2293/337/97
f 2296/199/317 2288/160/317 2289/273/317
f 1955/173/328 1956/175/328 1964/186/328 1965/363/328 1962/220/328
f 2285/234/319 2288/377/319 2296/199/319 2297/342/319 2298/903/319 2292/335/319
f 2288/160/55 2285/174/55 2287/191/55 2291/192/55 2290/193/55 2289/273/55
f 2342/159/309 2335/189/309 2337/196/309 2336/324/309 2345/561/309
f 2366/377/8 2373/159/8 2370/338/8 2362/861/8
f 2317/446/155 2322/464/155 2318/191/155
f 183/368/11 181/150/11 182/397/11 184/380/11
f 336/100/130 345/89/130 343/395/130 344/235/130 348/292/130 347/81/130 342/198/130 341/248/130 337/142/130
f 1028/146/8 1035/440/8 1032/223/8 1024/319/8
f 794/135/46 782/152/46 786/153/46 788/154/46 784/155/46 796/156/46 798/157/46 799/158/46
f 2269/163/329 2265/907/329 2263/337/329 2268/896/329 2266/342/329 2267/344/329
f 2403/159/47 2395/194/47 2397/161/47 2406/445/47 2405/272/47
f 2327/342/8 2323/338/8 2324/859/8 2315/861/8 2319/145/8 2320/908/8
f 1308/895/330 1307/894/330 1312/429/330 1313/428/330 1310/559/330 1315/558/330 1317/427/330 1316/883/330
f 2315/237/331 2324/859/331 2316/239/331
f 2305/302/189 2306/909/189 2301/858/189 2309/304/189 2310/447/189 2314/272/189
f 2303/377/319 2311/199/319 2312/159/319 2313/489/319 2307/335/319 2300/234/319
f 838/287/78 834/286/78 839/280/78
f 1877/310/185 1878/251/185 1887/868/185 1888/295/185 1884/220/185
f 2447/339/265 2439/495/265 2440/341/265 2438/239/265 2446/238/265 2445/335/265 2448/242/265
f 2385/340/332 2378/206/332 2379/341/332
f 2378/446/155 2383/464/155 2379/191/155
f 1384/910/3 1383/893/3 1395/894/3 1396/543/3
f 1468/439/3 1464/911/3 1463/912/3 1467/685/3
f 1073/208/60 1069/164/60 1071/209/60 1072/472/60 1076/211/60
f 2348/446/155 2353/192/155 2349/191/155
f 2331/861/8 2335/145/8 2342/159/8 2339/338/8
f 2340/241/153 2332/444/153 2341/242/153
f 2336/324/222 2344/272/222 2345/561/222
f 2351/484/333 2352/302/333 2353/505/333 2348/409/333 2357/346/333 2360/272/333
f 1997/112/136 1995/409/136 2000/178/136 2001/183/136 2006/111/136
f 1763/466/121 1760/283/121 1754/86/121 1755/144/121 1758/143/121
f 748/218/334 757/213/334 747/417/334
f 2346/237/335 2356/859/335 2347/239/335
f 2410/194/55 2407/174/55 2409/191/55 2413/192/55 2411/193/55 2412/161/55
f 2447/339/19 2451/366/19 2452/163/19 2443/511/19 2444/906/19 2439/354/19
f 1847/43/27 1846/44/27 1853/188/27 1854/46/27 1855/47/27
f 1412/564/3 1408/913/3 1407/898/3 1411/565/3
f 400/41/111 401/494/111 417/249/111 412/130/111 411/129/111
f 2388/342/99 2381/401/99 2389/344/99
f 951/54/40 950/120/40 955/263/40 956/71/40 953/121/40 958/122/40 960/70/40 959/55/40
f 2346/861/336 2350/377/336 2358/342/336 2354/180/336 2355/338/336 2356/859/336
f 2461/335/337 2453/863/337 2454/864/337 2455/144/337 2457/145/337 2465/365/337
f 2400/340/19 2401/241/19 2404/366/19 2405/272/19 2406/445/19 2396/302/19 2398/113/19 2393/386/19
f 2426/196/154 2436/873/154 2427/161/154
f 738/212/66 736/130/66 739/62/66
f 2323/338/338 2327/342/338 2328/344/338 2330/272/338 2329/366/338 2326/242/338
f 747/287/78 745/286/78 748/280/78
f 2404/366/68 2401/241/68 2402/242/68
f 1759/112/113 1756/386/113 1761/47/113 1764/366/113 1765/275/113
f 2367/484/19 2368/302/19 2369/909/19 2364/858/19 2363/483/19 2371/241/19 2374/240/19 2375/272/19
f 507/43/42 506/141/42 512/100/42 513/142/42 515/47/42
f 721/38/3 731/120/3 732/61/3 722/136/3
f 1396/543/330 1395/894/330 1400/429/330 1401/428/330 1398/559/330 1403/558/330 1405/427/330 1404/426/330
f 2335/189/274 2331/379/274 2334/191/274 2338/560/274 2337/196/274
f 2465/365/339 2457/160/339 2458/273/339 2460/161/339 2468/162/339 2467/163/339
f 2393/446/155 2398/560/155 2394/191/155
f 2159/374/306 2157/879/306 2156/106/306 2152/101/306 2153/376/306 2155/103/306
f 2425/377/8 2433/159/8 2429/338/8 2422/393/8
f 2416/340/142 2408/206/142 2409/341/142
f 2258/160/274 2255/124/274 2257/191/274 2261/464/274 2260/400/274
f 2449/477/8 2445/335/8 2446/238/8 2437/864/8 2441/145/8 2442/902/8
f 2390/366/340 2391/272/340 2382/302/340 2383/906/340 2378/354/340 2385/340/340 2386/339/340
f 2396/196/154 2406/445/154 2397/161/154
f 2408/446/155 2413/192/155 2409/191/155
f 2407/393/327 2410/377/327 2418/342/327 2414/180/327 2415/338/327
f 1895/353/285 1896/112/285 1891/354/285 1898/47/285 1901/366/285 1902/48/285
f 2407/237/341 2415/338/341 2417/346/341 2416/340/341 2409/341/341
f 2492/335/342 2485/864/342 2486/144/342 2489/377/342 2495/524/342 2496/365/342
f 2395/145/8 2403/159/8 2399/338/8 2392/393/8
f 2071/231/264 2072/115/264 2069/491/264 2070/508/264 2066/232/264
f 2449/477/343 2442/403/343 2450/344/343
f 2229/115/181 2222/511/181 2220/303/181 2225/512/181 2226/491/181
f 1679/412/267 1676/411/267 1677/86/267
f 1005/53/61 1015/278/61 1021/212/61 1022/236/61 1023/56/61 1020/57/61 1010/58/61 1011/59/61 1012/60/61 1013/218/61
f 2765/914/11 2763/915/11 2764/916/11 2766/917/11
f 874/265/90 875/259/90 884/266/90 885/267/90 882/268/90 877/269/90 879/443/90 878/415/90
f 1091/223/8 1084/152/8 1088/146/8 1095/243/8
f 296/112/103 294/99/103 303/132/103 305/198/103 301/327/103 310/326/103 312/81/103 313/197/103
f 1664/43/150 1663/44/150 1669/221/150 1671/187/150 1670/381/150
f 2420/272/194 2421/445/194 2411/302/194 2413/505/194 2408/409/194 2416/340/194 2417/346/194
f 2255/237/98 2262/335/98 2263/337/98 2265/907/98 2264/304/98 2257/341/98
f 190/47/45 188/142/45 191/248/45
f 2756/918/11 2758/919/11 2757/920/11 2755/915/11
f 1767/43/344 1766/44/344 1771/90/344 1774/187/344 1773/467/344 1772/47/344
f 1174/371/8 1178/87/8 1186/391/8 1182/223/8
f 439/43/159 438/38/159 445/134/159 446/84/159 443/83/159 448/82/159 450/85/159 449/311/159
f 2493/241/345 2497/240/345 2498/272/345 2491/511/345 2488/858/345 2487/483/345
f 1996/50/280 1997/388/280 2006/111/280 2004/182/280 2005/181/280 2002/220/280
f 2457/160/346 2455/606/346 2458/273/346
f 2469/864/347 2473/377/347 2481/524/347 2482/477/347 2477/180/347 2478/335/347 2479/238/347
f 2430/340/19 2431/241/19 2434/240/19 2435/272/19 2436/873/19 2426/302/19 2428/909/19 2423/858/19
f 2493/241/153 2487/444/153 2494/242/153
f 2048/201/270 2054/116/270 2050/232/270 2043/233/270 2044/234/270
f 583/347/184 584/43/184 582/141/184 590/221/184 588/100/184 589/142/184 591/47/184
f 752/323/348 746/448/348 744/285/348 745/286/348 747/287/348 757/213/348 756/345/348 754/235/348 753/263/348
f 419/43/42 418/141/42 424/100/42 425/142/42 427/47/42
f 2459/196/349 2468/162/349 2460/161/349
f 1054/319/8 1058/87/8 1066/391/8 1062/223/8
f 2471/446/155 2476/192/155 2472/191/155
f 2285/237/98 2292/335/98 2293/337/98 2295/506/98 2294/304/98 2287/341/98
f 2481/524/317 2473/160/317 2474/273/317
f 675/265/90 676/39/90 685/413/90 686/414/90 683/268/90 678/269/90 680/270/90 679/271/90
f 78/112/350 75/348/350 83/132/350 84/80/350 82/79/350 89/78/350 90/81/350 91/131/350 92/249/350
f 2179/263/264 2180/331/264 2176/491/264 2177/508/264 2174/232/264
f 202/347/102 203/43/102 201/38/102 210/221/102 208/134/102 209/84/102 207/83/102 211/82/102 213/85/102 212/311/102
f 2477/180/104 2482/477/104 2483/344/104
f 2495/524/317 2489/160/317 2490/273/317
f 1719/112/136 1716/386/136 1722/109/136 1724/169/136 1729/249/136
f 398/86/44 400/146/44 411/129/44 413/76/44 410/75/44 402/74/44 403/77/44 404/134/44
f 2362/237/296 2370/338/296 2372/242/296 2363/444/296 2364/495/296 2365/341/296
f 2530/877/23 2528/921/23 2527/922/23 2529/878/23
f 2760/923/160 2762/924/160 2758/459/160 2756/925/160
f 2484/272/292 2475/511/292 2476/505/292 2471/409/292 2480/346/292
f 335/112/100 333/99/100 340/47/100 341/248/100 342/198/100 339/327/100 346/326/100 347/81/100 348/292/100 349/249/100
f 2524/349/11 2526/350/11 2525/876/11 2523/352/11
f 2527/922/8 2523/926/8 2525/927/8 2529/878/8
f 759/136/3 758/38/3 770/120/3 771/54/3
f 1043/146/8 1051/391/8 1047/223/8 1039/319/8
f 2675/928/8 2677/929/8 2681/69/8 2679/930/8
f 1472/752/4 1474/712/4 1476/697/4 1473/696/4
f 2499/676/351 2500/675/351 2501/931/351
f 2515/828/352 2514/667/352 2503/932/352 2502/632/352
f 2502/632/353 2503/932/353 2504/633/353
f 2503/933/354 2508/745/354 2510/725/354 2504/727/354
f 2505/809/355 2506/934/355 2507/838/355
f 2531/834/356 2533/931/356 2538/935/356 2537/855/356
f 2508/745/357 2509/744/357 2510/725/357
f 2521/665/358 2516/668/358 2512/936/358 2519/722/358
f 2511/677/359 2512/936/359 2513/678/359
f 2534/730/360 2532/732/360 2545/836/360 2547/758/360
f 1472/937/3 1485/672/3 1487/713/3 1474/817/3
f 2548/806/361 2547/758/361 2545/836/361 2544/807/361
f 2514/667/362 2515/828/362 2516/668/362
f 2543/835/363 2531/834/363 2537/855/363 2549/857/363
f 2517/808/364 2518/723/364 2519/722/364
f 1509/672/3 1511/749/3 1498/765/3 1496/671/3
f 2512/936/365 2511/677/365 2517/808/365 2519/722/365
f 2520/666/366 2521/665/366 2522/724/366
f 275/43/367 273/38/367 280/134/367 281/84/367 279/83/367 282/82/367 285/85/367 284/311/367 283/47/367
f 2580/938/11 2582/939/11 2581/940/11 2579/941/11
f 2562/942/23 2560/921/23 2559/943/23 2561/944/23
f 377/112/103 375/348/103 385/132/103 387/80/103 383/79/103 393/78/103 395/81/103 396/131/103
f 2556/945/3 2555/946/3 2559/943/3 2560/921/3
f 2503/852/368 2514/667/368 2520/666/368 2508/947/368
f 2531/834/369 2532/833/369 2533/931/369
f 2505/809/370 2499/676/370 2501/931/370 2506/934/370
f 2534/730/371 2535/759/371 2536/731/371
f 2551/722/372 2550/717/372 2554/716/372 2553/805/372
f 2537/855/373 2538/935/373 2539/856/373
f 2549/857/374 2551/722/374 2544/807/374 2543/835/374
f 2540/775/375 2541/636/375 2542/639/375
f 2543/835/376 2544/807/376 2545/836/376
f 1450/627/11 1446/670/11 1441/837/11 1444/628/11
f 2546/667/377 2547/758/377 2548/806/377
f 2513/678/378 2512/936/378 2516/668/378 2515/828/378
f 2549/857/379 2550/717/379 2551/722/379
f 1592/937/3 1605/672/3 1607/656/3 1594/655/3
f 2552/811/380 2553/805/380 2554/716/380
f 2559/943/8 2555/948/8 2557/927/8 2561/944/8
f 2556/949/19 2560/921/19 2562/942/19 2558/950/19
f 2523/946/3 2527/922/3 2528/921/3 2524/951/3
f 294/43/308 293/38/308 300/90/308 298/134/308 299/84/308 297/83/308 302/82/308 304/108/308 303/132/308
f 887/61/3 875/136/3 874/38/3 886/120/3
f 2665/139/23 2666/140/23 2664/137/23 2663/138/23
f 2582/939/22 2586/66/22 2585/69/22 2581/940/22
f 2661/869/11 2659/884/11 2660/885/11 2662/870/11
f 2569/139/8 2567/138/8 2563/952/8 2565/953/8
f 2660/954/3 2659/955/3 2663/138/3 2664/137/3
f 2568/137/19 2570/140/19 2566/956/19 2564/957/19
f 2567/138/3 2568/137/3 2564/954/3 2563/955/3
f 2578/450/19 2574/958/19 2572/959/19 2576/900/19
f 1066/391/171 1058/208/171 1060/482/171 1059/449/171 1068/245/171
f 2573/960/8 2577/451/8 2575/901/8 2571/961/8
f 400/41/11 398/42/11 399/305/11 401/494/11
f 202/97/381 206/98/381 203/99/381
f 2674/450/22 2673/451/22 2669/355/22 2670/358/22
f 2671/901/3 2672/900/3 2668/962/3 2667/963/3
f 2682/66/23 2680/67/23 2679/930/23 2681/69/23
f 2678/255/19 2676/256/19 2680/67/19 2682/66/19
f 2669/960/8 2673/451/8 2671/901/8 2667/961/8
f 416/131/70 412/130/70 417/249/70
f 2678/939/22 2682/66/22 2681/69/22 2677/964/22
f 2680/67/3 2676/965/3 2675/966/3 2679/930/3
f 2587/967/225 2588/968/225 2589/969/225
f 2590/970/6 2591/971/6 2592/972/6
f 2593/973/208 2594/974/208 2595/975/208
f 2596/976/209 2597/977/209 2598/978/209
f 2599/979/18 2600/980/18 2601/981/18
f 2602/982/20 2603/983/20 2604/984/20
f 2605/985/257 2606/986/257 2607/987/257
f 2608/988/25 2609/989/25 2610/990/25
f 2593/973/214 2587/967/214 2589/969/214 2594/974/214
f 2588/991/4 2590/992/4 2592/993/4 2589/994/4
f 2591/995/13 2596/976/13 2598/978/13 2592/993/13
f 2597/977/14 2595/996/14 2594/997/14 2598/978/14
f 2605/985/15 2593/973/15 2595/975/15 2606/986/15
f 2596/976/5 2608/988/5 2610/990/5 2597/977/5
f 2609/989/12 2607/987/12 2606/986/12 2610/990/12
f 2599/979/1 2605/985/1 2607/987/1 2600/980/1
f 2608/988/24 2602/982/24 2604/984/24 2609/989/24
f 2603/983/16 2601/981/16 2600/980/16 2604/984/16
f 2587/967/9 2599/979/9 2601/981/9 2588/968/9
f 2602/982/7 2591/971/7 2590/970/7 2603/983/7
f 2593/973/8 2605/985/8 2599/979/8 2587/967/8
f 2589/994/11 2592/993/11 2598/978/11 2594/997/11
f 2601/981/3 2603/983/3 2590/970/3 2588/998/3
f 2608/988/19 2596/999/19 2591/1000/19 2602/982/19
f 2595/996/22 2597/977/22 2610/990/22 2606/986/22
f 2607/987/23 2609/989/23 2604/984/23 2600/980/23
f 2611/967/225 2612/968/225 2613/969/225
f 2614/970/207 2615/971/207 2616/972/207
f 2617/973/248 2618/974/248 2619/975/248
f 2620/976/17 2621/977/17 2622/1001/17
f 2623/979/18 2624/980/18 2625/981/18
f 2626/982/20 2627/983/20 2628/984/20
f 2629/985/257 2630/986/257 2631/987/257
f 2632/988/25 2633/989/25 2634/990/25
f 2617/973/214 2611/967/214 2613/969/214 2618/974/214
f 2612/991/4 2614/992/4 2616/993/4 2613/994/4
f 2615/995/13 2620/976/13 2622/1001/13 2616/993/13
f 2621/977/14 2619/996/14 2618/997/14 2622/1001/14
f 2629/985/15 2617/973/15 2619/975/15 2630/986/15
f 2620/976/5 2632/988/5 2634/990/5 2621/977/5
f 2633/989/12 2631/987/12 2630/986/12 2634/990/12
f 2623/979/1 2629/985/1 2631/987/1 2624/980/1
f 2632/988/24 2626/982/24 2628/984/24 2633/989/24
f 2627/983/16 2625/981/16 2624/980/16 2628/984/16
f 2611/967/9 2623/979/9 2625/981/9 2612/968/9
f 2626/982/7 2615/971/7 2614/970/7 2627/983/7
f 2617/973/8 2629/985/8 2623/979/8 2611/967/8
f 2613/994/11 2616/993/11 2622/1001/11 2618/997/11
f 2625/981/3 2627/983/3 2614/970/3 2612/998/3
f 2632/988/19 2620/999/19 2615/1000/19 2626/982/19
f 2619/996/22 2621/977/22 2634/990/22 2630/986/22
f 2631/987/23 2633/989/23 2628/984/23 2624/980/23
f 2635/1002/225 2636/1003/225 2637/969/225
f 2638/1004/6 2639/1005/6 2640/972/6
f 2641/1006/248 2642/974/248 2643/1007/248
f 2644/1008/17 2645/977/17 2646/978/17
f 2647/1009/244 2648/980/244 2649/1010/244
f 2650/1011/239 2651/1012/239 2652/984/239
f 2653/1013/257 2654/1014/257 2655/987/257
f 2656/1015/25 2657/989/25 2658/1016/25
f 2641/1006/214 2635/1002/214 2637/969/214 2642/974/214
f 2636/991/4 2638/992/4 2640/993/4 2637/994/4
f 2639/995/13 2644/1008/13 2646/978/13 2640/993/13
f 2645/977/14 2643/1017/14 2642/997/14 2646/978/14
f 2653/1013/15 2641/1006/15 2643/1007/15 2654/1014/15
f 2644/1008/5 2656/1015/5 2658/1016/5 2645/977/5
f 2657/989/12 2655/987/12 2654/1014/12 2658/1016/12
f 2647/1009/1 2653/1013/1 2655/987/1 2648/980/1
f 2656/1015/24 2650/1011/24 2652/984/24 2657/989/24
f 2651/1012/16 2649/1010/16 2648/980/16 2652/984/16
f 2635/1002/9 2647/1009/9 2649/1010/9 2636/1003/9
f 2650/1011/7 2639/1005/7 2638/1004/7 2651/1012/7
f 2641/1006/8 2653/1013/8 2647/1009/8 2635/1002/8
f 2637/994/11 2640/993/11 2646/978/11 2642/997/11
f 2649/1010/3 2651/1012/3 2638/1004/3 2636/1018/3
f 2656/1015/19 2644/1019/19 2639/1020/19 2650/1011/19
f 2643/1017/22 2645/977/22 2658/1016/22 2654/1014/22
f 2655/987/23 2657/989/23 2652/984/23 2648/980/23
f 928/318/46 918/371/46 921/153/46 923/320/46 920/372/46 930/373/46 931/323/46 932/263/46
f 1459/642/23 1461/645/23 1456/624/23 1452/623/23
f 529/41/58 530/166/58 544/290/58 545/70/58 543/73/58 539/72/58 541/71/58 540/95/58
f 2776/1021/160 2778/1022/160 2774/1023/160 2772/1024/160
f 2674/450/19 2670/958/19 2668/959/19 2672/900/19
f 2570/140/22 2569/139/22 2565/869/22 2566/870/22
f 2659/952/8 2661/953/8 2665/139/8 2663/138/8
f 2662/956/19 2660/957/19 2664/137/19 2666/140/19
f 1395/894/323 1383/1025/323 1387/905/323 1389/610/323 1385/609/323 1397/608/323 1399/430/323 1400/429/323
f 2581/929/8 2585/69/8 2583/68/8 2579/928/8
f 2761/1026/382 2757/920/382 2758/919/382 2762/924/382
f 1723/187/263 1721/221/263 1720/45/263
f 2771/1027/383 2773/1028/383 2777/1029/383 2775/1030/383
f 2779/1031/383 2781/1032/383 2785/1033/383 2783/1034/383
f 2578/450/23 2576/900/23 2575/901/23 2577/451/23
f 2572/962/3 2571/963/3 2575/901/3 2576/900/3
f 863/457/3 851/136/3 850/38/3 862/120/3
f 2763/1027/383 2765/1035/383 2769/1036/383 2767/1037/383
f 1855/47/384 1856/381/384 1859/110/384 1850/353/384 1848/485/384 1847/354/384
f 2676/938/11 2678/939/11 2677/964/11 2675/941/11
f 600/43/367 598/38/367 605/134/367 606/84/367 604/83/367 607/82/367 610/85/367 609/311/367 608/47/367
f 699/265/385 700/259/385 709/280/385 707/266/385 708/267/385 706/268/385 702/269/385 704/443/385 703/271/385
f 2584/67/3 2580/965/3 2579/966/3 2583/68/3
f 2561/944/22 2557/351/22 2558/350/22 2562/942/22
f 2683/1002/225 2684/1003/225 2685/969/225
f 2686/1004/6 2687/1005/6 2688/972/6
f 2689/1006/208 2690/974/208 2691/1007/208
f 2692/1008/209 2693/977/209 2694/978/209
f 2695/1009/18 2696/980/18 2697/1010/18
f 2698/1011/20 2699/1012/20 2700/984/20
f 2701/1013/257 2702/1038/257 2703/987/257
f 2704/1015/25 2705/989/25 2706/1016/25
f 2689/1006/214 2683/1002/214 2685/969/214 2690/974/214
f 2684/991/4 2686/992/4 2688/993/4 2685/994/4
f 2687/995/13 2692/1008/13 2694/978/13 2688/993/13
f 2693/977/14 2691/1017/14 2690/997/14 2694/978/14
f 2701/1013/15 2689/1006/15 2691/1007/15 2702/1038/15
f 2692/1008/5 2704/1015/5 2706/1016/5 2693/977/5
f 2705/989/12 2703/987/12 2702/1038/12 2706/1016/12
f 2695/1009/1 2701/1013/1 2703/987/1 2696/980/1
f 2704/1015/24 2698/1011/24 2700/984/24 2705/989/24
f 2699/1012/16 2697/1010/16 2696/980/16 2700/984/16
f 2683/1002/9 2695/1009/9 2697/1010/9 2684/1003/9
f 2698/1011/7 2687/1005/7 2686/1004/7 2699/1012/7
f 2689/1006/8 2701/1013/8 2695/1009/8 2683/1002/8
f 2685/994/11 2688/993/11 2694/978/11 2690/997/11
f 2697/1010/3 2699/1012/3 2686/1004/3 2684/1018/3
f 2704/1015/19 2692/1019/19 2687/1020/19 2698/1011/19
f 2691/1017/22 2693/977/22 2706/1016/22 2702/1038/22
f 2703/987/23 2705/989/23 2700/984/23 2696/980/23
f 2707/967/2 2708/968/2 2709/969/2
f 2710/970/207 2711/971/207 2712/972/207
f 2713/973/248 2714/974/248 2715/975/248
f 2716/976/17 2717/977/17 2718/1001/17
f 2719/979/244 2720/980/244 2721/981/244
f 2722/982/239 2723/983/239 2724/984/239
f 2725/985/257 2726/986/257 2727/987/257
f 2728/988/25 2729/989/25 2730/990/25
f 2713/973/214 2707/967/214 2709/969/214 2714/974/214
f 2708/991/4 2710/992/4 2712/993/4 2709/994/4
f 2711/995/13 2716/976/13 2718/1001/13 2712/993/13
f 2717/977/14 2715/996/14 2714/997/14 2718/1001/14
f 2725/985/15 2713/973/15 2715/975/15 2726/986/15
f 2716/976/5 2728/988/5 2730/990/5 2717/977/5
f 2729/989/12 2727/987/12 2726/986/12 2730/990/12
f 2719/979/1 2725/985/1 2727/987/1 2720/980/1
f 2728/988/24 2722/982/24 2724/984/24 2729/989/24
f 2723/983/16 2721/981/16 2720/980/16 2724/984/16
f 2707/967/9 2719/979/9 2721/981/9 2708/968/9
f 2722/982/7 2711/971/7 2710/970/7 2723/983/7
f 2713/973/8 2725/985/8 2719/979/8 2707/967/8
f 2709/994/11 2712/993/11 2718/1001/11 2714/997/11
f 2721/981/3 2723/983/3 2710/970/3 2708/998/3
f 2728/988/19 2716/999/19 2711/1000/19 2722/982/19
f 2715/996/22 2717/977/22 2730/990/22 2726/986/22
f 2727/987/23 2729/989/23 2724/984/23 2720/980/23
f 2731/967/225 2732/968/225 2733/969/225
f 2734/970/6 2735/971/6 2736/972/6
f 2737/973/208 2738/974/208 2739/975/208
f 2740/976/209 2741/977/209 2742/978/209
f 2743/979/244 2744/980/244 2745/981/244
f 2746/982/239 2747/983/239 2748/984/239
f 2749/985/257 2750/986/257 2751/987/257
f 2752/988/25 2753/989/25 2754/990/25
f 2737/973/214 2731/967/214 2733/969/214 2738/974/214
f 2732/991/4 2734/992/4 2736/993/4 2733/994/4
f 2735/995/13 2740/976/13 2742/978/13 2736/993/13
f 2741/977/14 2739/996/14 2738/997/14 2742/978/14
f 2749/985/15 2737/973/15 2739/975/15 2750/986/15
f 2740/976/5 2752/988/5 2754/990/5 2741/977/5
f 2753/989/258 2751/987/258 2750/986/258 2754/990/258
f 2743/979/1 2749/985/1 2751/987/1 2744/980/1
f 2752/988/24 2746/982/24 2748/984/24 2753/989/24
f 2747/983/16 2745/981/16 2744/980/16 2748/984/16
f 2731/967/9 2743/979/9 2745/981/9 2732/968/9
f 2746/982/7 2735/971/7 2734/970/7 2747/983/7
f 2737/973/8 2749/985/8 2743/979/8 2731/967/8
f 2733/994/11 2736/993/11 2742/978/11 2738/997/11
f 2745/981/3 2747/983/3 2734/970/3 2732/998/3
f 2752/988/19 2740/999/19 2735/1000/19 2746/982/19
f 2739/996/22 2741/977/22 2754/990/22 2750/986/22
f 2751/987/23 2753/989/23 2748/984/23 2744/980/23
f 2761/1026/383 2759/1039/383 2755/1040/383 2757/1041/383
f 2768/1042/386 2764/1043/386 2763/1044/386 2767/1037/386
f 950/120/46 938/152/46 942/153/46 944/154/46 940/261/46 952/262/46 954/157/46 955/263/46
f 2775/1030/23 2777/1029/23 2778/1022/23 2776/1021/23
f 721/265/148 722/305/148 730/280/148 725/279/148 724/271/148
f 2760/923/386 2756/1045/386 2755/1046/386 2759/1039/386
f 2762/924/23 2760/923/23 2759/1039/23 2761/1026/23
f 2524/949/19 2528/921/19 2530/877/19 2526/1047/19
f 2766/459/160 2764/1024/160 2768/1042/160 2770/1048/160
f 2774/1049/382 2778/1022/382 2777/1029/382 2773/1050/382
f 1966/86/105 1968/377/105 1976/220/105 1970/180/105 1971/171/105
f 401/112/100 399/348/100 407/47/100 408/132/100 409/80/100 406/79/100 414/78/100 415/81/100 416/131/100 417/249/100
f 2770/1048/23 2768/1042/23 2767/1037/23 2769/1036/23
f 2339/338/170 2342/159/170 2345/561/170 2344/272/170 2343/366/170 2341/242/170
f 1922/112/136 1920/386/136 1924/170/136 1925/169/136 1928/111/136
f 1706/52/71 1705/51/71 1707/488/71
f 906/266/78 902/279/78 907/280/78
f 2475/193/387 2484/272/387 2483/344/387 2482/477/387 2481/524/387 2474/273/387
f 427/47/45 425/142/45 428/248/45
f 25/86/44 27/146/44 41/129/44 43/76/44 39/75/44 29/74/44 31/77/44 32/134/44
f 2773/1050/11 2771/915/11 2772/1051/11 2774/1049/11
f 947/288/22 961/56/22 959/55/22 960/70/22 956/71/22 955/263/22 954/157/22 944/284/22 942/271/22 943/270/22 949/414/22 948/413/22
f 420/368/11 418/42/11 419/397/11 421/369/11
f 1872/366/114 1868/47/114 1869/294/114
f 2776/1021/386 2772/1043/386 2771/1052/386 2775/1030/386
f 2782/1053/382 2786/462/382 2785/1033/382 2781/1054/382
f 2769/1036/382 2765/914/382 2766/917/382 2770/1048/382
f 1742/379/266 1744/308/266 1747/378/266 1745/549/266 1743/606/266
f 222/97/35 226/98/35 223/99/35
f 2784/461/386 2780/1045/386 2779/1055/386 2783/1034/386
f 2294/304/142 2286/410/142 2287/341/142
f 2780/1056/11 2782/1053/11 2781/1054/11 2779/915/11
f 2786/462/23 2784/461/23 2783/1034/23 2785/1033/23
f 1671/187/263 1669/221/263 1668/45/263
f 1032/223/388 1035/440/388 1038/245/388 1037/244/388 1036/81/388 1034/257/388
f 267/248/84 271/292/84 272/249/84 261/112/84 262/98/84 258/97/84 266/47/84
f 1712/49/389 1713/275/389 1710/294/389 1711/407/389 1708/283/389
f 444/77/23 456/148/23 454/95/23 455/71/23 461/70/23 460/277/23 459/81/23 451/80/23 449/311/23 450/85/23 446/84/23 445/134/23
f 1648/848/13 1650/849/13 1644/844/13 1643/20/13
