# Blender 5.2.2 LTS
# www.blender.org
o KeycapKitty
v -3.400000 2.015000 3.800000
v -3.400000 1.996948 3.639785
v -3.400000 1.857919 3.351087
v -3.400000 1.607396 3.151302
v -3.400000 0.982604 3.151302
v -3.400000 0.732081 3.351087
v -3.400000 0.575000 3.800000
v -3.358533 1.996948 3.645244
v -3.319146 1.943698 3.498248
v -3.283813 1.857919 3.366384
v -3.254306 1.743913 3.256262
v -3.232105 1.607396 3.173406
v -3.218323 1.455215 3.121970
v -3.213650 1.295000 3.104533
v -3.218323 1.134785 3.121970
v -3.232105 0.982604 3.173406
v -3.254306 0.846087 3.256262
v -3.283813 0.732081 3.366384
v -3.319146 0.646302 3.498248
v -3.358533 0.593052 3.645244
v -3.319892 1.996948 3.661250
v -3.243802 1.943698 3.529457
v -3.175544 1.857919 3.411230
v -3.118541 1.743913 3.312498
v -3.075651 1.607396 3.238211
v -3.049026 1.455215 3.192095
v -3.040000 1.295000 3.176462
v -3.049026 1.134785 3.192095
v -3.075651 0.982604 3.238211
v -3.118541 0.846087 3.312498
v -3.175544 0.732081 3.411230
v -3.243802 0.646302 3.529457
v -3.319892 0.593052 3.661250
v -3.286711 1.996948 3.686711
v -3.179102 1.943698 3.579103
v -3.082571 1.857919 3.482571
v -3.001956 1.743913 3.401956
v -2.941302 1.607396 3.341301
v -2.903648 1.455215 3.303648
v -2.890883 1.295000 3.290883
v -2.903648 1.134785 3.303648
v -2.941302 0.982604 3.341301
v -3.001956 0.846087 3.401956
v -3.082571 0.732081 3.482571
v -3.179102 0.646302 3.579103
v -3.286711 0.593052 3.686711
v -3.261250 1.996948 3.719893
v -3.129457 1.943698 3.643802
v -3.011230 1.857919 3.575544
v -2.912498 1.743913 3.518541
v -2.838212 1.607396 3.475651
v -2.792095 1.455215 3.449026
v -2.776462 1.295000 3.440000
v -2.792095 1.134785 3.449026
v -2.838212 0.982604 3.475651
v -2.912498 0.846087 3.518541
v -3.011230 0.732081 3.575544
v -3.129457 0.646302 3.643802
v -3.261250 0.593052 3.719893
v -3.245244 1.996948 3.758533
v -3.098248 1.943698 3.719146
v -2.966384 1.857919 3.683813
v -2.856262 1.743913 3.654306
v -2.773407 1.607396 3.632105
v -2.721971 1.455215 3.618322
v -2.704534 1.295000 3.613650
v -2.721971 1.134785 3.618322
v -2.773407 0.982604 3.632105
v -2.856262 0.846087 3.654306
v -2.966384 0.732081 3.683813
v -3.098248 0.646302 3.719146
v -3.245244 0.593052 3.758533
v -3.239785 1.996948 3.800000
v -3.087604 1.943698 3.800000
v -2.951087 1.857919 3.800000
v -2.837081 1.743913 3.800000
v -2.751303 1.607396 3.800000
v -2.698052 1.455215 3.800000
v -2.680000 1.295000 3.800000
v -2.698052 1.134785 3.800000
v -2.751303 0.982604 3.800000
v -2.837081 0.846087 3.800000
v -2.951087 0.732081 3.800000
v -3.087604 0.646302 3.800000
v -3.239785 0.593052 3.800000
v -3.245244 1.996948 3.841467
v -3.098248 1.943698 3.880854
v -2.966384 1.857919 3.916187
v -2.856262 1.743913 3.945694
v -2.773407 1.607396 3.967895
v -2.721971 1.455215 3.981678
v -2.704533 1.295000 3.986350
v -2.721971 1.134785 3.981678
v -2.773407 0.982604 3.967895
v -2.856262 0.846087 3.945694
v -2.966384 0.732081 3.916187
v -3.098248 0.646302 3.880854
v -3.245244 0.593052 3.841467
v -3.261250 1.996948 3.880107
v -3.129457 1.943698 3.956198
v -3.011230 1.857919 4.024456
v -2.912498 1.743913 4.081459
v -2.838212 1.607396 4.124349
v -2.792095 1.455215 4.150974
v -2.776462 1.295000 4.160000
v -2.792095 1.134785 4.150974
v -2.838212 0.982604 4.124349
v -2.912498 0.846087 4.081459
v -3.011230 0.732081 4.024456
v -3.129457 0.646302 3.956198
v -3.261250 0.593052 3.880107
v -3.286711 1.996948 3.913289
v -3.179103 1.943698 4.020897
v -3.082571 1.857919 4.117429
v -3.001956 1.743913 4.198043
v -2.941302 1.607396 4.258698
v -2.903648 1.455215 4.296352
v -2.890883 1.295000 4.309117
v -2.903648 1.134785 4.296352
v -2.941302 0.982604 4.258698
v -3.001956 0.846087 4.198043
v -3.082571 0.732081 4.117429
v -3.179103 0.646302 4.020897
v -3.286711 0.593052 3.913289
v -3.319893 1.996948 3.938750
v -3.243802 1.943698 4.070543
v -3.175544 1.857919 4.188770
v -3.118541 1.743913 4.287502
v -3.075651 1.607396 4.361788
v -3.049026 1.455215 4.407905
v -3.040000 1.295000 4.423538
v -3.049026 1.134785 4.407905
v -3.075651 0.982604 4.361788
v -3.118541 0.846087 4.287502
v -3.175544 0.732081 4.188770
v -3.243802 0.646302 4.070543
v -3.319893 0.593052 3.938750
v -3.358533 1.996948 3.954756
v -3.319146 1.943698 4.101751
v -3.283813 1.857919 4.233616
v -3.254306 1.743913 4.343738
v -3.232105 1.607396 4.426593
v -3.218323 1.455215 4.478030
v -3.213650 1.295000 4.495467
v -3.218323 1.134785 4.478030
v -3.232105 0.982604 4.426593
v -3.254306 0.846087 4.343738
v -3.283813 0.732081 4.233616
v -3.319146 0.646302 4.101751
v -3.358533 0.593052 3.954756
v -3.400000 1.996948 3.960215
v -3.400000 1.943698 4.112396
v -3.400000 1.857919 4.248913
v -3.400000 1.743913 4.362918
v -3.400000 1.607396 4.448697
v -3.400000 1.455215 4.501948
v -3.400000 1.295000 4.520000
v -3.400000 1.134785 4.501948
v -3.400000 0.982604 4.448697
v -3.400000 0.846087 4.362918
v -3.400000 0.732081 4.248913
v -3.400000 0.646302 4.112396
v -3.400000 0.593052 3.960215
v -3.441467 1.996948 3.954756
v -3.480854 1.943698 4.101751
v -3.516187 1.857919 4.233616
v -3.545694 1.743913 4.343738
v -3.567895 1.607396 4.426593
v -3.581677 1.455215 4.478030
v -3.586350 1.295000 4.495467
v -3.581677 1.134785 4.478030
v -3.567895 0.982604 4.426593
v -3.545694 0.846087 4.343738
v -3.516187 0.732081 4.233616
v -3.480854 0.646302 4.101751
v -3.441467 0.593052 3.954756
v -3.480108 1.996948 3.938750
v -3.556198 1.943698 4.070543
v -3.624456 1.857919 4.188770
v -3.681459 1.743913 4.287502
v -3.724349 1.607396 4.361788
v -3.750974 1.455215 4.407905
v -3.760000 1.295000 4.423538
v -3.750974 1.134785 4.407905
v -3.724349 0.982604 4.361788
v -3.681459 0.846087 4.287502
v -3.624456 0.732081 4.188770
v -3.556198 0.646302 4.070543
v -3.480108 0.593052 3.938750
v -3.513289 1.996948 3.913289
v -3.620898 1.943698 4.020897
v -3.717429 1.857919 4.117429
v -3.798043 1.743913 4.198043
v -3.858698 1.607396 4.258698
v -3.896352 1.455215 4.296352
v -3.909117 1.295000 4.309117
v -3.896352 1.134785 4.296352
v -3.858698 0.982604 4.258698
v -3.798043 0.846087 4.198043
v -3.717429 0.732081 4.117429
v -3.620898 0.646302 4.020897
v -3.513289 0.593052 3.913289
v -3.538750 1.996948 3.880107
v -3.670543 1.943698 3.956198
v -3.788770 1.857919 4.024456
v -3.887502 1.743913 4.081459
v -3.961788 1.607396 4.124349
v -4.007905 1.455215 4.150974
v -4.023539 1.295000 4.160000
v -4.007905 1.134785 4.150974
v -3.961788 0.982604 4.124349
v -3.887502 0.846087 4.081459
v -3.788770 0.732081 4.024456
v -3.670543 0.646302 3.956198
v -3.538750 0.593052 3.880107
v -3.554756 1.996948 3.841467
v -3.701752 1.943698 3.880854
v -3.833616 1.857919 3.916187
v -3.943738 1.743913 3.945694
v -4.026594 1.607396 3.967895
v -4.078030 1.455215 3.981678
v -4.095467 1.295000 3.986350
v -4.078030 1.134785 3.981678
v -4.026594 0.982604 3.967895
v -3.943738 0.846087 3.945694
v -3.833616 0.732081 3.916187
v -3.701752 0.646302 3.880854
v -3.554756 0.593052 3.841467
v -3.560215 1.996948 3.800000
v -3.712396 1.943698 3.800000
v -3.848913 1.857919 3.800000
v -3.962919 1.743913 3.800000
v -4.048697 1.607396 3.800000
v -4.101948 1.455215 3.800000
v -4.120000 1.295000 3.800000
v -4.101948 1.134785 3.800000
v -4.048697 0.982604 3.800000
v -3.962919 0.846087 3.800000
v -3.848913 0.732081 3.800000
v -3.712396 0.646302 3.800000
v -3.560215 0.593052 3.800000
v -3.554756 1.996948 3.758533
v -3.701752 1.943698 3.719146
v -3.833616 1.857919 3.683813
v -3.943738 1.743913 3.654306
v -4.026593 1.607396 3.632105
v -4.078030 1.455215 3.618322
v -4.095467 1.295000 3.613650
v -4.078030 1.134785 3.618322
v -4.026593 0.982604 3.632105
v -3.943738 0.846087 3.654306
v -3.833616 0.732081 3.683813
v -3.701752 0.646302 3.719146
v -3.554756 0.593052 3.758533
v -3.538750 1.996948 3.719893
v -3.670543 1.943698 3.643802
v -3.788770 1.857919 3.575544
v -3.887502 1.743913 3.518541
v -3.961788 1.607396 3.475651
v -4.007905 1.455215 3.449026
v -4.023539 1.295000 3.440000
v -4.007905 1.134785 3.449026
v -3.961788 0.982604 3.475651
v -3.887502 0.846087 3.518541
v -3.788770 0.732081 3.575544
v -3.670543 0.646302 3.643802
v -3.538750 0.593052 3.719893
v -3.513289 1.996948 3.686711
v -3.620898 1.943698 3.579103
v -3.717429 1.857919 3.482571
v -3.798044 1.743913 3.401957
v -3.858698 1.607396 3.341302
v -3.896352 1.455215 3.303648
v -3.909117 1.295000 3.290883
v -3.896352 1.134785 3.303648
v -3.858698 0.982604 3.341302
v -3.798044 0.846087 3.401957
v -3.717429 0.732081 3.482571
v -3.620898 0.646302 3.579103
v -3.513289 0.593052 3.686711
v -3.480108 1.996948 3.661250
v -3.556198 1.943698 3.529457
v -3.624456 1.857919 3.411230
v -3.681459 1.743913 3.312498
v -3.724349 1.607396 3.238212
v -3.750974 1.455215 3.192095
v -3.760000 1.295000 3.176462
v -3.750974 1.134785 3.192095
v -3.724349 0.982604 3.238212
v -3.681459 0.846087 3.312498
v -3.624456 0.732081 3.411230
v -3.556198 0.646302 3.529457
v -3.480108 0.593052 3.661250
v -3.441467 1.996948 3.645244
v -3.480854 1.943698 3.498249
v -3.516187 1.857919 3.366384
v -3.545694 1.743913 3.256262
v -3.567895 1.607396 3.173407
v -3.581678 1.455215 3.121970
v -3.586350 1.295000 3.104533
v -3.581678 1.134785 3.121970
v -3.567895 0.982604 3.173407
v -3.545694 0.846087 3.256262
v -3.516187 0.732081 3.366384
v -3.480854 0.646302 3.498249
v -3.441467 0.593052 3.645244
v -3.400000 1.943698 3.487604
v -3.400000 1.743913 3.237082
v -3.400000 1.455215 3.098052
v -3.400000 1.295000 3.080000
v -3.400000 1.134785 3.098052
v -3.400000 0.846087 3.237082
v -3.400000 0.646302 3.487604
v -3.400000 0.593052 3.639785
v -3.400000 0.990000 3.900000
v -3.400000 0.623115 3.448430
v -3.400000 0.366885 3.448430
v -3.400000 0.000000 3.900000
v -3.356011 0.973133 3.784924
v -3.315020 0.923683 3.677691
v -3.279821 0.845018 3.585607
v -3.252811 0.742500 3.514949
v -3.235832 0.623115 3.470531
v -3.230041 0.495000 3.455381
v -3.235832 0.366885 3.470531
v -3.252811 0.247500 3.514949
v -3.279821 0.144982 3.585607
v -3.315020 0.066318 3.677691
v -3.356011 0.016867 3.784924
v -3.316329 0.973133 3.802111
v -3.238359 0.923683 3.710892
v -3.171405 0.845018 3.632561
v -3.120030 0.742500 3.572456
v -3.087734 0.623115 3.534672
v -3.076718 0.495000 3.521785
v -3.087734 0.366885 3.534672
v -3.120030 0.247500 3.572456
v -3.171405 0.144982 3.632561
v -3.238359 0.066318 3.710892
v -3.316329 0.016867 3.802111
v -3.284836 0.973133 3.828879
v -3.177520 0.923683 3.762605
v -3.085366 0.845018 3.705694
v -3.014654 0.742500 3.662025
v -2.970202 0.623115 3.634573
v -2.955041 0.495000 3.625210
v -2.970202 0.366885 3.634573
v -3.014654 0.247500 3.662025
v -3.085366 0.144982 3.705694
v -3.177520 0.066318 3.762605
v -3.284836 0.016867 3.828879
v -3.264617 0.973133 3.862610
v -3.138459 0.923683 3.827767
v -3.030126 0.845018 3.797848
v -2.946999 0.742500 3.774889
v -2.894742 0.623115 3.760457
v -2.876919 0.495000 3.755534
v -2.894742 0.366885 3.760457
v -2.946999 0.247500 3.774889
v -3.030126 0.144982 3.797848
v -3.138459 0.066318 3.827767
v -3.264617 0.016867 3.862610
v -3.257650 0.973133 3.900000
v -3.125000 0.923683 3.900000
v -3.011091 0.845018 3.900000
v -2.923686 0.742500 3.900000
v -2.868741 0.623115 3.900000
v -2.850000 0.495000 3.900000
v -2.868741 0.366885 3.900000
v -2.923686 0.247500 3.900000
v -3.011091 0.144982 3.900000
v -3.125000 0.066318 3.900000
v -3.257650 0.016867 3.900000
v -3.264617 0.973133 3.937390
v -3.138459 0.923683 3.972233
v -3.030126 0.845018 4.002152
v -2.946999 0.742500 4.025111
v -2.894742 0.623115 4.039543
v -2.876919 0.495000 4.044466
v -2.894742 0.366885 4.039543
v -2.946999 0.247500 4.025111
v -3.030126 0.144982 4.002152
v -3.138459 0.066318 3.972233
v -3.264617 0.016867 3.937390
v -3.284836 0.973133 3.971121
v -3.177520 0.923683 4.037395
v -3.085366 0.845018 4.094306
v -3.014654 0.742500 4.137975
v -2.970202 0.623115 4.165426
v -2.955040 0.495000 4.174789
v -2.970202 0.366885 4.165426
v -3.014654 0.247500 4.137975
v -3.085366 0.144982 4.094306
v -3.177520 0.066318 4.037395
v -3.284836 0.016867 3.971121
v -3.316329 0.973133 3.997889
v -3.238359 0.923683 4.089108
v -3.171405 0.845018 4.167439
v -3.120030 0.742500 4.227544
v -3.087734 0.623115 4.265328
v -3.076718 0.495000 4.278215
v -3.087734 0.366885 4.265328
v -3.120030 0.247500 4.227544
v -3.171405 0.144982 4.167439
v -3.238359 0.066318 4.089108
v -3.316329 0.016867 3.997889
v -3.356011 0.973133 4.015076
v -3.315020 0.923683 4.122310
v -3.279821 0.845018 4.214393
v -3.252811 0.742500 4.285051
v -3.235832 0.623115 4.329469
v -3.230041 0.495000 4.344619
v -3.235832 0.366885 4.329469
v -3.252811 0.247500 4.285051
v -3.279821 0.144982 4.214393
v -3.315020 0.066318 4.122310
v -3.356011 0.016867 4.015076
v -3.400000 0.973133 4.020998
v -3.400000 0.923683 4.133750
v -3.400000 0.845018 4.230573
v -3.400000 0.742500 4.304867
v -3.400000 0.623115 4.351570
v -3.400000 0.495000 4.367500
v -3.400000 0.366885 4.351570
v -3.400000 0.247500 4.304867
v -3.400000 0.144982 4.230573
v -3.400000 0.066318 4.133750
v -3.400000 0.016867 4.020998
v -3.443989 0.973133 4.015076
v -3.484980 0.923683 4.122310
v -3.520180 0.845018 4.214393
v -3.547189 0.742500 4.285051
v -3.564168 0.623115 4.329469
v -3.569959 0.495000 4.344619
v -3.564168 0.366885 4.329469
v -3.547189 0.247500 4.285051
v -3.520180 0.144982 4.214393
v -3.484980 0.066318 4.122310
v -3.443989 0.016867 4.015076
v -3.483672 0.973133 3.997889
v -3.561641 0.923683 4.089108
v -3.628595 0.845018 4.167439
v -3.679971 0.742500 4.227544
v -3.712266 0.623115 4.265328
v -3.723282 0.495000 4.278215
v -3.712266 0.366885 4.265328
v -3.679971 0.247500 4.227544
v -3.628595 0.144982 4.167439
v -3.561641 0.066318 4.089108
v -3.483672 0.016867 3.997889
v -3.515164 0.973133 3.971121
v -3.622480 0.923683 4.037395
v -3.714634 0.845018 4.094306
v -3.785346 0.742500 4.137975
v -3.829798 0.623115 4.165426
v -3.844960 0.495000 4.174790
v -3.829798 0.366885 4.165426
v -3.785346 0.247500 4.137975
v -3.714634 0.144982 4.094306
v -3.622480 0.066318 4.037395
v -3.515164 0.016867 3.971121
v -3.535383 0.973133 3.937390
v -3.661541 0.923683 3.972233
v -3.769874 0.845018 4.002152
v -3.853002 0.742500 4.025111
v -3.905258 0.623115 4.039543
v -3.923081 0.495000 4.044466
v -3.905258 0.366885 4.039543
v -3.853002 0.247500 4.025111
v -3.769874 0.144982 4.002152
v -3.661541 0.066318 3.972233
v -3.535383 0.016867 3.937390
v -3.542351 0.973133 3.900000
v -3.675000 0.923683 3.900000
v -3.788909 0.845018 3.900000
v -3.876314 0.742500 3.900000
v -3.931259 0.623115 3.900000
v -3.950000 0.495000 3.900000
v -3.931259 0.366885 3.900000
v -3.876314 0.247500 3.900000
v -3.788909 0.144982 3.900000
v -3.675000 0.066318 3.900000
v -3.542351 0.016867 3.900000
v -3.535383 0.973133 3.862610
v -3.661541 0.923683 3.827767
v -3.769874 0.845018 3.797848
v -3.853002 0.742500 3.774889
v -3.905258 0.623115 3.760457
v -3.923081 0.495000 3.755534
v -3.905258 0.366885 3.760457
v -3.853002 0.247500 3.774889
v -3.769874 0.144982 3.797848
v -3.661541 0.066318 3.827767
v -3.535383 0.016867 3.862610
v -3.515164 0.973133 3.828879
v -3.622480 0.923683 3.762605
v -3.714634 0.845018 3.705694
v -3.785346 0.742500 3.662025
v -3.829798 0.623115 3.634573
v -3.844960 0.495000 3.625210
v -3.829798 0.366885 3.634573
v -3.785346 0.247500 3.662025
v -3.714634 0.144982 3.705694
v -3.622480 0.066318 3.762605
v -3.515164 0.016867 3.828879
v -3.483672 0.973133 3.802110
v -3.561641 0.923683 3.710892
v -3.628595 0.845018 3.632561
v -3.679971 0.742500 3.572456
v -3.712266 0.623115 3.534672
v -3.723282 0.495000 3.521784
v -3.712266 0.366885 3.534672
v -3.679971 0.247500 3.572456
v -3.628595 0.144982 3.632561
v -3.561641 0.066318 3.710892
v -3.483672 0.016867 3.802110
v -3.443989 0.973133 3.784924
v -3.484980 0.923683 3.677690
v -3.520180 0.845018 3.585607
v -3.547189 0.742500 3.514948
v -3.564168 0.623115 3.470531
v -3.569960 0.495000 3.455381
v -3.564168 0.366885 3.470531
v -3.547189 0.247500 3.514948
v -3.520180 0.144982 3.585607
v -3.484980 0.066318 3.677690
v -3.443989 0.016867 3.784924
v -3.400000 0.973133 3.779002
v -3.400000 0.923683 3.666250
v -3.400000 0.845018 3.569427
v -3.400000 0.742500 3.495133
v -3.400000 0.495000 3.432500
v -3.400000 0.247500 3.495133
v -3.400000 0.144982 3.569427
v -3.400000 0.066318 3.666250
v -3.400000 0.016867 3.779002
v -3.943634 1.753421 3.972696
v -3.918795 1.790122 4.027796
v -3.971225 1.816598 3.988424
v -3.933709 1.760305 4.009008
v -3.958723 1.777388 4.008906
v -3.953218 1.804978 4.020130
v -3.970782 1.779027 3.981168
v -3.826587 2.020284 4.059783
v -3.814542 2.075648 4.017476
v -3.879016 2.046760 4.020411
v -3.815420 2.055567 4.050041
v -3.845220 2.060703 4.048279
v -3.852494 2.074288 4.022201
v -3.861010 2.035140 4.052115
v -3.975620 1.800077 3.729180
v -4.003211 1.863254 3.744908
v -3.963575 1.855441 3.686874
v -4.002769 1.825683 3.737652
v -3.998096 1.834819 3.709152
v -3.994251 1.864831 3.707737
v -3.974742 1.820158 3.696615
v -3.846528 2.122304 3.773960
v -3.871367 2.085603 3.718860
v -3.911002 2.093416 3.776894
v -3.856453 2.115419 3.737648
v -3.884593 2.118134 3.748525
v -3.902043 2.094993 3.739723
v -3.884480 2.120944 3.778685
v -3.713472 1.667696 3.926040
v -3.648998 1.696584 3.923106
v -3.688633 1.704398 3.981140
v -3.675521 1.669056 3.921315
v -3.675407 1.671866 3.951475
v -3.657957 1.695007 3.960277
v -3.703547 1.674581 3.962352
v -3.584380 1.989923 3.970820
v -3.596425 1.934560 4.013126
v -3.556790 1.926746 3.955092
v -3.585258 1.969842 4.003385
v -3.561904 1.955182 3.990848
v -3.565749 1.925169 3.992263
v -3.557232 1.964317 3.962348
v -3.745458 1.714353 3.682524
v -3.733413 1.769716 3.640218
v -3.680984 1.743240 3.679590
v -3.744580 1.734433 3.649959
v -3.714780 1.729297 3.651721
v -3.698990 1.754860 3.647884
v -3.707507 1.715712 3.677799
v -3.616366 2.036579 3.727304
v -3.588776 1.973402 3.711576
v -3.641205 1.999878 3.672204
v -3.589218 2.010973 3.718832
v -3.601277 2.012612 3.691094
v -3.606781 1.985022 3.679870
v -3.626291 2.029695 3.690992
v -3.086528 1.667696 3.926040
v -3.111367 1.704398 3.981140
v -3.151002 1.696584 3.923106
v -3.096453 1.674581 3.962352
v -3.124593 1.671866 3.951475
v -3.142043 1.695007 3.960277
v -3.124480 1.669056 3.921315
v -3.203575 1.934560 4.013126
v -3.215620 1.989923 3.970820
v -3.243211 1.926746 3.955092
v -3.214742 1.969842 4.003385
v -3.238096 1.955182 3.990848
v -3.242768 1.964317 3.962348
v -3.234251 1.925169 3.992263
v -3.054542 1.714353 3.682524
v -3.119016 1.743240 3.679590
v -3.066587 1.769716 3.640218
v -3.092494 1.715712 3.677799
v -3.085220 1.729297 3.651721
v -3.101010 1.754860 3.647884
v -3.055420 1.734433 3.649959
v -3.183634 2.036579 3.727304
v -3.158795 1.999878 3.672204
v -3.211225 1.973402 3.711576
v -3.173709 2.029695 3.690992
v -3.198723 2.012612 3.691094
v -3.193218 1.985022 3.679870
v -3.210782 2.010973 3.718832
v -2.856366 1.753421 3.972696
v -2.828775 1.816598 3.988424
v -2.881205 1.790122 4.027796
v -2.829218 1.779027 3.981168
v -2.841277 1.777388 4.008906
v -2.846782 1.804978 4.020130
v -2.866291 1.760305 4.009008
v -2.985458 2.075648 4.017476
v -2.973413 2.020284 4.059783
v -2.920984 2.046760 4.020411
v -2.984580 2.055567 4.050041
v -2.954780 2.060703 4.048279
v -2.938990 2.035140 4.052115
v -2.947507 2.074288 4.022201
v -2.824380 1.800077 3.729180
v -2.836425 1.855441 3.686874
v -2.796790 1.863254 3.744908
v -2.825258 1.820158 3.696615
v -2.801904 1.834819 3.709152
v -2.805749 1.864831 3.707737
v -2.797232 1.825683 3.737652
v -2.953472 2.122304 3.773960
v -2.888998 2.093416 3.776894
v -2.928633 2.085603 3.718860
v -2.915521 2.120944 3.778685
v -2.915407 2.118134 3.748525
v -2.897957 2.094993 3.739723
v -2.943547 2.115419 3.737648
v -3.820000 1.775000 3.820000
v -3.820000 1.825000 3.870000
v -3.870000 1.825000 3.820000
v -3.820000 1.789645 3.855355
v -3.848868 1.796132 3.848867
v -3.855356 1.825000 3.855355
v -3.855356 1.789645 3.820000
v -3.820000 1.905000 3.870000
v -3.820000 1.955000 3.820000
v -3.870000 1.905000 3.820000
v -3.820000 1.940355 3.855355
v -3.848868 1.933867 3.848867
v -3.855356 1.940355 3.820000
v -3.855356 1.905000 3.855355
v -3.820000 1.775000 3.740000
v -3.870000 1.825000 3.740000
v -3.820000 1.825000 3.690000
v -3.855356 1.789645 3.740000
v -3.848868 1.796132 3.711133
v -3.855356 1.825000 3.704645
v -3.820000 1.789645 3.704645
v -3.820000 1.955000 3.740000
v -3.820000 1.905000 3.690000
v -3.870000 1.905000 3.740000
v -3.820000 1.940355 3.704645
v -3.848868 1.933867 3.711133
v -3.855356 1.905000 3.704645
v -3.855356 1.940355 3.740000
v -3.740000 1.775000 3.820000
v -3.690000 1.825000 3.820000
v -3.740000 1.825000 3.870000
v -3.704645 1.789645 3.820000
v -3.711133 1.796132 3.848867
v -3.704645 1.825000 3.855355
v -3.740000 1.789645 3.855355
v -3.740000 1.955000 3.820000
v -3.740000 1.905000 3.870000
v -3.690000 1.905000 3.820000
v -3.740000 1.940355 3.855355
v -3.711133 1.933867 3.848867
v -3.704645 1.905000 3.855355
v -3.704645 1.940355 3.820000
v -3.740000 1.775000 3.740000
v -3.740000 1.825000 3.690000
v -3.690000 1.825000 3.740000
v -3.740000 1.789645 3.704645
v -3.711133 1.796132 3.711133
v -3.704645 1.825000 3.704645
v -3.704645 1.789645 3.740000
v -3.740000 1.955000 3.740000
v -3.690000 1.905000 3.740000
v -3.740000 1.905000 3.690000
v -3.704645 1.940355 3.740000
v -3.711133 1.933867 3.711133
v -3.704645 1.905000 3.704645
v -3.740000 1.940355 3.704645
v -3.060000 1.775000 3.820000
v -3.060000 1.825000 3.870000
v -3.110000 1.825000 3.820000
v -3.060000 1.789645 3.855355
v -3.088868 1.796132 3.848867
v -3.095356 1.825000 3.855355
v -3.095356 1.789645 3.820000
v -3.060000 1.905000 3.870000
v -3.060000 1.955000 3.820000
v -3.110000 1.905000 3.820000
v -3.060000 1.940355 3.855355
v -3.088868 1.933867 3.848867
v -3.095356 1.940355 3.820000
v -3.095356 1.905000 3.855355
v -3.060000 1.775000 3.740000
v -3.110000 1.825000 3.740000
v -3.060000 1.825000 3.690000
v -3.095356 1.789645 3.740000
v -3.088868 1.796132 3.711133
v -3.095356 1.825000 3.704645
v -3.060000 1.789645 3.704645
v -3.060000 1.955000 3.740000
v -3.060000 1.905000 3.690000
v -3.110000 1.905000 3.740000
v -3.060000 1.940355 3.704645
v -3.088868 1.933867 3.711133
v -3.095356 1.905000 3.704645
v -3.095356 1.940355 3.740000
v -2.980000 1.775000 3.820000
v -2.930000 1.825000 3.820000
v -2.980000 1.825000 3.870000
v -2.944645 1.789645 3.820000
v -2.951133 1.796132 3.848867
v -2.944645 1.825000 3.855355
v -2.980000 1.789645 3.855355
v -2.980000 1.955000 3.820000
v -2.980000 1.905000 3.870000
v -2.930000 1.905000 3.820000
v -2.980000 1.940355 3.855355
v -2.951133 1.933867 3.848867
v -2.944645 1.905000 3.855355
v -2.944645 1.940355 3.820000
v -2.980000 1.775000 3.740000
v -2.980000 1.825000 3.690000
v -2.930000 1.825000 3.740000
v -2.980000 1.789645 3.704645
v -2.951133 1.796132 3.711133
v -2.944645 1.825000 3.704645
v -2.944645 1.789645 3.740000
v -2.980000 1.955000 3.740000
v -2.930000 1.905000 3.740000
v -2.980000 1.905000 3.690000
v -2.944645 1.940355 3.740000
v -2.951133 1.933867 3.711133
v -2.944645 1.905000 3.704645
v -2.980000 1.940355 3.704645
v -3.620000 1.455000 3.280000
v -3.620000 1.446627 3.237905
v -3.620000 1.387095 3.178373
v -3.620000 1.345000 3.170000
v -3.620000 1.302905 3.178373
v -3.620000 1.243373 3.237905
v -3.620000 1.235000 3.280000
v -3.598953 1.446627 3.243545
v -3.581109 1.422782 3.212639
v -3.569187 1.387095 3.191989
v -3.565000 1.345000 3.184737
v -3.569187 1.302905 3.191989
v -3.581109 1.267218 3.212639
v -3.598953 1.243373 3.243545
v -3.583544 1.446627 3.258952
v -3.552639 1.422782 3.241109
v -3.531989 1.387095 3.229187
v -3.524737 1.345000 3.225000
v -3.531989 1.302905 3.229187
v -3.552639 1.267218 3.241109
v -3.583544 1.243373 3.258952
v -3.577905 1.446627 3.280000
v -3.542218 1.422782 3.280000
v -3.518373 1.387095 3.280000
v -3.510000 1.345000 3.280000
v -3.518373 1.302905 3.280000
v -3.542218 1.267218 3.280000
v -3.577905 1.243373 3.280000
v -3.583544 1.446627 3.301048
v -3.552639 1.422782 3.318891
v -3.531989 1.387095 3.330813
v -3.524737 1.345000 3.335000
v -3.531989 1.302905 3.330813
v -3.552639 1.267218 3.318891
v -3.583544 1.243373 3.301048
v -3.598953 1.446627 3.316455
v -3.581109 1.422782 3.347361
v -3.569187 1.387095 3.368011
v -3.565000 1.345000 3.375263
v -3.569187 1.302905 3.368011
v -3.581109 1.267218 3.347361
v -3.598953 1.243373 3.316455
v -3.620000 1.446627 3.322095
v -3.620000 1.422782 3.357782
v -3.620000 1.387095 3.381627
v -3.620000 1.345000 3.390000
v -3.620000 1.302905 3.381627
v -3.620000 1.267218 3.357782
v -3.620000 1.243373 3.322095
v -3.641048 1.446627 3.316455
v -3.658891 1.422782 3.347361
v -3.670814 1.387095 3.368011
v -3.675000 1.345000 3.375263
v -3.670814 1.302905 3.368011
v -3.658891 1.267218 3.347361
v -3.641048 1.243373 3.316455
v -3.656456 1.446627 3.301048
v -3.687361 1.422782 3.318891
v -3.708011 1.387095 3.330813
v -3.715263 1.345000 3.335000
v -3.708011 1.302905 3.330813
v -3.687361 1.267218 3.318891
v -3.656456 1.243373 3.301048
v -3.662095 1.446627 3.280000
v -3.697782 1.422782 3.280000
v -3.721627 1.387095 3.280000
v -3.730000 1.345000 3.280000
v -3.721627 1.302905 3.280000
v -3.697782 1.267218 3.280000
v -3.662095 1.243373 3.280000
v -3.656456 1.446627 3.258952
v -3.687361 1.422782 3.241109
v -3.708011 1.387095 3.229187
v -3.715263 1.345000 3.225000
v -3.708011 1.302905 3.229187
v -3.687361 1.267218 3.241109
v -3.656456 1.243373 3.258952
v -3.641048 1.446627 3.243545
v -3.658891 1.422782 3.212639
v -3.670814 1.387095 3.191989
v -3.675000 1.345000 3.184737
v -3.670814 1.302905 3.191989
v -3.658891 1.267218 3.212639
v -3.641048 1.243373 3.243545
v -3.620000 1.422782 3.202218
v -3.620000 1.267218 3.202218
v -3.180000 1.455000 3.280000
v -3.180000 1.446627 3.237905
v -3.180000 1.387095 3.178373
v -3.180000 1.345000 3.170000
v -3.180000 1.302905 3.178373
v -3.180000 1.243373 3.237905
v -3.180000 1.235000 3.280000
v -3.158952 1.446627 3.243545
v -3.141109 1.422782 3.212639
v -3.129187 1.387095 3.191989
v -3.125000 1.345000 3.184737
v -3.129187 1.302905 3.191989
v -3.141109 1.267218 3.212639
v -3.158952 1.243373 3.243545
v -3.143545 1.446627 3.258952
v -3.112639 1.422782 3.241109
v -3.091989 1.387095 3.229187
v -3.084737 1.345000 3.225000
v -3.091989 1.302905 3.229187
v -3.112639 1.267218 3.241109
v -3.143545 1.243373 3.258952
v -3.137905 1.446627 3.280000
v -3.102218 1.422782 3.280000
v -3.078373 1.387095 3.280000
v -3.070000 1.345000 3.280000
v -3.078373 1.302905 3.280000
v -3.102218 1.267218 3.280000
v -3.137905 1.243373 3.280000
v -3.143545 1.446627 3.301048
v -3.112639 1.422782 3.318891
v -3.091989 1.387095 3.330813
v -3.084737 1.345000 3.335000
v -3.091989 1.302905 3.330813
v -3.112639 1.267218 3.318891
v -3.143545 1.243373 3.301048
v -3.158952 1.446627 3.316455
v -3.141109 1.422782 3.347361
v -3.129187 1.387095 3.368011
v -3.125000 1.345000 3.375263
v -3.129187 1.302905 3.368011
v -3.141109 1.267218 3.347361
v -3.158952 1.243373 3.316455
v -3.180000 1.446627 3.322095
v -3.180000 1.422782 3.357782
v -3.180000 1.387095 3.381627
v -3.180000 1.345000 3.390000
v -3.180000 1.302905 3.381627
v -3.180000 1.267218 3.357782
v -3.180000 1.243373 3.322095
v -3.201048 1.446627 3.316455
v -3.218891 1.422782 3.347361
v -3.230814 1.387095 3.368011
v -3.235000 1.345000 3.375263
v -3.230814 1.302905 3.368011
v -3.218891 1.267218 3.347361
v -3.201048 1.243373 3.316455
v -3.216455 1.446627 3.301048
v -3.247361 1.422782 3.318891
v -3.268011 1.387095 3.330813
v -3.275263 1.345000 3.335000
v -3.268011 1.302905 3.330813
v -3.247361 1.267218 3.318891
v -3.216455 1.243373 3.301048
v -3.222095 1.446627 3.280000
v -3.257782 1.422782 3.280000
v -3.281627 1.387095 3.280000
v -3.290000 1.345000 3.280000
v -3.281627 1.302905 3.280000
v -3.257782 1.267218 3.280000
v -3.222095 1.243373 3.280000
v -3.216455 1.446627 3.258952
v -3.247361 1.422782 3.241109
v -3.268011 1.387095 3.229187
v -3.275263 1.345000 3.225000
v -3.268011 1.302905 3.229187
v -3.247361 1.267218 3.241109
v -3.216455 1.243373 3.258952
v -3.201048 1.446627 3.243545
v -3.218891 1.422782 3.212639
v -3.230814 1.387095 3.191989
v -3.235000 1.345000 3.184737
v -3.230814 1.302905 3.191989
v -3.218891 1.267218 3.212639
v -3.201048 1.243373 3.243545
v -3.180000 1.422782 3.202218
v -3.180000 1.267218 3.202218
v -3.400000 1.275000 3.180000
v -3.400000 1.225615 3.106090
v -3.400000 1.195000 3.100000
v -3.400000 1.164385 3.106090
v -3.400000 1.115000 3.180000
v -3.382005 1.268910 3.155232
v -3.366750 1.251569 3.134235
v -3.356557 1.225615 3.120205
v -3.352977 1.195000 3.115279
v -3.356557 1.164385 3.120205
v -3.366750 1.138432 3.134235
v -3.382005 1.121090 3.155232
v -3.370884 1.268910 3.170539
v -3.346200 1.251569 3.162519
v -3.329707 1.225615 3.157160
v -3.323915 1.195000 3.155279
v -3.329707 1.164385 3.157160
v -3.346200 1.138432 3.162519
v -3.370884 1.121090 3.170539
v -3.370884 1.268910 3.189460
v -3.346200 1.251569 3.197481
v -3.329707 1.225615 3.202839
v -3.323915 1.195000 3.204721
v -3.329707 1.164385 3.202839
v -3.346200 1.138432 3.197481
v -3.370884 1.121090 3.189460
v -3.382005 1.268910 3.204768
v -3.366750 1.251569 3.225765
v -3.356557 1.225615 3.239795
v -3.352977 1.195000 3.244721
v -3.356557 1.164385 3.239795
v -3.366750 1.138432 3.225765
v -3.382005 1.121090 3.204768
v -3.400000 1.268910 3.210615
v -3.400000 1.251569 3.236568
v -3.400000 1.225615 3.253910
v -3.400000 1.195000 3.260000
v -3.400000 1.164385 3.253910
v -3.400000 1.138432 3.236568
v -3.400000 1.121090 3.210615
v -3.417995 1.268910 3.204768
v -3.433250 1.251569 3.225765
v -3.443444 1.225615 3.239795
v -3.447023 1.195000 3.244721
v -3.443444 1.164385 3.239795
v -3.433250 1.138432 3.225765
v -3.417995 1.121090 3.204768
v -3.429116 1.268910 3.189460
v -3.453800 1.251569 3.197481
v -3.470293 1.225615 3.202839
v -3.476085 1.195000 3.204721
v -3.470293 1.164385 3.202839
v -3.453800 1.138432 3.197481
v -3.429116 1.121090 3.189460
v -3.429116 1.268910 3.170539
v -3.453800 1.251569 3.162519
v -3.470293 1.225615 3.157160
v -3.476085 1.195000 3.155279
v -3.470293 1.164385 3.157160
v -3.453800 1.138432 3.162519
v -3.429116 1.121090 3.170539
v -3.417995 1.268910 3.155232
v -3.433250 1.251569 3.134235
v -3.443444 1.225615 3.120205
v -3.447023 1.195000 3.115279
v -3.443444 1.164385 3.120205
v -3.433250 1.138432 3.134235
v -3.417995 1.121090 3.155232
v -3.400000 1.268910 3.149385
v -3.400000 1.251569 3.123431
v -3.400000 1.138432 3.123431
v -3.400000 1.121090 3.149385
v -3.525000 1.998750 4.025000
v -3.525000 2.026250 4.075000
v -3.575000 2.026250 4.025000
v -3.525000 2.006805 4.060355
v -3.553868 2.010373 4.053867
v -3.560355 2.026250 4.060355
v -3.560355 2.006805 4.025000
v -3.525000 2.163750 4.075000
v -3.525000 2.191250 4.025000
v -3.575000 2.163750 4.025000
v -3.525000 2.183196 4.060355
v -3.553868 2.179627 4.053867
v -3.560355 2.183196 4.025000
v -3.560355 2.163750 4.060355
v -3.525000 1.998750 3.775000
v -3.575000 2.026250 3.775000
v -3.525000 2.026250 3.725000
v -3.560355 2.006805 3.775000
v -3.553868 2.010373 3.746132
v -3.560355 2.026250 3.739645
v -3.525000 2.006805 3.739645
v -3.525000 2.191250 3.775000
v -3.525000 2.163750 3.725000
v -3.575000 2.163750 3.775000
v -3.525000 2.183196 3.739645
v -3.553868 2.179627 3.746132
v -3.560355 2.163750 3.739645
v -3.560355 2.183196 3.775000
v -3.275000 1.998750 4.025000
v -3.225000 2.026250 4.025000
v -3.275000 2.026250 4.075000
v -3.239645 2.006805 4.025000
v -3.246133 2.010373 4.053867
v -3.239645 2.026250 4.060355
v -3.275000 2.006805 4.060355
v -3.275000 2.191250 4.025000
v -3.275000 2.163750 4.075000
v -3.225000 2.163750 4.025000
v -3.275000 2.183196 4.060355
v -3.246133 2.179627 4.053867
v -3.239645 2.163750 4.060355
v -3.239645 2.183196 4.025000
v -3.275000 1.998750 3.775000
v -3.275000 2.026250 3.725000
v -3.225000 2.026250 3.775000
v -3.275000 2.006805 3.739645
v -3.246133 2.010373 3.746132
v -3.239645 2.026250 3.739645
v -3.239645 2.006805 3.775000
v -3.275000 2.191250 3.775000
v -3.225000 2.163750 3.775000
v -3.275000 2.163750 3.725000
v -3.239645 2.183196 3.775000
v -3.246133 2.179627 3.746132
v -3.239645 2.163750 3.739645
v -3.275000 2.183196 3.739645
vn -0.0000 1.0000 -0.0000
vn -0.0000 0.9729 -0.2313
vn -0.0000 0.7773 -0.6291
vn -0.0000 0.4303 -0.9027
vn -0.0000 -0.4303 -0.9027
vn -0.0000 -0.7773 -0.6291
vn -0.0000 -1.0000 -0.0000
vn 0.0599 0.9729 -0.2235
vn 0.1142 0.8973 -0.4264
vn 0.1628 0.7773 -0.6077
vn 0.2033 0.6190 -0.7586
vn 0.2336 0.4303 -0.8719
vn 0.2524 0.2205 -0.9421
vn 0.2588 -0.0000 -0.9659
vn 0.2524 -0.2205 -0.9421
vn 0.2336 -0.4303 -0.8719
vn 0.2033 -0.6190 -0.7586
vn 0.1628 -0.7773 -0.6077
vn 0.1142 -0.8973 -0.4264
vn 0.0599 -0.9729 -0.2235
vn 0.1157 0.9729 -0.2004
vn 0.2207 0.8973 -0.3823
vn 0.3146 0.7773 -0.5448
vn 0.3927 0.6190 -0.6802
vn 0.4513 0.4303 -0.7818
vn 0.4877 0.2205 -0.8447
vn 0.5000 -0.0000 -0.8660
vn 0.4877 -0.2205 -0.8447
vn 0.4513 -0.4303 -0.7818
vn 0.3927 -0.6190 -0.6802
vn 0.3146 -0.7773 -0.5448
vn 0.2207 -0.8973 -0.3823
vn 0.1157 -0.9729 -0.2004
vn 0.1636 0.9729 -0.1636
vn 0.3121 0.8973 -0.3121
vn 0.4449 0.7773 -0.4449
vn 0.5554 0.6190 -0.5554
vn 0.6383 0.4303 -0.6383
vn 0.6897 0.2205 -0.6897
vn 0.7071 -0.0000 -0.7071
vn 0.6897 -0.2205 -0.6897
vn 0.6383 -0.4303 -0.6383
vn 0.5554 -0.6190 -0.5554
vn 0.4449 -0.7773 -0.4449
vn 0.3121 -0.8973 -0.3121
vn 0.1636 -0.9729 -0.1636
vn 0.2004 0.9729 -0.1157
vn 0.3823 0.8973 -0.2207
vn 0.5448 0.7773 -0.3146
vn 0.6802 0.6190 -0.3927
vn 0.7818 0.4303 -0.4513
vn 0.8447 0.2205 -0.4877
vn 0.8660 -0.0000 -0.5000
vn 0.8447 -0.2205 -0.4877
vn 0.7818 -0.4303 -0.4513
vn 0.6802 -0.6190 -0.3927
vn 0.5448 -0.7773 -0.3146
vn 0.3823 -0.8973 -0.2207
vn 0.2004 -0.9729 -0.1157
vn 0.2235 0.9729 -0.0599
vn 0.4264 0.8973 -0.1142
vn 0.6077 0.7773 -0.1628
vn 0.7586 0.6190 -0.2033
vn 0.8719 0.4303 -0.2336
vn 0.9421 0.2205 -0.2524
vn 0.9659 -0.0000 -0.2588
vn 0.9421 -0.2205 -0.2524
vn 0.8719 -0.4303 -0.2336
vn 0.7586 -0.6190 -0.2033
vn 0.6077 -0.7773 -0.1628
vn 0.4264 -0.8973 -0.1142
vn 0.2235 -0.9729 -0.0599
vn 0.2313 0.9729 -0.0000
vn 0.4414 0.8973 -0.0000
vn 0.6291 0.7773 -0.0000
vn 0.7854 0.6190 -0.0000
vn 0.9027 0.4303 -0.0000
vn 0.9754 0.2205 -0.0000
vn 1.0000 -0.0000 -0.0000
vn 0.9754 -0.2205 -0.0000
vn 0.9027 -0.4303 -0.0000
vn 0.7854 -0.6190 -0.0000
vn 0.6291 -0.7773 -0.0000
vn 0.4414 -0.8973 -0.0000
vn 0.2313 -0.9729 -0.0000
vn 0.2235 0.9729 0.0599
vn 0.4264 0.8973 0.1142
vn 0.6077 0.7773 0.1628
vn 0.7586 0.6190 0.2033
vn 0.8719 0.4303 0.2336
vn 0.9421 0.2205 0.2524
vn 0.9659 -0.0000 0.2588
vn 0.9421 -0.2205 0.2524
vn 0.8719 -0.4303 0.2336
vn 0.7586 -0.6190 0.2033
vn 0.6077 -0.7773 0.1628
vn 0.4264 -0.8973 0.1142
vn 0.2235 -0.9729 0.0599
vn 0.2004 0.9729 0.1157
vn 0.3823 0.8973 0.2207
vn 0.5448 0.7773 0.3146
vn 0.6802 0.6190 0.3927
vn 0.7818 0.4303 0.4513
vn 0.8447 0.2205 0.4877
vn 0.8660 -0.0000 0.5000
vn 0.8447 -0.2205 0.4877
vn 0.7818 -0.4303 0.4513
vn 0.6802 -0.6190 0.3927
vn 0.5448 -0.7773 0.3146
vn 0.3823 -0.8973 0.2207
vn 0.2004 -0.9729 0.1157
vn 0.1636 0.9729 0.1636
vn 0.3121 0.8973 0.3121
vn 0.4449 0.7773 0.4449
vn 0.5554 0.6190 0.5554
vn 0.6383 0.4303 0.6383
vn 0.6897 0.2205 0.6897
vn 0.7071 -0.0000 0.7071
vn 0.6897 -0.2205 0.6897
vn 0.6383 -0.4303 0.6383
vn 0.5554 -0.6190 0.5554
vn 0.4449 -0.7773 0.4449
vn 0.3121 -0.8973 0.3121
vn 0.1636 -0.9729 0.1636
vn 0.1157 0.9729 0.2004
vn 0.2207 0.8973 0.3823
vn 0.3146 0.7773 0.5448
vn 0.3927 0.6190 0.6802
vn 0.4513 0.4303 0.7818
vn 0.4877 0.2205 0.8447
vn 0.5000 -0.0000 0.8660
vn 0.4877 -0.2205 0.8447
vn 0.4513 -0.4303 0.7818
vn 0.3927 -0.6190 0.6802
vn 0.3146 -0.7773 0.5448
vn 0.2207 -0.8973 0.3823
vn 0.1157 -0.9729 0.2004
vn 0.0599 0.9729 0.2235
vn 0.1142 0.8973 0.4264
vn 0.1628 0.7773 0.6077
vn 0.2033 0.6190 0.7586
vn 0.2336 0.4303 0.8719
vn 0.2524 0.2205 0.9421
vn 0.2588 -0.0000 0.9659
vn 0.2524 -0.2205 0.9421
vn 0.2336 -0.4303 0.8719
vn 0.2033 -0.6190 0.7586
vn 0.1628 -0.7773 0.6077
vn 0.1142 -0.8973 0.4264
vn 0.0599 -0.9729 0.2235
vn -0.0000 0.9729 0.2313
vn -0.0000 0.8973 0.4414
vn -0.0000 0.7773 0.6291
vn -0.0000 0.6190 0.7854
vn -0.0000 0.4303 0.9027
vn -0.0000 0.2205 0.9754
vn -0.0000 -0.0000 1.0000
vn -0.0000 -0.2205 0.9754
vn -0.0000 -0.4303 0.9027
vn -0.0000 -0.6190 0.7854
vn -0.0000 -0.7773 0.6291
vn -0.0000 -0.8973 0.4414
vn -0.0000 -0.9729 0.2313
vn -0.0599 0.9729 0.2235
vn -0.1142 0.8973 0.4264
vn -0.1628 0.7773 0.6077
vn -0.2033 0.6190 0.7586
vn -0.2336 0.4303 0.8719
vn -0.2524 0.2205 0.9421
vn -0.2588 -0.0000 0.9659
vn -0.2524 -0.2205 0.9421
vn -0.2336 -0.4303 0.8719
vn -0.2033 -0.6190 0.7586
vn -0.1628 -0.7773 0.6077
vn -0.1142 -0.8973 0.4264
vn -0.0599 -0.9729 0.2235
vn -0.1157 0.9729 0.2004
vn -0.2207 0.8973 0.3823
vn -0.3146 0.7773 0.5448
vn -0.3927 0.6190 0.6802
vn -0.4513 0.4303 0.7818
vn -0.4877 0.2205 0.8447
vn -0.5000 -0.0000 0.8660
vn -0.4877 -0.2205 0.8447
vn -0.4513 -0.4303 0.7818
vn -0.3927 -0.6190 0.6802
vn -0.3146 -0.7773 0.5448
vn -0.2207 -0.8973 0.3823
vn -0.1157 -0.9729 0.2004
vn -0.1636 0.9729 0.1636
vn -0.3121 0.8973 0.3121
vn -0.4449 0.7773 0.4449
vn -0.5554 0.6190 0.5554
vn -0.6383 0.4303 0.6383
vn -0.6897 0.2205 0.6897
vn -0.7071 -0.0000 0.7071
vn -0.6897 -0.2205 0.6897
vn -0.6383 -0.4303 0.6383
vn -0.5554 -0.6190 0.5554
vn -0.4449 -0.7773 0.4449
vn -0.3121 -0.8973 0.3121
vn -0.1636 -0.9729 0.1636
vn -0.2004 0.9729 0.1157
vn -0.3823 0.8973 0.2207
vn -0.5448 0.7773 0.3146
vn -0.6802 0.6190 0.3927
vn -0.7818 0.4303 0.4513
vn -0.8447 0.2205 0.4877
vn -0.8660 -0.0000 0.5000
vn -0.8447 -0.2205 0.4877
vn -0.7818 -0.4303 0.4513
vn -0.6802 -0.6190 0.3927
vn -0.5448 -0.7773 0.3146
vn -0.3823 -0.8973 0.2207
vn -0.2004 -0.9729 0.1157
vn -0.2235 0.9729 0.0599
vn -0.4264 0.8973 0.1142
vn -0.6077 0.7773 0.1628
vn -0.7586 0.6190 0.2033
vn -0.8719 0.4303 0.2336
vn -0.9421 0.2205 0.2524
vn -0.9659 -0.0000 0.2588
vn -0.9421 -0.2205 0.2524
vn -0.8719 -0.4303 0.2336
vn -0.7586 -0.6190 0.2033
vn -0.6077 -0.7773 0.1628
vn -0.4264 -0.8973 0.1142
vn -0.2235 -0.9729 0.0599
vn -0.2313 0.9729 -0.0000
vn -0.4414 0.8973 -0.0000
vn -0.6291 0.7773 -0.0000
vn -0.7854 0.6190 -0.0000
vn -0.9027 0.4303 -0.0000
vn -0.9754 0.2205 -0.0000
vn -1.0000 -0.0000 -0.0000
vn -0.9754 -0.2205 -0.0000
vn -0.9027 -0.4303 -0.0000
vn -0.7854 -0.6190 -0.0000
vn -0.6291 -0.7773 -0.0000
vn -0.4414 -0.8973 -0.0000
vn -0.2313 -0.9729 -0.0000
vn -0.2235 0.9729 -0.0599
vn -0.4264 0.8973 -0.1142
vn -0.6077 0.7773 -0.1628
vn -0.7586 0.6190 -0.2033
vn -0.8719 0.4303 -0.2336
vn -0.9421 0.2205 -0.2524
vn -0.9659 -0.0000 -0.2588
vn -0.9421 -0.2205 -0.2524
vn -0.8719 -0.4303 -0.2336
vn -0.7586 -0.6190 -0.2033
vn -0.6077 -0.7773 -0.1628
vn -0.4264 -0.8973 -0.1142
vn -0.2235 -0.9729 -0.0599
vn -0.2004 0.9729 -0.1157
vn -0.3823 0.8973 -0.2207
vn -0.5448 0.7773 -0.3146
vn -0.6802 0.6190 -0.3927
vn -0.7818 0.4303 -0.4513
vn -0.8447 0.2205 -0.4877
vn -0.8660 -0.0000 -0.5000
vn -0.8447 -0.2205 -0.4877
vn -0.7818 -0.4303 -0.4513
vn -0.6802 -0.6190 -0.3927
vn -0.5448 -0.7773 -0.3146
vn -0.3823 -0.8973 -0.2207
vn -0.2004 -0.9729 -0.1157
vn -0.1636 0.9729 -0.1636
vn -0.3121 0.8973 -0.3121
vn -0.4449 0.7773 -0.4449
vn -0.5554 0.6190 -0.5554
vn -0.6383 0.4303 -0.6383
vn -0.6897 0.2205 -0.6897
vn -0.7071 -0.0000 -0.7071
vn -0.6897 -0.2205 -0.6897
vn -0.6383 -0.4303 -0.6383
vn -0.5554 -0.6190 -0.5554
vn -0.4449 -0.7773 -0.4449
vn -0.3121 -0.8973 -0.3121
vn -0.1636 -0.9729 -0.1636
vn -0.1157 0.9729 -0.2004
vn -0.2207 0.8973 -0.3823
vn -0.3146 0.7773 -0.5448
vn -0.3927 0.6190 -0.6802
vn -0.4513 0.4303 -0.7818
vn -0.4877 0.2205 -0.8447
vn -0.5000 -0.0000 -0.8660
vn -0.4877 -0.2205 -0.8447
vn -0.4513 -0.4303 -0.7818
vn -0.3927 -0.6190 -0.6802
vn -0.3146 -0.7773 -0.5448
vn -0.2207 -0.8973 -0.3823
vn -0.1157 -0.9729 -0.2004
vn -0.0599 0.9729 -0.2235
vn -0.1142 0.8973 -0.4264
vn -0.1628 0.7773 -0.6077
vn -0.2033 0.6190 -0.7586
vn -0.2336 0.4303 -0.8719
vn -0.2524 0.2205 -0.9421
vn -0.2588 -0.0000 -0.9659
vn -0.2524 -0.2205 -0.9421
vn -0.2336 -0.4303 -0.8719
vn -0.2033 -0.6190 -0.7586
vn -0.1628 -0.7773 -0.6077
vn -0.1142 -0.8973 -0.4264
vn -0.0599 -0.9729 -0.2235
vn -0.0000 0.8973 -0.4414
vn -0.0000 0.6190 -0.7854
vn -0.0000 0.2205 -0.9754
vn -0.0000 -0.0000 -1.0000
vn -0.0000 -0.2205 -0.9754
vn -0.0000 -0.6190 -0.7854
vn -0.0000 -0.8973 -0.4414
vn -0.0000 -0.9729 -0.2313
vn -0.0000 0.2433 -0.9700
vn -0.0000 -0.2433 -0.9700
vn 0.0737 0.9600 -0.2703
vn 0.1394 0.8515 -0.5055
vn 0.1943 0.6864 -0.7007
vn 0.2353 0.4797 -0.8453
vn 0.2605 0.2463 -0.9336
vn 0.2689 -0.0000 -0.9632
vn 0.2605 -0.2463 -0.9336
vn 0.2353 -0.4797 -0.8453
vn 0.1943 -0.6864 -0.7007
vn 0.1394 -0.8515 -0.5055
vn 0.0737 -0.9600 -0.2703
vn 0.1417 0.9623 -0.2323
vn 0.2684 0.8593 -0.4355
vn 0.3769 0.6989 -0.6079
vn 0.4600 0.4926 -0.7387
vn 0.5121 0.2545 -0.8204
vn 0.5298 -0.0000 -0.8481
vn 0.5121 -0.2545 -0.8204
vn 0.4600 -0.4926 -0.7387
vn 0.3769 -0.6989 -0.6079
vn 0.2684 -0.8593 -0.4355
vn 0.1417 -0.9623 -0.2323
vn 0.1976 0.9653 -0.1710
vn 0.3756 0.8692 -0.3217
vn 0.5322 0.7151 -0.4531
vn 0.6562 0.5100 -0.5561
vn 0.7364 0.2657 -0.6222
vn 0.7642 -0.0000 -0.6450
vn 0.7364 -0.2657 -0.6222
vn 0.6562 -0.5100 -0.5561
vn 0.5322 -0.7151 -0.4531
vn 0.3756 -0.8692 -0.3217
vn 0.1976 -0.9653 -0.1710
vn 0.2350 0.9677 -0.0910
vn 0.4478 0.8775 -0.1716
vn 0.6396 0.7291 -0.2435
vn 0.7958 0.5252 -0.3015
vn 0.8992 0.2758 -0.3396
vn 0.9357 -0.0000 -0.3529
vn 0.8992 -0.2758 -0.3396
vn 0.7958 -0.5252 -0.3015
vn 0.6396 -0.7291 -0.2435
vn 0.4478 -0.8775 -0.1716
vn 0.2350 -0.9677 -0.0910
vn 0.2483 0.9687 -0.0000
vn 0.4735 0.8808 -0.0000
vn 0.6785 0.7346 -0.0000
vn 0.8471 0.5314 -0.0000
vn 0.9600 0.2799 -0.0000
vn 0.9600 -0.2799 -0.0000
vn 0.8471 -0.5314 -0.0000
vn 0.6785 -0.7346 -0.0000
vn 0.4735 -0.8808 -0.0000
vn 0.2483 -0.9687 -0.0000
vn 0.2350 0.9677 0.0910
vn 0.4478 0.8775 0.1716
vn 0.6396 0.7291 0.2435
vn 0.7958 0.5252 0.3015
vn 0.8992 0.2758 0.3396
vn 0.9357 -0.0000 0.3529
vn 0.8992 -0.2758 0.3396
vn 0.7958 -0.5252 0.3015
vn 0.6396 -0.7291 0.2435
vn 0.4478 -0.8775 0.1716
vn 0.2350 -0.9677 0.0910
vn 0.1976 0.9653 0.1710
vn 0.3756 0.8692 0.3217
vn 0.5322 0.7151 0.4531
vn 0.6562 0.5100 0.5561
vn 0.7364 0.2657 0.6222
vn 0.7642 -0.0000 0.6450
vn 0.7364 -0.2657 0.6222
vn 0.6562 -0.5100 0.5561
vn 0.5322 -0.7151 0.4531
vn 0.3756 -0.8692 0.3217
vn 0.1976 -0.9653 0.1710
vn 0.1417 0.9623 0.2323
vn 0.2684 0.8593 0.4355
vn 0.3769 0.6989 0.6079
vn 0.4600 0.4926 0.7387
vn 0.5121 0.2545 0.8204
vn 0.5298 -0.0000 0.8481
vn 0.5121 -0.2545 0.8204
vn 0.4600 -0.4926 0.7387
vn 0.3769 -0.6989 0.6079
vn 0.2684 -0.8593 0.4355
vn 0.1417 -0.9623 0.2323
vn 0.0737 0.9600 0.2703
vn 0.1394 0.8515 0.5055
vn 0.1943 0.6864 0.7007
vn 0.2353 0.4797 0.8453
vn 0.2605 0.2463 0.9336
vn 0.2689 -0.0000 0.9632
vn 0.2605 -0.2463 0.9336
vn 0.2353 -0.4797 0.8453
vn 0.1943 -0.6864 0.7007
vn 0.1394 -0.8515 0.5055
vn 0.0737 -0.9600 0.2703
vn -0.0000 0.9591 0.2832
vn -0.0000 0.8486 0.5290
vn -0.0000 0.6818 0.7315
vn -0.0000 0.4750 0.8800
vn -0.0000 0.2433 0.9700
vn -0.0000 -0.2433 0.9700
vn -0.0000 -0.4750 0.8800
vn -0.0000 -0.6818 0.7315
vn -0.0000 -0.8486 0.5290
vn -0.0000 -0.9591 0.2832
vn -0.0737 0.9600 0.2703
vn -0.1394 0.8515 0.5055
vn -0.1943 0.6864 0.7007
vn -0.2353 0.4797 0.8453
vn -0.2605 0.2463 0.9336
vn -0.2689 -0.0000 0.9632
vn -0.2605 -0.2463 0.9336
vn -0.2353 -0.4797 0.8453
vn -0.1943 -0.6864 0.7007
vn -0.1394 -0.8515 0.5055
vn -0.0737 -0.9600 0.2703
vn -0.1417 0.9623 0.2323
vn -0.2684 0.8593 0.4355
vn -0.3769 0.6989 0.6079
vn -0.4600 0.4926 0.7387
vn -0.5121 0.2545 0.8204
vn -0.5298 -0.0000 0.8481
vn -0.5121 -0.2545 0.8204
vn -0.4600 -0.4926 0.7387
vn -0.3769 -0.6989 0.6079
vn -0.2684 -0.8593 0.4355
vn -0.1417 -0.9623 0.2323
vn -0.1976 0.9653 0.1710
vn -0.3756 0.8692 0.3217
vn -0.5322 0.7151 0.4531
vn -0.6562 0.5100 0.5561
vn -0.7364 0.2657 0.6222
vn -0.7642 -0.0000 0.6450
vn -0.7364 -0.2657 0.6222
vn -0.6562 -0.5100 0.5561
vn -0.5322 -0.7151 0.4531
vn -0.3756 -0.8692 0.3217
vn -0.1976 -0.9653 0.1710
vn -0.2350 0.9677 0.0910
vn -0.4478 0.8775 0.1716
vn -0.6396 0.7291 0.2435
vn -0.7958 0.5252 0.3015
vn -0.8992 0.2758 0.3396
vn -0.9357 -0.0000 0.3529
vn -0.8992 -0.2758 0.3396
vn -0.7958 -0.5252 0.3015
vn -0.6396 -0.7291 0.2435
vn -0.4478 -0.8775 0.1716
vn -0.2350 -0.9677 0.0910
vn -0.2483 0.9687 -0.0000
vn -0.4735 0.8808 -0.0000
vn -0.6785 0.7346 -0.0000
vn -0.8471 0.5314 -0.0000
vn -0.9600 0.2799 -0.0000
vn -0.9600 -0.2799 -0.0000
vn -0.8471 -0.5314 -0.0000
vn -0.6785 -0.7346 -0.0000
vn -0.4735 -0.8808 -0.0000
vn -0.2483 -0.9687 -0.0000
vn -0.2350 0.9677 -0.0910
vn -0.4478 0.8775 -0.1716
vn -0.6396 0.7291 -0.2435
vn -0.7958 0.5252 -0.3015
vn -0.8992 0.2758 -0.3396
vn -0.9357 -0.0000 -0.3529
vn -0.8992 -0.2758 -0.3396
vn -0.7958 -0.5252 -0.3015
vn -0.6396 -0.7291 -0.2435
vn -0.4478 -0.8775 -0.1716
vn -0.2350 -0.9677 -0.0910
vn -0.1976 0.9653 -0.1710
vn -0.3756 0.8692 -0.3217
vn -0.5322 0.7151 -0.4531
vn -0.6562 0.5100 -0.5561
vn -0.7364 0.2657 -0.6222
vn -0.7642 -0.0000 -0.6450
vn -0.7364 -0.2657 -0.6222
vn -0.6562 -0.5100 -0.5561
vn -0.5322 -0.7151 -0.4531
vn -0.3756 -0.8692 -0.3217
vn -0.1976 -0.9653 -0.1710
vn -0.1417 0.9623 -0.2323
vn -0.2684 0.8593 -0.4355
vn -0.3769 0.6989 -0.6079
vn -0.4600 0.4926 -0.7387
vn -0.5121 0.2545 -0.8204
vn -0.5298 -0.0000 -0.8481
vn -0.5121 -0.2545 -0.8204
vn -0.4600 -0.4926 -0.7387
vn -0.3769 -0.6989 -0.6079
vn -0.2684 -0.8593 -0.4355
vn -0.1417 -0.9623 -0.2323
vn -0.0737 0.9600 -0.2703
vn -0.1394 0.8515 -0.5055
vn -0.1943 0.6864 -0.7007
vn -0.2353 0.4797 -0.8453
vn -0.2605 0.2463 -0.9336
vn -0.2689 -0.0000 -0.9632
vn -0.2605 -0.2463 -0.9336
vn -0.2353 -0.4797 -0.8453
vn -0.1943 -0.6864 -0.7007
vn -0.1394 -0.8515 -0.5055
vn -0.0737 -0.9600 -0.2703
vn -0.0000 0.9591 -0.2832
vn -0.0000 0.8486 -0.5290
vn -0.0000 0.6818 -0.7315
vn -0.0000 0.4750 -0.8800
vn -0.0000 -0.4750 -0.8800
vn -0.0000 -0.6818 -0.7315
vn -0.0000 -0.8486 -0.5290
vn -0.0000 -0.9591 -0.2832
vn -0.4990 -0.8625 0.0844
vn -0.1075 -0.2841 0.9527
vn -0.9337 0.1331 0.3323
vn -0.3266 -0.7120 0.6215
vn -0.6706 -0.4413 0.5963
vn -0.6158 -0.0500 0.7863
vn -0.8760 -0.4346 0.2090
vn 0.0248 0.0461 0.9986
vn 0.2146 0.9186 0.3319
vn -0.8014 0.4633 0.3782
vn 0.1871 0.5704 0.7998
vn -0.2447 0.6218 0.7440
vn -0.3623 0.8479 0.3872
vn -0.4885 0.2677 0.8305
vn -0.5449 -0.7956 -0.2650
vn -0.9796 0.2000 -0.0171
vn -0.3550 0.0769 -0.9317
vn -0.9202 -0.3702 -0.1272
vn -0.8184 -0.2258 -0.5285
vn -0.7940 0.2099 -0.5705
vn -0.5049 -0.4521 -0.7353
vn 0.1687 0.9855 -0.0175
vn -0.2227 0.4072 -0.8858
vn -0.8473 0.5303 0.0288
vn 0.0089 0.8304 -0.5571
vn -0.3925 0.8373 -0.3808
vn -0.6667 0.5277 -0.5264
vn -0.4064 0.9123 0.0510
vn -0.1687 -0.9855 0.0175
vn 0.8473 -0.5303 -0.0288
vn 0.2227 -0.4072 0.8858
vn 0.4064 -0.9123 -0.0510
vn 0.3925 -0.8373 0.3808
vn 0.6667 -0.5277 0.5264
vn -0.0089 -0.8304 0.5571
vn 0.5449 0.7956 0.2650
vn 0.3550 -0.0769 0.9317
vn 0.9796 -0.2000 0.0171
vn 0.5049 0.4521 0.7353
vn 0.8184 0.2258 0.5285
vn 0.7940 -0.2099 0.5705
vn 0.9202 0.3702 0.1272
vn -0.2146 -0.9186 -0.3319
vn -0.0248 -0.0461 -0.9986
vn 0.8014 -0.4633 -0.3782
vn -0.1871 -0.5704 -0.7998
vn 0.2447 -0.6218 -0.7440
vn 0.4885 -0.2677 -0.8305
vn 0.3623 -0.8479 -0.3872
vn 0.4990 0.8625 -0.0844
vn 0.9337 -0.1331 -0.3323
vn 0.1075 0.2841 -0.9527
vn 0.8760 0.4346 -0.2090
vn 0.6706 0.4413 -0.5963
vn 0.6158 0.0500 -0.7863
vn 0.3266 0.7120 -0.6215
vn 0.1687 -0.9855 0.0175
vn -0.2227 -0.4072 0.8858
vn -0.8473 -0.5303 -0.0288
vn 0.0089 -0.8304 0.5571
vn -0.3925 -0.8373 0.3808
vn -0.6667 -0.5277 0.5264
vn -0.4064 -0.9123 -0.0510
vn -0.3550 -0.0769 0.9317
vn -0.5449 0.7956 0.2650
vn -0.9796 -0.2000 0.0171
vn -0.5049 0.4521 0.7353
vn -0.8184 0.2258 0.5285
vn -0.9202 0.3702 0.1272
vn -0.7940 -0.2099 0.5705
vn 0.2146 -0.9186 -0.3319
vn -0.8014 -0.4633 -0.3782
vn 0.0248 -0.0461 -0.9986
vn -0.3623 -0.8479 -0.3872
vn -0.2447 -0.6218 -0.7440
vn -0.4885 -0.2677 -0.8305
vn 0.1871 -0.5704 -0.7998
vn -0.4990 0.8625 -0.0844
vn -0.1075 0.2841 -0.9527
vn -0.9337 -0.1331 -0.3323
vn -0.3266 0.7120 -0.6215
vn -0.6706 0.4413 -0.5963
vn -0.6158 0.0500 -0.7863
vn -0.8760 0.4346 -0.2090
vn 0.4990 -0.8625 0.0844
vn 0.9337 0.1331 0.3323
vn 0.1075 -0.2841 0.9527
vn 0.8760 -0.4346 0.2090
vn 0.6706 -0.4413 0.5963
vn 0.6158 -0.0500 0.7863
vn 0.3266 -0.7120 0.6215
vn -0.2146 0.9186 0.3319
vn -0.0248 0.0461 0.9986
vn 0.8014 0.4633 0.3782
vn -0.1871 0.5704 0.7998
vn 0.2447 0.6218 0.7440
vn 0.4885 0.2677 0.8305
vn 0.3623 0.8479 0.3872
vn 0.5449 -0.7956 -0.2650
vn 0.3550 0.0769 -0.9317
vn 0.9796 0.2000 -0.0171
vn 0.5049 -0.4521 -0.7353
vn 0.8184 -0.2258 -0.5285
vn 0.7940 0.2099 -0.5705
vn 0.9202 -0.3702 -0.1272
vn -0.1687 0.9855 -0.0175
vn 0.8473 0.5303 0.0288
vn 0.2227 0.4072 -0.8858
vn 0.4064 0.9123 0.0510
vn 0.3925 0.8373 -0.3808
vn 0.6667 0.5277 -0.5264
vn -0.0089 0.8304 -0.5571
vn -0.1794 -0.9673 0.1794
vn -0.1794 -0.1794 0.9673
vn -0.9673 -0.1794 0.1794
vn -0.1726 -0.6965 0.6965
vn -0.5773 -0.5774 0.5774
vn -0.6965 -0.1726 0.6965
vn -0.6965 -0.6965 0.1726
vn -0.1794 0.1794 0.9673
vn -0.1794 0.9673 0.1794
vn -0.9673 0.1794 0.1794
vn -0.1726 0.6965 0.6965
vn -0.5774 0.5773 0.5774
vn -0.6965 0.6965 0.1726
vn -0.6965 0.1726 0.6965
vn -0.1794 -0.9673 -0.1794
vn -0.9673 -0.1794 -0.1794
vn -0.1794 -0.1794 -0.9673
vn -0.6965 -0.6965 -0.1726
vn -0.5774 -0.5774 -0.5774
vn -0.6965 -0.1726 -0.6965
vn -0.1726 -0.6965 -0.6965
vn -0.1794 0.9673 -0.1794
vn -0.1794 0.1794 -0.9673
vn -0.9673 0.1794 -0.1794
vn -0.1726 0.6965 -0.6965
vn -0.5773 0.5774 -0.5774
vn -0.6965 0.1726 -0.6965
vn -0.6965 0.6965 -0.1726
vn 0.1794 -0.9673 0.1794
vn 0.9673 -0.1794 0.1794
vn 0.1794 -0.1794 0.9673
vn 0.6965 -0.6965 0.1726
vn 0.5773 -0.5774 0.5774
vn 0.6965 -0.1726 0.6965
vn 0.1726 -0.6965 0.6965
vn 0.1794 0.9673 0.1794
vn 0.1794 0.1794 0.9673
vn 0.9673 0.1794 0.1794
vn 0.1726 0.6965 0.6965
vn 0.5773 0.5774 0.5774
vn 0.6965 0.1726 0.6965
vn 0.6965 0.6965 0.1726
vn 0.1794 -0.9673 -0.1794
vn 0.1794 -0.1794 -0.9673
vn 0.9673 -0.1794 -0.1794
vn 0.1726 -0.6965 -0.6965
vn 0.5773 -0.5774 -0.5774
vn 0.6965 -0.1726 -0.6965
vn 0.6965 -0.6965 -0.1726
vn 0.1794 0.9673 -0.1794
vn 0.9673 0.1794 -0.1794
vn 0.1794 0.1794 -0.9673
vn 0.6965 0.6965 -0.1726
vn 0.5774 0.5773 -0.5774
vn 0.6965 0.1726 -0.6965
vn 0.1726 0.6965 -0.6965
vn -0.5773 -0.5774 -0.5774
vn -0.0000 0.9122 -0.4097
vn -0.0000 0.3718 -0.9283
vn -0.0000 -0.3718 -0.9283
vn -0.0000 -0.9122 -0.4097
vn 0.2049 0.9122 -0.3548
vn 0.3613 0.6913 -0.6258
vn 0.4642 0.3718 -0.8040
vn 0.4642 -0.3718 -0.8040
vn 0.3613 -0.6913 -0.6258
vn 0.2049 -0.9122 -0.3548
vn 0.3548 0.9122 -0.2049
vn 0.6258 0.6913 -0.3613
vn 0.8040 0.3718 -0.4642
vn 0.8040 -0.3718 -0.4642
vn 0.6258 -0.6913 -0.3613
vn 0.3548 -0.9122 -0.2049
vn 0.4097 0.9122 -0.0000
vn 0.7226 0.6913 -0.0000
vn 0.9283 0.3718 -0.0000
vn 0.9283 -0.3718 -0.0000
vn 0.7226 -0.6913 -0.0000
vn 0.4097 -0.9122 -0.0000
vn 0.3548 0.9122 0.2049
vn 0.6258 0.6913 0.3613
vn 0.8040 0.3718 0.4642
vn 0.8040 -0.3718 0.4642
vn 0.6258 -0.6913 0.3613
vn 0.3548 -0.9122 0.2049
vn 0.2049 0.9122 0.3548
vn 0.3613 0.6913 0.6258
vn 0.4642 0.3718 0.8040
vn 0.4642 -0.3718 0.8040
vn 0.3613 -0.6913 0.6258
vn 0.2049 -0.9122 0.3548
vn -0.0000 0.9122 0.4097
vn -0.0000 0.6913 0.7226
vn -0.0000 0.3718 0.9283
vn -0.0000 -0.3718 0.9283
vn -0.0000 -0.6913 0.7226
vn -0.0000 -0.9122 0.4097
vn -0.2049 0.9122 0.3548
vn -0.3613 0.6913 0.6258
vn -0.4642 0.3718 0.8040
vn -0.4642 -0.3718 0.8040
vn -0.3613 -0.6913 0.6258
vn -0.2048 -0.9122 0.3548
vn -0.3548 0.9122 0.2049
vn -0.6258 0.6913 0.3613
vn -0.8040 0.3718 0.4642
vn -0.8040 -0.3718 0.4642
vn -0.6258 -0.6913 0.3613
vn -0.3548 -0.9122 0.2049
vn -0.4097 0.9122 -0.0000
vn -0.7226 0.6913 -0.0000
vn -0.9283 0.3718 -0.0000
vn -0.9283 -0.3718 -0.0000
vn -0.7226 -0.6913 -0.0000
vn -0.4097 -0.9122 -0.0000
vn -0.3548 0.9122 -0.2049
vn -0.6258 0.6913 -0.3613
vn -0.8040 0.3718 -0.4642
vn -0.8040 -0.3718 -0.4642
vn -0.6258 -0.6913 -0.3613
vn -0.3548 -0.9122 -0.2049
vn -0.2049 0.9122 -0.3548
vn -0.3613 0.6913 -0.6258
vn -0.4642 0.3718 -0.8040
vn -0.4642 -0.3718 -0.8040
vn -0.3613 -0.6913 -0.6258
vn -0.2048 -0.9122 -0.3548
vn -0.0000 0.6913 -0.7226
vn -0.0000 -0.6913 -0.7226
vn -0.0000 0.3697 -0.9291
vn -0.0000 -0.3697 -0.9291
vn 0.2439 0.9099 -0.3357
vn 0.4264 0.6883 -0.5869
vn 0.5461 0.3697 -0.7517
vn 0.5878 -0.0000 -0.8090
vn 0.5461 -0.3697 -0.7517
vn 0.4264 -0.6883 -0.5869
vn 0.2439 -0.9099 -0.3357
vn 0.3946 0.9099 -0.1282
vn 0.6899 0.6883 -0.2242
vn 0.8837 0.3697 -0.2871
vn 0.9511 -0.0000 -0.3090
vn 0.8837 -0.3697 -0.2871
vn 0.6899 -0.6883 -0.2242
vn 0.3946 -0.9099 -0.1282
vn 0.3946 0.9099 0.1282
vn 0.6899 0.6883 0.2242
vn 0.8837 0.3697 0.2871
vn 0.9511 -0.0000 0.3090
vn 0.8837 -0.3697 0.2871
vn 0.6899 -0.6883 0.2242
vn 0.3946 -0.9099 0.1282
vn 0.2439 0.9099 0.3357
vn 0.4264 0.6883 0.5869
vn 0.5461 0.3697 0.7517
vn 0.5878 -0.0000 0.8090
vn 0.5461 -0.3697 0.7517
vn 0.4264 -0.6883 0.5869
vn 0.2439 -0.9099 0.3357
vn -0.0000 0.9099 0.4149
vn -0.0000 0.6883 0.7254
vn -0.0000 0.3697 0.9291
vn -0.0000 -0.3697 0.9291
vn -0.0000 -0.6883 0.7254
vn -0.0000 -0.9099 0.4149
vn -0.2439 0.9099 0.3357
vn -0.4264 0.6883 0.5869
vn -0.5461 0.3697 0.7517
vn -0.5878 -0.0000 0.8090
vn -0.5461 -0.3697 0.7517
vn -0.4264 -0.6883 0.5869
vn -0.2439 -0.9099 0.3357
vn -0.3946 0.9099 0.1282
vn -0.6899 0.6883 0.2242
vn -0.8837 0.3697 0.2871
vn -0.9511 -0.0000 0.3090
vn -0.8837 -0.3697 0.2871
vn -0.6899 -0.6883 0.2242
vn -0.3946 -0.9099 0.1282
vn -0.3946 0.9099 -0.1282
vn -0.6899 0.6883 -0.2242
vn -0.8837 0.3697 -0.2871
vn -0.9511 -0.0000 -0.3090
vn -0.8837 -0.3697 -0.2871
vn -0.6899 -0.6883 -0.2242
vn -0.3946 -0.9099 -0.1282
vn -0.2439 0.9099 -0.3357
vn -0.4264 0.6883 -0.5869
vn -0.5461 0.3697 -0.7517
vn -0.5878 -0.0000 -0.8090
vn -0.5461 -0.3697 -0.7517
vn -0.4264 -0.6883 -0.5869
vn -0.2439 -0.9099 -0.3357
vn -0.0000 0.9099 -0.4149
vn -0.0000 0.6883 -0.7254
vn -0.0000 -0.6883 -0.7254
vn -0.0000 -0.9099 -0.4149
vn -0.1044 -0.9890 0.1044
vn -0.1745 -0.2913 0.9406
vn -0.9406 -0.2913 0.1745
vn -0.1298 -0.8214 0.5555
vn -0.4702 -0.7469 0.4702
vn -0.6790 -0.2793 0.6790
vn -0.5555 -0.8214 0.1298
vn -0.1745 0.2913 0.9406
vn -0.1044 0.9890 0.1044
vn -0.9406 0.2912 0.1745
vn -0.1298 0.8214 0.5555
vn -0.4702 0.7469 0.4702
vn -0.5555 0.8214 0.1298
vn -0.6790 0.2793 0.6790
vn -0.1044 -0.9890 -0.1044
vn -0.9406 -0.2913 -0.1745
vn -0.1745 -0.2913 -0.9406
vn -0.5555 -0.8214 -0.1298
vn -0.4702 -0.7469 -0.4702
vn -0.6790 -0.2793 -0.6790
vn -0.1298 -0.8214 -0.5555
vn -0.1044 0.9890 -0.1044
vn -0.1745 0.2913 -0.9406
vn -0.9406 0.2912 -0.1745
vn -0.1298 0.8214 -0.5555
vn -0.4702 0.7469 -0.4702
vn -0.6790 0.2793 -0.6790
vn -0.5555 0.8214 -0.1298
vn 0.1044 -0.9890 0.1044
vn 0.9406 -0.2913 0.1745
vn 0.1745 -0.2913 0.9406
vn 0.5555 -0.8214 0.1298
vn 0.4702 -0.7469 0.4702
vn 0.6790 -0.2793 0.6790
vn 0.1298 -0.8214 0.5555
vn 0.1044 0.9890 0.1044
vn 0.1745 0.2913 0.9406
vn 0.9406 0.2912 0.1745
vn 0.1298 0.8214 0.5555
vn 0.4702 0.7469 0.4702
vn 0.6790 0.2793 0.6790
vn 0.5555 0.8214 0.1298
vn 0.1044 -0.9890 -0.1044
vn 0.1745 -0.2913 -0.9406
vn 0.9406 -0.2913 -0.1745
vn 0.1298 -0.8214 -0.5555
vn 0.4702 -0.7469 -0.4702
vn 0.6790 -0.2793 -0.6790
vn 0.5555 -0.8214 -0.1298
vn 0.1044 0.9890 -0.1044
vn 0.9406 0.2912 -0.1745
vn 0.1745 0.2913 -0.9406
vn 0.5555 0.8214 -0.1298
vn 0.4702 0.7469 -0.4702
vn 0.6790 0.2793 -0.6790
vn 0.1298 0.8214 -0.5555
vt 0.750000 0.785714
vt 0.750000 0.857143
vt 0.708333 0.857143
vt 0.708333 0.785714
vt 0.750000 0.214286
vt 0.750000 0.285714
vt 0.708333 0.285714
vt 0.708333 0.214286
vt 0.750000 0.714286
vt 0.708333 0.714286
vt 0.750000 0.142857
vt 0.708333 0.142857
vt 0.750000 0.642857
vt 0.708333 0.642857
vt 0.750000 0.071429
vt 0.708333 0.071429
vt 0.750000 0.571429
vt 0.708333 0.571429
vt 0.729167 0.000000
vt 0.750000 0.500000
vt 0.708333 0.500000
vt 0.750000 0.428571
vt 0.708333 0.428571
vt 0.750000 0.928571
vt 0.729167 1.000000
vt 0.708333 0.928571
vt 0.750000 0.357143
vt 0.708333 0.357143
vt 0.666667 0.785714
vt 0.666667 0.714286
vt 0.666667 0.214286
vt 0.666667 0.142857
vt 0.666667 0.642857
vt 0.666667 0.071429
vt 0.666667 0.571429
vt 0.687500 0.000000
vt 0.666667 0.500000
vt 0.666667 0.428571
vt 0.687500 1.000000
vt 0.666667 0.928571
vt 0.666667 0.357143
vt 0.666667 0.857143
vt 0.666667 0.285714
vt 0.625000 0.214286
vt 0.625000 0.142857
vt 0.625000 0.714286
vt 0.625000 0.642857
vt 0.625000 0.071429
vt 0.625000 0.571429
vt 0.645833 0.000000
vt 0.625000 0.500000
vt 0.625000 0.428571
vt 0.645833 1.000000
vt 0.625000 0.928571
vt 0.625000 0.357143
vt 0.625000 0.857143
vt 0.625000 0.285714
vt 0.625000 0.785714
vt 0.583333 0.714286
vt 0.583333 0.642857
vt 0.583333 0.142857
vt 0.583333 0.071429
vt 0.583333 0.571429
vt 0.604167 0.000000
vt 0.583333 0.500000
vt 0.583333 0.428571
vt 0.604167 1.000000
vt 0.583333 0.928571
vt 0.583333 0.357143
vt 0.583333 0.857143
vt 0.583333 0.285714
vt 0.583333 0.785714
vt 0.583333 0.214286
vt 0.541667 0.142857
vt 0.541667 0.071429
vt 0.541667 0.642857
vt 0.541667 0.571429
vt 0.562500 0.000000
vt 0.541667 0.500000
vt 0.541667 0.428571
vt 0.562500 1.000000
vt 0.541667 0.928571
vt 0.541667 0.357143
vt 0.541667 0.857143
vt 0.541667 0.285714
vt 0.541667 0.785714
vt 0.541667 0.214286
vt 0.541667 0.714286
vt 0.520833 0.000000
vt 0.500000 0.071429
vt 0.500000 0.571429
vt 0.500000 0.500000
vt 0.500000 0.428571
vt 0.520833 1.000000
vt 0.500000 0.928571
vt 0.500000 0.357143
vt 0.500000 0.857143
vt 0.500000 0.285714
vt 0.500000 0.785714
vt 0.500000 0.214286
vt 0.500000 0.714286
vt 0.500000 0.142857
vt 0.500000 0.642857
vt 0.458333 0.571429
vt 0.458333 0.500000
vt 0.458333 0.428571
vt 0.479167 1.000000
vt 0.458333 0.928571
vt 0.458333 0.357143
vt 0.458333 0.857143
vt 0.458333 0.285714
vt 0.458333 0.785714
vt 0.458333 0.214286
vt 0.458333 0.714286
vt 0.458333 0.142857
vt 0.458333 0.642857
vt 0.458333 0.071429
vt 0.479167 0.000000
vt 0.416667 0.500000
vt 0.416667 0.428571
vt 0.437500 1.000000
vt 0.416667 0.928571
vt 0.416667 0.357143
vt 0.416667 0.857143
vt 0.416667 0.285714
vt 0.416667 0.785714
vt 0.416667 0.214286
vt 0.416667 0.714286
vt 0.416667 0.142857
vt 0.416667 0.642857
vt 0.416667 0.071429
vt 0.416667 0.571429
vt 0.437500 0.000000
vt 0.375000 0.500000
vt 0.375000 0.428571
vt 0.395833 1.000000
vt 0.375000 0.928571
vt 0.375000 0.357143
vt 0.375000 0.857143
vt 0.375000 0.285714
vt 0.375000 0.785714
vt 0.375000 0.214286
vt 0.375000 0.714286
vt 0.375000 0.142857
vt 0.375000 0.642857
vt 0.375000 0.071429
vt 0.375000 0.571429
vt 0.395833 0.000000
vt 0.333333 0.428571
vt 0.333333 0.357143
vt 0.333333 0.928571
vt 0.333333 0.857143
vt 0.333333 0.285714
vt 0.333333 0.785714
vt 0.333333 0.214286
vt 0.333333 0.714286
vt 0.333333 0.142857
vt 0.333333 0.642857
vt 0.333333 0.071429
vt 0.333333 0.571429
vt 0.354167 0.000000
vt 0.333333 0.500000
vt 0.354167 1.000000
vt 0.291667 0.928571
vt 0.291667 0.857143
vt 0.291667 0.357143
vt 0.291667 0.285714
vt 0.291667 0.785714
vt 0.291667 0.214286
vt 0.291667 0.714286
vt 0.291667 0.142857
vt 0.291667 0.642857
vt 0.291667 0.071429
vt 0.291667 0.571429
vt 0.312500 0.000000
vt 0.291667 0.500000
vt 0.291667 0.428571
vt 0.312500 1.000000
vt 0.250000 0.357143
vt 0.250000 0.285714
vt 0.250000 0.857143
vt 0.250000 0.785714
vt 0.250000 0.214286
vt 0.250000 0.714286
vt 0.250000 0.142857
vt 0.250000 0.642857
vt 0.250000 0.071429
vt 0.250000 0.571429
vt 0.270833 0.000000
vt 0.250000 0.500000
vt 0.250000 0.428571
vt 0.270833 1.000000
vt 0.250000 0.928571
vt 0.208333 0.857143
vt 0.208333 0.785714
vt 0.208333 0.285714
vt 0.208333 0.214286
vt 0.208333 0.714286
vt 0.208333 0.142857
vt 0.208333 0.642857
vt 0.208333 0.071429
vt 0.208333 0.571429
vt 0.229167 0.000000
vt 0.208333 0.500000
vt 0.208333 0.428571
vt 0.229167 1.000000
vt 0.208333 0.928571
vt 0.208333 0.357143
vt 0.166667 0.285714
vt 0.166667 0.214286
vt 0.166667 0.785714
vt 0.166667 0.714286
vt 0.166667 0.142857
vt 0.166667 0.642857
vt 0.166667 0.071429
vt 0.166667 0.571429
vt 0.187500 0.000000
vt 0.166667 0.500000
vt 0.166667 0.428571
vt 0.187500 1.000000
vt 0.166667 0.928571
vt 0.166667 0.357143
vt 0.166667 0.857143
vt 0.125000 0.214286
vt 0.125000 0.142857
vt 0.125000 0.714286
vt 0.125000 0.642857
vt 0.125000 0.071429
vt 0.125000 0.571429
vt 0.145833 0.000000
vt 0.125000 0.500000
vt 0.125000 0.428571
vt 0.145833 1.000000
vt 0.125000 0.928571
vt 0.125000 0.357143
vt 0.125000 0.857143
vt 0.125000 0.285714
vt 0.125000 0.785714
vt 0.083333 0.714286
vt 0.083333 0.642857
vt 0.083333 0.142857
vt 0.083333 0.071429
vt 0.083333 0.571429
vt 0.104167 0.000000
vt 0.083333 0.500000
vt 0.083333 0.428571
vt 0.104167 1.000000
vt 0.083333 0.928571
vt 0.083333 0.357143
vt 0.083333 0.857143
vt 0.083333 0.285714
vt 0.083333 0.785714
vt 0.083333 0.214286
vt 0.041667 0.142857
vt 0.041667 0.071429
vt 0.041667 0.642857
vt 0.041667 0.571429
vt 0.062500 0.000000
vt 0.041667 0.500000
vt 0.041667 0.428571
vt 0.062500 1.000000
vt 0.041667 0.928571
vt 0.041667 0.357143
vt 0.041667 0.857143
vt 0.041667 0.285714
vt 0.041667 0.785714
vt 0.041667 0.214286
vt 0.041667 0.714286
vt 0.000000 0.642857
vt 0.000000 0.571429
vt 0.020833 0.000000
vt 0.000000 0.071429
vt 0.000000 0.500000
vt 0.000000 0.428571
vt 0.020833 1.000000
vt 0.000000 0.928571
vt 0.000000 0.357143
vt 0.000000 0.857143
vt 0.000000 0.285714
vt 0.000000 0.785714
vt 0.000000 0.214286
vt 0.000000 0.714286
vt 0.000000 0.142857
vt 0.979167 0.000000
vt 1.000000 0.071429
vt 0.958333 0.071429
vt 1.000000 0.500000
vt 1.000000 0.571429
vt 0.958333 0.571429
vt 0.958333 0.500000
vt 1.000000 0.428571
vt 0.958333 0.428571
vt 1.000000 0.928571
vt 0.979167 1.000000
vt 0.958333 0.928571
vt 1.000000 0.357143
vt 0.958333 0.357143
vt 1.000000 0.857143
vt 0.958333 0.857143
vt 1.000000 0.285714
vt 0.958333 0.285714
vt 1.000000 0.785714
vt 0.958333 0.785714
vt 1.000000 0.214286
vt 0.958333 0.214286
vt 1.000000 0.714286
vt 0.958333 0.714286
vt 1.000000 0.142857
vt 0.958333 0.142857
vt 1.000000 0.642857
vt 0.958333 0.642857
vt 0.916667 0.500000
vt 0.916667 0.428571
vt 0.937500 1.000000
vt 0.916667 0.928571
vt 0.916667 0.357143
vt 0.916667 0.857143
vt 0.916667 0.285714
vt 0.916667 0.785714
vt 0.916667 0.214286
vt 0.916667 0.714286
vt 0.916667 0.142857
vt 0.916667 0.642857
vt 0.916667 0.071429
vt 0.916667 0.571429
vt 0.937500 0.000000
vt 0.875000 0.500000
vt 0.875000 0.428571
vt 0.895833 1.000000
vt 0.875000 0.928571
vt 0.875000 0.357143
vt 0.875000 0.857143
vt 0.875000 0.285714
vt 0.875000 0.785714
vt 0.875000 0.214286
vt 0.875000 0.714286
vt 0.875000 0.142857
vt 0.875000 0.642857
vt 0.875000 0.071429
vt 0.875000 0.571429
vt 0.895833 0.000000
vt 0.854167 1.000000
vt 0.833333 0.928571
vt 0.833333 0.428571
vt 0.833333 0.357143
vt 0.833333 0.857143
vt 0.833333 0.285714
vt 0.833333 0.785714
vt 0.833333 0.214286
vt 0.833333 0.714286
vt 0.833333 0.142857
vt 0.833333 0.642857
vt 0.833333 0.071429
vt 0.833333 0.571429
vt 0.854167 0.000000
vt 0.833333 0.500000
vt 0.791667 0.428571
vt 0.791667 0.357143
vt 0.791667 0.928571
vt 0.791667 0.857143
vt 0.791667 0.285714
vt 0.791667 0.785714
vt 0.791667 0.214286
vt 0.791667 0.714286
vt 0.791667 0.142857
vt 0.791667 0.642857
vt 0.791667 0.071429
vt 0.791667 0.571429
vt 0.812500 0.000000
vt 0.791667 0.500000
vt 0.812500 1.000000
vt 0.770833 0.000000
vt 0.770833 1.000000
vt 0.750000 0.750000
vt 0.750000 0.833333
vt 0.700000 0.833333
vt 0.700000 0.750000
vt 0.750000 0.166667
vt 0.750000 0.250000
vt 0.700000 0.250000
vt 0.700000 0.166667
vt 0.750000 0.416667
vt 0.700000 0.500000
vt 0.700000 0.416667
vt 0.750000 0.666667
vt 0.700000 0.666667
vt 0.750000 0.083333
vt 0.700000 0.083333
vt 0.750000 0.916667
vt 0.725000 1.000000
vt 0.700000 0.916667
vt 0.750000 0.333333
vt 0.700000 0.333333
vt 0.750000 0.583333
vt 0.700000 0.583333
vt 0.725000 0.000000
vt 0.650000 0.416667
vt 0.650000 0.333333
vt 0.650000 0.666667
vt 0.650000 0.583333
vt 0.675000 0.000000
vt 0.650000 0.083333
vt 0.650000 0.916667
vt 0.650000 0.833333
vt 0.650000 0.250000
vt 0.650000 0.500000
vt 0.650000 0.750000
vt 0.650000 0.166667
vt 0.675000 1.000000
vt 0.600000 0.500000
vt 0.600000 0.416667
vt 0.600000 0.750000
vt 0.600000 0.666667
vt 0.600000 0.166667
vt 0.600000 0.083333
vt 0.625000 1.000000
vt 0.600000 0.916667
vt 0.600000 0.333333
vt 0.600000 0.583333
vt 0.625000 0.000000
vt 0.600000 0.833333
vt 0.600000 0.250000
vt 0.550000 0.333333
vt 0.550000 0.250000
vt 0.550000 0.583333
vt 0.550000 0.500000
vt 0.550000 0.833333
vt 0.550000 0.750000
vt 0.550000 0.166667
vt 0.550000 0.416667
vt 0.550000 0.666667
vt 0.550000 0.083333
vt 0.575000 1.000000
vt 0.550000 0.916667
vt 0.575000 0.000000
vt 0.525000 1.000000
vt 0.500000 0.916667
vt 0.500000 0.416667
vt 0.500000 0.333333
vt 0.500000 0.666667
vt 0.500000 0.583333
vt 0.525000 0.000000
vt 0.500000 0.083333
vt 0.500000 0.833333
vt 0.500000 0.250000
vt 0.500000 0.750000
vt 0.500000 0.166667
vt 0.450000 0.250000
vt 0.450000 0.166667
vt 0.450000 0.500000
vt 0.450000 0.416667
vt 0.450000 0.750000
vt 0.450000 0.666667
vt 0.450000 0.083333
vt 0.475000 1.000000
vt 0.450000 0.916667
vt 0.450000 0.333333
vt 0.450000 0.583333
vt 0.475000 0.000000
vt 0.450000 0.833333
vt 0.400000 0.916667
vt 0.400000 0.833333
vt 0.400000 0.333333
vt 0.400000 0.250000
vt 0.400000 0.583333
vt 0.400000 0.500000
vt 0.400000 0.750000
vt 0.400000 0.166667
vt 0.400000 0.416667
vt 0.400000 0.666667
vt 0.400000 0.083333
vt 0.425000 1.000000
vt 0.425000 0.000000
vt 0.350000 0.166667
vt 0.350000 0.083333
vt 0.375000 1.000000
vt 0.350000 0.916667
vt 0.350000 0.416667
vt 0.350000 0.333333
vt 0.350000 0.666667
vt 0.350000 0.583333
vt 0.375000 0.000000
vt 0.350000 0.833333
vt 0.350000 0.250000
vt 0.350000 0.500000
vt 0.350000 0.750000
vt 0.300000 0.833333
vt 0.300000 0.750000
vt 0.300000 0.250000
vt 0.300000 0.166667
vt 0.300000 0.500000
vt 0.300000 0.416667
vt 0.300000 0.666667
vt 0.300000 0.083333
vt 0.325000 1.000000
vt 0.300000 0.916667
vt 0.300000 0.333333
vt 0.300000 0.583333
vt 0.325000 0.000000
vt 0.275000 0.000000
vt 0.250000 0.083333
vt 0.250000 0.916667
vt 0.250000 0.833333
vt 0.250000 0.333333
vt 0.250000 0.250000
vt 0.250000 0.583333
vt 0.250000 0.750000
vt 0.250000 0.166667
vt 0.250000 0.416667
vt 0.250000 0.666667
vt 0.275000 1.000000
vt 0.200000 0.750000
vt 0.200000 0.666667
vt 0.200000 0.166667
vt 0.200000 0.083333
vt 0.225000 1.000000
vt 0.200000 0.916667
vt 0.200000 0.416667
vt 0.200000 0.333333
vt 0.200000 0.583333
vt 0.225000 0.000000
vt 0.200000 0.833333
vt 0.200000 0.250000
vt 0.200000 0.500000
vt 0.150000 0.833333
vt 0.150000 0.750000
vt 0.150000 0.250000
vt 0.150000 0.166667
vt 0.150000 0.500000
vt 0.150000 0.416667
vt 0.150000 0.666667
vt 0.150000 0.083333
vt 0.175000 1.000000
vt 0.150000 0.916667
vt 0.150000 0.333333
vt 0.150000 0.583333
vt 0.175000 0.000000
vt 0.100000 0.666667
vt 0.100000 0.583333
vt 0.125000 0.000000
vt 0.100000 0.083333
vt 0.100000 0.916667
vt 0.100000 0.833333
vt 0.100000 0.333333
vt 0.100000 0.250000
vt 0.100000 0.500000
vt 0.100000 0.750000
vt 0.100000 0.166667
vt 0.100000 0.416667
vt 0.125000 1.000000
vt 0.050000 0.750000
vt 0.050000 0.666667
vt 0.050000 0.166667
vt 0.050000 0.083333
vt 0.075000 1.000000
vt 0.050000 0.916667
vt 0.050000 0.416667
vt 0.050000 0.333333
vt 0.050000 0.583333
vt 0.075000 0.000000
vt 0.050000 0.833333
vt 0.050000 0.250000
vt 0.050000 0.500000
vt 0.000000 0.583333
vt 0.000000 0.500000
vt 0.000000 0.833333
vt 0.000000 0.750000
vt 0.000000 0.250000
vt 0.000000 0.166667
vt 0.000000 0.416667
vt 0.000000 0.666667
vt 0.000000 0.083333
vt 0.025000 1.000000
vt 0.000000 0.916667
vt 0.000000 0.333333
vt 0.025000 0.000000
vt 1.000000 0.583333
vt 1.000000 0.666667
vt 0.950000 0.666667
vt 0.950000 0.583333
vt 0.975000 0.000000
vt 1.000000 0.083333
vt 0.950000 0.083333
vt 1.000000 0.833333
vt 1.000000 0.916667
vt 0.950000 0.916667
vt 0.950000 0.833333
vt 1.000000 0.250000
vt 1.000000 0.333333
vt 0.950000 0.333333
vt 0.950000 0.250000
vt 0.950000 0.500000
vt 1.000000 0.750000
vt 0.950000 0.750000
vt 1.000000 0.166667
vt 0.950000 0.166667
vt 1.000000 0.416667
vt 0.950000 0.416667
vt 0.975000 1.000000
vt 0.900000 0.500000
vt 0.900000 0.416667
vt 0.900000 0.750000
vt 0.900000 0.666667
vt 0.900000 0.166667
vt 0.900000 0.083333
vt 0.925000 1.000000
vt 0.900000 0.916667
vt 0.900000 0.333333
vt 0.900000 0.583333
vt 0.925000 0.000000
vt 0.900000 0.833333
vt 0.900000 0.250000
vt 0.850000 0.583333
vt 0.850000 0.500000
vt 0.850000 0.833333
vt 0.850000 0.750000
vt 0.850000 0.250000
vt 0.850000 0.166667
vt 0.850000 0.416667
vt 0.850000 0.666667
vt 0.850000 0.083333
vt 0.875000 1.000000
vt 0.850000 0.916667
vt 0.850000 0.333333
vt 0.875000 0.000000
vt 0.800000 0.416667
vt 0.800000 0.333333
vt 0.800000 0.666667
vt 0.800000 0.583333
vt 0.825000 0.000000
vt 0.800000 0.083333
vt 0.800000 0.916667
vt 0.800000 0.833333
vt 0.800000 0.250000
vt 0.800000 0.500000
vt 0.800000 0.750000
vt 0.800000 0.166667
vt 0.825000 1.000000
vt 0.775000 1.000000
vt 0.775000 0.000000
vt 0.160714 0.714286
vt 0.160714 0.750000
vt 0.140095 0.750000
vt 0.125000 0.714286
vt 0.410714 0.964286
vt 0.410714 1.000000
vt 0.390095 1.000000
vt 0.375000 0.964286
vt 0.410714 0.035714
vt 0.375000 0.035714
vt 0.375000 0.015095
vt 0.410714 0.000000
vt 0.589286 0.964286
vt 0.625000 0.964286
vt 0.625000 0.984905
vt 0.589286 1.000000
vt 0.839286 0.714286
vt 0.875000 0.714286
vt 0.875000 0.734905
vt 0.839286 0.750000
vt 0.589286 0.035714
vt 0.589286 0.000000
vt 0.609905 0.000000
vt 0.625000 0.035714
vt 0.160714 0.535714
vt 0.125000 0.535714
vt 0.125000 0.515095
vt 0.160714 0.500000
vt 0.410714 0.214286
vt 0.410714 0.250000
vt 0.382547 0.257547
vt 0.375000 0.214286
vt 0.410714 0.285714
vt 0.839286 0.535714
vt 0.839286 0.500000
vt 0.859905 0.500000
vt 0.875000 0.535714
vt 0.589286 0.285714
vt 0.589286 0.250000
vt 0.617453 0.242453
vt 0.589286 0.214286
vt 0.339286 0.714286
vt 0.375000 0.714286
vt 0.380032 0.750000
vt 0.357143 0.767857
vt 0.410714 0.714286
vt 0.410714 0.750000
vt 0.410714 0.785714
vt 0.660714 0.714286
vt 0.642857 0.767857
vt 0.625000 0.744968
vt 0.625000 0.714286
vt 0.589286 0.785714
vt 0.589286 0.750000
vt 0.589286 0.714286
vt 0.339286 0.535714
vt 0.357143 0.482143
vt 0.375000 0.505032
vt 0.375000 0.535714
vt 0.410714 0.464286
vt 0.410714 0.500000
vt 0.410714 0.535714
vt 0.660714 0.535714
vt 0.625000 0.535714
vt 0.619969 0.500000
vt 0.642857 0.482143
vt 0.589286 0.535714
vt 0.589286 0.500000
vt 0.589286 0.464286
vt 0.589286 0.250000
vt 0.357143 0.767857
vt 0.642857 0.767857
vt 0.194444 0.680556
vt 0.194444 0.750000
vt 0.154351 0.750000
vt 0.125000 0.680556
vt 0.444444 0.930555
vt 0.444444 1.000000
vt 0.404351 1.000000
vt 0.375000 0.930556
vt 0.444444 0.069444
vt 0.375000 0.069444
vt 0.375000 0.029351
vt 0.444444 0.000000
vt 0.555556 0.930556
vt 0.625000 0.930556
vt 0.625000 0.970649
vt 0.555556 1.000000
vt 0.805556 0.680556
vt 0.875000 0.680556
vt 0.875000 0.720649
vt 0.805556 0.750000
vt 0.555556 0.069444
vt 0.555556 0.000000
vt 0.595649 0.000000
vt 0.625000 0.069444
vt 0.194444 0.569444
vt 0.125000 0.569444
vt 0.125000 0.529351
vt 0.194444 0.500000
vt 0.444444 0.180556
vt 0.444444 0.250000
vt 0.389675 0.264675
vt 0.375000 0.180556
vt 0.444444 0.319444
vt 0.375000 0.319444
vt 0.805556 0.569444
vt 0.805556 0.500000
vt 0.845649 0.500000
vt 0.875000 0.569444
vt 0.555556 0.319444
vt 0.555556 0.250000
vt 0.610325 0.235325
vt 0.625000 0.319444
vt 0.555556 0.180556
vt 0.625000 0.180556
vt 0.305556 0.680556
vt 0.375000 0.680556
vt 0.384784 0.750000
vt 0.340278 0.784722
vt 0.444444 0.680556
vt 0.444444 0.750000
vt 0.444444 0.819444
vt 0.694444 0.680556
vt 0.659722 0.784722
vt 0.625000 0.740216
vt 0.625000 0.680556
vt 0.555556 0.819444
vt 0.555556 0.750000
vt 0.555556 0.680556
vt 0.305556 0.569444
vt 0.340278 0.465278
vt 0.375000 0.509784
vt 0.375000 0.569444
vt 0.444444 0.430556
vt 0.444444 0.500000
vt 0.444444 0.569444
vt 0.694444 0.569444
vt 0.625000 0.569444
vt 0.615216 0.500000
vt 0.659722 0.465278
vt 0.555556 0.569444
vt 0.555556 0.500000
vt 0.555556 0.430556
vt 0.340278 0.784722
vt 0.340278 0.465278
vt 0.750000 0.125000
vt 0.750000 0.250000
vt 0.666667 0.250000
vt 0.666667 0.125000
vt 0.750000 0.375000
vt 0.666667 0.375000
vt 0.750000 0.625000
vt 0.750000 0.750000
vt 0.666667 0.750000
vt 0.666667 0.625000
vt 0.750000 0.875000
vt 0.708333 1.000000
vt 0.666667 0.875000
vt 0.708333 0.000000
vt 0.583333 0.875000
vt 0.583333 0.125000
vt 0.583333 0.375000
vt 0.583333 0.250000
vt 0.583333 0.625000
vt 0.583333 0.750000
vt 0.500000 0.375000
vt 0.500000 0.250000
vt 0.500000 0.625000
vt 0.500000 0.875000
vt 0.500000 0.750000
vt 0.500000 0.125000
vt 0.541667 1.000000
vt 0.541667 0.000000
vt 0.416667 0.250000
vt 0.416667 0.125000
vt 0.416667 0.500000
vt 0.416667 0.375000
vt 0.416667 0.750000
vt 0.416667 0.625000
vt 0.458333 1.000000
vt 0.416667 0.875000
vt 0.458333 0.000000
vt 0.333333 0.375000
vt 0.333333 0.750000
vt 0.333333 0.625000
vt 0.333333 0.875000
vt 0.333333 0.125000
vt 0.333333 0.250000
vt 0.291667 0.000000
vt 0.250000 0.125000
vt 0.250000 0.375000
vt 0.250000 0.250000
vt 0.250000 0.625000
vt 0.250000 0.875000
vt 0.250000 0.750000
vt 0.291667 1.000000
vt 0.166667 0.625000
vt 0.166667 0.500000
vt 0.166667 0.875000
vt 0.166667 0.750000
vt 0.166667 0.250000
vt 0.166667 0.125000
vt 0.166667 0.375000
vt 0.208333 1.000000
vt 0.208333 0.000000
vt 0.083333 0.250000
vt 0.083333 0.125000
vt 0.083333 0.375000
vt 0.083333 0.750000
vt 0.083333 0.625000
vt 0.083333 0.875000
vt 0.000000 0.750000
vt 0.000000 0.625000
vt 0.041667 1.000000
vt 0.000000 0.875000
vt 0.041667 0.000000
vt 0.000000 0.125000
vt 0.000000 0.375000
vt 0.000000 0.250000
vt 0.958333 0.000000
vt 1.000000 0.125000
vt 0.916667 0.125000
vt 1.000000 0.250000
vt 1.000000 0.375000
vt 0.916667 0.375000
vt 0.916667 0.250000
vt 1.000000 0.625000
vt 0.916667 0.625000
vt 0.916667 0.500000
vt 1.000000 0.750000
vt 1.000000 0.875000
vt 0.916667 0.875000
vt 0.916667 0.750000
vt 0.958333 1.000000
vt 0.833333 0.875000
vt 0.833333 0.750000
vt 0.833333 0.250000
vt 0.833333 0.125000
vt 0.833333 0.375000
vt 0.833333 0.625000
vt 0.791667 1.000000
vt 0.791667 0.000000
vt 0.700000 0.125000
vt 0.600000 0.250000
vt 0.600000 0.125000
vt 0.700000 0.375000
vt 0.600000 0.500000
vt 0.600000 0.375000
vt 0.700000 0.625000
vt 0.600000 0.750000
vt 0.600000 0.625000
vt 0.700000 0.875000
vt 0.650000 1.000000
vt 0.600000 0.875000
vt 0.650000 0.000000
vt 0.550000 0.000000
vt 0.500000 0.125000
vt 0.550000 1.000000
vt 0.400000 0.625000
vt 0.400000 0.500000
vt 0.400000 0.875000
vt 0.400000 0.250000
vt 0.400000 0.125000
vt 0.400000 0.375000
vt 0.450000 1.000000
vt 0.450000 0.000000
vt 0.300000 0.250000
vt 0.300000 0.125000
vt 0.300000 0.375000
vt 0.300000 0.625000
vt 0.350000 1.000000
vt 0.300000 0.875000
vt 0.350000 0.000000
vt 0.200000 0.750000
vt 0.200000 0.625000
vt 0.250000 1.000000
vt 0.200000 0.875000
vt 0.250000 0.000000
vt 0.200000 0.125000
vt 0.200000 0.375000
vt 0.200000 0.250000
vt 0.200000 0.500000
vt 0.150000 0.000000
vt 0.100000 0.125000
vt 0.100000 0.375000
vt 0.100000 0.250000
vt 0.100000 0.625000
vt 0.100000 0.875000
vt 0.100000 0.750000
vt 0.150000 1.000000
vt 0.000000 0.750000
vt 0.000000 0.125000
vt 0.050000 1.000000
vt 0.050000 0.000000
vt 1.000000 0.125000
vt 1.000000 0.250000
vt 0.900000 0.250000
vt 0.900000 0.125000
vt 1.000000 0.375000
vt 1.000000 0.500000
vt 0.900000 0.375000
vt 1.000000 0.625000
vt 1.000000 0.750000
vt 0.900000 0.750000
vt 0.900000 0.625000
vt 1.000000 0.875000
vt 0.950000 1.000000
vt 0.900000 0.875000
vt 0.950000 0.000000
vt 0.850000 1.000000
vt 0.800000 0.875000
vt 0.850000 0.000000
vt 0.800000 0.125000
vt 0.800000 0.375000
vt 0.800000 0.625000
vt 0.800000 0.750000
vt 0.750000 1.000000
vt 0.750000 0.000000
s 1
f 3/1/3 307/2/307 9/3/9 10/4/10
f 6/5/6 312/6/312 17/7/17 18/8/18
f 308/9/308 3/1/3 10/4/10 11/10/11
f 313/11/313 6/5/6 18/8/18 19/12/19
f 4/13/4 308/9/308 11/10/11 12/14/12
f 314/15/314 313/11/313 19/12/19 20/16/20
f 309/17/309 4/13/4 12/14/12 13/18/13
f 7/19/7 314/15/314 20/16/20
f 310/20/310 309/17/309 13/18/13 14/21/14
f 311/22/311 310/20/310 14/21/14 15/23/15
f 2/24/2 1/25/1 8/26/8
f 5/27/5 311/22/311 15/23/15 16/28/16
f 307/2/307 2/24/2 8/26/8 9/3/9
f 312/6/312 5/27/5 16/28/16 17/7/17
f 11/10/11 10/4/10 23/29/23 24/30/24
f 19/12/19 18/8/18 31/31/31 32/32/32
f 12/14/12 11/10/11 24/30/24 25/33/25
f 20/16/20 19/12/19 32/32/32 33/34/33
f 13/18/13 12/14/12 25/33/25 26/35/26
f 7/36/7 20/16/20 33/34/33
f 14/21/14 13/18/13 26/35/26 27/37/27
f 15/23/15 14/21/14 27/37/27 28/38/28
f 8/26/8 1/39/1 21/40/21
f 16/28/16 15/23/15 28/38/28 29/41/29
f 9/3/9 8/26/8 21/40/21 22/42/22
f 17/7/17 16/28/16 29/41/29 30/43/30
f 10/4/10 9/3/9 22/42/22 23/29/23
f 18/8/18 17/7/17 30/43/30 31/31/31
f 32/32/32 31/31/31 44/44/44 45/45/45
f 25/33/25 24/30/24 37/46/37 38/47/38
f 33/34/33 32/32/32 45/45/45 46/48/46
f 26/35/26 25/33/25 38/47/38 39/49/39
f 7/50/7 33/34/33 46/48/46
f 27/37/27 26/35/26 39/49/39 40/51/40
f 28/38/28 27/37/27 40/51/40 41/52/41
f 21/40/21 1/53/1 34/54/34
f 29/41/29 28/38/28 41/52/41 42/55/42
f 22/42/22 21/40/21 34/54/34 35/56/35
f 30/43/30 29/41/29 42/55/42 43/57/43
f 23/29/23 22/42/22 35/56/35 36/58/36
f 31/31/31 30/43/30 43/57/43 44/44/44
f 24/30/24 23/29/23 36/58/36 37/46/37
f 38/47/38 37/46/37 50/59/50 51/60/51
f 46/48/46 45/45/45 58/61/58 59/62/59
f 39/49/39 38/47/38 51/60/51 52/63/52
f 7/64/7 46/48/46 59/62/59
f 40/51/40 39/49/39 52/63/52 53/65/53
f 41/52/41 40/51/40 53/65/53 54/66/54
f 34/54/34 1/67/1 47/68/47
f 42/55/42 41/52/41 54/66/54 55/69/55
f 35/56/35 34/54/34 47/68/47 48/70/48
f 43/57/43 42/55/42 55/69/55 56/71/56
f 36/58/36 35/56/35 48/70/48 49/72/49
f 44/44/44 43/57/43 56/71/56 57/73/57
f 37/46/37 36/58/36 49/72/49 50/59/50
f 45/45/45 44/44/44 57/73/57 58/61/58
f 59/62/59 58/61/58 71/74/71 72/75/72
f 52/63/52 51/60/51 64/76/64 65/77/65
f 7/78/7 59/62/59 72/75/72
f 53/65/53 52/63/52 65/77/65 66/79/66
f 54/66/54 53/65/53 66/79/66 67/80/67
f 47/68/47 1/81/1 60/82/60
f 55/69/55 54/66/54 67/80/67 68/83/68
f 48/70/48 47/68/47 60/82/60 61/84/61
f 56/71/56 55/69/55 68/83/68 69/85/69
f 49/72/49 48/70/48 61/84/61 62/86/62
f 57/73/57 56/71/56 69/85/69 70/87/70
f 50/59/50 49/72/49 62/86/62 63/88/63
f 58/61/58 57/73/57 70/87/70 71/74/71
f 51/60/51 50/59/50 63/88/63 64/76/64
f 7/89/7 72/75/72 85/90/85
f 66/79/66 65/77/65 78/91/78 79/92/79
f 67/80/67 66/79/66 79/92/79 80/93/80
f 60/82/60 1/94/1 73/95/73
f 68/83/68 67/80/67 80/93/80 81/96/81
f 61/84/61 60/82/60 73/95/73 74/97/74
f 69/85/69 68/83/68 81/96/81 82/98/82
f 62/86/62 61/84/61 74/97/74 75/99/75
f 70/87/70 69/85/69 82/98/82 83/100/83
f 63/88/63 62/86/62 75/99/75 76/101/76
f 71/74/71 70/87/70 83/100/83 84/102/84
f 64/76/64 63/88/63 76/101/76 77/103/77
f 72/75/72 71/74/71 84/102/84 85/90/85
f 65/77/65 64/76/64 77/103/77 78/91/78
f 79/92/79 78/91/78 91/104/91 92/105/92
f 80/93/80 79/92/79 92/105/92 93/106/93
f 73/95/73 1/107/1 86/108/86
f 81/96/81 80/93/80 93/106/93 94/109/94
f 74/97/74 73/95/73 86/108/86 87/110/87
f 82/98/82 81/96/81 94/109/94 95/111/95
f 75/99/75 74/97/74 87/110/87 88/112/88
f 83/100/83 82/98/82 95/111/95 96/113/96
f 76/101/76 75/99/75 88/112/88 89/114/89
f 84/102/84 83/100/83 96/113/96 97/115/97
f 77/103/77 76/101/76 89/114/89 90/116/90
f 85/90/85 84/102/84 97/115/97 98/117/98
f 78/91/78 77/103/77 90/116/90 91/104/91
f 7/118/7 85/90/85 98/117/98
f 93/106/93 92/105/92 105/119/105 106/120/106
f 86/108/86 1/121/1 99/122/99
f 94/109/94 93/106/93 106/120/106 107/123/107
f 87/110/87 86/108/86 99/122/99 100/124/100
f 95/111/95 94/109/94 107/123/107 108/125/108
f 88/112/88 87/110/87 100/124/100 101/126/101
f 96/113/96 95/111/95 108/125/108 109/127/109
f 89/114/89 88/112/88 101/126/101 102/128/102
f 97/115/97 96/113/96 109/127/109 110/129/110
f 90/116/90 89/114/89 102/128/102 103/130/103
f 98/117/98 97/115/97 110/129/110 111/131/111
f 91/104/91 90/116/90 103/130/103 104/132/104
f 7/133/7 98/117/98 111/131/111
f 92/105/92 91/104/91 104/132/104 105/119/105
f 106/120/106 105/119/105 118/134/118 119/135/119
f 99/122/99 1/136/1 112/137/112
f 107/123/107 106/120/106 119/135/119 120/138/120
f 100/124/100 99/122/99 112/137/112 113/139/113
f 108/125/108 107/123/107 120/138/120 121/140/121
f 101/126/101 100/124/100 113/139/113 114/141/114
f 109/127/109 108/125/108 121/140/121 122/142/122
f 102/128/102 101/126/101 114/141/114 115/143/115
f 110/129/110 109/127/109 122/142/122 123/144/123
f 103/130/103 102/128/102 115/143/115 116/145/116
f 111/131/111 110/129/110 123/144/123 124/146/124
f 104/132/104 103/130/103 116/145/116 117/147/117
f 7/148/7 111/131/111 124/146/124
f 105/119/105 104/132/104 117/147/117 118/134/118
f 120/138/120 119/135/119 132/149/132 133/150/133
f 113/139/113 112/137/112 125/151/125 126/152/126
f 121/140/121 120/138/120 133/150/133 134/153/134
f 114/141/114 113/139/113 126/152/126 127/154/127
f 122/142/122 121/140/121 134/153/134 135/155/135
f 115/143/115 114/141/114 127/154/127 128/156/128
f 123/144/123 122/142/122 135/155/135 136/157/136
f 116/145/116 115/143/115 128/156/128 129/158/129
f 124/146/124 123/144/123 136/157/136 137/159/137
f 117/147/117 116/145/116 129/158/129 130/160/130
f 7/161/7 124/146/124 137/159/137
f 118/134/118 117/147/117 130/160/130 131/162/131
f 119/135/119 118/134/118 131/162/131 132/149/132
f 112/137/112 1/163/1 125/151/125
f 126/152/126 125/151/125 138/164/138 139/165/139
f 134/153/134 133/150/133 146/166/146 147/167/147
f 127/154/127 126/152/126 139/165/139 140/168/140
f 135/155/135 134/153/134 147/167/147 148/169/148
f 128/156/128 127/154/127 140/168/140 141/170/141
f 136/157/136 135/155/135 148/169/148 149/171/149
f 129/158/129 128/156/128 141/170/141 142/172/142
f 137/159/137 136/157/136 149/171/149 150/173/150
f 130/160/130 129/158/129 142/172/142 143/174/143
f 7/175/7 137/159/137 150/173/150
f 131/162/131 130/160/130 143/174/143 144/176/144
f 132/149/132 131/162/131 144/176/144 145/177/145
f 125/151/125 1/178/1 138/164/138
f 133/150/133 132/149/132 145/177/145 146/166/146
f 147/167/147 146/166/146 159/179/159 160/180/160
f 140/168/140 139/165/139 152/181/152 153/182/153
f 148/169/148 147/167/147 160/180/160 161/183/161
f 141/170/141 140/168/140 153/182/153 154/184/154
f 149/171/149 148/169/148 161/183/161 162/185/162
f 142/172/142 141/170/141 154/184/154 155/186/155
f 150/173/150 149/171/149 162/185/162 163/187/163
f 143/174/143 142/172/142 155/186/155 156/188/156
f 7/189/7 150/173/150 163/187/163
f 144/176/144 143/174/143 156/188/156 157/190/157
f 145/177/145 144/176/144 157/190/157 158/191/158
f 138/164/138 1/192/1 151/193/151
f 146/166/146 145/177/145 158/191/158 159/179/159
f 139/165/139 138/164/138 151/193/151 152/181/152
f 153/182/153 152/181/152 165/194/165 166/195/166
f 161/183/161 160/180/160 173/196/173 174/197/174
f 154/184/154 153/182/153 166/195/166 167/198/167
f 162/185/162 161/183/161 174/197/174 175/199/175
f 155/186/155 154/184/154 167/198/167 168/200/168
f 163/187/163 162/185/162 175/199/175 176/201/176
f 156/188/156 155/186/155 168/200/168 169/202/169
f 7/203/7 163/187/163 176/201/176
f 157/190/157 156/188/156 169/202/169 170/204/170
f 158/191/158 157/190/157 170/204/170 171/205/171
f 151/193/151 1/206/1 164/207/164
f 159/179/159 158/191/158 171/205/171 172/208/172
f 152/181/152 151/193/151 164/207/164 165/194/165
f 160/180/160 159/179/159 172/208/172 173/196/173
f 174/197/174 173/196/173 186/209/186 187/210/187
f 167/198/167 166/195/166 179/211/179 180/212/180
f 175/199/175 174/197/174 187/210/187 188/213/188
f 168/200/168 167/198/167 180/212/180 181/214/181
f 176/201/176 175/199/175 188/213/188 189/215/189
f 169/202/169 168/200/168 181/214/181 182/216/182
f 7/217/7 176/201/176 189/215/189
f 170/204/170 169/202/169 182/216/182 183/218/183
f 171/205/171 170/204/170 183/218/183 184/219/184
f 164/207/164 1/220/1 177/221/177
f 172/208/172 171/205/171 184/219/184 185/222/185
f 165/194/165 164/207/164 177/221/177 178/223/178
f 173/196/173 172/208/172 185/222/185 186/209/186
f 166/195/166 165/194/165 178/223/178 179/211/179
f 188/213/188 187/210/187 200/224/200 201/225/201
f 181/214/181 180/212/180 193/226/193 194/227/194
f 189/215/189 188/213/188 201/225/201 202/228/202
f 182/216/182 181/214/181 194/227/194 195/229/195
f 7/230/7 189/215/189 202/228/202
f 183/218/183 182/216/182 195/229/195 196/231/196
f 184/219/184 183/218/183 196/231/196 197/232/197
f 177/221/177 1/233/1 190/234/190
f 185/222/185 184/219/184 197/232/197 198/235/198
f 178/223/178 177/221/177 190/234/190 191/236/191
f 186/209/186 185/222/185 198/235/198 199/237/199
f 179/211/179 178/223/178 191/236/191 192/238/192
f 187/210/187 186/209/186 199/237/199 200/224/200
f 180/212/180 179/211/179 192/238/192 193/226/193
f 194/227/194 193/226/193 206/239/206 207/240/207
f 202/228/202 201/225/201 214/241/214 215/242/215
f 195/229/195 194/227/194 207/240/207 208/243/208
f 7/244/7 202/228/202 215/242/215
f 196/231/196 195/229/195 208/243/208 209/245/209
f 197/232/197 196/231/196 209/245/209 210/246/210
f 190/234/190 1/247/1 203/248/203
f 198/235/198 197/232/197 210/246/210 211/249/211
f 191/236/191 190/234/190 203/248/203 204/250/204
f 199/237/199 198/235/198 211/249/211 212/251/212
f 192/238/192 191/236/191 204/250/204 205/252/205
f 200/224/200 199/237/199 212/251/212 213/253/213
f 193/226/193 192/238/192 205/252/205 206/239/206
f 201/225/201 200/224/200 213/253/213 214/241/214
f 215/242/215 214/241/214 227/254/227 228/255/228
f 208/243/208 207/240/207 220/256/220 221/257/221
f 7/258/7 215/242/215 228/255/228
f 209/245/209 208/243/208 221/257/221 222/259/222
f 210/246/210 209/245/209 222/259/222 223/260/223
f 203/248/203 1/261/1 216/262/216
f 211/249/211 210/246/210 223/260/223 224/263/224
f 204/250/204 203/248/203 216/262/216 217/264/217
f 212/251/212 211/249/211 224/263/224 225/265/225
f 205/252/205 204/250/204 217/264/217 218/266/218
f 213/253/213 212/251/212 225/265/225 226/267/226
f 206/239/206 205/252/205 218/266/218 219/268/219
f 214/241/214 213/253/213 226/267/226 227/254/227
f 207/240/207 206/239/206 219/268/219 220/256/220
f 221/257/221 220/256/220 233/269/233 234/270/234
f 7/271/7 228/255/228 241/272/241
f 222/259/222 221/257/221 234/270/234 235/273/235
f 223/260/223 222/259/222 235/273/235 236/274/236
f 216/262/216 1/275/1 229/276/229
f 224/263/224 223/260/223 236/274/236 237/277/237
f 217/264/217 216/262/216 229/276/229 230/278/230
f 225/265/225 224/263/224 237/277/237 238/279/238
f 218/266/218 217/264/217 230/278/230 231/280/231
f 226/267/226 225/265/225 238/279/238 239/281/239
f 219/268/219 218/266/218 231/280/231 232/282/232
f 227/254/227 226/267/226 239/281/239 240/283/240
f 220/256/220 219/268/219 232/282/232 233/269/233
f 228/255/228 227/254/227 240/283/240 241/272/241
f 7/284/7 241/285/241 254/286/254
f 235/287/235 234/288/234 247/289/247 248/290/248
f 236/291/236 235/287/235 248/290/248 249/292/249
f 229/293/229 1/294/1 242/295/242
f 237/296/237 236/291/236 249/292/249 250/297/250
f 230/298/230 229/293/229 242/295/242 243/299/243
f 238/300/238 237/296/237 250/297/250 251/301/251
f 231/302/231 230/298/230 243/299/243 244/303/244
f 239/304/239 238/300/238 251/301/251 252/305/252
f 232/306/232 231/302/231 244/303/244 245/307/245
f 240/308/240 239/304/239 252/305/252 253/309/253
f 233/310/233 232/306/232 245/307/245 246/311/246
f 241/285/241 240/308/240 253/309/253 254/286/254
f 234/288/234 233/310/233 246/311/246 247/289/247
f 249/292/249 248/290/248 261/312/261 262/313/262
f 242/295/242 1/314/1 255/315/255
f 250/297/250 249/292/249 262/313/262 263/316/263
f 243/299/243 242/295/242 255/315/255 256/317/256
f 251/301/251 250/297/250 263/316/263 264/318/264
f 244/303/244 243/299/243 256/317/256 257/319/257
f 252/305/252 251/301/251 264/318/264 265/320/265
f 245/307/245 244/303/244 257/319/257 258/321/258
f 253/309/253 252/305/252 265/320/265 266/322/266
f 246/311/246 245/307/245 258/321/258 259/323/259
f 254/286/254 253/309/253 266/322/266 267/324/267
f 247/289/247 246/311/246 259/323/259 260/325/260
f 7/326/7 254/286/254 267/324/267
f 248/290/248 247/289/247 260/325/260 261/312/261
f 262/313/262 261/312/261 274/327/274 275/328/275
f 255/315/255 1/329/1 268/330/268
f 263/316/263 262/313/262 275/328/275 276/331/276
f 256/317/256 255/315/255 268/330/268 269/332/269
f 264/318/264 263/316/263 276/331/276 277/333/277
f 257/319/257 256/317/256 269/332/269 270/334/270
f 265/320/265 264/318/264 277/333/277 278/335/278
f 258/321/258 257/319/257 270/334/270 271/336/271
f 266/322/266 265/320/265 278/335/278 279/337/279
f 259/323/259 258/321/258 271/336/271 272/338/272
f 267/324/267 266/322/266 279/337/279 280/339/280
f 260/325/260 259/323/259 272/338/272 273/340/273
f 7/341/7 267/324/267 280/339/280
f 261/312/261 260/325/260 273/340/273 274/327/274
f 268/330/268 1/342/1 281/343/281
f 276/331/276 275/328/275 288/344/288 289/345/289
f 269/332/269 268/330/268 281/343/281 282/346/282
f 277/333/277 276/331/276 289/345/289 290/347/290
f 270/334/270 269/332/269 282/346/282 283/348/283
f 278/335/278 277/333/277 290/347/290 291/349/291
f 271/336/271 270/334/270 283/348/283 284/350/284
f 279/337/279 278/335/278 291/349/291 292/351/292
f 272/338/272 271/336/271 284/350/284 285/352/285
f 280/339/280 279/337/279 292/351/292 293/353/293
f 273/340/273 272/338/272 285/352/285 286/354/286
f 7/355/7 280/339/280 293/353/293
f 274/327/274 273/340/273 286/354/286 287/356/287
f 275/328/275 274/327/274 287/356/287 288/344/288
f 289/345/289 288/344/288 301/357/301 302/358/302
f 282/346/282 281/343/281 294/359/294 295/360/295
f 290/347/290 289/345/289 302/358/302 303/361/303
f 283/348/283 282/346/282 295/360/295 296/362/296
f 291/349/291 290/347/290 303/361/303 304/363/304
f 284/350/284 283/348/283 296/362/296 297/364/297
f 292/351/292 291/349/291 304/363/304 305/365/305
f 285/352/285 284/350/284 297/364/297 298/366/298
f 293/353/293 292/351/292 305/365/305 306/367/306
f 286/354/286 285/352/285 298/366/298 299/368/299
f 7/369/7 293/353/293 306/367/306
f 287/356/287 286/354/286 299/368/299 300/370/300
f 288/344/288 287/356/287 300/370/300 301/357/301
f 281/343/281 1/371/1 294/359/294
f 303/361/303 302/358/302 5/27/5 312/6/312
f 296/362/296 295/360/295 307/2/307 3/1/3
f 304/363/304 303/361/303 312/6/312 6/5/6
f 297/364/297 296/362/296 3/1/3 308/9/308
f 305/365/305 304/363/304 6/5/6 313/11/313
f 298/366/298 297/364/297 308/9/308 4/13/4
f 306/367/306 305/365/305 313/11/313 314/15/314
f 299/368/299 298/366/298 4/13/4 309/17/309
f 7/372/7 306/367/306 314/15/314
f 300/370/300 299/368/299 309/17/309 310/20/310
f 301/357/301 300/370/300 310/20/310 311/22/311
f 294/359/294 1/373/1 2/24/2
f 302/358/302 301/357/301 311/22/311 5/27/5
f 295/360/295 294/359/294 2/24/2 307/2/307
f 530/374/525 529/375/524 320/376/318 321/377/319
f 535/378/529 534/379/528 327/380/325 328/381/326
f 317/382/316 532/20/310 324/383/322 325/384/323
f 531/385/526 530/374/525 321/377/319 322/386/320
f 536/387/530 535/378/529 328/381/326 329/388/327
f 528/389/523 315/390/1 319/391/317
f 533/392/527 317/382/316 325/384/323 326/393/324
f 316/394/315 531/385/526 322/386/320 323/395/321
f 318/396/7 536/387/530 329/388/327
f 529/375/524 528/389/523 319/391/317 320/376/318
f 534/379/528 533/392/527 326/393/324 327/380/325
f 532/20/310 316/394/315 323/395/321 324/383/322
f 326/393/324 325/384/323 336/397/334 337/398/335
f 323/395/321 322/386/320 333/399/331 334/400/332
f 318/401/7 329/388/327 340/402/338
f 320/376/318 319/391/317 330/403/328 331/404/329
f 327/380/325 326/393/324 337/398/335 338/405/336
f 324/383/322 323/395/321 334/400/332 335/406/333
f 321/377/319 320/376/318 331/404/329 332/407/330
f 328/381/326 327/380/325 338/405/336 339/408/337
f 325/384/323 324/383/322 335/406/333 336/397/334
f 322/386/320 321/377/319 332/407/330 333/399/331
f 329/388/327 328/381/326 339/408/337 340/402/338
f 319/391/317 315/409/1 330/403/328
f 336/397/334 335/406/333 346/410/344 347/411/345
f 333/399/331 332/407/330 343/412/341 344/413/342
f 340/402/338 339/408/337 350/414/348 351/415/349
f 330/403/328 315/416/1 341/417/339
f 337/398/335 336/397/334 347/411/345 348/418/346
f 334/400/332 333/399/331 344/413/342 345/419/343
f 318/420/7 340/402/338 351/415/349
f 331/404/329 330/403/328 341/417/339 342/421/340
f 338/405/336 337/398/335 348/418/346 349/422/347
f 335/406/333 334/400/332 345/419/343 346/410/344
f 332/407/330 331/404/329 342/421/340 343/412/341
f 339/408/337 338/405/336 349/422/347 350/414/348
f 349/422/347 348/418/346 359/423/357 360/424/358
f 346/410/344 345/419/343 356/425/354 357/426/355
f 343/412/341 342/421/340 353/427/351 354/428/352
f 350/414/348 349/422/347 360/424/358 361/429/359
f 347/411/345 346/410/344 357/426/355 358/430/356
f 344/413/342 343/412/341 354/428/352 355/431/353
f 351/415/349 350/414/348 361/429/359 362/432/360
f 341/417/339 315/433/1 352/434/350
f 348/418/346 347/411/345 358/430/356 359/423/357
f 345/419/343 344/413/342 355/431/353 356/425/354
f 318/435/7 351/415/349 362/432/360
f 342/421/340 341/417/339 352/434/350 353/427/351
f 352/434/350 315/436/1 363/437/361
f 359/423/357 358/430/356 369/438/366 370/439/367
f 356/425/354 355/431/353 366/440/364 367/441/365
f 318/442/7 362/432/360 373/443/370
f 353/427/351 352/434/350 363/437/361 364/444/362
f 360/424/358 359/423/357 370/439/367 371/445/368
f 357/426/355 356/425/354 367/441/365 368/92/79
f 354/428/352 353/427/351 364/444/362 365/446/363
f 361/429/359 360/424/358 371/445/368 372/447/369
f 358/430/356 357/426/355 368/92/79 369/438/366
f 355/431/353 354/428/352 365/446/363 366/440/364
f 362/432/360 361/429/359 372/447/369 373/443/370
f 372/447/369 371/445/368 382/448/379 383/449/380
f 369/438/366 368/92/79 379/450/376 380/451/377
f 366/440/364 365/446/363 376/452/373 377/453/374
f 373/443/370 372/447/369 383/449/380 384/454/381
f 363/437/361 315/455/1 374/456/371
f 370/439/367 369/438/366 380/451/377 381/457/378
f 367/441/365 366/440/364 377/453/374 378/458/375
f 318/459/7 373/443/370 384/454/381
f 364/444/362 363/437/361 374/456/371 375/460/372
f 371/445/368 370/439/367 381/457/378 382/448/379
f 368/92/79 367/441/365 378/458/375 379/450/376
f 365/446/363 364/444/362 375/460/372 376/452/373
f 375/460/372 374/456/371 385/461/382 386/462/383
f 382/448/379 381/457/378 392/463/389 393/464/390
f 379/450/376 378/458/375 389/465/386 390/466/387
f 376/452/373 375/460/372 386/462/383 387/467/384
f 383/449/380 382/448/379 393/464/390 394/468/391
f 380/451/377 379/450/376 390/466/387 391/469/388
f 377/453/374 376/452/373 387/467/384 388/470/385
f 384/454/381 383/449/380 394/468/391 395/471/392
f 374/456/371 315/472/1 385/461/382
f 381/457/378 380/451/377 391/469/388 392/463/389
f 378/458/375 377/453/374 388/470/385 389/465/386
f 318/473/7 384/454/381 395/471/392
f 395/471/392 394/468/391 405/474/402 406/475/403
f 385/461/382 315/476/1 396/477/393
f 392/463/389 391/469/388 402/478/399 403/479/400
f 389/465/386 388/470/385 399/480/396 400/481/397
f 318/482/7 395/471/392 406/475/403
f 386/462/383 385/461/382 396/477/393 397/483/394
f 393/464/390 392/463/389 403/479/400 404/484/401
f 390/466/387 389/465/386 400/481/397 401/485/398
f 387/467/384 386/462/383 397/483/394 398/486/395
f 394/468/391 393/464/390 404/484/401 405/474/402
f 391/469/388 390/466/387 401/485/398 402/478/399
f 388/470/385 387/467/384 398/486/395 399/480/396
f 398/486/395 397/483/394 408/487/405 409/488/406
f 405/474/402 404/484/401 415/489/412 416/490/413
f 402/478/399 401/485/398 412/491/409 413/492/410
f 399/480/396 398/486/395 409/488/406 410/493/407
f 406/475/403 405/474/402 416/490/413 417/494/414
f 396/477/393 315/495/1 407/496/404
f 403/479/400 402/478/399 413/492/410 414/497/411
f 400/481/397 399/480/396 410/493/407 411/498/408
f 318/499/7 406/475/403 417/494/414
f 397/483/394 396/477/393 407/496/404 408/487/405
f 404/484/401 403/479/400 414/497/411 415/489/412
f 401/485/398 400/481/397 411/498/408 412/491/409
f 318/500/7 417/494/414 428/501/424
f 408/487/405 407/496/404 418/502/415 419/503/416
f 415/489/412 414/497/411 425/504/421 426/505/422
f 412/491/409 411/498/408 422/506/419 423/190/157
f 409/488/406 408/487/405 419/503/416 420/507/417
f 416/490/413 415/489/412 426/505/422 427/508/423
f 413/492/410 412/491/409 423/190/157 424/509/420
f 410/493/407 409/488/406 420/507/417 421/510/418
f 417/494/414 416/490/413 427/508/423 428/501/424
f 407/496/404 315/511/1 418/502/415
f 414/497/411 413/492/410 424/509/420 425/504/421
f 411/498/408 410/493/407 421/510/418 422/506/419
f 421/510/418 420/507/417 431/512/427 432/513/428
f 428/501/424 427/508/423 438/514/434 439/515/435
f 418/502/415 315/516/1 429/517/425
f 425/504/421 424/509/420 435/518/431 436/519/432
f 422/506/419 421/510/418 432/513/428 433/520/429
f 318/521/7 428/501/424 439/515/435
f 419/503/416 418/502/415 429/517/425 430/522/426
f 426/505/422 425/504/421 436/519/432 437/523/433
f 423/190/157 422/506/419 433/520/429 434/524/430
f 420/507/417 419/503/416 430/522/426 431/512/427
f 427/508/423 426/505/422 437/523/433 438/514/434
f 424/509/420 423/190/157 434/524/430 435/518/431
f 431/512/427 430/522/426 441/525/437 442/526/438
f 438/514/434 437/523/433 448/527/444 449/528/445
f 435/518/431 434/524/430 445/529/441 446/530/442
f 432/513/428 431/512/427 442/526/438 443/531/439
f 439/515/435 438/514/434 449/528/445 450/532/446
f 429/517/425 315/533/1 440/534/436
f 436/519/432 435/518/431 446/530/442 447/535/443
f 433/520/429 432/513/428 443/531/439 444/536/440
f 318/537/7 439/515/435 450/532/446
f 430/522/426 429/517/425 440/534/436 441/525/437
f 437/523/433 436/519/432 447/535/443 448/527/444
f 434/524/430 433/520/429 444/536/440 445/529/441
f 444/536/440 443/531/439 454/538/450 455/539/451
f 318/540/7 450/532/446 461/541/457
f 441/525/437 440/534/436 451/542/447 452/543/448
f 448/527/444 447/535/443 458/544/454 459/545/455
f 445/529/441 444/536/440 455/539/451 456/546/452
f 442/526/438 441/525/437 452/543/448 453/547/449
f 449/528/445 448/527/444 459/545/455 460/548/456
f 446/530/442 445/529/441 456/546/452 457/549/453
f 443/531/439 442/526/438 453/547/449 454/538/450
f 450/532/446 449/528/445 460/548/456 461/541/457
f 440/534/436 315/550/1 451/542/447
f 447/535/443 446/530/442 457/549/453 458/544/454
f 454/538/450 453/547/449 464/551/460 465/552/461
f 461/541/457 460/548/456 471/553/467 472/554/468
f 451/542/447 315/555/1 462/556/458
f 458/544/454 457/549/453 468/557/464 469/558/465
f 455/539/451 454/538/450 465/552/461 466/559/462
f 318/560/7 461/541/457 472/554/468
f 452/543/448 451/542/447 462/556/458 463/561/459
f 459/545/455 458/544/454 469/558/465 470/562/466
f 456/546/452 455/539/451 466/559/462 467/563/463
f 453/547/449 452/543/448 463/561/459 464/551/460
f 460/548/456 459/545/455 470/562/466 471/553/467
f 457/549/453 456/546/452 467/563/463 468/557/464
f 467/563/463 466/559/462 477/564/473 478/565/235
f 464/551/460 463/561/459 474/566/470 475/567/471
f 471/553/467 470/562/466 481/568/476 482/569/477
f 468/557/464 467/563/463 478/565/235 479/570/474
f 465/552/461 464/551/460 475/567/471 476/571/472
f 472/554/468 471/553/467 482/569/477 483/572/478
f 462/556/458 315/573/1 473/574/469
f 469/558/465 468/557/464 479/570/474 480/575/475
f 466/559/462 465/552/461 476/571/472 477/564/473
f 318/576/7 472/554/468 483/572/478
f 463/561/459 462/556/458 473/574/469 474/566/470
f 470/562/466 469/558/465 480/575/475 481/568/476
f 477/577/473 476/578/472 487/579/482 488/580/483
f 318/581/7 483/582/478 494/583/489
f 474/584/470 473/585/469 484/586/479 485/587/480
f 481/588/476 480/589/475 491/590/486 492/591/487
f 478/287/235 477/577/473 488/580/483 489/592/484
f 475/593/471 474/584/470 485/587/480 486/594/481
f 482/595/477 481/588/476 492/591/487 493/596/488
f 479/597/474 478/287/235 489/592/484 490/598/485
f 476/578/472 475/593/471 486/594/481 487/579/482
f 483/582/478 482/595/477 493/596/488 494/583/489
f 473/585/469 315/599/1 484/586/479
f 480/589/475 479/597/474 490/598/485 491/590/486
f 490/598/485 489/592/484 500/600/495 501/601/496
f 487/579/482 486/594/481 497/602/492 498/603/493
f 494/583/489 493/596/488 504/604/499 505/605/500
f 484/586/479 315/606/1 495/607/490
f 491/590/486 490/598/485 501/601/496 502/608/497
f 488/580/483 487/579/482 498/603/493 499/609/494
f 318/610/7 494/583/489 505/605/500
f 485/587/480 484/586/479 495/607/490 496/611/491
f 492/591/487 491/590/486 502/608/497 503/612/498
f 489/592/484 488/580/483 499/609/494 500/600/495
f 486/594/481 485/587/480 496/611/491 497/602/492
f 493/596/488 492/591/487 503/612/498 504/604/499
f 500/600/495 499/609/494 510/613/505 511/614/506
f 497/602/492 496/611/491 507/615/502 508/616/503
f 504/604/499 503/612/498 514/617/509 515/618/510
f 501/601/496 500/600/495 511/614/506 512/619/507
f 498/603/493 497/602/492 508/616/503 509/620/504
f 505/605/500 504/604/499 515/618/510 516/621/511
f 495/607/490 315/622/1 506/623/501
f 502/608/497 501/601/496 512/619/507 513/624/508
f 499/609/494 498/603/493 509/620/504 510/613/505
f 318/625/7 505/605/500 516/621/511
f 496/611/491 495/607/490 506/623/501 507/615/502
f 503/612/498 502/608/497 513/624/508 514/617/509
f 513/624/508 512/619/507 523/626/518 524/627/519
f 510/613/505 509/620/504 520/628/515 521/629/516
f 318/630/7 516/621/511 527/631/522
f 507/615/502 506/623/501 517/632/512 518/633/513
f 514/617/509 513/624/508 524/627/519 525/634/520
f 511/614/506 510/613/505 521/629/516 522/635/517
f 508/616/503 507/615/502 518/633/513 519/636/514
f 515/618/510 514/617/509 525/634/520 526/637/521
f 512/619/507 511/614/506 522/635/517 523/626/518
f 509/620/504 508/616/503 519/636/514 520/628/515
f 516/621/511 515/618/510 526/637/521 527/631/522
f 506/623/501 315/638/1 517/632/512
f 523/626/518 522/635/517 532/20/310 317/382/316
f 520/628/515 519/636/514 530/374/525 531/385/526
f 527/631/522 526/637/521 535/378/529 536/387/530
f 517/632/512 315/639/1 528/389/523
f 524/627/519 523/626/518 317/382/316 533/392/527
f 521/629/516 520/628/515 531/385/526 316/394/315
f 318/640/7 527/631/522 536/387/530
f 518/633/513 517/632/512 528/389/523 529/375/524
f 525/634/520 524/627/519 533/392/527 534/379/528
f 522/635/517 521/629/516 316/394/315 532/20/310
f 519/636/514 518/633/513 529/375/524 530/374/525
f 526/637/521 525/634/520 534/379/528 535/378/529
f 537/641/531 540/642/534 541/643/535 543/644/537
f 538/645/532 542/646/536 541/647/535 540/648/534
f 539/649/533 543/650/537 541/651/535 542/652/536
f 544/653/538 547/654/541 548/655/542 550/656/544
f 545/657/539 549/658/543 548/659/542 547/660/541
f 546/661/540 550/662/544 548/663/542 549/664/543
f 551/665/545 554/666/548 555/667/549 557/668/551
f 552/669/546 556/670/550 555/671/549 554/672/548
f 553/673/547 557/140/551 555/671/549 556/670/550
f 558/674/552 561/675/555 562/676/556 564/677/558
f 559/678/553 563/679/557 562/680/556 561/57/555
f 560/681/554 564/44/558 562/680/556 563/679/557
f 565/682/559 568/683/562 569/684/563 571/685/565
f 566/686/560 570/687/564 569/684/563 568/683/562
f 567/688/561 571/685/565 569/684/563 570/687/564
f 572/689/566 575/690/569 576/691/570 578/692/572
f 573/693/567 577/694/571 576/691/570 575/690/569
f 574/695/568 578/692/572 576/691/570 577/694/571
f 579/696/573 582/697/576 583/698/577 585/699/579
f 580/700/574 584/701/578 583/698/577 582/697/576
f 581/702/575 585/699/579 583/698/577 584/701/578
f 586/703/580 589/704/583 590/705/584 592/706/586
f 587/707/581 591/708/585 590/705/584 589/704/583
f 588/709/582 592/706/586 590/705/584 591/708/585
f 551/665/545 537/641/531 543/644/537 554/666/548
f 554/672/548 543/650/537 539/649/533 552/669/546
f 538/645/532 544/653/538 550/656/544 542/646/536
f 542/652/536 550/662/544 546/661/540 539/649/533
f 545/657/539 558/674/552 564/677/558 549/658/543
f 549/664/543 564/44/558 560/681/554 546/661/540
f 559/678/553 553/673/547 556/670/550 563/679/557
f 563/679/557 556/670/550 552/669/546 560/681/554
f 579/696/573 551/665/545 557/668/551 582/697/576
f 582/697/576 557/140/551 553/673/547 580/700/574
f 558/674/552 586/703/580 592/706/586 561/675/555
f 561/57/555 592/706/586 588/709/582 559/678/553
f 587/707/581 581/702/575 584/701/578 591/708/585
f 591/708/585 584/701/578 580/700/574 588/709/582
f 565/682/559 579/696/573 585/699/579 568/683/562
f 568/683/562 585/699/579 581/702/575 566/686/560
f 586/703/580 572/689/566 578/692/572 589/704/583
f 589/704/583 578/692/572 574/695/568 587/707/581
f 573/693/567 567/688/561 570/687/564 577/694/571
f 577/694/571 570/687/564 566/686/560 574/695/568
f 537/641/531 565/682/559 571/685/565 540/642/534
f 540/648/534 571/685/565 567/688/561 538/645/532
f 572/689/566 545/657/539 547/660/541 575/690/569
f 575/690/569 547/654/541 544/653/538 573/693/567
f 551/665/545 579/696/573 565/682/559 537/641/531
f 539/649/533 546/661/540 560/681/554 552/669/546
f 567/688/561 573/693/567 544/653/538 538/645/532
f 586/703/580 558/674/552 545/657/539 572/689/566
f 553/673/547 559/678/553 588/709/582 580/700/574
f 581/702/575 587/707/581 574/695/568 566/686/560
f 593/641/587 596/642/590 597/643/591 599/644/593
f 594/645/588 598/646/592 597/647/591 596/648/590
f 595/649/589 599/650/593 597/651/591 598/652/592
f 600/653/594 603/654/597 604/655/598 606/656/600
f 601/657/595 605/658/599 604/659/598 603/660/597
f 602/661/596 606/662/600 604/663/598 605/664/599
f 607/665/601 610/666/604 611/667/605 613/668/607
f 608/669/602 612/670/606 611/671/605 610/672/604
f 609/673/603 613/140/607 611/671/605 612/670/606
f 614/674/608 617/675/611 618/676/612 620/677/614
f 615/678/609 619/710/613 618/680/612 617/57/611
f 616/681/610 620/44/614 618/680/612 619/710/613
f 621/682/615 624/683/618 625/684/619 627/711/621
f 622/686/616 626/687/620 625/684/619 624/683/618
f 623/688/617 627/711/621 625/684/619 626/687/620
f 628/689/622 631/712/625 632/691/626 634/692/628
f 629/693/623 633/694/627 632/691/626 631/712/625
f 630/695/624 634/692/628 632/691/626 633/694/627
f 635/696/629 638/697/632 639/698/633 641/699/635
f 636/700/630 640/701/634 639/698/633 638/697/632
f 637/702/631 641/699/635 639/698/633 640/701/634
f 642/703/636 645/704/639 646/705/640 648/706/642
f 643/707/637 647/708/641 646/705/640 645/704/639
f 644/709/638 648/706/642 646/705/640 647/708/641
f 607/665/601 593/641/587 599/644/593 610/666/604
f 610/672/604 599/650/593 595/649/589 608/669/602
f 594/645/588 600/653/594 606/656/600 598/646/592
f 598/652/592 606/662/600 602/661/596 595/649/589
f 601/657/595 614/674/608 620/677/614 605/658/599
f 605/664/599 620/44/614 616/681/610 602/661/596
f 615/678/609 609/673/603 612/670/606 619/710/613
f 619/710/613 612/670/606 608/669/602 616/681/610
f 635/696/629 607/665/601 613/668/607 638/697/632
f 638/697/632 613/140/607 609/673/603 636/700/630
f 614/674/608 642/703/636 648/706/642 617/675/611
f 617/57/611 648/706/642 644/709/638 615/678/609
f 643/707/637 637/702/631 640/701/634 647/708/641
f 647/708/641 640/701/634 636/700/630 644/709/638
f 621/682/615 635/696/629 641/699/635 624/683/618
f 624/683/618 641/699/635 637/702/631 622/686/616
f 642/703/636 628/689/622 634/692/628 645/704/639
f 645/704/639 634/692/628 630/695/624 643/707/637
f 629/693/623 623/688/617 626/687/620 633/694/627
f 633/694/627 626/687/620 622/686/616 630/695/624
f 593/641/587 621/682/615 627/711/621 596/642/590
f 596/648/590 627/711/621 623/688/617 594/645/588
f 628/689/622 601/657/595 603/660/597 631/712/625
f 631/712/625 603/654/597 600/653/594 629/693/623
f 607/665/601 635/696/629 621/682/615 593/641/587
f 595/649/589 602/661/596 616/681/610 608/669/602
f 623/688/617 629/693/623 600/653/594 594/645/588
f 642/703/636 614/674/608 601/657/595 628/689/622
f 609/673/603 615/678/609 644/709/638 636/700/630
f 637/702/631 643/707/637 630/695/624 622/686/616
f 649/713/643 652/714/646 653/715/647 655/716/649
f 650/717/644 654/718/648 653/719/647 652/720/646
f 651/721/645 655/722/649 653/723/647 654/724/648
f 656/725/650 659/726/653 660/727/654 662/728/656
f 657/729/651 661/730/655 660/731/654 659/732/653
f 658/733/652 662/734/656 660/735/654 661/736/655
f 663/737/657 666/738/660 667/739/661 669/740/663
f 664/741/658 668/742/662 667/743/661 666/744/660
f 665/745/659 669/746/663 667/743/661 668/742/662
f 670/747/664 673/748/667 674/749/668 676/750/670
f 671/751/665 675/752/669 674/753/668 673/754/667
f 672/755/666 676/756/670 674/753/668 675/752/669
f 677/757/671 680/758/674 681/759/675 683/760/677
f 678/761/672 682/762/676 681/759/675 680/758/674
f 679/763/673 683/760/677 681/759/675 682/762/676
f 684/764/678 687/765/681 688/766/682 690/767/684
f 685/768/679 689/769/683 688/766/682 687/765/681
f 686/770/680 690/767/684 688/766/682 689/769/683
f 691/771/685 694/772/688 695/773/689 697/774/691
f 692/775/686 696/776/690 695/773/689 694/772/688
f 693/777/687 697/774/691 695/773/689 696/776/690
f 698/778/692 701/779/695 702/780/696 704/781/698
f 699/782/693 703/783/697 702/780/696 701/779/695
f 700/784/694 704/781/698 702/780/696 703/783/697
f 663/737/657 649/713/643 655/716/649 666/738/660
f 666/744/660 655/722/649 651/721/645 664/741/658
f 650/717/644 656/725/650 662/728/656 654/718/648
f 654/724/648 662/734/656 658/733/652 651/721/645
f 657/729/651 670/747/664 676/750/670 661/730/655
f 661/736/655 676/756/670 672/755/666 658/733/652
f 671/751/665 665/745/659 668/742/662 675/752/669
f 675/752/669 668/742/662 664/741/658 672/755/666
f 691/771/685 663/737/657 669/740/663 694/772/688
f 694/772/688 669/746/663 665/745/659 692/775/686
f 670/747/664 698/778/692 704/781/698 673/748/667
f 673/754/667 704/781/698 700/784/694 671/751/665
f 699/782/693 693/777/687 696/776/690 703/783/697
f 703/783/697 696/776/690 692/775/686 700/784/694
f 677/757/671 691/771/685 697/774/691 680/758/674
f 680/758/674 697/774/691 693/777/687 678/761/672
f 698/778/692 684/764/678 690/767/684 701/779/695
f 701/779/695 690/767/684 686/770/680 699/782/693
f 685/768/679 679/763/673 682/762/676 689/769/683
f 689/769/683 682/762/676 678/761/672 686/770/680
f 649/713/643 677/757/671 683/760/677 652/714/646
f 652/720/646 683/760/677 679/763/673 650/717/644
f 684/764/678 657/729/651 659/732/653 687/765/681
f 687/765/681 659/726/653 656/725/650 685/768/679
f 663/737/657 691/771/685 677/757/671 649/713/643
f 651/721/645 658/733/652 672/755/666 664/741/658
f 679/763/673 685/768/679 656/725/650 650/717/644
f 698/778/692 670/747/664 657/729/651 684/764/678
f 665/745/659 671/751/665 700/784/694 692/775/686
f 693/777/687 699/782/693 686/770/680 678/761/672
f 705/713/643 708/714/646 709/715/647 711/716/649
f 706/717/644 710/718/648 709/719/647 708/720/646
f 707/721/645 711/722/649 709/723/647 710/724/648
f 712/725/650 715/726/653 716/727/654 718/728/656
f 713/729/651 717/730/655 716/731/654 715/732/653
f 714/733/652 718/734/656 716/735/654 717/736/655
f 719/737/657 722/738/660 723/739/699 725/740/663
f 720/741/658 724/742/662 723/743/699 722/744/660
f 721/745/659 725/746/663 723/743/699 724/742/662
f 726/747/664 729/748/667 730/749/668 732/750/670
f 727/751/665 731/752/669 730/753/668 729/754/667
f 728/755/666 732/756/670 730/753/668 731/752/669
f 733/757/671 736/758/674 737/759/675 739/785/677
f 734/761/672 738/762/676 737/759/675 736/758/674
f 735/763/673 739/785/677 737/759/675 738/762/676
f 740/764/678 743/765/681 744/766/682 746/767/684
f 741/768/679 745/769/683 744/766/682 743/765/681
f 742/770/680 746/767/684 744/766/682 745/769/683
f 747/771/685 750/786/688 751/773/689 753/774/691
f 748/775/686 752/776/690 751/773/689 750/786/688
f 749/777/687 753/774/691 751/773/689 752/776/690
f 754/778/692 757/779/695 758/780/696 760/781/698
f 755/782/693 759/783/697 758/780/696 757/779/695
f 756/784/694 760/781/698 758/780/696 759/783/697
f 719/737/657 705/713/643 711/716/649 722/738/660
f 722/744/660 711/722/649 707/721/645 720/741/658
f 706/717/644 712/725/650 718/728/656 710/718/648
f 710/724/648 718/734/656 714/733/652 707/721/645
f 713/729/651 726/747/664 732/750/670 717/730/655
f 717/736/655 732/756/670 728/755/666 714/733/652
f 727/751/665 721/745/659 724/742/662 731/752/669
f 731/752/669 724/742/662 720/741/658 728/755/666
f 747/771/685 719/737/657 725/740/663 750/786/688
f 750/786/688 725/746/663 721/745/659 748/775/686
f 726/747/664 754/778/692 760/781/698 729/748/667
f 729/754/667 760/781/698 756/784/694 727/751/665
f 755/782/693 749/777/687 752/776/690 759/783/697
f 759/783/697 752/776/690 748/775/686 756/784/694
f 733/757/671 747/771/685 753/774/691 736/758/674
f 736/758/674 753/774/691 749/777/687 734/761/672
f 754/778/692 740/764/678 746/767/684 757/779/695
f 757/779/695 746/767/684 742/770/680 755/782/693
f 741/768/679 735/763/673 738/762/676 745/769/683
f 745/769/683 738/762/676 734/761/672 742/770/680
f 705/713/643 733/757/671 739/785/677 708/714/646
f 708/720/646 739/785/677 735/763/673 706/717/644
f 740/764/678 713/729/651 715/732/653 743/765/681
f 743/765/681 715/726/653 712/725/650 741/768/679
f 719/737/657 747/771/685 733/757/671 705/713/643
f 707/721/645 714/733/652 728/755/666 720/741/658
f 735/763/673 741/768/679 712/725/650 706/717/644
f 754/778/692 726/747/664 713/729/651 740/764/678
f 721/745/659 727/751/665 756/784/694 748/775/686
f 749/777/687 755/782/693 742/770/680 734/761/672
f 766/787/703 846/788/771 773/789/708 774/790/709
f 765/791/702 764/20/310 771/37/27 772/792/707
f 763/793/701 845/794/770 769/795/705 770/796/706
f 762/797/700 761/798/1 768/799/704
f 767/800/7 766/787/703 774/790/709
f 846/788/771 765/791/702 772/792/707 773/789/708
f 764/20/310 763/793/701 770/796/706 771/37/27
f 845/794/770 762/797/700 768/799/704 769/795/705
f 768/799/704 761/416/1 775/801/710
f 767/420/7 774/790/709 781/802/715
f 773/789/708 772/792/707 779/803/713 780/804/714
f 771/37/27 770/796/706 777/805/712 778/65/53
f 769/795/705 768/799/704 775/801/710 776/806/711
f 774/790/709 773/789/708 780/804/714 781/802/715
f 772/792/707 771/37/27 778/65/53 779/803/713
f 770/796/706 769/795/705 776/806/711 777/805/712
f 780/804/714 779/803/713 786/807/719 787/808/720
f 778/65/53 777/805/712 784/809/718 785/92/79
f 776/806/711 775/801/710 782/810/716 783/811/717
f 781/802/715 780/804/714 787/808/720 788/812/721
f 779/803/713 778/65/53 785/92/79 786/807/719
f 777/805/712 776/806/711 783/811/717 784/809/718
f 775/801/710 761/813/1 782/810/716
f 767/814/7 781/802/715 788/812/721
f 788/812/721 787/808/720 794/815/726 795/816/727
f 786/807/719 785/92/79 792/817/105 793/818/725
f 784/809/718 783/811/717 790/819/723 791/820/724
f 782/810/716 761/821/1 789/822/722
f 767/823/7 788/812/721 795/816/727
f 787/808/720 786/807/719 793/818/725 794/815/726
f 785/92/79 784/809/718 791/820/724 792/817/105
f 783/811/717 782/810/716 789/822/722 790/819/723
f 793/818/725 792/817/105 799/162/131 800/824/731
f 791/820/724 790/819/723 797/825/729 798/826/730
f 789/822/722 761/476/1 796/827/728
f 767/482/7 795/816/727 802/828/733
f 794/815/726 793/818/725 800/824/731 801/829/732
f 792/817/105 791/820/724 798/826/730 799/162/131
f 790/819/723 789/822/722 796/827/728 797/825/729
f 795/816/727 794/815/726 801/829/732 802/828/733
f 767/830/7 802/828/733 809/831/739
f 801/829/732 800/824/731 807/832/737 808/833/738
f 799/162/131 798/826/730 805/834/736 806/190/157
f 797/825/729 796/827/728 803/835/734 804/836/735
f 802/828/733 801/829/732 808/833/738 809/831/739
f 800/824/731 799/162/131 806/190/157 807/832/737
f 798/826/730 797/825/729 804/836/735 805/834/736
f 796/827/728 761/837/1 803/835/734
f 806/190/157 805/834/736 812/838/742 813/839/183
f 804/836/735 803/835/734 810/840/740 811/841/741
f 809/831/739 808/833/738 815/842/744 816/843/745
f 807/832/737 806/190/157 813/839/183 814/844/743
f 805/834/736 804/836/735 811/841/741 812/838/742
f 803/835/734 761/845/1 810/840/740
f 767/846/7 809/831/739 816/843/745
f 808/833/738 807/832/737 814/844/743 815/842/744
f 816/843/745 815/842/744 822/847/750 823/848/751
f 814/844/743 813/839/183 820/245/209 821/849/749
f 812/838/742 811/841/741 818/850/747 819/851/748
f 810/840/740 761/550/1 817/852/746
f 767/540/7 816/843/745 823/848/751
f 815/842/744 814/844/743 821/849/749 822/847/750
f 813/839/183 812/838/742 819/851/748 820/245/209
f 811/841/741 810/840/740 817/852/746 818/850/747
f 819/851/748 818/850/747 825/853/753 826/854/754
f 817/852/746 761/855/1 824/856/752
f 767/857/7 823/848/751 830/858/757
f 822/847/750 821/849/749 828/859/755 829/860/756
f 820/245/209 819/851/748 826/854/754 827/565/235
f 818/850/747 817/852/746 824/856/752 825/853/753
f 823/848/751 822/847/750 829/860/756 830/858/757
f 821/849/749 820/245/209 827/565/235 828/859/755
f 767/861/7 830/862/757 837/863/763
f 829/864/756 828/865/755 835/866/761 836/867/762
f 827/287/235 826/868/754 833/869/760 834/870/261
f 825/871/753 824/872/752 831/873/758 832/874/759
f 830/862/757 829/864/756 836/867/762 837/863/763
f 828/865/755 827/287/235 834/870/261 835/866/761
f 826/868/754 825/871/753 832/874/759 833/869/760
f 824/872/752 761/875/1 831/873/758
f 832/874/759 831/873/758 838/876/764 839/877/765
f 837/863/763 836/867/762 843/878/768 844/879/769
f 835/866/761 834/870/261 841/356/287 842/880/767
f 833/869/760 832/874/759 839/877/765 840/881/766
f 831/873/758 761/622/1 838/876/764
f 767/625/7 837/863/763 844/879/769
f 836/867/762 835/866/761 842/880/767 843/878/768
f 834/870/261 833/869/760 840/881/766 841/356/287
f 844/879/769 843/878/768 846/788/771 766/787/703
f 842/880/767 841/356/287 764/20/310 765/791/702
f 840/881/766 839/877/765 845/794/770 763/793/701
f 838/876/764 761/882/1 762/797/700
f 767/883/7 844/879/769 766/787/703
f 843/878/768 842/880/767 765/791/702 846/788/771
f 841/356/287 840/881/766 763/793/701 764/20/310
f 839/877/765 838/876/764 762/797/700 845/794/770
f 853/800/7 852/787/703 860/790/709
f 932/788/771 851/791/702 858/792/707 859/789/708
f 850/20/310 849/793/701 856/796/706 857/37/27
f 931/794/770 848/797/700 854/799/704 855/795/705
f 852/787/703 932/788/771 859/789/708 860/790/709
f 851/791/702 850/20/310 857/37/27 858/792/707
f 849/793/701 931/794/770 855/795/705 856/796/706
f 848/797/700 847/798/1 854/799/704
f 860/790/709 859/789/708 866/804/714 867/802/715
f 858/792/707 857/37/27 864/65/53 865/803/713
f 856/796/706 855/795/705 862/806/711 863/805/712
f 854/799/704 847/416/1 861/801/710
f 853/420/7 860/790/709 867/802/715
f 859/789/708 858/792/707 865/803/713 866/804/714
f 857/37/27 856/796/706 863/805/712 864/65/53
f 855/795/705 854/799/704 861/801/710 862/806/711
f 865/803/713 864/65/53 871/92/79 872/807/719
f 863/805/712 862/806/711 869/811/717 870/809/718
f 861/801/710 847/813/1 868/810/716
f 853/814/7 867/802/715 874/812/721
f 866/804/714 865/803/713 872/807/719 873/808/720
f 864/65/53 863/805/712 870/809/718 871/92/79
f 862/806/711 861/801/710 868/810/716 869/811/717
f 867/802/715 866/804/714 873/808/720 874/812/721
f 853/823/7 874/812/721 881/816/727
f 873/808/720 872/807/719 879/818/725 880/815/726
f 871/92/79 870/809/718 877/820/724 878/817/105
f 869/811/717 868/810/716 875/822/722 876/819/723
f 874/812/721 873/808/720 880/815/726 881/816/727
f 872/807/719 871/92/79 878/817/105 879/818/725
f 870/809/718 869/811/717 876/819/723 877/820/724
f 868/810/716 847/821/1 875/822/722
f 878/817/105 877/820/724 884/826/730 885/162/131
f 876/819/723 875/822/722 882/827/728 883/825/729
f 881/816/727 880/815/726 887/829/732 888/828/733
f 879/818/725 878/817/105 885/162/131 886/824/731
f 877/820/724 876/819/723 883/825/729 884/826/730
f 875/822/722 847/476/1 882/827/728
f 853/482/7 881/816/727 888/828/733
f 880/815/726 879/818/725 886/824/731 887/829/732
f 888/828/733 887/829/732 894/833/738 895/831/739
f 886/824/731 885/162/131 892/190/157 893/832/737
f 884/826/730 883/825/729 890/836/735 891/834/736
f 882/827/728 847/837/1 889/835/734
f 853/830/7 888/828/733 895/831/739
f 887/829/732 886/824/731 893/832/737 894/833/738
f 885/162/131 884/826/730 891/834/736 892/190/157
f 883/825/729 882/827/728 889/835/734 890/836/735
f 891/834/736 890/836/735 897/841/741 898/838/742
f 889/835/734 847/845/1 896/840/740
f 853/846/7 895/831/739 902/843/745
f 894/833/738 893/832/737 900/844/743 901/842/744
f 892/190/157 891/834/736 898/838/742 899/839/183
f 890/836/735 889/835/734 896/840/740 897/841/741
f 895/831/739 894/833/738 901/842/744 902/843/745
f 893/832/737 892/190/157 899/839/183 900/844/743
f 853/540/7 902/843/745 909/848/751
f 901/842/744 900/844/743 907/849/749 908/847/750
f 899/839/183 898/838/742 905/851/748 906/245/209
f 897/841/741 896/840/740 903/852/746 904/850/747
f 902/843/745 901/842/744 908/847/750 909/848/751
f 900/844/743 899/839/183 906/245/209 907/849/749
f 898/838/742 897/841/741 904/850/747 905/851/748
f 896/840/740 847/550/1 903/852/746
f 904/850/747 903/852/746 910/856/752 911/853/753
f 909/848/751 908/847/750 915/860/756 916/858/757
f 907/849/749 906/245/209 913/565/235 914/859/755
f 905/851/748 904/850/747 911/853/753 912/854/754
f 903/852/746 847/855/1 910/856/752
f 853/857/7 909/848/751 916/858/757
f 908/847/750 907/849/749 914/859/755 915/860/756
f 906/245/209 905/851/748 912/854/754 913/565/235
f 916/862/757 915/864/756 922/867/762 923/863/763
f 914/865/755 913/287/235 920/870/261 921/866/761
f 912/868/754 911/871/753 918/874/759 919/869/760
f 910/872/752 847/875/1 917/873/758
f 853/861/7 916/862/757 923/863/763
f 915/864/756 914/865/755 921/866/761 922/867/762
f 913/287/235 912/868/754 919/869/760 920/870/261
f 911/871/753 910/872/752 917/873/758 918/874/759
f 917/873/758 847/622/1 924/876/764
f 853/625/7 923/863/763 930/879/769
f 922/867/762 921/866/761 928/880/767 929/878/768
f 920/870/261 919/869/760 926/881/766 927/356/287
f 918/874/759 917/873/758 924/876/764 925/877/765
f 923/863/763 922/867/762 929/878/768 930/879/769
f 921/866/761 920/870/261 927/356/287 928/880/767
f 919/869/760 918/874/759 925/877/765 926/881/766
f 929/878/768 928/880/767 851/791/702 932/788/771
f 927/356/287 926/881/766 849/793/701 850/20/310
f 925/877/765 924/876/764 848/797/700 931/794/770
f 930/879/769 929/878/768 932/788/771 852/787/703
f 928/880/767 927/356/287 850/20/310 851/791/702
f 926/881/766 925/877/765 931/794/770 849/793/701
f 924/876/764 847/882/1 848/797/700
f 853/883/7 930/879/769 852/787/703
f 1004/884/839 1003/380/838 943/885/779 944/886/780
f 936/887/773 935/383/310 941/888/777 942/889/778
f 934/890/772 1002/377/837 939/891/775 940/892/776
f 1001/893/836 933/894/1 938/895/774
f 937/896/7 1004/884/839 944/886/780
f 1003/380/838 936/887/773 942/889/778 943/885/779
f 935/383/310 934/890/772 940/892/776 941/888/777
f 1002/377/837 1001/893/836 938/895/774 939/891/775
f 937/897/7 944/886/780 951/898/787
f 943/885/779 942/889/778 949/807/785 950/808/786
f 941/888/777 940/892/776 947/809/783 948/92/784
f 939/891/775 938/895/774 945/810/781 946/446/782
f 944/886/780 943/885/779 950/808/786 951/898/787
f 942/889/778 941/888/777 948/92/784 949/807/785
f 940/892/776 939/891/775 946/446/782 947/809/783
f 938/895/774 933/899/1 945/810/781
f 948/92/784 947/809/783 954/900/790 955/901/791
f 946/446/782 945/810/781 952/902/788 953/467/789
f 951/898/787 950/808/786 957/903/793 958/904/794
f 949/807/785 948/92/784 955/901/791 956/905/792
f 947/809/783 946/446/782 953/467/789 954/900/790
f 945/810/781 933/906/1 952/902/788
f 937/907/7 951/898/787 958/904/794
f 950/808/786 949/807/785 956/905/792 957/903/793
f 958/904/794 957/903/793 964/908/800 965/909/801
f 956/905/792 955/901/791 962/491/798 963/910/799
f 954/900/790 953/467/789 960/488/796 961/911/797
f 952/902/788 933/912/1 959/913/795
f 937/914/7 958/904/794 965/909/801
f 957/903/793 956/905/792 963/910/799 964/908/800
f 955/901/791 954/900/790 961/911/797 962/491/798
f 953/467/789 952/902/788 959/913/795 960/488/796
f 961/911/797 960/488/796 967/915/803 968/916/804
f 959/913/795 933/917/1 966/918/802
f 937/919/7 965/909/801 972/920/807
f 964/908/800 963/910/799 970/921/805 971/922/806
f 962/491/798 961/911/797 968/916/804 969/923/157
f 960/488/796 959/913/795 966/918/802 967/915/803
f 965/909/801 964/908/800 971/922/806 972/920/807
f 963/910/799 962/491/798 969/923/157 970/921/805
f 937/924/7 972/920/807 979/925/814
f 971/922/806 970/921/805 977/926/812 978/927/813
f 969/923/157 968/916/804 975/928/810 976/546/811
f 967/915/803 966/918/802 973/929/808 974/930/809
f 972/920/807 971/922/806 978/927/813 979/925/814
f 970/921/805 969/923/157 976/546/811 977/926/812
f 968/916/804 967/915/803 974/930/809 975/928/810
f 966/918/802 933/931/1 973/929/808
f 974/930/809 973/929/808 980/856/815 981/932/816
f 979/925/814 978/927/813 985/860/820 986/933/821
f 977/926/812 976/546/811 983/565/818 984/859/819
f 975/928/810 974/930/809 981/932/816 982/854/817
f 973/929/808 933/934/1 980/856/815
f 937/935/7 979/925/814 986/933/821
f 978/927/813 977/926/812 984/859/819 985/860/820
f 976/546/811 975/928/810 982/854/817 983/565/818
f 986/936/821 985/937/820 992/938/827 993/939/828
f 984/940/819 983/941/818 990/600/825 991/942/826
f 982/943/817 981/944/816 988/945/823 989/946/824
f 980/947/815 933/948/1 987/949/822
f 937/950/7 986/936/821 993/939/828
f 985/937/820 984/940/819 991/942/826 992/938/827
f 983/941/818 982/943/817 989/946/824 990/600/825
f 981/944/816 980/947/815 987/949/822 988/945/823
f 987/949/822 933/951/1 994/952/829
f 937/953/7 993/939/828 1000/954/835
f 992/938/827 991/942/826 998/955/833 999/634/834
f 990/600/825 989/946/824 996/956/831 997/635/832
f 988/945/823 987/949/822 994/952/829 995/957/830
f 993/939/828 992/938/827 999/634/834 1000/954/835
f 991/942/826 990/600/825 997/635/832 998/955/833
f 989/946/824 988/945/823 995/957/830 996/956/831
f 999/634/834 998/955/833 936/887/773 1003/380/838
f 997/635/832 996/956/831 934/890/772 935/383/310
f 995/957/830 994/952/829 1001/893/836 1002/377/837
f 1000/954/835 999/634/834 1003/380/838 1004/884/839
f 998/955/833 997/635/832 935/383/310 936/887/773
f 996/956/831 995/957/830 1002/377/837 934/890/772
f 994/952/829 933/958/1 1001/893/836
f 937/959/7 1000/954/835 1004/884/839
f 1005/641/840 1008/642/843 1009/643/844 1011/644/846
f 1006/645/841 1010/646/845 1009/647/844 1008/648/843
f 1007/649/842 1011/650/846 1009/651/844 1010/652/845
f 1012/653/847 1015/654/850 1016/655/851 1018/656/853
f 1013/657/848 1017/658/852 1016/659/851 1015/660/850
f 1014/661/849 1018/662/853 1016/663/851 1017/664/852
f 1019/665/854 1022/666/857 1023/667/858 1025/668/860
f 1020/669/855 1024/670/859 1023/671/858 1022/672/857
f 1021/673/856 1025/140/860 1023/671/858 1024/670/859
f 1026/674/861 1029/675/864 1030/676/865 1032/677/867
f 1027/678/862 1031/710/866 1030/680/865 1029/57/864
f 1028/681/863 1032/44/867 1030/680/865 1031/710/866
f 1033/682/868 1036/683/871 1037/684/872 1039/711/874
f 1034/686/869 1038/687/873 1037/684/872 1036/683/871
f 1035/688/870 1039/711/874 1037/684/872 1038/687/873
f 1040/689/875 1043/712/878 1044/691/879 1046/692/881
f 1041/693/876 1045/694/880 1044/691/879 1043/712/878
f 1042/695/877 1046/692/881 1044/691/879 1045/694/880
f 1047/696/882 1050/697/885 1051/698/886 1053/699/888
f 1048/700/883 1052/701/887 1051/698/886 1050/697/885
f 1049/702/884 1053/699/888 1051/698/886 1052/701/887
f 1054/703/889 1057/704/892 1058/705/893 1060/706/895
f 1055/707/890 1059/708/894 1058/705/893 1057/704/892
f 1056/709/891 1060/706/895 1058/705/893 1059/708/894
f 1019/665/854 1005/641/840 1011/644/846 1022/666/857
f 1022/672/857 1011/650/846 1007/649/842 1020/669/855
f 1006/645/841 1012/653/847 1018/656/853 1010/646/845
f 1010/652/845 1018/662/853 1014/661/849 1007/649/842
f 1013/657/848 1026/674/861 1032/677/867 1017/658/852
f 1017/664/852 1032/44/867 1028/681/863 1014/661/849
f 1027/678/862 1021/673/856 1024/670/859 1031/710/866
f 1031/710/866 1024/670/859 1020/669/855 1028/681/863
f 1047/696/882 1019/665/854 1025/668/860 1050/697/885
f 1050/697/885 1025/140/860 1021/673/856 1048/700/883
f 1026/674/861 1054/703/889 1060/706/895 1029/675/864
f 1029/57/864 1060/706/895 1056/709/891 1027/678/862
f 1055/707/890 1049/702/884 1052/701/887 1059/708/894
f 1059/708/894 1052/701/887 1048/700/883 1056/709/891
f 1033/682/868 1047/696/882 1053/699/888 1036/683/871
f 1036/683/871 1053/699/888 1049/702/884 1034/686/869
f 1054/703/889 1040/689/875 1046/692/881 1057/704/892
f 1057/704/892 1046/692/881 1042/695/877 1055/707/890
f 1041/693/876 1035/688/870 1038/687/873 1045/694/880
f 1045/694/880 1038/687/873 1034/686/869 1042/695/877
f 1005/641/840 1033/682/868 1039/711/874 1008/642/843
f 1008/648/843 1039/711/874 1035/688/870 1006/645/841
f 1040/689/875 1013/657/848 1015/660/850 1043/712/878
f 1043/712/878 1015/654/850 1012/653/847 1041/693/876
f 1019/665/854 1047/696/882 1033/682/868 1005/641/840
f 1007/649/842 1014/661/849 1028/681/863 1020/669/855
f 1035/688/870 1041/693/876 1012/653/847 1006/645/841
f 1054/703/889 1026/674/861 1013/657/848 1040/689/875
f 1021/673/856 1027/678/862 1056/709/891 1048/700/883
f 1049/702/884 1055/707/890 1042/695/877 1034/686/869
